version 1
nodes
0 "blender_implicit" -1
1 "Skel0" -1
2 "Skel1" 1
3 "Skel2" 2
4 "Skel3" 3
5 "Skel4" 4
6 "Skel5" 5
7 "Skel6" 6
8 "Skel7" 7
9 "Skel8" 8
10 "Skel9" 9
11 "Skel10" 10
12 "Skel11" 11
13 "Skel12" 12
14 "Skel13" 10
15 "Skel14" 14
16 "Skel15" 15
17 "Skel16" 16
18 "Skel17" 17
19 "Skel18" 18
20 "Skel19" 19
21 "Skel20" 20
22 "Skel21" 19
23 "Skel22" 22
24 "Skel23" 19
25 "Skel24" 24
26 "Skel25" 10
27 "Skel26" 26
28 "Skel27" 27
29 "Skel28" 28
30 "Skel29" 29
31 "Skel30" 30
32 "Skel31" 31
33 "Skel32" 32
34 "Skel33" 31
35 "Skel34" 34
36 "Skel35" 31
37 "Skel36" 36
38 "Skel37" 5
39 "Skel38" 38
40 "Skel39" 39
41 "Skel40" 40
end
skeleton
time 0
0  0 0 0  0 0 0
1  0.000000 0.000010 0.000000  -1.570796 -0.000000 0.000000
2  0.000000 0.000000 0.000000  0.000000 -0.000000 0.000000
3  0.000000 0.000000 0.000000  0.000000 -0.000000 0.000000
4  0.006445 -0.000000 0.753335  0.000000 -0.000000 0.000000
5  0.041595 -0.036973 -0.002432  -0.049750 0.008181 -0.000020
6  0.000000 0.000000 -0.000000  0.000000 -0.000000 0.000000
7  -0.000000 0.000000 -0.000000  -0.081452 -0.232652 0.000052
8  0.002937 0.000000 0.194891  -0.000000 -0.000000 0.000000
9  0.003500 0.000000 0.083408  -0.000000 -0.000000 0.000000
10  -0.012239 0.000000 0.122389  -0.000000 -0.000000 0.000000
11  0.000267 0.000000 0.055138  -0.000000 -0.000000 0.000000
12  0.003234 0.000000 0.052281  -0.000000 -0.000000 0.000000
13  -0.001319 0.000000 0.060214  0.096714 0.157086 0.000017
14  -0.039876 0.060989 0.002159  -0.466208 0.011313 0.048149
15  0.043265 0.077505 0.036874  0.000000 -0.000000 0.000000
16  0.000000 0.000000 -0.000000  -0.485127 0.713959 -0.102803
17  0.020260 0.201078 -0.017731  0.002278 -0.018513 -0.272634
18  0.010537 0.100376 -0.010148  0.003375 0.034545 -0.003297
19  0.018646 0.186860 -0.018292  -0.015449 0.001605 -0.000215
20  -0.032088 0.200172 -0.061335  -0.077924 0.046850 -0.004304
21  0.009278 0.058322 -0.044375  -0.119717 0.041303 -0.009838
22  0.069086 0.193199 -0.059144  -0.078054 0.039872 -0.003684
23  0.008560 0.057628 -0.044090  -0.119765 0.038606 -0.009259
24  0.102185 0.077529 -0.031768  0.000408 0.131041 -0.090198
25  0.038420 0.022931 -0.000959  -0.024715 0.133491 0.360872
26  -0.039647 -0.056266 0.002069  0.475794 0.020916 -0.042310
27  0.042760 -0.082398 0.038131  -0.000000 -0.000000 -0.000000
28  0.000000 0.000000 0.000000  0.512995 0.120810 -0.662234
29  0.020122 -0.201078 -0.017893  -0.000935 -0.011333 0.196730
30  0.010469 -0.100374 -0.010235  0.003285 -0.034522 -0.003441
31  0.018520 -0.186856 -0.018450  0.021477 0.002131 0.000298
32  -0.032222 -0.200100 -0.061496  -0.006144 0.040671 -0.000322
33  0.009310 -0.057389 -0.045571  0.135028 0.026002 0.009765
34  0.068956 -0.193197 -0.059302  -0.006160 0.040548 -0.000330
35  0.008683 -0.056712 -0.045241  0.135029 0.025425 0.009563
36  0.102133 -0.077572 -0.031829  0.000018 0.198946 0.025529
37  0.034314 -0.028672 -0.001806  0.029545 0.073997 -0.202702
38  0.001143 0.000000 -0.181958  0.083801 0.093291 0.007950
39  0.004961 -0.000269 -0.096018  0.060727 -0.031690 -0.010184
40  -0.011623 0.003704 -0.088948  0.038813 0.021692 -0.000983
41  -0.007644 0.000000 -0.210641  -0.089753 -0.061936 0.000582
time 1
0  0 0 0  0 0 0
1  0.000000 0.000010 0.000000  -1.570796 -0.000000 0.000000
2  0.000000 0.000000 0.000000  0.000000 -0.000000 0.000000
3  0.000000 0.000000 0.000000  0.000000 -0.000000 0.000000
4  0.006445 -0.000000 0.753335  0.000000 -0.000000 0.000000
5  0.037800 -0.036010 -0.002257  -0.047669 0.006803 -0.000023
6  -0.000000 -0.000000 -0.000000  0.000000 -0.000000 0.000000
7  -0.000000 -0.000000 -0.000000  -0.081402 -0.228507 0.000039
8  0.002937 -0.000000 0.194891  -0.000000 0.000000 -0.000000
9  0.003500 0.000000 0.083408  -0.000000 0.000000 -0.000000
10  -0.012239 -0.000000 0.122389  -0.000000 0.000000 -0.000000
11  0.000267 0.000000 0.055137  -0.000000 0.002388 0.000000
12  0.003234 0.000000 0.052281  0.000000 -0.009493 -0.000000
13  -0.001319 0.000000 0.060214  0.093480 0.153854 0.000008
14  -0.039876 0.060989 0.002159  -0.466208 0.011313 0.048149
15  0.043265 0.077506 0.036874  0.000000 -0.000000 0.000000
16  0.000000 0.000000 0.000000  -0.493702 0.694718 -0.127323
17  0.020260 0.201078 -0.017731  0.001792 -0.016236 -0.248764
18  0.010537 0.100376 -0.010148  0.003375 0.034545 -0.003297
19  0.018646 0.186860 -0.018292  0.017100 -0.001771 0.000208
20  -0.032088 0.200172 -0.061335  -0.077924 0.046850 -0.004304
21  0.009278 0.058322 -0.044375  -0.119717 0.041303 -0.009838
22  0.069086 0.193200 -0.059144  -0.078054 0.039871 -0.003684
23  0.008560 0.057628 -0.044090  -0.119765 0.038606 -0.009259
24  0.102185 0.077529 -0.031768  0.000408 0.131041 -0.090198
25  0.038420 0.022931 -0.000959  -0.024715 0.133491 0.360872
26  -0.039647 -0.056266 0.002069  0.474428 0.020272 -0.042338
27  0.042761 -0.082398 0.038132  -0.000000 -0.000000 0.000000
28  0.000000 0.000000 0.000000  0.515677 0.127415 -0.657032
29  0.020122 -0.201078 -0.017893  -0.001147 -0.012696 0.210750
30  0.010469 -0.100374 -0.010235  0.003285 -0.034522 -0.003441
31  0.018520 -0.186856 -0.018450  0.029544 0.002956 0.000425
32  -0.032222 -0.200100 -0.061496  -0.006144 0.040671 -0.000322
33  0.009310 -0.057389 -0.045571  0.135028 0.026002 0.009765
34  0.068956 -0.193197 -0.059302  -0.006160 0.040548 -0.000330
35  0.008683 -0.056712 -0.045241  0.135029 0.025425 0.009563
36  0.102133 -0.077572 -0.031829  0.000018 0.198946 0.025529
37  0.034314 -0.028672 -0.001806  0.029545 0.073997 -0.202702
38  0.001143 0.000000 -0.181958  0.080125 0.098298 0.007774
39  0.004961 -0.000269 -0.096018  0.062770 -0.043214 -0.011314
40  -0.011623 0.003704 -0.088948  0.033951 0.017673 -0.000928
41  -0.007644 0.000000 -0.210641  -0.086913 -0.053903 0.000100
time 2
0  0 0 0  0 0 0
1  0.000000 0.000010 0.000000  -1.570796 -0.000000 0.000000
2  0.000000 0.000000 0.000000  0.000000 -0.000000 0.000000
3  0.000000 0.000000 0.000000  0.000000 -0.000000 0.000000
4  0.006445 -0.000000 0.753335  0.000000 -0.000000 0.000000
5  0.034005 -0.035046 -0.002082  -0.045588 0.005426 -0.000028
6  -0.000000 -0.000000 -0.000000  0.000000 -0.000000 -0.000000
7  -0.000000 -0.000000 -0.000000  -0.081352 -0.224361 0.000027
8  0.002937 -0.000000 0.194891  0.000000 -0.000000 0.000000
9  0.003500 0.000000 0.083408  0.000000 -0.000000 0.000000
10  -0.012239 -0.000000 0.122389  0.000000 -0.000000 0.000000
11  0.000267 0.000000 0.055137  0.000000 0.004776 0.000000
12  0.003234 0.000000 0.052281  -0.000000 -0.018986 -0.000000
13  -0.001318 0.000000 0.060214  0.090248 0.150621 0.000010
14  -0.039876 0.060989 0.002159  -0.466208 0.011313 0.048149
15  0.043265 0.077505 0.036874  0.000000 0.000000 0.000000
16  0.000000 -0.000000 0.000000  -0.501539 0.675316 -0.151257
17  0.020260 0.201078 -0.017731  0.001360 -0.013948 -0.224888
18  0.010537 0.100376 -0.010148  0.003375 0.034545 -0.003297
19  0.018646 0.186860 -0.018292  0.049666 -0.005160 0.000522
20  -0.032088 0.200172 -0.061335  -0.077925 0.046850 -0.004304
21  0.009278 0.058322 -0.044375  -0.119717 0.041303 -0.009838
22  0.069086 0.193199 -0.059144  -0.078054 0.039871 -0.003684
23  0.008560 0.057628 -0.044090  -0.119765 0.038606 -0.009259
24  0.102185 0.077529 -0.031768  0.000408 0.131041 -0.090198
25  0.038420 0.022931 -0.000959  -0.024715 0.133491 0.360872
26  -0.039647 -0.056266 0.002069  0.473062 0.019628 -0.042365
27  0.042761 -0.082398 0.038132  0.000000 -0.000000 -0.000000
28  0.000000 -0.000000 0.000000  0.518397 0.134008 -0.651807
29  0.020122 -0.201078 -0.017893  -0.001377 -0.014057 0.224771
30  0.010469 -0.100374 -0.010235  0.003285 -0.034522 -0.003441
31  0.018520 -0.186856 -0.018449  0.037612 0.003780 0.000559
32  -0.032222 -0.200100 -0.061496  -0.006144 0.040671 -0.000322
33  0.009310 -0.057389 -0.045571  0.135028 0.026002 0.009765
34  0.068956 -0.193197 -0.059302  -0.006160 0.040548 -0.000330
35  0.008683 -0.056712 -0.045241  0.135029 0.025425 0.009563
36  0.102133 -0.077572 -0.031829  0.000018 0.198946 0.025529
37  0.034314 -0.028672 -0.001806  0.029545 0.073997 -0.202702
38  0.001143 0.000000 -0.181958  0.076445 0.103304 0.007580
39  0.004961 -0.000269 -0.096018  0.064827 -0.054736 -0.012467
40  -0.011623 0.003704 -0.088948  0.029089 0.013655 -0.000854
41  -0.007644 0.000000 -0.210641  -0.084079 -0.045868 -0.000358
time 3
0  0 0 0  0 0 0
1  0.000000 0.000010 0.000000  -1.570796 -0.000000 0.000000
2  0.000000 0.000000 0.000000  0.000000 -0.000000 0.000000
3  0.000000 0.000000 0.000000  0.000000 -0.000000 0.000000
4  0.006445 -0.000000 0.753335  0.000000 -0.000000 0.000000
5  0.030211 -0.034083 -0.001907  -0.043507 0.004048 -0.000037
6  -0.000000 0.000000 -0.000000  -0.000000 0.000000 0.000000
7  -0.000000 0.000000 -0.000000  -0.081302 -0.220215 0.000015
8  0.002937 0.000000 0.194891  0.000000 0.000000 0.000000
9  0.003500 0.000000 0.083408  0.000000 0.000000 0.000000
10  -0.012239 0.000000 0.122389  0.000000 0.000000 0.000000
11  0.000267 0.000000 0.055137  0.000000 0.007163 0.000000
12  0.003234 -0.000000 0.052281  0.000000 -0.028479 0.000000
13  -0.001319 0.000000 0.060214  0.087018 0.147389 0.000023
14  -0.039876 0.060989 0.002159  -0.466208 0.011313 0.048149
15  0.043265 0.077506 0.036874  0.000000 0.000000 0.000000
16  0.000000 0.000000 0.000000  -0.508670 0.655776 -0.174636
17  0.020259 0.201078 -0.017731  0.000983 -0.011650 -0.201014
18  0.010537 0.100376 -0.010148  0.003375 0.034545 -0.003297
19  0.018646 0.186860 -0.018292  0.082233 -0.008558 0.000726
20  -0.032088 0.200172 -0.061335  -0.077925 0.046850 -0.004304
21  0.009278 0.058322 -0.044375  -0.119717 0.041303 -0.009838
22  0.069086 0.193199 -0.059144  -0.078054 0.039871 -0.003684
23  0.008560 0.057628 -0.044090  -0.119765 0.038606 -0.009259
24  0.102185 0.077529 -0.031768  0.000408 0.131041 -0.090198
25  0.038420 0.022931 -0.000959  -0.024715 0.133491 0.360872
26  -0.039647 -0.056266 0.002069  0.471696 0.018983 -0.042390
27  0.042760 -0.082398 0.038132  0.000000 -0.000000 -0.000000
28  -0.000000 -0.000000 -0.000000  0.521153 0.140586 -0.646560
29  0.020122 -0.201078 -0.017893  -0.001627 -0.015413 0.238793
30  0.010469 -0.100374 -0.010235  0.003285 -0.034522 -0.003441
31  0.018520 -0.186856 -0.018450  0.045679 0.004603 0.000699
32  -0.032222 -0.200100 -0.061496  -0.006144 0.040671 -0.000322
33  0.009310 -0.057389 -0.045571  0.135028 0.026002 0.009765
34  0.068956 -0.193197 -0.059302  -0.006160 0.040548 -0.000330
35  0.008683 -0.056712 -0.045241  0.135029 0.025425 0.009563
36  0.102133 -0.077572 -0.031830  0.000018 0.198946 0.025528
37  0.034314 -0.028672 -0.001806  0.029545 0.073997 -0.202702
38  0.001143 0.000000 -0.181958  0.072763 0.108309 0.007366
39  0.004961 -0.000269 -0.096018  0.066899 -0.066255 -0.013645
40  -0.011623 0.003704 -0.088948  0.024227 0.009637 -0.000760
41  -0.007644 0.000000 -0.210641  -0.081249 -0.037831 -0.000794
time 4
0  0 0 0  0 0 0
1  0.000000 0.000010 0.000000  -1.570796 -0.000000 0.000000
2  0.000000 0.000000 0.000000  0.000000 -0.000000 0.000000
3  0.000000 0.000000 0.000000  0.000000 -0.000000 0.000000
4  0.006445 -0.000000 0.753335  0.000000 -0.000000 0.000000
5  0.026416 -0.033120 -0.001732  -0.041427 0.002670 -0.000048
6  0.000000 -0.000000 -0.000000  0.000000 0.000000 -0.000000
7  0.000000 -0.000000 -0.000000  -0.081252 -0.216069 0.000004
8  0.002937 -0.000000 0.194891  -0.000000 0.000000 -0.000000
9  0.003500 0.000000 0.083408  -0.000000 0.000000 -0.000000
10  -0.012239 -0.000000 0.122389  -0.000000 0.000000 -0.000000
11  0.000267 0.000000 0.055138  -0.000000 0.009551 -0.000000
12  0.003234 -0.000000 0.052281  -0.000000 -0.037972 0.000000
13  -0.001319 -0.000000 0.060215  0.083789 0.144157 0.000046
14  -0.039876 0.060989 0.002159  -0.466208 0.011313 0.048149
15  0.043265 0.077505 0.036874  0.000000 -0.000000 0.000000
16  0.000000 -0.000000 -0.000000  -0.515124 0.636118 -0.197490
17  0.020259 0.201078 -0.017731  0.000661 -0.009344 -0.177147
18  0.010537 0.100376 -0.010148  0.003375 0.034545 -0.003297
19  0.018646 0.186860 -0.018292  0.114784 -0.011959 0.000818
20  -0.032088 0.200172 -0.061335  -0.077924 0.046850 -0.004304
21  0.009278 0.058322 -0.044375  -0.119717 0.041303 -0.009838
22  0.069086 0.193199 -0.059144  -0.078054 0.039871 -0.003684
23  0.008560 0.057628 -0.044090  -0.119765 0.038606 -0.009259
24  0.102185 0.077529 -0.031768  0.000408 0.131041 -0.090199
25  0.038420 0.022931 -0.000959  -0.024715 0.133491 0.360872
26  -0.039647 -0.056266 0.002069  0.470330 0.018339 -0.042415
27  0.042761 -0.082398 0.038132  0.000000 -0.000000 0.000000
28  -0.000000 -0.000000 0.000000  0.523947 0.147149 -0.641289
29  0.020122 -0.201078 -0.017893  -0.001895 -0.016766 0.252815
30  0.010469 -0.100374 -0.010235  0.003285 -0.034522 -0.003441
31  0.018520 -0.186856 -0.018450  0.053747 0.005425 0.000846
32  -0.032222 -0.200101 -0.061496  -0.006144 0.040671 -0.000322
33  0.009310 -0.057389 -0.045571  0.135028 0.026002 0.009765
34  0.068956 -0.193197 -0.059302  -0.006160 0.040548 -0.000330
35  0.008683 -0.056712 -0.045241  0.135029 0.025425 0.009563
36  0.102133 -0.077572 -0.031829  0.000018 0.198946 0.025528
37  0.034314 -0.028672 -0.001806  0.029545 0.073997 -0.202702
38  0.001143 0.000000 -0.181958  0.069077 0.113313 0.007135
39  0.004961 -0.000269 -0.096018  0.068987 -0.077772 -0.014848
40  -0.011623 0.003704 -0.088948  0.019364 0.005619 -0.000646
41  -0.007644 0.000000 -0.210641  -0.078424 -0.029794 -0.001206
time 5
0  0 0 0  0 0 0
1  0.000000 0.000010 0.000000  -1.570796 -0.000000 0.000000
2  0.000000 0.000000 0.000000  0.000000 -0.000000 0.000000
3  0.000000 0.000000 0.000000  0.000000 -0.000000 0.000000
4  0.006445 -0.000000 0.753335  0.000000 -0.000000 0.000000
5  0.020505 -0.031427 -0.001484  -0.037698 0.000756 -0.000026
6  -0.000000 0.000000 0.000000  -0.000000 -0.000000 -0.000000
7  0.000000 0.000000 0.000000  -0.080954 -0.203770 0.000003
8  0.002937 -0.000000 0.194891  -0.000000 0.000000 0.000000
9  0.003500 0.000000 0.083408  -0.000000 0.000000 0.000000
10  -0.012239 0.000000 0.122389  -0.000000 0.000000 0.000000
11  0.000267 0.000000 0.055137  -0.000000 0.012464 0.000000
12  0.003234 0.000000 0.052281  0.000000 -0.049496 0.000000
13  -0.001319 0.000000 0.060214  0.078139 0.138625 -0.000010
14  -0.039876 0.060989 0.002159  -0.455970 0.006150 0.048239
15  0.043265 0.077505 0.036874  0.000000 0.000000 0.000000
16  0.000000 0.000000 -0.000000  -0.529841 0.620997 -0.209003
17  0.020260 0.201078 -0.017731  0.000459 -0.007644 -0.159598
18  0.010537 0.100376 -0.010148  0.003375 0.034545 -0.003297
19  0.018646 0.186860 -0.018292  0.136026 -0.014180 0.000819
20  -0.032088 0.200172 -0.061335  -0.077925 0.046850 -0.004304
21  0.009278 0.058322 -0.044375  -0.119717 0.041303 -0.009838
22  0.069086 0.193199 -0.059144  -0.078054 0.039872 -0.003684
23  0.008560 0.057628 -0.044090  -0.119765 0.038606 -0.009259
24  0.102185 0.077529 -0.031768  0.000408 0.131041 -0.090198
25  0.038420 0.022931 -0.000959  -0.024715 0.133491 0.360872
26  -0.039647 -0.056266 0.002069  0.467969 0.017237 -0.042456
27  0.042761 -0.082398 0.038132  0.000000 -0.000000 0.000000
28  -0.000000 -0.000000 -0.000000  0.530812 0.149716 -0.623778
29  0.020122 -0.201077 -0.017893  -0.002057 -0.017539 0.260835
30  0.010469 -0.100374 -0.010235  0.003285 -0.034522 -0.003441
31  0.018520 -0.186856 -0.018450  0.061017 0.006162 0.000983
32  -0.032222 -0.200100 -0.061496  -0.006144 0.040671 -0.000322
33  0.009310 -0.057389 -0.045571  0.135028 0.026002 0.009765
34  0.068956 -0.193197 -0.059302  -0.006160 0.040548 -0.000330
35  0.008683 -0.056712 -0.045241  0.135029 0.025425 0.009563
36  0.102133 -0.077572 -0.031830  0.000018 0.198946 0.025529
37  0.034314 -0.028672 -0.001806  0.029545 0.073997 -0.202702
38  0.001143 0.000000 -0.181958  0.054402 0.103120 0.005303
39  0.004961 -0.000269 -0.096018  0.077931 -0.078707 -0.016446
40  -0.011623 0.003704 -0.088948  0.016698 0.006914 -0.000540
41  -0.007644 0.000000 -0.210641  -0.075631 -0.021489 -0.001618
time 6
0  0 0 0  0 0 0
1  0.000000 0.000010 0.000000  -1.570796 -0.000000 0.000000
2  0.000000 0.000000 0.000000  0.000000 -0.000000 0.000000
3  0.000000 0.000000 0.000000  0.000000 -0.000000 0.000000
4  0.006445 -0.000000 0.753335  0.000000 -0.000000 0.000000
5  0.014171 -0.029588 -0.001221  -0.033640 -0.001265 -0.000006
6  0.000000 0.000000 -0.000000  -0.000000 0.000000 0.000000
7  0.000000 0.000000 -0.000000  -0.080607 -0.189838 0.000010
8  0.002937 0.000000 0.194891  0.000000 -0.000000 0.000000
9  0.003500 0.000000 0.083408  0.000000 -0.000000 0.000000
10  -0.012239 0.000000 0.122389  0.000000 -0.000000 0.000000
11  0.000267 -0.000000 0.055137  0.000000 0.015482 0.000000
12  0.003234 -0.000000 0.052281  -0.000000 -0.061426 -0.000000
13  -0.001319 0.000000 0.060214  0.072010 0.132633 -0.000049
14  -0.039876 0.060989 0.002159  -0.443684 -0.000046 0.048277
15  0.043265 0.077505 0.036874  0.000000 -0.000000 -0.000000
16  0.000000 -0.000000 0.000000  -0.545992 0.606681 -0.217961
17  0.020259 0.201078 -0.017731  0.000299 -0.006063 -0.143309
18  0.010537 0.100376 -0.010148  0.003375 0.034545 -0.003297
19  0.018646 0.186860 -0.018292  0.155012 -0.016164 0.000780
20  -0.032087 0.200172 -0.061335  -0.077924 0.046850 -0.004304
21  0.009278 0.058322 -0.044375  -0.119717 0.041303 -0.009838
22  0.069086 0.193200 -0.059144  -0.078054 0.039872 -0.003684
23  0.008560 0.057628 -0.044090  -0.119765 0.038606 -0.009259
24  0.102185 0.077529 -0.031768  0.000408 0.131041 -0.090198
25  0.038420 0.022931 -0.000959  -0.024715 0.133491 0.360872
26  -0.039647 -0.056266 0.002069  0.465410 0.016043 -0.042498
27  0.042761 -0.082398 0.038132  -0.000000 -0.000000 0.000000
28  -0.000000 0.000000 -0.000000  0.538522 0.151346 -0.603801
29  0.020122 -0.201078 -0.017893  -0.002200 -0.018194 0.267656
30  0.010469 -0.100374 -0.010235  0.003285 -0.034522 -0.003441
31  0.018520 -0.186856 -0.018449  0.068127 0.006882 0.001123
32  -0.032222 -0.200100 -0.061496  -0.006144 0.040671 -0.000322
33  0.009310 -0.057389 -0.045571  0.135028 0.026002 0.009765
34  0.068956 -0.193197 -0.059302  -0.006160 0.040548 -0.000330
35  0.008683 -0.056712 -0.045241  0.135029 0.025425 0.009563
36  0.102133 -0.077572 -0.031829  0.000018 0.198946 0.025529
37  0.034314 -0.028672 -0.001806  0.029545 0.073997 -0.202702
38  0.001143 0.000000 -0.181958  0.037571 0.089853 0.003362
39  0.004961 -0.000269 -0.096018  0.088242 -0.077511 -0.018109
40  -0.011623 0.003704 -0.088948  0.014471 0.009271 -0.000443
41  -0.007644 0.000000 -0.210641  -0.072849 -0.013130 -0.002011
time 7
0  0 0 0  0 0 0
1  0.000000 0.000010 0.000000  -1.570796 -0.000000 0.000000
2  0.000000 0.000000 0.000000  0.000000 -0.000000 0.000000
3  0.000000 0.000000 0.000000  0.000000 -0.000000 0.000000
4  0.006445 -0.000000 0.753335  0.000000 -0.000000 0.000000
5  0.007837 -0.027749 -0.000958  -0.029582 -0.003286 0.000007
6  0.000000 0.000000 -0.000000  0.000000 -0.000000 0.000000
7  0.000000 0.000000 -0.000000  -0.080262 -0.175906 0.000021
8  0.002937 -0.000000 0.194891  0.000000 -0.000000 -0.000000
9  0.003500 0.000000 0.083408  0.000000 -0.000000 -0.000000
10  -0.012239 0.000000 0.122389  0.000000 -0.000000 -0.000000
11  0.000267 0.000000 0.055137  0.000000 0.018499 -0.000000
12  0.003234 -0.000000 0.052281  0.000000 -0.073357 -0.000000
13  -0.001319 0.000000 0.060214  0.065886 0.126641 -0.000051
14  -0.039876 0.060989 0.002159  -0.431397 -0.006243 0.048240
15  0.043265 0.077506 0.036874  0.000000 -0.000000 0.000000
16  0.000000 0.000000 -0.000000  -0.561831 0.592249 -0.226552
17  0.020259 0.201078 -0.017731  0.000164 -0.004479 -0.127020
18  0.010537 0.100376 -0.010148  0.003375 0.034545 -0.003297
19  0.018646 0.186860 -0.018292  0.174001 -0.018147 0.000703
20  -0.032088 0.200172 -0.061335  -0.077924 0.046850 -0.004304
21  0.009278 0.058322 -0.044375  -0.119717 0.041303 -0.009838
22  0.069086 0.193199 -0.059144  -0.078054 0.039871 -0.003684
23  0.008560 0.057628 -0.044090  -0.119765 0.038606 -0.009259
24  0.102185 0.077529 -0.031768  0.000408 0.131041 -0.090199
25  0.038420 0.022931 -0.000959  -0.024715 0.133491 0.360872
26  -0.039647 -0.056266 0.002069  0.462850 0.014849 -0.042536
27  0.042761 -0.082398 0.038132  0.000000 -0.000000 -0.000000
28  -0.000000 -0.000000 -0.000000  0.546266 0.152824 -0.583806
29  0.020122 -0.201078 -0.017893  -0.002347 -0.018849 0.274476
30  0.010469 -0.100374 -0.010235  0.003285 -0.034522 -0.003441
31  0.018520 -0.186856 -0.018450  0.075238 0.007601 0.001268
32  -0.032222 -0.200101 -0.061496  -0.006144 0.040671 -0.000322
33  0.009310 -0.057389 -0.045571  0.135028 0.026002 0.009765
34  0.068956 -0.193197 -0.059302  -0.006160 0.040548 -0.000330
35  0.008683 -0.056712 -0.045241  0.135029 0.025425 0.009563
36  0.102133 -0.077572 -0.031829  0.000018 0.198946 0.025528
37  0.034314 -0.028672 -0.001806  0.029545 0.073997 -0.202702
38  0.001143 0.000000 -0.181958  0.020784 0.076555 0.001646
39  0.004961 -0.000269 -0.096018  0.098551 -0.076298 -0.019759
40  -0.011623 0.003704 -0.088948  0.012245 0.011629 -0.000351
41  -0.007644 0.000000 -0.210641  -0.070069 -0.004769 -0.002381
time 8
0  0 0 0  0 0 0
1  0.000000 0.000010 0.000000  -1.570796 -0.000000 0.000000
2  0.000000 0.000000 0.000000  0.000000 -0.000000 0.000000
3  0.000000 0.000000 0.000000  0.000000 -0.000000 0.000000
4  0.006445 -0.000000 0.753335  0.000000 -0.000000 0.000000
5  0.001503 -0.025910 -0.000696  -0.025524 -0.005308 0.000012
6  0.000000 0.000000 -0.000000  0.000000 0.000000 -0.000000
7  0.000000 0.000000 -0.000000  -0.079917 -0.161975 0.000038
8  0.002937 0.000000 0.194891  0.000000 0.000000 -0.000000
9  0.003500 0.000000 0.083408  0.000000 0.000000 -0.000000
10  -0.012239 -0.000000 0.122389  0.000000 0.000000 -0.000000
11  0.000267 -0.000000 0.055137  0.000000 0.021517 -0.000000
12  0.003234 -0.000000 0.052281  0.000000 -0.085288 0.000000
13  -0.001319 -0.000000 0.060215  0.059767 0.120649 -0.000016
14  -0.039876 0.060989 0.002159  -0.419111 -0.012439 0.048126
15  0.043265 0.077505 0.036874  0.000000 -0.000000 0.000000
16  0.000000 -0.000000 -0.000000  -0.577367 0.577710 -0.234785
17  0.020260 0.201078 -0.017731  0.000055 -0.002894 -0.110732
18  0.010537 0.100376 -0.010148  0.003375 0.034545 -0.003297
19  0.018646 0.186860 -0.018292  0.192988 -0.020128 0.000588
20  -0.032088 0.200172 -0.061335  -0.077925 0.046850 -0.004304
21  0.009278 0.058322 -0.044375  -0.119717 0.041303 -0.009838
22  0.069086 0.193200 -0.059144  -0.078054 0.039872 -0.003684
23  0.008560 0.057628 -0.044090  -0.119765 0.038606 -0.009259
24  0.102185 0.077529 -0.031768  0.000408 0.131041 -0.090198
25  0.038420 0.022931 -0.000959  -0.024715 0.133491 0.360872
26  -0.039647 -0.056266 0.002069  0.460291 0.013655 -0.042571
27  0.042761 -0.082398 0.038132  0.000000 -0.000000 -0.000000
28  -0.000000 -0.000000 0.000000  0.554038 0.154148 -0.563799
29  0.020122 -0.201078 -0.017893  -0.002499 -0.019502 0.281297
30  0.010469 -0.100374 -0.010235  0.003285 -0.034522 -0.003441
31  0.018520 -0.186856 -0.018449  0.082349 0.008318 0.001418
32  -0.032222 -0.200100 -0.061496  -0.006144 0.040671 -0.000322
33  0.009310 -0.057389 -0.045571  0.135028 0.026002 0.009765
34  0.068956 -0.193197 -0.059302  -0.006160 0.040548 -0.000330
35  0.008683 -0.056712 -0.045241  0.135029 0.025425 0.009563
36  0.102133 -0.077572 -0.031829  0.000018 0.198946 0.025529
37  0.034314 -0.028672 -0.001806  0.029545 0.073997 -0.202702
38  0.001143 0.000000 -0.181958  0.004038 0.063232 0.000157
39  0.004961 -0.000269 -0.096018  0.108856 -0.075068 -0.021396
40  -0.011623 0.003704 -0.088948  0.010018 0.013986 -0.000264
41  -0.007644 0.000000 -0.210641  -0.067293 0.003592 -0.002727
time 9
0  0 0 0  0 0 0
1  0.000000 0.000010 0.000000  -1.570796 -0.000000 0.000000
2  0.000000 0.000000 0.000000  0.000000 -0.000000 0.000000
3  0.000000 0.000000 0.000000  0.000000 -0.000000 0.000000
4  0.006445 -0.000000 0.753335  0.000000 -0.000000 0.000000
5  -0.002826 -0.024538 -0.000511  -0.022315 -0.006675 0.000013
6  -0.000000 0.000000 0.000000  0.000000 -0.000000 -0.000000
7  -0.000000 0.000000 0.000000  -0.079198 -0.151923 0.000037
8  0.002937 -0.000000 0.194891  0.000000 0.000000 0.000000
9  0.003500 0.000000 0.083408  0.000000 0.000000 0.000000
10  -0.012239 0.000000 0.122389  0.000000 0.000000 0.000000
11  0.000267 0.000000 0.055138  0.000000 0.023509 -0.000000
12  0.003234 0.000000 0.052281  0.000000 -0.093175 0.000000
13  -0.001319 0.000000 0.060214  0.055268 0.116505 -0.000005
14  -0.039876 0.060989 0.002159  -0.409178 -0.017445 0.047978
15  0.043265 0.077505 0.036874  -0.000000 -0.000000 0.000000
16  0.000000 0.000000 -0.000000  -0.582712 0.574779 -0.224763
17  0.020259 0.201078 -0.017731  0.000125 -0.003962 -0.121709
18  0.010537 0.100376 -0.010148  0.003375 0.034545 -0.003297
19  0.018646 0.186860 -0.018292  0.204428 -0.021319 0.000501
20  -0.032087 0.200172 -0.061335  -0.077925 0.046850 -0.004304
21  0.009278 0.058322 -0.044375  -0.119717 0.041303 -0.009838
22  0.069086 0.193200 -0.059144  -0.078054 0.039872 -0.003684
23  0.008560 0.057628 -0.044090  -0.119765 0.038606 -0.009259
24  0.102185 0.077529 -0.031768  0.000408 0.131041 -0.090198
25  0.038420 0.022931 -0.000959  -0.024715 0.133491 0.360872
26  -0.039647 -0.056266 0.002069  0.458538 0.012828 -0.042594
27  0.042760 -0.082398 0.038131  -0.000000 -0.000000 0.000000
28  -0.000000 -0.000000 0.000000  0.562449 0.148542 -0.541280
29  0.020122 -0.201078 -0.017893  -0.002389 -0.019032 0.276386
30  0.010469 -0.100374 -0.010235  0.003285 -0.034522 -0.003441
31  0.018520 -0.186856 -0.018449  0.086957 0.008776 0.001517
32  -0.032222 -0.200101 -0.061496  -0.006144 0.040671 -0.000322
33  0.009310 -0.057389 -0.045571  0.135028 0.026002 0.009765
34  0.068956 -0.193197 -0.059302  -0.006160 0.040548 -0.000330
35  0.008683 -0.056712 -0.045241  0.135029 0.025425 0.009563
36  0.102133 -0.077572 -0.031830  0.000018 0.198946 0.025529
37  0.034314 -0.028672 -0.001806  0.029545 0.073997 -0.202702
38  0.001143 0.000000 -0.181958  -0.009590 0.052563 -0.000887
39  0.004961 -0.000269 -0.096018  0.117571 -0.072787 -0.022636
40  -0.011623 0.003704 -0.088948  0.008446 0.016344 -0.000207
41  -0.007644 0.000000 -0.210641  -0.065318 0.008947 -0.002928
time 10
0  0 0 0  0 0 0
1  0.000000 0.000010 0.000000  -1.570796 -0.000000 0.000000
2  0.000000 0.000000 0.000000  0.000000 -0.000000 0.000000
3  0.000000 0.000000 0.000000  0.000000 -0.000000 0.000000
4  0.006445 -0.000000 0.753335  0.000000 -0.000000 0.000000
5  -0.006154 -0.023400 -0.000365  -0.019532 -0.007715 0.000014
6  -0.000000 -0.000000 -0.000000  0.000000 -0.000000 0.000000
7  -0.000000 0.000000 -0.000000  -0.078293 -0.143808 0.000032
8  0.002937 -0.000000 0.194891  -0.000000 0.000000 -0.000000
9  0.003500 0.000000 0.083408  -0.000000 0.000000 -0.000000
10  -0.012239 -0.000000 0.122389  -0.000000 0.000000 -0.000000
11  0.000267 0.000000 0.055137  -0.000000 0.024989 0.000000
12  0.003234 -0.000000 0.052281  0.000000 -0.099042 -0.000000
13  -0.001319 0.000000 0.060214  0.051579 0.113286 -0.000010
14  -0.039876 0.060989 0.002159  -0.400420 -0.021857 0.047807
15  0.043265 0.077505 0.036874  0.000000 0.000000 0.000000
16  0.000000 -0.000000 0.000000  -0.583004 0.577689 -0.205697
17  0.020259 0.201078 -0.017731  0.000326 -0.006356 -0.146325
18  0.010537 0.100376 -0.010148  0.003375 0.034545 -0.003297
19  0.018646 0.186860 -0.018292  0.212096 -0.022115 0.000435
20  -0.032088 0.200172 -0.061335  -0.077924 0.046850 -0.004304
21  0.009278 0.058322 -0.044375  -0.119717 0.041303 -0.009838
22  0.069086 0.193200 -0.059144  -0.078054 0.039871 -0.003684
23  0.008560 0.057628 -0.044090  -0.119765 0.038606 -0.009259
24  0.102185 0.077529 -0.031768  0.000408 0.131041 -0.090199
25  0.038420 0.022931 -0.000959  -0.024715 0.133491 0.360872
26  -0.039647 -0.056266 0.002069  0.457187 0.012184 -0.042610
27  0.042761 -0.082398 0.038132  0.000000 -0.000000 0.000000
28  -0.000000 0.000000 0.000000  0.570983 0.139351 -0.517594
29  0.020122 -0.201078 -0.017893  -0.002157 -0.017998 0.265609
30  0.010469 -0.100374 -0.010235  0.003285 -0.034522 -0.003441
31  0.018520 -0.186856 -0.018449  0.090314 0.009103 0.001590
32  -0.032222 -0.200100 -0.061496  -0.006144 0.040671 -0.000322
33  0.009310 -0.057389 -0.045571  0.135028 0.026002 0.009765
34  0.068956 -0.193197 -0.059302  -0.006160 0.040548 -0.000330
35  0.008683 -0.056712 -0.045241  0.135029 0.025425 0.009563
36  0.102133 -0.077572 -0.031829  0.000018 0.198946 0.025529
37  0.034314 -0.028672 -0.001806  0.029545 0.073997 -0.202702
38  0.001143 0.000000 -0.181958  -0.021664 0.043219 -0.001689
39  0.004961 -0.000269 -0.096018  0.125488 -0.069979 -0.023663
40  -0.011623 0.003704 -0.088948  0.007201 0.018703 -0.000165
41  -0.007644 0.000000 -0.210641  -0.063742 0.012800 -0.003058
time 11
0  0 0 0  0 0 0
1  0.000000 0.000010 0.000000  -1.570796 -0.000000 0.000000
2  0.000000 0.000000 0.000000  0.000000 -0.000000 0.000000
3  0.000000 0.000000 0.000000  0.000000 -0.000000 0.000000
4  0.006445 -0.000000 0.753335  0.000000 -0.000000 0.000000
5  -0.009482 -0.022262 -0.000219  -0.016749 -0.008755 0.000012
6  0.000000 0.000000 -0.000000  0.000000 0.000000 -0.000000
7  -0.000000 0.000000 -0.000000  -0.077389 -0.135693 0.000035
8  0.002937 0.000000 0.194891  0.000000 0.000000 -0.000000
9  0.003500 0.000000 0.083408  0.000000 0.000000 -0.000000
10  -0.012239 0.000000 0.122389  0.000000 0.000000 -0.000000
11  0.000267 -0.000000 0.055137  0.000000 0.026469 -0.000000
12  0.003234 -0.000000 0.052281  0.000000 -0.104909 0.000000
13  -0.001319 0.000000 0.060214  0.047891 0.110066 -0.000003
14  -0.039876 0.060989 0.002159  -0.391660 -0.026267 0.047597
15  0.043265 0.077505 0.036874  0.000000 0.000000 0.000000
16  0.000000 0.000000 -0.000000  -0.583230 0.580604 -0.186594
17  0.020259 0.201078 -0.017731  0.000586 -0.008743 -0.170945
18  0.010537 0.100376 -0.010148  0.003374 0.034545 -0.003297
19  0.018646 0.186860 -0.018292  0.219765 -0.022910 0.000363
20  -0.032088 0.200172 -0.061335  -0.077924 0.046850 -0.004304
21  0.009278 0.058322 -0.044375  -0.119717 0.041303 -0.009838
22  0.069086 0.193199 -0.059144  -0.078054 0.039871 -0.003684
23  0.008560 0.057628 -0.044090  -0.119765 0.038606 -0.009259
24  0.102185 0.077529 -0.031768  0.000408 0.131041 -0.090198
25  0.038420 0.022931 -0.000959  -0.024715 0.133491 0.360872
26  -0.039647 -0.056266 0.002069  0.455836 0.011540 -0.042625
27  0.042761 -0.082398 0.038132  -0.000000 -0.000000 -0.000000
28  0.000000 -0.000000 -0.000000  0.579286 0.129961 -0.494014
29  0.020122 -0.201078 -0.017893  -0.001935 -0.016961 0.254833
30  0.010469 -0.100374 -0.010235  0.003285 -0.034522 -0.003441
31  0.018520 -0.186856 -0.018450  0.093671 0.009430 0.001663
32  -0.032222 -0.200101 -0.061496  -0.006144 0.040671 -0.000322
33  0.009310 -0.057389 -0.045571  0.135028 0.026002 0.009765
34  0.068956 -0.193197 -0.059302  -0.006160 0.040548 -0.000330
35  0.008683 -0.056712 -0.045241  0.135029 0.025425 0.009563
36  0.102133 -0.077572 -0.031829  0.000018 0.198946 0.025529
37  0.034314 -0.028672 -0.001806  0.029545 0.073997 -0.202702
38  0.001143 0.000000 -0.181958  -0.033725 0.033865 -0.002379
39  0.004961 -0.000269 -0.096018  0.133400 -0.067163 -0.024668
40  -0.011623 0.003704 -0.088948  0.005956 0.021061 -0.000125
41  -0.007644 0.000000 -0.210641  -0.062167 0.016653 -0.003183
time 12
0  0 0 0  0 0 0
1  0.000000 0.000010 0.000000  -1.570796 -0.000000 0.000000
2  0.000000 0.000000 0.000000  0.000000 -0.000000 0.000000
3  0.000000 0.000000 0.000000  0.000000 -0.000000 0.000000
4  0.006445 -0.000000 0.753335  0.000000 -0.000000 0.000000
5  -0.012809 -0.021123 -0.000073  -0.013966 -0.009795 0.000007
6  0.000000 0.000000 -0.000000  0.000000 -0.000000 0.000000
7  -0.000000 0.000000 -0.000000  -0.076486 -0.127578 0.000045
8  0.002937 0.000000 0.194891  -0.000000 0.000000 0.000000
9  0.003500 0.000000 0.083408  -0.000000 0.000000 0.000000
10  -0.012239 0.000000 0.122389  -0.000000 0.000000 0.000000
11  0.000267 0.000000 0.055138  -0.000000 0.027948 0.000000
12  0.003234 -0.000000 0.052281  -0.000000 -0.110776 0.000000
13  -0.001319 0.000000 0.060214  0.044204 0.106846 0.000016
14  -0.039876 0.060989 0.002159  -0.382899 -0.030676 0.047348
15  0.043265 0.077505 0.036874  0.000000 0.000000 0.000000
16  0.000000 0.000000 -0.000000  -0.583390 0.583522 -0.167457
17  0.020260 0.201078 -0.017731  0.000904 -0.011124 -0.195562
18  0.010537 0.100376 -0.010148  0.003374 0.034545 -0.003297
19  0.018646 0.186860 -0.018292  0.227433 -0.023705 0.000285
20  -0.032087 0.200172 -0.061335  -0.077924 0.046850 -0.004304
21  0.009278 0.058322 -0.044375  -0.119717 0.041303 -0.009838
22  0.069086 0.193199 -0.059144  -0.078054 0.039872 -0.003684
23  0.008560 0.057628 -0.044090  -0.119765 0.038606 -0.009259
24  0.102185 0.077529 -0.031768  0.000408 0.131041 -0.090199
25  0.038420 0.022931 -0.000959  -0.024715 0.133491 0.360872
26  -0.039647 -0.056266 0.002069  0.454485 0.010895 -0.042640
27  0.042761 -0.082398 0.038132  -0.000000 -0.000000 -0.000000
28  0.000000 -0.000000 0.000000  0.587351 0.120382 -0.470546
29  0.020122 -0.201078 -0.017893  -0.001725 -0.015922 0.244057
30  0.010469 -0.100374 -0.010235  0.003285 -0.034522 -0.003441
31  0.018520 -0.186856 -0.018450  0.097028 0.009757 0.001738
32  -0.032222 -0.200100 -0.061496  -0.006144 0.040671 -0.000322
33  0.009310 -0.057389 -0.045571  0.135028 0.026002 0.009765
34  0.068956 -0.193197 -0.059302  -0.006160 0.040548 -0.000330
35  0.008683 -0.056712 -0.045241  0.135029 0.025425 0.009563
36  0.102133 -0.077572 -0.031829  0.000018 0.198946 0.025529
37  0.034314 -0.028672 -0.001806  0.029545 0.073997 -0.202702
38  0.001143 0.000000 -0.181958  -0.045777 0.024504 -0.002955
39  0.004961 -0.000269 -0.096018  0.141308 -0.064339 -0.025650
40  -0.011623 0.003704 -0.088948  0.004711 0.023419 -0.000089
41  -0.007644 0.000000 -0.210641  -0.060592 0.020506 -0.003301
time 13
0  0 0 0  0 0 0
1  0.000000 0.000010 0.000000  -1.570796 -0.000000 0.000000
2  0.000000 0.000000 0.000000  0.000000 -0.000000 0.000000
3  0.000000 0.000000 0.000000  0.000000 -0.000000 0.000000
4  0.006445 -0.000000 0.753335  0.000000 -0.000000 0.000000
5  -0.012736 -0.020744 -0.000073  -0.012508 -0.009744 0.000007
6  0.000000 -0.000000 -0.000000  0.000000 0.000000 -0.000000
7  -0.000000 0.000000 -0.000000  -0.075487 -0.126921 0.000059
8  0.002937 0.000000 0.194891  -0.000000 0.000000 0.000000
9  0.003500 0.000000 0.083408  -0.000000 0.000000 0.000000
10  -0.012239 0.000000 0.122389  -0.000000 0.000000 0.000000
11  0.000267 0.000000 0.055137  -0.000000 0.027794 0.000000
12  0.003234 0.000000 0.052281  0.000000 -0.110175 0.000000
13  -0.001319 0.000000 0.060215  0.043148 0.106844 0.000026
14  -0.039876 0.060989 0.002159  -0.385342 -0.029453 0.047421
15  0.043265 0.077505 0.036874  0.000000 -0.000000 0.000000
16  0.000000 0.000000 0.000000  -0.572936 0.586180 -0.141237
17  0.020260 0.201078 -0.017731  0.001206 -0.013049 -0.215535
18  0.010537 0.100376 -0.010148  0.003375 0.034545 -0.003297
19  0.018646 0.186860 -0.018292  0.232153 -0.024195 0.000233
20  -0.032087 0.200172 -0.061335  -0.077925 0.046850 -0.004304
21  0.009278 0.058322 -0.044375  -0.119717 0.041303 -0.009838
22  0.069086 0.193199 -0.059144  -0.078054 0.039871 -0.003684
23  0.008560 0.057628 -0.044090  -0.119765 0.038606 -0.009259
24  0.102185 0.077529 -0.031768  0.000408 0.131041 -0.090198
25  0.038420 0.022931 -0.000959  -0.024715 0.133491 0.360872
26  -0.039647 -0.056266 0.002069  0.453809 0.010573 -0.042647
27  0.042761 -0.082398 0.038132  -0.000000 -0.000000 -0.000000
28  0.000000 -0.000000 0.000000  0.595651 0.106833 -0.452906
29  0.020122 -0.201078 -0.017893  -0.001494 -0.014706 0.231478
30  0.010469 -0.100374 -0.010235  0.003285 -0.034521 -0.003441
31  0.018520 -0.186856 -0.018450  0.096554 0.009707 0.001727
32  -0.032222 -0.200100 -0.061496  -0.006144 0.040671 -0.000322
33  0.009310 -0.057389 -0.045571  0.135028 0.026002 0.009765
34  0.068956 -0.193197 -0.059302  -0.006160 0.040548 -0.000330
35  0.008683 -0.056712 -0.045241  0.135029 0.025425 0.009563
36  0.102133 -0.077572 -0.031830  0.000018 0.198946 0.025529
37  0.034314 -0.028672 -0.001806  0.029545 0.073997 -0.202702
38  0.001143 0.000000 -0.181958  -0.052002 0.022062 -0.003275
39  0.004961 -0.000269 -0.096018  0.146744 -0.061666 -0.026235
40  -0.011623 0.003704 -0.088948  0.002998 0.024422 -0.000056
41  -0.007644 0.000000 -0.210641  -0.059959 0.019695 -0.003234
time 14
0  0 0 0  0 0 0
1  0.000000 0.000010 0.000000  -1.570796 -0.000000 0.000000
2  0.000000 0.000000 0.000000  0.000000 -0.000000 0.000000
3  0.000000 0.000000 0.000000  0.000000 -0.000000 0.000000
4  0.006445 -0.000000 0.753335  0.000000 -0.000000 0.000000
5  -0.009263 -0.021123 -0.000219  -0.012376 -0.008601 0.000014
6  -0.000000 0.000000 -0.000000  -0.000000 -0.000000 0.000000
7  -0.000000 0.000000 -0.000000  -0.074388 -0.133722 0.000066
8  0.002937 0.000000 0.194891  -0.000000 0.000000 0.000000
9  0.003500 0.000000 0.083408  -0.000000 0.000000 0.000000
10  -0.012239 0.000000 0.122389  -0.000000 0.000000 0.000000
11  0.000267 0.000000 0.055138  -0.000000 0.026007 0.000000
12  0.003234 -0.000000 0.052281  0.000000 -0.103106 0.000000
13  -0.001318 -0.000000 0.060215  0.044722 0.110060 0.000021
14  -0.039876 0.060989 0.002159  -0.398990 -0.022595 0.047774
15  0.043265 0.077506 0.036874  -0.000000 -0.000000 0.000000
16  0.000000 0.000000 -0.000000  -0.551821 0.588139 -0.107865
17  0.020260 0.201079 -0.017731  0.001463 -0.014523 -0.230875
18  0.010537 0.100376 -0.010148  0.003375 0.034545 -0.003297
19  0.018646 0.186860 -0.018292  0.233923 -0.024381 0.000214
20  -0.032088 0.200172 -0.061335  -0.077924 0.046850 -0.004304
21  0.009278 0.058322 -0.044375  -0.119717 0.041303 -0.009838
22  0.069086 0.193199 -0.059144  -0.078054 0.039872 -0.003684
23  0.008560 0.057628 -0.044090  -0.119765 0.038606 -0.009259
24  0.102185 0.077529 -0.031768  0.000408 0.131041 -0.090199
25  0.038420 0.022931 -0.000959  -0.024715 0.133491 0.360872
26  -0.039647 -0.056266 0.002069  0.453809 0.010573 -0.042647
27  0.042760 -0.082398 0.038132  -0.000000 -0.000000 -0.000000
28  0.000000 -0.000000 -0.000000  0.604201 0.089368 -0.441135
29  0.020122 -0.201077 -0.017893  -0.001249 -0.013312 0.217096
30  0.010469 -0.100374 -0.010235  0.003285 -0.034522 -0.003441
31  0.018520 -0.186856 -0.018450  0.092251 0.009279 0.001630
32  -0.032222 -0.200101 -0.061496  -0.006144 0.040671 -0.000322
33  0.009310 -0.057389 -0.045571  0.135028 0.026002 0.009765
34  0.068956 -0.193197 -0.059302  -0.006160 0.040548 -0.000330
35  0.008683 -0.056712 -0.045241  0.135029 0.025425 0.009563
36  0.102133 -0.077572 -0.031830  0.000018 0.198946 0.025529
37  0.034314 -0.028672 -0.001806  0.029545 0.073997 -0.202702
38  0.001143 0.000000 -0.181958  -0.052408 0.026542 -0.003426
39  0.004961 -0.000269 -0.096018  0.149711 -0.059150 -0.026433
40  -0.011623 0.003704 -0.088948  0.000815 0.024071 -0.000024
41  -0.007644 0.000000 -0.210641  -0.060270 0.014221 -0.002984
time 15
0  0 0 0  0 0 0
1  0.000000 0.000010 0.000000  -1.570796 -0.000000 0.000000
2  0.000000 0.000000 0.000000  0.000000 -0.000000 0.000000
3  0.000000 0.000000 0.000000  0.000000 -0.000000 0.000000
4  0.006445 -0.000000 0.753335  0.000000 -0.000000 0.000000
5  -0.005789 -0.021503 -0.000365  -0.012244 -0.007459 0.000021
6  0.000000 0.000000 -0.000000  -0.000000 0.000000 0.000000
7  -0.000000 0.000000 -0.000000  -0.073289 -0.140522 0.000066
8  0.002937 0.000000 0.194891  -0.000000 -0.000000 0.000000
9  0.003500 0.000000 0.083408  -0.000000 -0.000000 0.000000
10  -0.012239 -0.000000 0.122389  -0.000000 -0.000000 0.000000
11  0.000267 -0.000000 0.055138  -0.000000 0.024220 0.000000
12  0.003234 0.000000 0.052281  -0.000000 -0.096037 -0.000000
13  -0.001319 0.000000 0.060214  0.046296 0.113276 0.000020
14  -0.039876 0.060989 0.002159  -0.412635 -0.015733 0.048034
15  0.043265 0.077505 0.036874  0.000000 0.000000 0.000000
16  0.000000 0.000000 -0.000000  -0.530611 0.589511 -0.074407
17  0.020260 0.201078 -0.017731  0.001743 -0.015993 -0.246216
18  0.010537 0.100376 -0.010148  0.003374 0.034545 -0.003297
19  0.018646 0.186860 -0.018292  0.235693 -0.024566 0.000193
20  -0.032088 0.200172 -0.061335  -0.077925 0.046850 -0.004304
21  0.009278 0.058322 -0.044375  -0.119717 0.041303 -0.009838
22  0.069086 0.193199 -0.059144  -0.078054 0.039871 -0.003684
23  0.008560 0.057628 -0.044090  -0.119765 0.038606 -0.009259
24  0.102185 0.077529 -0.031768  0.000408 0.131041 -0.090198
25  0.038420 0.022931 -0.000959  -0.024715 0.133491 0.360872
26  -0.039647 -0.056266 0.002069  0.453809 0.010573 -0.042647
27  0.042761 -0.082398 0.038132  0.000000 -0.000000 0.000000
28  0.000000 0.000000 0.000000  0.612533 0.071803 -0.429529
29  0.020122 -0.201077 -0.017893  -0.001023 -0.011915 0.202714
30  0.010469 -0.100374 -0.010235  0.003285 -0.034522 -0.003441
31  0.018520 -0.186856 -0.018450  0.087948 0.008852 0.001535
32  -0.032222 -0.200101 -0.061496  -0.006144 0.040671 -0.000322
33  0.009310 -0.057389 -0.045571  0.135028 0.026002 0.009765
34  0.068956 -0.193197 -0.059302  -0.006160 0.040548 -0.000330
35  0.008683 -0.056712 -0.045241  0.135029 0.025425 0.009563
36  0.102133 -0.077572 -0.031830  0.000018 0.198946 0.025529
37  0.034314 -0.028672 -0.001806  0.029545 0.073997 -0.202702
38  0.001143 0.000000 -0.181958  -0.052816 0.031022 -0.003580
39  0.004961 -0.000269 -0.096018  0.152677 -0.056634 -0.026625
40  -0.011623 0.003704 -0.088948  -0.001367 0.023719 0.000008
41  -0.007644 0.000000 -0.210641  -0.060583 0.008747 -0.002732
time 16
0  0 0 0  0 0 0
1  0.000000 0.000010 0.000000  -1.570796 -0.000000 0.000000
2  0.000000 0.000000 0.000000  0.000000 -0.000000 0.000000
3  0.000000 0.000000 0.000000  0.000000 -0.000000 0.000000
4  0.006445 -0.000000 0.753335  0.000000 -0.000000 0.000000
5  -0.002316 -0.021882 -0.000511  -0.012112 -0.006316 0.000028
6  -0.000000 0.000000 -0.000000  -0.000000 -0.000000 0.000000
7  -0.000000 0.000000 -0.000000  -0.072189 -0.147322 0.000058
8  0.002937 0.000000 0.194891  0.000000 -0.000000 0.000000
9  0.003500 0.000000 0.083408  0.000000 -0.000000 0.000000
10  -0.012239 0.000000 0.122389  0.000000 -0.000000 0.000000
11  0.000267 0.000000 0.055138  0.000000 0.022432 -0.000000
12  0.003234 0.000000 0.052281  -0.000000 -0.088968 0.000000
13  -0.001319 -0.000000 0.060214  0.047871 0.116493 0.000025
14  -0.039876 0.060989 0.002159  -0.426276 -0.008869 0.048201
15  0.043265 0.077506 0.036874  -0.000000 -0.000000 0.000000
16  0.000000 0.000000 -0.000000  -0.509345 0.590291 -0.040902
17  0.020260 0.201078 -0.017731  0.002046 -0.017458 -0.261558
18  0.010537 0.100376 -0.010148  0.003375 0.034545 -0.003297
19  0.018646 0.186860 -0.018292  0.237464 -0.024752 0.000173
20  -0.032087 0.200172 -0.061335  -0.077924 0.046850 -0.004304
21  0.009278 0.058322 -0.044375  -0.119717 0.041303 -0.009838
22  0.069086 0.193199 -0.059144  -0.078054 0.039871 -0.003684
23  0.008560 0.057628 -0.044090  -0.119765 0.038606 -0.009259
24  0.102185 0.077529 -0.031768  0.000408 0.131041 -0.090198
25  0.038420 0.022931 -0.000959  -0.024715 0.133491 0.360872
26  -0.039647 -0.056266 0.002069  0.453809 0.010573 -0.042647
27  0.042761 -0.082398 0.038132  -0.000000 -0.000000 -0.000000
28  0.000000 -0.000000 0.000000  0.620651 0.054145 -0.418084
29  0.020122 -0.201078 -0.017893  -0.000818 -0.010515 0.188332
30  0.010469 -0.100374 -0.010235  0.003285 -0.034522 -0.003441
31  0.018520 -0.186856 -0.018449  0.083645 0.008424 0.001442
32  -0.032222 -0.200100 -0.061496  -0.006144 0.040671 -0.000322
33  0.009310 -0.057389 -0.045571  0.135028 0.026002 0.009765
34  0.068956 -0.193197 -0.059302  -0.006160 0.040548 -0.000330
35  0.008683 -0.056712 -0.045241  0.135029 0.025425 0.009563
36  0.102133 -0.077572 -0.031830  0.000018 0.198946 0.025529
37  0.034314 -0.028672 -0.001806  0.029545 0.073997 -0.202702
38  0.001143 0.000000 -0.181958  -0.053224 0.035502 -0.003735
39  0.004961 -0.000269 -0.096018  0.155641 -0.054117 -0.026809
40  -0.011623 0.003704 -0.088948  -0.003550 0.023368 0.000042
41  -0.007644 0.000000 -0.210641  -0.060897 0.003273 -0.002479
time 17
0  0 0 0  0 0 0
1  0.000000 0.000010 0.000000  -1.570796 -0.000000 0.000000
2  0.000000 0.000000 0.000000  0.000000 -0.000000 0.000000
3  0.000000 0.000000 0.000000  0.000000 -0.000000 0.000000
4  0.006445 -0.000000 0.753335  0.000000 -0.000000 0.000000
5  0.002160 -0.022505 -0.000696  -0.012410 -0.004841 0.000030
6  0.000000 0.000000 -0.000000  0.000000 0.000000 -0.000000
7  -0.000000 0.000000 -0.000000  -0.071223 -0.156059 0.000053
8  0.002937 0.000000 0.194891  -0.000000 -0.000000 0.000000
9  0.003500 0.000000 0.083408  -0.000000 -0.000000 0.000000
10  -0.012239 -0.000000 0.122389  -0.000000 -0.000000 0.000000
11  0.000267 -0.000000 0.055138  -0.000000 0.020137 0.000000
12  0.003234 0.000000 0.052281  -0.000000 -0.079874 -0.000000
13  -0.001319 -0.000000 0.060214  0.050255 0.120637 0.000014
14  -0.039876 0.060989 0.002159  -0.443789 -0.000049 0.048277
15  0.043265 0.077505 0.036874  -0.000000 0.000000 0.000000
16  0.000000 0.000000 -0.000000  -0.486404 0.586061 -0.010396
17  0.020260 0.201078 -0.017731  0.002205 -0.018184 -0.269180
18  0.010537 0.100376 -0.010148  0.003375 0.034545 -0.003297
19  0.018646 0.186860 -0.018293  0.233820 -0.024373 0.000215
20  -0.032087 0.200172 -0.061335  -0.077924 0.046850 -0.004304
21  0.009278 0.058322 -0.044375  -0.119717 0.041303 -0.009838
22  0.069086 0.193199 -0.059144  -0.078054 0.039871 -0.003684
23  0.008560 0.057628 -0.044090  -0.119765 0.038606 -0.009259
24  0.102185 0.077529 -0.031768  0.000408 0.131041 -0.090198
25  0.038420 0.022931 -0.000959  -0.024715 0.133491 0.360872
26  -0.039647 -0.056266 0.002069  0.453809 0.010573 -0.042647
27  0.042761 -0.082398 0.038132  0.000000 -0.000000 0.000000
28  -0.000000 0.000000 0.000000  0.629032 0.034406 -0.407294
29  0.020122 -0.201077 -0.017893  -0.000597 -0.008822 0.170980
30  0.010469 -0.100374 -0.010235  0.003285 -0.034522 -0.003441
31  0.018520 -0.186856 -0.018449  0.078086 0.007871 0.001325
32  -0.032222 -0.200100 -0.061496  -0.006144 0.040671 -0.000322
33  0.009310 -0.057389 -0.045571  0.135028 0.026002 0.009765
34  0.068956 -0.193197 -0.059302  -0.006160 0.040548 -0.000330
35  0.008683 -0.056712 -0.045241  0.135029 0.025425 0.009563
36  0.102133 -0.077572 -0.031829  0.000018 0.198946 0.025529
37  0.034314 -0.028672 -0.001806  0.029545 0.073997 -0.202702
38  0.001143 0.000000 -0.181958  -0.052116 0.041344 -0.003823
39  0.004961 -0.000269 -0.096018  0.157922 -0.051087 -0.026813
40  -0.011623 0.003704 -0.088948  -0.005498 0.022977 0.000078
41  -0.007644 0.000000 -0.210641  -0.061583 -0.003708 -0.002157
time 18
0  0 0 0  0 0 0
1  0.000000 0.000010 0.000000  -1.570796 -0.000000 0.000000
2  0.000000 0.000000 0.000000  0.000000 -0.000000 0.000000
3  0.000000 0.000000 0.000000  0.000000 -0.000000 0.000000
4  0.006445 -0.000000 0.753335  0.000000 -0.000000 0.000000
5  0.008640 -0.023614 -0.000958  -0.013567 -0.002703 0.000018
6  -0.000000 -0.000000 -0.000000  0.000000 -0.000000 0.000000
7  -0.000000 -0.000000 -0.000000  -0.070529 -0.168669 0.000060
8  0.002937 -0.000000 0.194891  0.000000 0.000000 -0.000000
9  0.003500 0.000000 0.083408  0.000000 0.000000 -0.000000
10  -0.012239 0.000000 0.122389  0.000000 0.000000 -0.000000
11  0.000267 0.000000 0.055137  0.000000 0.016827 0.000000
12  0.003234 0.000000 0.052281  0.000000 -0.066729 -0.000000
13  -0.001319 0.000000 0.060214  0.054257 0.126637 -0.000022
14  -0.039876 0.060989 0.002159  -0.469065 0.012685 0.048114
15  0.043265 0.077505 0.036874  -0.000000 -0.000000 0.000000
16  0.000000 0.000000 0.000000  -0.460547 0.572440 0.013684
17  0.020260 0.201078 -0.017731  0.002042 -0.017440 -0.261368
18  0.010537 0.100376 -0.010148  0.003375 0.034545 -0.003297
19  0.018646 0.186860 -0.018292  0.219349 -0.022864 0.000367
20  -0.032087 0.200172 -0.061335  -0.077924 0.046850 -0.004304
21  0.009278 0.058322 -0.044375  -0.119717 0.041303 -0.009838
22  0.069086 0.193199 -0.059144  -0.078054 0.039872 -0.003684
23  0.008560 0.057628 -0.044090  -0.119765 0.038606 -0.009259
24  0.102185 0.077529 -0.031768  0.000408 0.131041 -0.090198
25  0.038420 0.022931 -0.000959  -0.024715 0.133491 0.360872
26  -0.039647 -0.056266 0.002069  0.453809 0.010573 -0.042647
27  0.042761 -0.082398 0.038132  0.000000 -0.000000 -0.000000
28  -0.000000 -0.000000 0.000000  0.638140 0.010583 -0.397698
29  0.020122 -0.201078 -0.017893  -0.000347 -0.006543 0.147678
30  0.010469 -0.100374 -0.010235  0.003285 -0.034522 -0.003441
31  0.018520 -0.186856 -0.018450  0.070016 0.007067 0.001160
32  -0.032222 -0.200100 -0.061496  -0.006144 0.040671 -0.000322
33  0.009310 -0.057389 -0.045571  0.135028 0.026002 0.009765
34  0.068956 -0.193197 -0.059302  -0.006160 0.040548 -0.000330
35  0.008683 -0.056712 -0.045241  0.135029 0.025425 0.009563
36  0.102133 -0.077572 -0.031829  0.000018 0.198946 0.025529
37  0.034314 -0.028672 -0.001806  0.029545 0.073997 -0.202702
38  0.001143 0.000000 -0.181958  -0.047974 0.049912 -0.003753
39  0.004961 -0.000269 -0.096018  0.158836 -0.047031 -0.026469
40  -0.011623 0.003704 -0.088948  -0.006977 0.022509 0.000122
41  -0.007644 0.000000 -0.210641  -0.063015 -0.013706 -0.001693
time 19
0  0 0 0  0 0 0
1  0.000000 0.000010 0.000000  -1.570796 -0.000000 0.000000
2  0.000000 0.000000 0.000000  0.000000 -0.000000 0.000000
3  0.000000 0.000000 0.000000  0.000000 -0.000000 0.000000
4  0.006445 -0.000000 0.753335  0.000000 -0.000000 0.000000
5  0.015120 -0.024723 -0.001221  -0.014725 -0.000564 0.000004
6  -0.000000 0.000000 -0.000000  0.000000 0.000000 -0.000000
7  -0.000000 0.000000 -0.000000  -0.069833 -0.181280 0.000060
8  0.002937 0.000000 0.194891  0.000000 0.000000 -0.000000
9  0.003500 0.000000 0.083408  0.000000 0.000000 -0.000000
10  -0.012239 0.000000 0.122389  0.000000 0.000000 -0.000000
11  0.000267 0.000000 0.055137  0.000000 0.013516 0.000000
12  0.003234 -0.000000 0.052281  0.000000 -0.053582 0.000000
13  -0.001319 0.000000 0.060214  0.058262 0.132637 -0.000034
14  -0.039876 0.060989 0.002159  -0.494356 0.025416 0.047630
15  0.043265 0.077505 0.036874  0.000000 0.000000 0.000000
16  -0.000000 0.000000 0.000000  -0.435304 0.558305 0.037136
17  0.020260 0.201078 -0.017731  0.001885 -0.016694 -0.253556
18  0.010537 0.100376 -0.010148  0.003375 0.034545 -0.003297
19  0.018646 0.186860 -0.018292  0.204878 -0.021353 0.000498
20  -0.032088 0.200172 -0.061335  -0.077924 0.046850 -0.004304
21  0.009278 0.058322 -0.044375  -0.119717 0.041303 -0.009838
22  0.069086 0.193199 -0.059144  -0.078054 0.039872 -0.003684
23  0.008560 0.057628 -0.044090  -0.119765 0.038606 -0.009259
24  0.102185 0.077529 -0.031768  0.000408 0.131041 -0.090199
25  0.038420 0.022931 -0.000959  -0.024715 0.133491 0.360872
26  -0.039647 -0.056266 0.002069  0.453809 0.010573 -0.042647
27  0.042761 -0.082398 0.038132  0.000000 -0.000000 -0.000000
28  -0.000000 0.000000 0.000000  0.647022 -0.013333 -0.388317
29  0.020122 -0.201077 -0.017893  -0.000150 -0.004258 0.124371
30  0.010469 -0.100374 -0.010235  0.003285 -0.034522 -0.003441
31  0.018520 -0.186856 -0.018449  0.061946 0.006262 0.001002
32  -0.032222 -0.200100 -0.061496  -0.006144 0.040671 -0.000322
33  0.009310 -0.057389 -0.045571  0.135028 0.026002 0.009765
34  0.068956 -0.193197 -0.059302  -0.006160 0.040548 -0.000330
35  0.008683 -0.056712 -0.045241  0.135029 0.025425 0.009563
36  0.102133 -0.077572 -0.031830  0.000018 0.198946 0.025529
37  0.034314 -0.028672 -0.001806  0.029545 0.073997 -0.202702
38  0.001143 0.000000 -0.181958  -0.043830 0.058481 -0.003647
39  0.004961 -0.000269 -0.096018  0.159751 -0.042976 -0.026122
40  -0.011623 0.003704 -0.088948  -0.008456 0.022040 0.000166
41  -0.007644 0.000000 -0.210641  -0.064452 -0.023703 -0.001215
time 20
0  0 0 0  0 0 0
1  0.000000 0.000010 0.000000  -1.570796 -0.000000 0.000000
2  0.000000 0.000000 0.000000  0.000000 -0.000000 0.000000
3  0.000000 0.000000 0.000000  0.000000 -0.000000 0.000000
4  0.006445 -0.000000 0.753335  0.000000 -0.000000 0.000000
5  0.021600 -0.025832 -0.001484  -0.015882 0.001575 -0.000013
6  -0.000000 -0.000000 0.000000  0.000000 -0.000000 0.000000
7  -0.000000 -0.000000 0.000000  -0.069135 -0.193890 0.000050
8  0.002937 -0.000000 0.194891  -0.000000 -0.000000 -0.000000
9  0.003500 0.000000 0.083408  -0.000000 -0.000000 -0.000000
10  -0.012239 -0.000000 0.122389  -0.000000 -0.000000 -0.000000
11  0.000267 -0.000000 0.055138  -0.000000 0.010205 -0.000000
12  0.003234 0.000000 0.052281  -0.000000 -0.040436 0.000000
13  -0.001319 0.000000 0.060214  0.062270 0.138637 -0.000021
14  -0.039876 0.060989 0.002159  -0.519661 0.038128 0.046823
15  0.043265 0.077505 0.036874  -0.000000 -0.000000 -0.000000
16  0.000000 -0.000000 0.000000  -0.410680 0.543682 0.059956
17  0.020259 0.201078 -0.017731  0.001734 -0.015947 -0.245744
18  0.010537 0.100376 -0.010148  0.003375 0.034545 -0.003297
19  0.018646 0.186860 -0.018292  0.190408 -0.019841 0.000606
20  -0.032088 0.200172 -0.061335  -0.077924 0.046850 -0.004304
21  0.009278 0.058322 -0.044375  -0.119717 0.041303 -0.009838
22  0.069086 0.193199 -0.059144  -0.078054 0.039871 -0.003684
23  0.008560 0.057628 -0.044090  -0.119765 0.038606 -0.009259
24  0.102185 0.077529 -0.031768  0.000408 0.131041 -0.090198
25  0.038420 0.022931 -0.000959  -0.024715 0.133491 0.360872
26  -0.039647 -0.056266 0.002069  0.453809 0.010573 -0.042647
27  0.042760 -0.082398 0.038132  -0.000000 -0.000000 -0.000000
28  -0.000000 -0.000000 0.000000  0.655684 -0.037328 -0.379144
29  0.020122 -0.201078 -0.017893  -0.000006 -0.001969 0.101067
30  0.010469 -0.100374 -0.010235  0.003285 -0.034522 -0.003441
31  0.018520 -0.186856 -0.018449  0.053876 0.005456 0.000850
32  -0.032222 -0.200100 -0.061496  -0.006144 0.040671 -0.000322
33  0.009310 -0.057389 -0.045571  0.135028 0.026002 0.009765
34  0.068956 -0.193197 -0.059302  -0.006160 0.040548 -0.000330
35  0.008683 -0.056712 -0.045241  0.135029 0.025425 0.009563
36  0.102133 -0.077572 -0.031829  0.000018 0.198946 0.025529
37  0.034314 -0.028672 -0.001806  0.029545 0.073997 -0.202702
38  0.001143 0.000000 -0.181958  -0.039682 0.067048 -0.003506
39  0.004961 -0.000269 -0.096018  0.160667 -0.038921 -0.025770
40  -0.011623 0.003704 -0.088948  -0.009935 0.021572 0.000210
41  -0.007644 0.000000 -0.210641  -0.065894 -0.033700 -0.000722
time 21
0  0 0 0  0 0 0
1  0.000000 0.000010 0.000000  -1.570796 -0.000000 0.000000
2  0.000000 0.000000 0.000000  0.000000 -0.000000 0.000000
3  0.000000 0.000000 0.000000  0.000000 -0.000000 0.000000
4  0.006445 -0.000000 0.753335  0.000000 -0.000000 0.000000
5  0.027584 -0.026917 -0.001732  -0.017108 0.003550 -0.000028
6  -0.000000 0.000000 -0.000000  -0.000000 -0.000000 -0.000000
7  -0.000000 0.000000 -0.000000  -0.068513 -0.205529 0.000035
8  0.002937 -0.000000 0.194891  -0.000000 -0.000000 -0.000000
9  0.003500 0.000000 0.083408  -0.000000 -0.000000 -0.000000
10  -0.012239 -0.000000 0.122389  -0.000000 -0.000000 -0.000000
11  0.000267 -0.000000 0.055138  -0.000000 0.007149 0.000000
12  0.003234 0.000000 0.052281  0.000000 -0.028302 0.000000
13  -0.001318 -0.000000 0.060214  0.066172 0.144175 0.000004
14  -0.039876 0.060989 0.002159  -0.542996 0.049819 0.045795
15  0.043265 0.077505 0.036874  -0.000000 -0.000000 0.000000
16  -0.000000 -0.000000 0.000000  -0.390011 0.529171 0.078033
17  0.020260 0.201078 -0.017731  0.001537 -0.014921 -0.235033
18  0.010537 0.100376 -0.010148  0.003375 0.034545 -0.003297
19  0.018646 0.186860 -0.018292  0.174646 -0.018192 0.000699
20  -0.032088 0.200172 -0.061335  -0.077925 0.046850 -0.004304
21  0.009278 0.058322 -0.044375  -0.119717 0.041303 -0.009838
22  0.069086 0.193200 -0.059144  -0.078054 0.039871 -0.003684
23  0.008560 0.057628 -0.044090  -0.119765 0.038606 -0.009259
24  0.102185 0.077529 -0.031768  0.000408 0.131041 -0.090198
25  0.038420 0.022931 -0.000959  -0.024715 0.133491 0.360872
26  -0.039647 -0.056266 0.002069  0.453809 0.010573 -0.042647
27  0.042761 -0.082398 0.038132  -0.000000 0.000000 -0.000000
28  0.000000 -0.000000 0.000000  0.663714 -0.058756 -0.371044
29  0.020122 -0.201077 -0.017893  0.000074 -0.000052 0.081570
30  0.010469 -0.100374 -0.010235  0.003285 -0.034522 -0.003441
31  0.018520 -0.186856 -0.018450  0.046658 0.004731 0.000720
32  -0.032222 -0.200100 -0.061496  -0.006144 0.040671 -0.000322
33  0.009310 -0.057389 -0.045571  0.135028 0.026002 0.009765
34  0.068956 -0.193197 -0.059302  -0.006160 0.040548 -0.000330
35  0.008683 -0.056712 -0.045241  0.135029 0.025425 0.009563
36  0.102133 -0.077572 -0.031830  0.000018 0.198946 0.025529
37  0.034314 -0.028672 -0.001806  0.029545 0.073997 -0.202702
38  0.001143 0.000000 -0.181958  -0.035464 0.074974 -0.003309
39  0.004961 -0.000269 -0.096018  0.161248 -0.035227 -0.025409
40  -0.011623 0.003704 -0.088948  -0.010975 0.021162 0.000243
41  -0.007644 0.000000 -0.210641  -0.067404 -0.042898 -0.000259
time 22
0  0 0 0  0 0 0
1  0.000000 0.000010 0.000000  -1.570796 -0.000000 0.000000
2  0.000000 0.000000 0.000000  0.000000 -0.000000 0.000000
3  0.000000 0.000000 0.000000  0.000000 -0.000000 0.000000
4  0.006445 -0.000000 0.753335  0.000000 -0.000000 0.000000
5  0.031086 -0.027881 -0.001907  -0.018675 0.004707 -0.000027
6  0.000000 0.000000 0.000000  -0.000000 0.000000 0.000000
7  -0.000000 0.000000 0.000000  -0.068273 -0.212311 0.000035
8  0.002937 0.000000 0.194891  -0.000000 -0.000000 -0.000000
9  0.003500 0.000000 0.083408  -0.000000 -0.000000 -0.000000
10  -0.012239 0.000000 0.122389  -0.000000 -0.000000 -0.000000
11  0.000267 0.000000 0.055137  -0.000000 0.005361 -0.000000
12  0.003234 0.000000 0.052281  0.000000 -0.021227 0.000000
13  -0.001318 -0.000000 0.060214  0.069530 0.147403 -0.000008
14  -0.039876 0.060989 0.002159  -0.556428 0.056540 0.045079
15  0.043265 0.077506 0.036874  0.000000 0.000000 0.000000
16  0.000000 -0.000000 -0.000000  -0.386272 0.517341 0.075288
17  0.020259 0.201078 -0.017731  0.001116 -0.012498 -0.209817
18  0.010537 0.100375 -0.010148  0.003375 0.034545 -0.003297
19  0.018646 0.186860 -0.018293  0.152409 -0.015868 0.000787
20  -0.032087 0.200172 -0.061335  -0.077925 0.046850 -0.004304
21  0.009278 0.058322 -0.044375  -0.119717 0.041303 -0.009838
22  0.069086 0.193199 -0.059144  -0.078054 0.039871 -0.003684
23  0.008560 0.057628 -0.044090  -0.119765 0.038606 -0.009259
24  0.102185 0.077529 -0.031768  0.000408 0.131041 -0.090198
25  0.038420 0.022931 -0.000959  -0.024715 0.133491 0.360872
26  -0.039647 -0.056266 0.002069  0.453809 0.010573 -0.042647
27  0.042761 -0.082398 0.038132  0.000000 -0.000000 -0.000000
28  -0.000000 -0.000000 0.000000  0.669556 -0.067054 -0.367409
29  0.020122 -0.201078 -0.017893  0.000075 -0.000004 0.081074
30  0.010469 -0.100374 -0.010235  0.003285 -0.034522 -0.003441
31  0.018520 -0.186856 -0.018450  0.043702 0.004420 0.000666
32  -0.032222 -0.200101 -0.061496  -0.006144 0.040671 -0.000322
33  0.009310 -0.057389 -0.045571  0.135028 0.026002 0.009765
34  0.068956 -0.193197 -0.059302  -0.006160 0.040548 -0.000330
35  0.008683 -0.056712 -0.045241  0.135029 0.025425 0.009563
36  0.102133 -0.077572 -0.031829  0.000018 0.198946 0.025528
37  0.034314 -0.028672 -0.001806  0.029545 0.073997 -0.202702
38  0.001143 0.000000 -0.181958  -0.030903 0.079691 -0.002992
39  0.004961 -0.000269 -0.096018  0.160141 -0.033330 -0.025016
40  -0.011623 0.003704 -0.088948  -0.009818 0.021044 0.000212
41  -0.007644 0.000000 -0.210641  -0.069232 -0.048111 -0.000010
time 23
0  0 0 0  0 0 0
1  0.000000 0.000010 0.000000  -1.570796 -0.000000 0.000000
2  0.000000 0.000000 0.000000  0.000000 -0.000000 0.000000
3  0.000000 0.000000 0.000000  0.000000 -0.000000 0.000000
4  0.006445 -0.000000 0.753335  0.000000 -0.000000 0.000000
5  0.034589 -0.028844 -0.002082  -0.020243 0.005864 -0.000028
6  0.000000 0.000000 0.000000  0.000000 0.000000 -0.000000
7  0.000000 0.000000 0.000000  -0.068033 -0.219093 0.000034
8  0.002937 0.000000 0.194891  -0.000000 0.000000 0.000000
9  0.003500 0.000000 0.083408  -0.000000 0.000000 0.000000
10  -0.012239 -0.000000 0.122389  -0.000000 0.000000 0.000000
11  0.000267 0.000000 0.055137  -0.000000 0.003574 -0.000000
12  0.003234 0.000000 0.052281  0.000000 -0.014151 -0.000000
13  -0.001319 -0.000000 0.060214  0.072890 0.150630 -0.000010
14  -0.039876 0.060989 0.002159  -0.569872 0.063250 0.044272
15  0.043265 0.077505 0.036874  -0.000000 -0.000000 0.000000
16  0.000000 0.000000 -0.000000  -0.382521 0.505518 0.072509
17  0.020259 0.201078 -0.017731  0.000755 -0.010064 -0.184596
18  0.010537 0.100376 -0.010148  0.003375 0.034545 -0.003297
19  0.018646 0.186860 -0.018292  0.130168 -0.013543 0.000823
20  -0.032087 0.200172 -0.061335  -0.077924 0.046850 -0.004304
21  0.009278 0.058322 -0.044375  -0.119717 0.041303 -0.009838
22  0.069086 0.193199 -0.059144  -0.078054 0.039872 -0.003684
23  0.008560 0.057628 -0.044090  -0.119765 0.038606 -0.009259
24  0.102185 0.077529 -0.031768  0.000408 0.131041 -0.090199
25  0.038420 0.022931 -0.000959  -0.024715 0.133491 0.360872
26  -0.039647 -0.056266 0.002069  0.453809 0.010573 -0.042647
27  0.042761 -0.082398 0.038132  0.000000 -0.000000 -0.000000
28  0.000000 -0.000000 0.000000  0.675371 -0.075374 -0.363821
29  0.020122 -0.201078 -0.017893  0.000077 0.000045 0.080579
30  0.010469 -0.100374 -0.010235  0.003285 -0.034522 -0.003441
31  0.018520 -0.186856 -0.018449  0.040747 0.004109 0.000614
32  -0.032222 -0.200101 -0.061496  -0.006144 0.040671 -0.000322
33  0.009310 -0.057389 -0.045571  0.135028 0.026002 0.009765
34  0.068956 -0.193197 -0.059302  -0.006160 0.040548 -0.000330
35  0.008683 -0.056712 -0.045241  0.135029 0.025425 0.009563
36  0.102133 -0.077572 -0.031829  0.000018 0.198946 0.025529
37  0.034314 -0.028672 -0.001806  0.029545 0.073997 -0.202702
38  0.001143 0.000000 -0.181958  -0.026338 0.084407 -0.002652
39  0.004961 -0.000269 -0.096018  0.159036 -0.031434 -0.024624
40  -0.011623 0.003704 -0.088948  -0.008661 0.020927 0.000180
41  -0.007644 0.000000 -0.210641  -0.071062 -0.053324 0.000249
time 24
0  0 0 0  0 0 0
1  0.000000 0.000010 0.000000  -1.570796 -0.000000 0.000000
2  0.000000 0.000000 0.000000  0.000000 -0.000000 0.000000
3  0.000000 0.000000 0.000000  0.000000 -0.000000 0.000000
4  0.006445 -0.000000 0.753335  0.000000 -0.000000 0.000000
5  0.038092 -0.029807 -0.002257  -0.021810 0.007022 -0.000030
6  -0.000000 -0.000000 0.000000  0.000000 -0.000000 -0.000000
7  -0.000000 -0.000000 0.000000  -0.067793 -0.225875 0.000031
8  0.002937 -0.000000 0.194891  0.000000 0.000000 0.000000
9  0.003500 0.000000 0.083408  0.000000 0.000000 0.000000
10  -0.012239 0.000000 0.122389  0.000000 0.000000 0.000000
11  0.000267 -0.000000 0.055138  0.000000 0.001787 -0.000000
12  0.003234 0.000000 0.052281  -0.000000 -0.007075 0.000000
13  -0.001319 -0.000000 0.060214  0.076251 0.153857 -0.000001
14  -0.039876 0.060989 0.002159  -0.583328 0.069950 0.043375
15  0.043265 0.077505 0.036874  -0.000000 0.000000 0.000000
16  0.000000 -0.000000 -0.000000  -0.378757 0.493705 0.069699
17  0.020260 0.201078 -0.017731  0.000457 -0.007622 -0.159376
18  0.010537 0.100376 -0.010148  0.003375 0.034545 -0.003297
19  0.018646 0.186860 -0.018292  0.107928 -0.011217 0.000807
20  -0.032088 0.200172 -0.061335  -0.077925 0.046850 -0.004304
21  0.009278 0.058322 -0.044375  -0.119717 0.041303 -0.009838
22  0.069086 0.193199 -0.059144  -0.078054 0.039871 -0.003684
23  0.008560 0.057628 -0.044090  -0.119765 0.038606 -0.009259
24  0.102185 0.077529 -0.031768  0.000408 0.131041 -0.090199
25  0.038420 0.022931 -0.000959  -0.024715 0.133491 0.360872
26  -0.039647 -0.056266 0.002069  0.453809 0.010573 -0.042647
27  0.042760 -0.082398 0.038132  0.000000 -0.000000 0.000000
28  -0.000000 -0.000000 0.000000  0.681161 -0.083714 -0.360279
29  0.020122 -0.201078 -0.017893  0.000078 0.000094 0.080083
30  0.010469 -0.100374 -0.010235  0.003285 -0.034522 -0.003441
31  0.018520 -0.186856 -0.018449  0.037791 0.003798 0.000562
32  -0.032222 -0.200100 -0.061496  -0.006144 0.040671 -0.000322
33  0.009310 -0.057389 -0.045571  0.135028 0.026002 0.009765
34  0.068956 -0.193197 -0.059302  -0.006160 0.040548 -0.000330
35  0.008683 -0.056712 -0.045241  0.135029 0.025425 0.009563
36  0.102133 -0.077572 -0.031830  0.000018 0.198946 0.025529
37  0.034314 -0.028672 -0.001806  0.029545 0.073997 -0.202702
38  0.001143 0.000000 -0.181958  -0.021770 0.089122 -0.002291
39  0.004961 -0.000269 -0.096018  0.157932 -0.029537 -0.024235
40  -0.011623 0.003704 -0.088948  -0.007504 0.020809 0.000149
41  -0.007644 0.000000 -0.210641  -0.072894 -0.058536 0.000517
time 25
0  0 0 0  0 0 0
1  0.000000 0.000010 0.000000  -1.570796 -0.000000 0.000000
2  0.000000 0.000000 0.000000  0.000000 -0.000000 0.000000
3  0.000000 0.000000 0.000000  0.000000 -0.000000 0.000000
4  0.006445 -0.000000 0.753335  0.000000 -0.000000 0.000000
5  0.041595 -0.030770 -0.002432  -0.023378 0.008179 -0.000035
6  -0.000000 -0.000000 -0.000000  -0.000000 -0.000000 -0.000000
7  -0.000000 -0.000000 -0.000000  -0.067552 -0.232658 0.000027
8  0.002937 0.000000 0.194891  -0.000000 0.000000 0.000000
9  0.003500 0.000000 0.083408  -0.000000 0.000000 0.000000
10  -0.012239 0.000000 0.122389  -0.000000 0.000000 0.000000
11  0.000267 0.000000 0.055137  -0.000000 0.000000 0.000000
12  0.003234 0.000000 0.052281  -0.000000 0.000000 0.000000
13  -0.001319 0.000000 0.060214  0.079614 0.157085 0.000019
14  -0.039876 0.060989 0.002159  -0.596794 0.076635 0.042387
15  0.043265 0.077505 0.036874  -0.000000 0.000000 0.000000
16  -0.000000 0.000000 -0.000000  -0.374979 0.481903 0.066856
17  0.020260 0.201079 -0.017731  0.000220 -0.005174 -0.134167
18  0.010537 0.100376 -0.010148  0.003375 0.034545 -0.003297
19  0.018646 0.186860 -0.018292  0.085695 -0.008892 0.000739
20  -0.032088 0.200172 -0.061335  -0.077924 0.046850 -0.004304
21  0.009278 0.058322 -0.044375  -0.119717 0.041303 -0.009838
22  0.069086 0.193199 -0.059144  -0.078054 0.039872 -0.003684
23  0.008560 0.057628 -0.044090  -0.119765 0.038606 -0.009259
24  0.102185 0.077529 -0.031768  0.000408 0.131041 -0.090199
25  0.038420 0.022931 -0.000959  -0.024715 0.133491 0.360872
26  -0.039647 -0.056266 0.002069  0.453809 0.010573 -0.042647
27  0.042761 -0.082398 0.038132  0.000000 -0.000000 0.000000
28  0.000000 -0.000000 0.000000  0.686925 -0.092074 -0.356783
29  0.020122 -0.201078 -0.017893  0.000080 0.000143 0.079587
30  0.010469 -0.100374 -0.010235  0.003285 -0.034522 -0.003441
31  0.018520 -0.186856 -0.018449  0.034835 0.003487 0.000511
32  -0.032222 -0.200101 -0.061496  -0.006144 0.040671 -0.000322
33  0.009310 -0.057389 -0.045571  0.135028 0.026002 0.009765
34  0.068956 -0.193197 -0.059302  -0.006160 0.040548 -0.000330
35  0.008683 -0.056712 -0.045241  0.135029 0.025425 0.009563
36  0.102133 -0.077572 -0.031829  0.000018 0.198946 0.025528
37  0.034314 -0.028672 -0.001806  0.029545 0.073997 -0.202702
38  0.001143 0.000000 -0.181958  -0.017199 0.093835 -0.001907
39  0.004961 -0.000269 -0.096018  0.156828 -0.027639 -0.023848
40  -0.011623 0.003704 -0.088948  -0.006347 0.020692 0.000117
41  -0.007644 0.000000 -0.210641  -0.074728 -0.063747 0.000795
time 26
0  0 0 0  0 0 0
1  0.000000 0.000010 0.000000  -1.570796 -0.000000 0.000000
2  0.000000 0.000000 0.000000  0.000000 -0.000000 0.000000
3  0.000000 0.000000 0.000000  0.000000 -0.000000 0.000000
4  0.006445 -0.000000 0.753335  0.000000 -0.000000 0.000000
5  0.038092 -0.031412 -0.002257  -0.025443 0.007022 -0.000043
6  -0.000000 0.000000 -0.000000  0.000000 -0.000000 -0.000000
7  -0.000000 0.000000 -0.000000  -0.067482 -0.225874 0.000025
8  0.002937 0.000000 0.194891  -0.000000 0.000000 0.000000
9  0.003500 0.000000 0.083408  -0.000000 0.000000 0.000000
10  -0.012239 -0.000000 0.122389  -0.000000 0.000000 0.000000
11  0.000267 -0.000000 0.055138  -0.000000 0.001787 0.000000
12  0.003234 0.000000 0.052281  -0.000000 -0.007075 0.000000
13  -0.001319 0.000000 0.060214  0.081163 0.153855 0.000025
14  -0.039876 0.060989 0.002159  -0.589897 0.073212 0.042904
15  0.043265 0.077505 0.036874  -0.000000 -0.000000 0.000000
16  0.000000 -0.000000 -0.000000  -0.388907 0.492294 0.054987
17  0.020260 0.201078 -0.017731  0.000204 -0.004980 -0.132169
18  0.010537 0.100376 -0.010148  0.003374 0.034545 -0.003297
19  0.018646 0.186860 -0.018292  0.073149 -0.007580 0.000678
20  -0.032087 0.200172 -0.061335  -0.077924 0.046850 -0.004304
21  0.009278 0.058322 -0.044375  -0.119717 0.041303 -0.009838
22  0.069086 0.193199 -0.059144  -0.078054 0.039872 -0.003684
23  0.008560 0.057628 -0.044090  -0.119765 0.038606 -0.009259
24  0.102185 0.077529 -0.031768  0.000408 0.131041 -0.090198
25  0.038420 0.022931 -0.000959  -0.024715 0.133491 0.360872
26  -0.039647 -0.056266 0.002069  0.453809 0.010573 -0.042647
27  0.042760 -0.082398 0.038132  -0.000000 -0.000000 -0.000000
28  -0.000000 -0.000000 0.000000  0.685033 -0.082825 -0.336007
29  0.020122 -0.201078 -0.017893  0.000078 0.000088 0.080141
30  0.010469 -0.100374 -0.010235  0.003285 -0.034522 -0.003441
31  0.018520 -0.186856 -0.018450  0.047176 0.004743 0.000724
32  -0.032222 -0.200101 -0.061496  -0.006144 0.040671 -0.000322
33  0.009310 -0.057389 -0.045571  0.135028 0.026002 0.009765
34  0.068956 -0.193197 -0.059302  -0.006160 0.040548 -0.000330
35  0.008683 -0.056712 -0.045241  0.135029 0.025425 0.009563
36  0.102133 -0.077572 -0.031829  0.000018 0.198946 0.025528
37  0.034314 -0.028672 -0.001806  0.029545 0.073997 -0.202702
38  0.001143 0.000000 -0.181958  -0.013524 0.089148 -0.001512
39  0.004961 -0.000269 -0.096018  0.153592 -0.029837 -0.023632
40  -0.011623 0.003704 -0.088948  -0.000737 0.021029 -0.000015
41  -0.007644 0.000000 -0.210641  -0.077468 -0.058498 0.000473
time 27
0  0 0 0  0 0 0
1  0.000000 0.000010 0.000000  -1.570796 -0.000000 0.000000
2  0.000000 0.000000 0.000000  0.000000 -0.000000 0.000000
3  0.000000 0.000000 0.000000  0.000000 -0.000000 0.000000
4  0.006445 -0.000000 0.753335  0.000000 -0.000000 0.000000
5  0.034589 -0.032055 -0.002082  -0.027509 0.005864 -0.000049
6  0.000000 0.000000 0.000000  0.000000 -0.000000 0.000000
7  0.000000 0.000000 0.000000  -0.067413 -0.219090 0.000025
8  0.002937 0.000000 0.194891  -0.000000 -0.000000 0.000000
9  0.003500 0.000000 0.083408  -0.000000 -0.000000 0.000000
10  -0.012239 0.000000 0.122389  -0.000000 -0.000000 0.000000
11  0.000267 0.000000 0.055137  -0.000000 0.003574 0.000000
12  0.003234 0.000000 0.052281  -0.000000 -0.014151 0.000000
13  -0.001319 -0.000000 0.060214  0.082712 0.150626 0.000025
14  -0.039876 0.060989 0.002159  -0.583004 0.069786 0.043398
15  0.043265 0.077506 0.036874  -0.000000 0.000000 0.000000
16  0.000000 -0.000000 -0.000000  -0.403055 0.502538 0.042887
17  0.020260 0.201078 -0.017731  0.000188 -0.004786 -0.130171
18  0.010537 0.100376 -0.010148  0.003375 0.034545 -0.003297
19  0.018646 0.186860 -0.018292  0.060602 -0.006268 0.000601
20  -0.032088 0.200172 -0.061335  -0.077924 0.046850 -0.004304
21  0.009278 0.058322 -0.044375  -0.119717 0.041303 -0.009838
22  0.069086 0.193199 -0.059144  -0.078054 0.039871 -0.003684
23  0.008560 0.057628 -0.044090  -0.119765 0.038606 -0.009259
24  0.102185 0.077529 -0.031768  0.000408 0.131041 -0.090199
25  0.038420 0.022931 -0.000959  -0.024715 0.133491 0.360872
26  -0.039647 -0.056266 0.002069  0.453809 0.010573 -0.042647
27  0.042761 -0.082398 0.038132  -0.000000 0.000000 -0.000000
28  0.000000 -0.000000 0.000000  0.683335 -0.073537 -0.315258
29  0.020122 -0.201077 -0.017893  0.000076 0.000034 0.080695
30  0.010469 -0.100374 -0.010235  0.003285 -0.034522 -0.003441
31  0.018520 -0.186856 -0.018449  0.059517 0.005997 0.000953
32  -0.032222 -0.200100 -0.061496  -0.006144 0.040671 -0.000322
33  0.009310 -0.057389 -0.045571  0.135028 0.026002 0.009765
34  0.068956 -0.193197 -0.059302  -0.006160 0.040548 -0.000330
35  0.008683 -0.056712 -0.045241  0.135029 0.025425 0.009563
36  0.102133 -0.077572 -0.031829  0.000018 0.198946 0.025529
37  0.034314 -0.028672 -0.001806  0.029545 0.073997 -0.202702
38  0.001143 0.000000 -0.181958  -0.009852 0.084460 -0.001135
39  0.004961 -0.000269 -0.096018  0.150356 -0.032033 -0.023408
40  -0.011623 0.003704 -0.088948  0.004872 0.021366 -0.000146
41  -0.007644 0.000000 -0.210641  -0.080210 -0.053249 0.000138
time 28
0  0 0 0  0 0 0
1  0.000000 0.000010 0.000000  -1.570796 -0.000000 0.000000
2  0.000000 0.000000 0.000000  0.000000 -0.000000 0.000000
3  0.000000 0.000000 0.000000  0.000000 -0.000000 0.000000
4  0.006445 -0.000000 0.753335  0.000000 -0.000000 0.000000
5  0.031086 -0.032697 -0.001907  -0.029575 0.004707 -0.000053
6  -0.000000 0.000000 -0.000000  -0.000000 0.000000 0.000000
7  0.000000 0.000000 -0.000000  -0.067343 -0.212307 0.000024
8  0.002937 -0.000000 0.194891  -0.000000 -0.000000 -0.000000
9  0.003500 0.000000 0.083408  -0.000000 -0.000000 -0.000000
10  -0.012239 -0.000000 0.122389  -0.000000 -0.000000 -0.000000
11  0.000267 -0.000000 0.055138  -0.000000 0.005361 0.000000
12  0.003234 0.000000 0.052281  0.000000 -0.021227 -0.000000
13  -0.001318 -0.000000 0.060214  0.084260 0.147396 0.000021
14  -0.039876 0.060989 0.002159  -0.576114 0.066356 0.043867
15  0.043265 0.077505 0.036874  -0.000000 -0.000000 0.000000
16  0.000000 -0.000000 0.000000  -0.417425 0.512629 0.030552
17  0.020259 0.201078 -0.017731  0.000173 -0.004591 -0.128174
18  0.010537 0.100376 -0.010148  0.003375 0.034545 -0.003297
19  0.018646 0.186860 -0.018292  0.048055 -0.004957 0.000507
20  -0.032088 0.200172 -0.061335  -0.077925 0.046850 -0.004304
21  0.009278 0.058322 -0.044375  -0.119717 0.041303 -0.009838
22  0.069086 0.193199 -0.059144  -0.078054 0.039871 -0.003684
23  0.008560 0.057628 -0.044090  -0.119765 0.038606 -0.009259
24  0.102185 0.077529 -0.031768  0.000408 0.131041 -0.090198
25  0.038420 0.022931 -0.000959  -0.024715 0.133491 0.360872
26  -0.039647 -0.056266 0.002069  0.453809 0.010573 -0.042647
27  0.042761 -0.082398 0.038132  0.000000 -0.000000 -0.000000
28  -0.000000 -0.000000 0.000000  0.681831 -0.064215 -0.294537
29  0.020122 -0.201078 -0.017893  0.000075 -0.000021 0.081249
30  0.010469 -0.100374 -0.010235  0.003285 -0.034522 -0.003441
31  0.018520 -0.186856 -0.018450  0.071860 0.007248 0.001197
32  -0.032222 -0.200100 -0.061496  -0.006144 0.040671 -0.000322
33  0.009310 -0.057389 -0.045571  0.135028 0.026002 0.009765
34  0.068956 -0.193197 -0.059302  -0.006160 0.040548 -0.000330
35  0.008683 -0.056712 -0.045241  0.135029 0.025425 0.009563
36  0.102133 -0.077572 -0.031829  0.000018 0.198946 0.025529
37  0.034314 -0.028672 -0.001806  0.029545 0.073997 -0.202702
38  0.001143 0.000000 -0.181958  -0.006183 0.079770 -0.000775
39  0.004961 -0.000269 -0.096018  0.147118 -0.034229 -0.023178
40  -0.011623 0.003704 -0.088948  0.010482 0.021705 -0.000274
41  -0.007644 0.000000 -0.210641  -0.082953 -0.048000 -0.000212
time 29
0  0 0 0  0 0 0
1  0.000000 0.000010 0.000000  -1.570796 -0.000000 0.000000
2  0.000000 0.000000 0.000000  0.000000 -0.000000 0.000000
3  0.000000 0.000000 0.000000  0.000000 -0.000000 0.000000
4  0.006445 -0.000000 0.753335  0.000000 -0.000000 0.000000
5  0.027584 -0.033339 -0.001732  -0.031640 0.003549 -0.000054
6  -0.000000 -0.000000 0.000000  0.000000 0.000000 0.000000
7  0.000000 -0.000000 0.000000  -0.067273 -0.205523 0.000025
8  0.002937 -0.000000 0.194891  -0.000000 -0.000000 0.000000
9  0.003500 0.000000 0.083408  -0.000000 -0.000000 0.000000
10  -0.012239 0.000000 0.122389  -0.000000 -0.000000 0.000000
11  0.000267 0.000000 0.055138  -0.000000 0.007149 0.000000
12  0.003234 -0.000000 0.052281  -0.000000 -0.028302 -0.000000
13  -0.001319 -0.000000 0.060215  0.085807 0.144167 0.000011
14  -0.039876 0.060989 0.002159  -0.569227 0.062923 0.044313
15  0.043265 0.077505 0.036874  0.000000 -0.000000 0.000000
16  0.000000 -0.000000 0.000000  -0.432018 0.522563 0.017982
17  0.020260 0.201079 -0.017731  0.000157 -0.004397 -0.126176
18  0.010537 0.100376 -0.010148  0.003375 0.034545 -0.003297
19  0.018646 0.186860 -0.018292  0.035509 -0.003648 0.000397
20  -0.032088 0.200172 -0.061335  -0.077925 0.046850 -0.004304
21  0.009278 0.058322 -0.044375  -0.119717 0.041303 -0.009838
22  0.069086 0.193199 -0.059144  -0.078054 0.039872 -0.003684
23  0.008560 0.057628 -0.044090  -0.119765 0.038606 -0.009259
24  0.102185 0.077529 -0.031768  0.000408 0.131041 -0.090198
25  0.038420 0.022931 -0.000959  -0.024715 0.133491 0.360872
26  -0.039647 -0.056266 0.002069  0.453809 0.010573 -0.042647
27  0.042761 -0.082398 0.038132  0.000000 -0.000000 0.000000
28  -0.000000 -0.000000 0.000000  0.680523 -0.054867 -0.273847
29  0.020122 -0.201078 -0.017893  0.000073 -0.000075 0.081803
30  0.010469 -0.100374 -0.010235  0.003285 -0.034522 -0.003441
31  0.018520 -0.186856 -0.018450  0.084201 0.008495 0.001457
32  -0.032222 -0.200100 -0.061496  -0.006144 0.040671 -0.000322
33  0.009310 -0.057389 -0.045571  0.135028 0.026002 0.009765
34  0.068956 -0.193197 -0.059302  -0.006160 0.040548 -0.000330
35  0.008683 -0.056712 -0.045241  0.135029 0.025425 0.009563
36  0.102133 -0.077572 -0.031829  0.000018 0.198946 0.025529
37  0.034314 -0.028672 -0.001806  0.029545 0.073997 -0.202702
38  0.001143 0.000000 -0.181958  -0.002518 0.075079 -0.000432
39  0.004961 -0.000269 -0.096018  0.143880 -0.036424 -0.022941
40  -0.011623 0.003704 -0.088948  0.016091 0.022044 -0.000401
41  -0.007644 0.000000 -0.210641  -0.085696 -0.042753 -0.000577
time 30
0  0 0 0  0 0 0
1  0.000000 0.000010 0.000000  -1.570796 -0.000000 0.000000
2  0.000000 0.000000 0.000000  0.000000 -0.000000 0.000000
3  0.000000 0.000000 0.000000  0.000000 -0.000000 0.000000
4  0.006445 -0.000000 0.753335  0.000000 -0.000000 0.000000
5  0.021600 -0.033859 -0.001484  -0.034048 0.001587 -0.000039
6  0.000000 -0.000000 -0.000000  -0.000000 -0.000000 0.000000
7  0.000000 -0.000000 -0.000000  -0.067292 -0.193884 0.000030
8  0.002937 0.000000 0.194891  0.000000 -0.000000 0.000000
9  0.003500 0.000000 0.083408  0.000000 -0.000000 0.000000
10  -0.012239 -0.000000 0.122389  0.000000 -0.000000 0.000000
11  0.000267 0.000000 0.055137  0.000000 0.010205 0.000000
12  0.003234 0.000000 0.052281  0.000000 -0.040436 0.000000
13  -0.001318 0.000000 0.060215  0.086836 0.138635 0.000019
14  -0.039876 0.060989 0.002159  -0.556457 0.056548 0.045077
15  0.043265 0.077505 0.036874  -0.000000 -0.000000 0.000000
16  0.000000 -0.000000 0.000000  -0.451253 0.540071 0.000727
17  0.020259 0.201078 -0.017731  0.000207 -0.005025 -0.132635
18  0.010537 0.100376 -0.010148  0.003375 0.034545 -0.003297
19  0.018646 0.186860 -0.018292  0.026403 -0.002714 0.000307
20  -0.032087 0.200172 -0.061335  -0.077924 0.046850 -0.004304
21  0.009278 0.058322 -0.044375  -0.119717 0.041303 -0.009838
22  0.069086 0.193199 -0.059144  -0.078054 0.039872 -0.003684
23  0.008560 0.057628 -0.044090  -0.119765 0.038606 -0.009259
24  0.102185 0.077529 -0.031768  0.000408 0.131041 -0.090198
25  0.038420 0.022931 -0.000959  -0.024715 0.133491 0.360872
26  -0.039647 -0.056266 0.002069  0.453809 0.010573 -0.042647
27  0.042761 -0.082398 0.038132  -0.000000 -0.000000 -0.000000
28  -0.000000 -0.000000 0.000000  0.676214 -0.038979 -0.250849
29  0.020122 -0.201078 -0.017893  0.000078 0.000079 0.080230
30  0.010469 -0.100374 -0.010235  0.003285 -0.034522 -0.003441
31  0.018520 -0.186856 -0.018449  0.099394 0.010023 0.001797
32  -0.032222 -0.200100 -0.061496  -0.006144 0.040671 -0.000322
33  0.009310 -0.057389 -0.045571  0.135028 0.026002 0.009765
34  0.068956 -0.193197 -0.059302  -0.006160 0.040548 -0.000330
35  0.008683 -0.056712 -0.045241  0.135029 0.025425 0.009563
36  0.102133 -0.077572 -0.031829  0.000018 0.198946 0.025528
37  0.034314 -0.028672 -0.001806  0.029545 0.073997 -0.202702
38  0.001143 0.000000 -0.181958  0.001488 0.067179 -0.000072
39  0.004961 -0.000269 -0.096018  0.139100 -0.040387 -0.022667
40  -0.011623 0.003704 -0.088948  0.023617 0.022605 -0.000575
41  -0.007644 0.000000 -0.210641  -0.088698 -0.033562 -0.001211
time 31
0  0 0 0  0 0 0
1  0.000000 0.000010 0.000000  -1.570796 -0.000000 0.000000
2  0.000000 0.000000 0.000000  0.000000 -0.000000 0.000000
3  0.000000 0.000000 0.000000  0.000000 -0.000000 0.000000
4  0.006445 -0.000000 0.753335  0.000000 -0.000000 0.000000
5  0.015120 -0.034356 -0.001221  -0.036524 -0.000538 -0.000017
6  -0.000000 0.000000 -0.000000  -0.000000 0.000000 -0.000000
7  0.000000 0.000000 -0.000000  -0.067328 -0.181272 0.000035
8  0.002937 0.000000 0.194891  -0.000000 0.000000 0.000000
9  0.003500 0.000000 0.083408  -0.000000 0.000000 0.000000
10  -0.012239 0.000000 0.122389  -0.000000 0.000000 0.000000
11  0.000267 0.000000 0.055137  -0.000000 0.013516 0.000000
12  0.003234 -0.000000 0.052281  -0.000000 -0.053582 0.000000
13  -0.001319 0.000000 0.060214  0.087759 0.132642 0.000026
14  -0.039876 0.060989 0.002159  -0.542517 0.049574 0.045819
15  0.043265 0.077505 0.036874  -0.000000 0.000000 0.000000
16  0.000000 -0.000000 0.000000  -0.471984 0.558824 -0.018052
17  0.020260 0.201078 -0.017731  0.000276 -0.005818 -0.140786
18  0.010537 0.100376 -0.010148  0.003375 0.034545 -0.003297
19  0.018646 0.186860 -0.018292  0.017984 -0.001857 0.000218
20  -0.032088 0.200172 -0.061335  -0.077925 0.046850 -0.004304
21  0.009278 0.058322 -0.044375  -0.119717 0.041303 -0.009838
22  0.069086 0.193199 -0.059144  -0.078054 0.039872 -0.003684
23  0.008560 0.057628 -0.044090  -0.119765 0.038606 -0.009259
24  0.102185 0.077529 -0.031768  0.000408 0.131041 -0.090198
25  0.038420 0.022931 -0.000959  -0.024715 0.133491 0.360872
26  -0.039647 -0.056266 0.002069  0.453809 0.010573 -0.042647
27  0.042760 -0.082398 0.038132  -0.000000 -0.000000 0.000000
28  -0.000000 0.000000 0.000000  0.671653 -0.021677 -0.227464
29  0.020122 -0.201078 -0.017893  0.000083 0.000276 0.078231
30  0.010469 -0.100374 -0.010235  0.003285 -0.034522 -0.003441
31  0.018520 -0.186856 -0.018450  0.115159 0.011603 0.002174
32  -0.032222 -0.200100 -0.061496  -0.006144 0.040671 -0.000322
33  0.009310 -0.057389 -0.045571  0.135028 0.026002 0.009765
34  0.068956 -0.193197 -0.059302  -0.006160 0.040548 -0.000329
35  0.008683 -0.056712 -0.045241  0.135029 0.025425 0.009563
36  0.102133 -0.077572 -0.031829  0.000018 0.198946 0.025529
37  0.034314 -0.028672 -0.001806  0.029545 0.073997 -0.202702
38  0.001143 0.000000 -0.181958  0.005557 0.058635 0.000261
39  0.004961 -0.000269 -0.096018  0.134008 -0.044703 -0.022366
40  -0.011623 0.003704 -0.088948  0.031527 0.023212 -0.000755
41  -0.007644 0.000000 -0.210641  -0.091756 -0.023582 -0.001926
time 32
0  0 0 0  0 0 0
1  0.000000 0.000010 0.000000  -1.570796 -0.000000 0.000000
2  0.000000 0.000000 0.000000  0.000000 -0.000000 0.000000
3  0.000000 0.000000 0.000000  0.000000 -0.000000 0.000000
4  0.006445 -0.000000 0.753335  0.000000 -0.000000 0.000000
5  0.008640 -0.034852 -0.000958  -0.039000 -0.002661 0.000010
6  -0.000000 0.000000 -0.000000  0.000000 -0.000000 0.000000
7  -0.000000 0.000000 -0.000000  -0.067364 -0.168661 0.000040
8  0.002937 0.000000 0.194891  -0.000000 0.000000 0.000000
9  0.003500 0.000000 0.083408  -0.000000 0.000000 0.000000
10  -0.012239 -0.000000 0.122389  -0.000000 0.000000 0.000000
11  0.000267 -0.000000 0.055138  -0.000000 0.016827 0.000000
12  0.003234 -0.000000 0.052281  0.000000 -0.066729 -0.000000
13  -0.001318 -0.000000 0.060214  0.088682 0.126649 0.000027
14  -0.039876 0.060989 0.002159  -0.528586 0.042590 0.046462
15  0.043265 0.077505 0.036874  0.000000 -0.000000 -0.000000
16  0.000000 -0.000000 0.000000  -0.493382 0.577237 -0.037515
17  0.020259 0.201078 -0.017731  0.000351 -0.006609 -0.148937
18  0.010537 0.100376 -0.010148  0.003375 0.034545 -0.003297
19  0.018646 0.186860 -0.018292  0.009565 -0.001000 0.000121
20  -0.032088 0.200172 -0.061335  -0.077924 0.046850 -0.004304
21  0.009278 0.058322 -0.044375  -0.119717 0.041303 -0.009838
22  0.069086 0.193200 -0.059144  -0.078054 0.039871 -0.003684
23  0.008560 0.057628 -0.044090  -0.119765 0.038606 -0.009259
24  0.102185 0.077529 -0.031768  0.000408 0.131041 -0.090198
25  0.038420 0.022931 -0.000959  -0.024715 0.133491 0.360872
26  -0.039647 -0.056266 0.002069  0.453809 0.010573 -0.042647
27  0.042761 -0.082398 0.038132  0.000000 -0.000000 -0.000000
28  -0.000000 -0.000000 0.000000  0.667499 -0.004271 -0.204161
29  0.020122 -0.201078 -0.017893  0.000089 0.000473 0.076231
30  0.010469 -0.100374 -0.010236  0.003285 -0.034522 -0.003441
31  0.018520 -0.186856 -0.018450  0.130926 0.013176 0.002576
32  -0.032222 -0.200101 -0.061496  -0.006144 0.040671 -0.000322
33  0.009310 -0.057389 -0.045571  0.135028 0.026002 0.009765
34  0.068956 -0.193197 -0.059302  -0.006160 0.040548 -0.000330
35  0.008683 -0.056712 -0.045241  0.135029 0.025425 0.009563
36  0.102133 -0.077572 -0.031830  0.000018 0.198946 0.025529
37  0.034314 -0.028672 -0.001806  0.029545 0.073997 -0.202702
38  0.001143 0.000000 -0.181958  0.009622 0.050089 0.000559
39  0.004961 -0.000269 -0.096018  0.128914 -0.049017 -0.022043
40  -0.011623 0.003704 -0.088948  0.039437 0.023821 -0.000930
41  -0.007644 0.000000 -0.210641  -0.094822 -0.013605 -0.002672
time 33
0  0 0 0  0 0 0
1  0.000000 0.000010 0.000000  -1.570796 -0.000000 0.000000
2  0.000000 0.000000 0.000000  0.000000 -0.000000 0.000000
3  0.000000 0.000000 0.000000  0.000000 -0.000000 0.000000
4  0.006445 -0.000000 0.753335  0.000000 -0.000000 0.000000
5  0.002160 -0.035348 -0.000696  -0.041476 -0.004785 0.000043
6  -0.000000 0.000000 -0.000000  0.000000 -0.000000 0.000000
7  -0.000000 0.000000 -0.000000  -0.067400 -0.156050 0.000045
8  0.002937 0.000000 0.194891  0.000000 -0.000000 -0.000000
9  0.003500 0.000000 0.083408  0.000000 -0.000000 -0.000000
10  -0.012239 0.000000 0.122389  0.000000 -0.000000 -0.000000
11  0.000267 -0.000000 0.055137  0.000000 0.020137 -0.000000
12  0.003234 0.000000 0.052281  -0.000000 -0.079874 0.000000
13  -0.001319 0.000000 0.060214  0.089605 0.120656 0.000022
14  -0.039876 0.060989 0.002159  -0.514665 0.035599 0.047008
15  0.043265 0.077506 0.036874  0.000000 -0.000000 -0.000000
16  0.000000 0.000000 0.000000  -0.515463 0.595285 -0.057682
17  0.020259 0.201078 -0.017731  0.000433 -0.007400 -0.157088
18  0.010537 0.100376 -0.010148  0.003375 0.034545 -0.003297
19  0.018646 0.186860 -0.018293  0.001146 -0.000144 0.000017
20  -0.032088 0.200172 -0.061335  -0.077924 0.046850 -0.004304
21  0.009278 0.058322 -0.044375  -0.119717 0.041303 -0.009838
22  0.069086 0.193199 -0.059144  -0.078054 0.039871 -0.003684
23  0.008560 0.057628 -0.044090  -0.119765 0.038606 -0.009259
24  0.102185 0.077529 -0.031768  0.000408 0.131041 -0.090199
25  0.038420 0.022931 -0.000959  -0.024715 0.133491 0.360872
26  -0.039647 -0.056266 0.002069  0.453809 0.010573 -0.042647
27  0.042761 -0.082398 0.038132  -0.000000 -0.000000 0.000000
28  -0.000000 -0.000000 0.000000  0.663752 0.013221 -0.180936
29  0.020122 -0.201077 -0.017893  0.000094 0.000669 0.074232
30  0.010469 -0.100374 -0.010235  0.003285 -0.034522 -0.003441
31  0.018520 -0.186856 -0.018450  0.146693 0.014742 0.003003
32  -0.032222 -0.200100 -0.061496  -0.006144 0.040671 -0.000322
33  0.009310 -0.057389 -0.045571  0.135028 0.026002 0.009765
34  0.068956 -0.193197 -0.059302  -0.006160 0.040548 -0.000330
35  0.008683 -0.056712 -0.045241  0.135029 0.025425 0.009563
36  0.102133 -0.077572 -0.031829  0.000018 0.198946 0.025528
37  0.034314 -0.028672 -0.001806  0.029545 0.073997 -0.202702
38  0.001143 0.000000 -0.181958  0.013683 0.041543 0.000822
39  0.004961 -0.000269 -0.096018  0.123818 -0.053329 -0.021698
40  -0.011623 0.003704 -0.088948  0.047347 0.024431 -0.001099
41  -0.007644 0.000000 -0.210641  -0.097894 -0.003630 -0.003447
time 34
0  0 0 0  0 0 0
1  0.000000 0.000010 0.000000  -1.570796 -0.000000 0.000000
2  0.000000 0.000000 0.000000  0.000000 -0.000000 0.000000
3  0.000000 0.000000 0.000000  0.000000 -0.000000 0.000000
4  0.006445 -0.000000 0.753335  0.000000 -0.000000 0.000000
5  -0.002316 -0.035747 -0.000511  -0.043493 -0.006265 0.000046
6  0.000000 0.000000 0.000000  0.000000 -0.000000 0.000000
7  -0.000000 0.000000 0.000000  -0.067735 -0.147322 0.000045
8  0.002937 0.000000 0.194891  -0.000000 0.000000 -0.000000
9  0.003500 0.000000 0.083408  -0.000000 0.000000 -0.000000
10  -0.012239 -0.000000 0.122389  -0.000000 0.000000 -0.000000
11  0.000267 -0.000000 0.055138  -0.000000 0.022432 -0.000000
12  0.003234 0.000000 0.052281  0.000000 -0.088968 0.000000
13  -0.001318 -0.000000 0.060214  0.090358 0.116506 0.000027
14  -0.039876 0.060989 0.002159  -0.503013 0.029758 0.047390
15  0.043265 0.077505 0.036874  0.000000 -0.000000 -0.000000
16  0.000000 -0.000000 0.000000  -0.532160 0.611208 -0.073770
17  0.020259 0.201078 -0.017731  0.000547 -0.008420 -0.167611
18  0.010537 0.100376 -0.010148  0.003375 0.034545 -0.003297
19  0.018646 0.186860 -0.018292  -0.005176 0.000509 -0.000066
20  -0.032087 0.200172 -0.061335  -0.077925 0.046850 -0.004304
21  0.009278 0.058322 -0.044375  -0.119717 0.041303 -0.009838
22  0.069086 0.193199 -0.059144  -0.078054 0.039872 -0.003684
23  0.008560 0.057628 -0.044090  -0.119765 0.038606 -0.009259
24  0.102185 0.077529 -0.031768  0.000408 0.131041 -0.090198
25  0.038420 0.022931 -0.000959  -0.024715 0.133491 0.360872
26  -0.039647 -0.056266 0.002069  0.453809 0.010573 -0.042647
27  0.042761 -0.082398 0.038132  -0.000000 -0.000000 -0.000000
28  -0.000000 -0.000000 0.000000  0.658504 0.044601 -0.186218
29  0.020122 -0.201078 -0.017893  0.000006 -0.001725 0.098584
30  0.010469 -0.100374 -0.010236  0.003285 -0.034522 -0.003441
31  0.018520 -0.186856 -0.018450  0.151948 0.015263 0.003151
32  -0.032222 -0.200101 -0.061496  -0.006144 0.040671 -0.000322
33  0.009310 -0.057389 -0.045571  0.135028 0.026002 0.009765
34  0.068956 -0.193197 -0.059302  -0.006160 0.040548 -0.000330
35  0.008683 -0.056712 -0.045241  0.135029 0.025425 0.009563
36  0.102133 -0.077572 -0.031830  0.000018 0.198946 0.025529
37  0.034314 -0.028672 -0.001806  0.029545 0.073997 -0.202702
38  0.001143 0.000000 -0.181958  0.017772 0.035693 0.001084
39  0.004961 -0.000269 -0.096018  0.118901 -0.056470 -0.021238
40  -0.011623 0.003704 -0.088948  0.053372 0.024855 -0.001234
41  -0.007644 0.000000 -0.210641  -0.100013 0.003324 -0.004012
time 35
0  0 0 0  0 0 0
1  0.000000 0.000010 0.000000  -1.570796 -0.000000 0.000000
2  0.000000 0.000000 0.000000  0.000000 -0.000000 0.000000
3  0.000000 0.000000 0.000000  0.000000 -0.000000 0.000000
4  0.006445 -0.000000 0.753335  0.000000 -0.000000 0.000000
5  -0.005789 -0.036097 -0.000365  -0.045281 -0.007423 0.000034
6  -0.000000 0.000000 0.000000  -0.000000 -0.000000 0.000000
7  -0.000000 0.000000 0.000000  -0.068218 -0.140535 0.000040
8  0.002937 0.000000 0.194891  -0.000000 -0.000000 -0.000000
9  0.003500 0.000000 0.083408  -0.000000 -0.000000 -0.000000
10  -0.012239 -0.000000 0.122389  -0.000000 -0.000000 -0.000000
11  0.000267 0.000000 0.055138  -0.000000 0.024220 0.000000
12  0.003234 -0.000000 0.052281  0.000000 -0.096037 -0.000000
13  -0.001319 -0.000000 0.060214  0.091026 0.113276 0.000036
14  -0.039876 0.060989 0.002159  -0.492494 0.024491 0.047676
15  0.043265 0.077505 0.036874  0.000000 -0.000000 -0.000000
16  0.000000 -0.000000 0.000000  -0.546271 0.626068 -0.087919
17  0.020260 0.201078 -0.017731  0.000688 -0.009554 -0.179321
18  0.010537 0.100376 -0.010148  0.003375 0.034545 -0.003297
19  0.018646 0.186860 -0.018292  -0.010450 0.001061 -0.000140
20  -0.032088 0.200172 -0.061335  -0.077924 0.046850 -0.004304
21  0.009278 0.058322 -0.044375  -0.119717 0.041303 -0.009838
22  0.069086 0.193199 -0.059144  -0.078054 0.039872 -0.003684
23  0.008560 0.057628 -0.044090  -0.119765 0.038606 -0.009259
24  0.102185 0.077529 -0.031768  0.000408 0.131041 -0.090199
25  0.038420 0.022931 -0.000959  -0.024715 0.133491 0.360872
26  -0.039647 -0.056266 0.002069  0.453809 0.010573 -0.042647
27  0.042761 -0.082398 0.038132  -0.000000 -0.000000 -0.000000
28  -0.000000 -0.000000 0.000000  0.651724 0.082834 -0.205986
29  0.020122 -0.201078 -0.017893  -0.000243 -0.005413 0.136142
30  0.010469 -0.100374 -0.010235  0.003285 -0.034522 -0.003441
31  0.018520 -0.186856 -0.018450  0.151948 0.015263 0.003151
32  -0.032222 -0.200101 -0.061496  -0.006144 0.040671 -0.000322
33  0.009310 -0.057389 -0.045571  0.135028 0.026002 0.009765
34  0.068956 -0.193197 -0.059302  -0.006160 0.040548 -0.000330
35  0.008683 -0.056712 -0.045241  0.135029 0.025425 0.009563
36  0.102133 -0.077572 -0.031829  0.000018 0.198946 0.025529
37  0.034314 -0.028672 -0.001806  0.029545 0.073997 -0.202702
38  0.001143 0.000000 -0.181958  0.021875 0.031191 0.001342
39  0.004961 -0.000269 -0.096018  0.114074 -0.059024 -0.020717
40  -0.011623 0.003704 -0.088948  0.058457 0.025186 -0.001352
41  -0.007644 0.000000 -0.210641  -0.101655 0.008769 -0.004468
time 36
0  0 0 0  0 0 0
1  0.000000 0.000010 0.000000  -1.570796 -0.000000 0.000000
2  0.000000 0.000000 0.000000  0.000000 -0.000000 0.000000
3  0.000000 0.000000 0.000000  0.000000 -0.000000 0.000000
4  0.006445 -0.000000 0.753335  0.000000 -0.000000 0.000000
5  -0.009263 -0.036448 -0.000219  -0.047069 -0.008581 0.000024
6  0.000000 0.000000 -0.000000  -0.000000 0.000000 -0.000000
7  -0.000000 0.000000 -0.000000  -0.068700 -0.133749 0.000032
8  0.002937 -0.000000 0.194891  0.000000 0.000000 0.000000
9  0.003500 0.000000 0.083408  0.000000 0.000000 0.000000
10  -0.012239 -0.000000 0.122389  0.000000 0.000000 0.000000
11  0.000267 -0.000000 0.055137  0.000000 0.026007 0.000000
12  0.003234 0.000000 0.052281  -0.000000 -0.103106 -0.000000
13  -0.001318 -0.000000 0.060215  0.091694 0.110047 0.000043
14  -0.039876 0.060989 0.002159  -0.481978 0.019221 0.047907
15  0.043265 0.077506 0.036874  0.000000 -0.000000 0.000000
16  0.000000 0.000000 0.000000  -0.560799 0.640762 -0.102483
17  0.020260 0.201078 -0.017731  0.000841 -0.010686 -0.191032
18  0.010537 0.100376 -0.010148  0.003374 0.034545 -0.003297
19  0.018646 0.186860 -0.018292  -0.015724 0.001612 -0.000217
20  -0.032088 0.200172 -0.061335  -0.077925 0.046850 -0.004304
21  0.009278 0.058322 -0.044375  -0.119717 0.041303 -0.009838
22  0.069086 0.193200 -0.059144  -0.078054 0.039871 -0.003684
23  0.008560 0.057628 -0.044090  -0.119765 0.038606 -0.009259
24  0.102185 0.077529 -0.031768  0.000408 0.131041 -0.090198
25  0.038420 0.022931 -0.000959  -0.024715 0.133491 0.360872
26  -0.039647 -0.056266 0.002069  0.453809 0.010573 -0.042647
27  0.042761 -0.082398 0.038132  0.000000 -0.000000 -0.000000
28  -0.000000 0.000000 0.000000  0.644156 0.120939 -0.226100
29  0.020122 -0.201078 -0.017893  -0.000630 -0.009089 0.173712
30  0.010469 -0.100374 -0.010235  0.003285 -0.034522 -0.003441
31  0.018520 -0.186856 -0.018450  0.151948 0.015263 0.003151
32  -0.032222 -0.200100 -0.061496  -0.006144 0.040671 -0.000322
33  0.009310 -0.057389 -0.045571  0.135028 0.026002 0.009765
34  0.068956 -0.193197 -0.059302  -0.006160 0.040548 -0.000330
35  0.008683 -0.056712 -0.045241  0.135029 0.025425 0.009563
36  0.102133 -0.077572 -0.031830  0.000018 0.198946 0.025529
37  0.034314 -0.028672 -0.001806  0.029545 0.073997 -0.202702
38  0.001143 0.000000 -0.181958  0.025977 0.026688 0.001582
39  0.004961 -0.000269 -0.096018  0.109244 -0.061576 -0.020184
40  -0.011623 0.003704 -0.088948  0.063541 0.025517 -0.001468
41  -0.007644 0.000000 -0.210641  -0.103299 0.014213 -0.004932
time 37
0  0 0 0  0 0 0
1  0.000000 0.000010 0.000000  -1.570796 -0.000000 0.000000
2  0.000000 0.000000 0.000000  0.000000 -0.000000 0.000000
3  0.000000 0.000000 0.000000  0.000000 -0.000000 0.000000
4  0.006445 -0.000000 0.753335  0.000000 -0.000000 0.000000
5  -0.012736 -0.036798 -0.000073  -0.048856 -0.009739 0.000016
6  -0.000000 0.000000 -0.000000  -0.000000 -0.000000 -0.000000
7  -0.000000 0.000000 -0.000000  -0.069183 -0.126962 0.000020
8  0.002937 0.000000 0.194891  -0.000000 0.000000 0.000000
9  0.003500 0.000000 0.083408  -0.000000 0.000000 0.000000
10  -0.012239 -0.000000 0.122389  -0.000000 0.000000 0.000000
11  0.000267 0.000000 0.055137  -0.000000 0.027794 0.000000
12  0.003234 0.000000 0.052281  0.000000 -0.110175 0.000000
13  -0.001318 0.000000 0.060214  0.092361 0.106817 0.000048
14  -0.039876 0.060989 0.002159  -0.471464 0.013949 0.048082
15  0.043265 0.077505 0.036874  -0.000000 -0.000000 0.000000
16  0.000000 0.000000 0.000000  -0.575754 0.655280 -0.117475
17  0.020260 0.201078 -0.017731  0.001008 -0.011816 -0.202742
18  0.010537 0.100376 -0.010148  0.003375 0.034545 -0.003297
19  0.018646 0.186860 -0.018292  -0.020997 0.002163 -0.000297
20  -0.032088 0.200172 -0.061335  -0.077924 0.046850 -0.004304
21  0.009278 0.058322 -0.044375  -0.119717 0.041303 -0.009838
22  0.069086 0.193199 -0.059144  -0.078054 0.039872 -0.003684
23  0.008560 0.057628 -0.044090  -0.119765 0.038606 -0.009259
24  0.102185 0.077529 -0.031768  0.000408 0.131041 -0.090198
25  0.038420 0.022931 -0.000959  -0.024715 0.133491 0.360872
26  -0.039647 -0.056266 0.002069  0.453809 0.010573 -0.042647
27  0.042761 -0.082398 0.038132  -0.000000 -0.000000 -0.000000
28  -0.000000 -0.000000 0.000000  0.635777 0.158864 -0.246602
29  0.020122 -0.201078 -0.017893  -0.001155 -0.012747 0.211270
30  0.010469 -0.100374 -0.010235  0.003285 -0.034522 -0.003441
31  0.018520 -0.186856 -0.018450  0.151948 0.015263 0.003151
32  -0.032222 -0.200101 -0.061496  -0.006144 0.040671 -0.000322
33  0.009310 -0.057389 -0.045571  0.135028 0.026002 0.009765
34  0.068956 -0.193197 -0.059302  -0.006160 0.040548 -0.000330
35  0.008683 -0.056712 -0.045241  0.135029 0.025425 0.009563
36  0.102133 -0.077572 -0.031829  0.000018 0.198946 0.025529
37  0.034314 -0.028672 -0.001806  0.029545 0.073997 -0.202702
38  0.001143 0.000000 -0.181958  0.030077 0.022183 0.001804
39  0.004961 -0.000269 -0.096018  0.104412 -0.064126 -0.019638
40  -0.011623 0.003704 -0.088948  0.068626 0.025850 -0.001583
41  -0.007644 0.000000 -0.210641  -0.104947 0.019656 -0.005406
time 38
0  0 0 0  0 0 0
1  0.000000 0.000010 0.000000  -1.570796 -0.000000 0.000000
2  0.000000 0.000000 0.000000  0.000000 -0.000000 0.000000
3  0.000000 0.000000 0.000000  0.000000 -0.000000 0.000000
4  0.006445 -0.000000 0.753335  0.000000 -0.000000 0.000000
5  -0.013232 -0.037031 -0.000044  -0.049985 -0.009908 0.000018
6  0.000000 0.000000 0.000000  -0.000000 0.000000 0.000000
7  -0.000000 0.000000 0.000000  -0.069980 -0.125994 0.000008
8  0.002937 0.000000 0.194891  0.000000 -0.000000 0.000000
9  0.003500 0.000000 0.083408  0.000000 -0.000000 0.000000
10  -0.012239 0.000000 0.122389  0.000000 -0.000000 0.000000
11  0.000267 0.000000 0.055137  0.000000 0.028051 0.000000
12  0.003234 0.000000 0.052281  0.000000 -0.111186 0.000000
13  -0.001319 0.000000 0.060214  0.092934 0.106819 0.000042
14  -0.039876 0.060989 0.002159  -0.465041 0.010722 0.048162
15  0.043265 0.077505 0.036874  0.000000 0.000000 0.000000
16  0.000000 0.000000 0.000000  -0.580001 0.668588 -0.121864
17  0.020259 0.201078 -0.017731  0.001255 -0.013342 -0.218587
18  0.010537 0.100376 -0.010148  0.003375 0.034545 -0.003297
19  0.018646 0.186860 -0.018292  -0.024269 0.002501 -0.000347
20  -0.032088 0.200172 -0.061335  -0.077924 0.046850 -0.004304
21  0.009278 0.058322 -0.044375  -0.119717 0.041303 -0.009838
22  0.069086 0.193199 -0.059144  -0.078054 0.039872 -0.003684
23  0.008560 0.057628 -0.044090  -0.119765 0.038606 -0.009259
24  0.102185 0.077529 -0.031768  0.000408 0.131041 -0.090198
25  0.038420 0.022931 -0.000959  -0.024715 0.133491 0.360872
26  -0.039647 -0.056266 0.002069  0.447218 0.007477 -0.042703
27  0.042761 -0.082398 0.038132  -0.000000 -0.000000 0.000000
28  0.000000 0.000000 0.000000  0.628353 0.194533 -0.285365
29  0.020122 -0.201078 -0.017893  -0.001573 -0.015132 0.235882
30  0.010469 -0.100374 -0.010235  0.003285 -0.034522 -0.003441
31  0.018520 -0.186856 -0.018450  0.131201 0.013215 0.002586
32  -0.032222 -0.200101 -0.061496  -0.006144 0.040671 -0.000322
33  0.009310 -0.057389 -0.045571  0.135028 0.026002 0.009765
34  0.068956 -0.193197 -0.059302  -0.006160 0.040548 -0.000330
35  0.008683 -0.056712 -0.045241  0.135029 0.025425 0.009563
36  0.102133 -0.077572 -0.031830  0.000018 0.198946 0.025529
37  0.034314 -0.028672 -0.001806  0.029545 0.073997 -0.202702
38  0.001143 0.000000 -0.181958  0.033610 0.021525 0.002022
39  0.004961 -0.000269 -0.096018  0.100575 -0.064604 -0.019053
40  -0.011623 0.003704 -0.088948  0.071307 0.025914 -0.001648
41  -0.007644 0.000000 -0.210641  -0.105720 0.020485 -0.005509
time 39
0  0 0 0  0 0 0
1  0.000000 0.000010 0.000000  -1.570796 -0.000000 0.000000
2  0.000000 0.000000 0.000000  0.000000 -0.000000 0.000000
3  0.000000 0.000000 0.000000  0.000000 -0.000000 0.000000
4  0.006445 -0.000000 0.753335  0.000000 -0.000000 0.000000
5  -0.010751 -0.037148 -0.000131  -0.050454 -0.009087 0.000029
6  0.000000 -0.000000 -0.000000  0.000000 -0.000000 -0.000000
7  -0.000000 -0.000000 -0.000000  -0.071093 -0.130845 0.000001
8  0.002937 -0.000000 0.194891  -0.000000 -0.000000 0.000000
9  0.003500 0.000000 0.083408  -0.000000 -0.000000 0.000000
10  -0.012239 0.000000 0.122389  -0.000000 -0.000000 0.000000
11  0.000267 0.000000 0.055137  -0.000000 0.026776 -0.000000
12  0.003234 0.000000 0.052281  0.000000 -0.106141 0.000000
13  -0.001318 0.000000 0.060214  0.093411 0.110052 0.000028
14  -0.039876 0.060989 0.002159  -0.462708 0.009538 0.048185
15  0.043265 0.077505 0.036874  -0.000000 -0.000000 -0.000000
16  0.000000 0.000000 0.000000  -0.573083 0.680798 -0.115193
17  0.020259 0.201078 -0.017731  0.001601 -0.015261 -0.238573
18  0.010537 0.100376 -0.010148  0.003374 0.034545 -0.003297
19  0.018646 0.186860 -0.018292  -0.025540 0.002627 -0.000367
20  -0.032088 0.200172 -0.061335  -0.077924 0.046850 -0.004304
21  0.009278 0.058322 -0.044375  -0.119717 0.041303 -0.009838
22  0.069086 0.193199 -0.059144  -0.078054 0.039872 -0.003684
23  0.008560 0.057628 -0.044090  -0.119765 0.038606 -0.009259
24  0.102185 0.077529 -0.031768  0.000408 0.131041 -0.090199
25  0.038420 0.022931 -0.000959  -0.024715 0.133491 0.360872
26  -0.039647 -0.056266 0.002069  0.434036 0.001282 -0.042755
27  0.042761 -0.082398 0.038131  -0.000000 -0.000000 -0.000000
28  0.000000 0.000000 0.000000  0.620996 0.227914 -0.342662
29  0.020122 -0.201078 -0.017893  -0.001793 -0.016261 0.247575
30  0.010469 -0.100374 -0.010235  0.003285 -0.034522 -0.003441
31  0.018520 -0.186856 -0.018450  0.089674 0.009083 0.001582
32  -0.032222 -0.200100 -0.061496  -0.006144 0.040671 -0.000322
33  0.009310 -0.057389 -0.045571  0.135028 0.026002 0.009765
34  0.068956 -0.193197 -0.059302  -0.006160 0.040548 -0.000330
35  0.008683 -0.056712 -0.045241  0.135029 0.025425 0.009563
36  0.102133 -0.077572 -0.031829  0.000018 0.198946 0.025529
37  0.034314 -0.028672 -0.001806  0.029545 0.073997 -0.202702
38  0.001143 0.000000 -0.181958  0.036576 0.024712 0.002259
39  0.004961 -0.000269 -0.096018  0.097735 -0.063013 -0.018441
40  -0.011623 0.003704 -0.088948  0.071586 0.025710 -0.001667
41  -0.007644 0.000000 -0.210641  -0.105618 0.016701 -0.005235
time 40
0  0 0 0  0 0 0
1  0.000000 0.000010 0.000000  -1.570796 -0.000000 0.000000
2  0.000000 0.000000 0.000000  0.000000 -0.000000 0.000000
3  0.000000 0.000000 0.000000  0.000000 -0.000000 0.000000
4  0.006445 -0.000000 0.753335  0.000000 -0.000000 0.000000
5  -0.008270 -0.037265 -0.000219  -0.050923 -0.008266 0.000040
6  -0.000000 -0.000000 -0.000000  -0.000000 0.000000 0.000000
7  -0.000000 -0.000000 -0.000000  -0.072206 -0.135696 -0.000001
8  0.002937 -0.000000 0.194891  0.000000 -0.000000 -0.000000
9  0.003500 0.000000 0.083408  0.000000 -0.000000 -0.000000
10  -0.012239 0.000000 0.122389  0.000000 -0.000000 -0.000000
11  0.000267 0.000000 0.055137  0.000000 0.025502 -0.000000
12  0.003234 0.000000 0.052281  0.000000 -0.101096 0.000000
13  -0.001319 -0.000000 0.060214  0.093889 0.113286 0.000015
14  -0.039876 0.060989 0.002159  -0.460374 0.008355 0.048207
15  0.043265 0.077505 0.036874  0.000000 -0.000000 0.000000
16  0.000000 0.000000 -0.000000  -0.565989 0.692973 -0.108345
17  0.020260 0.201079 -0.017731  0.001985 -0.017172 -0.258563
18  0.010537 0.100376 -0.010148  0.003375 0.034545 -0.003297
19  0.018646 0.186860 -0.018292  -0.026810 0.002753 -0.000386
20  -0.032088 0.200172 -0.061335  -0.077925 0.046850 -0.004304
21  0.009278 0.058322 -0.044375  -0.119717 0.041303 -0.009838
22  0.069086 0.193200 -0.059144  -0.078054 0.039871 -0.003684
23  0.008560 0.057628 -0.044090  -0.119765 0.038606 -0.009259
24  0.102185 0.077529 -0.031768  0.000408 0.131041 -0.090198
25  0.038420 0.022931 -0.000959  -0.024715 0.133491 0.360872
26  -0.039647 -0.056266 0.002069  0.420852 -0.004914 -0.042726
27  0.042761 -0.082398 0.038132  -0.000000 -0.000000 0.000000
28  0.000000 0.000000 0.000000  0.611600 0.260866 -0.400759
29  0.020122 -0.201078 -0.017893  -0.002025 -0.017388 0.259270
30  0.010469 -0.100374 -0.010235  0.003285 -0.034522 -0.003441
31  0.018520 -0.186856 -0.018449  0.048132 0.004911 0.000750
32  -0.032222 -0.200101 -0.061496  -0.006144 0.040671 -0.000322
33  0.009310 -0.057389 -0.045571  0.135028 0.026002 0.009765
34  0.068956 -0.193197 -0.059302  -0.006160 0.040548 -0.000330
35  0.008683 -0.056712 -0.045241  0.135029 0.025425 0.009563
36  0.102133 -0.077572 -0.031830  0.000018 0.198946 0.025528
37  0.034314 -0.028672 -0.001806  0.029545 0.073997 -0.202702
38  0.001143 0.000000 -0.181958  0.039544 0.027899 0.002505
39  0.004961 -0.000269 -0.096018  0.094897 -0.061420 -0.017834
40  -0.011623 0.003704 -0.088948  0.071864 0.025506 -0.001685
41  -0.007644 0.000000 -0.210641  -0.105517 0.012916 -0.004961
time 41
0  0 0 0  0 0 0
1  0.000000 0.000010 0.000000  -1.570796 -0.000000 0.000000
2  0.000000 0.000000 0.000000  0.000000 -0.000000 0.000000
3  0.000000 0.000000 0.000000  0.000000 -0.000000 0.000000
4  0.006445 -0.000000 0.753335  0.000000 -0.000000 0.000000
5  -0.005789 -0.037382 -0.000306  -0.051392 -0.007445 0.000050
6  0.000000 0.000000 0.000000  -0.000000 0.000000 0.000000
7  0.000000 0.000000 0.000000  -0.073320 -0.140547 0.000003
8  0.002937 0.000000 0.194891  0.000000 0.000000 -0.000000
9  0.003500 0.000000 0.083408  0.000000 0.000000 -0.000000
10  -0.012239 0.000000 0.122389  0.000000 0.000000 -0.000000
11  0.000267 0.000000 0.055137  0.000000 0.024227 0.000000
12  0.003234 0.000000 0.052281  0.000000 -0.096050 0.000000
13  -0.001319 0.000000 0.060214  0.094367 0.116519 0.000004
14  -0.039876 0.060989 0.002159  -0.458041 0.007172 0.048225
15  0.043265 0.077505 0.036874  -0.000000 -0.000000 0.000000
16  0.000000 0.000000 0.000000  -0.558714 0.705108 -0.101314
17  0.020260 0.201078 -0.017731  0.002407 -0.019076 -0.278553
18  0.010537 0.100376 -0.010148  0.003375 0.034545 -0.003297
19  0.018646 0.186860 -0.018292  -0.028080 0.002879 -0.000406
20  -0.032088 0.200172 -0.061335  -0.077924 0.046850 -0.004304
21  0.009278 0.058322 -0.044375  -0.119717 0.041303 -0.009838
22  0.069086 0.193199 -0.059144  -0.078054 0.039871 -0.003684
23  0.008560 0.057628 -0.044090  -0.119765 0.038606 -0.009259
24  0.102185 0.077529 -0.031768  0.000408 0.131041 -0.090198
25  0.038420 0.022931 -0.000959  -0.024715 0.133491 0.360872
26  -0.039647 -0.056266 0.002069  0.407669 -0.011108 -0.042614
27  0.042761 -0.082398 0.038132  0.000000 0.000000 -0.000000
28  0.000000 0.000000 0.000000  0.600144 0.293200 -0.459667
29  0.020122 -0.201078 -0.017893  -0.002271 -0.018512 0.270964
30  0.010469 -0.100374 -0.010235  0.003285 -0.034522 -0.003441
31  0.018520 -0.186856 -0.018450  0.006608 0.000709 0.000092
32  -0.032222 -0.200101 -0.061496  -0.006144 0.040671 -0.000322
33  0.009310 -0.057389 -0.045571  0.135028 0.026002 0.009765
34  0.068956 -0.193197 -0.059302  -0.006160 0.040548 -0.000330
35  0.008683 -0.056712 -0.045241  0.135029 0.025425 0.009563
36  0.102133 -0.077572 -0.031830  0.000018 0.198946 0.025529
37  0.034314 -0.028672 -0.001806  0.029545 0.073997 -0.202702
38  0.001143 0.000000 -0.181958  0.042513 0.031085 0.002761
39  0.004961 -0.000269 -0.096018  0.092059 -0.059826 -0.017232
40  -0.011623 0.003704 -0.088948  0.072143 0.025301 -0.001704
41  -0.007644 0.000000 -0.210641  -0.105417 0.009131 -0.004687
end
