# Blender 4.5.0
# www.blender.org
mtllib vias2.mtl
o tracks2
v 8.117107 1.372324 -15.334625
v 8.110009 1.405992 -15.335011
v 8.063975 1.344647 -16.614382
v 8.056484 1.378230 -16.614777
v 8.135750 1.372108 -15.335407
v 8.143568 1.405603 -15.336418
v 8.082615 1.344647 -16.615227
v 8.090040 1.378230 -16.616299
v 8.090056 1.361438 -16.615932
v 8.143389 1.388812 -15.336069
v 8.109829 1.389201 -15.334661
v 8.056500 1.361438 -16.614410
v 8.081718 1.361438 -16.615555
v 8.135050 1.388909 -15.335720
v 8.064838 1.361438 -16.614788
v 8.118168 1.389104 -15.335012
v 8.427969 1.368719 -15.347662
v 8.420870 1.402387 -15.348047
v 8.374811 1.344647 -16.628475
v 8.367319 1.378230 -16.628870
v 8.446610 1.368503 -15.348444
v 8.454429 1.401998 -15.349455
v 8.393451 1.344647 -16.629320
v 8.400875 1.378230 -16.630390
v 8.400892 1.361438 -16.630024
v 8.454249 1.385208 -15.349106
v 8.420690 1.385597 -15.347698
v 8.367335 1.361438 -16.628504
v 8.392553 1.361438 -16.629646
v 8.445910 1.385304 -15.348755
v 8.375674 1.361438 -16.628881
v 8.429029 1.385500 -15.348047
v 8.039038 1.339700 -16.352533
v 8.039029 1.348480 -16.352724
v 8.132843 1.339700 -16.356785
v 8.132834 1.348480 -16.356977
v 8.040310 1.340319 -16.321651
v 8.040301 1.349100 -16.321842
v 8.134115 1.340319 -16.325903
v 8.134107 1.349100 -16.326096
v 8.109386 1.359209 -16.325195
v 8.065001 1.359209 -16.323183
v 8.063729 1.358589 -16.354065
v 8.108114 1.358589 -16.356077
v 8.063748 1.339700 -16.353653
v 8.108132 1.339700 -16.355665
v 8.108124 1.348480 -16.355856
v 8.063740 1.348480 -16.353844
v 8.109405 1.340319 -16.324783
v 8.065021 1.340319 -16.322771
v 8.065012 1.349100 -16.322962
v 8.109396 1.349100 -16.324974
v 8.127533 1.352911 -16.341356
v 8.127542 1.344669 -16.341177
v 8.058813 1.344669 -16.338060
v 8.058805 1.352911 -16.338240
v 8.055660 1.344787 -16.332027
v 8.055653 1.353029 -16.332209
v 8.048872 1.344787 -16.331720
v 8.048864 1.353029 -16.331900
v 8.045236 1.344669 -16.337444
v 8.045228 1.352911 -16.337626
v 8.048388 1.344551 -16.343475
v 8.048379 1.352793 -16.343657
v 8.055176 1.344551 -16.343784
v 8.055168 1.352793 -16.343966
v 8.124389 1.344787 -16.335144
v 8.124380 1.353029 -16.335323
v 8.117600 1.344787 -16.334837
v 8.117592 1.353029 -16.335016
v 8.113964 1.344669 -16.340561
v 8.113956 1.352911 -16.340740
v 8.117116 1.344551 -16.346594
v 8.117107 1.352793 -16.346773
v 8.123904 1.344551 -16.346901
v 8.123896 1.352793 -16.347080
v 8.345303 1.339700 -16.366417
v 8.345294 1.348480 -16.366610
v 8.439108 1.339700 -16.370670
v 8.439099 1.348480 -16.370863
v 8.346575 1.340319 -16.335535
v 8.346566 1.349100 -16.335728
v 8.440380 1.340319 -16.339788
v 8.440372 1.349100 -16.339981
v 8.415651 1.359209 -16.339081
v 8.371267 1.359209 -16.337069
v 8.369994 1.358589 -16.367950
v 8.414379 1.358589 -16.369963
v 8.370013 1.339700 -16.367538
v 8.414398 1.339700 -16.369551
v 8.414389 1.348480 -16.369741
v 8.370005 1.348480 -16.367729
v 8.415669 1.340319 -16.338669
v 8.371285 1.340319 -16.336657
v 8.371277 1.349100 -16.336847
v 8.415661 1.349100 -16.338860
v 8.433798 1.352911 -16.355242
v 8.433806 1.344669 -16.355061
v 8.365078 1.344669 -16.351946
v 8.365069 1.352911 -16.352125
v 8.361925 1.344787 -16.345913
v 8.361917 1.353029 -16.346092
v 8.355137 1.344787 -16.345606
v 8.355129 1.353029 -16.345785
v 8.351501 1.344669 -16.351330
v 8.351493 1.352911 -16.351509
v 8.354652 1.344551 -16.357363
v 8.354645 1.352793 -16.357542
v 8.361441 1.344551 -16.357670
v 8.361433 1.352793 -16.357849
v 8.430654 1.344787 -16.349030
v 8.430645 1.353029 -16.349209
v 8.423865 1.344787 -16.348721
v 8.423857 1.353029 -16.348902
v 8.420229 1.344669 -16.354446
v 8.420221 1.352911 -16.354626
v 8.423381 1.344551 -16.360477
v 8.423372 1.352793 -16.360659
v 8.430169 1.344551 -16.360786
v 8.430161 1.352793 -16.360966
v 8.057066 1.348485 -15.914730
v 8.057057 1.357266 -15.914921
v 8.150871 1.348485 -15.918982
v 8.150863 1.357266 -15.919174
v 8.058337 1.349105 -15.883852
v 8.058329 1.357886 -15.884045
v 8.152143 1.349105 -15.888105
v 8.152134 1.357886 -15.888296
v 8.127413 1.367995 -15.887398
v 8.083029 1.367995 -15.885386
v 8.081758 1.367375 -15.916262
v 8.126142 1.367375 -15.918274
v 8.081776 1.348485 -15.915850
v 8.126161 1.348485 -15.917862
v 8.126152 1.357266 -15.918053
v 8.081768 1.357266 -15.916040
v 8.127432 1.349105 -15.886984
v 8.083048 1.349105 -15.884972
v 8.083039 1.357886 -15.885164
v 8.127423 1.357886 -15.887177
v 8.145561 1.361697 -15.903557
v 8.145569 1.353455 -15.903378
v 8.076841 1.353455 -15.900261
v 8.076833 1.361697 -15.900440
v 8.073689 1.353573 -15.894228
v 8.073680 1.361815 -15.894409
v 8.066900 1.353573 -15.893921
v 8.066892 1.361815 -15.894100
v 8.063264 1.353455 -15.899645
v 8.063255 1.361697 -15.899826
v 8.066416 1.353337 -15.905678
v 8.066407 1.361579 -15.905859
v 8.073204 1.353337 -15.905987
v 8.073196 1.361579 -15.906166
v 8.142416 1.353573 -15.897345
v 8.142408 1.361815 -15.897524
v 8.135628 1.353573 -15.897038
v 8.135620 1.361815 -15.897217
v 8.131992 1.353455 -15.902761
v 8.131984 1.361697 -15.902941
v 8.135144 1.353337 -15.908794
v 8.135136 1.361579 -15.908974
v 8.141932 1.353337 -15.909101
v 8.141924 1.361579 -15.909283
v 8.363331 1.348485 -15.928614
v 8.363322 1.357266 -15.928806
v 8.457136 1.348485 -15.932867
v 8.457128 1.357266 -15.933060
v 8.364603 1.349105 -15.897738
v 8.364594 1.357886 -15.897928
v 8.458407 1.349105 -15.901991
v 8.458399 1.357886 -15.902182
v 8.433679 1.367995 -15.901281
v 8.389294 1.367995 -15.899269
v 8.388022 1.367375 -15.930147
v 8.432406 1.367375 -15.932159
v 8.388041 1.348485 -15.929735
v 8.432425 1.348485 -15.931747
v 8.432417 1.357266 -15.931938
v 8.388033 1.357266 -15.929926
v 8.433697 1.349105 -15.900869
v 8.389313 1.349105 -15.898857
v 8.389304 1.357886 -15.899050
v 8.433688 1.357886 -15.901062
v 8.451826 1.361697 -15.917442
v 8.451834 1.353455 -15.917261
v 8.383106 1.353455 -15.914146
v 8.383098 1.361697 -15.914326
v 8.379953 1.353573 -15.908113
v 8.379945 1.361815 -15.908293
v 8.373165 1.353573 -15.907806
v 8.373157 1.361815 -15.907986
v 8.369529 1.353455 -15.913530
v 8.369521 1.361697 -15.913710
v 8.372681 1.353337 -15.919563
v 8.372672 1.361579 -15.919744
v 8.379469 1.353337 -15.919872
v 8.379461 1.361579 -15.920052
v 8.448682 1.353573 -15.911230
v 8.448673 1.361815 -15.911409
v 8.441893 1.353573 -15.910921
v 8.441885 1.361815 -15.911102
v 8.438257 1.353455 -15.916647
v 8.438250 1.361697 -15.916826
v 8.441409 1.353337 -15.922680
v 8.441401 1.361579 -15.922859
v 8.448197 1.353337 -15.922987
v 8.448189 1.361579 -15.923166
v 8.073351 1.356851 -15.520655
v 8.073362 1.365632 -15.520844
v 8.167159 1.356645 -15.524847
v 8.167170 1.365426 -15.525036
v 8.074660 1.357789 -15.489866
v 8.074685 1.366570 -15.490053
v 8.168469 1.357439 -15.494015
v 8.168494 1.366219 -15.494204
v 8.143811 1.376421 -15.493328
v 8.099424 1.376587 -15.491364
v 8.098085 1.375687 -15.522167
v 8.142471 1.375589 -15.524151
v 8.098063 1.356797 -15.521759
v 8.142448 1.356699 -15.523743
v 8.142458 1.365480 -15.523932
v 8.098073 1.365577 -15.521948
v 8.143758 1.357531 -15.492922
v 8.099372 1.357697 -15.490959
v 8.099397 1.366478 -15.491148
v 8.143783 1.366312 -15.493111
v 8.161907 1.369961 -15.509445
v 8.161890 1.361719 -15.509268
v 8.093160 1.361923 -15.506212
v 8.093176 1.370165 -15.506390
v 8.090015 1.362107 -15.500196
v 8.090034 1.370349 -15.500376
v 8.083227 1.362129 -15.499897
v 8.083246 1.370372 -15.500074
v 8.079582 1.361963 -15.505608
v 8.079598 1.370206 -15.505787
v 8.082726 1.361777 -15.511623
v 8.082740 1.370020 -15.511801
v 8.089515 1.361759 -15.511925
v 8.089529 1.370001 -15.512102
v 8.158747 1.361883 -15.503248
v 8.158766 1.370125 -15.503426
v 8.151958 1.361905 -15.502947
v 8.151977 1.370147 -15.503124
v 8.148313 1.361759 -15.508665
v 8.148329 1.370002 -15.508842
v 8.151456 1.361593 -15.514685
v 8.151470 1.369836 -15.514862
v 8.158245 1.361575 -15.514986
v 8.158258 1.369817 -15.515165
v 8.379624 1.356178 -15.534342
v 8.379635 1.364958 -15.534533
v 8.473433 1.355971 -15.538534
v 8.473443 1.364752 -15.538725
v 8.380939 1.356644 -15.503414
v 8.380962 1.365425 -15.503603
v 8.474748 1.356293 -15.507565
v 8.474772 1.365074 -15.507753
v 8.450089 1.375275 -15.506878
v 8.405703 1.375441 -15.504913
v 8.404359 1.375013 -15.535854
v 8.448744 1.374915 -15.537838
v 8.404335 1.356123 -15.535446
v 8.448721 1.356026 -15.537430
v 8.448731 1.364806 -15.537621
v 8.404346 1.364904 -15.535637
v 8.450036 1.356386 -15.506472
v 8.405650 1.356552 -15.504507
v 8.405674 1.365332 -15.504696
v 8.450061 1.365166 -15.506660
v 8.468183 1.369052 -15.523064
v 8.468165 1.360810 -15.522886
v 8.399435 1.361014 -15.519831
v 8.399452 1.369256 -15.520008
v 8.396292 1.361108 -15.513790
v 8.396311 1.369350 -15.513968
v 8.389503 1.361130 -15.513489
v 8.389523 1.369372 -15.513666
v 8.385859 1.361054 -15.519226
v 8.385875 1.369296 -15.519403
v 8.389001 1.360958 -15.525267
v 8.389015 1.369200 -15.525446
v 8.395789 1.360940 -15.525570
v 8.395803 1.369182 -15.525747
v 8.465023 1.360884 -15.516840
v 8.465042 1.369126 -15.517015
v 8.458235 1.360906 -15.516539
v 8.458254 1.369148 -15.516716
v 8.454588 1.360850 -15.522284
v 8.454605 1.369092 -15.522461
v 8.457731 1.360774 -15.528330
v 8.457745 1.369016 -15.528507
v 8.464520 1.360756 -15.528631
v 8.464534 1.368998 -15.528809
v 8.163280 1.402854 -14.056213
v 8.158228 1.436891 -14.056435
v 8.117107 1.372324 -15.334625
v 8.110009 1.405992 -15.335011
v 8.181886 1.401521 -14.056711
v 8.191720 1.434490 -14.057333
v 8.135750 1.372108 -15.335407
v 8.143568 1.405603 -15.336418
v 8.143389 1.388812 -15.336069
v 8.190525 1.417738 -14.057121
v 8.157032 1.420140 -14.056225
v 8.109829 1.389201 -15.334661
v 8.135050 1.388909 -15.335720
v 8.182202 1.418335 -14.056898
v 8.118168 1.389104 -15.335012
v 8.165355 1.419543 -14.056448
v 8.473528 1.380612 -14.064526
v 8.468475 1.414649 -14.064749
v 8.427969 1.368720 -15.347662
v 8.420870 1.402388 -15.348047
v 8.492133 1.379278 -14.065025
v 8.501967 1.412248 -14.065645
v 8.446610 1.368503 -15.348444
v 8.454429 1.401999 -15.349455
v 8.454249 1.385208 -15.349106
v 8.500772 1.395496 -14.065435
v 8.467279 1.397897 -14.064537
v 8.420690 1.385597 -15.347698
v 8.445910 1.385304 -15.348755
v 8.492450 1.396093 -14.065212
v 8.429029 1.385500 -15.348047
v 8.475602 1.397301 -14.064760
v 8.092409 1.370470 -15.073658
v 8.092619 1.379249 -15.073830
v 8.186214 1.368165 -15.077236
v 8.186423 1.376943 -15.077408
v 8.093726 1.371408 -15.042868
v 8.093949 1.380186 -15.043039
v 8.187530 1.368958 -15.046406
v 8.187752 1.377736 -15.046576
v 8.163299 1.388488 -15.045839
v 8.118916 1.389647 -15.044167
v 8.117570 1.388748 -15.074970
v 8.161954 1.387657 -15.076662
v 8.117120 1.369863 -15.074600
v 8.161504 1.368772 -15.076294
v 8.161713 1.377551 -15.076466
v 8.117329 1.378641 -15.074772
v 8.162819 1.369603 -15.045473
v 8.118436 1.370762 -15.043800
v 8.118659 1.379541 -15.043970
v 8.163042 1.378382 -15.045643
v 8.181256 1.381610 -15.061848
v 8.181053 1.373370 -15.061686
v 8.112326 1.375112 -15.059080
v 8.112529 1.383352 -15.059240
v 8.109184 1.375372 -15.053087
v 8.109388 1.383612 -15.053247
v 8.102395 1.375546 -15.052832
v 8.102600 1.383786 -15.052992
v 8.098749 1.375456 -15.058565
v 8.098951 1.383696 -15.058725
v 8.101892 1.375194 -15.064556
v 8.102092 1.383435 -15.064716
v 8.108680 1.375024 -15.064814
v 8.108880 1.383265 -15.064974
v 8.177911 1.373610 -15.055689
v 8.178116 1.381850 -15.055849
v 8.171123 1.373784 -15.055431
v 8.171328 1.382024 -15.055592
v 8.167477 1.373714 -15.061171
v 8.167679 1.381954 -15.061333
v 8.170619 1.373473 -15.067169
v 8.170819 1.381713 -15.067329
v 8.177407 1.373302 -15.067427
v 8.177608 1.381543 -15.067587
v 8.398674 1.362944 -15.085342
v 8.398883 1.371722 -15.085514
v 8.492478 1.360639 -15.088921
v 8.492687 1.369417 -15.089092
v 8.399984 1.363409 -15.054415
v 8.400208 1.372188 -15.054586
v 8.493787 1.360960 -15.057951
v 8.494010 1.369738 -15.058123
v 8.469557 1.380489 -15.057386
v 8.425174 1.381649 -15.055714
v 8.423834 1.381222 -15.086655
v 8.468219 1.380131 -15.088346
v 8.423384 1.362337 -15.086285
v 8.467768 1.361246 -15.087978
v 8.467978 1.370024 -15.088150
v 8.423594 1.371115 -15.086456
v 8.469077 1.361605 -15.057020
v 8.424694 1.362764 -15.055347
v 8.424917 1.371542 -15.055517
v 8.469300 1.370383 -15.057190
v 8.487516 1.373848 -15.073462
v 8.487314 1.365608 -15.073301
v 8.418587 1.367350 -15.070696
v 8.418790 1.375590 -15.070856
v 8.415443 1.367520 -15.064678
v 8.415649 1.375760 -15.064838
v 8.408655 1.367694 -15.064421
v 8.408860 1.375934 -15.064581
v 8.405010 1.367694 -15.070181
v 8.405212 1.375934 -15.070341
v 8.408154 1.367522 -15.076199
v 8.408354 1.375762 -15.076359
v 8.414942 1.367352 -15.076456
v 8.415142 1.375592 -15.076616
v 8.484171 1.365758 -15.067278
v 8.484376 1.373998 -15.067438
v 8.477383 1.365932 -15.067020
v 8.477588 1.374172 -15.067181
v 8.473738 1.365952 -15.072786
v 8.473940 1.374192 -15.072947
v 8.476881 1.365800 -15.078810
v 8.477081 1.374040 -15.078970
v 8.483669 1.365630 -15.079067
v 8.483871 1.373870 -15.079229
v 8.108479 1.382157 -14.636820
v 8.108872 1.390930 -14.636969
v 8.202233 1.377898 -14.639875
v 8.202627 1.386670 -14.640024
v 8.109574 1.382956 -14.606005
v 8.109981 1.391728 -14.606152
v 8.203323 1.378560 -14.609024
v 8.203731 1.387332 -14.609171
v 8.179502 1.398589 -14.608543
v 8.135144 1.400669 -14.607115
v 8.134023 1.399907 -14.637945
v 8.178383 1.397892 -14.639389
v 8.133176 1.381035 -14.637625
v 8.177536 1.379020 -14.639071
v 8.177930 1.387792 -14.639219
v 8.133570 1.389808 -14.637774
v 8.178628 1.379718 -14.608229
v 8.134270 1.381798 -14.606800
v 8.134676 1.390570 -14.606947
v 8.179035 1.388490 -14.608376
v 8.197436 1.391392 -14.624475
v 8.197061 1.383158 -14.624336
v 8.128371 1.386328 -14.622112
v 8.128747 1.394563 -14.622250
v 8.125189 1.386633 -14.616133
v 8.125566 1.394867 -14.616272
v 8.118404 1.386948 -14.615913
v 8.118782 1.395182 -14.616053
v 8.114801 1.386955 -14.621672
v 8.115178 1.395189 -14.621811
v 8.117985 1.386649 -14.627649
v 8.118358 1.394883 -14.627789
v 8.124769 1.386337 -14.627869
v 8.125143 1.394572 -14.628008
v 8.193878 1.383443 -14.618353
v 8.194256 1.391678 -14.618490
v 8.187093 1.383758 -14.618134
v 8.187471 1.391993 -14.618271
v 8.183492 1.383784 -14.623898
v 8.183867 1.392019 -14.624035
v 8.186675 1.383497 -14.629879
v 8.187048 1.391732 -14.630018
v 8.193460 1.383186 -14.630098
v 8.193832 1.391420 -14.630238
v 8.414580 1.368251 -14.646793
v 8.414974 1.377024 -14.646942
v 8.508335 1.363992 -14.649849
v 8.508729 1.372764 -14.649998
v 8.415659 1.368605 -14.615862
v 8.416065 1.377377 -14.616009
v 8.509409 1.364209 -14.618879
v 8.509815 1.372981 -14.619026
v 8.485587 1.384238 -14.618401
v 8.441229 1.386318 -14.616972
v 8.440125 1.386001 -14.647917
v 8.484485 1.383986 -14.649363
v 8.439278 1.367129 -14.647598
v 8.483638 1.365114 -14.649044
v 8.484032 1.373886 -14.649193
v 8.439671 1.375902 -14.647747
v 8.484713 1.365367 -14.618086
v 8.440354 1.367447 -14.616657
v 8.440762 1.376219 -14.616802
v 8.485119 1.374139 -14.618231
v 8.503530 1.377264 -14.634390
v 8.503155 1.369029 -14.634251
v 8.434464 1.372200 -14.632027
v 8.434840 1.380434 -14.632164
v 8.431278 1.372419 -14.626026
v 8.431657 1.380654 -14.626163
v 8.424494 1.372734 -14.625807
v 8.424872 1.380969 -14.625944
v 8.420896 1.372826 -14.631586
v 8.421270 1.381061 -14.631725
v 8.424081 1.372605 -14.637587
v 8.424455 1.380839 -14.637726
v 8.430866 1.372293 -14.637806
v 8.431239 1.380528 -14.637945
v 8.499968 1.369230 -14.628246
v 8.500346 1.377464 -14.628384
v 8.493183 1.369545 -14.628027
v 8.493561 1.377779 -14.628164
v 8.489585 1.369656 -14.633812
v 8.489961 1.377890 -14.633951
v 8.492771 1.369453 -14.639816
v 8.493145 1.377688 -14.639954
v 8.499556 1.369142 -14.640036
v 8.499929 1.377377 -14.640175
v 8.121315 1.391324 -14.243216
v 8.121867 1.400088 -14.243340
v 8.214991 1.385386 -14.245882
v 8.215544 1.394151 -14.246004
v 8.122242 1.391970 -14.212368
v 8.122806 1.400734 -14.212490
v 8.215910 1.385906 -14.215010
v 8.216475 1.394669 -14.215130
v 8.192450 1.406356 -14.214575
v 8.148129 1.409226 -14.213326
v 8.147180 1.408615 -14.244183
v 8.191503 1.405805 -14.245445
v 8.145992 1.389760 -14.243917
v 8.190315 1.386950 -14.245178
v 8.190866 1.395715 -14.245302
v 8.146544 1.398524 -14.244041
v 8.191236 1.387503 -14.214314
v 8.146916 1.390373 -14.213064
v 8.147480 1.399136 -14.213186
v 8.191799 1.396267 -14.214436
v 8.210346 1.398903 -14.230457
v 8.209822 1.390676 -14.230343
v 8.141191 1.395073 -14.228399
v 8.141715 1.403300 -14.228514
v 8.137980 1.395409 -14.222429
v 8.138505 1.403636 -14.222544
v 8.131201 1.395845 -14.222237
v 8.131726 1.404072 -14.222351
v 8.127634 1.395941 -14.228014
v 8.128158 1.404168 -14.228128
v 8.130846 1.395604 -14.233984
v 8.131367 1.403831 -14.234100
v 8.137625 1.395171 -14.234177
v 8.138146 1.403398 -14.234293
v 8.206609 1.390995 -14.224369
v 8.207134 1.399221 -14.224483
v 8.199830 1.391431 -14.224176
v 8.200356 1.399657 -14.224291
v 8.196264 1.391545 -14.229958
v 8.196788 1.399772 -14.230074
v 8.199477 1.391225 -14.235931
v 8.199999 1.399452 -14.236048
v 8.206256 1.390792 -14.236124
v 8.206778 1.399019 -14.236240
v 8.427158 1.371939 -14.251919
v 8.427710 1.380703 -14.252043
v 8.520834 1.366002 -14.254585
v 8.521385 1.374766 -14.254707
v 8.428061 1.372170 -14.220987
v 8.428624 1.380934 -14.221109
v 8.521729 1.366106 -14.223627
v 8.522292 1.374870 -14.223749
v 8.498267 1.386557 -14.223194
v 8.453948 1.389426 -14.221945
v 8.453022 1.389230 -14.252886
v 8.497345 1.386420 -14.254148
v 8.451834 1.370375 -14.252621
v 8.496158 1.367566 -14.253883
v 8.496710 1.376330 -14.254005
v 8.452386 1.379139 -14.252745
v 8.497054 1.367703 -14.222933
v 8.452734 1.370573 -14.221684
v 8.453299 1.379336 -14.221806
v 8.497618 1.376467 -14.223053
v 8.516176 1.379311 -14.239119
v 8.515652 1.371084 -14.239004
v 8.447021 1.375481 -14.237061
v 8.447545 1.383708 -14.237175
v 8.443806 1.375738 -14.231073
v 8.444331 1.383964 -14.231188
v 8.437026 1.376174 -14.230883
v 8.437552 1.384400 -14.230997
v 8.433464 1.376349 -14.236675
v 8.433988 1.384576 -14.236790
v 8.436681 1.376091 -14.242662
v 8.437202 1.384317 -14.242777
v 8.443460 1.375658 -14.242855
v 8.443981 1.383885 -14.242970
v 8.512434 1.371323 -14.233013
v 8.512960 1.379550 -14.233128
v 8.505655 1.371759 -14.232822
v 8.506182 1.379986 -14.232937
v 8.502094 1.371953 -14.238619
v 8.502619 1.380179 -14.238735
v 8.505312 1.371712 -14.244610
v 8.505834 1.379938 -14.244724
v 8.512091 1.371279 -14.244802
v 8.512613 1.379506 -14.244917
v 8.197038 1.416494 -12.774891
v 8.193666 1.450739 -12.774710
v 8.163280 1.402854 -14.056213
v 8.158228 1.436891 -14.056435
v 8.215557 1.414252 -12.775349
v 8.227003 1.446703 -12.775536
v 8.181886 1.401521 -14.056711
v 8.191720 1.434490 -14.057333
v 8.190525 1.417738 -14.057121
v 8.224985 1.430029 -12.775534
v 8.191648 1.434065 -12.774710
v 8.157032 1.420140 -14.056225
v 8.182202 1.418335 -14.056898
v 8.216701 1.431032 -12.775330
v 8.165355 1.419543 -14.056448
v 8.199931 1.433062 -12.774914
v 8.505844 1.379108 -12.782536
v 8.502472 1.413352 -12.782354
v 8.473528 1.380612 -14.064526
v 8.468475 1.414649 -14.064749
v 8.524363 1.376866 -12.782993
v 8.535809 1.409316 -12.783180
v 8.492133 1.379278 -14.065025
v 8.501967 1.412248 -14.065645
v 8.500772 1.395496 -14.065435
v 8.533791 1.392642 -12.783178
v 8.500453 1.396678 -12.782352
v 8.467279 1.397897 -14.064537
v 8.492450 1.396093 -14.065212
v 8.525507 1.393645 -12.782974
v 8.475602 1.397301 -14.064760
v 8.508738 1.395675 -12.782558
v 8.134277 1.399952 -13.795248
v 8.134998 1.408705 -13.795338
v 8.227830 1.392215 -13.797594
v 8.228552 1.400968 -13.797684
v 8.135094 1.400432 -13.764370
v 8.135826 1.409184 -13.764458
v 8.228637 1.392579 -13.766703
v 8.229369 1.401330 -13.766790
v 8.205571 1.413475 -13.766277
v 8.161310 1.417191 -13.765175
v 8.160473 1.416743 -13.796061
v 8.204739 1.413083 -13.797171
v 8.158921 1.397914 -13.795866
v 8.203186 1.394253 -13.796976
v 8.203908 1.403006 -13.797066
v 8.159643 1.406667 -13.795956
v 8.203995 1.394648 -13.766088
v 8.159735 1.398363 -13.764984
v 8.160467 1.407115 -13.765074
v 8.204727 1.403399 -13.766176
v 8.223385 1.405750 -13.782133
v 8.222702 1.397535 -13.782049
v 8.154162 1.403246 -13.780334
v 8.154845 1.411461 -13.780418
v 8.150933 1.403615 -13.774370
v 8.151618 1.411831 -13.774454
v 8.144164 1.404181 -13.774200
v 8.144848 1.412397 -13.774284
v 8.140623 1.404374 -13.779995
v 8.141305 1.412590 -13.780079
v 8.143851 1.404003 -13.785959
v 8.144531 1.412218 -13.786043
v 8.150621 1.403440 -13.786129
v 8.151301 1.411656 -13.786213
v 8.219472 1.397888 -13.776083
v 8.220156 1.406103 -13.776165
v 8.212702 1.398454 -13.775913
v 8.213387 1.406669 -13.775997
v 8.209163 1.398663 -13.781710
v 8.209845 1.406878 -13.781794
v 8.212393 1.398308 -13.787674
v 8.213073 1.406524 -13.787760
v 8.219162 1.397745 -13.787846
v 8.219843 1.405961 -13.787928
v 8.439718 1.374693 -13.802908
v 8.440440 1.383446 -13.802999
v 8.533271 1.366956 -13.805256
v 8.533993 1.375709 -13.805346
v 8.440504 1.374791 -13.771986
v 8.441236 1.383543 -13.772074
v 8.534047 1.366938 -13.774319
v 8.534780 1.375689 -13.774406
v 8.510982 1.387834 -13.773893
v 8.466722 1.391550 -13.772791
v 8.465915 1.391484 -13.803722
v 8.510180 1.387823 -13.804832
v 8.464363 1.372655 -13.803528
v 8.508627 1.368994 -13.804638
v 8.509349 1.377747 -13.804728
v 8.465084 1.381407 -13.803617
v 8.509405 1.369006 -13.773705
v 8.465145 1.372722 -13.772600
v 8.465878 1.381474 -13.772690
v 8.510139 1.377758 -13.773792
v 8.528811 1.380300 -13.789770
v 8.528128 1.372084 -13.789686
v 8.459588 1.377796 -13.787973
v 8.460271 1.386011 -13.788057
v 8.456353 1.378093 -13.782000
v 8.457038 1.386308 -13.782084
v 8.449584 1.378658 -13.781832
v 8.450268 1.386874 -13.781914
v 8.446049 1.378924 -13.787634
v 8.446731 1.387139 -13.787718
v 8.449284 1.378625 -13.793606
v 8.449964 1.386841 -13.793690
v 8.456053 1.378063 -13.793776
v 8.456734 1.386279 -13.793859
v 8.524892 1.372365 -13.783712
v 8.525577 1.380580 -13.783796
v 8.518123 1.372931 -13.783543
v 8.518806 1.381146 -13.783627
v 8.514588 1.373213 -13.789349
v 8.515270 1.381428 -13.789431
v 8.517824 1.372930 -13.795322
v 8.518505 1.381146 -13.795406
v 8.524594 1.372368 -13.795492
v 8.525274 1.380584 -13.795576
v 8.145734 1.406262 -13.357361
v 8.146608 1.415001 -13.357416
v 8.239141 1.396898 -13.359552
v 8.240017 1.405637 -13.359608
v 8.146502 1.406562 -13.326448
v 8.147388 1.415300 -13.326500
v 8.239900 1.397092 -13.328642
v 8.240785 1.405830 -13.328693
v 8.217200 1.418385 -13.328175
v 8.173009 1.422865 -13.327137
v 8.172221 1.422595 -13.358055
v 8.216417 1.418164 -13.359093
v 8.170340 1.403795 -13.357939
v 8.214536 1.399365 -13.358976
v 8.215410 1.408104 -13.359030
v 8.171214 1.412534 -13.357992
v 8.215297 1.399587 -13.328064
v 8.171105 1.404068 -13.327026
v 8.171990 1.412806 -13.327078
v 8.216182 1.408325 -13.328115
v 8.234905 1.410431 -13.344036
v 8.234079 1.402228 -13.343987
v 8.165647 1.409127 -13.342381
v 8.166472 1.417330 -13.342430
v 8.162415 1.409522 -13.336416
v 8.163241 1.417724 -13.336466
v 8.155655 1.410205 -13.336258
v 8.156483 1.418407 -13.336308
v 8.152128 1.410490 -13.342064
v 8.152954 1.418693 -13.342113
v 8.155360 1.410094 -13.348028
v 8.156184 1.418297 -13.348080
v 8.162120 1.409414 -13.348188
v 8.162944 1.417617 -13.348238
v 8.230845 1.402608 -13.338022
v 8.231673 1.410810 -13.338072
v 8.224087 1.403291 -13.337864
v 8.224914 1.411493 -13.337914
v 8.220561 1.403591 -13.343670
v 8.221387 1.411794 -13.343719
v 8.223795 1.403210 -13.349634
v 8.224619 1.411413 -13.349686
v 8.230555 1.402530 -13.349794
v 8.231379 1.410733 -13.349844
v 8.450701 1.375690 -13.364517
v 8.451576 1.384429 -13.364573
v 8.544109 1.366326 -13.366709
v 8.544984 1.375065 -13.366764
v 8.451435 1.375644 -13.333607
v 8.452320 1.384382 -13.333658
v 8.544832 1.366175 -13.335800
v 8.545717 1.374913 -13.335852
v 8.522133 1.387467 -13.335333
v 8.477942 1.391948 -13.334295
v 8.477189 1.392023 -13.365211
v 8.521385 1.387592 -13.366249
v 8.475307 1.373223 -13.365095
v 8.519504 1.368792 -13.366133
v 8.520378 1.377531 -13.366186
v 8.476182 1.381962 -13.365149
v 8.520229 1.368669 -13.335222
v 8.476038 1.373150 -13.334185
v 8.476923 1.381888 -13.334236
v 8.521114 1.377407 -13.335274
v 8.539856 1.379686 -13.351194
v 8.539030 1.371483 -13.351145
v 8.470596 1.378382 -13.349539
v 8.471422 1.386585 -13.349588
v 8.467358 1.378711 -13.343575
v 8.468185 1.386914 -13.343622
v 8.460598 1.379394 -13.343414
v 8.461426 1.387596 -13.343464
v 8.457078 1.379745 -13.349220
v 8.457904 1.387948 -13.349270
v 8.460318 1.379415 -13.355186
v 8.461142 1.387618 -13.355236
v 8.467077 1.378735 -13.355345
v 8.467901 1.386938 -13.355394
v 8.535789 1.371797 -13.345181
v 8.536617 1.379999 -13.345228
v 8.529030 1.372480 -13.345020
v 8.529858 1.380682 -13.345070
v 8.525511 1.372846 -13.350826
v 8.526337 1.381049 -13.350876
v 8.528751 1.372530 -13.356792
v 8.529575 1.380733 -13.356842
v 8.535511 1.371850 -13.356951
v 8.536335 1.380053 -13.357000
v 8.155574 1.410036 -12.962717
v 8.156576 1.418761 -12.962736
v 8.248837 1.399325 -12.964922
v 8.249838 1.408050 -12.964941
v 8.156364 1.410143 -12.931768
v 8.157374 1.418867 -12.931786
v 8.249616 1.399338 -12.933990
v 8.250626 1.408063 -12.934006
v 8.227224 1.420953 -12.933439
v 8.183103 1.426065 -12.932388
v 8.182296 1.425985 -12.963339
v 8.226423 1.420917 -12.964382
v 8.180141 1.407214 -12.963299
v 8.224269 1.402146 -12.964342
v 8.225271 1.410872 -12.964361
v 8.181143 1.415940 -12.963318
v 8.225051 1.402184 -12.933405
v 8.180928 1.407297 -12.932354
v 8.181939 1.416021 -12.932371
v 8.226061 1.410909 -12.933422
v 8.244805 1.412832 -12.949341
v 8.243861 1.404642 -12.949326
v 8.175534 1.412524 -12.947704
v 8.176479 1.420714 -12.947720
v 8.172311 1.412930 -12.941732
v 8.173258 1.421120 -12.941748
v 8.165563 1.413710 -12.941572
v 8.166509 1.421900 -12.941587
v 8.162037 1.414081 -12.947384
v 8.162981 1.422271 -12.947399
v 8.165260 1.413673 -12.953356
v 8.166203 1.421863 -12.953373
v 8.172009 1.412896 -12.953516
v 8.172952 1.421086 -12.953533
v 8.240637 1.405035 -12.943356
v 8.241582 1.413225 -12.943371
v 8.233888 1.405815 -12.943195
v 8.234834 1.414005 -12.943211
v 8.230364 1.406199 -12.949005
v 8.231308 1.414389 -12.949020
v 8.233588 1.405804 -12.954975
v 8.234531 1.413994 -12.954992
v 8.240337 1.405027 -12.955135
v 8.241280 1.413217 -12.955153
v 8.460068 1.375066 -12.969915
v 8.461069 1.383791 -12.969934
v 8.553330 1.364355 -12.972118
v 8.554332 1.373080 -12.972137
v 8.460821 1.374866 -12.939020
v 8.461832 1.383591 -12.939037
v 8.554072 1.364062 -12.941242
v 8.555082 1.372786 -12.941257
v 8.531681 1.385677 -12.940691
v 8.487559 1.390789 -12.939640
v 8.486790 1.391015 -12.970535
v 8.530917 1.385947 -12.971579
v 8.484634 1.372244 -12.970495
v 8.528763 1.367176 -12.971539
v 8.529764 1.375902 -12.971558
v 8.485637 1.380970 -12.970514
v 8.529508 1.366908 -12.940657
v 8.485386 1.372020 -12.939606
v 8.486397 1.380745 -12.939621
v 8.530519 1.375632 -12.940672
v 8.549281 1.377709 -12.956566
v 8.548336 1.369519 -12.956549
v 8.480009 1.377401 -12.954927
v 8.480954 1.385591 -12.954945
v 8.476780 1.377749 -12.948967
v 8.477726 1.385939 -12.948982
v 8.470031 1.378529 -12.948807
v 8.470977 1.386718 -12.948822
v 8.466512 1.378958 -12.954607
v 8.467457 1.387148 -12.954624
v 8.469743 1.378608 -12.960569
v 8.470685 1.386798 -12.960587
v 8.476492 1.377831 -12.960730
v 8.477434 1.386021 -12.960747
v 8.545105 1.369854 -12.950590
v 8.546050 1.378044 -12.950605
v 8.538356 1.370634 -12.950430
v 8.539302 1.378823 -12.950445
v 8.534839 1.371076 -12.956228
v 8.535783 1.379266 -12.956245
v 8.538071 1.370739 -12.962189
v 8.539013 1.378929 -12.962206
v 8.544820 1.369962 -12.962349
v 8.545762 1.378152 -12.962366
v 8.238039 1.407240 -11.490055
v 8.235836 1.441570 -11.489237
v 8.197038 1.416494 -12.774891
v 8.193666 1.450739 -12.774710
v 8.256460 1.404383 -11.490881
v 8.268998 1.436428 -11.490725
v 8.215556 1.414252 -12.775349
v 8.227003 1.446703 -12.775536
v 8.224984 1.430029 -12.775534
v 8.266415 1.419834 -11.490967
v 8.233253 1.424976 -11.489481
v 8.191647 1.434065 -12.774708
v 8.216701 1.431032 -12.775328
v 8.258174 1.421112 -11.490599
v 8.199931 1.433062 -12.774914
v 8.241493 1.423698 -11.489849
v 8.545218 1.359610 -11.503832
v 8.543015 1.393940 -11.503014
v 8.505844 1.379108 -12.782534
v 8.502472 1.413352 -12.782354
v 8.563639 1.356754 -11.504658
v 8.576177 1.388798 -11.504501
v 8.524363 1.376866 -12.782993
v 8.535809 1.409316 -12.783178
v 8.533791 1.392642 -12.783178
v 8.573593 1.372205 -11.504745
v 8.540432 1.377347 -11.503258
v 8.500453 1.396678 -12.782352
v 8.525506 1.393645 -12.782972
v 8.565353 1.373482 -11.504375
v 8.508737 1.395675 -12.782557
v 8.548672 1.376069 -11.503628
v 8.167089 1.411534 -12.513401
v 8.168219 1.420244 -12.513376
v 8.260180 1.399466 -12.515856
v 8.261309 1.408176 -12.515831
v 8.167974 1.411435 -12.482416
v 8.169111 1.420144 -12.482388
v 8.261053 1.399287 -12.484905
v 8.262190 1.407995 -12.484879
v 8.238980 1.421222 -12.484192
v 8.194940 1.426970 -12.483013
v 8.194041 1.427092 -12.513996
v 8.238088 1.421382 -12.515158
v 8.191610 1.408355 -12.514048
v 8.235657 1.402645 -12.515209
v 8.236787 1.411355 -12.515184
v 8.192740 1.417065 -12.514023
v 8.236533 1.402487 -12.484251
v 8.192493 1.408235 -12.483072
v 8.193630 1.416944 -12.483044
v 8.237671 1.411196 -12.484222
v 8.256393 1.412939 -12.500187
v 8.255329 1.404764 -12.500212
v 8.187130 1.413635 -12.498400
v 8.188193 1.421811 -12.498375
v 8.183929 1.414052 -12.492413
v 8.184996 1.422227 -12.492388
v 8.177195 1.414929 -12.492233
v 8.178259 1.423105 -12.492208
v 8.173656 1.415388 -12.498041
v 8.174721 1.423563 -12.498018
v 8.176855 1.414970 -12.504030
v 8.177918 1.423146 -12.504005
v 8.183592 1.414095 -12.504208
v 8.184655 1.422270 -12.504185
v 8.252129 1.405169 -12.494228
v 8.253195 1.413344 -12.494204
v 8.245393 1.406047 -12.494049
v 8.246458 1.414222 -12.494024
v 8.241858 1.406516 -12.499853
v 8.242922 1.414692 -12.499830
v 8.245058 1.406110 -12.505836
v 8.246120 1.414285 -12.505814
v 8.251795 1.405235 -12.506016
v 8.252857 1.413410 -12.505991
v 8.471020 1.372133 -12.521418
v 8.472150 1.380843 -12.521393
v 8.564111 1.360065 -12.523872
v 8.565241 1.368775 -12.523848
v 8.471869 1.371771 -12.490547
v 8.473005 1.380479 -12.490520
v 8.564947 1.359622 -12.493038
v 8.566084 1.368330 -12.493010
v 8.542874 1.381557 -12.492323
v 8.498834 1.387305 -12.491144
v 8.497972 1.387691 -12.522011
v 8.542019 1.381981 -12.523172
v 8.495543 1.368954 -12.522064
v 8.539589 1.363244 -12.523226
v 8.540718 1.371954 -12.523201
v 8.496672 1.377664 -12.522039
v 8.540427 1.362822 -12.492382
v 8.496387 1.368570 -12.491203
v 8.497524 1.377279 -12.491175
v 8.541565 1.371531 -12.492353
v 8.560307 1.373406 -12.508261
v 8.559242 1.365231 -12.508286
v 8.491042 1.374102 -12.506472
v 8.492106 1.382278 -12.506449
v 8.487836 1.374469 -12.500507
v 8.488901 1.382644 -12.500483
v 8.481100 1.375346 -12.500328
v 8.482165 1.383521 -12.500303
v 8.477570 1.375855 -12.506115
v 8.478634 1.384030 -12.506092
v 8.480776 1.375487 -12.512081
v 8.481838 1.383663 -12.512058
v 8.487513 1.374612 -12.512260
v 8.488575 1.382788 -12.512236
v 8.556034 1.365586 -12.502325
v 8.557100 1.373761 -12.502300
v 8.549298 1.366463 -12.502146
v 8.550364 1.374638 -12.502121
v 8.545770 1.366983 -12.507927
v 8.546834 1.375159 -12.507902
v 8.548978 1.366627 -12.513887
v 8.550040 1.374802 -12.513865
v 8.555714 1.365752 -12.514067
v 8.556777 1.373927 -12.514044
v 8.179742 1.410017 -12.074062
v 8.180980 1.418712 -12.073994
v 8.272663 1.396813 -12.077030
v 8.273901 1.405508 -12.076962
v 8.180799 1.409701 -12.043037
v 8.182044 1.418395 -12.042967
v 8.273709 1.396429 -12.046062
v 8.274954 1.405123 -12.045992
v 8.251911 1.418628 -12.045113
v 8.207951 1.424908 -12.043682
v 8.206882 1.425244 -12.074697
v 8.250849 1.418996 -12.076101
v 8.204220 1.406539 -12.074844
v 8.248185 1.400291 -12.076248
v 8.249423 1.408986 -12.076180
v 8.205458 1.415234 -12.074776
v 8.249235 1.399925 -12.045265
v 8.205275 1.406205 -12.043835
v 8.206518 1.414899 -12.043764
v 8.250480 1.408619 -12.045195
v 8.269133 1.410233 -12.061255
v 8.267968 1.402072 -12.061319
v 8.199892 1.411771 -12.059124
v 8.201056 1.419933 -12.059059
v 8.196732 1.412188 -12.053110
v 8.197897 1.420349 -12.053045
v 8.190007 1.413147 -12.052893
v 8.191174 1.421308 -12.052828
v 8.186443 1.413687 -12.058691
v 8.187609 1.421849 -12.058626
v 8.189604 1.413270 -12.064703
v 8.190767 1.421431 -12.064640
v 8.196327 1.412313 -12.064920
v 8.197492 1.420474 -12.064856
v 8.264806 1.402479 -12.055315
v 8.265972 1.410640 -12.055248
v 8.258082 1.403438 -12.055096
v 8.259248 1.411599 -12.055031
v 8.254519 1.403988 -12.060886
v 8.255685 1.412149 -12.060822
v 8.257682 1.403580 -12.066893
v 8.258845 1.411742 -12.066828
v 8.264405 1.402623 -12.067108
v 8.265570 1.410784 -12.067043
v 8.483120 1.366905 -12.083754
v 8.484358 1.375600 -12.083685
v 8.576042 1.353701 -12.086723
v 8.577280 1.362395 -12.086655
v 8.484141 1.366370 -12.052912
v 8.485386 1.375064 -12.052841
v 8.577051 1.353099 -12.055937
v 8.578296 1.361793 -12.055866
v 8.555253 1.375298 -12.054987
v 8.511292 1.381577 -12.053556
v 8.510261 1.382132 -12.084389
v 8.554227 1.375884 -12.085794
v 8.507598 1.363427 -12.084536
v 8.551564 1.357179 -12.085941
v 8.552801 1.365874 -12.085873
v 8.508836 1.372122 -12.084467
v 8.552576 1.356595 -12.055140
v 8.508615 1.362874 -12.053709
v 8.509860 1.371568 -12.053638
v 8.553821 1.365289 -12.055069
v 8.572493 1.367012 -12.071037
v 8.571328 1.358851 -12.071102
v 8.503252 1.368550 -12.068907
v 8.504416 1.376711 -12.068842
v 8.500084 1.368925 -12.062929
v 8.501250 1.377086 -12.062862
v 8.493361 1.369884 -12.062712
v 8.494526 1.378045 -12.062645
v 8.489803 1.370466 -12.068474
v 8.490969 1.378627 -12.068409
v 8.492970 1.370090 -12.074453
v 8.494134 1.378252 -12.074389
v 8.499695 1.369133 -12.074669
v 8.500858 1.377295 -12.074604
v 8.568159 1.359216 -12.065132
v 8.569324 1.367377 -12.065065
v 8.561435 1.360175 -12.064915
v 8.562601 1.368336 -12.064848
v 8.557879 1.360767 -12.070669
v 8.559045 1.368928 -12.070604
v 8.561049 1.360400 -12.076639
v 8.562212 1.368562 -12.076576
v 8.567773 1.359443 -12.076857
v 8.568936 1.367605 -12.076792
v 8.193260 1.405970 -11.678005
v 8.194580 1.414652 -11.677896
v 8.286030 1.391913 -11.681686
v 8.287350 1.400596 -11.681580
v 8.194554 1.405439 -11.646948
v 8.195880 1.414120 -11.646835
v 8.287313 1.391330 -11.650707
v 8.288639 1.400011 -11.650597
v 8.265730 1.413723 -11.649477
v 8.221840 1.420398 -11.647697
v 8.220537 1.420945 -11.678741
v 8.264432 1.414294 -11.680485
v 8.217698 1.402267 -11.678974
v 8.261592 1.395616 -11.680717
v 8.262912 1.404299 -11.680609
v 8.219017 1.410949 -11.678865
v 8.262878 1.395046 -11.649717
v 8.218989 1.401722 -11.647938
v 8.220314 1.410404 -11.647827
v 8.264204 1.403728 -11.649605
v 8.282740 1.405276 -11.665800
v 8.281498 1.397126 -11.665903
v 8.213532 1.407444 -11.663177
v 8.214774 1.415594 -11.663074
v 8.210425 1.407848 -11.657131
v 8.211668 1.415998 -11.657028
v 8.203712 1.408868 -11.656862
v 8.204955 1.417018 -11.656757
v 8.200106 1.409483 -11.662640
v 8.201347 1.417632 -11.662537
v 8.203213 1.409078 -11.668686
v 8.204453 1.417228 -11.668585
v 8.209926 1.408060 -11.668955
v 8.211166 1.416209 -11.668852
v 8.278390 1.397523 -11.659868
v 8.279633 1.405673 -11.659765
v 8.271677 1.398543 -11.659599
v 8.272920 1.406692 -11.659494
v 8.268072 1.399165 -11.665365
v 8.269314 1.407314 -11.665262
v 8.271180 1.398767 -11.671402
v 8.272421 1.406917 -11.671299
v 8.277893 1.397749 -11.671669
v 8.279134 1.405898 -11.671568
v 8.496146 1.360078 -11.690029
v 8.497466 1.368760 -11.689920
v 8.588917 1.346022 -11.693712
v 8.590237 1.354704 -11.693604
v 8.497405 1.359374 -11.659222
v 8.498730 1.368056 -11.659111
v 8.590164 1.345265 -11.662981
v 8.591490 1.353947 -11.662870
v 8.568581 1.367658 -11.661751
v 8.524691 1.374334 -11.659973
v 8.523424 1.375053 -11.690765
v 8.567318 1.368403 -11.692509
v 8.520584 1.356375 -11.690998
v 8.564479 1.349725 -11.692741
v 8.565799 1.358407 -11.692633
v 8.521904 1.365058 -11.690891
v 8.565729 1.348982 -11.661991
v 8.521840 1.355657 -11.660213
v 8.523165 1.364339 -11.660101
v 8.567055 1.357663 -11.661880
v 8.585608 1.359296 -11.677948
v 8.584367 1.351147 -11.678051
v 8.516401 1.361465 -11.675325
v 8.517642 1.369614 -11.675222
v 8.513288 1.361836 -11.669327
v 8.514529 1.369986 -11.669224
v 8.506575 1.362856 -11.669058
v 8.507816 1.371006 -11.668953
v 8.502975 1.363503 -11.674786
v 8.504216 1.371653 -11.674683
v 8.506088 1.363131 -11.680784
v 8.507329 1.371281 -11.680683
v 8.512801 1.362112 -11.681053
v 8.514042 1.370262 -11.680950
v 8.581252 1.351511 -11.672064
v 8.582494 1.359661 -11.671961
v 8.574539 1.352531 -11.671795
v 8.575781 1.360680 -11.671690
v 8.570941 1.353185 -11.677511
v 8.572182 1.361334 -11.677408
v 8.574056 1.352820 -11.683500
v 8.575296 1.360970 -11.683397
v 8.580769 1.351801 -11.683769
v 8.582009 1.359951 -11.683666
v 8.318781 1.367735 -10.202257
v 8.317085 1.402062 -10.200565
v 8.238039 1.407240 -11.490055
v 8.235836 1.441570 -11.489237
v 8.337099 1.364670 -10.204054
v 8.350062 1.396545 -10.203800
v 8.256460 1.404383 -11.490881
v 8.268998 1.436428 -11.490725
v 8.266415 1.419834 -11.490967
v 8.347245 1.379994 -10.204287
v 8.314269 1.385512 -10.201052
v 8.233253 1.424976 -11.489481
v 8.258174 1.421112 -11.490599
v 8.339050 1.381365 -10.203483
v 8.241493 1.423698 -11.489849
v 8.322463 1.384141 -10.201856
v 8.624243 1.316626 -10.232224
v 8.622548 1.350953 -10.230531
v 8.545218 1.359610 -11.503832
v 8.543015 1.393940 -11.503014
v 8.642561 1.313561 -10.234020
v 8.655524 1.345435 -10.233766
v 8.563639 1.356754 -11.504658
v 8.576177 1.388798 -11.504501
v 8.573593 1.372205 -11.504745
v 8.652707 1.328885 -10.234252
v 8.619731 1.334402 -10.231017
v 8.540432 1.377347 -11.503258
v 8.565353 1.373482 -11.504375
v 8.644513 1.330256 -10.233448
v 8.548672 1.376069 -11.503628
v 8.627925 1.333031 -10.231821
v 8.212846 1.397666 -11.227032
v 8.214238 1.406336 -11.226877
v 8.305449 1.382882 -11.231888
v 8.306841 1.391553 -11.231733
v 8.214494 1.396882 -11.195940
v 8.215890 1.405552 -11.195784
v 8.307085 1.382062 -11.200899
v 8.308481 1.390732 -11.200741
v 8.285698 1.404617 -11.199255
v 8.241888 1.411629 -11.196909
v 8.240234 1.412424 -11.227980
v 8.284050 1.405429 -11.230278
v 8.237240 1.393772 -11.228312
v 8.281055 1.386777 -11.230608
v 8.282448 1.395447 -11.230453
v 8.238632 1.402442 -11.228157
v 8.282695 1.385966 -11.199593
v 8.238884 1.392978 -11.197247
v 8.240280 1.401648 -11.197090
v 8.284090 1.394636 -11.199436
v 8.302459 1.396148 -11.215855
v 8.301149 1.388009 -11.216002
v 8.233307 1.398854 -11.212406
v 8.234615 1.406993 -11.212259
v 8.230269 1.399239 -11.206310
v 8.231579 1.407378 -11.206165
v 8.223569 1.400311 -11.205956
v 8.224878 1.408449 -11.205809
v 8.219904 1.400997 -11.211697
v 8.221212 1.409135 -11.211550
v 8.222941 1.400611 -11.217791
v 8.224249 1.408749 -11.217646
v 8.229642 1.399540 -11.218143
v 8.230950 1.407679 -11.217999
v 8.298112 1.388389 -11.209921
v 8.299421 1.396528 -11.209774
v 8.291410 1.389461 -11.209564
v 8.292720 1.397599 -11.209417
v 8.287748 1.390152 -11.215290
v 8.289057 1.398290 -11.215145
v 8.290786 1.389771 -11.221371
v 8.292094 1.397910 -11.221226
v 8.297487 1.388700 -11.221724
v 8.298796 1.396839 -11.221579
v 8.515186 1.349399 -11.242886
v 8.516579 1.358069 -11.242731
v 8.607790 1.334615 -11.247740
v 8.609182 1.343286 -11.247587
v 8.516798 1.348496 -11.212126
v 8.518194 1.357166 -11.211969
v 8.609390 1.333676 -11.217085
v 8.610786 1.342346 -11.216927
v 8.588002 1.356231 -11.215441
v 8.544191 1.363243 -11.213095
v 8.542576 1.364157 -11.243834
v 8.586391 1.357162 -11.246130
v 8.539580 1.345505 -11.244164
v 8.583396 1.338510 -11.246462
v 8.584788 1.347180 -11.246307
v 8.540973 1.354175 -11.244011
v 8.584999 1.337580 -11.215778
v 8.541189 1.344592 -11.213432
v 8.542585 1.353262 -11.213276
v 8.586395 1.346250 -11.215622
v 8.604781 1.347821 -11.231874
v 8.603473 1.339683 -11.232021
v 8.535629 1.350528 -11.228426
v 8.536938 1.358666 -11.228279
v 8.532585 1.350890 -11.222395
v 8.533895 1.359029 -11.222248
v 8.525885 1.351962 -11.222038
v 8.527193 1.360100 -11.221891
v 8.522226 1.352670 -11.227715
v 8.523536 1.360808 -11.227570
v 8.525270 1.352307 -11.233746
v 8.526579 1.360445 -11.233601
v 8.531972 1.351236 -11.234100
v 8.533280 1.359375 -11.233955
v 8.600428 1.340040 -11.226004
v 8.601736 1.348179 -11.225857
v 8.593726 1.341112 -11.225647
v 8.595036 1.349250 -11.225500
v 8.590071 1.341825 -11.231310
v 8.591379 1.349964 -11.231165
v 8.593116 1.341467 -11.237328
v 8.594424 1.349606 -11.237183
v 8.599817 1.340397 -11.237680
v 8.601125 1.348535 -11.237535
v 8.237697 1.385680 -10.786141
v 8.239138 1.394341 -10.785944
v 8.330133 1.370442 -10.792529
v 8.331574 1.379104 -10.792332
v 8.239765 1.384649 -10.755028
v 8.241209 1.393310 -10.754827
v 8.332190 1.369392 -10.761541
v 8.333633 1.378053 -10.761341
v 8.310949 1.392043 -10.759394
v 8.267219 1.399262 -10.756311
v 8.265147 1.400299 -10.787399
v 8.308884 1.393089 -10.790421
v 8.262047 1.381666 -10.787825
v 8.305783 1.374456 -10.790846
v 8.307225 1.383118 -10.790649
v 8.263488 1.390327 -10.787626
v 8.307843 1.373411 -10.759826
v 8.264112 1.380630 -10.756743
v 8.265556 1.389291 -10.756542
v 8.309287 1.382072 -10.759624
v 8.327435 1.383608 -10.776335
v 8.326081 1.375478 -10.776522
v 8.258360 1.386649 -10.771795
v 8.259714 1.394779 -10.771608
v 8.255409 1.387004 -10.765642
v 8.256763 1.395134 -10.765455
v 8.248720 1.388108 -10.765173
v 8.250074 1.396238 -10.764986
v 8.244982 1.388856 -10.770863
v 8.246336 1.396986 -10.770675
v 8.247932 1.388501 -10.777016
v 8.249287 1.396631 -10.776830
v 8.254622 1.387398 -10.777481
v 8.255976 1.395528 -10.777295
v 8.323129 1.375830 -10.770386
v 8.324483 1.383960 -10.770199
v 8.316440 1.376934 -10.769917
v 8.317795 1.385064 -10.769730
v 8.312703 1.377685 -10.775589
v 8.314057 1.385815 -10.775402
v 8.315655 1.377332 -10.781725
v 8.317009 1.385463 -10.781538
v 8.322344 1.376229 -10.782190
v 8.323698 1.384359 -10.782003
v 8.539494 1.335931 -10.806996
v 8.540935 1.344593 -10.806799
v 8.631929 1.320694 -10.813384
v 8.633371 1.329355 -10.813187
v 8.541523 1.334836 -10.776297
v 8.542967 1.343497 -10.776095
v 8.633947 1.319579 -10.782810
v 8.635391 1.328240 -10.782610
v 8.612707 1.342231 -10.780663
v 8.568975 1.349450 -10.777580
v 8.566944 1.350550 -10.808254
v 8.610681 1.343341 -10.811276
v 8.563843 1.331917 -10.808680
v 8.607580 1.324708 -10.811702
v 8.609021 1.333369 -10.811504
v 8.565285 1.340579 -10.808481
v 8.609600 1.323598 -10.781094
v 8.565869 1.330817 -10.778012
v 8.567313 1.339478 -10.777811
v 8.611044 1.332259 -10.780893
v 8.629211 1.333827 -10.797398
v 8.627857 1.325697 -10.797585
v 8.560137 1.336868 -10.792858
v 8.561491 1.344998 -10.792671
v 8.557178 1.337211 -10.786783
v 8.558534 1.345341 -10.786595
v 8.550489 1.338315 -10.786314
v 8.551845 1.346445 -10.786127
v 8.546759 1.339075 -10.791924
v 8.548113 1.347205 -10.791737
v 8.549717 1.338732 -10.797999
v 8.551071 1.346862 -10.797813
v 8.556406 1.337629 -10.798465
v 8.557760 1.345759 -10.798278
v 8.624898 1.326037 -10.791527
v 8.626252 1.334167 -10.791340
v 8.618209 1.327141 -10.791059
v 8.619564 1.335271 -10.790871
v 8.614480 1.327904 -10.796650
v 8.615834 1.336034 -10.796463
v 8.617439 1.327564 -10.802708
v 8.618793 1.335694 -10.802522
v 8.624128 1.326461 -10.803173
v 8.625483 1.334591 -10.802986
v 8.266339 1.371406 -10.388890
v 8.267805 1.380062 -10.388654
v 8.358611 1.355995 -10.397007
v 8.360078 1.364651 -10.396770
v 8.268912 1.370123 -10.357768
v 8.270380 1.378779 -10.357529
v 8.361170 1.354709 -10.366037
v 8.362638 1.363365 -10.365797
v 8.340025 1.377391 -10.363344
v 8.296372 1.384684 -10.359431
v 8.293800 1.385968 -10.390520
v 8.337460 1.378676 -10.394360
v 8.290646 1.367346 -10.391028
v 8.334305 1.360054 -10.394869
v 8.335771 1.368711 -10.394632
v 8.292112 1.376002 -10.390792
v 8.336867 1.358770 -10.363859
v 8.293215 1.366063 -10.359946
v 8.294683 1.374719 -10.359707
v 8.338335 1.367426 -10.363619
v 8.356210 1.369046 -10.380654
v 8.354833 1.360920 -10.380877
v 8.287233 1.372212 -10.374874
v 8.288610 1.380338 -10.374651
v 8.284385 1.372526 -10.368658
v 8.285762 1.380651 -10.368434
v 8.277708 1.373641 -10.368063
v 8.279085 1.381766 -10.367839
v 8.273879 1.374443 -10.373690
v 8.275257 1.382568 -10.373466
v 8.276728 1.374130 -10.379909
v 8.278105 1.382255 -10.379686
v 8.283405 1.373015 -10.380499
v 8.284782 1.381140 -10.380277
v 8.351982 1.361233 -10.374681
v 8.353359 1.369359 -10.374457
v 8.345305 1.362349 -10.374086
v 8.346684 1.370474 -10.373863
v 8.341479 1.363151 -10.379692
v 8.342856 1.371276 -10.379469
v 8.344330 1.362838 -10.385889
v 8.345707 1.370964 -10.385667
v 8.351007 1.361723 -10.386480
v 8.352384 1.369848 -10.386257
v 8.567598 1.321090 -10.415390
v 8.569065 1.329747 -10.415154
v 8.659870 1.305679 -10.423508
v 8.661337 1.314336 -10.423271
v 8.570126 1.319800 -10.384765
v 8.571594 1.328456 -10.384525
v 8.662384 1.304386 -10.393033
v 8.663852 1.313042 -10.392794
v 8.641238 1.327068 -10.390340
v 8.597586 1.334361 -10.386428
v 8.595060 1.335653 -10.417021
v 8.638719 1.328361 -10.420860
v 8.591905 1.317031 -10.417528
v 8.635564 1.309739 -10.421370
v 8.637030 1.318395 -10.421133
v 8.593371 1.325687 -10.417292
v 8.638082 1.308446 -10.390855
v 8.594429 1.315739 -10.386943
v 8.595897 1.324395 -10.386703
v 8.639549 1.317102 -10.390615
v 8.657447 1.318726 -10.407402
v 8.656070 1.310601 -10.407625
v 8.588470 1.321893 -10.401623
v 8.589848 1.330018 -10.401400
v 8.585612 1.322205 -10.395500
v 8.586989 1.330330 -10.395277
v 8.578936 1.323320 -10.394905
v 8.580313 1.331446 -10.394682
v 8.575116 1.324124 -10.400437
v 8.576493 1.332249 -10.400214
v 8.577973 1.323812 -10.406562
v 8.579350 1.331937 -10.406340
v 8.584650 1.322697 -10.407153
v 8.586027 1.330822 -10.406931
v 8.653210 1.310912 -10.401524
v 8.654588 1.319038 -10.401300
v 8.646534 1.312028 -10.400928
v 8.647911 1.320153 -10.400705
v 8.642715 1.312832 -10.406440
v 8.644093 1.320957 -10.406217
v 8.645575 1.312520 -10.412544
v 8.646952 1.320646 -10.412321
v 8.652252 1.311405 -10.413135
v 8.653629 1.319530 -10.412912
v 8.488390 1.290406 -8.918098
v 8.486429 1.324641 -8.915243
v 8.318781 1.367735 -10.202257
v 8.317085 1.402062 -10.200565
v 8.506510 1.287667 -8.921611
v 8.519050 1.319711 -8.921566
v 8.337099 1.364670 -10.204054
v 8.350062 1.396545 -10.203800
v 8.347245 1.379994 -10.204287
v 8.516405 1.303141 -8.922291
v 8.483785 1.308071 -8.915968
v 8.314269 1.385512 -10.201052
v 8.339050 1.381365 -10.203483
v 8.508299 1.304366 -8.920719
v 8.322463 1.384141 -10.201856
v 8.491890 1.306846 -8.917540
v 8.790551 1.244734 -8.976663
v 8.788591 1.278970 -8.973807
v 8.624243 1.316626 -10.232224
v 8.622548 1.350953 -10.230531
v 8.808671 1.241995 -8.980175
v 8.821212 1.274039 -8.980129
v 8.642561 1.313561 -10.234020
v 8.655524 1.345435 -10.233766
v 8.652707 1.328885 -10.234252
v 8.818566 1.257469 -8.980855
v 8.785946 1.262400 -8.974533
v 8.619731 1.334402 -10.231017
v 8.644513 1.330256 -10.233448
v 8.810460 1.258694 -8.979284
v 8.627925 1.333031 -10.231821
v 8.794052 1.261174 -8.976103
v 8.308077 1.350861 -9.937099
v 8.309548 1.359515 -9.936819
v 8.400124 1.335549 -9.947610
v 8.401594 1.344203 -9.947330
v 8.311237 1.349321 -9.905983
v 8.312709 1.357975 -9.905701
v 8.403267 1.334025 -9.916672
v 8.404737 1.342679 -9.916389
v 8.382189 1.356671 -9.913248
v 8.338645 1.363909 -9.908191
v 8.335489 1.365445 -9.939266
v 8.379042 1.358200 -9.944241
v 8.332324 1.346828 -9.939867
v 8.375875 1.339583 -9.944841
v 8.377348 1.348237 -9.944561
v 8.333796 1.355482 -9.939589
v 8.379024 1.338054 -9.913857
v 8.335480 1.345292 -9.908798
v 8.336951 1.353946 -9.908516
v 8.380495 1.346708 -9.913574
v 8.398035 1.348471 -9.931059
v 8.396654 1.340347 -9.931322
v 8.329222 1.351560 -9.923555
v 8.330603 1.359684 -9.923292
v 8.326492 1.351821 -9.917253
v 8.327873 1.359945 -9.916990
v 8.319832 1.352929 -9.916485
v 8.321213 1.361052 -9.916221
v 8.315900 1.353775 -9.922022
v 8.317281 1.361899 -9.921759
v 8.318629 1.353514 -9.928326
v 8.320010 1.361638 -9.928062
v 8.325290 1.352407 -9.929090
v 8.326671 1.360530 -9.928827
v 8.393923 1.340611 -9.925045
v 8.395304 1.348734 -9.924781
v 8.387262 1.341718 -9.924275
v 8.388643 1.349841 -9.924011
v 8.383333 1.342562 -9.929788
v 8.384714 1.350686 -9.929524
v 8.386065 1.342299 -9.936068
v 8.387445 1.350423 -9.935804
v 8.392725 1.341192 -9.936832
v 8.394107 1.349315 -9.936569
v 8.608601 1.300869 -9.971416
v 8.610071 1.309523 -9.971138
v 8.700646 1.285557 -9.981928
v 8.702118 1.294211 -9.981649
v 8.611703 1.299380 -9.940880
v 8.613174 1.308034 -9.940598
v 8.703732 1.284084 -9.951568
v 8.705202 1.292738 -9.951285
v 8.682653 1.306731 -9.948145
v 8.639111 1.313968 -9.943088
v 8.636013 1.315453 -9.973585
v 8.679565 1.308208 -9.978559
v 8.632847 1.296835 -9.974186
v 8.676399 1.289590 -9.979159
v 8.677871 1.298244 -9.978880
v 8.634318 1.305489 -9.973907
v 8.679489 1.288113 -9.948751
v 8.635945 1.295351 -9.943695
v 8.637417 1.304005 -9.943413
v 8.680960 1.296767 -9.948469
v 8.698530 1.298504 -9.965666
v 8.697148 1.290381 -9.965929
v 8.629715 1.301594 -9.958162
v 8.631096 1.309717 -9.957899
v 8.626975 1.301865 -9.951971
v 8.628356 1.309988 -9.951708
v 8.620315 1.302972 -9.951202
v 8.621696 1.311095 -9.950937
v 8.616394 1.303809 -9.956629
v 8.617775 1.311932 -9.956366
v 8.619134 1.303538 -9.962824
v 8.620516 1.311661 -9.962561
v 8.625795 1.302430 -9.963589
v 8.627176 1.310554 -9.963326
v 8.694406 1.290654 -9.959763
v 8.695787 1.298777 -9.959497
v 8.687745 1.291761 -9.958992
v 8.689126 1.299885 -9.958729
v 8.683827 1.292596 -9.964396
v 8.685208 1.300719 -9.964131
v 8.686569 1.292323 -9.970565
v 8.687951 1.300447 -9.970302
v 8.693231 1.291215 -9.971329
v 8.694612 1.299339 -9.971066
v 8.359866 1.326317 -9.496276
v 8.361319 1.334973 -9.495955
v 8.451622 1.311417 -9.509556
v 8.453074 1.320073 -9.509234
v 8.364284 1.324313 -9.465240
v 8.365732 1.332969 -9.464916
v 8.456015 1.309460 -9.478741
v 8.457464 1.318116 -9.478416
v 8.434969 1.331995 -9.474487
v 8.391565 1.339022 -9.468100
v 8.387160 1.341013 -9.499084
v 8.430575 1.333963 -9.505366
v 8.384037 1.322392 -9.499774
v 8.427451 1.315342 -9.506058
v 8.428904 1.323998 -9.505736
v 8.385489 1.331048 -9.499453
v 8.431850 1.313372 -9.475184
v 8.388447 1.320400 -9.468798
v 8.389896 1.329057 -9.468473
v 8.433300 1.322029 -9.474861
v 8.450083 1.324119 -9.492821
v 8.448721 1.315994 -9.493124
v 8.381502 1.326895 -9.483315
v 8.382865 1.335020 -9.483011
v 8.379048 1.327045 -9.476931
v 8.380409 1.335170 -9.476627
v 8.372409 1.328121 -9.475959
v 8.373770 1.336246 -9.475655
v 8.368224 1.329048 -9.481377
v 8.369586 1.337173 -9.481074
v 8.370680 1.328899 -9.487763
v 8.372042 1.337024 -9.487461
v 8.377319 1.327822 -9.488729
v 8.378681 1.335947 -9.488427
v 8.446262 1.316151 -9.486771
v 8.447623 1.324276 -9.486467
v 8.439623 1.317227 -9.485798
v 8.440985 1.325352 -9.485495
v 8.435442 1.318147 -9.491186
v 8.436804 1.326273 -9.490883
v 8.437901 1.317991 -9.497541
v 8.439263 1.326116 -9.497238
v 8.444540 1.316913 -9.498507
v 8.445903 1.325039 -9.498204
v 8.659440 1.277668 -9.539631
v 8.660892 1.286323 -9.539310
v 8.751196 1.262767 -9.552911
v 8.752647 1.271423 -9.552589
v 8.663777 1.275819 -9.509316
v 8.665227 1.284476 -9.508992
v 8.755508 1.260966 -9.522816
v 8.756958 1.269623 -9.522491
v 8.734463 1.283501 -9.518562
v 8.691059 1.290529 -9.512175
v 8.686734 1.292364 -9.542439
v 8.730149 1.285313 -9.548721
v 8.683611 1.273742 -9.543129
v 8.727025 1.266692 -9.549413
v 8.728477 1.275348 -9.549091
v 8.685062 1.282398 -9.542809
v 8.731344 1.264879 -9.519260
v 8.687942 1.271907 -9.512873
v 8.689391 1.280563 -9.512548
v 8.732794 1.273535 -9.518936
v 8.749617 1.275543 -9.536530
v 8.748255 1.267417 -9.536832
v 8.681037 1.278318 -9.527023
v 8.682399 1.286444 -9.526720
v 8.678567 1.278500 -9.520779
v 8.679929 1.286625 -9.520475
v 8.671928 1.279576 -9.519807
v 8.673289 1.287701 -9.519503
v 8.667759 1.280472 -9.525085
v 8.669121 1.288597 -9.524782
v 8.670229 1.280291 -9.531332
v 8.671592 1.288416 -9.531031
v 8.676868 1.279213 -9.532298
v 8.678231 1.287339 -9.531996
v 8.745781 1.267606 -9.530619
v 8.747143 1.275731 -9.530315
v 8.739142 1.268682 -9.529646
v 8.740504 1.276807 -9.529343
v 8.734977 1.269571 -9.534894
v 8.736339 1.277696 -9.534592
v 8.737451 1.269383 -9.541109
v 8.738813 1.277508 -9.540808
v 8.744090 1.268305 -9.542075
v 8.745453 1.276431 -9.541773
v 8.419534 1.299645 -9.100410
v 8.420943 1.308307 -9.100051
v 8.510933 1.285438 -9.116592
v 8.512342 1.294099 -9.116233
v 8.424875 1.297345 -9.069481
v 8.426281 1.306007 -9.069118
v 8.516241 1.283207 -9.085909
v 8.517647 1.291869 -9.085546
v 8.495197 1.305565 -9.080800
v 8.451967 1.312255 -9.073028
v 8.446644 1.314536 -9.103899
v 8.489889 1.307813 -9.111556
v 8.443610 1.295903 -9.104673
v 8.486856 1.289180 -9.112329
v 8.488266 1.297842 -9.111971
v 8.445020 1.304564 -9.104314
v 8.492174 1.286931 -9.081581
v 8.448943 1.293621 -9.073809
v 8.450349 1.302283 -9.073445
v 8.493579 1.295593 -9.081219
v 8.509875 1.297945 -9.099688
v 8.508554 1.289815 -9.100027
v 8.441601 1.300199 -9.088081
v 8.442923 1.308330 -9.087742
v 8.439309 1.300276 -9.081611
v 8.440630 1.308407 -9.081270
v 8.432697 1.301301 -9.080427
v 8.434017 1.309432 -9.080088
v 8.428374 1.302251 -9.085722
v 8.429696 1.310381 -9.085382
v 8.430665 1.302174 -9.092196
v 8.431988 1.310305 -9.091857
v 8.437279 1.301148 -9.093372
v 8.438601 1.309278 -9.093033
v 8.506258 1.289902 -9.093591
v 8.507579 1.298033 -9.093251
v 8.499645 1.290927 -9.092407
v 8.500966 1.299057 -9.092068
v 8.495328 1.291866 -9.097668
v 8.496649 1.299997 -9.097328
v 8.497622 1.291780 -9.104107
v 8.498945 1.299911 -9.103769
v 8.504236 1.290754 -9.105284
v 8.505559 1.298884 -9.104945
v 8.717943 1.253258 -9.153244
v 8.719353 1.261920 -9.152884
v 8.809341 1.239051 -9.169426
v 8.810752 1.247712 -9.169066
v 8.723177 1.251184 -9.123115
v 8.724583 1.259846 -9.122751
v 8.814543 1.237046 -9.139542
v 8.815948 1.245708 -9.139179
v 8.793499 1.259404 -9.134434
v 8.750269 1.266094 -9.126661
v 8.745052 1.268149 -9.156733
v 8.788299 1.261426 -9.164389
v 8.742019 1.249516 -9.157507
v 8.785265 1.242793 -9.165163
v 8.786675 1.251455 -9.164804
v 8.743429 1.258177 -9.157146
v 8.790475 1.240770 -9.135214
v 8.747245 1.247460 -9.127441
v 8.748651 1.256122 -9.127079
v 8.791881 1.249432 -9.134851
v 8.808231 1.251672 -9.152922
v 8.806910 1.243541 -9.153261
v 8.739956 1.253925 -9.141315
v 8.741278 1.262056 -9.140976
v 8.737644 1.254046 -9.134996
v 8.738965 1.262176 -9.134657
v 8.731031 1.255070 -9.133813
v 8.732352 1.263201 -9.133472
v 8.726730 1.255977 -9.138954
v 8.728051 1.264107 -9.138616
v 8.729041 1.255857 -9.145277
v 8.730363 1.263988 -9.144938
v 8.735655 1.254831 -9.146454
v 8.736977 1.262961 -9.146114
v 8.804593 1.243671 -9.146976
v 8.805914 1.251802 -9.146637
v 8.797980 1.244696 -9.145793
v 8.799301 1.252827 -9.145453
v 8.793683 1.245592 -9.150901
v 8.795005 1.253723 -9.150561
v 8.795999 1.245464 -9.157188
v 8.797321 1.253594 -9.156850
v 8.802612 1.244437 -9.158364
v 8.803934 1.252567 -9.158026
v 8.796825 1.173855 -7.657364
v 8.793915 1.207859 -7.652969
v 8.488390 1.290406 -8.918098
v 8.486429 1.324641 -8.915243
v 8.814466 1.172018 -7.663161
v 8.825671 1.204552 -7.663405
v 8.506510 1.287667 -8.921611
v 8.519050 1.319711 -8.921566
v 8.516405 1.303141 -8.922291
v 8.823598 1.187917 -7.664443
v 8.791841 1.191225 -7.654007
v 8.483785 1.308071 -8.915968
v 8.508299 1.304366 -8.920719
v 8.815706 1.188739 -7.661849
v 8.491890 1.306846 -8.917540
v 8.799732 1.190403 -7.656600
v 9.090992 1.143218 -7.754032
v 9.088081 1.177222 -7.749637
v 8.790551 1.244734 -8.976663
v 8.788591 1.278970 -8.973807
v 9.108633 1.141380 -7.759829
v 9.119838 1.173914 -7.760072
v 8.808671 1.241995 -8.980175
v 8.821212 1.274039 -8.980129
v 8.818566 1.257469 -8.980855
v 9.117764 1.157280 -7.761110
v 9.086008 1.160587 -7.750674
v 8.785946 1.262400 -8.974533
v 8.810460 1.258694 -8.979284
v 9.109873 1.158102 -7.758517
v 8.794052 1.261174 -8.976103
v 9.093899 1.159765 -7.753268
v 8.502605 1.264673 -8.652233
v 8.503942 1.273343 -8.651825
v 8.593448 1.251588 -8.672080
v 8.594786 1.260259 -8.671673
v 8.508800 1.262129 -8.621436
v 8.510132 1.270800 -8.621025
v 8.599597 1.249132 -8.641545
v 8.600929 1.257803 -8.641134
v 8.578545 1.271210 -8.635365
v 8.535583 1.277359 -8.625850
v 8.529413 1.279879 -8.656585
v 8.572395 1.273688 -8.665976
v 8.526535 1.261226 -8.657461
v 8.569517 1.255035 -8.666851
v 8.570855 1.263706 -8.666445
v 8.527873 1.269897 -8.657053
v 8.575679 1.252555 -8.636248
v 8.532718 1.258705 -8.626734
v 8.534050 1.267376 -8.626323
v 8.577011 1.261227 -8.635838
v 8.592739 1.263926 -8.654948
v 8.591486 1.255786 -8.655333
v 8.524944 1.265341 -8.640695
v 8.526197 1.273480 -8.640310
v 8.522837 1.265331 -8.634117
v 8.524088 1.273471 -8.633732
v 8.516264 1.266273 -8.632668
v 8.517516 1.274413 -8.632282
v 8.511800 1.267228 -8.637803
v 8.513053 1.275367 -8.637419
v 8.513908 1.267239 -8.644384
v 8.515162 1.275378 -8.644001
v 8.520481 1.266294 -8.645826
v 8.521735 1.274433 -8.645443
v 8.589371 1.255789 -8.648790
v 8.590623 1.263928 -8.648405
v 8.582799 1.256731 -8.647341
v 8.584051 1.264871 -8.646956
v 8.578341 1.257674 -8.652441
v 8.579594 1.265813 -8.652057
v 8.580456 1.257672 -8.658985
v 8.581710 1.265811 -8.658602
v 8.587029 1.256727 -8.660427
v 8.588284 1.264866 -8.660044
v 8.799198 1.221953 -8.717031
v 8.800535 1.230624 -8.716625
v 8.890040 1.208869 -8.736879
v 8.891378 1.217539 -8.736472
v 8.805245 1.219695 -8.687090
v 8.806578 1.228366 -8.686680
v 8.896043 1.206698 -8.707199
v 8.897375 1.215369 -8.706788
v 8.874990 1.228776 -8.701018
v 8.832029 1.234926 -8.691504
v 8.826006 1.237159 -8.721384
v 8.868988 1.230969 -8.730775
v 8.823128 1.218506 -8.722260
v 8.866110 1.212315 -8.731651
v 8.867448 1.220986 -8.731243
v 8.824466 1.227177 -8.721853
v 8.872125 1.210122 -8.701902
v 8.829164 1.216271 -8.692387
v 8.830496 1.224942 -8.691977
v 8.873457 1.218793 -8.701490
v 8.889258 1.221349 -8.720175
v 8.888005 1.213210 -8.720558
v 8.821465 1.222764 -8.705921
v 8.822718 1.230903 -8.705538
v 8.819327 1.222809 -8.699506
v 8.820580 1.230948 -8.699121
v 8.812756 1.223751 -8.698056
v 8.814008 1.231891 -8.697672
v 8.808319 1.224651 -8.703030
v 8.809572 1.232791 -8.702646
v 8.810455 1.224608 -8.709448
v 8.811710 1.232747 -8.709065
v 8.817029 1.223663 -8.710891
v 8.818283 1.231802 -8.710507
v 8.885862 1.213266 -8.714180
v 8.887115 1.221406 -8.713795
v 8.879291 1.214209 -8.712730
v 8.880543 1.222348 -8.712345
v 8.874861 1.215097 -8.717667
v 8.876114 1.223236 -8.717283
v 8.877004 1.215041 -8.724050
v 8.878258 1.223180 -8.723666
v 8.883576 1.214096 -8.725492
v 8.884830 1.222235 -8.725108
v 8.600747 1.225936 -8.217646
v 8.601992 1.234618 -8.217186
v 8.690853 1.214281 -8.241364
v 8.692097 1.222963 -8.240905
v 8.608730 1.222946 -8.187235
v 8.609966 1.231629 -8.186771
v 8.698775 1.211410 -8.211241
v 8.700011 1.220093 -8.210777
v 8.677714 1.233129 -8.203919
v 8.635109 1.238587 -8.192561
v 8.627159 1.241543 -8.222905
v 8.669793 1.236029 -8.234127
v 8.624483 1.222865 -8.223893
v 8.667117 1.217351 -8.235116
v 8.668361 1.226033 -8.234657
v 8.625727 1.231548 -8.223434
v 8.675056 1.214449 -8.204916
v 8.632450 1.219907 -8.193558
v 8.633686 1.228590 -8.193094
v 8.676291 1.223132 -8.204453
v 8.690939 1.226337 -8.224115
v 8.689775 1.218186 -8.224548
v 8.623779 1.226682 -8.207065
v 8.624943 1.234832 -8.206632
v 8.622037 1.226537 -8.200420
v 8.623199 1.234687 -8.199986
v 8.615520 1.227374 -8.198689
v 8.616682 1.235524 -8.198256
v 8.610743 1.228360 -8.203611
v 8.611906 1.236511 -8.203178
v 8.612483 1.228508 -8.210260
v 8.613648 1.236658 -8.209827
v 8.619002 1.227667 -8.211983
v 8.620168 1.235817 -8.211550
v 8.688025 1.218057 -8.217943
v 8.689186 1.226208 -8.217510
v 8.681506 1.218895 -8.216213
v 8.682669 1.227045 -8.215779
v 8.676738 1.219865 -8.221094
v 8.677901 1.228015 -8.220661
v 8.678488 1.219995 -8.227703
v 8.679652 1.228146 -8.227271
v 8.685007 1.219155 -8.229426
v 8.686172 1.227305 -8.228994
v 8.894935 1.187884 -8.295086
v 8.896178 1.196566 -8.294626
v 8.985041 1.176229 -8.318806
v 8.986284 1.184911 -8.318346
v 8.902719 1.185282 -8.265612
v 8.903955 1.193965 -8.265148
v 8.992764 1.173746 -8.289618
v 8.994000 1.182429 -8.289154
v 8.971704 1.195465 -8.282297
v 8.929098 1.200923 -8.270939
v 8.921347 1.203491 -8.300346
v 8.963980 1.197977 -8.311569
v 8.918671 1.184814 -8.301334
v 8.961305 1.179299 -8.312557
v 8.962548 1.187981 -8.312098
v 8.919914 1.193496 -8.300875
v 8.969045 1.176785 -8.283294
v 8.926439 1.182243 -8.271935
v 8.927675 1.190926 -8.271472
v 8.970281 1.185468 -8.282830
v 8.985027 1.188479 -8.302025
v 8.983863 1.180328 -8.302458
v 8.917868 1.188824 -8.284973
v 8.919031 1.196974 -8.284541
v 8.916087 1.188752 -8.278508
v 8.917250 1.196903 -8.278074
v 8.909570 1.189590 -8.276777
v 8.910732 1.197740 -8.276343
v 8.904831 1.190502 -8.281520
v 8.905994 1.198653 -8.281087
v 8.906610 1.190576 -8.287991
v 8.907774 1.198726 -8.287559
v 8.913129 1.189735 -8.289714
v 8.914293 1.197885 -8.289282
v 8.982075 1.180273 -8.296032
v 8.983237 1.188424 -8.295597
v 8.975557 1.181111 -8.294300
v 8.976720 1.189261 -8.293867
v 8.970826 1.182007 -8.299004
v 8.971990 1.190157 -8.298571
v 8.972613 1.182064 -8.305434
v 8.973779 1.190214 -8.305002
v 8.979133 1.181223 -8.307158
v 8.980298 1.189373 -8.306725
v 8.706614 1.186920 -7.830497
v 8.707754 1.195614 -7.829983
v 8.795864 1.176848 -7.857893
v 8.797003 1.185541 -7.857378
v 8.715534 1.183729 -7.800346
v 8.716664 1.192423 -7.799828
v 8.804709 1.173790 -7.828033
v 8.805840 1.182484 -7.827515
v 8.783649 1.195112 -7.819624
v 8.741456 1.199815 -7.806524
v 8.732574 1.202969 -7.836608
v 8.774804 1.198203 -7.849570
v 8.730125 1.184267 -7.837714
v 8.772354 1.179501 -7.850676
v 8.773493 1.188194 -7.850162
v 8.731264 1.192961 -7.837200
v 8.781219 1.176408 -7.820740
v 8.739025 1.181111 -7.807640
v 8.740155 1.189805 -7.807121
v 8.782349 1.185102 -7.820221
v 8.796310 1.188726 -7.840461
v 8.795246 1.180565 -7.840946
v 8.729883 1.187896 -7.820767
v 8.730947 1.196057 -7.820282
v 8.728350 1.187655 -7.814039
v 8.729413 1.195816 -7.813553
v 8.721895 1.188377 -7.812042
v 8.722959 1.196538 -7.811556
v 8.716970 1.189344 -7.816781
v 8.718036 1.197505 -7.816297
v 8.718502 1.189587 -7.823514
v 8.719568 1.197748 -7.823031
v 8.724959 1.188862 -7.825503
v 8.726027 1.197022 -7.825020
v 8.793703 1.180342 -7.834258
v 8.794766 1.188503 -7.833772
v 8.787248 1.181065 -7.832261
v 8.788311 1.189226 -7.831775
v 8.782333 1.182013 -7.836959
v 8.783399 1.190174 -7.836475
v 8.783876 1.182238 -7.843652
v 8.784943 1.190398 -7.843168
v 8.790333 1.181512 -7.845641
v 8.791400 1.189672 -7.845158
v 8.998007 1.154034 -7.919940
v 8.999146 1.162727 -7.919425
v 9.087257 1.143961 -7.947335
v 9.088396 1.152654 -7.946821
v 9.006682 1.151278 -7.890741
v 9.007812 1.159973 -7.890223
v 9.095858 1.141339 -7.918427
v 9.096987 1.150034 -7.917909
v 9.074798 1.162661 -7.910019
v 9.032604 1.167364 -7.896919
v 9.023968 1.170082 -7.926050
v 9.066196 1.165316 -7.939013
v 9.021518 1.151380 -7.927156
v 9.063746 1.146614 -7.940118
v 9.064885 1.155308 -7.939604
v 9.022656 1.160074 -7.926642
v 9.072367 1.143957 -7.911134
v 9.030172 1.148660 -7.898034
v 9.031303 1.157354 -7.897516
v 9.073496 1.152652 -7.910616
v 9.087582 1.156057 -7.930379
v 9.086516 1.147896 -7.930864
v 9.021152 1.155227 -7.910686
v 9.022218 1.163388 -7.910201
v 9.019573 1.155069 -7.904139
v 9.020638 1.163230 -7.903653
v 9.013119 1.155792 -7.902142
v 9.014182 1.163953 -7.901656
v 9.008242 1.156676 -7.906700
v 9.009306 1.164837 -7.906215
v 9.009819 1.156836 -7.913252
v 9.010885 1.164996 -7.912768
v 9.016276 1.156110 -7.915241
v 9.017343 1.164271 -7.914757
v 9.084927 1.147757 -7.924357
v 9.085990 1.155918 -7.923872
v 9.078471 1.148479 -7.922360
v 9.079535 1.156640 -7.921875
v 9.073605 1.149345 -7.926878
v 9.074669 1.157505 -7.926394
v 9.075193 1.149486 -7.933389
v 9.076260 1.157647 -7.932906
v 9.081650 1.148760 -7.935379
v 9.082717 1.156921 -7.934895
v 9.273903 1.025280 -6.451766
v 9.269651 1.058836 -6.445441
v 8.796825 1.173855 -7.657364
v 8.793915 1.207859 -7.652969
v 9.290682 1.024790 -6.459913
v 9.299859 1.057953 -6.460107
v 8.814466 1.172018 -7.663161
v 8.825671 1.204552 -7.663405
v 8.823598 1.187917 -7.664443
v 9.298627 1.041274 -6.461639
v 9.268420 1.042156 -6.446974
v 8.791841 1.191225 -7.654007
v 8.815706 1.188739 -7.661849
v 9.291121 1.041493 -6.457995
v 8.799732 1.190403 -7.656600
v 9.275927 1.041937 -6.450618
v 9.553715 1.017102 -6.587617
v 9.549463 1.050658 -6.581293
v 9.090992 1.143218 -7.754032
v 9.088081 1.177222 -7.749637
v 9.570494 1.016611 -6.595764
v 9.579671 1.049775 -6.595959
v 9.108633 1.141380 -7.759829
v 9.119838 1.173914 -7.760072
v 9.117764 1.157280 -7.761110
v 9.578440 1.033095 -6.597491
v 9.548232 1.033978 -6.582825
v 9.086008 1.160587 -7.750674
v 9.109873 1.158102 -7.758517
v 9.570933 1.033314 -6.593846
v 9.093899 1.159765 -7.753268
v 9.555738 1.033758 -6.586470
v 8.844831 1.138881 -7.395516
v 8.845835 1.147586 -7.394929
v 8.932878 1.130867 -7.427159
v 8.933880 1.139573 -7.426573
v 8.855602 1.135344 -7.365990
v 8.856595 1.144051 -7.365398
v 8.943556 1.127487 -7.397927
v 8.944549 1.136194 -7.397335
v 8.922523 1.148287 -7.388240
v 8.880907 1.152005 -7.373129
v 8.870183 1.155498 -7.402590
v 8.911842 1.151706 -7.417562
v 8.868025 1.136770 -7.403851
v 8.909684 1.132978 -7.418823
v 8.910687 1.141684 -7.418237
v 8.869028 1.145475 -7.403265
v 8.920387 1.129557 -7.389514
v 8.878772 1.133275 -7.374403
v 8.879765 1.141981 -7.373811
v 8.921379 1.138263 -7.388922
v 8.934116 1.142471 -7.409667
v 8.933180 1.134299 -7.410220
v 8.868705 1.140113 -7.386928
v 8.869642 1.148285 -7.386375
v 8.867568 1.139732 -7.380166
v 8.868503 1.147905 -7.379611
v 8.861200 1.140304 -7.377860
v 8.862136 1.148477 -7.377307
v 8.855968 1.141262 -7.382327
v 8.856905 1.149434 -7.381774
v 8.857105 1.141645 -7.389093
v 8.858044 1.149817 -7.388541
v 8.863475 1.141068 -7.391389
v 8.864413 1.149240 -7.390838
v 8.932030 1.133940 -7.403498
v 8.932964 1.142112 -7.402944
v 8.925663 1.134512 -7.401194
v 8.926598 1.142684 -7.400640
v 8.920443 1.135448 -7.405619
v 8.921379 1.143620 -7.405066
v 8.921593 1.135809 -7.412344
v 8.922531 1.143981 -7.411792
v 8.927962 1.135232 -7.414640
v 8.928901 1.143404 -7.414088
v 9.132292 1.112717 -7.498828
v 9.133295 1.121423 -7.498242
v 9.220337 1.104703 -7.530471
v 9.221340 1.113409 -7.529885
v 9.142762 1.109692 -7.470261
v 9.143755 1.118398 -7.469669
v 9.230715 1.101835 -7.502198
v 9.231708 1.110541 -7.501606
v 9.209682 1.122634 -7.492512
v 9.168066 1.126352 -7.477401
v 9.157642 1.129334 -7.505902
v 9.199302 1.125542 -7.520875
v 9.155485 1.110606 -7.507164
v 9.197144 1.106814 -7.522136
v 9.198147 1.115520 -7.521550
v 9.156487 1.119312 -7.506577
v 9.207546 1.103904 -7.493785
v 9.165931 1.107622 -7.478674
v 9.166924 1.116328 -7.478082
v 9.208539 1.112611 -7.493193
v 9.221426 1.116563 -7.513459
v 9.220490 1.108391 -7.514012
v 9.156015 1.114205 -7.490720
v 9.156952 1.122377 -7.490167
v 9.154820 1.113921 -7.484140
v 9.155755 1.122094 -7.483586
v 9.148454 1.114493 -7.481835
v 9.149388 1.122666 -7.481281
v 9.143278 1.115353 -7.486119
v 9.144215 1.123526 -7.485566
v 9.144472 1.115639 -7.492702
v 9.145411 1.123811 -7.492150
v 9.150843 1.115063 -7.494999
v 9.151780 1.123235 -7.494447
v 9.219282 1.108129 -7.507473
v 9.220217 1.116301 -7.506919
v 9.212915 1.108701 -7.505168
v 9.213850 1.116874 -7.504614
v 9.207753 1.109539 -7.509411
v 9.208690 1.117712 -7.508858
v 9.208960 1.109803 -7.515953
v 9.209898 1.117975 -7.515401
v 9.215329 1.109227 -7.518250
v 9.216269 1.117399 -7.517698
v 9.002260 1.088002 -6.978793
v 9.003115 1.096717 -6.978123
v 9.088896 1.082260 -7.014553
v 9.089749 1.090976 -7.013883
v 9.013954 1.084320 -6.949638
v 9.014797 1.093036 -6.948961
v 9.100481 1.078745 -6.985684
v 9.101325 1.087461 -6.985007
v 9.079502 1.098964 -6.974733
v 9.038561 1.101602 -6.957678
v 9.026919 1.105239 -6.986771
v 9.067911 1.102522 -7.003691
v 9.025082 1.086489 -6.988213
v 9.066073 1.083773 -7.005133
v 9.066928 1.092488 -7.004463
v 9.025936 1.095205 -6.987543
v 9.077688 1.080214 -6.976189
v 9.036747 1.082852 -6.959133
v 9.037591 1.091568 -6.958457
v 9.078531 1.088930 -6.975512
v 9.090459 1.093667 -6.996858
v 9.089663 1.085486 -6.997490
v 9.026226 1.089632 -6.971185
v 9.027023 1.097813 -6.970553
v 9.025315 1.089141 -6.964344
v 9.026111 1.097322 -6.963711
v 9.019052 1.089548 -6.961741
v 9.019846 1.097729 -6.961109
v 9.013695 1.090451 -6.965989
v 9.014492 1.098632 -6.965357
v 9.014605 1.090944 -6.972834
v 9.015403 1.099125 -6.972203
v 9.020871 1.090532 -6.975428
v 9.021670 1.098713 -6.974797
v 9.088737 1.085018 -6.990689
v 9.089531 1.093200 -6.990056
v 9.082472 1.085425 -6.988087
v 9.083267 1.093607 -6.987453
v 9.077131 1.086305 -6.992294
v 9.077928 1.094486 -6.991662
v 9.078055 1.086775 -6.999099
v 9.078854 1.094956 -6.998468
v 9.084322 1.086363 -7.001693
v 9.085121 1.094544 -7.001062
v 9.285117 1.069257 -7.095546
v 9.285972 1.077972 -7.094876
v 9.371753 1.063516 -7.131306
v 9.372607 1.072231 -7.130636
v 9.296459 1.066119 -7.067325
v 9.297302 1.074835 -7.066648
v 9.382987 1.060544 -7.103372
v 9.383831 1.069260 -7.102695
v 9.362008 1.080763 -7.092421
v 9.321067 1.083400 -7.075365
v 9.309776 1.086494 -7.103524
v 9.350769 1.083777 -7.120444
v 9.307940 1.067745 -7.104966
v 9.348931 1.065028 -7.121886
v 9.349785 1.073743 -7.121215
v 9.308793 1.076460 -7.104296
v 9.360193 1.062012 -7.093876
v 9.319253 1.064650 -7.076821
v 9.320096 1.073366 -7.076144
v 9.361037 1.070728 -7.093200
v 9.373141 1.075194 -7.114079
v 9.372345 1.067013 -7.114711
v 9.308908 1.071158 -7.088406
v 9.309705 1.079339 -7.087773
v 9.307930 1.070771 -7.081742
v 9.308725 1.078952 -7.081109
v 9.301666 1.071178 -7.079140
v 9.302461 1.079359 -7.078507
v 9.296377 1.071977 -7.083209
v 9.297174 1.080158 -7.082577
v 9.297354 1.072367 -7.089877
v 9.298152 1.080548 -7.089245
v 9.303620 1.071955 -7.092471
v 9.304420 1.080136 -7.091840
v 9.371351 1.066648 -7.108087
v 9.372146 1.074830 -7.107454
v 9.365087 1.067056 -7.105484
v 9.365882 1.075237 -7.104852
v 9.359813 1.067832 -7.109514
v 9.360609 1.076013 -7.108882
v 9.360805 1.068198 -7.116142
v 9.361603 1.076379 -7.115510
v 9.367072 1.067786 -7.118736
v 9.367870 1.075967 -7.118105
v 9.159313 1.039925 -6.610041
v 9.160027 1.048646 -6.609284
v 9.244498 1.036370 -6.649389
v 9.245212 1.045091 -6.648633
v 9.172613 1.036034 -6.581629
v 9.173316 1.044755 -6.580866
v 9.257680 1.032656 -6.621250
v 9.258382 1.041377 -6.620487
v 9.236781 1.052308 -6.609170
v 9.196532 1.053906 -6.590424
v 9.183288 1.057750 -6.618779
v 9.223593 1.056068 -6.637397
v 9.181753 1.038989 -6.620406
v 9.222058 1.037306 -6.639024
v 9.222772 1.046027 -6.638268
v 9.182467 1.047710 -6.619650
v 9.235271 1.033546 -6.610813
v 9.195022 1.035144 -6.592066
v 9.195724 1.043866 -6.591303
v 9.235973 1.042267 -6.610049
v 9.246684 1.047554 -6.631678
v 9.246020 1.039367 -6.632391
v 9.183651 1.041907 -6.603461
v 9.184316 1.050094 -6.602748
v 9.183121 1.041295 -6.596642
v 9.183784 1.049481 -6.595927
v 9.176963 1.041543 -6.593781
v 9.177625 1.049730 -6.593066
v 9.171330 1.042409 -6.597747
v 9.171995 1.050596 -6.597033
v 9.171860 1.043024 -6.604568
v 9.172525 1.051210 -6.603857
v 9.178021 1.042771 -6.607422
v 9.178688 1.050957 -6.606710
v 9.245474 1.038779 -6.625609
v 9.246136 1.046966 -6.624895
v 9.239315 1.039028 -6.622748
v 9.239977 1.047215 -6.622033
v 9.233700 1.039869 -6.626676
v 9.234364 1.048055 -6.625962
v 9.234245 1.040459 -6.633460
v 9.234911 1.048645 -6.632749
v 9.240407 1.040205 -6.636314
v 9.241074 1.048392 -6.635602
v 9.437435 1.028317 -6.738510
v 9.438148 1.037038 -6.737754
v 9.522620 1.024761 -6.777859
v 9.523334 1.033482 -6.777102
v 9.450346 1.025005 -6.710988
v 9.451049 1.033726 -6.710225
v 9.535413 1.021627 -6.750609
v 9.536115 1.030348 -6.749846
v 9.514515 1.041279 -6.738529
v 9.474265 1.042877 -6.719783
v 9.461410 1.046141 -6.747249
v 9.501716 1.044459 -6.765866
v 9.459875 1.027380 -6.748876
v 9.500181 1.025698 -6.767493
v 9.500895 1.034419 -6.766737
v 9.460588 1.036101 -6.748119
v 9.513004 1.022517 -6.740172
v 9.472755 1.024115 -6.721426
v 9.473457 1.032837 -6.720662
v 9.513706 1.031238 -6.739408
v 9.524612 1.036234 -6.760593
v 9.523948 1.028047 -6.761307
v 9.461578 1.030588 -6.732377
v 9.462243 1.038774 -6.731664
v 9.460976 1.030086 -6.725726
v 9.461637 1.038272 -6.725012
v 9.454817 1.030334 -6.722865
v 9.455479 1.038521 -6.722150
v 9.449258 1.031089 -6.726662
v 9.449923 1.039276 -6.725949
v 9.449861 1.031593 -6.733315
v 9.450527 1.039780 -6.732603
v 9.456022 1.031340 -6.736169
v 9.456689 1.039526 -6.735457
v 9.523328 1.027570 -6.754694
v 9.523990 1.035757 -6.753979
v 9.517169 1.027819 -6.751832
v 9.517831 1.036005 -6.751118
v 9.511627 1.028549 -6.755592
v 9.512291 1.036736 -6.754878
v 9.512246 1.029028 -6.762207
v 9.512913 1.037215 -6.761495
v 9.518408 1.028775 -6.765060
v 9.519074 1.036961 -6.764349
v 7.949801 1.302396 -15.557171
v 7.949750 1.356280 -15.558346
v 8.610869 1.302525 -15.543756
v 8.610935 1.356409 -15.544922
v 7.951399 1.305764 -15.465424
v 7.951598 1.359649 -15.466578
v 8.612495 1.302868 -15.451122
v 8.612812 1.356752 -15.452265
v 7.932705 1.294945 -15.927773
v 7.932652 1.348829 -15.928947
v 8.591173 1.294383 -15.985659
v 8.591121 1.348268 -15.986835
v 7.937833 1.296794 -15.835684
v 7.937779 1.350678 -15.836859
v 8.596302 1.296232 -15.893568
v 8.596249 1.350117 -15.894745
v 7.914566 1.285829 -16.382055
v 7.914512 1.339713 -16.383232
v 8.574389 1.285829 -16.411970
v 8.574335 1.339713 -16.413145
v 7.918361 1.287679 -16.289877
v 7.918308 1.341563 -16.291054
v 8.578184 1.287679 -16.319792
v 8.578131 1.341563 -16.320967
v 7.995210 1.344880 -14.280716
v 7.998497 1.398671 -14.281492
v 8.654844 1.304250 -14.256462
v 8.658235 1.358035 -14.257217
v 7.995734 1.347449 -14.188784
v 7.999241 1.401227 -14.189520
v 8.655212 1.304157 -14.163988
v 8.658822 1.357928 -14.164707
v 7.981957 1.334092 -14.650127
v 7.984326 1.387930 -14.651043
v 8.640349 1.304689 -14.699856
v 8.642648 1.358529 -14.700783
v 7.986348 1.336958 -14.558378
v 7.988953 1.390785 -14.559263
v 8.644634 1.304695 -14.607359
v 8.647167 1.358525 -14.608253
v 7.966721 1.319092 -15.102510
v 7.967910 1.372966 -15.103573
v 8.626556 1.304022 -15.128017
v 8.627746 1.357896 -15.129080
v 7.970412 1.322463 -15.010786
v 7.971852 1.376331 -15.011826
v 8.630206 1.304357 -15.035410
v 8.631645 1.358225 -15.036448
v 8.027494 1.370612 -13.000092
v 8.033564 1.424166 -13.000231
v 8.684041 1.295807 -12.972454
v 8.690192 1.349351 -12.972569
v 8.027670 1.371763 -12.907770
v 8.033907 1.425298 -12.907856
v 8.684004 1.294782 -12.880428
v 8.690317 1.348308 -12.880489
v 8.016973 1.365467 -13.370949
v 8.022308 1.419098 -13.371292
v 8.673252 1.300297 -13.414354
v 8.678532 1.353934 -13.414713
v 8.020457 1.366660 -13.278778
v 8.025975 1.420274 -13.279070
v 8.676512 1.299271 -13.322195
v 8.681974 1.352889 -13.322502
v 8.006390 1.356438 -13.824839
v 8.010745 1.410156 -13.825411
v 8.664508 1.302905 -13.841450
v 8.668863 1.356623 -13.842020
v 8.008663 1.358346 -13.732761
v 8.013220 1.412047 -13.733288
v 8.666584 1.302357 -13.749083
v 8.671141 1.356058 -13.749609
v 8.063547 1.371950 -11.712934
v 8.071597 1.425239 -11.712296
v 8.717072 1.272762 -11.695511
v 8.725177 1.326042 -11.694843
v 8.065038 1.371176 -11.620039
v 8.073192 1.424449 -11.619343
v 8.718670 1.270572 -11.604164
v 8.726868 1.323837 -11.603439
v 8.049307 1.374903 -12.085951
v 8.056883 1.428263 -12.085543
v 8.702048 1.282786 -12.134506
v 8.709582 1.336152 -12.134115
v 8.053713 1.374048 -11.993250
v 8.061407 1.427391 -11.992785
v 8.706053 1.280653 -12.042908
v 8.713711 1.334001 -12.042459
v 8.037354 1.374463 -12.542168
v 8.044233 1.427919 -12.542038
v 8.692238 1.290230 -12.559280
v 8.699118 1.343686 -12.559151
v 8.039827 1.374675 -12.449633
v 8.046852 1.428112 -12.449448
v 8.694465 1.288676 -12.467390
v 8.701490 1.342113 -12.467203
v 8.134567 1.340564 -10.417600
v 8.143559 1.393687 -10.416172
v 8.786722 1.230456 -10.431164
v 8.795723 1.283576 -10.429709
v 8.140258 1.337088 -10.324039
v 8.149268 1.390206 -10.322556
v 8.792119 1.226931 -10.340784
v 8.801139 1.280046 -10.339275
v 8.106255 1.353782 -10.792879
v 8.115093 1.406936 -10.791674
v 8.754490 1.247731 -10.864920
v 8.763315 1.300888 -10.863731
v 8.113747 1.350575 -10.699678
v 8.122630 1.403720 -10.698418
v 8.761728 1.244112 -10.774377
v 8.770597 1.297259 -10.773133
v 8.081359 1.365298 -11.252157
v 8.089880 1.418509 -11.251232
v 8.732804 1.261560 -11.285610
v 8.741325 1.314771 -11.284685
v 8.086252 1.363111 -11.159004
v 8.094843 1.416311 -11.158020
v 8.737463 1.258612 -11.194595
v 8.746054 1.311811 -11.193613
v 8.286087 1.268441 -9.117788
v 8.294772 1.321589 -9.115601
v 8.936012 1.165352 -9.188353
v 8.944659 1.218505 -9.186138
v 8.300229 1.261609 -9.024267
v 8.308832 1.314768 -9.022022
v 8.949456 1.159971 -9.099958
v 8.958022 1.213135 -9.097687
v 8.228642 1.294296 -9.493184
v 8.237558 1.347414 -9.491220
v 8.870563 1.190874 -9.613108
v 8.879487 1.243991 -9.611160
v 8.243248 1.287920 -9.399950
v 8.252111 1.341045 -9.397932
v 8.883998 1.185641 -9.524315
v 8.892879 1.238764 -9.522313
v 8.175482 1.320018 -9.954162
v 8.184514 1.373126 -9.952464
v 8.823049 1.212212 -10.026938
v 8.832081 1.265320 -10.025241
v 8.184992 1.315361 -9.860638
v 8.194018 1.368468 -9.858887
v 8.832186 1.207884 -9.937132
v 8.841211 1.260991 -9.935380
v 8.573799 1.151123 -7.831925
v 8.580849 1.204466 -7.828803
v 9.213630 1.075887 -7.982492
v 9.220604 1.129238 -7.979331
v 8.598907 1.141284 -7.740322
v 8.605795 1.194643 -7.737114
v 9.237153 1.068848 -7.896991
v 9.243965 1.122214 -7.893744
v 8.471665 1.189845 -8.199911
v 8.479317 1.243122 -8.197100
v 9.098717 1.109660 -8.392128
v 9.106409 1.162932 -8.389339
v 8.497158 1.180278 -8.108450
v 8.504663 1.233572 -8.105566
v 9.122667 1.102624 -8.306599
v 9.130217 1.155913 -8.303736
v 8.369818 1.231704 -8.656113
v 8.378058 1.284910 -8.653632
v 9.009077 1.139127 -8.794094
v 9.017319 1.192333 -8.791613
v 8.388589 1.223755 -8.563218
v 8.396727 1.276973 -8.560675
v 9.026901 1.133015 -8.706693
v 9.035038 1.186233 -8.704149
v 9.030819 0.996041 -6.594416
v 9.035269 1.049557 -6.589820
v 9.647329 0.965814 -6.831133
v 9.651685 1.019333 -6.826477
v 9.068655 0.983893 -6.507545
v 9.072899 1.037414 -6.502818
v 9.683663 0.957271 -6.750442
v 9.687810 1.010795 -6.745650
v 8.879366 1.043991 -6.944588
v 8.884628 1.097473 -6.940486
v 9.478696 1.005746 -7.220342
v 9.484018 1.059226 -7.216276
v 8.916118 1.032264 -6.857096
v 8.921183 1.085757 -6.852877
v 9.513182 0.997509 -7.138848
v 9.518307 1.050998 -7.134665
v 8.714900 1.099683 -7.382722
v 8.721106 1.153103 -7.379152
v 9.334742 1.042453 -7.603590
v 9.340946 1.095873 -7.600020
v 8.746861 1.088640 -7.293270
v 8.752880 1.142074 -7.289598
v 9.364767 1.034643 -7.520290
v 9.370786 1.088077 -7.516618
v 9.910527 0.859514 -5.326400
v 9.904977 0.892403 -5.317938
v 9.273903 1.025280 -6.451766
v 9.269651 1.058836 -6.445441
v 9.926164 0.860524 -5.336531
v 9.933126 0.894221 -5.336176
v 9.290682 1.024790 -6.459913
v 9.299859 1.057953 -6.460107
v 9.298627 1.041274 -6.461639
v 9.932774 0.877574 -5.338380
v 9.904624 0.875757 -5.320142
v 9.268420 1.042157 -6.446974
v 9.291121 1.041493 -6.457995
v 9.925778 0.877123 -5.333848
v 9.275927 1.041937 -6.450618
v 9.911619 0.876208 -5.324674
v 10.171283 0.876352 -5.495338
v 10.165733 0.909240 -5.486876
v 9.553715 1.017102 -6.587617
v 9.549463 1.050658 -6.581293
v 10.186920 0.877361 -5.505469
v 10.193883 0.911058 -5.505114
v 9.570494 1.016611 -6.595764
v 9.579671 1.049775 -6.595959
v 9.578440 1.033095 -6.597491
v 10.193530 0.894412 -5.507318
v 10.165380 0.892594 -5.489080
v 9.548232 1.033978 -6.582825
v 9.570933 1.033314 -6.593846
v 10.186535 0.893960 -5.502787
v 9.555738 1.033758 -6.586470
v 10.172375 0.893046 -5.493612
v 9.358687 0.982762 -6.200773
v 9.359236 0.991484 -6.199906
v 9.442053 0.981816 -6.243979
v 9.442601 0.990539 -6.243113
v 9.372941 0.978771 -6.172854
v 9.373478 0.987494 -6.171979
v 9.456174 0.978008 -6.216318
v 9.456711 0.986730 -6.215444
v 9.435404 0.996973 -6.202987
v 9.396021 0.997334 -6.182422
v 9.381827 1.001277 -6.210290
v 9.421272 1.000830 -6.230733
v 9.380648 0.982512 -6.212155
v 9.420093 0.982065 -6.232598
v 9.420641 0.990788 -6.231731
v 9.381196 0.991235 -6.211288
v 9.434249 0.978209 -6.204869
v 9.394867 0.978570 -6.184304
v 9.395403 0.987292 -6.183429
v 9.434786 0.986931 -6.203994
v 9.444642 0.992782 -6.226128
v 9.444133 0.984595 -6.226945
v 9.383101 0.985221 -6.195195
v 9.383611 0.993408 -6.194377
v 9.382795 0.984498 -6.188320
v 9.383303 0.992686 -6.187501
v 9.376769 0.984557 -6.185180
v 9.377276 0.992745 -6.184361
v 9.371045 0.985344 -6.188923
v 9.371554 0.993532 -6.188106
v 9.371349 0.986070 -6.195803
v 9.371861 0.994258 -6.194986
v 9.377379 0.986005 -6.198935
v 9.377891 0.994193 -6.198119
v 9.443808 0.983897 -6.220106
v 9.444315 0.992085 -6.219287
v 9.437781 0.983956 -6.216967
v 9.438289 0.992144 -6.216147
v 9.432076 0.984718 -6.220674
v 9.432586 0.992906 -6.219856
v 9.432399 0.985418 -6.227517
v 9.432910 0.993606 -6.226701
v 9.438429 0.985354 -6.230649
v 9.438940 0.993542 -6.229834
v 9.630868 0.979675 -6.341839
v 9.631416 0.988398 -6.340972
v 9.714233 0.978729 -6.385045
v 9.714782 0.987452 -6.384178
v 9.644690 0.976279 -6.314760
v 9.645226 0.985001 -6.313886
v 9.727923 0.975515 -6.358225
v 9.728460 0.984238 -6.357350
v 9.707152 0.994481 -6.344893
v 9.667770 0.994842 -6.324328
v 9.654008 0.998191 -6.351356
v 9.693452 0.997743 -6.371799
v 9.652828 0.979426 -6.353220
v 9.692273 0.978979 -6.373663
v 9.692821 0.987701 -6.372797
v 9.653377 0.988149 -6.352353
v 9.705997 0.975717 -6.346775
v 9.666615 0.976078 -6.326210
v 9.667152 0.984800 -6.325335
v 9.706534 0.984439 -6.345901
v 9.716607 0.989993 -6.367614
v 9.716098 0.981805 -6.368431
v 9.655066 0.982431 -6.336681
v 9.655576 0.990619 -6.335863
v 9.654678 0.981821 -6.329966
v 9.655186 0.990009 -6.329147
v 9.648652 0.981881 -6.326826
v 9.649159 0.990069 -6.326007
v 9.643010 0.982555 -6.330409
v 9.643519 0.990743 -6.329591
v 9.643396 0.983167 -6.337128
v 9.643908 0.991355 -6.336312
v 9.649426 0.983103 -6.340261
v 9.649938 0.991291 -6.339445
v 9.715691 0.981221 -6.361753
v 9.716198 0.989409 -6.360933
v 9.709664 0.981280 -6.358613
v 9.710172 0.989468 -6.357794
v 9.704041 0.981929 -6.362159
v 9.704551 0.990117 -6.361342
v 9.704446 0.982516 -6.368843
v 9.704957 0.990704 -6.368027
v 9.710476 0.982452 -6.371975
v 9.710987 0.990639 -6.371160
v 9.571044 0.925363 -5.810791
v 9.571432 0.934082 -5.809806
v 9.652483 0.927016 -5.857509
v 9.652870 0.935735 -5.856524
v 9.586814 0.921261 -5.783752
v 9.587191 0.929979 -5.782759
v 9.668112 0.923097 -5.830706
v 9.668489 0.931816 -5.829713
v 9.647507 0.941369 -5.816200
v 9.609041 0.940500 -5.793983
v 9.593331 0.944555 -5.820978
v 9.631865 0.945337 -5.843083
v 9.592497 0.925799 -5.823097
v 9.631030 0.926581 -5.845202
v 9.631418 0.935300 -5.844217
v 9.592885 0.934518 -5.822112
v 9.646696 0.922614 -5.818337
v 9.608230 0.921745 -5.796121
v 9.608606 0.930463 -5.795127
v 9.647073 0.931332 -5.817344
v 9.655712 0.937757 -5.839692
v 9.655354 0.929573 -5.840620
v 9.595737 0.928295 -5.806305
v 9.596096 0.936479 -5.805376
v 9.595789 0.927456 -5.799469
v 9.596147 0.935640 -5.798539
v 9.589903 0.927328 -5.796077
v 9.590261 0.935511 -5.795146
v 9.583961 0.928042 -5.799526
v 9.584319 0.936226 -5.798597
v 9.583906 0.928883 -5.806365
v 9.584267 0.937067 -5.805438
v 9.589796 0.929007 -5.809751
v 9.590158 0.937191 -5.808824
v 9.655386 0.928760 -5.833817
v 9.655743 0.936944 -5.832888
v 9.649500 0.928632 -5.830425
v 9.649857 0.936815 -5.829494
v 9.643577 0.929321 -5.833841
v 9.643935 0.937505 -5.832913
v 9.643542 0.930136 -5.840647
v 9.643903 0.938320 -5.839720
v 9.649432 0.930259 -5.844033
v 9.649794 0.938444 -5.843106
v 9.836933 0.930760 -5.963320
v 9.837321 0.939479 -5.962335
v 9.918371 0.932413 -6.010037
v 9.918759 0.941132 -6.009052
v 9.852245 0.927257 -5.937053
v 9.852622 0.935975 -5.936059
v 9.933544 0.929093 -5.984007
v 9.933921 0.937812 -5.983014
v 9.912939 0.947365 -5.969501
v 9.874472 0.946496 -5.947285
v 9.859221 0.949952 -5.973507
v 9.897753 0.950734 -5.995612
v 9.858386 0.931196 -5.975626
v 9.896918 0.931978 -5.997731
v 9.897306 0.940696 -5.996746
v 9.858774 0.939914 -5.974641
v 9.912128 0.928610 -5.971638
v 9.873661 0.927741 -5.949422
v 9.874039 0.936459 -5.948428
v 9.912505 0.937328 -5.970645
v 9.921373 0.943453 -5.992607
v 9.921014 0.935269 -5.993536
v 9.861398 0.933991 -5.959220
v 9.861757 0.942175 -5.958292
v 9.861363 0.933267 -5.952531
v 9.861720 0.941451 -5.951601
v 9.855476 0.933138 -5.949139
v 9.855833 0.941322 -5.948209
v 9.849621 0.933739 -5.952441
v 9.849980 0.941923 -5.951513
v 9.849654 0.934465 -5.959133
v 9.850015 0.942649 -5.958206
v 9.855544 0.934589 -5.962519
v 9.855906 0.942773 -5.961592
v 9.920959 0.934571 -5.986879
v 9.921317 0.942755 -5.985950
v 9.915073 0.934442 -5.983487
v 9.915430 0.942626 -5.982557
v 9.909237 0.935017 -5.986756
v 9.909596 0.943201 -5.985828
v 9.909289 0.935718 -5.993415
v 9.909651 0.943902 -5.992488
v 9.915180 0.935842 -5.996801
v 9.915541 0.944026 -5.995874
v 9.777058 0.872782 -5.468583
v 9.777306 0.881493 -5.467485
v 9.856658 0.876768 -5.518235
v 9.856906 0.885478 -5.517138
v 9.793541 0.868648 -5.441998
v 9.793778 0.877358 -5.440891
v 9.872993 0.872816 -5.491872
v 9.873230 0.881525 -5.490766
v 9.852574 0.890454 -5.476354
v 9.814981 0.888483 -5.452755
v 9.798560 0.892571 -5.479301
v 9.836224 0.894456 -5.502795
v 9.798026 0.873832 -5.481663
v 9.835690 0.875718 -5.505156
v 9.835938 0.884428 -5.504058
v 9.798274 0.882543 -5.480565
v 9.852063 0.871718 -5.478734
v 9.814470 0.869746 -5.455135
v 9.814708 0.878456 -5.454029
v 9.852301 0.880427 -5.477628
v 9.860152 0.887332 -5.500287
v 9.859924 0.879156 -5.501321
v 9.801658 0.876169 -5.464861
v 9.801886 0.884345 -5.463827
v 9.801912 0.875240 -5.458005
v 9.802138 0.883416 -5.456969
v 9.796160 0.874943 -5.454401
v 9.796386 0.883119 -5.453364
v 9.790147 0.875579 -5.457659
v 9.790375 0.883755 -5.456624
v 9.789890 0.876511 -5.464518
v 9.790120 0.884687 -5.463485
v 9.795648 0.876803 -5.468116
v 9.795877 0.884979 -5.467083
v 9.860158 0.878252 -5.494496
v 9.860385 0.886428 -5.493461
v 9.854405 0.877955 -5.490892
v 9.854631 0.886131 -5.489856
v 9.848413 0.878566 -5.494119
v 9.848642 0.886742 -5.493084
v 9.848178 0.879472 -5.500947
v 9.848408 0.887648 -5.499914
v 9.853935 0.879764 -5.504545
v 9.854165 0.887940 -5.503512
v 10.036946 0.885795 -5.630692
v 10.037194 0.894505 -5.629595
v 10.116547 0.889780 -5.680345
v 10.116796 0.898491 -5.679247
v 10.052944 0.882255 -5.604835
v 10.053182 0.890964 -5.603728
v 10.132396 0.886422 -5.654709
v 10.132633 0.895132 -5.653603
v 10.111978 0.904061 -5.639191
v 10.074385 0.902089 -5.615592
v 10.058449 0.905583 -5.641411
v 10.096113 0.907469 -5.664904
v 10.057915 0.886845 -5.643772
v 10.095578 0.888730 -5.667265
v 10.095827 0.897441 -5.666168
v 10.058163 0.895555 -5.642674
v 10.111466 0.885324 -5.641571
v 10.073874 0.883352 -5.617972
v 10.074111 0.892062 -5.616866
v 10.111704 0.894034 -5.640465
v 10.119799 0.900641 -5.662761
v 10.119571 0.892465 -5.663795
v 10.061304 0.889479 -5.627335
v 10.061532 0.897655 -5.626300
v 10.061466 0.888663 -5.620617
v 10.061692 0.896839 -5.619581
v 10.055714 0.888365 -5.617013
v 10.055940 0.896541 -5.615976
v 10.049793 0.888889 -5.620132
v 10.050022 0.897065 -5.619098
v 10.049629 0.889707 -5.626853
v 10.049859 0.897883 -5.625820
v 10.055387 0.889999 -5.630451
v 10.055616 0.898175 -5.629418
v 10.119712 0.891675 -5.657108
v 10.119939 0.899851 -5.656073
v 10.113959 0.891378 -5.653504
v 10.114185 0.899553 -5.652468
v 10.108060 0.891875 -5.656592
v 10.108289 0.900051 -5.655558
v 10.107916 0.892668 -5.663282
v 10.108147 0.900844 -5.662249
v 10.113674 0.892961 -5.666881
v 10.113904 0.901137 -5.665847
v 10.685613 0.691427 -4.292688
v 10.679281 0.723564 -4.282144
v 9.910527 0.859514 -5.326400
v 9.904977 0.892403 -5.317938
v 10.699835 0.693782 -4.304535
v 10.704884 0.727803 -4.303471
v 9.926164 0.860524 -5.336531
v 9.933126 0.894221 -5.336176
v 9.932774 0.877574 -5.338380
v 10.705205 0.711263 -4.306373
v 10.679602 0.707025 -4.285046
v 9.904624 0.875757 -5.320142
v 9.925778 0.877123 -5.333848
v 10.698842 0.710210 -4.301073
v 9.911619 0.876208 -5.324674
v 10.685964 0.708078 -4.290345
v 10.922777 0.730689 -4.490244
v 10.916446 0.762826 -4.479700
v 10.171283 0.876352 -5.495338
v 10.165733 0.909240 -5.486876
v 10.936999 0.733043 -4.502091
v 10.942049 0.767065 -4.501028
v 10.186920 0.877361 -5.505469
v 10.193883 0.911058 -5.505114
v 10.193530 0.894412 -5.507318
v 10.942369 0.750525 -4.503930
v 10.916766 0.746287 -4.482602
v 10.165380 0.892594 -5.489080
v 10.186535 0.893960 -5.502787
v 10.936007 0.749472 -4.498630
v 10.172375 0.893046 -5.493612
v 10.923128 0.747340 -4.487902
v 10.027650 0.812546 -5.090156
v 10.027750 0.821242 -5.088926
v 10.105047 0.819113 -5.142920
v 10.105147 0.827808 -5.141690
v 10.045437 0.808394 -5.064451
v 10.045527 0.817088 -5.063212
v 10.122678 0.815134 -5.117422
v 10.122768 0.823829 -5.116184
v 10.102526 0.832063 -5.100804
v 10.065979 0.828874 -5.075741
v 10.048254 0.832983 -5.101410
v 10.084875 0.836090 -5.126376
v 10.048038 0.814276 -5.104055
v 10.084659 0.817383 -5.129020
v 10.084759 0.826079 -5.127791
v 10.048139 0.822972 -5.102826
v 10.102330 0.813359 -5.103468
v 10.065784 0.810169 -5.078405
v 10.065875 0.818864 -5.077167
v 10.102421 0.822053 -5.102230
v 10.109113 0.829479 -5.125013
v 10.109023 0.821317 -5.126171
v 10.052373 0.816442 -5.087437
v 10.052463 0.824604 -5.086279
v 10.052957 0.815416 -5.080636
v 10.053044 0.823578 -5.079476
v 10.047363 0.814932 -5.076807
v 10.047451 0.823094 -5.075647
v 10.041183 0.815479 -5.079785
v 10.041272 0.823641 -5.078627
v 10.040597 0.816507 -5.086590
v 10.040689 0.824670 -5.085434
v 10.046194 0.816987 -5.090413
v 10.046286 0.825149 -5.089257
v 10.109584 0.820315 -5.119399
v 10.109672 0.828477 -5.118239
v 10.103991 0.819831 -5.115571
v 10.104078 0.827993 -5.114410
v 10.097832 0.820354 -5.118520
v 10.097921 0.828516 -5.117361
v 10.097268 0.821358 -5.125296
v 10.097360 0.829520 -5.124139
v 10.102866 0.821837 -5.129119
v 10.102957 0.829999 -5.127962
v 10.280346 0.833985 -5.262424
v 10.280446 0.842680 -5.261194
v 10.357743 0.840551 -5.315187
v 10.357843 0.849247 -5.313958
v 10.297621 0.830401 -5.237397
v 10.297711 0.839095 -5.236158
v 10.374861 0.837141 -5.290368
v 10.374951 0.845836 -5.289130
v 10.354709 0.854070 -5.273750
v 10.318162 0.850881 -5.248687
v 10.300950 0.854421 -5.273678
v 10.337570 0.857528 -5.298644
v 10.300734 0.835714 -5.276323
v 10.337355 0.838821 -5.301289
v 10.337455 0.847517 -5.300059
v 10.300834 0.844410 -5.275094
v 10.354514 0.835366 -5.276414
v 10.317967 0.832176 -5.251351
v 10.318058 0.840871 -5.250113
v 10.354605 0.844060 -5.275176
v 10.361552 0.851201 -5.297620
v 10.361463 0.843039 -5.298779
v 10.304813 0.838165 -5.260044
v 10.304903 0.846327 -5.258886
v 10.305299 0.837247 -5.253372
v 10.305387 0.845409 -5.252213
v 10.299706 0.836763 -5.249543
v 10.299793 0.844925 -5.248384
v 10.293623 0.837202 -5.252393
v 10.293713 0.845364 -5.251234
v 10.293135 0.838122 -5.259068
v 10.293226 0.846284 -5.257912
v 10.298732 0.838601 -5.262892
v 10.298823 0.846763 -5.261735
v 10.361926 0.842146 -5.292135
v 10.362014 0.850308 -5.290976
v 10.356333 0.841662 -5.288306
v 10.356421 0.849824 -5.287147
v 10.350272 0.842076 -5.291127
v 10.350362 0.850238 -5.289968
v 10.349806 0.842972 -5.297774
v 10.349897 0.851134 -5.296618
v 10.355403 0.843451 -5.301597
v 10.355494 0.851613 -5.300440
v 10.287960 0.753834 -4.731431
v 10.287931 0.762511 -4.730074
v 10.363043 0.762793 -4.787107
v 10.363014 0.771470 -4.785750
v 10.306967 0.749714 -4.706593
v 10.306929 0.758389 -4.705226
v 10.381877 0.758835 -4.762474
v 10.381840 0.767510 -4.761107
v 10.362064 0.775096 -4.744814
v 10.326619 0.770780 -4.718374
v 10.307676 0.774861 -4.743177
v 10.343203 0.779100 -4.769521
v 10.307738 0.756194 -4.746098
v 10.343265 0.760433 -4.772441
v 10.343235 0.769110 -4.771084
v 10.307710 0.764871 -4.744740
v 10.362144 0.756432 -4.747753
v 10.326699 0.752116 -4.721313
v 10.326662 0.760792 -4.719947
v 10.362106 0.765108 -4.746387
v 10.367668 0.772990 -4.769260
v 10.367700 0.764846 -4.770539
v 10.312752 0.758223 -4.729671
v 10.312720 0.766367 -4.728394
v 10.313649 0.757116 -4.722931
v 10.313617 0.765260 -4.721651
v 10.308225 0.756460 -4.718891
v 10.308191 0.764604 -4.717611
v 10.301897 0.756914 -4.721599
v 10.301866 0.765059 -4.720320
v 10.300995 0.758023 -4.728344
v 10.300965 0.766168 -4.727067
v 10.306425 0.758675 -4.732378
v 10.306396 0.766820 -4.731101
v 10.368573 0.763762 -4.763827
v 10.368541 0.771906 -4.762547
v 10.363149 0.763106 -4.759788
v 10.363115 0.771250 -4.758508
v 10.356845 0.763538 -4.762466
v 10.356813 0.771682 -4.761188
v 10.355967 0.764624 -4.769182
v 10.355938 0.772768 -4.767906
v 10.361397 0.765276 -4.773216
v 10.361367 0.773420 -4.771939
v 10.533098 0.783084 -4.913208
v 10.533069 0.791761 -4.911851
v 10.608180 0.792043 -4.968884
v 10.608151 0.800721 -4.967527
v 10.551543 0.779493 -4.889039
v 10.551506 0.788169 -4.887672
v 10.626453 0.788614 -4.944920
v 10.626416 0.797290 -4.943553
v 10.606641 0.804875 -4.927260
v 10.571197 0.800559 -4.900820
v 10.552814 0.804111 -4.924954
v 10.588340 0.808350 -4.951298
v 10.552876 0.785444 -4.927875
v 10.588402 0.789683 -4.954218
v 10.588373 0.798361 -4.952861
v 10.552847 0.794122 -4.926517
v 10.606721 0.786211 -4.930200
v 10.571277 0.781895 -4.903759
v 10.571239 0.790571 -4.902393
v 10.606684 0.794887 -4.928833
v 10.612526 0.802505 -4.951373
v 10.612556 0.794361 -4.952651
v 10.557609 0.787737 -4.911783
v 10.557578 0.795882 -4.910505
v 10.558400 0.786732 -4.905170
v 10.558368 0.794876 -4.903890
v 10.552975 0.786075 -4.901131
v 10.552942 0.794220 -4.899851
v 10.546754 0.786429 -4.903710
v 10.546723 0.794574 -4.902432
v 10.545959 0.787437 -4.910328
v 10.545930 0.795582 -4.909052
v 10.551389 0.788089 -4.914362
v 10.551359 0.796234 -4.913085
v 10.613324 0.793378 -4.946066
v 10.613292 0.801522 -4.944786
v 10.607899 0.792721 -4.942027
v 10.607866 0.800866 -4.940747
v 10.601702 0.793053 -4.944578
v 10.601671 0.801197 -4.943299
v 10.600931 0.794038 -4.951167
v 10.600902 0.802183 -4.949890
v 10.606361 0.794690 -4.955201
v 10.606331 0.802835 -4.953924
v 10.535411 0.701523 -4.417851
v 10.535283 0.710181 -4.416384
v 10.608193 0.712485 -4.476161
v 10.608066 0.721144 -4.474693
v 10.555610 0.697486 -4.393892
v 10.555475 0.706143 -4.392416
v 10.628196 0.708594 -4.452418
v 10.628061 0.717251 -4.450943
v 10.608786 0.724291 -4.433826
v 10.574441 0.719035 -4.406134
v 10.554308 0.723037 -4.430054
v 10.588745 0.728224 -4.457643
v 10.554584 0.704411 -4.433212
v 10.589021 0.709598 -4.460801
v 10.588893 0.718256 -4.459333
v 10.554456 0.713069 -4.431744
v 10.609075 0.705668 -4.437001
v 10.574730 0.700412 -4.409309
v 10.574595 0.709069 -4.407834
v 10.608940 0.714325 -4.435525
v 10.613404 0.722563 -4.458432
v 10.613527 0.714436 -4.459814
v 10.560273 0.706351 -4.417013
v 10.560150 0.714477 -4.415631
v 10.561482 0.705187 -4.410343
v 10.561357 0.713314 -4.408960
v 10.556225 0.704387 -4.406113
v 10.556101 0.712513 -4.404729
v 10.549753 0.704754 -4.408557
v 10.549630 0.712880 -4.407176
v 10.548542 0.705919 -4.415230
v 10.548420 0.714046 -4.413849
v 10.553804 0.706715 -4.419455
v 10.553682 0.714842 -4.418074
v 10.614709 0.713293 -4.453175
v 10.614584 0.721419 -4.451791
v 10.609451 0.712492 -4.448944
v 10.609327 0.720619 -4.447560
v 10.603007 0.712839 -4.451359
v 10.602884 0.720966 -4.449977
v 10.601824 0.713984 -4.458001
v 10.601702 0.722111 -4.456620
v 10.607086 0.714780 -4.462225
v 10.606964 0.722907 -4.460845
v 10.773040 0.737315 -4.608226
v 10.772912 0.745973 -4.606758
v 10.845822 0.748278 -4.666536
v 10.845695 0.756936 -4.665068
v 10.792598 0.733753 -4.584975
v 10.792463 0.742410 -4.583498
v 10.865184 0.744861 -4.643501
v 10.865049 0.753518 -4.642025
v 10.845774 0.760558 -4.624908
v 10.811429 0.755302 -4.597216
v 10.791937 0.758829 -4.620428
v 10.826374 0.764016 -4.648017
v 10.792212 0.740203 -4.623587
v 10.826650 0.745390 -4.651175
v 10.826522 0.754048 -4.649708
v 10.792085 0.748861 -4.622118
v 10.846063 0.741935 -4.628084
v 10.811718 0.736679 -4.600392
v 10.811584 0.745336 -4.598916
v 10.845928 0.750592 -4.626607
v 10.850713 0.758592 -4.649160
v 10.850836 0.750466 -4.650542
v 10.797583 0.742380 -4.607741
v 10.797460 0.750507 -4.606359
v 10.798669 0.741307 -4.601207
v 10.798545 0.749434 -4.599823
v 10.793412 0.740507 -4.596976
v 10.793287 0.748633 -4.595593
v 10.787063 0.740783 -4.599286
v 10.786940 0.748910 -4.597904
v 10.785973 0.741858 -4.605824
v 10.785851 0.749985 -4.604444
v 10.791236 0.742655 -4.610048
v 10.791114 0.750782 -4.608668
v 10.851895 0.749413 -4.644038
v 10.851771 0.757539 -4.642654
v 10.846639 0.748612 -4.639807
v 10.846514 0.756739 -4.638424
v 10.840316 0.748868 -4.642087
v 10.840193 0.756995 -4.640706
v 10.839254 0.749923 -4.648595
v 10.839132 0.758050 -4.647214
v 10.844517 0.750720 -4.652819
v 10.844395 0.758847 -4.651439
v 11.613566 0.538728 -3.378099
v 11.607852 0.570354 -3.365801
v 10.685613 0.691427 -4.292688
v 10.679281 0.723564 -4.282144
v 11.625316 0.541942 -3.392234
v 11.629003 0.576140 -3.391247
v 10.699835 0.693782 -4.304535
v 10.704884 0.727803 -4.303471
v 10.705205 0.711263 -4.306373
v 11.629509 0.559685 -3.394568
v 11.608358 0.553898 -3.369122
v 10.679602 0.707025 -4.285046
v 10.698842 0.710210 -4.301073
v 11.624253 0.558246 -3.388245
v 10.685964 0.708078 -4.290345
v 11.613614 0.555336 -3.375445
v 11.809488 0.592333 -3.613807
v 11.803774 0.623959 -3.601509
v 10.922777 0.730689 -4.490244
v 10.916446 0.762826 -4.479700
v 11.821238 0.595548 -3.627942
v 11.824924 0.629746 -3.626955
v 10.936999 0.733043 -4.502091
v 10.942049 0.767065 -4.501028
v 10.942369 0.750525 -4.503930
v 11.825432 0.613290 -3.630276
v 11.804280 0.607503 -3.604831
v 10.916766 0.746287 -4.482602
v 10.936007 0.749472 -4.498630
v 11.820175 0.611852 -3.623953
v 10.923128 0.747340 -4.487902
v 11.809536 0.608941 -3.611154
v 10.833662 0.643430 -4.073799
v 10.833448 0.652067 -4.072217
v 10.903409 0.656422 -4.135314
v 10.903195 0.665058 -4.133732
v 10.855090 0.639531 -4.050776
v 10.854872 0.648166 -4.049188
v 10.924600 0.652647 -4.112533
v 10.924381 0.661283 -4.110944
v 10.905820 0.667769 -4.092847
v 10.872931 0.661562 -4.063627
v 10.851575 0.665432 -4.086601
v 10.884576 0.671579 -4.115706
v 10.852035 0.646852 -4.090003
v 10.885036 0.653000 -4.119109
v 10.884822 0.661636 -4.117527
v 10.851821 0.655489 -4.088422
v 10.906289 0.649192 -4.096264
v 10.873401 0.642986 -4.067044
v 10.873182 0.651621 -4.065456
v 10.906071 0.657827 -4.094676
v 10.909282 0.666398 -4.117696
v 10.909485 0.658292 -4.119184
v 10.858470 0.648727 -4.074026
v 10.858267 0.656834 -4.072538
v 10.860023 0.647516 -4.067418
v 10.859819 0.655622 -4.065929
v 10.854987 0.646570 -4.062955
v 10.854784 0.654676 -4.061466
v 10.848392 0.646838 -4.065105
v 10.848189 0.654944 -4.063617
v 10.846837 0.648050 -4.071714
v 10.846636 0.656157 -4.070227
v 10.851879 0.648993 -4.076171
v 10.851678 0.657100 -4.074684
v 10.911005 0.657098 -4.112611
v 10.910801 0.665204 -4.111121
v 10.905969 0.656152 -4.108147
v 10.905766 0.664258 -4.106658
v 10.899407 0.656402 -4.110263
v 10.899204 0.664509 -4.108776
v 10.897885 0.657597 -4.116838
v 10.897683 0.665704 -4.115352
v 10.902927 0.658540 -4.121295
v 10.902725 0.666647 -4.119809
v 11.061380 0.685847 -4.274638
v 11.061167 0.694484 -4.273056
v 11.131127 0.698839 -4.336152
v 11.130914 0.707476 -4.334571
v 11.082032 0.682356 -4.252405
v 11.081814 0.690991 -4.250816
v 11.151542 0.695473 -4.314161
v 11.151324 0.704108 -4.312572
v 11.132762 0.710594 -4.294476
v 11.099874 0.704388 -4.265256
v 11.079293 0.707849 -4.287440
v 11.112294 0.713996 -4.316545
v 11.079753 0.689270 -4.290842
v 11.112755 0.695417 -4.319948
v 11.112540 0.704053 -4.318366
v 11.079539 0.697906 -4.289260
v 11.133232 0.692017 -4.297893
v 11.100343 0.685811 -4.268673
v 11.100124 0.694446 -4.267084
v 11.133014 0.700652 -4.296305
v 11.136613 0.709019 -4.318930
v 11.136816 0.700913 -4.320418
v 11.085801 0.691348 -4.275259
v 11.085598 0.699455 -4.273772
v 11.087206 0.690215 -4.268803
v 11.087003 0.698321 -4.267313
v 11.082170 0.689269 -4.264339
v 11.081966 0.697375 -4.262850
v 11.075724 0.689459 -4.266339
v 11.075521 0.697565 -4.264851
v 11.074316 0.690594 -4.272798
v 11.074114 0.698701 -4.271311
v 11.079358 0.691537 -4.277255
v 11.079156 0.699643 -4.275768
v 11.138187 0.699797 -4.313995
v 11.137984 0.707903 -4.312506
v 11.133152 0.698851 -4.309531
v 11.132949 0.706957 -4.308042
v 11.126738 0.699024 -4.311497
v 11.126535 0.707130 -4.310009
v 11.125364 0.700141 -4.317922
v 11.125162 0.708248 -4.316436
v 11.130406 0.701084 -4.322379
v 11.130204 0.709191 -4.320892
v 11.143744 0.589041 -3.752299
v 11.143480 0.597659 -3.750628
v 11.209811 0.603687 -3.817400
v 11.209548 0.612305 -3.815728
v 11.166492 0.585339 -3.730320
v 11.166226 0.593956 -3.728644
v 11.232258 0.600086 -3.795703
v 11.231992 0.608703 -3.794026
v 11.214362 0.614739 -3.774873
v 11.183245 0.607762 -3.743937
v 11.160581 0.611439 -3.765853
v 11.191841 0.618369 -3.796655
v 11.161148 0.592899 -3.769448
v 11.192408 0.599829 -3.800251
v 11.192144 0.608447 -3.798579
v 11.160884 0.601517 -3.767777
v 11.214933 0.596201 -3.778480
v 11.183816 0.589224 -3.747544
v 11.183551 0.597841 -3.745867
v 11.214668 0.604819 -3.776803
v 11.216475 0.613619 -3.799965
v 11.216724 0.605530 -3.801537
v 11.168429 0.594762 -3.753736
v 11.168180 0.602852 -3.752165
v 11.170365 0.593529 -3.747199
v 11.170116 0.601618 -3.745627
v 11.165599 0.592464 -3.742474
v 11.165351 0.600553 -3.740901
v 11.158889 0.592635 -3.744293
v 11.158640 0.600725 -3.742722
v 11.156948 0.593870 -3.750834
v 11.156700 0.601960 -3.749264
v 11.161722 0.594932 -3.755552
v 11.161475 0.603022 -3.753981
v 11.218618 0.604311 -3.795039
v 11.218369 0.612400 -3.793467
v 11.213852 0.603246 -3.790314
v 11.213604 0.611335 -3.788742
v 11.207184 0.603403 -3.792094
v 11.206936 0.611492 -3.790523
v 11.205286 0.604624 -3.798595
v 11.205038 0.612713 -3.797025
v 11.210060 0.605686 -3.803313
v 11.209812 0.613776 -3.801742
v 11.359448 0.636860 -3.964846
v 11.359184 0.645478 -3.963175
v 11.425516 0.651506 -4.029946
v 11.425252 0.660124 -4.028275
v 11.381210 0.633486 -3.943789
v 11.380945 0.642103 -3.942112
v 11.446976 0.648233 -4.009171
v 11.446711 0.656850 -4.007495
v 11.429081 0.662886 -3.988342
v 11.397964 0.655909 -3.957406
v 11.376285 0.659258 -3.978399
v 11.407545 0.666188 -4.009202
v 11.376852 0.640718 -3.981995
v 11.408113 0.647648 -4.012797
v 11.407848 0.656266 -4.011126
v 11.376589 0.649336 -3.980323
v 11.429652 0.644348 -3.991948
v 11.398535 0.637371 -3.961012
v 11.398270 0.645988 -3.959336
v 11.429386 0.652965 -3.990272
v 11.431688 0.661602 -4.012973
v 11.431936 0.653513 -4.014544
v 11.383641 0.642745 -3.966744
v 11.383392 0.650835 -3.965173
v 11.385389 0.641574 -3.960382
v 11.385141 0.649663 -3.958810
v 11.380624 0.640509 -3.955657
v 11.380375 0.648599 -3.954085
v 11.374101 0.640618 -3.957301
v 11.373853 0.648708 -3.955730
v 11.372348 0.641791 -3.963666
v 11.372100 0.649880 -3.962096
v 11.377122 0.642853 -3.968384
v 11.376874 0.650942 -3.966814
v 11.433642 0.652356 -4.008223
v 11.433394 0.660445 -4.006650
v 11.428877 0.651291 -4.003497
v 11.428628 0.659380 -4.001925
v 11.422396 0.651386 -4.005102
v 11.422148 0.659475 -4.003531
v 11.420685 0.652544 -4.011428
v 11.420437 0.660634 -4.009857
v 11.425460 0.653607 -4.016145
v 11.425212 0.661696 -4.014575
v 11.441625 0.543115 -3.477830
v 11.441351 0.551722 -3.476106
v 11.503355 0.558897 -3.546807
v 11.503081 0.567504 -3.545082
v 11.465840 0.539682 -3.457067
v 11.465568 0.548289 -3.455339
v 11.527171 0.555536 -3.526382
v 11.526898 0.564142 -3.524655
v 11.510428 0.569875 -3.504407
v 11.481410 0.562374 -3.471610
v 11.457297 0.565789 -3.492290
v 11.486506 0.573257 -3.524927
v 11.457886 0.547272 -3.496000
v 11.487094 0.554740 -3.528637
v 11.486820 0.563347 -3.526912
v 11.457612 0.555880 -3.494276
v 11.511016 0.551359 -3.508123
v 11.481997 0.543858 -3.475326
v 11.481724 0.552465 -3.473599
v 11.510743 0.559966 -3.506396
v 11.510970 0.568863 -3.529685
v 11.511227 0.560783 -3.531305
v 11.466145 0.549194 -3.480643
v 11.465888 0.557273 -3.479023
v 11.468515 0.547970 -3.474199
v 11.468260 0.556050 -3.472578
v 11.464068 0.546825 -3.469190
v 11.463812 0.554904 -3.467570
v 11.457238 0.546905 -3.470635
v 11.456983 0.554984 -3.469015
v 11.454863 0.548129 -3.477084
v 11.454606 0.556209 -3.475464
v 11.459321 0.549273 -3.482083
v 11.459064 0.557352 -3.480464
v 11.513542 0.559569 -3.524908
v 11.513286 0.567649 -3.523287
v 11.509094 0.558424 -3.519899
v 11.508839 0.566503 -3.518278
v 11.502320 0.558494 -3.521297
v 11.502064 0.566573 -3.519677
v 11.500000 0.559708 -3.527698
v 11.499743 0.567788 -3.526079
v 11.504458 0.560852 -3.532698
v 11.504202 0.568932 -3.531078
v 11.643168 0.594641 -3.703032
v 11.642896 0.603249 -3.701308
v 11.704899 0.610423 -3.772009
v 11.704626 0.619031 -3.770285
v 11.666080 0.591442 -3.683375
v 11.665809 0.600049 -3.681648
v 11.727412 0.607296 -3.752691
v 11.727139 0.615903 -3.750964
v 11.710670 0.621636 -3.730716
v 11.681650 0.614135 -3.697919
v 11.658841 0.617316 -3.717493
v 11.688049 0.624783 -3.750129
v 11.659431 0.598799 -3.721203
v 11.688638 0.606266 -3.753839
v 11.688364 0.614873 -3.752115
v 11.659157 0.607406 -3.719478
v 11.711256 0.603120 -3.734432
v 11.682237 0.595619 -3.701635
v 11.681964 0.604226 -3.699907
v 11.710983 0.611727 -3.732704
v 11.711863 0.620506 -3.755441
v 11.712119 0.612427 -3.757061
v 11.667037 0.600838 -3.706400
v 11.666781 0.608917 -3.704780
v 11.669161 0.599658 -3.700166
v 11.668904 0.607738 -3.698545
v 11.664713 0.598513 -3.695157
v 11.664457 0.606592 -3.693537
v 11.658132 0.598548 -3.696392
v 11.657875 0.606628 -3.694772
v 11.656004 0.599728 -3.702630
v 11.655747 0.607808 -3.701010
v 11.660462 0.600872 -3.707629
v 11.660206 0.608951 -3.706009
v 11.714187 0.611258 -3.750874
v 11.713930 0.619337 -3.749254
v 11.709740 0.610112 -3.745866
v 11.709483 0.618191 -3.744245
v 11.703214 0.610137 -3.747053
v 11.702957 0.618217 -3.745433
v 11.701141 0.611307 -3.753244
v 11.700885 0.619387 -3.751624
v 11.705600 0.612451 -3.758243
v 11.705343 0.620531 -3.756624
v 12.801474 0.448433 -2.750897
v 12.799472 0.480422 -2.738374
v 11.613567 0.538728 -3.378098
v 11.607852 0.570353 -3.365801
v 12.805868 0.451360 -2.768794
v 12.807384 0.485690 -2.770592
v 11.625316 0.541942 -3.392233
v 11.629004 0.576140 -3.391247
v 11.629510 0.559684 -3.394567
v 12.807505 0.469110 -2.773273
v 12.799593 0.463842 -2.741055
v 11.608359 0.553897 -3.369122
v 11.624254 0.558246 -3.388245
v 12.805539 0.467801 -2.765267
v 11.613615 0.555335 -3.375445
v 12.801559 0.465151 -2.749061
v 12.874759 0.497234 -3.049335
v 12.872757 0.529222 -3.036812
v 11.809489 0.592333 -3.613806
v 11.803775 0.623959 -3.601509
v 12.879154 0.500160 -3.067231
v 12.880669 0.534490 -3.069030
v 11.821239 0.595547 -3.627941
v 11.824925 0.629746 -3.626955
v 11.825432 0.613290 -3.630276
v 12.880791 0.517911 -3.071711
v 12.872879 0.512643 -3.039493
v 11.804281 0.607503 -3.604830
v 11.820176 0.611852 -3.623953
v 12.878824 0.516602 -3.063705
v 11.809537 0.608941 -3.611153
v 12.874845 0.513952 -3.047499
v 11.807414 0.496281 -3.189046
v 11.807175 0.504887 -3.187311
v 11.862144 0.512819 -3.263535
v 11.861904 0.521426 -3.261800
v 11.834174 0.493409 -3.170622
v 11.833940 0.502016 -3.168889
v 11.888278 0.509970 -3.245562
v 11.888043 0.518577 -3.243829
v 11.873521 0.524123 -3.222094
v 11.847921 0.516288 -3.186636
v 11.821316 0.519152 -3.204936
v 11.847212 0.526977 -3.240181
v 11.821831 0.500637 -3.208669
v 11.847727 0.508463 -3.243913
v 11.847487 0.517069 -3.242178
v 11.821591 0.509244 -3.206933
v 11.874025 0.505607 -3.225821
v 11.848426 0.497772 -3.190363
v 11.848191 0.506379 -3.188630
v 11.873791 0.514214 -3.224088
v 11.871419 0.522994 -3.247275
v 11.871641 0.514915 -3.248903
v 11.831772 0.502789 -3.194161
v 11.831550 0.510868 -3.192533
v 11.834878 0.501645 -3.187964
v 11.834657 0.509724 -3.186337
v 11.830949 0.500447 -3.182551
v 11.830728 0.508526 -3.180924
v 11.823895 0.500394 -3.183347
v 11.823673 0.508473 -3.181720
v 11.820782 0.501539 -3.189550
v 11.820559 0.509618 -3.187922
v 11.824728 0.502736 -3.194951
v 11.824505 0.510815 -3.193323
v 11.874660 0.513773 -3.242769
v 11.874439 0.521852 -3.241142
v 11.870731 0.512575 -3.237356
v 11.870509 0.520654 -3.235729
v 11.863766 0.512520 -3.238089
v 11.863543 0.520599 -3.236461
v 11.860739 0.513662 -3.244228
v 11.860516 0.521740 -3.242600
v 11.864685 0.514859 -3.249629
v 11.864462 0.522938 -3.248001
v 11.986101 0.550278 -3.432246
v 11.985863 0.558885 -3.430511
v 12.040832 0.566817 -3.506735
v 12.040592 0.575423 -3.505000
v 12.010818 0.547477 -3.415295
v 12.010583 0.556084 -3.413562
v 12.064921 0.564038 -3.490235
v 12.064687 0.572645 -3.488502
v 12.050164 0.578191 -3.466767
v 12.024565 0.570356 -3.431309
v 12.000004 0.573150 -3.448135
v 12.025900 0.580975 -3.483380
v 12.000519 0.554635 -3.451868
v 12.026414 0.562460 -3.487113
v 12.026175 0.571067 -3.485378
v 12.000279 0.563241 -3.450133
v 12.050669 0.559675 -3.470494
v 12.025069 0.551840 -3.435036
v 12.024835 0.560447 -3.433303
v 12.050434 0.568282 -3.468761
v 12.049087 0.577027 -3.491213
v 12.049309 0.568948 -3.492841
v 12.009439 0.556823 -3.438099
v 12.009216 0.564902 -3.436472
v 12.012156 0.555691 -3.432183
v 12.011934 0.563770 -3.430556
v 12.008226 0.554493 -3.426770
v 12.008005 0.562572 -3.425143
v 12.001563 0.554427 -3.427285
v 12.001340 0.562506 -3.425658
v 11.998837 0.555559 -3.433207
v 11.998614 0.563638 -3.431579
v 12.002785 0.556756 -3.438608
v 12.002561 0.564835 -3.436980
v 12.051938 0.567820 -3.486987
v 12.051717 0.575899 -3.485360
v 12.048009 0.566622 -3.481574
v 12.047788 0.574701 -3.479947
v 12.041432 0.566553 -3.482027
v 12.041210 0.574632 -3.480399
v 12.038795 0.567681 -3.487886
v 12.038571 0.575760 -3.486258
v 12.042742 0.568879 -3.493286
v 12.042519 0.576957 -3.491658
v 12.202102 0.459565 -2.944532
v 12.201940 0.468187 -2.942869
v 12.246171 0.476066 -3.025791
v 12.246008 0.484688 -3.024129
v 12.231755 0.457488 -2.929462
v 12.231599 0.466112 -2.927809
v 12.274858 0.473946 -3.011247
v 12.274702 0.482571 -3.009593
v 12.263167 0.488164 -2.986146
v 12.242773 0.480377 -2.947449
v 12.213361 0.482461 -2.962360
v 12.234213 0.490268 -3.000809
v 12.213711 0.463912 -2.965937
v 12.234562 0.471719 -3.004386
v 12.234400 0.480342 -3.002723
v 12.213549 0.472534 -2.964275
v 12.263503 0.469611 -2.989703
v 12.243109 0.461823 -2.951006
v 12.242953 0.470448 -2.949353
v 12.263348 0.478235 -2.988050
v 12.257522 0.486634 -3.010925
v 12.257671 0.478540 -3.012481
v 12.225737 0.466465 -2.952751
v 12.225588 0.474560 -2.951195
v 12.229776 0.465472 -2.946950
v 12.229628 0.473567 -2.945395
v 12.226635 0.464280 -2.941043
v 12.226487 0.472375 -2.939489
v 12.219428 0.464080 -2.940952
v 12.219279 0.472175 -2.939396
v 12.215377 0.465072 -2.946761
v 12.215226 0.473167 -2.945203
v 12.218545 0.466265 -2.952653
v 12.218394 0.474360 -2.951095
v 12.261576 0.477541 -3.006753
v 12.261428 0.485636 -3.005198
v 12.258435 0.476349 -3.000846
v 12.258286 0.484444 -2.999292
v 12.251363 0.476154 -3.000682
v 12.251213 0.484249 -2.999126
v 12.247446 0.477153 -3.006418
v 12.247295 0.485247 -3.004859
v 12.250614 0.478346 -3.012310
v 12.250463 0.486440 -3.010752
v 12.345983 0.513439 -3.209837
v 12.345819 0.522062 -3.208174
v 12.390051 0.529940 -3.291097
v 12.389889 0.538563 -3.289434
v 12.372482 0.511223 -3.196482
v 12.372326 0.519847 -3.194829
v 12.415585 0.527681 -3.278266
v 12.415429 0.536306 -3.276613
v 12.403894 0.541899 -3.253166
v 12.383500 0.534112 -3.214469
v 12.357242 0.536335 -3.227666
v 12.378093 0.544143 -3.266114
v 12.357592 0.517786 -3.231243
v 12.378443 0.525594 -3.269691
v 12.378280 0.534216 -3.268028
v 12.357429 0.526408 -3.229580
v 12.404231 0.523346 -3.256722
v 12.383837 0.515558 -3.218026
v 12.383680 0.524183 -3.216372
v 12.404075 0.531970 -3.255069
v 12.399828 0.540440 -3.277092
v 12.399978 0.532345 -3.278648
v 12.368043 0.520271 -3.218919
v 12.367893 0.528365 -3.217362
v 12.371482 0.519251 -3.213443
v 12.371333 0.527346 -3.211888
v 12.368340 0.518059 -3.207536
v 12.368193 0.526154 -3.205981
v 12.361734 0.517885 -3.207119
v 12.361586 0.525980 -3.205563
v 12.358283 0.518904 -3.212601
v 12.358132 0.526999 -3.211043
v 12.361451 0.520097 -3.218493
v 12.361300 0.528192 -3.216935
v 12.403281 0.531319 -3.273246
v 12.403133 0.539415 -3.271691
v 12.400141 0.530127 -3.267339
v 12.399992 0.538222 -3.265785
v 12.393669 0.529960 -3.266849
v 12.393519 0.538054 -3.265293
v 12.390353 0.530985 -3.272258
v 12.390202 0.539079 -3.270700
v 12.393520 0.532178 -3.278150
v 12.393370 0.540272 -3.276592
v 12.594963 0.438213 -2.775713
v 12.594876 0.446866 -2.774209
v 12.624907 0.453753 -2.863345
v 12.624820 0.462405 -2.861841
v 12.627144 0.437126 -2.765264
v 12.627061 0.445781 -2.763776
v 12.655824 0.452547 -2.853339
v 12.655741 0.461202 -2.851851
v 12.648090 0.467105 -2.826936
v 12.634521 0.459808 -2.785263
v 12.602663 0.460921 -2.795561
v 12.616832 0.468273 -2.837024
v 12.602851 0.442307 -2.798798
v 12.617020 0.449659 -2.840261
v 12.616932 0.458312 -2.838756
v 12.602764 0.450959 -2.797293
v 12.648269 0.448485 -2.830138
v 12.634699 0.441188 -2.788465
v 12.634616 0.449844 -2.786977
v 12.648186 0.457140 -2.828650
v 12.638386 0.464886 -2.850583
v 12.638466 0.456762 -2.851988
v 12.616989 0.445420 -2.787619
v 12.616910 0.453544 -2.786214
v 12.622015 0.444650 -2.782467
v 12.621936 0.452774 -2.781065
v 12.619911 0.443531 -2.776103
v 12.619832 0.451655 -2.774702
v 12.612747 0.443180 -2.774903
v 12.612667 0.451303 -2.773499
v 12.607702 0.443949 -2.780063
v 12.607622 0.452072 -2.778655
v 12.609841 0.445071 -2.786415
v 12.609760 0.453194 -2.785007
v 12.643315 0.455975 -2.846898
v 12.643236 0.464099 -2.845496
v 12.641211 0.454857 -2.840534
v 12.641132 0.462981 -2.839132
v 12.634224 0.454522 -2.839272
v 12.634144 0.462645 -2.837867
v 12.629355 0.455308 -2.844370
v 12.629274 0.463430 -2.842962
v 12.631495 0.456430 -2.850722
v 12.631413 0.464552 -2.849314
v 12.692729 0.488949 -3.061823
v 12.692641 0.497602 -3.060319
v 12.722673 0.504489 -3.149455
v 12.722586 0.513142 -3.147950
v 12.720780 0.487473 -3.052820
v 12.720697 0.496128 -3.051332
v 12.749460 0.502894 -3.140895
v 12.749377 0.511549 -3.139407
v 12.741727 0.517452 -3.114492
v 12.728157 0.510155 -3.072819
v 12.700429 0.511657 -3.081671
v 12.714597 0.519009 -3.123134
v 12.700617 0.493043 -3.084908
v 12.714785 0.500395 -3.126371
v 12.714698 0.509048 -3.124866
v 12.700529 0.501695 -3.083403
v 12.741905 0.498832 -3.117694
v 12.728335 0.491535 -3.076021
v 12.728252 0.500191 -3.074533
v 12.741822 0.507487 -3.116206
v 12.734090 0.515429 -3.137424
v 12.734169 0.507305 -3.138829
v 12.712692 0.495963 -3.074459
v 12.712613 0.504086 -3.073055
v 12.716932 0.495118 -3.069582
v 12.716853 0.503242 -3.068180
v 12.714828 0.494000 -3.063218
v 12.714749 0.502124 -3.061816
v 12.708450 0.493723 -3.061743
v 12.708370 0.501846 -3.060339
v 12.704191 0.494566 -3.066627
v 12.704111 0.502688 -3.065219
v 12.706330 0.495688 -3.072978
v 12.706250 0.503810 -3.071571
v 12.738232 0.506444 -3.134013
v 12.738153 0.514568 -3.132611
v 12.736128 0.505325 -3.127649
v 12.736049 0.513449 -3.126247
v 12.729927 0.505065 -3.126113
v 12.729847 0.513188 -3.124708
v 12.725844 0.505924 -3.130934
v 12.725764 0.514047 -3.129526
v 12.727983 0.507046 -3.137286
v 12.727902 0.515169 -3.135878
v 14.118380 0.449200 -2.671950
v 14.118380 0.481679 -2.660585
v 12.801474 0.448433 -2.750897
v 12.799472 0.480422 -2.738374
v 14.118380 0.451394 -2.690480
v 14.118380 0.485630 -2.693943
v 12.805868 0.451360 -2.768794
v 12.807384 0.485690 -2.770592
v 12.807505 0.469110 -2.773273
v 14.118380 0.468951 -2.695919
v 14.118380 0.465000 -2.662561
v 12.799593 0.463842 -2.741055
v 12.805539 0.467801 -2.765267
v 14.118380 0.467970 -2.687629
v 12.801559 0.465151 -2.749061
v 14.118380 0.465982 -2.670850
v 14.118380 0.485798 -2.980945
v 14.118380 0.518278 -2.969580
v 12.874759 0.497234 -3.049335
v 12.872757 0.529222 -3.036812
v 14.118380 0.487993 -2.999475
v 14.118380 0.522229 -3.002938
v 12.879154 0.500160 -3.067231
v 12.880669 0.534490 -3.069030
v 12.880791 0.517911 -3.071711
v 14.118380 0.505550 -3.004913
v 14.118380 0.501599 -2.971556
v 12.872879 0.512643 -3.039493
v 12.878824 0.516602 -3.063705
v 14.118380 0.504568 -2.996624
v 12.874845 0.513952 -3.047499
v 14.118380 0.502581 -2.979845
v 13.071616 0.430474 -2.668175
v 13.071567 0.439167 -2.666922
v 13.083562 0.443830 -2.760350
v 13.083513 0.452523 -2.759097
v 13.104631 0.430514 -2.664319
v 13.104584 0.439209 -2.663082
v 13.115530 0.443704 -2.756648
v 13.115481 0.452400 -2.755412
v 13.112555 0.458935 -2.729667
v 13.107398 0.452694 -2.685981
v 13.074656 0.452693 -2.689760
v 13.080309 0.459013 -2.733373
v 13.074763 0.433993 -2.692456
v 13.080416 0.440312 -2.736069
v 13.080366 0.449005 -2.734816
v 13.074714 0.442685 -2.691203
v 13.112659 0.440230 -2.732327
v 13.107503 0.433989 -2.688641
v 13.107454 0.442684 -2.687404
v 13.112611 0.448925 -2.731090
v 13.098752 0.455702 -2.750833
v 13.098798 0.447541 -2.752002
v 13.090429 0.437816 -2.684410
v 13.090384 0.445977 -2.683242
v 13.096268 0.437338 -2.680345
v 13.096222 0.445500 -2.679179
v 13.095455 0.436380 -2.673667
v 13.095409 0.444541 -2.672501
v 13.088776 0.435895 -2.671058
v 13.088730 0.444056 -2.669889
v 13.082923 0.436370 -2.675126
v 13.082876 0.444531 -2.673954
v 13.083763 0.437333 -2.681800
v 13.083717 0.445494 -2.680628
v 13.104490 0.447040 -2.747958
v 13.104445 0.455202 -2.746793
v 13.103678 0.446082 -2.741280
v 13.103632 0.454243 -2.740114
v 13.097145 0.445620 -2.738649
v 13.097099 0.453781 -2.737481
v 13.091437 0.446119 -2.742696
v 13.091392 0.454279 -2.741524
v 13.092278 0.447081 -2.749370
v 13.092233 0.455242 -2.748199
v 13.110619 0.474081 -2.969121
v 13.110569 0.482774 -2.967867
v 13.122564 0.487437 -3.061296
v 13.122515 0.496130 -3.060043
v 13.140214 0.473579 -2.965766
v 13.140165 0.482274 -2.964530
v 13.151113 0.486769 -3.058095
v 13.151064 0.495464 -3.056859
v 13.148138 0.502000 -3.031114
v 13.142981 0.495759 -2.987428
v 13.113659 0.496300 -2.990706
v 13.119311 0.502619 -3.034319
v 13.113766 0.477599 -2.993402
v 13.119417 0.483919 -3.037015
v 13.119369 0.492612 -3.035762
v 13.113716 0.486292 -2.992148
v 13.148242 0.483295 -3.033774
v 13.143085 0.477054 -2.990088
v 13.143037 0.485749 -2.988851
v 13.148193 0.491990 -3.032537
v 13.136045 0.499039 -3.052035
v 13.136091 0.490878 -3.053203
v 13.127722 0.481153 -2.985611
v 13.127676 0.489314 -2.984443
v 13.132910 0.480572 -2.981641
v 13.132864 0.488733 -2.980475
v 13.132097 0.479613 -2.974963
v 13.132051 0.487775 -2.973797
v 13.126069 0.479231 -2.972259
v 13.126023 0.487392 -2.971090
v 13.120867 0.479810 -2.976231
v 13.120821 0.487971 -2.975060
v 13.121708 0.480773 -2.982905
v 13.121662 0.488933 -2.981734
v 13.141132 0.490274 -3.049254
v 13.141087 0.498435 -3.048089
v 13.140320 0.489315 -3.042576
v 13.140274 0.497477 -3.041410
v 13.134438 0.488957 -3.039851
v 13.134392 0.497117 -3.038682
v 13.129381 0.489558 -3.043801
v 13.129335 0.497719 -3.042630
v 13.130222 0.490521 -3.050475
v 13.130177 0.498682 -3.049304
v 13.531862 0.433375 -2.639388
v 13.531831 0.442092 -2.638321
v 13.533373 0.444785 -2.732581
v 13.533340 0.453503 -2.731514
v 13.563369 0.433585 -2.639090
v 13.563340 0.442303 -2.638030
v 13.564612 0.444928 -2.732296
v 13.564584 0.453647 -2.731235
v 13.564223 0.460696 -2.705461
v 13.563635 0.455329 -2.661361
v 13.532192 0.455135 -2.661642
v 13.532907 0.460533 -2.705736
v 13.532260 0.436380 -2.663937
v 13.532974 0.441779 -2.708032
v 13.532943 0.450497 -2.706965
v 13.532228 0.445098 -2.662870
v 13.564285 0.441940 -2.707743
v 13.563697 0.436573 -2.663643
v 13.563668 0.445291 -2.662582
v 13.564257 0.450659 -2.706682
v 13.548866 0.456948 -2.724968
v 13.548895 0.448764 -2.725966
v 13.547890 0.440429 -2.657682
v 13.547861 0.448613 -2.656683
v 13.553826 0.440055 -2.654259
v 13.553799 0.448239 -2.653261
v 13.553731 0.439233 -2.647514
v 13.553703 0.447416 -2.646517
v 13.547691 0.438783 -2.644193
v 13.547663 0.446966 -2.643194
v 13.541752 0.439156 -2.647616
v 13.541723 0.447340 -2.646616
v 13.541855 0.439980 -2.654361
v 13.541825 0.448164 -2.653361
v 13.554796 0.448381 -2.722545
v 13.554768 0.456565 -2.721548
v 13.554700 0.447559 -2.715800
v 13.554672 0.455742 -2.714803
v 13.548697 0.447118 -2.712477
v 13.548668 0.455301 -2.711479
v 13.542792 0.447500 -2.715899
v 13.542764 0.455684 -2.714900
v 13.542895 0.448324 -2.722644
v 13.542866 0.456508 -2.721644
v 13.536793 0.470628 -2.943655
v 13.536760 0.479346 -2.942589
v 13.538302 0.482039 -3.036849
v 13.538271 0.490756 -3.035782
v 13.567429 0.470621 -2.943398
v 13.567400 0.479339 -2.942337
v 13.568672 0.481964 -3.036603
v 13.568644 0.490683 -3.035542
v 13.568283 0.497732 -3.009769
v 13.567695 0.492364 -2.965668
v 13.537122 0.492388 -2.965909
v 13.537836 0.497787 -3.010004
v 13.537190 0.473634 -2.968205
v 13.537905 0.479033 -3.012300
v 13.537872 0.487751 -3.011233
v 13.537158 0.482352 -2.967138
v 13.568345 0.478976 -3.012051
v 13.567757 0.473609 -2.967950
v 13.567728 0.482327 -2.966889
v 13.568316 0.487694 -3.010990
v 13.553345 0.494089 -3.029257
v 13.553372 0.485906 -3.030255
v 13.552368 0.477571 -2.961970
v 13.552340 0.485754 -2.960972
v 13.558146 0.477156 -2.958555
v 13.558117 0.485340 -2.957557
v 13.558049 0.476334 -2.951810
v 13.558022 0.484518 -2.950812
v 13.552169 0.475924 -2.948481
v 13.552141 0.484108 -2.947483
v 13.546389 0.476338 -2.951897
v 13.546360 0.484521 -2.950898
v 13.546492 0.477162 -2.958642
v 13.546463 0.485346 -2.957642
v 13.559114 0.485482 -3.026841
v 13.559087 0.493666 -3.025843
v 13.559019 0.484660 -3.020096
v 13.558990 0.492843 -3.019099
v 13.553174 0.484259 -3.016766
v 13.553145 0.492443 -3.015767
v 13.547429 0.484682 -3.020180
v 13.547400 0.492865 -3.019181
v 13.547532 0.485506 -3.026925
v 13.547503 0.493689 -3.025925
v 13.929899 0.434715 -2.637927
v 13.929899 0.443437 -2.636894
v 13.929899 0.445760 -2.731177
v 13.929899 0.454482 -2.730144
v 13.960810 0.434746 -2.637890
v 13.960810 0.443468 -2.636857
v 13.960810 0.445791 -2.731140
v 13.960810 0.454513 -2.730107
v 13.960810 0.461645 -2.704353
v 13.960810 0.456419 -2.660232
v 13.929899 0.456388 -2.660269
v 13.929899 0.461614 -2.704390
v 13.929899 0.437625 -2.662491
v 13.929899 0.442851 -2.706613
v 13.929899 0.451572 -2.705580
v 13.929899 0.446347 -2.661458
v 13.960810 0.442882 -2.706576
v 13.960810 0.437656 -2.662454
v 13.960810 0.446378 -2.661421
v 13.960810 0.451604 -2.705543
v 13.945355 0.457892 -2.723742
v 13.945355 0.449705 -2.724712
v 13.945355 0.441613 -2.656391
v 13.945355 0.449800 -2.655421
v 13.951241 0.441219 -2.653010
v 13.951241 0.449406 -2.652040
v 13.951241 0.440420 -2.646261
v 13.951241 0.448607 -2.645292
v 13.945355 0.440015 -2.642894
v 13.945355 0.448202 -2.641924
v 13.939470 0.440408 -2.646275
v 13.939470 0.448595 -2.645306
v 13.939470 0.441208 -2.653023
v 13.939470 0.449395 -2.652054
v 13.951241 0.449312 -2.721331
v 13.951241 0.457499 -2.720361
v 13.951241 0.448512 -2.714582
v 13.951241 0.456699 -2.713613
v 13.945355 0.448107 -2.711215
v 13.945355 0.456294 -2.710246
v 13.939470 0.448501 -2.714597
v 13.939470 0.456688 -2.713627
v 13.939470 0.449300 -2.721345
v 13.939470 0.457487 -2.720375
v 13.929899 0.470776 -2.942379
v 13.929899 0.479498 -2.941345
v 13.929899 0.481821 -3.035628
v 13.929899 0.490542 -3.034595
v 13.960810 0.470807 -2.942342
v 13.960810 0.479529 -2.941309
v 13.960810 0.481852 -3.035591
v 13.960810 0.490574 -3.034558
v 13.960810 0.497705 -3.008805
v 13.960810 0.492479 -2.964684
v 13.929899 0.492448 -2.964720
v 13.929899 0.497674 -3.008842
v 13.929899 0.473685 -2.966943
v 13.929899 0.478911 -3.011064
v 13.929899 0.487633 -3.010031
v 13.929899 0.482407 -2.965909
v 13.960810 0.478942 -3.011027
v 13.960810 0.473716 -2.966906
v 13.960810 0.482438 -2.965873
v 13.960810 0.487664 -3.009994
v 13.945355 0.493953 -3.028194
v 13.945355 0.485766 -3.029163
v 13.945355 0.477674 -2.960842
v 13.945355 0.485861 -2.959872
v 13.951241 0.477280 -2.957461
v 13.951241 0.485467 -2.956491
v 13.951241 0.476481 -2.950713
v 13.951241 0.484668 -2.949743
v 13.945355 0.476075 -2.947346
v 13.945355 0.484262 -2.946376
v 13.939470 0.476469 -2.950727
v 13.939470 0.484656 -2.949757
v 13.939470 0.477268 -2.957475
v 13.939470 0.485455 -2.956505
v 13.951241 0.485372 -3.025782
v 13.951241 0.493559 -3.024812
v 13.951241 0.484573 -3.019034
v 13.951241 0.492760 -3.018064
v 13.945355 0.484167 -3.015667
v 13.945355 0.492354 -3.014697
v 13.939470 0.484561 -3.019048
v 13.939470 0.492748 -3.018078
v 13.939470 0.485360 -3.025796
v 13.939470 0.493547 -3.024827
v 15.400021 0.450487 -2.670430
v 15.400021 0.482967 -2.659065
v 14.118380 0.449200 -2.671950
v 14.118380 0.481679 -2.660585
v 15.400021 0.452682 -2.688960
v 15.400021 0.486918 -2.692423
v 14.118380 0.451394 -2.690480
v 14.118380 0.485630 -2.693943
v 14.118380 0.468951 -2.695919
v 15.400021 0.470239 -2.694398
v 15.400021 0.466288 -2.661041
v 14.118380 0.465000 -2.662561
v 14.118380 0.467970 -2.687629
v 15.400021 0.469257 -2.686109
v 14.118380 0.465982 -2.670850
v 15.400021 0.467270 -2.669330
v 15.400021 0.487086 -2.979425
v 15.400021 0.519566 -2.968060
v 14.118380 0.485798 -2.980945
v 14.118380 0.518278 -2.969580
v 15.400021 0.489281 -2.997955
v 15.400021 0.523517 -3.001418
v 14.118380 0.487993 -2.999475
v 14.118380 0.522229 -3.002938
v 14.118380 0.505550 -3.004913
v 15.400021 0.506838 -3.003393
v 15.400021 0.502887 -2.970035
v 14.118380 0.501599 -2.971556
v 14.118380 0.504568 -2.996624
v 15.400021 0.505856 -2.995104
v 14.118380 0.502581 -2.979845
v 15.400021 0.503869 -2.978324
v 14.378665 0.435166 -2.637395
v 14.378665 0.443888 -2.636362
v 14.378665 0.446211 -2.730644
v 14.378665 0.454933 -2.729611
v 14.409576 0.435197 -2.637358
v 14.409576 0.443919 -2.636325
v 14.409576 0.446242 -2.730608
v 14.409576 0.454964 -2.729574
v 14.409576 0.462096 -2.703821
v 14.409576 0.456870 -2.659700
v 14.378665 0.456839 -2.659736
v 14.378665 0.462065 -2.703858
v 14.378665 0.438076 -2.661959
v 14.378665 0.443302 -2.706080
v 14.378665 0.452023 -2.705047
v 14.378665 0.446797 -2.660926
v 14.409576 0.443333 -2.706043
v 14.409576 0.438107 -2.661922
v 14.409576 0.446829 -2.660889
v 14.409576 0.452054 -2.705010
v 14.394121 0.458343 -2.723210
v 14.394121 0.450156 -2.724180
v 14.394121 0.442064 -2.655858
v 14.394121 0.450251 -2.654889
v 14.400005 0.441670 -2.652477
v 14.400005 0.449857 -2.651508
v 14.400005 0.440871 -2.645729
v 14.400005 0.449058 -2.644759
v 14.394121 0.440465 -2.642362
v 14.394121 0.448653 -2.641392
v 14.388236 0.440859 -2.645743
v 14.388236 0.449046 -2.644773
v 14.388236 0.441658 -2.652491
v 14.388236 0.449846 -2.651521
v 14.400005 0.449763 -2.720798
v 14.400005 0.457950 -2.719829
v 14.400005 0.448963 -2.714050
v 14.400005 0.457150 -2.713080
v 14.394121 0.448558 -2.710683
v 14.394121 0.456745 -2.709713
v 14.388236 0.448951 -2.714064
v 14.388236 0.457138 -2.713094
v 14.388236 0.449751 -2.720812
v 14.388236 0.457938 -2.719843
v 14.378665 0.471227 -2.941846
v 14.378665 0.479949 -2.940813
v 14.378665 0.482272 -3.035096
v 14.378665 0.490993 -3.034063
v 14.409576 0.471258 -2.941809
v 14.409576 0.479980 -2.940776
v 14.409576 0.482303 -3.035059
v 14.409576 0.491024 -3.034026
v 14.409576 0.498156 -3.008273
v 14.409576 0.492930 -2.964151
v 14.378665 0.492899 -2.964188
v 14.378665 0.498125 -3.008309
v 14.378665 0.474136 -2.966410
v 14.378665 0.479362 -3.010532
v 14.378665 0.488084 -3.009499
v 14.378665 0.482858 -2.965377
v 14.409576 0.479393 -3.010495
v 14.409576 0.474167 -2.966373
v 14.409576 0.482889 -2.965340
v 14.409576 0.488115 -3.009462
v 14.394121 0.494404 -3.027661
v 14.394121 0.486217 -3.028631
v 14.394121 0.478125 -2.960310
v 14.394121 0.486312 -2.959340
v 14.400005 0.477731 -2.956929
v 14.400005 0.485918 -2.955959
v 14.400005 0.476932 -2.950181
v 14.400005 0.485119 -2.949211
v 14.394121 0.476526 -2.946813
v 14.394121 0.484713 -2.945844
v 14.388236 0.476920 -2.950194
v 14.388236 0.485107 -2.949225
v 14.388236 0.477719 -2.956943
v 14.388236 0.485906 -2.955973
v 14.400005 0.485823 -3.025250
v 14.400005 0.494010 -3.024280
v 14.400005 0.485024 -3.018502
v 14.400005 0.493211 -3.017532
v 14.394121 0.484618 -3.015135
v 14.394121 0.492805 -3.014165
v 14.388236 0.485012 -3.018516
v 14.388236 0.493199 -3.017546
v 14.388236 0.485811 -3.025264
v 14.388236 0.493998 -3.024294
v 14.816923 0.435607 -2.636875
v 14.816923 0.444328 -2.635842
v 14.816923 0.446651 -2.730124
v 14.816923 0.455373 -2.729091
v 14.847836 0.435638 -2.636838
v 14.847836 0.444359 -2.635805
v 14.847836 0.446682 -2.730088
v 14.847836 0.455404 -2.729055
v 14.847836 0.462536 -2.703301
v 14.847836 0.457310 -2.659180
v 14.816923 0.457279 -2.659216
v 14.816923 0.462505 -2.703338
v 14.816923 0.438516 -2.661439
v 14.816923 0.443742 -2.705560
v 14.816923 0.452464 -2.704527
v 14.816923 0.447238 -2.660406
v 14.847836 0.443773 -2.705523
v 14.847836 0.438547 -2.661402
v 14.847836 0.447269 -2.660369
v 14.847836 0.452495 -2.704490
v 14.832380 0.458784 -2.722690
v 14.832380 0.450597 -2.723660
v 14.832380 0.442504 -2.655339
v 14.832380 0.450691 -2.654369
v 14.838263 0.442111 -2.651957
v 14.838263 0.450298 -2.650988
v 14.838263 0.441311 -2.645209
v 14.838263 0.449498 -2.644239
v 14.832380 0.440906 -2.641842
v 14.832380 0.449093 -2.640872
v 14.826494 0.441300 -2.645223
v 14.826494 0.449487 -2.644253
v 14.826494 0.442099 -2.651971
v 14.826494 0.450286 -2.651002
v 14.838263 0.450203 -2.720279
v 14.838263 0.458390 -2.719309
v 14.838263 0.449404 -2.713530
v 14.838263 0.457591 -2.712561
v 14.832380 0.448998 -2.710163
v 14.832380 0.457185 -2.709193
v 14.826494 0.449392 -2.713544
v 14.826494 0.457579 -2.712574
v 14.826494 0.450191 -2.720293
v 14.826494 0.458378 -2.719323
v 14.816923 0.471667 -2.941326
v 14.816923 0.480389 -2.940293
v 14.816923 0.482712 -3.034576
v 14.816923 0.491434 -3.033543
v 14.847836 0.471698 -2.941289
v 14.847836 0.480420 -2.940256
v 14.847836 0.482743 -3.034539
v 14.847836 0.491465 -3.033506
v 14.847836 0.498597 -3.007753
v 14.847836 0.493371 -2.963631
v 14.816923 0.493340 -2.963668
v 14.816923 0.498565 -3.007789
v 14.816923 0.474577 -2.965890
v 14.816923 0.479802 -3.010012
v 14.816923 0.488524 -3.008979
v 14.816923 0.483298 -2.964857
v 14.847836 0.479834 -3.009975
v 14.847836 0.474608 -2.965854
v 14.847836 0.483329 -2.964821
v 14.847836 0.488555 -3.008942
v 14.832380 0.494844 -3.027141
v 14.832380 0.486657 -3.028111
v 14.832380 0.478565 -2.959790
v 14.832380 0.486752 -2.958820
v 14.838263 0.478171 -2.956409
v 14.838263 0.486358 -2.955439
v 14.838263 0.477372 -2.949661
v 14.838263 0.485559 -2.948691
v 14.832380 0.476966 -2.946293
v 14.832380 0.485153 -2.945324
v 14.826494 0.477360 -2.949675
v 14.826494 0.485547 -2.948705
v 14.826494 0.478159 -2.956423
v 14.826494 0.486346 -2.955453
v 14.838263 0.486263 -3.024730
v 14.838263 0.494451 -3.023760
v 14.838263 0.485464 -3.017982
v 14.838263 0.493651 -3.017012
v 14.832380 0.485059 -3.014615
v 14.832380 0.493246 -3.013645
v 14.826494 0.485452 -3.017996
v 14.826494 0.493639 -3.017026
v 14.826494 0.486252 -3.024744
v 14.826494 0.494439 -3.023774
v 15.211542 0.436003 -2.636407
v 15.211542 0.444725 -2.635374
v 15.211542 0.447048 -2.729656
v 15.211542 0.455770 -2.728623
v 15.242451 0.436034 -2.636370
v 15.242451 0.444756 -2.635337
v 15.242451 0.447079 -2.729620
v 15.242451 0.455801 -2.728586
v 15.242451 0.462933 -2.702833
v 15.242451 0.457707 -2.658712
v 15.211542 0.457676 -2.658748
v 15.211542 0.462901 -2.702870
v 15.211542 0.438913 -2.660971
v 15.211542 0.444138 -2.705092
v 15.211542 0.452860 -2.704059
v 15.211542 0.447634 -2.659938
v 15.242451 0.444170 -2.705055
v 15.242451 0.438944 -2.660934
v 15.242451 0.447665 -2.659901
v 15.242451 0.452891 -2.704022
v 15.226997 0.459180 -2.722222
v 15.226997 0.450993 -2.723191
v 15.226997 0.442901 -2.654870
v 15.226997 0.451088 -2.653901
v 15.232882 0.442507 -2.651489
v 15.232882 0.450694 -2.650520
v 15.232882 0.441708 -2.644741
v 15.232882 0.449895 -2.643771
v 15.226997 0.441302 -2.641374
v 15.226997 0.449489 -2.640404
v 15.221111 0.441696 -2.644755
v 15.221111 0.449883 -2.643785
v 15.221111 0.442495 -2.651503
v 15.221111 0.450682 -2.650533
v 15.232882 0.450599 -2.719810
v 15.232882 0.458786 -2.718841
v 15.232882 0.449800 -2.713062
v 15.232882 0.457987 -2.712092
v 15.226997 0.449395 -2.709695
v 15.226997 0.457582 -2.708725
v 15.221111 0.449788 -2.713076
v 15.221111 0.457975 -2.712106
v 15.221111 0.450588 -2.719824
v 15.221111 0.458775 -2.718855
v 15.211542 0.472064 -2.940858
v 15.211542 0.480785 -2.939825
v 15.211542 0.483108 -3.034108
v 15.211542 0.491830 -3.033075
v 15.242451 0.472095 -2.940821
v 15.242451 0.480816 -2.939788
v 15.242451 0.483140 -3.034071
v 15.242451 0.491861 -3.033038
v 15.242451 0.498993 -3.007284
v 15.242451 0.493767 -2.963163
v 15.211542 0.493736 -2.963200
v 15.211542 0.498962 -3.007321
v 15.211542 0.474973 -2.965422
v 15.211542 0.480199 -3.009543
v 15.211542 0.488921 -3.008511
v 15.211542 0.483695 -2.964389
v 15.242451 0.480230 -3.009507
v 15.242451 0.475004 -2.965385
v 15.242451 0.483726 -2.964352
v 15.242451 0.488952 -3.008474
v 15.226997 0.495241 -3.026673
v 15.226997 0.487054 -3.027643
v 15.226997 0.478961 -2.959322
v 15.226997 0.487148 -2.958352
v 15.232882 0.478568 -2.955941
v 15.232882 0.486755 -2.954971
v 15.232882 0.477768 -2.949193
v 15.232882 0.485955 -2.948223
v 15.226997 0.477363 -2.945825
v 15.226997 0.485550 -2.944856
v 15.221111 0.477757 -2.949206
v 15.221111 0.485944 -2.948237
v 15.221111 0.478556 -2.955955
v 15.221111 0.486743 -2.954985
v 15.232882 0.486660 -3.024262
v 15.232882 0.494847 -3.023292
v 15.232882 0.485861 -3.017514
v 15.232882 0.494048 -3.016544
v 15.226997 0.485455 -3.014147
v 15.226997 0.493642 -3.013177
v 15.221111 0.485849 -3.017528
v 15.221111 0.494036 -3.016558
v 15.221111 0.486648 -3.024276
v 15.221111 0.494835 -3.023306
v 16.681665 0.451775 -2.668910
v 16.681665 0.484255 -2.657545
v 15.400021 0.450487 -2.670430
v 15.400021 0.482967 -2.659065
v 16.681665 0.453970 -2.687439
v 16.681665 0.488206 -2.690902
v 15.400021 0.452682 -2.688960
v 15.400021 0.486918 -2.692423
v 15.400021 0.470239 -2.694398
v 16.681665 0.471527 -2.692878
v 16.681665 0.467576 -2.659520
v 15.400021 0.466288 -2.661041
v 15.400021 0.469257 -2.686109
v 16.681665 0.470545 -2.684589
v 15.400021 0.467270 -2.669330
v 16.681665 0.468558 -2.667809
v 16.681665 0.488374 -2.977905
v 16.681665 0.520853 -2.966540
v 15.400021 0.487086 -2.979425
v 15.400021 0.519566 -2.968060
v 16.681665 0.490569 -2.996434
v 16.681665 0.524804 -2.999897
v 15.400021 0.489281 -2.997955
v 15.400021 0.523517 -3.001418
v 15.400021 0.506838 -3.003393
v 16.681665 0.508126 -3.001873
v 16.681665 0.504175 -2.968515
v 15.400021 0.502887 -2.970035
v 15.400021 0.505856 -2.995104
v 16.681665 0.507144 -2.993584
v 15.400021 0.503869 -2.978324
v 16.681665 0.505156 -2.976804
v 15.660307 0.436454 -2.635874
v 15.660307 0.445176 -2.634841
v 15.660307 0.447499 -2.729124
v 15.660307 0.456221 -2.728091
v 15.691217 0.436485 -2.635838
v 15.691217 0.445207 -2.634804
v 15.691217 0.447530 -2.729087
v 15.691217 0.456252 -2.728054
v 15.691217 0.463383 -2.702301
v 15.691217 0.458158 -2.658179
v 15.660307 0.458126 -2.658216
v 15.660307 0.463352 -2.702337
v 15.660307 0.439363 -2.660438
v 15.660307 0.444589 -2.704560
v 15.660307 0.453311 -2.703527
v 15.660307 0.448085 -2.659405
v 15.691217 0.444620 -2.704523
v 15.691217 0.439395 -2.660402
v 15.691217 0.448116 -2.659369
v 15.691217 0.453342 -2.703490
v 15.675764 0.459631 -2.721689
v 15.675764 0.451444 -2.722659
v 15.675764 0.443352 -2.654338
v 15.675764 0.451539 -2.653368
v 15.681646 0.442958 -2.650957
v 15.681646 0.451145 -2.649987
v 15.681646 0.442159 -2.644209
v 15.681646 0.450346 -2.643239
v 15.675764 0.441753 -2.640841
v 15.675764 0.449940 -2.639872
v 15.669876 0.442147 -2.644222
v 15.669876 0.450334 -2.643253
v 15.669876 0.442946 -2.650971
v 15.669876 0.451133 -2.650001
v 15.681646 0.451050 -2.719278
v 15.681646 0.459237 -2.718308
v 15.681646 0.450251 -2.712530
v 15.681646 0.458438 -2.711560
v 15.675764 0.449846 -2.709163
v 15.675764 0.458033 -2.708193
v 15.669876 0.450239 -2.712544
v 15.669876 0.458426 -2.711574
v 15.669876 0.451039 -2.719292
v 15.669876 0.459226 -2.718322
v 15.660307 0.472515 -2.940326
v 15.660307 0.481236 -2.939293
v 15.660307 0.483559 -3.033575
v 15.660307 0.492281 -3.032542
v 15.691217 0.472546 -2.940289
v 15.691217 0.481267 -2.939256
v 15.691217 0.483590 -3.033539
v 15.691217 0.492312 -3.032506
v 15.691217 0.499444 -3.006752
v 15.691217 0.494218 -2.962631
v 15.660307 0.494187 -2.962667
v 15.660307 0.499413 -3.006789
v 15.660307 0.475424 -2.964890
v 15.660307 0.480650 -3.009011
v 15.660307 0.489372 -3.007978
v 15.660307 0.484146 -2.963857
v 15.691217 0.480681 -3.008975
v 15.691217 0.475455 -2.964853
v 15.691217 0.484177 -2.963820
v 15.691217 0.489403 -3.007941
v 15.675764 0.495692 -3.026141
v 15.675764 0.487505 -3.027111
v 15.675764 0.479412 -2.958789
v 15.675764 0.487599 -2.957820
v 15.681646 0.479019 -2.955408
v 15.681646 0.487206 -2.954439
v 15.681646 0.478219 -2.948660
v 15.681646 0.486406 -2.947690
v 15.675764 0.477814 -2.945293
v 15.675764 0.486001 -2.944323
v 15.669876 0.478208 -2.948674
v 15.669876 0.486395 -2.947704
v 15.669876 0.479007 -2.955422
v 15.669876 0.487194 -2.954453
v 15.681646 0.487111 -3.023730
v 15.681646 0.495298 -3.022760
v 15.681646 0.486312 -3.016981
v 15.681646 0.494499 -3.016011
v 15.675764 0.485906 -3.013614
v 15.675764 0.494093 -3.012645
v 15.669876 0.486300 -3.016995
v 15.669876 0.494487 -3.016026
v 15.669876 0.487099 -3.023743
v 15.669876 0.495286 -3.022774
v 16.098566 0.436894 -2.635354
v 16.098566 0.445616 -2.634321
v 16.098566 0.447939 -2.728604
v 16.098566 0.456661 -2.727571
v 16.129477 0.436925 -2.635318
v 16.129477 0.445647 -2.634284
v 16.129477 0.447970 -2.728567
v 16.129477 0.456692 -2.727534
v 16.129477 0.463824 -2.701781
v 16.129477 0.458598 -2.657659
v 16.098566 0.458567 -2.657696
v 16.098566 0.463793 -2.701818
v 16.098566 0.439804 -2.659918
v 16.098566 0.445030 -2.704040
v 16.098566 0.453752 -2.703007
v 16.098566 0.448526 -2.658885
v 16.129477 0.445061 -2.704003
v 16.129477 0.439835 -2.659882
v 16.129477 0.448557 -2.658849
v 16.129477 0.453783 -2.702970
v 16.114023 0.460072 -2.721169
v 16.114023 0.451885 -2.722139
v 16.114023 0.443792 -2.653818
v 16.114023 0.451979 -2.652848
v 16.119905 0.443399 -2.650437
v 16.119905 0.451586 -2.649467
v 16.119905 0.442599 -2.643689
v 16.119905 0.450786 -2.642719
v 16.114023 0.442194 -2.640321
v 16.114023 0.450381 -2.639352
v 16.108137 0.442587 -2.643703
v 16.108137 0.450774 -2.642733
v 16.108137 0.443387 -2.650451
v 16.108137 0.451574 -2.649481
v 16.119905 0.451491 -2.718758
v 16.119905 0.459678 -2.717788
v 16.119905 0.450691 -2.712010
v 16.119905 0.458879 -2.711040
v 16.114023 0.450286 -2.708643
v 16.114023 0.458473 -2.707673
v 16.108137 0.450680 -2.712024
v 16.108137 0.458867 -2.711054
v 16.108137 0.451479 -2.718772
v 16.108137 0.459666 -2.717803
v 16.098566 0.472955 -2.939806
v 16.098566 0.481677 -2.938773
v 16.098566 0.484000 -3.033055
v 16.098566 0.492722 -3.032022
v 16.129477 0.472986 -2.939769
v 16.129477 0.481708 -2.938736
v 16.129477 0.484031 -3.033019
v 16.129477 0.492753 -3.031986
v 16.129477 0.499884 -3.006232
v 16.129477 0.494658 -2.962111
v 16.098566 0.494627 -2.962147
v 16.098566 0.499853 -3.006269
v 16.098566 0.475864 -2.964370
v 16.098566 0.481090 -3.008491
v 16.098566 0.489812 -3.007458
v 16.098566 0.484586 -2.963337
v 16.129477 0.481121 -3.008455
v 16.129477 0.475895 -2.964333
v 16.129477 0.484617 -2.963300
v 16.129477 0.489843 -3.007421
v 16.114023 0.496132 -3.025621
v 16.114023 0.487945 -3.026591
v 16.114023 0.479853 -2.958270
v 16.114023 0.488040 -2.957300
v 16.119905 0.479459 -2.954888
v 16.119905 0.487646 -2.953919
v 16.119905 0.478660 -2.948140
v 16.119905 0.486847 -2.947170
v 16.114023 0.478254 -2.944773
v 16.114023 0.486441 -2.943803
v 16.108137 0.478648 -2.948154
v 16.108137 0.486835 -2.947184
v 16.108137 0.479447 -2.954902
v 16.108137 0.487634 -2.953933
v 16.119905 0.487551 -3.023210
v 16.119905 0.495738 -3.022240
v 16.119905 0.486752 -3.016461
v 16.119905 0.494939 -3.015492
v 16.114023 0.486346 -3.013094
v 16.114023 0.494533 -3.012125
v 16.108137 0.486740 -3.016475
v 16.108137 0.494927 -3.015506
v 16.108137 0.487539 -3.023224
v 16.108137 0.495726 -3.022254
v 16.493185 0.437291 -2.634886
v 16.493185 0.446013 -2.633853
v 16.493185 0.448336 -2.728136
v 16.493185 0.457058 -2.727103
v 16.524092 0.437322 -2.634850
v 16.524092 0.446044 -2.633816
v 16.524092 0.448367 -2.728099
v 16.524092 0.457089 -2.727066
v 16.524092 0.464220 -2.701313
v 16.524092 0.458994 -2.657191
v 16.493185 0.458963 -2.657228
v 16.493185 0.464189 -2.701349
v 16.493185 0.440200 -2.659450
v 16.493185 0.445426 -2.703572
v 16.493185 0.454148 -2.702539
v 16.493185 0.448922 -2.658417
v 16.524092 0.445457 -2.703535
v 16.524092 0.440231 -2.659414
v 16.524092 0.448953 -2.658381
v 16.524092 0.454179 -2.702502
v 16.508642 0.460468 -2.720701
v 16.508642 0.452281 -2.721671
v 16.508642 0.444189 -2.653350
v 16.508642 0.452376 -2.652380
v 16.514524 0.443795 -2.649969
v 16.514524 0.451982 -2.648999
v 16.514524 0.442996 -2.643221
v 16.514524 0.451183 -2.642251
v 16.508642 0.442590 -2.639853
v 16.508642 0.450777 -2.638884
v 16.502752 0.442984 -2.643234
v 16.502752 0.451171 -2.642265
v 16.502752 0.443783 -2.649983
v 16.502752 0.451970 -2.649013
v 16.514524 0.451887 -2.718290
v 16.514524 0.460074 -2.717320
v 16.514524 0.451088 -2.711542
v 16.514524 0.459275 -2.710572
v 16.508642 0.450682 -2.708175
v 16.508642 0.458869 -2.707205
v 16.502752 0.451076 -2.711556
v 16.502752 0.459263 -2.710586
v 16.502752 0.451875 -2.718304
v 16.502752 0.460063 -2.717334
v 16.493185 0.473351 -2.939338
v 16.493185 0.482073 -2.938305
v 16.493185 0.484396 -3.032587
v 16.493185 0.493118 -3.031554
v 16.524092 0.473382 -2.939301
v 16.524092 0.482104 -2.938268
v 16.524092 0.484427 -3.032551
v 16.524092 0.493149 -3.031518
v 16.524092 0.500281 -3.005764
v 16.524092 0.495055 -2.961643
v 16.493185 0.495024 -2.961679
v 16.493185 0.500250 -3.005801
v 16.493185 0.476261 -2.963902
v 16.493185 0.481487 -3.008023
v 16.493185 0.490209 -3.006990
v 16.493185 0.484983 -2.962869
v 16.524092 0.481518 -3.007987
v 16.524092 0.476292 -2.963865
v 16.524092 0.485014 -2.962832
v 16.524092 0.490240 -3.006953
v 16.508642 0.496529 -3.025153
v 16.508642 0.488342 -3.026123
v 16.508642 0.480249 -2.957801
v 16.508642 0.488436 -2.956832
v 16.514524 0.479856 -2.954420
v 16.514524 0.488043 -2.953451
v 16.514524 0.479056 -2.947672
v 16.514524 0.487243 -2.946702
v 16.508642 0.478651 -2.944305
v 16.508642 0.486838 -2.943335
v 16.502752 0.479044 -2.947686
v 16.502752 0.487231 -2.946716
v 16.502752 0.479844 -2.954434
v 16.502752 0.488031 -2.953465
v 16.514524 0.487948 -3.022742
v 16.514524 0.496135 -3.021772
v 16.514524 0.487149 -3.015993
v 16.514524 0.495336 -3.015023
v 16.508642 0.486743 -3.012626
v 16.508642 0.494930 -3.011657
v 16.502752 0.487137 -3.016007
v 16.502752 0.495324 -3.015038
v 16.502752 0.487936 -3.022755
v 16.502752 0.496123 -3.021786
v 17.963305 0.453063 -2.667389
v 17.963305 0.485543 -2.656024
v 16.681665 0.451775 -2.668910
v 16.681665 0.484255 -2.657545
v 17.963305 0.455258 -2.685919
v 17.963305 0.489494 -2.689382
v 16.681665 0.453970 -2.687439
v 16.681665 0.488206 -2.690902
v 16.681665 0.471527 -2.692878
v 17.963305 0.472815 -2.691357
v 17.963305 0.468864 -2.658000
v 16.681665 0.467576 -2.659520
v 16.681665 0.470545 -2.684589
v 17.963305 0.471833 -2.683068
v 16.681665 0.468558 -2.667809
v 17.963305 0.469846 -2.666289
v 17.963305 0.489662 -2.976384
v 17.963305 0.522141 -2.965019
v 16.681665 0.488374 -2.977905
v 16.681665 0.520853 -2.966539
v 17.963305 0.491857 -2.994914
v 17.963305 0.526092 -2.998377
v 16.681665 0.490569 -2.996434
v 16.681665 0.524804 -2.999897
v 16.681665 0.508126 -3.001873
v 17.963305 0.509413 -3.000352
v 17.963305 0.505462 -2.966995
v 16.681665 0.504175 -2.968515
v 16.681665 0.507144 -2.993584
v 17.963305 0.508432 -2.992063
v 16.681665 0.505156 -2.976804
v 17.963305 0.506444 -2.975284
v 16.941950 0.437742 -2.634354
v 16.941950 0.446464 -2.633321
v 16.941950 0.448787 -2.727603
v 16.941950 0.457509 -2.726570
v 16.972860 0.437773 -2.634317
v 16.972860 0.446495 -2.633284
v 16.972860 0.448818 -2.727567
v 16.972860 0.457540 -2.726534
v 16.972860 0.464671 -2.700780
v 16.972860 0.459445 -2.656659
v 16.941950 0.459414 -2.656696
v 16.941950 0.464640 -2.700817
v 16.941950 0.440651 -2.658918
v 16.941950 0.445877 -2.703039
v 16.941950 0.454599 -2.702006
v 16.941950 0.449373 -2.657885
v 16.972860 0.445908 -2.703003
v 16.972860 0.440682 -2.658881
v 16.972860 0.449404 -2.657848
v 16.972860 0.454630 -2.701970
v 16.957407 0.460919 -2.720169
v 16.957407 0.452732 -2.721139
v 16.957407 0.444640 -2.652817
v 16.957407 0.452827 -2.651848
v 16.963289 0.444246 -2.649436
v 16.963289 0.452433 -2.648467
v 16.963289 0.443447 -2.642688
v 16.963289 0.451634 -2.641718
v 16.957407 0.443041 -2.639321
v 16.957407 0.451228 -2.638351
v 16.951517 0.443435 -2.642702
v 16.951517 0.451622 -2.641732
v 16.951517 0.444234 -2.649451
v 16.951517 0.452421 -2.648481
v 16.963289 0.452338 -2.717758
v 16.963289 0.460525 -2.716788
v 16.963289 0.451539 -2.711010
v 16.963289 0.459726 -2.710040
v 16.957407 0.451133 -2.707642
v 16.957407 0.459320 -2.706673
v 16.951517 0.451527 -2.711023
v 16.951517 0.459714 -2.710054
v 16.951517 0.452326 -2.717772
v 16.951517 0.460513 -2.716802
v 16.941950 0.473802 -2.938805
v 16.941950 0.482524 -2.937772
v 16.941950 0.484847 -3.032055
v 16.941950 0.493569 -3.031022
v 16.972860 0.473833 -2.938769
v 16.972860 0.482555 -2.937736
v 16.972860 0.484878 -3.032018
v 16.972860 0.493600 -3.030985
v 16.972860 0.500732 -3.005232
v 16.972860 0.495506 -2.961110
v 16.941950 0.495475 -2.961147
v 16.941950 0.500701 -3.005268
v 16.941950 0.476712 -2.963369
v 16.941950 0.481938 -3.007491
v 16.941950 0.490660 -3.006458
v 16.941950 0.485434 -2.962336
v 16.972860 0.481969 -3.007454
v 16.972860 0.476743 -2.963333
v 16.972860 0.485465 -2.962300
v 16.972860 0.490691 -3.006421
v 16.957407 0.496980 -3.024621
v 16.957407 0.488792 -3.025590
v 16.957407 0.480700 -2.957269
v 16.957407 0.488887 -2.956299
v 16.963289 0.480307 -2.953888
v 16.963289 0.488494 -2.952918
v 16.963289 0.479507 -2.947140
v 16.963289 0.487694 -2.946170
v 16.957407 0.479102 -2.943773
v 16.957407 0.487289 -2.942803
v 16.951517 0.479495 -2.947154
v 16.951517 0.487682 -2.946184
v 16.951517 0.480295 -2.953902
v 16.951517 0.488482 -2.952932
v 16.963289 0.488399 -3.022209
v 16.963289 0.496586 -3.021240
v 16.963289 0.487599 -3.015461
v 16.963289 0.495786 -3.014491
v 16.957407 0.487194 -3.012094
v 16.957407 0.495381 -3.011124
v 16.951517 0.487588 -3.015475
v 16.951517 0.495775 -3.014505
v 16.951517 0.488387 -3.022223
v 16.951517 0.496574 -3.021253
v 17.380205 0.438182 -2.633834
v 17.380205 0.446904 -2.632801
v 17.380205 0.449227 -2.727083
v 17.380205 0.457949 -2.726050
v 17.411119 0.438213 -2.633797
v 17.411119 0.446935 -2.632764
v 17.411119 0.449258 -2.727047
v 17.411119 0.457980 -2.726014
v 17.411119 0.465112 -2.700260
v 17.411119 0.459886 -2.656139
v 17.380205 0.459855 -2.656176
v 17.380205 0.465081 -2.700297
v 17.380205 0.441092 -2.658398
v 17.380205 0.446318 -2.702519
v 17.380205 0.455039 -2.701486
v 17.380205 0.449813 -2.657365
v 17.411119 0.446349 -2.702483
v 17.411119 0.441123 -2.658361
v 17.411119 0.449845 -2.657328
v 17.411119 0.455070 -2.701450
v 17.395662 0.461359 -2.719649
v 17.395662 0.453172 -2.720619
v 17.395662 0.445080 -2.652298
v 17.395662 0.453267 -2.651328
v 17.401548 0.444686 -2.648916
v 17.401548 0.452873 -2.647947
v 17.401548 0.443887 -2.642168
v 17.401548 0.452074 -2.641199
v 17.395662 0.443481 -2.638801
v 17.395662 0.451669 -2.637831
v 17.389780 0.443875 -2.642182
v 17.389780 0.452062 -2.641212
v 17.389780 0.444675 -2.648931
v 17.389780 0.452862 -2.647961
v 17.401548 0.452779 -2.717238
v 17.401548 0.460966 -2.716268
v 17.401548 0.451979 -2.710490
v 17.401548 0.460166 -2.709520
v 17.395662 0.451574 -2.707122
v 17.395662 0.459761 -2.706153
v 17.389780 0.451967 -2.710504
v 17.389780 0.460155 -2.709534
v 17.389780 0.452767 -2.717252
v 17.389780 0.460954 -2.716282
v 17.380205 0.474243 -2.938285
v 17.380205 0.482965 -2.937252
v 17.380205 0.485288 -3.031535
v 17.380205 0.494009 -3.030502
v 17.411119 0.474274 -2.938249
v 17.411119 0.482996 -2.937216
v 17.411119 0.485319 -3.031498
v 17.411119 0.494040 -3.030465
v 17.411119 0.501172 -3.004712
v 17.411119 0.495946 -2.960590
v 17.380205 0.495915 -2.960627
v 17.380205 0.501141 -3.004749
v 17.380205 0.477152 -2.962849
v 17.380205 0.482378 -3.006971
v 17.380205 0.491100 -3.005938
v 17.380205 0.485874 -2.961816
v 17.411119 0.482409 -3.006934
v 17.411119 0.477183 -2.962813
v 17.411119 0.485905 -2.961780
v 17.411119 0.491131 -3.005901
v 17.395662 0.497420 -3.024101
v 17.395662 0.489233 -3.025070
v 17.395662 0.481141 -2.956749
v 17.395662 0.489328 -2.955779
v 17.401548 0.480747 -2.953368
v 17.401548 0.488934 -2.952398
v 17.401548 0.479948 -2.946620
v 17.401548 0.488135 -2.945650
v 17.395662 0.479542 -2.943253
v 17.395662 0.487729 -2.942283
v 17.389780 0.479936 -2.946634
v 17.389780 0.488123 -2.945664
v 17.389780 0.480735 -2.953382
v 17.389780 0.488922 -2.952412
v 17.401548 0.488839 -3.021689
v 17.401548 0.497026 -3.020720
v 17.401548 0.488040 -3.014941
v 17.401548 0.496227 -3.013971
v 17.395662 0.487634 -3.011574
v 17.395662 0.495821 -3.010604
v 17.389780 0.488028 -3.014955
v 17.389780 0.496215 -3.013985
v 17.389780 0.488827 -3.021703
v 17.389780 0.497014 -3.020734
v 17.774824 0.438579 -2.633366
v 17.774824 0.447301 -2.632333
v 17.774824 0.449624 -2.726615
v 17.774824 0.458345 -2.725582
v 17.805738 0.438610 -2.633329
v 17.805738 0.447332 -2.632296
v 17.805738 0.449655 -2.726579
v 17.805738 0.458376 -2.725546
v 17.805738 0.465508 -2.699792
v 17.805738 0.460282 -2.655671
v 17.774824 0.460251 -2.655708
v 17.774824 0.465477 -2.699829
v 17.774824 0.441488 -2.657930
v 17.774824 0.446714 -2.702051
v 17.774824 0.455436 -2.701018
v 17.774824 0.450210 -2.656897
v 17.805738 0.446745 -2.702015
v 17.805738 0.441519 -2.657893
v 17.805738 0.450241 -2.656860
v 17.805738 0.455467 -2.700982
v 17.790281 0.461756 -2.719181
v 17.790281 0.453569 -2.720151
v 17.790281 0.445477 -2.651829
v 17.790281 0.453664 -2.650860
v 17.796167 0.445083 -2.648448
v 17.796167 0.453270 -2.647479
v 17.796167 0.444284 -2.641700
v 17.796167 0.452471 -2.640730
v 17.790281 0.443878 -2.638333
v 17.790281 0.452065 -2.637363
v 17.784395 0.444272 -2.641714
v 17.784395 0.452459 -2.640744
v 17.784395 0.445071 -2.648462
v 17.784395 0.453258 -2.647493
v 17.796167 0.453175 -2.716770
v 17.796167 0.461362 -2.715800
v 17.796167 0.452376 -2.710021
v 17.796167 0.460563 -2.709052
v 17.790281 0.451970 -2.706654
v 17.790281 0.460157 -2.705685
v 17.784395 0.452364 -2.710035
v 17.784395 0.460551 -2.709066
v 17.784395 0.453163 -2.716784
v 17.784395 0.461350 -2.715814
v 17.774824 0.474639 -2.937817
v 17.774824 0.483361 -2.936784
v 17.774824 0.485684 -3.031067
v 17.774824 0.494406 -3.030034
v 17.805738 0.474670 -2.937781
v 17.805738 0.483392 -2.936748
v 17.805738 0.485715 -3.031030
v 17.805738 0.494437 -3.029997
v 17.805738 0.501569 -3.004244
v 17.805738 0.496343 -2.960122
v 17.774824 0.496312 -2.960159
v 17.774824 0.501538 -3.004280
v 17.774824 0.477549 -2.962381
v 17.774824 0.482775 -3.006503
v 17.774824 0.491496 -3.005470
v 17.774824 0.486271 -2.961348
v 17.805738 0.482806 -3.006466
v 17.805738 0.477580 -2.962345
v 17.805738 0.486302 -2.961312
v 17.805738 0.491528 -3.005433
v 17.790281 0.497816 -3.023633
v 17.790281 0.489629 -3.024602
v 17.790281 0.481537 -2.956281
v 17.790281 0.489724 -2.955311
v 17.796167 0.481143 -2.952900
v 17.796167 0.489330 -2.951930
v 17.796167 0.480344 -2.946152
v 17.796167 0.488531 -2.945182
v 17.790281 0.479939 -2.942785
v 17.790281 0.488126 -2.941815
v 17.784395 0.480332 -2.946166
v 17.784395 0.488519 -2.945196
v 17.784395 0.481132 -2.952914
v 17.784395 0.489319 -2.951944
v 17.796167 0.489236 -3.021221
v 17.796167 0.497423 -3.020252
v 17.796167 0.488436 -3.014473
v 17.796167 0.496623 -3.013503
v 17.790281 0.488031 -3.011106
v 17.790281 0.496218 -3.010136
v 17.784395 0.488425 -3.014487
v 17.784395 0.496612 -3.013517
v 17.784395 0.489224 -3.021235
v 17.784395 0.497411 -3.020265
v 9.648745 0.821015 -5.448407
v 9.650362 0.874475 -5.441750
v 10.231614 0.842928 -5.759956
v 10.233140 0.896380 -5.753221
v 9.696943 0.807900 -5.367301
v 9.698365 0.861345 -5.360478
v 10.277479 0.833582 -5.683994
v 10.278811 0.887019 -5.677094
v 9.451119 0.873201 -5.772704
v 9.453545 0.926707 -5.766695
v 10.010776 0.886762 -6.123374
v 10.013263 0.940271 -6.117412
v 9.500089 0.860276 -5.691916
v 9.502310 0.913773 -5.685748
v 10.056810 0.877685 -6.047545
v 10.059093 0.931185 -6.041425
v 9.229013 0.936175 -6.182479
v 9.232459 0.989704 -6.177217
v 9.816484 0.928022 -6.484260
v 9.819931 0.981550 -6.478998
v 9.272282 0.923551 -6.098272
v 9.275520 0.977079 -6.092864
v 9.856984 0.919221 -6.405463
v 9.860222 0.972749 -6.400055
v 10.414607 0.640664 -4.384266
v 10.413881 0.693810 -4.375328
v 10.954081 0.711813 -4.759956
v 10.953294 0.764946 -4.750946
v 10.473505 0.627777 -4.310359
v 10.472653 0.680896 -4.301270
v 11.009507 0.702035 -4.691037
v 11.008599 0.755140 -4.681878
v 10.177779 0.692075 -4.681138
v 10.177632 0.745330 -4.672840
v 10.690077 0.757287 -5.093182
v 10.689977 0.810549 -5.084933
v 10.236391 0.679302 -4.607167
v 10.236093 0.732530 -4.598707
v 10.745086 0.747909 -5.023509
v 10.744832 0.801145 -5.015098
v 9.905213 0.756229 -5.057575
v 9.905896 0.809600 -5.050094
v 10.450861 0.801036 -5.427063
v 10.451545 0.854407 -5.419582
v 9.959103 0.743171 -4.980189
v 9.959608 0.796521 -4.972541
v 10.501457 0.791637 -5.354040
v 10.501963 0.844986 -5.346392
v 11.330877 0.475136 -3.426404
v 11.329192 0.527961 -3.415842
v 11.799022 0.581191 -3.881863
v 11.797344 0.634012 -3.871279
v 11.403302 0.464277 -3.361670
v 11.401632 0.517093 -3.351060
v 11.863072 0.571830 -3.824207
v 11.861409 0.624642 -3.813574
v 11.045694 0.519665 -3.688782
v 11.044083 0.572556 -3.678543
v 11.492352 0.625099 -4.163893
v 11.490751 0.677996 -4.153682
v 11.115740 0.508455 -3.623111
v 11.114095 0.561327 -3.612777
v 11.556066 0.615994 -4.104145
v 11.554430 0.668872 -4.093840
v 10.720365 0.578532 -4.028010
v 10.719085 0.631541 -4.018353
v 11.212698 0.668932 -4.458937
v 11.211417 0.721942 -4.449279
v 10.785018 0.566382 -3.958232
v 10.783654 0.619365 -3.948446
v 11.272423 0.659443 -4.394165
v 11.271059 0.712426 -4.384379
v 12.514184 0.366884 -2.685133
v 12.513611 0.419959 -2.675777
v 12.770556 0.474654 -3.285911
v 12.770025 0.527754 -3.276692
v 12.614365 0.363707 -2.649974
v 12.613877 0.416834 -2.640911
v 12.844494 0.469109 -3.260857
v 12.844041 0.522261 -3.251936
v 12.129735 0.386647 -2.855375
v 12.128717 0.439554 -2.845143
v 12.421333 0.505043 -3.436782
v 12.420282 0.557941 -3.426506
v 12.222530 0.380826 -2.809400
v 12.221630 0.433769 -2.799342
v 12.493640 0.498208 -3.400884
v 12.492704 0.551140 -3.390773
v 11.709216 0.425594 -3.121787
v 11.707722 0.478405 -3.111129
v 12.098439 0.541717 -3.642634
v 12.096946 0.594528 -3.631977
v 11.791018 0.416822 -3.064620
v 11.789603 0.469644 -3.054003
v 12.167341 0.533446 -3.594752
v 12.165927 0.586268 -3.584136
v 13.892559 0.367554 -2.523180
v 13.892559 0.421077 -2.516840
v 13.935699 0.445230 -3.178567
v 13.935699 0.498753 -3.172228
v 13.984767 0.367405 -2.521029
v 13.984767 0.420928 -2.514689
v 14.027908 0.445081 -3.176416
v 14.027908 0.498604 -3.170076
v 13.515553 0.365400 -2.523426
v 13.515352 0.418895 -2.516853
v 13.501060 0.446251 -3.179302
v 13.500848 0.499739 -3.172676
v 13.610822 0.366474 -2.523535
v 13.610678 0.419983 -2.517082
v 13.589611 0.445693 -3.179278
v 13.589449 0.499198 -3.172792
v 13.022568 0.360119 -2.559017
v 13.022259 0.413450 -2.551227
v 13.113830 0.455198 -3.206237
v 13.113521 0.508529 -3.198446
v 13.125220 0.360840 -2.546566
v 13.124926 0.414214 -2.539082
v 13.194460 0.452433 -3.197011
v 13.194165 0.505807 -3.189526
v 15.175707 0.368843 -2.521658
v 15.175707 0.422366 -2.515318
v 15.218847 0.446520 -3.177045
v 15.218847 0.500043 -3.170706
v 15.267916 0.368694 -2.519506
v 15.267916 0.422217 -2.513167
v 15.311056 0.446370 -3.174894
v 15.311056 0.499893 -3.168554
v 14.804628 0.368255 -2.520276
v 14.804628 0.421778 -2.513937
v 14.776619 0.445892 -3.176024
v 14.776619 0.499415 -3.169684
v 14.896877 0.368504 -2.521492
v 14.896877 0.422027 -2.515153
v 14.868866 0.446142 -3.177240
v 14.868866 0.499665 -3.170901
v 14.349897 0.367864 -2.521378
v 14.349897 0.421387 -2.515038
v 14.349897 0.445554 -3.177294
v 14.349897 0.499077 -3.170954
v 14.442171 0.367957 -2.521268
v 14.442171 0.421480 -2.514929
v 14.442171 0.445647 -3.177184
v 14.442171 0.499170 -3.170845
v 16.458853 0.370133 -2.520135
v 16.458853 0.423656 -2.513796
v 16.501997 0.447809 -3.175523
v 16.501997 0.501332 -3.169183
v 16.551062 0.369984 -2.517984
v 16.551062 0.423507 -2.511645
v 16.594202 0.447660 -3.173372
v 16.594202 0.501183 -3.167032
v 16.087778 0.369544 -2.518754
v 16.087778 0.423067 -2.512414
v 16.059767 0.447182 -3.174502
v 16.059767 0.500705 -3.168162
v 16.180025 0.369794 -2.519970
v 16.180025 0.423317 -2.513631
v 16.152014 0.447431 -3.175718
v 16.152014 0.500954 -3.169379
v 15.633043 0.369154 -2.519855
v 15.633043 0.422677 -2.513516
v 15.633043 0.446843 -3.175771
v 15.633043 0.500366 -3.169432
v 15.725319 0.369246 -2.519746
v 15.725319 0.422769 -2.513407
v 15.725319 0.446936 -3.175662
v 15.725319 0.500459 -3.169322
v 17.742006 0.371422 -2.518613
v 17.742006 0.424945 -2.512274
v 17.785143 0.449098 -3.174001
v 17.785143 0.502621 -3.167661
v 17.834211 0.371273 -2.516462
v 17.834211 0.424796 -2.510123
v 17.877352 0.448949 -3.171849
v 17.877352 0.502472 -3.165510
v 17.370924 0.370833 -2.517231
v 17.370924 0.424356 -2.510892
v 17.342913 0.448471 -3.172980
v 17.342913 0.501994 -3.166640
v 17.463175 0.371083 -2.518448
v 17.463175 0.424606 -2.512108
v 17.435160 0.448721 -3.174196
v 17.435160 0.502244 -3.167856
v 16.916193 0.370443 -2.518333
v 16.916193 0.423966 -2.511994
v 16.916193 0.448133 -3.174249
v 16.916193 0.501656 -3.167910
v 17.008471 0.370536 -2.518224
v 17.008471 0.424059 -2.511884
v 17.008471 0.448225 -3.174140
v 17.008471 0.501748 -3.167800
vn -0.9991 0.0057 0.0416
vn 0.9991 -0.0057 -0.0416
vn -0.0048 -0.9998 0.0217
vn 0.0048 0.9998 -0.0217
vn -0.0049 -0.9998 0.0216
vn -0.0049 -0.9997 0.0219
vn 0.9980 0.0466 -0.0425
vn -0.9975 0.0581 0.0402
vn -0.9991 0.0058 0.0416
vn -0.0050 -0.9998 0.0189
vn 0.0050 0.9998 -0.0189
vn -0.0050 -0.9998 0.0188
vn -0.0050 -0.9998 0.0190
vn 0.9980 0.0466 -0.0424
vn -0.9975 0.0581 0.0404
vn -0.0009 0.9998 -0.0200
vn 0.9992 0.0001 -0.0412
vn -0.9992 -0.0001 0.0412
vn -0.0453 -0.0220 -0.9987
vn 0.0453 0.0219 0.9987
vn 0.0009 -0.9998 0.0200
vn 0.0453 0.0218 0.9987
vn -0.0453 -0.0219 -0.9987
vn 0.0453 0.0220 0.9987
vn -0.0453 -0.0218 -0.9987
vn -0.0452 -0.0219 -0.9987
vn 0.0453 0.0217 0.9987
vn 0.8863 0.0109 0.4630
vn -0.8863 -0.0110 -0.4629
vn -0.8441 0.0109 0.5360
vn -0.8442 0.0109 0.5359
vn 0.8441 -0.0108 -0.5361
vn 0.0452 0.0217 0.9987
vn -0.8864 -0.0111 -0.4629
vn -0.0454 -0.0220 -0.9987
vn 0.8441 -0.0109 -0.5360
vn -0.0453 -0.0217 -0.9987
vn -0.0453 -0.0216 -0.9987
vn -0.8864 -0.0110 -0.4628
vn 0.0452 0.0219 0.9987
vn -0.8442 0.0108 0.5360
vn -0.8442 0.0108 0.5359
vn 0.8863 0.0110 0.4630
vn -0.0452 -0.0217 -0.9987
vn 0.9992 0.0001 -0.0411
vn -0.9992 -0.0001 0.0411
vn 0.8863 0.0110 0.4631
vn 0.8442 -0.0108 -0.5360
vn -0.8442 0.0109 0.5360
vn 0.8441 -0.0109 -0.5361
vn 0.0454 0.0219 0.9987
vn 0.8863 0.0111 0.4630
vn 0.8442 -0.0109 -0.5360
vn 0.0016 0.9996 -0.0299
vn 0.9991 -0.0029 -0.0426
vn 0.0017 0.9996 -0.0282
vn -0.9991 0.0029 0.0426
vn -0.0447 -0.0215 -0.9988
vn 0.0018 0.9996 -0.0264
vn 0.0443 0.0215 0.9988
vn -0.0016 -0.9996 0.0299
vn 0.0443 0.0212 0.9988
vn -0.0018 -0.9996 0.0264
vn -0.0447 -0.0217 -0.9988
vn -0.0017 -0.9996 0.0282
vn -0.0447 -0.0214 -0.9988
vn 0.9991 -0.0029 -0.0431
vn -0.9991 0.0029 0.0431
vn 0.8864 0.0082 0.4629
vn 0.0024 0.9999 -0.0128
vn -0.8866 -0.0083 -0.4625
vn 0.0444 0.0215 0.9988
vn -0.8432 0.0133 0.5374
vn -0.8430 0.0134 0.5378
vn 0.8432 -0.0132 -0.5374
vn 0.0444 0.0216 0.9988
vn -0.8864 -0.0084 -0.4628
vn 0.8866 0.0080 0.4625
vn -0.0446 -0.0215 -0.9988
vn 0.0023 0.9999 -0.0146
vn -0.0446 -0.0216 -0.9988
vn 0.8430 -0.0132 -0.5377
vn -0.0447 -0.0216 -0.9988
vn 0.0025 0.9999 -0.0111
vn 0.0442 0.0214 0.9988
vn -0.0023 -0.9999 0.0146
vn -0.0025 -0.9999 0.0111
vn -0.0024 -0.9999 0.0128
vn 0.8872 0.0080 0.4613
vn -0.8874 -0.0082 -0.4609
vn -0.8442 0.0134 0.5358
vn -0.8440 0.0134 0.5362
vn 0.8442 -0.0131 -0.5358
vn 0.0444 0.0214 0.9988
vn -0.8872 -0.0083 -0.4612
vn 0.8874 0.0080 0.4609
vn -0.0445 -0.0215 -0.9988
vn -0.0446 -0.0214 -0.9988
vn 0.8440 -0.0131 -0.5361
vn -0.9985 0.0415 0.0363
vn 0.9985 -0.0415 -0.0363
vn -0.0407 -0.9989 0.0249
vn 0.0407 0.9989 -0.0249
vn -0.0407 -0.9989 0.0243
vn -0.0407 -0.9988 0.0255
vn 0.9993 0.0109 -0.0367
vn -0.9950 0.0938 0.0341
vn -0.9985 0.0416 0.0362
vn 0.9985 -0.0415 -0.0362
vn -0.0412 -0.9991 0.0103
vn 0.0412 0.9991 -0.0103
vn -0.0413 -0.9991 0.0097
vn -0.0412 -0.9991 0.0109
vn 0.9993 0.0109 -0.0359
vn -0.9950 0.0938 0.0349
vn 0.0242 0.9992 -0.0308
vn 0.9988 -0.0254 -0.0422
vn 0.0242 0.9993 -0.0291
vn -0.9988 0.0254 0.0422
vn -0.0386 -0.0185 -0.9991
vn 0.0243 0.9993 -0.0274
vn 0.0382 0.0184 0.9991
vn -0.0242 -0.9992 0.0308
vn -0.0243 -0.9993 0.0274
vn -0.0386 -0.0186 -0.9991
vn -0.0242 -0.9993 0.0291
vn 0.0381 0.0184 0.9991
vn -0.0386 -0.0187 -0.9991
vn 0.9988 -0.0254 -0.0426
vn -0.9988 0.0254 0.0426
vn 0.0382 0.0186 0.9991
vn 0.9988 -0.0254 -0.0421
vn 0.8854 -0.0129 0.4647
vn 0.0248 0.9996 -0.0138
vn -0.8856 0.0125 -0.4643
vn -0.8438 0.0314 0.5358
vn -0.8435 0.0313 0.5362
vn 0.8438 -0.0312 -0.5357
vn 0.0382 0.0183 0.9991
vn -0.8854 0.0125 -0.4647
vn 0.8856 -0.0129 0.4643
vn -0.0384 -0.0185 -0.9991
vn 0.0247 0.9996 -0.0155
vn -0.0384 -0.0186 -0.9991
vn 0.8436 -0.0311 -0.5361
vn -0.0385 -0.0184 -0.9991
vn 0.0249 0.9996 -0.0120
vn -0.0247 -0.9996 0.0155
vn 0.0381 0.0185 0.9991
vn -0.0249 -0.9996 0.0120
vn -0.0248 -0.9996 0.0137
vn -0.0385 -0.0186 -0.9991
vn 0.8862 -0.0130 0.4631
vn -0.8864 0.0126 -0.4628
vn 0.0383 0.0184 0.9991
vn -0.8447 0.0313 0.5343
vn -0.8445 0.0313 0.5346
vn 0.8448 -0.0311 -0.5342
vn -0.8862 0.0127 -0.4631
vn 0.8864 -0.0129 0.4627
vn 0.8445 -0.0311 -0.5346
vn -0.0248 -0.9996 0.0155
vn 0.0452 0.9986 -0.0269
vn 0.9983 -0.0461 -0.0345
vn 0.0453 0.9987 -0.0253
vn -0.9983 0.0461 0.0345
vn -0.0333 -0.0153 -0.9993
vn 0.0453 0.9987 -0.0236
vn 0.0329 0.0152 0.9993
vn -0.0452 -0.9986 0.0269
vn 0.0329 0.0151 0.9993
vn -0.0453 -0.9987 0.0236
vn -0.0333 -0.0156 -0.9993
vn -0.0453 -0.9987 0.0253
vn -0.0332 -0.0154 -0.9993
vn 0.9983 -0.0461 -0.0350
vn -0.9983 0.0461 0.0349
vn 0.0453 0.9987 -0.0237
vn 0.8816 -0.0324 0.4708
vn 0.0458 0.9989 -0.0108
vn -0.8818 0.0322 -0.4706
vn 0.0331 0.0154 0.9993
vn -0.0453 -0.9987 0.0237
vn -0.8469 0.0476 0.5296
vn -0.8467 0.0477 0.5299
vn 0.8469 -0.0475 -0.5296
vn 0.0331 0.0152 0.9993
vn -0.8816 0.0321 -0.4709
vn 0.8818 -0.0325 0.4706
vn 0.0457 0.9989 -0.0124
vn -0.0332 -0.0153 -0.9993
vn 0.8467 -0.0475 -0.5299
vn -0.0333 -0.0155 -0.9993
vn 0.0458 0.9989 -0.0092
vn -0.0457 -0.9989 0.0124
vn -0.0458 -0.9989 0.0092
vn -0.0458 -0.9989 0.0108
vn 0.9983 -0.0461 -0.0349
vn 0.8823 -0.0325 0.4695
vn -0.8825 0.0322 -0.4692
vn 0.0331 0.0151 0.9993
vn -0.8477 0.0478 0.5283
vn -0.8475 0.0477 0.5286
vn 0.8477 -0.0475 -0.5283
vn 0.0331 0.0153 0.9993
vn -0.8823 0.0322 -0.4695
vn 0.8825 -0.0325 0.4692
vn -0.0331 -0.0154 -0.9993
vn -0.0331 -0.0153 -0.9993
vn 0.8476 -0.0474 -0.5286
vn 0.0633 0.9977 -0.0223
vn 0.9975 -0.0639 -0.0288
vn 0.0633 0.9978 -0.0207
vn -0.9975 0.0639 0.0288
vn -0.0292 -0.0122 -0.9995
vn 0.0634 0.9978 -0.0192
vn 0.0290 0.0120 0.9995
vn -0.0633 -0.9977 0.0223
vn -0.0634 -0.9978 0.0192
vn -0.0292 -0.0124 -0.9995
vn -0.0633 -0.9978 0.0207
vn 0.0289 0.0120 0.9995
vn -0.0292 -0.0121 -0.9995
vn 0.9975 -0.0639 -0.0292
vn -0.9975 0.0639 0.0292
vn 0.8785 -0.0494 0.4753
vn 0.0637 0.9979 -0.0073
vn -0.8786 0.0492 -0.4750
vn 0.0290 0.0121 0.9995
vn -0.8489 0.0615 0.5249
vn -0.8488 0.0614 0.5252
vn 0.8489 -0.0613 -0.5249
vn -0.8785 0.0493 -0.4752
vn 0.8786 -0.0495 0.4751
vn 0.0637 0.9979 -0.0088
vn 0.8488 -0.0612 -0.5252
vn -0.0292 -0.0123 -0.9995
vn 0.0638 0.9979 -0.0057
vn 0.0290 0.0119 0.9995
vn -0.0637 -0.9979 0.0088
vn -0.0638 -0.9979 0.0057
vn -0.0637 -0.9979 0.0073
vn 0.0638 0.9979 -0.0058
vn 0.8790 -0.0495 0.4743
vn -0.8791 0.0492 -0.4741
vn -0.0638 -0.9979 0.0058
vn -0.8495 0.0615 0.5240
vn -0.8493 0.0615 0.5243
vn 0.8495 -0.0613 -0.5240
vn 0.0289 0.0121 0.9995
vn -0.8790 0.0493 -0.4742
vn 0.8791 -0.0495 0.4740
vn -0.0292 -0.0120 -0.9995
vn 0.8494 -0.0613 -0.5241
vn -0.9951 0.0958 0.0262
vn 0.9951 -0.0958 -0.0262
vn -0.0955 -0.9953 0.0128
vn 0.0955 0.9953 -0.0128
vn -0.0956 -0.9953 0.0123
vn -0.0955 -0.9953 0.0132
vn 0.9987 -0.0436 -0.0261
vn -0.9887 0.1479 0.0248
vn -0.9951 0.0959 0.0262
vn -0.0959 -0.9954 0.0009
vn 0.0959 0.9954 -0.0009
vn -0.0959 -0.9954 0.0004
vn -0.0958 -0.9954 0.0014
vn 0.9987 -0.0436 -0.0255
vn -0.9887 0.1479 0.0254
vn 0.0826 0.9964 -0.0172
vn 0.9962 -0.0830 -0.0252
vn 0.0826 0.9965 -0.0158
vn -0.9962 0.0830 0.0252
vn -0.0258 -0.0083 -0.9996
vn 0.0827 0.9965 -0.0144
vn 0.0256 0.0078 0.9996
vn -0.0826 -0.9964 0.0172
vn 0.0256 0.0079 0.9996
vn -0.0827 -0.9965 0.0144
vn -0.0257 -0.0081 -0.9996
vn -0.0826 -0.9965 0.0158
vn -0.0258 -0.0081 -0.9996
vn 0.9962 -0.0830 -0.0256
vn -0.9962 0.0830 0.0256
vn 0.8757 -0.0680 0.4781
vn 0.0830 0.9965 -0.0034
vn -0.8757 0.0677 -0.4780
vn 0.0257 0.0080 0.9996
vn -0.8497 0.0760 0.5217
vn -0.8497 0.0760 0.5218
vn 0.8497 -0.0758 -0.5218
vn 0.0257 0.0081 0.9996
vn -0.8757 0.0677 -0.4781
vn 0.8757 -0.0681 0.4780
vn -0.0258 -0.0080 -0.9996
vn 0.0829 0.9965 -0.0048
vn -0.0257 -0.0082 -0.9996
vn 0.8496 -0.0757 -0.5219
vn 0.0830 0.9965 -0.0020
vn -0.0829 -0.9965 0.0048
vn 0.0256 0.0082 0.9996
vn -0.0830 -0.9965 0.0020
vn -0.0258 -0.0082 -0.9996
vn -0.0830 -0.9965 0.0034
vn -0.0258 -0.0084 -0.9996
vn 0.8759 -0.0681 0.4777
vn -0.8760 0.0678 -0.4776
vn -0.8500 0.0761 0.5213
vn -0.8499 0.0760 0.5214
vn 0.8500 -0.0759 -0.5213
vn -0.8759 0.0678 -0.4777
vn 0.8760 -0.0680 0.4776
vn 0.8499 -0.0758 -0.5214
vn 0.1000 0.9949 -0.0117
vn 0.9947 -0.1003 -0.0239
vn 0.1001 0.9949 -0.0104
vn -0.9947 0.1003 0.0239
vn -0.0238 -0.0038 -0.9997
vn 0.1001 0.9949 -0.0092
vn 0.0238 0.0035 0.9997
vn -0.1000 -0.9949 0.0117
vn 0.0238 0.0033 0.9997
vn -0.1001 -0.9949 0.0092
vn -0.1001 -0.9949 0.0104
vn -0.0238 -0.0039 -0.9997
vn 0.9947 -0.1003 -0.0243
vn -0.9947 0.1003 0.0243
vn 0.0238 0.0036 0.9997
vn 0.8737 -0.0852 0.4789
vn 0.1003 0.9950 0.0008
vn -0.8737 0.0849 -0.4790
vn 0.0238 0.0037 0.9997
vn -0.8493 0.0888 0.5204
vn -0.8493 0.0886 0.5204
vn 0.8494 -0.0886 -0.5203
vn 0.0239 0.0036 0.9997
vn -0.8738 0.0849 -0.4789
vn 0.8737 -0.0851 0.4790
vn -0.0238 -0.0037 -0.9997
vn 0.1003 0.9950 -0.0005
vn -0.0239 -0.0037 -0.9997
vn 0.8493 -0.0886 -0.5204
vn 0.1004 0.9949 0.0021
vn -0.1003 -0.9950 0.0005
vn -0.1004 -0.9949 -0.0021
vn -0.0239 -0.0039 -0.9997
vn -0.1003 -0.9950 -0.0008
vn -0.0238 -0.0036 -0.9997
vn 0.0238 0.0034 0.9997
vn 0.1004 0.9949 0.0020
vn 0.8736 -0.0852 0.4791
vn -0.8737 0.0850 -0.4790
vn 0.0239 0.0034 0.9997
vn -0.1003 -0.9950 -0.0020
vn -0.8493 0.0887 0.5204
vn 0.8493 -0.0886 -0.5205
vn 0.0239 0.0037 0.9997
vn -0.0239 -0.0035 -0.9997
vn -0.0237 -0.0039 -0.9997
vn 0.1145 0.9934 -0.0060
vn 0.9931 -0.1146 -0.0251
vn 0.1145 0.9934 -0.0048
vn -0.9931 0.1146 0.0251
vn -0.0236 0.0007 -0.9997
vn 0.1145 0.9934 -0.0037
vn 0.0237 -0.0010 0.9997
vn -0.1145 -0.9934 0.0060
vn 0.0237 -0.0009 0.9997
vn -0.1145 -0.9934 0.0037
vn -0.0236 0.0005 -0.9997
vn -0.1145 -0.9934 0.0048
vn 0.0237 -0.0008 0.9997
vn -0.0236 0.0006 -0.9997
vn 0.9931 -0.1145 -0.0254
vn -0.9931 0.1145 0.0254
vn 0.9931 -0.1145 -0.0251
vn 0.8728 -0.0998 0.4777
vn 0.1147 0.9934 0.0051
vn -0.8728 0.0995 -0.4779
vn 0.0236 -0.0007 0.9997
vn -0.8478 0.0989 0.5210
vn -0.8479 0.0988 0.5208
vn 0.8479 -0.0988 -0.5209
vn 0.0236 -0.0006 0.9997
vn -0.8728 0.0995 -0.4777
vn 0.8727 -0.0997 0.4779
vn -0.0235 0.0006 -0.9997
vn 0.1147 0.9934 0.0040
vn -0.0237 0.0007 -0.9997
vn 0.8480 -0.0987 -0.5207
vn -0.1144 -0.9934 0.0060
vn 0.1147 0.9934 0.0063
vn -0.1147 -0.9934 -0.0040
vn 0.0237 -0.0011 0.9997
vn -0.1147 -0.9934 -0.0063
vn -0.1147 -0.9934 -0.0051
vn 0.9931 -0.1146 -0.0254
vn -0.9931 0.1146 0.0254
vn 0.1148 0.9934 0.0062
vn 0.8725 -0.0998 0.4784
vn -0.8724 0.0996 -0.4785
vn 0.0236 -0.0009 0.9997
vn -0.1147 -0.9934 -0.0062
vn -0.8474 0.0989 0.5216
vn -0.8475 0.0988 0.5215
vn 0.8475 -0.0987 -0.5216
vn -0.8725 0.0995 -0.4784
vn 0.8723 -0.0997 0.4786
vn -0.0237 0.0005 -0.9997
vn 0.8476 -0.0988 -0.5213
vn -0.9900 0.1367 0.0332
vn 0.9901 -0.1367 -0.0332
vn -0.1368 -0.9906 -0.0030
vn 0.1368 0.9906 0.0030
vn -0.1368 -0.9906 -0.0033
vn -0.1368 -0.9906 -0.0027
vn 0.9959 -0.0846 -0.0326
vn -0.9815 0.1885 0.0329
vn -0.1371 -0.9905 -0.0111
vn 0.1371 0.9905 0.0111
vn -0.1371 -0.9905 -0.0115
vn -0.1371 -0.9905 -0.0108
vn 0.9959 -0.0847 -0.0322
vn -0.9815 0.1884 0.0333
vn 0.1290 0.9916 -0.0002
vn 0.9912 -0.1290 -0.0288
vn 0.1290 0.9916 0.0008
vn -0.9912 0.1289 0.0289
vn -0.0256 0.0062 -0.9997
vn 0.1290 0.9916 0.0018
vn 0.0259 -0.0065 0.9996
vn -0.1290 -0.9916 0.0002
vn 0.0259 -0.0064 0.9996
vn -0.1290 -0.9916 -0.0018
vn -0.0256 0.0060 -0.9997
vn -0.1290 -0.9916 -0.0008
vn -0.0256 0.0061 -0.9997
vn 0.9912 -0.1289 -0.0291
vn -0.9912 0.1289 0.0291
vn 0.0259 -0.0067 0.9996
vn 0.9912 -0.1289 -0.0289
vn 0.1290 0.9916 0.0017
vn 0.8728 -0.1152 0.4742
vn 0.1292 0.9916 0.0094
vn -0.8727 0.1149 -0.4745
vn 0.0257 -0.0065 0.9996
vn -0.1290 -0.9916 -0.0017
vn -0.8450 0.1086 0.5236
vn -0.8452 0.1086 0.5233
vn 0.8450 -0.1085 -0.5236
vn 0.0258 -0.0066 0.9996
vn -0.8729 0.1149 -0.4742
vn 0.8727 -0.1151 0.4746
vn -0.0257 0.0063 -0.9997
vn 0.1292 0.9916 0.0084
vn -0.0256 0.0064 -0.9997
vn 0.8452 -0.1084 -0.5234
vn -0.9912 0.1289 0.0288
vn 0.1293 0.9916 0.0104
vn -0.1292 -0.9916 -0.0084
vn -0.1293 -0.9916 -0.0104
vn -0.1292 -0.9916 -0.0094
vn 0.0259 -0.0066 0.9996
vn -0.0255 0.0061 -0.9997
vn 0.8721 -0.1150 0.4757
vn -0.8719 0.1148 -0.4760
vn 0.0258 -0.0062 0.9996
vn -0.8442 0.1083 0.5250
vn -0.8444 0.1085 0.5246
vn 0.8442 -0.1082 -0.5250
vn -0.8721 0.1148 -0.4756
vn 0.8719 -0.1150 0.4760
vn 0.8444 -0.1083 -0.5247
vn 0.1412 0.9900 0.0056
vn 0.9894 -0.1410 -0.0353
vn 0.1413 0.9900 0.0064
vn -0.9894 0.1409 0.0353
vn -0.0302 0.0123 -0.9995
vn 0.1413 0.9899 0.0072
vn 0.0307 -0.0125 0.9994
vn -0.1412 -0.9900 -0.0056
vn 0.0307 -0.0126 0.9994
vn -0.1413 -0.9899 -0.0072
vn -0.0302 0.0122 -0.9995
vn -0.1413 -0.9900 -0.0064
vn -0.0302 0.0121 -0.9995
vn 0.9894 -0.1409 -0.0355
vn -0.9894 0.1409 0.0355
vn 0.8742 -0.1286 0.4683
vn 0.1415 0.9898 0.0136
vn -0.8740 0.1284 -0.4687
vn 0.0305 -0.0125 0.9995
vn -0.8410 0.1158 0.5285
vn -0.8413 0.1159 0.5281
vn 0.8410 -0.1157 -0.5286
vn 0.0305 -0.0126 0.9995
vn -0.8743 0.1284 -0.4682
vn 0.8740 -0.1286 0.4687
vn -0.0303 0.0123 -0.9995
vn 0.1414 0.9899 0.0128
vn -0.0303 0.0125 -0.9995
vn 0.8412 -0.1157 -0.5281
vn 0.1415 0.9898 0.0144
vn 0.0308 -0.0126 0.9994
vn -0.1414 -0.9899 -0.0128
vn 0.0308 -0.0125 0.9994
vn -0.1415 -0.9898 -0.0144
vn -0.1415 -0.9898 -0.0136
vn -0.0302 0.0120 -0.9995
vn 0.8730 -0.1285 0.4705
vn -0.8728 0.1283 -0.4709
vn 0.0305 -0.0124 0.9995
vn -0.8397 0.1156 0.5306
vn -0.8399 0.1157 0.5302
vn 0.8396 -0.1155 -0.5308
vn 0.0306 -0.0124 0.9995
vn -0.8730 0.1284 -0.4704
vn 0.8728 -0.1284 0.4709
vn -0.0303 0.0122 -0.9995
vn 0.8399 -0.1157 -0.5303
vn 0.1505 0.9886 0.0109
vn 0.9877 -0.1499 -0.0438
vn 0.1505 0.9885 0.0115
vn -0.9877 0.1499 0.0438
vn -0.0369 0.0180 -0.9992
vn 0.1506 0.9885 0.0122
vn 0.0377 -0.0185 0.9991
vn -0.1505 -0.9885 -0.0109
vn 0.0377 -0.0187 0.9991
vn -0.1506 -0.9885 -0.0122
vn -0.0369 0.0181 -0.9992
vn -0.1505 -0.9885 -0.0115
vn 0.0376 -0.0186 0.9991
vn 0.9877 -0.1499 -0.0440
vn -0.9877 0.1499 0.0440
vn 0.0377 -0.0186 0.9991
vn 0.9877 -0.1499 -0.0439
vn 0.1506 0.9885 0.0125
vn 0.8770 -0.1395 0.4599
vn 0.1507 0.9884 0.0173
vn -0.8767 0.1393 -0.4604
vn 0.0375 -0.0184 0.9991
vn -0.1506 -0.9885 -0.0125
vn -0.8358 0.1206 0.5356
vn -0.8362 0.1207 0.5349
vn 0.8359 -0.1205 -0.5356
vn 0.0374 -0.0183 0.9991
vn -0.8770 0.1393 -0.4598
vn 0.1505 0.9885 0.0112
vn 0.8766 -0.1394 0.4606
vn -0.0371 0.0182 -0.9991
vn 0.1507 0.9884 0.0167
vn -0.0372 0.0182 -0.9991
vn 0.8362 -0.1206 -0.5350
vn -0.1505 -0.9885 -0.0112
vn -0.9877 0.1499 0.0439
vn 0.1508 0.9884 0.0180
vn -0.1507 -0.9884 -0.0167
vn -0.1508 -0.9884 -0.0180
vn -0.1507 -0.9884 -0.0173
vn -0.0369 0.0179 -0.9992
vn 0.9877 -0.1499 -0.0441
vn 0.1508 0.9884 0.0182
vn 0.8754 -0.1392 0.4630
vn -0.8751 0.1391 -0.4636
vn 0.0374 -0.0186 0.9991
vn -0.1508 -0.9884 -0.0182
vn -0.8339 0.1202 0.5386
vn -0.8344 0.1203 0.5379
vn 0.8340 -0.1202 -0.5386
vn 0.0373 -0.0183 0.9991
vn -0.8754 0.1391 -0.4629
vn 0.1507 0.9884 0.0169
vn 0.8750 -0.1392 0.4637
vn -0.0372 0.0181 -0.9991
vn 0.8344 -0.1203 -0.5379
vn -0.1507 -0.9884 -0.0169
vn -0.9850 0.1590 0.0669
vn 0.9850 -0.1590 -0.0669
vn -0.1605 -0.9868 -0.0203
vn 0.1605 0.9868 0.0203
vn -0.1605 -0.9868 -0.0204
vn -0.1605 -0.9868 -0.0202
vn 0.9921 -0.1071 -0.0656
vn -0.9752 0.2105 0.0677
vn 0.9850 -0.1590 -0.0668
vn -0.1607 -0.9867 -0.0235
vn 0.1607 0.9867 0.0235
vn -0.1607 -0.9867 -0.0236
vn -0.1607 -0.9867 -0.0233
vn 0.9921 -0.1071 -0.0653
vn -0.9752 0.2105 0.0678
vn 0.1587 0.9872 0.0166
vn 0.9859 -0.1575 -0.0563
vn 0.1587 0.9872 0.0171
vn -0.9859 0.1575 0.0563
vn -0.0483 0.0256 -0.9985
vn 0.1587 0.9872 0.0176
vn 0.0493 -0.0260 0.9984
vn -0.1587 -0.9872 -0.0166
vn 0.0493 -0.0261 0.9984
vn -0.1587 -0.9872 -0.0176
vn -0.0483 0.0253 -0.9985
vn -0.1587 -0.9872 -0.0171
vn 0.0493 -0.0259 0.9984
vn 0.9859 -0.1575 -0.0564
vn -0.9859 0.1575 0.0564
vn 0.0493 -0.0262 0.9984
vn 0.8812 -0.1497 0.4485
vn 0.1589 0.9871 0.0213
vn -0.8807 0.1496 -0.4494
vn 0.0490 -0.0259 0.9985
vn -0.8291 0.1236 0.5453
vn -0.8297 0.1237 0.5443
vn 0.8290 -0.1235 -0.5455
vn -0.8811 0.1497 -0.4485
vn 0.1587 0.9872 0.0167
vn 0.8807 -0.1498 0.4494
vn -0.0485 0.0256 -0.9985
vn 0.1589 0.9871 0.0208
vn -0.0486 0.0256 -0.9985
vn 0.8296 -0.1236 -0.5446
vn -0.1587 -0.9872 -0.0167
vn -0.0483 0.0254 -0.9985
vn 0.1589 0.9870 0.0218
vn -0.1589 -0.9871 -0.0208
vn -0.1589 -0.9870 -0.0218
vn -0.0483 0.0255 -0.9985
vn -0.1589 -0.9871 -0.0213
vn 0.9859 -0.1575 -0.0565
vn 0.8791 -0.1496 0.4526
vn -0.8786 0.1494 -0.4536
vn 0.0489 -0.0260 0.9985
vn -0.8266 0.1230 0.5491
vn -0.8272 0.1233 0.5482
vn 0.8265 -0.1231 -0.5494
vn 0.0490 -0.0258 0.9985
vn -0.8791 0.1493 -0.4526
vn 0.8787 -0.1494 0.4535
vn -0.0486 0.0257 -0.9985
vn 0.8271 -0.1232 -0.5484
vn 0.1642 0.9862 0.0218
vn 0.9842 -0.1623 -0.0709
vn 0.1642 0.9862 0.0221
vn -0.9842 0.1623 0.0708
vn -0.0634 0.0333 -0.9974
vn 0.1642 0.9862 0.0224
vn 0.0647 -0.0338 0.9973
vn -0.1642 -0.9862 -0.0218
vn 0.0647 -0.0340 0.9973
vn -0.1642 -0.9862 -0.0224
vn -0.0634 0.0334 -0.9974
vn -0.1642 -0.9862 -0.0221
vn 0.0647 -0.0339 0.9973
vn -0.9842 0.1623 0.0709
vn 0.8869 -0.1577 0.4343
vn 0.1644 0.9861 0.0247
vn -0.8863 0.1576 -0.4354
vn 0.0643 -0.0338 0.9974
vn -0.8209 0.1239 0.5574
vn -0.8217 0.1241 0.5563
vn 0.8209 -0.1239 -0.5575
vn 0.0643 -0.0336 0.9974
vn -0.8869 0.1577 -0.4343
vn 0.8863 -0.1576 0.4355
vn -0.0638 0.0335 -0.9974
vn 0.1644 0.9861 0.0244
vn -0.0638 0.0336 -0.9974
vn 0.8216 -0.1241 -0.5564
vn 0.1644 0.9861 0.0250
vn -0.1644 -0.9861 -0.0244
vn -0.1644 -0.9861 -0.0250
vn -0.1644 -0.9861 -0.0247
vn 0.9842 -0.1623 -0.0710
vn -0.9842 0.1623 0.0710
vn 0.8844 -0.1574 0.4395
vn -0.8838 0.1573 -0.4406
vn 0.0643 -0.0337 0.9974
vn -0.8177 0.1233 0.5622
vn -0.8185 0.1235 0.5611
vn 0.8176 -0.1232 -0.5624
vn -0.8844 0.1574 -0.4394
vn 0.8838 -0.1574 0.4406
vn 0.8184 -0.1234 -0.5613
vn 0.1670 0.9856 0.0269
vn 0.9825 -0.1641 -0.0880
vn 0.1670 0.9856 0.0270
vn -0.9825 0.1641 0.0880
vn -0.0808 0.0410 -0.9959
vn 0.1670 0.9856 0.0271
vn 0.0823 -0.0415 0.9957
vn -0.1670 -0.9856 -0.0269
vn 0.0823 -0.0416 0.9957
vn -0.1670 -0.9856 -0.0271
vn -0.0808 0.0408 -0.9959
vn -0.1670 -0.9856 -0.0270
vn -0.0808 0.0409 -0.9959
vn 0.9825 -0.1641 -0.0881
vn -0.9825 0.1641 0.0881
vn 0.8938 -0.1630 0.4177
vn 0.1671 0.9855 0.0279
vn -0.8933 0.1629 -0.4190
vn 0.0819 -0.0413 0.9958
vn -0.8115 0.1219 0.5714
vn -0.8124 0.1220 0.5701
vn 0.8114 -0.1218 -0.5716
vn 0.0818 -0.0413 0.9958
vn -0.8939 0.1629 -0.4176
vn 0.8932 -0.1630 0.4191
vn -0.0813 0.0411 -0.9958
vn 0.1671 0.9855 0.0278
vn -0.0812 0.0411 -0.9958
vn 0.8124 -0.1220 -0.5702
vn 0.1671 0.9855 0.0280
vn 0.0823 -0.0414 0.9957
vn -0.1671 -0.9855 -0.0278
vn -0.1671 -0.9855 -0.0280
vn -0.1671 -0.9855 -0.0279
vn 0.8909 -0.1627 0.4241
vn -0.8903 0.1625 -0.4253
vn 0.0818 -0.0414 0.9958
vn -0.8076 0.1210 0.5772
vn -0.8085 0.1212 0.5759
vn 0.8076 -0.1210 -0.5773
vn -0.8910 0.1626 -0.4239
vn 0.8902 -0.1626 0.4255
vn 0.8084 -0.1212 -0.5760
vn -0.9780 0.1562 0.1383
vn 0.9780 -0.1562 -0.1383
vn -0.1626 -0.9860 -0.0378
vn 0.1626 0.9860 0.0378
vn -0.1625 -0.9860 -0.0377
vn -0.1626 -0.9860 -0.0379
vn 0.9851 -0.1044 -0.1363
vn -0.9681 0.2076 0.1403
vn -0.9780 0.1562 0.1382
vn 0.9780 -0.1562 -0.1382
vn -0.1622 -0.9861 -0.0349
vn 0.1622 0.9861 0.0349
vn -0.1621 -0.9862 -0.0348
vn -0.1622 -0.9861 -0.0350
vn 0.9851 -0.1044 -0.1364
vn -0.9681 0.2076 0.1400
vn 0.1675 0.9854 0.0317
vn 0.9807 -0.1632 -0.1077
vn 0.1675 0.9854 0.0316
vn -0.9807 0.1632 0.1077
vn -0.1051 0.0499 -0.9932
vn 0.1069 -0.0506 0.9930
vn -0.1675 -0.9854 -0.0317
vn 0.1069 -0.0505 0.9930
vn -0.1675 -0.9854 -0.0316
vn -0.1051 0.0500 -0.9932
vn 0.9807 -0.1633 -0.1076
vn 0.9023 -0.1663 0.3977
vn 0.1674 0.9854 0.0309
vn -0.9017 0.1662 -0.3991
vn 0.1063 -0.0503 0.9931
vn -0.8002 0.1169 0.5882
vn -0.8012 0.1172 0.5868
vn 0.8001 -0.1170 -0.5883
vn 0.1064 -0.0505 0.9930
vn -0.9024 0.1663 -0.3975
vn 0.9016 -0.1663 0.3994
vn -0.1057 0.0502 -0.9931
vn 0.1674 0.9854 0.0310
vn -0.1057 0.0501 -0.9931
vn 0.8011 -0.1172 -0.5869
vn -0.9807 0.1632 0.1076
vn 0.1674 0.9854 0.0308
vn -0.1674 -0.9854 -0.0310
vn -0.1674 -0.9854 -0.0308
vn -0.1674 -0.9854 -0.0309
vn 0.9807 -0.1633 -0.1075
vn 0.8991 -0.1660 0.4051
vn -0.8984 0.1659 -0.4067
vn 0.1064 -0.0504 0.9931
vn -0.7955 0.1160 0.5948
vn -0.7965 0.1161 0.5933
vn 0.7954 -0.1159 -0.5949
vn 0.1063 -0.0504 0.9931
vn -0.8991 0.1660 -0.4049
vn 0.8983 -0.1659 0.4069
vn 0.7965 -0.1162 -0.5934
vn 0.1656 0.9854 0.0399
vn 0.9761 -0.1580 -0.1491
vn 0.1656 0.9854 0.0395
vn -0.9761 0.1580 0.1491
vn -0.1336 0.0591 -0.9893
vn 0.1655 0.9854 0.0391
vn 0.1359 -0.0597 0.9889
vn -0.1656 -0.9854 -0.0399
vn 0.1359 -0.0598 0.9889
vn -0.1655 -0.9854 -0.0391
vn -0.1656 -0.9854 -0.0395
vn -0.1336 0.0590 -0.9893
vn 0.9761 -0.1580 -0.1490
vn -0.9761 0.1580 0.1490
vn 0.9761 -0.1580 -0.1493
vn 0.1656 0.9854 0.0398
vn 0.9189 -0.1673 0.3573
vn 0.1651 0.9856 0.0359
vn -0.9181 0.1673 -0.3593
vn 0.1351 -0.0595 0.9890
vn -0.1656 -0.9854 -0.0398
vn -0.7765 0.1070 0.6209
vn -0.7779 0.1073 0.6191
vn 0.7764 -0.1070 -0.6211
vn -0.9189 0.1674 -0.3572
vn 0.1657 0.9853 0.0406
vn 0.9181 -0.1673 0.3594
vn -0.1343 0.0593 -0.9892
vn 0.1651 0.9856 0.0363
vn -0.1342 0.0594 -0.9892
vn 0.7778 -0.1073 -0.6193
vn -0.1657 -0.9853 -0.0406
vn -0.9761 0.1580 0.1493
vn 0.1650 0.9857 0.0355
vn 0.1359 -0.0599 0.9889
vn -0.1651 -0.9856 -0.0363
vn 0.1358 -0.0597 0.9889
vn -0.1650 -0.9857 -0.0355
vn -0.1651 -0.9856 -0.0359
vn 0.9761 -0.1580 -0.1492
vn 0.9152 -0.1671 0.3668
vn -0.9143 0.1670 -0.3690
vn 0.1352 -0.0596 0.9890
vn -0.7701 0.1055 0.6291
vn -0.7715 0.1059 0.6273
vn 0.7699 -0.1057 -0.6294
vn 0.1352 -0.0595 0.9890
vn -0.9152 0.1671 -0.3668
vn 0.1652 0.9856 0.0368
vn 0.9143 -0.1670 0.3690
vn 0.7714 -0.1060 -0.6275
vn -0.1652 -0.9856 -0.0368
vn 0.1610 0.9859 0.0453
vn 0.9722 -0.1506 -0.1791
vn 0.1609 0.9860 0.0447
vn -0.9723 0.1506 0.1790
vn -0.1637 0.0676 -0.9842
vn 0.1608 0.9860 0.0441
vn 0.1663 -0.0682 0.9837
vn -0.1610 -0.9859 -0.0453
vn -0.1608 -0.9860 -0.0441
vn -0.1609 -0.9860 -0.0447
vn -0.1638 0.0675 -0.9842
vn 0.9723 -0.1506 -0.1789
vn -0.9723 0.1506 0.1789
vn 0.9722 -0.1505 -0.1792
vn 0.9291 -0.1648 0.3310
vn 0.1600 0.9863 0.0392
vn -0.9284 0.1648 -0.3331
vn 0.1655 -0.0681 0.9839
vn -0.7608 0.0968 0.6417
vn -0.7624 0.0972 0.6398
vn 0.7606 -0.0969 -0.6419
vn -0.9292 0.1649 -0.3308
vn 0.9283 -0.1647 0.3334
vn -0.1645 0.0677 -0.9840
vn 0.1601 0.9863 0.0399
vn -0.1645 0.0678 -0.9840
vn 0.7622 -0.0973 -0.6400
vn -0.9722 0.1505 0.1792
vn -0.1637 0.0675 -0.9842
vn 0.1599 0.9864 0.0386
vn 0.1663 -0.0681 0.9837
vn -0.1601 -0.9863 -0.0399
vn 0.1663 -0.0684 0.9837
vn -0.1599 -0.9864 -0.0386
vn -0.1600 -0.9863 -0.0392
vn -0.1638 0.0676 -0.9842
vn 0.9723 -0.1506 -0.1790
vn 0.9253 -0.1646 0.3417
vn -0.9245 0.1647 -0.3439
vn -0.7535 0.0953 0.6506
vn -0.7552 0.0956 0.6485
vn 0.7532 -0.0953 -0.6508
vn 0.1655 -0.0680 0.9839
vn -0.9254 0.1647 -0.3414
vn 0.9244 -0.1645 0.3442
vn 0.7550 -0.0957 -0.6487
vn -0.9614 0.1236 0.2459
vn 0.9614 -0.1236 -0.2459
vn -0.1412 -0.9884 -0.0566
vn 0.1412 0.9884 0.0565
vn -0.1411 -0.9884 -0.0562
vn -0.1413 -0.9883 -0.0569
vn 0.9674 -0.0717 -0.2431
vn -0.9526 0.1750 0.2490
vn -0.9614 0.1236 0.2457
vn 0.9614 -0.1236 -0.2457
vn -0.1390 -0.9891 -0.0477
vn 0.1390 0.9891 0.0477
vn -0.1389 -0.9892 -0.0473
vn -0.1391 -0.9891 -0.0481
vn 0.9673 -0.0717 -0.2434
vn -0.9527 0.1751 0.2484
vn 0.1528 0.9870 0.0505
vn 0.9685 -0.1394 -0.2062
vn 0.1527 0.9870 0.0497
vn -0.9685 0.1394 0.2062
vn -0.2022 0.0771 -0.9763
vn 0.1525 0.9871 0.0490
vn 0.2050 -0.0776 0.9757
vn -0.1528 -0.9870 -0.0505
vn 0.2050 -0.0777 0.9757
vn -0.1525 -0.9871 -0.0490
vn -0.1527 -0.9870 -0.0497
vn -0.2022 0.0770 -0.9763
vn 0.9686 -0.1394 -0.2060
vn -0.9686 0.1394 0.2060
vn 0.9402 -0.1589 0.3012
vn 0.1512 0.9876 0.0428
vn -0.9394 0.1590 -0.3036
vn 0.2041 -0.0775 0.9759
vn -0.7427 0.0830 0.6644
vn -0.7445 0.0833 0.6624
vn 0.7425 -0.0830 -0.6647
vn -0.9403 0.1590 -0.3010
vn 0.9394 -0.1589 0.3039
vn -0.2031 0.0773 -0.9761
vn 0.1514 0.9875 0.0436
vn 0.7443 -0.0834 -0.6626
vn 0.1511 0.9876 0.0420
vn -0.1514 -0.9875 -0.0436
vn -0.1511 -0.9876 -0.0420
vn -0.1512 -0.9876 -0.0428
vn 0.9686 -0.1395 -0.2058
vn -0.9686 0.1394 0.2058
vn 0.9363 -0.1589 0.3131
vn -0.9355 0.1590 -0.3155
vn -0.1510 -0.9876 -0.0420
vn -0.7346 0.0812 0.6736
vn -0.7365 0.0817 0.6715
vn 0.7343 -0.0814 -0.6739
vn 0.2042 -0.0775 0.9759
vn -0.9364 0.1590 -0.3127
vn 0.9355 -0.1589 0.3157
vn -0.2030 0.0773 -0.9761
vn -0.2030 0.0772 -0.9761
vn 0.7362 -0.0817 -0.6718
vn 0.1429 0.9880 0.0592
vn 0.9569 -0.1227 -0.2632
vn 0.1426 0.9881 0.0582
vn -0.9569 0.1227 0.2631
vn -0.2432 0.0860 -0.9662
vn 0.1423 0.9882 0.0571
vn 0.2463 -0.0866 0.9653
vn -0.1429 -0.9880 -0.0592
vn -0.1423 -0.9882 -0.0571
vn -0.1426 -0.9881 -0.0582
vn 0.9570 -0.1227 -0.2629
vn -0.9570 0.1227 0.2629
vn 0.9568 -0.1226 -0.2635
vn 0.9572 -0.1498 0.2478
vn 0.1402 0.9889 0.0487
vn -0.9565 0.1499 -0.2504
vn 0.2453 -0.0864 0.9656
vn -0.7076 0.0636 0.7038
vn -0.7097 0.0640 0.7016
vn 0.7074 -0.0637 -0.7039
vn 0.2453 -0.0863 0.9656
vn -0.9572 0.1499 -0.2474
vn 0.9564 -0.1498 0.2507
vn -0.2442 0.0862 -0.9659
vn 0.1405 0.9888 0.0498
vn 0.7095 -0.0641 -0.7018
vn -0.9569 0.1226 0.2634
vn -0.2432 0.0861 -0.9661
vn 0.1399 0.9890 0.0475
vn -0.1405 -0.9888 -0.0498
vn -0.1399 -0.9890 -0.0475
vn -0.2432 0.0859 -0.9662
vn -0.1402 -0.9889 -0.0487
vn 0.9536 -0.1500 0.2610
vn -0.9529 0.1501 -0.2636
vn -0.6979 0.0616 0.7136
vn -0.7001 0.0621 0.7113
vn 0.6976 -0.0618 -0.7138
vn -0.9537 0.1501 -0.2605
vn 0.9528 -0.1500 0.2640
vn -0.2441 0.0862 -0.9659
vn -0.2442 0.0861 -0.9659
vn 0.6999 -0.0622 -0.7115
vn -0.1405 -0.9888 -0.0497
vn 0.1312 0.9892 0.0655
vn 0.9504 -0.1067 -0.2923
vn 0.1308 0.9893 0.0643
vn -0.9504 0.1067 0.2923
vn -0.2825 0.0935 -0.9547
vn 0.1305 0.9894 0.0631
vn 0.2856 -0.0940 0.9537
vn -0.1312 -0.9892 -0.0655
vn -0.1305 -0.9894 -0.0631
vn -0.2825 0.0934 -0.9547
vn -0.1308 -0.9893 -0.0643
vn 0.9505 -0.1067 -0.2920
vn -0.9505 0.1067 0.2920
vn 0.9504 -0.1067 -0.2922
vn 0.9666 -0.1388 0.2154
vn 0.1277 0.9904 0.0537
vn -0.9660 0.1391 -0.2180
vn 0.2846 -0.0939 0.9540
vn -0.1305 -0.9894 -0.0632
vn -0.6858 0.0463 0.7263
vn -0.6880 0.0467 0.7242
vn 0.6856 -0.0464 -0.7265
vn 0.2847 -0.0938 0.9540
vn -0.9667 0.1390 -0.2149
vn 0.9659 -0.1389 0.2184
vn -0.2835 0.0936 -0.9544
vn 0.1280 0.9902 0.0549
vn -0.2834 0.0937 -0.9544
vn 0.6878 -0.0469 -0.7244
vn 0.1273 0.9905 0.0525
vn -0.1280 -0.9902 -0.0549
vn 0.2856 -0.0939 0.9537
vn -0.1273 -0.9905 -0.0525
vn -0.1277 -0.9904 -0.0537
vn 0.9505 -0.1067 -0.2919
vn -0.9505 0.1067 0.2919
vn 0.9634 -0.1393 0.2292
vn -0.9627 0.1395 -0.2320
vn 0.2846 -0.0938 0.9540
vn -0.6755 0.0443 0.7360
vn -0.6779 0.0448 0.7338
vn 0.6753 -0.0445 -0.7362
vn -0.9635 0.1394 -0.2287
vn 0.9626 -0.1393 0.2323
vn -0.2835 0.0935 -0.9544
vn 0.6777 -0.0449 -0.7340
vn -0.9257 0.0631 0.3729
vn 0.9257 -0.0631 -0.3729
vn -0.1003 -0.9916 -0.0821
vn 0.1003 0.9916 0.0821
vn -0.1001 -0.9916 -0.0816
vn -0.1005 -0.9915 -0.0826
vn 0.9294 -0.0111 -0.3688
vn -0.9189 0.1147 0.3774
vn -0.9258 0.0631 0.3728
vn 0.9258 -0.0631 -0.3728
vn -0.0952 -0.9931 -0.0691
vn 0.0952 0.9931 0.0692
vn -0.0950 -0.9931 -0.0686
vn -0.0954 -0.9930 -0.0697
vn 0.9292 -0.0110 -0.3694
vn -0.9192 0.1148 0.3767
vn 0.1166 0.9903 0.0755
vn 0.9330 -0.0832 -0.3502
vn 0.1161 0.9905 0.0742
vn -0.9330 0.0832 0.3501
vn -0.3283 0.1011 -0.9391
vn 0.1156 0.9906 0.0728
vn 0.3315 -0.1015 0.9380
vn -0.1166 -0.9903 -0.0755
vn -0.1156 -0.9906 -0.0728
vn -0.3283 0.1010 -0.9391
vn -0.1161 -0.9905 -0.0742
vn 0.3315 -0.1016 0.9380
vn 0.9331 -0.0833 -0.3498
vn -0.9331 0.0833 0.3498
vn 0.9328 -0.0832 -0.3506
vn 0.9798 -0.1229 0.1580
vn 0.1118 0.9918 0.0618
vn -0.9792 0.1232 -0.1609
vn 0.3306 -0.1014 0.9383
vn -0.6443 0.0220 0.7644
vn -0.6468 0.0225 0.7624
vn 0.6441 -0.0222 -0.7646
vn 0.3305 -0.1014 0.9383
vn -0.9798 0.1231 -0.1578
vn 0.9792 -0.1230 0.1611
vn -0.3293 0.1012 -0.9388
vn 0.1123 0.9917 0.0633
vn -0.3293 0.1013 -0.9388
vn 0.6466 -0.0226 -0.7625
vn -0.9328 0.0832 0.3505
vn 0.1113 0.9920 0.0604
vn -0.1123 -0.9917 -0.0633
vn -0.1113 -0.9920 -0.0604
vn -0.1118 -0.9918 -0.0618
vn -0.9330 0.0833 0.3502
vn 0.9773 -0.1236 0.1722
vn -0.9767 0.1239 -0.1753
vn 0.3305 -0.1015 0.9383
vn -0.6330 0.0201 0.7739
vn -0.6356 0.0205 0.7718
vn 0.6327 -0.0202 -0.7741
vn -0.9773 0.1237 -0.1720
vn 0.9767 -0.1237 0.1755
vn -0.3294 0.1012 -0.9388
vn 0.6353 -0.0206 -0.7720
vn 0.0998 0.9914 0.0845
vn 0.9238 -0.0607 -0.3779
vn 0.0993 0.9916 0.0832
vn -0.9238 0.0608 0.3780
vn -0.3732 0.1074 -0.9215
vn 0.0987 0.9918 0.0817
vn 0.3764 -0.1078 0.9202
vn -0.0999 -0.9914 -0.0846
vn -0.0987 -0.9918 -0.0817
vn -0.0993 -0.9916 -0.0832
vn 0.3764 -0.1079 0.9202
vn -0.3733 0.1074 -0.9215
vn 0.9240 -0.0608 -0.3776
vn -0.9240 0.0608 0.3776
vn 0.9239 -0.0608 -0.3778
vn 0.0987 0.9918 0.0818
vn 0.9867 -0.1056 0.1240
vn 0.0940 0.9931 0.0703
vn -0.9862 0.1060 -0.1268
vn 0.3754 -0.1078 0.9206
vn -0.0987 -0.9918 -0.0818
vn -0.6189 -0.0005 0.7855
vn -0.6214 -0.0001 0.7835
vn 0.6187 0.0003 -0.7857
vn -0.9867 0.1057 -0.1236
vn 0.9862 -0.1058 0.1271
vn -0.3742 0.1076 -0.9211
vn 0.0946 0.9929 0.0718
vn 0.6211 -0.0001 -0.7837
vn -0.9239 0.0608 0.3778
vn 0.0934 0.9933 0.0687
vn -0.0946 -0.9929 -0.0718
vn -0.0934 -0.9933 -0.0687
vn -0.0940 -0.9931 -0.0703
vn -0.3732 0.1075 -0.9215
vn 0.9240 -0.0608 -0.3774
vn -0.9240 0.0608 0.3774
vn 0.0934 0.9932 0.0688
vn 0.9846 -0.1065 0.1385
vn -0.9842 0.1069 -0.1415
vn 0.3754 -0.1077 0.9206
vn -0.0934 -0.9932 -0.0688
vn -0.6074 -0.0024 0.7944
vn -0.6101 -0.0019 0.7924
vn 0.6071 0.0022 -0.7946
vn -0.9847 0.1067 -0.1381
vn 0.9841 -0.1067 0.1418
vn 0.6098 0.0018 -0.7926
vn 0.0847 0.9918 0.0955
vn 0.9032 -0.0360 -0.4276
vn 0.0840 0.9920 0.0941
vn -0.9033 0.0360 0.4275
vn -0.4128 0.1122 -0.9039
vn 0.0833 0.9922 0.0926
vn 0.4159 -0.1125 0.9024
vn -0.0847 -0.9918 -0.0955
vn -0.0833 -0.9922 -0.0926
vn -0.0840 -0.9920 -0.0941
vn -0.4128 0.1121 -0.9039
vn 0.9034 -0.0361 -0.4272
vn -0.9035 0.0361 0.4272
vn 0.9031 -0.0360 -0.4279
vn 0.0835 0.9922 0.0928
vn 0.9938 -0.0866 0.0696
vn 0.0778 0.9937 0.0804
vn -0.9936 0.0871 -0.0724
vn 0.4149 -0.1124 0.9029
vn -0.0835 -0.9922 -0.0928
vn -0.5756 -0.0246 0.8174
vn -0.5782 -0.0243 0.8155
vn 0.5753 0.0244 -0.8176
vn -0.9938 0.0868 -0.0693
vn 0.0848 0.9918 0.0958
vn 0.9936 -0.0868 0.0726
vn -0.4138 0.1123 -0.9034
vn 0.0785 0.9935 0.0820
vn -0.4138 0.1122 -0.9034
vn 0.5778 0.0241 -0.8158
vn -0.0848 -0.9918 -0.0958
vn -0.9032 0.0360 0.4278
vn 0.0770 0.9939 0.0788
vn -0.0785 -0.9935 -0.0820
vn -0.0771 -0.9939 -0.0788
vn -0.0778 -0.9937 -0.0804
vn 0.9033 -0.0360 -0.4274
vn -0.9033 0.0361 0.4274
vn 0.0772 0.9939 0.0791
vn 0.9926 -0.0877 0.0836
vn -0.9923 0.0882 -0.0866
vn -0.0771 -0.9939 -0.0790
vn -0.5637 -0.0264 0.8256
vn -0.5664 -0.0260 0.8237
vn 0.5633 0.0261 -0.8259
vn 0.4149 -0.1123 0.9029
vn -0.9926 0.0879 -0.0834
vn 0.0786 0.9935 0.0822
vn 0.9923 -0.0880 0.0868
vn 0.5661 0.0257 -0.8240
vn -0.0786 -0.9935 -0.0822
vn 0.0203 -0.0217 -0.9996
vn 0.9998 -0.0039 -0.0189
vn -0.0215 0.0214 0.9995
vn -0.9998 0.0018 0.0187
vn -0.0025 -0.9998 0.0202
vn 0.0025 0.9998 -0.0202
vn -0.0876 -0.0218 -0.9959
vn 0.9985 -0.0002 -0.0556
vn 0.0876 0.0218 0.9959
vn -0.9985 0.0002 0.0556
vn 0.0357 -0.0164 -0.9992
vn 0.9979 -0.0650 -0.0052
vn -0.0365 0.0159 0.9992
vn -0.9980 0.0631 0.0051
vn -0.0640 -0.9979 0.0137
vn 0.0640 0.9979 -0.0137
vn -0.0759 -0.0138 -0.9970
vn 0.9978 -0.0456 -0.0475
vn 0.0748 0.0129 0.9971
vn -0.9978 0.0469 0.0476
vn -0.0455 -0.9988 0.0177
vn 0.0455 0.9988 -0.0177
vn -0.0391 -0.0188 -0.9991
vn 0.9989 -0.0252 -0.0406
vn 0.0378 0.0182 0.9991
vn -0.9989 0.0252 0.0406
vn -0.0243 -0.9995 0.0211
vn 0.0243 0.9995 -0.0211
vn 0.0413 -0.0071 -0.9991
vn 0.9933 -0.1156 -0.0018
vn -0.0409 0.0061 0.9991
vn -0.9935 0.1142 0.0014
vn -0.1149 -0.9934 0.0008
vn 0.1149 0.9934 -0.0008
vn -0.0660 -0.0000 -0.9978
vn 0.9943 -0.0998 -0.0373
vn 0.0659 -0.0012 0.9978
vn -0.9942 0.1008 0.0373
vn -0.1002 -0.9950 0.0046
vn 0.1002 0.9950 -0.0046
vn -0.0259 -0.0085 -0.9996
vn 0.9963 -0.0829 -0.0240
vn 0.0254 0.0076 0.9996
vn -0.9963 0.0829 0.0240
vn -0.0827 -0.9965 0.0093
vn 0.0827 0.9965 -0.0093
vn 0.0279 0.0081 -0.9996
vn 0.9883 -0.1509 -0.0214
vn -0.0257 -0.0094 0.9996
vn -0.9885 0.1501 0.0177
vn -0.1507 -0.9885 -0.0134
vn 0.1507 0.9885 0.0134
vn -0.0717 0.0177 -0.9973
vn 0.9890 -0.1404 -0.0472
vn 0.0732 -0.0191 0.9971
vn -0.9888 0.1411 0.0489
vn -0.1414 -0.9899 -0.0096
vn 0.1414 0.9899 0.0096
vn -0.0254 0.0057 -0.9997
vn 0.9913 -0.1289 -0.0270
vn 0.0262 -0.0069 0.9996
vn -0.9913 0.1289 0.0270
vn -0.1290 -0.9916 -0.0039
vn 0.1290 0.9916 0.0039
vn -0.0157 0.0298 -0.9994
vn 0.9841 -0.1651 -0.0653
vn 0.0203 -0.0316 0.9993
vn -0.9841 0.1649 0.0661
vn -0.1671 -0.9856 -0.0274
vn 0.1671 0.9856 0.0274
vn -0.1040 0.0397 -0.9938
vn 0.9831 -0.1617 -0.0853
vn 0.1077 -0.0414 0.9933
vn -0.9831 0.1619 0.0848
vn -0.1643 -0.9861 -0.0235
vn 0.1643 0.9861 0.0235
vn -0.0473 0.0249 -0.9986
vn 0.9859 -0.1575 -0.0559
vn 0.0503 -0.0266 0.9984
vn -0.9859 0.1575 0.0559
vn -0.1588 -0.9871 -0.0193
vn 0.1588 0.9871 0.0193
vn -0.0988 0.0572 -0.9935
vn 0.9759 -0.1514 -0.1571
vn 0.1064 -0.0593 0.9926
vn -0.9756 0.1521 0.1582
vn -0.1601 -0.9862 -0.0419
vn 0.1601 0.9862 0.0419
vn -0.1731 0.0652 -0.9827
vn 0.9750 -0.1576 -0.1565
vn 0.1798 -0.0671 0.9814
vn -0.9741 0.1569 0.1630
vn -0.1652 -0.9856 -0.0374
vn 0.1652 0.9856 0.0374
vn -0.1034 0.0493 -0.9934
vn 0.9807 -0.1632 -0.1076
vn 0.1088 -0.0512 0.9927
vn -0.9807 0.1632 0.1078
vn -0.1674 -0.9854 -0.0313
vn 0.1674 0.9854 0.0313
vn -0.2186 0.0860 -0.9720
vn 0.9566 -0.1073 -0.2710
vn 0.2280 -0.0879 0.9697
vn -0.9559 0.1087 0.2727
vn -0.1286 -0.9899 -0.0590
vn 0.1286 0.9899 0.0590
vn -0.2813 0.0907 -0.9553
vn 0.9534 -0.1217 -0.2761
vn 0.2903 -0.0924 0.9525
vn -0.9531 0.1207 0.2774
vn -0.1412 -0.9885 -0.0533
vn 0.1412 0.9885 0.0533
vn -0.1998 0.0765 -0.9769
vn 0.9685 -0.1393 -0.2066
vn 0.2080 -0.0784 0.9750
vn -0.9684 0.1393 0.2070
vn -0.1518 -0.9873 -0.0462
vn 0.1518 0.9873 0.0462
vn -0.3516 0.1093 -0.9297
vn 0.9104 -0.0359 -0.4122
vn 0.3609 -0.1106 0.9260
vn -0.9146 0.0392 0.4024
vn -0.0798 -0.9930 -0.0873
vn 0.0798 0.9930 0.0873
vn -0.4097 0.1097 -0.9056
vn 0.9177 -0.0593 -0.3929
vn 0.4189 -0.1107 0.9013
vn -0.9181 0.0581 0.3921
vn -0.0963 -0.9924 -0.0767
vn 0.0963 0.9924 0.0767
vn -0.3257 0.1007 -0.9401
vn 0.9353 -0.0837 -0.3437
vn 0.3352 -0.1021 0.9366
vn -0.9354 0.0837 0.3434
vn -0.1135 -0.9912 -0.0675
vn 0.1135 0.9912 0.0675
vn -0.8718 -0.0135 0.4897
vn 0.8718 0.0134 -0.4897
vn -0.0502 -0.9918 -0.1172
vn 0.0502 0.9918 0.1172
vn -0.0499 -0.9919 -0.1166
vn -0.0505 -0.9918 -0.1177
vn 0.8728 0.0654 -0.4837
vn -0.8675 0.0383 0.4959
vn -0.8718 -0.0134 0.4897
vn -0.0424 -0.9937 -0.1035
vn 0.0424 0.9937 0.1035
vn -0.0421 -0.9938 -0.1029
vn -0.0428 -0.9937 -0.1041
vn 0.8724 0.0655 -0.4844
vn -0.8679 0.0384 0.4952
vn 0.0660 0.9920 0.1074
vn 0.8902 -0.0099 -0.4555
vn 0.0653 0.9922 0.1059
vn -0.8901 0.0099 0.4556
vn -0.4560 0.1163 -0.8824
vn 0.0645 0.9924 0.1044
vn 0.4589 -0.1166 0.8808
vn -0.0660 -0.9920 -0.1074
vn -0.0645 -0.9924 -0.1044
vn -0.4560 0.1163 -0.8823
vn -0.0653 -0.9922 -0.1059
vn 0.8904 -0.0099 -0.4551
vn -0.8904 0.0099 0.4552
vn 0.8903 -0.0099 -0.4553
vn 0.9971 -0.0657 0.0377
vn 0.0582 0.9940 0.0922
vn -0.9970 0.0662 -0.0404
vn 0.4580 -0.1165 0.8813
vn -0.5489 -0.0493 0.8344
vn -0.5515 -0.0490 0.8328
vn 0.5487 0.0490 -0.8346
vn -0.9971 0.0659 -0.0373
vn 0.9970 -0.0659 0.0408
vn -0.4569 0.1164 -0.8819
vn 0.0590 0.9938 0.0938
vn 0.5513 0.0487 -0.8329
vn -0.8902 0.0099 0.4554
vn 0.0573 0.9942 0.0906
vn -0.0590 -0.9938 -0.0938
vn -0.0573 -0.9942 -0.0906
vn -0.0582 -0.9940 -0.0922
vn -0.4560 0.1164 -0.8823
vn 0.8905 -0.0100 -0.4549
vn -0.8905 0.0100 0.4550
vn 0.4589 -0.1165 0.8808
vn 0.9964 -0.0670 0.0517
vn -0.9962 0.0675 -0.0545
vn 0.4580 -0.1166 0.8813
vn -0.0574 -0.9942 -0.0906
vn -0.5371 -0.0508 0.8420
vn -0.5398 -0.0504 0.8403
vn 0.5369 0.0505 -0.8421
vn -0.9964 0.0672 -0.0513
vn 0.9962 -0.0673 0.0550
vn 0.5396 0.0502 -0.8404
vn 0.0486 0.9914 0.1214
vn 0.8650 0.0190 -0.5014
vn 0.0477 0.9916 0.1199
vn -0.8650 -0.0189 0.5014
vn -0.4959 0.1192 -0.8602
vn 0.0469 0.9919 0.1184
vn 0.4986 -0.1194 0.8586
vn -0.0486 -0.9914 -0.1214
vn -0.0469 -0.9919 -0.1184
vn -0.0477 -0.9916 -0.1199
vn -0.4959 0.1193 -0.8602
vn 0.8653 0.0189 -0.5010
vn -0.8653 -0.0189 0.5010
vn 0.8650 0.0189 -0.5015
vn 0.9990 -0.0423 -0.0127
vn 0.0399 0.9935 0.1064
vn -0.9990 0.0428 0.0101
vn 0.4978 -0.1193 0.8591
vn -0.5050 -0.0755 0.8598
vn -0.5075 -0.0753 0.8584
vn 0.5046 0.0754 -0.8600
vn 0.4978 -0.1194 0.8591
vn -0.9990 0.0425 0.0130
vn 0.9990 -0.0426 -0.0098
vn -0.4967 0.1193 -0.8597
vn 0.0408 0.9933 0.1079
vn 0.5072 0.0750 -0.8585
vn -0.8650 -0.0190 0.5015
vn 0.0390 0.9937 0.1048
vn -0.0408 -0.9933 -0.1079
vn -0.0390 -0.9937 -0.1048
vn -0.0399 -0.9935 -0.1064
vn 0.8652 0.0189 -0.5011
vn -0.8652 -0.0189 0.5010
vn 0.9990 -0.0438 0.0006
vn -0.9990 0.0443 -0.0034
vn -0.4932 -0.0768 0.8665
vn -0.4959 -0.0765 0.8650
vn 0.4929 0.0766 -0.8667
vn -0.9990 0.0440 -0.0003
vn 0.9990 -0.0441 0.0037
vn 0.4956 0.0762 -0.8652
vn 0.0325 0.9906 0.1331
vn 0.8522 0.0422 -0.5215
vn 0.0316 0.9908 0.1317
vn -0.8522 -0.0422 0.5215
vn -0.5297 0.1209 -0.8395
vn 0.0307 0.9910 0.1303
vn 0.5323 -0.1210 0.8379
vn -0.0325 -0.9906 -0.1331
vn -0.0307 -0.9910 -0.1303
vn -0.0316 -0.9908 -0.1317
vn 0.8525 0.0421 -0.5211
vn -0.8524 -0.0421 0.5211
vn 0.8524 0.0422 -0.5212
vn 0.9989 -0.0227 -0.0401
vn 0.0233 0.9927 0.1186
vn -0.9990 0.0233 0.0375
vn 0.5315 -0.1209 0.8384
vn -0.4797 -0.0971 0.8720
vn -0.4822 -0.0969 0.8707
vn 0.4795 0.0968 -0.8722
vn 0.5315 -0.1210 0.8384
vn -0.9989 0.0229 0.0404
vn 0.9990 -0.0231 -0.0372
vn -0.5305 0.1209 -0.8390
vn 0.0243 0.9925 0.1201
vn 0.4820 0.0966 -0.8708
vn -0.8523 -0.0422 0.5213
vn 0.0223 0.9929 0.1170
vn -0.0243 -0.9925 -0.1201
vn -0.0223 -0.9929 -0.1170
vn -0.0233 -0.9927 -0.1186
vn 0.8526 0.0421 -0.5208
vn -0.8526 -0.0421 0.5208
vn 0.9993 -0.0244 -0.0270
vn -0.9994 0.0250 0.0243
vn -0.4682 -0.0982 0.8781
vn -0.4709 -0.0980 0.8767
vn 0.4680 0.0979 -0.8783
vn -0.9993 0.0246 0.0273
vn 0.9994 -0.0248 -0.0240
vn 0.4706 0.0977 -0.8769
vn -0.8045 -0.0896 0.5872
vn 0.8045 0.0896 -0.5872
vn -0.0042 -0.9876 -0.1569
vn 0.0042 0.9876 0.1569
vn -0.0039 -0.9877 -0.1565
vn -0.0046 -0.9875 -0.1573
vn 0.8031 0.1412 -0.5788
vn -0.8027 -0.0379 0.5952
vn -0.8045 -0.0895 0.5871
vn 0.8045 0.0895 -0.5871
vn 0.0041 -0.9893 -0.1459
vn -0.0041 0.9893 0.1459
vn 0.0044 -0.9894 -0.1454
vn 0.0037 -0.9892 -0.1463
vn 0.8028 0.1413 -0.5793
vn -0.8032 -0.0378 0.5946
vn 0.0161 0.9889 0.1479
vn 0.8257 0.0704 -0.5597
vn 0.0151 0.9891 0.1466
vn -0.8257 -0.0704 0.5597
vn -0.5661 0.1218 -0.8153
vn 0.0142 0.9893 0.1453
vn 0.5686 -0.1218 0.8136
vn -0.0161 -0.9889 -0.1479
vn -0.0142 -0.9893 -0.1453
vn -0.0151 -0.9891 -0.1466
vn 0.8259 0.0703 -0.5593
vn -0.8259 -0.0703 0.5594
vn 0.8258 0.0704 -0.5596
vn 0.9964 0.0012 -0.0851
vn 0.0067 0.9909 0.1344
vn -0.9966 -0.0007 0.0827
vn 0.5678 -0.1218 0.8141
vn -0.4372 -0.1218 0.8911
vn -0.4397 -0.1216 0.8899
vn 0.4371 0.1215 -0.8912
vn -0.9963 -0.0011 0.0854
vn 0.9966 0.0008 -0.0823
vn -0.5669 0.1218 -0.8148
vn 0.0076 0.9907 0.1358
vn -0.5669 0.1218 -0.8147
vn 0.4396 0.1213 -0.8900
vn -0.8257 -0.0704 0.5596
vn 0.0057 0.9911 0.1330
vn -0.0076 -0.9907 -0.1358
vn -0.0057 -0.9911 -0.1330
vn -0.0067 -0.9909 -0.1344
vn 0.8260 0.0703 -0.5592
vn -0.8260 -0.0703 0.5593
vn 0.9974 -0.0006 -0.0725
vn -0.9975 0.0011 0.0700
vn -0.4257 -0.1227 0.8965
vn -0.4283 -0.1225 0.8953
vn 0.4255 0.1224 -0.8966
vn -0.9973 0.0007 0.0729
vn 0.0076 0.9907 0.1359
vn 0.9976 -0.0010 -0.0696
vn 0.4282 0.1222 -0.8954
vn 0.0015 0.9868 0.1619
vn 0.7982 0.0964 -0.5946
vn 0.0006 0.9870 0.1607
vn -0.7982 -0.0964 0.5946
vn -0.6005 0.1216 -0.7903
vn -0.0003 0.9872 0.1596
vn 0.6030 -0.1216 0.7884
vn -0.0015 -0.9868 -0.1619
vn 0.6030 -0.1216 0.7885
vn 0.0003 -0.9872 -0.1596
vn -0.0006 -0.9870 -0.1607
vn 0.7985 0.0963 -0.5943
vn -0.7985 -0.0963 0.5943
vn 0.7982 0.0963 -0.5946
vn 0.9915 0.0240 -0.1280
vn -0.0076 0.9887 0.1500
vn -0.9918 -0.0234 0.1257
vn 0.6022 -0.1216 0.7890
vn -0.3955 -0.1440 0.9071
vn -0.3981 -0.1438 0.9060
vn 0.3953 0.1438 -0.9072
vn -0.9914 -0.0238 0.1285
vn 0.9918 0.0235 -0.1252
vn -0.6013 0.1216 -0.7897
vn -0.0067 0.9885 0.1513
vn 0.3980 0.1436 -0.9061
vn -0.0086 0.9888 0.1488
vn 0.0067 -0.9885 -0.1513
vn 0.0086 -0.9888 -0.1488
vn 0.0076 -0.9887 -0.1500
vn -0.0085 0.9888 0.1488
vn 0.9931 0.0220 -0.1153
vn -0.9934 -0.0214 0.1129
vn 0.0085 -0.9888 -0.1488
vn -0.3834 -0.1448 0.9122
vn -0.3862 -0.1446 0.9110
vn 0.3833 0.1445 -0.9122
vn -0.9930 -0.0218 0.1158
vn 0.9934 0.0215 -0.1124
vn 0.3861 0.1443 -0.9111
vn -0.0099 0.9848 0.1737
vn 0.7690 0.1185 -0.6282
vn -0.0107 0.9849 0.1727
vn -0.7690 -0.1185 0.6281
vn -0.6317 0.1205 -0.7658
vn -0.0115 0.9851 0.1717
vn 0.6342 -0.1204 0.7637
vn 0.0099 -0.9848 -0.1737
vn 0.0115 -0.9851 -0.1718
vn 0.0107 -0.9849 -0.1727
vn 0.7692 0.1184 -0.6279
vn -0.7692 -0.1184 0.6279
vn 0.7688 0.1185 -0.6284
vn -0.0115 0.9851 0.1718
vn 0.9844 0.0440 -0.1706
vn -0.0180 0.9863 0.1639
vn -0.9848 -0.0434 0.1680
vn 0.6334 -0.1204 0.7644
vn -0.3540 -0.1621 0.9211
vn -0.3569 -0.1620 0.9200
vn 0.3537 0.1619 -0.9212
vn -0.9843 -0.0439 0.1709
vn 0.9849 0.0435 -0.1677
vn -0.6325 0.1205 -0.7652
vn -0.0172 0.9862 0.1649
vn 0.3566 0.1618 -0.9201
vn -0.7689 -0.1185 0.6283
vn -0.0189 0.9865 0.1628
vn 0.0172 -0.9862 -0.1649
vn 0.0189 -0.9865 -0.1628
vn 0.0180 -0.9863 -0.1639
vn 0.7691 0.1185 -0.6281
vn -0.7691 -0.1185 0.6281
vn 0.9867 0.0418 -0.1571
vn -0.9872 -0.0411 0.1543
vn -0.3407 -0.1627 0.9260
vn -0.3437 -0.1626 0.9249
vn 0.3403 0.1625 -0.9261
vn -0.9866 -0.0417 0.1575
vn 0.9872 0.0412 -0.1540
vn 0.3434 0.1624 -0.9250
vn -0.7068 -0.1482 0.6917
vn 0.7068 0.1482 -0.6917
vn 0.0232 -0.9820 -0.1873
vn -0.0232 0.9820 0.1873
vn 0.0234 -0.9821 -0.1871
vn 0.0231 -0.9820 -0.1874
vn 0.7044 0.1993 -0.6812
vn -0.7068 -0.0968 0.7007
vn -0.7072 -0.1481 0.6914
vn 0.7072 0.1481 -0.6913
vn 0.0277 -0.9827 -0.1829
vn -0.0277 0.9827 0.1829
vn 0.0279 -0.9828 -0.1827
vn 0.0275 -0.9827 -0.1831
vn 0.7046 0.1992 -0.6811
vn -0.7074 -0.0967 0.7002
vn -0.0205 0.9825 0.1850
vn 0.7365 0.1399 -0.6618
vn -0.0211 0.9826 0.1843
vn -0.7366 -0.1399 0.6617
vn -0.6691 0.1178 -0.7338
vn -0.0218 0.9828 0.1836
vn 0.6719 -0.1175 0.7313
vn 0.0205 -0.9825 -0.1850
vn 0.0218 -0.9828 -0.1836
vn 0.0211 -0.9826 -0.1843
vn 0.7367 0.1399 -0.6616
vn -0.7368 -0.1399 0.6615
vn 0.7364 0.1399 -0.6620
vn 0.9740 0.0643 -0.2171
vn -0.0271 0.9837 0.1777
vn -0.9748 -0.0636 0.2139
vn 0.6710 -0.1176 0.7320
vn -0.3083 -0.1792 0.9343
vn -0.3116 -0.1791 0.9332
vn 0.3078 0.1791 -0.9344
vn -0.9740 -0.0642 0.2173
vn 0.9748 0.0637 -0.2137
vn -0.6700 0.1177 -0.7330
vn -0.0264 0.9836 0.1785
vn 0.3112 0.1790 -0.9334
vn -0.7364 -0.1399 0.6619
vn -0.0278 0.9838 0.1770
vn 0.0264 -0.9836 -0.1785
vn 0.0278 -0.9838 -0.1770
vn 0.0271 -0.9837 -0.1777
vn 0.7366 0.1399 -0.6617
vn 0.9775 0.0616 -0.2018
vn -0.9782 -0.0608 0.1985
vn -0.2928 -0.1798 0.9391
vn -0.2964 -0.1797 0.9380
vn 0.2923 0.1796 -0.9393
vn -0.9774 -0.0615 0.2021
vn 0.9782 0.0609 -0.1983
vn 0.2959 0.1795 -0.9382
vn -0.0274 0.9808 0.1932
vn 0.6994 0.1569 -0.6973
vn -0.0278 0.9808 0.1928
vn -0.6994 -0.1569 0.6973
vn -0.7100 0.1131 -0.6951
vn -0.0283 0.9809 0.1924
vn 0.7131 -0.1126 0.6919
vn 0.0274 -0.9808 -0.1932
vn 0.0283 -0.9809 -0.1924
vn 0.0278 -0.9808 -0.1928
vn 0.6995 0.1569 -0.6972
vn -0.6995 -0.1569 0.6972
vn 0.6992 0.1570 -0.6975
vn 0.9597 0.0817 -0.2688
vn -0.0319 0.9815 0.1889
vn -0.9608 -0.0810 0.2653
vn 0.7122 -0.1128 0.6929
vn -0.2574 -0.1919 0.9471
vn -0.2614 -0.1918 0.9460
vn 0.2570 0.1918 -0.9472
vn -0.9596 -0.0817 0.2692
vn 0.9609 0.0810 -0.2649
vn -0.7110 0.1130 -0.6941
vn -0.0314 0.9814 0.1894
vn 0.2611 0.1917 -0.9461
vn -0.6993 -0.1569 0.6974
vn -0.0323 0.9816 0.1884
vn 0.0314 -0.9814 -0.1894
vn 0.7131 -0.1127 0.6919
vn 0.0323 -0.9816 -0.1884
vn 0.0319 -0.9815 -0.1889
vn 0.9649 0.0784 -0.2507
vn -0.9659 -0.0776 0.2469
vn -0.2386 -0.1923 0.9519
vn -0.2429 -0.1922 0.9508
vn 0.2381 0.1922 -0.9520
vn -0.9648 -0.0784 0.2512
vn 0.9660 0.0776 -0.2465
vn 0.2425 0.1921 -0.9509
vn 0.0314 -0.9814 -0.1893
vn -0.0303 0.9799 0.1972
vn 0.6553 0.1685 -0.7364
vn -0.0304 0.9799 0.1971
vn -0.6553 -0.1684 0.7364
vn -0.7529 0.1062 -0.6495
vn -0.0305 0.9799 0.1970
vn 0.7566 -0.1055 0.6453
vn 0.0303 -0.9799 -0.1972
vn 0.0305 -0.9799 -0.1970
vn 0.0304 -0.9799 -0.1971
vn 0.6553 0.1684 -0.7363
vn -0.6553 -0.1684 0.7363
vn 0.9399 0.0955 -0.3277
vn -0.0317 0.9801 0.1960
vn -0.9415 -0.0947 0.3233
vn 0.7555 -0.1057 0.6466
vn -0.2001 -0.1988 0.9594
vn -0.2051 -0.1987 0.9583
vn 0.1995 0.1987 -0.9595
vn -0.9398 -0.0956 0.3281
vn 0.9417 0.0946 -0.3229
vn -0.7540 0.1060 -0.6482
vn -0.0315 0.9801 0.1961
vn 0.2046 0.1987 -0.9585
vn -0.0318 0.9801 0.1959
vn 0.0315 -0.9801 -0.1961
vn 0.0318 -0.9801 -0.1959
vn 0.0317 -0.9801 -0.1960
vn 0.9478 0.0913 -0.3055
vn -0.9494 -0.0904 0.3007
vn -0.1762 -0.1989 0.9640
vn -0.1818 -0.1989 0.9630
vn 0.1756 0.1989 -0.9642
vn -0.9476 -0.0914 0.3060
vn 0.9496 0.0903 -0.3002
vn 0.1812 0.1989 -0.9631
vn -0.4695 -0.1665 0.8671
vn 0.4697 0.1665 -0.8670
vn 0.0193 -0.9837 -0.1789
vn -0.0193 0.9837 0.1789
vn 0.0189 -0.9837 -0.1790
vn 0.0197 -0.9837 -0.1787
vn 0.4686 0.2165 -0.8565
vn -0.4704 -0.1160 0.8748
vn -0.4723 -0.1663 0.8656
vn 0.4727 0.1662 -0.8654
vn 0.0092 -0.9829 -0.1838
vn -0.0092 0.9829 0.1838
vn 0.0088 -0.9829 -0.1840
vn 0.0097 -0.9830 -0.1836
vn 0.4721 0.2162 -0.8546
vn -0.4728 -0.1158 0.8735
vn -0.0294 0.9802 0.1957
vn 0.5707 0.1772 -0.8018
vn -0.0289 0.9802 0.1961
vn -0.5709 -0.1772 0.8017
vn -0.8121 0.0935 -0.5759
vn -0.0284 0.9801 0.1964
vn 0.8169 -0.0923 0.5694
vn 0.0294 -0.9802 -0.1957
vn 0.0284 -0.9801 -0.1964
vn 0.0289 -0.9802 -0.1961
vn 0.5706 0.1772 -0.8019
vn -0.5707 -0.1772 0.8018
vn 0.5699 0.1773 -0.8023
vn 0.8965 0.1110 -0.4290
vn -0.0245 0.9797 0.1992
vn -0.8994 -0.1100 0.4230
vn 0.8154 -0.0927 0.5714
vn -0.1009 -0.1991 0.9748
vn -0.1084 -0.1992 0.9740
vn 0.1002 0.1992 -0.9748
vn -0.8962 -0.1113 0.4295
vn 0.8997 0.1098 -0.4225
vn -0.8136 0.0932 -0.5739
vn -0.0250 0.9797 0.1988
vn 0.1076 0.1992 -0.9740
vn -0.5702 -0.1773 0.8022
vn -0.0239 0.9796 0.1995
vn 0.0250 -0.9797 -0.1988
vn 0.0239 -0.9796 -0.1995
vn 0.0245 -0.9797 -0.1992
vn 0.5698 0.1773 -0.8024
vn -0.5700 -0.1773 0.8023
vn -0.0240 0.9796 0.1995
vn 0.9112 0.1053 -0.3984
vn -0.9142 -0.1041 0.3916
vn 0.0240 -0.9796 -0.1995
vn -0.0652 -0.1987 0.9779
vn -0.0736 -0.1989 0.9773
vn 0.0642 0.1988 -0.9779
vn -0.9108 -0.1055 0.3991
vn 0.9145 0.1039 -0.3909
vn 0.0727 0.1989 -0.9773
vn -0.0249 0.9824 0.1853
vn 0.4553 0.1762 -0.8727
vn -0.0237 0.9823 0.1859
vn -0.4556 -0.1762 0.8726
vn -0.8828 0.0728 -0.4640
vn -0.0225 0.9822 0.1865
vn 0.8882 -0.0709 0.4539
vn 0.0249 -0.9824 -0.1853
vn 0.0225 -0.9822 -0.1865
vn 0.0237 -0.9823 -0.1859
vn 0.4550 0.1762 -0.8729
vn -0.4552 -0.1762 0.8728
vn 0.4542 0.1763 -0.8733
vn 0.8241 0.1215 -0.5532
vn -0.0122 0.9813 0.1919
vn -0.8294 -0.1203 0.5456
vn 0.8866 -0.0715 0.4570
vn 0.0281 -0.1881 0.9817
vn 0.0178 -0.1884 0.9819
vn -0.0291 0.1883 -0.9817
vn -0.8237 -0.1218 0.5538
vn 0.8299 0.1200 -0.5449
vn -0.8845 0.0722 -0.4609
vn -0.0136 0.9815 0.1911
vn -0.0187 0.1885 -0.9819
vn -0.4546 -0.1763 0.8731
vn -0.0107 0.9812 0.1926
vn 0.0136 -0.9815 -0.1911
vn 0.0107 -0.9812 -0.1926
vn 0.0122 -0.9813 -0.1919
vn 0.4539 0.1763 -0.8734
vn -0.4541 -0.1763 0.8733
vn 0.8507 0.1143 -0.5131
vn -0.8563 -0.1128 0.5039
vn 0.0791 -0.1867 0.9792
vn 0.0669 -0.1871 0.9801
vn -0.0805 0.1869 -0.9791
vn -0.8501 -0.1147 0.5141
vn 0.8570 0.1124 -0.5029
vn -0.0682 0.1872 -0.9799
vn -0.0202 0.9858 0.1669
vn 0.3093 0.1650 -0.9365
vn -0.0185 0.9857 0.1675
vn -0.3094 -0.1650 0.9365
vn -0.9477 0.0453 -0.3158
vn -0.0167 0.9856 0.1681
vn 0.9522 -0.0429 0.3025
vn 0.0202 -0.9858 -0.1669
vn 0.0167 -0.9856 -0.1681
vn -0.9477 0.0454 -0.3158
vn 0.0185 -0.9857 -0.1675
vn 0.3088 0.1650 -0.9367
vn -0.3089 -0.1650 0.9367
vn 0.7193 0.1251 -0.6833
vn -0.0004 0.9848 0.1734
vn -0.7270 -0.1241 0.6753
vn 0.9508 -0.0437 0.3066
vn 0.1831 -0.1656 0.9690
vn 0.1710 -0.1661 0.9712
vn -0.1841 0.1659 -0.9688
vn 0.9508 -0.0437 0.3067
vn -0.7186 -0.1255 0.6840
vn 0.7278 0.1236 -0.6745
vn -0.9491 0.0446 -0.3117
vn -0.0027 0.9850 0.1727
vn -0.1719 0.1664 -0.9710
vn -0.3090 -0.1650 0.9366
vn 0.0020 0.9847 0.1742
vn 0.0027 -0.9850 -0.1727
vn -0.0020 -0.9847 -0.1742
vn 0.0004 -0.9848 -0.1734
vn 0.3083 0.1650 -0.9369
vn -0.3084 -0.1650 0.9368
vn 0.7594 0.1179 -0.6399
vn -0.7680 -0.1166 0.6297
vn 0.2439 -0.1628 0.9561
vn 0.2292 -0.1635 0.9596
vn -0.2454 0.1630 -0.9556
vn -0.7583 -0.1185 0.6411
vn 0.7692 0.1161 -0.6284
vn -0.2306 0.1638 -0.9592
vn -0.0584 -0.1386 0.9886
vn 0.0581 0.1386 -0.9886
vn 0.0086 -0.9904 -0.1382
vn -0.0086 0.9904 0.1382
vn 0.0082 -0.9904 -0.1383
vn 0.0090 -0.9904 -0.1382
vn 0.0582 0.1899 -0.9801
vn -0.0593 -0.0870 0.9944
vn -0.0549 -0.1387 0.9888
vn 0.0545 0.1387 -0.9888
vn -0.0018 -0.9902 -0.1394
vn 0.0018 0.9902 0.1394
vn -0.0022 -0.9902 -0.1395
vn -0.0013 -0.9902 -0.1394
vn 0.0552 0.1899 -0.9803
vn -0.0552 -0.0870 0.9947
vn -0.0169 0.9900 0.1403
vn 0.1142 0.1414 -0.9833
vn -0.0150 0.9900 0.1406
vn -0.1144 -0.1414 0.9833
vn -0.9919 0.0126 -0.1267
vn -0.0131 0.9899 0.1408
vn 0.9932 -0.0109 0.1157
vn 0.0169 -0.9900 -0.1403
vn 0.0131 -0.9899 -0.1408
vn 0.0150 -0.9900 -0.1406
vn 0.1137 0.1414 -0.9834
vn -0.1138 -0.1414 0.9834
vn 0.1133 0.1414 -0.9834
vn 0.5738 0.1191 -0.8103
vn 0.0038 0.9897 0.1429
vn -0.5810 -0.1187 0.8052
vn 0.9928 -0.0114 0.1191
vn 0.0131 -0.9900 -0.1408
vn 0.3784 -0.1289 0.9166
vn 0.3691 -0.1295 0.9203
vn -0.3792 0.1292 -0.9162
vn -0.5730 -0.1195 0.8108
vn 0.5818 0.1183 -0.8046
vn -0.9923 0.0121 -0.1233
vn 0.0015 0.9898 0.1426
vn -0.3699 0.1298 -0.9200
vn -0.1136 -0.1414 0.9834
vn 0.0062 0.9897 0.1432
vn -0.0015 -0.9898 -0.1426
vn -0.0062 -0.9897 -0.1432
vn -0.0038 -0.9897 -0.1429
vn 0.1127 0.1415 -0.9835
vn -0.1129 -0.1415 0.9835
vn 0.6117 0.1153 -0.7826
vn -0.6199 -0.1148 0.7762
vn 0.4235 -0.1259 0.8971
vn 0.4128 -0.1267 0.9020
vn -0.4246 0.1261 -0.8965
vn -0.6107 -0.1158 0.7833
vn 0.6210 0.1144 -0.7755
vn -0.4139 0.1269 -0.9015
vn -0.0075 0.9926 0.1211
vn 0.0084 0.1211 -0.9926
vn -0.0067 0.9926 0.1211
vn -0.0085 -0.1211 0.9926
vn -0.9999 -0.0016 -0.0164
vn -0.0059 0.9926 0.1211
vn 0.9999 0.0016 0.0135
vn 0.0075 -0.9926 -0.1211
vn 0.0059 -0.9926 -0.1211
vn -0.9999 -0.0017 -0.0164
vn 0.0067 -0.9926 -0.1211
vn 0.0082 0.1211 -0.9926
vn -0.0082 -0.1211 0.9926
vn -0.0058 0.9926 0.1211
vn 0.5016 0.1064 -0.8585
vn 0.0003 0.9926 0.1212
vn -0.5037 -0.1064 0.8573
vn 0.9999 0.0016 0.0143
vn 0.0058 -0.9926 -0.1211
vn 0.4875 -0.1040 0.8669
vn 0.4852 -0.1042 0.8682
vn -0.4878 0.1041 -0.8667
vn 0.9999 0.0016 0.0144
vn -0.5015 -0.1066 0.8586
vn -0.0073 0.9926 0.1211
vn 0.5039 0.1063 -0.8572
vn -0.9999 -0.0017 -0.0154
vn -0.0005 0.9926 0.1212
vn -0.9999 -0.0017 -0.0155
vn -0.4855 0.1043 -0.8680
vn 0.0073 -0.9926 -0.1211
vn -0.0083 -0.1211 0.9926
vn 0.0012 0.9926 0.1212
vn 0.0005 -0.9926 -0.1212
vn -0.0012 -0.9926 -0.1212
vn -0.0003 -0.9926 -0.1212
vn 0.0080 0.1211 -0.9926
vn -0.0080 -0.1211 0.9926
vn 0.0011 0.9926 0.1212
vn 0.5116 0.1057 -0.8527
vn -0.5137 -0.1057 0.8514
vn -0.0011 -0.9926 -0.1212
vn 0.4978 -0.1033 0.8611
vn 0.4954 -0.1035 0.8625
vn -0.4981 0.1034 -0.8610
vn -0.5114 -0.1059 0.8528
vn 0.5139 0.1056 -0.8513
vn -0.9999 -0.0016 -0.0155
vn -0.4957 0.1035 -0.8623
vn -0.0011 0.9931 0.1176
vn 0.0011 0.1176 -0.9931
vn -0.0011 -0.1176 0.9931
vn -1.0000 -0.0000 -0.0000
vn 1.0000 -0.0000 -0.0000
vn 0.0011 -0.9931 -0.1176
vn 0.5007 0.1018 -0.8596
vn -0.5007 -0.1018 0.8596
vn 0.4993 -0.1019 0.8604
vn -0.4993 0.1019 -0.8604
vn 0.0010 0.1695 -0.9855
vn -0.0011 -0.0654 0.9979
vn 0.5009 0.1018 -0.8595
vn -0.5006 -0.1018 0.8597
vn 0.4995 -0.1019 0.8603
vn -0.4992 0.1019 -0.8605
vn -0.5006 -0.1018 0.8596
vn 0.4994 -0.1019 0.8604
vn 0.5008 0.1018 -0.8596
vn -0.4992 0.1019 -0.8604
vn -0.5005 -0.1018 0.8597
vn -0.4991 0.1019 -0.8605
vn 0.5008 0.1018 -0.8595
vn 1.0000 -0.0000 0.0001
vn -1.0000 -0.0000 0.0001
vn -0.5004 -0.1018 0.8598
vn -0.4990 0.1019 -0.8606
vn -1.0000 -0.0000 -0.0001
vn 1.0000 -0.0000 -0.0001
vn -0.5008 -0.1018 0.8595
vn -0.4995 0.1019 -0.8603
vn -0.5009 -0.1018 0.8595
vn 0.5006 0.1018 -0.8597
vn 0.4992 -0.1019 0.8604
vn 0.4992 -0.1019 0.8605
vn -0.4714 0.1233 -0.8733
vn 0.8583 0.0423 -0.5114
vn 0.4794 -0.1239 0.8688
vn -0.8624 -0.0391 0.5046
vn -0.0272 -0.9917 -0.1255
vn 0.0272 0.9917 0.1255
vn -0.5293 0.1183 -0.8402
vn 0.8564 0.0201 -0.5158
vn 0.5372 -0.1185 0.8351
vn -0.8572 -0.0213 0.5146
vn -0.0439 -0.9926 -0.1129
vn 0.0439 0.9926 0.1128
vn -0.4526 0.1161 -0.8841
vn 0.8896 -0.0100 -0.4567
vn 0.4612 -0.1168 0.8796
vn -0.8894 0.0100 0.4570
vn -0.0619 -0.9932 -0.0987
vn 0.0619 0.9932 0.0987
vn -0.5781 0.1279 -0.8059
vn 0.7826 0.1171 -0.6114
vn 0.5860 -0.1278 0.8002
vn -0.7872 -0.1145 0.6060
vn 0.0149 -0.9856 -0.1683
vn -0.0149 0.9856 0.1683
vn -0.6314 0.1176 -0.7665
vn 0.7882 0.0977 -0.6076
vn 0.6384 -0.1172 0.7607
vn -0.7889 -0.0988 0.6065
vn 0.0036 -0.9879 -0.1552
vn -0.0036 0.9879 0.1552
vn -0.5634 0.1218 -0.8172
vn 0.8249 0.0703 -0.5609
vn 0.5707 -0.1218 0.8121
vn -0.8248 -0.0703 0.5610
vn -0.0109 -0.9901 -0.1402
vn 0.0109 0.9901 0.1402
vn -0.7060 0.1173 -0.6984
vn 0.6732 0.1660 -0.7206
vn 0.7178 -0.1154 0.6866
vn -0.6710 -0.1661 0.7226
vn 0.0311 -0.9800 -0.1966
vn -0.0311 0.9800 0.1966
vn -0.7361 0.1069 -0.6683
vn 0.6877 0.1585 -0.7085
vn 0.7452 -0.1054 0.6585
vn -0.6890 -0.1588 0.7071
vn 0.0299 -0.9812 -0.1908
vn -0.0299 0.9812 0.1908
vn -0.6662 0.1181 -0.7364
vn 0.7386 0.1394 -0.6595
vn 0.6744 -0.1173 0.7290
vn -0.7389 -0.1394 0.6593
vn 0.0243 -0.9833 -0.1806
vn -0.0243 0.9833 0.1806
vn -0.9219 0.0574 -0.3831
vn 0.3257 0.1620 -0.9315
vn 0.9374 -0.0500 0.3445
vn -0.3299 -0.1645 0.9296
vn 0.0093 -0.9855 -0.1696
vn -0.0093 0.9855 0.1696
vn -0.8973 0.0670 -0.4364
vn 0.4499 0.1771 -0.8753
vn 0.9119 -0.0615 0.4058
vn -0.4449 -0.1764 0.8780
vn 0.0183 -0.9819 -0.1886
vn -0.0183 0.9819 0.1886
vn -0.8074 0.0947 -0.5823
vn 0.5755 0.1767 -0.7985
vn 0.8214 -0.0912 0.5630
vn -0.5762 -0.1766 0.7980
vn 0.0268 -0.9799 -0.1975
vn -0.0268 0.9799 0.1975
vn -0.9979 0.0077 -0.0648
vn 0.0234 0.1176 -0.9928
vn 0.9979 -0.0077 0.0648
vn -0.0234 -0.1176 0.9928
vn -0.9998 -0.0065 0.0213
vn 0.0002 0.1216 -0.9926
vn 0.9995 0.0067 -0.0315
vn 0.0031 -0.1208 0.9927
vn 0.0027 -0.9926 -0.1212
vn -0.0027 0.9926 0.1212
vn -0.9904 0.0144 -0.1375
vn 0.1154 0.1414 -0.9832
vn 0.9945 -0.0092 0.1046
vn -0.1167 -0.1414 0.9830
vn 0.0057 -0.9899 -0.1417
vn -0.0057 0.9899 0.1417
vn -0.9991 -0.0050 0.0421
vn -0.0134 0.1176 -0.9930
vn 0.9991 0.0050 -0.0421
vn 0.0134 -0.1176 0.9930
vt 0.933697 0.000188
vt 0.937615 0.000063
vt 0.937611 0.277108
vt 0.933697 0.277244
vt 0.478669 0.909698
vt 0.474739 0.909718
vt 0.474738 0.618178
vt 0.478669 0.618175
vt 0.872694 0.001526
vt 0.877055 0.001487
vt 0.877055 0.299721
vt 0.872691 0.299742
vt 0.738316 0.454471
vt 0.746168 0.454539
vt 0.746172 0.752756
vt 0.738316 0.752723
vt 0.984499 0.000080
vt 0.986450 0.000062
vt 0.986451 0.298310
vt 0.984499 0.298319
vt 0.988322 0.905478
vt 0.986370 0.905487
vt 0.986370 0.607274
vt 0.988321 0.607256
vt 0.482594 0.909676
vt 0.478669 0.909743
vt 0.478669 0.618226
vt 0.482598 0.618175
vt 0.929749 0.303233
vt 0.933684 0.303188
vt 0.933682 0.580250
vt 0.929749 0.580307
vt 0.933684 0.303301
vt 0.937602 0.303188
vt 0.937598 0.580418
vt 0.933684 0.580543
vt 0.389502 0.909828
vt 0.385572 0.909860
vt 0.385572 0.618093
vt 0.389502 0.618078
vt 0.872645 0.303227
vt 0.877006 0.303188
vt 0.877008 0.601738
vt 0.872645 0.601758
vt 0.691178 0.454379
vt 0.699029 0.454446
vt 0.699029 0.752979
vt 0.691174 0.752946
vt 0.982548 0.000079
vt 0.984499 0.000063
vt 0.984499 0.298626
vt 0.982547 0.298635
vt 0.984472 0.601726
vt 0.982519 0.601735
vt 0.982521 0.303205
vt 0.984472 0.303188
vt 0.394454 0.909806
vt 0.390529 0.909884
vt 0.390526 0.618140
vt 0.394454 0.618078
vt 0.925833 0.000096
vt 0.929767 0.000062
vt 0.929767 0.277309
vt 0.925834 0.277354
vt 0.651545 0.904160
vt 0.651545 0.896963
vt 0.657327 0.897016
vt 0.657327 0.904213
vt 0.037193 0.977546
vt 0.035138 0.977560
vt 0.035138 0.970527
vt 0.037193 0.970513
vt 0.679961 0.876337
vt 0.687158 0.876271
vt 0.687158 0.886657
vt 0.679961 0.886723
vt 0.159983 0.970581
vt 0.162030 0.970513
vt 0.162030 0.977200
vt 0.159983 0.977268
vt 0.598926 0.848516
vt 0.600973 0.848509
vt 0.600973 0.854296
vt 0.598927 0.854302
vt 0.549645 0.903668
vt 0.549645 0.896471
vt 0.555426 0.896524
vt 0.555426 0.903721
vt 0.709331 0.834923
vt 0.711376 0.834889
vt 0.711376 0.840595
vt 0.709331 0.840629
vt 0.105389 0.835090
vt 0.098192 0.835023
vt 0.098192 0.829241
vt 0.105389 0.829307
vt 0.709331 0.850879
vt 0.711376 0.850845
vt 0.711376 0.856551
vt 0.709331 0.856586
vt 0.105389 0.851257
vt 0.098192 0.851191
vt 0.098192 0.845409
vt 0.105389 0.845475
vt 0.600973 0.838116
vt 0.603329 0.838109
vt 0.603329 0.848503
vt 0.598927 0.838122
vt 0.598927 0.832336
vt 0.600973 0.832330
vt 0.698744 0.962978
vt 0.698744 0.970011
vt 0.696378 0.970026
vt 0.696378 0.962993
vt 0.809696 0.969742
vt 0.809696 0.963056
vt 0.812052 0.962978
vt 0.812052 0.969664
vt 0.713731 0.840556
vt 0.713731 0.850806
vt 0.039248 0.977547
vt 0.037193 0.977560
vt 0.037193 0.970527
vt 0.039248 0.970514
vt 0.006887 0.980784
vt 0.005507 0.979994
vt 0.005507 0.978416
vt 0.006887 0.977629
vt 0.008266 0.978419
vt 0.008266 0.979997
vt 0.897661 0.978785
vt 0.895731 0.978785
vt 0.895755 0.977629
vt 0.897684 0.977629
vt 0.288198 0.876354
vt 0.295395 0.876288
vt 0.295395 0.886673
vt 0.288198 0.886740
vt 0.939100 0.978594
vt 0.941022 0.978594
vt 0.941042 0.980174
vt 0.939119 0.980174
vt 0.331850 0.983731
vt 0.331850 0.981810
vt 0.333417 0.981836
vt 0.333417 0.983757
vt 0.993073 0.971297
vt 0.993073 0.972887
vt 0.991704 0.973693
vt 0.990336 0.972909
vt 0.990336 0.971319
vt 0.991704 0.970513
vt 0.939204 0.977630
vt 0.941126 0.977629
vt 0.941230 0.977630
vt 0.943153 0.977629
vt 0.943049 0.978594
vt 0.941126 0.978594
vt 0.889857 0.980307
vt 0.887928 0.980307
vt 0.887922 0.978785
vt 0.889851 0.978785
vt 0.334985 0.983731
vt 0.334985 0.981810
vt 0.336552 0.981836
vt 0.336552 0.983757
vt 0.943069 0.980174
vt 0.941146 0.980174
vt 0.987596 0.972883
vt 0.986226 0.973690
vt 0.984856 0.972909
vt 0.984856 0.971320
vt 0.986225 0.970513
vt 0.987596 0.971295
vt 0.887945 0.977629
vt 0.889874 0.977629
vt 0.247789 0.983731
vt 0.247789 0.981810
vt 0.249379 0.981815
vt 0.249379 0.983736
vt 0.641392 0.904142
vt 0.641392 0.896945
vt 0.647173 0.896998
vt 0.647173 0.904195
vt 0.258916 0.983731
vt 0.258916 0.981810
vt 0.260506 0.981815
vt 0.260506 0.983736
vt 0.897667 0.980307
vt 0.895738 0.980307
vt 0.021996 0.979994
vt 0.020616 0.980784
vt 0.019236 0.979997
vt 0.019236 0.978419
vt 0.020616 0.977630
vt 0.021996 0.978417
vt 0.162030 0.970581
vt 0.164077 0.970513
vt 0.164077 0.977200
vt 0.162030 0.977267
vt 0.129710 0.848200
vt 0.131757 0.848194
vt 0.131757 0.853980
vt 0.129710 0.853986
vt 0.604172 0.904001
vt 0.604172 0.896804
vt 0.609954 0.896857
vt 0.609954 0.904054
vt 0.736084 0.834885
vt 0.738129 0.834850
vt 0.738129 0.840557
vt 0.736084 0.840591
vt 0.516133 0.837003
vt 0.508936 0.836937
vt 0.508936 0.831155
vt 0.516133 0.831221
vt 0.736084 0.850841
vt 0.738129 0.850807
vt 0.738129 0.856513
vt 0.736084 0.856547
vt 0.516133 0.853171
vt 0.508936 0.853105
vt 0.508936 0.847322
vt 0.516133 0.847389
vt 0.131757 0.837801
vt 0.134113 0.837794
vt 0.134113 0.848187
vt 0.129710 0.837807
vt 0.129710 0.832021
vt 0.131757 0.832015
vt 0.701110 0.962978
vt 0.701110 0.970011
vt 0.698744 0.970026
vt 0.698744 0.962993
vt 0.812052 0.969742
vt 0.812052 0.963056
vt 0.814409 0.962978
vt 0.814409 0.969664
vt 0.740484 0.840518
vt 0.740484 0.850768
vt 0.024748 0.980003
vt 0.024748 0.978413
vt 0.026117 0.977630
vt 0.027486 0.978436
vt 0.027486 0.980025
vt 0.026117 0.980809
vt 0.887899 0.978785
vt 0.885970 0.978785
vt 0.885993 0.977629
vt 0.887922 0.977629
vt 0.943153 0.978593
vt 0.945076 0.978594
vt 0.945095 0.980173
vt 0.943173 0.980173
vt 0.330282 0.983731
vt 0.330282 0.981810
vt 0.331850 0.981837
vt 0.331850 0.983757
vt 0.982118 0.971297
vt 0.982118 0.972887
vt 0.980749 0.973693
vt 0.979380 0.972909
vt 0.979380 0.971319
vt 0.980749 0.970513
vt 0.943257 0.977629
vt 0.945180 0.977629
vt 0.945284 0.977630
vt 0.947206 0.977630
vt 0.947102 0.978594
vt 0.945180 0.978594
vt 0.899619 0.980307
vt 0.897690 0.980307
vt 0.897684 0.978785
vt 0.899613 0.978785
vt 0.328715 0.983731
vt 0.328715 0.981810
vt 0.330282 0.981836
vt 0.330282 0.983757
vt 0.947122 0.980174
vt 0.945199 0.980174
vt 0.013761 0.980003
vt 0.013761 0.978413
vt 0.015130 0.977629
vt 0.016499 0.978435
vt 0.016499 0.980025
vt 0.015130 0.980809
vt 0.897707 0.977629
vt 0.899636 0.977629
vt 0.270047 0.983731
vt 0.270047 0.981810
vt 0.271636 0.981815
vt 0.271636 0.983736
vt 0.254148 0.983731
vt 0.254148 0.981810
vt 0.255737 0.981815
vt 0.255737 0.983736
vt 0.887905 0.980307
vt 0.885976 0.980307
vt 0.002759 0.979993
vt 0.001380 0.980784
vt 0.000000 0.979997
vt 0.000000 0.978419
vt 0.001380 0.977629
vt 0.002759 0.978416
vt 0.005783 0.904215
vt 0.005783 0.897019
vt 0.011565 0.897072
vt 0.011565 0.904268
vt 0.045414 0.977545
vt 0.043359 0.977558
vt 0.043359 0.970526
vt 0.045414 0.970513
vt 0.216234 0.885503
vt 0.223429 0.885437
vt 0.223429 0.895823
vt 0.216233 0.895889
vt 0.164077 0.970581
vt 0.166124 0.970513
vt 0.166124 0.977199
vt 0.164077 0.977266
vt 0.469484 0.848519
vt 0.471530 0.848513
vt 0.471530 0.854299
vt 0.469484 0.854305
vt 0.054088 0.904216
vt 0.054088 0.897020
vt 0.059870 0.897073
vt 0.059870 0.904269
vt 0.702107 0.834999
vt 0.704153 0.834965
vt 0.704153 0.840671
vt 0.702107 0.840705
vt 0.528649 0.837451
vt 0.521453 0.837385
vt 0.521453 0.831603
vt 0.528649 0.831669
vt 0.702107 0.850955
vt 0.704153 0.850921
vt 0.704153 0.856627
vt 0.702107 0.856661
vt 0.528649 0.853619
vt 0.521453 0.853553
vt 0.521453 0.847771
vt 0.528649 0.847837
vt 0.471530 0.838120
vt 0.473886 0.838113
vt 0.473886 0.848506
vt 0.469484 0.838126
vt 0.469484 0.832340
vt 0.471530 0.832334
vt 0.703476 0.962978
vt 0.703476 0.970010
vt 0.701110 0.970025
vt 0.701110 0.962993
vt 0.814409 0.969741
vt 0.814409 0.963056
vt 0.816766 0.962978
vt 0.816766 0.969663
vt 0.706508 0.840632
vt 0.706508 0.850882
vt 0.041303 0.977546
vt 0.039248 0.977559
vt 0.039248 0.970527
vt 0.041303 0.970513
vt 0.973903 0.972888
vt 0.973903 0.971298
vt 0.975271 0.970514
vt 0.976640 0.971320
vt 0.976640 0.972910
vt 0.975272 0.973694
vt 0.891804 0.978785
vt 0.889874 0.978785
vt 0.889898 0.977629
vt 0.891827 0.977629
vt 0.261414 0.885512
vt 0.268610 0.885445
vt 0.268610 0.895831
vt 0.261414 0.895897
vt 0.935046 0.978593
vt 0.936969 0.978594
vt 0.936988 0.980174
vt 0.935066 0.980174
vt 0.336552 0.983731
vt 0.336552 0.981810
vt 0.338120 0.981836
vt 0.338120 0.983757
vt 0.973902 0.971297
vt 0.973902 0.972888
vt 0.972533 0.973693
vt 0.971165 0.972909
vt 0.971165 0.971319
vt 0.972534 0.970514
vt 0.935150 0.977629
vt 0.937073 0.977629
vt 0.931097 0.977630
vt 0.933019 0.977630
vt 0.932915 0.978594
vt 0.930993 0.978594
vt 0.901572 0.980307
vt 0.899643 0.980307
vt 0.899636 0.978784
vt 0.901566 0.978784
vt 0.333417 0.983731
vt 0.333417 0.981810
vt 0.334985 0.981836
vt 0.334985 0.983757
vt 0.932935 0.980174
vt 0.931013 0.980174
vt 0.979380 0.972883
vt 0.978010 0.973691
vt 0.976640 0.972909
vt 0.976640 0.971320
vt 0.978010 0.970513
vt 0.979380 0.971295
vt 0.899660 0.977629
vt 0.901589 0.977629
vt 0.249379 0.983731
vt 0.249379 0.981810
vt 0.250968 0.981815
vt 0.250968 0.983736
vt 0.328420 0.904190
vt 0.328420 0.896993
vt 0.334202 0.897047
vt 0.334202 0.904243
vt 0.255737 0.983731
vt 0.255737 0.981810
vt 0.257327 0.981815
vt 0.257327 0.983736
vt 0.891810 0.980307
vt 0.889881 0.980307
vt 0.984856 0.971298
vt 0.984856 0.972888
vt 0.983487 0.973694
vt 0.982118 0.972910
vt 0.982118 0.971319
vt 0.983487 0.970514
vt 0.166124 0.970581
vt 0.168171 0.970513
vt 0.168171 0.977199
vt 0.166124 0.977266
vt 0.268794 0.848402
vt 0.270840 0.848396
vt 0.270840 0.854182
vt 0.268794 0.854188
vt 0.334203 0.904189
vt 0.334202 0.896993
vt 0.339984 0.897046
vt 0.339984 0.904242
vt 0.714745 0.835030
vt 0.716790 0.834996
vt 0.716790 0.840702
vt 0.714745 0.840736
vt 0.081098 0.837511
vt 0.073902 0.837445
vt 0.073902 0.831663
vt 0.081098 0.831729
vt 0.714745 0.850986
vt 0.716790 0.850952
vt 0.716790 0.856658
vt 0.714745 0.856692
vt 0.081098 0.853679
vt 0.073902 0.853613
vt 0.073902 0.847831
vt 0.081098 0.847897
vt 0.270840 0.838003
vt 0.273196 0.837996
vt 0.273196 0.848389
vt 0.268794 0.838009
vt 0.268794 0.832223
vt 0.270840 0.832217
vt 0.705842 0.962978
vt 0.705842 0.970010
vt 0.703476 0.970025
vt 0.703476 0.962993
vt 0.816766 0.969741
vt 0.816766 0.963056
vt 0.819122 0.962978
vt 0.819122 0.969663
vt 0.719145 0.840663
vt 0.719145 0.850913
vt 0.016499 0.980004
vt 0.016499 0.978414
vt 0.017868 0.977630
vt 0.019236 0.978436
vt 0.019236 0.980026
vt 0.017868 0.980809
vt 0.893756 0.978785
vt 0.891827 0.978785
vt 0.891850 0.977629
vt 0.893779 0.977629
vt 0.937073 0.978594
vt 0.938995 0.978594
vt 0.939015 0.980174
vt 0.937093 0.980174
vt 0.327147 0.983731
vt 0.327147 0.981810
vt 0.328715 0.981836
vt 0.328715 0.983757
vt 0.997189 0.973690
vt 0.995819 0.972883
vt 0.995819 0.971294
vt 0.997189 0.970513
vt 0.998559 0.971320
vt 0.998559 0.972909
vt 0.937177 0.977629
vt 0.939100 0.977630
vt 0.933124 0.977629
vt 0.935046 0.977629
vt 0.934942 0.978593
vt 0.933019 0.978594
vt 0.895714 0.980307
vt 0.893785 0.980307
vt 0.893779 0.978785
vt 0.895708 0.978785
vt 0.325580 0.983731
vt 0.325580 0.981810
vt 0.327147 0.981836
vt 0.327147 0.983757
vt 0.934962 0.980174
vt 0.933039 0.980174
vt 0.013762 0.979999
vt 0.012392 0.980806
vt 0.011022 0.980025
vt 0.011022 0.978436
vt 0.012392 0.977629
vt 0.013762 0.978411
vt 0.893802 0.977629
vt 0.895732 0.977629
vt 0.252558 0.983731
vt 0.252558 0.981810
vt 0.254148 0.981815
vt 0.254148 0.983736
vt 0.257327 0.983731
vt 0.257327 0.981810
vt 0.258916 0.981815
vt 0.258916 0.983736
vt 0.893762 0.980307
vt 0.891833 0.980307
vt 0.988966 0.973690
vt 0.987596 0.972884
vt 0.987596 0.971295
vt 0.988966 0.970513
vt 0.990336 0.971320
vt 0.990336 0.972909
vt 0.190757 0.970151
vt 0.190757 0.962978
vt 0.196539 0.963019
vt 0.196540 0.970188
vt 0.072661 0.977539
vt 0.070606 0.977539
vt 0.070606 0.970513
vt 0.072661 0.970515
vt 0.651550 0.886576
vt 0.658724 0.886533
vt 0.658724 0.896921
vt 0.651544 0.896963
vt 0.155886 0.970603
vt 0.157932 0.970513
vt 0.157932 0.977180
vt 0.155886 0.977270
vt 0.200738 0.848088
vt 0.202785 0.848082
vt 0.202785 0.853869
vt 0.200738 0.853875
vt 0.179185 0.970160
vt 0.179185 0.962978
vt 0.184968 0.963018
vt 0.184968 0.970197
vt 0.256828 0.837895
vt 0.258874 0.837861
vt 0.258874 0.843566
vt 0.256828 0.843600
vt 0.246223 0.837689
vt 0.239050 0.837639
vt 0.239050 0.831856
vt 0.246219 0.831906
vt 0.256828 0.853848
vt 0.258874 0.853814
vt 0.258874 0.859519
vt 0.256828 0.859553
vt 0.246232 0.853858
vt 0.239050 0.853810
vt 0.239050 0.848027
vt 0.246229 0.848076
vt 0.202785 0.837689
vt 0.205141 0.837682
vt 0.205141 0.848076
vt 0.200738 0.837695
vt 0.200738 0.831909
vt 0.202785 0.831903
vt 0.724728 0.962983
vt 0.724728 0.970007
vt 0.722362 0.970003
vt 0.722361 0.962978
vt 0.802612 0.969746
vt 0.802612 0.963078
vt 0.804968 0.962978
vt 0.804968 0.969645
vt 0.261229 0.843527
vt 0.261229 0.853775
vt 0.969452 0.970033
vt 0.967397 0.970065
vt 0.967397 0.963008
vt 0.969452 0.962978
vt 0.053568 0.980783
vt 0.052191 0.979998
vt 0.052190 0.978421
vt 0.053568 0.977629
vt 0.054946 0.978415
vt 0.054946 0.979992
vt 0.917164 0.978790
vt 0.915235 0.978781
vt 0.915247 0.977629
vt 0.917176 0.977638
vt 0.146473 0.876240
vt 0.153688 0.876202
vt 0.153688 0.886590
vt 0.146467 0.886627
vt 0.927000 0.978592
vt 0.928923 0.978592
vt 0.928933 0.980168
vt 0.927010 0.980168
vt 0.338120 0.983731
vt 0.338120 0.981810
vt 0.339687 0.981836
vt 0.339687 0.983757
vt 0.057701 0.979997
vt 0.056323 0.980782
vt 0.054946 0.979991
vt 0.054946 0.978414
vt 0.056324 0.977629
vt 0.057701 0.978420
vt 0.927110 0.977629
vt 0.929033 0.977629
vt 0.923123 0.977629
vt 0.925047 0.977629
vt 0.924932 0.978590
vt 0.923009 0.978590
vt 0.921050 0.980306
vt 0.919121 0.980304
vt 0.919109 0.978783
vt 0.921038 0.978784
vt 0.339687 0.983731
vt 0.339687 0.981810
vt 0.341254 0.981836
vt 0.341254 0.983757
vt 0.924937 0.980166
vt 0.923014 0.980166
vt 0.074178 0.979993
vt 0.074178 0.978408
vt 0.075547 0.977629
vt 0.076917 0.978435
vt 0.076917 0.980019
vt 0.075548 0.980798
vt 0.919121 0.977629
vt 0.921050 0.977631
vt 0.262096 0.983731
vt 0.262096 0.981810
vt 0.263686 0.981815
vt 0.263686 0.983736
vt 0.000000 0.904233
vt 0.000000 0.897019
vt 0.005783 0.897055
vt 0.005783 0.904267
vt 0.271636 0.983731
vt 0.271636 0.981810
vt 0.273226 0.981815
vt 0.273226 0.983736
vt 0.917176 0.980310
vt 0.915247 0.980302
vt 0.079655 0.978408
vt 0.079655 0.979993
vt 0.078286 0.980799
vt 0.076917 0.980020
vt 0.076917 0.978436
vt 0.078286 0.977629
vt 0.168171 0.970568
vt 0.170219 0.970513
vt 0.170219 0.977204
vt 0.168171 0.977260
vt 0.564639 0.848018
vt 0.566685 0.848012
vt 0.566685 0.853798
vt 0.564639 0.853804
vt 0.467905 0.903536
vt 0.467905 0.896311
vt 0.473688 0.896347
vt 0.473688 0.903568
vt 0.252427 0.837895
vt 0.254473 0.837861
vt 0.254473 0.843566
vt 0.252427 0.843600
vt 0.447092 0.817348
vt 0.439878 0.817304
vt 0.439878 0.811520
vt 0.447089 0.811566
vt 0.252427 0.853848
vt 0.254473 0.853814
vt 0.254473 0.859519
vt 0.252427 0.859553
vt 0.447102 0.833518
vt 0.439878 0.833474
vt 0.439878 0.827691
vt 0.447099 0.827735
vt 0.566685 0.837619
vt 0.569041 0.837612
vt 0.569041 0.848005
vt 0.564639 0.837624
vt 0.564639 0.831838
vt 0.566685 0.831832
vt 0.623168 0.962978
vt 0.623168 0.970031
vt 0.620802 0.970065
vt 0.620802 0.963010
vt 0.823853 0.969730
vt 0.823853 0.963038
vt 0.826211 0.962978
vt 0.826211 0.969669
vt 0.256828 0.843527
vt 0.256828 0.853775
vt 0.839885 0.972889
vt 0.838509 0.973691
vt 0.837134 0.972904
vt 0.837134 0.971316
vt 0.838509 0.970513
vt 0.839885 0.971300
vt 0.874116 0.978787
vt 0.872187 0.978791
vt 0.872213 0.977633
vt 0.874142 0.977630
vt 0.969263 0.978597
vt 0.971186 0.978597
vt 0.971216 0.980179
vt 0.969293 0.980179
vt 0.341254 0.983731
vt 0.341254 0.981810
vt 0.342821 0.981836
vt 0.342821 0.983757
vt 0.841260 0.973690
vt 0.839884 0.972888
vt 0.839884 0.971299
vt 0.841259 0.970513
vt 0.842634 0.971316
vt 0.842635 0.972905
vt 0.969352 0.977630
vt 0.971275 0.977630
vt 0.963378 0.977630
vt 0.965301 0.977630
vt 0.965207 0.978596
vt 0.963284 0.978596
vt 0.860273 0.980316
vt 0.858344 0.980326
vt 0.858344 0.978798
vt 0.860273 0.978789
vt 0.342821 0.983731
vt 0.342821 0.981810
vt 0.344388 0.981836
vt 0.344388 0.983757
vt 0.965233 0.980177
vt 0.963310 0.980177
vt 0.898329 0.973678
vt 0.896950 0.972885
vt 0.896950 0.971302
vt 0.898329 0.970513
vt 0.899707 0.971307
vt 0.899707 0.972889
vt 0.858371 0.977639
vt 0.860300 0.977630
vt 0.266867 0.983731
vt 0.266867 0.981810
vt 0.268456 0.981815
vt 0.268456 0.983736
vt 0.250968 0.983731
vt 0.250968 0.981810
vt 0.252558 0.981815
vt 0.252558 0.983736
vt 0.874116 0.980313
vt 0.872187 0.980317
vt 0.913470 0.971303
vt 0.913470 0.972894
vt 0.912098 0.973695
vt 0.910727 0.972906
vt 0.910728 0.971315
vt 0.912099 0.970514
vt 0.929767 0.000145
vt 0.933697 0.000062
vt 0.933697 0.277312
vt 0.929779 0.277446
vt 0.045303 0.909566
vt 0.041373 0.909565
vt 0.041378 0.618543
vt 0.045303 0.618641
vt 0.877055 0.001531
vt 0.881419 0.001487
vt 0.881421 0.299367
vt 0.877055 0.299324
vt 0.699033 0.454472
vt 0.706888 0.454539
vt 0.706892 0.752375
vt 0.699032 0.752465
vt 0.986422 0.303206
vt 0.988374 0.303188
vt 0.988374 0.601144
vt 0.986421 0.601123
vt 0.988404 0.297900
vt 0.986451 0.297880
vt 0.986452 0.000081
vt 0.988404 0.000062
vt 0.143936 0.909126
vt 0.140007 0.909171
vt 0.140000 0.618271
vt 0.143936 0.618319
vt 0.925815 0.303192
vt 0.929749 0.303188
vt 0.929749 0.580511
vt 0.925815 0.580564
vt 0.921902 0.000083
vt 0.925833 0.000063
vt 0.925833 0.278184
vt 0.921913 0.278255
vt 0.304219 0.909851
vt 0.300288 0.909909
vt 0.300293 0.617906
vt 0.304219 0.617945
vt 0.863962 0.001530
vt 0.868325 0.001487
vt 0.868325 0.300821
vt 0.863960 0.300777
vt 0.691173 0.154930
vt 0.699029 0.154997
vt 0.699033 0.454288
vt 0.691173 0.454379
vt 0.968880 0.000081
vt 0.970832 0.000063
vt 0.970833 0.299473
vt 0.968880 0.299451
vt 0.980594 0.299354
vt 0.978641 0.299333
vt 0.978641 0.000081
vt 0.980593 0.000062
vt 0.590316 0.909550
vt 0.586389 0.909654
vt 0.586389 0.617775
vt 0.590325 0.617764
vt 0.921881 0.303188
vt 0.925815 0.303246
vt 0.925815 0.581442
vt 0.921880 0.581433
vt 0.254336 0.970160
vt 0.254337 0.962986
vt 0.260124 0.962978
vt 0.260124 0.970148
vt 0.043359 0.977557
vt 0.041303 0.977540
vt 0.041303 0.970513
vt 0.043359 0.970532
vt -0.000000 0.886609
vt 0.007174 0.886624
vt 0.007179 0.897019
vt -0.000000 0.897004
vt 0.157932 0.970590
vt 0.159983 0.970514
vt 0.159983 0.977179
vt 0.157933 0.977258
vt 0.032221 0.847907
vt 0.034268 0.847902
vt 0.034268 0.853690
vt 0.032221 0.853694
vt 0.242761 0.970170
vt 0.242761 0.962987
vt 0.248549 0.962978
vt 0.248549 0.970157
vt 0.765635 0.862815
vt 0.763588 0.862849
vt 0.763588 0.857152
vt 0.765635 0.857118
vt 0.129517 0.837725
vt 0.122344 0.837733
vt 0.122347 0.831946
vt 0.129517 0.831938
vt 0.765635 0.846886
vt 0.763588 0.846919
vt 0.763588 0.841222
vt 0.765635 0.841189
vt 0.129517 0.853907
vt 0.122335 0.853916
vt 0.122338 0.848128
vt 0.129517 0.848120
vt 0.034268 0.837507
vt 0.036624 0.837502
vt 0.036624 0.847898
vt 0.032221 0.837511
vt 0.032221 0.831724
vt 0.034268 0.831719
vt 0.696378 0.963002
vt 0.696378 0.970026
vt 0.694012 0.970003
vt 0.694012 0.962978
vt 0.807335 0.969731
vt 0.807335 0.963064
vt 0.809695 0.962978
vt 0.809695 0.969645
vt 0.761231 0.857190
vt 0.761231 0.846957
vt 0.022882 0.977568
vt 0.020826 0.977583
vt 0.020826 0.970528
vt 0.022882 0.970514
vt 0.037094 0.980796
vt 0.035720 0.980013
vt 0.035720 0.978431
vt 0.037094 0.977630
vt 0.038467 0.978411
vt 0.038467 0.979994
vt 0.909394 0.978794
vt 0.907465 0.978777
vt 0.907454 0.977629
vt 0.909383 0.977646
vt 0.372925 0.885767
vt 0.380141 0.885784
vt 0.380146 0.896179
vt 0.372925 0.896162
vt 0.989479 0.978596
vt 0.991405 0.978596
vt 0.991407 0.980168
vt 0.989481 0.980169
vt 0.349083 0.983732
vt 0.349083 0.981811
vt 0.350648 0.981836
vt 0.350648 0.983758
vt 0.045314 0.980809
vt 0.043947 0.980016
vt 0.043947 0.978427
vt 0.045314 0.977629
vt 0.046681 0.978422
vt 0.046681 0.980012
vt 0.989566 0.977629
vt 0.991492 0.977629
vt 0.975442 0.977634
vt 0.977368 0.977629
vt 0.977279 0.978596
vt 0.975353 0.978600
vt 0.915235 0.980315
vt 0.913306 0.980304
vt 0.913306 0.978778
vt 0.915235 0.978789
vt 0.344388 0.983732
vt 0.344388 0.981810
vt 0.345953 0.981836
vt 0.345953 0.983758
vt 0.977279 0.980166
vt 0.975353 0.980170
vt 0.057701 0.979989
vt 0.057701 0.978410
vt 0.059076 0.977630
vt 0.060452 0.978427
vt 0.060452 0.980006
vt 0.059077 0.980787
vt 0.913296 0.977629
vt 0.915225 0.977640
vt 0.273226 0.983732
vt 0.273226 0.981810
vt 0.274816 0.981814
vt 0.274816 0.983735
vt 0.144546 0.970204
vt 0.144546 0.962989
vt 0.150333 0.962978
vt 0.150333 0.970189
vt 0.276406 0.983732
vt 0.276406 0.981810
vt 0.277996 0.981814
vt 0.277996 0.983735
vt 0.909394 0.980318
vt 0.907465 0.980302
vt 0.063201 0.978410
vt 0.063201 0.979989
vt 0.061826 0.980787
vt 0.060452 0.980007
vt 0.060452 0.978428
vt 0.061827 0.977629
vt 0.170219 0.970556
vt 0.172270 0.970513
vt 0.172270 0.977204
vt 0.170219 0.977247
vt 0.516387 0.847949
vt 0.518434 0.847945
vt 0.518434 0.853732
vt 0.516387 0.853737
vt 0.080964 0.970213
vt 0.080964 0.962989
vt 0.086751 0.962978
vt 0.086751 0.970198
vt 0.758415 0.862889
vt 0.756368 0.862922
vt 0.756368 0.857225
vt 0.758416 0.857192
vt 0.259651 0.821668
vt 0.252437 0.821679
vt 0.252440 0.815891
vt 0.259651 0.815881
vt 0.758416 0.846960
vt 0.756368 0.846993
vt 0.756368 0.841296
vt 0.758416 0.841263
vt 0.259651 0.837850
vt 0.252427 0.837861
vt 0.252431 0.832074
vt 0.259651 0.832063
vt 0.518434 0.837549
vt 0.520791 0.837544
vt 0.520791 0.847940
vt 0.516387 0.837553
vt 0.516387 0.831766
vt 0.518434 0.831762
vt 0.679884 0.962978
vt 0.679884 0.970030
vt 0.677518 0.970045
vt 0.677518 0.962991
vt 0.828577 0.969717
vt 0.828577 0.963024
vt 0.830938 0.962978
vt 0.830938 0.969670
vt 0.754012 0.857264
vt 0.754012 0.847031
vt 0.669372 0.972894
vt 0.669372 0.971307
vt 0.670750 0.970514
vt 0.672128 0.971307
vt 0.672128 0.972893
vt 0.670750 0.973686
vt 0.919109 0.978783
vt 0.917179 0.978789
vt 0.917176 0.977635
vt 0.919105 0.977630
vt 0.011978 0.982783
vt 0.013904 0.982782
vt 0.013927 0.984360
vt 0.012001 0.984360
vt 0.347518 0.983732
vt 0.347518 0.981810
vt 0.349083 0.981836
vt 0.349083 0.983757
vt 0.617094 0.972901
vt 0.615718 0.973693
vt 0.614343 0.972895
vt 0.614343 0.971306
vt 0.615718 0.970514
vt 0.617093 0.971312
vt 0.012044 0.981810
vt 0.013970 0.981810
vt 0.006102 0.981810
vt 0.008028 0.981810
vt 0.007958 0.982781
vt 0.006032 0.982782
vt 0.911323 0.980315
vt 0.909394 0.980328
vt 0.909397 0.978796
vt 0.911326 0.978783
vt 0.345953 0.983732
vt 0.345953 0.981810
vt 0.347518 0.981836
vt 0.347518 0.983757
vt 0.007976 0.984357
vt 0.006050 0.984358
vt 0.877023 0.973689
vt 0.875648 0.972900
vt 0.875647 0.971311
vt 0.877022 0.970513
vt 0.878397 0.971302
vt 0.878397 0.972890
vt 0.909394 0.977642
vt 0.911323 0.977629
vt 0.277996 0.983732
vt 0.277996 0.981810
vt 0.279586 0.981814
vt 0.279586 0.983735
vt 0.274816 0.983732
vt 0.274816 0.981810
vt 0.276406 0.981814
vt 0.276406 0.983735
vt 0.919105 0.980313
vt 0.917176 0.980319
vt 0.872899 0.971304
vt 0.872899 0.972889
vt 0.871522 0.973684
vt 0.870145 0.972893
vt 0.870145 0.971307
vt 0.871522 0.970513
vt 0.236972 0.970168
vt 0.236972 0.962988
vt 0.242761 0.962978
vt 0.242761 0.970156
vt 0.055676 0.977554
vt 0.053621 0.977529
vt 0.053621 0.970513
vt 0.055676 0.970539
vt 0.054088 0.886606
vt 0.061269 0.886622
vt 0.061274 0.897020
vt 0.054088 0.897004
vt 0.141531 0.970569
vt 0.143584 0.970513
vt 0.143584 0.977201
vt 0.141531 0.977258
vt 0.543220 0.847433
vt 0.545268 0.847430
vt 0.545268 0.853218
vt 0.543220 0.853221
vt 0.213890 0.970176
vt 0.213890 0.962988
vt 0.219679 0.962978
vt 0.219679 0.970163
vt 0.778439 0.863053
vt 0.776391 0.863085
vt 0.776391 0.857395
vt 0.778439 0.857364
vt 0.564466 0.837632
vt 0.557286 0.837642
vt 0.557289 0.831853
vt 0.564466 0.831843
vt 0.778439 0.847144
vt 0.776391 0.847176
vt 0.776391 0.841486
vt 0.778439 0.841455
vt 0.564466 0.853819
vt 0.557278 0.853829
vt 0.557281 0.848040
vt 0.564465 0.848031
vt 0.545268 0.837033
vt 0.547625 0.837030
vt 0.547625 0.847427
vt 0.543220 0.837036
vt 0.543220 0.831248
vt 0.545268 0.831245
vt 0.710564 0.963011
vt 0.710564 0.970025
vt 0.708199 0.969993
vt 0.708199 0.962978
vt 0.793163 0.969729
vt 0.793163 0.963039
vt 0.795527 0.962978
vt 0.795527 0.969666
vt 0.774033 0.857432
vt 0.774033 0.847212
vt 0.047469 0.977553
vt 0.045414 0.977558
vt 0.045414 0.970518
vt 0.047469 0.970513
vt 0.004133 0.980798
vt 0.002759 0.980015
vt 0.002759 0.978431
vt 0.004133 0.977630
vt 0.005507 0.978412
vt 0.005507 0.979997
vt 0.870221 0.978775
vt 0.868292 0.978771
vt 0.868254 0.977629
vt 0.870183 0.977633
vt 0.024825 0.885430
vt 0.032041 0.885446
vt 0.032046 0.895844
vt 0.024825 0.895828
vt 0.023913 0.982788
vt 0.025841 0.982786
vt 0.025841 0.984358
vt 0.023913 0.984360
vt 0.369484 0.983733
vt 0.369484 0.981810
vt 0.371047 0.981835
vt 0.371047 0.983758
vt 0.030234 0.980014
vt 0.028860 0.980796
vt 0.027486 0.979996
vt 0.027486 0.978412
vt 0.028859 0.977629
vt 0.030234 0.978430
vt 0.023971 0.981812
vt 0.025899 0.981811
vt 0.018047 0.981817
vt 0.019975 0.981811
vt 0.019915 0.982785
vt 0.017987 0.982792
vt 0.880043 0.980300
vt 0.878114 0.980300
vt 0.878116 0.978772
vt 0.880045 0.978772
vt 0.371047 0.983733
vt 0.371047 0.981810
vt 0.372610 0.981835
vt 0.372610 0.983757
vt 0.019915 0.984356
vt 0.017987 0.984363
vt 0.042574 0.980795
vt 0.041200 0.980014
vt 0.041200 0.978431
vt 0.042574 0.977629
vt 0.043947 0.978410
vt 0.043947 0.979993
vt 0.878080 0.977629
vt 0.880009 0.977630
vt 0.287538 0.983732
vt 0.287538 0.981810
vt 0.289128 0.981812
vt 0.289128 0.983734
vt 0.138757 0.970204
vt 0.138757 0.962988
vt 0.144546 0.962978
vt 0.144546 0.970191
vt 0.293899 0.983732
vt 0.293899 0.981810
vt 0.295489 0.981812
vt 0.295489 0.983734
vt 0.870221 0.980302
vt 0.868292 0.980298
vt 0.039833 0.980810
vt 0.038466 0.980017
vt 0.038467 0.978426
vt 0.039834 0.977629
vt 0.041200 0.978423
vt 0.041200 0.980013
vt 0.153832 0.970537
vt 0.155886 0.970513
vt 0.155886 0.977222
vt 0.153832 0.977247
vt 0.246425 0.847203
vt 0.248472 0.847200
vt 0.248472 0.852989
vt 0.246425 0.852991
vt 0.057829 0.970212
vt 0.057829 0.962988
vt 0.063618 0.962978
vt 0.063618 0.970199
vt 0.554051 0.866319
vt 0.552003 0.866351
vt 0.552003 0.860661
vt 0.554051 0.860630
vt 0.335644 0.817510
vt 0.328429 0.817519
vt 0.328432 0.811730
vt 0.335644 0.811721
vt 0.554051 0.850410
vt 0.552003 0.850442
vt 0.552003 0.844752
vt 0.554051 0.844720
vt 0.335644 0.833697
vt 0.328421 0.833706
vt 0.328424 0.827918
vt 0.335644 0.827908
vt 0.248472 0.836803
vt 0.250830 0.836800
vt 0.250830 0.847197
vt 0.246425 0.836806
vt 0.246425 0.831018
vt 0.248472 0.831015
vt 0.720015 0.962978
vt 0.720016 0.970016
vt 0.717650 0.970019
vt 0.717650 0.962980
vt 0.819122 0.969714
vt 0.819122 0.963003
vt 0.821487 0.962978
vt 0.821487 0.969688
vt 0.549645 0.860698
vt 0.549645 0.850478
vt 0.586834 0.972893
vt 0.586834 0.971306
vt 0.588213 0.970513
vt 0.589590 0.971307
vt 0.589591 0.972894
vt 0.588212 0.973687
vt 0.907454 0.978776
vt 0.905525 0.978776
vt 0.905504 0.977630
vt 0.907433 0.977630
vt 0.039904 0.982791
vt 0.041832 0.982790
vt 0.041851 0.984367
vt 0.039923 0.984367
vt 0.366359 0.983733
vt 0.366359 0.981810
vt 0.367921 0.981835
vt 0.367922 0.983757
vt 0.600585 0.972901
vt 0.599209 0.973692
vt 0.597834 0.972895
vt 0.597834 0.971305
vt 0.599209 0.970513
vt 0.600585 0.971311
vt 0.039943 0.981811
vt 0.041871 0.981811
vt 0.031998 0.981810
vt 0.033926 0.981810
vt 0.033883 0.982789
vt 0.031955 0.982790
vt 0.903517 0.980310
vt 0.901589 0.980313
vt 0.901607 0.978781
vt 0.903536 0.978777
vt 0.367922 0.983733
vt 0.367922 0.981811
vt 0.369484 0.981835
vt 0.369484 0.983758
vt 0.033897 0.984365
vt 0.031969 0.984365
vt 0.855030 0.973691
vt 0.853655 0.972901
vt 0.853655 0.971312
vt 0.855030 0.970513
vt 0.856405 0.971303
vt 0.856405 0.972892
vt 0.901589 0.977633
vt 0.903517 0.977630
vt 0.297080 0.983732
vt 0.297080 0.981810
vt 0.298670 0.981813
vt 0.298670 0.983734
vt 0.285947 0.983732
vt 0.285947 0.981810
vt 0.287538 0.981812
vt 0.287538 0.983734
vt 0.907436 0.980308
vt 0.905508 0.980308
vt 0.860527 0.973694
vt 0.859154 0.972901
vt 0.859154 0.971311
vt 0.860527 0.970513
vt 0.861901 0.971306
vt 0.861901 0.972897
vt 0.208101 0.970178
vt 0.208101 0.962989
vt 0.213890 0.962978
vt 0.213890 0.970164
vt 0.064467 0.977553
vt 0.062414 0.977523
vt 0.062414 0.970513
vt 0.064467 0.970546
vt 0.613010 0.886425
vt 0.620200 0.886442
vt 0.620204 0.896839
vt 0.613010 0.896822
vt 0.135366 0.970550
vt 0.137420 0.970513
vt 0.137420 0.977219
vt 0.135366 0.977257
vt 0.774033 0.835666
vt 0.776081 0.835664
vt 0.776081 0.841453
vt 0.774033 0.841455
vt 0.184968 0.970184
vt 0.184968 0.962989
vt 0.190757 0.962978
vt 0.190757 0.970171
vt 0.620211 0.866700
vt 0.618161 0.866729
vt 0.618161 0.861045
vt 0.620211 0.861015
vt 0.543024 0.837480
vt 0.535836 0.837491
vt 0.535838 0.831702
vt 0.543023 0.831691
vt 0.620211 0.850806
vt 0.618161 0.850836
vt 0.618161 0.845152
vt 0.620211 0.845122
vt 0.543024 0.853666
vt 0.535830 0.853676
vt 0.535831 0.847888
vt 0.543024 0.847877
vt 0.776081 0.825266
vt 0.778438 0.825264
vt 0.778438 0.835662
vt 0.774033 0.825268
vt 0.774033 0.819479
vt 0.776081 0.819478
vt 0.715288 0.963018
vt 0.715288 0.970025
vt 0.712924 0.969987
vt 0.712924 0.962978
vt 0.790797 0.969725
vt 0.790797 0.963018
vt 0.793163 0.962978
vt 0.793163 0.969685
vt 0.615802 0.861080
vt 0.615802 0.850870
vt 0.072661 0.970513
vt 0.074715 0.970516
vt 0.074715 0.977542
vt 0.072661 0.977538
vt 0.960178 0.972902
vt 0.958808 0.973694
vt 0.957438 0.972896
vt 0.957438 0.971305
vt 0.958808 0.970514
vt 0.960178 0.971312
vt 0.842511 0.979159
vt 0.844439 0.979159
vt 0.844495 0.980297
vt 0.842567 0.980296
vt 0.591562 0.885842
vt 0.598778 0.885858
vt 0.598783 0.896255
vt 0.591562 0.896239
vt 0.049758 0.982796
vt 0.051687 0.982792
vt 0.051687 0.984365
vt 0.049758 0.984369
vt 0.372610 0.983734
vt 0.372610 0.981810
vt 0.374172 0.981833
vt 0.374172 0.983757
vt 0.965671 0.972898
vt 0.964297 0.973683
vt 0.962923 0.972883
vt 0.962923 0.971298
vt 0.964297 0.970513
vt 0.965671 0.971313
vt 0.049790 0.981814
vt 0.051719 0.981811
vt 0.041905 0.981819
vt 0.043834 0.981810
vt 0.043800 0.982791
vt 0.041871 0.982800
vt 0.854353 0.977629
vt 0.856281 0.977629
vt 0.856270 0.979160
vt 0.854343 0.979160
vt 0.377295 0.983734
vt 0.377294 0.981810
vt 0.378856 0.981833
vt 0.378856 0.983757
vt 0.043800 0.984364
vt 0.041871 0.984372
vt 0.969791 0.973682
vt 0.968417 0.972899
vt 0.968417 0.971314
vt 0.969791 0.970513
vt 0.971165 0.971297
vt 0.971164 0.972881
vt 0.856323 0.980298
vt 0.854395 0.980298
vt 0.301851 0.983733
vt 0.301851 0.981810
vt 0.303441 0.981812
vt 0.303441 0.983734
vt 0.132968 0.970204
vt 0.132968 0.962988
vt 0.138757 0.962978
vt 0.138757 0.970192
vt 0.305026 0.983733
vt 0.305026 0.981810
vt 0.306617 0.981812
vt 0.306617 0.983734
vt 0.842517 0.977629
vt 0.844445 0.977629
vt 0.024748 0.978414
vt 0.024748 0.979996
vt 0.023372 0.980792
vt 0.021996 0.980008
vt 0.021996 0.978426
vt 0.023372 0.977630
vt 0.151777 0.970520
vt 0.153832 0.970513
vt 0.153832 0.977236
vt 0.151777 0.977243
vt 0.105591 0.845547
vt 0.107639 0.845545
vt 0.107640 0.851334
vt 0.105591 0.851336
vt 0.092533 0.970210
vt 0.092533 0.962988
vt 0.098322 0.962978
vt 0.098322 0.970198
vt 0.102600 0.872835
vt 0.100551 0.872865
vt 0.100551 0.867181
vt 0.102600 0.867151
vt 0.674933 0.824231
vt 0.667718 0.824241
vt 0.667720 0.818453
vt 0.674933 0.818443
vt 0.102600 0.856942
vt 0.100551 0.856972
vt 0.100551 0.851287
vt 0.102600 0.851258
vt 0.674933 0.840417
vt 0.667711 0.840427
vt 0.667714 0.834638
vt 0.674933 0.834629
vt 0.107640 0.835147
vt 0.109997 0.835145
vt 0.109997 0.845543
vt 0.105591 0.835149
vt 0.105591 0.829360
vt 0.107639 0.829359
vt 0.724728 0.970003
vt 0.724728 0.962978
vt 0.727092 0.962983
vt 0.727092 0.970009
vt 0.826211 0.969707
vt 0.826211 0.962983
vt 0.828577 0.962978
vt 0.828577 0.969701
vt 0.098191 0.867216
vt 0.098191 0.857006
vt 0.597834 0.972901
vt 0.596459 0.973694
vt 0.595083 0.972896
vt 0.595083 0.971306
vt 0.596458 0.970513
vt 0.597833 0.971311
vt 0.870221 0.979163
vt 0.872149 0.979163
vt 0.872187 0.980304
vt 0.870259 0.980304
vt 0.073494 0.982795
vt 0.075423 0.982796
vt 0.075439 0.984372
vt 0.073510 0.984372
vt 0.375733 0.983734
vt 0.375733 0.981810
vt 0.377294 0.981833
vt 0.377294 0.983757
vt 0.603340 0.971307
vt 0.603340 0.972894
vt 0.601962 0.973687
vt 0.600585 0.972895
vt 0.600585 0.971308
vt 0.601963 0.970513
vt 0.073510 0.981810
vt 0.075439 0.981811
vt 0.065607 0.981810
vt 0.067536 0.981810
vt 0.067517 0.982794
vt 0.065588 0.982795
vt 0.876148 0.977629
vt 0.878075 0.977629
vt 0.878046 0.979163
vt 0.876118 0.979163
vt 0.374172 0.983734
vt 0.374172 0.981810
vt 0.375733 0.981833
vt 0.375733 0.983757
vt 0.067529 0.984370
vt 0.065600 0.984370
vt 0.846769 0.973690
vt 0.845394 0.972901
vt 0.845394 0.971312
vt 0.846769 0.970513
vt 0.848144 0.971303
vt 0.848144 0.972891
vt 0.878080 0.980305
vt 0.876152 0.980305
vt 0.300260 0.983733
vt 0.300260 0.981810
vt 0.301851 0.981812
vt 0.301851 0.983734
vt 0.295489 0.983733
vt 0.295489 0.981810
vt 0.297080 0.981812
vt 0.297080 0.983734
vt 0.870246 0.977630
vt 0.872174 0.977630
vt 0.850899 0.971305
vt 0.850899 0.972891
vt 0.849522 0.973685
vt 0.848144 0.972895
vt 0.848144 0.971308
vt 0.849522 0.970514
vt 0.917974 0.000064
vt 0.921902 0.000063
vt 0.921902 0.278830
vt 0.917972 0.278852
vt 0.090438 0.909491
vt 0.086512 0.909447
vt 0.086527 0.618683
vt 0.090438 0.618827
vt 0.868325 0.001487
vt 0.872691 0.001490
vt 0.872691 0.300235
vt 0.868335 0.300206
vt 0.730456 0.454486
vt 0.738316 0.454471
vt 0.738316 0.753286
vt 0.730473 0.753349
vt 0.980594 0.000062
vt 0.982547 0.000065
vt 0.982547 0.298874
vt 0.980599 0.298860
vt 0.984417 0.906033
vt 0.982468 0.906018
vt 0.982468 0.607256
vt 0.984421 0.607259
vt 0.041372 0.909201
vt 0.037436 0.909207
vt 0.037441 0.618543
vt 0.041373 0.618637
vt 0.917946 0.303188
vt 0.921867 0.303264
vt 0.921880 0.582055
vt 0.917947 0.582000
vt 0.917942 0.607256
vt 0.921869 0.607305
vt 0.921872 0.886209
vt 0.917942 0.886181
vt 0.277950 0.618548
vt 0.281877 0.618544
vt 0.281863 0.909376
vt 0.277950 0.909280
vt 0.868279 0.303188
vt 0.872645 0.303189
vt 0.872645 0.602371
vt 0.868288 0.602344
vt 0.714745 0.454481
vt 0.722604 0.454470
vt 0.722587 0.753723
vt 0.714745 0.753781
vt 0.980515 0.607256
vt 0.982468 0.607258
vt 0.982468 0.906505
vt 0.980520 0.906492
vt 0.982519 0.602401
vt 0.980571 0.602388
vt 0.980566 0.303187
vt 0.982519 0.303189
vt 0.228848 0.618560
vt 0.232784 0.618506
vt 0.232781 0.909235
vt 0.228848 0.909190
vt 0.914040 0.000062
vt 0.917959 0.000188
vt 0.917972 0.279118
vt 0.914040 0.279012
vt 0.161885 0.970196
vt 0.161885 0.962998
vt 0.167671 0.962978
vt 0.167671 0.970174
vt 0.066519 0.977557
vt 0.064467 0.977520
vt 0.064467 0.970513
vt 0.066519 0.970553
vt 0.549645 0.886050
vt 0.556843 0.886078
vt 0.556845 0.896470
vt 0.549645 0.896443
vt 0.139476 0.970531
vt 0.141531 0.970513
vt 0.141531 0.977233
vt 0.139476 0.977252
vt 0.836829 0.445732
vt 0.838878 0.445731
vt 0.838878 0.451520
vt 0.836829 0.451521
vt 0.156099 0.970199
vt 0.156099 0.962997
vt 0.161885 0.962978
vt 0.161885 0.970178
vt 0.513347 0.874730
vt 0.511297 0.874757
vt 0.511297 0.869078
vt 0.513347 0.869051
vt 0.223434 0.837470
vt 0.216237 0.837493
vt 0.216238 0.831707
vt 0.223434 0.831684
vt 0.513347 0.858850
vt 0.511297 0.858877
vt 0.511297 0.853198
vt 0.513347 0.853171
vt 0.223435 0.853649
vt 0.216234 0.853671
vt 0.216235 0.847885
vt 0.223435 0.847863
vt 0.838878 0.435333
vt 0.841237 0.435332
vt 0.841237 0.445730
vt 0.836829 0.435334
vt 0.836829 0.429545
vt 0.838878 0.429544
vt 0.717650 0.963026
vt 0.717650 0.970031
vt 0.715288 0.969985
vt 0.715288 0.962978
vt 0.804968 0.969716
vt 0.804968 0.962996
vt 0.807335 0.962978
vt 0.807335 0.969698
vt 0.508936 0.869110
vt 0.508936 0.858909
vt 0.076753 0.970513
vt 0.078805 0.970525
vt 0.078805 0.977539
vt 0.076753 0.977526
vt 0.951951 0.972903
vt 0.950579 0.973693
vt 0.949209 0.972893
vt 0.949209 0.971303
vt 0.950580 0.970514
vt 0.951951 0.971313
vt 0.734158 0.979161
vt 0.736084 0.979161
vt 0.736159 0.980296
vt 0.734233 0.980295
vt 0.073902 0.885457
vt 0.081118 0.885483
vt 0.081121 0.895875
vt 0.073902 0.895851
vt 0.083295 0.982804
vt 0.085224 0.982797
vt 0.085224 0.984370
vt 0.083295 0.984377
vt 0.389822 0.983735
vt 0.389822 0.981810
vt 0.391382 0.981831
vt 0.391382 0.983756
vt 0.957438 0.972900
vt 0.956065 0.973687
vt 0.954691 0.972886
vt 0.954692 0.971299
vt 0.956065 0.970513
vt 0.957438 0.971314
vt 0.083300 0.981817
vt 0.085229 0.981811
vt 0.075445 0.981822
vt 0.077374 0.981810
vt 0.077368 0.982797
vt 0.075439 0.982808
vt 0.744042 0.977630
vt 0.745968 0.977630
vt 0.745949 0.979162
vt 0.744023 0.979162
vt 0.388261 0.983735
vt 0.388261 0.981810
vt 0.389821 0.981831
vt 0.389822 0.983756
vt 0.077368 0.984369
vt 0.075439 0.984381
vt 0.961550 0.973687
vt 0.960177 0.972901
vt 0.960178 0.971315
vt 0.961550 0.970513
vt 0.962923 0.971299
vt 0.962923 0.972885
vt 0.746020 0.980297
vt 0.744094 0.980296
vt 0.289128 0.983734
vt 0.289128 0.981810
vt 0.290718 0.981811
vt 0.290718 0.983734
vt 0.109869 0.970211
vt 0.109869 0.962996
vt 0.115655 0.962978
vt 0.115655 0.970192
vt 0.290719 0.983733
vt 0.290719 0.981810
vt 0.292309 0.981811
vt 0.292309 0.983734
vt 0.734173 0.977629
vt 0.736100 0.977629
vt 0.968417 0.972900
vt 0.967044 0.973686
vt 0.965671 0.972885
vt 0.965671 0.971298
vt 0.967044 0.970513
vt 0.968417 0.971314
vt 0.137420 0.970513
vt 0.139476 0.970523
vt 0.139476 0.977251
vt 0.137420 0.977242
vt 0.836788 0.600179
vt 0.838836 0.600178
vt 0.838836 0.605967
vt 0.836788 0.605968
vt 0.075178 0.970214
vt 0.075178 0.962995
vt 0.080964 0.962978
vt 0.080963 0.970196
vt 0.547632 0.874780
vt 0.545581 0.874808
vt 0.545581 0.869129
vt 0.547632 0.869101
vt 0.773856 0.824583
vt 0.766642 0.824603
vt 0.766643 0.818817
vt 0.773856 0.818797
vt 0.547632 0.858900
vt 0.545581 0.858928
vt 0.545581 0.853249
vt 0.547632 0.853221
vt 0.773856 0.840762
vt 0.766638 0.840781
vt 0.766639 0.834995
vt 0.773856 0.834976
vt 0.838836 0.589780
vt 0.841195 0.589779
vt 0.841195 0.600177
vt 0.836788 0.589781
vt 0.836788 0.583992
vt 0.838836 0.583991
vt 0.729438 0.969991
vt 0.729438 0.962978
vt 0.731801 0.962994
vt 0.731801 0.970009
vt 0.795527 0.969707
vt 0.795527 0.962978
vt 0.797893 0.962991
vt 0.797893 0.969720
vt 0.543220 0.869160
vt 0.543220 0.858959
vt 0.850899 0.972892
vt 0.850899 0.971307
vt 0.852277 0.970513
vt 0.853655 0.971306
vt 0.853655 0.972891
vt 0.852277 0.973684
vt 0.840528 0.979163
vt 0.842454 0.979164
vt 0.842511 0.980300
vt 0.840585 0.980299
vt 0.077376 0.982799
vt 0.079305 0.982813
vt 0.079305 0.984387
vt 0.077376 0.984373
vt 0.386701 0.983735
vt 0.386701 0.981810
vt 0.388261 0.981831
vt 0.388261 0.983756
vt 0.857779 0.973692
vt 0.856405 0.972902
vt 0.856405 0.971312
vt 0.857779 0.970513
vt 0.859153 0.971304
vt 0.859153 0.972894
vt 0.077374 0.981810
vt 0.079304 0.981825
vt 0.085229 0.981810
vt 0.087158 0.981819
vt 0.087159 0.982807
vt 0.085229 0.982798
vt 0.852399 0.977630
vt 0.854326 0.977630
vt 0.854289 0.979164
vt 0.852363 0.979164
vt 0.385141 0.983735
vt 0.385141 0.981810
vt 0.386701 0.981831
vt 0.386701 0.983756
vt 0.087159 0.984381
vt 0.085229 0.984372
vt 0.879771 0.973691
vt 0.878397 0.972902
vt 0.878397 0.971313
vt 0.879771 0.970513
vt 0.881144 0.971303
vt 0.881144 0.972892
vt 0.854343 0.980300
vt 0.852416 0.980300
vt 0.298670 0.983734
vt 0.298670 0.981810
vt 0.300260 0.981811
vt 0.300260 0.983734
vt 0.292309 0.983734
vt 0.292309 0.981811
vt 0.293899 0.981811
vt 0.293899 0.983734
vt 0.840561 0.977630
vt 0.842487 0.977630
vt 0.875647 0.972901
vt 0.874274 0.973691
vt 0.872900 0.972892
vt 0.872899 0.971303
vt 0.874274 0.970513
vt 0.875647 0.971313
vt 0.115655 0.970216
vt 0.115655 0.963008
vt 0.121437 0.962978
vt 0.121437 0.970186
vt 0.068568 0.977565
vt 0.066519 0.977521
vt 0.066519 0.970514
vt 0.068568 0.970559
vt 0.462134 0.885886
vt 0.469343 0.885926
vt 0.469344 0.896311
vt 0.462134 0.896271
vt 0.149721 0.970514
vt 0.151777 0.970513
vt 0.151777 0.977243
vt 0.149721 0.977244
vt 0.177152 0.828267
vt 0.179202 0.828266
vt 0.179202 0.834055
vt 0.177152 0.834056
vt 0.104087 0.970216
vt 0.104087 0.963007
vt 0.109869 0.962978
vt 0.109868 0.970187
vt 0.085707 0.875150
vt 0.083655 0.875174
vt 0.083655 0.869498
vt 0.085707 0.869473
vt 0.618593 0.828919
vt 0.611385 0.828955
vt 0.611386 0.823173
vt 0.618593 0.823137
vt 0.085707 0.859278
vt 0.083655 0.859302
vt 0.083655 0.853626
vt 0.085707 0.853601
vt 0.618593 0.845088
vt 0.611384 0.845122
vt 0.611385 0.839340
vt 0.618593 0.839305
vt 0.179202 0.817868
vt 0.181561 0.817868
vt 0.181561 0.828266
vt 0.177152 0.817868
vt 0.177152 0.812079
vt 0.179202 0.812079
vt 0.712924 0.963033
vt 0.712924 0.970041
vt 0.710564 0.969987
vt 0.710564 0.962978
vt 0.821487 0.969707
vt 0.821487 0.962978
vt 0.823853 0.962979
vt 0.823853 0.969709
vt 0.081293 0.869526
vt 0.081293 0.859330
vt 0.082896 0.970513
vt 0.084946 0.970534
vt 0.084946 0.977539
vt 0.082896 0.977517
vt 0.929960 0.972887
vt 0.929960 0.971305
vt 0.931338 0.970513
vt 0.932716 0.971303
vt 0.932716 0.972886
vt 0.931338 0.973678
vt 0.692654 0.979164
vt 0.694579 0.979164
vt 0.694669 0.980298
vt 0.692745 0.980297
vt 0.122335 0.885488
vt 0.129549 0.885523
vt 0.129551 0.895908
vt 0.122335 0.895873
vt 0.071565 0.982799
vt 0.073494 0.982799
vt 0.073486 0.984373
vt 0.071557 0.984373
vt 0.402328 0.983736
vt 0.402328 0.981810
vt 0.403888 0.981829
vt 0.403888 0.983755
vt 0.935472 0.971305
vt 0.935472 0.972888
vt 0.934094 0.973678
vt 0.932716 0.972887
vt 0.932716 0.971304
vt 0.934094 0.970513
vt 0.071549 0.981810
vt 0.073479 0.981810
vt 0.079305 0.981810
vt 0.081235 0.981810
vt 0.081246 0.982799
vt 0.079317 0.982799
vt 0.698640 0.977630
vt 0.700564 0.977630
vt 0.700537 0.979164
vt 0.698613 0.979164
vt 0.400769 0.983736
vt 0.400769 0.981810
vt 0.402328 0.981829
vt 0.402328 0.983755
vt 0.081235 0.984373
vt 0.079305 0.984373
vt 0.935472 0.972887
vt 0.935472 0.971305
vt 0.936849 0.970513
vt 0.938228 0.971303
vt 0.938228 0.972885
vt 0.936850 0.973677
vt 0.700624 0.980297
vt 0.698699 0.980297
vt 0.284357 0.983734
vt 0.284357 0.981810
vt 0.285947 0.981811
vt 0.285947 0.983735
vt 0.086751 0.970219
vt 0.086751 0.963005
vt 0.092533 0.962978
vt 0.092533 0.970191
vt 0.282767 0.983734
vt 0.282767 0.981810
vt 0.284357 0.981811
vt 0.284357 0.983734
vt 0.692678 0.977630
vt 0.694602 0.977630
vt 0.943712 0.972903
vt 0.942340 0.973691
vt 0.940969 0.972891
vt 0.940969 0.971302
vt 0.942340 0.970513
vt 0.943712 0.971314
vt 0.127154 0.970513
vt 0.129209 0.970538
vt 0.129209 0.977267
vt 0.127154 0.977243
vt 0.290976 0.828238
vt 0.293025 0.828237
vt 0.293025 0.834026
vt 0.290976 0.834027
vt 0.063618 0.970219
vt 0.063618 0.963004
vt 0.069400 0.962978
vt 0.069400 0.970193
vt 0.228031 0.875120
vt 0.225980 0.875145
vt 0.225980 0.869469
vt 0.228031 0.869444
vt 0.556859 0.828522
vt 0.549646 0.828553
vt 0.549646 0.822771
vt 0.556859 0.822740
vt 0.228031 0.859248
vt 0.225980 0.859273
vt 0.225980 0.853597
vt 0.228031 0.853572
vt 0.556859 0.844690
vt 0.549644 0.844720
vt 0.549645 0.838938
vt 0.556859 0.838908
vt 0.293025 0.817839
vt 0.295385 0.817839
vt 0.295385 0.828237
vt 0.290976 0.817839
vt 0.290976 0.812050
vt 0.293025 0.812050
vt 0.736514 0.969983
vt 0.736514 0.962978
vt 0.738873 0.963004
vt 0.738873 0.970011
vt 0.778986 0.969707
vt 0.778986 0.962978
vt 0.781352 0.963008
vt 0.781352 0.969737
vt 0.223618 0.869497
vt 0.223618 0.859301
vt 0.892822 0.973694
vt 0.891449 0.972903
vt 0.891449 0.971313
vt 0.892821 0.970513
vt 0.894194 0.971304
vt 0.894194 0.972894
vt 0.736159 0.979164
vt 0.738083 0.979164
vt 0.738158 0.980298
vt 0.736234 0.980297
vt 0.043860 0.982800
vt 0.045789 0.982809
vt 0.045789 0.984382
vt 0.043860 0.984373
vt 0.399210 0.983736
vt 0.399210 0.981810
vt 0.400769 0.981829
vt 0.400769 0.983755
vt 0.902453 0.972903
vt 0.901080 0.973693
vt 0.899708 0.972894
vt 0.899708 0.971304
vt 0.901080 0.970514
vt 0.902453 0.971313
vt 0.043834 0.981810
vt 0.045763 0.981819
vt 0.051719 0.981811
vt 0.053648 0.981815
vt 0.053673 0.982804
vt 0.051744 0.982800
vt 0.748084 0.977630
vt 0.750008 0.977630
vt 0.749966 0.979163
vt 0.748041 0.979163
vt 0.397650 0.983736
vt 0.397650 0.981810
vt 0.399209 0.981829
vt 0.399209 0.983755
vt 0.053673 0.984377
vt 0.051744 0.984373
vt 0.923099 0.973693
vt 0.921726 0.972903
vt 0.921726 0.971313
vt 0.923099 0.970513
vt 0.924471 0.971303
vt 0.924471 0.972893
vt 0.750037 0.980297
vt 0.748113 0.980297
vt 0.281176 0.983734
vt 0.281176 0.981810
vt 0.282767 0.981811
vt 0.282767 0.983734
vt 0.279586 0.983734
vt 0.279586 0.981810
vt 0.281176 0.981811
vt 0.281176 0.983734
vt 0.736198 0.977630
vt 0.738123 0.977630
vt 0.914843 0.973690
vt 0.913470 0.972902
vt 0.913470 0.971314
vt 0.914844 0.970513
vt 0.916217 0.971302
vt 0.916217 0.972890
vt 0.496323 0.903587
vt 0.496323 0.896368
vt 0.502100 0.896327
vt 0.502100 0.903547
vt 0.060366 0.970513
vt 0.062414 0.970561
vt 0.062413 0.977575
vt 0.060366 0.977525
vt 0.000000 0.876179
vt 0.007220 0.876232
vt 0.007220 0.886609
vt 0.000001 0.886556
vt 0.133311 0.970513
vt 0.135366 0.970529
vt 0.135366 0.977263
vt 0.133311 0.977248
vt 0.577079 0.828139
vt 0.579129 0.828139
vt 0.579129 0.833928
vt 0.577079 0.833928
vt 0.502100 0.903585
vt 0.502100 0.896368
vt 0.507878 0.896327
vt 0.507877 0.903545
vt 0.250841 0.874537
vt 0.248788 0.874559
vt 0.248788 0.868883
vt 0.250841 0.868862
vt 0.761231 0.825059
vt 0.754012 0.825109
vt 0.754012 0.819332
vt 0.761231 0.819282
vt 0.250841 0.858667
vt 0.248788 0.858689
vt 0.248788 0.853013
vt 0.250841 0.852991
vt 0.761231 0.841214
vt 0.754013 0.841263
vt 0.754013 0.835485
vt 0.761231 0.835437
vt 0.579129 0.817741
vt 0.581490 0.817740
vt 0.581490 0.828138
vt 0.577079 0.817741
vt 0.577079 0.811952
vt 0.579129 0.811952
vt 0.705842 0.969993
vt 0.705842 0.962978
vt 0.708199 0.963035
vt 0.708199 0.970051
vt 0.786075 0.969711
vt 0.786075 0.962978
vt 0.788440 0.962998
vt 0.788440 0.969731
vt 0.246425 0.868908
vt 0.246425 0.858713
vt 0.086985 0.970514
vt 0.089033 0.970541
vt 0.089033 0.977540
vt 0.086985 0.977512
vt 0.927219 0.972904
vt 0.925845 0.973688
vt 0.924471 0.972884
vt 0.924471 0.971297
vt 0.925845 0.970513
vt 0.927219 0.971317
vt 0.641293 0.979165
vt 0.643215 0.979165
vt 0.643317 0.980301
vt 0.641395 0.980301
vt 0.239050 0.885464
vt 0.246263 0.885513
vt 0.246263 0.895890
vt 0.239050 0.895842
vt 0.033962 0.982800
vt 0.035891 0.982800
vt 0.035881 0.984374
vt 0.033952 0.984374
vt 0.408578 0.983737
vt 0.408578 0.981810
vt 0.410137 0.981827
vt 0.410137 0.983754
vt 0.929960 0.972905
vt 0.928590 0.973696
vt 0.927219 0.972895
vt 0.927219 0.971304
vt 0.928590 0.970513
vt 0.929960 0.971314
vt 0.033926 0.981811
vt 0.035854 0.981811
vt 0.037943 0.981811
vt 0.039871 0.981811
vt 0.039904 0.982800
vt 0.037975 0.982800
vt 0.645348 0.977630
vt 0.647270 0.977630
vt 0.647235 0.979165
vt 0.645313 0.979165
vt 0.411696 0.983737
vt 0.411696 0.981810
vt 0.413255 0.981827
vt 0.413255 0.983754
vt 0.039891 0.984375
vt 0.037962 0.984375
vt 0.902453 0.972892
vt 0.902453 0.971309
vt 0.903832 0.970513
vt 0.905211 0.971299
vt 0.905210 0.972882
vt 0.903831 0.973678
vt 0.647334 0.980300
vt 0.645412 0.980300
vt 0.268456 0.983735
vt 0.268456 0.981810
vt 0.270047 0.981810
vt 0.270047 0.983735
vt 0.023140 0.970228
vt 0.023140 0.963016
vt 0.028918 0.962978
vt 0.028917 0.970191
vt 0.263686 0.983735
vt 0.263686 0.981810
vt 0.265276 0.981811
vt 0.265276 0.983735
vt 0.641325 0.977630
vt 0.643247 0.977630
vt 0.921726 0.971309
vt 0.921726 0.972891
vt 0.920347 0.973678
vt 0.918969 0.972882
vt 0.918969 0.971300
vt 0.920347 0.970513
vt 0.123046 0.970513
vt 0.125100 0.970551
vt 0.125100 0.977274
vt 0.123046 0.977237
vt 0.424772 0.828100
vt 0.426822 0.828100
vt 0.426822 0.833889
vt 0.424772 0.833890
vt 0.069400 0.970225
vt 0.069400 0.963015
vt 0.075178 0.962978
vt 0.075177 0.970189
vt 0.110007 0.872882
vt 0.107954 0.872903
vt 0.107954 0.867228
vt 0.110007 0.867206
vt 0.611384 0.828915
vt 0.604173 0.828959
vt 0.604172 0.823182
vt 0.611385 0.823137
vt 0.110007 0.857011
vt 0.107954 0.857033
vt 0.107954 0.851357
vt 0.110007 0.851335
vt 0.611382 0.845070
vt 0.604172 0.845113
vt 0.604172 0.839336
vt 0.611383 0.839292
vt 0.426822 0.817702
vt 0.429183 0.817702
vt 0.429182 0.828100
vt 0.424772 0.817702
vt 0.424772 0.811913
vt 0.426822 0.811913
vt 0.741223 0.969978
vt 0.741223 0.962978
vt 0.743580 0.963011
vt 0.743580 0.970013
vt 0.771896 0.969700
vt 0.771896 0.962978
vt 0.774261 0.963023
vt 0.774261 0.969746
vt 0.105591 0.867252
vt 0.105591 0.857058
vt 0.947839 0.973694
vt 0.946468 0.972906
vt 0.946468 0.971315
vt 0.947838 0.970514
vt 0.949209 0.971303
vt 0.949209 0.972893
vt 0.704560 0.979163
vt 0.706482 0.979163
vt 0.706571 0.980296
vt 0.704648 0.980296
vt 0.021984 0.982797
vt 0.023913 0.982802
vt 0.023913 0.984374
vt 0.021984 0.984369
vt 0.410137 0.983737
vt 0.410137 0.981810
vt 0.411696 0.981827
vt 0.411696 0.983754
vt 0.954691 0.972905
vt 0.953321 0.973694
vt 0.951951 0.972893
vt 0.951951 0.971303
vt 0.953321 0.970514
vt 0.954691 0.971315
vt 0.021937 0.981810
vt 0.023866 0.981815
vt 0.027939 0.981811
vt 0.029868 0.981811
vt 0.029914 0.982799
vt 0.027986 0.982798
vt 0.724290 0.977630
vt 0.726212 0.977630
vt 0.726164 0.979163
vt 0.724241 0.979163
vt 0.407018 0.983737
vt 0.407018 0.981810
vt 0.408577 0.981827
vt 0.408578 0.983754
vt 0.029914 0.984371
vt 0.027986 0.984370
vt 0.939598 0.973695
vt 0.938228 0.972905
vt 0.938228 0.971314
vt 0.939599 0.970513
vt 0.940969 0.971303
vt 0.940969 0.972894
vt 0.726249 0.980295
vt 0.724326 0.980295
vt 0.260506 0.983735
vt 0.260506 0.981810
vt 0.262096 0.981811
vt 0.262096 0.983735
vt 0.265276 0.983735
vt 0.265276 0.981810
vt 0.266867 0.981810
vt 0.266867 0.983735
vt 0.704605 0.977630
vt 0.706527 0.977629
vt 0.946468 0.971307
vt 0.946468 0.972889
vt 0.945090 0.973676
vt 0.943712 0.972883
vt 0.943712 0.971301
vt 0.945090 0.970513
vt 0.921872 0.607256
vt 0.925792 0.607321
vt 0.925799 0.886194
vt 0.921872 0.886122
vt 0.045303 0.618543
vt 0.049217 0.618617
vt 0.049202 0.910518
vt 0.045303 0.910353
vt 0.863923 0.303188
vt 0.868279 0.303245
vt 0.868279 0.603188
vt 0.863935 0.603205
vt 0.683332 0.155040
vt 0.691174 0.154930
vt 0.691150 0.455101
vt 0.683332 0.455076
vt 0.978618 0.303188
vt 0.980566 0.303214
vt 0.980566 0.603189
vt 0.978623 0.603196
vt 0.972706 0.907359
vt 0.970764 0.907366
vt 0.970758 0.607256
vt 0.972706 0.607283
vt 0.296356 0.617907
vt 0.300288 0.617930
vt 0.300281 0.909778
vt 0.296356 0.909660
vt 0.925814 0.607256
vt 0.929718 0.607401
vt 0.929718 0.886233
vt 0.925799 0.886084
vt 0.929718 0.607256
vt 0.933637 0.607355
vt 0.933645 0.884967
vt 0.929718 0.884860
vt 0.090438 0.618683
vt 0.094352 0.618724
vt 0.094352 0.909185
vt 0.090452 0.909052
vt 0.877008 0.303188
vt 0.881365 0.303242
vt 0.881352 0.601940
vt 0.877008 0.601961
vt 0.722604 0.454575
vt 0.730446 0.454470
vt 0.730446 0.753395
vt 0.722627 0.753366
vt 0.984472 0.303188
vt 0.986421 0.303213
vt 0.986421 0.601944
vt 0.984478 0.601952
vt 0.986365 0.906112
vt 0.984422 0.906121
vt 0.984422 0.607256
vt 0.986370 0.607281
vt 0.274018 0.618554
vt 0.277950 0.618544
vt 0.277943 0.908952
vt 0.274018 0.908866
vt 0.933645 0.607256
vt 0.937547 0.607435
vt 0.937562 0.885006
vt 0.933645 0.884822
vt 0.483720 0.903569
vt 0.483719 0.896337
vt 0.489491 0.896285
vt 0.489491 0.903518
vt 0.051576 0.970513
vt 0.053621 0.970567
vt 0.053621 0.977590
vt 0.051576 0.977536
vt 0.792294 0.876265
vt 0.799525 0.876330
vt 0.799525 0.886695
vt 0.792297 0.886632
vt 0.125100 0.970513
vt 0.127153 0.970544
vt 0.127154 0.977277
vt 0.125100 0.977247
vt 0.007225 0.827872
vt 0.009276 0.827871
vt 0.009276 0.833660
vt 0.007225 0.833661
vt 0.462134 0.903588
vt 0.462134 0.896362
vt 0.467906 0.896312
vt 0.467905 0.903539
vt 0.615802 0.866677
vt 0.613748 0.866696
vt 0.613748 0.861017
vt 0.615802 0.860999
vt 0.153697 0.817372
vt 0.146467 0.817433
vt 0.146467 0.811661
vt 0.153698 0.811600
vt 0.615802 0.850800
vt 0.613749 0.850818
vt 0.613748 0.845140
vt 0.615802 0.845122
vt 0.153692 0.833510
vt 0.146467 0.833570
vt 0.146467 0.827799
vt 0.153694 0.827738
vt 0.009275 0.817473
vt 0.011637 0.817473
vt 0.011637 0.827871
vt 0.007225 0.817474
vt 0.007225 0.811685
vt 0.009275 0.811684
vt 0.689312 0.970004
vt 0.689312 0.962978
vt 0.691666 0.963041
vt 0.691666 0.970068
vt 0.776622 0.969709
vt 0.776623 0.962978
vt 0.778986 0.963015
vt 0.778986 0.969746
vt 0.611385 0.861038
vt 0.611385 0.850839
vt 0.093128 0.970513
vt 0.095173 0.970548
vt 0.095173 0.977544
vt 0.093128 0.977508
vt 0.907969 0.972895
vt 0.907969 0.971313
vt 0.909348 0.970514
vt 0.910727 0.971296
vt 0.910727 0.972878
vt 0.909348 0.973677
vt 0.530702 0.979166
vt 0.532621 0.979166
vt 0.532736 0.980306
vt 0.530816 0.980305
vt 0.483720 0.885860
vt 0.490930 0.885920
vt 0.490930 0.896285
vt 0.483723 0.896227
vt 0.010051 0.982797
vt 0.011978 0.982797
vt 0.011966 0.984372
vt 0.010039 0.984372
vt 0.422629 0.983738
vt 0.422629 0.981810
vt 0.424189 0.981824
vt 0.424189 0.983752
vt 0.917593 0.973684
vt 0.916217 0.972903
vt 0.916217 0.971318
vt 0.917593 0.970513
vt 0.918969 0.971294
vt 0.918969 0.972880
vt 0.009994 0.981810
vt 0.011922 0.981811
vt 0.016006 0.981810
vt 0.017934 0.981810
vt 0.017987 0.982798
vt 0.016060 0.982797
vt 0.536737 0.977630
vt 0.538657 0.977630
vt 0.538616 0.979166
vt 0.536696 0.979166
vt 0.421069 0.983738
vt 0.421069 0.981810
vt 0.422629 0.981824
vt 0.422629 0.983752
vt 0.017972 0.984373
vt 0.016045 0.984373
vt 0.885272 0.973703
vt 0.883903 0.972908
vt 0.883903 0.971313
vt 0.885272 0.970513
vt 0.886640 0.971308
vt 0.886641 0.972903
vt 0.538728 0.980304
vt 0.536808 0.980304
vt 0.239875 0.983736
vt 0.239875 0.981810
vt 0.241465 0.981811
vt 0.241465 0.983736
vt 0.052058 0.970235
vt 0.052058 0.963026
vt 0.057829 0.962978
vt 0.057829 0.970189
vt 0.241465 0.983736
vt 0.241465 0.981810
vt 0.243056 0.981811
vt 0.243056 0.983736
vt 0.530740 0.977629
vt 0.532660 0.977629
vt 0.888018 0.973684
vt 0.886641 0.972904
vt 0.886641 0.971318
vt 0.888017 0.970513
vt 0.889394 0.971294
vt 0.889394 0.972879
vt 0.131258 0.970513
vt 0.133311 0.970563
vt 0.133311 0.977273
vt 0.131258 0.977223
vt 0.799526 0.827886
vt 0.801576 0.827886
vt 0.801576 0.833675
vt 0.799526 0.833675
vt 0.121437 0.970229
vt 0.121437 0.963025
vt 0.127209 0.962978
vt 0.127208 0.970184
vt 0.608590 0.866668
vt 0.606536 0.866686
vt 0.606536 0.861008
vt 0.608590 0.860990
vt 0.032033 0.837436
vt 0.024825 0.837491
vt 0.024825 0.831720
vt 0.032035 0.831664
vt 0.608590 0.850791
vt 0.606536 0.850809
vt 0.606536 0.845131
vt 0.608590 0.845113
vt 0.032028 0.853574
vt 0.024825 0.853628
vt 0.024825 0.847857
vt 0.032030 0.847802
vt 0.801576 0.817488
vt 0.803938 0.817487
vt 0.803938 0.827885
vt 0.799526 0.817488
vt 0.799526 0.811699
vt 0.801576 0.811699
vt 0.745932 0.969977
vt 0.745932 0.962978
vt 0.748286 0.963020
vt 0.748286 0.970020
vt 0.781352 0.969686
vt 0.781352 0.962978
vt 0.783715 0.963037
vt 0.783715 0.969745
vt 0.604172 0.861029
vt 0.604172 0.850830
vt 0.032977 0.980019
vt 0.031606 0.980800
vt 0.030234 0.979997
vt 0.030234 0.978411
vt 0.031606 0.977629
vt 0.032977 0.978433
vt 0.657189 0.979161
vt 0.659108 0.979161
vt 0.659211 0.980295
vt 0.657291 0.980295
vt 0.000068 0.982792
vt 0.001995 0.982792
vt 0.001995 0.984362
vt 0.000068 0.984362
vt 0.419509 0.983738
vt 0.419509 0.981810
vt 0.421069 0.981824
vt 0.421069 0.983752
vt 0.034349 0.980800
vt 0.032977 0.980018
vt 0.032977 0.978433
vt 0.034349 0.977629
vt 0.035720 0.978411
vt 0.035720 0.979997
vt -0.000000 0.981810
vt 0.001927 0.981810
vt 0.001995 0.981810
vt 0.003923 0.981811
vt 0.003988 0.982793
vt 0.002061 0.982793
vt 0.676938 0.977629
vt 0.678858 0.977629
vt 0.678805 0.979160
vt 0.676885 0.979160
vt 0.424189 0.983738
vt 0.424189 0.981810
vt 0.425749 0.981824
vt 0.425749 0.983752
vt 0.003985 0.984364
vt 0.002058 0.984364
vt 0.995819 0.972903
vt 0.994446 0.973685
vt 0.993074 0.972880
vt 0.993074 0.971295
vt 0.994446 0.970514
vt 0.995819 0.971318
vt 0.678905 0.980294
vt 0.676985 0.980293
vt 0.243056 0.983736
vt 0.243056 0.981810
vt 0.244646 0.981811
vt 0.244646 0.983736
vt 0.244646 0.983736
vt 0.244646 0.981810
vt 0.246236 0.981811
vt 0.246236 0.983736
vt 0.657239 0.977629
vt 0.659159 0.977629
vt 0.011022 0.978424
vt 0.011022 0.980004
vt 0.009644 0.980788
vt 0.008266 0.979994
vt 0.008266 0.978414
vt 0.009644 0.977629
vt 0.122335 0.903212
vt 0.122335 0.895968
vt 0.128100 0.895909
vt 0.128099 0.903156
vt 0.029006 0.970513
vt 0.031048 0.970570
vt 0.031048 0.977609
vt 0.029006 0.977552
vt 0.328420 0.876186
vt 0.335665 0.876258
vt 0.335665 0.886613
vt 0.328426 0.886541
vt 0.120995 0.970514
vt 0.123046 0.970557
vt 0.123046 0.977284
vt 0.120995 0.977240
vt 0.153698 0.827788
vt 0.155750 0.827787
vt 0.155750 0.833576
vt 0.153698 0.833577
vt 0.597312 0.903549
vt 0.597312 0.896314
vt 0.603077 0.896255
vt 0.603077 0.903494
vt 0.771056 0.862358
vt 0.769002 0.862373
vt 0.769002 0.856689
vt 0.771056 0.856674
vt 0.357934 0.817227
vt 0.350690 0.817297
vt 0.350690 0.811532
vt 0.357936 0.811462
vt 0.771056 0.846465
vt 0.769002 0.846480
vt 0.769002 0.840796
vt 0.771056 0.840781
vt 0.357926 0.833348
vt 0.350691 0.833416
vt 0.350691 0.827652
vt 0.357929 0.827583
vt 0.155750 0.817389
vt 0.158112 0.817388
vt 0.158112 0.827786
vt 0.153698 0.817390
vt 0.153698 0.811601
vt 0.155750 0.811600
vt 0.679884 0.970021
vt 0.679884 0.962978
vt 0.682235 0.963044
vt 0.682235 0.970089
vt 0.774261 0.969702
vt 0.774261 0.962978
vt 0.776622 0.963030
vt 0.776622 0.969754
vt 0.766638 0.856706
vt 0.766638 0.846497
vt 0.095173 0.970513
vt 0.097216 0.970555
vt 0.097216 0.977552
vt 0.095173 0.977510
vt 0.896950 0.972903
vt 0.895572 0.973681
vt 0.894194 0.972875
vt 0.894194 0.971291
vt 0.895572 0.970513
vt 0.896950 0.971319
vt 0.492515 0.979166
vt 0.494432 0.979166
vt 0.494557 0.980313
vt 0.492639 0.980312
vt 0.496323 0.885905
vt 0.503529 0.885972
vt 0.503529 0.896327
vt 0.496329 0.896260
vt 0.981459 0.978609
vt 0.983385 0.978610
vt 0.983371 0.980186
vt 0.981445 0.980186
vt 0.430433 0.983739
vt 0.430433 0.981810
vt 0.431994 0.981822
vt 0.431994 0.983750
vt 0.907969 0.971316
vt 0.907969 0.972899
vt 0.906590 0.973678
vt 0.905211 0.972874
vt 0.905211 0.971292
vt 0.906590 0.970513
vt 0.981385 0.977629
vt 0.983311 0.977629
vt 0.979387 0.977629
vt 0.981313 0.977629
vt 0.981385 0.978611
vt 0.979459 0.978611
vt 0.508652 0.977629
vt 0.510570 0.977629
vt 0.510523 0.979165
vt 0.508605 0.979164
vt 0.428872 0.983739
vt 0.428872 0.981810
vt 0.430433 0.981822
vt 0.430433 0.983750
vt 0.981369 0.980190
vt 0.979443 0.980189
vt 0.835766 0.973709
vt 0.834399 0.972910
vt 0.834399 0.971313
vt 0.835766 0.970513
vt 0.837134 0.971312
vt 0.837134 0.972910
vt 0.510645 0.980309
vt 0.508728 0.980309
vt 0.230357 0.983736
vt 0.230357 0.981810
vt 0.231947 0.981811
vt 0.231947 0.983737
vt 0.098322 0.970239
vt 0.098322 0.963034
vt 0.104087 0.962978
vt 0.104087 0.970187
vt 0.231947 0.983736
vt 0.231947 0.981810
vt 0.233537 0.981811
vt 0.233537 0.983737
vt 0.492560 0.977629
vt 0.494477 0.977629
vt 0.844015 0.973681
vt 0.842635 0.972903
vt 0.842635 0.971319
vt 0.844014 0.970513
vt 0.845394 0.971292
vt 0.845394 0.972875
vt 0.145632 0.970513
vt 0.147683 0.970574
vt 0.147683 0.977263
vt 0.145632 0.977202
vt 0.447102 0.827708
vt 0.449154 0.827707
vt 0.449154 0.833496
vt 0.447102 0.833497
vt 0.150334 0.970229
vt 0.150334 0.963033
vt 0.156099 0.962978
vt 0.156098 0.970178
vt 0.672130 0.862004
vt 0.670076 0.862019
vt 0.670076 0.856335
vt 0.672130 0.856320
vt 0.268619 0.837458
vt 0.261414 0.837522
vt 0.261414 0.831757
vt 0.268622 0.831693
vt 0.672130 0.846111
vt 0.670076 0.846125
vt 0.670076 0.840441
vt 0.672130 0.840427
vt 0.268610 0.853579
vt 0.261414 0.853642
vt 0.261414 0.847877
vt 0.268613 0.847814
vt 0.449154 0.817309
vt 0.451516 0.817308
vt 0.451516 0.827706
vt 0.447102 0.817310
vt 0.447102 0.811521
vt 0.449154 0.811520
vt 0.743580 0.969979
vt 0.743580 0.962978
vt 0.745932 0.963027
vt 0.745932 0.970029
vt 0.797893 0.969664
vt 0.797893 0.962978
vt 0.800254 0.963048
vt 0.800254 0.969734
vt 0.667711 0.856351
vt 0.667711 0.846142
vt 0.063201 0.979999
vt 0.063201 0.978423
vt 0.064578 0.977629
vt 0.065955 0.978412
vt 0.065955 0.979988
vt 0.064578 0.980782
vt 0.548741 0.979159
vt 0.550659 0.979159
vt 0.550773 0.980298
vt 0.548856 0.980298
vt 0.993583 0.978602
vt 0.995509 0.978602
vt 0.995505 0.980172
vt 0.993578 0.980171
vt 0.427310 0.983738
vt 0.427310 0.981810
vt 0.428872 0.981822
vt 0.428872 0.983750
vt 0.067326 0.980797
vt 0.065955 0.980018
vt 0.065955 0.978434
vt 0.067326 0.977629
vt 0.068696 0.978409
vt 0.068696 0.979993
vt 0.993499 0.977629
vt 0.995425 0.977629
vt 0.991492 0.977629
vt 0.993418 0.977629
vt 0.993499 0.978603
vt 0.991573 0.978603
vt 0.639320 0.977629
vt 0.641238 0.977629
vt 0.641181 0.979157
vt 0.639263 0.979157
vt 0.425749 0.983738
vt 0.425749 0.981810
vt 0.427310 0.981821
vt 0.427310 0.983750
vt 0.993493 0.980175
vt 0.991567 0.980175
vt 0.046681 0.980003
vt 0.046681 0.978425
vt 0.048058 0.977629
vt 0.049436 0.978411
vt 0.049436 0.979989
vt 0.048059 0.980785
vt 0.641293 0.980294
vt 0.639375 0.980293
vt 0.228766 0.983736
vt 0.228766 0.981810
vt 0.230357 0.981811
vt 0.230357 0.983737
vt 0.227176 0.983736
vt 0.227176 0.981810
vt 0.228766 0.981811
vt 0.228766 0.983737
vt 0.548796 0.977630
vt 0.550714 0.977630
vt 0.052191 0.978425
vt 0.052190 0.980003
vt 0.050813 0.980785
vt 0.049436 0.979989
vt 0.049436 0.978411
vt 0.050814 0.977629
vt 0.267162 0.903219
vt 0.267162 0.895962
vt 0.272922 0.895897
vt 0.272922 0.903158
vt 0.024925 0.970513
vt 0.026965 0.970571
vt 0.026965 0.977629
vt 0.024925 0.977570
vt 0.054088 0.876183
vt 0.061345 0.876261
vt 0.061345 0.886606
vt 0.054096 0.886529
vt 0.129209 0.970513
vt 0.131258 0.970569
vt 0.131258 0.977284
vt 0.129209 0.977228
vt 0.056931 0.827363
vt 0.058983 0.827361
vt 0.058983 0.833150
vt 0.056931 0.833151
vt 0.378673 0.903488
vt 0.378673 0.896243
vt 0.384432 0.896179
vt 0.384432 0.903428
vt 0.744904 0.856458
vt 0.742849 0.856470
vt 0.742849 0.850778
vt 0.744904 0.850766
vt 0.402454 0.817108
vt 0.395199 0.817183
vt 0.395198 0.811424
vt 0.402458 0.811348
vt 0.744904 0.840543
vt 0.742849 0.840554
vt 0.742849 0.834862
vt 0.744904 0.834851
vt 0.402441 0.833214
vt 0.395198 0.833288
vt 0.395198 0.827529
vt 0.402445 0.827454
vt 0.058983 0.816964
vt 0.061346 0.816962
vt 0.061346 0.827359
vt 0.056931 0.816966
vt 0.056931 0.811177
vt 0.058983 0.811176
vt 0.625533 0.970041
vt 0.625532 0.962978
vt 0.627882 0.963046
vt 0.627882 0.970110
vt 0.783715 0.969688
vt 0.783715 0.962978
vt 0.786075 0.963043
vt 0.786075 0.969754
vt 0.740484 0.850791
vt 0.740484 0.840567
vt 0.089033 0.970513
vt 0.091073 0.970559
vt 0.091073 0.977560
vt 0.089033 0.977513
vt 0.868779 0.973710
vt 0.867413 0.972911
vt 0.867413 0.971312
vt 0.868779 0.970513
vt 0.870145 0.971313
vt 0.870145 0.972911
vt 0.454077 0.979166
vt 0.455993 0.979166
vt 0.456123 0.980323
vt 0.454207 0.980322
vt 0.604172 0.886386
vt 0.611374 0.886459
vt 0.611374 0.896804
vt 0.604180 0.896732
vt 0.965390 0.978600
vt 0.967315 0.978600
vt 0.967301 0.980180
vt 0.965376 0.980179
vt 0.413255 0.983739
vt 0.413255 0.981810
vt 0.414819 0.981819
vt 0.414819 0.983748
vt 0.883903 0.971321
vt 0.883903 0.972903
vt 0.882524 0.973679
vt 0.881145 0.972871
vt 0.881145 0.971288
vt 0.882524 0.970513
vt 0.965301 0.977629
vt 0.967226 0.977629
vt 0.955241 0.977629
vt 0.957166 0.977629
vt 0.957253 0.978603
vt 0.955328 0.978603
vt 0.472299 0.977630
vt 0.474215 0.977630
vt 0.474162 0.979164
vt 0.472246 0.979164
vt 0.416382 0.983739
vt 0.416382 0.981810
vt 0.417946 0.981819
vt 0.417946 0.983748
vt 0.957237 0.980184
vt 0.955312 0.980184
vt 0.590957 0.973715
vt 0.589591 0.972912
vt 0.589591 0.971312
vt 0.590957 0.970514
vt 0.592324 0.971317
vt 0.592324 0.972917
vt 0.474290 0.980318
vt 0.472374 0.980317
vt 0.216070 0.983737
vt 0.216070 0.981810
vt 0.217660 0.981812
vt 0.217660 0.983738
vt 0.127209 0.970241
vt 0.127209 0.963039
vt 0.132968 0.962978
vt 0.132968 0.970183
vt 0.217660 0.983737
vt 0.217660 0.981810
vt 0.219250 0.981812
vt 0.219250 0.983738
vt 0.454128 0.977630
vt 0.456044 0.977630
vt 0.595083 0.971324
vt 0.595083 0.972908
vt 0.593703 0.973683
vt 0.592324 0.972872
vt 0.592323 0.971287
vt 0.593704 0.970513
vt 0.176364 0.970513
vt 0.178413 0.970582
vt 0.178413 0.977244
vt 0.176364 0.977175
vt 0.503616 0.826748
vt 0.505668 0.826746
vt 0.505668 0.832535
vt 0.503616 0.832537
vt 0.173426 0.970228
vt 0.173426 0.963040
vt 0.179185 0.962978
vt 0.179185 0.970172
vt 0.734876 0.856458
vt 0.732822 0.856470
vt 0.732822 0.850778
vt 0.734876 0.850766
vt 0.200560 0.837604
vt 0.193360 0.837674
vt 0.193360 0.831915
vt 0.200565 0.831844
vt 0.734876 0.840542
vt 0.732822 0.840554
vt 0.732822 0.834862
vt 0.734876 0.834850
vt 0.200548 0.853710
vt 0.193360 0.853779
vt 0.193360 0.848019
vt 0.200552 0.847950
vt 0.505668 0.816349
vt 0.508030 0.816347
vt 0.508030 0.826744
vt 0.503616 0.816351
vt 0.503616 0.810563
vt 0.505668 0.810561
vt 0.738874 0.969984
vt 0.738873 0.962978
vt 0.741223 0.963032
vt 0.741223 0.970039
vt 0.830938 0.969636
vt 0.830939 0.962978
vt 0.833298 0.963058
vt 0.833298 0.969716
vt 0.730456 0.850791
vt 0.730456 0.840567
vt 0.086487 0.980807
vt 0.085124 0.980021
vt 0.085124 0.978432
vt 0.086487 0.977629
vt 0.087851 0.978415
vt 0.087851 0.980004
vt 0.528663 0.979156
vt 0.530579 0.979156
vt 0.530701 0.980301
vt 0.528785 0.980301
vt 0.985510 0.978590
vt 0.987435 0.978590
vt 0.987429 0.980159
vt 0.985504 0.980158
vt 0.417946 0.983739
vt 0.417946 0.981810
vt 0.419509 0.981819
vt 0.419509 0.983748
vt 0.090578 0.980021
vt 0.089214 0.980807
vt 0.087851 0.980004
vt 0.087851 0.978416
vt 0.089214 0.977630
vt 0.090578 0.978432
vt 0.985414 0.977629
vt 0.987339 0.977629
vt 0.977368 0.977629
vt 0.979293 0.977629
vt 0.979387 0.978592
vt 0.977462 0.978592
vt 0.540774 0.977629
vt 0.542690 0.977629
vt 0.542629 0.979152
vt 0.540713 0.979153
vt 0.414819 0.983739
vt 0.414819 0.981810
vt 0.416382 0.981819
vt 0.416382 0.983748
vt 0.979379 0.980163
vt 0.977454 0.980163
vt 0.068696 0.980002
vt 0.068696 0.978426
vt 0.070073 0.977630
vt 0.071450 0.978408
vt 0.071450 0.979985
vt 0.070073 0.980781
vt 0.542750 0.980296
vt 0.540834 0.980295
vt 0.212889 0.983737
vt 0.212889 0.981810
vt 0.214480 0.981812
vt 0.214480 0.983738
vt 0.214480 0.983737
vt 0.214480 0.981810
vt 0.216070 0.981812
vt 0.216070 0.983738
vt 0.528722 0.977630
vt 0.530638 0.977630
vt 0.074178 0.980022
vt 0.072814 0.980811
vt 0.071450 0.980009
vt 0.071450 0.978419
vt 0.072814 0.977630
vt 0.074178 0.978432
vt 0.937602 0.303188
vt 0.941515 0.303308
vt 0.941519 0.579640
vt 0.937602 0.579485
vt 0.434089 0.617392
vt 0.437990 0.617469
vt 0.437984 0.912523
vt 0.434089 0.912376
vt 0.842162 0.001487
vt 0.846504 0.001608
vt 0.846504 0.303086
vt 0.842170 0.303188
vt 0.675516 0.155151
vt 0.683331 0.154930
vt 0.683331 0.456840
vt 0.675528 0.456659
vt 0.968867 0.303188
vt 0.970809 0.303243
vt 0.970809 0.604691
vt 0.968870 0.604737
vt 0.970758 0.909061
vt 0.968819 0.909107
vt 0.968816 0.607256
vt 0.970758 0.607310
vt 0.318739 0.617127
vt 0.322666 0.617156
vt 0.322666 0.912240
vt 0.318743 0.912130
vt 0.941497 0.607256
vt 0.945389 0.607466
vt 0.945389 0.883671
vt 0.941489 0.883437
vt 0.949305 0.880308
vt 0.945394 0.880174
vt 0.945389 0.607256
vt 0.949305 0.607424
vt 0.111074 0.619575
vt 0.114976 0.619639
vt 0.114976 0.910973
vt 0.111081 0.910839
vt 0.881365 0.303188
vt 0.885706 0.303307
vt 0.885699 0.601060
vt 0.881365 0.601164
vt 0.706892 0.454689
vt 0.714708 0.454471
vt 0.714708 0.752657
vt 0.706905 0.752473
vt 0.988373 0.303188
vt 0.990316 0.303242
vt 0.990312 0.600966
vt 0.988373 0.601012
vt 0.990261 0.905336
vt 0.988322 0.905382
vt 0.988322 0.607256
vt 0.990264 0.607309
vt 0.232784 0.618506
vt 0.236710 0.618523
vt 0.236707 0.909886
vt 0.232784 0.909789
vt 0.949316 0.273078
vt 0.945424 0.272855
vt 0.945424 0.000062
vt 0.949323 0.000310
vt 0.221983 0.903224
vt 0.221983 0.895952
vt 0.227737 0.895889
vt 0.227736 0.903167
vt 0.969452 0.962978
vt 0.971491 0.963035
vt 0.971491 0.970120
vt 0.969452 0.970061
vt 0.462134 0.875477
vt 0.469406 0.875550
vt 0.469406 0.885886
vt 0.462145 0.885813
vt 0.143584 0.970513
vt 0.145632 0.970581
vt 0.145632 0.977274
vt 0.143584 0.977206
vt 0.380288 0.826571
vt 0.382340 0.826568
vt 0.382340 0.832355
vt 0.380288 0.832358
vt 0.128100 0.903225
vt 0.128100 0.895971
vt 0.133854 0.895908
vt 0.133854 0.903168
vt 0.295397 0.855682
vt 0.293342 0.855691
vt 0.293342 0.849986
vt 0.295397 0.849978
vt 0.056925 0.816930
vt 0.049655 0.817002
vt 0.049655 0.811247
vt 0.056931 0.811176
vt 0.295397 0.839731
vt 0.293342 0.839740
vt 0.293342 0.834035
vt 0.295397 0.834027
vt 0.056908 0.833021
vt 0.049655 0.833091
vt 0.049655 0.827337
vt 0.056914 0.827267
vt 0.382340 0.816173
vt 0.384704 0.816170
vt 0.384704 0.826565
vt 0.380288 0.816176
vt 0.380288 0.810389
vt 0.382340 0.810386
vt 0.611390 0.970068
vt 0.611390 0.962978
vt 0.613737 0.963044
vt 0.613737 0.970136
vt 0.800254 0.969665
vt 0.800254 0.962978
vt 0.802612 0.963057
vt 0.802612 0.969744
vt 0.290976 0.849996
vt 0.290976 0.839749
vt 0.084946 0.970513
vt 0.086985 0.970562
vt 0.086985 0.977571
vt 0.084946 0.977521
vt 0.861900 0.972909
vt 0.861900 0.971324
vt 0.863279 0.970514
vt 0.864657 0.971287
vt 0.864657 0.972872
vt 0.863279 0.973683
vt 0.441948 0.979162
vt 0.443863 0.979163
vt 0.443998 0.980333
vt 0.442084 0.980333
vt 0.641391 0.886540
vt 0.648587 0.886609
vt 0.648587 0.896945
vt 0.641402 0.896876
vt 0.953318 0.978587
vt 0.955241 0.978586
vt 0.955227 0.980170
vt 0.953303 0.980170
vt 0.396083 0.983739
vt 0.396083 0.981811
vt 0.397650 0.981817
vt 0.397650 0.983746
vt 0.867414 0.971323
vt 0.867414 0.972908
vt 0.866036 0.973683
vt 0.864657 0.972872
vt 0.864657 0.971288
vt 0.866036 0.970513
vt 0.953216 0.977629
vt 0.955139 0.977630
vt 0.947206 0.977629
vt 0.949130 0.977629
vt 0.949230 0.978590
vt 0.947307 0.978590
vt 0.446064 0.977630
vt 0.447978 0.977630
vt 0.447920 0.979159
vt 0.446006 0.979159
vt 0.391382 0.983739
vt 0.391382 0.981810
vt 0.392949 0.981817
vt 0.392949 0.983746
vt 0.949214 0.980176
vt 0.947291 0.980176
vt 0.575830 0.972915
vt 0.575830 0.971327
vt 0.577208 0.970513
vt 0.578588 0.971285
vt 0.578588 0.972873
vt 0.577209 0.973688
vt 0.448055 0.980327
vt 0.446140 0.980327
vt 0.200199 0.983737
vt 0.200199 0.981810
vt 0.201789 0.981813
vt 0.201789 0.983739
vt 0.167671 0.970235
vt 0.167671 0.963039
vt 0.173426 0.962978
vt 0.173426 0.970180
vt 0.198609 0.983737
vt 0.198609 0.981810
vt 0.200199 0.981812
vt 0.200199 0.983739
vt 0.442004 0.977629
vt 0.443919 0.977630
vt 0.581346 0.971328
vt 0.581346 0.972915
vt 0.579967 0.973688
vt 0.578588 0.972873
vt 0.578588 0.971286
vt 0.579967 0.970513
vt 0.182509 0.970513
vt 0.184556 0.970590
vt 0.184556 0.977213
vt 0.182509 0.977136
vt 0.491027 0.826587
vt 0.493080 0.826584
vt 0.493080 0.832371
vt 0.491027 0.832374
vt 0.219679 0.970217
vt 0.219679 0.963038
vt 0.225433 0.962978
vt 0.225433 0.970163
vt 0.687160 0.855666
vt 0.685105 0.855674
vt 0.685105 0.849969
vt 0.687160 0.849961
vt 0.380159 0.837959
vt 0.372964 0.838027
vt 0.372964 0.832273
vt 0.380165 0.832205
vt 0.687160 0.839715
vt 0.685105 0.839723
vt 0.685105 0.834018
vt 0.687160 0.834010
vt 0.380142 0.854050
vt 0.372964 0.854117
vt 0.372964 0.848363
vt 0.380148 0.848296
vt 0.493080 0.816190
vt 0.495443 0.816187
vt 0.495443 0.826581
vt 0.491027 0.816193
vt 0.491027 0.810406
vt 0.493080 0.810403
vt 0.731801 0.969992
vt 0.731801 0.962978
vt 0.734148 0.963035
vt 0.734148 0.970050
vt 0.840367 0.969595
vt 0.840367 0.962978
vt 0.842725 0.963068
vt 0.842725 0.969685
vt 0.682739 0.849979
vt 0.682739 0.839733
vt 0.134567 0.979993
vt 0.134567 0.978421
vt 0.135941 0.977629
vt 0.137316 0.978410
vt 0.137316 0.979982
vt 0.135941 0.980774
vt 0.506561 0.979148
vt 0.508475 0.979148
vt 0.508605 0.980305
vt 0.506691 0.980304
vt 0.995616 0.978573
vt 0.997539 0.978573
vt 0.997530 0.980142
vt 0.995606 0.980142
vt 0.394516 0.983739
vt 0.394516 0.981810
vt 0.396083 0.981817
vt 0.396083 0.983746
vt 0.140065 0.978421
vt 0.140065 0.979994
vt 0.138690 0.980775
vt 0.137316 0.979982
vt 0.137316 0.978410
vt 0.138691 0.977629
vt 0.995509 0.977629
vt 0.997432 0.977629
vt 0.983385 0.977629
vt 0.985309 0.977629
vt 0.985414 0.978577
vt 0.983491 0.978576
vt 0.526684 0.977630
vt 0.528598 0.977630
vt 0.528535 0.979145
vt 0.526620 0.979145
vt 0.392949 0.983739
vt 0.392949 0.981810
vt 0.394516 0.981817
vt 0.394516 0.983746
vt 0.985403 0.980149
vt 0.983480 0.980148
vt 0.082396 0.980015
vt 0.081025 0.980791
vt 0.079655 0.979986
vt 0.079655 0.978405
vt 0.081026 0.977629
vt 0.082396 0.978434
vt 0.528663 0.980298
vt 0.526749 0.980298
vt 0.203379 0.983737
vt 0.203379 0.981810
vt 0.204968 0.981813
vt 0.204968 0.983739
vt 0.201789 0.983737
vt 0.201789 0.981810
vt 0.203379 0.981813
vt 0.203379 0.983739
vt 0.506623 0.977630
vt 0.508538 0.977630
vt 0.085124 0.980018
vt 0.083760 0.980807
vt 0.082397 0.980007
vt 0.082397 0.978418
vt 0.083760 0.977629
vt 0.085124 0.978429
vt 0.239050 0.903226
vt 0.239050 0.895940
vt 0.244800 0.895890
vt 0.244800 0.903183
vt 0.960948 0.962978
vt 0.962986 0.963034
vt 0.962986 0.970147
vt 0.960949 0.970090
vt 0.496323 0.875521
vt 0.503609 0.875576
vt 0.503609 0.885905
vt 0.496337 0.885851
vt 0.176364 0.977254
vt 0.174318 0.977177
vt 0.174318 0.970513
vt 0.176364 0.970591
vt 0.402458 0.827525
vt 0.404511 0.827521
vt 0.404511 0.833305
vt 0.402458 0.833309
vt 0.591562 0.903569
vt 0.591562 0.896305
vt 0.597312 0.896255
vt 0.597312 0.903527
vt 0.429193 0.855604
vt 0.427138 0.855609
vt 0.427138 0.849889
vt 0.429193 0.849884
vt 0.503608 0.816312
vt 0.496323 0.816365
vt 0.496323 0.810615
vt 0.503616 0.810561
vt 0.429193 0.839610
vt 0.427138 0.839615
vt 0.427138 0.833895
vt 0.429193 0.833890
vt 0.503586 0.832391
vt 0.496323 0.832444
vt 0.496323 0.826694
vt 0.503594 0.826641
vt 0.404511 0.817132
vt 0.406875 0.817128
vt 0.406875 0.827516
vt 0.402458 0.817136
vt 0.402458 0.811352
vt 0.404511 0.811348
vt 0.606677 0.970099
vt 0.606677 0.962978
vt 0.609023 0.963043
vt 0.609023 0.970165
vt 0.835654 0.963068
vt 0.835654 0.969725
vt 0.833298 0.969635
vt 0.833298 0.962978
vt 0.424772 0.849896
vt 0.424772 0.839622
vt 0.080858 0.970513
vt 0.082896 0.970564
vt 0.082896 0.977582
vt 0.080858 0.977530
vt 0.676246 0.973711
vt 0.674879 0.972904
vt 0.674879 0.971305
vt 0.676246 0.970513
vt 0.677613 0.971321
vt 0.677613 0.972920
vt 0.417793 0.979156
vt 0.419707 0.979156
vt 0.419845 0.980346
vt 0.417931 0.980345
vt 0.328420 0.886613
vt 0.335611 0.886665
vt 0.335611 0.896993
vt 0.328434 0.896942
vt 0.959405 0.978568
vt 0.961327 0.978568
vt 0.961313 0.980157
vt 0.959391 0.980156
vt 0.378856 0.983740
vt 0.378856 0.981811
vt 0.380427 0.981815
vt 0.380427 0.983744
vt 0.740885 0.971326
vt 0.740885 0.972913
vt 0.739509 0.973689
vt 0.738132 0.972876
vt 0.738132 0.971288
vt 0.739509 0.970513
vt 0.959293 0.977630
vt 0.961215 0.977630
vt 0.949230 0.977629
vt 0.951152 0.977629
vt 0.951263 0.978572
vt 0.949341 0.978572
vt 0.429971 0.977630
vt 0.431884 0.977630
vt 0.431822 0.979153
vt 0.429909 0.979153
vt 0.381999 0.983739
vt 0.381999 0.981810
vt 0.383570 0.981815
vt 0.383570 0.983744
vt 0.951248 0.980164
vt 0.949326 0.980164
vt 0.564848 0.972923
vt 0.564848 0.971331
vt 0.566225 0.970513
vt 0.567604 0.971286
vt 0.567604 0.972877
vt 0.566226 0.973696
vt 0.431959 0.980338
vt 0.430046 0.980338
vt 0.195431 0.983738
vt 0.195431 0.981810
vt 0.197020 0.981813
vt 0.197020 0.983741
vt 0.231222 0.970216
vt 0.231222 0.963026
vt 0.236972 0.962978
vt 0.236972 0.970175
vt 0.193842 0.983738
vt 0.193842 0.981810
vt 0.195431 0.981814
vt 0.195431 0.983741
vt 0.417854 0.977629
vt 0.419768 0.977629
vt 0.570340 0.972906
vt 0.568972 0.973718
vt 0.567604 0.972928
vt 0.567604 0.971326
vt 0.568972 0.970514
vt 0.570340 0.971304
vt 0.197443 0.977172
vt 0.195397 0.977089
vt 0.195397 0.970513
vt 0.197443 0.970597
vt 0.357936 0.827638
vt 0.359990 0.827634
vt 0.359990 0.833418
vt 0.357936 0.833422
vt 0.294740 0.970195
vt 0.294740 0.963026
vt 0.300491 0.962978
vt 0.300491 0.970154
vt 0.581500 0.855642
vt 0.579445 0.855648
vt 0.579445 0.849928
vt 0.581501 0.849922
vt 0.503512 0.838195
vt 0.496323 0.838246
vt 0.496323 0.832495
vt 0.503520 0.832444
vt 0.581501 0.839648
vt 0.579445 0.839654
vt 0.579445 0.833934
vt 0.581501 0.833928
vt 0.503491 0.854274
vt 0.496323 0.854325
vt 0.496323 0.848574
vt 0.503499 0.848524
vt 0.359990 0.817246
vt 0.362354 0.817241
vt 0.362354 0.827630
vt 0.357936 0.817250
vt 0.357936 0.811466
vt 0.359990 0.811462
vt 0.727092 0.970003
vt 0.727092 0.962978
vt 0.729438 0.963037
vt 0.729438 0.970064
vt 0.847434 0.963075
vt 0.847434 0.969644
vt 0.845078 0.969547
vt 0.845078 0.962978
vt 0.577079 0.849934
vt 0.577079 0.839660
vt 0.167487 0.979991
vt 0.167487 0.978418
vt 0.168858 0.977629
vt 0.170231 0.978412
vt 0.170231 0.979984
vt 0.168859 0.980774
vt 0.480378 0.979139
vt 0.482292 0.979139
vt 0.482426 0.980310
vt 0.480512 0.980310
vt 0.014084 0.982732
vt 0.016006 0.982732
vt 0.015995 0.984304
vt 0.014073 0.984304
vt 0.380427 0.983740
vt 0.380427 0.981810
vt 0.381999 0.981815
vt 0.381999 0.983744
vt 0.172975 0.978418
vt 0.172975 0.979990
vt 0.171604 0.980774
vt 0.170231 0.979984
vt 0.170231 0.978412
vt 0.171603 0.977629
vt 0.013970 0.981810
vt 0.015892 0.981810
vt 0.997539 0.977629
vt 0.999461 0.977629
vt 0.999575 0.978555
vt 0.997653 0.978555
vt 0.504580 0.977629
vt 0.506494 0.977629
vt 0.506428 0.979135
vt 0.504514 0.979135
vt 0.383570 0.983740
vt 0.383570 0.981810
vt 0.385141 0.981815
vt 0.385141 0.983744
vt 0.999563 0.980130
vt 0.997641 0.980130
vt 0.115364 0.979999
vt 0.115364 0.978424
vt 0.116737 0.977630
vt 0.118110 0.978410
vt 0.118110 0.979986
vt 0.116737 0.980781
vt 0.506561 0.980302
vt 0.504647 0.980302
vt 0.197020 0.983738
vt 0.197020 0.981810
vt 0.198609 0.981814
vt 0.198609 0.983741
vt 0.192254 0.983738
vt 0.192253 0.981810
vt 0.193842 0.981813
vt 0.193842 0.983741
vt 0.480443 0.977630
vt 0.482357 0.977629
vt 0.120838 0.980013
vt 0.119474 0.980802
vt 0.118111 0.980005
vt 0.118111 0.978418
vt 0.119475 0.977629
vt 0.120838 0.978427
vt 0.261414 0.903236
vt 0.261414 0.895937
vt 0.267162 0.895897
vt 0.267162 0.903206
vt 0.956858 0.962977
vt 0.958896 0.963029
vt 0.958895 0.970172
vt 0.956858 0.970120
vt 0.641392 0.876177
vt 0.648691 0.876215
vt 0.648691 0.886540
vt 0.641409 0.886502
vt 0.182509 0.977225
vt 0.180464 0.977138
vt 0.180464 0.970513
vt 0.182509 0.970600
vt 0.335644 0.827884
vt 0.337698 0.827878
vt 0.337698 0.833657
vt 0.335644 0.833662
vt 0.489491 0.903597
vt 0.489491 0.896324
vt 0.495239 0.896285
vt 0.495239 0.903567
vt 0.340065 0.855435
vt 0.338010 0.855439
vt 0.338010 0.849703
vt 0.340065 0.849700
vt 0.491018 0.816151
vt 0.483720 0.816189
vt 0.483720 0.810440
vt 0.491027 0.810403
vt 0.340065 0.839398
vt 0.338010 0.839401
vt 0.338010 0.833666
vt 0.340065 0.833662
vt 0.490992 0.832224
vt 0.483720 0.832261
vt 0.483720 0.826513
vt 0.491001 0.826476
vt 0.337698 0.817500
vt 0.340062 0.817493
vt 0.340062 0.827872
vt 0.335644 0.817505
vt 0.335644 0.811726
vt 0.337698 0.811721
vt 0.601968 0.970131
vt 0.601968 0.962978
vt 0.604314 0.963038
vt 0.604314 0.970191
vt 0.840367 0.963078
vt 0.840367 0.969695
vt 0.838013 0.969595
vt 0.838013 0.962978
vt 0.335644 0.849707
vt 0.335644 0.839405
vt 0.074715 0.970513
vt 0.076753 0.970563
vt 0.076753 0.977592
vt 0.074715 0.977542
vt 0.581347 0.972919
vt 0.581347 0.971328
vt 0.582722 0.970513
vt 0.584098 0.971288
vt 0.584098 0.972879
vt 0.582722 0.973695
vt 0.397604 0.979149
vt 0.399517 0.979150
vt 0.399653 0.980359
vt 0.397740 0.980359
vt 0.174348 0.886716
vt 0.181531 0.886752
vt 0.181531 0.897077
vt 0.174364 0.897041
vt 0.973431 0.978546
vt 0.975353 0.978547
vt 0.975341 0.980140
vt 0.973419 0.980139
vt 0.353799 0.983740
vt 0.353799 0.981810
vt 0.355375 0.981813
vt 0.355375 0.983742
vt 0.586835 0.972900
vt 0.585466 0.973711
vt 0.584098 0.972923
vt 0.584098 0.971324
vt 0.585467 0.970513
vt 0.586835 0.971302
vt 0.973312 0.977629
vt 0.975234 0.977629
vt 0.957253 0.977630
vt 0.959174 0.977630
vt 0.959293 0.978551
vt 0.957371 0.978551
vt 0.413800 0.977630
vt 0.415714 0.977630
vt 0.415647 0.979145
vt 0.413734 0.979145
vt 0.355375 0.983740
vt 0.355375 0.981810
vt 0.356950 0.981813
vt 0.356950 0.983742
vt 0.959281 0.980149
vt 0.957360 0.980149
vt 0.560724 0.973720
vt 0.559355 0.972903
vt 0.559355 0.971300
vt 0.560725 0.970514
vt 0.562094 0.971331
vt 0.562094 0.972935
vt 0.415783 0.980350
vt 0.413870 0.980350
vt 0.209731 0.983738
vt 0.209731 0.981810
vt 0.211318 0.981814
vt 0.211318 0.983742
vt 0.283205 0.970199
vt 0.283205 0.963016
vt 0.288953 0.962978
vt 0.288953 0.970170
vt 0.204968 0.983738
vt 0.204968 0.981810
vt 0.206556 0.981815
vt 0.206556 0.983742
vt 0.397669 0.977629
vt 0.399583 0.977629
vt 0.564848 0.971335
vt 0.564848 0.972929
vt 0.563471 0.973703
vt 0.562094 0.972882
vt 0.562094 0.971286
vt 0.563471 0.970513
vt 0.203891 0.977121
vt 0.201846 0.977033
vt 0.201846 0.970513
vt 0.203891 0.970602
vt 0.313349 0.827978
vt 0.315403 0.827973
vt 0.315403 0.833751
vt 0.313349 0.833756
vt 0.335092 0.970173
vt 0.335092 0.963016
vt 0.340840 0.962978
vt 0.340840 0.970144
vt 0.011646 0.855434
vt 0.009591 0.855438
vt 0.009591 0.849702
vt 0.011646 0.849699
vt 0.447061 0.839266
vt 0.439878 0.839302
vt 0.439878 0.833554
vt 0.447070 0.833518
vt 0.011646 0.839396
vt 0.009591 0.839400
vt 0.009591 0.833664
vt 0.011646 0.833661
vt 0.447035 0.855339
vt 0.439878 0.855375
vt 0.439878 0.849627
vt 0.447044 0.849591
vt 0.315403 0.817594
vt 0.317768 0.817588
vt 0.317768 0.827967
vt 0.313349 0.817599
vt 0.313350 0.811821
vt 0.315403 0.811816
vt 0.720016 0.970016
vt 0.720016 0.962978
vt 0.722361 0.963035
vt 0.722361 0.970074
vt 0.854503 0.963081
vt 0.854503 0.969592
vt 0.852148 0.969490
vt 0.852148 0.962978
vt 0.007225 0.849706
vt 0.007225 0.839404
vt 0.196169 0.980789
vt 0.194806 0.980007
vt 0.194806 0.978427
vt 0.196169 0.977629
vt 0.197532 0.978412
vt 0.197532 0.979992
vt 0.462190 0.979128
vt 0.464103 0.979128
vt 0.464237 0.980316
vt 0.462324 0.980316
vt 0.030033 0.982707
vt 0.031955 0.982707
vt 0.031943 0.984280
vt 0.030022 0.984280
vt 0.350648 0.983740
vt 0.350648 0.981810
vt 0.352224 0.981813
vt 0.352224 0.983742
vt 0.200259 0.980006
vt 0.198896 0.980788
vt 0.197532 0.979991
vt 0.197533 0.978412
vt 0.198896 0.977629
vt 0.200259 0.978427
vt 0.029914 0.981810
vt 0.031836 0.981810
vt 0.025899 0.981810
vt 0.027820 0.981810
vt 0.027939 0.982712
vt 0.026018 0.982712
vt 0.488513 0.977629
vt 0.490426 0.977629
vt 0.490358 0.979123
vt 0.488445 0.979123
vt 0.352224 0.983740
vt 0.352224 0.981810
vt 0.353799 0.981813
vt 0.353799 0.983742
vt 0.027928 0.984290
vt 0.026006 0.984289
vt 0.140065 0.979998
vt 0.140065 0.978422
vt 0.141436 0.977629
vt 0.142807 0.978412
vt 0.142807 0.979988
vt 0.141436 0.980781
vt 0.490492 0.980306
vt 0.488579 0.980306
vt 0.208143 0.983738
vt 0.208143 0.981810
vt 0.209731 0.981815
vt 0.209731 0.983742
vt 0.206556 0.983738
vt 0.206556 0.981810
vt 0.208143 0.981814
vt 0.208143 0.983742
vt 0.462257 0.977629
vt 0.464171 0.977629
vt 0.145550 0.978422
vt 0.145550 0.979997
vt 0.144179 0.980781
vt 0.142808 0.979988
vt 0.142807 0.978412
vt 0.144179 0.977629
vt 0.949343 0.571903
vt 0.945431 0.571741
vt 0.945435 0.303188
vt 0.949343 0.303416
vt 0.906179 0.607256
vt 0.910076 0.607299
vt 0.910076 0.907341
vt 0.906173 0.907255
vt 0.850864 0.303188
vt 0.855195 0.303389
vt 0.855195 0.606558
vt 0.850859 0.606766
vt 0.667719 0.155290
vt 0.675516 0.154931
vt 0.675516 0.458771
vt 0.667711 0.458394
vt 0.119756 0.622467
vt 0.121693 0.622557
vt 0.121693 0.925612
vt 0.119754 0.925705
vt 0.215759 0.923360
vt 0.213820 0.923454
vt 0.213820 0.619663
vt 0.215757 0.619752
vt 0.894404 0.000062
vt 0.898328 0.000067
vt 0.898331 0.300247
vt 0.894404 0.300181
vt 0.953198 0.875848
vt 0.949305 0.875581
vt 0.949313 0.607256
vt 0.953198 0.607572
vt 0.957111 0.869923
vt 0.953198 0.869774
vt 0.953203 0.607256
vt 0.957111 0.607471
vt 0.134943 0.618272
vt 0.138840 0.618326
vt 0.138846 0.911652
vt 0.134943 0.911555
vt 0.885783 0.001487
vt 0.890114 0.001689
vt 0.890114 0.298037
vt 0.885778 0.298243
vt 0.683377 0.455462
vt 0.691174 0.455101
vt 0.691174 0.752119
vt 0.683369 0.751744
vt 0.992302 0.000063
vt 0.994239 0.000153
vt 0.994241 0.296386
vt 0.992302 0.296479
vt 0.992255 0.600065
vt 0.990316 0.600157
vt 0.990316 0.303188
vt 0.992253 0.303278
vt 0.430165 0.617393
vt 0.434089 0.617409
vt 0.434089 0.910872
vt 0.430162 0.910795
vt 0.957128 0.262607
vt 0.953234 0.262352
vt 0.953242 0.000063
vt 0.957128 0.000366
vt 0.372925 0.903493
vt 0.372925 0.896180
vt 0.378673 0.896180
vt 0.378673 0.903504
vt 0.952471 0.962978
vt 0.954509 0.963025
vt 0.954509 0.970201
vt 0.952471 0.970153
vt 0.651545 0.876210
vt 0.658859 0.876210
vt 0.658839 0.886534
vt 0.651545 0.886534
vt 0.195397 0.977183
vt 0.193353 0.977090
vt 0.193353 0.970513
vt 0.195397 0.970607
vt 0.223618 0.847804
vt 0.225672 0.847798
vt 0.225672 0.853565
vt 0.223618 0.853572
vt 0.613010 0.904122
vt 0.613010 0.896839
vt 0.618757 0.896839
vt 0.618757 0.904132
vt 0.384709 0.854201
vt 0.382654 0.854203
vt 0.382654 0.848449
vt 0.384709 0.848447
vt 0.380287 0.816134
vt 0.372975 0.816134
vt 0.372964 0.810386
vt 0.380288 0.810386
vt 0.384709 0.838112
vt 0.382654 0.838113
vt 0.382654 0.832359
vt 0.384709 0.832358
vt 0.380287 0.832205
vt 0.373005 0.832205
vt 0.372994 0.826457
vt 0.380287 0.826457
vt 0.225672 0.837439
vt 0.228036 0.837431
vt 0.228036 0.847790
vt 0.223618 0.837445
vt 0.223618 0.831678
vt 0.225672 0.831671
vt 0.599622 0.970165
vt 0.599622 0.962978
vt 0.601968 0.963032
vt 0.601968 0.970220
vt 0.845079 0.963086
vt 0.845079 0.969652
vt 0.842725 0.969545
vt 0.842725 0.962978
vt 0.380288 0.848451
vt 0.380288 0.838115
vt 0.068568 0.970514
vt 0.070606 0.970562
vt 0.070606 0.977604
vt 0.068568 0.977555
vt 0.571713 0.973705
vt 0.570340 0.972889
vt 0.570340 0.971294
vt 0.571713 0.970513
vt 0.573086 0.971330
vt 0.573086 0.972926
vt 0.387469 0.979137
vt 0.389382 0.979137
vt 0.389515 0.980374
vt 0.387601 0.980374
vt 0.620953 0.887276
vt 0.628131 0.887276
vt 0.628111 0.897599
vt 0.620953 0.897599
vt 0.004111 0.982699
vt 0.006032 0.982699
vt 0.006022 0.984300
vt 0.004101 0.984300
vt 0.320838 0.983740
vt 0.320838 0.981810
vt 0.322418 0.981812
vt 0.322418 0.983741
vt 0.575829 0.971328
vt 0.575829 0.972925
vt 0.574458 0.973707
vt 0.573086 0.972892
vt 0.573086 0.971295
vt 0.574458 0.970513
vt 0.003988 0.981810
vt 0.005909 0.981810
vt 0.987435 0.977629
vt 0.989356 0.977629
vt 0.989479 0.978523
vt 0.987558 0.978523
vt 0.403758 0.977629
vt 0.405671 0.977629
vt 0.405602 0.979132
vt 0.403689 0.979131
vt 0.323999 0.983740
vt 0.323999 0.981810
vt 0.325580 0.981812
vt 0.325580 0.983741
vt 0.989470 0.980130
vt 0.987549 0.980129
vt 0.549708 0.973715
vt 0.548334 0.972892
vt 0.548334 0.971291
vt 0.549708 0.970513
vt 0.551083 0.971337
vt 0.551083 0.972938
vt 0.405735 0.980363
vt 0.403821 0.980362
vt 0.233537 0.983738
vt 0.233537 0.981810
vt 0.235122 0.981815
vt 0.235122 0.983744
vt 0.363888 0.970155
vt 0.363888 0.962978
vt 0.369635 0.962978
vt 0.369635 0.970166
vt 0.236706 0.983739
vt 0.236706 0.981810
vt 0.238290 0.981815
vt 0.238290 0.983744
vt 0.387538 0.977629
vt 0.389451 0.977629
vt 0.553829 0.971336
vt 0.553829 0.972938
vt 0.552456 0.973717
vt 0.551083 0.972894
vt 0.551083 0.971292
vt 0.552456 0.970513
vt 0.210026 0.977059
vt 0.207981 0.976968
vt 0.207981 0.970513
vt 0.210026 0.970605
vt 0.081293 0.847834
vt 0.083347 0.847827
vt 0.083347 0.853595
vt 0.081293 0.853601
vt 0.421596 0.970125
vt 0.421596 0.962978
vt 0.427343 0.962978
vt 0.427344 0.970135
vt 0.495449 0.854218
vt 0.493394 0.854219
vt 0.493394 0.848465
vt 0.495449 0.848463
vt 0.577043 0.839682
vt 0.569866 0.839682
vt 0.569856 0.833935
vt 0.577043 0.833935
vt 0.495449 0.838128
vt 0.493394 0.838130
vt 0.493394 0.832376
vt 0.495449 0.832374
vt 0.577042 0.855753
vt 0.569896 0.855753
vt 0.569886 0.850006
vt 0.577042 0.850006
vt 0.083347 0.837468
vt 0.085712 0.837460
vt 0.085712 0.847820
vt 0.081293 0.837475
vt 0.081293 0.831707
vt 0.083347 0.831701
vt 0.691666 0.970030
vt 0.691666 0.962978
vt 0.694012 0.963034
vt 0.694012 0.970087
vt 0.861565 0.963084
vt 0.861565 0.969528
vt 0.859211 0.969423
vt 0.859211 0.962978
vt 0.491027 0.848467
vt 0.491027 0.838132
vt 0.213943 0.979985
vt 0.213943 0.978411
vt 0.215308 0.977629
vt 0.216674 0.978422
vt 0.216674 0.979997
vt 0.215308 0.980778
vt 0.452030 0.979112
vt 0.453944 0.979112
vt 0.454077 0.980323
vt 0.452163 0.980323
vt 0.067657 0.982676
vt 0.069578 0.982676
vt 0.069567 0.984254
vt 0.067645 0.984254
vt 0.322418 0.983740
vt 0.322418 0.981810
vt 0.323999 0.981812
vt 0.323999 0.983741
vt 0.222150 0.978410
vt 0.222150 0.979985
vt 0.220785 0.980778
vt 0.219420 0.979997
vt 0.219420 0.978422
vt 0.220785 0.977629
vt 0.067536 0.981810
vt 0.069457 0.981811
vt 0.055620 0.981810
vt 0.057541 0.981810
vt 0.057662 0.982681
vt 0.055740 0.982681
vt 0.478401 0.977629
vt 0.480314 0.977629
vt 0.480245 0.979106
vt 0.478332 0.979106
vt 0.319257 0.983740
vt 0.319257 0.981811
vt 0.320838 0.981812
vt 0.320838 0.983741
vt 0.057650 0.984264
vt 0.055729 0.984264
vt 0.152432 0.980786
vt 0.151064 0.979997
vt 0.151064 0.978419
vt 0.152431 0.977630
vt 0.153800 0.978420
vt 0.153800 0.979998
vt 0.480378 0.980312
vt 0.478465 0.980311
vt 0.235122 0.983739
vt 0.235122 0.981810
vt 0.236706 0.981816
vt 0.236706 0.983744
vt 0.238290 0.983739
vt 0.238290 0.981810
vt 0.239875 0.981816
vt 0.239875 0.983744
vt 0.452099 0.977629
vt 0.454013 0.977629
vt 0.156536 0.979996
vt 0.155168 0.980786
vt 0.153800 0.979997
vt 0.153800 0.978419
vt 0.155168 0.977629
vt 0.156536 0.978418
vt 0.885706 0.901360
vt 0.885706 0.894024
vt 0.891455 0.893963
vt 0.891455 0.901313
vt 0.943985 0.962978
vt 0.946024 0.963007
vt 0.946024 0.970241
vt 0.943985 0.970211
vt 0.483719 0.875475
vt 0.491056 0.875534
vt 0.491056 0.885860
vt 0.483744 0.885800
vt 0.205935 0.977084
vt 0.203891 0.976973
vt 0.203891 0.970514
vt 0.205935 0.970625
vt 0.503616 0.848622
vt 0.505670 0.848614
vt 0.505670 0.854364
vt 0.503616 0.854372
vt 0.216234 0.903248
vt 0.216234 0.895951
vt 0.221983 0.895890
vt 0.221983 0.903201
vt 0.765653 0.841188
vt 0.763597 0.841189
vt 0.763597 0.835418
vt 0.765653 0.835418
vt 0.469470 0.816131
vt 0.462134 0.816192
vt 0.462134 0.810443
vt 0.469484 0.810383
vt 0.765653 0.825053
vt 0.763597 0.825053
vt 0.763597 0.819283
vt 0.765653 0.819282
vt 0.469431 0.832206
vt 0.462134 0.832267
vt 0.462134 0.826518
vt 0.469445 0.826457
vt 0.505670 0.838287
vt 0.508035 0.838278
vt 0.508035 0.848605
vt 0.503616 0.838294
vt 0.503616 0.832544
vt 0.505670 0.832537
vt 0.592544 0.970225
vt 0.592544 0.962978
vt 0.594891 0.963012
vt 0.594891 0.970260
vt 0.859211 0.963105
vt 0.859211 0.969552
vt 0.856858 0.969426
vt 0.856859 0.962978
vt 0.761231 0.835419
vt 0.761231 0.825054
vt 0.033099 0.970513
vt 0.035138 0.970551
vt 0.035138 0.977615
vt 0.033099 0.977578
vt 0.553829 0.972928
vt 0.553829 0.971338
vt 0.555210 0.970513
vt 0.556592 0.971278
vt 0.556592 0.972869
vt 0.555210 0.973694
vt 0.381444 0.979128
vt 0.383358 0.979128
vt 0.383474 0.980403
vt 0.381560 0.980402
vt 0.306125 0.886720
vt 0.313290 0.886782
vt 0.313290 0.897108
vt 0.306150 0.897046
vt 0.061725 0.982652
vt 0.063646 0.982654
vt 0.063646 0.984249
vt 0.061725 0.984247
vt 0.306617 0.983740
vt 0.306617 0.981810
vt 0.308202 0.981811
vt 0.308202 0.983740
vt 0.559355 0.971337
vt 0.559355 0.972927
vt 0.557974 0.973693
vt 0.556592 0.972868
vt 0.556592 0.971278
vt 0.557974 0.970513
vt 0.061595 0.981810
vt 0.063516 0.981813
vt 0.035891 0.981810
vt 0.037812 0.981814
vt 0.037943 0.982662
vt 0.036021 0.982658
vt 0.393629 0.977630
vt 0.395544 0.977629
vt 0.395464 0.979121
vt 0.393549 0.979121
vt 0.309787 0.983740
vt 0.309787 0.981810
vt 0.311372 0.981811
vt 0.311372 0.983740
vt 0.037943 0.984264
vt 0.036021 0.984259
vt 0.516673 0.973744
vt 0.515306 0.972919
vt 0.515306 0.971304
vt 0.516673 0.970513
vt 0.518041 0.971339
vt 0.518041 0.972954
vt 0.395581 0.980388
vt 0.393666 0.980388
vt 0.311372 0.983739
vt 0.311372 0.981810
vt 0.312952 0.981816
vt 0.312952 0.983745
vt 0.265888 0.970206
vt 0.265888 0.963042
vt 0.271636 0.962978
vt 0.271636 0.970156
vt 0.314531 0.983739
vt 0.314531 0.981810
vt 0.316111 0.981816
vt 0.316111 0.983745
vt 0.381525 0.977629
vt 0.383439 0.977629
vt 0.520807 0.971347
vt 0.520807 0.972944
vt 0.519424 0.973707
vt 0.518041 0.972872
vt 0.518041 0.971275
vt 0.519424 0.970513
vt 0.218517 0.976923
vt 0.216472 0.976820
vt 0.216472 0.970513
vt 0.218517 0.970617
vt 0.056931 0.849237
vt 0.058985 0.849229
vt 0.058985 0.854979
vt 0.056931 0.854986
vt 0.346606 0.970168
vt 0.346606 0.963042
vt 0.352355 0.962978
vt 0.352355 0.970117
vt 0.713753 0.834888
vt 0.711697 0.834889
vt 0.711697 0.829118
vt 0.713753 0.829117
vt 0.658708 0.839354
vt 0.651545 0.839417
vt 0.651545 0.833668
vt 0.658722 0.833605
vt 0.713753 0.818752
vt 0.711697 0.818753
vt 0.711697 0.812982
vt 0.713753 0.812981
vt 0.658669 0.855428
vt 0.651545 0.855492
vt 0.651545 0.849743
vt 0.658683 0.849680
vt 0.058985 0.838901
vt 0.061351 0.838892
vt 0.061351 0.849220
vt 0.056931 0.838909
vt 0.056931 0.833159
vt 0.058986 0.833151
vt 0.682235 0.970056
vt 0.682235 0.962978
vt 0.684583 0.963020
vt 0.684583 0.970099
vt 0.877428 0.963096
vt 0.877428 0.969390
vt 0.875075 0.969274
vt 0.875075 0.962978
vt 0.709331 0.829118
vt 0.709331 0.818753
vt 0.257139 0.979971
vt 0.257139 0.978410
vt 0.258512 0.977629
vt 0.259886 0.978408
vt 0.259886 0.979969
vt 0.258513 0.980751
vt 0.456123 0.979095
vt 0.458038 0.979095
vt 0.458158 0.980336
vt 0.456244 0.980336
vt 0.101173 0.982622
vt 0.103094 0.982622
vt 0.103089 0.984188
vt 0.101168 0.984188
vt 0.303441 0.983740
vt 0.303441 0.981810
vt 0.305026 0.981811
vt 0.305026 0.983740
vt 0.262633 0.978410
vt 0.262633 0.979971
vt 0.261260 0.980751
vt 0.259886 0.979969
vt 0.259886 0.978408
vt 0.261260 0.977629
vt 0.101049 0.981810
vt 0.102970 0.981810
vt 0.097053 0.981810
vt 0.098974 0.981810
vt 0.099100 0.982629
vt 0.097179 0.982629
vt 0.486484 0.977630
vt 0.488398 0.977630
vt 0.488323 0.979088
vt 0.486409 0.979088
vt 0.308202 0.983740
vt 0.308202 0.981810
vt 0.309787 0.981811
vt 0.309787 0.983740
vt 0.099096 0.984201
vt 0.097175 0.984201
vt 0.185245 0.980803
vt 0.183887 0.980022
vt 0.183887 0.978435
vt 0.185245 0.977629
vt 0.186604 0.978411
vt 0.186604 0.979998
vt 0.488445 0.980322
vt 0.486531 0.980322
vt 0.316111 0.983739
vt 0.316111 0.981810
vt 0.317690 0.981816
vt 0.317690 0.983745
vt 0.312952 0.983739
vt 0.312952 0.981810
vt 0.314531 0.981816
vt 0.314531 0.983745
vt 0.456200 0.977629
vt 0.458114 0.977629
vt 0.192081 0.978420
vt 0.192081 0.979987
vt 0.190706 0.980763
vt 0.189330 0.979972
vt 0.189330 0.978405
vt 0.190705 0.977629
vt 0.543220 0.901062
vt 0.543221 0.893712
vt 0.548972 0.893663
vt 0.548972 0.901028
vt 0.896479 0.962978
vt 0.898519 0.962998
vt 0.898519 0.970265
vt 0.896479 0.970245
vt 0.591562 0.875468
vt 0.598912 0.875510
vt 0.598912 0.885842
vt 0.591590 0.885799
vt 0.212070 0.976994
vt 0.210026 0.976877
vt 0.210026 0.970513
vt 0.212070 0.970631
vt 0.313350 0.849775
vt 0.315404 0.849766
vt 0.315404 0.855492
vt 0.313349 0.855501
vt 0.528676 0.903228
vt 0.528676 0.895922
vt 0.534428 0.895872
vt 0.534428 0.903194
vt 0.603348 0.832330
vt 0.601293 0.832330
vt 0.601293 0.826548
vt 0.603348 0.826548
vt 0.598911 0.816131
vt 0.591562 0.816175
vt 0.591562 0.810423
vt 0.598926 0.810379
vt 0.603348 0.816161
vt 0.601293 0.816161
vt 0.601293 0.810379
vt 0.603348 0.810379
vt 0.598867 0.832214
vt 0.591562 0.832259
vt 0.591562 0.826507
vt 0.598883 0.826462
vt 0.315404 0.839482
vt 0.317770 0.839472
vt 0.317770 0.849757
vt 0.313350 0.839491
vt 0.313349 0.833765
vt 0.315404 0.833756
vt 0.542916 0.970261
vt 0.542916 0.962978
vt 0.545265 0.963000
vt 0.545265 0.970283
vt 0.868318 0.963112
vt 0.868319 0.969462
vt 0.865965 0.969329
vt 0.865965 0.962978
vt 0.598926 0.826548
vt 0.598926 0.816161
vt 0.026965 0.970514
vt 0.029006 0.970545
vt 0.029006 0.977622
vt 0.026965 0.977590
vt 0.544206 0.973725
vt 0.542836 0.972907
vt 0.542836 0.971301
vt 0.544206 0.970514
vt 0.545576 0.971333
vt 0.545576 0.972939
vt 0.379422 0.979110
vt 0.381338 0.979110
vt 0.381444 0.980415
vt 0.379528 0.980415
vt 0.350691 0.886771
vt 0.357848 0.886817
vt 0.357848 0.897149
vt 0.350719 0.897102
vt 0.091164 0.982613
vt 0.093086 0.982620
vt 0.093086 0.984221
vt 0.091164 0.984214
vt 0.223999 0.983740
vt 0.223999 0.981810
vt 0.225588 0.981810
vt 0.225587 0.983740
vt 0.548334 0.971336
vt 0.548334 0.972932
vt 0.546956 0.973705
vt 0.545577 0.972881
vt 0.545576 0.971285
vt 0.546955 0.970513
vt 0.091038 0.981810
vt 0.092960 0.981817
vt 0.081246 0.981810
vt 0.083168 0.981820
vt 0.083295 0.982630
vt 0.081373 0.982621
vt 0.395662 0.977630
vt 0.397577 0.977630
vt 0.397496 0.979102
vt 0.395581 0.979102
vt 0.225588 0.983740
vt 0.225588 0.981810
vt 0.227176 0.981810
vt 0.227176 0.983740
vt 0.083295 0.984237
vt 0.081373 0.984228
vt 0.487783 0.972950
vt 0.487783 0.971347
vt 0.489163 0.970513
vt 0.490544 0.971281
vt 0.490544 0.972885
vt 0.489163 0.973720
vt 0.397604 0.980399
vt 0.395688 0.980399
vt 0.358485 0.983739
vt 0.358485 0.981810
vt 0.360057 0.981817
vt 0.360057 0.983746
vt 0.306246 0.970188
vt 0.306246 0.963031
vt 0.311998 0.962978
vt 0.311998 0.970151
vt 0.360057 0.983739
vt 0.360057 0.981810
vt 0.361630 0.981817
vt 0.361630 0.983746
vt 0.379505 0.977630
vt 0.381420 0.977630
vt 0.493288 0.972911
vt 0.491916 0.973740
vt 0.490544 0.972956
vt 0.490544 0.971343
vt 0.491916 0.970513
vt 0.493288 0.971298
vt 0.231397 0.976812
vt 0.229352 0.976708
vt 0.229352 0.970513
vt 0.231397 0.970618
vt 0.799526 0.849694
vt 0.801580 0.849685
vt 0.801580 0.855411
vt 0.799526 0.855420
vt 0.392742 0.970146
vt 0.392742 0.963032
vt 0.398494 0.962978
vt 0.398494 0.970107
vt 0.473906 0.832334
vt 0.471850 0.832334
vt 0.471850 0.826551
vt 0.473906 0.826551
vt 0.007156 0.839419
vt 0.000000 0.839468
vt 0.000000 0.833716
vt 0.007172 0.833667
vt 0.473906 0.816165
vt 0.471850 0.816165
vt 0.471850 0.810382
vt 0.473906 0.810383
vt 0.007113 0.855502
vt 0.000000 0.855552
vt 0.000000 0.849800
vt 0.007128 0.849750
vt 0.801580 0.839401
vt 0.803946 0.839391
vt 0.803946 0.849675
vt 0.799526 0.839409
vt 0.799526 0.833684
vt 0.801580 0.833675
vt 0.672807 0.970070
vt 0.672807 0.962978
vt 0.675156 0.963013
vt 0.675157 0.970106
vt 0.943985 0.963098
vt 0.943985 0.969279
vt 0.941630 0.969161
vt 0.941631 0.962978
vt 0.469484 0.826551
vt 0.469484 0.816165
vt 0.273570 0.979969
vt 0.273570 0.978405
vt 0.274940 0.977630
vt 0.276311 0.978416
vt 0.276310 0.979981
vt 0.274940 0.980757
vt 0.460161 0.979073
vt 0.462077 0.979073
vt 0.462190 0.980342
vt 0.460274 0.980342
vt 0.113028 0.982581
vt 0.114950 0.982581
vt 0.114946 0.984150
vt 0.113024 0.984150
vt 0.222410 0.983740
vt 0.222410 0.981810
vt 0.223999 0.981810
vt 0.223999 0.983740
vt 0.279051 0.978405
vt 0.279051 0.979969
vt 0.277681 0.980756
vt 0.276311 0.979979
vt 0.276311 0.978415
vt 0.277681 0.977629
vt 0.112909 0.981810
vt 0.114831 0.981810
vt 0.106996 0.981810
vt 0.108918 0.981810
vt 0.109039 0.982589
vt 0.107117 0.982589
vt 0.502558 0.977630
vt 0.504474 0.977630
vt 0.504400 0.979066
vt 0.502484 0.979065
vt 0.220822 0.983740
vt 0.220822 0.981811
vt 0.222410 0.981811
vt 0.222410 0.983740
vt 0.109037 0.984165
vt 0.107115 0.984164
vt 0.187967 0.980793
vt 0.186604 0.980012
vt 0.186604 0.978430
vt 0.187967 0.977629
vt 0.189329 0.978411
vt 0.189330 0.979993
vt 0.504514 0.980326
vt 0.502599 0.980326
vt 0.361630 0.983739
vt 0.361630 0.981810
vt 0.363203 0.981817
vt 0.363203 0.983746
vt 0.363203 0.983739
vt 0.363203 0.981810
vt 0.364776 0.981817
vt 0.364776 0.983746
vt 0.460236 0.977629
vt 0.462152 0.977629
vt 0.194806 0.980012
vt 0.193444 0.980793
vt 0.192081 0.979993
vt 0.192081 0.978411
vt 0.193444 0.977629
vt 0.194806 0.978430
vt 0.961048 0.252827
vt 0.957128 0.252664
vt 0.957142 0.000063
vt 0.961048 0.000340
vt 0.902270 0.303205
vt 0.906174 0.303188
vt 0.906174 0.607256
vt 0.902256 0.607240
vt 0.846527 0.303188
vt 0.850859 0.303454
vt 0.850859 0.607872
vt 0.846514 0.608168
vt 0.659912 0.155402
vt 0.667711 0.154930
vt 0.667711 0.460212
vt 0.659889 0.459670
vt 0.236710 0.618506
vt 0.238648 0.618624
vt 0.238654 0.922854
vt 0.236710 0.922988
vt 0.073467 0.919467
vt 0.071523 0.919601
vt 0.071523 0.614357
vt 0.073461 0.614475
vt 0.898328 0.303225
vt 0.902255 0.303188
vt 0.902255 0.607475
vt 0.898321 0.607453
vt 0.961049 0.555753
vt 0.957144 0.555463
vt 0.957166 0.303188
vt 0.961049 0.303569
vt 0.964969 0.244916
vt 0.961048 0.244796
vt 0.961061 0.000063
vt 0.964969 0.000297
vt 0.322680 0.617127
vt 0.326584 0.617146
vt 0.326584 0.911858
vt 0.322666 0.911806
vt 0.890058 0.303188
vt 0.894390 0.303457
vt 0.894404 0.598487
vt 0.890058 0.598781
vt 0.652077 0.460461
vt 0.659876 0.459984
vt 0.659876 0.755877
vt 0.652054 0.755341
vt 0.994241 0.000063
vt 0.996179 0.000182
vt 0.996185 0.295024
vt 0.994241 0.295157
vt 0.994155 0.902980
vt 0.992211 0.903112
vt 0.992217 0.607256
vt 0.994155 0.607376
vt 0.367200 0.616955
vt 0.371128 0.616953
vt 0.371128 0.911883
vt 0.367193 0.911826
vt 0.968816 0.851910
vt 0.964908 0.851664
vt 0.964929 0.607256
vt 0.968816 0.607595
vt 0.758426 0.900731
vt 0.758426 0.893372
vt 0.764183 0.893397
vt 0.764184 0.900773
vt 0.890034 0.962978
vt 0.892077 0.962990
vt 0.892077 0.970282
vt 0.890034 0.970269
vt 0.122335 0.875147
vt 0.129695 0.875113
vt 0.129665 0.885454
vt 0.122335 0.885488
vt 0.222605 0.976897
vt 0.220559 0.976781
vt 0.220559 0.970514
vt 0.222604 0.970631
vt 0.724770 0.850905
vt 0.726825 0.850896
vt 0.726825 0.856582
vt 0.724770 0.856591
vt 0.073902 0.903188
vt 0.073902 0.895875
vt 0.079659 0.895900
vt 0.079659 0.903230
vt 0.228040 0.831671
vt 0.225984 0.831671
vt 0.225984 0.825882
vt 0.228040 0.825882
vt 0.129710 0.815840
vt 0.122352 0.815809
vt 0.122335 0.810051
vt 0.129710 0.810083
vt 0.228039 0.815485
vt 0.225984 0.815484
vt 0.225984 0.809696
vt 0.228039 0.809696
vt 0.129710 0.831938
vt 0.122398 0.831908
vt 0.122382 0.826150
vt 0.129710 0.826181
vt 0.726825 0.840682
vt 0.729191 0.840672
vt 0.729191 0.850886
vt 0.724770 0.840691
vt 0.724770 0.835004
vt 0.726825 0.834995
vt 0.538198 0.970285
vt 0.538198 0.962977
vt 0.540550 0.962991
vt 0.540550 0.970299
vt 0.879783 0.963111
vt 0.879783 0.969364
vt 0.877428 0.969232
vt 0.877428 0.962978
vt 0.223618 0.825882
vt 0.223618 0.815485
vt 0.022882 0.970513
vt 0.024924 0.970541
vt 0.024925 0.977625
vt 0.022882 0.977598
vt 0.538712 0.973710
vt 0.537333 0.972886
vt 0.537333 0.971288
vt 0.538712 0.970513
vt 0.540091 0.971338
vt 0.540091 0.972937
vt 0.385464 0.979083
vt 0.387382 0.979092
vt 0.387469 0.980434
vt 0.385551 0.980426
vt 0.693972 0.887181
vt 0.701124 0.887151
vt 0.701094 0.897493
vt 0.693972 0.897522
vt 0.166844 0.983742
vt 0.166844 0.981820
vt 0.168452 0.981810
vt 0.168452 0.983733
vt 0.124647 0.984174
vt 0.122718 0.984174
vt 0.122718 0.982583
vt 0.124648 0.982584
vt 0.542836 0.971333
vt 0.542836 0.972939
vt 0.541464 0.973726
vt 0.540092 0.972906
vt 0.540091 0.971299
vt 0.541464 0.970513
vt 0.126585 0.982584
vt 0.124655 0.982584
vt 0.124648 0.981810
vt 0.126577 0.981810
vt 0.122708 0.981810
vt 0.124638 0.981810
vt 0.399732 0.977630
vt 0.401650 0.977630
vt 0.401571 0.979075
vt 0.399653 0.979075
vt 0.126585 0.984174
vt 0.124655 0.984174
vt 0.150790 0.983745
vt 0.150790 0.981822
vt 0.152406 0.981810
vt 0.152406 0.983733
vt 0.454653 0.972959
vt 0.454653 0.971344
vt 0.456027 0.970513
vt 0.457402 0.971296
vt 0.457402 0.972911
vt 0.456027 0.973742
vt 0.401666 0.980408
vt 0.399748 0.980408
vt 0.436685 0.983739
vt 0.436685 0.981810
vt 0.438247 0.981817
vt 0.438247 0.983746
vt 0.323557 0.970129
vt 0.323557 0.962978
vt 0.329314 0.963000
vt 0.329314 0.970168
vt 0.438247 0.983739
vt 0.438247 0.981810
vt 0.439809 0.981817
vt 0.439809 0.983746
vt 0.385551 0.977629
vt 0.387469 0.977638
vt 0.460164 0.972890
vt 0.458784 0.973726
vt 0.457402 0.972956
vt 0.457402 0.971349
vt 0.458783 0.970513
vt 0.460164 0.971285
vt 0.239552 0.976702
vt 0.237506 0.976603
vt 0.237506 0.970513
vt 0.239552 0.970614
vt 0.719145 0.850905
vt 0.721200 0.850896
vt 0.721200 0.856582
vt 0.719145 0.856591
vt 0.427344 0.970082
vt 0.427344 0.962978
vt 0.433101 0.963000
vt 0.433101 0.970121
vt 0.085715 0.831700
vt 0.083660 0.831700
vt 0.083660 0.825912
vt 0.085715 0.825912
vt 0.335588 0.839490
vt 0.328437 0.839464
vt 0.328420 0.833706
vt 0.335588 0.833733
vt 0.085715 0.815514
vt 0.083660 0.815514
vt 0.083660 0.809725
vt 0.085715 0.809725
vt 0.335588 0.855589
vt 0.328484 0.855563
vt 0.328467 0.849806
vt 0.335588 0.849831
vt 0.721200 0.840682
vt 0.723566 0.840672
vt 0.723566 0.850886
vt 0.719145 0.840691
vt 0.719145 0.835005
vt 0.721200 0.834996
vt 0.618450 0.970079
vt 0.618450 0.962978
vt 0.620802 0.963008
vt 0.620802 0.970110
vt 0.967397 0.963092
vt 0.967397 0.969167
vt 0.965042 0.969054
vt 0.965042 0.962978
vt 0.081293 0.825912
vt 0.081293 0.815514
vt 0.280420 0.980758
vt 0.279051 0.979987
vt 0.279051 0.978423
vt 0.280420 0.977629
vt 0.281789 0.978402
vt 0.281790 0.979967
vt 0.476311 0.979044
vt 0.478229 0.979044
vt 0.478332 0.980347
vt 0.476414 0.980347
vt 0.403888 0.983733
vt 0.403888 0.981810
vt 0.405463 0.981813
vt 0.405463 0.983735
vt 0.130446 0.984174
vt 0.128516 0.984174
vt 0.128516 0.982584
vt 0.130446 0.982584
vt 0.287251 0.978398
vt 0.287251 0.979969
vt 0.285889 0.980773
vt 0.284526 0.980004
vt 0.284526 0.978432
vt 0.285889 0.977629
vt 0.128514 0.982584
vt 0.126585 0.982584
vt 0.126587 0.981811
vt 0.128516 0.981810
vt 0.128516 0.981810
vt 0.130446 0.981810
vt 0.514676 0.977629
vt 0.516594 0.977629
vt 0.516525 0.979035
vt 0.514607 0.979035
vt 0.128514 0.984174
vt 0.126585 0.984174
vt 0.364776 0.983733
vt 0.364776 0.981810
vt 0.366358 0.981810
vt 0.366358 0.983733
vt 0.175701 0.979989
vt 0.175701 0.978409
vt 0.177066 0.977629
vt 0.178431 0.978428
vt 0.178431 0.980008
vt 0.177066 0.980789
vt 0.516630 0.980329
vt 0.514712 0.980329
vt 0.433561 0.983739
vt 0.433561 0.981810
vt 0.435123 0.981817
vt 0.435123 0.983746
vt 0.435123 0.983739
vt 0.435123 0.981811
vt 0.436685 0.981817
vt 0.436685 0.983746
vt 0.476383 0.977630
vt 0.478300 0.977630
vt 0.183887 0.978409
vt 0.183887 0.979989
vt 0.182522 0.980788
vt 0.181157 0.980007
vt 0.181157 0.978427
vt 0.182522 0.977629
vt 0.528880 0.882524
vt 0.528880 0.875151
vt 0.534644 0.875090
vt 0.534644 0.882482
vt 0.887988 0.962983
vt 0.890034 0.962978
vt 0.890034 0.970298
vt 0.887988 0.970303
vt 0.193360 0.875008
vt 0.200734 0.875060
vt 0.200734 0.885414
vt 0.193393 0.885361
vt 0.243962 0.976682
vt 0.241916 0.976556
vt 0.241916 0.970513
vt 0.243961 0.970641
vt 0.024825 0.869391
vt 0.026880 0.869382
vt 0.026880 0.875017
vt 0.024825 0.875025
vt 0.515025 0.900857
vt 0.515026 0.893536
vt 0.520789 0.893473
vt 0.520789 0.900813
vt 0.569061 0.831832
vt 0.567005 0.831832
vt 0.567005 0.826047
vt 0.569061 0.826046
vt 0.081274 0.815489
vt 0.073902 0.815545
vt 0.073902 0.809781
vt 0.081293 0.809725
vt 0.569061 0.815655
vt 0.567005 0.815655
vt 0.567005 0.809870
vt 0.569061 0.809870
vt 0.081222 0.831605
vt 0.073902 0.831663
vt 0.073902 0.825899
vt 0.081241 0.825841
vt 0.026880 0.859262
vt 0.029246 0.859253
vt 0.029246 0.869373
vt 0.024825 0.859271
vt 0.024825 0.853636
vt 0.026880 0.853628
vt 0.531127 0.970325
vt 0.531127 0.962986
vt 0.533482 0.962978
vt 0.533482 0.970317
vt 0.016732 0.970658
vt 0.016732 0.976685
vt 0.014377 0.976542
vt 0.014377 0.970513
vt 0.564639 0.826047
vt 0.564639 0.815656
vt 0.018780 0.970513
vt 0.020826 0.970528
vt 0.020826 0.977617
vt 0.018780 0.977602
vt 0.500180 0.973735
vt 0.498809 0.972916
vt 0.498809 0.971305
vt 0.500180 0.970513
vt 0.501553 0.971335
vt 0.501553 0.972946
vt 0.377425 0.979066
vt 0.379345 0.979057
vt 0.379422 0.980439
vt 0.377502 0.980449
vt 0.679961 0.886723
vt 0.687103 0.886782
vt 0.687103 0.897136
vt 0.679995 0.897076
vt 0.174830 0.983753
vt 0.174830 0.981829
vt 0.176423 0.981810
vt 0.176423 0.983734
vt 0.116897 0.984256
vt 0.114968 0.984255
vt 0.114968 0.982666
vt 0.116898 0.982666
vt 0.507062 0.972916
vt 0.505690 0.973736
vt 0.504318 0.972945
vt 0.504318 0.971334
vt 0.505690 0.970514
vt 0.507061 0.971305
vt 0.118843 0.982666
vt 0.116913 0.982666
vt 0.116898 0.981810
vt 0.118827 0.981810
vt 0.114950 0.981810
vt 0.116879 0.981810
vt 0.405812 0.977635
vt 0.407732 0.977629
vt 0.407655 0.979046
vt 0.405735 0.979052
vt 0.118842 0.984255
vt 0.116913 0.984255
vt 0.162034 0.983756
vt 0.162034 0.981832
vt 0.163635 0.981810
vt 0.163635 0.983734
vt 0.409104 0.973752
vt 0.407729 0.972920
vt 0.407730 0.971301
vt 0.409104 0.970514
vt 0.410479 0.971347
vt 0.410479 0.972967
vt 0.407732 0.980419
vt 0.405812 0.980425
vt 0.473924 0.983739
vt 0.473924 0.981810
vt 0.475471 0.981816
vt 0.475471 0.983746
vt 0.260124 0.970188
vt 0.260124 0.963045
vt 0.265888 0.962978
vt 0.265888 0.970139
vt 0.475472 0.983740
vt 0.475472 0.981810
vt 0.477019 0.981817
vt 0.477019 0.983746
vt 0.377502 0.977639
vt 0.379422 0.977630
vt 0.415991 0.972920
vt 0.414618 0.973752
vt 0.413243 0.972967
vt 0.413243 0.971347
vt 0.414617 0.970513
vt 0.415991 0.971301
vt 0.256538 0.976464
vt 0.254491 0.976362
vt 0.254491 0.970513
vt 0.256538 0.970617
vt 0.261414 0.869405
vt 0.263469 0.869397
vt 0.263469 0.875031
vt 0.261414 0.875039
vt 0.381193 0.970137
vt 0.381194 0.963047
vt 0.386958 0.962978
vt 0.386958 0.970087
vt 0.036643 0.831719
vt 0.034587 0.831719
vt 0.034587 0.825934
vt 0.036643 0.825933
vt 0.651414 0.839369
vt 0.644273 0.839432
vt 0.644273 0.833668
vt 0.651433 0.833605
vt 0.036643 0.815542
vt 0.034587 0.815542
vt 0.034587 0.809757
vt 0.036643 0.809757
vt 0.651362 0.855485
vt 0.644273 0.855550
vt 0.644273 0.849786
vt 0.651381 0.849722
vt 0.263469 0.859277
vt 0.265835 0.859267
vt 0.265835 0.869387
vt 0.261414 0.859285
vt 0.261414 0.853651
vt 0.263469 0.853643
vt 0.616095 0.970086
vt 0.616095 0.962978
vt 0.618450 0.962993
vt 0.618450 0.970101
vt 0.118943 0.970630
vt 0.118943 0.976463
vt 0.116586 0.976348
vt 0.116586 0.970513
vt 0.032221 0.825934
vt 0.032221 0.815543
vt 0.291347 0.980777
vt 0.289987 0.980014
vt 0.289987 0.978441
vt 0.291347 0.977629
vt 0.292708 0.978393
vt 0.292708 0.979967
vt 0.518616 0.979012
vt 0.520536 0.979012
vt 0.520620 0.980351
vt 0.518700 0.980351
vt 0.460004 0.983737
vt 0.460004 0.981813
vt 0.461561 0.981810
vt 0.461561 0.983734
vt 0.120776 0.984254
vt 0.118847 0.984254
vt 0.118848 0.982664
vt 0.120777 0.982665
vt 0.295428 0.980015
vt 0.294068 0.980777
vt 0.292708 0.979966
vt 0.292708 0.978392
vt 0.294069 0.977630
vt 0.295428 0.978442
vt 0.122708 0.982664
vt 0.120779 0.982664
vt 0.120777 0.981810
vt 0.122706 0.981810
vt 0.118843 0.981810
vt 0.120772 0.981810
vt 0.546802 0.977630
vt 0.548722 0.977630
vt 0.548654 0.979002
vt 0.546734 0.979002
vt 0.122708 0.984254
vt 0.120778 0.984253
vt 0.442880 0.983741
vt 0.442880 0.981817
vt 0.444446 0.981810
vt 0.444445 0.983734
vt 0.174338 0.980793
vt 0.172975 0.980018
vt 0.172976 0.978436
vt 0.174338 0.977630
vt 0.175701 0.978406
vt 0.175701 0.979988
vt 0.548741 0.980332
vt 0.546821 0.980331
vt 0.472376 0.983740
vt 0.472376 0.981810
vt 0.473924 0.981817
vt 0.473924 0.983746
vt 0.470829 0.983740
vt 0.470829 0.981810
vt 0.472376 0.981817
vt 0.472376 0.983746
vt 0.518687 0.977629
vt 0.520607 0.977629
vt 0.181157 0.980018
vt 0.179795 0.980793
vt 0.178431 0.979988
vt 0.178432 0.978405
vt 0.179795 0.977629
vt 0.181157 0.978437
vt 0.688201 0.884355
vt 0.688201 0.876978
vt 0.693971 0.876979
vt 0.693972 0.884376
vt 0.881834 0.962989
vt 0.883882 0.962978
vt 0.883882 0.970301
vt 0.881834 0.970312
vt 0.216234 0.875073
vt 0.223612 0.875069
vt 0.223577 0.885434
vt 0.216234 0.885437
vt 0.254491 0.976546
vt 0.252443 0.976426
vt 0.252443 0.970514
vt 0.254490 0.970635
vt 0.564639 0.869396
vt 0.566694 0.869390
vt 0.566694 0.874964
vt 0.564639 0.874970
vt 0.024825 0.903168
vt 0.024825 0.895844
vt 0.030595 0.895844
vt 0.030596 0.903187
vt 0.701198 0.834489
vt 0.699143 0.834491
vt 0.699143 0.828719
vt 0.701198 0.828717
vt 0.032219 0.815529
vt 0.024842 0.815528
vt 0.024825 0.809757
vt 0.032221 0.809759
vt 0.701198 0.818350
vt 0.699143 0.818352
vt 0.699143 0.812580
vt 0.701198 0.812578
vt 0.032215 0.831664
vt 0.024892 0.831664
vt 0.024874 0.825893
vt 0.032216 0.825894
vt 0.566694 0.859378
vt 0.569060 0.859371
vt 0.569060 0.869382
vt 0.564639 0.859384
vt 0.564639 0.853811
vt 0.566694 0.853804
vt 0.524041 0.970335
vt 0.524042 0.962992
vt 0.526399 0.962978
vt 0.526399 0.970321
vt 0.103681 0.970651
vt 0.103681 0.976547
vt 0.101324 0.976412
vt 0.101324 0.970513
vt 0.696777 0.828721
vt 0.696777 0.818354
vt 0.016732 0.970513
vt 0.018780 0.970525
vt 0.018780 0.977610
vt 0.016732 0.977598
vt 0.483643 0.973722
vt 0.482263 0.972899
vt 0.482264 0.971295
vt 0.483643 0.970513
vt 0.485023 0.971338
vt 0.485023 0.972943
vt 0.383474 0.979040
vt 0.385397 0.979025
vt 0.385464 0.980442
vt 0.383541 0.980457
vt 0.702107 0.887484
vt 0.709246 0.887484
vt 0.709215 0.897849
vt 0.702110 0.897848
vt 0.170040 0.983756
vt 0.170040 0.981831
vt 0.171635 0.981810
vt 0.171635 0.983736
vt 0.105045 0.984294
vt 0.103116 0.984294
vt 0.103118 0.982708
vt 0.105047 0.982708
vt 0.487783 0.972900
vt 0.486403 0.973723
vt 0.485023 0.972942
vt 0.485023 0.971337
vt 0.486404 0.970514
vt 0.487783 0.971296
vt 0.106996 0.982708
vt 0.105067 0.982707
vt 0.105047 0.981810
vt 0.106976 0.981810
vt 0.103094 0.981811
vt 0.105024 0.981811
vt 0.411812 0.977640
vt 0.413734 0.977629
vt 0.413667 0.979015
vt 0.411745 0.979025
vt 0.106994 0.984293
vt 0.105065 0.984293
vt 0.152406 0.983760
vt 0.152406 0.981835
vt 0.154009 0.981810
vt 0.154009 0.983736
vt 0.400807 0.973740
vt 0.399425 0.972903
vt 0.399425 0.971290
vt 0.400807 0.970513
vt 0.402189 0.971351
vt 0.402189 0.972964
vt 0.413734 0.980421
vt 0.411812 0.980431
vt 0.578168 0.983740
vt 0.578168 0.981810
vt 0.579699 0.981815
vt 0.579699 0.983744
vt 0.375423 0.970121
vt 0.375423 0.962982
vt 0.381193 0.962978
vt 0.381193 0.970136
vt 0.581230 0.983740
vt 0.581230 0.981810
vt 0.582761 0.981815
vt 0.582761 0.983744
vt 0.383541 0.977645
vt 0.385464 0.977630
vt 0.399425 0.971348
vt 0.399425 0.972963
vt 0.398045 0.973745
vt 0.396665 0.972909
vt 0.396664 0.971293
vt 0.398045 0.970513
vt 0.265355 0.976323
vt 0.263306 0.976231
vt 0.263306 0.970513
vt 0.265355 0.970607
vt 0.557278 0.869421
vt 0.559333 0.869414
vt 0.559333 0.874988
vt 0.557278 0.874995
vt 0.444601 0.970068
vt 0.444602 0.962982
vt 0.450372 0.962978
vt 0.450372 0.970082
vt 0.687161 0.834008
vt 0.685106 0.834010
vt 0.685106 0.828238
vt 0.687161 0.828237
vt 0.424699 0.839669
vt 0.417561 0.839667
vt 0.417548 0.833896
vt 0.424706 0.833898
vt 0.687161 0.817870
vt 0.685106 0.817871
vt 0.685106 0.812099
vt 0.687161 0.812098
vt 0.424681 0.855804
vt 0.417596 0.855804
vt 0.417583 0.850033
vt 0.424687 0.850034
vt 0.559333 0.859402
vt 0.561700 0.859395
vt 0.561700 0.869407
vt 0.557278 0.859409
vt 0.557278 0.853835
vt 0.559333 0.853829
vt 0.613737 0.970082
vt 0.613737 0.962978
vt 0.616095 0.962990
vt 0.616095 0.970094
vt 0.186915 0.970618
vt 0.186915 0.976320
vt 0.184556 0.976217
vt 0.184556 0.970513
vt 0.682739 0.828240
vt 0.682739 0.817873
vt 0.283157 0.980761
vt 0.281789 0.979997
vt 0.281789 0.978432
vt 0.283157 0.977629
vt 0.284525 0.978394
vt 0.284526 0.979960
vt 0.544740 0.978979
vt 0.546662 0.978979
vt 0.546734 0.980351
vt 0.544811 0.980351
vt 0.456908 0.983739
vt 0.456908 0.981814
vt 0.458466 0.981810
vt 0.458466 0.983736
vt 0.110974 0.984291
vt 0.109045 0.984290
vt 0.109046 0.982704
vt 0.110976 0.982705
vt 0.289987 0.979997
vt 0.288620 0.980761
vt 0.287251 0.979961
vt 0.287251 0.978394
vt 0.288619 0.977629
vt 0.289987 0.978431
vt 0.112909 0.982704
vt 0.110980 0.982704
vt 0.110976 0.981810
vt 0.112905 0.981810
vt 0.109039 0.981810
vt 0.110968 0.981810
vt 0.653301 0.977629
vt 0.655224 0.977629
vt 0.655164 0.978969
vt 0.653242 0.978969
vt 0.112907 0.984290
vt 0.110978 0.984289
vt 0.431994 0.983743
vt 0.431994 0.981817
vt 0.433561 0.981810
vt 0.433561 0.983736
vt 0.156536 0.979982
vt 0.156536 0.978406
vt 0.157905 0.977629
vt 0.159275 0.978427
vt 0.159275 0.980004
vt 0.157905 0.980781
vt 0.655239 0.980330
vt 0.653316 0.980330
vt 0.579699 0.983740
vt 0.579699 0.981810
vt 0.581230 0.981815
vt 0.581230 0.983744
vt 0.576637 0.983740
vt 0.576637 0.981810
vt 0.578168 0.981815
vt 0.578168 0.983744
vt 0.544803 0.977630
vt 0.546725 0.977629
vt 0.162016 0.980001
vt 0.160646 0.980778
vt 0.159275 0.979982
vt 0.159275 0.978408
vt 0.160646 0.977629
vt 0.162016 0.978427
vt 0.834030 0.956447
vt 0.830101 0.956348
vt 0.830116 0.728986
vt 0.834030 0.729261
vt 0.890474 0.000131
vt 0.894392 0.000063
vt 0.894404 0.303176
vt 0.890474 0.303188
vt 0.548680 0.463879
vt 0.553025 0.464177
vt 0.553036 0.768931
vt 0.548680 0.769245
vt 0.628605 0.155456
vt 0.636428 0.154931
vt 0.636428 0.460610
vt 0.628588 0.460034
vt 0.648633 0.462266
vt 0.650576 0.462399
vt 0.650576 0.766941
vt 0.648628 0.767083
vt 0.073467 0.614215
vt 0.071519 0.614357
vt 0.071519 0.308712
vt 0.073462 0.308844
vt 0.881365 0.601227
vt 0.885299 0.601164
vt 0.885299 0.904496
vt 0.881365 0.904474
vt 0.837951 0.956208
vt 0.834030 0.955962
vt 0.834056 0.728986
vt 0.837951 0.729386
vt 0.841880 0.948594
vt 0.837951 0.948568
vt 0.837951 0.728986
vt 0.841869 0.729187
vt 0.582459 0.617777
vt 0.586378 0.617764
vt 0.586389 0.910646
vt 0.582459 0.910602
vt 0.885706 0.598811
vt 0.890051 0.599112
vt 0.890061 0.893652
vt 0.885706 0.893963
vt 0.746189 0.455001
vt 0.754012 0.454471
vt 0.754012 0.749936
vt 0.746172 0.749363
vt 0.994209 0.303188
vt 0.996153 0.303321
vt 0.996153 0.597650
vt 0.994205 0.597791
vt 0.992302 0.295353
vt 0.990354 0.295494
vt 0.990354 0.000063
vt 0.992297 0.000196
vt 0.456426 0.617385
vt 0.460361 0.617377
vt 0.460361 0.910477
vt 0.456427 0.910399
vt 0.845805 0.948357
vt 0.841880 0.948185
vt 0.841904 0.728986
vt 0.845805 0.729313
vt 0.778138 0.608216
vt 0.778139 0.600835
vt 0.783916 0.600761
vt 0.783916 0.608162
vt 0.879783 0.963000
vt 0.881834 0.962978
vt 0.881834 0.970285
vt 0.879783 0.970306
vt 0.812124 0.597004
vt 0.819506 0.597071
vt 0.819506 0.607450
vt 0.812160 0.607382
vt 0.267404 0.976263
vt 0.265355 0.976143
vt 0.265355 0.970513
vt 0.267404 0.970635
vt 0.799526 0.870774
vt 0.801581 0.870772
vt 0.801581 0.876263
vt 0.799526 0.876265
vt 0.438513 0.883898
vt 0.438514 0.876572
vt 0.444291 0.876497
vt 0.444291 0.883843
vt 0.406880 0.855110
vt 0.404824 0.855114
vt 0.404824 0.849371
vt 0.406880 0.849367
vt 0.675092 0.802214
vt 0.667711 0.802286
vt 0.667711 0.796508
vt 0.675111 0.796436
vt 0.406880 0.839052
vt 0.404824 0.839056
vt 0.404824 0.833313
vt 0.406880 0.833309
vt 0.675036 0.818369
vt 0.667711 0.818443
vt 0.667711 0.812665
vt 0.675056 0.812591
vt 0.801581 0.860910
vt 0.803948 0.860908
vt 0.803948 0.870770
vt 0.799526 0.860913
vt 0.799526 0.855422
vt 0.801581 0.855420
vt 0.521680 0.970332
vt 0.521680 0.963005
vt 0.524041 0.962978
vt 0.524041 0.970304
vt 0.199802 0.970650
vt 0.199802 0.976265
vt 0.197443 0.976130
vt 0.197443 0.970513
vt 0.402458 0.849376
vt 0.402458 0.839060
vt 0.031048 0.970514
vt 0.033099 0.970518
vt 0.033099 0.977579
vt 0.031048 0.977574
vt 0.471201 0.972938
vt 0.471200 0.971339
vt 0.472587 0.970513
vt 0.473974 0.971285
vt 0.473974 0.972884
vt 0.472587 0.973711
vt 0.391552 0.978983
vt 0.393477 0.978982
vt 0.393511 0.980435
vt 0.391585 0.980435
vt 0.421967 0.886619
vt 0.429103 0.886692
vt 0.429103 0.897071
vt 0.422002 0.896997
vt 0.211318 0.983762
vt 0.211318 0.981835
vt 0.212889 0.981810
vt 0.212889 0.983737
vt 0.049754 0.984369
vt 0.047825 0.984369
vt 0.047828 0.982791
vt 0.049758 0.982791
vt 0.476720 0.972924
vt 0.475348 0.973742
vt 0.473974 0.972947
vt 0.473974 0.971332
vt 0.475347 0.970514
vt 0.476720 0.971310
vt 0.061595 0.982790
vt 0.059665 0.982790
vt 0.059638 0.981811
vt 0.061567 0.981811
vt 0.047797 0.981810
vt 0.049726 0.981810
vt 0.436017 0.977629
vt 0.437942 0.977629
vt 0.437874 0.978972
vt 0.435949 0.978972
vt 0.061591 0.984368
vt 0.059662 0.984368
vt 0.181200 0.983766
vt 0.181200 0.981840
vt 0.182779 0.981810
vt 0.182779 0.983737
vt 0.380090 0.972960
vt 0.380089 0.971353
vt 0.381478 0.970513
vt 0.382868 0.971281
vt 0.382868 0.972889
vt 0.381478 0.973729
vt 0.437912 0.980414
vt 0.435987 0.980414
vt 0.612890 0.983740
vt 0.612890 0.981810
vt 0.614397 0.981812
vt 0.614397 0.983741
vt 0.202323 0.970195
vt 0.202324 0.963059
vt 0.208101 0.962978
vt 0.208101 0.970134
vt 0.614397 0.983740
vt 0.614397 0.981810
vt 0.615905 0.981812
vt 0.615905 0.983741
vt 0.391624 0.977630
vt 0.393549 0.977629
vt 0.380089 0.971352
vt 0.380089 0.972959
vt 0.378701 0.973728
vt 0.377311 0.972888
vt 0.377311 0.971280
vt 0.378700 0.970513
vt 0.277937 0.976035
vt 0.275887 0.975950
vt 0.275887 0.970513
vt 0.277937 0.970600
vt 0.007225 0.870792
vt 0.009280 0.870790
vt 0.009280 0.876281
vt 0.007225 0.876283
vt 0.329314 0.970141
vt 0.329315 0.963060
vt 0.335092 0.962978
vt 0.335092 0.970079
vt 0.362358 0.855224
vt 0.360302 0.855227
vt 0.360302 0.849484
vt 0.362358 0.849481
vt 0.469270 0.838044
vt 0.462134 0.838123
vt 0.462134 0.832345
vt 0.469289 0.832267
vt 0.362358 0.839165
vt 0.360302 0.839169
vt 0.360302 0.833426
vt 0.362358 0.833422
vt 0.469214 0.854200
vt 0.462134 0.854280
vt 0.462134 0.848502
vt 0.469234 0.848422
vt 0.009280 0.860928
vt 0.011646 0.860926
vt 0.011646 0.870788
vt 0.007225 0.860930
vt 0.007225 0.855440
vt 0.009280 0.855438
vt 0.675157 0.970059
vt 0.675157 0.962978
vt 0.677518 0.962981
vt 0.677518 0.970062
vt 0.227308 0.970610
vt 0.227309 0.976031
vt 0.224948 0.975937
vt 0.224948 0.970513
vt 0.357936 0.849489
vt 0.357936 0.839173
vt 0.269457 0.980779
vt 0.268097 0.980022
vt 0.268097 0.978448
vt 0.269457 0.977630
vt 0.270818 0.978387
vt 0.270818 0.979962
vt 0.694669 0.978936
vt 0.696594 0.978935
vt 0.696646 0.980342
vt 0.694721 0.980342
vt 0.572029 0.983742
vt 0.572029 0.981816
vt 0.573565 0.981810
vt 0.573564 0.983737
vt 0.089097 0.984364
vt 0.087168 0.984363
vt 0.087171 0.982785
vt 0.089101 0.982786
vt 0.273570 0.978395
vt 0.273570 0.979952
vt 0.272195 0.980744
vt 0.270819 0.979978
vt 0.270818 0.978420
vt 0.272195 0.977630
vt 0.091038 0.982784
vt 0.089109 0.982784
vt 0.089101 0.981810
vt 0.091030 0.981810
vt 0.087159 0.981810
vt 0.089088 0.981810
vt 0.738208 0.977629
vt 0.740133 0.977629
vt 0.740083 0.978925
vt 0.738158 0.978925
vt 0.091035 0.984362
vt 0.089106 0.984362
vt 0.486284 0.983747
vt 0.486284 0.981820
vt 0.487827 0.981810
vt 0.487827 0.983737
vt 0.145550 0.979975
vt 0.145550 0.978408
vt 0.146928 0.977630
vt 0.148307 0.978416
vt 0.148307 0.979983
vt 0.146928 0.980763
vt 0.740139 0.980321
vt 0.738214 0.980320
vt 0.611382 0.983740
vt 0.611382 0.981810
vt 0.612889 0.981812
vt 0.612889 0.983741
vt 0.615905 0.983740
vt 0.615905 0.981810
vt 0.617413 0.981812
vt 0.617413 0.983741
vt 0.694723 0.977630
vt 0.696648 0.977629
vt 0.151064 0.978408
vt 0.151064 0.979974
vt 0.149686 0.980762
vt 0.148307 0.979982
vt 0.148307 0.978415
vt 0.149686 0.977629
vt 0.789704 0.608142
vt 0.789704 0.600761
vt 0.795488 0.600785
vt 0.795488 0.608185
vt 0.885935 0.962999
vt 0.887988 0.962978
vt 0.887988 0.970264
vt 0.885935 0.970284
vt 0.824678 0.143842
vt 0.832059 0.143808
vt 0.832024 0.154197
vt 0.824678 0.154231
vt 0.273851 0.976091
vt 0.271800 0.975990
vt 0.271800 0.970513
vt 0.273851 0.970617
vt 0.724770 0.871676
vt 0.726826 0.871681
vt 0.726826 0.877076
vt 0.724770 0.877071
vt 0.872645 0.900252
vt 0.872645 0.892927
vt 0.878428 0.892950
vt 0.878429 0.900295
vt 0.701197 0.856134
vt 0.699142 0.856141
vt 0.699142 0.850440
vt 0.701197 0.850432
vt 0.105591 0.813069
vt 0.098211 0.813041
vt 0.098191 0.807257
vt 0.105591 0.807285
vt 0.701197 0.840192
vt 0.699142 0.840199
vt 0.699142 0.834498
vt 0.701197 0.834491
vt 0.105590 0.829241
vt 0.098265 0.829214
vt 0.098246 0.823430
vt 0.105591 0.823458
vt 0.726826 0.861991
vt 0.729192 0.861996
vt 0.729192 0.871687
vt 0.724770 0.861986
vt 0.724770 0.856591
vt 0.726826 0.856596
vt 0.526399 0.970311
vt 0.526400 0.963005
vt 0.528763 0.962978
vt 0.528763 0.970285
vt 0.216472 0.970629
vt 0.216472 0.976091
vt 0.214111 0.975977
vt 0.214111 0.970513
vt 0.696776 0.850448
vt 0.696776 0.840208
vt 0.047469 0.970513
vt 0.049522 0.970521
vt 0.049522 0.977563
vt 0.047469 0.977554
vt 0.446357 0.972942
vt 0.446357 0.971332
vt 0.447735 0.970513
vt 0.449113 0.971304
vt 0.449112 0.972916
vt 0.447734 0.973735
vt 0.433965 0.978941
vt 0.435892 0.978941
vt 0.435911 0.980428
vt 0.433984 0.980428
vt 0.288198 0.886769
vt 0.295335 0.886740
vt 0.295299 0.897129
vt 0.288198 0.897158
vt 0.219250 0.983761
vt 0.219250 0.981833
vt 0.220822 0.981810
vt 0.220821 0.983738
vt 0.009989 0.984396
vt 0.008059 0.984395
vt 0.008065 0.982829
vt 0.009994 0.982829
vt 0.454653 0.972896
vt 0.453269 0.973719
vt 0.451884 0.972940
vt 0.451884 0.971337
vt 0.453269 0.970513
vt 0.454653 0.971294
vt 0.021937 0.982827
vt 0.020008 0.982827
vt 0.019975 0.981810
vt 0.021904 0.981810
vt 0.008028 0.981810
vt 0.009957 0.981810
vt 0.468309 0.977630
vt 0.470236 0.977629
vt 0.470183 0.978930
vt 0.468256 0.978930
vt 0.021931 0.984394
vt 0.020002 0.984393
vt 0.182779 0.983765
vt 0.182779 0.981838
vt 0.184358 0.981810
vt 0.184358 0.983738
vt 0.360674 0.972965
vt 0.360673 0.971346
vt 0.362053 0.970513
vt 0.363433 0.971300
vt 0.363433 0.972920
vt 0.362053 0.973753
vt 0.470207 0.980407
vt 0.468280 0.980407
vt 0.705227 0.983743
vt 0.705227 0.981814
vt 0.706708 0.981810
vt 0.706708 0.983740
vt 0.277421 0.970114
vt 0.277421 0.962978
vt 0.283204 0.962999
vt 0.283205 0.970155
vt 0.703745 0.983743
vt 0.703745 0.981814
vt 0.705227 0.981810
vt 0.705227 0.983740
vt 0.434021 0.977630
vt 0.435949 0.977630
vt 0.371758 0.971346
vt 0.371757 0.972965
vt 0.370377 0.973753
vt 0.368997 0.972920
vt 0.368997 0.971299
vt 0.370378 0.970513
vt 0.282356 0.975868
vt 0.280303 0.975805
vt 0.280303 0.970513
vt 0.282356 0.970579
vt 0.709331 0.871671
vt 0.711386 0.871676
vt 0.711386 0.877071
vt 0.709331 0.877066
vt 0.404281 0.970059
vt 0.404281 0.962978
vt 0.410065 0.962999
vt 0.410065 0.970100
vt 0.181573 0.855699
vt 0.179518 0.855706
vt 0.179518 0.850005
vt 0.181573 0.849997
vt 0.357846 0.839224
vt 0.350710 0.839200
vt 0.350691 0.833416
vt 0.357846 0.833440
vt 0.181573 0.839757
vt 0.179518 0.839764
vt 0.179518 0.834063
vt 0.181573 0.834056
vt 0.357846 0.855396
vt 0.350766 0.855374
vt 0.350746 0.849589
vt 0.357846 0.849612
vt 0.711386 0.861985
vt 0.713752 0.861991
vt 0.713752 0.871681
vt 0.709331 0.861980
vt 0.709331 0.856586
vt 0.711386 0.856590
vt 0.684583 0.970039
vt 0.684583 0.962978
vt 0.686946 0.962985
vt 0.686947 0.970046
vt 0.241916 0.970585
vt 0.241916 0.975861
vt 0.239552 0.975792
vt 0.239552 0.970513
vt 0.177152 0.850013
vt 0.177152 0.839773
vt 0.247551 0.980755
vt 0.246178 0.979993
vt 0.246178 0.978431
vt 0.247550 0.977630
vt 0.248923 0.978392
vt 0.248924 0.979955
vt 0.753916 0.978894
vt 0.755843 0.978894
vt 0.755881 0.980335
vt 0.753954 0.980334
vt 0.570492 0.983740
vt 0.570492 0.981812
vt 0.572029 0.981810
vt 0.572029 0.983738
vt 0.055614 0.984388
vt 0.053685 0.984387
vt 0.053691 0.982821
vt 0.055620 0.982821
vt 0.251657 0.978388
vt 0.251656 0.979957
vt 0.250290 0.980769
vt 0.248924 0.980010
vt 0.248924 0.978439
vt 0.250291 0.977629
vt 0.065588 0.982819
vt 0.063659 0.982819
vt 0.063646 0.981810
vt 0.065575 0.981810
vt 0.053673 0.981811
vt 0.055602 0.981811
vt 0.850436 0.977630
vt 0.852363 0.977636
vt 0.852325 0.978890
vt 0.850398 0.978883
vt 0.065582 0.984386
vt 0.063653 0.984385
vt 0.484739 0.983745
vt 0.484739 0.981817
vt 0.486284 0.981810
vt 0.486283 0.983738
vt 0.129091 0.979980
vt 0.129091 0.978402
vt 0.130459 0.977629
vt 0.131828 0.978435
vt 0.131828 0.980015
vt 0.130459 0.980788
vt 0.852363 0.980321
vt 0.850436 0.980313
vt 0.702264 0.983743
vt 0.702264 0.981814
vt 0.703745 0.981810
vt 0.703745 0.983740
vt 0.700782 0.983743
vt 0.700782 0.981814
vt 0.702264 0.981810
vt 0.702264 0.983740
vt 0.753954 0.977629
vt 0.755881 0.977630
vt 0.134567 0.978401
vt 0.134567 0.979980
vt 0.133198 0.980788
vt 0.131829 0.980015
vt 0.131828 0.978435
vt 0.133198 0.977629
vt 0.783916 0.608187
vt 0.783916 0.600811
vt 0.789703 0.600761
vt 0.789703 0.608156
vt 0.894424 0.963001
vt 0.896479 0.962978
vt 0.896479 0.970207
vt 0.894424 0.970229
vt 0.817301 0.143808
vt 0.824678 0.143844
vt 0.824678 0.154240
vt 0.817336 0.154204
vt 0.284409 0.975792
vt 0.282356 0.975700
vt 0.282356 0.970513
vt 0.284408 0.970608
vt 0.256838 0.874370
vt 0.258894 0.874384
vt 0.258894 0.879683
vt 0.256838 0.879669
vt 0.282384 0.891263
vt 0.282384 0.883940
vt 0.288171 0.883890
vt 0.288171 0.891231
vt 0.525873 0.875078
vt 0.523818 0.875090
vt 0.523818 0.869438
vt 0.525873 0.869425
vt 0.774013 0.802571
vt 0.766638 0.802614
vt 0.766638 0.796826
vt 0.774032 0.796784
vt 0.525873 0.859272
vt 0.523818 0.859284
vt 0.523818 0.853631
vt 0.525873 0.853619
vt 0.773959 0.818754
vt 0.766638 0.818797
vt 0.766638 0.813010
vt 0.773979 0.812967
vt 0.258894 0.864866
vt 0.261260 0.864882
vt 0.261260 0.874400
vt 0.256838 0.864852
vt 0.256838 0.859553
vt 0.258894 0.859567
vt 0.540550 0.970256
vt 0.540550 0.963007
vt 0.542916 0.962978
vt 0.542916 0.970227
vt 0.248363 0.970618
vt 0.248363 0.975791
vt 0.246000 0.975689
vt 0.246000 0.970513
vt 0.521453 0.869451
vt 0.521453 0.859298
vt 0.091074 0.970513
vt 0.093128 0.970522
vt 0.093128 0.977512
vt 0.091074 0.977503
vt 0.439432 0.973742
vt 0.438057 0.972926
vt 0.438058 0.971312
vt 0.439433 0.970513
vt 0.440808 0.971330
vt 0.440808 0.972944
vt 0.609872 0.983741
vt 0.609872 0.981813
vt 0.611382 0.981810
vt 0.611382 0.983739
vt 0.792294 0.886695
vt 0.799431 0.886734
vt 0.799431 0.897130
vt 0.792329 0.897091
vt 0.458466 0.983762
vt 0.458466 0.981833
vt 0.460004 0.981810
vt 0.460003 0.983739
vt 0.885960 0.980277
vt 0.884031 0.980277
vt 0.884041 0.978724
vt 0.885970 0.978724
vt 0.443585 0.971337
vt 0.443585 0.972935
vt 0.442197 0.973710
vt 0.440808 0.972886
vt 0.440808 0.971287
vt 0.442197 0.970514
vt 0.913296 0.978722
vt 0.911367 0.978721
vt 0.911326 0.977629
vt 0.913255 0.977629
vt 0.883995 0.977629
vt 0.885923 0.977629
vt 0.647358 0.979084
vt 0.649287 0.979084
vt 0.649263 0.980391
vt 0.647334 0.980391
vt 0.913286 0.980275
vt 0.911358 0.980274
vt 0.441336 0.983767
vt 0.441336 0.981838
vt 0.442881 0.981810
vt 0.442880 0.983739
vt 0.363434 0.972957
vt 0.363433 0.971350
vt 0.364824 0.970513
vt 0.366215 0.971283
vt 0.366215 0.972891
vt 0.364824 0.973729
vt 0.627853 0.983746
vt 0.627853 0.981817
vt 0.629352 0.981810
vt 0.629352 0.983739
vt 0.556781 0.977630
vt 0.558711 0.977630
vt 0.558721 0.979085
vt 0.556792 0.979085
vt 0.248549 0.970168
vt 0.248549 0.963031
vt 0.254336 0.962978
vt 0.254336 0.970134
vt 0.647348 0.977629
vt 0.649277 0.977629
vt 0.558692 0.980395
vt 0.556762 0.980396
vt 0.368997 0.971350
vt 0.368996 0.972957
vt 0.367606 0.973728
vt 0.366215 0.972890
vt 0.366215 0.971283
vt 0.367606 0.970513
vt 0.295616 0.975575
vt 0.293561 0.975526
vt 0.293562 0.970513
vt 0.295616 0.970564
vt 0.667711 0.876836
vt 0.669766 0.876850
vt 0.669766 0.882149
vt 0.667711 0.882135
vt 0.369635 0.970115
vt 0.369635 0.963032
vt 0.375423 0.962978
vt 0.375423 0.970080
vt 0.533069 0.875072
vt 0.531014 0.875084
vt 0.531014 0.869431
vt 0.533069 0.869419
vt 0.490856 0.838049
vt 0.483720 0.838094
vt 0.483719 0.832307
vt 0.490876 0.832261
vt 0.533069 0.859266
vt 0.531014 0.859278
vt 0.531014 0.853625
vt 0.533069 0.853613
vt 0.490802 0.854231
vt 0.483719 0.854278
vt 0.483719 0.848490
vt 0.490821 0.848444
vt 0.669766 0.867332
vt 0.672132 0.867348
vt 0.672132 0.876866
vt 0.667711 0.867318
vt 0.667711 0.862019
vt 0.669766 0.862033
vt 0.734148 0.969988
vt 0.734148 0.962978
vt 0.736514 0.962985
vt 0.736514 0.969995
vt 0.263306 0.970568
vt 0.263306 0.975567
vt 0.260941 0.975515
vt 0.260941 0.970513
vt 0.528649 0.869445
vt 0.528649 0.859292
vt 0.238614 0.979952
vt 0.238614 0.978393
vt 0.239991 0.977629
vt 0.241369 0.978423
vt 0.241368 0.979982
vt 0.239991 0.980748
vt 0.708187 0.983762
vt 0.708186 0.981834
vt 0.709651 0.981810
vt 0.709651 0.983739
vt 0.623359 0.983740
vt 0.623359 0.981812
vt 0.624864 0.981810
vt 0.624864 0.983739
vt 0.953207 0.980268
vt 0.951278 0.980267
vt 0.951287 0.978714
vt 0.953216 0.978714
vt 0.244124 0.978393
vt 0.244124 0.979952
vt 0.242747 0.980747
vt 0.241369 0.979981
vt 0.241369 0.978423
vt 0.242747 0.977629
vt 0.969263 0.978712
vt 0.967334 0.978712
vt 0.967315 0.977630
vt 0.969244 0.977630
vt 0.951263 0.977630
vt 0.953192 0.977630
vt 0.750043 0.979085
vt 0.751972 0.979090
vt 0.751966 0.980378
vt 0.750037 0.980373
vt 0.969253 0.980266
vt 0.967325 0.980265
vt 0.596335 0.983745
vt 0.596335 0.981816
vt 0.597847 0.981810
vt 0.597847 0.983739
vt 0.112605 0.979975
vt 0.112604 0.978407
vt 0.113984 0.977629
vt 0.115364 0.978418
vt 0.115364 0.979987
vt 0.113984 0.980765
vt 0.715503 0.983767
vt 0.715503 0.981839
vt 0.716957 0.981811
vt 0.716957 0.983739
vt 0.740139 0.977629
vt 0.742068 0.977631
vt 0.742077 0.979086
vt 0.740148 0.979084
vt 0.750037 0.977629
vt 0.751966 0.977635
vt 0.742068 0.980378
vt 0.740139 0.980377
vt 0.123599 0.978407
vt 0.123598 0.979974
vt 0.122219 0.980764
vt 0.120838 0.979986
vt 0.120838 0.978418
vt 0.122219 0.977629
vt 0.766562 0.309639
vt 0.754004 0.309613
vt 0.754004 0.154930
vt 0.766562 0.154983
vt 0.239051 0.768603
vt 0.251660 0.768313
vt 0.251660 0.789289
vt 0.239050 0.789557
vt 0.496323 0.618720
vt 0.508877 0.618418
vt 0.508876 0.768906
vt 0.496323 0.769182
vt 0.792301 0.773626
vt 0.804860 0.773031
vt 0.804855 0.793076
vt 0.792301 0.793686
vt 0.505249 0.307640
vt 0.483656 0.308361
vt 0.483919 0.153798
vt 0.505249 0.153125
vt 0.260647 0.465340
vt 0.239050 0.464560
vt 0.239050 0.310017
vt 0.260384 0.310749
vt 0.049655 0.617751
vt 0.062213 0.617664
vt 0.062213 0.771945
vt 0.049655 0.772031
vt 0.508935 0.790240
vt 0.496323 0.790317
vt 0.496323 0.769259
vt 0.508935 0.769182
vt 0.328420 0.617904
vt 0.340973 0.617746
vt 0.340973 0.771202
vt 0.328420 0.771359
vt 0.146467 0.791769
vt 0.159028 0.791335
vt 0.159028 0.811166
vt 0.146467 0.811600
vt 0.095380 0.618683
vt 0.073920 0.617891
vt 0.073920 0.463346
vt 0.095380 0.464138
vt 0.237702 0.617714
vt 0.216241 0.618506
vt 0.216242 0.463961
vt 0.237702 0.463169
vt 0.395211 0.617334
vt 0.407769 0.617297
vt 0.407769 0.771802
vt 0.395211 0.771839
vt 0.159078 0.791254
vt 0.146467 0.791335
vt 0.146467 0.770342
vt 0.159078 0.770261
vt 0.519555 0.000209
vt 0.532107 0.000000
vt 0.532107 0.152376
vt 0.519555 0.152585
vt 0.239050 0.789973
vt 0.251612 0.789557
vt 0.251612 0.809515
vt 0.239050 0.809931
vt 0.119673 0.619575
vt 0.098191 0.619377
vt 0.098191 0.464982
vt 0.119673 0.465180
vt 0.214856 0.619465
vt 0.193375 0.619663
vt 0.193375 0.465268
vt 0.214856 0.465070
vt 0.751645 0.000109
vt 0.764213 0.000156
vt 0.764213 0.154722
vt 0.751645 0.154651
vt 0.702107 0.774313
vt 0.714711 0.774263
vt 0.714709 0.795123
vt 0.702107 0.795151
vt 0.521453 0.768144
vt 0.508876 0.768402
vt 0.508877 0.618654
vt 0.521453 0.618418
vt 0.216234 0.789520
vt 0.228842 0.789231
vt 0.228840 0.809397
vt 0.216234 0.809695
vt 0.214931 0.464179
vt 0.193375 0.465070
vt 0.193551 0.310294
vt 0.214931 0.309406
vt 0.119754 0.464982
vt 0.098192 0.464039
vt 0.098192 0.309242
vt 0.119578 0.310182
vt 0.000000 0.617257
vt 0.012564 0.617200
vt 0.012564 0.771601
vt 0.000000 0.771675
vt 0.591562 0.769044
vt 0.604172 0.768912
vt 0.604171 0.790028
vt 0.591562 0.790138
vt 0.582459 0.770840
vt 0.569888 0.770980
vt 0.569888 0.617920
vt 0.582459 0.617764
vt 0.462134 0.790552
vt 0.474733 0.790126
vt 0.474730 0.809944
vt 0.462134 0.810382
vt 0.483733 0.463636
vt 0.462145 0.463034
vt 0.462145 0.308362
vt 0.483505 0.308957
vt 0.483656 0.307813
vt 0.462056 0.308361
vt 0.462284 0.153699
vt 0.483656 0.153158
vt 0.350703 0.616980
vt 0.363264 0.616954
vt 0.363264 0.771493
vt 0.350703 0.771520
vt 0.535830 0.768253
vt 0.548442 0.768063
vt 0.548442 0.789163
vt 0.535830 0.789331
vt 0.557283 0.152107
vt 0.544720 0.152310
vt 0.544720 0.000203
vt 0.557283 0.000000
vt 0.535830 0.789882
vt 0.548411 0.789331
vt 0.548406 0.809205
vt 0.535830 0.809770
vt 0.021611 0.617199
vt 0.000000 0.617200
vt 0.000000 0.462658
vt 0.021347 0.462674
vt 0.327744 0.617127
vt 0.306126 0.617104
vt 0.306126 0.462579
vt 0.327480 0.462585
vt 0.701303 0.000109
vt 0.713883 0.000158
vt 0.713883 0.154649
vt 0.701302 0.154581
vt 0.766638 0.775912
vt 0.779203 0.776047
vt 0.779203 0.796784
vt 0.766641 0.796626
vt 0.548426 0.767881
vt 0.535830 0.768064
vt 0.535830 0.618584
vt 0.548425 0.618418
vt 0.193360 0.789667
vt 0.205967 0.789669
vt 0.205968 0.809939
vt 0.193360 0.809939
vt 0.394428 0.617076
vt 0.372964 0.618078
vt 0.372964 0.463568
vt 0.394455 0.462543
vt 0.349921 0.617746
vt 0.328447 0.616705
vt 0.328420 0.462152
vt 0.349921 0.463218
vt 0.726497 0.000145
vt 0.739073 0.000109
vt 0.739073 0.154624
vt 0.726497 0.154672
vt 0.417548 0.771082
vt 0.430129 0.771120
vt 0.430129 0.792098
vt 0.417551 0.792037
vt 0.296356 0.770724
vt 0.283765 0.770836
vt 0.283764 0.618030
vt 0.296356 0.617907
vt 0.644273 0.791648
vt 0.656885 0.791589
vt 0.656885 0.811558
vt 0.644273 0.811622
vt 0.591410 0.617764
vt 0.569888 0.617211
vt 0.569888 0.462759
vt 0.591372 0.463284
vt 0.071191 0.617154
vt 0.049655 0.617664
vt 0.049692 0.463197
vt 0.071191 0.462714
vt 0.739073 0.000115
vt 0.751645 0.000109
vt 0.751645 0.154687
vt 0.739073 0.154693
vt 0.620953 0.773605
vt 0.633547 0.773598
vt 0.633547 0.794545
vt 0.620956 0.794529
vt 0.595081 0.151639
vt 0.582497 0.151806
vt 0.582497 0.000167
vt 0.595081 0.000000
vt 0.604172 0.790280
vt 0.616785 0.790104
vt 0.616785 0.810156
vt 0.604172 0.810339
vt 0.282986 0.618544
vt 0.261425 0.618544
vt 0.261538 0.464053
vt 0.282986 0.464034
vt 0.191501 0.617673
vt 0.169929 0.617625
vt 0.169929 0.463115
vt 0.191388 0.463181
vt 0.638328 0.000109
vt 0.650921 0.000141
vt 0.650922 0.154708
vt 0.638328 0.154663
vt 0.675516 0.775503
vt 0.688039 0.775781
vt 0.688039 0.796472
vt 0.675518 0.796175
vt 0.134943 0.768373
vt 0.122335 0.768470
vt 0.122335 0.618360
vt 0.134943 0.618271
vt 0.521453 0.789200
vt 0.534033 0.789450
vt 0.534034 0.809732
vt 0.521453 0.809478
vt 0.046149 0.463238
vt 0.024825 0.464322
vt 0.024825 0.310239
vt 0.046486 0.309186
vt 0.144009 0.464016
vt 0.122671 0.462908
vt 0.122335 0.308844
vt 0.144009 0.309923
vt 0.676127 0.000144
vt 0.688717 0.000109
vt 0.688717 0.154605
vt 0.676127 0.154650
vt 0.766666 0.754811
vt 0.779203 0.755009
vt 0.779203 0.775912
vt 0.766669 0.775693
vt 0.481727 0.152976
vt 0.469121 0.153041
vt 0.469121 0.000073
vt 0.481727 -0.000000
vt 0.496323 0.790317
vt 0.508911 0.790558
vt 0.508913 0.810561
vt 0.496323 0.810317
vt 0.372361 0.616954
vt 0.350940 0.616490
vt 0.350703 0.462520
vt 0.372361 0.462922
vt 0.591324 0.462323
vt 0.569888 0.462759
vt 0.569888 0.308737
vt 0.591562 0.308361
vt 0.688717 0.000112
vt 0.701302 0.000109
vt 0.701302 0.154689
vt 0.688717 0.154692
vt 0.350703 0.771519
vt 0.363255 0.771691
vt 0.363255 0.792544
vt 0.350706 0.792351
vt 0.569884 0.151631
vt 0.557283 0.151741
vt 0.557283 0.000110
vt 0.569884 -0.000000
vt 0.591562 0.790138
vt 0.604161 0.790253
vt 0.604163 0.810379
vt 0.591562 0.810264
vt 0.046295 0.618446
vt 0.024825 0.618543
vt 0.024825 0.464452
vt 0.046412 0.464322
vt 0.143936 0.618271
vt 0.122452 0.618140
vt 0.122335 0.464016
vt 0.143936 0.464180
vt 0.613112 0.000109
vt 0.625714 0.000110
vt 0.625714 0.154930
vt 0.613112 0.154927
vt 0.689553 0.774262
vt 0.702056 0.774603
vt 0.702056 0.795325
vt 0.689553 0.794972
vt 0.544720 0.151722
vt 0.532107 0.151753
vt 0.532107 0.000030
vt 0.544720 -0.000000
vt 0.037377 0.809757
vt 0.024825 0.809265
vt 0.024825 0.789174
vt 0.037377 0.789677
vt 0.304927 0.462405
vt 0.283764 0.463367
vt 0.283764 0.309639
vt 0.305669 0.308620
vt 0.095838 0.463345
vt 0.074662 0.462377
vt 0.073920 0.308591
vt 0.095838 0.309615
vt 0.754012 0.608568
vt 0.766612 0.608521
vt 0.766612 0.762624
vt 0.754012 0.762675
vt 0.508945 0.768402
vt 0.521453 0.768667
vt 0.521453 0.789547
vt 0.508946 0.789267
vt 0.452490 0.771104
vt 0.439878 0.771127
vt 0.439878 0.617402
vt 0.452490 0.617377
vt 0.134893 0.810051
vt 0.122336 0.809577
vt 0.122335 0.789714
vt 0.134893 0.790197
vt 0.071518 0.462714
vt 0.050268 0.462309
vt 0.049654 0.308712
vt 0.071518 0.309124
vt 0.021264 0.462262
vt -0.000000 0.462658
vt -0.000000 0.309071
vt 0.021878 0.308668
vt 0.663530 0.000126
vt 0.676127 0.000109
vt 0.676127 0.154639
vt 0.663530 0.154656
vt 0.000000 0.771675
vt 0.012514 0.771945
vt 0.012514 0.792762
vt 0.000002 0.792475
vt 0.506944 0.152354
vt 0.494334 0.152404
vt 0.494334 0.000050
vt 0.506944 -0.000000
vt 0.557278 0.789418
vt 0.569845 0.789807
vt 0.569846 0.809870
vt 0.557278 0.809473
vt 0.282737 0.463878
vt 0.261425 0.464034
vt 0.261425 0.310390
vt 0.283223 0.310210
vt 0.238054 0.463168
vt 0.216728 0.462997
vt 0.216241 0.309328
vt 0.238054 0.309524
vt 0.650922 0.000134
vt 0.663530 0.000109
vt 0.663531 0.154474
vt 0.650922 0.154508
vt 0.049655 0.772031
vt 0.062176 0.772289
vt 0.062178 0.793096
vt 0.049655 0.792831
vt 0.318739 0.771016
vt 0.306125 0.771011
vt 0.306125 0.617131
vt 0.318739 0.617127
vt 0.296296 0.812050
vt 0.283752 0.811341
vt 0.283752 0.791921
vt 0.296294 0.792649
vt 0.190861 0.462131
vt 0.169928 0.463115
vt 0.169928 0.309252
vt 0.192095 0.308218
vt 0.462056 0.308362
vt 0.441113 0.307397
vt 0.439878 0.153494
vt 0.462056 0.154508
vt 0.481727 0.000067
vt 0.494334 -0.000000
vt 0.494334 0.152839
vt 0.481727 0.152903
vt 0.306125 0.771016
vt 0.318637 0.771256
vt 0.318638 0.792152
vt 0.306125 0.791903
vt 0.638328 0.154638
vt 0.625714 0.154642
vt 0.625714 0.000109
vt 0.638328 0.000110
vt 0.182469 0.812079
vt 0.169929 0.811369
vt 0.169929 0.792056
vt 0.182467 0.792783
vt 0.395093 0.462543
vt 0.374054 0.462088
vt 0.372964 0.308553
vt 0.395093 0.308908
vt 0.371753 0.462053
vt 0.350703 0.462520
vt 0.350703 0.308883
vt 0.372842 0.308514
vt 0.146473 0.616234
vt 0.159078 0.616195
vt 0.159078 0.770221
vt 0.146473 0.770261
vt 0.439878 0.771127
vt 0.452383 0.771427
vt 0.452384 0.792267
vt 0.439878 0.791955
vt 0.430162 0.771072
vt 0.417548 0.771082
vt 0.417548 0.617403
vt 0.430162 0.617393
vt 0.496266 0.810403
vt 0.483720 0.809833
vt 0.483720 0.790056
vt 0.496266 0.790638
vt 0.395003 0.153470
vt 0.373867 0.153469
vt 0.373289 0.000000
vt 0.395302 0.000000
vt 0.372690 0.153470
vt 0.351541 0.153470
vt 0.351263 -0.000000
vt 0.373289 0.000001
vt 0.569884 0.000021
vt 0.582497 -0.000000
vt 0.582497 0.151518
vt 0.569884 0.151557
vt 0.395198 0.771839
vt 0.407766 0.772001
vt 0.407769 0.792828
vt 0.395198 0.792657
vt 0.251663 0.620055
vt 0.239050 0.620048
vt 0.239050 0.465352
vt 0.251663 0.465340
vt 0.363255 0.811462
vt 0.350691 0.810698
vt 0.350691 0.792544
vt 0.363251 0.793339
vt 0.070458 0.307937
vt 0.049655 0.308712
vt 0.049655 0.154436
vt 0.071986 0.153609
vt 0.096262 0.308591
vt 0.075448 0.307857
vt 0.073920 0.153549
vt 0.096262 0.154335
vt 0.024825 0.618609
vt 0.037436 0.618543
vt 0.037436 0.767519
vt 0.024825 0.767576
vt 0.689553 0.753274
vt 0.702104 0.753403
vt 0.702107 0.774262
vt 0.689553 0.774126
vt 0.726497 0.154222
vt 0.713883 0.154235
vt 0.713883 0.000111
vt 0.726497 0.000109
vt 0.012552 0.811684
vt 0.000000 0.810845
vt 0.000000 0.792762
vt 0.012548 0.793628
vt 0.439878 0.307756
vt 0.419030 0.307476
vt 0.417548 0.153494
vt 0.439878 0.153808
vt 0.416066 0.307487
vt 0.395211 0.307805
vt 0.395211 0.153846
vt 0.417548 0.153494
vt 0.506944 0.000055
vt 0.519555 -0.000000
vt 0.519555 0.151916
vt 0.506944 0.151971
vt 0.328420 0.771359
vt 0.340955 0.771564
vt 0.340958 0.792438
vt 0.328420 0.792226
vt 0.633567 0.625341
vt 0.620953 0.625341
vt 0.620953 0.470761
vt 0.633567 0.470761
vt 0.318674 0.811816
vt 0.306125 0.811072
vt 0.306125 0.792152
vt 0.318671 0.792918
vt 0.350599 0.462153
vt 0.329678 0.462153
vt 0.328420 0.308404
vt 0.350678 0.308431
vt 0.460808 0.462110
vt 0.439878 0.462126
vt 0.439878 0.308405
vt 0.462145 0.308362
vt 0.779176 0.303188
vt 0.791788 0.303269
vt 0.791788 0.448694
vt 0.779176 0.448636
vt 0.754012 0.784274
vt 0.766619 0.784422
vt 0.766620 0.805021
vt 0.754012 0.804857
vt 0.469121 0.152960
vt 0.456512 0.153002
vt 0.456512 0.000067
vt 0.469121 0.000000
vt 0.727338 0.813012
vt 0.714745 0.812400
vt 0.714745 0.796264
vt 0.727335 0.796921
vt 0.259878 0.154661
vt 0.239097 0.155712
vt 0.239097 0.000867
vt 0.261425 0.000000
vt 0.283764 0.155630
vt 0.262972 0.154635
vt 0.261425 -0.000000
vt 0.283764 0.000811
vt 0.814619 0.000109
vt 0.827233 0.000132
vt 0.827233 0.141929
vt 0.814619 0.141892
vt 0.792301 0.752261
vt 0.804898 0.752379
vt 0.804901 0.773031
vt 0.792301 0.772900
vt 0.607692 0.150964
vt 0.595081 0.151030
vt 0.595081 0.000051
vt 0.607692 0.000000
vt 0.743041 0.812867
vt 0.730456 0.812160
vt 0.730456 0.795813
vt 0.743037 0.796561
vt 0.306125 0.308620
vt 0.285332 0.308094
vt 0.283764 0.153494
vt 0.306125 0.154107
vt 0.190727 0.307639
vt 0.169929 0.308219
vt 0.169929 0.153689
vt 0.192295 0.153023
vt 0.766562 0.303203
vt 0.779176 0.303188
vt 0.779176 0.449935
vt 0.766562 0.449951
vt 0.714745 0.775386
vt 0.727328 0.775501
vt 0.727331 0.796264
vt 0.714745 0.796139
vt 0.182541 0.770947
vt 0.169929 0.770972
vt 0.169929 0.617697
vt 0.182541 0.617672
vt 0.633525 0.812473
vt 0.620953 0.811695
vt 0.620953 0.794545
vt 0.633521 0.795360
vt 0.259966 0.309973
vt 0.239163 0.310017
vt 0.239050 0.155712
vt 0.261425 0.155712
vt 0.021932 0.308667
vt 0.001121 0.308626
vt -0.000000 0.154363
vt 0.022383 0.154363
vt 0.825346 0.943411
vt 0.821416 0.943442
vt 0.821416 0.746264
vt 0.825341 0.746452
vt 0.363264 0.617016
vt 0.367193 0.616954
vt 0.367193 0.912815
vt 0.363266 0.912782
vt 0.251663 0.465340
vt 0.256020 0.465625
vt 0.256020 0.769981
vt 0.251669 0.770263
vt 0.636428 0.155430
vt 0.644273 0.154930
vt 0.644273 0.460153
vt 0.636440 0.459632
vt 0.144009 0.614029
vt 0.145958 0.614155
vt 0.145958 0.918320
vt 0.144011 0.918448
vt 0.145958 0.613902
vt 0.144012 0.614029
vt 0.144009 0.308844
vt 0.145958 0.308969
vt 0.163006 0.616224
vt 0.166940 0.616195
vt 0.166925 0.912210
vt 0.163006 0.912117
vt 0.829279 0.943188
vt 0.825346 0.943055
vt 0.825365 0.746264
vt 0.829279 0.746599
vt 0.783132 0.939466
vt 0.779203 0.939593
vt 0.779203 0.748618
vt 0.783132 0.748710
vt 0.910076 0.607256
vt 0.914006 0.607257
vt 0.914003 0.893836
vt 0.910076 0.893739
vt 0.881421 0.001487
vt 0.885778 0.001770
vt 0.885778 0.296670
vt 0.881427 0.296954
vt 0.675516 0.457337
vt 0.683361 0.456840
vt 0.683361 0.752607
vt 0.675528 0.752083
vt 0.992255 0.303188
vt 0.994204 0.303313
vt 0.994201 0.598022
vt 0.992255 0.598151
vt 0.990354 0.295664
vt 0.988407 0.295793
vt 0.988404 0.000063
vt 0.990354 0.000188
vt 0.209886 0.619663
vt 0.213820 0.619698
vt 0.213803 0.906430
vt 0.209886 0.906272
vt 0.787067 0.939245
vt 0.783132 0.939209
vt 0.783132 0.748618
vt 0.787053 0.748856
vt 0.788279 0.153773
vt 0.788279 0.146399
vt 0.794068 0.146430
vt 0.794068 0.153822
vt 0.946024 0.962993
vt 0.948079 0.962978
vt 0.948079 0.970162
vt 0.946024 0.970176
vt 0.816998 0.442020
vt 0.824372 0.441977
vt 0.824338 0.452376
vt 0.816998 0.452418
vt 0.293561 0.975583
vt 0.291507 0.975517
vt 0.291507 0.970513
vt 0.293561 0.970582
vt 0.604172 0.881175
vt 0.606227 0.881204
vt 0.606227 0.886385
vt 0.604172 0.886357
vt 0.438503 0.891219
vt 0.438503 0.883898
vt 0.444291 0.883929
vt 0.444291 0.891269
vt 0.197779 0.874988
vt 0.195725 0.875008
vt 0.195725 0.869421
vt 0.197779 0.869401
vt 0.557036 0.806553
vt 0.549663 0.806517
vt 0.549645 0.800728
vt 0.557036 0.800764
vt 0.197779 0.859366
vt 0.195725 0.859385
vt 0.195725 0.853798
vt 0.197779 0.853779
vt 0.557036 0.822740
vt 0.549716 0.822704
vt 0.549697 0.816915
vt 0.557036 0.816951
vt 0.606227 0.871897
vt 0.608592 0.871929
vt 0.608592 0.881236
vt 0.604172 0.871868
vt 0.604172 0.866686
vt 0.606227 0.866715
vt 0.594891 0.970201
vt 0.594891 0.962998
vt 0.597257 0.962978
vt 0.597257 0.970182
vt 0.260941 0.970588
vt 0.260941 0.975578
vt 0.258576 0.975507
vt 0.258576 0.970513
vt 0.193360 0.869443
vt 0.193360 0.859408
vt 0.097216 0.970513
vt 0.099271 0.970531
vt 0.099271 0.977484
vt 0.097216 0.977465
vt 0.444970 0.973716
vt 0.443585 0.972895
vt 0.443585 0.971294
vt 0.444971 0.970513
vt 0.446357 0.971335
vt 0.446357 0.972937
vt 0.553701 0.983740
vt 0.553701 0.981810
vt 0.555239 0.981819
vt 0.555239 0.983748
vt 0.146467 0.886670
vt 0.153607 0.886627
vt 0.153573 0.897025
vt 0.146467 0.897068
vt 0.552167 0.983756
vt 0.552167 0.981827
vt 0.553701 0.981810
vt 0.553700 0.983740
vt 0.864301 0.980290
vt 0.862373 0.980289
vt 0.862387 0.978754
vt 0.864316 0.978754
vt 0.451884 0.972896
vt 0.450499 0.973716
vt 0.449112 0.972937
vt 0.449113 0.971335
vt 0.450499 0.970513
vt 0.451884 0.971295
vt 0.876118 0.978752
vt 0.874190 0.978751
vt 0.874142 0.977629
vt 0.876070 0.977629
vt 0.862334 0.977629
vt 0.864262 0.977629
vt 0.651313 0.979052
vt 0.653242 0.979052
vt 0.653209 0.980379
vt 0.651280 0.980379
vt 0.876104 0.980287
vt 0.874175 0.980286
vt 0.453820 0.983761
vt 0.453820 0.981832
vt 0.455361 0.981810
vt 0.455361 0.983740
vt 0.373146 0.973733
vt 0.371758 0.972899
vt 0.371758 0.971290
vt 0.373146 0.970513
vt 0.374535 0.971348
vt 0.374535 0.972959
vt 0.585804 0.983740
vt 0.585804 0.981810
vt 0.587333 0.981814
vt 0.587333 0.983743
vt 0.554814 0.977629
vt 0.556742 0.977629
vt 0.556762 0.979052
vt 0.554834 0.979052
vt 0.225433 0.970118
vt 0.225433 0.962978
vt 0.231222 0.963010
vt 0.231222 0.970169
vt 0.651293 0.977629
vt 0.653222 0.977629
vt 0.556724 0.980383
vt 0.554796 0.980384
vt 0.377311 0.972900
vt 0.375923 0.973734
vt 0.374534 0.972958
vt 0.374535 0.971348
vt 0.375923 0.970513
vt 0.377311 0.971291
vt 0.300037 0.975376
vt 0.297982 0.975356
vt 0.297982 0.970513
vt 0.300037 0.970535
vt 0.549645 0.880840
vt 0.551699 0.880868
vt 0.551699 0.886050
vt 0.549645 0.886021
vt 0.352355 0.970065
vt 0.352355 0.962978
vt 0.358144 0.963010
vt 0.358144 0.970116
vt 0.520806 0.874946
vt 0.518752 0.874966
vt 0.518752 0.869379
vt 0.520806 0.869359
vt 0.598720 0.838084
vt 0.591581 0.838048
vt 0.591562 0.832259
vt 0.598720 0.832295
vt 0.520806 0.859324
vt 0.518752 0.859343
vt 0.518752 0.853756
vt 0.520806 0.853737
vt 0.598720 0.854271
vt 0.591633 0.854235
vt 0.591615 0.848446
vt 0.598720 0.848482
vt 0.551699 0.871561
vt 0.554064 0.871594
vt 0.554064 0.880901
vt 0.549645 0.871533
vt 0.549645 0.866351
vt 0.551699 0.866379
vt 0.750650 0.969950
vt 0.750651 0.962978
vt 0.753017 0.962995
vt 0.753017 0.969968
vt 0.271800 0.970534
vt 0.271800 0.975364
vt 0.269434 0.975347
vt 0.269434 0.970513
vt 0.516387 0.869401
vt 0.516387 0.859366
vt 0.229005 0.980755
vt 0.227631 0.979991
vt 0.227631 0.978429
vt 0.229006 0.977629
vt 0.230381 0.978394
vt 0.230381 0.979957
vt 0.624864 0.983753
vt 0.624864 0.981823
vt 0.626359 0.981810
vt 0.626359 0.983740
vt 0.621856 0.983740
vt 0.621855 0.981810
vt 0.623359 0.981815
vt 0.623359 0.983744
vt 0.922994 0.980278
vt 0.921066 0.980277
vt 0.921081 0.978742
vt 0.923009 0.978743
vt 0.233131 0.979992
vt 0.231756 0.980755
vt 0.230381 0.979957
vt 0.230381 0.978393
vt 0.231756 0.977629
vt 0.233130 0.978430
vt 0.927000 0.978740
vt 0.925072 0.978739
vt 0.925046 0.977629
vt 0.926975 0.977629
vt 0.921050 0.977629
vt 0.922979 0.977629
vt 0.751987 0.979052
vt 0.753916 0.979059
vt 0.753901 0.980365
vt 0.751972 0.980359
vt 0.926985 0.980275
vt 0.925057 0.980275
vt 0.606857 0.983739
vt 0.606857 0.981810
vt 0.608368 0.981810
vt 0.608367 0.983739
vt 0.102959 0.980772
vt 0.101581 0.979996
vt 0.101581 0.978425
vt 0.102958 0.977629
vt 0.104336 0.978406
vt 0.104337 0.979978
vt 0.693397 0.983757
vt 0.693397 0.981828
vt 0.694882 0.981810
vt 0.694882 0.983740
vt 0.742077 0.977629
vt 0.744006 0.977632
vt 0.744023 0.979055
vt 0.742095 0.979052
vt 0.751972 0.977629
vt 0.753901 0.977636
vt 0.744006 0.980366
vt 0.742077 0.980364
vt 0.107091 0.979996
vt 0.105714 0.980772
vt 0.104336 0.979978
vt 0.104336 0.978406
vt 0.105714 0.977629
vt 0.107091 0.978425
vt 0.282384 0.883890
vt 0.282384 0.876523
vt 0.288171 0.876493
vt 0.288171 0.883878
vt 0.962986 0.962985
vt 0.965042 0.962978
vt 0.965042 0.970068
vt 0.962986 0.970074
vt 0.261414 0.875039
vt 0.268781 0.875050
vt 0.268781 0.885445
vt 0.261446 0.885435
vt 0.304456 0.975247
vt 0.302401 0.975204
vt 0.302401 0.970513
vt 0.304456 0.970560
vt 0.508936 0.888909
vt 0.510989 0.888956
vt 0.510989 0.894017
vt 0.508936 0.893970
vt 0.508936 0.901362
vt 0.508936 0.894046
vt 0.514723 0.894017
vt 0.514723 0.901351
vt 0.355108 0.876329
vt 0.353054 0.876358
vt 0.353054 0.870844
vt 0.355108 0.870815
vt 0.223600 0.815483
vt 0.216234 0.815502
vt 0.216234 0.809714
vt 0.223618 0.809696
vt 0.355108 0.860910
vt 0.353054 0.860939
vt 0.353054 0.855425
vt 0.355108 0.855396
vt 0.223550 0.831666
vt 0.216234 0.831684
vt 0.216234 0.825897
vt 0.223568 0.825878
vt 0.510989 0.879865
vt 0.513353 0.879919
vt 0.513353 0.889009
vt 0.508936 0.879818
vt 0.508936 0.874757
vt 0.510989 0.874804
vt 0.609023 0.970097
vt 0.609023 0.962989
vt 0.611390 0.962978
vt 0.611390 0.970087
vt 0.280303 0.970563
vt 0.280303 0.975241
vt 0.277937 0.975195
vt 0.277937 0.970513
vt 0.350691 0.870877
vt 0.350691 0.860973
vt 0.106034 0.970513
vt 0.108089 0.970540
vt 0.108089 0.977413
vt 0.106034 0.977385
vt 0.465667 0.972935
vt 0.465667 0.971332
vt 0.467050 0.970513
vt 0.468433 0.971296
vt 0.468433 0.972900
vt 0.467050 0.973719
vt 0.405463 0.983740
vt 0.405463 0.981810
vt 0.407018 0.981830
vt 0.407018 0.983759
vt 0.569855 0.886763
vt 0.577000 0.886772
vt 0.577000 0.897167
vt 0.569888 0.897158
vt 0.617413 0.983752
vt 0.617413 0.981822
vt 0.618912 0.981810
vt 0.618912 0.983740
vt 0.682827 0.980333
vt 0.680899 0.980332
vt 0.680921 0.978817
vt 0.682849 0.978817
vt 0.471200 0.971332
vt 0.471200 0.972935
vt 0.469817 0.973719
vt 0.468433 0.972899
vt 0.468433 0.971296
vt 0.469817 0.970513
vt 0.710509 0.978814
vt 0.708582 0.978814
vt 0.708524 0.977629
vt 0.710452 0.977629
vt 0.680858 0.977629
vt 0.682786 0.977629
vt 0.524692 0.979026
vt 0.526620 0.979019
vt 0.526582 0.980396
vt 0.524655 0.980404
vt 0.710488 0.980330
vt 0.708560 0.980329
vt 0.593358 0.983757
vt 0.593358 0.981827
vt 0.594863 0.981810
vt 0.594863 0.983740
vt 0.382868 0.972955
vt 0.382867 0.971345
vt 0.384253 0.970513
vt 0.385639 0.971292
vt 0.385639 0.972904
vt 0.384253 0.973736
vt 0.455361 0.983740
vt 0.455361 0.981810
vt 0.456908 0.981825
vt 0.456908 0.983754
vt 0.498513 0.977641
vt 0.500441 0.977629
vt 0.500481 0.979018
vt 0.498554 0.979030
vt 0.288953 0.970150
vt 0.288953 0.963006
vt 0.294740 0.962978
vt 0.294740 0.970140
vt 0.524655 0.977637
vt 0.526582 0.977629
vt 0.500441 0.980400
vt 0.498513 0.980412
vt 0.388402 0.972917
vt 0.387021 0.973745
vt 0.385639 0.972959
vt 0.385639 0.971343
vt 0.387020 0.970513
vt 0.388401 0.971301
vt 0.312112 0.975056
vt 0.310056 0.975063
vt 0.310056 0.970517
vt 0.312112 0.970513
vt 0.246425 0.888711
vt 0.248478 0.888758
vt 0.248478 0.893819
vt 0.246425 0.893772
vt 0.398494 0.970099
vt 0.398494 0.963005
vt 0.404281 0.962978
vt 0.404281 0.970089
vt 0.158115 0.876316
vt 0.156062 0.876345
vt 0.156062 0.870831
vt 0.158115 0.870802
vt 0.056798 0.838879
vt 0.049655 0.838895
vt 0.049655 0.833108
vt 0.056816 0.833091
vt 0.158115 0.860897
vt 0.156062 0.860926
vt 0.156062 0.855412
vt 0.158115 0.855383
vt 0.056748 0.855062
vt 0.049655 0.855077
vt 0.049655 0.849290
vt 0.056766 0.849274
vt 0.248478 0.879667
vt 0.250842 0.879721
vt 0.250842 0.888811
vt 0.246425 0.879620
vt 0.246425 0.874559
vt 0.248478 0.874606
vt 0.755380 0.969868
vt 0.755380 0.962978
vt 0.757746 0.963006
vt 0.757746 0.969897
vt 0.286775 0.970514
vt 0.286775 0.975048
vt 0.284409 0.975060
vt 0.284409 0.970523
vt 0.153698 0.870864
vt 0.153698 0.860960
vt 0.211198 0.979959
vt 0.211198 0.978393
vt 0.212570 0.977629
vt 0.213943 0.978431
vt 0.213943 0.979998
vt 0.212570 0.980763
vt 0.597847 0.983742
vt 0.597847 0.981813
vt 0.599361 0.981810
vt 0.599361 0.983740
vt 0.711121 0.983740
vt 0.711120 0.981810
vt 0.712592 0.981820
vt 0.712592 0.983749
vt 0.850376 0.980320
vt 0.848449 0.980319
vt 0.848470 0.978804
vt 0.850398 0.978804
vt 0.219420 0.978393
vt 0.219419 0.979959
vt 0.218047 0.980762
vt 0.216674 0.979997
vt 0.216674 0.978431
vt 0.218047 0.977629
vt 0.866277 0.978801
vt 0.864349 0.978801
vt 0.864316 0.977629
vt 0.866243 0.977629
vt 0.848431 0.977629
vt 0.850359 0.977629
vt 0.678931 0.979019
vt 0.680858 0.979027
vt 0.680833 0.980383
vt 0.678905 0.980375
vt 0.866255 0.980317
vt 0.864328 0.980316
vt 0.706709 0.983740
vt 0.706709 0.981810
vt 0.708186 0.981815
vt 0.708186 0.983744
vt 0.090578 0.979980
vt 0.090578 0.978405
vt 0.091953 0.977629
vt 0.093328 0.978427
vt 0.093328 0.980002
vt 0.091952 0.980779
vt 0.608368 0.983747
vt 0.608368 0.981817
vt 0.609873 0.981810
vt 0.609872 0.983740
vt 0.659211 0.977629
vt 0.661139 0.977634
vt 0.661167 0.979024
vt 0.659240 0.979019
vt 0.678905 0.977629
vt 0.680833 0.977638
vt 0.661139 0.980384
vt 0.659211 0.980380
vt 0.096079 0.978405
vt 0.096078 0.979979
vt 0.094703 0.980778
vt 0.093328 0.980001
vt 0.093328 0.978426
vt 0.094704 0.977629
vt 0.794068 0.153762
vt 0.794068 0.146399
vt 0.799851 0.146440
vt 0.799851 0.153821
vt 0.049522 0.970513
vt 0.051576 0.970520
vt 0.051576 0.977558
vt 0.049522 0.977550
vt 0.829551 0.287429
vt 0.836914 0.287373
vt 0.836883 0.297760
vt 0.829551 0.297817
vt 0.314167 0.975062
vt 0.312112 0.975047
vt 0.312112 0.970514
vt 0.314167 0.970531
vt 0.540243 0.879944
vt 0.538191 0.879877
vt 0.538192 0.874927
vt 0.540243 0.874994
vt 0.438503 0.898583
vt 0.438503 0.891269
vt 0.444286 0.891311
vt 0.444286 0.898643
vt 0.313349 0.855541
vt 0.315402 0.855501
vt 0.315402 0.860943
vt 0.313350 0.860983
vt 0.268794 0.815522
vt 0.261431 0.815472
vt 0.261414 0.809689
vt 0.268794 0.809739
vt 0.313350 0.870758
vt 0.315402 0.870719
vt 0.315402 0.876161
vt 0.313350 0.876201
vt 0.268794 0.831693
vt 0.261480 0.831642
vt 0.261463 0.825859
vt 0.268794 0.825910
vt 0.538191 0.888767
vt 0.535830 0.888690
vt 0.535830 0.879800
vt 0.540243 0.888834
vt 0.540243 0.893783
vt 0.538191 0.893716
vt 0.686947 0.970033
vt 0.686947 0.962978
vt 0.689312 0.962983
vt 0.689312 0.970039
vt 0.289141 0.970529
vt 0.289141 0.975052
vt 0.286775 0.975040
vt 0.286775 0.970513
vt 0.317764 0.860897
vt 0.317764 0.870673
vt 0.112482 0.970513
vt 0.114536 0.970554
vt 0.114536 0.977382
vt 0.112482 0.977340
vt 0.478106 0.973710
vt 0.476720 0.972889
vt 0.476721 0.971291
vt 0.478106 0.970513
vt 0.479492 0.971335
vt 0.479492 0.972934
vt 0.187500 0.983739
vt 0.187499 0.981810
vt 0.189075 0.981835
vt 0.189075 0.983763
vt 0.528676 0.885484
vt 0.535822 0.885421
vt 0.535790 0.895809
vt 0.528676 0.895872
vt 0.699293 0.983744
vt 0.699293 0.981815
vt 0.700782 0.981810
vt 0.700782 0.983740
vt 0.645284 0.980337
vt 0.643357 0.980336
vt 0.643386 0.978841
vt 0.645313 0.978841
vt 0.482263 0.972890
vt 0.480878 0.973711
vt 0.479492 0.972934
vt 0.479492 0.971335
vt 0.480878 0.970513
vt 0.482263 0.971292
vt 0.674917 0.978838
vt 0.672990 0.978838
vt 0.672927 0.977629
vt 0.674853 0.977629
vt 0.643317 0.977629
vt 0.645244 0.977629
vt 0.532783 0.978991
vt 0.534710 0.978988
vt 0.534663 0.980380
vt 0.532736 0.980384
vt 0.674888 0.980334
vt 0.672961 0.980333
vt 0.690406 0.983749
vt 0.690406 0.981819
vt 0.691901 0.981810
vt 0.691900 0.983740
vt 0.393910 0.972959
vt 0.393909 0.971340
vt 0.395286 0.970513
vt 0.396664 0.971304
vt 0.396664 0.972924
vt 0.395287 0.973751
vt 0.317690 0.983739
vt 0.317690 0.981810
vt 0.319257 0.981830
vt 0.319257 0.983759
vt 0.512631 0.977637
vt 0.514557 0.977629
vt 0.514607 0.978987
vt 0.512680 0.978995
vt 0.196541 0.970124
vt 0.196540 0.962978
vt 0.202323 0.963025
vt 0.202323 0.970188
vt 0.532736 0.977633
vt 0.534663 0.977629
vt 0.514557 0.980385
vt 0.512631 0.980393
vt 0.404965 0.972894
vt 0.403577 0.973727
vt 0.402189 0.972954
vt 0.402190 0.971347
vt 0.403578 0.970513
vt 0.404965 0.971288
vt 0.344063 0.974912
vt 0.342008 0.974949
vt 0.342008 0.970548
vt 0.344063 0.970513
vt 0.547633 0.879824
vt 0.545582 0.879757
vt 0.545582 0.874808
vt 0.547633 0.874874
vt 0.317774 0.970075
vt 0.317774 0.962978
vt 0.323557 0.963026
vt 0.323557 0.970141
vt 0.146467 0.855542
vt 0.148519 0.855502
vt 0.148519 0.860945
vt 0.146467 0.860985
vt 0.535812 0.837442
vt 0.528666 0.837386
vt 0.528649 0.831603
vt 0.535812 0.831658
vt 0.146467 0.870760
vt 0.148519 0.870720
vt 0.148519 0.876162
vt 0.146467 0.876202
vt 0.535812 0.853613
vt 0.528715 0.853556
vt 0.528698 0.847773
vt 0.535811 0.847829
vt 0.545582 0.888647
vt 0.543220 0.888570
vt 0.543220 0.879680
vt 0.547633 0.888714
vt 0.547633 0.893663
vt 0.545582 0.893596
vt 0.757746 0.969823
vt 0.757746 0.962978
vt 0.760111 0.963022
vt 0.760111 0.969868
vt 0.291507 0.970513
vt 0.291507 0.974904
vt 0.289141 0.974952
vt 0.289141 0.970558
vt 0.150881 0.860899
vt 0.150881 0.870674
vt 0.222151 0.979966
vt 0.222151 0.978390
vt 0.223515 0.977629
vt 0.224879 0.978444
vt 0.224878 0.980020
vt 0.223514 0.980781
vt 0.568957 0.983739
vt 0.568957 0.981810
vt 0.570492 0.981814
vt 0.570492 0.983742
vt 0.712593 0.983740
vt 0.712592 0.981810
vt 0.714056 0.981827
vt 0.714056 0.983756
vt 0.759789 0.980323
vt 0.757862 0.980322
vt 0.757891 0.978827
vt 0.759818 0.978827
vt 0.227631 0.979987
vt 0.226255 0.980754
vt 0.224879 0.979960
vt 0.224879 0.978398
vt 0.226255 0.977630
vt 0.227631 0.978425
vt 0.848431 0.978824
vt 0.846505 0.978823
vt 0.846465 0.977629
vt 0.848391 0.977629
vt 0.757846 0.977629
vt 0.759772 0.977629
vt 0.682893 0.978988
vt 0.684820 0.978988
vt 0.684793 0.980359
vt 0.682866 0.980359
vt 0.848402 0.980319
vt 0.846475 0.980319
vt 0.709651 0.983740
vt 0.709650 0.981810
vt 0.711120 0.981822
vt 0.711120 0.983752
vt 0.108470 0.980770
vt 0.107091 0.979991
vt 0.107091 0.978421
vt 0.108469 0.977630
vt 0.109848 0.978410
vt 0.109848 0.979980
vt 0.588833 0.983740
vt 0.588833 0.981812
vt 0.590360 0.981810
vt 0.590360 0.983739
vt 0.663115 0.977629
vt 0.665042 0.977630
vt 0.665086 0.978988
vt 0.663160 0.978988
vt 0.682849 0.977629
vt 0.684775 0.977630
vt 0.665054 0.980364
vt 0.663128 0.980364
vt 0.112604 0.979991
vt 0.111227 0.980770
vt 0.109848 0.979981
vt 0.109848 0.978410
vt 0.111226 0.977629
vt 0.112604 0.978421
vt 0.750102 0.915592
vt 0.746178 0.915781
vt 0.746172 0.749936
vt 0.750102 0.749957
vt 0.910091 0.303188
vt 0.914019 0.303204
vt 0.914019 0.587476
vt 0.910106 0.587342
vt 0.842162 0.303188
vt 0.846514 0.303461
vt 0.846492 0.607670
vt 0.842162 0.607944
vt 0.652054 0.155412
vt 0.659889 0.154930
vt 0.659889 0.459984
vt 0.652096 0.459479
vt 0.166940 0.616195
vt 0.168887 0.616315
vt 0.168876 0.920344
vt 0.166940 0.920468
vt 0.098149 0.774263
vt 0.096212 0.774387
vt 0.096212 0.469372
vt 0.098159 0.469493
vt 0.910120 0.000063
vt 0.914040 0.000140
vt 0.914013 0.284524
vt 0.910120 0.284305
vt 0.808841 0.916546
vt 0.804905 0.916557
vt 0.804905 0.751054
vt 0.808836 0.751238
vt 0.812759 0.911839
vt 0.808841 0.912128
vt 0.808841 0.751133
vt 0.812771 0.751054
vt 0.937562 0.607256
vt 0.941489 0.607331
vt 0.941489 0.883083
vt 0.937579 0.882892
vt 0.885706 0.303188
vt 0.890058 0.303456
vt 0.890035 0.598532
vt 0.885706 0.598811
vt 0.746168 0.155401
vt 0.754004 0.154930
vt 0.754004 0.450851
vt 0.746211 0.450336
vt 0.994155 0.607256
vt 0.996102 0.607374
vt 0.996102 0.902269
vt 0.994165 0.902396
vt 0.992201 0.903010
vt 0.990264 0.903137
vt 0.990264 0.607256
vt 0.992211 0.607374
vt 0.937615 0.000063
vt 0.941533 0.000198
vt 0.941505 0.276062
vt 0.937615 0.275786
vt 0.816705 0.911598
vt 0.812771 0.911710
vt 0.812771 0.751054
vt 0.816705 0.751138
vt 0.557279 0.900742
vt 0.557278 0.893383
vt 0.563054 0.893385
vt 0.563054 0.900760
vt 0.099271 0.970513
vt 0.101324 0.970537
vt 0.101324 0.977464
vt 0.099271 0.977438
vt 0.081261 0.885451
vt 0.073902 0.885458
vt 0.073932 0.875085
vt 0.081261 0.875077
vt 0.891449 0.974746
vt 0.889394 0.974761
vt 0.889394 0.970526
vt 0.891449 0.970513
vt 0.561685 0.879907
vt 0.559636 0.879814
vt 0.559636 0.874995
vt 0.561685 0.875088
vt 0.030596 0.903155
vt 0.030596 0.895844
vt 0.036371 0.895847
vt 0.036371 0.903175
vt 0.252427 0.859608
vt 0.254478 0.859553
vt 0.254478 0.864908
vt 0.252427 0.864962
vt 0.239050 0.826081
vt 0.246409 0.826081
vt 0.246425 0.831856
vt 0.239050 0.831856
vt 0.252427 0.874580
vt 0.254478 0.874525
vt 0.254478 0.879880
vt 0.252427 0.879935
vt 0.239053 0.809931
vt 0.246363 0.809933
vt 0.246380 0.815708
vt 0.239052 0.815706
vt 0.559636 0.888470
vt 0.557278 0.888362
vt 0.557278 0.879706
vt 0.561685 0.888564
vt 0.561685 0.893383
vt 0.559636 0.893289
vt 0.753017 0.969921
vt 0.753017 0.962978
vt 0.755380 0.963003
vt 0.755380 0.969947
vt 0.297982 0.970513
vt 0.297982 0.974739
vt 0.295616 0.974761
vt 0.295615 0.970532
vt 0.256838 0.864845
vt 0.256838 0.874462
vt 0.118943 0.970513
vt 0.120995 0.970570
vt 0.120995 0.977297
vt 0.118943 0.977239
vt 0.494668 0.973718
vt 0.493288 0.972899
vt 0.493288 0.971297
vt 0.494668 0.970513
vt 0.496048 0.971333
vt 0.496049 0.972936
vt 0.168452 0.983737
vt 0.168452 0.981810
vt 0.170040 0.981838
vt 0.170040 0.983765
vt 0.451440 0.897213
vt 0.444292 0.897227
vt 0.444322 0.886854
vt 0.451440 0.886838
vt 0.721311 0.983739
vt 0.721311 0.981810
vt 0.722765 0.981813
vt 0.722765 0.983742
vt 0.500521 0.977629
vt 0.502446 0.977630
vt 0.502407 0.979101
vt 0.500481 0.979100
vt 0.498809 0.972899
vt 0.497429 0.973718
vt 0.496049 0.972936
vt 0.496049 0.971333
vt 0.497429 0.970513
vt 0.498809 0.971297
vt 0.520620 0.979101
vt 0.522546 0.979101
vt 0.522618 0.980360
vt 0.520692 0.980360
vt 0.502484 0.980364
vt 0.500559 0.980364
vt 0.510706 0.978951
vt 0.512631 0.978952
vt 0.512573 0.980383
vt 0.510648 0.980383
vt 0.520659 0.977630
vt 0.522585 0.977630
vt 0.718398 0.983741
vt 0.718398 0.981812
vt 0.719858 0.981810
vt 0.719857 0.983740
vt 0.406347 0.973734
vt 0.404965 0.972903
vt 0.404965 0.971293
vt 0.406347 0.970513
vt 0.407729 0.971345
vt 0.407729 0.972956
vt 0.185921 0.983737
vt 0.185920 0.981810
vt 0.187499 0.981834
vt 0.187499 0.983761
vt 0.484422 0.977631
vt 0.486347 0.977630
vt 0.486409 0.978951
vt 0.484484 0.978952
vt 0.311999 0.970126
vt 0.311998 0.962978
vt 0.317774 0.962986
vt 0.317774 0.970151
vt 0.510645 0.977629
vt 0.512570 0.977630
vt 0.486347 0.980388
vt 0.484422 0.980389
vt 0.413243 0.972904
vt 0.411861 0.973734
vt 0.410479 0.972956
vt 0.410479 0.971345
vt 0.411861 0.970513
vt 0.413243 0.971294
vt 0.246178 0.981742
vt 0.244124 0.981811
vt 0.244124 0.977695
vt 0.246178 0.977630
vt 0.569046 0.879883
vt 0.566997 0.879789
vt 0.566997 0.874970
vt 0.569046 0.875064
vt 0.415821 0.970079
vt 0.415820 0.962978
vt 0.421596 0.962988
vt 0.421596 0.970105
vt 0.714734 0.856747
vt 0.716784 0.856692
vt 0.716784 0.862047
vt 0.714734 0.862101
vt 0.146467 0.849720
vt 0.153614 0.849727
vt 0.153631 0.855502
vt 0.146467 0.855495
vt 0.714734 0.871719
vt 0.716784 0.871665
vt 0.716784 0.877019
vt 0.714734 0.877074
vt 0.146467 0.833570
vt 0.153567 0.833579
vt 0.153584 0.839354
vt 0.146467 0.839345
vt 0.566997 0.888446
vt 0.564639 0.888338
vt 0.564639 0.879682
vt 0.569046 0.888539
vt 0.569046 0.893359
vt 0.566997 0.893265
vt 0.767173 0.969721
vt 0.767173 0.962978
vt 0.769535 0.963040
vt 0.769535 0.969784
vt 0.302401 0.970513
vt 0.302401 0.974619
vt 0.300037 0.974703
vt 0.300037 0.970594
vt 0.719145 0.861984
vt 0.719145 0.871602
vt 0.234501 0.980763
vt 0.233131 0.979995
vt 0.233131 0.978429
vt 0.234501 0.977630
vt 0.235873 0.978398
vt 0.235873 0.979965
vt 0.467746 0.983737
vt 0.467745 0.981810
vt 0.469294 0.981818
vt 0.469294 0.983745
vt 0.724201 0.983740
vt 0.724201 0.981810
vt 0.725632 0.981833
vt 0.725632 0.983762
vt 0.670986 0.977629
vt 0.672912 0.977630
vt 0.672872 0.979101
vt 0.670947 0.979100
vt 0.238614 0.979996
vt 0.237244 0.980764
vt 0.235873 0.979965
vt 0.235873 0.978398
vt 0.237243 0.977630
vt 0.238614 0.978429
vt 0.702585 0.979101
vt 0.704511 0.979101
vt 0.704560 0.980345
vt 0.702634 0.980345
vt 0.672927 0.980348
vt 0.671001 0.980348
vt 0.550834 0.978951
vt 0.552759 0.978952
vt 0.552724 0.980361
vt 0.550799 0.980361
vt 0.702625 0.977629
vt 0.704550 0.977630
vt 0.722765 0.983740
vt 0.722765 0.981810
vt 0.724201 0.981829
vt 0.724201 0.983758
vt 0.124971 0.980779
vt 0.123599 0.980000
vt 0.123599 0.978425
vt 0.124971 0.977630
vt 0.126345 0.978410
vt 0.126345 0.979985
vt 0.564359 0.983737
vt 0.564359 0.981810
vt 0.565900 0.981814
vt 0.565900 0.983741
vt 0.538728 0.977629
vt 0.540653 0.977630
vt 0.540713 0.978952
vt 0.538788 0.978951
vt 0.550773 0.977629
vt 0.552698 0.977630
vt 0.540673 0.980366
vt 0.538749 0.980366
vt 0.129091 0.980000
vt 0.127718 0.980779
vt 0.126345 0.978409
vt 0.127718 0.977630
vt 0.129091 0.978426
vt 0.563280 0.900750
vt 0.563280 0.893388
vt 0.569046 0.893359
vt 0.569045 0.900738
vt 0.114536 0.970513
vt 0.116586 0.970557
vt 0.116586 0.977366
vt 0.114536 0.977320
vt 0.380288 0.885767
vt 0.372925 0.885755
vt 0.372925 0.875400
vt 0.380256 0.875411
vt 0.273221 0.832217
vt 0.271167 0.832187
vt 0.271315 0.828244
vt 0.273369 0.828276
vt 0.273369 0.814609
vt 0.271315 0.814577
vt 0.271315 0.809689
vt 0.273369 0.809721
vt 0.079659 0.903216
vt 0.079659 0.895903
vt 0.085425 0.895875
vt 0.085424 0.903206
vt 0.754012 0.862994
vt 0.756060 0.862922
vt 0.756060 0.868183
vt 0.754012 0.868254
vt 0.193377 0.826078
vt 0.200738 0.826060
vt 0.200738 0.831825
vt 0.193360 0.831844
vt 0.754012 0.877703
vt 0.756060 0.877631
vt 0.756060 0.882892
vt 0.754012 0.882964
vt 0.193426 0.809956
vt 0.200738 0.809939
vt 0.200738 0.815704
vt 0.193408 0.815722
vt 0.271315 0.823356
vt 0.268949 0.823319
vt 0.268949 0.814540
vt 0.273369 0.823389
vt 0.760111 0.969803
vt 0.760111 0.962978
vt 0.762471 0.963026
vt 0.762471 0.969853
vt 0.271159 0.827289
vt 0.268794 0.827255
vt 0.758418 0.868100
vt 0.758418 0.877549
vt 0.186915 0.970513
vt 0.188965 0.970588
vt 0.188965 0.977197
vt 0.186916 0.977121
vt 0.522182 0.973724
vt 0.520807 0.972905
vt 0.520807 0.971300
vt 0.522182 0.970513
vt 0.523558 0.971334
vt 0.523558 0.972940
vt 0.158816 0.983735
vt 0.158816 0.981810
vt 0.160413 0.981838
vt 0.160413 0.983763
vt 0.635324 0.897751
vt 0.628177 0.897748
vt 0.628177 0.887393
vt 0.635293 0.887395
vt 0.670936 0.980391
vt 0.669007 0.980391
vt 0.669018 0.978973
vt 0.670947 0.978973
vt 0.444049 0.977629
vt 0.445973 0.977630
vt 0.445922 0.979075
vt 0.443998 0.979074
vt 0.526308 0.972906
vt 0.524933 0.973725
vt 0.523558 0.972939
vt 0.523558 0.971333
vt 0.524933 0.970513
vt 0.526308 0.971300
vt 0.458158 0.979074
vt 0.460082 0.979075
vt 0.460161 0.980380
vt 0.458237 0.980380
vt 0.446006 0.980384
vt 0.444082 0.980384
vt 0.618912 0.983733
vt 0.618912 0.981810
vt 0.620378 0.981873
vt 0.620378 0.983795
vt 0.458209 0.977629
vt 0.460133 0.977630
vt 0.657182 0.980396
vt 0.655253 0.980396
vt 0.655260 0.978973
vt 0.657189 0.978973
vt 0.428440 0.973741
vt 0.427063 0.972910
vt 0.427063 0.971296
vt 0.428440 0.970513
vt 0.429817 0.971346
vt 0.429817 0.972959
vt 0.176424 0.983735
vt 0.176423 0.981810
vt 0.178012 0.981834
vt 0.178012 0.983759
vt 0.655239 0.977629
vt 0.657168 0.977630
vt 0.340840 0.970147
vt 0.340840 0.963001
vt 0.346606 0.962978
vt 0.346605 0.970142
vt 0.668997 0.977629
vt 0.670926 0.977630
vt 0.594863 0.983733
vt 0.594863 0.981810
vt 0.596334 0.981877
vt 0.596335 0.983800
vt 0.432572 0.972910
vt 0.431195 0.973741
vt 0.429817 0.972960
vt 0.429817 0.971346
vt 0.431195 0.970514
vt 0.432571 0.971297
vt 0.520815 0.831762
vt 0.518760 0.831732
vt 0.519000 0.827907
vt 0.521055 0.827939
vt 0.521055 0.814272
vt 0.519000 0.814240
vt 0.519000 0.809352
vt 0.521055 0.809384
vt 0.433101 0.970097
vt 0.433101 0.962999
vt 0.438867 0.962978
vt 0.438866 0.970093
vt 0.774032 0.863157
vt 0.776081 0.863085
vt 0.776081 0.868346
vt 0.774032 0.868417
vt 0.792318 0.849811
vt 0.799464 0.849802
vt 0.799464 0.855567
vt 0.792301 0.855577
vt 0.774032 0.877866
vt 0.776081 0.877795
vt 0.776081 0.883055
vt 0.774032 0.883127
vt 0.792367 0.833689
vt 0.799464 0.833682
vt 0.799464 0.839447
vt 0.792349 0.839455
vt 0.519000 0.823019
vt 0.516635 0.822982
vt 0.516635 0.814203
vt 0.521055 0.823052
vt 0.835654 0.969603
vt 0.835654 0.962978
vt 0.838013 0.963061
vt 0.838013 0.969687
vt 0.518753 0.826835
vt 0.516387 0.826800
vt 0.778439 0.868263
vt 0.778439 0.877712
vt 0.263999 0.980768
vt 0.262634 0.980001
vt 0.262634 0.978432
vt 0.263999 0.977629
vt 0.265365 0.978397
vt 0.265365 0.979966
vt 0.449138 0.983735
vt 0.449138 0.981810
vt 0.450696 0.981820
vt 0.450696 0.983745
vt 0.708499 0.980368
vt 0.706571 0.980373
vt 0.706595 0.978978
vt 0.708524 0.978973
vt 0.534760 0.977629
vt 0.536684 0.977630
vt 0.536634 0.979075
vt 0.534710 0.979074
vt 0.268096 0.980002
vt 0.266731 0.980768
vt 0.265365 0.979967
vt 0.265365 0.978397
vt 0.266731 0.977630
vt 0.268096 0.978433
vt 0.558721 0.979074
vt 0.560645 0.979075
vt 0.560702 0.980363
vt 0.558778 0.980363
vt 0.536696 0.980367
vt 0.534772 0.980367
vt 0.716957 0.983733
vt 0.716957 0.981810
vt 0.718398 0.981851
vt 0.718398 0.983774
vt 0.558771 0.977629
vt 0.560695 0.977630
vt 0.712438 0.980373
vt 0.710509 0.980375
vt 0.710532 0.978975
vt 0.712461 0.978973
vt 0.163383 0.980784
vt 0.162016 0.980006
vt 0.162016 0.978428
vt 0.163383 0.977629
vt 0.164752 0.978409
vt 0.164752 0.979987
vt 0.481633 0.983735
vt 0.481633 0.981810
vt 0.483182 0.981816
vt 0.483182 0.983741
vt 0.710509 0.977631
vt 0.712438 0.977629
vt 0.706571 0.977634
vt 0.708499 0.977629
vt 0.714056 0.983733
vt 0.714056 0.981810
vt 0.715503 0.981856
vt 0.715503 0.983778
vt 0.167487 0.980006
vt 0.166120 0.980784
vt 0.164752 0.979987
vt 0.164752 0.978409
vt 0.166120 0.977629
vt 0.167487 0.978429
vt 0.810128 0.453168
vt 0.810128 0.445796
vt 0.815883 0.445722
vt 0.815883 0.453113
vt 0.172270 0.970513
vt 0.174318 0.970579
vt 0.174318 0.977260
vt 0.172271 0.977193
vt 0.032197 0.885430
vt 0.024825 0.885362
vt 0.024825 0.875025
vt 0.032164 0.875092
vt 0.778458 0.819478
vt 0.776403 0.819443
vt 0.776604 0.815795
vt 0.778658 0.815832
vt 0.778658 0.801829
vt 0.776604 0.801792
vt 0.776604 0.796784
vt 0.778659 0.796821
vt 0.535830 0.901176
vt 0.535830 0.893856
vt 0.541585 0.893783
vt 0.541584 0.901122
vt 0.615802 0.866819
vt 0.617848 0.866729
vt 0.617848 0.871894
vt 0.615802 0.871983
vt 0.535849 0.825936
vt 0.543220 0.825862
vt 0.543220 0.831617
vt 0.535830 0.831691
vt 0.615802 0.881260
vt 0.617848 0.881171
vt 0.617848 0.886335
vt 0.615802 0.886425
vt 0.535901 0.809842
vt 0.543220 0.809770
vt 0.543220 0.815525
vt 0.535882 0.815597
vt 0.776604 0.810787
vt 0.774239 0.810745
vt 0.774239 0.801750
vt 0.778659 0.810824
vt 0.788441 0.969676
vt 0.788440 0.962978
vt 0.790797 0.963051
vt 0.790797 0.969751
vt 0.776397 0.814426
vt 0.774032 0.814386
vt 0.620203 0.871791
vt 0.620203 0.881068
vt 0.205935 0.970513
vt 0.207981 0.970605
vt 0.207981 0.977074
vt 0.205935 0.976981
vt 0.526308 0.972937
vt 0.526308 0.971341
vt 0.527690 0.970513
vt 0.529072 0.971281
vt 0.529072 0.972877
vt 0.527689 0.973706
vt 0.157213 0.983733
vt 0.157213 0.981810
vt 0.158816 0.981834
vt 0.158816 0.983756
vt 0.679851 0.897237
vt 0.672711 0.897178
vt 0.672711 0.886841
vt 0.679817 0.886899
vt 0.686748 0.980389
vt 0.684820 0.980384
vt 0.684841 0.979006
vt 0.686769 0.979011
vt 0.415845 0.977629
vt 0.417768 0.977630
vt 0.417706 0.979048
vt 0.415783 0.979048
vt 0.534572 0.972916
vt 0.533203 0.973737
vt 0.531833 0.972947
vt 0.531833 0.971335
vt 0.533202 0.970514
vt 0.534571 0.971305
vt 0.431959 0.979048
vt 0.433881 0.979048
vt 0.433965 0.980398
vt 0.432042 0.980398
vt 0.417793 0.980403
vt 0.415871 0.980403
vt 0.562860 0.983731
vt 0.562860 0.981810
vt 0.564359 0.981874
vt 0.564359 0.983795
vt 0.432021 0.977629
vt 0.433943 0.977630
vt 0.663096 0.980396
vt 0.661168 0.980389
vt 0.661187 0.979006
vt 0.663115 0.979013
vt 0.433943 0.973754
vt 0.432572 0.972921
vt 0.432572 0.971301
vt 0.433942 0.970513
vt 0.435314 0.971347
vt 0.435315 0.972968
vt 0.173237 0.983733
vt 0.173237 0.981810
vt 0.174830 0.981831
vt 0.174830 0.983753
vt 0.661168 0.977629
vt 0.663096 0.977637
vt 0.300491 0.970186
vt 0.300491 0.963046
vt 0.306246 0.962978
vt 0.306245 0.970136
vt 0.684820 0.977630
vt 0.686748 0.977635
vt 0.478571 0.983731
vt 0.478571 0.981810
vt 0.480076 0.981879
vt 0.480076 0.983799
vt 0.438058 0.972921
vt 0.436686 0.973754
vt 0.435315 0.972968
vt 0.435315 0.971347
vt 0.436687 0.970513
vt 0.438058 0.971301
vt 0.612117 0.135344
vt 0.610063 0.135309
vt 0.610340 0.131780
vt 0.612394 0.131817
vt 0.612394 0.117814
vt 0.610340 0.117777
vt 0.610340 0.112769
vt 0.612394 0.112806
vt 0.410065 0.970132
vt 0.410065 0.963045
vt 0.415820 0.962978
vt 0.415820 0.970084
vt 0.611385 0.866785
vt 0.613430 0.866696
vt 0.613430 0.871860
vt 0.611385 0.871950
vt 0.306144 0.849955
vt 0.313283 0.849891
vt 0.313283 0.855646
vt 0.306125 0.855710
vt 0.611385 0.881226
vt 0.613430 0.881137
vt 0.613430 0.886301
vt 0.611385 0.886391
vt 0.306197 0.833861
vt 0.313283 0.833799
vt 0.313283 0.839554
vt 0.306178 0.839617
vt 0.610340 0.126772
vt 0.607975 0.126730
vt 0.607975 0.117735
vt 0.612394 0.126809
vt 0.854503 0.969464
vt 0.854503 0.962978
vt 0.856859 0.963081
vt 0.856859 0.969569
vt 0.610057 0.130292
vt 0.607692 0.130252
vt 0.615786 0.871757
vt 0.615786 0.881034
vt 0.295428 0.979957
vt 0.295428 0.978399
vt 0.296798 0.977629
vt 0.298169 0.978417
vt 0.298169 0.979976
vt 0.296798 0.980747
vt 0.444446 0.983733
vt 0.444446 0.981810
vt 0.446007 0.981819
vt 0.446007 0.983742
vt 0.718311 0.980361
vt 0.716382 0.980362
vt 0.716414 0.979006
vt 0.718343 0.979006
vt 0.496585 0.977629
vt 0.498507 0.977630
vt 0.498445 0.979048
vt 0.496523 0.979048
vt 0.300911 0.978399
vt 0.300911 0.979957
vt 0.299541 0.980746
vt 0.298170 0.979976
vt 0.298169 0.978417
vt 0.299541 0.977630
vt 0.516630 0.979048
vt 0.518552 0.979048
vt 0.518616 0.980378
vt 0.516693 0.980378
vt 0.498513 0.980382
vt 0.496591 0.980382
vt 0.694882 0.983731
vt 0.694882 0.981810
vt 0.696352 0.981855
vt 0.696353 0.983776
vt 0.516692 0.977629
vt 0.518614 0.977630
vt 0.716353 0.980366
vt 0.714425 0.980367
vt 0.714454 0.979006
vt 0.716382 0.979006
vt 0.201620 0.980791
vt 0.200259 0.980015
vt 0.200259 0.978435
vt 0.201619 0.977629
vt 0.202981 0.978406
vt 0.202981 0.979988
vt 0.477019 0.983733
vt 0.477019 0.981810
vt 0.478571 0.981816
vt 0.478571 0.983739
vt 0.714429 0.977629
vt 0.716357 0.977629
vt 0.716390 0.977629
vt 0.718318 0.977629
vt 0.620378 0.983731
vt 0.620378 0.981810
vt 0.621855 0.981859
vt 0.621855 0.983780
vt 0.205704 0.980016
vt 0.204343 0.980792
vt 0.202981 0.979988
vt 0.202982 0.978406
vt 0.204343 0.977629
vt 0.205704 0.978435
vt 0.667666 0.912069
vt 0.663817 0.911407
vt 0.663817 0.744016
vt 0.667686 0.744616
vt 0.949323 0.000063
vt 0.953234 0.000228
vt 0.953223 0.266736
vt 0.949323 0.266486
vt 0.256020 0.465340
vt 0.260343 0.465709
vt 0.260320 0.771840
vt 0.256020 0.772275
vt 0.644273 0.155589
vt 0.652054 0.154930
vt 0.652054 0.462266
vt 0.644315 0.461479
vt 0.190396 0.617672
vt 0.192330 0.617837
vt 0.192319 0.923686
vt 0.190396 0.923882
vt 0.636418 0.767711
vt 0.634494 0.767906
vt 0.634494 0.460610
vt 0.636428 0.460775
vt 0.949343 0.303188
vt 0.953234 0.303439
vt 0.953217 0.570172
vt 0.949343 0.569803
vt 0.790958 0.916367
vt 0.787067 0.915864
vt 0.787067 0.748618
vt 0.790972 0.749038
vt 0.753959 0.910218
vt 0.750102 0.909600
vt 0.750102 0.749936
vt 0.753977 0.750493
vt 0.953234 0.303188
vt 0.957144 0.303382
vt 0.957132 0.558362
vt 0.953234 0.558084
vt 0.890061 0.598811
vt 0.894384 0.599174
vt 0.894360 0.891907
vt 0.890061 0.892347
vt 0.667711 0.459419
vt 0.675494 0.458771
vt 0.675494 0.752708
vt 0.667755 0.751910
vt 0.996185 0.000063
vt 0.998119 0.000224
vt 0.998119 0.292675
vt 0.996196 0.292873
vt 0.998025 0.900956
vt 0.996102 0.901153
vt 0.996102 0.607256
vt 0.998036 0.607418
vt 0.957111 0.607256
vt 0.961000 0.607535
vt 0.960983 0.862741
vt 0.957111 0.862345
vt 0.640324 0.911748
vt 0.636428 0.911288
vt 0.636428 0.751769
vt 0.640338 0.752145
vt 0.795488 0.608226
vt 0.795488 0.600833
vt 0.801231 0.600761
vt 0.801231 0.608175
vt 0.199802 0.970513
vt 0.201846 0.970605
vt 0.201846 0.977142
vt 0.199803 0.977050
vt 0.839453 0.154188
vt 0.832059 0.154125
vt 0.832059 0.143808
vt 0.839414 0.143871
vt 0.607692 0.041850
vt 0.609735 0.041737
vt 0.610605 0.045409
vt 0.608563 0.045523
vt 0.102610 0.878049
vt 0.100556 0.878011
vt 0.100556 0.872865
vt 0.102610 0.872902
vt 0.246425 0.901223
vt 0.246425 0.893890
vt 0.252169 0.893819
vt 0.252168 0.901173
vt 0.607692 0.022740
vt 0.609735 0.022628
vt 0.609735 0.027661
vt 0.607692 0.027774
vt 0.521474 0.825859
vt 0.528867 0.825791
vt 0.528867 0.831535
vt 0.521453 0.831603
vt 0.607692 0.036816
vt 0.609735 0.036703
vt 0.521535 0.809797
vt 0.528867 0.809732
vt 0.528867 0.815475
vt 0.521513 0.815542
vt 0.100556 0.887255
vt 0.098191 0.887212
vt 0.098191 0.877968
vt 0.102610 0.887292
vt 0.102610 0.892439
vt 0.100556 0.892401
vt 0.847434 0.969535
vt 0.847434 0.962978
vt 0.849787 0.963081
vt 0.849787 0.969640
vt 0.610598 0.040365
vt 0.612087 0.036573
vt 0.612950 0.040234
vt 0.612087 0.027532
vt 0.218517 0.970513
vt 0.220559 0.970626
vt 0.220559 0.976926
vt 0.218517 0.976813
vt 0.529073 0.972945
vt 0.529072 0.971347
vt 0.530452 0.970513
vt 0.531833 0.971277
vt 0.531833 0.972875
vt 0.530453 0.973710
vt 0.155601 0.983731
vt 0.155601 0.981810
vt 0.157213 0.981825
vt 0.157213 0.983746
vt 0.721860 0.897858
vt 0.714734 0.897803
vt 0.714734 0.887487
vt 0.721822 0.887541
vt 0.692629 0.980381
vt 0.690701 0.980381
vt 0.690726 0.979044
vt 0.692654 0.979044
vt 0.407815 0.977629
vt 0.409735 0.977638
vt 0.409653 0.979020
vt 0.407732 0.979011
vt 0.537333 0.971347
vt 0.537333 0.972944
vt 0.535953 0.973710
vt 0.534572 0.972875
vt 0.534572 0.971277
vt 0.535953 0.970513
vt 0.427908 0.979011
vt 0.429828 0.979017
vt 0.429909 0.980409
vt 0.427988 0.980403
vt 0.409735 0.980418
vt 0.407815 0.980409
vt 0.439809 0.983728
vt 0.439809 0.981810
vt 0.441336 0.981873
vt 0.441336 0.983791
vt 0.427988 0.977629
vt 0.429909 0.977636
vt 0.668973 0.980388
vt 0.667045 0.980386
vt 0.667069 0.979044
vt 0.668997 0.979046
vt 0.415992 0.972969
vt 0.415991 0.971362
vt 0.417374 0.970513
vt 0.418758 0.971272
vt 0.418758 0.972880
vt 0.417374 0.973730
vt 0.171635 0.983731
vt 0.171635 0.981810
vt 0.173237 0.981823
vt 0.173237 0.983743
vt 0.667045 0.977629
vt 0.668973 0.977631
vt 0.358144 0.970172
vt 0.358144 0.963045
vt 0.363888 0.962978
vt 0.363887 0.970126
vt 0.690701 0.977629
vt 0.692629 0.977630
vt 0.356951 0.983728
vt 0.356951 0.981810
vt 0.358484 0.981877
vt 0.358485 0.983795
vt 0.421525 0.971361
vt 0.421525 0.972969
vt 0.420142 0.973729
vt 0.418758 0.972880
vt 0.418758 0.971272
vt 0.420142 0.970513
vt 0.607692 0.109223
vt 0.609735 0.109110
vt 0.610511 0.112655
vt 0.608468 0.112769
vt 0.110010 0.878087
vt 0.107956 0.878050
vt 0.107956 0.872904
vt 0.110010 0.872941
vt 0.450373 0.970110
vt 0.450373 0.963044
vt 0.456116 0.962978
vt 0.456116 0.970065
vt 0.607692 0.090114
vt 0.609735 0.090001
vt 0.609735 0.095035
vt 0.607692 0.095148
vt 0.283774 0.850152
vt 0.290899 0.850093
vt 0.290899 0.855837
vt 0.283752 0.855896
vt 0.607692 0.104189
vt 0.609735 0.104077
vt 0.283834 0.834091
vt 0.290899 0.834033
vt 0.290899 0.839777
vt 0.283812 0.839835
vt 0.107956 0.887294
vt 0.105591 0.887251
vt 0.105591 0.878007
vt 0.110010 0.887331
vt 0.110010 0.892477
vt 0.107956 0.892440
vt 0.868319 0.969298
vt 0.868319 0.962978
vt 0.870671 0.963105
vt 0.870671 0.969426
vt 0.610503 0.107611
vt 0.612087 0.103947
vt 0.612855 0.107479
vt 0.612087 0.094905
vt 0.306360 0.979951
vt 0.306360 0.978396
vt 0.307727 0.977629
vt 0.309095 0.978416
vt 0.309095 0.979971
vt 0.307727 0.980739
vt 0.446008 0.983731
vt 0.446007 0.981810
vt 0.447574 0.981815
vt 0.447574 0.983736
vt 0.714389 0.980358
vt 0.712461 0.980358
vt 0.712496 0.979044
vt 0.714425 0.979044
vt 0.466336 0.977629
vt 0.468256 0.977629
vt 0.468180 0.979011
vt 0.466260 0.979011
vt 0.311830 0.978396
vt 0.311830 0.979950
vt 0.310463 0.980739
vt 0.309095 0.979971
vt 0.309095 0.978416
vt 0.310463 0.977629
vt 0.482426 0.979011
vt 0.484346 0.979011
vt 0.484415 0.980378
vt 0.482494 0.980378
vt 0.468252 0.980383
vt 0.466332 0.980384
vt 0.591865 0.983728
vt 0.591865 0.981810
vt 0.593358 0.981856
vt 0.593358 0.983774
vt 0.482502 0.977629
vt 0.484422 0.977629
vt 0.702552 0.980363
vt 0.700624 0.980363
vt 0.700657 0.979044
vt 0.702585 0.979044
vt 0.251657 0.979975
vt 0.251657 0.978411
vt 0.253027 0.977629
vt 0.254398 0.978411
vt 0.254397 0.979976
vt 0.253027 0.980759
vt 0.480077 0.983731
vt 0.480076 0.981810
vt 0.481633 0.981813
vt 0.481633 0.983733
vt 0.700631 0.977629
vt 0.702560 0.977629
vt 0.712471 0.977629
vt 0.714399 0.977629
vt 0.587333 0.983728
vt 0.587333 0.981810
vt 0.588833 0.981860
vt 0.588833 0.983778
vt 0.257139 0.978411
vt 0.257139 0.979975
vt 0.255769 0.980758
vt 0.254398 0.979975
vt 0.254398 0.978410
vt 0.255769 0.977629
vt 0.804393 0.453199
vt 0.804393 0.445773
vt 0.810128 0.445722
vt 0.810128 0.453174
vt 0.212070 0.970513
vt 0.214111 0.970632
vt 0.214111 0.977001
vt 0.212070 0.976881
vt 0.528880 0.885421
vt 0.521453 0.885390
vt 0.521453 0.875090
vt 0.528833 0.875121
vt 0.607692 0.018618
vt 0.609732 0.018479
vt 0.610694 0.022488
vt 0.608654 0.022628
vt 0.765649 0.868171
vt 0.763595 0.868137
vt 0.763595 0.862848
vt 0.765649 0.862882
vt 0.199089 0.903231
vt 0.199089 0.895877
vt 0.204824 0.895827
vt 0.204824 0.903206
vt 0.607692 0.000139
vt 0.609732 -0.000000
vt 0.609732 0.004868
vt 0.607692 0.005007
vt 0.508962 0.825420
vt 0.516387 0.825386
vt 0.516387 0.831120
vt 0.508936 0.831155
vt 0.607692 0.013750
vt 0.609732 0.013611
vt 0.509034 0.809385
vt 0.516387 0.809352
vt 0.516387 0.815086
vt 0.509008 0.815119
vt 0.763595 0.877636
vt 0.761231 0.877597
vt 0.761231 0.868098
vt 0.765649 0.877670
vt 0.765649 0.882958
vt 0.763595 0.882924
vt 0.861565 0.969369
vt 0.861565 0.962978
vt 0.863915 0.963113
vt 0.863915 0.969505
vt 0.610687 0.017606
vt 0.612079 0.013450
vt 0.613035 0.017445
vt 0.612079 0.004707
vt 0.233435 0.970513
vt 0.235475 0.970645
vt 0.235475 0.976737
vt 0.233435 0.976604
vt 0.508431 0.973740
vt 0.507062 0.972905
vt 0.507062 0.971292
vt 0.508431 0.970513
vt 0.509801 0.971349
vt 0.509801 0.972963
vt 0.160413 0.983729
vt 0.160413 0.981810
vt 0.162034 0.981813
vt 0.162034 0.983732
vt 0.731875 0.897815
vt 0.724770 0.897789
vt 0.724770 0.887489
vt 0.731829 0.887514
vt 0.688697 0.980374
vt 0.686769 0.980374
vt 0.686801 0.979083
vt 0.688729 0.979083
vt 0.409826 0.977629
vt 0.411745 0.977629
vt 0.411654 0.978965
vt 0.409735 0.978965
vt 0.515306 0.972905
vt 0.513937 0.973740
vt 0.512567 0.972963
vt 0.512567 0.971349
vt 0.513936 0.970513
vt 0.515306 0.971293
vt 0.425898 0.978965
vt 0.427817 0.978965
vt 0.427899 0.980398
vt 0.425980 0.980399
vt 0.411739 0.980406
vt 0.409820 0.980406
vt 0.246236 0.983726
vt 0.246236 0.981810
vt 0.247789 0.981866
vt 0.247789 0.983782
vt 0.425989 0.977629
vt 0.427908 0.977629
vt 0.667014 0.980379
vt 0.665086 0.980380
vt 0.665117 0.979083
vt 0.667045 0.979083
vt 0.389774 0.973764
vt 0.388402 0.972912
vt 0.388402 0.971287
vt 0.389775 0.970513
vt 0.391148 0.971367
vt 0.391148 0.972993
vt 0.179590 0.983729
vt 0.179590 0.981810
vt 0.181200 0.981812
vt 0.181200 0.983731
vt 0.665093 0.977629
vt 0.667021 0.977629
vt 0.438867 0.970130
vt 0.438867 0.963026
vt 0.444602 0.962978
vt 0.444601 0.970108
vt 0.686777 0.977629
vt 0.688705 0.977629
vt 0.184358 0.983726
vt 0.184358 0.981810
vt 0.185920 0.981869
vt 0.185920 0.983785
vt 0.393909 0.971370
vt 0.393909 0.972986
vt 0.392529 0.973745
vt 0.391148 0.972887
vt 0.391148 0.971270
vt 0.392529 0.970513
vt 0.607692 0.064141
vt 0.609732 0.064002
vt 0.610613 0.067841
vt 0.608573 0.067981
vt 0.771056 0.867696
vt 0.769002 0.867662
vt 0.769002 0.862373
vt 0.771056 0.862407
vt 0.467576 0.970057
vt 0.467576 0.963025
vt 0.473311 0.962978
vt 0.473311 0.970036
vt 0.607692 0.045662
vt 0.609732 0.045523
vt 0.609732 0.050391
vt 0.607692 0.050530
vt 0.169954 0.850125
vt 0.177058 0.850096
vt 0.177058 0.855831
vt 0.169929 0.855859
vt 0.607692 0.059273
vt 0.609732 0.059134
vt 0.170027 0.834090
vt 0.177058 0.834063
vt 0.177058 0.839797
vt 0.170001 0.839824
vt 0.769002 0.877161
vt 0.766638 0.877122
vt 0.766638 0.867623
vt 0.771056 0.877195
vt 0.771056 0.882483
vt 0.769002 0.882449
vt 0.954509 0.969092
vt 0.954509 0.962978
vt 0.956858 0.963128
vt 0.956858 0.969243
vt 0.610606 0.062960
vt 0.612079 0.058974
vt 0.612954 0.062798
vt 0.612079 0.050230
vt 0.318629 0.980749
vt 0.317274 0.979994
vt 0.317274 0.978435
vt 0.318628 0.977630
vt 0.319984 0.978386
vt 0.319984 0.979946
vt 0.450696 0.983731
vt 0.450696 0.981812
vt 0.452264 0.981811
vt 0.452264 0.983729
vt 0.732143 0.980349
vt 0.730215 0.980349
vt 0.730253 0.979083
vt 0.732181 0.979083
vt 0.450112 0.977629
vt 0.452031 0.977629
vt 0.451940 0.978965
vt 0.450021 0.978965
vt 0.322709 0.978388
vt 0.322709 0.979939
vt 0.321348 0.980732
vt 0.319985 0.979972
vt 0.319984 0.978420
vt 0.321347 0.977629
vt 0.470236 0.978965
vt 0.472155 0.978965
vt 0.472224 0.980365
vt 0.470305 0.980365
vt 0.452011 0.980373
vt 0.450093 0.980373
vt 0.584294 0.983726
vt 0.584294 0.981811
vt 0.585804 0.981854
vt 0.585804 0.983769
vt 0.470327 0.977629
vt 0.472246 0.977629
vt 0.724205 0.980355
vt 0.722277 0.980355
vt 0.722313 0.979083
vt 0.724241 0.979083
vt 0.302269 0.980773
vt 0.300911 0.979999
vt 0.300912 0.978428
vt 0.302270 0.977629
vt 0.303628 0.978404
vt 0.303628 0.979976
vt 0.483182 0.983732
vt 0.483182 0.981813
vt 0.484739 0.981810
vt 0.484739 0.983729
vt 0.722289 0.977630
vt 0.724218 0.977630
vt 0.730229 0.977629
vt 0.732157 0.977629
vt 0.555240 0.983726
vt 0.555240 0.981810
vt 0.556759 0.981856
vt 0.556759 0.983772
vt 0.306360 0.978407
vt 0.306359 0.979970
vt 0.304994 0.980756
vt 0.303628 0.979977
vt 0.303628 0.978413
vt 0.304995 0.977629
vt 0.782549 0.153903
vt 0.782549 0.146427
vt 0.788279 0.146399
vt 0.788279 0.153907
vt 0.231397 0.970513
vt 0.233435 0.970657
vt 0.233435 0.976821
vt 0.231397 0.976677
vt 0.826982 0.607296
vt 0.819506 0.607296
vt 0.819514 0.597005
vt 0.826932 0.597004
vt 0.105591 0.824896
vt 0.107634 0.824894
vt 0.108316 0.829356
vt 0.106273 0.829359
vt 0.648691 0.861004
vt 0.646637 0.860977
vt 0.646637 0.855550
vt 0.648691 0.855578
vt 0.193360 0.903239
vt 0.193360 0.895855
vt 0.199089 0.895827
vt 0.199089 0.903244
vt 0.107025 0.807259
vt 0.109068 0.807257
vt 0.108690 0.811903
vt 0.106647 0.811905
vt 0.252455 0.810151
vt 0.259931 0.810151
vt 0.259935 0.815880
vt 0.252427 0.815881
vt 0.105969 0.820250
vt 0.108012 0.820248
vt 0.252534 0.794131
vt 0.259918 0.794131
vt 0.259923 0.799860
vt 0.252506 0.799860
vt 0.646637 0.870723
vt 0.644273 0.870692
vt 0.644273 0.860945
vt 0.648691 0.870751
vt 0.648691 0.876177
vt 0.646637 0.876150
vt 0.892077 0.969169
vt 0.892077 0.962978
vt 0.894424 0.963143
vt 0.894424 0.969335
vt 0.108690 0.824691
vt 0.110364 0.820245
vt 0.111042 0.824688
vt 0.111042 0.811900
vt 0.256538 0.970513
vt 0.258576 0.970661
vt 0.258576 0.976489
vt 0.256538 0.976340
vt 0.460165 0.972972
vt 0.460164 0.971360
vt 0.461539 0.970513
vt 0.462915 0.971277
vt 0.462915 0.972890
vt 0.461540 0.973738
vt 0.149163 0.983741
vt 0.149163 0.981823
vt 0.150790 0.981811
vt 0.150790 0.983729
vt 0.743138 0.897849
vt 0.736065 0.897849
vt 0.736076 0.887558
vt 0.743090 0.887557
vt 0.722241 0.980355
vt 0.720313 0.980355
vt 0.720349 0.979121
vt 0.722277 0.979121
vt 0.401771 0.977629
vt 0.403689 0.977629
vt 0.403584 0.978907
vt 0.401666 0.978907
vt 0.465667 0.971360
vt 0.465666 0.972972
vt 0.464291 0.973738
vt 0.462916 0.972890
vt 0.462916 0.971277
vt 0.464292 0.970513
vt 0.421882 0.978907
vt 0.423799 0.978907
vt 0.423874 0.980385
vt 0.421956 0.980385
vt 0.403660 0.980395
vt 0.401743 0.980395
vt 0.178012 0.983725
vt 0.178012 0.981810
vt 0.179590 0.981855
vt 0.179590 0.983769
vt 0.421987 0.977629
vt 0.423904 0.977629
vt 0.698576 0.980361
vt 0.696648 0.980361
vt 0.696685 0.979121
vt 0.698613 0.979121
vt 0.349619 0.973009
vt 0.349618 0.971382
vt 0.350997 0.970513
vt 0.352377 0.971270
vt 0.352377 0.972898
vt 0.350997 0.973769
vt 0.165230 0.983740
vt 0.165230 0.981822
vt 0.166844 0.981810
vt 0.166844 0.983729
vt 0.696665 0.977629
vt 0.698593 0.977629
vt 0.456116 0.970077
vt 0.456116 0.963005
vt 0.461846 0.962978
vt 0.461846 0.970083
vt 0.720329 0.977629
vt 0.722257 0.977629
vt 0.154009 0.983725
vt 0.154009 0.981810
vt 0.155601 0.981857
vt 0.155601 0.983772
vt 0.355136 0.971382
vt 0.355135 0.973009
vt 0.353757 0.973769
vt 0.352377 0.972898
vt 0.352377 0.971270
vt 0.353757 0.970513
vt 0.607692 0.085844
vt 0.609728 0.085676
vt 0.610702 0.089834
vt 0.608666 0.090001
vt 0.004419 0.861005
vt 0.002365 0.860978
vt 0.002365 0.855552
vt 0.004419 0.855579
vt 0.479087 0.969986
vt 0.479087 0.963004
vt 0.484816 0.962978
vt 0.484816 0.969992
vt 0.607692 0.068149
vt 0.609728 0.067981
vt 0.609728 0.072642
vt 0.607692 0.072810
vt 0.675542 0.850102
vt 0.682614 0.850101
vt 0.682620 0.855831
vt 0.675516 0.855831
vt 0.607692 0.081183
vt 0.609728 0.081015
vt 0.675617 0.834081
vt 0.682598 0.834081
vt 0.682604 0.839810
vt 0.675590 0.839811
vt 0.002365 0.870725
vt 0.000000 0.870693
vt 0.000000 0.860947
vt 0.004419 0.870752
vt 0.004419 0.876179
vt 0.002365 0.876151
vt 0.110135 0.976368
vt 0.110135 0.970513
vt 0.112482 0.970683
vt 0.112482 0.976539
vt 0.610696 0.085153
vt 0.612072 0.080822
vt 0.613040 0.084960
vt 0.612072 0.072449
vt 0.328165 0.979921
vt 0.328165 0.978376
vt 0.329521 0.977629
vt 0.330878 0.978427
vt 0.330877 0.979974
vt 0.329520 0.980722
vt 0.447574 0.983739
vt 0.447574 0.981820
vt 0.449138 0.981810
vt 0.449138 0.983729
vt 0.761746 0.980328
vt 0.759818 0.980328
vt 0.759854 0.979121
vt 0.761782 0.979121
vt 0.464342 0.977629
vt 0.466260 0.977629
vt 0.466155 0.978907
vt 0.464237 0.978907
vt 0.333591 0.978376
vt 0.333591 0.979921
vt 0.332236 0.980722
vt 0.330879 0.979974
vt 0.332235 0.977629
vt 0.490492 0.978907
vt 0.492410 0.978907
vt 0.492475 0.980339
vt 0.490557 0.980339
vt 0.466222 0.980349
vt 0.464305 0.980349
vt 0.567435 0.983725
vt 0.567435 0.981810
vt 0.568957 0.981847
vt 0.568957 0.983761
vt 0.490597 0.977629
vt 0.492514 0.977629
vt 0.757810 0.980334
vt 0.755881 0.980334
vt 0.755917 0.979121
vt 0.757846 0.979121
vt 0.311830 0.979959
vt 0.311830 0.978398
vt 0.313191 0.977629
vt 0.314552 0.978419
vt 0.314551 0.979981
vt 0.313190 0.980751
vt 0.550617 0.983738
vt 0.550617 0.981820
vt 0.552167 0.981810
vt 0.552167 0.983729
vt 0.755898 0.977629
vt 0.757826 0.977629
vt 0.759834 0.977629
vt 0.761762 0.977629
vt 0.469294 0.983725
vt 0.469294 0.981810
vt 0.470829 0.981848
vt 0.470829 0.983763
vt 0.317274 0.978398
vt 0.317274 0.979958
vt 0.315914 0.980751
vt 0.314553 0.979981
vt 0.315913 0.977629
vt 0.968880 0.241534
vt 0.964969 0.241281
vt 0.964991 0.000063
vt 0.968880 0.000435
vt 0.941519 0.303465
vt 0.945409 0.303188
vt 0.945430 0.577130
vt 0.941519 0.577316
vt 0.553036 0.463879
vt 0.557278 0.464703
vt 0.557244 0.777829
vt 0.553036 0.778926
vt 0.620953 0.156422
vt 0.628588 0.154930
vt 0.628588 0.470761
vt 0.621011 0.468796
vt 0.119754 0.309242
vt 0.121651 0.309612
vt 0.121636 0.621978
vt 0.119754 0.622467
vt 0.098144 0.468883
vt 0.096262 0.469372
vt 0.096262 0.153549
vt 0.098159 0.153918
vt 0.941533 0.000470
vt 0.945393 0.000063
vt 0.945424 0.274675
vt 0.941533 0.274910
vt 0.968867 0.543786
vt 0.964936 0.543620
vt 0.964949 0.303188
vt 0.968867 0.303403
vt 0.821416 0.962978
vt 0.817510 0.962666
vt 0.817534 0.746264
vt 0.821416 0.746696
vt 0.961000 0.607585
vt 0.964885 0.607256
vt 0.964908 0.852829
vt 0.961000 0.853067
vt 0.881252 0.602776
vt 0.881214 0.883877
vt 0.877008 0.884982
vt 0.659889 0.461690
vt 0.667527 0.460212
vt 0.667527 0.744016
vt 0.659953 0.742036
vt 0.998102 0.303188
vt 1.000000 0.303554
vt 0.999983 0.583893
vt 0.998102 0.584386
vt 0.306100 0.901210
vt 0.304219 0.901703
vt 0.304219 0.617907
vt 0.306117 0.618273
vt 0.961049 0.303647
vt 0.964903 0.303188
vt 0.964936 0.549430
vt 0.961049 0.549717
vt 0.663817 0.959858
vt 0.659889 0.959633
vt 0.659903 0.744016
vt 0.663817 0.744290
vt 0.628588 0.468281
vt 0.628589 0.460695
vt 0.634319 0.460610
vt 0.634319 0.468244
vt 0.235475 0.970694
vt 0.237506 0.970513
vt 0.237506 0.976582
vt 0.235475 0.976762
vt 0.817301 0.154153
vt 0.809714 0.154101
vt 0.809714 0.143808
vt 0.817216 0.143861
vt 0.543220 0.826084
vt 0.545262 0.826055
vt 0.545941 0.831217
vt 0.543899 0.831245
vt 0.036640 0.859305
vt 0.034586 0.859288
vt 0.034586 0.853694
vt 0.036640 0.853712
vt 0.776819 0.153939
vt 0.776820 0.146485
vt 0.782549 0.146399
vt 0.782549 0.153900
vt 0.544652 0.809799
vt 0.546694 0.809771
vt 0.546317 0.814060
vt 0.544275 0.814089
vt 0.549692 0.794998
vt 0.557278 0.794950
vt 0.557278 0.800680
vt 0.543597 0.821794
vt 0.545640 0.821766
vt 0.549825 0.778977
vt 0.557278 0.778926
vt 0.557278 0.784657
vt 0.549778 0.784706
vt 0.034586 0.869334
vt 0.032221 0.869314
vt 0.032221 0.859268
vt 0.036640 0.869352
vt 0.036640 0.874945
vt 0.034586 0.874928
vt 0.950133 0.969292
vt 0.950133 0.963185
vt 0.952471 0.962978
vt 0.952471 0.969086
vt 0.546317 0.826896
vt 0.547991 0.821733
vt 0.548668 0.826864
vt 0.548668 0.814027
vt 0.267404 0.970708
vt 0.269434 0.970513
vt 0.269434 0.976110
vt 0.267404 0.976304
vt 0.355137 0.973000
vt 0.355136 0.971382
vt 0.356519 0.970513
vt 0.357905 0.971261
vt 0.357905 0.972881
vt 0.356520 0.973752
vt 0.145922 0.983766
vt 0.145922 0.981847
vt 0.147537 0.981810
vt 0.147537 0.983729
vt 0.259425 0.900700
vt 0.252427 0.900641
vt 0.252427 0.890348
vt 0.259340 0.890408
vt 0.905464 0.980283
vt 0.903536 0.980283
vt 0.903576 0.979167
vt 0.905504 0.979167
vt 0.389634 0.977630
vt 0.391552 0.977629
vt 0.391432 0.978809
vt 0.389515 0.978809
vt 0.360673 0.971382
vt 0.360672 0.973000
vt 0.359289 0.973752
vt 0.357905 0.972881
vt 0.357905 0.971261
vt 0.359290 0.970513
vt 0.419845 0.978809
vt 0.421762 0.978809
vt 0.421817 0.980365
vt 0.419900 0.980365
vt 0.391488 0.980382
vt 0.389571 0.980382
vt 0.147537 0.983724
vt 0.149163 0.981832
vt 0.149163 0.983746
vt 0.419965 0.977630
vt 0.421882 0.977629
vt 0.881974 0.980289
vt 0.880045 0.980289
vt 0.880087 0.979167
vt 0.882016 0.979167
vt 0.336451 0.973054
vt 0.336450 0.971414
vt 0.337838 0.970513
vt 0.339229 0.971251
vt 0.339229 0.972893
vt 0.337839 0.973796
vt 0.163635 0.983762
vt 0.163635 0.981843
vt 0.165230 0.981810
vt 0.165230 0.983729
vt 0.880074 0.977629
vt 0.882003 0.977629
vt 0.461846 0.970069
vt 0.461847 0.963072
vt 0.467576 0.962978
vt 0.467576 0.970023
vt 0.903563 0.977630
vt 0.905491 0.977629
vt 0.140997 0.983724
vt 0.140997 0.981810
vt 0.142643 0.981832
vt 0.142643 0.983746
vt 0.342008 0.971414
vt 0.342007 0.973054
vt 0.340619 0.973796
vt 0.339229 0.972893
vt 0.339229 0.971251
vt 0.340620 0.970513
vt 0.246425 0.826249
vt 0.248467 0.826217
vt 0.249136 0.830985
vt 0.247094 0.831015
vt 0.540249 0.859287
vt 0.538195 0.859270
vt 0.538195 0.853676
vt 0.540249 0.853694
vt 0.490557 0.969939
vt 0.490558 0.963074
vt 0.496288 0.962978
vt 0.496288 0.969890
vt 0.247836 0.809962
vt 0.249878 0.809931
vt 0.249507 0.814221
vt 0.247464 0.814252
vt 0.621001 0.850536
vt 0.627998 0.850480
vt 0.627998 0.856210
vt 0.620953 0.856266
vt 0.246797 0.821958
vt 0.248839 0.821927
vt 0.621133 0.834514
vt 0.627998 0.834456
vt 0.627998 0.840187
vt 0.621086 0.840244
vt 0.538195 0.869317
vt 0.535830 0.869296
vt 0.535830 0.859250
vt 0.540249 0.869334
vt 0.540249 0.874927
vt 0.538195 0.874910
vt 0.188965 0.976371
vt 0.188965 0.970736
vt 0.191302 0.970513
vt 0.191302 0.976150
vt 0.249507 0.826663
vt 0.251190 0.821891
vt 0.251858 0.826628
vt 0.251858 0.814185
vt 0.349884 0.979872
vt 0.349884 0.978352
vt 0.351241 0.977630
vt 0.352599 0.978425
vt 0.352598 0.979947
vt 0.351240 0.980672
vt 0.573565 0.983751
vt 0.573565 0.981832
vt 0.575092 0.981810
vt 0.575092 0.983729
vt 0.963255 0.980255
vt 0.961327 0.980255
vt 0.961356 0.979167
vt 0.963284 0.979167
vt 0.522737 0.977630
vt 0.524655 0.977629
vt 0.524535 0.978809
vt 0.522618 0.978809
vt 0.355315 0.978351
vt 0.355315 0.979871
vt 0.353959 0.980672
vt 0.352601 0.979947
vt 0.352599 0.978425
vt 0.353958 0.977629
vt 0.552759 0.978809
vt 0.554676 0.978809
vt 0.554729 0.980290
vt 0.552812 0.980290
vt 0.524589 0.980307
vt 0.522672 0.980307
vt 0.565900 0.983725
vt 0.565900 0.981810
vt 0.567435 0.981831
vt 0.567435 0.983745
vt 0.552878 0.977630
vt 0.554796 0.977629
vt 0.930961 0.980261
vt 0.929033 0.980261
vt 0.929064 0.979167
vt 0.930993 0.979167
vt 0.322709 0.979926
vt 0.322709 0.978384
vt 0.324072 0.977629
vt 0.325437 0.978414
vt 0.325436 0.979958
vt 0.324071 0.980715
vt 0.599361 0.983748
vt 0.599361 0.981829
vt 0.600870 0.981810
vt 0.600870 0.983729
vt 0.929051 0.977629
vt 0.930980 0.977629
vt 0.961343 0.977630
vt 0.963271 0.977629
vt 0.452264 0.983725
vt 0.452264 0.981810
vt 0.453820 0.981831
vt 0.453820 0.983746
vt 0.328165 0.978384
vt 0.328165 0.979926
vt 0.326803 0.980715
vt 0.325438 0.979958
vt 0.325437 0.978414
vt 0.326802 0.977630
vt 0.416122 0.151095
vt 0.416124 0.143364
vt 0.421863 0.143289
vt 0.421863 0.151087
vt 0.147684 0.970631
vt 0.149721 0.970513
vt 0.149721 0.977185
vt 0.147683 0.977301
vt 0.812124 0.607331
vt 0.804393 0.607316
vt 0.804393 0.597004
vt 0.812003 0.597022
vt 0.246000 0.976700
vt 0.243962 0.976544
vt 0.243962 0.970513
vt 0.245999 0.970671
vt 0.158118 0.839326
vt 0.156064 0.839319
vt 0.156064 0.833577
vt 0.158118 0.833584
vt 0.772397 0.608382
vt 0.772399 0.600839
vt 0.778138 0.600761
vt 0.778138 0.608371
vt 0.200738 0.875245
vt 0.202778 0.875072
vt 0.202778 0.879339
vt 0.200738 0.879513
vt 0.667778 0.790696
vt 0.675509 0.790687
vt 0.675509 0.796428
vt 0.667711 0.796436
vt 0.200738 0.887178
vt 0.202778 0.887004
vt 0.202778 0.891271
vt 0.200738 0.891445
vt 0.667966 0.774648
vt 0.675509 0.774635
vt 0.675509 0.780376
vt 0.667899 0.780387
vt 0.156064 0.849634
vt 0.153698 0.849626
vt 0.153698 0.839311
vt 0.158118 0.849641
vt 0.158118 0.855383
vt 0.156064 0.855376
vt 0.764826 0.969841
vt 0.764827 0.963111
vt 0.767173 0.962978
vt 0.767173 0.969710
vt 0.058022 0.970698
vt 0.058022 0.976678
vt 0.055676 0.976495
vt 0.055676 0.970513
vt 0.205125 0.879139
vt 0.205125 0.886804
vt 0.250407 0.970661
vt 0.252443 0.970513
vt 0.252443 0.976456
vt 0.250407 0.976603
vt 0.344065 0.973040
vt 0.344063 0.971403
vt 0.345451 0.970513
vt 0.346841 0.971257
vt 0.346841 0.972897
vt 0.345452 0.973791
vt 0.439965 0.977629
vt 0.441886 0.977629
vt 0.441948 0.979208
vt 0.440027 0.979208
vt 0.773535 0.903241
vt 0.766638 0.903208
vt 0.766638 0.892896
vt 0.773414 0.892932
vt 0.071507 0.984339
vt 0.069578 0.984339
vt 0.069621 0.983389
vt 0.071549 0.983389
vt 0.441848 0.980372
vt 0.439927 0.980373
vt 0.349618 0.971403
vt 0.349617 0.973041
vt 0.348230 0.973791
vt 0.346841 0.972898
vt 0.346841 0.971258
vt 0.348231 0.970513
vt 0.144296 0.983755
vt 0.144296 0.981836
vt 0.145922 0.981811
vt 0.145922 0.983729
vt 0.137706 0.983753
vt 0.137706 0.981834
vt 0.139360 0.981810
vt 0.139360 0.983729
vt 0.142643 0.983736
vt 0.142643 0.981820
vt 0.144296 0.981810
vt 0.144295 0.983727
vt 0.474390 0.979184
vt 0.476311 0.979184
vt 0.476211 0.980348
vt 0.474290 0.980348
vt 0.059590 0.984343
vt 0.057661 0.984343
vt 0.057709 0.983389
vt 0.059638 0.983389
vt 0.319756 0.973118
vt 0.319754 0.971449
vt 0.321149 0.970513
vt 0.322546 0.971244
vt 0.322546 0.972916
vt 0.321150 0.973854
vt 0.474335 0.977629
vt 0.476256 0.977629
vt 0.057704 0.981811
vt 0.059632 0.981810
vt 0.484816 0.969966
vt 0.484818 0.963069
vt 0.490557 0.962978
vt 0.490557 0.969942
vt 0.069615 0.981811
vt 0.071544 0.981810
vt 0.136022 0.983738
vt 0.136022 0.981821
vt 0.137706 0.981810
vt 0.137706 0.983726
vt 0.325338 0.971448
vt 0.325337 0.973117
vt 0.323943 0.973855
vt 0.322546 0.972916
vt 0.322546 0.971244
vt 0.323944 0.970513
vt 0.275887 0.976100
vt 0.273851 0.975911
vt 0.273851 0.970513
vt 0.275886 0.970704
vt 0.451523 0.839247
vt 0.449468 0.839240
vt 0.449468 0.833497
vt 0.451523 0.833504
vt 0.507821 0.969782
vt 0.507823 0.963073
vt 0.513562 0.962978
vt 0.513562 0.969754
vt 0.607692 0.135518
vt 0.609732 0.135344
vt 0.609732 0.139611
vt 0.607692 0.139785
vt 0.689620 0.850641
vt 0.696517 0.850614
vt 0.696517 0.856355
vt 0.689553 0.856381
vt 0.607692 0.147450
vt 0.609732 0.147276
vt 0.609732 0.151543
vt 0.607692 0.151717
vt 0.689808 0.834593
vt 0.696517 0.834562
vt 0.696517 0.840303
vt 0.689741 0.840333
vt 0.449468 0.849554
vt 0.447102 0.849546
vt 0.447102 0.839232
vt 0.451523 0.849561
vt 0.451523 0.855303
vt 0.449468 0.855296
vt 0.058022 0.976682
vt 0.058022 0.970680
vt 0.060366 0.970513
vt 0.060366 0.976517
vt 0.224947 0.970736
vt 0.224947 0.976082
vt 0.222605 0.975862
vt 0.222605 0.970513
vt 0.612079 0.139411
vt 0.612079 0.147076
vt 0.360703 0.979810
vt 0.360703 0.978312
vt 0.362053 0.977630
vt 0.363404 0.978442
vt 0.363403 0.979943
vt 0.362051 0.980628
vt 0.746087 0.977630
vt 0.748009 0.977630
vt 0.748041 0.979100
vt 0.746120 0.979100
vt 0.101029 0.984319
vt 0.099100 0.984319
vt 0.099120 0.983389
vt 0.101049 0.983389
vt 0.747941 0.980264
vt 0.746020 0.980264
vt 0.366106 0.978312
vt 0.366106 0.979810
vt 0.364758 0.980629
vt 0.363406 0.979943
vt 0.363404 0.978442
vt 0.364756 0.977630
vt 0.590360 0.983761
vt 0.590360 0.981843
vt 0.591865 0.983729
vt 0.487827 0.983760
vt 0.487827 0.981841
vt 0.489359 0.981810
vt 0.489359 0.983729
vt 0.629352 0.983727
vt 0.629352 0.981811
vt 0.630866 0.981810
vt 0.630866 0.983727
vt 0.856423 0.979075
vt 0.858344 0.979075
vt 0.858244 0.980239
vt 0.856323 0.980240
vt 0.095015 0.984324
vt 0.093086 0.984324
vt 0.093111 0.983389
vt 0.095040 0.983389
vt 0.339033 0.979888
vt 0.339033 0.978359
vt 0.340392 0.977629
vt 0.341753 0.978426
vt 0.341751 0.979958
vt 0.340390 0.980690
vt 0.856396 0.977629
vt 0.858318 0.977629
vt 0.093106 0.981811
vt 0.095035 0.981811
vt 0.099115 0.981811
vt 0.101044 0.981810
vt 0.575092 0.983729
vt 0.575092 0.981813
vt 0.576637 0.981810
vt 0.576637 0.983726
vt 0.344473 0.978359
vt 0.344473 0.979888
vt 0.343116 0.980690
vt 0.341755 0.979958
vt 0.341753 0.978426
vt 0.343114 0.977629
vt 0.410365 0.151155
vt 0.410366 0.143322
vt 0.416122 0.143289
vt 0.416122 0.151204
vt 0.939586 0.963033
vt 0.941631 0.962978
vt 0.941631 0.970182
vt 0.939586 0.970236
vt 0.659887 0.766218
vt 0.652054 0.766218
vt 0.652134 0.755877
vt 0.659820 0.755880
vt 0.108089 0.970514
vt 0.110135 0.970592
vt 0.110135 0.977431
vt 0.108090 0.977350
vt 0.205159 0.815725
vt 0.203104 0.815726
vt 0.203104 0.809941
vt 0.205159 0.809939
vt 0.401078 0.153348
vt 0.401080 0.145744
vt 0.406836 0.145708
vt 0.406836 0.153395
vt 0.032221 0.875051
vt 0.034267 0.874945
vt 0.034267 0.879793
vt 0.032221 0.879899
vt 0.252457 0.788375
vt 0.260291 0.788374
vt 0.260343 0.794131
vt 0.252427 0.794131
vt 0.032221 0.888606
vt 0.034267 0.888499
vt 0.034267 0.893347
vt 0.032221 0.893453
vt 0.252542 0.772280
vt 0.260146 0.772275
vt 0.260198 0.778033
vt 0.252512 0.778036
vt 0.203104 0.826118
vt 0.200738 0.826120
vt 0.200738 0.815729
vt 0.205159 0.826116
vt 0.205159 0.831901
vt 0.203104 0.831903
vt 0.535844 0.970319
vt 0.535844 0.963038
vt 0.538198 0.962978
vt 0.538198 0.970261
vt 0.762472 0.969746
vt 0.762471 0.962978
vt 0.764826 0.963072
vt 0.764826 0.969842
vt 0.036623 0.879670
vt 0.036623 0.888377
vt 0.227309 0.970611
vt 0.229352 0.970513
vt 0.229352 0.976759
vt 0.227309 0.976856
vt 0.329508 0.973826
vt 0.328120 0.972925
vt 0.328121 0.971271
vt 0.329510 0.970513
vt 0.330900 0.971418
vt 0.330900 0.973076
vt 0.375427 0.977629
vt 0.377350 0.977637
vt 0.377425 0.979125
vt 0.375501 0.979118
vt 0.693923 0.897064
vt 0.687104 0.897064
vt 0.687157 0.886723
vt 0.693830 0.886726
vt 0.971275 0.979292
vt 0.973197 0.979293
vt 0.973313 0.980147
vt 0.971391 0.980147
vt 0.377350 0.980451
vt 0.375427 0.980444
vt 0.328120 0.972924
vt 0.326731 0.973825
vt 0.325338 0.973076
vt 0.325338 0.971418
vt 0.326729 0.970513
vt 0.328118 0.971270
vt 0.971282 0.977630
vt 0.973203 0.977630
vt 0.860311 0.977629
vt 0.862232 0.977629
vt 0.862222 0.979330
vt 0.860300 0.979330
vt 0.139360 0.983768
vt 0.139360 0.981848
vt 0.140997 0.981810
vt 0.140996 0.983730
vt 0.423975 0.979094
vt 0.425898 0.979095
vt 0.425828 0.980421
vt 0.423904 0.980420
vt 0.862334 0.980222
vt 0.860412 0.980221
vt 0.308654 0.973902
vt 0.307257 0.972946
vt 0.307258 0.971253
vt 0.308656 0.970513
vt 0.310056 0.971473
vt 0.310056 0.973169
vt 0.423904 0.977629
vt 0.425828 0.977631
vt 0.189075 0.983739
vt 0.189075 0.981810
vt 0.190664 0.981812
vt 0.190664 0.983741
vt 0.496288 0.969844
vt 0.496289 0.963025
vt 0.502045 0.962978
vt 0.502045 0.969879
vt 0.190664 0.983739
vt 0.190664 0.981810
vt 0.192253 0.981812
vt 0.192253 0.983741
vt 0.134344 0.983773
vt 0.134344 0.981853
vt 0.136022 0.981810
vt 0.136022 0.983730
vt 0.307257 0.972945
vt 0.305859 0.973901
vt 0.304456 0.973169
vt 0.304456 0.971474
vt 0.305857 0.970513
vt 0.307255 0.971253
vt 0.250407 0.976602
vt 0.248363 0.976480
vt 0.248363 0.970513
vt 0.250406 0.970637
vt 0.134131 0.815836
vt 0.132076 0.815838
vt 0.132076 0.810053
vt 0.134131 0.810051
vt 0.513562 0.969619
vt 0.513564 0.963028
vt 0.519320 0.962978
vt 0.519320 0.969650
vt 0.516387 0.875072
vt 0.518433 0.874966
vt 0.518433 0.879813
vt 0.516387 0.879919
vt 0.528910 0.825832
vt 0.535730 0.825830
vt 0.535768 0.831588
vt 0.528867 0.831588
vt 0.516387 0.888626
vt 0.518433 0.888520
vt 0.518433 0.893367
vt 0.516387 0.893474
vt 0.529032 0.809737
vt 0.535622 0.809732
vt 0.535661 0.815489
vt 0.528988 0.815493
vt 0.132076 0.826229
vt 0.129710 0.826232
vt 0.129710 0.815840
vt 0.134131 0.826227
vt 0.134131 0.832013
vt 0.132076 0.832015
vt 0.872722 0.969409
vt 0.872723 0.963086
vt 0.875075 0.962978
vt 0.875075 0.969302
vt 0.106034 0.970660
vt 0.106034 0.976557
vt 0.103681 0.976413
vt 0.103681 0.970513
vt 0.520789 0.879691
vt 0.520789 0.888398
vt 0.370124 0.980612
vt 0.368786 0.979965
vt 0.368786 0.978475
vt 0.370122 0.977629
vt 0.371462 0.978280
vt 0.371465 0.979773
vt 0.649315 0.977629
vt 0.651238 0.977629
vt 0.651280 0.979010
vt 0.649357 0.979011
vt 0.134327 0.984134
vt 0.132399 0.984135
vt 0.132415 0.983402
vt 0.134344 0.983400
vt 0.651211 0.980336
vt 0.649287 0.980337
vt 0.368786 0.979964
vt 0.367447 0.980611
vt 0.366106 0.979773
vt 0.366108 0.978281
vt 0.367449 0.977629
vt 0.368786 0.978475
vt 0.691901 0.983743
vt 0.691901 0.981821
vt 0.693397 0.981811
vt 0.693397 0.983732
vt 0.582761 0.983739
vt 0.582761 0.981817
vt 0.584294 0.981810
vt 0.584294 0.983732
vt 0.719858 0.983749
vt 0.719858 0.981829
vt 0.721311 0.981810
vt 0.721311 0.983730
vt 0.728292 0.978986
vt 0.730215 0.978986
vt 0.730146 0.980312
vt 0.728222 0.980312
vt 0.132375 0.984132
vt 0.130446 0.984133
vt 0.130470 0.983401
vt 0.132399 0.983399
vt 0.345825 0.980685
vt 0.344473 0.979981
vt 0.344473 0.978455
vt 0.345822 0.977629
vt 0.347176 0.978338
vt 0.347178 0.979867
vt 0.728259 0.977629
vt 0.730182 0.977629
vt 0.130470 0.981812
vt 0.132399 0.981810
vt 0.132415 0.981813
vt 0.134344 0.981811
vt 0.626359 0.983753
vt 0.626359 0.981833
vt 0.627853 0.981810
vt 0.627853 0.983730
vt 0.349884 0.979980
vt 0.348532 0.980684
vt 0.347178 0.979867
vt 0.347181 0.978338
vt 0.348535 0.977629
vt 0.349884 0.978454
vt 0.159078 0.616195
vt 0.163006 0.616206
vt 0.163005 0.913968
vt 0.159088 0.913894
vt 0.620953 0.770141
vt 0.617038 0.770159
vt 0.617027 0.463613
vt 0.620953 0.463626
vt 0.644273 0.462266
vt 0.648555 0.463021
vt 0.648628 0.770234
vt 0.644273 0.770503
vt 0.613245 0.156296
vt 0.620953 0.154930
vt 0.620953 0.463613
vt 0.613112 0.463136
vt 0.022909 0.154363
vt 0.024825 0.154702
vt 0.024825 0.461524
vt 0.022876 0.461643
vt 0.049068 0.462802
vt 0.047119 0.462921
vt 0.047119 0.154257
vt 0.049035 0.154595
vt 0.898301 0.610095
vt 0.894404 0.610162
vt 0.894404 0.303188
vt 0.898321 0.303200
vt 0.906184 0.000094
vt 0.910120 0.000063
vt 0.910118 0.297324
vt 0.906184 0.297339
vt 0.914019 0.303188
vt 0.917946 0.303240
vt 0.917946 0.584718
vt 0.914030 0.584603
vt 0.114987 0.619632
vt 0.118903 0.619575
vt 0.118903 0.909005
vt 0.114976 0.909031
vt 0.872645 0.601757
vt 0.876924 0.602530
vt 0.877001 0.892676
vt 0.872645 0.892927
vt 0.636569 0.461552
vt 0.644271 0.460153
vt 0.644271 0.751769
vt 0.636428 0.751326
vt 0.998071 0.607256
vt 0.999985 0.607603
vt 0.999985 0.897358
vt 0.998036 0.897469
vt 0.998102 0.594674
vt 0.996153 0.594785
vt 0.996153 0.303188
vt 0.998067 0.303534
vt 0.205989 0.619770
vt 0.209886 0.619663
vt 0.209885 0.909521
vt 0.205968 0.909549
vt 0.914006 0.607256
vt 0.917942 0.607266
vt 0.917940 0.888245
vt 0.914006 0.888217
vt 0.395302 0.153458
vt 0.395304 0.145759
vt 0.401078 0.145708
vt 0.401078 0.153472
vt 0.865965 0.970447
vt 0.863915 0.970451
vt 0.863915 0.962982
vt 0.865965 0.962978
vt 0.809714 0.154183
vt 0.802015 0.154183
vt 0.802032 0.143808
vt 0.809615 0.143811
vt 0.870671 0.962978
vt 0.872722 0.962995
vt 0.872722 0.970355
vt 0.870671 0.970337
vt 0.078321 0.859312
vt 0.076267 0.859327
vt 0.076267 0.853694
vt 0.078321 0.853679
vt 0.766621 0.608333
vt 0.766622 0.600814
vt 0.772397 0.600761
vt 0.772397 0.608344
vt 0.719145 0.856648
vt 0.721195 0.856591
vt 0.721195 0.861952
vt 0.719145 0.862009
vt 0.667759 0.768860
vt 0.675459 0.768859
vt 0.675475 0.774635
vt 0.667711 0.774635
vt 0.719145 0.871637
vt 0.721195 0.871580
vt 0.721195 0.876941
vt 0.719145 0.876997
vt 0.667894 0.752713
vt 0.675413 0.752708
vt 0.675429 0.758484
vt 0.667846 0.758488
vt 0.076267 0.869444
vt 0.073902 0.869462
vt 0.073902 0.859345
vt 0.078321 0.869429
vt 0.078321 0.875062
vt 0.076267 0.875077
vt 0.521680 0.962978
vt 0.521680 0.970512
vt 0.519320 0.970513
vt 0.519320 0.962979
vt 0.533482 0.970277
vt 0.533482 0.962978
vt 0.535844 0.963001
vt 0.535844 0.970301
vt 0.723555 0.861887
vt 0.723555 0.871515
vt 0.178414 0.970558
vt 0.180463 0.970513
vt 0.180463 0.977185
vt 0.178413 0.977229
vt 0.335061 0.973803
vt 0.333675 0.972930
vt 0.333677 0.971287
vt 0.335062 0.970513
vt 0.336450 0.971390
vt 0.336450 0.973036
vt 0.373390 0.978986
vt 0.371465 0.978982
vt 0.371520 0.977629
vt 0.373445 0.977634
vt 0.105091 0.902818
vt 0.098192 0.902814
vt 0.098192 0.892439
vt 0.104976 0.892446
vt 0.542750 0.979257
vt 0.544676 0.979257
vt 0.544740 0.980358
vt 0.542814 0.980358
vt 0.696353 0.983735
vt 0.696353 0.981810
vt 0.697823 0.981852
vt 0.697823 0.983777
vt 0.333675 0.972929
vt 0.332290 0.973803
vt 0.330900 0.973036
vt 0.330900 0.971390
vt 0.332288 0.970513
vt 0.333674 0.971286
vt 0.542779 0.977629
vt 0.544705 0.977629
vt 0.437976 0.977629
vt 0.439902 0.977629
vt 0.439868 0.979289
vt 0.437942 0.979289
vt 0.375422 0.980483
vt 0.373497 0.980483
vt 0.373444 0.978948
vt 0.375369 0.978948
vt 0.697823 0.983735
vt 0.697823 0.981810
vt 0.699293 0.981852
vt 0.699293 0.983777
vt 0.439927 0.980423
vt 0.438001 0.980423
vt 0.318358 0.973862
vt 0.316965 0.972946
vt 0.316966 0.971272
vt 0.318359 0.970513
vt 0.319754 0.971433
vt 0.319754 0.973109
vt 0.373502 0.977629
vt 0.375427 0.977629
vt 0.464653 0.983739
vt 0.464653 0.981810
vt 0.466199 0.981822
vt 0.466199 0.983751
vt 0.473311 0.969941
vt 0.473312 0.963041
vt 0.479087 0.962978
vt 0.479087 0.969943
vt 0.463107 0.983739
vt 0.463107 0.981810
vt 0.464653 0.981822
vt 0.464653 0.983751
vt 0.373445 0.980555
vt 0.371520 0.980551
vt 0.316965 0.971433
vt 0.316963 0.973101
vt 0.315566 0.973853
vt 0.314167 0.972931
vt 0.314167 0.971259
vt 0.315567 0.970513
vt 0.193353 0.970570
vt 0.193353 0.977171
vt 0.191302 0.977113
vt 0.220653 0.859304
vt 0.218599 0.859319
vt 0.218599 0.853686
vt 0.220653 0.853671
vt 0.502045 0.969764
vt 0.502047 0.963044
vt 0.507821 0.962978
vt 0.507821 0.969762
vt 0.702107 0.856718
vt 0.704157 0.856661
vt 0.704157 0.862022
vt 0.702107 0.862079
vt 0.628241 0.850603
vt 0.635141 0.850607
vt 0.635142 0.856383
vt 0.628177 0.856378
vt 0.702107 0.871707
vt 0.704157 0.871650
vt 0.704157 0.877011
vt 0.702107 0.877067
vt 0.628421 0.834456
vt 0.635141 0.834456
vt 0.635141 0.840232
vt 0.628356 0.840231
vt 0.218599 0.869436
vt 0.216234 0.869454
vt 0.216234 0.859336
vt 0.220653 0.869421
vt 0.220653 0.875054
vt 0.218599 0.875069
vt 0.769536 0.969761
vt 0.769536 0.963025
vt 0.771896 0.962978
vt 0.771896 0.969714
vt 0.849788 0.969518
vt 0.849787 0.962978
vt 0.852148 0.963047
vt 0.852148 0.969588
vt 0.706517 0.861957
vt 0.706517 0.871585
vt 0.359355 0.980659
vt 0.358009 0.979986
vt 0.358009 0.978473
vt 0.359353 0.977629
vt 0.360701 0.978306
vt 0.360703 0.979822
vt 0.732181 0.977629
vt 0.734106 0.977630
vt 0.734158 0.978860
vt 0.732233 0.978860
vt 0.095040 0.983292
vt 0.096966 0.983293
vt 0.097053 0.984249
vt 0.095127 0.984249
vt 0.734117 0.980330
vt 0.732192 0.980330
vt 0.358009 0.979985
vt 0.356663 0.980659
vt 0.355315 0.979822
vt 0.355316 0.978306
vt 0.356665 0.977630
vt 0.358009 0.978472
vt 0.095046 0.981810
vt 0.096972 0.981810
vt 0.045800 0.981811
vt 0.047726 0.981811
vt 0.047715 0.983325
vt 0.045789 0.983325
vt 0.727048 0.983763
vt 0.727048 0.981839
vt 0.728431 0.981810
vt 0.728431 0.983735
vt 0.844539 0.978847
vt 0.846464 0.978847
vt 0.846423 0.980317
vt 0.844498 0.980317
vt 0.047797 0.984315
vt 0.045871 0.984314
vt 0.336305 0.979886
vt 0.336305 0.978351
vt 0.337668 0.977629
vt 0.339033 0.978439
vt 0.339031 0.979977
vt 0.337666 0.980701
vt 0.844495 0.977629
vt 0.846420 0.977630
vt 0.461561 0.983739
vt 0.461561 0.981810
vt 0.463107 0.981822
vt 0.463107 0.983751
vt 0.466199 0.983739
vt 0.466199 0.981810
vt 0.467745 0.981822
vt 0.467745 0.983751
vt 0.725632 0.983769
vt 0.725632 0.981844
vt 0.727048 0.981810
vt 0.727048 0.983735
vt 0.336305 0.979998
vt 0.334949 0.980716
vt 0.333591 0.979896
vt 0.333593 0.978351
vt 0.334951 0.977629
vt 0.336305 0.978456
vt 0.282384 0.898638
vt 0.282384 0.891293
vt 0.288168 0.891263
vt 0.288168 0.898624
vt 0.885935 0.970290
vt 0.883882 0.970288
vt 0.883882 0.962978
vt 0.885935 0.962981
vt 0.246396 0.885464
vt 0.239050 0.885445
vt 0.239050 0.875055
vt 0.246367 0.875075
vt 0.950133 0.962988
vt 0.950133 0.970180
vt 0.948079 0.970169
vt 0.340062 0.860889
vt 0.338009 0.860916
vt 0.338008 0.855466
vt 0.340062 0.855439
vt 0.521453 0.903165
vt 0.521453 0.895865
vt 0.527237 0.895835
vt 0.527237 0.903151
vt 0.447102 0.855340
vt 0.449154 0.855303
vt 0.449154 0.860858
vt 0.447102 0.860894
vt 0.557294 0.826060
vt 0.564639 0.826043
vt 0.564639 0.831827
vt 0.557278 0.831843
vt 0.447102 0.870871
vt 0.449154 0.870835
vt 0.449154 0.876389
vt 0.447102 0.876425
vt 0.557339 0.809887
vt 0.564639 0.809870
vt 0.564639 0.815654
vt 0.557323 0.815671
vt 0.338008 0.870706
vt 0.335644 0.870737
vt 0.335644 0.860948
vt 0.340062 0.870679
vt 0.340062 0.876129
vt 0.338008 0.876157
vt 0.531127 0.962982
vt 0.531127 0.970309
vt 0.528763 0.970306
vt 0.528763 0.962978
vt 0.597258 0.970154
vt 0.597257 0.962978
vt 0.599622 0.962991
vt 0.599622 0.970168
vt 0.451516 0.860816
vt 0.451516 0.870793
vt 0.958896 0.962991
vt 0.960948 0.962978
vt 0.960948 0.970085
vt 0.958896 0.970097
vt 0.501553 0.972926
vt 0.501553 0.971328
vt 0.502935 0.970513
vt 0.504318 0.971296
vt 0.504318 0.972895
vt 0.502935 0.973710
vt 0.449982 0.979013
vt 0.448055 0.979007
vt 0.448094 0.977629
vt 0.450021 0.977635
vt 0.406794 0.897136
vt 0.399648 0.897114
vt 0.399648 0.886724
vt 0.406765 0.886747
vt 0.718343 0.979169
vt 0.720270 0.979169
vt 0.720313 0.980348
vt 0.718385 0.980348
vt 0.556759 0.983736
vt 0.556759 0.981810
vt 0.558284 0.981838
vt 0.558284 0.983763
vt 0.512567 0.971328
vt 0.512567 0.972926
vt 0.511185 0.973710
vt 0.509802 0.972895
vt 0.509802 0.971296
vt 0.511184 0.970513
vt 0.718366 0.977629
vt 0.720294 0.977629
vt 0.674942 0.977629
vt 0.676870 0.977629
vt 0.676845 0.979178
vt 0.674917 0.979178
vt 0.496523 0.980417
vt 0.494596 0.980414
vt 0.494557 0.978999
vt 0.496484 0.979002
vt 0.561335 0.983736
vt 0.561335 0.981810
vt 0.562860 0.981837
vt 0.562860 0.983763
vt 0.676885 0.980365
vt 0.674957 0.980364
vt 0.421525 0.972944
vt 0.421525 0.971339
vt 0.422909 0.970513
vt 0.424294 0.971292
vt 0.424294 0.972898
vt 0.422909 0.973725
vt 0.494596 0.977629
vt 0.496523 0.977632
vt 0.605360 0.983739
vt 0.605360 0.981810
vt 0.606857 0.981830
vt 0.606857 0.983758
vt 0.271636 0.970155
vt 0.271637 0.963011
vt 0.277421 0.962978
vt 0.277421 0.970139
vt 0.600870 0.983739
vt 0.600870 0.981810
vt 0.602367 0.981830
vt 0.602367 0.983758
vt 0.450021 0.980436
vt 0.448094 0.980431
vt 0.427063 0.971338
vt 0.427063 0.972944
vt 0.425679 0.973725
vt 0.424294 0.972899
vt 0.424294 0.971293
vt 0.425679 0.970513
vt 0.078805 0.970513
vt 0.080858 0.970538
vt 0.080858 0.977532
vt 0.078805 0.977507
vt 0.655963 0.860943
vt 0.653909 0.860970
vt 0.653909 0.855519
vt 0.655963 0.855492
vt 0.386958 0.970111
vt 0.386958 0.963011
vt 0.392742 0.962978
vt 0.392742 0.970093
vt 0.439878 0.855411
vt 0.441930 0.855375
vt 0.441930 0.860929
vt 0.439878 0.860966
vt 0.395214 0.849481
vt 0.402358 0.849462
vt 0.402358 0.855246
vt 0.395198 0.855265
vt 0.439878 0.870942
vt 0.441930 0.870906
vt 0.441930 0.876461
vt 0.439878 0.876497
vt 0.395259 0.833309
vt 0.402358 0.833288
vt 0.402358 0.839073
vt 0.395243 0.839092
vt 0.653909 0.870760
vt 0.651545 0.870791
vt 0.651545 0.861001
vt 0.655963 0.870732
vt 0.655963 0.876183
vt 0.653909 0.876210
vt 0.604314 0.970114
vt 0.604314 0.962991
vt 0.606677 0.962978
vt 0.606677 0.970102
vt 0.748286 0.969956
vt 0.748286 0.962978
vt 0.750651 0.963008
vt 0.750651 0.969987
vt 0.444291 0.860888
vt 0.444291 0.870864
vt 0.205704 0.979963
vt 0.205704 0.978397
vt 0.207077 0.977630
vt 0.208451 0.978427
vt 0.208451 0.979994
vt 0.207077 0.980762
vt 0.690656 0.978970
vt 0.688729 0.978970
vt 0.688774 0.977630
vt 0.690701 0.977630
vt 0.882016 0.979133
vt 0.883943 0.979133
vt 0.883995 0.980276
vt 0.882067 0.980275
vt 0.559810 0.983736
vt 0.559810 0.981810
vt 0.561335 0.981838
vt 0.561335 0.983763
vt 0.211198 0.978396
vt 0.211198 0.979963
vt 0.209825 0.980762
vt 0.208451 0.979995
vt 0.208451 0.978428
vt 0.209825 0.977630
vt 0.882030 0.977629
vt 0.883958 0.977629
vt 0.866293 0.977630
vt 0.868221 0.977630
vt 0.868205 0.979142
vt 0.866277 0.979141
vt 0.728207 0.980340
vt 0.726280 0.980340
vt 0.726249 0.978962
vt 0.728176 0.978962
vt 0.558284 0.983736
vt 0.558284 0.981810
vt 0.559810 0.981838
vt 0.559810 0.983763
vt 0.868254 0.980292
vt 0.866326 0.980292
vt 0.096079 0.979981
vt 0.096079 0.978407
vt 0.097454 0.977629
vt 0.098830 0.978424
vt 0.098830 0.979998
vt 0.097454 0.980777
vt 0.726295 0.977629
vt 0.728222 0.977629
vt 0.603863 0.983739
vt 0.603863 0.981811
vt 0.605360 0.981830
vt 0.605360 0.983758
vt 0.602367 0.983739
vt 0.602367 0.981810
vt 0.603863 0.981830
vt 0.603863 0.983758
vt 0.690690 0.980356
vt 0.688763 0.980357
vt 0.101581 0.978407
vt 0.101581 0.979980
vt 0.100206 0.980777
vt 0.098830 0.979998
vt 0.098830 0.978424
vt 0.100206 0.977629
vt 0.714734 0.905082
vt 0.714734 0.897859
vt 0.720519 0.897876
vt 0.720519 0.905100
vt 0.927266 0.970212
vt 0.925213 0.970211
vt 0.925213 0.962978
vt 0.927266 0.962979
vt 0.709331 0.887461
vt 0.702107 0.887484
vt 0.702107 0.877093
vt 0.709331 0.877070
vt 0.002054 0.970513
vt 0.004108 0.970529
vt 0.004108 0.977596
vt 0.002054 0.977580
vt 0.734875 0.861888
vt 0.732821 0.861915
vt 0.732821 0.856497
vt 0.734875 0.856470
vt 0.693972 0.904745
vt 0.693972 0.897522
vt 0.699757 0.897539
vt 0.699757 0.904763
vt 0.380288 0.854235
vt 0.382340 0.854203
vt 0.382340 0.859778
vt 0.380288 0.859810
vt 0.569856 0.828127
vt 0.577079 0.828150
vt 0.577079 0.833935
vt 0.569856 0.833912
vt 0.380288 0.869824
vt 0.382340 0.869792
vt 0.382340 0.875367
vt 0.380288 0.875400
vt 0.569856 0.811952
vt 0.577079 0.811974
vt 0.577079 0.817759
vt 0.569856 0.817737
vt 0.732821 0.871648
vt 0.730456 0.871679
vt 0.730456 0.861946
vt 0.734875 0.871621
vt 0.734875 0.877040
vt 0.732821 0.877067
vt 0.583088 0.962979
vt 0.583088 0.970212
vt 0.580724 0.970211
vt 0.580724 0.962978
vt 0.658620 0.970045
vt 0.658620 0.962978
vt 0.660985 0.962996
vt 0.660985 0.970063
vt 0.384702 0.859741
vt 0.384702 0.869755
vt 0.919052 0.970212
vt 0.916999 0.970211
vt 0.916999 0.962978
vt 0.919052 0.962979
vt 0.727129 0.972896
vt 0.727129 0.971306
vt 0.728503 0.970513
vt 0.729877 0.971312
vt 0.729877 0.972902
vt 0.728503 0.973694
vt 0.607803 0.978997
vt 0.605875 0.978996
vt 0.605912 0.977629
vt 0.607839 0.977630
vt 0.701195 0.887129
vt 0.693972 0.887151
vt 0.693972 0.876760
vt 0.701195 0.876738
vt 0.799186 0.979144
vt 0.801114 0.979144
vt 0.801155 0.980320
vt 0.799227 0.980320
vt 0.519988 0.983737
vt 0.519988 0.981810
vt 0.521520 0.981834
vt 0.521520 0.983761
vt 0.735382 0.972892
vt 0.734004 0.973686
vt 0.732626 0.972894
vt 0.732626 0.971308
vt 0.734004 0.970513
vt 0.735382 0.971305
vt 0.799207 0.977629
vt 0.801135 0.977629
vt 0.801176 0.977629
vt 0.803104 0.977629
vt 0.803083 0.979144
vt 0.801155 0.979144
vt 0.592127 0.980385
vt 0.590200 0.980384
vt 0.590163 0.978996
vt 0.592091 0.978996
vt 0.530708 0.983737
vt 0.530708 0.981810
vt 0.532240 0.981835
vt 0.532240 0.983761
vt 0.803124 0.980320
vt 0.801196 0.980320
vt 0.724380 0.972896
vt 0.724380 0.971306
vt 0.725755 0.970513
vt 0.727129 0.971312
vt 0.727129 0.972902
vt 0.725755 0.973694
vt 0.590200 0.977629
vt 0.592127 0.977630
vt 0.651705 0.983739
vt 0.651705 0.981810
vt 0.653194 0.981830
vt 0.653194 0.983758
vt 0.569856 0.904391
vt 0.569856 0.897167
vt 0.575640 0.897185
vt 0.575640 0.904409
vt 0.654682 0.983739
vt 0.654682 0.981810
vt 0.656171 0.981830
vt 0.656171 0.983758
vt 0.607839 0.980385
vt 0.605912 0.980384
vt 0.742261 0.970513
vt 0.743636 0.971312
vt 0.743636 0.972902
vt 0.742261 0.973692
vt 0.740886 0.972893
vt 0.740886 0.971304
vt 0.987922 0.962978
vt 0.989976 0.962993
vt 0.989976 0.970060
vt 0.987922 0.970045
vt 0.310544 0.861129
vt 0.308490 0.861156
vt 0.308490 0.855737
vt 0.310544 0.855710
vt 0.575640 0.904391
vt 0.575640 0.897167
vt 0.581426 0.897185
vt 0.581426 0.904409
vt 0.483720 0.854310
vt 0.485772 0.854278
vt 0.485772 0.859853
vt 0.483720 0.859885
vt 0.675516 0.828274
vt 0.682739 0.828296
vt 0.682739 0.834081
vt 0.675516 0.834059
vt 0.483720 0.869899
vt 0.485772 0.869867
vt 0.485772 0.875443
vt 0.483720 0.875475
vt 0.675516 0.812098
vt 0.682739 0.812120
vt 0.682739 0.817905
vt 0.675516 0.817883
vt 0.308490 0.870889
vt 0.306125 0.870920
vt 0.306125 0.861187
vt 0.310544 0.870862
vt 0.310544 0.876280
vt 0.308490 0.876307
vt 0.573632 0.962979
vt 0.573632 0.970212
vt 0.571268 0.970211
vt 0.571268 0.962978
vt 0.653891 0.970045
vt 0.653891 0.962978
vt 0.656256 0.962995
vt 0.656256 0.970062
vt 0.488134 0.859816
vt 0.488134 0.869830
vt 0.721630 0.971312
vt 0.723005 0.970513
vt 0.724380 0.971304
vt 0.724380 0.972893
vt 0.723005 0.973692
vt 0.721630 0.972901
vt 0.605839 0.978997
vt 0.603911 0.978996
vt 0.603948 0.977630
vt 0.605875 0.977630
vt 0.791312 0.979144
vt 0.793240 0.979144
vt 0.793281 0.980320
vt 0.791353 0.980320
vt 0.533771 0.983737
vt 0.533771 0.981810
vt 0.535303 0.981834
vt 0.535303 0.983761
vt 0.689992 0.970513
vt 0.691367 0.971312
vt 0.691367 0.972901
vt 0.689992 0.973692
vt 0.688617 0.972893
vt 0.688616 0.971304
vt 0.791332 0.977629
vt 0.793260 0.977629
vt 0.795270 0.977629
vt 0.797198 0.977629
vt 0.797177 0.979144
vt 0.795249 0.979144
vt 0.594091 0.980385
vt 0.592164 0.980384
vt 0.592127 0.978996
vt 0.594055 0.978996
vt 0.510800 0.983737
vt 0.510800 0.981810
vt 0.512331 0.981834
vt 0.512331 0.983761
vt 0.797218 0.980320
vt 0.795290 0.980320
vt 0.700997 0.973686
vt 0.699619 0.972892
vt 0.699619 0.971305
vt 0.700997 0.970513
vt 0.702375 0.971308
vt 0.702375 0.972894
vt 0.592164 0.977629
vt 0.594091 0.977630
vt 0.666590 0.983739
vt 0.666590 0.981810
vt 0.668079 0.981830
vt 0.668079 0.983758
vt 0.669567 0.983739
vt 0.669567 0.981810
vt 0.671056 0.981830
vt 0.671056 0.983758
vt 0.605875 0.980385
vt 0.603948 0.980384
vt 0.732626 0.971306
vt 0.732626 0.972896
vt 0.731252 0.973694
vt 0.729877 0.972902
vt 0.729877 0.971312
vt 0.731252 0.970513
vt 0.186468 0.617672
vt 0.190396 0.617702
vt 0.190396 0.910721
vt 0.186468 0.910692
vt 0.859121 0.902636
vt 0.855195 0.902634
vt 0.855195 0.602717
vt 0.859121 0.602719
vt 0.855195 0.303201
vt 0.859559 0.303188
vt 0.859559 0.602704
vt 0.855195 0.602717
vt 0.730456 0.154930
vt 0.738312 0.154954
vt 0.738312 0.454471
vt 0.730456 0.454446
vt 0.974714 0.303194
vt 0.976666 0.303188
vt 0.976666 0.602704
vt 0.974714 0.602710
vt 0.976611 0.906772
vt 0.974659 0.906778
vt 0.974659 0.607262
vt 0.976611 0.607256
vt 0.902238 0.907391
vt 0.898321 0.907393
vt 0.898321 0.607476
vt 0.902238 0.607475
vt 0.407769 0.617311
vt 0.411705 0.617297
vt 0.411705 0.910317
vt 0.407769 0.910331
vt 0.066140 0.617664
vt 0.070068 0.617694
vt 0.070068 0.910713
vt 0.066140 0.910684
vt 0.863485 0.902635
vt 0.859559 0.902633
vt 0.859559 0.602717
vt 0.863485 0.602719
vt 0.859596 0.001500
vt 0.863959 0.001487
vt 0.863959 0.301003
vt 0.859596 0.301017
vt 0.738312 0.154930
vt 0.746168 0.154955
vt 0.746168 0.454471
vt 0.738312 0.454447
vt 0.976689 0.000069
vt 0.978641 0.000063
vt 0.978641 0.299579
vt 0.976689 0.299585
vt 0.976689 0.299579
vt 0.974737 0.299585
vt 0.974737 0.000068
vt 0.976689 0.000062
vt 0.850431 0.908085
vt 0.846514 0.908086
vt 0.846514 0.608169
vt 0.850431 0.608168
vt 0.016500 0.617215
vt 0.020436 0.617200
vt 0.020436 0.910220
vt 0.016500 0.910234
vt 0.620953 0.904823
vt 0.620953 0.897600
vt 0.626738 0.897617
vt 0.626738 0.904841
vt 0.925212 0.970212
vt 0.923159 0.970211
vt 0.923159 0.962978
vt 0.925212 0.962979
vt 0.721957 0.887465
vt 0.714734 0.887487
vt 0.714734 0.877096
vt 0.721957 0.877074
vt 0.996138 0.962978
vt 0.998192 0.962993
vt 0.998192 0.970060
vt 0.996138 0.970045
vt 0.574274 0.861172
vt 0.572220 0.861199
vt 0.572220 0.855780
vt 0.574274 0.855753
vt 0.628177 0.904975
vt 0.628177 0.897751
vt 0.633962 0.897769
vt 0.633962 0.904993
vt 0.491027 0.854252
vt 0.493079 0.854219
vt 0.493079 0.859795
vt 0.491027 0.859827
vt 0.620953 0.828649
vt 0.628177 0.828671
vt 0.628177 0.834456
vt 0.620953 0.834434
vt 0.491027 0.869841
vt 0.493079 0.869809
vt 0.493079 0.875384
vt 0.491027 0.875416
vt 0.620953 0.812473
vt 0.628177 0.812495
vt 0.628177 0.818280
vt 0.620953 0.818258
vt 0.572220 0.870932
vt 0.569856 0.870963
vt 0.569856 0.861230
vt 0.574274 0.870905
vt 0.574274 0.876323
vt 0.572220 0.876350
vt 0.580724 0.962979
vt 0.580724 0.970212
vt 0.578360 0.970211
vt 0.578360 0.962978
vt 0.651527 0.970045
vt 0.651527 0.962978
vt 0.653891 0.962996
vt 0.653891 0.970063
vt 0.495442 0.859757
vt 0.495442 0.869772
vt 0.921106 0.970212
vt 0.919053 0.970211
vt 0.919053 0.962978
vt 0.921106 0.962979
vt 0.765643 0.971312
vt 0.767019 0.970513
vt 0.768394 0.971304
vt 0.768394 0.972893
vt 0.767019 0.973692
vt 0.765643 0.972902
vt 0.609766 0.978996
vt 0.607839 0.978995
vt 0.607875 0.977629
vt 0.609803 0.977630
vt 0.679934 0.886819
vt 0.672711 0.886841
vt 0.672711 0.876450
vt 0.679934 0.876428
vt 0.809030 0.979144
vt 0.810958 0.979144
vt 0.810998 0.980320
vt 0.809070 0.980320
vt 0.507737 0.983737
vt 0.507737 0.981810
vt 0.509268 0.981834
vt 0.509268 0.983761
vt 0.750511 0.970513
vt 0.751886 0.971312
vt 0.751886 0.972901
vt 0.750511 0.973692
vt 0.749135 0.972893
vt 0.749135 0.971304
vt 0.809050 0.977630
vt 0.810978 0.977630
vt 0.811019 0.977630
vt 0.812947 0.977630
vt 0.812926 0.979144
vt 0.810998 0.979144
vt 0.613730 0.980384
vt 0.611803 0.980384
vt 0.611767 0.978995
vt 0.613694 0.978996
vt 0.504674 0.983737
vt 0.504674 0.981810
vt 0.506205 0.981834
vt 0.506205 0.983761
vt 0.812967 0.980320
vt 0.811039 0.980320
vt 0.760143 0.971312
vt 0.761518 0.970513
vt 0.762893 0.971304
vt 0.762893 0.972893
vt 0.761518 0.973692
vt 0.760143 0.972902
vt 0.611803 0.977629
vt 0.613730 0.977630
vt 0.662125 0.983739
vt 0.662125 0.981810
vt 0.663613 0.981830
vt 0.663613 0.983758
vt 0.736065 0.905072
vt 0.736065 0.897849
vt 0.741850 0.897866
vt 0.741850 0.905090
vt 0.656171 0.983739
vt 0.656171 0.981810
vt 0.657659 0.981830
vt 0.657659 0.983758
vt 0.609803 0.980384
vt 0.607875 0.980384
vt 0.753261 0.970513
vt 0.754636 0.971312
vt 0.754636 0.972901
vt 0.753261 0.973692
vt 0.751886 0.972893
vt 0.751886 0.971304
vt 0.992030 0.962978
vt 0.994084 0.962993
vt 0.994084 0.970060
vt 0.992030 0.970045
vt 0.796720 0.860996
vt 0.794666 0.861023
vt 0.794666 0.855604
vt 0.796720 0.855577
vt 0.724770 0.905039
vt 0.724770 0.897815
vt 0.730555 0.897833
vt 0.730555 0.905056
vt 0.462134 0.854312
vt 0.464186 0.854280
vt 0.464186 0.859855
vt 0.462134 0.859888
vt 0.283752 0.828226
vt 0.290976 0.828248
vt 0.290976 0.834033
vt 0.283752 0.834011
vt 0.462134 0.869902
vt 0.464186 0.869870
vt 0.464186 0.875445
vt 0.462134 0.875477
vt 0.283752 0.812050
vt 0.290976 0.812073
vt 0.290976 0.817858
vt 0.283752 0.817835
vt 0.794666 0.870756
vt 0.792301 0.870787
vt 0.792301 0.861054
vt 0.796720 0.870729
vt 0.796720 0.876147
vt 0.794666 0.876174
vt 0.575996 0.962979
vt 0.575996 0.970212
vt 0.573632 0.970211
vt 0.573632 0.962978
vt 0.639704 0.970045
vt 0.639704 0.962978
vt 0.642069 0.962996
vt 0.642069 0.970063
vt 0.466549 0.859818
vt 0.466549 0.869832
vt 0.762893 0.971312
vt 0.764268 0.970513
vt 0.765643 0.971304
vt 0.765643 0.972893
vt 0.764268 0.973692
vt 0.762893 0.972901
vt 0.615658 0.978996
vt 0.613730 0.978995
vt 0.613767 0.977629
vt 0.615694 0.977630
vt 0.814936 0.979144
vt 0.816863 0.979144
vt 0.816904 0.980320
vt 0.814976 0.980320
vt 0.500079 0.983737
vt 0.500079 0.981810
vt 0.501611 0.981834
vt 0.501611 0.983761
vt 0.760143 0.972892
vt 0.758765 0.973686
vt 0.757387 0.972894
vt 0.757387 0.971308
vt 0.758765 0.970513
vt 0.760143 0.971305
vt 0.814956 0.977629
vt 0.816884 0.977630
vt 0.812987 0.977629
vt 0.814915 0.977630
vt 0.814895 0.979144
vt 0.812967 0.979144
vt 0.611767 0.980384
vt 0.609839 0.980384
vt 0.609803 0.978995
vt 0.611730 0.978996
vt 0.509268 0.983737
vt 0.509268 0.981810
vt 0.510799 0.981834
vt 0.510799 0.983761
vt 0.814936 0.980320
vt 0.813008 0.980320
vt 0.754636 0.971312
vt 0.756011 0.970513
vt 0.757387 0.971304
vt 0.757387 0.972893
vt 0.756011 0.973692
vt 0.754636 0.972901
vt 0.609839 0.977629
vt 0.611767 0.977630
vt 0.653194 0.983739
vt 0.653194 0.981810
vt 0.654682 0.981830
vt 0.654682 0.983758
vt 0.657659 0.983739
vt 0.657659 0.981810
vt 0.659148 0.981830
vt 0.659148 0.983758
vt 0.615694 0.980384
vt 0.613767 0.980384
vt 0.749135 0.971306
vt 0.749135 0.972896
vt 0.747761 0.973694
vt 0.746387 0.972902
vt 0.746387 0.971312
vt 0.747761 0.970513
vt 0.399648 0.904361
vt 0.399648 0.897136
vt 0.405433 0.897154
vt 0.405433 0.904378
vt 0.908786 0.970213
vt 0.906733 0.970212
vt 0.906733 0.962978
vt 0.908786 0.962979
vt 0.429191 0.886597
vt 0.421967 0.886620
vt 0.421967 0.876229
vt 0.429191 0.876206
vt 0.981761 0.962978
vt 0.983814 0.962993
vt 0.983814 0.970061
vt 0.981761 0.970045
vt 0.693972 0.861799
vt 0.691917 0.861826
vt 0.691917 0.856408
vt 0.693972 0.856381
vt 0.679961 0.904360
vt 0.679961 0.897136
vt 0.685746 0.897153
vt 0.685746 0.904378
vt 0.598926 0.854334
vt 0.600978 0.854302
vt 0.600978 0.859877
vt 0.598926 0.859909
vt 0.306125 0.827992
vt 0.313349 0.828014
vt 0.313349 0.833799
vt 0.306125 0.833777
vt 0.598926 0.869923
vt 0.600978 0.869891
vt 0.600978 0.875466
vt 0.598926 0.875498
vt 0.306125 0.811816
vt 0.313349 0.811838
vt 0.313349 0.817623
vt 0.306125 0.817601
vt 0.691917 0.871559
vt 0.689553 0.871590
vt 0.689553 0.861857
vt 0.693972 0.871532
vt 0.693972 0.876951
vt 0.691917 0.876978
vt 0.557085 0.962979
vt 0.557085 0.970213
vt 0.554721 0.970212
vt 0.554721 0.962978
vt 0.637340 0.970045
vt 0.637340 0.962978
vt 0.639704 0.962995
vt 0.639704 0.970063
vt 0.603341 0.859840
vt 0.603341 0.869854
vt 0.910839 0.970213
vt 0.908786 0.970212
vt 0.908786 0.962978
vt 0.910839 0.962979
vt 0.817898 0.971312
vt 0.819273 0.970513
vt 0.820648 0.971304
vt 0.820648 0.972893
vt 0.819273 0.973692
vt 0.817898 0.972901
vt 0.625479 0.978996
vt 0.623551 0.978995
vt 0.623588 0.977629
vt 0.625515 0.977630
vt 0.451516 0.886816
vt 0.444292 0.886838
vt 0.444292 0.876448
vt 0.451516 0.876425
vt 0.824779 0.979143
vt 0.826707 0.979143
vt 0.826747 0.980320
vt 0.824819 0.980320
vt 0.546023 0.983737
vt 0.546023 0.981811
vt 0.547554 0.981835
vt 0.547554 0.983761
vt 0.775270 0.970513
vt 0.776645 0.971312
vt 0.776645 0.972901
vt 0.775270 0.973692
vt 0.773895 0.972893
vt 0.773895 0.971304
vt 0.824799 0.977629
vt 0.826727 0.977629
vt 0.822831 0.977629
vt 0.824759 0.977629
vt 0.824738 0.979144
vt 0.822810 0.979144
vt 0.617659 0.980383
vt 0.615731 0.980383
vt 0.615694 0.978995
vt 0.617622 0.978995
vt 0.532240 0.983737
vt 0.532240 0.981810
vt 0.533771 0.981834
vt 0.533771 0.983761
vt 0.824779 0.980320
vt 0.822851 0.980320
vt 0.771144 0.971312
vt 0.772519 0.970513
vt 0.773894 0.971304
vt 0.773894 0.972893
vt 0.772519 0.973692
vt 0.771144 0.972901
vt 0.615730 0.977629
vt 0.617657 0.977629
vt 0.671056 0.983739
vt 0.671056 0.981810
vt 0.672544 0.981830
vt 0.672544 0.983758
vt 0.798079 0.904354
vt 0.798079 0.897130
vt 0.803864 0.897148
vt 0.803864 0.904372
vt 0.668079 0.983739
vt 0.668079 0.981810
vt 0.669567 0.981830
vt 0.669567 0.983758
vt 0.625515 0.980384
vt 0.623588 0.980383
vt 0.783521 0.970513
vt 0.784896 0.971312
vt 0.784896 0.972901
vt 0.783521 0.973692
vt 0.782145 0.972893
vt 0.782145 0.971304
vt 0.979707 0.962978
vt 0.981761 0.962993
vt 0.981761 0.970061
vt 0.979707 0.970045
vt 0.744903 0.861888
vt 0.742849 0.861915
vt 0.742849 0.856496
vt 0.744903 0.856469
vt 0.350691 0.904373
vt 0.350691 0.897149
vt 0.356476 0.897167
vt 0.356476 0.904391
vt 0.268794 0.854220
vt 0.270846 0.854188
vt 0.270846 0.859763
vt 0.268794 0.859796
vt 0.417548 0.828089
vt 0.424772 0.828111
vt 0.424772 0.833896
vt 0.417548 0.833874
vt 0.268794 0.869810
vt 0.270846 0.869778
vt 0.270846 0.875353
vt 0.268794 0.875385
vt 0.417548 0.811913
vt 0.424772 0.811935
vt 0.424772 0.817721
vt 0.417548 0.817698
vt 0.742849 0.871648
vt 0.740484 0.871679
vt 0.740484 0.861946
vt 0.744903 0.871621
vt 0.744903 0.877039
vt 0.742849 0.877066
vt 0.559449 0.962979
vt 0.559449 0.970213
vt 0.557085 0.970212
vt 0.557085 0.962978
vt 0.634975 0.970045
vt 0.634975 0.962978
vt 0.637340 0.962995
vt 0.637340 0.970063
vt 0.273208 0.859726
vt 0.273208 0.869740
vt 0.776645 0.971312
vt 0.778019 0.970513
vt 0.779395 0.971304
vt 0.779395 0.972893
vt 0.778019 0.973692
vt 0.776645 0.972901
vt 0.633334 0.978996
vt 0.631407 0.978995
vt 0.631443 0.977629
vt 0.633370 0.977630
vt 0.820841 0.979143
vt 0.822769 0.979143
vt 0.822810 0.980320
vt 0.820882 0.980320
vt 0.544492 0.983737
vt 0.544492 0.981810
vt 0.546023 0.981834
vt 0.546023 0.983761
vt 0.780771 0.970513
vt 0.782145 0.971312
vt 0.782145 0.972901
vt 0.780771 0.973692
vt 0.779395 0.972893
vt 0.779395 0.971304
vt 0.820862 0.977629
vt 0.822790 0.977629
vt 0.826768 0.977629
vt 0.828696 0.977629
vt 0.828675 0.979143
vt 0.826747 0.979143
vt 0.623551 0.980384
vt 0.621624 0.980383
vt 0.621588 0.978995
vt 0.623515 0.978996
vt 0.536834 0.983737
vt 0.536834 0.981810
vt 0.538366 0.981834
vt 0.538366 0.983761
vt 0.828716 0.980320
vt 0.826788 0.980320
vt 0.784896 0.971312
vt 0.786270 0.970513
vt 0.787646 0.971304
vt 0.787646 0.972893
vt 0.786270 0.973692
vt 0.784896 0.972901
vt 0.621624 0.977629
vt 0.623551 0.977630
vt 0.674033 0.983739
vt 0.674033 0.981810
vt 0.675521 0.981830
vt 0.675521 0.983758
vt 0.684452 0.983739
vt 0.684452 0.981810
vt 0.685940 0.981830
vt 0.685940 0.983758
vt 0.633370 0.980384
vt 0.631443 0.980383
vt 0.805523 0.970513
vt 0.806897 0.971312
vt 0.806897 0.972901
vt 0.805523 0.973692
vt 0.804147 0.972893
vt 0.804147 0.971304
vt 0.017355 0.970201
vt 0.017355 0.962978
vt 0.023140 0.962996
vt 0.023140 0.970219
vt 0.935479 0.970212
vt 0.933426 0.970211
vt 0.933426 0.962978
vt 0.935479 0.962979
vt 0.773861 0.892874
vt 0.766637 0.892896
vt 0.766637 0.882505
vt 0.773861 0.882483
vt 0.006161 0.970513
vt 0.008215 0.970529
vt 0.008215 0.977595
vt 0.006161 0.977580
vt 0.174347 0.861278
vt 0.172293 0.861305
vt 0.172293 0.855886
vt 0.174347 0.855859
vt 0.000000 0.970201
vt -0.000000 0.962978
vt 0.005785 0.962996
vt 0.005785 0.970219
vt 0.469484 0.854337
vt 0.471536 0.854305
vt 0.471536 0.859880
vt 0.469484 0.859913
vt 0.714745 0.829188
vt 0.721968 0.829210
vt 0.721968 0.834995
vt 0.714745 0.834973
vt 0.469484 0.869927
vt 0.471536 0.869895
vt 0.471536 0.875470
vt 0.469484 0.875502
vt 0.714744 0.813012
vt 0.721968 0.813035
vt 0.721968 0.818820
vt 0.714745 0.818797
vt 0.172293 0.871038
vt 0.169929 0.871069
vt 0.169929 0.861336
vt 0.174347 0.871011
vt 0.174347 0.876429
vt 0.172293 0.876456
vt 0.587816 0.962979
vt 0.587816 0.970212
vt 0.585452 0.970211
vt 0.585452 0.962978
vt 0.663349 0.970044
vt 0.663349 0.962978
vt 0.665714 0.962995
vt 0.665714 0.970062
vt 0.473898 0.859843
vt 0.473898 0.869857
vt 0.933426 0.970212
vt 0.931372 0.970211
vt 0.931372 0.962978
vt 0.933426 0.962979
vt 0.743636 0.971312
vt 0.745011 0.970513
vt 0.746387 0.971304
vt 0.746387 0.972893
vt 0.745011 0.973692
vt 0.743636 0.972901
vt 0.603874 0.978995
vt 0.601947 0.978995
vt 0.601983 0.977629
vt 0.603910 0.977629
vt 0.765649 0.893349
vt 0.758426 0.893372
vt 0.758426 0.882981
vt 0.765649 0.882958
vt 0.807061 0.979144
vt 0.808989 0.979144
vt 0.809030 0.980320
vt 0.807102 0.980320
vt 0.497016 0.983737
vt 0.497016 0.981810
vt 0.498548 0.981834
vt 0.498548 0.983761
vt 0.703751 0.970513
vt 0.705126 0.971312
vt 0.705126 0.972901
vt 0.703751 0.973692
vt 0.702375 0.972893
vt 0.702375 0.971304
vt 0.807082 0.977629
vt 0.809010 0.977629
vt 0.803144 0.977629
vt 0.805072 0.977629
vt 0.805052 0.979144
vt 0.803124 0.979144
vt 0.601947 0.980385
vt 0.600020 0.980384
vt 0.599983 0.978996
vt 0.601911 0.978996
vt 0.512331 0.983737
vt 0.512331 0.981810
vt 0.513862 0.981834
vt 0.513862 0.983761
vt 0.805092 0.980320
vt 0.803164 0.980320
vt 0.718879 0.971312
vt 0.720254 0.970513
vt 0.721630 0.971304
vt 0.721630 0.972893
vt 0.720254 0.973692
vt 0.718879 0.972901
vt 0.600020 0.977630
vt 0.601947 0.977630
vt 0.635332 0.983739
vt 0.635332 0.981810
vt 0.636820 0.981830
vt 0.636820 0.983758
vt 0.005785 0.970201
vt 0.005785 0.962978
vt 0.011570 0.962996
vt 0.011570 0.970219
vt 0.688917 0.983739
vt 0.688917 0.981811
vt 0.690406 0.981830
vt 0.690406 0.983758
vt 0.603911 0.980384
vt 0.601984 0.980384
vt 0.706501 0.970513
vt 0.707876 0.971312
vt 0.707876 0.972901
vt 0.706501 0.973692
vt 0.705126 0.972893
vt 0.705126 0.971304
vt 0.008215 0.970513
vt 0.010269 0.970529
vt 0.010269 0.977595
vt 0.008215 0.977580
vt 0.421967 0.861223
vt 0.419913 0.861250
vt 0.419913 0.855831
vt 0.421967 0.855804
vt 0.011570 0.970201
vt 0.011570 0.962978
vt 0.017355 0.962996
vt 0.017355 0.970219
vt 0.591562 0.854304
vt 0.593614 0.854271
vt 0.593614 0.859847
vt 0.591562 0.859879
vt 0.721968 0.829188
vt 0.729191 0.829210
vt 0.729191 0.834995
vt 0.721968 0.834973
vt 0.591562 0.869893
vt 0.593614 0.869861
vt 0.593614 0.875436
vt 0.591562 0.875468
vt 0.721968 0.813012
vt 0.729191 0.813035
vt 0.729191 0.818820
vt 0.721968 0.818797
vt 0.419913 0.870982
vt 0.417548 0.871013
vt 0.417548 0.861281
vt 0.421967 0.870955
vt 0.421967 0.876374
vt 0.419913 0.876401
vt 0.585452 0.962979
vt 0.585452 0.970212
vt 0.583088 0.970211
vt 0.583088 0.962978
vt 0.665714 0.970044
vt 0.665714 0.962978
vt 0.668078 0.962996
vt 0.668078 0.970062
vt 0.595976 0.859810
vt 0.595976 0.869824
vt 0.735382 0.971312
vt 0.736757 0.970513
vt 0.738132 0.971304
vt 0.738132 0.972893
vt 0.736757 0.973692
vt 0.735382 0.972902
vt 0.597982 0.978996
vt 0.596055 0.978996
vt 0.596091 0.977629
vt 0.598019 0.977630
vt 0.797218 0.979144
vt 0.799146 0.979144
vt 0.799187 0.980320
vt 0.797259 0.980320
vt 0.542960 0.983737
vt 0.542960 0.981810
vt 0.544492 0.981835
vt 0.544492 0.983761
vt 0.692743 0.970513
vt 0.694118 0.971312
vt 0.694118 0.972902
vt 0.692743 0.973692
vt 0.691367 0.972893
vt 0.691367 0.971304
vt 0.797238 0.977629
vt 0.799166 0.977629
vt 0.805113 0.977629
vt 0.807041 0.977629
vt 0.807020 0.979144
vt 0.805092 0.979144
vt 0.599983 0.980384
vt 0.598056 0.980384
vt 0.598019 0.978995
vt 0.599946 0.978995
vt 0.501611 0.983737
vt 0.501611 0.981810
vt 0.503142 0.981834
vt 0.503142 0.983761
vt 0.807061 0.980320
vt 0.805133 0.980320
vt 0.685866 0.971312
vt 0.687241 0.970513
vt 0.688616 0.971304
vt 0.688616 0.972893
vt 0.687241 0.973692
vt 0.685866 0.972902
vt 0.598054 0.977629
vt 0.599982 0.977629
vt 0.636820 0.983739
vt 0.636820 0.981810
vt 0.638308 0.981830
vt 0.638308 0.983758
vt 0.644263 0.983739
vt 0.644263 0.981810
vt 0.645751 0.981830
vt 0.645751 0.983758
vt 0.598019 0.980385
vt 0.596091 0.980384
vt 0.709252 0.970513
vt 0.710627 0.971312
vt 0.710627 0.972902
vt 0.709252 0.973692
vt 0.707876 0.972893
vt 0.707876 0.971304
vt 0.062213 0.617664
vt 0.066140 0.617693
vt 0.066140 0.910714
vt 0.062213 0.910685
vt 0.872205 0.902290
vt 0.868279 0.902288
vt 0.868279 0.602371
vt 0.872205 0.602373
vt 0.846504 0.001500
vt 0.850868 0.001487
vt 0.850868 0.301004
vt 0.846504 0.301017
vt 0.699033 0.154930
vt 0.706889 0.154955
vt 0.706889 0.454471
vt 0.699033 0.454447
vt 0.976611 0.607262
vt 0.978563 0.607256
vt 0.978563 0.906773
vt 0.976611 0.906779
vt 0.974737 0.299579
vt 0.972785 0.299585
vt 0.972785 0.000069
vt 0.974737 0.000063
vt 0.906173 0.907173
vt 0.902256 0.907174
vt 0.902256 0.607257
vt 0.906173 0.607256
vt 0.012564 0.617214
vt 0.016500 0.617200
vt 0.016500 0.910220
vt 0.012564 0.910235
vt 0.182541 0.617672
vt 0.186468 0.617702
vt 0.186468 0.910722
vt 0.182541 0.910693
vt 0.902258 0.299982
vt 0.898331 0.299980
vt 0.898331 0.000063
vt 0.902258 0.000064
vt 0.850868 0.001500
vt 0.855232 0.001487
vt 0.855232 0.301004
vt 0.850868 0.301017
vt 0.706889 0.154930
vt 0.714744 0.154954
vt 0.714744 0.454471
vt 0.706889 0.454447
vt 0.970809 0.303194
vt 0.972761 0.303188
vt 0.972761 0.602705
vt 0.970809 0.602711
vt 0.978618 0.602705
vt 0.976666 0.602711
vt 0.976666 0.303194
vt 0.978618 0.303188
vt 0.854777 0.906683
vt 0.850859 0.906684
vt 0.850859 0.606767
vt 0.854777 0.606766
vt 0.020436 0.617215
vt 0.024372 0.617200
vt 0.024372 0.910220
vt 0.020436 0.910235
vt 0.444292 0.904451
vt 0.444291 0.897227
vt 0.450077 0.897245
vt 0.450077 0.904469
vt 0.923159 0.970212
vt 0.921106 0.970211
vt 0.921106 0.962978
vt 0.923159 0.962979
vt 0.181571 0.886694
vt 0.174347 0.886716
vt 0.174347 0.876325
vt 0.181571 0.876303
vt 0.994084 0.962978
vt 0.996138 0.962993
vt 0.996138 0.970060
vt 0.994084 0.970045
vt 0.679935 0.861250
vt 0.677880 0.861277
vt 0.677881 0.855858
vt 0.679935 0.855831
vt 0.288198 0.904382
vt 0.288198 0.897158
vt 0.293983 0.897176
vt 0.293983 0.904400
vt 0.239050 0.853891
vt 0.241102 0.853858
vt 0.241102 0.859434
vt 0.239050 0.859466
vt 0.628177 0.828649
vt 0.635400 0.828671
vt 0.635400 0.834456
vt 0.628177 0.834434
vt 0.239050 0.869480
vt 0.241102 0.869448
vt 0.241102 0.875023
vt 0.239050 0.875055
vt 0.628177 0.812473
vt 0.635400 0.812495
vt 0.635400 0.818280
vt 0.628177 0.818258
vt 0.677880 0.871010
vt 0.675516 0.871041
vt 0.675516 0.861308
vt 0.679935 0.870983
vt 0.679935 0.876401
vt 0.677880 0.876428
vt 0.578360 0.962979
vt 0.578360 0.970212
vt 0.575996 0.970211
vt 0.575996 0.962978
vt 0.642069 0.970045
vt 0.642069 0.962978
vt 0.644433 0.962996
vt 0.644433 0.970063
vt 0.243464 0.859397
vt 0.243464 0.869411
vt 0.916999 0.970212
vt 0.914946 0.970211
vt 0.914946 0.962978
vt 0.916999 0.962979
vt 0.713378 0.971312
vt 0.714752 0.970513
vt 0.716128 0.971304
vt 0.716128 0.972893
vt 0.714752 0.973692
vt 0.713378 0.972901
vt 0.586197 0.978995
vt 0.584270 0.978995
vt 0.584306 0.977629
vt 0.586233 0.977629
vt 0.628177 0.887254
vt 0.620953 0.887276
vt 0.620953 0.876885
vt 0.628177 0.876863
vt 0.789343 0.979144
vt 0.791271 0.979144
vt 0.791312 0.980320
vt 0.789384 0.980321
vt 0.513862 0.983737
vt 0.513862 0.981810
vt 0.515394 0.981834
vt 0.515394 0.983761
vt 0.684491 0.970513
vt 0.685866 0.971312
vt 0.685866 0.972901
vt 0.684491 0.973692
vt 0.683115 0.972893
vt 0.683115 0.971304
vt 0.789364 0.977629
vt 0.791292 0.977629
vt 0.785427 0.977629
vt 0.787355 0.977629
vt 0.787334 0.979144
vt 0.785406 0.979144
vt 0.596055 0.980385
vt 0.594127 0.980384
vt 0.594091 0.978995
vt 0.596018 0.978996
vt 0.538366 0.983737
vt 0.538366 0.981810
vt 0.539897 0.981834
vt 0.539897 0.983761
vt 0.787375 0.980320
vt 0.785447 0.980320
vt 0.716128 0.971312
vt 0.717503 0.970513
vt 0.718879 0.971304
vt 0.718879 0.972893
vt 0.717503 0.973692
vt 0.716128 0.972901
vt 0.594127 0.977630
vt 0.596055 0.977630
vt 0.659148 0.983739
vt 0.659148 0.981810
vt 0.660636 0.981830
vt 0.660636 0.983758
vt 0.702107 0.905073
vt 0.702107 0.897849
vt 0.707892 0.897867
vt 0.707892 0.905091
vt 0.647240 0.983739
vt 0.647240 0.981810
vt 0.648728 0.981830
vt 0.648728 0.983758
vt 0.586235 0.980384
vt 0.584307 0.980384
vt 0.678989 0.970513
vt 0.680364 0.971312
vt 0.680364 0.972901
vt 0.678989 0.973692
vt 0.677613 0.972893
vt 0.677613 0.971304
vt 0.989976 0.962978
vt 0.992030 0.962993
vt 0.992030 0.970060
vt 0.989976 0.970045
vt 0.288171 0.861315
vt 0.286117 0.861342
vt 0.286117 0.855923
vt 0.288171 0.855896
vt 0.672711 0.904461
vt 0.672711 0.897237
vt 0.678496 0.897255
vt 0.678496 0.904479
vt 0.200738 0.853907
vt 0.202790 0.853875
vt 0.202790 0.859450
vt 0.200738 0.859482
vt 0.730456 0.829043
vt 0.737680 0.829065
vt 0.737680 0.834850
vt 0.730456 0.834828
vt 0.200738 0.869496
vt 0.202790 0.869464
vt 0.202790 0.875039
vt 0.200738 0.875072
vt 0.730456 0.812867
vt 0.737680 0.812889
vt 0.737680 0.818675
vt 0.730456 0.818652
vt 0.286117 0.871075
vt 0.283752 0.871106
vt 0.283752 0.861373
vt 0.288171 0.871048
vt 0.288171 0.876466
vt 0.286117 0.876493
vt 0.561813 0.962979
vt 0.561813 0.970212
vt 0.559449 0.970211
vt 0.559449 0.962978
vt 0.644433 0.970045
vt 0.644433 0.962978
vt 0.646798 0.962996
vt 0.646798 0.970063
vt 0.205153 0.859413
vt 0.205153 0.869427
vt 0.694118 0.971312
vt 0.695492 0.970513
vt 0.696868 0.971304
vt 0.696868 0.972893
vt 0.695492 0.973692
vt 0.694118 0.972902
vt 0.590126 0.978995
vt 0.588199 0.978995
vt 0.588235 0.977629
vt 0.590162 0.977629
vt 0.787375 0.979144
vt 0.789303 0.979144
vt 0.789343 0.980320
vt 0.787415 0.980320
vt 0.535303 0.983737
vt 0.535303 0.981810
vt 0.536834 0.981834
vt 0.536834 0.983761
vt 0.698245 0.970513
vt 0.699619 0.971312
vt 0.699619 0.972901
vt 0.698245 0.973692
vt 0.696869 0.972893
vt 0.696869 0.971304
vt 0.787395 0.977629
vt 0.789323 0.977629
vt 0.793301 0.977630
vt 0.795229 0.977630
vt 0.795209 0.979144
vt 0.793281 0.979144
vt 0.588199 0.980384
vt 0.586272 0.980384
vt 0.586235 0.978995
vt 0.588162 0.978995
vt 0.503142 0.983737
vt 0.503142 0.981810
vt 0.504674 0.981834
vt 0.504674 0.983761
vt 0.795249 0.980321
vt 0.793321 0.980321
vt 0.710627 0.971312
vt 0.712002 0.970513
vt 0.713378 0.971304
vt 0.713378 0.972893
vt 0.712002 0.973692
vt 0.710627 0.972902
vt 0.586270 0.977629
vt 0.588198 0.977629
vt 0.645751 0.983739
vt 0.645751 0.981810
vt 0.647240 0.981830
vt 0.647240 0.983758
vt 0.660636 0.983739
vt 0.660636 0.981811
vt 0.662125 0.981830
vt 0.662125 0.983758
vt 0.590163 0.980384
vt 0.588236 0.980384
vt 0.681740 0.970513
vt 0.683115 0.971312
vt 0.683115 0.972901
vt 0.681740 0.973692
vt 0.680364 0.972893
vt 0.680364 0.971304
vt 0.438503 0.905866
vt 0.438503 0.898643
vt 0.444288 0.898660
vt 0.444288 0.905884
vt 0.914946 0.970212
vt 0.912893 0.970211
vt 0.912893 0.962978
vt 0.914946 0.962979
vt 0.743289 0.887535
vt 0.736065 0.887558
vt 0.736065 0.877167
vt 0.743289 0.877144
vt 0.983814 0.962978
vt 0.985868 0.962993
vt 0.985868 0.970060
vt 0.983814 0.970045
vt 0.701195 0.861559
vt 0.699141 0.861586
vt 0.699141 0.856168
vt 0.701195 0.856141
vt 0.356476 0.904373
vt 0.356476 0.897149
vt 0.362261 0.897167
vt 0.362261 0.904391
vt 0.395198 0.855297
vt 0.397250 0.855265
vt 0.397250 0.860840
vt 0.395198 0.860873
vt 0.702107 0.829157
vt 0.709331 0.829180
vt 0.709331 0.834965
vt 0.702107 0.834942
vt 0.395198 0.870887
vt 0.397250 0.870854
vt 0.397250 0.876430
vt 0.395198 0.876462
vt 0.702107 0.812981
vt 0.709331 0.813004
vt 0.709331 0.818789
vt 0.702107 0.818766
vt 0.699141 0.871319
vt 0.696776 0.871350
vt 0.696776 0.861617
vt 0.701195 0.871292
vt 0.701195 0.876711
vt 0.699141 0.876738
vt 0.566540 0.962979
vt 0.566540 0.970212
vt 0.564177 0.970211
vt 0.564177 0.962978
vt 0.660985 0.970045
vt 0.660985 0.962978
vt 0.663349 0.962995
vt 0.663349 0.970062
vt 0.399612 0.860803
vt 0.399612 0.870817
vt 0.929319 0.970212
vt 0.927266 0.970211
vt 0.927266 0.962978
vt 0.929319 0.962979
vt 0.806897 0.971312
vt 0.808272 0.970513
vt 0.809647 0.971304
vt 0.809647 0.972893
vt 0.808272 0.973692
vt 0.806897 0.972902
vt 0.621551 0.978995
vt 0.619623 0.978995
vt 0.619659 0.977629
vt 0.621586 0.977629
vt 0.731994 0.887467
vt 0.724770 0.887489
vt 0.724770 0.877098
vt 0.731994 0.877076
vt 0.834622 0.979143
vt 0.836550 0.979143
vt 0.836590 0.980320
vt 0.834662 0.980320
vt 0.547554 0.983737
vt 0.547554 0.981810
vt 0.549086 0.981834
vt 0.549086 0.983761
vt 0.816523 0.970513
vt 0.817898 0.971312
vt 0.817898 0.972901
vt 0.816523 0.973692
vt 0.815148 0.972893
vt 0.815148 0.971304
vt 0.834642 0.977629
vt 0.836570 0.977629
vt 0.828737 0.977630
vt 0.830665 0.977630
vt 0.830644 0.979144
vt 0.828716 0.979144
vt 0.627479 0.980384
vt 0.625551 0.980384
vt 0.625515 0.978995
vt 0.627443 0.978996
vt 0.506205 0.983737
vt 0.506205 0.981810
vt 0.507737 0.981834
vt 0.507737 0.983761
vt 0.830685 0.980320
vt 0.828757 0.980320
vt 0.826148 0.971312
vt 0.827523 0.970513
vt 0.828899 0.971304
vt 0.828899 0.972893
vt 0.827523 0.973692
vt 0.826148 0.972901
vt 0.625551 0.977630
vt 0.627479 0.977630
vt 0.642774 0.983739
vt 0.642774 0.981810
vt 0.644262 0.981830
vt 0.644263 0.983758
vt 0.252427 0.907923
vt 0.252427 0.900699
vt 0.258212 0.900717
vt 0.258212 0.907941
vt 0.648728 0.983739
vt 0.648728 0.981811
vt 0.650217 0.981830
vt 0.650217 0.983758
vt 0.621588 0.980383
vt 0.619660 0.980383
vt 0.789021 0.970513
vt 0.790396 0.971312
vt 0.790396 0.972901
vt 0.789021 0.973692
vt 0.985868 0.962978
vt 0.987922 0.962993
vt 0.987922 0.970060
vt 0.985868 0.970045
vt 0.581498 0.861066
vt 0.579444 0.861093
vt 0.579444 0.855675
vt 0.581498 0.855648
vt 0.563280 0.907973
vt 0.563280 0.900750
vt 0.569065 0.900767
vt 0.569065 0.907991
vt 0.122335 0.853948
vt 0.124387 0.853916
vt 0.124387 0.859491
vt 0.122335 0.859523
vt 0.737680 0.829043
vt 0.744904 0.829066
vt 0.744904 0.834850
vt 0.737680 0.834828
vt 0.122335 0.869537
vt 0.124387 0.869505
vt 0.124387 0.875080
vt 0.122335 0.875113
vt 0.737680 0.812867
vt 0.744904 0.812890
vt 0.744904 0.818675
vt 0.737680 0.818652
vt 0.579444 0.870826
vt 0.577079 0.870857
vt 0.577079 0.861124
vt 0.581498 0.870799
vt 0.581498 0.876218
vt 0.579444 0.876245
vt 0.568904 0.962979
vt 0.568904 0.970212
vt 0.566540 0.970211
vt 0.566540 0.962978
vt 0.649162 0.970045
vt 0.649162 0.962978
vt 0.651527 0.962995
vt 0.651527 0.970062
vt 0.126749 0.859454
vt 0.126749 0.869468
vt 0.809648 0.971312
vt 0.811022 0.970513
vt 0.812398 0.971304
vt 0.812398 0.972893
vt 0.811022 0.973692
vt 0.809648 0.972901
vt 0.631370 0.978996
vt 0.629443 0.978995
vt 0.629479 0.977630
vt 0.631407 0.977630
vt 0.838559 0.979144
vt 0.840487 0.979144
vt 0.840528 0.980320
vt 0.838600 0.980320
vt 0.498548 0.983737
vt 0.498548 0.981810
vt 0.500079 0.981835
vt 0.500079 0.983761
vt 0.833024 0.970513
vt 0.834399 0.971312
vt 0.834399 0.972901
vt 0.833024 0.973692
vt 0.831649 0.972893
vt 0.831649 0.971304
vt 0.838580 0.977629
vt 0.840508 0.977629
vt 0.836611 0.977630
vt 0.838539 0.977630
vt 0.838518 0.979144
vt 0.836590 0.979144
vt 0.639263 0.980383
vt 0.637336 0.980383
vt 0.637299 0.978995
vt 0.639226 0.978995
vt 0.515394 0.983737
vt 0.515394 0.981810
vt 0.516925 0.981834
vt 0.516925 0.983761
vt 0.838559 0.980320
vt 0.836631 0.980320
vt 0.823398 0.971312
vt 0.824773 0.970513
vt 0.826148 0.971304
vt 0.826148 0.972893
vt 0.824773 0.973692
vt 0.823398 0.972902
vt 0.637334 0.977630
vt 0.639262 0.977630
vt 0.663613 0.983739
vt 0.663613 0.981810
vt 0.665102 0.981830
vt 0.665102 0.983758
vt 0.665102 0.983739
vt 0.665102 0.981810
vt 0.666590 0.981830
vt 0.666590 0.983758
vt 0.631407 0.980384
vt 0.629479 0.980384
vt 0.791771 0.970513
vt 0.793146 0.971312
vt 0.793146 0.972901
vt 0.791771 0.973692
vt 0.790396 0.972893
vt 0.790396 0.971304
vt 0.040488 0.970201
vt 0.040488 0.962978
vt 0.046273 0.962996
vt 0.046273 0.970218
vt 0.939586 0.970211
vt 0.937532 0.970210
vt 0.937532 0.962978
vt 0.939586 0.962979
vt 0.528675 0.895812
vt 0.521453 0.895835
vt 0.521453 0.885444
vt 0.528675 0.885421
vt 0.010269 0.970513
vt 0.012323 0.970529
vt 0.012323 0.977595
vt 0.010269 0.977580
vt 0.687158 0.861093
vt 0.685104 0.861120
vt 0.685104 0.855701
vt 0.687158 0.855674
vt 0.028918 0.970201
vt 0.028918 0.962978
vt 0.034703 0.962996
vt 0.034703 0.970218
vt 0.372964 0.854149
vt 0.375016 0.854117
vt 0.375016 0.859692
vt 0.372964 0.859725
vt 0.829606 0.445720
vt 0.836829 0.445742
vt 0.836829 0.451527
vt 0.829607 0.451505
vt 0.372964 0.869739
vt 0.375016 0.869707
vt 0.375016 0.875282
vt 0.372964 0.875314
vt 0.829606 0.429544
vt 0.836829 0.429566
vt 0.836829 0.435351
vt 0.829606 0.435329
vt 0.685104 0.870852
vt 0.682739 0.870883
vt 0.682739 0.861151
vt 0.687158 0.870825
vt 0.687158 0.876244
vt 0.685104 0.876271
vt 0.592544 0.962979
vt 0.592544 0.970212
vt 0.590180 0.970210
vt 0.590180 0.962978
vt 0.670443 0.970044
vt 0.670443 0.962978
vt 0.672807 0.962995
vt 0.672807 0.970062
vt 0.377378 0.859655
vt 0.377378 0.869669
vt 0.937532 0.970211
vt 0.935479 0.970210
vt 0.935479 0.962978
vt 0.937532 0.962979
vt 0.641864 0.971312
vt 0.643238 0.970513
vt 0.644615 0.971304
vt 0.644615 0.972893
vt 0.643238 0.973692
vt 0.641864 0.972901
vt 0.584234 0.978996
vt 0.582306 0.978995
vt 0.582343 0.977630
vt 0.584270 0.977631
vt 0.200582 0.895805
vt 0.193360 0.895827
vt 0.193360 0.885436
vt 0.200582 0.885414
vt 0.779500 0.979143
vt 0.781428 0.979143
vt 0.781469 0.980320
vt 0.779541 0.980321
vt 0.549086 0.983737
vt 0.549086 0.981810
vt 0.550617 0.981834
vt 0.550617 0.983761
vt 0.645991 0.970513
vt 0.647366 0.971312
vt 0.647366 0.972901
vt 0.645991 0.973692
vt 0.644615 0.972893
vt 0.644615 0.971304
vt 0.779520 0.977629
vt 0.781448 0.977629
vt 0.775583 0.977629
vt 0.777511 0.977629
vt 0.777491 0.979143
vt 0.775563 0.979143
vt 0.574450 0.980384
vt 0.572523 0.980384
vt 0.572486 0.978995
vt 0.574413 0.978995
vt 0.539897 0.983737
vt 0.539897 0.981810
vt 0.541429 0.981834
vt 0.541429 0.983761
vt 0.777532 0.980321
vt 0.775604 0.980321
vt 0.647366 0.971312
vt 0.648740 0.970513
vt 0.650117 0.971304
vt 0.650117 0.972893
vt 0.648740 0.973692
vt 0.647366 0.972901
vt 0.572522 0.977629
vt 0.574449 0.977629
vt 0.677009 0.983739
vt 0.677009 0.981810
vt 0.678498 0.981830
vt 0.678498 0.983758
vt 0.034703 0.970201
vt 0.034703 0.962978
vt 0.040488 0.962996
vt 0.040488 0.970219
vt 0.638309 0.983739
vt 0.638309 0.981810
vt 0.639797 0.981830
vt 0.639797 0.983758
vt 0.584270 0.980385
vt 0.582343 0.980384
vt 0.651493 0.970513
vt 0.652868 0.971312
vt 0.652868 0.972901
vt 0.651493 0.973692
vt 0.650117 0.972893
vt 0.650117 0.971304
vt 0.012323 0.970514
vt 0.014377 0.970529
vt 0.014377 0.977595
vt 0.012323 0.977580
vt 0.181571 0.861124
vt 0.179517 0.861151
vt 0.179517 0.855733
vt 0.181571 0.855706
vt 0.046273 0.970200
vt 0.046273 0.962978
vt 0.052058 0.962996
vt 0.052058 0.970218
vt 0.496323 0.854357
vt 0.498375 0.854325
vt 0.498375 0.859900
vt 0.496323 0.859932
vt 0.829565 0.600167
vt 0.836788 0.600189
vt 0.836788 0.605974
vt 0.829565 0.605952
vt 0.496323 0.869946
vt 0.498375 0.869914
vt 0.498375 0.875489
vt 0.496323 0.875521
vt 0.829565 0.583991
vt 0.836788 0.584013
vt 0.836788 0.589798
vt 0.829565 0.589776
vt 0.179517 0.870884
vt 0.177152 0.870915
vt 0.177152 0.861182
vt 0.181571 0.870857
vt 0.181571 0.876276
vt 0.179517 0.876303
vt 0.590180 0.962979
vt 0.590180 0.970211
vt 0.587816 0.970210
vt 0.587816 0.962978
vt 0.668078 0.970044
vt 0.668078 0.962978
vt 0.670443 0.962996
vt 0.670443 0.970062
vt 0.500738 0.859863
vt 0.500738 0.869877
vt 0.611592 0.971312
vt 0.612967 0.970513
vt 0.614343 0.971304
vt 0.614343 0.972893
vt 0.612966 0.973692
vt 0.611592 0.972902
vt 0.576378 0.978995
vt 0.574450 0.978995
vt 0.574486 0.977629
vt 0.576414 0.977629
vt 0.783437 0.979143
vt 0.785365 0.979143
vt 0.785406 0.980321
vt 0.783478 0.980320
vt 0.493953 0.983737
vt 0.493953 0.981811
vt 0.495485 0.981835
vt 0.495485 0.983761
vt 0.654245 0.970513
vt 0.655619 0.971312
vt 0.655619 0.972902
vt 0.654245 0.973692
vt 0.652868 0.972893
vt 0.652868 0.971304
vt 0.783458 0.977629
vt 0.785386 0.977629
vt 0.781489 0.977629
vt 0.783417 0.977629
vt 0.783397 0.979143
vt 0.781469 0.979143
vt 0.578379 0.980385
vt 0.576451 0.980384
vt 0.576415 0.978995
vt 0.578342 0.978996
vt 0.516925 0.983737
vt 0.516925 0.981810
vt 0.518457 0.981834
vt 0.518457 0.983761
vt 0.783437 0.980321
vt 0.781509 0.980321
vt 0.606089 0.971312
vt 0.607464 0.970513
vt 0.608841 0.971304
vt 0.608841 0.972893
vt 0.607464 0.973692
vt 0.606089 0.972902
vt 0.576451 0.977629
vt 0.578379 0.977630
vt 0.672544 0.983739
vt 0.672544 0.981810
vt 0.674033 0.981830
vt 0.674033 0.983758
vt 0.687429 0.983739
vt 0.687429 0.981810
vt 0.688917 0.981830
vt 0.688917 0.983758
vt 0.576415 0.980384
vt 0.574487 0.980384
vt 0.610217 0.970513
vt 0.611592 0.971312
vt 0.611592 0.972901
vt 0.610217 0.973692
vt 0.608841 0.972893
vt 0.608841 0.971304
vt 0.344901 0.617746
vt 0.348829 0.617775
vt 0.348829 0.910795
vt 0.344901 0.910765
vt 0.906184 0.299981
vt 0.902258 0.299979
vt 0.902258 0.000063
vt 0.906184 0.000064
vt 0.859559 0.303201
vt 0.863923 0.303188
vt 0.863923 0.602703
vt 0.859559 0.602717
vt 0.714744 0.154930
vt 0.722600 0.154955
vt 0.722600 0.454470
vt 0.714744 0.454446
vt 0.970833 0.000069
vt 0.972785 0.000062
vt 0.972785 0.299578
vt 0.970833 0.299584
vt 0.980515 0.906771
vt 0.978563 0.906778
vt 0.978563 0.607262
vt 0.980515 0.607256
vt 0.898321 0.910079
vt 0.894404 0.910080
vt 0.894404 0.610164
vt 0.898321 0.610163
vt 0.412824 0.617311
vt 0.416760 0.617297
vt 0.416760 0.910316
vt 0.412824 0.910331
vt 0.340973 0.617746
vt 0.344901 0.617775
vt 0.344901 0.910795
vt 0.340973 0.910765
vt 0.867849 0.903123
vt 0.863923 0.903121
vt 0.863923 0.603205
vt 0.867849 0.603207
vt 0.855232 0.001500
vt 0.859596 0.001487
vt 0.859596 0.301002
vt 0.855232 0.301016
vt 0.722601 0.154930
vt 0.730456 0.154954
vt 0.730456 0.454470
vt 0.722601 0.454446
vt 0.972707 0.607262
vt 0.974659 0.607256
vt 0.974659 0.906771
vt 0.972707 0.906778
vt 0.974713 0.602703
vt 0.972761 0.602709
vt 0.972761 0.303194
vt 0.974713 0.303188
vt 0.910091 0.603104
vt 0.906174 0.603105
vt 0.906174 0.303189
vt 0.910091 0.303188
vt 0.452490 0.617392
vt 0.456426 0.617377
vt 0.456426 0.910396
vt 0.452490 0.910411
vt 0.282384 0.905862
vt 0.282384 0.898638
vt 0.288169 0.898656
vt 0.288169 0.905879
vt 0.931372 0.970212
vt 0.929319 0.970211
vt 0.929319 0.962978
vt 0.931372 0.962979
vt 0.259651 0.890325
vt 0.252427 0.890348
vt 0.252427 0.879957
vt 0.259651 0.879935
vt 0.000000 0.970513
vt 0.002054 0.970529
vt 0.002054 0.977596
vt 0.000000 0.977580
vt 0.632596 0.861801
vt 0.630542 0.861828
vt 0.630542 0.856410
vt 0.632596 0.856383
vt 0.872645 0.907519
vt 0.872645 0.900295
vt 0.878430 0.900313
vt 0.878430 0.907537
vt 0.503616 0.854404
vt 0.505668 0.854372
vt 0.505668 0.859947
vt 0.503616 0.859980
vt 0.689553 0.828754
vt 0.696776 0.828777
vt 0.696776 0.834562
vt 0.689553 0.834539
vt 0.503616 0.869994
vt 0.505668 0.869961
vt 0.505668 0.875537
vt 0.503616 0.875569
vt 0.689553 0.812578
vt 0.696776 0.812601
vt 0.696776 0.818386
vt 0.689553 0.818363
vt 0.630542 0.871561
vt 0.628177 0.871592
vt 0.628177 0.861859
vt 0.632596 0.871534
vt 0.632596 0.876953
vt 0.630542 0.876980
vt 0.564177 0.962979
vt 0.564177 0.970212
vt 0.561813 0.970211
vt 0.561813 0.962978
vt 0.656256 0.970045
vt 0.656256 0.962978
vt 0.658620 0.962995
vt 0.658620 0.970062
vt 0.508030 0.859910
vt 0.508030 0.869924
vt 0.912893 0.970212
vt 0.910839 0.970211
vt 0.910839 0.962978
vt 0.912893 0.962979
vt 0.658370 0.971312
vt 0.659745 0.970513
vt 0.661121 0.971304
vt 0.661121 0.972893
vt 0.659745 0.973692
vt 0.658370 0.972901
vt 0.580306 0.978996
vt 0.578379 0.978995
vt 0.578415 0.977629
vt 0.580343 0.977630
vt 0.635400 0.887371
vt 0.628177 0.887393
vt 0.628177 0.877002
vt 0.635400 0.876980
vt 0.773594 0.979143
vt 0.775522 0.979143
vt 0.775563 0.980321
vt 0.773635 0.980321
vt 0.490891 0.983737
vt 0.490891 0.981810
vt 0.492422 0.981834
vt 0.492422 0.983761
vt 0.673504 0.970513
vt 0.674879 0.971312
vt 0.674879 0.972902
vt 0.673504 0.973692
vt 0.672128 0.972893
vt 0.672128 0.971304
vt 0.773615 0.977629
vt 0.775543 0.977629
vt 0.771646 0.977630
vt 0.773574 0.977630
vt 0.773553 0.979144
vt 0.771625 0.979144
vt 0.568558 0.980385
vt 0.566631 0.980384
vt 0.566595 0.978995
vt 0.568522 0.978996
vt 0.521520 0.983737
vt 0.521520 0.981810
vt 0.523051 0.981834
vt 0.523051 0.983761
vt 0.773594 0.980321
vt 0.771666 0.980321
vt 0.655619 0.971312
vt 0.656994 0.970513
vt 0.658370 0.971304
vt 0.658370 0.972893
vt 0.656994 0.973692
vt 0.655619 0.972902
vt 0.566631 0.977629
vt 0.568558 0.977630
vt 0.633843 0.983739
vt 0.633843 0.981810
vt 0.635331 0.981830
vt 0.635331 0.983758
vt 0.557278 0.907984
vt 0.557278 0.900760
vt 0.563063 0.900778
vt 0.563063 0.908002
vt 0.630866 0.983739
vt 0.630866 0.981810
vt 0.632354 0.981830
vt 0.632354 0.983758
vt 0.580343 0.980385
vt 0.578415 0.980384
vt 0.634987 0.970513
vt 0.636361 0.971312
vt 0.636361 0.972901
vt 0.634987 0.973692
vt 0.633610 0.972893
vt 0.633610 0.971304
vt 0.004108 0.970513
vt 0.006161 0.970529
vt 0.006161 0.977596
vt 0.004108 0.977580
vt 0.740484 0.861966
vt 0.738430 0.861993
vt 0.738430 0.856574
vt 0.740484 0.856547
vt 0.707892 0.905073
vt 0.707892 0.897849
vt 0.713677 0.897867
vt 0.713677 0.905091
vt 0.129710 0.854018
vt 0.131762 0.853986
vt 0.131762 0.859561
vt 0.129710 0.859594
vt 0.169929 0.828255
vt 0.177152 0.828277
vt 0.177152 0.834062
vt 0.169929 0.834040
vt 0.129710 0.869608
vt 0.131762 0.869576
vt 0.131762 0.875151
vt 0.129710 0.875183
vt 0.169929 0.812079
vt 0.177152 0.812101
vt 0.177152 0.817886
vt 0.169929 0.817864
vt 0.738430 0.871726
vt 0.736065 0.871757
vt 0.736065 0.862024
vt 0.740484 0.871699
vt 0.740484 0.877117
vt 0.738430 0.877144
vt 0.571268 0.962979
vt 0.571268 0.970212
vt 0.568904 0.970211
vt 0.568904 0.962978
vt 0.646798 0.970045
vt 0.646798 0.962978
vt 0.649162 0.962996
vt 0.649162 0.970062
vt 0.134125 0.859524
vt 0.134125 0.869538
vt 0.663870 0.971312
vt 0.665244 0.970513
vt 0.666621 0.971304
vt 0.666621 0.972893
vt 0.665245 0.973692
vt 0.663870 0.972901
vt 0.572450 0.978996
vt 0.570522 0.978995
vt 0.570559 0.977630
vt 0.572486 0.977630
vt 0.777531 0.979143
vt 0.779459 0.979143
vt 0.779500 0.980321
vt 0.777572 0.980321
vt 0.523051 0.983737
vt 0.523051 0.981810
vt 0.524583 0.981834
vt 0.524583 0.983761
vt 0.637738 0.970513
vt 0.639113 0.971312
vt 0.639113 0.972901
vt 0.637738 0.973692
vt 0.636362 0.972893
vt 0.636362 0.971304
vt 0.777552 0.977629
vt 0.779480 0.977629
vt 0.763771 0.977630
vt 0.765699 0.977630
vt 0.765679 0.979144
vt 0.763751 0.979144
vt 0.582306 0.980385
vt 0.580379 0.980385
vt 0.580343 0.978995
vt 0.582270 0.978996
vt 0.489359 0.983737
vt 0.489359 0.981810
vt 0.490890 0.981834
vt 0.490890 0.983761
vt 0.765719 0.980321
vt 0.763792 0.980321
vt 0.617094 0.971312
vt 0.618468 0.970513
vt 0.619845 0.971304
vt 0.619845 0.972893
vt 0.618468 0.973692
vt 0.617094 0.972902
vt 0.580379 0.977630
vt 0.582306 0.977630
vt 0.678498 0.983739
vt 0.678498 0.981810
vt 0.679986 0.981830
vt 0.679986 0.983758
vt 0.632354 0.983739
vt 0.632354 0.981810
vt 0.633843 0.981830
vt 0.633843 0.983758
vt 0.572486 0.980385
vt 0.570559 0.980384
vt 0.667998 0.970513
vt 0.669372 0.971312
vt 0.669372 0.972901
vt 0.667998 0.973692
vt 0.666621 0.972893
vt 0.666621 0.971304
vt 0.687104 0.904289
vt 0.687104 0.897064
vt 0.692889 0.897082
vt 0.692889 0.904307
vt 0.906733 0.970213
vt 0.904679 0.970212
vt 0.904679 0.962978
vt 0.906733 0.962979
vt 0.577080 0.886741
vt 0.569855 0.886763
vt 0.569855 0.876372
vt 0.577080 0.876350
vt 0.975599 0.962978
vt 0.977653 0.962993
vt 0.977653 0.970061
vt 0.975599 0.970046
vt 0.332839 0.861007
vt 0.330785 0.861034
vt 0.330785 0.855616
vt 0.332839 0.855589
vt 0.146467 0.904293
vt 0.146467 0.897068
vt 0.152252 0.897086
vt 0.152252 0.904311
vt 0.056931 0.855019
vt 0.058983 0.854987
vt 0.058983 0.860562
vt 0.056931 0.860594
vt 0.651497 0.827798
vt 0.658722 0.827820
vt 0.658722 0.833605
vt 0.651497 0.833583
vt 0.056931 0.870608
vt 0.058983 0.870576
vt 0.058983 0.876151
vt 0.056931 0.876183
vt 0.651497 0.811622
vt 0.658722 0.811644
vt 0.658722 0.817429
vt 0.651497 0.817407
vt 0.330785 0.870767
vt 0.328420 0.870798
vt 0.328420 0.861065
vt 0.332839 0.870740
vt 0.332839 0.876159
vt 0.330785 0.876186
vt 0.552357 0.962979
vt 0.552357 0.970213
vt 0.549993 0.970212
vt 0.549993 0.962978
vt 0.623168 0.970046
vt 0.623168 0.962978
vt 0.625532 0.962996
vt 0.625532 0.970064
vt 0.061345 0.860525
vt 0.061345 0.870539
vt 0.904679 0.970213
vt 0.902626 0.970212
vt 0.902626 0.962978
vt 0.904679 0.962979
vt 0.793146 0.971312
vt 0.794522 0.970513
vt 0.795896 0.971304
vt 0.795896 0.972893
vt 0.794522 0.973692
vt 0.793146 0.972901
vt 0.629406 0.978997
vt 0.627479 0.978996
vt 0.627515 0.977630
vt 0.629443 0.977631
vt 0.313350 0.886698
vt 0.306125 0.886720
vt 0.306125 0.876329
vt 0.313350 0.876307
vt 0.830684 0.979144
vt 0.832612 0.979144
vt 0.832653 0.980320
vt 0.830725 0.980320
vt 0.492422 0.983737
vt 0.492422 0.981810
vt 0.493953 0.981834
vt 0.493953 0.983761
vt 0.797271 0.970513
vt 0.798647 0.971312
vt 0.798647 0.972901
vt 0.797271 0.973692
vt 0.795896 0.972893
vt 0.795896 0.971304
vt 0.830705 0.977629
vt 0.832633 0.977629
vt 0.832674 0.977629
vt 0.834602 0.977629
vt 0.834581 0.979144
vt 0.832653 0.979144
vt 0.637299 0.980383
vt 0.635371 0.980383
vt 0.635334 0.978996
vt 0.637262 0.978996
vt 0.524583 0.983737
vt 0.524583 0.981810
vt 0.526114 0.981834
vt 0.526114 0.983761
vt 0.834622 0.980320
vt 0.832694 0.980320
vt 0.820648 0.971312
vt 0.822024 0.970513
vt 0.823399 0.971304
vt 0.823398 0.972893
vt 0.822024 0.973692
vt 0.820648 0.972901
vt 0.635370 0.977629
vt 0.637297 0.977629
vt 0.675521 0.983739
vt 0.675521 0.981810
vt 0.677010 0.981830
vt 0.677010 0.983758
vt 0.421967 0.904296
vt 0.421967 0.897071
vt 0.427752 0.897089
vt 0.427752 0.904313
vt 0.650217 0.983739
vt 0.650217 0.981810
vt 0.651705 0.981830
vt 0.651705 0.983758
vt 0.629443 0.980384
vt 0.627515 0.980384
vt 0.769769 0.970513
vt 0.771144 0.972901
vt 0.769769 0.973692
vt 0.768394 0.972893
vt 0.768394 0.971304
vt 0.971491 0.962978
vt 0.973545 0.962993
vt 0.973545 0.970061
vt 0.971491 0.970046
vt 0.295395 0.861109
vt 0.293341 0.861136
vt 0.293341 0.855718
vt 0.295395 0.855691
vt 0.311910 0.904333
vt 0.311910 0.897108
vt 0.317695 0.897126
vt 0.317695 0.904351
vt 0.049655 0.855109
vt 0.051707 0.855077
vt 0.051707 0.860652
vt 0.049655 0.860685
vt 0.792301 0.827875
vt 0.799526 0.827897
vt 0.799526 0.833682
vt 0.792301 0.833660
vt 0.049655 0.870699
vt 0.051707 0.870666
vt 0.051707 0.876242
vt 0.049655 0.876274
vt 0.792301 0.811699
vt 0.799526 0.811721
vt 0.799526 0.817506
vt 0.792301 0.817484
vt 0.293341 0.870869
vt 0.290976 0.870900
vt 0.290976 0.861167
vt 0.295395 0.870842
vt 0.295395 0.876261
vt 0.293341 0.876288
vt 0.554721 0.962979
vt 0.554721 0.970213
vt 0.552357 0.970212
vt 0.552357 0.962978
vt 0.627882 0.970046
vt 0.627882 0.962978
vt 0.630246 0.962995
vt 0.630246 0.970063
vt 0.054069 0.860615
vt 0.054069 0.870629
vt 0.828899 0.971312
vt 0.830274 0.970513
vt 0.831649 0.971304
vt 0.831649 0.972893
vt 0.830274 0.973692
vt 0.828899 0.972902
vt 0.619586 0.978996
vt 0.617659 0.978996
vt 0.617694 0.977629
vt 0.619622 0.977629
vt 0.816904 0.979144
vt 0.818832 0.979144
vt 0.818873 0.980320
vt 0.816945 0.980320
vt 0.526114 0.983737
vt 0.526114 0.981810
vt 0.527646 0.981834
vt 0.527646 0.983761
vt 0.800021 0.970513
vt 0.801397 0.971312
vt 0.801397 0.972901
vt 0.800021 0.973692
vt 0.798647 0.972893
vt 0.798647 0.971304
vt 0.816925 0.977629
vt 0.818853 0.977629
vt 0.818893 0.977629
vt 0.820821 0.977629
vt 0.820801 0.979144
vt 0.818873 0.979144
vt 0.635334 0.980384
vt 0.633407 0.980383
vt 0.633370 0.978996
vt 0.635298 0.978997
vt 0.541429 0.983737
vt 0.541429 0.981810
vt 0.542960 0.981834
vt 0.542960 0.983761
vt 0.820841 0.980320
vt 0.818913 0.980320
vt 0.801397 0.971312
vt 0.802772 0.970513
vt 0.804147 0.971304
vt 0.804147 0.972893
vt 0.802772 0.973692
vt 0.801397 0.972902
vt 0.633407 0.977629
vt 0.635334 0.977630
vt 0.685940 0.983739
vt 0.685940 0.981810
vt 0.687429 0.981830
vt 0.687429 0.983758
vt 0.679986 0.983739
vt 0.679986 0.981810
vt 0.681475 0.981830
vt 0.681475 0.983758
vt 0.619623 0.980383
vt 0.617696 0.980383
vt 0.813772 0.970514
vt 0.815148 0.971312
vt 0.815148 0.972902
vt 0.813772 0.973692
vt 0.812398 0.972893
vt 0.812398 0.971304
vt 0.174347 0.904302
vt 0.174347 0.897077
vt 0.180132 0.897095
vt 0.180132 0.904320
vt 0.900573 0.970213
vt 0.898519 0.970212
vt 0.898519 0.962978
vt 0.900573 0.962979
vt 0.406872 0.886702
vt 0.399648 0.886724
vt 0.399648 0.876334
vt 0.406872 0.876311
vt 0.977653 0.962978
vt 0.979707 0.962993
vt 0.979707 0.970061
vt 0.977653 0.970046
vt 0.625372 0.861685
vt 0.623318 0.861711
vt 0.623318 0.856293
vt 0.625372 0.856266
vt 0.792294 0.904354
vt 0.792294 0.897130
vt 0.798079 0.897148
vt 0.798079 0.904372
vt 0.402458 0.855147
vt 0.404510 0.855114
vt 0.404510 0.860690
vt 0.402458 0.860722
vt 0.644273 0.827798
vt 0.651497 0.827820
vt 0.651497 0.833605
vt 0.644273 0.833583
vt 0.402458 0.870736
vt 0.404510 0.870704
vt 0.404510 0.876279
vt 0.402458 0.876311
vt 0.644273 0.811622
vt 0.651497 0.811644
vt 0.651497 0.817429
vt 0.644273 0.817407
vt 0.623318 0.871444
vt 0.620953 0.871475
vt 0.620953 0.861742
vt 0.625372 0.871417
vt 0.625372 0.876836
vt 0.623318 0.876863
vt 0.549993 0.962979
vt 0.549993 0.970213
vt 0.547629 0.970212
vt 0.547629 0.962978
vt 0.632611 0.970046
vt 0.632611 0.962978
vt 0.634975 0.962995
vt 0.634975 0.970063
vt 0.406873 0.860652
vt 0.406873 0.870667
vt 0.902626 0.970213
vt 0.900573 0.970212
vt 0.900573 0.962978
vt 0.902626 0.962979
vt 0.661121 0.972897
vt 0.661121 0.971306
vt 0.662496 0.970513
vt 0.663870 0.971311
vt 0.663870 0.972902
vt 0.662496 0.973695
vt 0.564594 0.978996
vt 0.562666 0.978996
vt 0.562702 0.977629
vt 0.564629 0.977629
vt 0.357915 0.886749
vt 0.350691 0.886771
vt 0.350691 0.876380
vt 0.357915 0.876358
vt 0.765720 0.979145
vt 0.767648 0.979145
vt 0.767688 0.980321
vt 0.765760 0.980321
vt 0.527645 0.983737
vt 0.527645 0.981810
vt 0.529177 0.981834
vt 0.529177 0.983761
vt 0.629479 0.970513
vt 0.630854 0.971312
vt 0.630854 0.972901
vt 0.629479 0.973692
vt 0.628103 0.972893
vt 0.628103 0.971304
vt 0.765740 0.977630
vt 0.767668 0.977630
vt 0.769677 0.977629
vt 0.771605 0.977629
vt 0.771585 0.979144
vt 0.769657 0.979144
vt 0.566595 0.980385
vt 0.564667 0.980384
vt 0.564631 0.978996
vt 0.566558 0.978997
vt 0.518457 0.983737
vt 0.518457 0.981810
vt 0.519988 0.981834
vt 0.519988 0.983761
vt 0.771625 0.980321
vt 0.769697 0.980321
vt 0.639112 0.971312
vt 0.640488 0.970513
vt 0.641864 0.971304
vt 0.641864 0.972893
vt 0.640488 0.973692
vt 0.639112 0.972901
vt 0.564667 0.977629
vt 0.566595 0.977630
vt 0.639797 0.983739
vt 0.639797 0.981810
vt 0.641285 0.981830
vt 0.641285 0.983758
vt 0.152252 0.904293
vt 0.152252 0.897068
vt 0.158037 0.897086
vt 0.158037 0.904311
vt 0.641286 0.983739
vt 0.641286 0.981811
vt 0.642774 0.981830
vt 0.642774 0.983758
vt 0.564631 0.980384
vt 0.562703 0.980384
vt 0.606089 0.971306
vt 0.606089 0.972897
vt 0.604715 0.973695
vt 0.603341 0.972902
vt 0.603341 0.971311
vt 0.604715 0.970513
vt 0.973545 0.962978
vt 0.975599 0.962993
vt 0.975599 0.970061
vt 0.973545 0.970046
vt 0.429191 0.861028
vt 0.427137 0.861055
vt 0.427137 0.855636
vt 0.429191 0.855609
vt 0.306125 0.904333
vt 0.306125 0.897108
vt 0.311910 0.897126
vt 0.311910 0.904351
vt 0.357936 0.855260
vt 0.359988 0.855227
vt 0.359988 0.860803
vt 0.357936 0.860835
vt 0.000000 0.827860
vt 0.007225 0.827882
vt 0.007225 0.833667
vt 0.000000 0.833645
vt 0.357936 0.870849
vt 0.359988 0.870817
vt 0.359988 0.876392
vt 0.357936 0.876424
vt 0.000000 0.811684
vt 0.007225 0.811706
vt 0.007225 0.817491
vt 0.000000 0.817469
vt 0.427137 0.870788
vt 0.424772 0.870819
vt 0.424772 0.861086
vt 0.429191 0.870761
vt 0.429191 0.876179
vt 0.427137 0.876206
vt 0.547629 0.962979
vt 0.547629 0.970213
vt 0.545265 0.970212
vt 0.545265 0.962978
vt 0.630246 0.970046
vt 0.630246 0.962978
vt 0.632611 0.962996
vt 0.632611 0.970063
vt 0.362351 0.860766
vt 0.362351 0.870780
vt 0.619845 0.971312
vt 0.621220 0.970513
vt 0.622596 0.971304
vt 0.622596 0.972893
vt 0.621220 0.973692
vt 0.619845 0.972901
vt 0.570486 0.978997
vt 0.568558 0.978996
vt 0.568595 0.977629
vt 0.570522 0.977630
vt 0.761782 0.979144
vt 0.763710 0.979144
vt 0.763751 0.980321
vt 0.761823 0.980321
vt 0.529177 0.983737
vt 0.529177 0.981810
vt 0.530708 0.981834
vt 0.530708 0.983761
vt 0.628103 0.972892
vt 0.626725 0.973686
vt 0.625347 0.972895
vt 0.625347 0.971308
vt 0.626725 0.970513
vt 0.628103 0.971305
vt 0.761803 0.977629
vt 0.763731 0.977629
vt 0.767709 0.977629
vt 0.769637 0.977629
vt 0.769616 0.979144
vt 0.767688 0.979144
vt 0.562666 0.980384
vt 0.560739 0.980384
vt 0.560702 0.978996
vt 0.562629 0.978996
vt 0.495485 0.983737
vt 0.495485 0.981810
vt 0.497016 0.981834
vt 0.497016 0.983761
vt 0.769657 0.980321
vt 0.767729 0.980321
vt 0.632232 0.973686
vt 0.630854 0.972892
vt 0.630854 0.971305
vt 0.632232 0.970513
vt 0.633610 0.971308
vt 0.633610 0.972895
vt 0.560738 0.977629
vt 0.562665 0.977629
vt 0.681475 0.983739
vt 0.681475 0.981811
vt 0.682963 0.981830
vt 0.682963 0.983758
vt 0.682963 0.983739
vt 0.682963 0.981810
vt 0.684452 0.981830
vt 0.684452 0.983758
vt 0.570522 0.980385
vt 0.568595 0.980384
vt 0.623972 0.970513
vt 0.625347 0.971312
vt 0.625347 0.972902
vt 0.623972 0.973692
vt 0.622596 0.972893
vt 0.622596 0.971304
vt 0.817510 0.608521
vt 0.830101 0.608877
vt 0.830101 0.746264
vt 0.817510 0.745929
vt 0.261414 0.789192
vt 0.274018 0.789520
vt 0.274018 0.809689
vt 0.261416 0.809336
vt 0.193375 0.619852
vt 0.205968 0.619663
vt 0.205968 0.768209
vt 0.193375 0.768423
vt 0.766624 0.819282
vt 0.754012 0.819083
vt 0.754012 0.805021
vt 0.766623 0.805273
vt 0.214239 0.308573
vt 0.193375 0.309406
vt 0.193375 0.154689
vt 0.215636 0.153952
vt 0.238514 0.309328
vt 0.217638 0.308553
vt 0.216241 0.153959
vt 0.238514 0.154638
vt 0.829551 0.154930
vt 0.842151 0.155229
vt 0.842151 0.287373
vt 0.829551 0.287059
vt 0.073902 0.789330
vt 0.086512 0.789584
vt 0.086512 0.809725
vt 0.073903 0.809449
vt 0.779213 0.454688
vt 0.791812 0.454471
vt 0.791812 0.599532
vt 0.779213 0.599733
vt 0.438278 0.153472
vt 0.425670 0.153099
vt 0.425670 0.139176
vt 0.438277 0.139601
vt 0.047119 0.309186
vt 0.026253 0.308853
vt 0.024825 0.154257
vt 0.047119 0.154626
vt 0.119064 0.308848
vt 0.098192 0.309242
vt 0.098192 0.154663
vt 0.120492 0.154233
vt 0.816998 0.303188
vt 0.829606 0.303354
vt 0.829606 0.441977
vt 0.816998 0.441811
vt 0.098191 0.786615
vt 0.110803 0.786810
vt 0.110803 0.807257
vt 0.098191 0.807042
vt 0.534058 0.767500
vt 0.521453 0.767622
vt 0.521453 0.618540
vt 0.534058 0.618418
vt 0.688118 0.812098
vt 0.675516 0.811597
vt 0.675516 0.796472
vt 0.688115 0.797022
vt 0.283542 0.310210
vt 0.262706 0.310210
vt 0.261425 0.155635
vt 0.283763 0.155630
vt 0.143179 0.308814
vt 0.122335 0.308844
vt 0.122335 0.154263
vt 0.144681 0.154242
vt 0.792301 0.737071
vt 0.779695 0.736848
vt 0.779203 0.608521
vt 0.791810 0.608722
vt 0.417548 0.792097
vt 0.430103 0.792705
vt 0.430103 0.811913
vt 0.417552 0.811279
vt 0.754004 0.310104
vt 0.766561 0.309638
vt 0.766561 0.451754
vt 0.754004 0.452235
vt 0.791810 0.748618
vt 0.779203 0.748439
vt 0.329905 0.154504
vt 0.350703 0.153494
vt 0.350703 0.307425
vt 0.328420 0.308404
vt 0.306125 0.153494
vt 0.326935 0.154462
vt 0.328420 0.308340
vt 0.306125 0.307406
vt 0.111074 0.753427
vt 0.098465 0.753283
vt 0.098191 0.619575
vt 0.110801 0.619735
vt 0.569856 0.792065
vt 0.582429 0.792610
vt 0.582429 0.811952
vt 0.569860 0.811379
vt 0.816998 0.454975
vt 0.829565 0.454471
vt 0.829564 0.591996
vt 0.816998 0.592487
vt 0.110801 0.765015
vt 0.098191 0.764919
vt 0.417548 0.307756
vt 0.438435 0.308144
vt 0.439817 0.462141
vt 0.417548 0.461761
vt 0.147855 0.306929
vt 0.168749 0.306489
vt 0.168749 0.460511
vt 0.146473 0.460943
vt 0.842137 0.583991
vt 0.829565 0.583430
vt 0.829565 0.454471
vt 0.842137 0.455032
vt 0.372964 0.790143
vt 0.385555 0.790573
vt 0.385555 0.810386
vt 0.372967 0.809929
vt 0.804364 0.155271
vt 0.816947 0.154930
vt 0.816947 0.297765
vt 0.804364 0.298106
vt 0.616784 0.823137
vt 0.604172 0.823120
vt 0.604172 0.810338
vt 0.616784 0.810407
vt 0.307108 0.308340
vt 0.328014 0.308387
vt 0.328386 0.462579
vt 0.306125 0.462579
vt 0.395975 0.307855
vt 0.416891 0.307805
vt 0.417481 0.462046
vt 0.395211 0.462046
vt 0.829551 0.296254
vt 0.816947 0.296047
vt 0.816947 0.154930
vt 0.829551 0.155133
vt 0.049655 0.793096
vt 0.062165 0.793969
vt 0.062165 0.811176
vt 0.049655 0.810290
vt 0.413152 0.000647
vt 0.425670 0.000000
vt 0.422884 0.129558
vt 0.410365 0.130204
vt 0.425670 0.142644
vt 0.413149 0.143289
vt 0.218824 0.000679
vt 0.239097 -0.000000
vt 0.239097 0.153115
vt 0.216241 0.153959
vt 0.193375 -0.000000
vt 0.213659 0.000673
vt 0.216241 0.153952
vt 0.193375 0.153114
vt 0.814619 0.143808
vt 0.802015 0.143625
vt 0.802016 0.000109
vt 0.814619 0.000300
vt 0.395198 0.792829
vt 0.407713 0.793695
vt 0.407713 0.811349
vt 0.395201 0.810463
vt 0.428461 0.000674
vt 0.440986 0.000000
vt 0.438195 0.126017
vt 0.425670 0.126688
vt 0.440986 0.138493
vt 0.428460 0.139176
vt 0.146473 0.153025
vt 0.167022 0.153313
vt 0.169089 0.306489
vt 0.146473 0.306168
vt 0.285831 0.000311
vt 0.306389 0.000000
vt 0.306389 0.153151
vt 0.283764 0.153494
vt 0.839837 0.137479
vt 0.827233 0.137248
vt 0.827233 0.000109
vt 0.839837 0.000339
vt 0.328420 0.792438
vt 0.340954 0.793180
vt 0.340954 0.811721
vt 0.328424 0.810955
vt 0.397819 0.000466
vt 0.410365 0.000000
vt 0.407848 0.134139
vt 0.395302 0.134604
vt 0.410365 0.145216
vt 0.397818 0.145708
vt 0.330525 0.000030
vt 0.351263 -0.000000
vt 0.351263 0.153346
vt 0.328831 0.153424
vt 0.306389 0.000005
vt 0.327136 -0.000000
vt 0.328831 0.153396
vt 0.306389 0.153352
vt 0.569888 0.618742
vt 0.557278 0.618747
vt 0.557278 0.463879
vt 0.569888 0.463907
vt 0.792309 0.794457
vt 0.804837 0.793686
vt 0.804837 0.810948
vt 0.792301 0.811699
vt 0.829607 0.303909
vt 0.842162 0.303188
vt 0.842162 0.428854
vt 0.829606 0.429544
vt 0.557278 0.767816
vt 0.569837 0.768231
vt 0.569837 0.789418
vt 0.557285 0.788970
vt 0.031343 0.000391
vt 0.049655 -0.000000
vt 0.049655 0.153934
vt 0.024825 0.154257
vt -0.000000 -0.000000
vt 0.018305 0.000463
vt 0.024825 0.154363
vt -0.000000 0.153969
vt 0.766621 0.608521
vt 0.754012 0.608482
vt 0.754012 0.454471
vt 0.766621 0.454497
vt 0.702114 0.796149
vt 0.714598 0.795151
vt 0.714598 0.812011
vt 0.702107 0.812981
vt 0.830102 0.609462
vt 0.842627 0.608521
vt 0.842627 0.728034
vt 0.830101 0.728986
vt 0.521453 0.809352
vt 0.508936 0.808508
vt 0.508936 0.789548
vt 0.521447 0.790428
vt 0.049655 0.000000
vt 0.068614 0.000209
vt 0.073920 0.153609
vt 0.049655 0.153394
vt 0.079225 0.000163
vt 0.098191 -0.000000
vt 0.098191 0.153383
vt 0.073920 0.153549
vt 0.228848 0.767653
vt 0.216241 0.767542
vt 0.216241 0.618506
vt 0.228848 0.618618
vt 0.689556 0.796571
vt 0.702007 0.795325
vt 0.702007 0.811351
vt 0.689553 0.812578
vt 0.444015 0.000960
vt 0.456512 0.000000
vt 0.453483 0.114136
vt 0.440986 0.115096
vt 0.456512 0.129734
vt 0.444014 0.130673
vt 0.172333 0.000044
vt 0.192065 0.000000
vt 0.193375 0.153023
vt 0.169929 0.153023
vt 0.147662 -0.000000
vt 0.167402 0.000047
vt 0.169929 0.153025
vt 0.146473 0.153025
vt 0.633559 0.773466
vt 0.620953 0.773599
vt 0.620953 0.625473
vt 0.633559 0.625341
vt 0.274018 0.789185
vt 0.261417 0.789192
vt 0.261417 0.767621
vt 0.274018 0.767614
vt 0.776819 0.000359
vt 0.789410 0.000109
vt 0.789410 0.146150
vt 0.776819 0.146399
vt 0.656876 0.770609
vt 0.656876 0.791588
vt 0.644273 0.791483
vt 0.505249 0.153704
vt 0.526788 0.152845
vt 0.526787 0.307503
vt 0.505249 0.308362
vt 0.483733 0.308362
vt 0.505272 0.309220
vt 0.505272 0.463879
vt 0.483733 0.463020
vt 0.804905 0.752081
vt 0.792301 0.752261
vt 0.792301 0.608713
vt 0.804905 0.608521
vt 0.730458 0.775091
vt 0.743055 0.774954
vt 0.743055 0.795689
vt 0.730456 0.795813
vt 0.483733 0.618599
vt 0.496323 0.618418
vt 0.496323 0.768625
vt 0.483733 0.768812
vt 0.440986 0.130673
vt 0.453589 0.130676
vt 0.453589 0.152492
vt 0.440987 0.152471
vt 0.372964 0.153494
vt 0.393660 0.154010
vt 0.395211 0.308553
vt 0.372964 0.308062
vt 0.352256 0.153978
vt 0.372964 0.308050
vt 0.350703 0.308514
vt 0.385571 0.768865
vt 0.372964 0.768952
vt 0.372964 0.618165
vt 0.385571 0.618078
vt 0.439883 0.792676
vt 0.452457 0.792267
vt 0.452457 0.811116
vt 0.439878 0.811520
vt 0.791812 0.454805
vt 0.804393 0.454471
vt 0.804393 0.598248
vt 0.791812 0.598583
vt 0.675516 0.752608
vt 0.688107 0.752621
vt 0.688107 0.775503
vt 0.675520 0.775471
vt 0.100550 0.000071
vt 0.119547 -0.000000
vt 0.122335 0.154233
vt 0.098191 0.154233
vt 0.124661 0.000000
vt 0.143653 0.000086
vt 0.146473 0.154242
vt 0.122335 0.154242
vt 0.776819 0.148234
vt 0.764213 0.148367
vt 0.764213 0.000241
vt 0.776819 0.000109
vt 0.534053 0.789193
vt 0.521453 0.789200
vt 0.521453 0.767629
vt 0.534053 0.767622
vt 0.766612 0.608770
vt 0.779203 0.608521
vt 0.779203 0.754561
vt 0.766612 0.754811
vt 0.283752 0.770836
vt 0.296356 0.770941
vt 0.296356 0.791921
vt 0.283752 0.791815
vt 0.548326 0.153703
vt 0.569865 0.152844
vt 0.569865 0.307502
vt 0.548326 0.308361
vt 0.526788 0.152845
vt 0.548326 0.153704
vt 0.548326 0.308362
vt 0.526788 0.307503
vt 0.816998 0.445534
vt 0.804393 0.445722
vt 0.804393 0.303376
vt 0.816998 0.303188
vt 0.743057 0.774954
vt 0.730456 0.774940
vt 0.730456 0.753349
vt 0.743057 0.753363
vt 0.462145 0.618340
vt 0.474738 0.618175
vt 0.474738 0.768770
vt 0.462145 0.768935
vt 0.122335 0.768470
vt 0.134939 0.768557
vt 0.134939 0.789714
vt 0.122335 0.789627
vt 0.395211 0.462046
vt 0.416760 0.462713
vt 0.416760 0.617297
vt 0.395211 0.616630
vt 0.146473 0.461610
vt 0.168022 0.460943
vt 0.168022 0.615528
vt 0.146473 0.616195
vt 0.802015 0.144798
vt 0.789410 0.144964
vt 0.789410 0.000275
vt 0.802015 0.000109
vt 0.037425 0.789174
vt 0.024825 0.789169
vt 0.024825 0.767575
vt 0.037425 0.767581
vt 0.073920 0.618881
vt 0.086512 0.618683
vt 0.086512 0.767555
vt 0.073920 0.767753
vt 0.372964 0.768952
vt 0.385568 0.769046
vt 0.385568 0.790143
vt 0.372964 0.790048
vt 0.526862 0.463879
vt 0.548426 0.463945
vt 0.548426 0.618418
vt 0.526862 0.618351
vt 0.505297 0.463945
vt 0.526861 0.463879
vt 0.526861 0.618352
vt 0.505297 0.618418
vt 0.251655 0.768181
vt 0.239050 0.768313
vt 0.239050 0.620187
vt 0.251655 0.620055
vt 0.086512 0.789323
vt 0.073912 0.789330
vt 0.073912 0.767760
vt 0.086512 0.767753
vt 0.766621 0.454720
vt 0.779213 0.454471
vt 0.779213 0.600511
vt 0.766621 0.600761
vt 0.169929 0.770972
vt 0.182532 0.771077
vt 0.182532 0.792057
vt 0.169929 0.791951
vt 0.569866 0.153703
vt 0.591403 0.152844
vt 0.591403 0.307502
vt 0.569865 0.308361
vt 0.526811 0.308362
vt 0.548348 0.309220
vt 0.548349 0.463879
vt 0.526811 0.463020
vt 0.817510 0.750866
vt 0.804905 0.751054
vt 0.804905 0.608708
vt 0.817510 0.608520
vt 0.727345 0.775386
vt 0.714745 0.775372
vt 0.714745 0.753781
vt 0.727345 0.753795
vt 0.604155 0.618317
vt 0.616748 0.618152
vt 0.616748 0.768747
vt 0.604155 0.768912
vt 0.483720 0.768812
vt 0.496323 0.768899
vt 0.496323 0.790055
vt 0.483720 0.789969
vt 0.417548 0.462141
vt 0.439097 0.462809
vt 0.439097 0.617393
vt 0.417548 0.616725
vt 0.439878 0.462793
vt 0.461427 0.462126
vt 0.461427 0.616710
vt 0.439878 0.617377
vt 0.804393 0.447877
vt 0.791788 0.448043
vt 0.791788 0.303353
vt 0.804393 0.303188
vt 0.110792 0.786615
vt 0.098191 0.786609
vt 0.098191 0.765016
vt 0.110792 0.765021
vt 0.261425 0.618742
vt 0.274018 0.618544
vt 0.274018 0.767416
vt 0.261425 0.767614
vt 0.462134 0.768935
vt 0.474738 0.769029
vt 0.474738 0.790126
vt 0.462134 0.790032
vt 0.462145 0.463636
vt 0.483709 0.463702
vt 0.483709 0.618175
vt 0.462145 0.618108
vt 0.483733 0.463945
vt 0.505297 0.463879
vt 0.505297 0.618352
vt 0.483733 0.618418
vt 0.779168 0.303055
vt 0.766562 0.303188
vt 0.766562 0.155063
vt 0.779168 0.154930
vt 0.228842 0.789224
vt 0.216241 0.789231
vt 0.216241 0.767660
vt 0.228842 0.767653
vt 0.779168 0.155180
vt 0.791759 0.154930
vt 0.791759 0.300971
vt 0.779168 0.301220
vt 0.569855 0.770980
vt 0.582459 0.771086
vt 0.582459 0.792065
vt 0.569855 0.791959
vt 0.505272 0.309220
vt 0.526811 0.308362
vt 0.526810 0.463020
vt 0.505272 0.463878
vt 0.548349 0.308362
vt 0.569888 0.309220
vt 0.569888 0.463879
vt 0.548350 0.463020
vt 0.816998 0.596817
vt 0.804393 0.597004
vt 0.804393 0.454658
vt 0.816998 0.454471
vt 0.714708 0.774262
vt 0.702107 0.774248
vt 0.702107 0.752657
vt 0.714708 0.752671
vt 0.591562 0.618317
vt 0.604155 0.618152
vt 0.604155 0.768747
vt 0.591562 0.768912
vt 0.193365 0.768423
vt 0.205968 0.768510
vt 0.205968 0.789668
vt 0.193365 0.789581
vt 0.591562 0.308362
vt 0.613111 0.309029
vt 0.613112 0.463613
vt 0.591562 0.462946
vt 0.591404 0.153512
vt 0.612953 0.152844
vt 0.612953 0.307429
vt 0.591404 0.308096
vt 0.804364 0.299620
vt 0.791759 0.299785
vt 0.791759 0.155096
vt 0.804364 0.154930
vt 0.766612 0.784274
vt 0.754012 0.784269
vt 0.754012 0.762675
vt 0.766612 0.762680
vt 0.557278 0.618945
vt 0.569870 0.618747
vt 0.569870 0.767619
vt 0.557278 0.767817
vt 0.604172 0.768913
vt 0.616776 0.769007
vt 0.616776 0.790104
vt 0.604172 0.790010
vt 0.591562 0.463613
vt 0.613127 0.463679
vt 0.613127 0.618152
vt 0.591562 0.618085
vt 0.283764 0.463434
vt 0.305329 0.463367
vt 0.305329 0.617840
vt 0.283764 0.617907
s 0
usemtl vias2
f 11/1/1 2/2/1 4/3/1 12/4/1
f 9/5/2 8/6/2 6/7/2 10/8/2
f 3/9/3 7/10/3 5/11/3 1/12/3
f 8/13/4 4/14/4 2/15/4 6/16/4
f 13/17/5 9/18/5 10/19/5 14/20/5
f 16/21/6 11/22/6 12/23/6 15/24/6
f 7/25/7 13/26/7 14/27/7 5/28/7
f 1/29/8 16/30/8 15/31/8 3/32/8
f 27/33/9 18/34/9 20/35/9 28/36/9
f 25/37/2 24/38/2 22/39/2 26/40/2
f 19/41/10 23/42/10 21/43/10 17/44/10
f 24/45/11 20/46/11 18/47/11 22/48/11
f 29/49/12 25/50/12 26/51/12 30/52/12
f 32/53/13 27/54/13 28/55/13 31/56/13
f 23/57/14 29/58/14 30/59/14 21/60/14
f 17/61/15 32/62/15 31/63/15 19/64/15
f 51/65/16 48/66/16 34/67/16 38/68/16
f 35/69/17 36/70/17 40/71/17 39/72/17
f 43/73/16 42/74/16 41/75/16 44/76/16
f 37/77/18 38/78/18 34/79/18 33/80/18
f 46/81/19 47/82/19 36/83/19 35/84/19
f 40/85/16 36/86/16 47/87/16 52/88/16
f 39/89/20 40/90/20 52/91/20 49/92/20
f 45/93/21 50/94/21 37/95/21 33/96/21
f 50/97/22 51/98/22 38/99/22 37/100/22
f 35/101/21 39/102/21 49/103/21 46/104/21
f 47/82/23 48/105/23 43/106/23 44/107/23
f 50/94/21 45/93/21 46/104/21 49/103/21
f 51/98/24 50/97/24 49/92/24 52/91/24
f 47/82/25 46/81/25 45/108/25 48/105/25
f 33/109/26 34/110/26 48/105/26 45/108/26
f 52/111/17 47/112/17 44/113/17 41/114/17
f 48/115/18 51/116/18 42/117/18 43/118/18
f 51/98/27 52/91/27 41/119/27 42/120/27
f 79/121/17 80/122/17 84/123/17 83/124/17
f 68/125/16 53/126/16 76/127/16 74/128/16 72/129/16 70/130/16
f 55/131/28 56/132/28 58/133/28 57/134/28
f 87/135/16 86/136/16 85/137/16 88/138/16
f 71/139/29 72/140/29 74/141/29 73/142/29
f 57/143/20 58/144/20 60/145/20 59/146/20
f 54/147/21 67/148/21 69/149/21 71/150/21 73/151/21 75/152/21
f 69/153/30 70/154/30 72/140/30 71/139/30
f 59/155/31 60/156/31 62/157/31 61/158/31
f 75/159/32 76/160/32 53/161/32 54/162/32
f 67/163/33 68/164/33 70/165/33 69/166/33
f 61/158/34 62/157/34 64/167/34 63/168/34
f 58/169/16 56/170/16 66/171/16 64/172/16 62/173/16 60/174/16
f 54/162/28 53/161/28 68/175/28 67/176/28
f 63/177/35 64/178/35 66/179/35 65/180/35
f 95/181/16 92/182/16 78/183/16 82/184/16
f 73/185/23 74/186/23 76/187/23 75/188/23
f 65/189/36 66/190/36 56/132/36 55/131/36
f 55/191/21 57/192/21 59/193/21 61/194/21 63/195/21 65/196/21
f 81/197/18 82/198/18 78/199/18 77/200/18
f 90/201/25 91/202/25 80/203/25 79/204/25
f 84/205/16 80/206/16 91/207/16 96/208/16
f 83/209/20 84/210/20 96/211/20 93/212/20
f 89/213/21 94/214/21 81/215/21 77/216/21
f 94/217/20 95/218/20 82/219/20 81/220/20
f 79/221/21 83/222/21 93/223/21 90/224/21
f 91/202/23 92/225/23 87/226/23 88/227/23
f 94/214/21 89/213/21 90/224/21 93/223/21
f 95/218/22 94/217/22 93/212/22 96/211/22
f 91/202/37 90/201/37 89/228/37 92/225/37
f 77/229/38 78/230/38 92/225/38 89/228/38
f 96/231/17 91/232/17 88/233/17 85/234/17
f 92/235/18 95/236/18 86/237/18 87/238/18
f 95/218/27 96/211/27 85/239/27 86/240/27
f 112/241/16 97/242/16 120/243/16 118/244/16 116/245/16 114/246/16
f 99/247/28 100/248/28 102/249/28 101/250/28
f 115/251/39 116/252/39 118/253/39 117/254/39
f 101/255/40 102/256/40 104/257/40 103/258/40
f 98/259/21 111/260/21 113/261/21 115/262/21 117/263/21 119/264/21
f 113/265/41 114/266/41 116/252/41 115/251/41
f 103/267/42 104/268/42 106/269/42 105/270/42
f 119/271/32 120/272/32 97/273/32 98/274/32
f 111/275/22 112/276/22 114/277/22 113/278/22
f 105/270/39 106/269/39 108/279/39 107/280/39
f 102/281/16 100/282/16 110/283/16 108/284/16 106/285/16 104/286/16
f 98/274/43 97/273/43 112/287/43 111/288/43
f 107/289/44 108/290/44 110/291/44 109/292/44
f 117/293/23 118/294/23 120/295/23 119/296/23
f 109/297/32 110/298/32 100/248/32 99/247/32
f 99/299/21 101/300/21 103/301/21 105/302/21 107/303/21 109/304/21
f 139/305/16 136/306/16 122/307/16 126/308/16
f 123/309/45 124/310/45 128/311/45 127/312/45
f 131/313/16 130/314/16 129/315/16 132/316/16
f 125/317/46 126/318/46 122/319/46 121/320/46
f 134/321/25 135/322/25 124/323/25 123/324/25
f 128/325/16 124/326/16 135/327/16 140/328/16
f 127/329/20 128/330/20 140/331/20 137/332/20
f 133/333/21 138/334/21 125/335/21 121/336/21
f 138/337/40 139/338/40 126/339/40 125/340/40
f 123/341/21 127/342/21 137/343/21 134/344/21
f 135/322/23 136/345/23 131/346/23 132/347/23
f 138/334/21 133/333/21 134/344/21 137/343/21
f 139/338/22 138/337/22 137/332/22 140/331/22
f 135/322/19 134/321/19 133/348/19 136/345/19
f 121/349/19 122/350/19 136/345/19 133/348/19
f 140/351/45 135/352/45 132/353/45 129/354/45
f 136/355/18 139/356/18 130/357/18 131/358/18
f 139/338/24 140/331/24 129/359/24 130/360/24
f 167/361/45 168/362/45 172/363/45 171/364/45
f 156/365/16 141/366/16 164/367/16 162/368/16 160/369/16 158/370/16
f 143/371/47 144/372/47 146/373/47 145/374/47
f 175/375/16 174/376/16 173/377/16 176/378/16
f 159/379/39 160/380/39 162/381/39 161/382/39
f 145/383/20 146/384/20 148/385/20 147/386/20
f 142/387/21 155/388/21 157/389/21 159/390/21 161/391/21 163/392/21
f 157/393/31 158/394/31 160/380/31 159/379/31
f 147/395/31 148/396/31 150/397/31 149/398/31
f 163/399/36 164/400/36 141/401/36 142/402/36
f 155/403/40 156/404/40 158/405/40 157/406/40
f 149/398/39 150/397/39 152/407/39 151/408/39
f 146/409/16 144/410/16 154/411/16 152/412/16 150/413/16 148/414/16
f 142/402/43 141/401/43 156/415/43 155/416/43
f 151/417/19 152/418/19 154/419/19 153/420/19
f 183/421/16 180/422/16 166/423/16 170/424/16
f 161/425/26 162/426/26 164/427/26 163/428/26
f 153/429/48 154/430/48 144/372/48 143/371/48
f 143/431/21 145/432/21 147/433/21 149/434/21 151/435/21 153/436/21
f 169/437/18 170/438/18 166/439/18 165/440/18
f 178/441/25 179/442/25 168/443/25 167/444/25
f 172/445/16 168/446/16 179/447/16 184/448/16
f 171/449/22 172/450/22 184/451/22 181/452/22
f 177/453/21 182/454/21 169/455/21 165/456/21
f 182/457/20 183/458/20 170/459/20 169/460/20
f 167/461/21 171/462/21 181/463/21 178/464/21
f 179/442/23 180/465/23 175/466/23 176/467/23
f 182/454/21 177/453/21 178/464/21 181/463/21
f 183/458/20 182/457/20 181/452/20 184/451/20
f 179/442/25 178/441/25 177/468/25 180/465/25
f 165/469/25 166/470/25 180/465/25 177/468/25
f 184/471/17 179/472/17 176/473/17 173/474/17
f 180/475/46 183/476/46 174/477/46 175/478/46
f 183/458/27 184/451/27 173/479/27 174/480/27
f 200/481/16 185/482/16 208/483/16 206/484/16 204/485/16 202/486/16
f 187/487/43 188/488/43 190/489/43 189/490/43
f 203/491/39 204/492/39 206/493/39 205/494/39
f 189/495/22 190/496/22 192/497/22 191/498/22
f 186/499/21 199/500/21 201/501/21 203/502/21 205/503/21 207/504/21
f 201/505/42 202/506/42 204/492/42 203/491/42
f 191/507/49 192/508/49 194/509/49 193/510/49
f 207/511/50 208/512/50 185/513/50 186/514/50
f 199/515/51 200/516/51 202/517/51 201/518/51
f 193/510/39 194/509/39 196/519/39 195/520/39
f 190/521/16 188/522/16 198/523/16 196/524/16 194/525/16 192/526/16
f 186/514/52 185/513/52 200/527/52 199/528/52
f 195/529/25 196/530/25 198/531/25 197/532/25
f 205/533/25 206/534/25 208/535/25 207/536/25
f 197/537/53 198/538/53 188/488/53 187/487/53
f 187/539/21 189/540/21 191/541/21 193/542/21 195/543/21 197/544/21
f 227/545/54 224/546/54 210/547/54 214/548/54
f 211/549/55 212/550/55 216/551/55 215/552/55
f 219/553/56 218/554/56 217/555/56 220/556/56
f 213/557/57 214/558/57 210/559/57 209/560/57
f 222/561/58 223/562/58 212/563/58 211/564/58
f 216/565/59 212/566/59 223/567/59 228/568/59
f 215/569/60 216/570/60 228/571/60 225/572/60
f 221/573/61 226/574/61 213/575/61 209/576/61
f 226/577/62 227/578/62 214/579/62 213/580/62
f 211/581/63 215/582/63 225/583/63 222/584/63
f 223/562/64 224/585/64 219/586/64 220/587/64
f 226/574/65 221/573/65 222/584/65 225/583/65
f 227/578/60 226/577/60 225/572/60 228/571/60
f 223/562/58 222/561/58 221/588/58 224/585/58
f 209/589/66 210/590/66 224/585/66 221/588/66
f 228/591/67 223/592/67 220/593/67 217/594/67
f 224/595/68 227/596/68 218/597/68 219/598/68
f 227/578/62 228/571/62 217/599/62 218/600/62
f 255/601/55 256/602/55 260/603/55 259/604/55
f 244/605/59 229/606/59 252/607/59 250/608/59 248/609/59 246/610/59
f 231/611/69 232/612/69 234/613/69 233/614/69
f 263/615/70 262/616/70 261/617/70 264/618/70
f 247/619/71 248/620/71 250/621/71 249/622/71
f 233/623/72 234/624/72 236/625/72 235/626/72
f 230/627/63 243/628/63 245/629/63 247/630/63 249/631/63 251/632/63
f 245/633/73 246/634/73 248/620/73 247/619/73
f 235/635/74 236/636/74 238/637/74 237/638/74
f 251/639/75 252/640/75 229/641/75 230/642/75
f 243/643/76 244/644/76 246/645/76 245/646/76
f 237/638/77 238/637/77 240/647/77 239/648/77
f 234/649/54 232/650/54 242/651/54 240/652/54 238/653/54 236/654/54
f 230/642/78 229/641/78 244/655/78 243/656/78
f 239/657/79 240/658/79 242/659/79 241/660/79
f 271/661/80 268/662/80 254/663/80 258/664/80
f 249/665/81 250/666/81 252/667/81 251/668/81
f 241/669/82 242/670/82 232/612/82 231/611/82
f 231/671/61 233/672/61 235/673/61 237/674/61 239/675/61 241/676/61
f 257/677/57 258/678/57 254/679/57 253/680/57
f 266/681/83 267/682/83 256/683/83 255/684/83
f 260/685/84 256/686/84 267/687/84 272/688/84
f 259/689/85 260/690/85 272/691/85 269/692/85
f 265/693/86 270/694/86 257/695/86 253/696/86
f 270/697/62 271/698/62 258/699/62 257/700/62
f 255/701/87 259/702/87 269/703/87 266/704/87
f 267/682/83 268/705/83 263/706/83 264/707/83
f 270/694/88 265/693/88 266/704/88 269/703/88
f 271/698/60 270/697/60 269/692/60 272/691/60
f 267/682/58 266/681/58 265/708/58 268/705/58
f 253/709/83 254/710/83 268/705/83 265/708/83
f 272/711/67 267/712/67 264/713/67 261/714/67
f 268/715/68 271/716/68 262/717/68 263/718/68
f 271/698/62 272/691/62 261/719/62 262/720/62
f 288/721/84 273/722/84 296/723/84 294/724/84 292/725/84 290/726/84
f 275/727/89 276/728/89 278/729/89 277/730/89
f 291/731/90 292/732/90 294/733/90 293/734/90
f 277/735/76 278/736/76 280/737/76 279/738/76
f 274/739/87 287/740/87 289/741/87 291/742/87 293/743/87 295/744/87
f 289/745/91 290/746/91 292/732/91 291/731/91
f 279/747/92 280/748/92 282/749/92 281/750/92
f 295/751/93 296/752/93 273/753/93 274/754/93
f 287/755/94 288/756/94 290/757/94 289/758/94
f 281/750/95 282/749/95 284/759/95 283/760/95
f 278/761/80 276/762/80 286/763/80 284/764/80 282/765/80 280/766/80
f 274/754/96 273/753/96 288/767/96 287/768/96
f 283/769/97 284/770/97 286/771/97 285/772/97
f 293/773/98 294/774/98 296/775/98 295/776/98
f 285/777/99 286/778/99 276/728/99 275/727/99
f 275/779/86 277/780/86 279/781/86 281/782/86 283/783/86 285/784/86
f 307/785/100 298/786/100 300/787/100 308/788/100
f 305/789/101 304/790/101 302/791/101 306/792/101
f 299/793/102 303/794/102 301/795/102 297/796/102
f 304/797/103 300/798/103 298/799/103 302/800/103
f 309/801/104 305/802/104 306/803/104 310/804/104
f 312/805/105 307/806/105 308/807/105 311/808/105
f 303/809/106 309/810/106 310/811/106 301/812/106
f 297/813/107 312/814/107 311/815/107 299/816/107
f 323/817/108 314/818/108 316/819/108 324/820/108
f 321/821/109 320/822/109 318/823/109 322/824/109
f 315/825/110 319/826/110 317/827/110 313/828/110
f 320/829/111 316/830/111 314/831/111 318/832/111
f 325/833/112 321/834/112 322/835/112 326/836/112
f 328/837/113 323/838/113 324/839/113 327/840/113
f 319/841/114 325/842/114 326/843/114 317/844/114
f 313/845/115 328/846/115 327/847/115 315/848/115
f 347/849/116 344/850/116 330/851/116 334/852/116
f 331/853/117 332/854/117 336/855/117 335/856/117
f 339/857/118 338/858/118 337/859/118 340/860/118
f 333/861/119 334/862/119 330/863/119 329/864/119
f 342/865/120 343/866/120 332/867/120 331/868/120
f 336/869/121 332/870/121 343/871/121 348/872/121
f 335/873/122 336/874/122 348/875/122 345/876/122
f 341/877/123 346/878/123 333/879/123 329/880/123
f 346/881/122 347/882/122 334/883/122 333/884/122
f 331/885/124 335/886/124 345/887/124 342/888/124
f 343/866/125 344/889/125 339/890/125 340/891/125
f 346/878/126 341/877/126 342/888/126 345/887/126
f 347/882/127 346/881/127 345/876/127 348/875/127
f 343/866/128 342/865/128 341/892/128 344/889/128
f 329/893/120 330/894/120 344/889/120 341/892/120
f 348/895/129 343/896/129 340/897/129 337/898/129
f 344/899/130 347/900/130 338/901/130 339/902/130
f 347/882/131 348/875/131 337/903/131 338/904/131
f 375/905/132 376/906/132 380/907/132 379/908/132
f 364/909/121 349/910/121 372/911/121 370/912/121 368/913/121 366/914/121
f 351/915/133 352/916/133 354/917/133 353/918/133
f 383/919/134 382/920/134 381/921/134 384/922/134
f 367/923/135 368/924/135 370/925/135 369/926/135
f 353/927/122 354/928/122 356/929/122 355/930/122
f 350/931/124 363/932/124 365/933/124 367/934/124 369/935/124 371/936/124
f 365/937/136 366/938/136 368/924/136 367/923/136
f 355/939/137 356/940/137 358/941/137 357/942/137
f 371/943/138 372/944/138 349/945/138 350/946/138
f 363/947/139 364/948/139 366/949/139 365/950/139
f 357/942/140 358/941/140 360/951/140 359/952/140
f 354/953/116 352/954/116 362/955/116 360/956/116 358/957/116 356/958/116
f 350/946/141 349/945/141 364/959/141 363/960/141
f 359/961/142 360/962/142 362/963/142 361/964/142
f 391/965/143 388/966/143 374/967/143 378/968/143
f 369/969/144 370/970/144 372/971/144 371/972/144
f 361/973/145 362/974/145 352/916/145 351/915/145
f 351/975/123 353/976/123 355/977/123 357/978/123 359/979/123 361/980/123
f 377/981/119 378/982/119 374/983/119 373/984/119
f 386/985/146 387/986/146 376/987/146 375/988/146
f 380/989/147 376/990/147 387/991/147 392/992/147
f 379/993/127 380/994/127 392/995/127 389/996/127
f 385/997/148 390/998/148 377/999/148 373/1000/148
f 390/1001/149 391/1002/149 378/1003/149 377/1004/149
f 375/1005/150 379/1006/150 389/1007/150 386/1008/150
f 387/986/125 388/1009/125 383/1010/125 384/1011/125
f 390/998/151 385/997/151 386/1008/151 389/1007/151
f 391/1002/139 390/1001/139 389/996/139 392/995/139
f 387/986/128 386/985/128 385/1012/128 388/1009/128
f 373/1013/152 374/1014/152 388/1009/152 385/1012/152
f 392/1015/129 387/1016/129 384/1017/129 381/1018/129
f 388/1019/130 391/1020/130 382/1021/130 383/1022/130
f 391/1002/131 392/995/131 381/1023/131 382/1024/131
f 408/1025/147 393/1026/147 416/1027/147 414/1028/147 412/1029/147 410/1030/147
f 395/1031/153 396/1032/153 398/1033/153 397/1034/153
f 411/1035/154 412/1036/154 414/1037/154 413/1038/154
f 397/1039/155 398/1040/155 400/1041/155 399/1042/155
f 394/1043/150 407/1044/150 409/1045/150 411/1046/150 413/1047/150 415/1048/150
f 409/1049/156 410/1050/156 412/1036/156 411/1035/156
f 399/1051/157 400/1052/157 402/1053/157 401/1054/157
f 415/1055/158 416/1056/158 393/1057/158 394/1058/158
f 407/1059/155 408/1060/155 410/1061/155 409/1062/155
f 401/1054/159 402/1053/159 404/1063/159 403/1064/159
f 398/1065/143 396/1066/143 406/1067/143 404/1068/143 402/1069/143 400/1070/143
f 394/1058/160 393/1057/160 408/1071/160 407/1072/160
f 403/1073/144 404/1074/144 406/1075/144 405/1076/144
f 413/1077/144 414/1078/144 416/1079/144 415/1080/144
f 405/1081/161 406/1082/161 396/1032/161 395/1031/161
f 395/1083/162 397/1084/162 399/1085/162 401/1086/162 403/1087/162 405/1088/162
f 435/1089/163 432/1090/163 418/1091/163 422/1092/163
f 419/1093/164 420/1094/164 424/1095/164 423/1096/164
f 427/1097/165 426/1098/165 425/1099/165 428/1100/165
f 421/1101/166 422/1102/166 418/1103/166 417/1104/166
f 430/1105/167 431/1106/167 420/1107/167 419/1108/167
f 424/1109/168 420/1110/168 431/1111/168 436/1112/168
f 423/1113/169 424/1114/169 436/1115/169 433/1116/169
f 429/1117/170 434/1118/170 421/1119/170 417/1120/170
f 434/1121/171 435/1122/171 422/1123/171 421/1124/171
f 419/1125/172 423/1126/172 433/1127/172 430/1128/172
f 431/1106/173 432/1129/173 427/1130/173 428/1131/173
f 434/1118/174 429/1117/174 430/1128/174 433/1127/174
f 435/1122/171 434/1121/171 433/1116/171 436/1115/171
f 431/1106/167 430/1105/167 429/1132/167 432/1129/167
f 417/1133/175 418/1134/175 432/1129/175 429/1132/175
f 436/1135/176 431/1136/176 428/1137/176 425/1138/176
f 432/1139/177 435/1140/177 426/1141/177 427/1142/177
f 435/1122/169 436/1115/169 425/1143/169 426/1144/169
f 463/1145/164 464/1146/164 468/1147/164 467/1148/164
f 452/1149/178 437/1150/178 460/1151/178 458/1152/178 456/1153/178 454/1154/178
f 439/1155/179 440/1156/179 442/1157/179 441/1158/179
f 471/1159/180 470/1160/180 469/1161/180 472/1162/180
f 455/1163/181 456/1164/181 458/1165/181 457/1166/181
f 441/1167/182 442/1168/182 444/1169/182 443/1170/182
f 438/1171/183 451/1172/183 453/1173/183 455/1174/183 457/1175/183 459/1176/183
f 453/1177/184 454/1178/184 456/1164/184 455/1163/184
f 443/1179/185 444/1180/185 446/1181/185 445/1182/185
f 459/1183/186 460/1184/186 437/1185/186 438/1186/186
f 451/1187/187 452/1188/187 454/1189/187 453/1190/187
f 445/1182/188 446/1181/188 448/1191/188 447/1192/188
f 442/1193/163 440/1194/163 450/1195/163 448/1196/163 446/1197/163 444/1198/163
f 438/1186/189 437/1185/189 452/1199/189 451/1200/189
f 447/1201/175 448/1202/175 450/1203/175 449/1204/175
f 479/1205/190 476/1206/190 462/1207/190 466/1208/190
f 457/1209/191 458/1210/191 460/1211/191 459/1212/191
f 449/1213/192 450/1214/192 440/1156/192 439/1155/192
f 439/1215/170 441/1216/170 443/1217/170 445/1218/170 447/1219/170 449/1220/170
f 465/1221/166 466/1222/166 462/1223/166 461/1224/166
f 474/1225/193 475/1226/193 464/1227/193 463/1228/193
f 468/1229/194 464/1230/194 475/1231/194 480/1232/194
f 467/1233/169 468/1234/169 480/1235/169 477/1236/169
f 473/1237/195 478/1238/195 465/1239/195 461/1240/195
f 478/1241/169 479/1242/169 466/1243/169 465/1244/169
f 463/1245/196 467/1246/196 477/1247/196 474/1248/196
f 475/1226/167 476/1249/167 471/1250/167 472/1251/167
f 478/1238/197 473/1237/197 474/1248/197 477/1247/197
f 479/1242/171 478/1241/171 477/1236/171 480/1235/171
f 475/1226/173 474/1225/173 473/1252/173 476/1249/173
f 461/1253/167 462/1254/167 476/1249/167 473/1252/167
f 480/1255/198 475/1256/198 472/1257/198 469/1258/198
f 476/1259/177 479/1260/177 470/1261/177 471/1262/177
f 479/1242/169 480/1235/169 469/1263/169 470/1264/169
f 496/1265/194 481/1266/194 504/1267/194 502/1268/194 500/1269/194 498/1270/194
f 483/1271/199 484/1272/199 486/1273/199 485/1274/199
f 499/1275/200 500/1276/200 502/1277/200 501/1278/200
f 485/1279/201 486/1280/201 488/1281/201 487/1282/201
f 482/1283/196 495/1284/196 497/1285/196 499/1286/196 501/1287/196 503/1288/196
f 497/1289/202 498/1290/202 500/1276/202 499/1275/202
f 487/1291/203 488/1292/203 490/1293/203 489/1294/203
f 503/1295/204 504/1296/204 481/1297/204 482/1298/204
f 495/1299/205 496/1300/205 498/1301/205 497/1302/205
f 489/1294/206 490/1293/206 492/1303/206 491/1304/206
f 486/1305/190 484/1306/190 494/1307/190 492/1308/190 490/1309/190 488/1310/190
f 482/1298/207 481/1297/207 496/1311/207 495/1312/207
f 491/1313/208 492/1314/208 494/1315/208 493/1316/208
f 501/1317/209 502/1318/209 504/1319/209 503/1320/209
f 493/1321/210 494/1322/210 484/1272/210 483/1271/210
f 483/1323/195 485/1324/195 487/1325/195 489/1326/195 491/1327/195 493/1328/195
f 523/1329/211 520/1330/211 506/1331/211 510/1332/211
f 507/1333/212 508/1334/212 512/1335/212 511/1336/212
f 515/1337/213 514/1338/213 513/1339/213 516/1340/213
f 509/1341/214 510/1342/214 506/1343/214 505/1344/214
f 518/1345/215 519/1346/215 508/1347/215 507/1348/215
f 512/1349/216 508/1350/216 519/1351/216 524/1352/216
f 511/1353/217 512/1354/217 524/1355/217 521/1356/217
f 517/1357/218 522/1358/218 509/1359/218 505/1360/218
f 522/1361/217 523/1362/217 510/1363/217 509/1364/217
f 507/1365/219 511/1366/219 521/1367/219 518/1368/219
f 519/1346/220 520/1369/220 515/1370/220 516/1371/220
f 522/1358/221 517/1357/221 518/1368/221 521/1367/221
f 523/1362/222 522/1361/222 521/1356/222 524/1355/222
f 519/1346/215 518/1345/215 517/1372/215 520/1369/215
f 505/1373/223 506/1374/223 520/1369/223 517/1372/223
f 524/1375/224 519/1376/224 516/1377/224 513/1378/224
f 520/1379/225 523/1380/225 514/1381/225 515/1382/225
f 523/1362/222 524/1355/222 513/1383/222 514/1384/222
f 551/1385/212 552/1386/212 556/1387/212 555/1388/212
f 540/1389/216 525/1390/216 548/1391/216 546/1392/216 544/1393/216 542/1394/216
f 527/1395/226 528/1396/226 530/1397/226 529/1398/226
f 559/1399/227 558/1400/227 557/1401/227 560/1402/227
f 543/1403/228 544/1404/228 546/1405/228 545/1406/228
f 529/1407/229 530/1408/229 532/1409/229 531/1410/229
f 526/1411/219 539/1412/219 541/1413/219 543/1414/219 545/1415/219 547/1416/219
f 541/1417/230 542/1418/230 544/1404/230 543/1403/230
f 531/1419/231 532/1420/231 534/1421/231 533/1422/231
f 547/1423/232 548/1424/232 525/1425/232 526/1426/232
f 539/1427/229 540/1428/229 542/1429/229 541/1430/229
f 533/1422/233 534/1421/233 536/1431/233 535/1432/233
f 530/1433/211 528/1434/211 538/1435/211 536/1436/211 534/1437/211 532/1438/211
f 526/1426/234 525/1425/234 540/1439/234 539/1440/234
f 535/1441/223 536/1442/223 538/1443/223 537/1444/223
f 567/1445/235 564/1446/235 550/1447/235 554/1448/235
f 545/1449/223 546/1450/223 548/1451/223 547/1452/223
f 537/1453/236 538/1454/236 528/1396/236 527/1395/236
f 527/1455/218 529/1456/218 531/1457/218 533/1458/218 535/1459/218 537/1460/218
f 553/1461/214 554/1462/214 550/1463/214 549/1464/214
f 562/1465/237 563/1466/237 552/1467/237 551/1468/237
f 556/1469/238 552/1470/238 563/1471/238 568/1472/238
f 555/1473/239 556/1474/239 568/1475/239 565/1476/239
f 561/1477/240 566/1478/240 553/1479/240 549/1480/240
f 566/1481/229 567/1482/229 554/1483/229 553/1484/229
f 551/1485/241 555/1486/241 565/1487/241 562/1488/241
f 563/1466/215 564/1489/215 559/1490/215 560/1491/215
f 566/1478/242 561/1477/242 562/1488/242 565/1487/242
f 567/1482/229 566/1481/229 565/1476/229 568/1475/229
f 563/1466/237 562/1465/237 561/1492/237 564/1489/237
f 549/1493/237 550/1494/237 564/1489/237 561/1492/237
f 568/1495/224 563/1496/224 560/1497/224 557/1498/224
f 564/1499/225 567/1500/225 558/1501/225 559/1502/225
f 567/1482/239 568/1475/239 557/1503/239 558/1504/239
f 584/1505/243 569/1506/243 592/1507/243 590/1508/243 588/1509/243 586/1510/243
f 571/1511/244 572/1512/244 574/1513/244 573/1514/244
f 587/1515/245 588/1516/245 590/1517/245 589/1518/245
f 573/1519/217 574/1520/217 576/1521/217 575/1522/217
f 570/1523/246 583/1524/246 585/1525/246 587/1526/246 589/1527/246 591/1528/246
f 585/1529/247 586/1530/247 588/1516/247 587/1515/247
f 575/1531/248 576/1532/248 578/1533/248 577/1534/248
f 591/1535/249 592/1536/249 569/1537/249 570/1538/249
f 583/1539/250 584/1540/250 586/1541/250 585/1542/250
f 577/1534/251 578/1533/251 580/1543/251 579/1544/251
f 574/1545/235 572/1546/235 582/1547/235 580/1548/235 578/1549/235 576/1550/235
f 570/1538/252 569/1537/252 584/1551/252 583/1552/252
f 579/1553/237 580/1554/237 582/1555/237 581/1556/237
f 589/1557/253 590/1558/253 592/1559/253 591/1560/253
f 581/1561/254 582/1562/254 572/1512/254 571/1511/254
f 571/1563/240 573/1564/240 575/1565/240 577/1566/240 579/1567/240 581/1568/240
f 603/1569/255 594/1570/255 596/1571/255 604/1572/255
f 601/1573/256 600/1574/256 598/1575/256 602/1576/256
f 595/1577/257 599/1578/257 597/1579/257 593/1580/257
f 600/1581/258 596/1582/258 594/1583/258 598/1584/258
f 605/1585/259 601/1586/259 602/1587/259 606/1588/259
f 608/1589/260 603/1590/260 604/1591/260 607/1592/260
f 599/1593/261 605/1594/261 606/1595/261 597/1596/261
f 593/1597/262 608/1598/262 607/1599/262 595/1600/262
f 619/1601/263 610/1602/263 612/1603/263 620/1604/263
f 617/1605/256 616/1606/256 614/1607/256 618/1608/256
f 611/1609/264 615/1610/264 613/1611/264 609/1612/264
f 616/1613/265 612/1614/265 610/1615/265 614/1616/265
f 621/1617/266 617/1618/266 618/1619/266 622/1620/266
f 624/1621/267 619/1622/267 620/1623/267 623/1624/267
f 615/1625/268 621/1626/268 622/1627/268 613/1628/268
f 609/1629/269 624/1630/269 623/1631/269 611/1632/269
f 643/1633/270 640/1634/270 626/1635/270 630/1636/270
f 627/1637/271 628/1638/271 632/1639/271 631/1640/271
f 635/1641/272 634/1642/272 633/1643/272 636/1644/272
f 629/1645/273 630/1646/273 626/1647/273 625/1648/273
f 638/1649/274 639/1650/274 628/1651/274 627/1652/274
f 632/1653/275 628/1654/275 639/1655/275 644/1656/275
f 631/1657/276 632/1658/276 644/1659/276 641/1660/276
f 637/1661/277 642/1662/277 629/1663/277 625/1664/277
f 642/1665/278 643/1666/278 630/1667/278 629/1668/278
f 627/1669/279 631/1670/279 641/1671/279 638/1672/279
f 639/1650/280 640/1673/280 635/1674/280 636/1675/280
f 642/1662/281 637/1661/281 638/1672/281 641/1671/281
f 643/1666/278 642/1665/278 641/1660/278 644/1659/278
f 639/1650/280 638/1649/280 637/1676/280 640/1673/280
f 625/1677/282 626/1678/282 640/1673/282 637/1676/282
f 644/1679/283 639/1680/283 636/1681/283 633/1682/283
f 640/1683/284 643/1684/284 634/1685/284 635/1686/284
f 643/1666/278 644/1659/278 633/1687/278 634/1688/278
f 671/1689/271 672/1690/271 676/1691/271 675/1692/271
f 660/1693/275 645/1694/275 668/1695/275 666/1696/275 664/1697/275 662/1698/275
f 647/1699/285 648/1700/285 650/1701/285 649/1702/285
f 679/1703/286 678/1704/286 677/1705/286 680/1706/286
f 663/1707/287 664/1708/287 666/1709/287 665/1710/287
f 649/1711/288 650/1712/288 652/1713/288 651/1714/288
f 646/1715/279 659/1716/279 661/1717/279 663/1718/279 665/1719/279 667/1720/279
f 661/1721/289 662/1722/289 664/1708/289 663/1707/289
f 651/1723/290 652/1724/290 654/1725/290 653/1726/290
f 667/1727/291 668/1728/291 645/1729/291 646/1730/291
f 659/1731/292 660/1732/292 662/1733/292 661/1734/292
f 653/1726/293 654/1725/293 656/1735/293 655/1736/293
f 650/1737/270 648/1738/270 658/1739/270 656/1740/270 654/1741/270 652/1742/270
f 646/1730/294 645/1729/294 660/1743/294 659/1744/294
f 655/1745/295 656/1746/295 658/1747/295 657/1748/295
f 687/1749/296 684/1750/296 670/1751/296 674/1752/296
f 665/1753/297 666/1754/297 668/1755/297 667/1756/297
f 657/1757/298 658/1758/298 648/1700/298 647/1699/298
f 647/1759/277 649/1760/277 651/1761/277 653/1762/277 655/1763/277 657/1764/277
f 673/1765/273 674/1766/273 670/1767/273 669/1768/273
f 682/1769/282 683/1770/282 672/1771/282 671/1772/282
f 676/1773/299 672/1774/299 683/1775/299 688/1776/299
f 675/1777/276 676/1778/276 688/1779/276 685/1780/276
f 681/1781/300 686/1782/300 673/1783/300 669/1784/300
f 686/1785/301 687/1786/301 674/1787/301 673/1788/301
f 671/1789/302 675/1790/302 685/1791/302 682/1792/302
f 683/1770/303 684/1793/303 679/1794/303 680/1795/303
f 686/1782/304 681/1781/304 682/1792/304 685/1791/304
f 687/1786/278 686/1785/278 685/1780/278 688/1779/278
f 683/1770/305 682/1769/305 681/1796/305 684/1793/305
f 669/1797/282 670/1798/282 684/1793/282 681/1796/282
f 688/1799/283 683/1800/283 680/1801/283 677/1802/283
f 684/1803/284 687/1804/284 678/1805/284 679/1806/284
f 687/1786/278 688/1779/278 677/1807/278 678/1808/278
f 704/1809/299 689/1810/299 712/1811/299 710/1812/299 708/1813/299 706/1814/299
f 691/1815/306 692/1816/306 694/1817/306 693/1818/306
f 707/1819/307 708/1820/307 710/1821/307 709/1822/307
f 693/1823/288 694/1824/288 696/1825/288 695/1826/288
f 690/1827/302 703/1828/302 705/1829/302 707/1830/302 709/1831/302 711/1832/302
f 705/1833/308 706/1834/308 708/1820/308 707/1819/308
f 695/1835/309 696/1836/309 698/1837/309 697/1838/309
f 711/1839/310 712/1840/310 689/1841/310 690/1842/310
f 703/1843/288 704/1844/288 706/1845/288 705/1846/288
f 697/1838/311 698/1837/311 700/1847/311 699/1848/311
f 694/1849/296 692/1850/296 702/1851/296 700/1852/296 698/1853/296 696/1854/296
f 690/1842/312 689/1841/312 704/1855/312 703/1856/312
f 699/1857/297 700/1858/297 702/1859/297 701/1860/297
f 709/1861/282 710/1862/282 712/1863/282 711/1864/282
f 701/1865/313 702/1866/313 692/1816/313 691/1815/313
f 691/1867/300 693/1868/300 695/1869/300 697/1870/300 699/1871/300 701/1872/300
f 731/1873/314 728/1874/314 714/1875/314 718/1876/314
f 715/1877/315 716/1878/315 720/1879/315 719/1880/315
f 723/1881/316 722/1882/316 721/1883/316 724/1884/316
f 717/1885/317 718/1886/317 714/1887/317 713/1888/317
f 726/1889/318 727/1890/318 716/1891/318 715/1892/318
f 720/1893/319 716/1894/319 727/1895/319 732/1896/319
f 719/1897/320 720/1898/320 732/1899/320 729/1900/320
f 725/1901/321 730/1902/321 717/1903/321 713/1904/321
f 730/1905/322 731/1906/322 718/1907/322 717/1908/322
f 715/1909/323 719/1910/323 729/1911/323 726/1912/323
f 727/1890/318 728/1913/318 723/1914/318 724/1915/318
f 730/1902/324 725/1901/324 726/1912/324 729/1911/324
f 731/1906/322 730/1905/322 729/1900/322 732/1899/322
f 727/1890/318 726/1889/318 725/1916/318 728/1913/318
f 713/1917/325 714/1918/325 728/1913/325 725/1916/325
f 732/1919/326 727/1920/326 724/1921/326 721/1922/326
f 728/1923/327 731/1924/327 722/1925/327 723/1926/327
f 731/1906/328 732/1899/328 721/1927/328 722/1928/328
f 759/1929/315 760/1930/315 764/1931/315 763/1932/315
f 748/1933/319 733/1934/319 756/1935/319 754/1936/319 752/1937/319 750/1938/319
f 735/1939/329 736/1940/329 738/1941/329 737/1942/329
f 767/1943/330 766/1944/330 765/1945/330 768/1946/330
f 751/1947/331 752/1948/331 754/1949/331 753/1950/331
f 737/1951/332 738/1952/332 740/1953/332 739/1954/332
f 734/1955/323 747/1956/323 749/1957/323 751/1958/323 753/1959/323 755/1960/323
f 749/1961/333 750/1962/333 752/1948/333 751/1947/333
f 739/1963/334 740/1964/334 742/1965/334 741/1966/334
f 755/1967/335 756/1968/335 733/1969/335 734/1970/335
f 747/1971/336 748/1972/336 750/1973/336 749/1974/336
f 741/1966/337 742/1965/337 744/1975/337 743/1976/337
f 738/1977/314 736/1978/314 746/1979/314 744/1980/314 742/1981/314 740/1982/314
f 734/1970/338 733/1969/338 748/1983/338 747/1984/338
f 743/1985/339 744/1986/339 746/1987/339 745/1988/339
f 775/1989/340 772/1990/340 758/1991/340 762/1992/340
f 753/1993/341 754/1994/341 756/1995/341 755/1996/341
f 745/1997/342 746/1998/342 736/1940/342 735/1939/342
f 735/1999/321 737/2000/321 739/2001/321 741/2002/321 743/2003/321 745/2004/321
f 761/2005/317 762/2006/317 758/2007/317 757/2008/317
f 770/2009/318 771/2010/318 760/2011/318 759/2012/318
f 764/2013/343 760/2014/343 771/2015/343 776/2016/343
f 763/2017/320 764/2018/320 776/2019/320 773/2020/320
f 769/2021/344 774/2022/344 761/2023/344 757/2024/344
f 774/2025/320 775/2026/320 762/2027/320 761/2028/320
f 759/2029/345 763/2030/345 773/2031/345 770/2032/345
f 771/2010/346 772/2033/346 767/2034/346 768/2035/346
f 774/2022/347 769/2021/347 770/2032/347 773/2031/347
f 775/2026/320 774/2025/320 773/2020/320 776/2019/320
f 771/2010/348 770/2009/348 769/2036/348 772/2033/348
f 757/2037/318 758/2038/318 772/2033/318 769/2036/318
f 776/2039/326 771/2040/326 768/2041/326 765/2042/326
f 772/2043/327 775/2044/327 766/2045/327 767/2046/327
f 775/2026/349 776/2019/349 765/2047/349 766/2048/349
f 792/2049/350 777/2050/350 800/2051/350 798/2052/350 796/2053/350 794/2054/350
f 779/2055/351 780/2056/351 782/2057/351 781/2058/351
f 795/2059/352 796/2060/352 798/2061/352 797/2062/352
f 781/2063/353 782/2064/353 784/2065/353 783/2066/353
f 778/2067/354 791/2068/354 793/2069/354 795/2070/354 797/2071/354 799/2072/354
f 793/2073/333 794/2074/333 796/2060/333 795/2059/333
f 783/2075/355 784/2076/355 786/2077/355 785/2078/355
f 799/2079/356 800/2080/356 777/2081/356 778/2082/356
f 791/2083/357 792/2084/357 794/2085/357 793/2086/357
f 785/2078/331 786/2077/331 788/2087/331 787/2088/331
f 782/2089/340 780/2090/340 790/2091/340 788/2092/340 786/2093/340 784/2094/340
f 778/2082/338 777/2081/338 792/2095/338 791/2096/338
f 787/2097/358 788/2098/358 790/2099/358 789/2100/358
f 797/2101/359 798/2102/359 800/2103/359 799/2104/359
f 789/2105/342 790/2106/342 780/2056/342 779/2055/342
f 779/2107/344 781/2108/344 783/2109/344 785/2110/344 787/2111/344 789/2112/344
f 819/2113/360 816/2114/360 802/2115/360 806/2116/360
f 803/2117/361 804/2118/361 808/2119/361 807/2120/361
f 811/2121/362 810/2122/362 809/2123/362 812/2124/362
f 805/2125/363 806/2126/363 802/2127/363 801/2128/363
f 814/2129/364 815/2130/364 804/2131/364 803/2132/364
f 808/2133/365 804/2134/365 815/2135/365 820/2136/365
f 807/2137/366 808/2138/366 820/2139/366 817/2140/366
f 813/2141/367 818/2142/367 805/2143/367 801/2144/367
f 818/2145/368 819/2146/368 806/2147/368 805/2148/368
f 803/2149/369 807/2150/369 817/2151/369 814/2152/369
f 815/2130/370 816/2153/370 811/2154/370 812/2155/370
f 818/2142/371 813/2141/371 814/2152/371 817/2151/371
f 819/2146/372 818/2145/372 817/2140/372 820/2139/372
f 815/2130/370 814/2129/370 813/2156/370 816/2153/370
f 801/2157/373 802/2158/373 816/2153/373 813/2156/373
f 820/2159/374 815/2160/374 812/2161/374 809/2162/374
f 816/2163/375 819/2164/375 810/2165/375 811/2166/375
f 819/2146/366 820/2139/366 809/2167/366 810/2168/366
f 847/2169/376 848/2170/376 852/2171/376 851/2172/376
f 836/2173/365 821/2174/365 844/2175/365 842/2176/365 840/2177/365 838/2178/365
f 823/2179/377 824/2180/377 826/2181/377 825/2182/377
f 855/2183/378 854/2184/378 853/2185/378 856/2186/378
f 839/2187/379 840/2188/379 842/2189/379 841/2190/379
f 825/2191/380 826/2192/380 828/2193/380 827/2194/380
f 822/2195/369 835/2196/369 837/2197/369 839/2198/369 841/2199/369 843/2200/369
f 837/2201/381 838/2202/381 840/2188/381 839/2187/381
f 827/2203/382 828/2204/382 830/2205/382 829/2206/382
f 843/2207/383 844/2208/383 821/2209/383 822/2210/383
f 835/2211/384 836/2212/384 838/2213/384 837/2214/384
f 829/2206/385 830/2205/385 832/2215/385 831/2216/385
f 826/2217/360 824/2218/360 834/2219/360 832/2220/360 830/2221/360 828/2222/360
f 822/2210/386 821/2209/386 836/2223/386 835/2224/386
f 831/2225/387 832/2226/387 834/2227/387 833/2228/387
f 863/2229/388 860/2230/388 846/2231/388 850/2232/388
f 841/2233/389 842/2234/389 844/2235/389 843/2236/389
f 833/2237/390 834/2238/390 824/2180/390 823/2179/390
f 823/2239/391 825/2240/391 827/2241/391 829/2242/391 831/2243/391 833/2244/391
f 849/2245/363 850/2246/363 846/2247/363 845/2248/363
f 858/2249/373 859/2250/373 848/2251/373 847/2252/373
f 852/2253/392 848/2254/392 859/2255/392 864/2256/392
f 851/2257/368 852/2258/368 864/2259/368 861/2260/368
f 857/2261/393 862/2262/393 849/2263/393 845/2264/393
f 862/2265/394 863/2266/394 850/2267/394 849/2268/394
f 847/2269/395 851/2270/395 861/2271/395 858/2272/395
f 859/2250/373 860/2273/373 855/2274/373 856/2275/373
f 862/2262/396 857/2261/396 858/2272/396 861/2271/396
f 863/2266/366 862/2265/366 861/2260/366 864/2259/366
f 859/2250/370 858/2249/370 857/2276/370 860/2273/370
f 845/2277/370 846/2278/370 860/2273/370 857/2276/370
f 864/2279/397 859/2280/397 856/2281/397 853/2282/397
f 860/2283/398 863/2284/398 854/2285/398 855/2286/398
f 863/2266/366 864/2259/366 853/2287/366 854/2288/366
f 880/2289/399 865/2290/399 888/2291/399 886/2292/399 884/2293/399 882/2294/399
f 867/2295/400 868/2296/400 870/2297/400 869/2298/400
f 883/2299/401 884/2300/401 886/2301/401 885/2302/401
f 869/2303/402 870/2304/402 872/2305/402 871/2306/402
f 866/2307/403 879/2308/403 881/2309/403 883/2310/403 885/2311/403 887/2312/403
f 881/2313/404 882/2314/404 884/2300/404 883/2299/404
f 871/2315/405 872/2316/405 874/2317/405 873/2318/405
f 887/2319/406 888/2320/406 865/2321/406 866/2322/406
f 879/2323/380 880/2324/380 882/2325/380 881/2326/380
f 873/2318/407 874/2317/407 876/2327/407 875/2328/407
f 870/2329/388 868/2330/388 878/2331/388 876/2332/388 874/2333/388 872/2334/388
f 866/2322/408 865/2321/408 880/2335/408 879/2336/408
f 875/2337/409 876/2338/409 878/2339/409 877/2340/409
f 885/2341/387 886/2342/387 888/2343/387 887/2344/387
f 877/2345/410 878/2346/410 868/2296/410 867/2295/410
f 867/2347/393 869/2348/393 871/2349/393 873/2350/393 875/2351/393 877/2352/393
f 899/2353/411 890/2354/411 892/2355/411 900/2356/411
f 897/2357/412 896/2358/412 894/2359/412 898/2360/412
f 891/2361/413 895/2362/413 893/2363/413 889/2364/413
f 896/2365/414 892/2366/414 890/2367/414 894/2368/414
f 901/2369/415 897/2370/415 898/2371/415 902/2372/415
f 904/2373/416 899/2374/416 900/2375/416 903/2376/416
f 895/2377/417 901/2378/417 902/2379/417 893/2380/417
f 889/2381/418 904/2382/418 903/2383/418 891/2384/418
f 915/2385/411 906/2386/411 908/2387/411 916/2388/411
f 913/2389/412 912/2390/412 910/2391/412 914/2392/412
f 907/2393/419 911/2394/419 909/2395/419 905/2396/419
f 912/2397/420 908/2398/420 906/2399/420 910/2400/420
f 917/2401/421 913/2402/421 914/2403/421 918/2404/421
f 920/2405/422 915/2406/422 916/2407/422 919/2408/422
f 911/2409/423 917/2410/423 918/2411/423 909/2412/423
f 905/2413/424 920/2414/424 919/2415/424 907/2416/424
f 939/2417/425 936/2418/425 922/2419/425 926/2420/425
f 923/2421/426 924/2422/426 928/2423/426 927/2424/426
f 931/2425/427 930/2426/427 929/2427/427 932/2428/427
f 925/2429/428 926/2430/428 922/2431/428 921/2432/428
f 934/2433/429 935/2434/429 924/2435/429 923/2436/429
f 928/2437/430 924/2438/430 935/2439/430 940/2440/430
f 927/2441/431 928/2442/431 940/2443/431 937/2444/431
f 933/2445/432 938/2446/432 925/2447/432 921/2448/432
f 938/2449/433 939/2450/433 926/2451/433 925/2452/433
f 923/2453/434 927/2454/434 937/2455/434 934/2456/434
f 935/2434/435 936/2457/435 931/2458/435 932/2459/435
f 938/2446/436 933/2445/436 934/2456/436 937/2455/436
f 939/2450/431 938/2449/431 937/2444/431 940/2443/431
f 935/2434/429 934/2433/429 933/2460/429 936/2457/429
f 921/2461/437 922/2462/437 936/2457/437 933/2460/437
f 940/2463/438 935/2464/438 932/2465/438 929/2466/438
f 936/2467/439 939/2468/439 930/2469/439 931/2470/439
f 939/2450/440 940/2443/440 929/2471/440 930/2472/440
f 967/2473/441 968/2474/441 972/2475/441 971/2476/441
f 956/2477/442 941/2478/442 964/2479/442 962/2480/442 960/2481/442 958/2482/442
f 943/2483/443 944/2484/443 946/2485/443 945/2486/443
f 975/2487/444 974/2488/444 973/2489/444 976/2490/444
f 959/2491/445 960/2492/445 962/2493/445 961/2494/445
f 945/2495/446 946/2496/446 948/2497/446 947/2498/446
f 942/2499/447 955/2500/447 957/2501/447 959/2502/447 961/2503/447 963/2504/447
f 957/2505/448 958/2506/448 960/2492/448 959/2491/448
f 947/2507/449 948/2508/449 950/2509/449 949/2510/449
f 963/2511/450 964/2512/450 941/2513/450 942/2514/450
f 955/2515/451 956/2516/451 958/2517/451 957/2518/451
f 949/2510/452 950/2509/452 952/2519/452 951/2520/452
f 946/2521/425 944/2522/425 954/2523/425 952/2524/425 950/2525/425 948/2526/425
f 942/2514/453 941/2513/453 956/2527/453 955/2528/453
f 951/2529/454 952/2530/454 954/2531/454 953/2532/454
f 983/2533/455 980/2534/455 966/2535/455 970/2536/455
f 961/2537/456 962/2538/456 964/2539/456 963/2540/456
f 953/2541/457 954/2542/457 944/2484/457 943/2483/457
f 943/2543/432 945/2544/432 947/2545/432 949/2546/432 951/2547/432 953/2548/432
f 969/2549/458 970/2550/458 966/2551/458 965/2552/458
f 978/2553/435 979/2554/435 968/2555/435 967/2556/435
f 972/2557/459 968/2558/459 979/2559/459 984/2560/459
f 971/2561/431 972/2562/431 984/2563/431 981/2564/431
f 977/2565/460 982/2566/460 969/2567/460 965/2568/460
f 982/2569/433 983/2570/433 970/2571/433 969/2572/433
f 967/2573/461 971/2574/461 981/2575/461 978/2576/461
f 979/2554/429 980/2577/429 975/2578/429 976/2579/429
f 982/2566/462 977/2565/462 978/2576/462 981/2575/462
f 983/2570/463 982/2569/463 981/2564/463 984/2563/463
f 979/2554/437 978/2553/437 977/2580/437 980/2577/437
f 965/2581/464 966/2582/464 980/2577/464 977/2580/464
f 984/2583/438 979/2584/438 976/2585/438 973/2586/438
f 980/2587/439 983/2588/439 974/2589/439 975/2590/439
f 983/2570/463 984/2563/463 973/2591/463 974/2592/463
f 1000/2593/459 985/2594/459 1008/2595/459 1006/2596/459 1004/2597/459 1002/2598/459
f 987/2599/465 988/2600/465 990/2601/465 989/2602/465
f 1003/2603/466 1004/2604/466 1006/2605/466 1005/2606/466
f 989/2607/467 990/2608/467 992/2609/467 991/2610/467
f 986/2611/461 999/2612/461 1001/2613/461 1003/2614/461 1005/2615/461 1007/2616/461
f 1001/2617/468 1002/2618/468 1004/2604/468 1003/2603/468
f 991/2619/469 992/2620/469 994/2621/469 993/2622/469
f 1007/2623/470 1008/2624/470 985/2625/470 986/2626/470
f 999/2627/446 1000/2628/446 1002/2629/446 1001/2630/446
f 993/2622/471 994/2621/471 996/2631/471 995/2632/471
f 990/2633/455 988/2634/455 998/2635/455 996/2636/455 994/2637/455 992/2638/455
f 986/2626/472 985/2625/472 1000/2639/472 999/2640/472
f 995/2641/429 996/2642/429 998/2643/429 997/2644/429
f 1005/2645/454 1006/2646/454 1008/2647/454 1007/2648/454
f 997/2649/473 998/2650/473 988/2600/473 987/2599/473
f 987/2651/460 989/2652/460 991/2653/460 993/2654/460 995/2655/460 997/2656/460
f 1027/2657/474 1024/2658/474 1010/2659/474 1014/2660/474
f 1011/2661/475 1012/2662/475 1016/2663/475 1015/2664/475
f 1019/2665/476 1018/2666/476 1017/2667/476 1020/2668/476
f 1013/2669/477 1014/2670/477 1010/2671/477 1009/2672/477
f 1022/2673/478 1023/2674/478 1012/2675/478 1011/2676/478
f 1016/2677/479 1012/2678/479 1023/2679/479 1028/2680/479
f 1015/2681/480 1016/2682/480 1028/2683/480 1025/2684/480
f 1021/2685/481 1026/2686/481 1013/2687/481 1009/2688/481
f 1026/2689/482 1027/2690/482 1014/2691/482 1013/2692/482
f 1011/2693/483 1015/2694/483 1025/2695/483 1022/2696/483
f 1023/2674/484 1024/2697/484 1019/2698/484 1020/2699/484
f 1026/2686/485 1021/2685/485 1022/2696/485 1025/2695/485
f 1027/2690/480 1026/2689/480 1025/2684/480 1028/2683/480
f 1023/2674/486 1022/2673/486 1021/2700/486 1024/2697/486
f 1009/2701/486 1010/2702/486 1024/2697/486 1021/2700/486
f 1028/2703/487 1023/2704/487 1020/2705/487 1017/2706/487
f 1024/2707/488 1027/2708/488 1018/2709/488 1019/2710/488
f 1027/2690/482 1028/2683/482 1017/2711/482 1018/2712/482
f 1055/2713/475 1056/2714/475 1060/2715/475 1059/2716/475
f 1044/2717/479 1029/2718/479 1052/2719/479 1050/2720/479 1048/2721/479 1046/2722/479
f 1031/2723/489 1032/2724/489 1034/2725/489 1033/2726/489
f 1063/2727/490 1062/2728/490 1061/2729/490 1064/2730/490
f 1047/2731/491 1048/2732/491 1050/2733/491 1049/2734/491
f 1033/2735/492 1034/2736/492 1036/2737/492 1035/2738/492
f 1030/2739/483 1043/2740/483 1045/2741/483 1047/2742/483 1049/2743/483 1051/2744/483
f 1045/2745/493 1046/2746/493 1048/2732/493 1047/2731/493
f 1035/2747/494 1036/2748/494 1038/2749/494 1037/2750/494
f 1051/2751/495 1052/2752/495 1029/2753/495 1030/2754/495
f 1043/2755/496 1044/2756/496 1046/2757/496 1045/2758/496
f 1037/2750/497 1038/2749/497 1040/2759/497 1039/2760/497
f 1034/2761/474 1032/2762/474 1042/2763/474 1040/2764/474 1038/2765/474 1036/2766/474
f 1030/2754/498 1029/2753/498 1044/2767/498 1043/2768/498
f 1039/2769/499 1040/2770/499 1042/2771/499 1041/2772/499
f 1071/2773/500 1068/2774/500 1054/2775/500 1058/2776/500
f 1049/2777/501 1050/2778/501 1052/2779/501 1051/2780/501
f 1041/2781/502 1042/2782/502 1032/2724/502 1031/2723/502
f 1031/2783/481 1033/2784/481 1035/2785/481 1037/2786/481 1039/2787/481 1041/2788/481
f 1057/2789/477 1058/2790/477 1054/2791/477 1053/2792/477
f 1066/2793/484 1067/2794/484 1056/2795/484 1055/2796/484
f 1060/2797/503 1056/2798/503 1067/2799/503 1072/2800/503
f 1059/2801/504 1060/2802/504 1072/2803/504 1069/2804/504
f 1065/2805/505 1070/2806/505 1057/2807/505 1053/2808/505
f 1070/2809/506 1071/2810/506 1058/2811/506 1057/2812/506
f 1055/2813/507 1059/2814/507 1069/2815/507 1066/2816/507
f 1067/2794/478 1068/2817/478 1063/2818/478 1064/2819/478
f 1070/2806/508 1065/2805/508 1066/2816/508 1069/2815/508
f 1071/2810/480 1070/2809/480 1069/2804/480 1072/2803/480
f 1067/2794/509 1066/2793/509 1065/2820/509 1068/2817/509
f 1053/2821/484 1054/2822/484 1068/2817/484 1065/2820/484
f 1072/2823/487 1067/2824/487 1064/2825/487 1061/2826/487
f 1068/2827/488 1071/2828/488 1062/2829/488 1063/2830/488
f 1071/2810/482 1072/2803/482 1061/2831/482 1062/2832/482
f 1088/2833/503 1073/2834/503 1096/2835/503 1094/2836/503 1092/2837/503 1090/2838/503
f 1075/2839/510 1076/2840/510 1078/2841/510 1077/2842/510
f 1091/2843/511 1092/2844/511 1094/2845/511 1093/2846/511
f 1077/2847/512 1078/2848/512 1080/2849/512 1079/2850/512
f 1074/2851/507 1087/2852/507 1089/2853/507 1091/2854/507 1093/2855/507 1095/2856/507
f 1089/2857/513 1090/2858/513 1092/2844/513 1091/2843/513
f 1079/2859/514 1080/2860/514 1082/2861/514 1081/2862/514
f 1095/2863/515 1096/2864/515 1073/2865/515 1074/2866/515
f 1087/2867/516 1088/2868/516 1090/2869/516 1089/2870/516
f 1081/2862/517 1082/2861/517 1084/2871/517 1083/2872/517
f 1078/2873/500 1076/2874/500 1086/2875/500 1084/2876/500 1082/2877/500 1080/2878/500
f 1074/2866/518 1073/2865/518 1088/2879/518 1087/2880/518
f 1083/2881/519 1084/2882/519 1086/2883/519 1085/2884/519
f 1093/2885/499 1094/2886/499 1096/2887/499 1095/2888/499
f 1085/2889/520 1086/2890/520 1076/2840/520 1075/2839/520
f 1075/2891/505 1077/2892/505 1079/2893/505 1081/2894/505 1083/2895/505 1085/2896/505
f 1115/2897/521 1112/2898/521 1098/2899/521 1102/2900/521
f 1099/2901/522 1100/2902/522 1104/2903/522 1103/2904/522
f 1107/2905/523 1106/2906/523 1105/2907/523 1108/2908/523
f 1101/2909/524 1102/2910/524 1098/2911/524 1097/2912/524
f 1110/2913/525 1111/2914/525 1100/2915/525 1099/2916/525
f 1104/2917/526 1100/2918/526 1111/2919/526 1116/2920/526
f 1103/2921/527 1104/2922/527 1116/2923/527 1113/2924/527
f 1109/2925/528 1114/2926/528 1101/2927/528 1097/2928/528
f 1114/2929/529 1115/2930/529 1102/2931/529 1101/2932/529
f 1099/2933/530 1103/2934/530 1113/2935/530 1110/2936/530
f 1111/2914/531 1112/2937/531 1107/2938/531 1108/2939/531
f 1114/2926/532 1109/2925/532 1110/2936/532 1113/2935/532
f 1115/2930/533 1114/2929/533 1113/2924/533 1116/2923/533
f 1111/2914/525 1110/2913/525 1109/2940/525 1112/2937/525
f 1097/2941/525 1098/2942/525 1112/2937/525 1109/2940/525
f 1116/2943/534 1111/2944/534 1108/2945/534 1105/2946/534
f 1112/2947/535 1115/2948/535 1106/2949/535 1107/2950/535
f 1115/2930/536 1116/2923/536 1105/2951/536 1106/2952/536
f 1143/2953/537 1144/2954/537 1148/2955/537 1147/2956/537
f 1132/2957/538 1117/2958/538 1140/2959/538 1138/2960/538 1136/2961/538 1134/2962/538
f 1119/2963/539 1120/2964/539 1122/2965/539 1121/2966/539
f 1151/2967/540 1150/2968/540 1149/2969/540 1152/2970/540
f 1135/2971/541 1136/2972/541 1138/2973/541 1137/2974/541
f 1121/2975/542 1122/2976/542 1124/2977/542 1123/2978/542
f 1118/2979/543 1131/2980/543 1133/2981/543 1135/2982/543 1137/2983/543 1139/2984/543
f 1133/2985/544 1134/2986/544 1136/2972/544 1135/2971/544
f 1123/2987/545 1124/2988/545 1126/2989/545 1125/2990/545
f 1139/2991/546 1140/2992/546 1117/2993/546 1118/2994/546
f 1131/2995/547 1132/2996/547 1134/2997/547 1133/2998/547
f 1125/2990/548 1126/2989/548 1128/2999/548 1127/3000/548
f 1122/3001/549 1120/3002/549 1130/3003/549 1128/3004/549 1126/3005/549 1124/3006/549
f 1118/2994/550 1117/2993/550 1132/3007/550 1131/3008/550
f 1127/3009/551 1128/3010/551 1130/3011/551 1129/3012/551
f 1159/3013/552 1156/3014/552 1142/3015/552 1146/3016/552
f 1137/3017/553 1138/3018/553 1140/3019/553 1139/3020/553
f 1129/3021/554 1130/3022/554 1120/2964/554 1119/2963/554
f 1119/3023/555 1121/3024/555 1123/3025/555 1125/3026/555 1127/3027/555 1129/3028/555
f 1145/3029/556 1146/3030/556 1142/3031/556 1141/3032/556
f 1154/3033/531 1155/3034/531 1144/3035/531 1143/3036/531
f 1148/3037/557 1144/3038/557 1155/3039/557 1160/3040/557
f 1147/3041/529 1148/3042/529 1160/3043/529 1157/3044/529
f 1153/3045/558 1158/3046/558 1145/3047/558 1141/3048/558
f 1158/3049/529 1159/3050/529 1146/3051/529 1145/3052/529
f 1143/3053/559 1147/3054/559 1157/3055/559 1154/3056/559
f 1155/3034/531 1156/3057/531 1151/3058/531 1152/3059/531
f 1158/3046/560 1153/3045/560 1154/3056/560 1157/3055/560
f 1159/3050/529 1158/3049/529 1157/3044/529 1160/3043/529
f 1155/3034/561 1154/3033/561 1153/3060/561 1156/3057/561
f 1141/3061/531 1142/3062/531 1156/3057/531 1153/3060/531
f 1160/3063/562 1155/3064/562 1152/3065/562 1149/3066/562
f 1156/3067/535 1159/3068/535 1150/3069/535 1151/3070/535
f 1159/3050/527 1160/3043/527 1149/3071/527 1150/3072/527
f 1176/3073/563 1161/3074/563 1184/3075/563 1182/3076/563 1180/3077/563 1178/3078/563
f 1163/3079/564 1164/3080/564 1166/3081/564 1165/3082/564
f 1179/3083/565 1180/3084/565 1182/3085/565 1181/3086/565
f 1165/3087/566 1166/3088/566 1168/3089/566 1167/3090/566
f 1162/3091/567 1175/3092/567 1177/3093/567 1179/3094/567 1181/3095/567 1183/3096/567
f 1177/3097/568 1178/3098/568 1180/3084/568 1179/3083/568
f 1167/3099/569 1168/3100/569 1170/3101/569 1169/3102/569
f 1183/3103/570 1184/3104/570 1161/3105/570 1162/3106/570
f 1175/3107/571 1176/3108/571 1178/3109/571 1177/3110/571
f 1169/3102/572 1170/3101/572 1172/3111/572 1171/3112/572
f 1166/3113/573 1164/3114/573 1174/3115/573 1172/3116/573 1170/3117/573 1168/3118/573
f 1162/3106/574 1161/3105/574 1176/3119/574 1175/3120/574
f 1171/3121/575 1172/3122/575 1174/3123/575 1173/3124/575
f 1181/3125/551 1182/3126/551 1184/3127/551 1183/3128/551
f 1173/3129/576 1174/3130/576 1164/3080/576 1163/3079/576
f 1163/3131/577 1165/3132/577 1167/3133/577 1169/3134/577 1171/3135/577 1173/3136/577
f 1195/3137/578 1186/3138/578 1188/3139/578 1196/3140/578
f 1193/3141/579 1192/3142/579 1190/3143/579 1194/3144/579
f 1187/3145/580 1191/3146/580 1189/3147/580 1185/3148/580
f 1192/3149/581 1188/3150/581 1186/3151/581 1190/3152/581
f 1197/3153/582 1193/3154/582 1194/3155/582 1198/3156/582
f 1200/3157/583 1195/3158/583 1196/3159/583 1199/3160/583
f 1191/3161/584 1197/3162/584 1198/3163/584 1189/3164/584
f 1185/3165/585 1200/3166/585 1199/3167/585 1187/3168/585
f 1211/3169/578 1202/3170/578 1204/3171/578 1212/3172/578
f 1209/3173/586 1208/3174/586 1206/3175/586 1210/3176/586
f 1203/3177/587 1207/3178/587 1205/3179/587 1201/3180/587
f 1208/3181/588 1204/3182/588 1202/3183/588 1206/3184/588
f 1213/3185/589 1209/3186/589 1210/3187/589 1214/3188/589
f 1216/3189/590 1211/3190/590 1212/3191/590 1215/3192/590
f 1207/3193/591 1213/3194/591 1214/3195/591 1205/3196/591
f 1201/3197/592 1216/3198/592 1215/3199/592 1203/3200/592
f 1235/3201/593 1232/3202/593 1218/3203/593 1222/3204/593
f 1219/3205/594 1220/3206/594 1224/3207/594 1223/3208/594
f 1227/3209/595 1226/3210/595 1225/3211/595 1228/3212/595
f 1221/3213/596 1222/3214/596 1218/3215/596 1217/3216/596
f 1230/3217/597 1231/3218/597 1220/3219/597 1219/3220/597
f 1224/3221/598 1220/3222/598 1231/3223/598 1236/3224/598
f 1223/3225/599 1224/3226/599 1236/3227/599 1233/3228/599
f 1229/3229/600 1234/3230/600 1221/3231/600 1217/3232/600
f 1234/3233/601 1235/3234/601 1222/3235/601 1221/3236/601
f 1219/3237/602 1223/3238/602 1233/3239/602 1230/3240/602
f 1231/3218/603 1232/3241/603 1227/3242/603 1228/3243/603
f 1234/3230/604 1229/3229/604 1230/3240/604 1233/3239/604
f 1235/3234/605 1234/3233/605 1233/3228/605 1236/3227/605
f 1231/3218/597 1230/3217/597 1229/3244/597 1232/3241/597
f 1217/3245/597 1218/3246/597 1232/3241/597 1229/3244/597
f 1236/3247/606 1231/3248/606 1228/3249/606 1225/3250/606
f 1232/3251/607 1235/3252/607 1226/3253/607 1227/3254/607
f 1235/3234/608 1236/3227/608 1225/3255/608 1226/3256/608
f 1263/3257/594 1264/3258/594 1268/3259/594 1267/3260/594
f 1252/3261/598 1237/3262/598 1260/3263/598 1258/3264/598 1256/3265/598 1254/3266/598
f 1239/3267/609 1240/3268/609 1242/3269/609 1241/3270/609
f 1271/3271/610 1270/3272/610 1269/3273/610 1272/3274/610
f 1255/3275/611 1256/3276/611 1258/3277/611 1257/3278/611
f 1241/3279/612 1242/3280/612 1244/3281/612 1243/3282/612
f 1238/3283/602 1251/3284/602 1253/3285/602 1255/3286/602 1257/3287/602 1259/3288/602
f 1253/3289/613 1254/3290/613 1256/3276/613 1255/3275/613
f 1243/3291/614 1244/3292/614 1246/3293/614 1245/3294/614
f 1259/3295/615 1260/3296/615 1237/3297/615 1238/3298/615
f 1251/3299/612 1252/3300/612 1254/3301/612 1253/3302/612
f 1245/3294/616 1246/3293/616 1248/3303/616 1247/3304/616
f 1242/3305/617 1240/3306/617 1250/3307/617 1248/3308/617 1246/3309/617 1244/3310/617
f 1238/3298/618 1237/3297/618 1252/3311/618 1251/3312/618
f 1247/3313/619 1248/3314/619 1250/3315/619 1249/3316/619
f 1279/3317/620 1276/3318/620 1262/3319/620 1266/3320/620
f 1257/3321/621 1258/3322/621 1260/3323/621 1259/3324/621
f 1249/3325/622 1250/3326/622 1240/3268/622 1239/3267/622
f 1239/3327/623 1241/3328/623 1243/3329/623 1245/3330/623 1247/3331/623 1249/3332/623
f 1265/3333/596 1266/3334/596 1262/3335/596 1261/3336/596
f 1274/3337/624 1275/3338/624 1264/3339/624 1263/3340/624
f 1268/3341/625 1264/3342/625 1275/3343/625 1280/3344/625
f 1267/3345/599 1268/3346/599 1280/3347/599 1277/3348/599
f 1273/3349/626 1278/3350/626 1265/3351/626 1261/3352/626
f 1278/3353/601 1279/3354/601 1266/3355/601 1265/3356/601
f 1263/3357/627 1267/3358/627 1277/3359/627 1274/3360/627
f 1275/3338/628 1276/3361/628 1271/3362/628 1272/3363/628
f 1278/3350/629 1273/3349/629 1274/3360/629 1277/3359/629
f 1279/3354/599 1278/3353/599 1277/3348/599 1280/3347/599
f 1275/3338/624 1274/3337/624 1273/3364/624 1276/3361/624
f 1261/3365/603 1262/3366/603 1276/3361/603 1273/3364/603
f 1280/3367/630 1275/3368/630 1272/3369/630 1269/3370/630
f 1276/3371/607 1279/3372/607 1270/3373/607 1271/3374/607
f 1279/3354/605 1280/3347/605 1269/3375/605 1270/3376/605
f 1296/3377/625 1281/3378/625 1304/3379/625 1302/3380/625 1300/3381/625 1298/3382/625
f 1283/3383/631 1284/3384/631 1286/3385/631 1285/3386/631
f 1299/3387/632 1300/3388/632 1302/3389/632 1301/3390/632
f 1285/3391/633 1286/3392/633 1288/3393/633 1287/3394/633
f 1282/3395/627 1295/3396/627 1297/3397/627 1299/3398/627 1301/3399/627 1303/3400/627
f 1297/3401/634 1298/3402/634 1300/3388/634 1299/3387/634
f 1287/3403/635 1288/3404/635 1290/3405/635 1289/3406/635
f 1303/3407/636 1304/3408/636 1281/3409/636 1282/3410/636
f 1295/3411/637 1296/3412/637 1298/3413/637 1297/3414/637
f 1289/3406/638 1290/3405/638 1292/3415/638 1291/3416/638
f 1286/3417/620 1284/3418/620 1294/3419/620 1292/3420/620 1290/3421/620 1288/3422/620
f 1282/3410/639 1281/3409/639 1296/3423/639 1295/3424/639
f 1291/3425/640 1292/3426/640 1294/3427/640 1293/3428/640
f 1301/3429/621 1302/3430/621 1304/3431/621 1303/3432/621
f 1293/3433/641 1294/3434/641 1284/3384/641 1283/3383/641
f 1283/3435/626 1285/3436/626 1287/3437/626 1289/3438/626 1291/3439/626 1293/3440/626
f 1323/3441/642 1320/3442/642 1306/3443/642 1310/3444/642
f 1307/3445/643 1308/3446/643 1312/3447/643 1311/3448/643
f 1315/3449/644 1314/3450/644 1313/3451/644 1316/3452/644
f 1309/3453/645 1310/3454/645 1306/3455/645 1305/3456/645
f 1318/3457/646 1319/3458/646 1308/3459/646 1307/3460/646
f 1312/3461/647 1308/3462/647 1319/3463/647 1324/3464/647
f 1311/3465/648 1312/3466/648 1324/3467/648 1321/3468/648
f 1317/3469/649 1322/3470/649 1309/3471/649 1305/3472/649
f 1322/3473/650 1323/3474/650 1310/3475/650 1309/3476/650
f 1307/3477/651 1311/3478/651 1321/3479/651 1318/3480/651
f 1319/3458/652 1320/3481/652 1315/3482/652 1316/3483/652
f 1322/3470/653 1317/3469/653 1318/3480/653 1321/3479/653
f 1323/3474/654 1322/3473/654 1321/3468/654 1324/3467/654
f 1319/3458/646 1318/3457/646 1317/3484/646 1320/3481/646
f 1305/3485/646 1306/3486/646 1320/3481/646 1317/3484/646
f 1324/3487/643 1319/3488/643 1316/3489/643 1313/3490/643
f 1320/3491/655 1323/3492/655 1314/3493/655 1315/3494/655
f 1323/3474/654 1324/3467/654 1313/3495/654 1314/3496/654
f 1351/3497/643 1352/3498/643 1356/3499/643 1355/3500/643
f 1340/3501/647 1325/3502/647 1348/3503/647 1346/3504/647 1344/3505/647 1342/3506/647
f 1327/3507/656 1328/3508/656 1330/3509/656 1329/3510/656
f 1359/3511/657 1358/3512/657 1357/3513/657 1360/3514/657
f 1343/3515/658 1344/3516/658 1346/3517/658 1345/3518/658
f 1329/3519/659 1330/3520/659 1332/3521/659 1331/3522/659
f 1326/3523/651 1339/3524/651 1341/3525/651 1343/3526/651 1345/3527/651 1347/3528/651
f 1341/3529/660 1342/3530/660 1344/3516/660 1343/3515/660
f 1331/3531/661 1332/3532/661 1334/3533/661 1333/3534/661
f 1347/3535/662 1348/3536/662 1325/3537/662 1326/3538/662
f 1339/3539/663 1340/3540/663 1342/3541/663 1341/3542/663
f 1333/3534/664 1334/3533/664 1336/3543/664 1335/3544/664
f 1330/3545/642 1328/3546/642 1338/3547/642 1336/3548/642 1334/3549/642 1332/3550/642
f 1326/3538/665 1325/3537/665 1340/3551/665 1339/3552/665
f 1335/3553/666 1336/3554/666 1338/3555/666 1337/3556/666
f 1367/3557/667 1364/3558/667 1350/3559/667 1354/3560/667
f 1345/3561/668 1346/3562/668 1348/3563/668 1347/3564/668
f 1337/3565/669 1338/3566/669 1328/3508/669 1327/3507/669
f 1327/3567/649 1329/3568/649 1331/3569/649 1333/3570/649 1335/3571/649 1337/3572/649
f 1353/3573/655 1354/3574/655 1350/3575/655 1349/3576/655
f 1362/3577/646 1363/3578/646 1352/3579/646 1351/3580/646
f 1356/3581/670 1352/3582/670 1363/3583/670 1368/3584/670
f 1355/3585/654 1356/3586/654 1368/3587/654 1365/3588/654
f 1361/3589/671 1366/3590/671 1353/3591/671 1349/3592/671
f 1366/3593/654 1367/3594/654 1354/3595/654 1353/3596/654
f 1351/3597/672 1355/3598/672 1365/3599/672 1362/3600/672
f 1363/3578/652 1364/3601/652 1359/3602/652 1360/3603/652
f 1366/3590/673 1361/3589/673 1362/3600/673 1365/3599/673
f 1367/3594/654 1366/3593/654 1365/3588/654 1368/3587/654
f 1363/3578/646 1362/3577/646 1361/3604/646 1364/3601/646
f 1349/3605/646 1350/3606/646 1364/3601/646 1361/3604/646
f 1368/3607/674 1363/3608/674 1360/3609/674 1357/3610/674
f 1364/3611/675 1367/3612/675 1358/3613/675 1359/3614/675
f 1367/3594/654 1368/3587/654 1357/3615/654 1358/3616/654
f 1384/3617/670 1369/3618/670 1392/3619/670 1390/3620/670 1388/3621/670 1386/3622/670
f 1371/3623/676 1372/3624/676 1374/3625/676 1373/3626/676
f 1387/3627/677 1388/3628/677 1390/3629/677 1389/3630/677
f 1373/3631/678 1374/3632/678 1376/3633/678 1375/3634/678
f 1370/3635/672 1383/3636/672 1385/3637/672 1387/3638/672 1389/3639/672 1391/3640/672
f 1385/3641/679 1386/3642/679 1388/3628/679 1387/3627/679
f 1375/3643/680 1376/3644/680 1378/3645/680 1377/3646/680
f 1391/3647/681 1392/3648/681 1369/3649/681 1370/3650/681
f 1383/3651/678 1384/3652/678 1386/3653/678 1385/3654/678
f 1377/3646/682 1378/3645/682 1380/3655/682 1379/3656/682
f 1374/3657/667 1372/3658/667 1382/3659/667 1380/3660/667 1378/3661/667 1376/3662/667
f 1370/3650/683 1369/3649/683 1384/3663/683 1383/3664/683
f 1379/3665/666 1380/3666/666 1382/3667/666 1381/3668/666
f 1389/3669/668 1390/3670/668 1392/3671/668 1391/3672/668
f 1381/3673/684 1382/3674/684 1372/3624/684 1371/3623/684
f 1371/3675/671 1373/3676/671 1375/3677/671 1377/3678/671 1379/3679/671 1381/3680/671
f 1411/3681/685 1408/3682/685 1394/3683/685 1398/3684/685
f 1395/3685/686 1396/3686/686 1400/3687/686 1399/3688/686
f 1403/3689/687 1402/3690/687 1401/3691/687 1404/3692/687
f 1397/3693/688 1398/3694/688 1394/3695/688 1393/3696/688
f 1406/3697/689 1407/3698/689 1396/3699/689 1395/3700/689
f 1400/3701/690 1396/3702/690 1407/3703/690 1412/3704/690
f 1399/3705/691 1400/3706/691 1412/3707/691 1409/3708/691
f 1405/3709/692 1410/3710/692 1397/3711/692 1393/3712/692
f 1410/3713/693 1411/3714/693 1398/3715/693 1397/3716/693
f 1395/3717/694 1399/3718/694 1409/3719/694 1406/3720/694
f 1407/3698/695 1408/3721/695 1403/3722/695 1404/3723/695
f 1410/3710/696 1405/3709/696 1406/3720/696 1409/3719/696
f 1411/3714/691 1410/3713/691 1409/3708/691 1412/3707/691
f 1407/3698/697 1406/3697/697 1405/3724/697 1408/3721/697
f 1393/3725/697 1394/3726/697 1408/3721/697 1405/3724/697
f 1412/3727/698 1407/3728/698 1404/3729/698 1401/3730/698
f 1408/3731/699 1411/3732/699 1402/3733/699 1403/3734/699
f 1411/3714/693 1412/3707/693 1401/3735/693 1402/3736/693
f 1439/3737/686 1440/3738/686 1444/3739/686 1443/3740/686
f 1428/3741/690 1413/3742/690 1436/3743/690 1434/3744/690 1432/3745/690 1430/3746/690
f 1415/3747/700 1416/3748/700 1418/3749/700 1417/3750/700
f 1447/3751/701 1446/3752/701 1445/3753/701 1448/3754/701
f 1431/3755/702 1432/3756/702 1434/3757/702 1433/3758/702
f 1417/3759/703 1418/3760/703 1420/3761/703 1419/3762/703
f 1414/3763/694 1427/3764/694 1429/3765/694 1431/3766/694 1433/3767/694 1435/3768/694
f 1429/3769/704 1430/3770/704 1432/3756/704 1431/3755/704
f 1419/3771/705 1420/3772/705 1422/3773/705 1421/3774/705
f 1435/3775/706 1436/3776/706 1413/3777/706 1414/3778/706
f 1427/3779/707 1428/3780/707 1430/3781/707 1429/3782/707
f 1421/3774/708 1422/3773/708 1424/3783/708 1423/3784/708
f 1418/3785/685 1416/3786/685 1426/3787/685 1424/3788/685 1422/3789/685 1420/3790/685
f 1414/3778/709 1413/3777/709 1428/3791/709 1427/3792/709
f 1423/3793/710 1424/3794/710 1426/3795/710 1425/3796/710
f 1455/3797/711 1452/3798/711 1438/3799/711 1442/3800/711
f 1433/3801/712 1434/3802/712 1436/3803/712 1435/3804/712
f 1425/3805/713 1426/3806/713 1416/3748/713 1415/3747/713
f 1415/3807/692 1417/3808/692 1419/3809/692 1421/3810/692 1423/3811/692 1425/3812/692
f 1441/3813/688 1442/3814/688 1438/3815/688 1437/3816/688
f 1450/3817/697 1451/3818/697 1440/3819/697 1439/3820/697
f 1444/3821/714 1440/3822/714 1451/3823/714 1456/3824/714
f 1443/3825/715 1444/3826/715 1456/3827/715 1453/3828/715
f 1449/3829/716 1454/3830/716 1441/3831/716 1437/3832/716
f 1454/3833/693 1455/3834/693 1442/3835/693 1441/3836/693
f 1439/3837/717 1443/3838/717 1453/3839/717 1450/3840/717
f 1451/3818/689 1452/3841/689 1447/3842/689 1448/3843/689
f 1454/3830/718 1449/3829/718 1450/3840/718 1453/3839/718
f 1455/3834/715 1454/3833/715 1453/3828/715 1456/3827/715
f 1451/3818/695 1450/3817/695 1449/3844/695 1452/3841/695
f 1437/3845/697 1438/3846/697 1452/3841/697 1449/3844/697
f 1456/3847/698 1451/3848/698 1448/3849/698 1445/3850/698
f 1452/3851/688 1455/3852/688 1446/3853/688 1447/3854/688
f 1455/3834/691 1456/3827/691 1445/3855/691 1446/3856/691
f 1472/3857/714 1457/3858/714 1480/3859/714 1478/3860/714 1476/3861/714 1474/3862/714
f 1459/3863/719 1460/3864/719 1462/3865/719 1461/3866/719
f 1475/3867/720 1476/3868/720 1478/3869/720 1477/3870/720
f 1461/3871/721 1462/3872/721 1464/3873/721 1463/3874/721
f 1458/3875/717 1471/3876/717 1473/3877/717 1475/3878/717 1477/3879/717 1479/3880/717
f 1473/3881/722 1474/3882/722 1476/3868/722 1475/3867/722
f 1463/3883/723 1464/3884/723 1466/3885/723 1465/3886/723
f 1479/3887/724 1480/3888/724 1457/3889/724 1458/3890/724
f 1471/3891/707 1472/3892/707 1474/3893/707 1473/3894/707
f 1465/3886/725 1466/3885/725 1468/3895/725 1467/3896/725
f 1462/3897/711 1460/3898/711 1470/3899/711 1468/3900/711 1466/3901/711 1464/3902/711
f 1458/3890/726 1457/3889/726 1472/3903/726 1471/3904/726
f 1467/3905/710 1468/3906/710 1470/3907/710 1469/3908/710
f 1477/3909/712 1478/3910/712 1480/3911/712 1479/3912/712
f 1469/3913/727 1470/3914/727 1460/3864/727 1459/3863/727
f 1459/3915/716 1461/3916/716 1463/3917/716 1465/3918/716 1467/3919/716 1469/3920/716
f 1491/3921/728 1482/3922/728 1484/3923/728 1492/3924/728
f 1489/3925/729 1488/3926/729 1486/3927/729 1490/3928/729
f 1483/3929/730 1487/3930/730 1485/3931/730 1481/3932/730
f 1488/3933/731 1484/3934/731 1482/3935/731 1486/3936/731
f 1493/3937/732 1489/3938/732 1490/3939/732 1494/3940/732
f 1496/3941/733 1491/3942/733 1492/3943/733 1495/3944/733
f 1487/3945/734 1493/3946/734 1494/3947/734 1485/3948/734
f 1481/3949/735 1496/3950/735 1495/3951/735 1483/3952/735
f 1507/3953/736 1498/3954/736 1500/3955/736 1508/3956/736
f 1505/3957/737 1504/3958/737 1502/3959/737 1506/3960/737
f 1499/3961/738 1503/3962/738 1501/3963/738 1497/3964/738
f 1504/3965/739 1500/3966/739 1498/3967/739 1502/3968/739
f 1509/3969/740 1505/3970/740 1506/3971/740 1510/3972/740
f 1512/3973/741 1507/3974/741 1508/3975/741 1511/3976/741
f 1503/3977/742 1509/3978/742 1510/3979/742 1501/3980/742
f 1497/3981/743 1512/3982/743 1511/3983/743 1499/3984/743
f 1531/3985/744 1528/3986/744 1514/3987/744 1518/3988/744
f 1515/3989/745 1516/3990/745 1520/3991/745 1519/3992/745
f 1523/3993/746 1522/3994/746 1521/3995/746 1524/3996/746
f 1517/3997/747 1518/3998/747 1514/3999/747 1513/4000/747
f 1526/4001/748 1527/4002/748 1516/4003/748 1515/4004/748
f 1520/4005/746 1516/4006/746 1527/4007/746 1532/4008/746
f 1519/4009/749 1520/4010/749 1532/4011/749 1529/4012/749
f 1525/4013/750 1530/4014/750 1517/4015/750 1513/4016/750
f 1530/4017/751 1531/4018/751 1518/4019/751 1517/4020/751
f 1515/4021/752 1519/4022/752 1529/4023/752 1526/4024/752
f 1527/4002/748 1528/4025/748 1523/4026/748 1524/4027/748
f 1530/4014/752 1525/4013/752 1526/4024/752 1529/4023/752
f 1531/4018/751 1530/4017/751 1529/4012/751 1532/4011/751
f 1527/4002/753 1526/4001/753 1525/4028/753 1528/4025/753
f 1513/4029/748 1514/4030/748 1528/4025/748 1525/4028/748
f 1532/4031/754 1527/4032/754 1524/4033/754 1521/4034/754
f 1528/4035/747 1531/4036/747 1522/4037/747 1523/4038/747
f 1531/4018/749 1532/4011/749 1521/4039/749 1522/4040/749
f 1559/4041/754 1560/4042/754 1564/4043/754 1563/4044/754
f 1548/4045/746 1533/4046/746 1556/4047/746 1554/4048/746 1552/4049/746 1550/4050/746
f 1535/4051/755 1536/4052/755 1538/4053/755 1537/4054/755
f 1567/4055/756 1566/4056/756 1565/4057/756 1568/4058/756
f 1551/4059/757 1552/4060/757 1554/4061/757 1553/4062/757
f 1537/4063/758 1538/4064/758 1540/4065/758 1539/4066/758
f 1534/4067/752 1547/4068/752 1549/4069/752 1551/4070/752 1553/4071/752 1555/4072/752
f 1549/4073/759 1550/4074/759 1552/4060/759 1551/4059/759
f 1539/4075/760 1540/4076/760 1542/4077/760 1541/4078/760
f 1555/4079/761 1556/4080/761 1533/4081/761 1534/4082/761
f 1547/4083/762 1548/4084/762 1550/4085/762 1549/4086/762
f 1541/4078/763 1542/4077/763 1544/4087/763 1543/4088/763
f 1538/4089/744 1536/4090/744 1546/4091/744 1544/4092/744 1542/4093/744 1540/4094/744
f 1534/4082/764 1533/4081/764 1548/4095/764 1547/4096/764
f 1543/4097/765 1544/4098/765 1546/4099/765 1545/4100/765
f 1575/4101/766 1572/4102/766 1558/4103/766 1562/4104/766
f 1553/4105/767 1554/4106/767 1556/4107/767 1555/4108/767
f 1545/4109/768 1546/4110/768 1536/4052/768 1535/4051/768
f 1535/4111/750 1537/4112/750 1539/4113/750 1541/4114/750 1543/4115/750 1545/4116/750
f 1561/4117/769 1562/4118/769 1558/4119/769 1557/4120/769
f 1570/4121/753 1571/4122/753 1560/4123/753 1559/4124/753
f 1564/4125/770 1560/4126/770 1571/4127/770 1576/4128/770
f 1563/4129/749 1564/4130/749 1576/4131/749 1573/4132/749
f 1569/4133/771 1574/4134/771 1561/4135/771 1557/4136/771
f 1574/4137/749 1575/4138/749 1562/4139/749 1561/4140/749
f 1559/4141/772 1563/4142/772 1573/4143/772 1570/4144/772
f 1571/4122/753 1572/4145/753 1567/4146/753 1568/4147/753
f 1574/4134/773 1569/4133/773 1570/4144/773 1573/4143/773
f 1575/4138/749 1574/4137/749 1573/4132/749 1576/4131/749
f 1571/4122/748 1570/4121/748 1569/4148/748 1572/4145/748
f 1557/4149/753 1558/4150/753 1572/4145/753 1569/4148/753
f 1576/4151/774 1571/4152/774 1568/4153/774 1565/4154/774
f 1572/4155/769 1575/4156/769 1566/4157/769 1567/4158/769
f 1575/4138/751 1576/4131/751 1565/4159/751 1566/4160/751
f 1592/4161/770 1577/4162/770 1600/4163/770 1598/4164/770 1596/4165/770 1594/4166/770
f 1579/4167/775 1580/4168/775 1582/4169/775 1581/4170/775
f 1595/4171/776 1596/4172/776 1598/4173/776 1597/4174/776
f 1581/4175/777 1582/4176/777 1584/4177/777 1583/4178/777
f 1578/4179/772 1591/4180/772 1593/4181/772 1595/4182/772 1597/4183/772 1599/4184/772
f 1593/4185/778 1594/4186/778 1596/4172/778 1595/4171/778
f 1583/4187/779 1584/4188/779 1586/4189/779 1585/4190/779
f 1599/4191/780 1600/4192/780 1577/4193/780 1578/4194/780
f 1591/4195/781 1592/4196/781 1594/4197/781 1593/4198/781
f 1585/4190/782 1586/4189/782 1588/4199/782 1587/4200/782
f 1582/4201/766 1580/4202/766 1590/4203/766 1588/4204/766 1586/4205/766 1584/4206/766
f 1578/4194/783 1577/4193/783 1592/4207/783 1591/4208/783
f 1587/4209/765 1588/4210/765 1590/4211/765 1589/4212/765
f 1597/4213/767 1598/4214/767 1600/4215/767 1599/4216/767
f 1589/4217/784 1590/4218/784 1580/4168/784 1579/4167/784
f 1579/4219/771 1581/4220/771 1583/4221/771 1585/4222/771 1587/4223/771 1589/4224/771
f 1619/4225/785 1616/4226/785 1602/4227/785 1606/4228/785
f 1603/4229/786 1604/4230/786 1608/4231/786 1607/4232/786
f 1611/4233/787 1610/4234/787 1609/4235/787 1612/4236/787
f 1605/4237/788 1606/4238/788 1602/4239/788 1601/4240/788
f 1614/4241/789 1615/4242/789 1604/4243/789 1603/4244/789
f 1608/4245/790 1604/4246/790 1615/4247/790 1620/4248/790
f 1607/4249/791 1608/4250/791 1620/4251/791 1617/4252/791
f 1613/4253/792 1618/4254/792 1605/4255/792 1601/4256/792
f 1618/4257/793 1619/4258/793 1606/4259/793 1605/4260/793
f 1603/4261/794 1607/4262/794 1617/4263/794 1614/4264/794
f 1615/4242/789 1616/4265/789 1611/4266/789 1612/4267/789
f 1618/4254/795 1613/4253/795 1614/4264/795 1617/4263/795
f 1619/4258/791 1618/4257/791 1617/4252/791 1620/4251/791
f 1615/4242/796 1614/4241/796 1613/4268/796 1616/4265/796
f 1601/4269/789 1602/4270/789 1616/4265/789 1613/4268/789
f 1620/4271/797 1615/4272/797 1612/4273/797 1609/4274/797
f 1616/4275/798 1619/4276/798 1610/4277/798 1611/4278/798
f 1619/4258/793 1620/4251/793 1609/4279/793 1610/4280/793
f 1647/4281/799 1648/4282/799 1652/4283/799 1651/4284/799
f 1636/4285/800 1621/4286/800 1644/4287/800 1642/4288/800 1640/4289/800 1638/4290/800
f 1623/4291/801 1624/4292/801 1626/4293/801 1625/4294/801
f 1655/4295/802 1654/4296/802 1653/4297/802 1656/4298/802
f 1639/4299/803 1640/4300/803 1642/4301/803 1641/4302/803
f 1625/4303/804 1626/4304/804 1628/4305/804 1627/4306/804
f 1622/4307/805 1635/4308/805 1637/4309/805 1639/4310/805 1641/4311/805 1643/4312/805
f 1637/4313/806 1638/4314/806 1640/4300/806 1639/4299/806
f 1627/4315/807 1628/4316/807 1630/4317/807 1629/4318/807
f 1643/4319/808 1644/4320/808 1621/4321/808 1622/4322/808
f 1635/4323/804 1636/4324/804 1638/4325/804 1637/4326/804
f 1629/4318/809 1630/4317/809 1632/4327/809 1631/4328/809
f 1626/4329/810 1624/4330/810 1634/4331/810 1632/4332/810 1630/4333/810 1628/4334/810
f 1622/4322/811 1621/4321/811 1636/4335/811 1635/4336/811
f 1631/4337/812 1632/4338/812 1634/4339/812 1633/4340/812
f 1663/4341/813 1660/4342/813 1646/4343/813 1650/4344/813
f 1641/4345/814 1642/4346/814 1644/4347/814 1643/4348/814
f 1633/4349/815 1634/4350/815 1624/4292/815 1623/4291/815
f 1623/4351/816 1625/4352/816 1627/4353/816 1629/4354/816 1631/4355/816 1633/4356/816
f 1649/4357/817 1650/4358/817 1646/4359/817 1645/4360/817
f 1658/4361/789 1659/4362/789 1648/4363/789 1647/4364/789
f 1652/4365/818 1648/4366/818 1659/4367/818 1664/4368/818
f 1651/4369/819 1652/4370/819 1664/4371/819 1661/4372/819
f 1657/4373/820 1662/4374/820 1649/4375/820 1645/4376/820
f 1662/4377/821 1663/4378/821 1650/4379/821 1649/4380/821
f 1647/4381/822 1651/4382/822 1661/4383/822 1658/4384/822
f 1659/4362/789 1660/4385/789 1655/4386/789 1656/4387/789
f 1662/4374/823 1657/4373/823 1658/4384/823 1661/4383/823
f 1663/4378/791 1662/4377/791 1661/4372/791 1664/4371/791
f 1659/4362/789 1658/4361/789 1657/4388/789 1660/4385/789
f 1645/4389/789 1646/4390/789 1660/4385/789 1657/4388/789
f 1664/4391/824 1659/4392/824 1656/4393/824 1653/4394/824
f 1660/4395/788 1663/4396/788 1654/4397/788 1655/4398/788
f 1663/4378/793 1664/4371/793 1653/4399/793 1654/4400/793
f 1680/4401/802 1665/4402/802 1688/4403/802 1686/4404/802 1684/4405/802 1682/4406/802
f 1667/4407/825 1668/4408/825 1670/4409/825 1669/4410/825
f 1683/4411/826 1684/4412/826 1686/4413/826 1685/4414/826
f 1669/4415/827 1670/4416/827 1672/4417/827 1671/4418/827
f 1666/4419/823 1679/4420/823 1681/4421/823 1683/4422/823 1685/4423/823 1687/4424/823
f 1681/4425/828 1682/4426/828 1684/4412/828 1683/4411/828
f 1671/4427/829 1672/4428/829 1674/4429/829 1673/4430/829
f 1687/4431/830 1688/4432/830 1665/4433/830 1666/4434/830
f 1679/4435/831 1680/4436/831 1682/4437/831 1681/4438/831
f 1673/4430/832 1674/4429/832 1676/4439/832 1675/4440/832
f 1670/4441/833 1668/4442/833 1678/4443/833 1676/4444/833 1674/4445/833 1672/4446/833
f 1666/4434/834 1665/4433/834 1680/4447/834 1679/4448/834
f 1675/4449/814 1676/4450/814 1678/4451/814 1677/4452/814
f 1685/4453/814 1686/4454/814 1688/4455/814 1687/4456/814
f 1677/4457/835 1678/4458/835 1668/4408/835 1667/4407/835
f 1667/4459/836 1669/4460/836 1671/4461/836 1673/4462/836 1675/4463/836 1677/4464/836
f 1707/4465/837 1704/4466/837 1690/4467/837 1694/4468/837
f 1691/4469/838 1692/4470/838 1696/4471/838 1695/4472/838
f 1699/4473/839 1698/4474/839 1697/4475/839 1700/4476/839
f 1693/4477/840 1694/4478/840 1690/4479/840 1689/4480/840
f 1702/4481/841 1703/4482/841 1692/4483/841 1691/4484/841
f 1696/4485/842 1692/4486/842 1703/4487/842 1708/4488/842
f 1695/4489/843 1696/4490/843 1708/4491/843 1705/4492/843
f 1701/4493/844 1706/4494/844 1693/4495/844 1689/4496/844
f 1706/4497/843 1707/4498/843 1694/4499/843 1693/4500/843
f 1691/4501/845 1695/4502/845 1705/4503/845 1702/4504/845
f 1703/4482/841 1704/4505/841 1699/4506/841 1700/4507/841
f 1706/4494/846 1701/4493/846 1702/4504/846 1705/4503/846
f 1707/4498/843 1706/4497/843 1705/4492/843 1708/4491/843
f 1703/4482/847 1702/4481/847 1701/4508/847 1704/4505/847
f 1689/4509/847 1690/4510/847 1704/4505/847 1701/4508/847
f 1708/4511/848 1703/4512/848 1700/4513/848 1697/4514/848
f 1704/4515/849 1707/4516/849 1698/4517/849 1699/4518/849
f 1707/4498/843 1708/4491/843 1697/4519/843 1698/4520/843
f 1735/4521/850 1736/4522/850 1740/4523/850 1739/4524/850
f 1724/4525/842 1709/4526/842 1732/4527/842 1730/4528/842 1728/4529/842 1726/4530/842
f 1711/4531/851 1712/4532/851 1714/4533/851 1713/4534/851
f 1743/4535/852 1742/4536/852 1741/4537/852 1744/4538/852
f 1727/4539/853 1728/4540/853 1730/4541/853 1729/4542/853
f 1713/4543/854 1714/4544/854 1716/4545/854 1715/4546/854
f 1710/4547/845 1723/4548/845 1725/4549/845 1727/4550/845 1729/4551/845 1731/4552/845
f 1725/4553/855 1726/4554/855 1728/4540/855 1727/4539/855
f 1715/4555/856 1716/4556/856 1718/4557/856 1717/4558/856
f 1731/4559/857 1732/4560/857 1709/4561/857 1710/4562/857
f 1723/4563/854 1724/4564/854 1726/4565/854 1725/4566/854
f 1717/4558/858 1718/4557/858 1720/4567/858 1719/4568/858
f 1714/4569/837 1712/4570/837 1722/4571/837 1720/4572/837 1718/4573/837 1716/4574/837
f 1710/4562/859 1709/4561/859 1724/4575/859 1723/4576/859
f 1719/4577/860 1720/4578/860 1722/4579/860 1721/4580/860
f 1751/4581/861 1748/4582/861 1734/4583/861 1738/4584/861
f 1729/4585/862 1730/4586/862 1732/4587/862 1731/4588/862
f 1721/4589/863 1722/4590/863 1712/4532/863 1711/4531/863
f 1711/4591/844 1713/4592/844 1715/4593/844 1717/4594/844 1719/4595/844 1721/4596/844
f 1737/4597/864 1738/4598/864 1734/4599/864 1733/4600/864
f 1746/4601/865 1747/4602/865 1736/4603/865 1735/4604/865
f 1740/4605/866 1736/4606/866 1747/4607/866 1752/4608/866
f 1739/4609/867 1740/4610/867 1752/4611/867 1749/4612/867
f 1745/4613/868 1750/4614/868 1737/4615/868 1733/4616/868
f 1750/4617/869 1751/4618/869 1738/4619/869 1737/4620/869
f 1735/4621/870 1739/4622/870 1749/4623/870 1746/4624/870
f 1747/4602/841 1748/4625/841 1743/4626/841 1744/4627/841
f 1750/4614/871 1745/4613/871 1746/4624/871 1749/4623/871
f 1751/4618/843 1750/4617/843 1749/4612/843 1752/4611/843
f 1747/4602/865 1746/4601/865 1745/4628/865 1748/4625/865
f 1733/4629/872 1734/4630/872 1748/4625/872 1745/4628/872
f 1752/4631/873 1747/4632/873 1744/4633/873 1741/4634/873
f 1748/4635/840 1751/4636/840 1742/4637/840 1743/4638/840
f 1751/4618/843 1752/4611/843 1741/4639/843 1742/4640/843
f 1768/4641/866 1753/4642/866 1776/4643/866 1774/4644/866 1772/4645/866 1770/4646/866
f 1755/4647/874 1756/4648/874 1758/4649/874 1757/4650/874
f 1771/4651/875 1772/4652/875 1774/4653/875 1773/4654/875
f 1757/4655/854 1758/4656/854 1760/4657/854 1759/4658/854
f 1754/4659/870 1767/4660/870 1769/4661/870 1771/4662/870 1773/4663/870 1775/4664/870
f 1769/4665/876 1770/4666/876 1772/4652/876 1771/4651/876
f 1759/4667/877 1760/4668/877 1762/4669/877 1761/4670/877
f 1775/4671/878 1776/4672/878 1753/4673/878 1754/4674/878
f 1767/4675/879 1768/4676/879 1770/4677/879 1769/4678/879
f 1761/4670/880 1762/4669/880 1764/4679/880 1763/4680/880
f 1758/4681/861 1756/4682/861 1766/4683/861 1764/4684/861 1762/4685/861 1760/4686/861
f 1754/4674/881 1753/4673/881 1768/4687/881 1767/4688/881
f 1763/4689/862 1764/4690/862 1766/4691/862 1765/4692/862
f 1773/4693/862 1774/4694/862 1776/4695/862 1775/4696/862
f 1765/4697/882 1766/4698/882 1756/4648/882 1755/4647/882
f 1755/4699/868 1757/4700/868 1759/4701/868 1761/4702/868 1763/4703/868 1765/4704/868
f 1787/4705/883 1778/4706/883 1780/4707/883 1788/4708/883
f 1785/4709/884 1784/4710/884 1782/4711/884 1786/4712/884
f 1779/4713/885 1783/4714/885 1781/4715/885 1777/4716/885
f 1784/4717/886 1780/4718/886 1778/4719/886 1782/4720/886
f 1789/4721/887 1785/4722/887 1786/4723/887 1790/4724/887
f 1792/4725/888 1787/4726/888 1788/4727/888 1791/4728/888
f 1783/4729/889 1789/4730/889 1790/4731/889 1781/4732/889
f 1777/4733/890 1792/4734/890 1791/4735/890 1779/4736/890
f 1803/4737/891 1794/4738/891 1796/4739/891 1804/4740/891
f 1801/4741/892 1800/4742/892 1798/4743/892 1802/4744/892
f 1795/4745/893 1799/4746/893 1797/4747/893 1793/4748/893
f 1800/4749/894 1796/4750/894 1794/4751/894 1798/4752/894
f 1805/4753/895 1801/4754/895 1802/4755/895 1806/4756/895
f 1808/4757/896 1803/4758/896 1804/4759/896 1807/4760/896
f 1799/4761/897 1805/4762/897 1806/4763/897 1797/4764/897
f 1793/4765/898 1808/4766/898 1807/4767/898 1795/4768/898
f 1827/4769/899 1824/4770/899 1810/4771/899 1814/4772/899
f 1811/4773/900 1812/4774/900 1816/4775/900 1815/4776/900
f 1819/4777/901 1818/4778/901 1817/4779/901 1820/4780/901
f 1813/4781/902 1814/4782/902 1810/4783/902 1809/4784/902
f 1822/4785/903 1823/4786/903 1812/4787/903 1811/4788/903
f 1816/4789/904 1812/4790/904 1823/4791/904 1828/4792/904
f 1815/4793/905 1816/4794/905 1828/4795/905 1825/4796/905
f 1821/4797/906 1826/4798/906 1813/4799/906 1809/4800/906
f 1826/4801/907 1827/4802/907 1814/4803/907 1813/4804/907
f 1811/4805/908 1815/4806/908 1825/4807/908 1822/4808/908
f 1823/4786/903 1824/4809/903 1819/4810/903 1820/4811/903
f 1826/4798/909 1821/4797/909 1822/4808/909 1825/4807/909
f 1827/4802/907 1826/4801/907 1825/4796/907 1828/4795/907
f 1823/4786/910 1822/4785/910 1821/4812/910 1824/4809/910
f 1809/4813/903 1810/4814/903 1824/4809/903 1821/4812/903
f 1828/4815/911 1823/4816/911 1820/4817/911 1817/4818/911
f 1824/4819/912 1827/4820/912 1818/4821/912 1819/4822/912
f 1827/4802/907 1828/4795/907 1817/4823/907 1818/4824/907
f 1855/4825/911 1856/4826/911 1860/4827/911 1859/4828/911
f 1844/4829/904 1829/4830/904 1852/4831/904 1850/4832/904 1848/4833/904 1846/4834/904
f 1831/4835/913 1832/4836/913 1834/4837/913 1833/4838/913
f 1863/4839/914 1862/4840/914 1861/4841/914 1864/4842/914
f 1847/4843/915 1848/4844/915 1850/4845/915 1849/4846/915
f 1833/4847/916 1834/4848/916 1836/4849/916 1835/4850/916
f 1830/4851/908 1843/4852/908 1845/4853/908 1847/4854/908 1849/4855/908 1851/4856/908
f 1845/4857/917 1846/4858/917 1848/4859/917 1847/4860/917
f 1835/4850/918 1836/4849/918 1838/4861/918 1837/4862/918
f 1851/4863/919 1852/4864/919 1829/4865/919 1830/4866/919
f 1843/4867/916 1844/4868/916 1846/4858/916 1845/4857/916
f 1837/4869/920 1838/4870/920 1840/4871/920 1839/4872/920
f 1834/4873/899 1832/4874/899 1842/4875/899 1840/4876/899 1838/4877/899 1836/4878/899
f 1830/4866/921 1829/4865/921 1844/4879/921 1843/4880/921
f 1839/4881/922 1840/4882/922 1842/4883/922 1841/4884/922
f 1871/4885/923 1868/4886/923 1854/4887/923 1858/4888/923
f 1849/4889/922 1850/4890/922 1852/4891/922 1851/4892/922
f 1841/4893/924 1842/4894/924 1832/4836/924 1831/4835/924
f 1831/4895/906 1833/4896/906 1835/4897/906 1837/4898/906 1839/4899/906 1841/4900/906
f 1857/4901/912 1858/4902/912 1854/4903/912 1853/4904/912
f 1866/4905/910 1867/4906/910 1856/4907/910 1855/4908/910
f 1860/4909/925 1856/4910/925 1867/4911/925 1872/4912/925
f 1859/4913/907 1860/4914/907 1872/4915/907 1869/4916/907
f 1865/4917/926 1870/4918/926 1857/4919/926 1853/4920/926
f 1870/4921/905 1871/4922/905 1858/4923/905 1857/4924/905
f 1855/4925/927 1859/4926/927 1869/4927/927 1866/4928/927
f 1867/4906/903 1868/4929/903 1863/4930/903 1864/4931/903
f 1870/4918/928 1865/4917/928 1866/4928/928 1869/4927/928
f 1871/4922/907 1870/4921/907 1869/4916/907 1872/4915/907
f 1867/4906/910 1866/4905/910 1865/4932/910 1868/4929/910
f 1853/4933/910 1854/4934/910 1868/4929/910 1865/4932/910
f 1872/4935/929 1867/4936/929 1864/4937/929 1861/4938/929
f 1868/4939/930 1871/4940/930 1862/4941/930 1863/4942/930
f 1871/4922/907 1872/4915/907 1861/4943/907 1862/4944/907
f 1888/4945/925 1873/4946/925 1896/4947/925 1894/4948/925 1892/4949/925 1890/4950/925
f 1875/4951/931 1876/4952/931 1878/4953/931 1877/4954/931
f 1891/4955/932 1892/4956/932 1894/4957/932 1893/4958/932
f 1877/4959/916 1878/4960/916 1880/4961/916 1879/4962/916
f 1874/4963/933 1887/4964/933 1889/4965/933 1891/4966/933 1893/4967/933 1895/4968/933
f 1889/4969/934 1890/4970/934 1892/4971/934 1891/4972/934
f 1879/4962/935 1880/4961/935 1882/4973/935 1881/4974/935
f 1895/4975/936 1896/4976/936 1873/4977/936 1874/4978/936
f 1887/4979/937 1888/4980/937 1890/4970/937 1889/4969/937
f 1881/4981/938 1882/4982/938 1884/4983/938 1883/4984/938
f 1878/4985/923 1876/4986/923 1886/4987/923 1884/4988/923 1882/4989/923 1880/4990/923
f 1874/4978/939 1873/4977/939 1888/4991/939 1887/4992/939
f 1883/4993/940 1884/4994/940 1886/4995/940 1885/4996/940
f 1893/4997/941 1894/4998/941 1896/4999/941 1895/5000/941
f 1885/5001/942 1886/5002/942 1876/4952/942 1875/4951/942
f 1875/5003/926 1877/5004/926 1879/5005/926 1881/5006/926 1883/5007/926 1885/5008/926
f 1915/5009/943 1912/5010/943 1898/5011/943 1902/5012/943
f 1899/5013/944 1900/5014/944 1904/5015/944 1903/5016/944
f 1907/5017/945 1906/5018/945 1905/5019/945 1908/5020/945
f 1901/5021/946 1902/5022/946 1898/5023/946 1897/5024/946
f 1910/5025/947 1911/5026/947 1900/5027/947 1899/5028/947
f 1904/5029/948 1900/5030/948 1911/5031/948 1916/5032/948
f 1903/5033/949 1904/5034/949 1916/5035/949 1913/5036/949
f 1909/5037/950 1914/5038/950 1901/5039/950 1897/5040/950
f 1914/5041/949 1915/5042/949 1902/5043/949 1901/5044/949
f 1899/5045/951 1903/5046/951 1913/5047/951 1910/5048/951
f 1911/5026/947 1912/5049/947 1907/5050/947 1908/5051/947
f 1914/5038/952 1909/5037/952 1910/5048/952 1913/5047/952
f 1915/5042/949 1914/5041/949 1913/5036/949 1916/5035/949
f 1911/5026/947 1910/5025/947 1909/5052/947 1912/5049/947
f 1897/5053/947 1898/5054/947 1912/5049/947 1909/5052/947
f 1916/5055/953 1911/5056/953 1908/5057/953 1905/5058/953
f 1912/5059/954 1915/5060/954 1906/5061/954 1907/5062/954
f 1915/5042/949 1916/5035/949 1905/5063/949 1906/5064/949
f 1943/5065/955 1944/5066/955 1948/5067/955 1947/5068/955
f 1932/5069/948 1917/5070/948 1940/5071/948 1938/5072/948 1936/5073/948 1934/5074/948
f 1919/5075/956 1920/5076/956 1922/5077/956 1921/5078/956
f 1951/5079/957 1950/5080/957 1949/5081/957 1952/5082/957
f 1935/5083/958 1936/5084/958 1938/5085/958 1937/5086/958
f 1921/5087/959 1922/5088/959 1924/5089/959 1923/5090/959
f 1918/5091/951 1931/5092/951 1933/5093/951 1935/5094/951 1937/5095/951 1939/5096/951
f 1933/5097/960 1934/5098/960 1936/5099/960 1935/5100/960
f 1923/5090/961 1924/5089/961 1926/5101/961 1925/5102/961
f 1939/5103/962 1940/5104/962 1917/5105/962 1918/5106/962
f 1931/5107/963 1932/5108/963 1934/5098/963 1933/5097/963
f 1925/5109/964 1926/5110/964 1928/5111/964 1927/5112/964
f 1922/5113/943 1920/5114/943 1930/5115/943 1928/5116/943 1926/5117/943 1924/5118/943
f 1918/5106/965 1917/5105/965 1932/5119/965 1931/5120/965
f 1927/5121/966 1928/5122/966 1930/5123/966 1929/5124/966
f 1959/5125/967 1956/5126/967 1942/5127/967 1946/5128/967
f 1937/5129/966 1938/5130/966 1940/5131/966 1939/5132/966
f 1929/5133/968 1930/5134/968 1920/5076/968 1919/5075/968
f 1919/5135/950 1921/5136/950 1923/5137/950 1925/5138/950 1927/5139/950 1929/5140/950
f 1945/5141/969 1946/5142/969 1942/5143/969 1941/5144/969
f 1954/5145/970 1955/5146/970 1944/5147/970 1943/5148/970
f 1948/5149/971 1944/5150/971 1955/5151/971 1960/5152/971
f 1947/5153/949 1948/5154/949 1960/5155/949 1957/5156/949
f 1953/5157/972 1958/5158/972 1945/5159/972 1941/5160/972
f 1958/5161/949 1959/5162/949 1946/5163/949 1945/5164/949
f 1943/5165/973 1947/5166/973 1957/5167/973 1954/5168/973
f 1955/5146/974 1956/5169/974 1951/5170/974 1952/5171/974
f 1958/5158/975 1953/5157/975 1954/5168/975 1957/5167/975
f 1959/5162/949 1958/5161/949 1957/5156/949 1960/5155/949
f 1955/5146/947 1954/5145/947 1953/5172/947 1956/5169/947
f 1941/5173/974 1942/5174/974 1956/5169/974 1953/5172/974
f 1960/5175/944 1955/5176/944 1952/5177/944 1949/5178/944
f 1956/5179/946 1959/5180/946 1950/5181/946 1951/5182/946
f 1959/5162/949 1960/5155/949 1949/5183/949 1950/5184/949
f 1976/5185/971 1961/5186/971 1984/5187/971 1982/5188/971 1980/5189/971 1978/5190/971
f 1963/5191/976 1964/5192/976 1966/5193/976 1965/5194/976
f 1979/5195/977 1980/5196/977 1982/5197/977 1981/5198/977
f 1965/5199/963 1966/5200/963 1968/5201/963 1967/5202/963
f 1962/5203/973 1975/5204/973 1977/5205/973 1979/5206/973 1981/5207/973 1983/5208/973
f 1977/5209/978 1978/5210/978 1980/5211/978 1979/5212/978
f 1967/5202/979 1968/5201/979 1970/5213/979 1969/5214/979
f 1983/5215/980 1984/5216/980 1961/5217/980 1962/5218/980
f 1975/5219/959 1976/5220/959 1978/5210/959 1977/5209/959
f 1969/5221/981 1970/5222/981 1972/5223/981 1971/5224/981
f 1966/5225/967 1964/5226/967 1974/5227/967 1972/5228/967 1970/5229/967 1968/5230/967
f 1962/5218/982 1961/5217/982 1976/5231/982 1975/5232/982
f 1971/5233/983 1972/5234/983 1974/5235/983 1973/5236/983
f 1981/5237/984 1982/5238/984 1984/5239/984 1983/5240/984
f 1973/5241/985 1974/5242/985 1964/5192/985 1963/5191/985
f 1963/5243/986 1965/5244/986 1967/5245/986 1969/5246/986 1971/5247/986 1973/5248/986
f 2003/5249/987 2000/5250/987 1986/5251/987 1990/5252/987
f 1987/5253/988 1988/5254/988 1992/5255/988 1991/5256/988
f 1995/5257/989 1994/5258/989 1993/5259/989 1996/5260/989
f 1989/5261/990 1990/5262/990 1986/5263/990 1985/5264/990
f 1998/5265/991 1999/5266/991 1988/5267/991 1987/5268/991
f 1992/5269/992 1988/5270/992 1999/5271/992 2004/5272/992
f 1991/5273/993 1992/5274/993 2004/5275/993 2001/5276/993
f 1997/5277/994 2002/5278/994 1989/5279/994 1985/5280/994
f 2002/5281/993 2003/5282/993 1990/5283/993 1989/5284/993
f 1987/5285/995 1991/5286/995 2001/5287/995 1998/5288/995
f 1999/5266/996 2000/5289/996 1995/5290/996 1996/5291/996
f 2002/5278/997 1997/5277/997 1998/5288/997 2001/5287/997
f 2003/5282/993 2002/5281/993 2001/5276/993 2004/5275/993
f 1999/5266/991 1998/5265/991 1997/5292/991 2000/5289/991
f 1985/5293/991 1986/5294/991 2000/5289/991 1997/5292/991
f 2004/5295/998 1999/5296/998 1996/5297/998 1993/5298/998
f 2000/5299/999 2003/5300/999 1994/5301/999 1995/5302/999
f 2003/5282/993 2004/5275/993 1993/5303/993 1994/5304/993
f 2031/5305/1000 2032/5306/1000 2036/5307/1000 2035/5308/1000
f 2020/5309/992 2005/5310/992 2028/5311/992 2026/5312/992 2024/5313/992 2022/5314/992
f 2007/5315/1001 2008/5316/1001 2010/5317/1001 2009/5318/1001
f 2039/5319/1002 2038/5320/1002 2037/5321/1002 2040/5322/1002
f 2023/5323/1003 2024/5324/1003 2026/5325/1003 2025/5326/1003
f 2009/5327/1004 2010/5328/1004 2012/5329/1004 2011/5330/1004
f 2006/5331/1005 2019/5332/1005 2021/5333/1005 2023/5334/1005 2025/5335/1005 2027/5336/1005
f 2021/5337/1006 2022/5338/1006 2024/5339/1006 2023/5340/1006
f 2011/5330/1007 2012/5329/1007 2014/5341/1007 2013/5342/1007
f 2027/5343/1008 2028/5344/1008 2005/5345/1008 2006/5346/1008
f 2019/5347/1009 2020/5348/1009 2022/5338/1009 2021/5337/1009
f 2013/5349/1010 2014/5350/1010 2016/5351/1010 2015/5352/1010
f 2010/5353/987 2008/5354/987 2018/5355/987 2016/5356/987 2014/5357/987 2012/5358/987
f 2006/5346/1011 2005/5345/1011 2020/5359/1011 2019/5360/1011
f 2015/5361/1012 2016/5362/1012 2018/5363/1012 2017/5364/1012
f 2047/5365/1013 2044/5366/1013 2030/5367/1013 2034/5368/1013
f 2025/5369/1014 2026/5370/1014 2028/5371/1014 2027/5372/1014
f 2017/5373/1015 2018/5374/1015 2008/5316/1015 2007/5315/1015
f 2007/5375/994 2009/5376/994 2011/5377/994 2013/5378/994 2015/5379/994 2017/5380/994
f 2033/5381/990 2034/5382/990 2030/5383/990 2029/5384/990
f 2042/5385/996 2043/5386/996 2032/5387/996 2031/5388/996
f 2036/5389/1016 2032/5390/1016 2043/5391/1016 2048/5392/1016
f 2035/5393/993 2036/5394/993 2048/5395/993 2045/5396/993
f 2041/5397/1017 2046/5398/1017 2033/5399/1017 2029/5400/1017
f 2046/5401/1018 2047/5402/1018 2034/5403/1018 2033/5404/1018
f 2031/5405/1019 2035/5406/1019 2045/5407/1019 2042/5408/1019
f 2043/5386/996 2044/5409/996 2039/5410/996 2040/5411/996
f 2046/5398/1020 2041/5397/1020 2042/5408/1020 2045/5407/1020
f 2047/5402/993 2046/5401/993 2045/5396/993 2048/5395/993
f 2043/5386/991 2042/5385/991 2041/5412/991 2044/5409/991
f 2029/5413/996 2030/5414/996 2044/5409/996 2041/5412/996
f 2048/5415/1021 2043/5416/1021 2040/5417/1021 2037/5418/1021
f 2044/5419/1022 2047/5420/1022 2038/5421/1022 2039/5422/1022
f 2047/5402/993 2048/5395/993 2037/5423/993 2038/5424/993
f 2064/5425/1016 2049/5426/1016 2072/5427/1016 2070/5428/1016 2068/5429/1016 2066/5430/1016
f 2051/5431/1023 2052/5432/1023 2054/5433/1023 2053/5434/1023
f 2067/5435/1024 2068/5436/1024 2070/5437/1024 2069/5438/1024
f 2053/5439/1025 2054/5440/1025 2056/5441/1025 2055/5442/1025
f 2050/5443/1019 2063/5444/1019 2065/5445/1019 2067/5446/1019 2069/5447/1019 2071/5448/1019
f 2065/5449/1026 2066/5450/1026 2068/5451/1026 2067/5452/1026
f 2055/5442/1027 2056/5441/1027 2058/5453/1027 2057/5454/1027
f 2071/5455/1028 2072/5456/1028 2049/5457/1028 2050/5458/1028
f 2063/5459/1025 2064/5460/1025 2066/5450/1025 2065/5449/1025
f 2057/5461/1029 2058/5462/1029 2060/5463/1029 2059/5464/1029
f 2054/5465/1013 2052/5466/1013 2062/5467/1013 2060/5468/1013 2058/5469/1013 2056/5470/1013
f 2050/5458/1030 2049/5457/1030 2064/5471/1030 2063/5472/1030
f 2059/5473/1012 2060/5474/1012 2062/5475/1012 2061/5476/1012
f 2069/5477/1031 2070/5478/1031 2072/5479/1031 2071/5480/1031
f 2061/5481/1032 2062/5482/1032 2052/5432/1032 2051/5431/1032
f 2051/5483/1017 2053/5484/1017 2055/5485/1017 2057/5486/1017 2059/5487/1017 2061/5488/1017
f 2083/5489/1033 2074/5490/1033 2076/5491/1033 2084/5492/1033
f 2081/5493/1034 2080/5494/1034 2078/5495/1034 2082/5496/1034
f 2075/5497/1035 2079/5498/1035 2077/5499/1035 2073/5500/1035
f 2080/5501/1036 2076/5502/1036 2074/5503/1036 2078/5504/1036
f 2085/5505/1037 2081/5506/1037 2082/5507/1037 2086/5508/1037
f 2088/5509/1038 2083/5510/1038 2084/5511/1038 2087/5512/1038
f 2079/5513/1039 2085/5514/1039 2086/5515/1039 2077/5516/1039
f 2073/5517/1040 2088/5518/1040 2087/5519/1040 2075/5520/1040
f 2099/5521/1041 2090/5522/1041 2092/5523/1041 2100/5524/1041
f 2097/5525/1042 2096/5526/1042 2094/5527/1042 2098/5528/1042
f 2091/5529/1043 2095/5530/1043 2093/5531/1043 2089/5532/1043
f 2096/5533/1044 2092/5534/1044 2090/5535/1044 2094/5536/1044
f 2101/5537/1045 2097/5538/1045 2098/5539/1045 2102/5540/1045
f 2104/5541/1046 2099/5542/1046 2100/5543/1046 2103/5544/1046
f 2095/5545/1047 2101/5546/1047 2102/5547/1047 2093/5548/1047
f 2089/5549/1048 2104/5550/1048 2103/5551/1048 2091/5552/1048
f 2123/5553/1049 2120/5554/1049 2106/5555/1049 2110/5556/1049
f 2107/5557/1050 2108/5558/1050 2112/5559/1050 2111/5560/1050
f 2115/5561/1051 2114/5562/1051 2113/5563/1051 2116/5564/1051
f 2109/5565/1052 2110/5566/1052 2106/5567/1052 2105/5568/1052
f 2118/5569/1053 2119/5570/1053 2108/5571/1053 2107/5572/1053
f 2112/5573/1054 2108/5574/1054 2119/5575/1054 2124/5576/1054
f 2111/5577/1055 2112/5578/1055 2124/5579/1055 2121/5580/1055
f 2117/5581/1056 2122/5582/1056 2109/5583/1056 2105/5584/1056
f 2122/5585/1055 2123/5586/1055 2110/5587/1055 2109/5588/1055
f 2107/5589/1057 2111/5590/1057 2121/5591/1057 2118/5592/1057
f 2119/5570/1058 2120/5593/1058 2115/5594/1058 2116/5595/1058
f 2122/5582/1059 2117/5581/1059 2118/5592/1059 2121/5591/1059
f 2123/5586/1060 2122/5585/1060 2121/5580/1060 2124/5579/1060
f 2119/5570/1058 2118/5569/1058 2117/5596/1058 2120/5593/1058
f 2105/5597/1053 2106/5598/1053 2120/5593/1053 2117/5596/1053
f 2124/5599/1061 2119/5600/1061 2116/5601/1061 2113/5602/1061
f 2120/5603/1062 2123/5604/1062 2114/5605/1062 2115/5606/1062
f 2123/5586/1055 2124/5579/1055 2113/5607/1055 2114/5608/1055
f 2151/5609/1063 2152/5610/1063 2156/5611/1063 2155/5612/1063
f 2140/5613/1054 2125/5614/1054 2148/5615/1054 2146/5616/1054 2144/5617/1054 2142/5618/1054
f 2127/5619/1064 2128/5620/1064 2130/5621/1064 2129/5622/1064
f 2159/5623/1065 2158/5624/1065 2157/5625/1065 2160/5626/1065
f 2143/5627/1066 2144/5628/1066 2146/5629/1066 2145/5630/1066
f 2129/5631/1067 2130/5632/1067 2132/5633/1067 2131/5634/1067
f 2126/5635/1057 2139/5636/1057 2141/5637/1057 2143/5638/1057 2145/5639/1057 2147/5640/1057
f 2141/5641/1068 2142/5642/1068 2144/5643/1068 2143/5644/1068
f 2131/5634/1069 2132/5633/1069 2134/5645/1069 2133/5646/1069
f 2147/5647/1070 2148/5648/1070 2125/5649/1070 2126/5650/1070
f 2139/5651/1071 2140/5652/1071 2142/5642/1071 2141/5641/1071
f 2133/5653/1072 2134/5654/1072 2136/5655/1072 2135/5656/1072
f 2130/5657/1049 2128/5658/1049 2138/5659/1049 2136/5660/1049 2134/5661/1049 2132/5662/1049
f 2126/5650/1073 2125/5649/1073 2140/5663/1073 2139/5664/1073
f 2135/5665/1074 2136/5666/1074 2138/5667/1074 2137/5668/1074
f 2167/5669/1075 2164/5670/1075 2150/5671/1075 2154/5672/1075
f 2145/5673/1076 2146/5674/1076 2148/5675/1076 2147/5676/1076
f 2137/5677/1077 2138/5678/1077 2128/5620/1077 2127/5619/1077
f 2127/5679/1056 2129/5680/1056 2131/5681/1056 2133/5682/1056 2135/5683/1056 2137/5684/1056
f 2153/5685/1078 2154/5686/1078 2150/5687/1078 2149/5688/1078
f 2162/5689/1053 2163/5690/1053 2152/5691/1053 2151/5692/1053
f 2156/5693/1079 2152/5694/1079 2163/5695/1079 2168/5696/1079
f 2155/5697/1060 2156/5698/1060 2168/5699/1060 2165/5700/1060
f 2161/5701/1080 2166/5702/1080 2153/5703/1080 2149/5704/1080
f 2166/5705/1060 2167/5706/1060 2154/5707/1060 2153/5708/1060
f 2151/5709/1081 2155/5710/1081 2165/5711/1081 2162/5712/1081
f 2163/5690/1053 2164/5713/1053 2159/5714/1053 2160/5715/1053
f 2166/5702/1082 2161/5701/1082 2162/5712/1082 2165/5711/1082
f 2167/5706/1060 2166/5705/1060 2165/5700/1060 2168/5699/1060
f 2163/5690/1053 2162/5689/1053 2161/5716/1053 2164/5713/1053
f 2149/5717/1053 2150/5718/1053 2164/5713/1053 2161/5716/1053
f 2168/5719/1050 2163/5720/1050 2160/5721/1050 2157/5722/1050
f 2164/5723/1083 2167/5724/1083 2158/5725/1083 2159/5726/1083
f 2167/5706/1055 2168/5699/1055 2157/5727/1055 2158/5728/1055
f 2184/5729/1079 2169/5730/1079 2192/5731/1079 2190/5732/1079 2188/5733/1079 2186/5734/1079
f 2171/5735/1084 2172/5736/1084 2174/5737/1084 2173/5738/1084
f 2187/5739/1085 2188/5740/1085 2190/5741/1085 2189/5742/1085
f 2173/5743/1086 2174/5744/1086 2176/5745/1086 2175/5746/1086
f 2170/5747/1081 2183/5748/1081 2185/5749/1081 2187/5750/1081 2189/5751/1081 2191/5752/1081
f 2185/5753/1087 2186/5754/1087 2188/5755/1087 2187/5756/1087
f 2175/5746/1088 2176/5745/1088 2178/5757/1088 2177/5758/1088
f 2191/5759/1089 2192/5760/1089 2169/5761/1089 2170/5762/1089
f 2183/5763/1071 2184/5764/1071 2186/5754/1071 2185/5753/1071
f 2177/5765/1090 2178/5766/1090 2180/5767/1090 2179/5768/1090
f 2174/5769/1075 2172/5770/1075 2182/5771/1075 2180/5772/1075 2178/5773/1075 2176/5774/1075
f 2170/5762/1091 2169/5761/1091 2184/5775/1091 2183/5776/1091
f 2179/5777/1092 2180/5778/1092 2182/5779/1092 2181/5780/1092
f 2189/5781/1092 2190/5782/1092 2192/5783/1092 2191/5784/1092
f 2181/5785/1093 2182/5786/1093 2172/5736/1093 2171/5735/1093
f 2171/5787/1080 2173/5788/1080 2175/5789/1080 2177/5790/1080 2179/5791/1080 2181/5792/1080
f 2211/5793/1094 2208/5794/1094 2194/5795/1094 2198/5796/1094
f 2195/5797/1095 2196/5798/1095 2200/5799/1095 2199/5800/1095
f 2203/5801/1096 2202/5802/1096 2201/5803/1096 2204/5804/1096
f 2197/5805/1097 2198/5806/1097 2194/5807/1097 2193/5808/1097
f 2206/5809/1098 2207/5810/1098 2196/5811/1098 2195/5812/1098
f 2200/5813/1099 2196/5814/1099 2207/5815/1099 2212/5816/1099
f 2199/5817/1100 2200/5818/1100 2212/5819/1100 2209/5820/1100
f 2205/5821/1101 2210/5822/1101 2197/5823/1101 2193/5824/1101
f 2210/5825/1100 2211/5826/1100 2198/5827/1100 2197/5828/1100
f 2195/5829/1102 2199/5830/1102 2209/5831/1102 2206/5832/1102
f 2207/5810/1098 2208/5833/1098 2203/5834/1098 2204/5835/1098
f 2210/5822/1103 2205/5821/1103 2206/5832/1103 2209/5831/1103
f 2211/5826/1104 2210/5825/1104 2209/5820/1104 2212/5819/1104
f 2207/5810/1098 2206/5809/1098 2205/5836/1098 2208/5833/1098
f 2193/5837/1105 2194/5838/1105 2208/5833/1105 2205/5836/1105
f 2212/5839/1106 2207/5840/1106 2204/5841/1106 2201/5842/1106
f 2208/5843/1107 2211/5844/1107 2202/5845/1107 2203/5846/1107
f 2211/5826/1100 2212/5819/1100 2201/5847/1100 2202/5848/1100
f 2239/5849/1108 2240/5850/1108 2244/5851/1108 2243/5852/1108
f 2228/5853/1109 2213/5854/1109 2236/5855/1109 2234/5856/1109 2232/5857/1109 2230/5858/1109
f 2215/5859/1110 2216/5860/1110 2218/5861/1110 2217/5862/1110
f 2247/5863/1111 2246/5864/1111 2245/5865/1111 2248/5866/1111
f 2231/5867/1112 2232/5868/1112 2234/5869/1112 2233/5870/1112
f 2217/5871/1113 2218/5872/1113 2220/5873/1113 2219/5874/1113
f 2214/5875/1114 2227/5876/1114 2229/5877/1114 2231/5878/1114 2233/5879/1114 2235/5880/1114
f 2229/5881/1115 2230/5882/1115 2232/5883/1115 2231/5884/1115
f 2219/5874/1116 2220/5873/1116 2222/5885/1116 2221/5886/1116
f 2235/5887/1117 2236/5888/1117 2213/5889/1117 2214/5890/1117
f 2227/5891/1113 2228/5892/1113 2230/5882/1113 2229/5881/1113
f 2221/5893/1118 2222/5894/1118 2224/5895/1118 2223/5896/1118
f 2218/5897/1094 2216/5898/1094 2226/5899/1094 2224/5900/1094 2222/5901/1094 2220/5902/1094
f 2214/5890/1119 2213/5889/1119 2228/5903/1119 2227/5904/1119
f 2223/5905/1120 2224/5906/1120 2226/5907/1120 2225/5908/1120
f 2255/5909/1121 2252/5910/1121 2238/5911/1121 2242/5912/1121
f 2233/5913/1120 2234/5914/1120 2236/5915/1120 2235/5916/1120
f 2225/5917/1122 2226/5918/1122 2216/5860/1122 2215/5859/1122
f 2215/5919/1101 2217/5920/1101 2219/5921/1101 2221/5922/1101 2223/5923/1101 2225/5924/1101
f 2241/5925/1123 2242/5926/1123 2238/5927/1123 2237/5928/1123
f 2250/5929/1098 2251/5930/1098 2240/5931/1098 2239/5932/1098
f 2244/5933/1124 2240/5934/1124 2251/5935/1124 2256/5936/1124
f 2243/5937/1104 2244/5938/1104 2256/5939/1104 2253/5940/1104
f 2249/5941/1125 2254/5942/1125 2241/5943/1125 2237/5944/1125
f 2254/5945/1100 2255/5946/1100 2242/5947/1100 2241/5948/1100
f 2239/5949/1126 2243/5950/1126 2253/5951/1126 2250/5952/1126
f 2251/5930/1098 2252/5953/1098 2247/5954/1098 2248/5955/1098
f 2254/5942/1127 2249/5941/1127 2250/5952/1127 2253/5951/1127
f 2255/5946/1100 2254/5945/1100 2253/5940/1100 2256/5939/1100
f 2251/5930/1128 2250/5929/1128 2249/5956/1128 2252/5953/1128
f 2237/5957/1098 2238/5958/1098 2252/5953/1098 2249/5956/1098
f 2256/5959/1129 2251/5960/1129 2248/5961/1129 2245/5962/1129
f 2252/5963/1130 2255/5964/1130 2246/5965/1130 2247/5966/1130
f 2255/5946/1104 2256/5939/1104 2245/5967/1104 2246/5968/1104
f 2272/5969/1131 2257/5970/1131 2280/5971/1131 2278/5972/1131 2276/5973/1131 2274/5974/1131
f 2259/5975/1132 2260/5976/1132 2262/5977/1132 2261/5978/1132
f 2275/5979/1133 2276/5980/1133 2278/5981/1133 2277/5982/1133
f 2261/5983/1134 2262/5984/1134 2264/5985/1134 2263/5986/1134
f 2258/5987/1135 2271/5988/1135 2273/5989/1135 2275/5990/1135 2277/5991/1135 2279/5992/1135
f 2273/5993/1136 2274/5994/1136 2276/5995/1136 2275/5996/1136
f 2263/5986/1137 2264/5985/1137 2266/5997/1137 2265/5998/1137
f 2279/5999/1138 2280/6000/1138 2257/6001/1138 2258/6002/1138
f 2271/6003/1134 2272/6004/1134 2274/5994/1134 2273/5993/1134
f 2265/6005/1139 2266/6006/1139 2268/6007/1139 2267/6008/1139
f 2262/6009/1121 2260/6010/1121 2270/6011/1121 2268/6012/1121 2266/6013/1121 2264/6014/1121
f 2258/6002/1140 2257/6001/1140 2272/6015/1140 2271/6016/1140
f 2267/6017/1120 2268/6018/1120 2270/6019/1120 2269/6020/1120
f 2277/6021/1120 2278/6022/1120 2280/6023/1120 2279/6024/1120
f 2269/6025/1141 2270/6026/1141 2260/5976/1141 2259/5975/1141
f 2259/6027/1125 2261/6028/1125 2263/6029/1125 2265/6030/1125 2267/6031/1125 2269/6032/1125
f 2299/6033/1142 2296/6034/1142 2282/6035/1142 2286/6036/1142
f 2283/6037/1143 2284/6038/1143 2288/6039/1143 2287/6040/1143
f 2291/6041/1144 2290/6042/1144 2289/6043/1144 2292/6044/1144
f 2285/6045/1145 2286/6046/1145 2282/6047/1145 2281/6048/1145
f 2294/6049/1146 2295/6050/1146 2284/6051/1146 2283/6052/1146
f 2288/6053/1147 2284/6054/1147 2295/6055/1147 2300/6056/1147
f 2287/6057/1148 2288/6058/1148 2300/6059/1148 2297/6060/1148
f 2293/6061/1149 2298/6062/1149 2285/6063/1149 2281/6064/1149
f 2298/6065/1148 2299/6066/1148 2286/6067/1148 2285/6068/1148
f 2283/6069/1150 2287/6070/1150 2297/6071/1150 2294/6072/1150
f 2295/6050/1146 2296/6073/1146 2291/6074/1146 2292/6075/1146
f 2298/6062/1151 2293/6061/1151 2294/6072/1151 2297/6071/1151
f 2299/6066/1148 2298/6065/1148 2297/6060/1148 2300/6059/1148
f 2295/6050/1146 2294/6049/1146 2293/6076/1146 2296/6073/1146
f 2281/6077/1152 2282/6078/1152 2296/6073/1152 2293/6076/1152
f 2300/6079/1153 2295/6080/1153 2292/6081/1153 2289/6082/1153
f 2296/6083/1154 2299/6084/1154 2290/6085/1154 2291/6086/1154
f 2299/6066/1148 2300/6059/1148 2289/6087/1148 2290/6088/1148
f 2327/6089/1155 2328/6090/1155 2332/6091/1155 2331/6092/1155
f 2316/6093/1156 2301/6094/1156 2324/6095/1156 2322/6096/1156 2320/6097/1156 2318/6098/1156
f 2303/6099/1157 2304/6100/1157 2306/6101/1157 2305/6102/1157
f 2335/6103/1158 2334/6104/1158 2333/6105/1158 2336/6106/1158
f 2319/6107/1159 2320/6108/1159 2322/6109/1159 2321/6110/1159
f 2305/6111/1160 2306/6112/1160 2308/6113/1160 2307/6114/1160
f 2302/6115/1161 2315/6116/1161 2317/6117/1161 2319/6118/1161 2321/6119/1161 2323/6120/1161
f 2317/6121/1162 2318/6122/1162 2320/6123/1162 2319/6124/1162
f 2307/6114/1163 2308/6113/1163 2310/6125/1163 2309/6126/1163
f 2323/6127/1164 2324/6128/1164 2301/6129/1164 2302/6130/1164
f 2315/6131/1160 2316/6132/1160 2318/6122/1160 2317/6121/1160
f 2309/6133/1165 2310/6134/1165 2312/6135/1165 2311/6136/1165
f 2306/6137/1166 2304/6138/1166 2314/6139/1166 2312/6140/1166 2310/6141/1166 2308/6142/1166
f 2302/6143/1167 2301/6144/1167 2316/6145/1167 2315/6146/1167
f 2311/6147/1168 2312/6148/1168 2314/6149/1168 2313/6150/1168
f 2343/6151/1169 2340/6152/1169 2326/6153/1169 2330/6154/1169
f 2321/6155/1170 2322/6156/1170 2324/6128/1170 2323/6127/1170
f 2313/6150/1171 2314/6149/1171 2304/6157/1171 2303/6158/1171
f 2303/6159/1172 2305/6160/1172 2307/6161/1172 2309/6162/1172 2311/6163/1172 2313/6164/1172
f 2329/6165/1173 2330/6166/1173 2326/6167/1173 2325/6168/1173
f 2338/6169/1146 2339/6170/1146 2328/6171/1146 2327/6172/1146
f 2332/6173/1174 2328/6174/1174 2339/6175/1174 2344/6176/1174
f 2331/6177/1148 2332/6178/1148 2344/6179/1148 2341/6180/1148
f 2337/6181/1175 2342/6182/1175 2329/6183/1175 2325/6184/1175
f 2342/6185/1148 2343/6186/1148 2330/6187/1148 2329/6188/1148
f 2327/6189/1176 2331/6190/1176 2341/6191/1176 2338/6192/1176
f 2339/6170/1146 2340/6193/1146 2335/6194/1146 2336/6195/1146
f 2342/6182/1177 2337/6181/1177 2338/6192/1177 2341/6191/1177
f 2343/6186/1148 2342/6185/1148 2341/6180/1148 2344/6179/1148
f 2339/6170/1146 2338/6169/1146 2337/6196/1146 2340/6193/1146
f 2325/6197/1146 2326/6198/1146 2340/6193/1146 2337/6196/1146
f 2344/6199/1178 2339/6200/1178 2336/6201/1178 2333/6202/1178
f 2340/6203/1179 2343/6204/1179 2334/6205/1179 2335/6206/1179
f 2343/6186/1148 2344/6179/1148 2333/6207/1148 2334/6208/1148
f 2360/6209/1180 2345/6210/1180 2368/6211/1180 2366/6212/1180 2364/6213/1180 2362/6214/1180
f 2347/6215/1181 2348/6216/1181 2350/6217/1181 2349/6218/1181
f 2363/6219/1182 2364/6220/1182 2366/6221/1182 2365/6222/1182
f 2349/6223/1160 2350/6224/1160 2352/6225/1160 2351/6226/1160
f 2346/6227/1183 2359/6228/1183 2361/6229/1183 2363/6230/1183 2365/6231/1183 2367/6232/1183
f 2361/6233/1184 2362/6234/1184 2364/6235/1184 2363/6236/1184
f 2351/6226/1185 2352/6225/1185 2354/6237/1185 2353/6238/1185
f 2367/6239/1186 2368/6240/1186 2345/6241/1186 2346/6242/1186
f 2359/6243/1187 2360/6244/1187 2362/6234/1187 2361/6233/1187
f 2353/6245/1188 2354/6246/1188 2356/6247/1188 2355/6248/1188
f 2350/6249/1189 2348/6250/1189 2358/6251/1189 2356/6252/1189 2354/6253/1189 2352/6254/1189
f 2346/6255/1190 2345/6256/1190 2360/6257/1190 2359/6258/1190
f 2355/6259/1168 2356/6260/1168 2358/6261/1168 2357/6262/1168
f 2365/6263/1170 2366/6264/1170 2368/6240/1170 2367/6239/1170
f 2357/6262/1191 2358/6261/1191 2348/6265/1191 2347/6266/1191
f 2347/6267/1192 2349/6268/1192 2351/6269/1192 2353/6270/1192 2355/6271/1192 2357/6272/1192
f 2369/6273/1193 2370/6274/1193 2372/6275/1193 2371/6276/1193
f 2371/6277/1194 2372/6278/1194 2376/6279/1194 2375/6280/1194
f 2375/6281/1195 2376/6282/1195 2374/6283/1195 2373/6284/1195
f 2373/6285/1196 2374/6286/1196 2370/6287/1196 2369/6288/1196
f 2371/6289/1197 2375/6290/1197 2373/6291/1197 2369/6292/1197
f 2376/6293/1198 2372/6294/1198 2370/6295/1198 2374/6296/1198
f 2377/6297/1199 2378/6298/1199 2380/6299/1199 2379/6300/1199
f 2379/6301/1200 2380/6302/1200 2384/6303/1200 2383/6304/1200
f 2383/6305/1201 2384/6306/1201 2382/6307/1201 2381/6308/1201
f 2381/6309/1202 2382/6310/1202 2378/6311/1202 2377/6312/1202
f 2379/6313/21 2383/6314/21 2381/6315/21 2377/6316/21
f 2384/6317/16 2380/6318/16 2378/6319/16 2382/6320/16
f 2385/6321/25 2386/6322/25 2388/6323/25 2387/6324/25
f 2387/6325/45 2388/6326/45 2392/6327/45 2391/6328/45
f 2391/6329/22 2392/6330/22 2390/6331/22 2389/6332/22
f 2389/6333/46 2390/6334/46 2386/6335/46 2385/6336/46
f 2387/6337/21 2391/6338/21 2389/6339/21 2385/6340/21
f 2392/6341/16 2388/6342/16 2386/6343/16 2390/6344/16
f 2393/6345/1203 2394/6346/1203 2396/6347/1203 2395/6348/1203
f 2395/6349/1204 2396/6350/1204 2400/6351/1204 2399/6352/1204
f 2399/6353/1205 2400/6354/1205 2398/6355/1205 2397/6356/1205
f 2397/6357/1206 2398/6358/1206 2394/6359/1206 2393/6360/1206
f 2395/6361/1207 2399/6362/1207 2397/6363/1207 2393/6364/1207
f 2400/6365/1208 2396/6366/1208 2394/6367/1208 2398/6368/1208
f 2401/6369/1209 2402/6370/1209 2404/6371/1209 2403/6372/1209
f 2403/6373/1210 2404/6374/1210 2408/6375/1210 2407/6376/1210
f 2407/6377/1211 2408/6378/1211 2406/6379/1211 2405/6380/1211
f 2405/6381/1212 2406/6382/1212 2402/6383/1212 2401/6384/1212
f 2403/6385/1213 2407/6386/1213 2405/6387/1213 2401/6388/1213
f 2408/6389/1214 2404/6390/1214 2402/6391/1214 2406/6392/1214
f 2409/6393/1215 2410/6394/1215 2412/6395/1215 2411/6396/1215
f 2411/6397/1216 2412/6398/1216 2416/6399/1216 2415/6400/1216
f 2415/6401/1217 2416/6402/1217 2414/6403/1217 2413/6404/1217
f 2413/6405/1218 2414/6406/1218 2410/6407/1218 2409/6408/1218
f 2411/6409/1219 2415/6410/1219 2413/6411/1219 2409/6412/1219
f 2416/6413/1220 2412/6414/1220 2410/6415/1220 2414/6416/1220
f 2417/6417/1221 2418/6418/1221 2420/6419/1221 2419/6420/1221
f 2419/6421/1222 2420/6422/1222 2424/6423/1222 2423/6424/1222
f 2423/6425/1223 2424/6426/1223 2422/6427/1223 2421/6428/1223
f 2421/6429/1224 2422/6430/1224 2418/6431/1224 2417/6432/1224
f 2419/6433/1225 2423/6434/1225 2421/6435/1225 2417/6436/1225
f 2424/6437/1226 2420/6438/1226 2418/6439/1226 2422/6440/1226
f 2425/6441/1227 2426/6442/1227 2428/6443/1227 2427/6444/1227
f 2427/6445/1228 2428/6446/1228 2432/6447/1228 2431/6448/1228
f 2431/6449/1229 2432/6450/1229 2430/6451/1229 2429/6452/1229
f 2429/6453/1230 2430/6454/1230 2426/6455/1230 2425/6456/1230
f 2427/6457/1231 2431/6458/1231 2429/6459/1231 2425/6460/1231
f 2432/6461/1232 2428/6462/1232 2426/6463/1232 2430/6464/1232
f 2433/6465/1233 2434/6466/1233 2436/6467/1233 2435/6468/1233
f 2435/6469/1234 2436/6470/1234 2440/6471/1234 2439/6472/1234
f 2439/6473/1235 2440/6474/1235 2438/6475/1235 2437/6476/1235
f 2437/6477/1236 2438/6478/1236 2434/6479/1236 2433/6480/1236
f 2435/6481/1237 2439/6482/1237 2437/6483/1237 2433/6484/1237
f 2440/6485/1238 2436/6486/1238 2434/6487/1238 2438/6488/1238
f 2441/6489/1239 2442/6490/1239 2444/6491/1239 2443/6492/1239
f 2443/6493/1240 2444/6494/1240 2448/6495/1240 2447/6496/1240
f 2447/6497/1241 2448/6498/1241 2446/6499/1241 2445/6500/1241
f 2445/6501/1242 2446/6502/1242 2442/6503/1242 2441/6504/1242
f 2443/6505/1243 2447/6506/1243 2445/6507/1243 2441/6508/1243
f 2448/6509/1244 2444/6510/1244 2442/6511/1244 2446/6512/1244
f 2449/6513/1245 2450/6514/1245 2452/6515/1245 2451/6516/1245
f 2451/6517/1246 2452/6518/1246 2456/6519/1246 2455/6520/1246
f 2455/6521/1247 2456/6522/1247 2454/6523/1247 2453/6524/1247
f 2453/6525/1248 2454/6526/1248 2450/6527/1248 2449/6528/1248
f 2451/6529/1249 2455/6530/1249 2453/6531/1249 2449/6532/1249
f 2456/6533/1250 2452/6534/1250 2450/6535/1250 2454/6536/1250
f 2457/6537/1251 2458/6538/1251 2460/6539/1251 2459/6540/1251
f 2459/6541/1252 2460/6542/1252 2464/6543/1252 2463/6544/1252
f 2463/6545/1253 2464/6546/1253 2462/6547/1253 2461/6548/1253
f 2461/6549/1254 2462/6550/1254 2458/6551/1254 2457/6552/1254
f 2459/6553/1255 2463/6554/1255 2461/6555/1255 2457/6556/1255
f 2464/6557/1256 2460/6558/1256 2458/6559/1256 2462/6560/1256
f 2465/6561/1257 2466/6562/1257 2468/6563/1257 2467/6564/1257
f 2467/6565/1258 2468/6566/1258 2472/6567/1258 2471/6568/1258
f 2471/6569/1259 2472/6570/1259 2470/6571/1259 2469/6572/1259
f 2469/6573/1260 2470/6574/1260 2466/6575/1260 2465/6576/1260
f 2467/6577/1261 2471/6578/1261 2469/6579/1261 2465/6580/1261
f 2472/6581/1262 2468/6582/1262 2466/6583/1262 2470/6584/1262
f 2473/6585/1263 2474/6586/1263 2476/6587/1263 2475/6588/1263
f 2475/6589/1264 2476/6590/1264 2480/6591/1264 2479/6592/1264
f 2479/6593/1265 2480/6594/1265 2478/6595/1265 2477/6596/1265
f 2477/6597/1266 2478/6598/1266 2474/6599/1266 2473/6600/1266
f 2475/6601/1267 2479/6602/1267 2477/6603/1267 2473/6604/1267
f 2480/6605/1268 2476/6606/1268 2474/6607/1268 2478/6608/1268
f 2481/6609/1269 2482/6610/1269 2484/6611/1269 2483/6612/1269
f 2483/6613/1270 2484/6614/1270 2488/6615/1270 2487/6616/1270
f 2487/6617/1271 2488/6618/1271 2486/6619/1271 2485/6620/1271
f 2485/6621/1272 2486/6622/1272 2482/6623/1272 2481/6624/1272
f 2483/6625/1273 2487/6626/1273 2485/6627/1273 2481/6628/1273
f 2488/6629/1274 2484/6630/1274 2482/6631/1274 2486/6632/1274
f 2489/6633/1275 2490/6634/1275 2492/6635/1275 2491/6636/1275
f 2491/6637/1276 2492/6638/1276 2496/6639/1276 2495/6640/1276
f 2495/6641/1277 2496/6642/1277 2494/6643/1277 2493/6644/1277
f 2493/6645/1278 2494/6646/1278 2490/6647/1278 2489/6648/1278
f 2491/6649/1279 2495/6650/1279 2493/6651/1279 2489/6652/1279
f 2496/6653/1280 2492/6654/1280 2490/6655/1280 2494/6656/1280
f 2497/6657/1281 2498/6658/1281 2500/6659/1281 2499/6660/1281
f 2499/6661/1282 2500/6662/1282 2504/6663/1282 2503/6664/1282
f 2503/6665/1283 2504/6666/1283 2502/6667/1283 2501/6668/1283
f 2501/6669/1284 2502/6670/1284 2498/6671/1284 2497/6672/1284
f 2499/6673/1285 2503/6674/1285 2501/6675/1285 2497/6676/1285
f 2504/6677/1286 2500/6678/1286 2498/6679/1286 2502/6680/1286
f 2505/6681/1287 2506/6682/1287 2508/6683/1287 2507/6684/1287
f 2507/6685/1288 2508/6686/1288 2512/6687/1288 2511/6688/1288
f 2511/6689/1289 2512/6690/1289 2510/6691/1289 2509/6692/1289
f 2509/6693/1290 2510/6694/1290 2506/6695/1290 2505/6696/1290
f 2507/6697/1291 2511/6698/1291 2509/6699/1291 2505/6700/1291
f 2512/6701/1292 2508/6702/1292 2506/6703/1292 2510/6704/1292
f 2513/6705/1293 2514/6706/1293 2516/6707/1293 2515/6708/1293
f 2515/6709/1294 2516/6710/1294 2520/6711/1294 2519/6712/1294
f 2519/6713/1295 2520/6714/1295 2518/6715/1295 2517/6716/1295
f 2517/6717/1296 2518/6718/1296 2514/6719/1296 2513/6720/1296
f 2515/6721/1297 2519/6722/1297 2517/6723/1297 2513/6724/1297
f 2520/6725/1298 2516/6726/1298 2514/6727/1298 2518/6728/1298
f 2521/6729/1299 2522/6730/1299 2524/6731/1299 2523/6732/1299
f 2523/6733/1300 2524/6734/1300 2528/6735/1300 2527/6736/1300
f 2527/6737/1301 2528/6738/1301 2526/6739/1301 2525/6740/1301
f 2525/6741/1302 2526/6742/1302 2522/6743/1302 2521/6744/1302
f 2523/6745/1303 2527/6746/1303 2525/6747/1303 2521/6748/1303
f 2528/6749/1304 2524/6750/1304 2522/6751/1304 2526/6752/1304
f 2529/6753/1305 2530/6754/1305 2532/6755/1305 2531/6756/1305
f 2531/6757/1306 2532/6758/1306 2536/6759/1306 2535/6760/1306
f 2535/6761/1307 2536/6762/1307 2534/6763/1307 2533/6764/1307
f 2533/6765/1308 2534/6766/1308 2530/6767/1308 2529/6768/1308
f 2531/6769/1309 2535/6770/1309 2533/6771/1309 2529/6772/1309
f 2536/6773/1310 2532/6774/1310 2530/6775/1310 2534/6776/1310
f 2537/6777/1311 2538/6778/1311 2540/6779/1311 2539/6780/1311
f 2539/6781/1312 2540/6782/1312 2544/6783/1312 2543/6784/1312
f 2543/6785/1313 2544/6786/1313 2542/6787/1313 2541/6788/1313
f 2541/6789/1314 2542/6790/1314 2538/6791/1314 2537/6792/1314
f 2539/6793/1315 2543/6794/1315 2541/6795/1315 2537/6796/1315
f 2544/6797/1316 2540/6798/1316 2538/6799/1316 2542/6800/1316
f 2545/6801/1317 2546/6802/1317 2548/6803/1317 2547/6804/1317
f 2547/6805/1318 2548/6806/1318 2552/6807/1318 2551/6808/1318
f 2551/6809/1319 2552/6810/1319 2550/6811/1319 2549/6812/1319
f 2549/6813/1320 2550/6814/1320 2546/6815/1320 2545/6816/1320
f 2547/6817/1321 2551/6818/1321 2549/6819/1321 2545/6820/1321
f 2552/6821/1322 2548/6822/1322 2546/6823/1322 2550/6824/1322
f 2553/6825/1323 2554/6826/1323 2556/6827/1323 2555/6828/1323
f 2555/6829/1324 2556/6830/1324 2560/6831/1324 2559/6832/1324
f 2559/6833/1325 2560/6834/1325 2558/6835/1325 2557/6836/1325
f 2557/6837/1326 2558/6838/1326 2554/6839/1326 2553/6840/1326
f 2555/6841/1327 2559/6842/1327 2557/6843/1327 2553/6844/1327
f 2560/6845/1328 2556/6846/1328 2554/6847/1328 2558/6848/1328
f 2571/6849/1329 2562/6850/1329 2564/6851/1329 2572/6852/1329
f 2569/6853/1330 2568/6854/1330 2566/6855/1330 2570/6856/1330
f 2563/6857/1331 2567/6858/1331 2565/6859/1331 2561/6860/1331
f 2568/6861/1332 2564/6862/1332 2562/6863/1332 2566/6864/1332
f 2573/6865/1333 2569/6866/1333 2570/6867/1333 2574/6868/1333
f 2576/6869/1334 2571/6870/1334 2572/6871/1334 2575/6872/1334
f 2567/6873/1335 2573/6874/1335 2574/6875/1335 2565/6876/1335
f 2561/6877/1336 2576/6878/1336 2575/6879/1336 2563/6880/1336
f 2587/6881/1337 2578/6882/1337 2580/6883/1337 2588/6884/1337
f 2585/6885/1330 2584/6886/1330 2582/6887/1330 2586/6888/1330
f 2579/6889/1338 2583/6890/1338 2581/6891/1338 2577/6892/1338
f 2584/6893/1339 2580/6894/1339 2578/6895/1339 2582/6896/1339
f 2589/6897/1340 2585/6898/1340 2586/6899/1340 2590/6900/1340
f 2592/6901/1341 2587/6902/1341 2588/6903/1341 2591/6904/1341
f 2583/6905/1342 2589/6906/1342 2590/6907/1342 2581/6908/1342
f 2577/6909/1343 2592/6910/1343 2591/6911/1343 2579/6912/1343
f 2611/6913/1344 2608/6914/1344 2594/6915/1344 2598/6916/1344
f 2595/6917/1345 2596/6918/1345 2600/6919/1345 2599/6920/1345
f 2603/6921/1346 2602/6922/1346 2601/6923/1346 2604/6924/1346
f 2597/6925/1347 2598/6926/1347 2594/6927/1347 2593/6928/1347
f 2606/6929/1348 2607/6930/1348 2596/6931/1348 2595/6932/1348
f 2600/6933/1349 2596/6934/1349 2607/6935/1349 2612/6936/1349
f 2599/6937/1350 2600/6938/1350 2612/6939/1350 2609/6940/1350
f 2605/6941/1351 2610/6942/1351 2597/6943/1351 2593/6944/1351
f 2610/6945/1350 2611/6946/1350 2598/6947/1350 2597/6948/1350
f 2595/6949/1352 2599/6950/1352 2609/6951/1352 2606/6952/1352
f 2607/6930/1353 2608/6953/1353 2603/6954/1353 2604/6955/1353
f 2610/6942/1354 2605/6941/1354 2606/6952/1354 2609/6951/1354
f 2611/6946/1350 2610/6945/1350 2609/6940/1350 2612/6939/1350
f 2607/6930/1348 2606/6929/1348 2605/6956/1348 2608/6953/1348
f 2593/6957/1348 2594/6958/1348 2608/6953/1348 2605/6956/1348
f 2612/6959/1355 2607/6960/1355 2604/6961/1355 2601/6962/1355
f 2608/6963/1356 2611/6964/1356 2602/6965/1356 2603/6966/1356
f 2611/6946/1350 2612/6939/1350 2601/6967/1350 2602/6968/1350
f 2639/6969/1357 2640/6970/1357 2644/6971/1357 2643/6972/1357
f 2628/6973/1349 2613/6974/1349 2636/6975/1349 2634/6976/1349 2632/6977/1349 2630/6978/1349
f 2615/6979/1358 2616/6980/1358 2618/6981/1358 2617/6982/1358
f 2647/6983/1359 2646/6984/1359 2645/6985/1359 2648/6986/1359
f 2631/6987/1360 2632/6988/1360 2634/6989/1360 2633/6990/1360
f 2617/6991/1361 2618/6992/1361 2620/6993/1361 2619/6994/1361
f 2614/6995/1352 2627/6996/1352 2629/6997/1352 2631/6998/1352 2633/6999/1352 2635/7000/1352
f 2629/7001/1362 2630/7002/1362 2632/7003/1362 2631/7004/1362
f 2619/6994/1363 2620/6993/1363 2622/7005/1363 2621/7006/1363
f 2635/7007/1364 2636/7008/1364 2613/7009/1364 2614/7010/1364
f 2627/7011/1361 2628/7012/1361 2630/7002/1361 2629/7001/1361
f 2621/7013/1365 2622/7014/1365 2624/7015/1365 2623/7016/1365
f 2618/7017/1344 2616/7018/1344 2626/7019/1344 2624/7020/1344 2622/7021/1344 2620/7022/1344
f 2614/7023/1366 2613/7024/1366 2628/7025/1366 2627/7026/1366
f 2623/7027/1367 2624/7028/1367 2626/7029/1367 2625/7030/1367
f 2655/7031/1368 2652/7032/1368 2638/7033/1368 2642/7034/1368
f 2633/7035/1367 2634/7036/1367 2636/7008/1367 2635/7007/1367
f 2625/7030/1369 2626/7029/1369 2616/7037/1369 2615/7038/1369
f 2615/7039/1351 2617/7040/1351 2619/7041/1351 2621/7042/1351 2623/7043/1351 2625/7044/1351
f 2641/7045/1370 2642/7046/1370 2638/7047/1370 2637/7048/1370
f 2650/7049/1348 2651/7050/1348 2640/7051/1348 2639/7052/1348
f 2644/7053/1371 2640/7054/1371 2651/7055/1371 2656/7056/1371
f 2643/7057/1350 2644/7058/1350 2656/7059/1350 2653/7060/1350
f 2649/7061/1372 2654/7062/1372 2641/7063/1372 2637/7064/1372
f 2654/7065/1350 2655/7066/1350 2642/7067/1350 2641/7068/1350
f 2639/7069/1373 2643/7070/1373 2653/7071/1373 2650/7072/1373
f 2651/7050/1353 2652/7073/1353 2647/7074/1353 2648/7075/1353
f 2654/7062/1374 2649/7061/1374 2650/7072/1374 2653/7071/1374
f 2655/7066/1350 2654/7065/1350 2653/7060/1350 2656/7059/1350
f 2651/7050/1375 2650/7049/1375 2649/7076/1375 2652/7073/1375
f 2637/7077/1353 2638/7078/1353 2652/7073/1353 2649/7076/1353
f 2656/7079/1376 2651/7080/1376 2648/7081/1376 2645/7082/1376
f 2652/7083/1377 2655/7084/1377 2646/7085/1377 2647/7086/1377
f 2655/7066/1378 2656/7059/1378 2645/7087/1378 2646/7088/1378
f 2672/7089/1371 2657/7090/1371 2680/7091/1371 2678/7092/1371 2676/7093/1371 2674/7094/1371
f 2659/7095/1379 2660/7096/1379 2662/7097/1379 2661/7098/1379
f 2675/7099/1380 2676/7100/1380 2678/7101/1380 2677/7102/1380
f 2661/7103/1381 2662/7104/1381 2664/7105/1381 2663/7106/1381
f 2658/7107/1382 2671/7108/1382 2673/7109/1382 2675/7110/1382 2677/7111/1382 2679/7112/1382
f 2673/7113/1383 2674/7114/1383 2676/7115/1383 2675/7116/1383
f 2663/7106/1384 2664/7105/1384 2666/7117/1384 2665/7118/1384
f 2679/7119/1385 2680/7120/1385 2657/7121/1385 2658/7122/1385
f 2671/7123/1361 2672/7124/1361 2674/7114/1361 2673/7113/1361
f 2665/7125/1386 2666/7126/1386 2668/7127/1386 2667/7128/1386
f 2662/7129/1368 2660/7130/1368 2670/7131/1368 2668/7132/1368 2666/7133/1368 2664/7134/1368
f 2658/7135/1387 2657/7136/1387 2672/7137/1387 2671/7138/1387
f 2667/7139/1367 2668/7140/1367 2670/7141/1367 2669/7142/1367
f 2677/7143/1367 2678/7144/1367 2680/7120/1367 2679/7119/1367
f 2669/7142/1388 2670/7141/1388 2660/7145/1388 2659/7146/1388
f 2659/7147/1372 2661/7148/1372 2663/7149/1372 2665/7150/1372 2667/7151/1372 2669/7152/1372
f 2699/7153/1389 2696/7154/1389 2682/7155/1389 2686/7156/1389
f 2683/7157/1390 2684/7158/1390 2688/7159/1390 2687/7160/1390
f 2691/7161/1391 2690/7162/1391 2689/7163/1391 2692/7164/1391
f 2685/7165/1392 2686/7166/1392 2682/7167/1392 2681/7168/1392
f 2694/7169/1393 2695/7170/1393 2684/7171/1393 2683/7172/1393
f 2688/7173/1394 2684/7174/1394 2695/7175/1394 2700/7176/1394
f 2687/7177/1395 2688/7178/1395 2700/7179/1395 2697/7180/1395
f 2693/7181/1396 2698/7182/1396 2685/7183/1396 2681/7184/1396
f 2698/7185/1395 2699/7186/1395 2686/7187/1395 2685/7188/1395
f 2683/7189/1397 2687/7190/1397 2697/7191/1397 2694/7192/1397
f 2695/7170/1393 2696/7193/1393 2691/7194/1393 2692/7195/1393
f 2698/7182/1398 2693/7181/1398 2694/7192/1398 2697/7191/1398
f 2699/7186/1395 2698/7185/1395 2697/7180/1395 2700/7179/1395
f 2695/7170/1399 2694/7169/1399 2693/7196/1399 2696/7193/1399
f 2681/7197/1393 2682/7198/1393 2696/7193/1393 2693/7196/1393
f 2700/7199/1400 2695/7200/1400 2692/7201/1400 2689/7202/1400
f 2696/7203/1401 2699/7204/1401 2690/7205/1401 2691/7206/1401
f 2699/7186/1395 2700/7179/1395 2689/7207/1395 2690/7208/1395
f 2727/7209/1402 2728/7210/1402 2732/7211/1402 2731/7212/1402
f 2716/7213/1394 2701/7214/1394 2724/7215/1394 2722/7216/1394 2720/7217/1394 2718/7218/1394
f 2703/7219/1403 2704/7220/1403 2706/7221/1403 2705/7222/1403
f 2735/7223/1404 2734/7224/1404 2733/7225/1404 2736/7226/1404
f 2719/7227/1405 2720/7228/1405 2722/7229/1405 2721/7230/1405
f 2705/7231/1406 2706/7232/1406 2708/7233/1406 2707/7234/1406
f 2702/7235/1397 2715/7236/1397 2717/7237/1397 2719/7238/1397 2721/7239/1397 2723/7240/1397
f 2717/7241/1407 2718/7242/1407 2720/7243/1407 2719/7244/1407
f 2707/7234/1408 2708/7233/1408 2710/7245/1408 2709/7246/1408
f 2723/7247/1409 2724/7248/1409 2701/7249/1409 2702/7250/1409
f 2715/7251/1410 2716/7252/1410 2718/7242/1410 2717/7241/1410
f 2709/7253/1411 2710/7254/1411 2712/7255/1411 2711/7256/1411
f 2706/7257/1389 2704/7258/1389 2714/7259/1389 2712/7260/1389 2710/7261/1389 2708/7262/1389
f 2702/7263/1412 2701/7264/1412 2716/7265/1412 2715/7266/1412
f 2711/7267/1413 2712/7268/1413 2714/7269/1413 2713/7270/1413
f 2743/7271/1414 2740/7272/1414 2726/7273/1414 2730/7274/1414
f 2721/7275/1413 2722/7276/1413 2724/7248/1413 2723/7247/1413
f 2713/7270/1415 2714/7269/1415 2704/7277/1415 2703/7278/1415
f 2703/7279/1396 2705/7280/1396 2707/7281/1396 2709/7282/1396 2711/7283/1396 2713/7284/1396
f 2729/7285/1416 2730/7286/1416 2726/7287/1416 2725/7288/1416
f 2738/7289/1393 2739/7290/1393 2728/7291/1393 2727/7292/1393
f 2732/7293/1417 2728/7294/1417 2739/7295/1417 2744/7296/1417
f 2731/7297/1395 2732/7298/1395 2744/7299/1395 2741/7300/1395
f 2737/7301/1418 2742/7302/1418 2729/7303/1418 2725/7304/1418
f 2742/7305/1395 2743/7306/1395 2730/7307/1395 2729/7308/1395
f 2727/7309/1419 2731/7310/1419 2741/7311/1419 2738/7312/1419
f 2739/7290/1393 2740/7313/1393 2735/7314/1393 2736/7315/1393
f 2742/7302/1420 2737/7301/1420 2738/7312/1420 2741/7311/1420
f 2743/7306/1395 2742/7305/1395 2741/7300/1395 2744/7299/1395
f 2739/7290/1393 2738/7289/1393 2737/7316/1393 2740/7313/1393
f 2725/7317/1393 2726/7318/1393 2740/7313/1393 2737/7316/1393
f 2744/7319/1421 2739/7320/1421 2736/7321/1421 2733/7322/1421
f 2740/7323/1422 2743/7324/1422 2734/7325/1422 2735/7326/1422
f 2743/7306/1395 2744/7299/1395 2733/7327/1395 2734/7328/1395
f 2760/7329/1417 2745/7330/1417 2768/7331/1417 2766/7332/1417 2764/7333/1417 2762/7334/1417
f 2747/7335/1423 2748/7336/1423 2750/7337/1423 2749/7338/1423
f 2763/7339/1424 2764/7340/1424 2766/7341/1424 2765/7342/1424
f 2749/7343/1406 2750/7344/1406 2752/7345/1406 2751/7346/1406
f 2746/7347/1419 2759/7348/1419 2761/7349/1419 2763/7350/1419 2765/7351/1419 2767/7352/1419
f 2761/7353/1425 2762/7354/1425 2764/7355/1425 2763/7356/1425
f 2751/7346/1426 2752/7345/1426 2754/7357/1426 2753/7358/1426
f 2767/7359/1427 2768/7360/1427 2745/7361/1427 2746/7362/1427
f 2759/7363/1406 2760/7364/1406 2762/7354/1406 2761/7353/1406
f 2753/7365/1428 2754/7366/1428 2756/7367/1428 2755/7368/1428
f 2750/7369/1414 2748/7370/1414 2758/7371/1414 2756/7372/1414 2754/7373/1414 2752/7374/1414
f 2746/7375/1429 2745/7376/1429 2760/7377/1429 2759/7378/1429
f 2755/7379/1413 2756/7380/1413 2758/7381/1413 2757/7382/1413
f 2765/7383/1413 2766/7384/1413 2768/7360/1413 2767/7359/1413
f 2757/7382/1430 2758/7381/1430 2748/7385/1430 2747/7386/1430
f 2747/7387/1418 2749/7388/1418 2751/7389/1418 2753/7390/1418 2755/7391/1418 2757/7392/1418
f 2787/7393/1431 2784/7394/1431 2770/7395/1431 2774/7396/1431
f 2771/7397/1432 2772/7398/1432 2776/7399/1432 2775/7400/1432
f 2779/7401/1433 2778/7402/1433 2777/7403/1433 2780/7404/1433
f 2773/7405/1434 2774/7406/1434 2770/7407/1434 2769/7408/1434
f 2782/7409/1435 2783/7410/1435 2772/7411/1435 2771/7412/1435
f 2776/7413/1436 2772/7414/1436 2783/7415/1436 2788/7416/1436
f 2775/7417/1437 2776/7418/1437 2788/7419/1437 2785/7420/1437
f 2781/7421/1438 2786/7422/1438 2773/7423/1438 2769/7424/1438
f 2786/7425/1437 2787/7426/1437 2774/7427/1437 2773/7428/1437
f 2771/7429/1439 2775/7430/1439 2785/7431/1439 2782/7432/1439
f 2783/7410/1435 2784/7433/1435 2779/7434/1435 2780/7435/1435
f 2786/7422/1440 2781/7421/1440 2782/7432/1440 2785/7431/1440
f 2787/7426/1437 2786/7425/1437 2785/7420/1437 2788/7419/1437
f 2783/7410/1435 2782/7409/1435 2781/7436/1435 2784/7433/1435
f 2769/7437/1435 2770/7438/1435 2784/7433/1435 2781/7436/1435
f 2788/7439/1441 2783/7440/1441 2780/7441/1441 2777/7442/1441
f 2784/7443/1442 2787/7444/1442 2778/7445/1442 2779/7446/1442
f 2787/7426/1437 2788/7419/1437 2777/7447/1437 2778/7448/1437
f 2815/7449/1443 2816/7450/1443 2820/7451/1443 2819/7452/1443
f 2804/7453/1436 2789/7454/1436 2812/7455/1436 2810/7456/1436 2808/7457/1436 2806/7458/1436
f 2791/7459/1444 2792/7460/1444 2794/7461/1444 2793/7462/1444
f 2823/7463/1445 2822/7464/1445 2821/7465/1445 2824/7466/1445
f 2807/7467/1446 2808/7468/1446 2810/7469/1446 2809/7470/1446
f 2793/7471/1447 2794/7472/1447 2796/7473/1447 2795/7474/1447
f 2790/7475/1439 2803/7476/1439 2805/7477/1439 2807/7478/1439 2809/7479/1439 2811/7480/1439
f 2805/7481/1448 2806/7482/1448 2808/7483/1448 2807/7484/1448
f 2795/7474/1449 2796/7473/1449 2798/7485/1449 2797/7486/1449
f 2811/7487/1450 2812/7488/1450 2789/7489/1450 2790/7490/1450
f 2803/7491/1451 2804/7492/1451 2806/7482/1451 2805/7481/1451
f 2797/7493/1452 2798/7494/1452 2800/7495/1452 2799/7496/1452
f 2794/7497/1431 2792/7498/1431 2802/7499/1431 2800/7500/1431 2798/7501/1431 2796/7502/1431
f 2790/7503/1453 2789/7504/1453 2804/7505/1453 2803/7506/1453
f 2799/7507/1454 2800/7508/1454 2802/7509/1454 2801/7510/1454
f 2831/7511/1455 2828/7512/1455 2814/7513/1455 2818/7514/1455
f 2809/7515/1454 2810/7516/1454 2812/7488/1454 2811/7487/1454
f 2801/7510/1456 2802/7509/1456 2792/7517/1456 2791/7518/1456
f 2791/7519/1438 2793/7520/1438 2795/7521/1438 2797/7522/1438 2799/7523/1438 2801/7524/1438
f 2817/7525/1457 2818/7526/1457 2814/7527/1457 2813/7528/1457
f 2826/7529/1435 2827/7530/1435 2816/7531/1435 2815/7532/1435
f 2820/7533/1458 2816/7534/1458 2827/7535/1458 2832/7536/1458
f 2819/7537/1437 2820/7538/1437 2832/7539/1437 2829/7540/1437
f 2825/7541/1459 2830/7542/1459 2817/7543/1459 2813/7544/1459
f 2830/7545/1437 2831/7546/1437 2818/7547/1437 2817/7548/1437
f 2815/7549/1460 2819/7550/1460 2829/7551/1460 2826/7552/1460
f 2827/7530/1435 2828/7553/1435 2823/7554/1435 2824/7555/1435
f 2830/7542/1461 2825/7541/1461 2826/7552/1461 2829/7551/1461
f 2831/7546/1437 2830/7545/1437 2829/7540/1437 2832/7539/1437
f 2827/7530/1435 2826/7529/1435 2825/7556/1435 2828/7553/1435
f 2813/7557/1435 2814/7558/1435 2828/7553/1435 2825/7556/1435
f 2832/7559/1462 2827/7560/1462 2824/7561/1462 2821/7562/1462
f 2828/7563/1463 2831/7564/1463 2822/7565/1463 2823/7566/1463
f 2831/7546/1437 2832/7539/1437 2821/7567/1437 2822/7568/1437
f 2848/7569/1458 2833/7570/1458 2856/7571/1458 2854/7572/1458 2852/7573/1458 2850/7574/1458
f 2835/7575/1464 2836/7576/1464 2838/7577/1464 2837/7578/1464
f 2851/7579/1465 2852/7580/1465 2854/7581/1465 2853/7582/1465
f 2837/7583/1451 2838/7584/1451 2840/7585/1451 2839/7586/1451
f 2834/7587/1460 2847/7588/1460 2849/7589/1460 2851/7590/1460 2853/7591/1460 2855/7592/1460
f 2849/7593/1466 2850/7594/1466 2852/7595/1466 2851/7596/1466
f 2839/7586/1467 2840/7585/1467 2842/7597/1467 2841/7598/1467
f 2855/7599/1468 2856/7600/1468 2833/7601/1468 2834/7602/1468
f 2847/7603/1451 2848/7604/1451 2850/7594/1451 2849/7593/1451
f 2841/7605/1469 2842/7606/1469 2844/7607/1469 2843/7608/1469
f 2838/7609/1455 2836/7610/1455 2846/7611/1455 2844/7612/1455 2842/7613/1455 2840/7614/1455
f 2834/7615/1470 2833/7616/1470 2848/7617/1470 2847/7618/1470
f 2843/7619/1454 2844/7620/1454 2846/7621/1454 2845/7622/1454
f 2853/7623/1454 2854/7624/1454 2856/7600/1454 2855/7599/1454
f 2845/7622/1471 2846/7621/1471 2836/7625/1471 2835/7626/1471
f 2835/7627/1459 2837/7628/1459 2839/7629/1459 2841/7630/1459 2843/7631/1459 2845/7632/1459
f 2867/7633/1472 2858/7634/1472 2860/7635/1472 2868/7636/1472
f 2865/7637/1473 2864/7638/1473 2862/7639/1473 2866/7640/1473
f 2859/7641/1474 2863/7642/1474 2861/7643/1474 2857/7644/1474
f 2864/7645/1475 2860/7646/1475 2858/7647/1475 2862/7648/1475
f 2869/7649/1476 2865/7650/1476 2866/7651/1476 2870/7652/1476
f 2872/7653/1477 2867/7654/1477 2868/7655/1477 2871/7656/1477
f 2863/7657/1478 2869/7658/1478 2870/7659/1478 2861/7660/1478
f 2857/7661/1479 2872/7662/1479 2871/7663/1479 2859/7664/1479
f 2883/7665/1480 2874/7666/1480 2876/7667/1480 2884/7668/1480
f 2881/7669/1481 2880/7670/1481 2878/7671/1481 2882/7672/1481
f 2875/7673/1482 2879/7674/1482 2877/7675/1482 2873/7676/1482
f 2880/7677/1483 2876/7678/1483 2874/7679/1483 2878/7680/1483
f 2885/7681/1484 2881/7682/1484 2882/7683/1484 2886/7684/1484
f 2888/7685/1485 2883/7686/1485 2884/7687/1485 2887/7688/1485
f 2879/7689/1486 2885/7690/1486 2886/7691/1486 2877/7692/1486
f 2873/7693/1487 2888/7694/1487 2887/7695/1487 2875/7696/1487
f 2907/7697/1488 2904/7698/1488 2890/7699/1488 2894/7700/1488
f 2891/7701/1489 2892/7702/1489 2896/7703/1489 2895/7704/1489
f 2899/7705/1490 2898/7706/1490 2897/7707/1490 2900/7708/1490
f 2893/7709/1491 2894/7710/1491 2890/7711/1491 2889/7712/1491
f 2902/7713/1492 2903/7714/1492 2892/7715/1492 2891/7716/1492
f 2896/7717/1493 2892/7718/1493 2903/7719/1493 2908/7720/1493
f 2895/7721/1494 2896/7722/1494 2908/7723/1494 2905/7724/1494
f 2901/7725/1495 2906/7726/1495 2893/7727/1495 2889/7728/1495
f 2906/7729/1494 2907/7730/1494 2894/7731/1494 2893/7732/1494
f 2891/7733/1496 2895/7734/1496 2905/7735/1496 2902/7736/1496
f 2903/7714/1492 2904/7737/1492 2899/7738/1492 2900/7739/1492
f 2906/7726/1497 2901/7725/1497 2902/7736/1497 2905/7735/1497
f 2907/7730/1494 2906/7729/1494 2905/7724/1494 2908/7723/1494
f 2903/7714/1492 2902/7713/1492 2901/7740/1492 2904/7737/1492
f 2889/7741/1492 2890/7742/1492 2904/7737/1492 2901/7740/1492
f 2908/7743/1498 2903/7744/1498 2900/7745/1498 2897/7746/1498
f 2904/7747/1499 2907/7748/1499 2898/7749/1499 2899/7750/1499
f 2907/7730/1494 2908/7723/1494 2897/7751/1494 2898/7752/1494
f 2935/7753/1500 2936/7754/1500 2940/7755/1500 2939/7756/1500
f 2924/7757/1493 2909/7758/1493 2932/7759/1493 2930/7760/1493 2928/7761/1493 2926/7762/1493
f 2911/7763/1501 2912/7764/1501 2914/7765/1501 2913/7766/1501
f 2943/7767/1502 2942/7768/1502 2941/7769/1502 2944/7770/1502
f 2927/7771/1503 2928/7772/1503 2930/7773/1503 2929/7774/1503
f 2913/7775/1504 2914/7776/1504 2916/7777/1504 2915/7778/1504
f 2910/7779/1496 2923/7780/1496 2925/7781/1496 2927/7782/1496 2929/7783/1496 2931/7784/1496
f 2925/7785/1505 2926/7786/1505 2928/7787/1505 2927/7788/1505
f 2915/7778/1506 2916/7777/1506 2918/7789/1506 2917/7790/1506
f 2931/7791/1507 2932/7792/1507 2909/7793/1507 2910/7794/1507
f 2923/7795/1504 2924/7796/1504 2926/7786/1504 2925/7785/1504
f 2917/7797/1508 2918/7798/1508 2920/7799/1508 2919/7800/1508
f 2914/7801/1488 2912/7802/1488 2922/7803/1488 2920/7804/1488 2918/7805/1488 2916/7806/1488
f 2910/7807/1509 2909/7808/1509 2924/7809/1509 2923/7810/1509
f 2919/7811/1510 2920/7812/1510 2922/7813/1510 2921/7814/1510
f 2951/7815/1511 2948/7816/1511 2934/7817/1511 2938/7818/1511
f 2929/7819/1512 2930/7820/1512 2932/7792/1512 2931/7791/1512
f 2921/7814/1513 2922/7813/1513 2912/7821/1513 2911/7822/1513
f 2911/7823/1495 2913/7824/1495 2915/7825/1495 2917/7826/1495 2919/7827/1495 2921/7828/1495
f 2937/7829/1514 2938/7830/1514 2934/7831/1514 2933/7832/1514
f 2946/7833/1492 2947/7834/1492 2936/7835/1492 2935/7836/1492
f 2940/7837/1515 2936/7838/1515 2947/7839/1515 2952/7840/1515
f 2939/7841/1494 2940/7842/1494 2952/7843/1494 2949/7844/1494
f 2945/7845/1516 2950/7846/1516 2937/7847/1516 2933/7848/1516
f 2950/7849/1494 2951/7850/1494 2938/7851/1494 2937/7852/1494
f 2935/7853/1517 2939/7854/1517 2949/7855/1517 2946/7856/1517
f 2947/7834/1492 2948/7857/1492 2943/7858/1492 2944/7859/1492
f 2950/7846/1518 2945/7845/1518 2946/7856/1518 2949/7855/1518
f 2951/7850/1494 2950/7849/1494 2949/7844/1494 2952/7843/1494
f 2947/7834/1492 2946/7833/1492 2945/7860/1492 2948/7857/1492
f 2933/7861/1492 2934/7862/1492 2948/7857/1492 2945/7860/1492
f 2952/7863/1519 2947/7864/1519 2944/7865/1519 2941/7866/1519
f 2948/7867/1520 2951/7868/1520 2942/7869/1520 2943/7870/1520
f 2951/7850/1494 2952/7843/1494 2941/7871/1494 2942/7872/1494
f 2968/7873/1515 2953/7874/1515 2976/7875/1515 2974/7876/1515 2972/7877/1515 2970/7878/1515
f 2955/7879/1521 2956/7880/1521 2958/7881/1521 2957/7882/1521
f 2971/7883/1522 2972/7884/1522 2974/7885/1522 2973/7886/1522
f 2957/7887/1504 2958/7888/1504 2960/7889/1504 2959/7890/1504
f 2954/7891/1517 2967/7892/1517 2969/7893/1517 2971/7894/1517 2973/7895/1517 2975/7896/1517
f 2969/7897/1523 2970/7898/1523 2972/7899/1523 2971/7900/1523
f 2959/7890/1524 2960/7889/1524 2962/7901/1524 2961/7902/1524
f 2975/7903/1525 2976/7904/1525 2953/7905/1525 2954/7906/1525
f 2967/7907/1504 2968/7908/1504 2970/7898/1504 2969/7897/1504
f 2961/7909/1526 2962/7910/1526 2964/7911/1526 2963/7912/1526
f 2958/7913/1527 2956/7914/1527 2966/7915/1527 2964/7916/1527 2962/7917/1527 2960/7918/1527
f 2954/7919/1528 2953/7920/1528 2968/7921/1528 2967/7922/1528
f 2963/7923/1512 2964/7924/1512 2966/7925/1512 2965/7926/1512
f 2973/7927/1510 2974/7928/1510 2976/7904/1510 2975/7903/1510
f 2965/7926/1529 2966/7925/1529 2956/7929/1529 2955/7930/1529
f 2955/7931/1516 2957/7932/1516 2959/7918/1516 2961/7933/1516 2963/7934/1516 2965/7935/1516
f 2995/7936/1530 2992/7937/1530 2978/7938/1530 2982/7939/1530
f 2979/7940/1531 2980/7941/1531 2984/7942/1531 2983/7943/1531
f 2987/7944/1532 2986/7945/1532 2985/7946/1532 2988/7947/1532
f 2981/7948/1533 2982/7949/1533 2978/7950/1533 2977/7951/1533
f 2990/7952/1534 2991/7953/1534 2980/7954/1534 2979/7955/1534
f 2984/7956/1535 2980/7957/1535 2991/7958/1535 2996/7959/1535
f 2983/7960/1536 2984/7961/1536 2996/7962/1536 2993/7963/1536
f 2989/7964/1537 2994/7965/1537 2981/7966/1537 2977/7967/1537
f 2994/7968/1538 2995/7969/1538 2982/7970/1538 2981/7971/1538
f 2979/7972/1539 2983/7973/1539 2993/7974/1539 2990/7975/1539
f 2991/7953/1534 2992/7976/1534 2987/7977/1534 2988/7978/1534
f 2994/7965/1540 2989/7964/1540 2990/7975/1540 2993/7974/1540
f 2995/7969/1538 2994/7968/1538 2993/7963/1538 2996/7962/1538
f 2991/7953/1534 2990/7952/1534 2989/7979/1534 2992/7976/1534
f 2977/7951/1534 2978/7950/1534 2992/7976/1534 2989/7979/1534
f 2996/7980/1541 2991/7981/1541 2988/7982/1541 2985/7983/1541
f 2992/7976/1542 2995/7984/1542 2986/7985/1542 2987/7977/1542
f 2995/7969/1538 2996/7962/1538 2985/7986/1538 2986/7987/1538
f 3023/7988/1543 3024/7989/1543 3028/7990/1543 3027/7991/1543
f 3012/7992/1535 2997/7993/1535 3020/7994/1535 3018/7995/1535 3016/7996/1535 3014/7997/1535
f 2999/7998/1544 3000/7999/1544 3002/8000/1544 3001/8001/1544
f 3031/8002/1545 3030/8003/1545 3029/8004/1545 3032/8005/1545
f 3015/8006/1546 3016/8007/1546 3018/8008/1546 3017/8009/1546
f 3001/8010/1547 3002/8011/1547 3004/8012/1547 3003/8013/1547
f 2998/8014/1539 3011/8015/1539 3013/8016/1539 3015/8017/1539 3017/8018/1539 3019/8019/1539
f 3013/8020/1548 3014/8021/1548 3016/8022/1548 3015/8023/1548
f 3003/8013/1549 3004/8012/1549 3006/8024/1549 3005/8025/1549
f 3019/8026/1550 3020/8027/1550 2997/8028/1550 2998/8029/1550
f 3011/8030/1547 3012/8031/1547 3014/8021/1547 3013/8020/1547
f 3005/8032/1551 3006/8033/1551 3008/8034/1551 3007/8035/1551
f 3002/8036/1530 3000/8037/1530 3010/8038/1530 3008/8039/1530 3006/8040/1530 3004/8041/1530
f 2998/8042/1552 2997/8043/1552 3012/8044/1552 3011/8045/1552
f 3007/8035/1553 3008/8034/1553 3010/8046/1553 3009/8047/1553
f 3039/8048/1554 3036/8049/1554 3022/8050/1554 3026/8051/1554
f 3017/8009/1553 3018/8008/1553 3020/8052/1553 3019/8053/1553
f 3009/8054/1555 3010/8055/1555 3000/8056/1555 2999/8057/1555
f 2999/8058/1537 3001/8059/1537 3003/8060/1537 3005/8061/1537 3007/8062/1537 3009/8063/1537
f 3025/8064/1533 3026/8065/1533 3022/8066/1533 3021/8067/1533
f 3034/8068/1534 3035/8069/1534 3024/8070/1534 3023/8071/1534
f 3028/8072/1556 3024/8073/1556 3035/8074/1556 3040/8075/1556
f 3027/8076/1538 3028/8077/1538 3040/8078/1538 3037/8079/1538
f 3033/8080/1557 3038/8081/1557 3025/8082/1557 3021/8083/1557
f 3038/8084/1538 3039/8085/1538 3026/8086/1538 3025/8087/1538
f 3023/8088/1558 3027/8089/1558 3037/8090/1558 3034/8091/1558
f 3035/8069/1534 3036/8092/1534 3031/8093/1534 3032/8094/1534
f 3038/8081/1559 3033/8080/1559 3034/8091/1559 3037/8090/1559
f 3039/8085/1538 3038/8084/1538 3037/8079/1538 3040/8078/1538
f 3035/8069/1534 3034/8068/1534 3033/8095/1534 3036/8092/1534
f 3021/8067/1534 3022/8066/1534 3036/8092/1534 3033/8095/1534
f 3040/8096/1541 3035/8097/1541 3032/8098/1541 3029/8099/1541
f 3036/8092/1542 3039/8100/1542 3030/8101/1542 3031/8093/1542
f 3039/8085/1538 3040/8078/1538 3029/8102/1538 3030/8103/1538
f 3056/8104/1560 3041/8105/1560 3064/8106/1560 3062/8107/1560 3060/8108/1560 3058/8109/1560
f 3043/8110/1561 3044/8111/1561 3046/8112/1561 3045/8113/1561
f 3059/8114/1562 3060/8115/1562 3062/8116/1562 3061/8117/1562
f 3045/8118/1547 3046/8119/1547 3048/8120/1547 3047/8121/1547
f 3042/8122/1563 3055/8123/1563 3057/8124/1563 3059/8125/1563 3061/8126/1563 3063/8127/1563
f 3057/8128/1564 3058/8129/1564 3060/8130/1564 3059/8131/1564
f 3047/8121/1565 3048/8120/1565 3050/8132/1565 3049/8133/1565
f 3063/8134/1566 3064/8135/1566 3041/8136/1566 3042/8137/1566
f 3055/8138/1547 3056/8139/1547 3058/8129/1547 3057/8128/1547
f 3049/8140/1567 3050/8141/1567 3052/8142/1567 3051/8143/1567
f 3046/8144/1554 3044/8145/1554 3054/8146/1554 3052/8147/1554 3050/8148/1554 3048/8149/1554
f 3042/8150/1568 3041/8151/1568 3056/8152/1568 3055/8153/1568
f 3051/8143/1553 3052/8142/1553 3054/8154/1553 3053/8155/1553
f 3061/8117/1553 3062/8116/1553 3064/8156/1553 3063/8157/1553
f 3053/8158/1569 3054/8159/1569 3044/8160/1569 3043/8161/1569
f 3043/8162/1557 3045/8163/1557 3047/8164/1557 3049/8165/1557 3051/8166/1557 3053/8167/1557
f 3083/8168/1570 3080/8169/1570 3066/8170/1570 3070/8171/1570
f 3067/8172/1571 3068/8173/1571 3072/8174/1571 3071/8175/1571
f 3075/8176/1572 3074/8177/1572 3073/8178/1572 3076/8179/1572
f 3069/8180/1573 3070/8181/1573 3066/8182/1573 3065/8183/1573
f 3078/8184/1574 3079/8185/1574 3068/8186/1574 3067/8187/1574
f 3072/8188/1575 3068/8189/1575 3079/8190/1575 3084/8191/1575
f 3071/8192/1576 3072/8193/1576 3084/8194/1576 3081/8195/1576
f 3077/8196/1577 3082/8197/1577 3069/8198/1577 3065/8199/1577
f 3082/8200/1576 3083/8201/1576 3070/8202/1576 3069/8203/1576
f 3067/8204/1578 3071/8205/1578 3081/8206/1578 3078/8207/1578
f 3079/8185/1574 3080/8208/1574 3075/8209/1574 3076/8210/1574
f 3082/8197/1579 3077/8196/1579 3078/8207/1579 3081/8206/1579
f 3083/8201/1576 3082/8200/1576 3081/8195/1576 3084/8194/1576
f 3079/8185/1574 3078/8184/1574 3077/8211/1574 3080/8208/1574
f 3065/8183/1574 3066/8182/1574 3080/8208/1574 3077/8211/1574
f 3084/8212/1580 3079/8213/1580 3076/8214/1580 3073/8215/1580
f 3080/8208/1581 3083/8216/1581 3074/8217/1581 3075/8209/1581
f 3083/8201/1576 3084/8194/1576 3073/8218/1576 3074/8219/1576
f 3111/8220/1582 3112/8221/1582 3116/8222/1582 3115/8223/1582
f 3100/8224/1583 3085/8225/1583 3108/8226/1583 3106/8227/1583 3104/8228/1583 3102/8229/1583
f 3087/8230/1584 3088/8231/1584 3090/8232/1584 3089/8233/1584
f 3119/8234/1585 3118/8235/1585 3117/8236/1585 3120/8237/1585
f 3103/8238/1586 3104/8239/1586 3106/8240/1586 3105/8241/1586
f 3089/8242/1587 3090/8243/1587 3092/8244/1587 3091/8245/1587
f 3086/8246/1578 3099/8247/1578 3101/8248/1578 3103/8249/1578 3105/8250/1578 3107/8251/1578
f 3101/8252/1588 3102/8253/1588 3104/8254/1588 3103/8255/1588
f 3091/8245/1589 3092/8244/1589 3094/8256/1589 3093/8257/1589
f 3107/8258/1590 3108/8259/1590 3085/8260/1590 3086/8261/1590
f 3099/8262/1587 3100/8263/1587 3102/8253/1587 3101/8252/1587
f 3093/8264/1591 3094/8265/1591 3096/8266/1591 3095/8267/1591
f 3090/8268/1570 3088/8269/1570 3098/8270/1570 3096/8271/1570 3094/8272/1570 3092/8273/1570
f 3086/8274/1592 3085/8275/1592 3100/8276/1592 3099/8277/1592
f 3095/8267/1593 3096/8266/1593 3098/8278/1593 3097/8279/1593
f 3127/8280/1594 3124/8281/1594 3110/8282/1594 3114/8283/1594
f 3105/8241/1593 3106/8240/1593 3108/8284/1593 3107/8285/1593
f 3097/8286/1595 3098/8287/1595 3088/8288/1595 3087/8289/1595
f 3087/8290/1577 3089/8291/1577 3091/8292/1577 3093/8293/1577 3095/8294/1577 3097/8295/1577
f 3113/8296/1596 3114/8297/1596 3110/8298/1596 3109/8299/1596
f 3122/8300/1574 3123/8301/1574 3112/8302/1574 3111/8303/1574
f 3116/8304/1597 3112/8305/1597 3123/8306/1597 3128/8307/1597
f 3115/8308/1576 3116/8309/1576 3128/8310/1576 3125/8311/1576
f 3121/8312/1598 3126/8313/1598 3113/8314/1598 3109/8315/1598
f 3126/8316/1576 3127/8317/1576 3114/8318/1576 3113/8319/1576
f 3111/8320/1599 3115/8321/1599 3125/8322/1599 3122/8323/1599
f 3123/8301/1574 3124/8324/1574 3119/8325/1574 3120/8326/1574
f 3126/8313/1600 3121/8312/1600 3122/8323/1600 3125/8322/1600
f 3127/8317/1576 3126/8316/1576 3125/8311/1576 3128/8310/1576
f 3123/8301/1574 3122/8300/1574 3121/8327/1574 3124/8324/1574
f 3109/8299/1574 3110/8298/1574 3124/8324/1574 3121/8327/1574
f 3128/8328/1601 3123/8329/1601 3120/8330/1601 3117/8331/1601
f 3124/8324/1602 3127/8332/1602 3118/8333/1602 3119/8325/1602
f 3127/8317/1576 3128/8310/1576 3117/8334/1576 3118/8335/1576
f 3144/8336/1597 3129/8337/1597 3152/8338/1597 3150/8339/1597 3148/8340/1597 3146/8341/1597
f 3131/8342/1603 3132/8343/1603 3134/8344/1603 3133/8345/1603
f 3147/8346/1604 3148/8347/1604 3150/8348/1604 3149/8349/1604
f 3133/8350/1587 3134/8351/1587 3136/8352/1587 3135/8353/1587
f 3130/8354/1599 3143/8355/1599 3145/8356/1599 3147/8357/1599 3149/8358/1599 3151/8359/1599
f 3145/8360/1605 3146/8361/1605 3148/8362/1605 3147/8363/1605
f 3135/8353/1606 3136/8352/1606 3138/8364/1606 3137/8365/1606
f 3151/8366/1607 3152/8367/1607 3129/8368/1607 3130/8369/1607
f 3143/8370/1587 3144/8371/1587 3146/8361/1587 3145/8360/1587
f 3137/8372/1608 3138/8373/1608 3140/8374/1608 3139/8375/1608
f 3134/8376/1594 3132/8377/1594 3142/8378/1594 3140/8379/1594 3138/8380/1594 3136/8381/1594
f 3130/8382/1609 3129/8383/1609 3144/8384/1609 3143/8385/1609
f 3139/8375/1593 3140/8374/1593 3142/8386/1593 3141/8387/1593
f 3149/8349/1593 3150/8348/1593 3152/8388/1593 3151/8389/1593
f 3141/8390/1610 3142/8391/1610 3132/8392/1610 3131/8393/1610
f 3131/8394/1598 3133/8395/1598 3135/8396/1598 3137/8397/1598 3139/8398/1598 3141/8399/1598
f 3163/8400/1611 3154/8401/1611 3156/8402/1611 3164/8403/1611
f 3161/8404/1612 3160/8405/1612 3158/8406/1612 3162/8407/1612
f 3155/8408/1613 3159/8409/1613 3157/8410/1613 3153/8411/1613
f 3160/8412/1614 3156/8413/1614 3154/8414/1614 3158/8415/1614
f 3165/8416/1615 3161/8417/1615 3162/8418/1615 3166/8419/1615
f 3168/8420/1616 3163/8421/1616 3164/8422/1616 3167/8423/1616
f 3159/8424/1617 3165/8425/1617 3166/8426/1617 3157/8427/1617
f 3153/8428/1618 3168/8429/1618 3167/8430/1618 3155/8431/1618
f 3179/8432/1619 3170/8433/1619 3172/8434/1619 3180/8435/1619
f 3177/8436/1620 3176/8437/1620 3174/8438/1620 3178/8439/1620
f 3171/8440/1621 3175/8441/1621 3173/8442/1621 3169/8443/1621
f 3176/8444/1622 3172/8445/1622 3170/8446/1622 3174/8447/1622
f 3181/8448/1623 3177/8449/1623 3178/8450/1623 3182/8451/1623
f 3184/8452/1624 3179/8453/1624 3180/8454/1624 3183/8455/1624
f 3175/8456/1625 3181/8457/1625 3182/8458/1625 3173/8459/1625
f 3169/8460/1626 3184/8461/1626 3183/8462/1626 3171/8463/1626
f 3203/8464/1627 3200/8465/1627 3186/8466/1627 3190/8467/1627
f 3187/8468/1628 3188/8469/1628 3192/8470/1628 3191/8471/1628
f 3195/8472/1629 3194/8473/1629 3193/8474/1629 3196/8475/1629
f 3189/8476/1630 3190/8477/1630 3186/8478/1630 3185/8479/1630
f 3198/8480/1631 3199/8481/1631 3188/8482/1631 3187/8483/1631
f 3192/8484/1632 3188/8485/1632 3199/8486/1632 3204/8487/1632
f 3191/8488/1633 3192/8489/1633 3204/8490/1633 3201/8491/1633
f 3197/8492/1634 3202/8493/1634 3189/8494/1634 3185/8495/1634
f 3202/8496/1633 3203/8497/1633 3190/8477/1633 3189/8476/1633
f 3187/8498/1635 3191/8499/1635 3201/8500/1635 3198/8501/1635
f 3199/8481/1631 3200/8502/1631 3195/8503/1631 3196/8504/1631
f 3202/8493/1636 3197/8492/1636 3198/8501/1636 3201/8500/1636
f 3203/8497/1633 3202/8496/1633 3201/8491/1633 3204/8490/1633
f 3199/8481/1631 3198/8480/1631 3197/8505/1631 3200/8502/1631
f 3185/8506/1631 3186/8507/1631 3200/8502/1631 3197/8505/1631
f 3204/8508/1637 3199/8509/1637 3196/8510/1637 3193/8511/1637
f 3200/8512/1638 3203/8497/1638 3194/8513/1638 3195/8514/1638
f 3203/8497/1633 3204/8490/1633 3193/8515/1633 3194/8513/1633
f 3231/8516/1639 3232/8517/1639 3236/8518/1639 3235/8519/1639
f 3220/8520/1632 3205/8521/1632 3228/8522/1632 3226/8523/1632 3224/8524/1632 3222/8525/1632
f 3207/8526/1640 3208/8527/1640 3210/8528/1640 3209/8529/1640
f 3239/8530/1641 3238/8531/1641 3237/8532/1641 3240/8533/1641
f 3223/8534/1642 3224/8535/1642 3226/8536/1642 3225/8537/1642
f 3209/8538/1643 3210/8539/1643 3212/8540/1643 3211/8541/1643
f 3206/8542/1635 3219/8543/1635 3221/8544/1635 3223/8545/1635 3225/8546/1635 3227/8547/1635
f 3221/8548/1644 3222/8549/1644 3224/8550/1644 3223/8551/1644
f 3211/8541/1645 3212/8540/1645 3214/8552/1645 3213/8553/1645
f 3227/8554/1646 3228/8555/1646 3205/8556/1646 3206/8557/1646
f 3219/8558/1643 3220/8559/1643 3222/8549/1643 3221/8548/1643
f 3213/8560/1647 3214/8561/1647 3216/8562/1647 3215/8563/1647
f 3210/8564/1627 3208/8565/1627 3218/8566/1627 3216/8567/1627 3214/8568/1627 3212/8569/1627
f 3206/8570/1648 3205/8571/1648 3220/8572/1648 3219/8573/1648
f 3215/8563/1649 3216/8562/1649 3218/8574/1649 3217/8575/1649
f 3247/8576/1650 3244/8577/1650 3230/8578/1650 3234/8579/1650
f 3225/8537/1649 3226/8536/1649 3228/8580/1649 3227/8581/1649
f 3217/8582/1651 3218/8583/1651 3208/8584/1651 3207/8585/1651
f 3207/8586/1634 3209/8587/1634 3211/8588/1634 3213/8589/1634 3215/8590/1634 3217/8591/1634
f 3233/8592/1652 3234/8593/1652 3230/8594/1652 3229/8595/1652
f 3242/8596/1631 3243/8597/1631 3232/8598/1631 3231/8599/1631
f 3236/8600/1653 3232/8601/1653 3243/8602/1653 3248/8603/1653
f 3235/8604/1633 3236/8605/1633 3248/8606/1633 3245/8607/1633
f 3241/8608/1654 3246/8609/1654 3233/8610/1654 3229/8611/1654
f 3246/8612/1633 3247/8613/1633 3234/8593/1633 3233/8592/1633
f 3231/8614/1655 3235/8615/1655 3245/8616/1655 3242/8617/1655
f 3243/8597/1631 3244/8618/1631 3239/8619/1631 3240/8620/1631
f 3246/8609/1656 3241/8608/1656 3242/8617/1656 3245/8616/1656
f 3247/8613/1633 3246/8612/1633 3245/8607/1633 3248/8606/1633
f 3243/8597/1631 3242/8596/1631 3241/8621/1631 3244/8618/1631
f 3229/8622/1631 3230/8623/1631 3244/8618/1631 3241/8621/1631
f 3248/8624/1657 3243/8625/1657 3240/8626/1657 3237/8627/1657
f 3244/8628/1630 3247/8613/1630 3238/8629/1630 3239/8630/1630
f 3247/8613/1633 3248/8606/1633 3237/8631/1633 3238/8629/1633
f 3264/8632/1653 3249/8633/1653 3272/8634/1653 3270/8635/1653 3268/8636/1653 3266/8637/1653
f 3251/8638/1658 3252/8639/1658 3254/8640/1658 3253/8641/1658
f 3267/8642/1659 3268/8643/1659 3270/8644/1659 3269/8645/1659
f 3253/8646/1643 3254/8647/1643 3256/8648/1643 3255/8649/1643
f 3250/8650/1655 3263/8651/1655 3265/8652/1655 3267/8653/1655 3269/8654/1655 3271/8655/1655
f 3265/8656/1660 3266/8657/1660 3268/8658/1660 3267/8659/1660
f 3255/8649/1661 3256/8648/1661 3258/8660/1661 3257/8661/1661
f 3271/8662/1662 3272/8663/1662 3249/8664/1662 3250/8665/1662
f 3263/8666/1643 3264/8667/1643 3266/8657/1643 3265/8656/1643
f 3257/8668/1663 3258/8669/1663 3260/8670/1663 3259/8671/1663
f 3254/8672/1650 3252/8673/1650 3262/8674/1650 3260/8675/1650 3258/8676/1650 3256/8677/1650
f 3250/8678/1664 3249/8679/1664 3264/8680/1664 3263/8681/1664
f 3259/8671/1649 3260/8670/1649 3262/8682/1649 3261/8683/1649
f 3269/8645/1649 3270/8644/1649 3272/8684/1649 3271/8685/1649
f 3261/8686/1665 3262/8687/1665 3252/8688/1665 3251/8689/1665
f 3251/8690/1654 3253/8691/1654 3255/8692/1654 3257/8693/1654 3259/8694/1654 3261/8695/1654
f 3291/8696/1666 3288/8697/1666 3274/8698/1666 3278/8699/1666
f 3275/8700/1667 3276/8701/1667 3280/8702/1667 3279/8703/1667
f 3283/8704/1668 3282/8705/1668 3281/8706/1668 3284/8707/1668
f 3277/8708/1669 3278/8709/1669 3274/8710/1669 3273/8711/1669
f 3286/8712/1670 3287/8713/1670 3276/8714/1670 3275/8715/1670
f 3280/8716/1671 3276/8717/1671 3287/8718/1671 3292/8719/1671
f 3279/8720/1672 3280/8721/1672 3292/8722/1672 3289/8723/1672
f 3285/8724/1673 3290/8725/1673 3277/8726/1673 3273/8727/1673
f 3290/8728/1672 3291/8729/1672 3278/8709/1672 3277/8708/1672
f 3275/8730/1674 3279/8731/1674 3289/8732/1674 3286/8733/1674
f 3287/8713/1670 3288/8734/1670 3283/8735/1670 3284/8736/1670
f 3290/8725/1675 3285/8724/1675 3286/8733/1675 3289/8732/1675
f 3291/8729/1672 3290/8728/1672 3289/8723/1672 3292/8722/1672
f 3287/8713/1670 3286/8712/1670 3285/8737/1670 3288/8734/1670
f 3273/8738/1670 3274/8739/1670 3288/8734/1670 3285/8737/1670
f 3292/8740/1676 3287/8741/1676 3284/8742/1676 3281/8743/1676
f 3288/8744/1677 3291/8729/1677 3282/8745/1677 3283/8746/1677
f 3291/8729/1672 3292/8722/1672 3281/8747/1672 3282/8745/1672
f 3319/8748/1678 3320/8749/1678 3324/8750/1678 3323/8751/1678
f 3308/8752/1671 3293/8753/1671 3316/8754/1671 3314/8755/1671 3312/8756/1671 3310/8757/1671
f 3295/8758/1679 3296/8759/1679 3298/8760/1679 3297/8761/1679
f 3327/8762/1680 3326/8763/1680 3325/8764/1680 3328/8765/1680
f 3311/8766/1681 3312/8767/1681 3314/8768/1681 3313/8769/1681
f 3297/8770/1682 3298/8771/1682 3300/8772/1682 3299/8773/1682
f 3294/8774/1674 3307/8775/1674 3309/8776/1674 3311/8777/1674 3313/8778/1674 3315/8779/1674
f 3309/8780/1683 3310/8781/1683 3312/8782/1683 3311/8783/1683
f 3299/8773/1684 3300/8772/1684 3302/8784/1684 3301/8785/1684
f 3315/8786/1685 3316/8787/1685 3293/8788/1685 3294/8789/1685
f 3307/8790/1682 3308/8791/1682 3310/8781/1682 3309/8780/1682
f 3301/8792/1686 3302/8793/1686 3304/8794/1686 3303/8795/1686
f 3298/8796/1666 3296/8797/1666 3306/8798/1666 3304/8799/1666 3302/8800/1666 3300/8801/1666
f 3294/8802/1687 3293/8803/1687 3308/8804/1687 3307/8805/1687
f 3303/8795/1688 3304/8794/1688 3306/8806/1688 3305/8807/1688
f 3335/8808/1689 3332/8809/1689 3318/8810/1689 3322/8811/1689
f 3313/8769/1688 3314/8768/1688 3316/8812/1688 3315/8813/1688
f 3305/8814/1690 3306/8815/1690 3296/8816/1690 3295/8817/1690
f 3295/8818/1673 3297/8819/1673 3299/8820/1673 3301/8821/1673 3303/8822/1673 3305/8823/1673
f 3321/8824/1691 3322/8825/1691 3318/8826/1691 3317/8827/1691
f 3330/8828/1670 3331/8829/1670 3320/8830/1670 3319/8831/1670
f 3324/8832/1692 3320/8833/1692 3331/8834/1692 3336/8835/1692
f 3323/8836/1672 3324/8837/1672 3336/8838/1672 3333/8839/1672
f 3329/8840/1693 3334/8841/1693 3321/8842/1693 3317/8843/1693
f 3334/8844/1694 3335/8845/1694 3322/8825/1694 3321/8824/1694
f 3319/8846/1695 3323/8847/1695 3333/8848/1695 3330/8849/1695
f 3331/8829/1670 3332/8850/1670 3327/8851/1670 3328/8852/1670
f 3334/8841/1696 3329/8840/1696 3330/8849/1696 3333/8848/1696
f 3335/8845/1672 3334/8844/1672 3333/8839/1672 3336/8838/1672
f 3331/8829/1670 3330/8828/1670 3329/8853/1670 3332/8850/1670
f 3317/8854/1670 3318/8855/1670 3332/8850/1670 3329/8853/1670
f 3336/8856/1667 3331/8857/1667 3328/8858/1667 3325/8859/1667
f 3332/8860/1669 3335/8845/1669 3326/8861/1669 3327/8862/1669
f 3335/8845/1672 3336/8838/1672 3325/8863/1672 3326/8861/1672
f 3352/8864/1692 3337/8865/1692 3360/8866/1692 3358/8867/1692 3356/8868/1692 3354/8869/1692
f 3339/8870/1697 3340/8871/1697 3342/8872/1697 3341/8873/1697
f 3355/8874/1698 3356/8875/1698 3358/8876/1698 3357/8877/1698
f 3341/8878/1682 3342/8879/1682 3344/8880/1682 3343/8881/1682
f 3338/8882/1695 3351/8883/1695 3353/8884/1695 3355/8885/1695 3357/8886/1695 3359/8887/1695
f 3353/8888/1699 3354/8889/1699 3356/8890/1699 3355/8891/1699
f 3343/8881/1700 3344/8880/1700 3346/8892/1700 3345/8893/1700
f 3359/8894/1701 3360/8895/1701 3337/8896/1701 3338/8897/1701
f 3351/8898/1682 3352/8899/1682 3354/8889/1682 3353/8888/1682
f 3345/8900/1702 3346/8901/1702 3348/8902/1702 3347/8903/1702
f 3342/8904/1689 3340/8905/1689 3350/8906/1689 3348/8907/1689 3346/8908/1689 3344/8909/1689
f 3338/8910/1703 3337/8911/1703 3352/8912/1703 3351/8913/1703
f 3347/8903/1688 3348/8902/1688 3350/8914/1688 3349/8915/1688
f 3357/8877/1688 3358/8876/1688 3360/8916/1688 3359/8917/1688
f 3349/8918/1704 3350/8919/1704 3340/8920/1704 3339/8921/1704
f 3339/8922/1705 3341/8923/1705 3343/8924/1705 3345/8925/1705 3347/8926/1705 3349/8927/1705
f 3379/8928/1706 3376/8929/1706 3362/8930/1706 3366/8931/1706
f 3363/8932/1707 3364/8933/1707 3368/8934/1707 3367/8935/1707
f 3371/8936/1708 3370/8937/1708 3369/8938/1708 3372/8939/1708
f 3365/8940/1709 3366/8941/1709 3362/8942/1709 3361/8943/1709
f 3374/8944/1710 3375/8945/1710 3364/8946/1710 3363/8947/1710
f 3368/8948/1711 3364/8949/1711 3375/8950/1711 3380/8951/1711
f 3367/8952/1712 3368/8953/1712 3380/8954/1712 3377/8955/1712
f 3373/8956/1713 3378/8957/1713 3365/8958/1713 3361/8959/1713
f 3378/8960/1712 3379/8961/1712 3366/8941/1712 3365/8940/1712
f 3363/8962/1714 3367/8963/1714 3377/8964/1714 3374/8965/1714
f 3375/8945/1710 3376/8966/1710 3371/8967/1710 3372/8968/1710
f 3378/8957/1715 3373/8956/1715 3374/8965/1715 3377/8964/1715
f 3379/8961/1712 3378/8960/1712 3377/8955/1712 3380/8954/1712
f 3375/8945/1710 3374/8944/1710 3373/8969/1710 3376/8966/1710
f 3361/8970/1710 3362/8971/1710 3376/8966/1710 3373/8969/1710
f 3380/8972/1716 3375/8973/1716 3372/8974/1716 3369/8975/1716
f 3376/8976/1717 3379/8961/1717 3370/8977/1717 3371/8978/1717
f 3379/8961/1712 3380/8954/1712 3369/8979/1712 3370/8977/1712
f 3407/8980/1707 3408/8981/1707 3412/8982/1707 3411/8983/1707
f 3396/8984/1711 3381/8985/1711 3404/8986/1711 3402/8987/1711 3400/8988/1711 3398/8989/1711
f 3383/8990/1718 3384/8991/1718 3386/8992/1718 3385/8993/1718
f 3415/8994/1719 3414/8995/1719 3413/8996/1719 3416/8997/1719
f 3399/8998/1720 3400/8999/1720 3402/9000/1720 3401/9001/1720
f 3385/9002/1721 3386/9003/1721 3388/9004/1721 3387/9005/1721
f 3382/9006/1714 3395/9007/1714 3397/9008/1714 3399/9009/1714 3401/9010/1714 3403/9011/1714
f 3397/9012/1722 3398/9013/1722 3400/9014/1722 3399/9015/1722
f 3387/9005/1723 3388/9004/1723 3390/9016/1723 3389/9017/1723
f 3403/9018/1724 3404/9019/1724 3381/9020/1724 3382/9021/1724
f 3395/9022/1721 3396/9023/1721 3398/9013/1721 3397/9012/1721
f 3389/9024/1725 3390/9025/1725 3392/9026/1725 3391/9027/1725
f 3386/9028/1706 3384/9029/1706 3394/9030/1706 3392/9031/1706 3390/9032/1706 3388/9033/1706
f 3382/9034/1726 3381/9035/1726 3396/9036/1726 3395/9037/1726
f 3391/9027/1727 3392/9026/1727 3394/9038/1727 3393/9039/1727
f 3423/9040/1728 3420/9041/1728 3406/9042/1728 3410/9043/1728
f 3401/9001/1727 3402/9000/1727 3404/9044/1727 3403/9045/1727
f 3393/9046/1729 3394/9047/1729 3384/9048/1729 3383/9049/1729
f 3383/9050/1713 3385/9051/1713 3387/9052/1713 3389/9053/1713 3391/9054/1713 3393/9055/1713
f 3409/9056/1709 3410/9057/1709 3406/9058/1709 3405/9059/1709
f 3418/9060/1710 3419/9061/1710 3408/9062/1710 3407/9063/1710
f 3412/9064/1730 3408/9065/1730 3419/9066/1730 3424/9067/1730
f 3411/9068/1712 3412/9069/1712 3424/9070/1712 3421/9071/1712
f 3417/9072/1731 3422/9073/1731 3409/9074/1731 3405/9075/1731
f 3422/9076/1712 3423/9077/1712 3410/9057/1712 3409/9056/1712
f 3407/9078/1732 3411/9079/1732 3421/9080/1732 3418/9081/1732
f 3419/9061/1710 3420/9082/1710 3415/9083/1710 3416/9084/1710
f 3422/9073/1733 3417/9072/1733 3418/9081/1733 3421/9080/1733
f 3423/9077/1712 3422/9076/1712 3421/9071/1712 3424/9070/1712
f 3419/9061/1710 3418/9060/1710 3417/9085/1710 3420/9082/1710
f 3405/9086/1710 3406/9087/1710 3420/9082/1710 3417/9085/1710
f 3424/9088/1716 3419/9089/1716 3416/9090/1716 3413/9091/1716
f 3420/9092/1717 3423/9077/1717 3414/9093/1717 3415/9094/1717
f 3423/9077/1712 3424/9070/1712 3413/9095/1712 3414/9093/1712
f 3440/9096/1730 3425/9097/1730 3448/9098/1730 3446/9099/1730 3444/9100/1730 3442/9101/1730
f 3427/9102/1734 3428/9103/1734 3430/9104/1734 3429/9105/1734
f 3443/9106/1735 3444/9107/1735 3446/9108/1735 3445/9109/1735
f 3429/9110/1721 3430/9111/1721 3432/9112/1721 3431/9113/1721
f 3426/9114/1732 3439/9115/1732 3441/9116/1732 3443/9117/1732 3445/9099/1732 3447/9118/1732
f 3441/9119/1736 3442/9120/1736 3444/9121/1736 3443/9122/1736
f 3431/9113/1737 3432/9112/1737 3434/9123/1737 3433/9124/1737
f 3447/9125/1738 3448/9126/1738 3425/9127/1738 3426/9128/1738
f 3439/9129/1721 3440/9130/1721 3442/9120/1721 3441/9119/1721
f 3433/9131/1739 3434/9132/1739 3436/9133/1739 3435/9134/1739
f 3430/9135/1728 3428/9136/1728 3438/9137/1728 3436/9138/1728 3434/9139/1728 3432/9140/1728
f 3426/9141/1740 3425/9142/1740 3440/9143/1740 3439/9144/1740
f 3435/9134/1727 3436/9133/1727 3438/9145/1727 3437/9146/1727
f 3445/9109/1727 3446/9108/1727 3448/9147/1727 3447/9148/1727
f 3437/9149/1741 3438/9150/1741 3428/9151/1741 3427/9152/1741
f 3427/9153/1731 3429/9154/1731 3431/9155/1731 3433/9156/1731 3435/9138/1731 3437/9157/1731
f 3459/9158/1742 3450/9159/1742 3452/9160/1742 3460/9161/1742
f 3457/9162/1743 3456/9163/1743 3454/9164/1743 3458/9165/1743
f 3451/9166/1744 3455/9167/1744 3453/9168/1744 3449/9169/1744
f 3456/9170/1745 3452/9171/1745 3450/9172/1745 3454/9173/1745
f 3461/9174/1746 3457/9175/1746 3458/9176/1746 3462/9177/1746
f 3464/9178/1747 3459/9179/1747 3460/9180/1747 3463/9181/1747
f 3455/9182/1748 3461/9183/1748 3462/9184/1748 3453/9185/1748
f 3449/9186/1749 3464/9187/1749 3463/9188/1749 3451/9189/1749
f 3475/9190/1750 3466/9191/1750 3468/9192/1750 3476/9193/1750
f 3473/9194/1751 3472/9195/1751 3470/9196/1751 3474/9197/1751
f 3467/2396/1752 3471/9198/1752 3469/9199/1752 3465/9200/1752
f 3472/9201/1753 3468/9202/1753 3466/9203/1753 3470/9204/1753
f 3477/9205/1754 3473/9206/1754 3474/9207/1754 3478/9208/1754
f 3480/9209/1755 3475/9210/1755 3476/9211/1755 3479/9212/1755
f 3471/9213/1756 3477/9214/1756 3478/9215/1756 3469/9216/1756
f 3465/9217/1757 3480/9218/1757 3479/9219/1757 3467/9220/1757
f 3499/9221/1758 3496/9222/1758 3482/9223/1758 3486/9224/1758
f 3483/9225/1759 3484/9226/1759 3488/9227/1759 3487/9228/1759
f 3491/9229/1760 3490/9230/1760 3489/9231/1760 3492/9232/1760
f 3485/9233/1761 3486/9234/1761 3482/9235/1761 3481/9236/1761
f 3494/9237/1762 3495/9238/1762 3484/9239/1762 3483/9240/1762
f 3488/9241/1763 3484/9242/1763 3495/9243/1763 3500/9244/1763
f 3487/9245/1764 3488/9246/1764 3500/9247/1764 3497/9248/1764
f 3493/9249/1765 3498/9250/1765 3485/9251/1765 3481/6943/1765
f 3498/9252/1764 3499/9253/1764 3486/9234/1764 3485/9233/1764
f 3483/9254/1766 3487/9255/1766 3497/9256/1766 3494/9257/1766
f 3495/9238/1762 3496/9258/1762 3491/9259/1762 3492/9260/1762
f 3498/9250/1767 3493/9249/1767 3494/9257/1767 3497/9256/1767
f 3499/9253/1764 3498/9252/1764 3497/9248/1764 3500/9247/1764
f 3495/9238/1762 3494/9237/1762 3493/9261/1762 3496/9258/1762
f 3481/9262/1762 3482/9263/1762 3496/9258/1762 3493/9261/1762
f 3500/9264/1768 3495/9265/1768 3492/9266/1768 3489/9267/1768
f 3496/9268/1769 3499/9253/1769 3490/9269/1769 3491/9270/1769
f 3499/9253/1764 3500/9247/1764 3489/9271/1764 3490/9269/1764
f 3527/9272/1770 3528/9273/1770 3532/9274/1770 3531/9275/1770
f 3516/9276/1763 3501/9277/1763 3524/9278/1763 3522/9279/1763 3520/9280/1763 3518/9281/1763
f 3503/9282/1771 3504/9283/1771 3506/9284/1771 3505/9285/1771
f 3535/9286/1772 3534/9287/1772 3533/9288/1772 3536/9289/1772
f 3519/9290/1773 3520/9291/1773 3522/9292/1773 3521/9293/1773
f 3505/9294/1774 3506/9295/1774 3508/9296/1774 3507/9297/1774
f 3502/9298/1766 3515/9299/1766 3517/9300/1766 3519/9301/1766 3521/9302/1766 3523/9303/1766
f 3517/9304/1775 3518/9305/1775 3520/9306/1775 3519/9307/1775
f 3507/9297/1776 3508/9296/1776 3510/9308/1776 3509/9309/1776
f 3523/9310/1777 3524/9284/1777 3501/9311/1777 3502/9312/1777
f 3515/9313/1774 3516/9314/1774 3518/9305/1774 3517/9304/1774
f 3509/9315/1778 3510/9316/1778 3512/9317/1778 3511/9318/1778
f 3506/9319/1758 3504/9320/1758 3514/9321/1758 3512/9322/1758 3510/9323/1758 3508/9324/1758
f 3502/9325/1779 3501/9326/1779 3516/9327/1779 3515/9328/1779
f 3511/9318/1780 3512/9317/1780 3514/9329/1780 3513/9330/1780
f 3543/9331/1781 3540/9332/1781 3526/9333/1781 3530/9334/1781
f 3521/9293/1780 3522/9292/1780 3524/9335/1780 3523/9336/1780
f 3513/9337/1782 3514/9338/1782 3504/9339/1782 3503/9340/1782
f 3503/9341/1765 3505/9342/1765 3507/9343/1765 3509/9344/1765 3511/9345/1765 3513/9346/1765
f 3529/9347/1783 3530/9348/1783 3526/9349/1783 3525/9350/1783
f 3538/9351/1762 3539/9352/1762 3528/9353/1762 3527/9354/1762
f 3532/9355/1784 3528/9356/1784 3539/9357/1784 3544/9358/1784
f 3531/9359/1764 3532/9360/1764 3544/9361/1764 3541/9362/1764
f 3537/9363/1785 3542/9364/1785 3529/9365/1785 3525/9366/1785
f 3542/9367/1764 3543/9368/1764 3530/9348/1764 3529/9347/1764
f 3527/9369/1786 3531/9370/1786 3541/9371/1786 3538/9372/1786
f 3539/9352/1762 3540/9373/1762 3535/9374/1762 3536/9375/1762
f 3542/9364/1787 3537/9363/1787 3538/9372/1787 3541/9371/1787
f 3543/9368/1764 3542/9367/1764 3541/9362/1764 3544/9361/1764
f 3539/9352/1762 3538/9351/1762 3537/9376/1762 3540/9373/1762
f 3525/9377/1762 3526/9378/1762 3540/9373/1762 3537/9376/1762
f 3544/9379/1788 3539/9380/1788 3536/9381/1788 3533/9382/1788
f 3540/9383/1789 3543/9368/1789 3534/9384/1789 3535/9385/1789
f 3543/9368/1764 3544/9361/1764 3533/9386/1764 3534/9384/1764
f 3560/9387/1790 3545/9388/1790 3568/9389/1790 3566/9390/1790 3564/9391/1790 3562/9392/1790
f 3547/9393/1791 3548/9394/1791 3550/9395/1791 3549/9396/1791
f 3563/9397/1792 3564/9398/1792 3566/9399/1792 3565/9400/1792
f 3549/9401/1774 3550/9402/1774 3552/9403/1774 3551/9404/1774
f 3546/9405/1793 3559/9406/1793 3561/9407/1793 3563/9408/1793 3565/9409/1793 3567/9410/1793
f 3561/9411/1794 3562/9412/1794 3564/9413/1794 3563/9414/1794
f 3551/9404/1795 3552/9403/1795 3554/9415/1795 3553/9416/1795
f 3567/9417/1796 3568/9418/1796 3545/9419/1796 3546/9420/1796
f 3559/9421/1774 3560/9422/1774 3562/9412/1774 3561/9411/1774
f 3553/9423/1797 3554/9424/1797 3556/9425/1797 3555/9426/1797
f 3550/9427/1781 3548/9428/1781 3558/9429/1781 3556/9430/1781 3554/9431/1781 3552/9432/1781
f 3546/9433/1798 3545/9434/1798 3560/9435/1798 3559/9436/1798
f 3555/9426/1780 3556/9425/1780 3558/9437/1780 3557/9438/1780
f 3565/9400/1780 3566/9399/1780 3568/9439/1780 3567/9440/1780
f 3557/9441/1799 3558/9442/1799 3548/9443/1799 3547/9444/1799
f 3547/9445/1785 3549/9446/1785 3551/9447/1785 3553/9448/1785 3555/9449/1785 3557/9450/1785
f 3587/9451/1800 3584/9452/1800 3570/9453/1800 3574/9454/1800
f 3571/9455/1801 3572/9456/1801 3576/9457/1801 3575/9458/1801
f 3579/9459/1802 3578/9460/1802 3577/9461/1802 3580/9462/1802
f 3573/9463/1803 3574/9464/1803 3570/9465/1803 3569/9466/1803
f 3582/9467/1804 3583/9468/1804 3572/9469/1804 3571/9470/1804
f 3576/9471/1805 3572/9472/1805 3583/9473/1805 3588/9474/1805
f 3575/9475/1806 3576/9476/1806 3588/9477/1806 3585/9478/1806
f 3581/9479/1807 3586/9480/1807 3573/9481/1807 3569/9482/1807
f 3586/9483/1806 3587/9484/1806 3574/9485/1806 3573/9486/1806
f 3571/9487/1808 3575/9488/1808 3585/9489/1808 3582/9490/1808
f 3583/9468/1804 3584/9491/1804 3579/9492/1804 3580/9493/1804
f 3586/9480/1809 3581/9479/1809 3582/9490/1809 3585/9489/1809
f 3587/9484/1806 3586/9483/1806 3585/9478/1806 3588/9477/1806
f 3583/9468/1804 3582/9467/1804 3581/9494/1804 3584/9491/1804
f 3569/9495/1804 3570/9496/1804 3584/9491/1804 3581/9494/1804
f 3588/9497/1810 3583/9498/1810 3580/9499/1810 3577/9500/1810
f 3584/9501/1811 3587/9502/1811 3578/9503/1811 3579/9504/1811
f 3587/9484/1806 3588/9477/1806 3577/9505/1806 3578/9506/1806
f 3615/9507/1812 3616/9508/1812 3620/9509/1812 3619/9510/1812
f 3604/9511/1805 3589/9512/1805 3612/9513/1805 3610/9514/1805 3608/9515/1805 3606/9516/1805
f 3591/9517/1813 3592/9518/1813 3594/9519/1813 3593/9520/1813
f 3623/9521/1814 3622/9522/1814 3621/9523/1814 3624/9524/1814
f 3607/9525/1815 3608/9526/1815 3610/9527/1815 3609/9528/1815
f 3593/9520/1816 3594/9519/1816 3596/9529/1816 3595/9530/1816
f 3590/9531/1808 3603/9532/1808 3605/9533/1808 3607/9534/1808 3609/9535/1808 3611/9536/1808
f 3605/9537/1817 3606/9538/1817 3608/9539/1817 3607/9540/1817
f 3595/9541/1818 3596/9542/1818 3598/9543/1818 3597/9544/1818
f 3611/9545/1819 3612/9546/1819 3589/9547/1819 3590/9548/1819
f 3603/9549/1816 3604/9550/1816 3606/9551/1816 3605/9552/1816
f 3597/9553/1820 3598/9554/1820 3600/9555/1820 3599/9556/1820
f 3594/9557/1800 3592/9558/1800 3602/9559/1800 3600/9560/1800 3598/9561/1800 3596/9562/1800
f 3590/9563/1821 3589/9564/1821 3604/9550/1821 3603/9549/1821
f 3599/9556/1822 3600/9555/1822 3602/9565/1822 3601/9566/1822
f 3631/9567/1823 3628/9568/1823 3614/9569/1823 3618/9570/1823
f 3609/9528/1822 3610/9527/1822 3612/9571/1822 3611/9572/1822
f 3601/9573/1824 3602/9574/1824 3592/9575/1824 3591/9576/1824
f 3591/9577/1807 3593/9578/1807 3595/9579/1807 3597/9580/1807 3599/9581/1807 3601/9582/1807
f 3617/9583/1825 3618/9584/1825 3614/9585/1825 3613/9586/1825
f 3626/9587/1804 3627/9588/1804 3616/9589/1804 3615/9590/1804
f 3620/9591/1826 3616/9592/1826 3627/9593/1826 3632/9594/1826
f 3619/9595/1806 3620/9596/1806 3632/9597/1806 3629/9598/1806
f 3625/9599/1827 3630/9600/1827 3617/9601/1827 3613/9602/1827
f 3630/9603/1806 3631/9604/1806 3618/9605/1806 3617/9606/1806
f 3615/9607/1828 3619/9608/1828 3629/9609/1828 3626/9610/1828
f 3627/9588/1804 3628/9611/1804 3623/9612/1804 3624/9613/1804
f 3630/9600/1829 3625/9599/1829 3626/9610/1829 3629/9609/1829
f 3631/9604/1806 3630/9603/1806 3629/9598/1806 3632/9597/1806
f 3627/9588/1804 3626/9587/1804 3625/9614/1804 3628/9611/1804
f 3613/9615/1804 3614/9616/1804 3628/9611/1804 3625/9614/1804
f 3632/9617/1830 3627/9618/1830 3624/9619/1830 3621/9620/1830
f 3628/9621/1831 3631/9622/1831 3622/9623/1831 3623/9624/1831
f 3631/9604/1806 3632/9597/1806 3621/9625/1806 3622/9626/1806
f 3648/9627/1826 3633/9628/1826 3656/9629/1826 3654/9630/1826 3652/9631/1826 3650/9632/1826
f 3635/9633/1832 3636/9634/1832 3638/9635/1832 3637/9636/1832
f 3651/9637/1833 3652/9638/1833 3654/9639/1833 3653/9640/1833
f 3637/9636/1816 3638/9635/1816 3640/9641/1816 3639/9642/1816
f 3634/9643/1828 3647/9644/1828 3649/9645/1828 3651/9646/1828 3653/9647/1828 3655/9648/1828
f 3649/9649/1834 3650/9650/1834 3652/8663/1834 3651/9651/1834
f 3639/9652/1835 3640/9653/1835 3642/9654/1835 3641/9655/1835
f 3655/9656/1836 3656/9657/1836 3633/9658/1836 3634/9659/1836
f 3647/9660/1816 3648/9661/1816 3650/9662/1816 3649/9663/1816
f 3641/9664/1837 3642/9665/1837 3644/9666/1837 3643/9667/1837
f 3638/9668/1823 3636/9669/1823 3646/9670/1823 3644/9671/1823 3642/9672/1823 3640/9673/1823
f 3634/9674/1838 3633/9675/1838 3648/9661/1838 3647/9660/1838
f 3643/9667/1822 3644/9666/1822 3646/9676/1822 3645/9677/1822
f 3653/9640/1822 3654/9639/1822 3656/9678/1822 3655/9679/1822
f 3645/9680/1839 3646/9681/1839 3636/9682/1839 3635/9683/1839
f 3635/9684/1827 3637/9685/1827 3639/9686/1827 3641/9687/1827 3643/9688/1827 3645/9689/1827
f 3675/9690/1840 3672/9691/1840 3658/9692/1840 3662/9693/1840
f 3659/9694/1841 3660/9695/1841 3664/9696/1841 3663/9697/1841
f 3667/9698/1842 3666/9699/1842 3665/9700/1842 3668/9701/1842
f 3661/9702/1843 3662/9703/1843 3658/9704/1843 3657/9705/1843
f 3670/9706/1844 3671/9707/1844 3660/9708/1844 3659/9709/1844
f 3664/9710/1845 3660/9711/1845 3671/9712/1845 3676/9713/1845
f 3663/9714/1846 3664/9715/1846 3676/9716/1846 3673/9717/1846
f 3669/9718/1847 3674/9719/1847 3661/9720/1847 3657/9721/1847
f 3674/9722/1846 3675/9723/1846 3662/9724/1846 3661/9725/1846
f 3659/9726/1848 3663/9727/1848 3673/9728/1848 3670/9729/1848
f 3671/9707/1849 3672/9730/1849 3667/9731/1849 3668/9732/1849
f 3674/9719/1850 3669/9718/1850 3670/9729/1850 3673/9728/1850
f 3675/9723/1846 3674/9722/1846 3673/9717/1846 3676/9716/1846
f 3671/9707/1844 3670/9706/1844 3669/9733/1844 3672/9730/1844
f 3657/9734/1844 3658/9735/1844 3672/9730/1844 3669/9733/1844
f 3676/9736/1851 3671/9737/1851 3668/9738/1851 3665/9739/1851
f 3672/9740/1852 3675/9741/1852 3666/9742/1852 3667/9743/1852
f 3675/9723/1846 3676/9716/1846 3665/9744/1846 3666/9745/1846
f 3703/9746/1851 3704/9747/1851 3708/9748/1851 3707/9749/1851
f 3692/9750/1845 3677/9751/1845 3700/9752/1845 3698/9753/1845 3696/9754/1845 3694/9755/1845
f 3679/9756/1853 3680/9757/1853 3682/9758/1853 3681/9759/1853
f 3711/9760/1854 3710/9761/1854 3709/9762/1854 3712/9763/1854
f 3695/9764/1855 3696/9765/1855 3698/9766/1855 3697/9767/1855
f 3681/9759/1856 3682/9758/1856 3684/9768/1856 3683/9769/1856
f 3678/9770/1848 3691/9771/1848 3693/9772/1848 3695/9773/1848 3697/9774/1848 3699/9775/1848
f 3693/9776/1857 3694/9777/1857 3696/9765/1857 3695/9764/1857
f 3683/9778/1858 3684/9779/1858 3686/9780/1858 3685/9781/1858
f 3699/9782/1859 3700/9783/1859 3677/9784/1859 3678/9785/1859
f 3691/9786/1860 3692/9787/1860 3694/9788/1860 3693/9789/1860
f 3685/9781/1861 3686/9780/1861 3688/9790/1861 3687/9791/1861
f 3682/9792/1840 3680/9793/1840 3690/9794/1840 3688/9795/1840 3686/9796/1840 3684/9797/1840
f 3678/9798/1862 3677/9799/1862 3692/9787/1862 3691/9786/1862
f 3687/9800/1863 3688/9801/1863 3690/9802/1863 3689/9803/1863
f 3719/9804/1864 3716/9805/1864 3702/9806/1864 3706/9807/1864
f 3697/9808/1863 3698/9809/1863 3700/9810/1863 3699/9811/1863
f 3689/9812/1865 3690/9813/1865 3680/9814/1865 3679/9815/1865
f 3679/9816/1847 3681/9817/1847 3683/9818/1847 3685/9819/1847 3687/9820/1847 3689/9821/1847
f 3705/9822/1866 3706/9823/1866 3702/9824/1866 3701/9825/1866
f 3714/9826/1844 3715/9827/1844 3704/9828/1844 3703/9829/1844
f 3708/9830/1867 3704/9831/1867 3715/9832/1867 3720/9833/1867
f 3707/9834/1846 3708/9835/1846 3720/9836/1846 3717/9837/1846
f 3713/9838/1868 3718/9839/1868 3705/9840/1868 3701/9841/1868
f 3718/9842/1846 3719/9843/1846 3706/9844/1846 3705/9845/1846
f 3703/9846/1869 3707/9847/1869 3717/9848/1869 3714/9849/1869
f 3715/9827/1844 3716/9850/1844 3711/9851/1844 3712/9852/1844
f 3718/9839/1870 3713/9838/1870 3714/9849/1870 3717/9848/1870
f 3719/9843/1846 3718/9842/1846 3717/9837/1846 3720/9836/1846
f 3715/9827/1844 3714/9826/1844 3713/9853/1844 3716/9850/1844
f 3701/9854/1849 3702/9855/1849 3716/9850/1849 3713/9853/1849
f 3720/9856/1871 3715/9857/1871 3712/9858/1871 3709/9859/1871
f 3716/9860/1872 3719/9861/1872 3710/9862/1872 3711/9863/1872
f 3719/9843/1846 3720/9836/1846 3709/9864/1846 3710/9865/1846
f 3736/9866/1867 3721/9867/1867 3744/9868/1867 3742/9869/1867 3740/9870/1867 3738/9871/1867
f 3723/9872/1873 3724/9873/1873 3726/9874/1873 3725/9875/1873
f 3739/9876/1874 3740/9877/1874 3742/9878/1874 3741/9879/1874
f 3725/9875/1860 3726/9874/1860 3728/9880/1860 3727/9881/1860
f 3722/9882/1869 3735/9883/1869 3737/9884/1869 3739/9885/1869 3741/9886/1869 3743/9887/1869
f 3737/9888/1875 3738/9889/1875 3740/9890/1875 3739/9891/1875
f 3727/9892/1876 3728/9893/1876 3730/9894/1876 3729/9895/1876
f 3743/9896/1877 3744/9897/1877 3721/9898/1877 3722/9899/1877
f 3735/9900/1856 3736/9901/1856 3738/9902/1856 3737/9903/1856
f 3729/9904/1878 3730/9905/1878 3732/9906/1878 3731/9907/1878
f 3726/9908/1864 3724/9909/1864 3734/9910/1864 3732/9911/1864 3730/9912/1864 3728/9913/1864
f 3722/9914/1879 3721/9915/1879 3736/9901/1879 3735/9900/1879
f 3731/9907/1863 3732/9906/1863 3734/9916/1863 3733/9917/1863
f 3741/9879/1863 3742/9878/1863 3744/9918/1863 3743/9919/1863
f 3733/9920/1880 3734/9921/1880 3724/9922/1880 3723/9923/1880
f 3723/9924/1868 3725/9925/1868 3727/9926/1868 3729/9927/1868 3731/9928/1868 3733/9929/1868
f 3755/9930/1881 3746/9931/1881 3748/9932/1881 3756/9933/1881
f 3753/9934/1882 3752/9935/1882 3750/9936/1882 3754/9937/1882
f 3747/9938/1883 3751/9939/1883 3749/9940/1883 3745/9941/1883
f 3752/9942/1884 3748/9943/1884 3746/9944/1884 3750/9945/1884
f 3757/9946/1885 3753/9947/1885 3754/9948/1885 3758/9949/1885
f 3760/9950/1886 3755/9951/1886 3756/9952/1886 3759/9953/1886
f 3751/9954/1887 3757/9955/1887 3758/9956/1887 3749/9957/1887
f 3745/9958/1888 3760/9959/1888 3759/9960/1888 3747/9961/1888
f 3771/9962/1889 3762/9963/1889 3764/9964/1889 3772/9965/1889
f 3769/9966/1890 3768/9967/1890 3766/9968/1890 3770/9969/1890
f 3763/9970/1891 3767/9971/1891 3765/9972/1891 3761/9973/1891
f 3768/9974/1892 3764/9975/1892 3762/9976/1892 3766/9977/1892
f 3773/9978/1893 3769/9979/1893 3770/9980/1893 3774/9981/1893
f 3776/9982/1894 3771/9983/1894 3772/9984/1894 3775/9985/1894
f 3767/9986/1895 3773/9987/1895 3774/9988/1895 3765/9989/1895
f 3761/9990/1896 3776/9991/1896 3775/9992/1896 3763/9993/1896
f 3795/9994/1897 3792/9995/1897 3778/9996/1897 3782/9997/1897
f 3779/9998/1898 3780/9999/1898 3784/10000/1898 3783/10001/1898
f 3787/10002/1899 3786/10003/1899 3785/10004/1899 3788/10005/1899
f 3781/10006/1900 3782/10007/1900 3778/10008/1900 3777/10009/1900
f 3790/10010/1901 3791/10011/1901 3780/10012/1901 3779/10013/1901
f 3784/10014/1902 3780/10015/1902 3791/10016/1902 3796/10017/1902
f 3783/10018/1903 3784/10019/1903 3796/10020/1903 3793/10021/1903
f 3789/10022/1904 3794/10023/1904 3781/10024/1904 3777/10025/1904
f 3794/10026/1903 3795/10027/1903 3782/10028/1903 3781/10029/1903
f 3779/10030/1905 3783/10031/1905 3793/10032/1905 3790/10033/1905
f 3791/10011/1901 3792/10034/1901 3787/10035/1901 3788/10036/1901
f 3794/10023/1906 3789/10022/1906 3790/10033/1906 3793/10032/1906
f 3795/10027/1903 3794/10026/1903 3793/10021/1903 3796/10020/1903
f 3791/10011/1901 3790/10010/1901 3789/10037/1901 3792/10034/1901
f 3777/10038/1901 3778/10039/1901 3792/10034/1901 3789/10037/1901
f 3796/10040/1907 3791/10041/1907 3788/10042/1907 3785/10043/1907
f 3792/10044/1908 3795/10045/1908 3786/10046/1908 3787/10047/1908
f 3795/10027/1903 3796/10020/1903 3785/10048/1903 3786/10049/1903
f 3823/10050/1909 3824/10051/1909 3828/10052/1909 3827/10053/1909
f 3812/10054/1902 3797/10055/1902 3820/10056/1902 3818/10057/1902 3816/10058/1902 3814/10059/1902
f 3799/10060/1910 3800/10061/1910 3802/10062/1910 3801/10063/1910
f 3831/10064/1911 3830/10065/1911 3829/10066/1911 3832/10067/1911
f 3815/10068/1912 3816/10069/1912 3818/10070/1912 3817/10071/1912
f 3801/10072/1913 3802/10073/1913 3804/10074/1913 3803/10075/1913
f 3798/10076/1914 3811/10077/1914 3813/10078/1914 3815/10079/1914 3817/10080/1914 3819/10081/1914
f 3813/10082/1915 3814/10083/1915 3816/10069/1915 3815/10068/1915
f 3803/10084/1916 3804/10085/1916 3806/10086/1916 3805/10087/1916
f 3819/10088/1917 3820/10089/1917 3797/10090/1917 3798/10091/1917
f 3811/10092/1913 3812/10093/1913 3814/10094/1913 3813/10095/1913
f 3805/10087/1918 3806/10086/1918 3808/10096/1918 3807/10097/1918
f 3802/10098/1897 3800/10099/1897 3810/10100/1897 3808/10101/1897 3806/10102/1897 3804/10103/1897
f 3798/10091/1919 3797/10090/1919 3812/10104/1919 3811/10105/1919
f 3807/10106/1920 3808/10107/1920 3810/10108/1920 3809/10109/1920
f 3839/10110/1921 3836/10111/1921 3822/10112/1921 3826/10113/1921
f 3817/10114/1920 3818/10115/1920 3820/10116/1920 3819/10117/1920
f 3809/10118/1922 3810/10119/1922 3800/10061/1922 3799/10060/1922
f 3799/10120/1904 3801/10121/1904 3803/10122/1904 3805/10123/1904 3807/10124/1904 3809/10125/1904
f 3825/9381/1923 3826/10126/1923 3822/10127/1923 3821/10128/1923
f 3834/10129/1901 3835/10130/1901 3824/10131/1901 3823/10132/1901
f 3828/10133/1924 3824/10134/1924 3835/10135/1924 3840/10136/1924
f 3827/10137/1903 3828/10138/1903 3840/10139/1903 3837/10140/1903
f 3833/10141/1925 3838/10142/1925 3825/10143/1925 3821/10144/1925
f 3838/10145/1903 3839/10146/1903 3826/10147/1903 3825/10148/1903
f 3823/10149/1926 3827/10150/1926 3837/10151/1926 3834/10152/1926
f 3835/10130/1901 3836/10153/1901 3831/10154/1901 3832/10155/1901
f 3838/10142/1927 3833/10141/1927 3834/10152/1927 3837/10151/1927
f 3839/10146/1903 3838/10145/1903 3837/10140/1903 3840/10139/1903
f 3835/10130/1901 3834/10129/1901 3833/10156/1901 3836/10153/1901
f 3821/10157/1901 3822/10158/1901 3836/10153/1901 3833/10156/1901
f 3840/10159/1928 3835/10160/1928 3832/10161/1928 3829/10162/1928
f 3836/10163/1929 3839/10164/1929 3830/10165/1929 3831/10166/1929
f 3839/10146/1903 3840/10139/1903 3829/10167/1903 3830/10168/1903
f 3856/10169/1924 3841/10170/1924 3864/10171/1924 3862/10172/1924 3860/10173/1924 3858/10174/1924
f 3843/10175/1930 3844/10176/1930 3846/10177/1930 3845/10178/1930
f 3859/10179/1931 3860/10180/1931 3862/10181/1931 3861/10182/1931
f 3845/10178/1913 3846/10177/1913 3848/10183/1913 3847/10184/1913
f 3842/10185/1926 3855/10186/1926 3857/10187/1926 3859/10188/1926 3861/10189/1926 3863/10190/1926
f 3857/10191/1932 3858/10192/1932 3860/10180/1932 3859/10179/1932
f 3847/10193/1933 3848/10194/1933 3850/10195/1933 3849/10196/1933
f 3863/10197/1934 3864/10198/1934 3841/10199/1934 3842/10200/1934
f 3855/10201/1913 3856/10202/1913 3858/10203/1913 3857/10204/1913
f 3849/10196/1935 3850/10195/1935 3852/10205/1935 3851/10206/1935
f 3846/10207/1921 3844/10208/1921 3854/10209/1921 3852/10210/1921 3850/10211/1921 3848/10212/1921
f 3842/10213/1936 3841/10214/1936 3856/10202/1936 3855/10201/1936
f 3851/10215/1920 3852/10216/1920 3854/10217/1920 3853/10218/1920
f 3861/10219/1920 3862/10220/1920 3864/10221/1920 3863/10222/1920
f 3853/10223/1937 3854/10224/1937 3844/10225/1937 3843/10226/1937
f 3843/10227/1925 3845/10228/1925 3847/10229/1925 3849/10230/1925 3851/10231/1925 3853/10232/1925
f 3883/10233/1938 3880/10234/1938 3866/10235/1938 3870/10236/1938
f 3867/10237/1939 3868/10238/1939 3872/10239/1939 3871/10240/1939
f 3875/10241/1940 3874/10242/1940 3873/10243/1940 3876/10244/1940
f 3869/6918/1941 3870/10245/1941 3866/10246/1941 3865/10247/1941
f 3878/10248/1942 3879/10249/1942 3868/10250/1942 3867/10251/1942
f 3872/10252/1943 3868/10253/1943 3879/10254/1943 3884/10255/1943
f 3871/10256/1944 3872/10257/1944 3884/10258/1944 3881/10259/1944
f 3877/10260/1945 3882/10261/1945 3869/10262/1945 3865/10263/1945
f 3882/10264/1944 3883/10265/1944 3870/10266/1944 3869/10267/1944
f 3867/10268/1946 3871/10269/1946 3881/10270/1946 3878/10271/1946
f 3879/10249/1947 3880/10272/1947 3875/10273/1947 3876/10274/1947
f 3882/10261/1948 3877/10260/1948 3878/10271/1948 3881/10270/1948
f 3883/10265/1944 3882/10264/1944 3881/10259/1944 3884/10258/1944
f 3879/10249/1942 3878/10248/1942 3877/10275/1942 3880/10272/1942
f 3865/10276/1942 3866/10277/1942 3880/10272/1942 3877/10275/1942
f 3884/10278/1949 3879/10279/1949 3876/10280/1949 3873/10281/1949
f 3880/10282/1950 3883/10283/1950 3874/10284/1950 3875/10285/1950
f 3883/10265/1944 3884/10258/1944 3873/10286/1944 3874/10287/1944
f 3911/10288/1949 3912/10289/1949 3916/10290/1949 3915/10291/1949
f 3900/10292/1951 3885/10293/1951 3908/10294/1951 3906/10295/1951 3904/10296/1951 3902/10297/1951
f 3887/10298/1952 3888/10299/1952 3890/10300/1952 3889/10301/1952
f 3919/10302/1953 3918/10303/1953 3917/10304/1953 3920/10305/1953
f 3903/10306/1954 3904/10307/1954 3906/10308/1954 3905/10309/1954
f 3889/10310/1955 3890/10311/1955 3892/10312/1955 3891/10313/1955
f 3886/10314/1956 3899/10315/1956 3901/10316/1956 3903/10317/1956 3905/10318/1956 3907/10319/1956
f 3901/10320/1957 3902/10321/1957 3904/10307/1957 3903/10306/1957
f 3891/10322/1958 3892/10323/1958 3894/10324/1958 3893/10325/1958
f 3907/10326/1959 3908/10327/1959 3885/10328/1959 3886/10329/1959
f 3899/10330/1960 3900/10331/1960 3902/10332/1960 3901/10333/1960
f 3893/10325/1961 3894/10324/1961 3896/10334/1961 3895/10335/1961
f 3890/10336/1962 3888/10337/1962 3898/10338/1962 3896/10339/1962 3894/10340/1962 3892/10341/1962
f 3886/10329/1963 3885/10328/1963 3900/10342/1963 3899/10343/1963
f 3895/10344/1964 3896/10345/1964 3898/10346/1964 3897/10347/1964
f 3927/10348/1965 3924/10349/1965 3910/10350/1965 3914/10351/1965
f 3905/10352/1966 3906/10353/1966 3908/10354/1966 3907/10355/1966
f 3897/10356/1967 3898/10357/1967 3888/10299/1967 3887/10298/1967
f 3887/10358/1968 3889/10359/1968 3891/10360/1968 3893/10361/1968 3895/10362/1968 3897/10363/1968
f 3913/10364/1969 3914/10365/1969 3910/10366/1969 3909/10367/1969
f 3922/10368/1942 3923/10369/1942 3912/10370/1942 3911/10371/1942
f 3916/10372/1970 3912/10373/1970 3923/10374/1970 3928/10375/1970
f 3915/10376/1944 3916/10377/1944 3928/10378/1944 3925/10379/1944
f 3921/10380/1971 3926/10381/1971 3913/10382/1971 3909/10383/1971
f 3926/10384/1944 3927/10385/1944 3914/10386/1944 3913/10387/1944
f 3911/10388/1972 3915/10389/1972 3925/10390/1972 3922/10391/1972
f 3923/10369/1942 3924/10392/1942 3919/10393/1942 3920/10394/1942
f 3926/10381/1973 3921/10380/1973 3922/10391/1973 3925/10390/1973
f 3927/10385/1944 3926/10384/1944 3925/10379/1944 3928/10378/1944
f 3923/10369/1942 3922/10368/1942 3921/10395/1942 3924/10392/1942
f 3909/10396/1942 3910/10397/1942 3924/10392/1942 3921/10395/1942
f 3928/10398/1974 3923/10399/1974 3920/10400/1974 3917/10401/1974
f 3924/10402/1975 3927/10403/1975 3918/10404/1975 3919/10405/1975
f 3927/10385/1944 3928/10378/1944 3917/10406/1944 3918/10407/1944
f 3944/10408/1976 3929/10409/1976 3952/10410/1976 3950/10411/1976 3948/10412/1976 3946/10413/1976
f 3931/10414/1977 3932/10415/1977 3934/10416/1977 3933/10417/1977
f 3947/10418/1978 3948/10419/1978 3950/10420/1978 3949/10421/1978
f 3933/10422/1960 3934/10423/1960 3936/10424/1960 3935/10425/1960
f 3930/10426/1979 3943/10427/1979 3945/10428/1979 3947/10429/1979 3949/10430/1979 3951/10431/1979
f 3945/10432/1980 3946/10433/1980 3948/10419/1980 3947/10418/1980
f 3935/10434/1981 3936/10435/1981 3938/10436/1981 3937/10437/1981
f 3951/10438/1982 3952/10439/1982 3929/10440/1982 3930/10441/1982
f 3943/10442/1960 3944/10443/1960 3946/10444/1960 3945/10445/1960
f 3937/10437/1983 3938/10436/1983 3940/10446/1983 3939/10447/1983
f 3934/10448/1965 3932/10449/1965 3942/10450/1965 3940/10451/1965 3938/10452/1965 3936/10453/1965
f 3930/10441/1984 3929/10440/1984 3944/10454/1984 3943/10455/1984
f 3939/10456/1985 3940/10457/1985 3942/10458/1985 3941/10459/1985
f 3949/10460/1985 3950/10461/1985 3952/10462/1985 3951/10463/1985
f 3941/10464/1986 3942/10465/1986 3932/10415/1986 3931/10414/1986
f 3931/10466/1971 3933/10467/1971 3935/10468/1971 3937/10469/1971 3939/10470/1971 3941/10471/1971
f 3971/10472/1987 3968/10473/1987 3954/10474/1987 3958/10475/1987
f 3955/10476/1988 3956/10477/1988 3960/10478/1988 3959/10479/1988
f 3963/10480/1987 3962/10481/1987 3961/10482/1987 3964/10483/1987
f 3957/10484/1989 3958/10485/1989 3954/10486/1989 3953/10487/1989
f 3966/10488/1990 3967/10489/1990 3956/10490/1990 3955/10491/1990
f 3960/10492/1987 3956/10493/1987 3967/10494/1987 3972/10495/1987
f 3959/10496/1991 3960/10497/1991 3972/10498/1991 3969/10499/1991
f 3965/10500/1992 3970/10501/1992 3957/10502/1992 3953/10503/1992
f 3970/10504/1991 3971/10505/1991 3958/10506/1991 3957/10507/1991
f 3955/10508/1992 3959/10509/1992 3969/10510/1992 3966/10511/1992
f 3967/10489/1990 3968/10512/1990 3963/10513/1990 3964/10514/1990
f 3970/10501/1992 3965/10500/1992 3966/10511/1992 3969/10510/1992
f 3971/10505/1991 3970/10504/1991 3969/10499/1991 3972/10498/1991
f 3967/10489/1990 3966/10488/1990 3965/10515/1990 3968/10512/1990
f 3953/10516/1990 3954/10517/1990 3968/10512/1990 3965/10515/1990
f 3972/10518/1988 3967/10519/1988 3964/10520/1988 3961/10521/1988
f 3968/10522/1989 3971/10523/1989 3962/10524/1989 3963/10525/1989
f 3971/10505/1991 3972/10498/1991 3961/10526/1991 3962/10527/1991
f 3999/10528/1988 4000/10529/1988 4004/10530/1988 4003/10531/1988
f 3988/10532/1987 3973/10533/1987 3996/10534/1987 3994/10535/1987 3992/10536/1987 3990/10537/1987
f 3975/10538/1993 3976/10539/1993 3978/10540/1993 3977/10541/1993
f 4007/10542/1987 4006/10543/1987 4005/10544/1987 4008/10545/1987
f 3991/10546/1994 3992/10547/1994 3994/10548/1994 3993/10549/1994
f 3977/10550/1991 3978/10551/1991 3980/10552/1991 3979/10553/1991
f 3974/10554/1992 3987/10555/1992 3989/10556/1992 3991/10557/1992 3993/10558/1992 3995/10559/1992
f 3989/10560/1995 3990/10561/1995 3992/10547/1995 3991/10546/1995
f 3979/10562/1995 3980/10563/1995 3982/10564/1995 3981/10565/1995
f 3995/10566/1996 3996/10567/1996 3973/10568/1996 3974/10569/1996
f 3987/10570/1991 3988/10571/1991 3990/10572/1991 3989/10573/1991
f 3981/10565/1994 3982/10564/1994 3984/10574/1994 3983/10575/1994
f 3978/10576/1987 3976/10577/1987 3986/10578/1987 3984/10579/1987 3982/10580/1987 3980/10581/1987
f 3974/10569/1993 3973/10568/1993 3988/10582/1993 3987/10583/1993
f 3983/10584/1990 3984/10585/1990 3986/10586/1990 3985/10587/1990
f 4015/10588/1987 4012/10589/1987 3998/10590/1987 4002/10591/1987
f 3993/10592/1990 3994/10593/1990 3996/10594/1990 3995/10595/1990
f 3985/10596/1996 3986/10597/1996 3976/10539/1996 3975/10538/1996
f 3975/10598/1992 3977/10599/1992 3979/10600/1992 3981/10601/1992 3983/10602/1992 3985/10603/1992
f 4001/10604/1989 4002/10605/1989 3998/10606/1989 3997/10607/1989
f 4010/10608/1990 4011/10609/1990 4000/10610/1990 3999/10611/1990
f 4004/10612/1987 4000/10613/1987 4011/10614/1987 4016/10615/1987
f 4003/10616/1991 4004/10617/1991 4016/10618/1991 4013/10619/1991
f 4009/10620/1992 4014/10621/1992 4001/10622/1992 3997/10623/1992
f 4014/10624/1991 4015/10625/1991 4002/10626/1991 4001/10627/1991
f 3999/10628/1992 4003/10629/1992 4013/10630/1992 4010/10631/1992
f 4011/10609/1990 4012/10632/1990 4007/10633/1990 4008/10634/1990
f 4014/10621/1992 4009/10620/1992 4010/10631/1992 4013/10630/1992
f 4015/10625/1991 4014/10624/1991 4013/10619/1991 4016/10618/1991
f 4011/10609/1990 4010/10608/1990 4009/10635/1990 4012/10632/1990
f 3997/10636/1990 3998/10637/1990 4012/10632/1990 4009/10635/1990
f 4016/10638/1988 4011/10639/1988 4008/10640/1988 4005/10641/1988
f 4012/10642/1989 4015/10643/1989 4006/10644/1989 4007/10645/1989
f 4015/10625/1991 4016/10618/1991 4005/10646/1991 4006/10647/1991
f 4032/10648/1987 4017/10649/1987 4040/10650/1987 4038/10651/1987 4036/10652/1987 4034/10653/1987
f 4019/10654/1993 4020/10655/1993 4022/10656/1993 4021/10657/1993
f 4035/10658/1994 4036/10659/1994 4038/10660/1994 4037/10661/1994
f 4021/10662/1991 4022/10663/1991 4024/10664/1991 4023/10665/1991
f 4018/10666/1992 4031/10667/1992 4033/10668/1992 4035/10669/1992 4037/10670/1992 4039/10671/1992
f 4033/10672/1995 4034/10673/1995 4036/10659/1995 4035/10658/1995
f 4023/10674/1995 4024/10675/1995 4026/10676/1995 4025/10677/1995
f 4039/10678/1996 4040/10679/1996 4017/10680/1996 4018/10681/1996
f 4031/10682/1991 4032/10683/1991 4034/10684/1991 4033/10685/1991
f 4025/10677/1994 4026/10676/1994 4028/10686/1994 4027/10687/1994
f 4022/10688/1987 4020/10689/1987 4030/10690/1987 4028/10691/1987 4026/10692/1987 4024/10693/1987
f 4018/10681/1993 4017/10680/1993 4032/10694/1993 4031/10695/1993
f 4027/10696/1990 4028/10697/1990 4030/10698/1990 4029/10699/1990
f 4037/10700/1990 4038/10701/1990 4040/10702/1990 4039/10703/1990
f 4029/10704/1996 4030/10705/1996 4020/10655/1996 4019/10654/1996
f 4019/10706/1992 4021/10707/1992 4023/10708/1992 4025/10709/1992 4027/10710/1992 4029/10711/1992
f 4051/10712/1989 4042/10713/1989 4044/10714/1989 4052/10715/1989
f 4049/10716/1988 4048/10717/1988 4046/10718/1988 4050/10719/1988
f 4043/10720/1992 4047/10721/1992 4045/10722/1992 4041/10723/1992
f 4048/10724/1987 4044/10725/1987 4042/10726/1987 4046/10727/1987
f 4053/10728/1992 4049/10729/1992 4050/10730/1992 4054/10731/1992
f 4056/10732/1992 4051/10733/1992 4052/10734/1992 4055/10735/1992
f 4047/10736/1997 4053/10737/1997 4054/10738/1997 4045/10739/1997
f 4041/10740/1998 4056/10741/1998 4055/10742/1998 4043/10743/1998
f 4067/10744/1989 4058/10745/1989 4060/10746/1989 4068/10747/1989
f 4065/10748/1988 4064/10749/1988 4062/10750/1988 4066/10751/1988
f 4059/10752/1992 4063/10753/1992 4061/10754/1992 4057/10755/1992
f 4064/10756/1987 4060/10757/1987 4058/10758/1987 4062/10759/1987
f 4069/10760/1992 4065/10761/1992 4066/10762/1992 4070/10763/1992
f 4072/10764/1992 4067/10765/1992 4068/10766/1992 4071/10767/1992
f 4063/10768/1997 4069/10769/1997 4070/10770/1997 4061/10771/1997
f 4057/10772/1998 4072/10773/1998 4071/10774/1998 4059/10775/1998
f 4091/10776/1987 4088/10777/1987 4074/10778/1987 4078/10779/1987
f 4075/10780/1988 4076/10781/1988 4080/10782/1988 4079/10783/1988
f 4083/10784/1987 4082/10785/1987 4081/10786/1987 4084/10787/1987
f 4077/10788/1989 4078/10789/1989 4074/10790/1989 4073/10791/1989
f 4086/10792/1990 4087/10793/1990 4076/10794/1990 4075/10795/1990
f 4080/10796/1987 4076/10797/1987 4087/10798/1987 4092/10799/1987
f 4079/10800/1991 4080/10801/1991 4092/10802/1991 4089/10803/1991
f 4085/10804/1992 4090/10805/1992 4077/10806/1992 4073/10807/1992
f 4090/10808/1991 4091/10809/1991 4078/10810/1991 4077/10811/1991
f 4075/10812/1992 4079/10813/1992 4089/10814/1992 4086/10815/1992
f 4087/10793/1990 4088/10816/1990 4083/10817/1990 4084/10818/1990
f 4090/10805/1992 4085/10804/1992 4086/10815/1992 4089/10814/1992
f 4091/10809/1991 4090/10808/1991 4089/10803/1991 4092/10802/1991
f 4087/10793/1990 4086/10792/1990 4085/10819/1990 4088/10816/1990
f 4073/10820/1990 4074/10821/1990 4088/10816/1990 4085/10819/1990
f 4092/10822/1988 4087/10823/1988 4084/10824/1988 4081/10825/1988
f 4088/10826/1989 4091/10827/1989 4082/10828/1989 4083/10829/1989
f 4091/10809/1991 4092/10802/1991 4081/10830/1991 4082/10831/1991
f 4119/10832/1988 4120/10833/1988 4124/10834/1988 4123/10835/1988
f 4108/10836/1987 4093/10837/1987 4116/10838/1987 4114/10839/1987 4112/10840/1987 4110/10841/1987
f 4095/10842/1993 4096/10843/1993 4098/10844/1993 4097/10845/1993
f 4127/10846/1987 4126/10847/1987 4125/10848/1987 4128/10849/1987
f 4111/10850/1994 4112/10851/1994 4114/10852/1994 4113/10853/1994
f 4097/10854/1991 4098/10855/1991 4100/10856/1991 4099/10857/1991
f 4094/10858/1992 4107/10859/1992 4109/10860/1992 4111/10861/1992 4113/10862/1992 4115/10863/1992
f 4109/10864/1995 4110/10865/1995 4112/10851/1995 4111/10850/1995
f 4099/10866/1995 4100/10867/1995 4102/10868/1995 4101/10869/1995
f 4115/10870/1996 4116/10871/1996 4093/10872/1996 4094/10873/1996
f 4107/10874/1991 4108/10875/1991 4110/10876/1991 4109/10877/1991
f 4101/10869/1994 4102/10868/1994 4104/10878/1994 4103/10879/1994
f 4098/10880/1987 4096/10881/1987 4106/10882/1987 4104/10883/1987 4102/10884/1987 4100/10885/1987
f 4094/10873/1993 4093/10872/1993 4108/10886/1993 4107/10887/1993
f 4103/10888/1990 4104/10889/1990 4106/10890/1990 4105/10891/1990
f 4135/10892/1987 4132/10893/1987 4118/10894/1987 4122/10895/1987
f 4113/10896/1990 4114/10897/1990 4116/10898/1990 4115/10899/1990
f 4105/10900/1996 4106/10901/1996 4096/10843/1996 4095/10842/1996
f 4095/10902/1992 4097/10903/1992 4099/10904/1992 4101/10905/1992 4103/10906/1992 4105/10907/1992
f 4121/10908/1989 4122/10909/1989 4118/10910/1989 4117/10911/1989
f 4130/10912/1990 4131/10913/1990 4120/10914/1990 4119/10915/1990
f 4124/10916/1987 4120/10917/1987 4131/10918/1987 4136/10919/1987
f 4123/10920/1991 4124/10921/1991 4136/10922/1991 4133/10923/1991
f 4129/10924/1992 4134/10925/1992 4121/10926/1992 4117/10927/1992
f 4134/10928/1991 4135/10929/1991 4122/10930/1991 4121/10931/1991
f 4119/10932/1992 4123/10933/1992 4133/10934/1992 4130/10935/1992
f 4131/10913/1990 4132/10936/1990 4127/10937/1990 4128/10938/1990
f 4134/10925/1992 4129/10924/1992 4130/10935/1992 4133/10934/1992
f 4135/10929/1991 4134/10928/1991 4133/10923/1991 4136/10922/1991
f 4131/10913/1990 4130/10912/1990 4129/10939/1990 4132/10936/1990
f 4117/10940/1990 4118/10941/1990 4132/10936/1990 4129/10939/1990
f 4136/10942/1988 4131/10943/1988 4128/10944/1988 4125/10945/1988
f 4132/10946/1989 4135/10947/1989 4126/10948/1989 4127/10949/1989
f 4135/10929/1991 4136/10922/1991 4125/10950/1991 4126/10951/1991
f 4152/10952/1987 4137/10953/1987 4160/10954/1987 4158/10955/1987 4156/10956/1987 4154/10957/1987
f 4139/10958/1993 4140/10959/1993 4142/10960/1993 4141/10961/1993
f 4155/10962/1994 4156/10963/1994 4158/10964/1994 4157/10965/1994
f 4141/10966/1991 4142/10967/1991 4144/10968/1991 4143/10969/1991
f 4138/10970/1992 4151/10971/1992 4153/10972/1992 4155/10973/1992 4157/10974/1992 4159/10975/1992
f 4153/10976/1995 4154/10977/1995 4156/10963/1995 4155/10962/1995
f 4143/10978/1995 4144/10979/1995 4146/10980/1995 4145/10981/1995
f 4159/10982/1996 4160/10983/1996 4137/10984/1996 4138/10985/1996
f 4151/10986/1991 4152/10987/1991 4154/10988/1991 4153/10989/1991
f 4145/10981/1994 4146/10980/1994 4148/10990/1994 4147/10991/1994
f 4142/10992/1987 4140/10993/1987 4150/10994/1987 4148/10995/1987 4146/10996/1987 4144/10997/1987
f 4138/10985/1993 4137/10984/1993 4152/10998/1993 4151/10999/1993
f 4147/11000/1990 4148/11001/1990 4150/11002/1990 4149/11003/1990
f 4157/11004/1990 4158/11005/1990 4160/11006/1990 4159/11007/1990
f 4149/11008/1996 4150/11009/1996 4140/10959/1996 4139/10958/1996
f 4139/11010/1992 4141/11011/1992 4143/11012/1992 4145/11013/1992 4147/11014/1992 4149/11015/1992
f 4179/11016/1987 4176/11017/1987 4162/11018/1987 4166/11019/1987
f 4163/11020/1988 4164/11021/1988 4168/11022/1988 4167/11023/1988
f 4171/11024/1987 4170/11025/1987 4169/11026/1987 4172/11027/1987
f 4165/11028/1989 4166/11029/1989 4162/11030/1989 4161/11031/1989
f 4174/11032/1990 4175/11033/1990 4164/11034/1990 4163/11035/1990
f 4168/11036/1987 4164/11037/1987 4175/11038/1987 4180/11039/1987
f 4167/11040/1991 4168/11041/1991 4180/11042/1991 4177/11043/1991
f 4173/11044/1992 4178/11045/1992 4165/11046/1992 4161/11047/1992
f 4178/11048/1991 4179/11049/1991 4166/11050/1991 4165/11051/1991
f 4163/11052/1992 4167/11053/1992 4177/11054/1992 4174/11055/1992
f 4175/11033/1990 4176/11056/1990 4171/11057/1990 4172/11058/1990
f 4178/11045/1992 4173/11044/1992 4174/11055/1992 4177/11054/1992
f 4179/11049/1991 4178/11048/1991 4177/11043/1991 4180/11042/1991
f 4175/11033/1990 4174/11032/1990 4173/11059/1990 4176/11056/1990
f 4161/11060/1990 4162/11061/1990 4176/11056/1990 4173/11059/1990
f 4180/11062/1988 4175/11063/1988 4172/11064/1988 4169/11065/1988
f 4176/11066/1989 4179/11067/1989 4170/11068/1989 4171/11069/1989
f 4179/11049/1991 4180/11042/1991 4169/11070/1991 4170/11071/1991
f 4207/11072/1988 4208/11073/1988 4212/11074/1988 4211/11075/1988
f 4196/11076/1987 4181/11077/1987 4204/11078/1987 4202/11079/1987 4200/11080/1987 4198/11081/1987
f 4183/11082/1999 4184/11083/1999 4186/11084/1999 4185/11085/1999
f 4215/11086/1987 4214/11087/1987 4213/11088/1987 4216/11089/1987
f 4199/11090/2000 4200/11091/2000 4202/11092/2000 4201/11093/2000
f 4185/11094/1991 4186/11095/1991 4188/11096/1991 4187/11097/1991
f 4182/11098/1992 4195/11099/1992 4197/11100/1992 4199/11101/1992 4201/11102/1992 4203/11103/1992
f 4197/11104/2001 4198/11105/2001 4200/11091/2001 4199/11090/2001
f 4187/11106/2001 4188/11107/2001 4190/11108/2001 4189/11109/2001
f 4203/11110/2002 4204/11111/2002 4181/11112/2002 4182/11113/2002
f 4195/11114/1991 4196/11115/1991 4198/11116/1991 4197/11117/1991
f 4189/11109/2000 4190/11108/2000 4192/11118/2000 4191/11119/2000
f 4186/11120/1987 4184/11121/1987 4194/11122/1987 4192/11123/1987 4190/11124/1987 4188/11125/1987
f 4182/11113/1999 4181/11112/1999 4196/11126/1999 4195/11127/1999
f 4191/11128/1990 4192/11129/1990 4194/11130/1990 4193/11131/1990
f 4223/11132/1987 4220/11133/1987 4206/11134/1987 4210/11135/1987
f 4201/11136/1990 4202/11137/1990 4204/11138/1990 4203/11139/1990
f 4193/11140/2002 4194/11141/2002 4184/11083/2002 4183/11082/2002
f 4183/11142/1992 4185/11143/1992 4187/11144/1992 4189/11145/1992 4191/11146/1992 4193/11147/1992
f 4209/11148/1989 4210/11149/1989 4206/11150/1989 4205/11151/1989
f 4218/11152/1990 4219/11153/1990 4208/11154/1990 4207/11155/1990
f 4212/11156/1987 4208/11157/1987 4219/11158/1987 4224/11159/1987
f 4211/11160/1991 4212/11161/1991 4224/11162/1991 4221/11163/1991
f 4217/11164/1992 4222/11165/1992 4209/11166/1992 4205/11167/1992
f 4222/11168/1991 4223/11169/1991 4210/11170/1991 4209/11171/1991
f 4207/11172/1992 4211/11173/1992 4221/11174/1992 4218/11175/1992
f 4219/11153/1990 4220/11176/1990 4215/11177/1990 4216/11178/1990
f 4222/11165/1992 4217/11164/1992 4218/11175/1992 4221/11174/1992
f 4223/11169/1991 4222/11168/1991 4221/11163/1991 4224/11162/1991
f 4219/11153/1990 4218/11152/1990 4217/11179/1990 4220/11176/1990
f 4205/11180/1990 4206/11181/1990 4220/11176/1990 4217/11179/1990
f 4224/11182/1988 4219/11183/1988 4216/11184/1988 4213/11185/1988
f 4220/11186/1989 4223/11187/1989 4214/11188/1989 4215/11189/1989
f 4223/11169/1991 4224/11162/1991 4213/11190/1991 4214/11191/1991
f 4240/11192/1987 4225/11193/1987 4248/11194/1987 4246/11195/1987 4244/11196/1987 4242/11197/1987
f 4227/11198/1999 4228/11199/1999 4230/11200/1999 4229/11201/1999
f 4243/11202/2000 4244/11203/2000 4246/11204/2000 4245/11205/2000
f 4229/11206/1991 4230/11207/1991 4232/11208/1991 4231/11209/1991
f 4226/11210/1992 4239/11211/1992 4241/11212/1992 4243/11213/1992 4245/11214/1992 4247/11215/1992
f 4241/11216/2001 4242/11217/2001 4244/11203/2001 4243/11202/2001
f 4231/11218/2001 4232/11219/2001 4234/11220/2001 4233/11221/2001
f 4247/11222/2002 4248/11223/2002 4225/11224/2002 4226/11225/2002
f 4239/11226/1991 4240/11227/1991 4242/11228/1991 4241/11229/1991
f 4233/11221/2000 4234/11220/2000 4236/11230/2000 4235/11231/2000
f 4230/11232/1987 4228/11233/1987 4238/11234/1987 4236/11235/1987 4234/11236/1987 4232/11237/1987
f 4226/11225/1999 4225/11224/1999 4240/11238/1999 4239/11239/1999
f 4235/11240/1990 4236/11241/1990 4238/11242/1990 4237/11243/1990
f 4245/11244/1990 4246/11245/1990 4248/11246/1990 4247/11247/1990
f 4237/11248/2002 4238/11249/2002 4228/11199/2002 4227/11198/2002
f 4227/11250/1992 4229/11251/1992 4231/11252/1992 4233/11253/1992 4235/11254/1992 4237/11255/1992
f 4267/11256/1987 4264/11257/1987 4250/11258/1987 4254/11259/1987
f 4251/11260/1988 4252/11261/1988 4256/11262/1988 4255/11263/1988
f 4259/11264/1987 4258/11265/1987 4257/11266/1987 4260/11267/1987
f 4253/11268/1989 4254/11269/1989 4250/11270/1989 4249/11271/1989
f 4262/11272/1990 4263/11273/1990 4252/11274/1990 4251/11275/1990
f 4256/11276/1987 4252/11277/1987 4263/11278/1987 4268/11279/1987
f 4255/11280/1991 4256/11281/1991 4268/11282/1991 4265/11283/1991
f 4261/11284/1992 4266/11285/1992 4253/11286/1992 4249/11287/1992
f 4266/11288/1991 4267/11289/1991 4254/11290/1991 4253/11291/1991
f 4251/11292/1992 4255/11293/1992 4265/11294/1992 4262/11295/1992
f 4263/11273/1990 4264/11296/1990 4259/11297/1990 4260/11298/1990
f 4266/11285/1992 4261/11284/1992 4262/11295/1992 4265/11294/1992
f 4267/11289/1991 4266/11288/1991 4265/11283/1991 4268/11282/1991
f 4263/11273/1990 4262/11272/1990 4261/11299/1990 4264/11296/1990
f 4249/11300/1990 4250/11301/1990 4264/11296/1990 4261/11299/1990
f 4268/11302/1988 4263/11303/1988 4260/11304/1988 4257/11305/1988
f 4264/11306/1989 4267/11307/1989 4258/11308/1989 4259/11309/1989
f 4267/11289/1991 4268/11282/1991 4257/11310/1991 4258/11311/1991
f 4295/11312/1988 4296/11313/1988 4300/11314/1988 4299/11315/1988
f 4284/11316/1987 4269/11317/1987 4292/11318/1987 4290/11319/1987 4288/11320/1987 4286/11321/1987
f 4271/11322/1993 4272/11323/1993 4274/11324/1993 4273/11325/1993
f 4303/11326/1987 4302/11327/1987 4301/11328/1987 4304/11329/1987
f 4287/11330/2003 4288/11331/2003 4290/11332/2003 4289/11333/2003
f 4273/11334/1991 4274/11335/1991 4276/11336/1991 4275/11337/1991
f 4270/11338/1992 4283/11339/1992 4285/11340/1992 4287/11341/1992 4289/11342/1992 4291/11343/1992
f 4285/11344/1995 4286/11345/1995 4288/11331/1995 4287/11330/1995
f 4275/11346/2004 4276/11347/2004 4278/11348/2004 4277/11349/2004
f 4291/11350/2002 4292/11351/2002 4269/11352/2002 4270/11353/2002
f 4283/11354/1991 4284/11355/1991 4286/11356/1991 4285/11357/1991
f 4277/11349/2000 4278/11348/2000 4280/11358/2000 4279/11359/2000
f 4274/11360/1987 4272/11361/1987 4282/11362/1987 4280/11363/1987 4278/11364/1987 4276/11365/1987
f 4270/11353/2005 4269/11352/2005 4284/11366/2005 4283/11367/2005
f 4279/11368/1990 4280/11369/1990 4282/11370/1990 4281/11371/1990
f 4311/11372/1987 4308/11373/1987 4294/11374/1987 4298/11375/1987
f 4289/11376/1990 4290/11377/1990 4292/11378/1990 4291/11379/1990
f 4281/11380/2006 4282/11381/2006 4272/11323/2006 4271/11322/2006
f 4271/11382/1992 4273/11383/1992 4275/11384/1992 4277/11385/1992 4279/11386/1992 4281/11387/1992
f 4297/11388/1989 4298/11389/1989 4294/11390/1989 4293/11391/1989
f 4306/11392/1990 4307/11393/1990 4296/11394/1990 4295/11395/1990
f 4300/11396/1987 4296/11397/1987 4307/11398/1987 4312/11399/1987
f 4299/11400/1991 4300/11401/1991 4312/11402/1991 4309/11403/1991
f 4305/11404/1992 4310/11405/1992 4297/11406/1992 4293/11407/1992
f 4310/11408/1991 4311/11409/1991 4298/11410/1991 4297/11411/1991
f 4295/11412/1992 4299/11413/1992 4309/11414/1992 4306/11415/1992
f 4307/11393/1990 4308/11416/1990 4303/11417/1990 4304/11418/1990
f 4310/11405/1992 4305/11404/1992 4306/11415/1992 4309/11414/1992
f 4311/11409/1991 4310/11408/1991 4309/11403/1991 4312/11402/1991
f 4307/11393/1990 4306/11392/1990 4305/11419/1990 4308/11416/1990
f 4293/11420/1990 4294/11421/1990 4308/11416/1990 4305/11419/1990
f 4312/11422/1988 4307/11423/1988 4304/11424/1988 4301/11425/1988
f 4308/11426/1989 4311/11427/1989 4302/11428/1989 4303/11429/1989
f 4311/11409/1991 4312/11402/1991 4301/11430/1991 4302/11431/1991
f 4328/11432/1987 4313/11433/1987 4336/11434/1987 4334/11435/1987 4332/11436/1987 4330/11437/1987
f 4315/11438/2005 4316/11439/2005 4318/11440/2005 4317/11441/2005
f 4331/11442/2000 4332/11443/2000 4334/11444/2000 4333/11445/2000
f 4317/11446/1991 4318/11447/1991 4320/11448/1991 4319/11449/1991
f 4314/11450/1992 4327/11451/1992 4329/11452/1992 4331/11453/1992 4333/11454/1992 4335/11455/1992
f 4329/11456/2004 4330/11457/2004 4332/11443/2004 4331/11442/2004
f 4319/11458/2004 4320/11459/2004 4322/11460/2004 4321/11461/2004
f 4335/11462/2006 4336/11463/2006 4313/11464/2006 4314/11465/2006
f 4327/11466/1991 4328/11467/1991 4330/11468/1991 4329/11469/1991
f 4321/11461/2000 4322/11460/2000 4324/11470/2000 4323/11471/2000
f 4318/11472/1987 4316/11473/1987 4326/11474/1987 4324/11475/1987 4322/11476/1987 4320/11477/1987
f 4314/11465/1993 4313/11464/1993 4328/11478/1993 4327/11479/1993
f 4323/11480/1990 4324/11481/1990 4326/11482/1990 4325/11483/1990
f 4333/11484/1990 4334/11485/1990 4336/11486/1990 4335/11487/1990
f 4325/11488/2006 4326/11489/2006 4316/11439/2006 4315/11438/2006
f 4315/11490/1992 4317/11491/1992 4319/11492/1992 4321/11493/1992 4323/11494/1992 4325/11495/1992
f 4347/11496/1989 4338/11497/1989 4340/11498/1989 4348/11499/1989
f 4345/11500/1988 4344/11501/1988 4342/11502/1988 4346/11503/1988
f 4339/11504/1992 4343/11505/1992 4341/11506/1992 4337/11507/1992
f 4344/11508/1987 4340/11509/1987 4338/11510/1987 4342/11511/1987
f 4349/11512/1992 4345/11513/1992 4346/11514/1992 4350/11515/1992
f 4352/11516/1992 4347/11517/1992 4348/11518/1992 4351/11519/1992
f 4343/11520/1997 4349/11521/1997 4350/11522/1997 4341/11523/1997
f 4337/11524/1998 4352/11525/1998 4351/11526/1998 4339/11527/1998
f 4363/11528/1989 4354/11529/1989 4356/11530/1989 4364/11531/1989
f 4361/11532/1988 4360/11533/1988 4358/11534/1988 4362/11535/1988
f 4355/11536/1992 4359/11537/1992 4357/11538/1992 4353/11539/1992
f 4360/11540/1987 4356/11541/1987 4354/11542/1987 4358/11543/1987
f 4365/11544/1992 4361/11545/1992 4362/11546/1992 4366/11547/1992
f 4368/11548/1992 4363/11549/1992 4364/11550/1992 4367/11551/1992
f 4359/11552/1997 4365/11553/1997 4366/11554/1997 4357/11555/1997
f 4353/11556/1998 4368/11557/1998 4367/11558/1998 4355/11559/1998
f 4387/11560/1987 4384/11561/1987 4370/11562/1987 4374/11563/1987
f 4371/11564/1988 4372/11565/1988 4376/11566/1988 4375/11567/1988
f 4379/11568/1987 4378/11569/1987 4377/11570/1987 4380/11571/1987
f 4373/11572/1989 4374/11573/1989 4370/11574/1989 4369/11575/1989
f 4382/11576/1990 4383/11577/1990 4372/11578/1990 4371/11579/1990
f 4376/11580/1987 4372/11581/1987 4383/11582/1987 4388/11583/1987
f 4375/11584/1991 4376/11585/1991 4388/11586/1991 4385/11587/1991
f 4381/11588/1992 4386/11589/1992 4373/11590/1992 4369/11591/1992
f 4386/11592/1991 4387/11593/1991 4374/11594/1991 4373/11595/1991
f 4371/11596/1992 4375/11597/1992 4385/11598/1992 4382/11599/1992
f 4383/11577/1990 4384/11600/1990 4379/11601/1990 4380/11602/1990
f 4386/11589/1992 4381/11588/1992 4382/11599/1992 4385/11598/1992
f 4387/11593/1991 4386/11592/1991 4385/11587/1991 4388/11586/1991
f 4383/11577/1990 4382/11576/1990 4381/11603/1990 4384/11600/1990
f 4369/11604/1990 4370/11605/1990 4384/11600/1990 4381/11603/1990
f 4388/11606/1988 4383/11607/1988 4380/11608/1988 4377/11609/1988
f 4384/11610/1989 4387/11611/1989 4378/11612/1989 4379/11613/1989
f 4387/11593/1991 4388/11586/1991 4377/11614/1991 4378/11615/1991
f 4415/11616/1988 4416/11617/1988 4420/11618/1988 4419/11619/1988
f 4404/11620/1987 4389/11621/1987 4412/11622/1987 4410/11623/1987 4408/11624/1987 4406/11625/1987
f 4391/11626/1999 4392/11627/1999 4394/11628/1999 4393/11629/1999
f 4423/11630/1987 4422/11631/1987 4421/11632/1987 4424/11633/1987
f 4407/11634/2007 4408/11635/2007 4410/11636/2007 4409/11637/2007
f 4393/11638/1991 4394/11639/1991 4396/11640/1991 4395/11641/1991
f 4390/11642/1992 4403/11643/1992 4405/11644/1992 4407/11645/1992 4409/11646/1992 4411/11647/1992
f 4405/11648/2001 4406/11649/2001 4408/11635/2001 4407/11634/2001
f 4395/11650/2001 4396/11651/2001 4398/11652/2001 4397/11653/2001
f 4411/11654/2008 4412/11655/2008 4389/11656/2008 4390/11657/2008
f 4403/11658/1991 4404/11659/1991 4406/11660/1991 4405/11661/1991
f 4397/11653/2007 4398/11652/2007 4400/11662/2007 4399/11663/2007
f 4394/11664/1987 4392/11665/1987 4402/11666/1987 4400/11667/1987 4398/11668/1987 4396/11669/1987
f 4390/11657/1999 4389/11656/1999 4404/11670/1999 4403/11671/1999
f 4399/11672/1990 4400/11673/1990 4402/11674/1990 4401/11675/1990
f 4431/11676/1987 4428/11677/1987 4414/11678/1987 4418/11679/1987
f 4409/11680/1990 4410/11681/1990 4412/11682/1990 4411/11683/1990
f 4401/11684/2008 4402/11685/2008 4392/11627/2008 4391/11626/2008
f 4391/11686/1992 4393/11687/1992 4395/11688/1992 4397/11689/1992 4399/11690/1992 4401/11691/1992
f 4417/11692/1989 4418/11693/1989 4414/11694/1989 4413/11695/1989
f 4426/11696/1990 4427/11697/1990 4416/11698/1990 4415/11699/1990
f 4420/11700/1987 4416/11701/1987 4427/11702/1987 4432/11703/1987
f 4419/11704/1991 4420/11705/1991 4432/11706/1991 4429/11707/1991
f 4425/11708/1992 4430/11709/1992 4417/11710/1992 4413/11711/1992
f 4430/11712/1991 4431/11713/1991 4418/11714/1991 4417/11715/1991
f 4415/11716/1992 4419/11717/1992 4429/11718/1992 4426/11719/1992
f 4427/11697/1990 4428/11720/1990 4423/11721/1990 4424/11722/1990
f 4430/11709/1992 4425/11708/1992 4426/11719/1992 4429/11718/1992
f 4431/11713/1991 4430/11712/1991 4429/11707/1991 4432/11706/1991
f 4427/11697/1990 4426/11696/1990 4425/11723/1990 4428/11720/1990
f 4413/11724/1990 4414/11725/1990 4428/11720/1990 4425/11723/1990
f 4432/11726/1988 4427/11727/1988 4424/11728/1988 4421/11729/1988
f 4428/11730/1989 4431/11731/1989 4422/11732/1989 4423/11733/1989
f 4431/11713/1991 4432/11706/1991 4421/11734/1991 4422/11735/1991
f 4448/11736/1987 4433/11737/1987 4456/11738/1987 4454/11739/1987 4452/11740/1987 4450/11741/1987
f 4435/11742/2009 4436/11743/2009 4438/11744/2009 4437/11745/2009
f 4451/11746/2007 4452/11747/2007 4454/11748/2007 4453/11749/2007
f 4437/11750/1991 4438/11751/1991 4440/11752/1991 4439/11753/1991
f 4434/11754/1992 4447/11755/1992 4449/11756/1992 4451/11757/1992 4453/11758/1992 4455/11759/1992
f 4449/11760/2001 4450/11761/2001 4452/11747/2001 4451/11746/2001
f 4439/11762/2001 4440/11763/2001 4442/11764/2001 4441/11765/2001
f 4455/11766/2008 4456/11767/2008 4433/11768/2008 4434/11769/2008
f 4447/11770/1991 4448/11771/1991 4450/11772/1991 4449/11773/1991
f 4441/11765/2007 4442/11764/2007 4444/11774/2007 4443/11775/2007
f 4438/11776/1987 4436/11777/1987 4446/11778/1987 4444/11779/1987 4442/11780/1987 4440/11781/1987
f 4434/11769/2009 4433/11768/2009 4448/11782/2009 4447/11783/2009
f 4443/11784/1990 4444/11785/1990 4446/11786/1990 4445/11787/1990
f 4453/11788/1990 4454/11789/1990 4456/11790/1990 4455/11791/1990
f 4445/11792/2008 4446/11793/2008 4436/11743/2008 4435/11742/2008
f 4435/11794/1992 4437/11795/1992 4439/11796/1992 4441/11797/1992 4443/11798/1992 4445/11799/1992
f 4475/11800/1987 4472/11801/1987 4458/11802/1987 4462/11803/1987
f 4459/11804/1988 4460/11805/1988 4464/11806/1988 4463/11807/1988
f 4467/11808/1987 4466/11809/1987 4465/11810/1987 4468/11811/1987
f 4461/11812/1989 4462/11813/1989 4458/11814/1989 4457/11815/1989
f 4470/11816/1990 4471/11817/1990 4460/11818/1990 4459/11819/1990
f 4464/11820/1987 4460/11821/1987 4471/11822/1987 4476/11823/1987
f 4463/11824/1991 4464/11825/1991 4476/11826/1991 4473/11827/1991
f 4469/11828/1992 4474/11829/1992 4461/11830/1992 4457/11831/1992
f 4474/11832/1991 4475/11833/1991 4462/11834/1991 4461/11835/1991
f 4459/11836/1992 4463/11837/1992 4473/11838/1992 4470/11839/1992
f 4471/11817/1990 4472/11840/1990 4467/11841/1990 4468/11842/1990
f 4474/11829/1992 4469/11828/1992 4470/11839/1992 4473/11838/1992
f 4475/11833/1991 4474/11832/1991 4473/11827/1991 4476/11826/1991
f 4471/11817/1990 4470/11816/1990 4469/11843/1990 4472/11840/1990
f 4457/11844/1990 4458/11845/1990 4472/11840/1990 4469/11843/1990
f 4476/11846/1988 4471/11847/1988 4468/11848/1988 4465/11849/1988
f 4472/11850/1989 4475/11851/1989 4466/11852/1989 4467/11853/1989
f 4475/11833/1991 4476/11826/1991 4465/11854/1991 4466/11855/1991
f 4503/11856/1988 4504/11857/1988 4508/11858/1988 4507/11859/1988
f 4492/11860/1987 4477/11861/1987 4500/11862/1987 4498/11863/1987 4496/11864/1987 4494/11865/1987
f 4479/11866/1999 4480/11867/1999 4482/11868/1999 4481/11869/1999
f 4511/11870/1987 4510/11871/1987 4509/11872/1987 4512/11873/1987
f 4495/11874/2000 4496/11875/2000 4498/11876/2000 4497/11877/2000
f 4481/11878/1991 4482/11879/1991 4484/11880/1991 4483/11881/1991
f 4478/11882/1992 4491/11883/1992 4493/11884/1992 4495/11885/1992 4497/11886/1992 4499/11887/1992
f 4493/11888/2001 4494/11889/2001 4496/11875/2001 4495/11874/2001
f 4483/11890/2001 4484/11891/2001 4486/11892/2001 4485/11893/2001
f 4499/11894/2006 4500/11895/2006 4477/11896/2006 4478/11897/2006
f 4491/11898/1991 4492/11899/1991 4494/11900/1991 4493/11901/1991
f 4485/11893/2000 4486/11892/2000 4488/11902/2000 4487/11903/2000
f 4482/11904/1987 4480/11905/1987 4490/11906/1987 4488/11907/1987 4486/11908/1987 4484/11909/1987
f 4478/11897/1999 4477/11896/1999 4492/11910/1999 4491/11911/1999
f 4487/11912/1990 4488/11913/1990 4490/11914/1990 4489/11915/1990
f 4519/11916/1987 4516/11917/1987 4502/11918/1987 4506/11919/1987
f 4497/11920/1990 4498/11921/1990 4500/11922/1990 4499/11923/1990
f 4489/11924/1996 4490/11925/1996 4480/11867/1996 4479/11866/1996
f 4479/11926/1992 4481/11927/1992 4483/11928/1992 4485/11929/1992 4487/11235/1992 4489/11234/1992
f 4505/11930/1989 4506/11931/1989 4502/11932/1989 4501/11933/1989
f 4514/11934/1990 4515/11935/1990 4504/11936/1990 4503/11937/1990
f 4508/11938/1987 4504/11939/1987 4515/11940/1987 4520/11941/1987
f 4507/11942/1991 4508/11943/1991 4520/11944/1991 4517/11945/1991
f 4513/11946/1992 4518/11947/1992 4505/11948/1992 4501/11949/1992
f 4518/11950/1991 4519/11951/1991 4506/11952/1991 4505/11953/1991
f 4503/11954/1992 4507/11955/1992 4517/11956/1992 4514/11957/1992
f 4515/11935/1990 4516/11958/1990 4511/11959/1990 4512/11960/1990
f 4518/11947/1992 4513/11946/1992 4514/11957/1992 4517/11956/1992
f 4519/11951/1991 4518/11950/1991 4517/11945/1991 4520/11944/1991
f 4515/11935/1990 4514/11934/1990 4513/11961/1990 4516/11958/1990
f 4501/11962/1990 4502/11963/1990 4516/11958/1990 4513/11961/1990
f 4520/11964/1988 4515/11965/1988 4512/11966/1988 4509/11967/1988
f 4516/11968/1989 4519/11969/1989 4510/11970/1989 4511/11971/1989
f 4519/11951/1991 4520/11944/1991 4509/11972/1991 4510/11973/1991
f 4536/11974/1987 4521/11975/1987 4544/11976/1987 4542/11977/1987 4540/11978/1987 4538/11979/1987
f 4523/11980/1999 4524/11981/1999 4526/11982/1999 4525/11983/1999
f 4539/11984/1994 4540/11985/1994 4542/11986/1994 4541/11987/1994
f 4525/11988/2010 4526/11989/2010 4528/11990/2010 4527/11991/2010
f 4522/11992/1992 4535/11993/1992 4537/11994/1992 4539/11995/1992 4541/11996/1992 4543/11997/1992
f 4537/11998/2001 4538/11999/2001 4540/11985/2001 4539/11984/2001
f 4527/12000/2001 4528/12001/2001 4530/12002/2001 4529/12003/2001
f 4543/12004/1996 4544/12005/1996 4521/12006/1996 4522/12007/1996
f 4535/12008/1991 4536/12009/1991 4538/12010/1991 4537/12011/1991
f 4529/12003/1994 4530/12002/1994 4532/12012/1994 4531/12013/1994
f 4526/12014/1987 4524/12015/1987 4534/12016/1987 4532/12017/1987 4530/12018/1987 4528/12019/1987
f 4522/12007/1999 4521/12006/1999 4536/12020/1999 4535/12021/1999
f 4531/12022/2011 4532/12023/2011 4534/12024/2011 4533/12025/2011
f 4541/12026/1990 4542/12027/1990 4544/12028/1990 4543/12029/1990
f 4533/12030/2002 4534/12031/2002 4524/11981/2002 4523/11980/2002
f 4523/12032/1992 4525/12033/1992 4527/12034/1992 4529/12035/1992 4531/12036/1992 4533/12037/1992
f 4563/12038/1987 4560/12039/1987 4546/12040/1987 4550/12041/1987
f 4547/12042/1988 4548/12043/1988 4552/12044/1988 4551/12045/1988
f 4555/12046/1987 4554/12047/1987 4553/12048/1987 4556/12049/1987
f 4549/12050/1989 4550/12051/1989 4546/12052/1989 4545/12053/1989
f 4558/12054/1990 4559/12055/1990 4548/12056/1990 4547/12057/1990
f 4552/12058/1987 4548/12059/1987 4559/12060/1987 4564/12061/1987
f 4551/12062/1991 4552/12063/1991 4564/12064/1991 4561/12065/1991
f 4557/12066/1992 4562/12067/1992 4549/12068/1992 4545/12069/1992
f 4562/12070/1991 4563/12071/1991 4550/12072/1991 4549/12073/1991
f 4547/12074/1992 4551/12075/1992 4561/12076/1992 4558/12077/1992
f 4559/12055/1990 4560/12078/1990 4555/12079/1990 4556/12080/1990
f 4562/12067/1992 4557/12066/1992 4558/12077/1992 4561/12076/1992
f 4563/12071/1991 4562/12070/1991 4561/12065/1991 4564/12064/1991
f 4559/12055/1990 4558/12054/1990 4557/12081/1990 4560/12078/1990
f 4545/12082/1990 4546/12083/1990 4560/12078/1990 4557/12081/1990
f 4564/12084/1988 4559/12085/1988 4556/12086/1988 4553/12087/1988
f 4560/12088/1989 4563/12089/1989 4554/12090/1989 4555/12091/1989
f 4563/12071/1991 4564/12064/1991 4553/12092/1991 4554/12093/1991
f 4591/12094/1988 4592/12095/1988 4596/12096/1988 4595/12097/1988
f 4580/12098/1987 4565/12099/1987 4588/12100/1987 4586/12101/1987 4584/12102/1987 4582/12103/1987
f 4567/12104/1999 4568/12105/1999 4570/12106/1999 4569/12107/1999
f 4599/12108/1987 4598/12109/1987 4597/12110/1987 4600/12111/1987
f 4583/12112/2012 4584/12113/2012 4586/12114/2012 4585/12115/2012
f 4569/12116/1991 4570/12117/1991 4572/12118/1991 4571/12119/1991
f 4566/12120/1992 4579/12121/1992 4581/12122/1992 4583/12123/1992 4585/12124/1992 4587/12125/1992
f 4581/12126/2001 4582/12127/2001 4584/12113/2001 4583/12112/2001
f 4571/12128/2001 4572/12129/2001 4574/12130/2001 4573/12131/2001
f 4587/12132/2013 4588/12133/2013 4565/12134/2013 4566/12135/2013
f 4579/12136/2010 4580/12137/2010 4582/12138/2010 4581/12139/2010
f 4573/12131/2012 4574/12130/2012 4576/12140/2012 4575/12141/2012
f 4570/12142/1987 4568/12143/1987 4578/12144/1987 4576/12145/1987 4574/12146/1987 4572/12147/1987
f 4566/12135/1999 4565/12134/1999 4580/12148/1999 4579/12149/1999
f 4575/12150/2014 4576/12151/2014 4578/12152/2014 4577/12153/2014
f 4607/12154/1987 4604/12155/1987 4590/12156/1987 4594/12157/1987
f 4585/12158/2014 4586/12159/2014 4588/12160/2014 4587/12161/2014
f 4577/12162/2013 4578/12163/2013 4568/12105/2013 4567/12104/2013
f 4567/12164/1992 4569/12165/1992 4571/12166/1992 4573/12167/1992 4575/12168/1992 4577/12169/1992
f 4593/12170/1989 4594/12171/1989 4590/12172/1989 4589/12173/1989
f 4602/12174/1990 4603/12175/1990 4592/12176/1990 4591/12177/1990
f 4596/12178/1987 4592/12179/1987 4603/12180/1987 4608/12181/1987
f 4595/12182/1991 4596/12183/1991 4608/12184/1991 4605/12185/1991
f 4601/12186/1992 4606/12187/1992 4593/12188/1992 4589/12189/1992
f 4606/12190/1991 4607/12191/1991 4594/12192/1991 4593/12193/1991
f 4591/12194/1992 4595/12195/1992 4605/12196/1992 4602/12197/1992
f 4603/12175/1990 4604/12198/1990 4599/12199/1990 4600/12200/1990
f 4606/12187/1992 4601/12186/1992 4602/12197/1992 4605/12196/1992
f 4607/12191/1991 4606/12190/1991 4605/12185/1991 4608/12184/1991
f 4603/12175/1990 4602/12174/1990 4601/12201/1990 4604/12198/1990
f 4589/12202/1990 4590/12203/1990 4604/12198/1990 4601/12201/1990
f 4608/12204/1988 4603/12205/1988 4600/12206/1988 4597/12207/1988
f 4604/12208/1989 4607/12209/1989 4598/12210/1989 4599/12211/1989
f 4607/12191/1991 4608/12184/1991 4597/12212/1991 4598/12213/1991
f 4624/12214/1987 4609/12215/1987 4632/12216/1987 4630/12217/1987 4628/12218/1987 4626/12219/1987
f 4611/12220/1999 4612/12221/1999 4614/12222/1999 4613/12223/1999
f 4627/12224/2012 4628/12225/2012 4630/12226/2012 4629/12227/2012
f 4613/12228/2015 4614/12229/2015 4616/12230/2015 4615/12231/2015
f 4610/12232/1992 4623/12233/1992 4625/12234/1992 4627/12235/1992 4629/12236/1992 4631/12237/1992
f 4625/12238/2001 4626/12239/2001 4628/12225/2001 4627/12224/2001
f 4615/12240/2001 4616/12241/2001 4618/12242/2001 4617/12243/2001
f 4631/12244/2013 4632/12245/2013 4609/12246/2013 4610/12247/2013
f 4623/12248/1991 4624/12249/1991 4626/12250/1991 4625/12251/1991
f 4617/12243/2012 4618/12242/2012 4620/12252/2012 4619/12253/2012
f 4614/12254/1987 4612/12255/1987 4622/12256/1987 4620/12257/1987 4618/12258/1987 4616/12259/1987
f 4610/12247/2009 4609/12246/2009 4624/12260/2009 4623/12261/2009
f 4619/12262/1990 4620/12263/1990 4622/12264/1990 4621/12265/1990
f 4629/12266/1990 4630/12267/1990 4632/12268/1990 4631/12269/1990
f 4621/12270/2013 4622/12271/2013 4612/12221/2013 4611/12220/2013
f 4611/12272/1992 4613/12273/1992 4615/12274/1992 4617/12275/1992 4619/12276/1992 4621/12277/1992
f 4643/12278/1989 4634/12279/1989 4636/12280/1989 4644/12281/1989
f 4641/12282/1988 4640/12283/1988 4638/12284/1988 4642/12285/1988
f 4635/12286/1992 4639/12287/1992 4637/12288/1992 4633/12289/1992
f 4640/12290/1987 4636/12291/1987 4634/12292/1987 4638/12293/1987
f 4645/12294/1992 4641/12295/1992 4642/12296/1992 4646/12297/1992
f 4648/12298/1992 4643/12299/1992 4644/12300/1992 4647/12301/1992
f 4639/12302/1997 4645/12303/1997 4646/12304/1997 4637/12305/1997
f 4633/12306/1998 4648/12307/1998 4647/12308/1998 4635/12309/1998
f 4659/12310/1989 4650/12311/1989 4652/12312/1989 4660/12313/1989
f 4657/12314/1988 4656/12315/1988 4654/12316/1988 4658/12317/1988
f 4651/12318/1992 4655/12319/1992 4653/12320/1992 4649/12321/1992
f 4656/12322/1987 4652/12323/1987 4650/12324/1987 4654/12325/1987
f 4661/12326/1992 4657/12327/1992 4658/12328/1992 4662/12329/1992
f 4664/12330/1992 4659/12331/1992 4660/12332/1992 4663/12333/1992
f 4655/12334/1997 4661/12335/1997 4662/12336/1997 4653/12337/1997
f 4649/12338/1998 4664/12339/1998 4663/12340/1998 4651/12341/1998
f 4683/12342/1987 4680/12343/1987 4666/12344/1987 4670/12345/1987
f 4667/12346/1988 4668/12347/1988 4672/12348/1988 4671/12349/1988
f 4675/12350/1987 4674/12351/1987 4673/12352/1987 4676/12353/1987
f 4669/12354/1989 4670/12355/1989 4666/12356/1989 4665/12357/1989
f 4678/12358/1990 4679/12359/1990 4668/12360/1990 4667/12361/1990
f 4672/12362/1987 4668/12363/1987 4679/12364/1987 4684/12365/1987
f 4671/12366/1991 4672/12367/1991 4684/12368/1991 4681/12369/1991
f 4677/12370/1992 4682/12371/1992 4669/12372/1992 4665/12373/1992
f 4682/12374/1991 4683/12375/1991 4670/12376/1991 4669/12377/1991
f 4667/12378/1992 4671/12379/1992 4681/12380/1992 4678/12381/1992
f 4679/12359/1990 4680/12382/1990 4675/12383/1990 4676/12384/1990
f 4682/12371/1992 4677/12370/1992 4678/12381/1992 4681/12380/1992
f 4683/12375/1991 4682/12374/1991 4681/12369/1991 4684/12368/1991
f 4679/12359/1990 4678/12358/1990 4677/12385/1990 4680/12382/1990
f 4665/12386/1990 4666/12387/1990 4680/12382/1990 4677/12385/1990
f 4684/12388/1988 4679/12389/1988 4676/12390/1988 4673/12391/1988
f 4680/12392/1989 4683/12393/1989 4674/12394/1989 4675/12395/1989
f 4683/12375/1991 4684/12368/1991 4673/12396/1991 4674/12397/1991
f 4711/12398/1988 4712/12399/1988 4716/12400/1988 4715/12401/1988
f 4700/12402/1987 4685/12403/1987 4708/12404/1987 4706/12405/1987 4704/12406/1987 4702/12407/1987
f 4687/12408/1999 4688/12409/1999 4690/12410/1999 4689/12411/1999
f 4719/12412/1987 4718/12413/1987 4717/12414/1987 4720/12415/1987
f 4703/12416/2012 4704/12417/2012 4706/12418/2012 4705/12419/2012
f 4689/12420/1991 4690/12421/1991 4692/12422/1991 4691/12423/1991
f 4686/12424/1992 4699/12425/1992 4701/12426/1992 4703/12427/1992 4705/12428/1992 4707/12429/1992
f 4701/12430/2001 4702/12431/2001 4704/12417/2001 4703/12416/2001
f 4691/12432/2001 4692/12433/2001 4694/12434/2001 4693/12435/2001
f 4707/12436/2013 4708/12437/2013 4685/12438/2013 4686/12439/2013
f 4699/12440/2015 4700/12441/2015 4702/12442/2015 4701/12443/2015
f 4693/12435/2012 4694/12434/2012 4696/12444/2012 4695/12445/2012
f 4690/12446/1987 4688/12447/1987 4698/12448/1987 4696/12449/1987 4694/12450/1987 4692/12451/1987
f 4686/12439/1999 4685/12438/1999 4700/12452/1999 4699/12453/1999
f 4695/12454/1990 4696/12455/1990 4698/12456/1990 4697/12457/1990
f 4727/12458/1987 4724/12459/1987 4710/12460/1987 4714/12461/1987
f 4705/12462/1990 4706/12463/1990 4708/12464/1990 4707/12465/1990
f 4697/12466/2013 4698/12467/2013 4688/12409/2013 4687/12408/2013
f 4687/12468/1992 4689/12469/1992 4691/12470/1992 4693/12471/1992 4695/12472/1992 4697/12473/1992
f 4713/12474/1989 4714/12475/1989 4710/12476/1989 4709/12477/1989
f 4722/12478/1990 4723/12479/1990 4712/12480/1990 4711/12481/1990
f 4716/12482/1987 4712/12483/1987 4723/12484/1987 4728/12485/1987
f 4715/12486/1991 4716/12487/1991 4728/12488/1991 4725/12489/1991
f 4721/12490/1992 4726/12491/1992 4713/12492/1992 4709/12493/1992
f 4726/12494/1991 4727/12495/1991 4714/12496/1991 4713/12497/1991
f 4711/12498/1992 4715/12499/1992 4725/12500/1992 4722/12501/1992
f 4723/12479/1990 4724/12502/1990 4719/12503/1990 4720/12504/1990
f 4726/12491/1992 4721/12490/1992 4722/12501/1992 4725/12500/1992
f 4727/12495/1991 4726/12494/1991 4725/12489/1991 4728/12488/1991
f 4723/12479/1990 4722/12478/1990 4721/12505/1990 4724/12502/1990
f 4709/12506/1990 4710/12507/1990 4724/12502/1990 4721/12505/1990
f 4728/12508/1988 4723/12509/1988 4720/12510/1988 4717/12511/1988
f 4724/12512/1989 4727/12513/1989 4718/12514/1989 4719/12515/1989
f 4727/12495/1991 4728/12488/1991 4717/12516/1991 4718/12517/1991
f 4744/12518/1987 4729/12519/1987 4752/12520/1987 4750/12521/1987 4748/12522/1987 4746/12523/1987
f 4731/12524/1999 4732/12525/1999 4734/12526/1999 4733/12527/1999
f 4747/12528/2012 4748/12529/2012 4750/12530/2012 4749/12531/2012
f 4733/12532/1991 4734/12533/1991 4736/12534/1991 4735/12535/1991
f 4730/12536/1992 4743/12537/1992 4745/12538/1992 4747/12539/1992 4749/12540/1992 4751/12541/1992
f 4745/12542/2001 4746/12543/2001 4748/12529/2001 4747/12528/2001
f 4735/12544/2001 4736/12545/2001 4738/12546/2001 4737/12547/2001
f 4751/12548/2013 4752/12549/2013 4729/12550/2013 4730/12551/2013
f 4743/12552/2015 4744/12553/2015 4746/12554/2015 4745/12555/2015
f 4737/12547/2012 4738/12546/2012 4740/12556/2012 4739/12557/2012
f 4734/12558/1987 4732/12559/1987 4742/12560/1987 4740/12561/1987 4738/12562/1987 4736/12563/1987
f 4730/12551/2009 4729/12550/2009 4744/12564/2009 4743/12565/2009
f 4739/12566/1990 4740/12567/1990 4742/12568/1990 4741/12569/1990
f 4749/12570/1990 4750/12571/1990 4752/12572/1990 4751/12573/1990
f 4741/12574/2013 4742/12575/2013 4732/12525/2013 4731/12524/2013
f 4731/12576/1992 4733/12577/1992 4735/12578/1992 4737/12579/1992 4739/12580/1992 4741/12581/1992
f 4771/12582/1987 4768/12583/1987 4754/12584/1987 4758/12585/1987
f 4755/12586/1988 4756/12587/1988 4760/12588/1988 4759/12589/1988
f 4763/12590/1987 4762/12591/1987 4761/12592/1987 4764/12593/1987
f 4757/12594/1989 4758/12595/1989 4754/12596/1989 4753/12597/1989
f 4766/12598/1990 4767/12599/1990 4756/12600/1990 4755/12601/1990
f 4760/12602/1987 4756/12603/1987 4767/12604/1987 4772/12605/1987
f 4759/12606/1991 4760/12607/1991 4772/12608/1991 4769/12609/1991
f 4765/12610/1992 4770/12611/1992 4757/12612/1992 4753/12613/1992
f 4770/12614/1991 4771/12615/1991 4758/12616/1991 4757/12617/1991
f 4755/12618/1992 4759/12619/1992 4769/12620/1992 4766/12621/1992
f 4767/12599/1990 4768/12622/1990 4763/12623/1990 4764/12624/1990
f 4770/12611/1992 4765/12610/1992 4766/12621/1992 4769/12620/1992
f 4771/12615/1991 4770/12614/1991 4769/12609/1991 4772/12608/1991
f 4767/12599/1990 4766/12598/1990 4765/12625/1990 4768/12622/1990
f 4753/12626/1990 4754/12627/1990 4768/12622/1990 4765/12625/1990
f 4772/12628/1988 4767/12629/1988 4764/12630/1988 4761/12631/1988
f 4768/12632/1989 4771/12633/1989 4762/12634/1989 4763/12635/1989
f 4771/12615/1991 4772/12608/1991 4761/12636/1991 4762/12637/1991
f 4799/12638/1988 4800/12639/1988 4804/12640/1988 4803/12641/1988
f 4788/12642/1987 4773/12643/1987 4796/12644/1987 4794/12645/1987 4792/12646/1987 4790/12647/1987
f 4775/12648/1993 4776/12649/1993 4778/12650/1993 4777/12651/1993
f 4807/12652/1987 4806/12653/1987 4805/12654/1987 4808/12655/1987
f 4791/12656/2016 4792/12657/2016 4794/12658/2016 4793/12659/2016
f 4777/12660/2010 4778/12661/2010 4780/12662/2010 4779/12663/2010
f 4774/12664/1992 4787/12665/1992 4789/12666/1992 4791/12667/1992 4793/12668/1992 4795/12669/1992
f 4789/12670/1995 4790/12671/1995 4792/12657/1995 4791/12656/1995
f 4779/12672/1995 4780/12673/1995 4782/12674/1995 4781/12675/1995
f 4795/12676/2017 4796/12677/2017 4773/12678/2017 4774/12679/2017
f 4787/12680/2010 4788/12681/2010 4790/12682/2010 4789/12683/2010
f 4781/12675/2018 4782/12674/2018 4784/12684/2018 4783/12685/2018
f 4778/12686/1987 4776/12687/1987 4786/12688/1987 4784/12689/1987 4782/12690/1987 4780/12691/1987
f 4774/12679/2019 4773/12678/2019 4788/12692/2019 4787/12693/2019
f 4783/12694/2011 4784/12695/2011 4786/12696/2011 4785/12697/2011
f 4815/12698/1987 4812/12699/1987 4798/12700/1987 4802/12701/1987
f 4793/12702/2014 4794/12703/2014 4796/12704/2014 4795/12705/2014
f 4785/12706/2017 4786/12707/2017 4776/12649/2017 4775/12648/2017
f 4775/12708/1992 4777/11120/1992 4779/12709/1992 4781/12710/1992 4783/12711/1992 4785/12712/1992
f 4801/12713/1989 4802/12714/1989 4798/12715/1989 4797/12716/1989
f 4810/12717/1990 4811/12718/1990 4800/12719/1990 4799/12720/1990
f 4804/12721/1987 4800/12722/1987 4811/12723/1987 4816/12724/1987
f 4803/12725/1991 4804/12726/1991 4816/12727/1991 4813/12728/1991
f 4809/12729/1992 4814/12730/1992 4801/12731/1992 4797/12732/1992
f 4814/12733/1991 4815/12734/1991 4802/12735/1991 4801/12736/1991
f 4799/12737/1992 4803/12738/1992 4813/12739/1992 4810/12740/1992
f 4811/12718/1990 4812/12741/1990 4807/12742/1990 4808/12743/1990
f 4814/12730/1992 4809/12729/1992 4810/12740/1992 4813/12739/1992
f 4815/12734/1991 4814/12733/1991 4813/12728/1991 4816/12727/1991
f 4811/12718/1990 4810/12717/1990 4809/12744/1990 4812/12741/1990
f 4797/12745/1990 4798/12746/1990 4812/12741/1990 4809/12744/1990
f 4816/12747/1988 4811/12748/1988 4808/12749/1988 4805/12750/1988
f 4812/12751/1989 4815/12752/1989 4806/12753/1989 4807/12754/1989
f 4815/12734/1991 4816/12727/1991 4805/12755/1991 4806/12756/1991
f 4832/12757/1987 4817/12758/1987 4840/12759/1987 4838/12760/1987 4836/12761/1987 4834/12762/1987
f 4819/12763/1993 4820/12764/1993 4822/12765/1993 4821/12766/1993
f 4835/12767/2018 4836/12768/2018 4838/12769/2018 4837/12770/2018
f 4821/12771/2015 4822/12772/2015 4824/12773/2015 4823/12774/2015
f 4818/12775/1992 4831/12776/1992 4833/12777/1992 4835/12778/1992 4837/12779/1992 4839/12780/1992
f 4833/12781/1995 4834/12782/1995 4836/12768/1995 4835/12767/1995
f 4823/12783/2020 4824/12784/2020 4826/12785/2020 4825/12786/2020
f 4839/12787/2017 4840/12788/2017 4817/12789/2017 4818/12790/2017
f 4831/12791/1991 4832/12792/1991 4834/12793/1991 4833/12794/1991
f 4825/12786/2018 4826/12785/2018 4828/12795/2018 4827/12796/2018
f 4822/12797/1987 4820/12798/1987 4830/12799/1987 4828/12800/1987 4826/12801/1987 4824/12802/1987
f 4818/12790/2019 4817/12789/2019 4832/12803/2019 4831/12804/2019
f 4827/12805/1990 4828/12806/1990 4830/12807/1990 4829/12808/1990
f 4837/12809/1990 4838/12810/1990 4840/12811/1990 4839/12812/1990
f 4829/12813/2017 4830/12814/2017 4820/12764/2017 4819/12763/2017
f 4819/12815/1992 4821/12816/1992 4823/12817/1992 4825/12818/1992 4827/12819/1992 4829/12820/1992
f 4859/12821/1987 4856/12822/1987 4842/12823/1987 4846/12824/1987
f 4843/12825/1988 4844/12826/1988 4848/12827/1988 4847/12828/1988
f 4851/12829/1987 4850/12830/1987 4849/12831/1987 4852/12832/1987
f 4845/12833/1989 4846/12834/1989 4842/12835/1989 4841/12836/1989
f 4854/12837/1990 4855/12838/1990 4844/12839/1990 4843/12840/1990
f 4848/12841/1987 4844/12842/1987 4855/12843/1987 4860/12844/1987
f 4847/12845/1991 4848/12846/1991 4860/12847/1991 4857/12848/1991
f 4853/12849/1992 4858/12850/1992 4845/12851/1992 4841/12852/1992
f 4858/12853/1991 4859/12854/1991 4846/12855/1991 4845/12856/1991
f 4843/12857/1992 4847/12858/1992 4857/12859/1992 4854/12860/1992
f 4855/12838/1990 4856/12861/1990 4851/12862/1990 4852/12863/1990
f 4858/12850/1992 4853/12849/1992 4854/12860/1992 4857/12859/1992
f 4859/12854/1991 4858/12853/1991 4857/12848/1991 4860/12847/1991
f 4855/12838/1990 4854/12837/1990 4853/12864/1990 4856/12861/1990
f 4841/12865/1990 4842/12866/1990 4856/12861/1990 4853/12864/1990
f 4860/12867/1988 4855/12868/1988 4852/12869/1988 4849/12870/1988
f 4856/12871/1989 4859/12872/1989 4850/12873/1989 4851/12874/1989
f 4859/12854/1991 4860/12847/1991 4849/12875/1991 4850/12876/1991
f 4887/12877/1988 4888/12878/1988 4892/12879/1988 4891/12880/1988
f 4876/12881/1987 4861/12882/1987 4884/12883/1987 4882/12884/1987 4880/12885/1987 4878/12886/1987
f 4863/12887/2019 4864/12888/2019 4866/12889/2019 4865/12890/2019
f 4895/12891/1987 4894/12892/1987 4893/12893/1987 4896/12894/1987
f 4879/12895/2000 4880/12896/2000 4882/12897/2000 4881/12898/2000
f 4865/12899/1991 4866/12900/1991 4868/12901/1991 4867/12902/1991
f 4862/12903/1992 4875/12904/1992 4877/12905/1992 4879/12906/1992 4881/12907/1992 4883/12908/1992
f 4877/12909/2020 4878/12910/2020 4880/12896/2020 4879/12895/2020
f 4867/12911/1995 4868/12912/1995 4870/12913/1995 4869/12914/1995
f 4883/12915/2006 4884/12916/2006 4861/12917/2006 4862/12918/2006
f 4875/12919/1991 4876/12920/1991 4878/12921/1991 4877/12922/1991
f 4869/12914/2000 4870/12913/2000 4872/12923/2000 4871/12924/2000
f 4866/12925/1987 4864/12926/1987 4874/12927/1987 4872/12928/1987 4870/12929/1987 4868/12930/1987
f 4862/12918/2019 4861/12917/2019 4876/12931/2019 4875/12932/2019
f 4871/12933/1990 4872/12934/1990 4874/12935/1990 4873/12936/1990
f 4903/12937/1987 4900/12938/1987 4886/12939/1987 4890/12940/1987
f 4881/12941/1990 4882/12942/1990 4884/12943/1990 4883/12944/1990
f 4873/12945/2006 4874/12946/2006 4864/12888/2006 4863/12887/2006
f 4863/12947/1992 4865/12948/1992 4867/12949/1992 4869/12950/1992 4871/12951/1992 4873/12952/1992
f 4889/12953/1989 4890/12954/1989 4886/12955/1989 4885/12956/1989
f 4898/12957/1990 4899/12958/1990 4888/12959/1990 4887/12960/1990
f 4892/12961/1987 4888/12962/1987 4899/12963/1987 4904/12964/1987
f 4891/12965/1991 4892/12966/1991 4904/12967/1991 4901/12968/1991
f 4897/12969/1992 4902/12970/1992 4889/12971/1992 4885/12972/1992
f 4902/12973/1991 4903/12974/1991 4890/12975/1991 4889/12976/1991
f 4887/12977/1992 4891/12978/1992 4901/12979/1992 4898/12980/1992
f 4899/12958/1990 4900/12981/1990 4895/12982/1990 4896/12983/1990
f 4902/12970/1992 4897/12969/1992 4898/12980/1992 4901/12979/1992
f 4903/12974/1991 4902/12973/1991 4901/12968/1991 4904/12967/1991
f 4899/12958/1990 4898/12957/1990 4897/12984/1990 4900/12981/1990
f 4885/12985/1990 4886/12986/1990 4900/12981/1990 4897/12984/1990
f 4904/12987/1988 4899/12988/1988 4896/12989/1988 4893/12990/1988
f 4900/12991/1989 4903/12992/1989 4894/12993/1989 4895/12994/1989
f 4903/12974/1991 4904/12967/1991 4893/12995/1991 4894/12996/1991
f 4920/12997/1987 4905/12998/1987 4928/12999/1987 4926/13000/1987 4924/13001/1987 4922/13002/1987
f 4907/13003/2019 4908/13004/2019 4910/13005/2019 4909/13006/2019
f 4923/13007/2000 4924/13008/2000 4926/13009/2000 4925/13010/2000
f 4909/13011/2010 4910/13012/2010 4912/13013/2010 4911/13014/2010
f 4906/13015/1992 4919/13016/1992 4921/13017/1992 4923/13018/1992 4925/13019/1992 4927/13020/1992
f 4921/13021/2021 4922/13022/2021 4924/13008/2021 4923/13007/2021
f 4911/13023/2021 4912/13024/2021 4914/13025/2021 4913/13026/2021
f 4927/13027/2006 4928/13028/2006 4905/13029/2006 4906/13030/2006
f 4919/13031/1991 4920/13032/1991 4922/13033/1991 4921/13034/1991
f 4913/13026/2000 4914/13025/2000 4916/13035/2000 4915/13036/2000
f 4910/13037/1987 4908/13038/1987 4918/13039/1987 4916/13040/1987 4914/13041/1987 4912/13042/1987
f 4906/13030/2019 4905/13029/2019 4920/13043/2019 4919/13044/2019
f 4915/13045/1990 4916/13046/1990 4918/13047/1990 4917/13048/1990
f 4925/13049/1990 4926/13050/1990 4928/13051/1990 4927/13052/1990
f 4917/13053/2006 4918/13054/2006 4908/13004/2006 4907/13003/2006
f 4907/13055/1992 4909/13056/1992 4911/13057/1992 4913/13058/1992 4915/13059/1992 4917/13060/1992
f 4929/13061/2022 4930/13062/2022 4932/13063/2022 4931/13064/2022
f 4931/13065/2023 4932/13066/2023 4936/13067/2023 4935/13068/2023
f 4935/13069/2024 4936/13070/2024 4934/13071/2024 4933/13072/2024
f 4933/13073/2025 4934/13074/2025 4930/13075/2025 4929/13076/2025
f 4931/13077/2026 4935/13078/2026 4933/13079/2026 4929/13080/2026
f 4936/13081/2027 4932/13082/2027 4930/13083/2027 4934/13084/2027
f 4937/13085/2028 4938/13086/2028 4940/13087/2028 4939/13088/2028
f 4939/13089/2029 4940/13090/2029 4944/13091/2029 4943/13092/2029
f 4943/13093/2030 4944/13094/2030 4942/13095/2030 4941/13096/2030
f 4941/13097/2031 4942/13098/2031 4938/13099/2031 4937/13100/2031
f 4939/13101/2032 4943/13102/2032 4941/13103/2032 4937/13104/2032
f 4944/13105/2033 4940/13106/2033 4938/13107/2033 4942/13108/2033
f 4945/13109/2034 4946/13110/2034 4948/13111/2034 4947/13112/2034
f 4947/13113/2035 4948/13114/2035 4952/13115/2035 4951/13116/2035
f 4951/13117/2036 4952/13118/2036 4950/13119/2036 4949/13120/2036
f 4949/13121/2037 4950/13122/2037 4946/13123/2037 4945/13124/2037
f 4947/13125/2038 4951/13126/2038 4949/13127/2038 4945/13128/2038
f 4952/13129/2039 4948/13130/2039 4946/13131/2039 4950/13132/2039
f 4953/13133/2040 4954/13134/2040 4956/13135/2040 4955/13136/2040
f 4955/13137/2041 4956/13138/2041 4960/13139/2041 4959/13140/2041
f 4959/13141/2042 4960/13142/2042 4958/13143/2042 4957/13144/2042
f 4957/13145/2043 4958/13146/2043 4954/13134/2043 4953/13133/2043
f 4955/13147/2044 4959/13148/2044 4957/13149/2044 4953/13150/2044
f 4960/13151/2045 4956/13152/2045 4954/13153/2045 4958/13154/2045
f 4961/13155/2046 4962/13156/2046 4964/13157/2046 4963/13158/2046
f 4963/13159/2047 4964/13160/2047 4968/13161/2047 4967/13162/2047
f 4967/13163/2048 4968/13164/2048 4966/13165/2048 4965/13166/2048
f 4965/13167/2049 4966/13168/2049 4962/13156/2049 4961/13155/2049
f 4963/13169/2050 4967/13170/2050 4965/13171/2050 4961/13172/2050
f 4968/13173/2051 4964/13174/2051 4962/13175/2051 4966/13176/2051
f 4969/13177/2052 4970/13178/2052 4972/13179/2052 4971/13180/2052
f 4971/13181/2053 4972/13182/2053 4976/13183/2053 4975/13184/2053
f 4975/13185/2054 4976/13186/2054 4974/13187/2054 4973/13188/2054
f 4973/13189/2055 4974/13190/2055 4970/13191/2055 4969/13192/2055
f 4971/13193/2056 4975/13194/2056 4973/13195/2056 4969/13196/2056
f 4976/13197/2057 4972/13198/2057 4970/13199/2057 4974/13200/2057
f 4977/13201/2058 4978/13202/2058 4980/13203/2058 4979/13204/2058
f 4979/13205/2059 4980/13206/2059 4984/13207/2059 4983/13208/2059
f 4983/13209/2060 4984/13210/2060 4982/13211/2060 4981/13212/2060
f 4981/13212/2061 4982/13211/2061 4978/13213/2061 4977/13214/2061
f 4979/13215/2062 4983/13216/2062 4981/13217/2062 4977/13218/2062
f 4984/13219/2063 4980/13220/2063 4978/13221/2063 4982/13222/2063
f 4985/13223/2064 4986/13224/2064 4988/13225/2064 4987/13226/2064
f 4987/13227/2065 4988/13228/2065 4992/13229/2065 4991/13230/2065
f 4991/13231/2066 4992/13232/2066 4990/13233/2066 4989/13234/2066
f 4989/13234/2067 4990/13233/2067 4986/13235/2067 4985/13236/2067
f 4987/13237/2068 4991/13238/2068 4989/13239/2068 4985/13240/2068
f 4992/13241/2069 4988/13242/2069 4986/13243/2069 4990/13244/2069
f 4993/13245/2070 4994/13246/2070 4996/13247/2070 4995/13248/2070
f 4995/13249/2071 4996/13250/2071 5000/13251/2071 4999/13252/2071
f 4999/13253/2072 5000/13254/2072 4998/13255/2072 4997/13256/2072
f 4997/13256/2073 4998/13255/2073 4994/13257/2073 4993/13258/2073
f 4995/13259/2074 4999/13260/2074 4997/13261/2074 4993/13262/2074
f 5000/13263/2075 4996/13264/2075 4994/13265/2075 4998/13266/2075
f 5001/13267/2076 5002/13268/2076 5004/13269/2076 5003/13270/2076
f 5003/13271/2077 5004/13272/2077 5008/13273/2077 5007/13274/2077
f 5007/13275/2078 5008/13276/2078 5006/13277/2078 5005/13278/2078
f 5005/13279/2079 5006/13280/2079 5002/13281/2079 5001/13282/2079
f 5003/13283/2080 5007/13284/2080 5005/13285/2080 5001/13286/2080
f 5008/13287/2081 5004/13288/2081 5002/13289/2081 5006/13290/2081
f 5009/13291/2082 5010/13292/2082 5012/13293/2082 5011/13294/2082
f 5011/13295/2083 5012/13296/2083 5016/13297/2083 5015/13298/2083
f 5015/13299/2084 5016/13300/2084 5014/13301/2084 5013/13302/2084
f 5013/13303/2085 5014/13304/2085 5010/13305/2085 5009/13306/2085
f 5011/13307/2086 5015/13308/2086 5013/13309/2086 5009/13310/2086
f 5016/13311/2087 5012/13312/2087 5010/13313/2087 5014/13314/2087
f 5017/13315/2088 5018/13316/2088 5020/13317/2088 5019/13318/2088
f 5019/13319/2089 5020/13320/2089 5024/13321/2089 5023/13322/2089
f 5023/13323/2090 5024/13324/2090 5022/13325/2090 5021/13326/2090
f 5021/13326/2091 5022/13325/2091 5018/13327/2091 5017/13328/2091
f 5019/13329/2092 5023/13330/2092 5021/13331/2092 5017/13332/2092
f 5024/13333/2093 5020/13334/2093 5018/13335/2093 5022/13336/2093
f 5025/13337/2094 5026/13338/2094 5028/13339/2094 5027/13340/2094
f 5027/13341/2095 5028/13342/2095 5032/13343/2095 5031/13344/2095
f 5031/13345/2096 5032/13346/2096 5030/13347/2096 5029/13348/2096
f 5029/9941/2097 5030/13349/2097 5026/13350/2097 5025/13351/2097
f 5027/13352/1992 5031/13353/1992 5029/13354/1992 5025/13355/1992
f 5032/13356/1987 5028/13357/1987 5026/13358/1987 5030/13359/1987
f 5033/13360/2098 5034/13361/2098 5036/13362/2098 5035/13363/2098
f 5035/13364/2099 5036/13365/2099 5040/13366/2099 5039/13367/2099
f 5039/13368/2100 5040/13369/2100 5038/13370/2100 5037/13371/2100
f 5037/13372/2101 5038/13373/2101 5034/13374/2101 5033/13375/2101
f 5035/13376/2102 5039/13377/2102 5037/13378/2102 5033/13379/2102
f 5040/13380/2103 5036/13376/2103 5034/13381/2103 5038/13382/2103
f 5041/13383/2104 5042/13384/2104 5044/13385/2104 5043/13386/2104
f 5043/13387/2105 5044/13388/2105 5048/13389/2105 5047/13390/2105
f 5047/13391/2106 5048/13392/2106 5046/13393/2106 5045/13394/2106
f 5045/13395/2107 5046/13396/2107 5042/13397/2107 5041/13398/2107
f 5043/13399/2108 5047/13400/2108 5045/13401/2108 5041/13402/2108
f 5048/13403/2109 5044/13404/2109 5042/13405/2109 5046/13406/2109
f 5049/13407/2094 5050/13408/2094 5052/13409/2094 5051/13410/2094
f 5051/13411/2095 5052/13412/2095 5056/13413/2095 5055/13414/2095
f 5055/13415/2096 5056/13416/2096 5054/13417/2096 5053/13418/2096
f 5053/13419/2097 5054/13420/2097 5050/13421/2097 5049/13422/2097
f 5051/13423/1992 5055/13424/1992 5053/13425/1992 5049/13426/1992
f 5056/13427/1987 5052/13428/1987 5050/13429/1987 5054/13430/1987
f 5057/13431/2110 5058/13432/2110 5060/13433/2110 5059/13434/2110
f 5059/13435/2111 5060/13436/2111 5064/13437/2111 5063/13438/2111
f 5063/13439/2112 5064/13440/2112 5062/13441/2112 5061/13442/2112
f 5061/13443/2113 5062/13444/2113 5058/13445/2113 5057/13446/2113
f 5059/13447/1992 5063/13448/1992 5061/13449/1992 5057/13450/1992
f 5064/13451/1987 5060/13452/1987 5058/13453/1987 5062/13454/1987
f 5065/13455/1990 5066/13456/1990 5068/13457/1990 5067/13458/1990
f 5067/13459/1988 5068/13460/1988 5072/13461/1988 5071/13462/1988
f 5071/13463/1991 5072/13464/1991 5070/13465/1991 5069/13466/1991
f 5069/13467/1989 5070/13468/1989 5066/13469/1989 5065/13470/1989
f 5067/13471/1992 5071/13472/1992 5069/13473/1992 5065/13474/1992
f 5072/13475/1987 5068/13476/1987 5066/13477/1987 5070/13478/1987
f 5073/13479/2094 5074/13480/2094 5076/13481/2094 5075/13482/2094
f 5075/13483/2095 5076/13484/2095 5080/13485/2095 5079/13486/2095
f 5079/13487/2096 5080/13488/2096 5078/13489/2096 5077/13490/2096
f 5077/13491/2097 5078/13492/2097 5074/13493/2097 5073/13494/2097
f 5075/13495/1992 5079/13496/1992 5077/13497/1992 5073/13498/1992
f 5080/13499/1987 5076/13500/1987 5074/13501/1987 5078/13502/1987
f 5081/13503/2110 5082/13504/2110 5084/13505/2110 5083/13506/2110
f 5083/13507/2111 5084/13508/2111 5088/13509/2111 5087/13510/2111
f 5087/13511/2112 5088/13512/2112 5086/13513/2112 5085/13514/2112
f 5085/13515/2113 5086/13516/2113 5082/13517/2113 5081/13518/2113
f 5083/13519/1992 5087/13520/1992 5085/13521/1992 5081/13522/1992
f 5088/13523/1987 5084/13524/1987 5082/13525/1987 5086/13526/1987
f 5089/13527/1990 5090/13528/1990 5092/13529/1990 5091/13530/1990
f 5091/13531/1988 5092/13532/1988 5096/13533/1988 5095/13534/1988
f 5095/13535/1991 5096/13536/1991 5094/13537/1991 5093/13538/1991
f 5093/13539/1989 5094/13540/1989 5090/13541/1989 5089/13542/1989
f 5091/13543/1992 5095/13544/1992 5093/13545/1992 5089/13546/1992
f 5096/13547/1987 5092/13548/1987 5090/13549/1987 5094/13550/1987
f 5097/13551/2094 5098/13552/2094 5100/13553/2094 5099/13554/2094
f 5099/13555/2095 5100/13556/2095 5104/13557/2095 5103/13558/2095
f 5103/13559/2096 5104/13560/2096 5102/13561/2096 5101/13562/2096
f 5101/13563/2097 5102/13564/2097 5098/13565/2097 5097/13566/2097
f 5099/13567/1992 5103/13568/1992 5101/13569/1992 5097/13570/1992
f 5104/13571/1987 5100/13572/1987 5098/13573/1987 5102/13574/1987
f 5105/13575/2110 5106/13576/2110 5108/13577/2110 5107/13578/2110
f 5107/13579/2111 5108/13580/2111 5112/13581/2111 5111/13582/2111
f 5111/13583/2112 5112/13584/2112 5110/13585/2112 5109/13586/2112
f 5109/13587/2113 5110/13588/2113 5106/13589/2113 5105/13590/2113
f 5107/13591/1992 5111/13592/1992 5109/13593/1992 5105/13594/1992
f 5112/13595/1987 5108/13596/1987 5106/13597/1987 5110/13598/1987
f 5113/13599/1990 5114/13600/1990 5116/13601/1990 5115/13602/1990
f 5115/13603/1988 5116/13604/1988 5120/13605/1988 5119/13606/1988
f 5119/13607/1991 5120/13608/1991 5118/13609/1991 5117/13610/1991
f 5117/13611/1989 5118/13612/1989 5114/13613/1989 5113/13614/1989
f 5115/13615/1992 5119/13616/1992 5117/13617/1992 5113/13618/1992
f 5120/13619/1987 5116/13620/1987 5114/13621/1987 5118/13622/1987
