<?xml version="1.0" encoding="utf-8"?>
<COLLADA xmlns="http://www.collada.org/2005/11/COLLADASchema" version="1.4.1" xmlns:xsi="http://www.w3.org/2001/XMLSchema-instance">
  <asset>
    <contributor>
      <author>Centrixe</author>
      <authoring_tool>OpenCOLLADA for 3ds Max;  Version: 1.6;  Revision: 68</authoring_tool>
    </contributor>
    <created>2026-03-30T21:41:04</created>
    <modified>2026-03-30T21:41:04</modified>
    <unit name="inch" meter="0.0254"/>
    <up_axis>Z_UP</up_axis>
  </asset>
  <library_effects>
    <effect id="mt_Body">
      <profile_COMMON>
        <newparam sid="Rock_Body_Alb_00_png-surface">
          <surface type="2D">
            <init_from>Rock_Body_Alb_00_png</init_from>
          </surface>
        </newparam>
        <newparam sid="Rock_Body_Alb_00_png-sampler">
          <sampler2D>
            <source>Rock_Body_Alb_00_png-surface</source>
          </sampler2D>
        </newparam>
        <newparam sid="Rock_Body_Nrm_00_png-surface">
          <surface type="2D">
            <init_from>Rock_Body_Nrm_00_png</init_from>
          </surface>
        </newparam>
        <newparam sid="Rock_Body_Nrm_00_png-sampler">
          <sampler2D>
            <source>Rock_Body_Nrm_00_png-surface</source>
          </sampler2D>
        </newparam>
        <technique sid="common">
          <blinn>
            <emission>
              <color>0 0 0 1</color>
            </emission>
            <ambient>
              <color>0.588 0.588 0.588 1</color>
            </ambient>
            <diffuse>
              <texture texture="Rock_Body_Alb_00_png-sampler" texcoord="CHANNEL1"/>
            </diffuse>
            <specular>
              <color>0 0 0 1</color>
            </specular>
            <shininess>
              <float>10</float>
            </shininess>
            <reflective>
              <color>0 0 0 1</color>
            </reflective>
            <transparent opaque="A_ONE">
              <texture texture="Rock_Body_Alb_00_png-sampler" texcoord="CHANNEL1"/>
            </transparent>
            <transparency>
              <float>1</float>
            </transparency>
          </blinn>
          <extra>
            <technique profile="OpenCOLLADA3dsMax">
              <bump bumptype="HEIGHTFIELD">
                <texture texture="Rock_Body_Nrm_00_png-sampler" texcoord="CHANNEL1"/>
              </bump>
            </technique>
          </extra>
        </technique>
      </profile_COMMON>
      <extra>
        <technique profile="OpenCOLLADA3dsMax">
          <extended_shader>
            <opacity_type sid="opacity_type" type="int">0</opacity_type>
            <falloff_type sid="falloff_type" type="int">0</falloff_type>
            <falloff sid="falloff" type="float">0</falloff>
            <index_of_refraction sid="index_of_refraction" type="float">1.5</index_of_refraction>
            <wire_size sid="wire_size" type="float">1</wire_size>
            <wire_units sid="wire_units" type="int">0</wire_units>
            <apply_reflection_dimming sid="apply_reflection_dimming" type="bool">0</apply_reflection_dimming>
            <dim_level sid="dim_level" type="float">0</dim_level>
            <reflection_level sid="reflection_level" type="float">3</reflection_level>
          </extended_shader>
          <shader>
            <ambient_diffuse_texture_lock sid="ambient_diffuse_texture_lock" type="bool">1</ambient_diffuse_texture_lock>
            <ambient_diffuse_lock sid="ambient_diffuse_lock" type="bool">1</ambient_diffuse_lock>
            <diffuse_specular_lock sid="diffuse_specular_lock" type="bool">0</diffuse_specular_lock>
            <use_self_illum_color sid="use_self_illum_color" type="bool">0</use_self_illum_color>
            <self_illumination sid="self_illumination" type="float">0</self_illumination>
            <specular_level sid="specular_level" type="float">0</specular_level>
            <soften sid="soften" type="float">0.1</soften>
          </shader>
        </technique>
      </extra>
    </effect>
  </library_effects>
  <library_materials>
    <material id="mt_Body-material" name="mt_Body">
      <instance_effect url="#mt_Body"/>
    </material>
  </library_materials>
  <library_geometries>
    <geometry id="geom-Rock_Part3__mt_Body" name="Rock_Part3__mt_Body">
      <mesh>
        <source id="geom-Rock_Part3__mt_Body-positions">
          <float_array id="geom-Rock_Part3__mt_Body-positions-array" count="2508">0.3008317 0.2138789 0.4058691 0.2986403 0.2242449 0.3806806 0.2175252 0.2564819 0.4390942 0.2077775 0.2556517 0.4664904 0.01999728 0.3459681 0.5217525 0.01778028 0.3399613 0.5383158 -0.01592651 0.3460839 0.5253314 -0.01385296 0.3392343 0.5406632 -0.2535008 0.2468284 0.4712375 -0.2645992 0.2320588 0.4824904 -0.3185616 0.1929329 0.4628087 -0.3326582 0.1932558 0.4471596 -0.1906917 -0.2737201 0.5497442 -0.1791442 -0.2759969 0.5593869 -0.1905935 -0.2610314 0.5698277 -0.2032887 -0.2543222 0.5570236 -0.3212896 -0.08442128 0.5560964 -0.3297598 -0.09054595 0.5374744 -0.3333086 -0.06173229 0.544153 -0.3389604 -0.0642755 0.5310543 -0.3344186 0.1778401 0.4621109 -0.3712969 0.1792098 0.4449087 -0.3326582 0.1932558 0.4471596 -0.3185616 0.1929329 0.4628087 0.2151861 -0.2117496 0.6256415 0.2178796 -0.2247632 0.6113529 0.2410539 -0.2173513 0.6131126 0.238235 -0.2271398 0.5907454 0.299489 -0.2351544 0.5178429 0.4350316 -0.3035112 0.21203 0.4484517 -0.2842992 0.2155289 0.4571665 -0.2859214 0.1796692 0.4405896 -0.3087433 0.1769847 0.4726344 -0.3066599 0.02467307 0.4865937 -0.2890614 0.02467307 0.4825517 -0.2810149 0 0.4865937 -0.2890614 0.02467307 0.5248153 -0.2681008 0.02467309 0.4571665 -0.2859214 0.1796692 0.533664 -0.2483167 0 0.5348355 -0.2503658 0.2395544 0.4484517 -0.2842992 0.2155289 0.5484535 -0.2450951 0.02467309 0.5233729 -0.2536798 0.2596472 0.299489 -0.2351544 0.5178429 0.5517424 -0.2285073 0.2311416 0.531526 -0.2424918 0.2831073 0.2410539 -0.2173513 0.6131126 0.5516227 -0.2239937 0.2630793 0.6064523 0.04433182 0.1588885 0.5839704 0.04004344 0.02467309 0.5705903 0.05479293 0 0.6118116 0.04555811 0.1882313 0.5804994 0.06733876 0.02467309 0.6013585 0.0713065 0.1612221 0.4338748 0.306972 0.02467307 0.4171961 0.3092061 0 0.3934321 0.3041226 0 0.4050971 0.3147455 0.02467307 0.3791327 0.3150451 0 0.3842065 0.322294 0.02467307 0.4050971 0.3147455 0.02467307 0.3285039 0.2426226 0.3099009 0.3414056 0.2226972 0.3217127 0.3198631 0.2352821 0.3482592 0.3343436 0.219783 0.351554 0.3172809 0.2120256 0.3787211 0.2986403 0.2242449 0.3806806 0.3008317 0.2138789 0.4058691 0.3970417 0.2246215 0.3426399 0.3414056 0.2226972 0.3217127 0.3343436 0.219783 0.351554 0.4252225 0.2222176 0.3421356 0.3973257 0.2194374 0.3728672 0.6059366 0.06997907 0.1902149 0.4295048 0.2162978 0.3750156 0.5794573 0.03297269 0.4617173 0.4272944 0.207465 0.4011324 0.3929793 0.2105733 0.3987198 0.3172809 0.2120256 0.3787211 0.569264 0.04805234 0.47761 0.3171414 0.1929988 0.4327005 0.3008317 0.2138789 0.4058691 0.2933672 0.1988078 0.4611163 0.4074042 0.1321309 0.5812169 0.3890207 0.1287009 0.5858532 0.2714086 0.06090736 0.6929106 0.2473913 0.04573417 0.7175396 0.410472 0.1250671 0.5947222 0.4006141 0.1148023 0.6028885 0.2646514 0.03041035 0.7191583 0.2404267 0.01589346 0.7363516 0.5726997 0.02823696 0.4855961 0.5150506 -0.006032169 0.6242983 0.5015143 -0.01269627 0.6400118 0.2327656 -0.1051748 0.7435979 0.2138933 -0.1105348 0.7495685 0.5105611 -0.03113717 0.6250401 0.2323152 -0.1246175 0.735132 0.212421 -0.1333365 0.7430493 0.2252313 -0.1960772 0.6651098 0.494866 -0.0400793 0.6389033 0.2424043 -0.199046 0.6427165 0.2151861 -0.2117496 0.6256415 0.464337 -0.1641145 0.622174 0.4647416 -0.1746435 0.5953149 0.4796648 -0.1554725 0.6122512 0.4856166 -0.1621173 0.5869044 0.5698764 0.003952891 0.4969072 0.577282 0.008819938 0.4683284 -0.2097706 -0.4928706 0 0.3543717 -0.4944651 0 -0.1296013 -0.5825832 0 0.4825517 -0.2810149 0 -0.3462588 -0.3773621 0 -0.5700886 -0.05714172 0 0.533664 -0.2483167 0 0.5705903 0.05479293 0 -0.4860608 0.2111876 0 -0.3982103 0.2791021 0 0.3791327 0.3150451 0 0.3934321 0.3041226 0 -0.3193458 0.4304377 0 0.3582304 0.4380826 0 -0.2063223 0.4954559 0 0.09644995 0.561553 0 -0.17416 -0.3975432 0.4612006 -0.1791442 -0.2759969 0.5593869 -0.1906917 -0.2737201 0.5497442 -0.1914463 -0.3963902 0.4419374 -0.1765959 -0.415038 0.4471794 -0.1915399 -0.4117316 0.4205229 -0.1815072 -0.425005 0.4211969 -0.2232207 -0.4922121 0.02467307 -0.2074909 -0.5066032 0.02467307 -0.2097706 -0.4928706 0 -0.1296013 -0.5825832 0 -0.2074909 -0.5066032 0.02467307 -0.1393327 -0.582062 0.0246731 -0.09165162 -0.5867009 0.0246731 0.3543717 -0.4944651 0 -0.1319192 -0.5873996 0.2334336 -0.1815072 -0.425005 0.4211969 -0.1124082 -0.585638 0.03987545 0.4825517 -0.2810149 0 0.4726344 -0.3066599 0.02467307 0.3576679 -0.4895059 0.02467307 0.4405896 -0.3087433 0.1769847 0.3287474 -0.5137814 0.02467307 0.2313573 -0.5560558 0.2207568 0.2598835 -0.5372799 0.2188707 0.2300264 -0.5553601 0.2571429 0.4230385 -0.3205955 0.2129458 0.4350316 -0.3035112 0.21203 0.2523426 -0.5369605 0.2553973 0.3435735 -0.3835013 0.3513731 0.3365721 -0.3660904 0.3765061 0.238235 -0.2271398 0.5907454 0.2794058 -0.4137176 0.4798574 0.2851663 -0.3912908 0.4839713 0.2709348 -0.3948808 0.5136968 0.2178796 -0.2247632 0.6113529 0.2561303 -0.4299696 0.4807952 0.2573446 -0.4149316 0.5020321 0.08439964 -0.5161753 0.4771319 0.114932 -0.3182496 0.6829153 0.06087746 -0.2867322 0.6730565 0.1154412 -0.3513045 0.6826564 0.08474842 -0.3330348 0.6797918 0.03182631 -0.2963735 0.6649888 0.06647913 -0.5113636 0.502555 -0.1114132 -0.4233558 0.5897677 -0.1003703 -0.3377421 0.6173365 -0.1231407 -0.3271617 0.6056143 -0.1075865 -0.4511874 0.5768554 -0.1280096 -0.4263533 0.5770286 -0.1791442 -0.2759969 0.5593869 -0.17416 -0.3975432 0.4612006 -0.1287465 -0.4519286 0.5624893 -0.1765959 -0.415038 0.4471794 -0.1105334 -0.5341948 0.4849719 -0.1377166 -0.5262216 0.474114 -0.1138106 -0.5476825 0.459524 -0.1366992 -0.5404745 0.4552232 -0.1079474 -0.5976796 0.2225571 0.06087746 -0.2867322 0.6730565 0.2178796 -0.2247632 0.6113529 0.2151861 -0.2117496 0.6256415 0.05241063 -0.2754294 0.6847693 0.02702134 -0.2848162 0.6790817 0.03182631 -0.2963735 0.6649888 -0.1041025 -0.3326367 0.6365749 -0.1003703 -0.3377421 0.6173365 -0.12479 -0.3248159 0.6254684 -0.1231407 -0.3271617 0.6056143 -0.1791442 -0.2759969 0.5593869 -0.1905935 -0.2610314 0.5698277 -0.3462588 -0.3773621 0 -0.2097706 -0.4928706 0 -0.2232207 -0.4922121 0.02467307 -0.3464652 -0.3932234 0.02467307 -0.3608083 -0.3759885 0.02467307 -0.5700886 -0.05714172 0 -0.3318723 -0.3834108 0.2804089 -0.1915399 -0.4117316 0.4205229 -0.3501777 -0.3713564 0.2689019 -0.3235801 -0.3722125 0.3128904 -0.1914463 -0.3963902 0.4419374 -0.1906917 -0.2737201 0.5497442 -0.2032887 -0.2543222 0.5570236 -0.3458871 -0.3629578 0.2927205 -0.3297598 -0.09054595 0.5374744 -0.4652048 -0.2459357 0.2658731 -0.4725357 -0.2517828 0.243482 -0.5767536 -0.06655359 0.02467309 -0.5630851 -0.06271884 0.2031944 -0.5761527 -0.03962273 0.02467309 -0.5741529 -0.06386793 0.1772887 -0.4860608 0.2111876 0 -0.5642556 -0.0361757 0.1950387 -0.3879725 -0.0983268 0.4664542 -0.5519382 -0.0343926 0.2227356 -0.382711 -0.07362825 0.4761811 -0.3389604 -0.0642755 0.5310543 -0.3712969 0.1792098 0.4449087 -0.4758019 0.07278469 0.3319091 -0.4748089 0.09732682 0.3163706 -0.3736444 0.1868305 0.4302 -0.3326582 0.1932558 0.4471596 -0.3587263 0.1979783 0.4152845 -0.4526081 0.199056 0.2533367 -0.449084 0.2162355 0.2401468 -0.4033348 0.2857377 0.02467307 -0.4942148 0.2077317 0.02467309 -0.4797478 0.226997 0.02467307 -0.3982103 0.2791021 0 -0.1905935 -0.2610314 0.5698277 -0.12479 -0.3248159 0.6254684 -0.3212896 -0.08442128 0.5560964 -0.2773819 -0.07838959 0.7138092 -0.1148265 -0.2551887 0.8117472 -0.1041025 -0.3326367 0.6365749 -0.3274442 -0.06107455 0.5661089 -0.3333086 -0.06173229 0.544153 -0.09064497 -0.2618268 0.817749 0.02702134 -0.2848162 0.6790817 -0.3419683 0.1755617 0.5650629 -0.3344186 0.1778401 0.4621109 -0.3185616 0.1929329 0.4628087 -0.3265681 0.190376 0.5690284 -0.2645992 0.2320588 0.4824904 -0.3424673 0.1742475 0.5890216 -0.2836787 -0.05535948 0.7095914 -0.3256337 0.1896756 0.5908846 -0.3250861 0.1680831 0.6636099 -0.006211448 0.3345497 0.6179462 -0.01385296 0.3392343 0.5406632 0.01778028 0.3399613 0.5383158 -0.01241466 0.3250322 0.6408432 -0.3086575 0.1890507 0.659584 -0.2223262 0.1506158 0.799702 -0.2106936 0.1706022 0.7973903 -0.2741216 -0.06195641 0.7314153 -0.2056142 0.1443578 0.8203088 -0.1934619 0.1637347 0.8184021 0.01413437 0.3289772 0.6472148 0.02183691 0.3362373 0.6224604 0.1082377 0.3100257 0.6550673 0.2077775 0.2556517 0.4664904 0.1012932 0.3040638 0.6770558 0.2017252 0.2173307 0.6875242 0.3008317 0.2138789 0.4058691 0.2933672 0.1988078 0.4611163 -0.002136618 0.1751859 0.859628 0.1872457 0.2154344 0.7100317 0.2100395 0.1914832 0.6967745 0.2473913 0.04573417 0.7175396 -0.08098005 0.08064622 0.8973446 0.2230709 0.01386613 0.7737159 0.2404267 0.01589346 0.7363516 0.2138933 -0.1105348 0.7495685 -0.09426804 0.06176072 0.9029932 -0.00907799 0.03155965 0.9684498 0.1060553 0.09556806 0.9215626 0.1957707 0.1884796 0.7187747 0.03944093 0.001228571 0.9949783 0.1217209 0.08215976 0.9184974 0.2129196 0.0159511 0.7973881 0.1848721 -0.1635317 0.8251849 0.212421 -0.1333365 0.7430493 0.1797212 -0.1874526 0.8321252 0.2252313 -0.1960772 0.6651098 0.1724955 -0.1830899 0.8518999 0.1656658 -0.1997122 0.8295987 0.2151861 -0.2117496 0.6256415 0.05241063 -0.2754294 0.6847693 0.1582141 -0.2002596 0.8475068 0.1196237 -0.09429258 0.9498442 0.1547175 -0.1906942 0.8670408 0.04056931 -0.2179055 0.8962849 0.05548493 -0.01541436 0.995993 -0.07403823 -0.1923641 0.9164314 0.02651078 -0.017573 1.002092 -0.09368877 -0.1823217 0.9162899 -0.06775199 -0.17544 0.9337832 -0.08791853 -0.1655453 0.9323368 0.04994829 -0.2014456 0.9120733 -0.02166149 -0.1145279 0.9812273 0.1083314 -0.1070944 0.9538316 -0.03593265 -0.09488153 0.9847027 0.04244446 -0.03435135 1.000892 -0.02232892 0.01296705 0.9745089 -0.4033348 0.2857377 0.02467307 -0.3922457 0.2976862 0.02467307 -0.3982103 0.2791021 0 -0.3587263 0.1979783 0.4152845 -0.3193458 0.4304377 0 -0.3375817 0.2066212 0.430002 -0.3326582 0.1932558 0.4471596 -0.3211893 0.4406124 0.02467307 -0.1430585 0.4500656 0.408334 -0.2535008 0.2468284 0.4712375 -0.01592651 0.3460839 0.5253314 -0.3076057 0.4078437 0.1800713 -0.153867 0.4598527 0.3895072 -0.122826 0.46163 0.4024238 0.01999728 0.3459681 0.5217525 -0.2158193 0.4964722 0.02467307 -0.2063223 0.4954559 0 -0.189275 0.4923463 0.2449369 -0.1982317 0.5048727 0.0246731 0.09644995 0.561553 0 -0.1715929 0.5003698 0.2465252 -0.1359925 0.4735031 0.3841588 0.09187489 0.5611095 0.1069226 0.08604398 0.5215911 0.2429425 -0.1022336 0.4773053 0.385844 0.09087072 0.56735 0.0246731 0.1046096 0.5186454 0.241191 0.1065557 0.5652967 0.0246731 0.1110613 0.5585442 0.09829694 0.3475441 0.451129 0.02467307 0.3582304 0.4380826 0 0.09507604 0.5142804 0.2629494 0.3649094 0.4372072 0.02467307 0.3791327 0.3150451 0 0.3842065 0.322294 0.02467307 0.2859441 0.3954001 0.3107404 0.2998928 0.3774594 0.3135826 0.3285039 0.2426226 0.3099009 0.272818 0.4007905 0.3276628 0.2877083 0.3765764 0.3369419 0.3198631 0.2352821 0.3482592 0.2986403 0.2242449 0.3806806 0.2175252 0.2564819 0.4390942 0.08976209 0.4618319 0.3767064 0.08754248 0.451944 0.3975221 0.06242977 0.3974892 0.4859528 -0.1180213 -0.5373551 0.4735341 -0.1146977 -0.43426 0.5815374 -0.1816954 -0.4173493 0.4314048 0.2488151 -0.5417272 0.2421538 -0.1127338 -0.5850749 0 0.3496137 -0.4968145 0 -0.3273717 -0.06707567 0.5581168 -0.3343601 -0.07741076 0.5342644 -0.1864803 -0.2708477 0.5579859 0.2151861 -0.2117496 0.6256415 0.04303394 -0.2858378 0.675474 0.2178796 -0.2247632 0.6113529 -0.1864803 -0.2708477 0.5579859 -0.3317662 -0.3737482 0.2967502 -0.1816954 -0.4173493 0.4314048 0.04303394 -0.2858378 0.675474 0.2151861 -0.2117496 0.6256415 0.1692309 -0.1884427 0.841857 0.08865229 0.4568879 0.3871143 0.2886726 0.3821769 0.326667 0.09294341 0.5190271 0.2475064 -0.1396985 0.4656767 0.3908009 -0.3499994 -0.3849494 0 -0.2119933 -0.4995723 0 -0.3317662 -0.3737482 0.2967502 -0.1816954 -0.4173493 0.4314048 -0.3587263 0.1979783 0.4152845 -0.3980003 0.285407 0 -0.450846 0.2076458 0.2467418 -0.4849428 0.2182283 0 -0.1816954 -0.4173493 0.4314048 -0.1146977 -0.43426 0.5815374 -0.1864803 -0.2708477 0.5579859 -0.1131009 -0.3305891 0.6212485 0.3572286 0.4411254 0 0.09618677 0.5653874 0 0.1014681 0.5598269 0.1026098 0.2886726 0.3821769 0.326667 0.09294341 0.5190271 0.2475064 -0.3343601 -0.07741076 0.5342644 -0.3273717 -0.06707567 0.5581168 -0.3264901 0.1853865 0.4624598 -0.3712969 0.1792098 0.4449087 -0.3326582 0.1932558 0.4471596 -0.3326582 0.1932558 0.4471596 -0.3264901 0.1853865 0.4624598 -0.2645992 0.2320588 0.4824904 -0.2535008 0.2468284 0.4712375 -0.01385296 0.3392343 0.5406632 -0.01592651 0.3460839 0.5253314 0.01778028 0.3399613 0.5383158 0.01999728 0.3459681 0.5217525 -0.006211448 0.3345497 0.6179462 -0.2645992 0.2320588 0.4824904 0.2077775 0.2556517 0.4664904 0.2175252 0.2564819 0.4390942 -0.3264901 0.1853865 0.4624598 -0.3320007 0.1841419 0.5844591 0.3008317 0.2138789 0.4058691 0.2986403 0.2242449 0.3806806 -0.01241466 0.3250322 0.6408432 -0.3168718 0.1785669 0.661597 0.2017252 0.2173307 0.6875242 0.2933672 0.1988078 0.4611163 -0.2106936 0.1706022 0.7973903 -0.2223262 0.1506158 0.799702 0.2100395 0.1914832 0.6967745 0.2473913 0.04573417 0.7175396 0.1082377 0.3100257 0.6550673 0.2230709 0.01386613 0.7737159 0.2404267 0.01589346 0.7363516 0.2138933 -0.1105348 0.7495685 0.02183691 0.3362373 0.6224604 0.01413437 0.3289772 0.6472148 0.1012932 0.3040638 0.6770558 -0.1934619 0.1637347 0.8184021 -0.002136618 0.1751859 0.859628 0.1872457 0.2154344 0.7100317 -0.2056142 0.1443578 0.8203088 -0.08098005 0.08064622 0.8973446 -0.277326 -0.06441545 0.7215578 -0.3168718 0.1785669 0.661597 -0.3320007 0.1841419 0.5844591 -0.3264901 0.1853865 0.4624598 -0.3273717 -0.06707567 0.5581168 -0.09426804 0.06176072 0.9029932 -0.07508647 -0.1792943 0.9270779 -0.02879707 -0.1047047 0.982965 -0.02232892 0.01296705 0.9745089 0.04333743 -0.02307236 0.9990779 -0.02232892 0.01296705 0.9745089 0.04848867 0.06356388 0.9450063 0.04333743 -0.02307236 0.9990779 0.1217209 0.08215976 0.9184974 0.1139776 -0.1006935 0.9518379 0.1957707 0.1884796 0.7187747 0.2129196 0.0159511 0.7973881 0.1692309 -0.1884427 0.841857 0.212421 -0.1333365 0.7430493 0.2252313 -0.1960772 0.6651098 0.2151861 -0.2117496 0.6256415 -0.2119933 -0.4995723 0 -0.1127338 -0.5850749 0 -0.1199333 -0.5925395 0.2279954 -0.1816954 -0.4173493 0.4314048 -0.1180213 -0.5373551 0.4735341 0.2703034 -0.4057367 0.4950067 0.2178796 -0.2247632 0.6113529 0.1075134 -0.3302096 0.6820697 0.04303394 -0.2858378 0.675474 -0.1146977 -0.43426 0.5815374 -0.1131009 -0.3305891 0.6212485 0.2151861 -0.2117496 0.6256415 0.2178796 -0.2247632 0.6113529 0.2410539 -0.2173513 0.6131126 0.238235 -0.2271398 0.5907454 0.299489 -0.2351544 0.5178429 0.4348124 -0.3103983 0.1947363 0.4528092 -0.2851103 0.197599 0.4756189 -0.3012545 0 -0.3317662 -0.3737482 0.2967502 -0.4688703 -0.2488593 0.2546776 -0.3499994 -0.3849494 0 -0.5747868 -0.05073519 0 -0.565044 -0.04619376 0.1950828 0.5797576 0.05055464 0 0.609132 0.04494497 0.1735599 0.532937 -0.2574033 0 0.5409988 -0.2367539 0.2567323 0.577282 0.008819938 0.4683284 0.4708795 -0.1630205 0.6119272 0.5698764 0.003952891 0.4969072 0.5021439 -0.03016502 0.6337504 0.5726997 0.02823696 0.4855961 0.4018778 0.1251753 0.5911702 0.5021439 -0.03016502 0.6337504 0.569264 0.04805234 0.47761 0.5794573 0.03297269 0.4617173 0.609132 0.04494497 0.1735599 0.4272944 0.207465 0.4011324 0.4018778 0.1251753 0.5911702 0.3929793 0.2105733 0.3987198 0.6036476 0.07064278 0.1757185 0.5797576 0.05055464 0 0.4079714 0.3067982 0 0.411132 0.2234196 0.3423878 0.4295048 0.2162978 0.3750156 0.4079714 0.3067982 0 0.3414056 0.2226972 0.3217127 0.3973257 0.2194374 0.3728672 0.3343436 0.219783 0.351554 0.3172809 0.2120256 0.3787211 0.3171414 0.1929988 0.4327005 0.3008317 0.2138789 0.4058691 0.4018778 0.1251753 0.5911702 0.2933672 0.1988078 0.4611163 0.2714086 0.06090736 0.6929106 0.2473913 0.04573417 0.7175396 0.2646514 0.03041035 0.7191583 0.2404267 0.01589346 0.7363516 0.4018778 0.1251753 0.5911702 0.5021439 -0.03016502 0.6337504 0.2327656 -0.1051748 0.7435979 0.2138933 -0.1105348 0.7495685 0.2323152 -0.1246175 0.735132 0.5021439 -0.03016502 0.6337504 0.212421 -0.1333365 0.7430493 0.4708795 -0.1630205 0.6119272 0.2252313 -0.1960772 0.6651098 0.2424043 -0.199046 0.6427165 0.2151861 -0.2117496 0.6256415 0.2410539 -0.2173513 0.6131126 0.4708795 -0.1630205 0.6119272 0.5409988 -0.2367539 0.2567323 0.299489 -0.2351544 0.5178429 0.4528092 -0.2851103 0.197599 0.532937 -0.2574033 0 0.4756189 -0.3012545 0 -0.07508647 -0.1792943 0.9270779 -0.277326 -0.06441545 0.7215578 -0.1027357 -0.2585077 0.8147481 -0.1131009 -0.3305891 0.6212485 -0.3273717 -0.06707567 0.5581168 -0.1864803 -0.2708477 0.5579859 -0.1180213 -0.5373551 0.4735341 0.07543938 -0.5137694 0.4898435 -0.1146977 -0.43426 0.5815374 0.1075134 -0.3302096 0.6820697 0.2703034 -0.4057367 0.4950067 0.2488151 -0.5417272 0.2421538 0.3400728 -0.3747958 0.3639396 0.2703034 -0.4057367 0.4950067 0.4348124 -0.3103983 0.1947363 0.3496137 -0.4968145 0 0.4756189 -0.3012545 0 0.3400728 -0.3747958 0.3639396 0.238235 -0.2271398 0.5907454 0.2703034 -0.4057367 0.4950067 0.2178796 -0.2247632 0.6113529 -0.565044 -0.04619376 0.1950828 -0.4688703 -0.2488593 0.2546776 -0.3853418 -0.08597752 0.4713177 -0.3343601 -0.07741076 0.5342644 -0.3317662 -0.3737482 0.2967502 -0.1864803 -0.2708477 0.5579859 0.09294341 0.5190271 0.2475064 -0.1804339 0.496358 0.245731 -0.1396985 0.4656767 0.3908009 0.1014681 0.5598269 0.1026098 -0.2066739 0.4980641 0 0.09618677 0.5653874 0 -0.2119933 -0.4995723 0 0.3496137 -0.4968145 0 -0.1127338 -0.5850749 0 0.4756189 -0.3012545 0 -0.3499994 -0.3849494 0 -0.5747868 -0.05073519 0 0.532937 -0.2574033 0 0.5797576 0.05055464 0 -0.4849428 0.2182283 0 -0.3980003 0.285407 0 0.3816696 0.3186696 0 0.4079714 0.3067982 0 -0.3202675 0.435525 0 0.3572286 0.4411254 0 -0.2066739 0.4980641 0 0.09618677 0.5653874 0 0.3816696 0.3186696 0 0.3285039 0.2426226 0.3099009 0.4079714 0.3067982 0 0.3414056 0.2226972 0.3217127 0.3198631 0.2352821 0.3482592 0.3343436 0.219783 0.351554 0.3172809 0.2120256 0.3787211 0.2986403 0.2242449 0.3806806 0.3008317 0.2138789 0.4058691 -0.1127338 -0.5850749 0 0.2488151 -0.5417272 0.2421538 -0.1199333 -0.5925395 0.2279954 0.07543938 -0.5137694 0.4898435 -0.1180213 -0.5373551 0.4735341 0.2703034 -0.4057367 0.4950067 -0.1027357 -0.2585077 0.8147481 0.0452588 -0.2096756 0.9041791 -0.07508647 -0.1792943 0.9270779 0.04303394 -0.2858378 0.675474 0.1692309 -0.1884427 0.841857 -0.1131009 -0.3305891 0.6212485 -0.02879707 -0.1047047 0.982965 -0.07508647 -0.1792943 0.9270779 0.0452588 -0.2096756 0.9041791 0.1139776 -0.1006935 0.9518379 0.1692309 -0.1884427 0.841857 0.04333743 -0.02307236 0.9990779 -0.565044 -0.04619376 0.1950828 -0.3853418 -0.08597752 0.4713177 -0.4753054 0.08505574 0.3241399 -0.3712969 0.1792098 0.4449087 -0.3343601 -0.07741076 0.5342644 -0.3736444 0.1868305 0.4302 -0.3326582 0.1932558 0.4471596 -0.3587263 0.1979783 0.4152845 -0.450846 0.2076458 0.2467418 -0.4753054 0.08505574 0.3241399 -0.565044 -0.04619376 0.1950828 -0.5747868 -0.05073519 0 -0.4849428 0.2182283 0 0.3816696 0.3186696 0 0.3572286 0.4411254 0 0.2886726 0.3821769 0.326667 0.3285039 0.2426226 0.3099009 0.3198631 0.2352821 0.3482592 0.2986403 0.2242449 0.3806806 0.2175252 0.2564819 0.4390942 0.06242977 0.3974892 0.4859528 0.08865229 0.4568879 0.3871143 0.01999728 0.3459681 0.5217525 -0.1396985 0.4656767 0.3908009 -0.01592651 0.3460839 0.5253314 -0.2535008 0.2468284 0.4712375 -0.3326582 0.1932558 0.4471596 -0.3375817 0.2066212 0.430002 -0.3587263 0.1979783 0.4152845 -0.3980003 0.285407 0 -0.3076057 0.4078437 0.1800713 -0.1804339 0.496358 0.245731 -0.3202675 0.435525 0 -0.2066739 0.4980641 0 -0.1180213 -0.5373551 0.4735341 -0.1146977 -0.43426 0.5815374 -0.1816954 -0.4173493 0.4314048 0.4018778 0.1251753 0.5911702 0.5708488 0.02964652 0.4822724 0.411132 0.2234196 0.3423878 0.5708488 0.02964652 0.4822724 0.4018778 0.1251753 0.5911702 0.5021439 -0.03016502 0.6337504 0.4708795 -0.1630205 0.6119272 0.5708488 0.02964652 0.4822724 0.5021439 -0.03016502 0.6337504 -0.3308659 -0.07224321 0.5461906 -0.3413678 0.1927676 0.4433617 -0.565044 -0.04619376 0.1950828 -0.3413678 0.1927676 0.4433617 -0.3980003 0.285407 0 -0.4849428 0.2182283 0 0.2488151 -0.5417272 0.2421538 -0.1127338 -0.5850749 0 0.3496137 -0.4968145 0 -0.1864803 -0.2708477 0.5579859 -0.3317662 -0.3737482 0.2967502 -0.1816954 -0.4173493 0.4314048 0.2572823 0.03250873 0.7199733 0.3045513 0.207251 0.4166981 0.1990166 0.1962063 0.7082756 0.1692309 -0.1884427 0.841857 0.2280886 -0.220251 0.6102131 0.2178189 -0.123026 0.743758 0.07527368 -0.3080238 0.6787719 -0.1131009 -0.3305891 0.6212485 -0.1146977 -0.43426 0.5815374 0.07527368 -0.3080238 0.6787719 0.2280886 -0.220251 0.6102131 0.1692309 -0.1884427 0.841857 -0.3413678 0.1927676 0.4433617 0.01888878 0.3429647 0.5300342 -0.1396985 0.4656767 0.3908009 0.08634426 0.4565485 0.3857439 0.2886726 0.3821769 0.326667 0.09294341 0.5190271 0.2475064 -0.1396985 0.4656767 0.3908009 -0.5747868 -0.05073519 0 -0.3499994 -0.3849494 0 -0.565044 -0.04619376 0.1950828 -0.3317662 -0.3737482 0.2967502 -0.3499994 -0.3849494 0 -0.2119933 -0.4995723 0 -0.3317662 -0.3737482 0.2967502 -0.1816954 -0.4173493 0.4314048 0.2280886 -0.220251 0.6102131 0.2703034 -0.4057367 0.4950067 0.4438108 -0.2977543 0.1961677 0.07527368 -0.3080238 0.6787719 0.2280886 -0.220251 0.6102131 0.4708795 -0.1630205 0.6119272 0.2178189 -0.123026 0.743758 0.5021439 -0.03016502 0.6337504 0.2886726 0.3821769 0.326667 0.3572286 0.4411254 0 0.09294341 0.5190271 0.2475064 0.09618677 0.5653874 0 -0.5747868 -0.05073519 0 -0.565044 -0.04619376 0.1950828 -0.4849428 0.2182283 0 -0.3413678 0.1927676 0.4433617 -0.1816954 -0.4173493 0.4314048 -0.1146977 -0.43426 0.5815374 -0.1864803 -0.2708477 0.5579859 -0.1131009 -0.3305891 0.6212485 -0.3317662 -0.3737482 0.2967502 -0.3308659 -0.07224321 0.5461906 -0.565044 -0.04619376 0.1950828 -0.1864803 -0.2708477 0.5579859 0.01888878 0.3429647 0.5300342 0.05844461 0.3199277 0.6482221 0.3045513 0.207251 0.4166981 0.1990166 0.1962063 0.7082756 -0.2119933 -0.4995723 0 -0.1127338 -0.5850749 0 -0.1816954 -0.4173493 0.4314048 -0.1180213 -0.5373551 0.4735341 0.4018778 0.1251753 0.5911702 0.2572823 0.03250873 0.7199733 0.5021439 -0.03016502 0.6337504 0.2178189 -0.123026 0.743758 0.5797576 0.05055464 0 0.3948205 0.3127339 0 0.6063898 0.05779388 0.1746392 0.411132 0.2234196 0.3423878 0.5708488 0.02964652 0.4822724 0.09618677 0.5653874 0 -0.2066739 0.4980641 0 -0.1804339 0.496358 0.245731 0.09294341 0.5190271 0.2475064 -0.1396985 0.4656767 0.3908009 -0.2066739 0.4980641 0 -0.3980003 0.285407 0 -0.1804339 0.496358 0.245731 -0.3413678 0.1927676 0.4433617 -0.1396985 0.4656767 0.3908009 0.01888878 0.3429647 0.5300342 -0.3413678 0.1927676 0.4433617 -0.3244362 0.1813544 0.623028 0.05844461 0.3199277 0.6482221 -0.2053 0.1532648 0.8143915 0.3948205 0.3127339 0 0.3349547 0.2326599 0.3158068 0.411132 0.2234196 0.3423878 0.3045513 0.207251 0.4166981 0.4018778 0.1251753 0.5911702 0.2572823 0.03250873 0.7199733 0.3496137 -0.4968145 0 0.504278 -0.2793289 0 0.4438108 -0.2977543 0.1961677 0.2488151 -0.5417272 0.2421538 0.2703034 -0.4057367 0.4950067 0.2572823 0.03250873 0.7199733 0.1990166 0.1962063 0.7082756 0.2129196 0.0159511 0.7973881 0.2178189 -0.123026 0.743758 0.1692309 -0.1884427 0.841857 -0.2053 0.1532648 0.8143915 -0.277326 -0.06441545 0.7215578 -0.02232892 0.01296705 0.9745089 -0.05194176 -0.1419996 0.9550215 0.04333743 -0.02307236 0.9990779 -0.3244362 0.1813544 0.623028 -0.277326 -0.06441545 0.7215578 -0.2053 0.1532648 0.8143915 -0.3308659 -0.07224321 0.5461906 -0.3413678 0.1927676 0.4433617 0.5797576 0.05055464 0 0.6063898 0.05779388 0.1746392 0.504278 -0.2793289 0 0.5409988 -0.2367539 0.2567323 0.5708488 0.02964652 0.4822724 0.4708795 -0.1630205 0.6119272 -0.277326 -0.06441545 0.7215578 -0.1027357 -0.2585077 0.8147481 -0.05194176 -0.1419996 0.9550215 -0.1131009 -0.3305891 0.6212485 -0.3308659 -0.07224321 0.5461906 -0.1864803 -0.2708477 0.5579859 -0.1127338 -0.5850749 0 0.2488151 -0.5417272 0.2421538 -0.1180213 -0.5373551 0.4735341 0.07543938 -0.5137694 0.4898435 0.2703034 -0.4057367 0.4950067 -0.1180213 -0.5373551 0.4735341 0.07543938 -0.5137694 0.4898435 -0.1146977 -0.43426 0.5815374 0.07527368 -0.3080238 0.6787719 0.2703034 -0.4057367 0.4950067 0.5409988 -0.2367539 0.2567323 0.4708795 -0.1630205 0.6119272 0.2280886 -0.220251 0.6102131 0.4438108 -0.2977543 0.1961677 0.504278 -0.2793289 0 0.01888878 0.3429647 0.5300342 0.08634426 0.4565485 0.3857439 -0.1396985 0.4656767 0.3908009 0.3045513 0.207251 0.4166981 0.2886726 0.3821769 0.326667 0.3349547 0.2326599 0.3158068 0.3948205 0.3127339 0 0.3572286 0.4411254 0 0.1217209 0.08215976 0.9184974 -0.02232892 0.01296705 0.9745089 0.04333743 -0.02307236 0.9990779 -0.002136618 0.1751859 0.859628 -0.2053 0.1532648 0.8143915 0.1990166 0.1962063 0.7082756 0.05844461 0.3199277 0.6482221 0.04333743 -0.02307236 0.9990779 0.1139776 -0.1006935 0.9518379 0.1217209 0.08215976 0.9184974 0.2129196 0.0159511 0.7973881 0.1990166 0.1962063 0.7082756 0.1692309 -0.1884427 0.841857 0.04333743 -0.02307236 0.9990779 -0.05194176 -0.1419996 0.9550215 0.1139776 -0.1006935 0.9518379 0.0452588 -0.2096756 0.9041791 0.1692309 -0.1884427 0.841857 -0.1027357 -0.2585077 0.8147481 0.07527368 -0.3080238 0.6787719 0.1692309 -0.1884427 0.841857 -0.1131009 -0.3305891 0.6212485</float_array>
          <technique_common>
            <accessor source="#geom-Rock_Part3__mt_Body-positions-array" count="836" stride="3">
              <param name="X" type="float"/>
              <param name="Y" type="float"/>
              <param name="Z" type="float"/>
            </accessor>
          </technique_common>
        </source>
        <source id="geom-Rock_Part3__mt_Body-normals">
          <float_array id="geom-Rock_Part3__mt_Body-normals-array" count="1074">0.518382 0.8176721 0.2503844 0.6692709 0.3346355 0.6633969 0.5851543 0.4246757 0.6908293 0.4851968 0.8353981 0.2582521 0.2270128 0.6555972 0.7201788 0.4172581 0.8638984 0.2820911 -0.2934134 0.6083429 0.7374466 -0.3798195 0.7968367 0.4698814 -0.4655569 0.5535809 0.6905107 -0.507072 0.7263473 0.4640017 -0.6060464 0.6627395 0.4398683 -0.5836654 0.5347003 0.6110894 -0.6433584 -0.5142934 0.5670912 -0.6416788 -0.5203847 0.5634253 -0.7067806 -0.5305713 0.4679267 -0.6850955 -0.4776069 0.5500326 -0.7392341 -0.4752215 0.4771765 -0.6846244 -0.4577216 0.5672569 -0.6070852 0.1977921 0.7696271 -0.710114 0.1271545 0.6925099 -0.5557197 0.285686 0.7807428 -0.743907 0.1918493 0.6401533 -0.3739268 0.7145733 0.5912393 -0.3896731 0.6638149 0.6383608 0.4637006 -0.5400107 0.7024031 0.6588735 -0.2131047 0.7214376 0.271818 -0.8721647 0.4067479 0.8280658 -0.2172945 0.5168077 0.4774678 -0.7886093 0.3874531 0.7375383 -0.5203838 0.4303928 0.5112487 -0.7737247 0.3741322 0.7829123 -0.5989279 0.1683264 0.799763 -0.5612044 0.2131402 0.810796 -0.5581588 0.1762629 0.7860506 -0.6061579 0.1212328 0.005871053 -0.005871053 -0.9999655 0.4170149 -0.9084252 0.0293672 0.5281924 -0.8490143 0.01369267 0.399137 -0.9137105 0.07630596 0.02934337 -0.005868078 -0.9995522 0.5501571 -0.8320813 0.07048254 0.2505753 -0.9396507 0.2329562 0.9668999 -0.2211763 -0.127223 0.274099 -0.9241051 0.2662699 0.316992 -0.8844541 0.3424282 0.9672503 -0.2486671 -0.05090822 0.4266942 -0.8533764 0.2994674 0.2035346 -0.9296044 0.3072614 0.9454433 -0.2955706 0.1370222 0.9860749 -0.1506507 -0.07043327 0.9790435 -0.1390247 -0.1488155 0.04700422 0.01175106 -0.9988256 0.9867078 -0.1507462 0.06069098 0.8122689 0.58327 0.003914538 0.7937731 0.6041282 0.07038266 0.7392227 0.6727337 0.03129244 0.5050784 0.3543381 -0.7869818 0.001958014 0.003913047 -0.9999905 0.1388371 0.9581625 0.2502978 0.005871055 0.001958012 -0.9999808 0.9290282 0.2777309 0.2444834 0.5228547 0.8009282 0.2917825 0.9042529 0.3190323 0.2838045 0.5579852 0.7635599 0.3250059 0.7417755 0.2857497 0.6067259 0.6260508 0.6651797 0.4069354 0.5322735 0.680998 0.5029182 0.669271 0.3346355 0.663397 0.518382 0.8176721 0.2503844 0.0293404 0.9682109 0.2484085 -0.1233339 0.96122 0.2466678 -0.06455477 0.9761328 0.2073585 0.6832923 0.7224497 0.1057267 -0.01759824 0.9737758 0.2268281 0.7849871 0.6107627 0.1037508 0.6868005 0.7141963 0.1350135 0.8196399 0.551643 0.1545337 0.5228782 0.7911688 0.3172543 -0.01958011 0.9280269 0.3719981 0.00979006 0.9515342 0.307387 0.6617839 0.6774479 0.3211019 0.06852161 0.9045033 0.4209257 0.5436122 0.7899955 0.2835363 0.4089341 0.7728634 0.4852372 0.4679145 0.7792028 0.4170121 -0.05673158 0.8842151 0.4636219 0.2230348 0.7982261 0.559545 0.3968347 0.6842058 0.6118698 0.5889981 0.6046533 0.5361676 0.3384533 0.3756258 0.8627599 0.3522755 0.3111781 0.8826496 0.4619801 0.06068341 0.8848118 0.7378282 0.5029798 0.4501343 0.7140209 0.4831843 0.5066625 0.377554 0.2484383 0.8920378 0.3895146 0.1409291 0.9101743 0.4598908 -0.0508844 0.8865163 0.8855458 -0.2194225 0.4094659 0.354393 -0.4522843 0.8184403 0.5426286 -0.5720093 0.6151094 0.5378477 -0.6375918 0.5515404 0.3852427 -0.3969788 0.8330642 0.3052409 -0.5850484 0.751363 0.1370869 -0.8871564 0.4406367 0.3191232 -0.5560219 0.7674634 0.2660214 -0.9212966 0.2836286 0.8476524 -0.3230095 0.4208922 0.8694434 -0.4210171 0.2584814 0.9222687 -0.2290994 0.3113419 0.9550909 -0.2368147 0.1781013 -0.01760573 -0.01956225 -0.9996536 0.0195861 -0.04308823 -0.9988793 -0.02544068 -0.1741762 -0.9843857 0.005871053 -0.005871053 -0.9999655 -0.02933447 -0.02346936 -0.9992942 -0.05090833 -0.0156641 -0.9985806 0.02934337 -0.005868078 -0.9995522 0.04700422 0.01175106 -0.9988256 -0.03519654 0.01759827 -0.9992255 -0.02542735 0.0215143 -0.9994451 0.005871056 0.001958012 -0.9999809 0.001958013 0.003913046 -0.9999904 -0.04111831 0.03328625 -0.9985996 0.02937913 0.03721416 -0.9988754 -0.0567109 0.1818659 -0.9816867 0.01955551 0.2424892 -0.969957 -0.6522258 -0.4975002 0.5719223 -0.6416788 -0.5203847 0.5634253 -0.6433584 -0.5142934 0.5670912 -0.644368 -0.5268496 0.5542738 -0.7490961 -0.4694074 0.4674523 -0.5325524 -0.8047079 0.2623609 -0.7224433 -0.6637074 0.1938256 -0.602401 -0.7960339 0.05867771 -0.7222143 -0.6693751 0.1741938 -0.01760573 -0.01956225 -0.9996536 -0.02544068 -0.1741762 -0.9843858 -0.8475661 -0.5245864 0.08025467 -0.814494 -0.5756314 0.07244343 0.1331084 -0.9669904 -0.2172829 0.0195861 -0.04308823 -0.9988793 -0.8003753 -0.5890307 0.1115441 -0.8991719 -0.4251004 0.1038253 0.03329684 -0.9988905 -0.03330131 0.005871053 -0.005871053 -0.9999655 0.810796 -0.5581588 0.1762629 0.792639 -0.5754013 0.2015855 0.799763 -0.5612044 0.2131402 0.2425249 -0.9485825 -0.2034035 0.1859577 -0.9806821 -0.06068355 0.7628535 -0.6181065 0.1897336 0.1919686 -0.9578928 0.213517 0.8070894 -0.5491391 0.2169171 0.7375383 -0.5203838 0.4303928 0.7262799 -0.6460132 0.2349139 0.7983214 -0.5537404 0.2367579 0.8806866 -0.1350345 0.4540449 0.8280659 -0.2172945 0.5168077 0.7378735 -0.5989146 0.3111979 0.8907109 -0.08613764 0.4463345 0.7233123 -0.218952 0.6548889 0.6588734 -0.2131047 0.7214376 0.4482819 -0.7947677 0.4091305 0.2957791 -0.7208406 0.6268203 0.1740835 -0.9447488 0.2777492 0.5346894 -0.03917819 0.84414 0.2232153 -0.1037715 0.9692298 0.2327846 -0.6983559 0.6768386 -0.2661419 -0.2622252 0.927581 -0.2485554 -0.3150946 0.9159343 0.1936969 -0.7787037 0.5967429 -0.3229554 -0.2916399 0.9003589 -0.3091239 -0.3130317 0.8980276 -0.8442141 -0.3133955 0.4348401 0.08617866 -0.7266406 0.6815913 -0.8472616 -0.2406719 0.4735237 -0.8659977 -0.3271998 0.378138 -0.8891968 -0.2193629 0.4015087 -0.7899642 -0.3969371 0.4673302 -0.9278448 -0.234893 0.2897054 -0.03912438 -0.8157468 0.5770845 -0.8260376 -0.4110527 0.3856133 0.07634661 -0.9690134 0.2349131 -0.8234496 -0.5515801 0.1330045 0.08020486 -0.9898438 0.1173736 0.2232154 -0.1037715 0.9692298 0.6588735 -0.2131047 0.7214376 0.4637006 -0.5400107 0.7024031 0.4052445 -0.5775213 0.7086932 0.1253331 -0.8479546 0.5150384 -0.2485554 -0.3150946 0.9159343 0.06258457 -0.8977013 0.436137 -0.3091239 -0.3130317 0.8980276 -0.6386203 -0.7639942 0.09207126 -0.8442141 -0.3133955 0.4348401 -0.8659977 -0.3271998 0.378138 -0.7201983 -0.688882 0.08219496 -0.02933447 -0.02346936 -0.9992942 -0.01760573 -0.01956225 -0.9996536 -0.602401 -0.7960339 0.05867772 -0.638351 -0.7695438 -0.01762212 -0.7792538 -0.6187027 -0.09985276 -0.05090833 -0.0156641 -0.9985806 -0.4674582 -0.8625476 0.1936346 -0.5325524 -0.8047079 0.2623609 -0.770437 -0.6374681 -0.007823102 -0.6223951 -0.5773786 0.5284491 -0.6443679 -0.5268496 0.5542738 -0.6433584 -0.5142934 0.5670912 -0.6850955 -0.4776069 0.5500326 -0.6538315 -0.5089718 0.559868 -0.6846244 -0.4577216 0.567257 -0.7401678 -0.4053296 0.5365255 -0.7973784 -0.6034288 -0.007836484 -0.8396446 -0.5323618 -0.1076467 -0.8432874 -0.2269643 0.4871895 -0.9423417 0.3323601 0.03910132 -0.9414849 -0.3268762 0.08220819 -0.03519654 0.01759827 -0.9992255 -0.9155136 0.37755 0.138892 -0.7875383 -0.2566367 0.5602866 -0.8569846 0.05282765 0.5126274 -0.8040203 0.04695065 0.5927453 -0.710114 0.1271545 0.6925098 -0.743907 0.1918493 0.6401533 -0.8257104 0.1076164 0.5537339 -0.8943585 0.3953157 0.2094 -0.7619626 0.5034063 0.4074249 -0.3739268 0.7145733 0.5912393 -0.454014 0.8356219 0.3092047 -0.8863858 0.4167776 0.2015357 -0.4580321 0.8573416 0.2348871 -0.5444672 0.8362883 0.06463225 -0.9394363 0.3327197 0.08220091 -0.6895419 0.722843 0.04505512 -0.02542735 0.02151431 -0.9994452 -0.7807445 -0.5557177 0.2856849 -0.7427214 -0.6137285 0.2677727 -0.808054 -0.5341409 0.2484798 -0.7989135 -0.5169408 0.3074239 -0.7273742 -0.5807186 0.3656403 0.04498417 -0.9427208 0.3305361 -0.9597948 -0.119239 0.2541182 -0.9973957 -0.05475886 0.04693872 0.08017119 -0.9288221 0.361749 0.1975283 -0.9328836 0.3011821 -0.9971139 0.07429121 -0.01564025 -0.9896336 0.1251727 -0.07040797 -0.6263352 0.7790008 -0.0293583 -0.4539847 0.8844852 0.1076281 -0.4304735 0.8961645 0.1076191 -0.9760942 -0.009781118 0.2171277 -0.9043137 -0.08220682 0.4188781 -0.4561336 0.8789899 0.1389921 -0.8836926 0.050834 0.4652993 -0.3840373 0.9150295 0.1234352 -0.3951493 0.9115843 0.1134515 0.3289234 0.943699 -0.03523825 -0.3461848 0.8742652 0.3403184 -0.4445301 0.842062 0.3054907 -0.8012131 0.1018643 0.589645 -0.3818721 0.8166194 0.4327893 -0.7511927 -0.06064188 0.6572915 -0.6554479 -0.001960991 0.7552378 -0.2267711 0.7330917 0.6412109 -0.08995826 0.8370021 0.5397545 0.3132879 0.9496562 -0.001955031 0.4771847 0.8741863 0.08996136 0.5596014 0.8198354 0.1213104 0.2660587 0.757092 0.596678 0.6498345 0.7300876 0.2113936 0.6219742 0.7647571 0.1682102 0.8574955 0.4111242 0.3093191 -0.007824517 0.757018 0.6533472 0.442252 0.6712033 0.5948946 0.8806449 0.3189866 0.3503029 0.8744749 0.2699733 0.402999 -0.2933777 0.514388 0.805813 0.9150276 0.03722904 0.4016695 0.9026467 0.06852745 0.4248917 0.9398948 -0.1311957 0.3152547 -0.6615961 0.07829668 0.7457616 -0.1664907 0.5856524 0.7932794 0.2779567 0.675321 0.6831411 0.7910718 0.364207 0.4914864 0.1155178 0.5012329 0.8575671 0.7682452 0.2521704 0.5883956 0.8605496 0.142771 0.4889488 0.9333596 -0.1076221 0.3424287 0.9538047 -0.1351415 0.268316 0.7890635 -0.5599841 0.25258 0.7066695 -0.6714296 0.2231602 0.8557883 -0.1018228 0.5072064 0.4386469 -0.8812098 0.1762336 0.4283535 -0.8899603 0.1564737 0.3893783 -0.9059381 0.166315 0.2916936 -0.9103202 0.293653 0.7887866 -0.009793038 0.6145892 0.469861 -0.577534 0.6675967 0.1702036 -0.9077445 0.3834458 0.5807996 0.1407981 0.8017778 -0.1448749 -0.7674505 0.6245247 -0.22303 0.1115089 0.9684129 -0.7226393 -0.4543364 0.5209327 -0.09585919 -0.6025376 0.7923128 -0.7184486 -0.02936719 0.6949599 0.2114479 -0.6245555 0.7518114 0.04107482 -0.4655178 0.8840849 0.3680258 -0.4267573 0.8260964 -0.6024964 -0.003916025 0.798112 0.209575 -0.2546203 0.9440587 -0.5229508 0.2565799 0.8128279 -0.6039788 0.7623034 0.2326008 -0.8547062 0.4967866 0.1506 -0.02542735 0.02151431 -0.9994452 -0.5988652 0.7613025 0.2485541 -0.04111832 0.03328626 -0.9985998 -0.7371499 0.5592163 0.3793246 -0.5836654 0.5347003 0.6110895 -0.6862964 0.7214929 0.09189839 -0.3854252 0.5302061 0.7552013 -0.4655569 0.5535809 0.6905107 -0.2934134 0.6083429 0.7374466 -0.7649311 0.5966849 0.2425852 -0.6813272 0.6069285 0.4091837 -0.01174877 0.7597535 0.6501051 0.2270128 0.6555972 0.7201788 -0.5341731 0.8413713 0.08218001 -0.0567109 0.1818659 -0.9816866 -0.5777983 0.7893321 0.2076148 -0.225 0.9743509 -0.003916024 0.01955551 0.2424892 -0.969957 -0.1918363 0.9728863 0.1291932 -0.1467765 0.9589407 0.2426714 -0.1604055 0.981997 0.09976014 -0.0469728 0.9649072 0.2583556 0.02542587 0.9114065 0.4107211 -0.1957392 0.980656 0 0.4579717 0.8494007 0.2622601 0.4030989 0.9099113 -0.09784088 0.4502864 0.861423 0.2349314 0.4952427 0.8515052 0.1722603 0.02937913 0.03721416 -0.9988754 0.2329627 0.9063965 0.3523829 0.93422 0.2683194 0.2350272 0.005871056 0.001958012 -0.9999809 0.9290282 0.2777309 0.2444834 0.4991023 0.8240102 0.2681493 0.9313928 0.2504584 0.2641555 0.9042529 0.3190323 0.2838045 0.4400491 0.7881759 0.4302739 0.6395192 0.3891856 0.6629855 0.7417755 0.2857497 0.6067259 0.669271 0.3346355 0.663397 0.5851543 0.4246757 0.6908293 0.2443589 0.8464569 0.4730745 0.2701629 0.7732926 0.5736119 0.2894185 0.5886159 0.75483</float_array>
          <technique_common>
            <accessor source="#geom-Rock_Part3__mt_Body-normals-array" count="358" stride="3">
              <param name="X" type="float"/>
              <param name="Y" type="float"/>
              <param name="Z" type="float"/>
            </accessor>
          </technique_common>
        </source>
        <source id="geom-Rock_Part3__mt_Body-map-2">
          <float_array id="geom-Rock_Part3__mt_Body-map-2-array" count="2508">1 1 1 1 1 1 1 1 1 1 1 1 1 1 1 1 1 1 1 1 1 1 1 1 1 1 1 1 1 1 1 1 1 1 1 1 1 1 1 1 1 1 1 1 1 1 1 1 1 1 1 1 1 1 1 1 1 1 1 1 1 1 1 1 1 1 1 1 1 1 1 1 1 1 1 1 1 1 1 1 1 1 1 1 1 1 1 1 1 1 1 1 1 1 1 1 1 1 1 1 1 1 1 1 1 1 1 1 1 1 1 1 1 1 1 1 1 1 1 1 1 1 1 1 1 1 1 1 1 1 1 1 1 1 1 1 1 1 1 1 1 1 1 1 1 1 1 1 1 1 1 1 1 1 1 1 1 1 1 1 1 1 1 1 1 1 1 1 1 1 1 1 1 1 1 1 1 1 1 1 1 1 1 1 1 1 1 1 1 1 1 1 1 1 1 1 1 1 1 1 1 1 1 1 1 1 1 1 1 1 1 1 1 1 1 1 1 1 1 1 1 1 1 1 1 1 1 1 1 1 1 1 1 1 1 1 1 1 1 1 1 1 1 1 1 1 1 1 1 1 1 1 1 1 1 1 1 1 1 1 1 1 1 1 1 1 1 1 1 1 1 1 1 1 1 1 1 1 1 1 1 1 1 1 1 1 1 1 1 1 1 1 1 1 1 1 1 1 1 1 1 1 1 1 1 1 1 1 1 1 1 1 1 1 1 1 1 1 1 1 1 1 1 1 1 1 1 1 1 1 1 1 1 1 1 1 1 1 1 1 1 1 1 1 1 1 1 1 1 1 1 1 1 1 1 1 1 1 1 1 1 1 1 1 1 1 1 1 1 1 1 1 1 1 1 1 1 1 1 1 1 1 1 1 1 1 1 1 1 1 1 1 1 1 1 1 1 1 1 1 1 1 1 1 1 1 1 1 1 1 1 1 1 1 1 1 1 1 1 1 1 1 1 1 1 1 1 1 1 1 1 1 1 1 1 1 1 1 1 1 1 1 1 1 1 1 1 1 1 1 1 1 1 1 1 1 1 1 1 1 1 1 1 1 1 1 1 1 1 1 1 1 1 1 1 1 1 1 1 1 1 1 1 1 1 1 1 1 1 1 1 1 1 1 1 1 1 1 1 1 1 1 1 1 1 1 1 1 1 1 1 1 1 1 1 1 1 1 1 1 1 1 1 1 1 1 1 1 1 1 1 1 1 1 1 1 1 1 1 1 1 1 1 1 1 1 1 1 1 1 1 1 1 1 1 1 1 1 1 1 1 1 1 1 1 1 1 1 1 1 1 1 1 1 1 1 1 1 1 1 1 1 1 1 1 1 1 1 1 1 1 1 1 1 1 1 1 1 1 1 1 1 1 1 1 1 1 1 1 1 1 1 1 1 1 1 1 1 1 1 1 1 1 1 1 1 1 1 1 1 1 1 1 1 1 1 1 1 1 1 1 1 1 1 1 1 1 1 1 1 1 1 1 1 1 1 1 1 1 1 1 1 1 1 1 1 1 1 1 1 1 1 1 1 1 1 1 1 1 1 1 1 1 1 1 1 1 1 1 1 1 1 1 1 1 1 1 1 1 1 1 1 1 1 1 1 1 1 1 1 1 1 1 1 1 1 1 1 1 1 1 1 1 1 1 1 1 1 1 1 1 1 1 1 1 1 1 1 1 1 1 1 1 1 1 1 1 1 1 1 1 1 1 1 1 1 1 1 1 1 1 1 1 1 1 1 1 1 1 1 1 1 1 1 1 1 1 1 1 1 1 1 1 1 1 1 1 1 1 1 1 1 1 1 1 1 1 1 1 1 1 1 1 1 1 1 1 1 1 1 1 1 1 1 1 1 1 1 1 1 1 1 1 1 1 1 1 1 1 1 1 1 1 1 1 1 1 1 1 1 1 1 1 1 1 1 1 1 1 1 1 1 1 1 1 1 1 1 1 1 1 1 1 1 1 1 1 1 1 1 1 1 1 1 1 1 1 1 1 1 1 1 1 1 1 1 1 1 1 1 1 1 1 1 1 1 1 1 1 1 1 1 1 1 1 1 1 1 1 1 1 1 1 1 1 1 1 1 1 1 1 1 1 1 1 1 1 1 1 1 1 1 1 1 1 1 1 1 1 1 1 1 1 1 1 1 1 1 1 1 1 1 1 1 1 1 1 1 1 1 1 1 1 1 1 1 1 1 1 1 1 1 1 1 1 1 1 1 1 1 1 1 1 1 1 1 1 1 1 1 1 1 1 1 1 1 1 1 1 1 1 1 1 1 1 1 1 1 1 1 1 1 1 1 1 1 1 1 1 1 1 1 1 1 1 1 1 1 1 1 1 1 1 1 1 1 1 1 1 1 1 1 1 1 1 1 1 1 1 1 1 1 1 1 1 1 1 1 1 1 1 1 1 1 1 1 1 1 1 1 1 1 1 1 1 1 1 1 1 1 1 1 1 1 1 1 1 1 1 1 1 1 1 1 1 1 1 1 1 1 1 1 1 1 1 1 1 1 1 1 1 1 1 1 1 1 1 1 1 1 1 1 1 1 1 1 1 1 1 1 1 1 1 1 1 1 1 1 1 1 1 1 1 1 1 1 1 1 1 1 1 1 1 1 1 1 1 1 1 1 1 1 1 1 1 1 1 1 1 1 1 1 1 1 1 1 1 1 1 1 1 1 1 1 1 1 1 1 1 1 1 1 1 1 1 1 1 1 1 1 1 1 1 1 1 1 1 1 1 1 1 1 1 1 1 1 1 1 1 1 1 1 1 1 1 1 1 1 1 1 1 1 1 1 1 1 1 1 1 1 1 1 1 1 1 1 1 1 1 1 1 1 1 1 1 1 1 1 1 1 1 1 1 1 1 1 1 1 1 1 1 1 1 1 1 1 1 1 1 1 1 1 1 1 1 1 1 1 1 1 1 1 1 1 1 1 1 1 1 1 1 1 1 1 1 1 1 1 1 1 1 1 1 1 1 1 1 1 1 1 1 1 1 1 1 1 1 1 1 1 1 1 1 1 1 1 1 1 1 1 1 1 1 1 1 1 1 1 1 1 1 1 1 1 1 1 1 1 1 1 1 1 1 1 1 1 1 1 1 1 1 1 1 1 1 1 1 1 1 1 1 1 1 1 1 1 1 1 1 1 1 1 1 1 1 1 1 1 1 1 1 1 1 1 1 1 1 1 1 1 1 1 1 1 1 1 1 1 1 1 1 1 1 1 1 1 1 1 1 1 1 1 1 1 1 1 1 1 1 1 1 1 1 1 1 1 1 1 1 1 1 1 1 1 1 1 1 1 1 1 1 1 1 1 1 1 1 1 1 1 1 1 1 1 1 1 1 1 1 1 1 1 1 1 1 1 1 1 1 1 1 1 1 1 1 1 1 1 1 1 1 1 1 1 1 1 1 1 1 1 1 1 1 1 1 1 1 1 1 1 1 1 1 1 1 1 1 1 1 1 1 1 1 1 1 1 1 1 1 1 1 1 1 1 1 1 1 1 1 1 1 1 1 1 1 1 1 1 1 1 1 1 1 1 1 1 1 1 1 1 1 1 1 1 1 1 1 1 1 1 1 1 1 1 1 1 1 1 1 1 1 1 1 1 1 1 1 1 1 1 1 1 1 1 1 1 1 1 1 1 1 1 1 1 1 1 1 1 1 1 1 1 1 1 1 1 1 1 1 1 1 1 1 1 1 1 1 1 1 1 1 1 1 1 1 1 1 1 1 1 1 1 1 1 1 1 1 1 1 1 1 1 1 1 1 1 1 1 1 1 1 1 1 1 1 1 1 1 1 1 1 1 1 1 1 1 1 1 1 1 1 1 1 1 1 1 1 1 1 1 1 1 1 1 1 1 1 1 1 1 1 1 1 1 1 1 1 1 1 1 1 1 1 1 1 1 1 1 1 1 1 1 1 1 1 1 1 1 1 1 1 1 1 1 1 1 1 1 1 1 1 1 1 1 1 1 1 1 1 1 1 1 1 1 1 1 1 1 1 1 1 1 1 1 1 1 1 1 1 1 1 1 1 1 1 1 1 1 1 1 1 1 1 1 1 1 1 1 1 1 1 1 1 1 1 1 1 1 1 1 1 1 1 1 1 1 1 1 1 1 1 1 1 1 1 1 1 1 1 1 1 1 1 1 1 1 1 1 1 1 1 1 1 1 1 1 1 1 1 1 1 1 1 1 1 1 1 1 1 1 1 1 1 1 1 1 1 1 1 1 1 1 1 1 1 1 1 1 1 1 1 1 1 1 1 1 1 1 1 1 1 1 1 1 1 1 1 1 1 1 1 1 1 1 1 1 1 1 1 1 1 1 1 1 1 1 1 1 1 1 1 1 1 1 1 1 1 1 1 1 1 1 1 1 1 1 1 1 1 1 1 1 1 1 1 1 1 1 1 1 1 1 1 1 1 1 1 1 1 1 1 1 1 1 1 1 1 1 1 1 1 1 1 1 1 1 1 1 1 1 1 1 1 1 1 1 1 1 1 1 1 1 1 1 1 1 1 1 1 1 1 1 1 1 1 1 1 1 1 1 1 1 1 1 1 1 1 1 1 1 1 1 1 1 1 1 1 1 1 1 1 1 1 1 1 1 1 1 1 1 1 1 1 1 1 1 1 1 1 1 1 1 1 1 1 1 1 1 1 1 1 1 1 1 1 1 1 1 1 1 1 1 1 1 1 1 1 1 1 1 1 1 1 1 1 1 1 1 1 1 1 1 1 1 1 1 1 1 1 1 1 1 1 1 1 1 1 1 1 1 1 1 1 1 1 1 1 1 1 1 1 1 1 1 1 1 1 1 1 1 1 1 1 1 1 1 1 1 1 1 1 1 1 1 1 1 1 1 1 1 1 1 1 1 1 1 1 1 1 1 1 1 1 1 1 1 1 1 1 1 1 1 1 1 1 1 1 1 1 1 1 1 1 1 1 1 1 1 1 1 1 1 1 1 1 1 1 1 1 1 1 1 1 1 1 1 1 1 1 1 1 1 1 1 1 1 1 1 1 1 1 1 1 1 1 1 1 1 1 1 1 1 1 1 1 1 1 1 1 1 1 1 1 1 1 1 1 1 1 1 1 1 1 1 1 1 1 1 1 1 1 1 1 1 1 1 1 1 1 1 1 1 1 1 1 1 1 1 1 1 1 1 1 1 1 1 1 1 1 1 1 1 1 1 1 1 1 1 1 1 1 1 1 1 1 1 1 1 1 1 1 1 1 1 1 1 1 1 1 1 1 1 1 1 1 1 1 1 1 1 1 1 1 1 1 1 1 1 1 1 1 1 1 1 1 1 1 1 1 1 1 1 1 1 1 1 1 1 1 1 1 1 1 1 1 1 1 1 1 1 1 1 1 1 1 1 1 1 1 1 1 1 1 1 1 1 1 1 1 1 1 1 1 1 1 1 1 1 1 1 1 1 1 1 1 1 1 1 1 1 1 1 1 1 1 1 1 1 1 1 1 1 1 1 1 1 1 1 1 1 1 1 1 1 1 1 1 1 1 1 1 1 1 1 1 1 1 1 1 1 1 1 1 1 1 1 1 1 1 1 1 1 1 1 1 1 1 1 1 1 1 1 1 1 1 1 1 1 1 1 1 1 1 1 1 1 1 1 1 1 1 1 1 1 1 1 1 1 1 1 1 1 1 1 1 1 1 1</float_array>
          <technique_common>
            <accessor source="#geom-Rock_Part3__mt_Body-map-2-array" count="836" stride="3">
              <param name="R" type="float"/>
              <param name="G" type="float"/>
              <param name="B" type="float"/>
            </accessor>
          </technique_common>
        </source>
        <source id="geom-Rock_Part3__mt_Body-map0">
          <float_array id="geom-Rock_Part3__mt_Body-map0-array" count="2508">1 1 1 1 1 1 1 1 1 1 1 1 1 1 1 1 1 1 1 1 1 1 1 1 1 1 1 1 1 1 1 1 1 1 1 1 1 1 1 1 1 1 1 1 1 1 1 1 1 1 1 1 1 1 1 1 1 1 1 1 1 1 1 1 1 1 1 1 1 1 1 1 1 1 1 1 1 1 1 1 1 1 1 1 1 1 1 1 1 1 1 1 1 1 1 1 1 1 1 1 1 1 1 1 1 1 1 1 1 1 1 1 1 1 1 1 1 1 1 1 1 1 1 1 1 1 1 1 1 1 1 1 1 1 1 1 1 1 1 1 1 1 1 1 1 1 1 1 1 1 1 1 1 1 1 1 1 1 1 1 1 1 1 1 1 1 1 1 1 1 1 1 1 1 1 1 1 1 1 1 1 1 1 1 1 1 1 1 1 1 1 1 1 1 1 1 1 1 1 1 1 1 1 1 1 1 1 1 1 1 1 1 1 1 1 1 1 1 1 1 1 1 1 1 1 1 1 1 1 1 1 1 1 1 1 1 1 1 1 1 1 1 1 1 1 1 1 1 1 1 1 1 1 1 1 1 1 1 1 1 1 1 1 1 1 1 1 1 1 1 1 1 1 1 1 1 1 1 1 1 1 1 1 1 1 1 1 1 1 1 1 1 1 1 1 1 1 1 1 1 1 1 1 1 1 1 1 1 1 1 1 1 1 1 1 1 1 1 1 1 1 1 1 1 1 1 1 1 1 1 1 1 1 1 1 1 1 1 1 1 1 1 1 1 1 1 1 1 1 1 1 1 1 1 1 1 1 1 1 1 1 1 1 1 1 1 1 1 1 1 1 1 1 1 1 1 1 1 1 1 1 1 1 1 1 1 1 1 1 1 1 1 1 1 1 1 1 1 1 1 1 1 1 1 1 1 1 1 1 1 1 1 1 1 1 1 1 1 1 1 1 1 1 1 1 1 1 1 1 1 1 1 1 1 1 1 1 1 1 1 1 1 1 1 1 1 1 1 1 1 1 1 1 1 1 1 1 1 1 1 1 1 1 1 1 1 1 1 1 1 1 1 1 1 1 1 1 1 1 1 1 1 1 1 1 1 1 1 1 1 1 1 1 1 1 1 1 1 1 1 1 1 1 1 1 1 1 1 1 1 1 1 1 1 1 1 1 1 1 1 1 1 1 1 1 1 1 1 1 1 1 1 1 1 1 1 1 1 1 1 1 1 1 1 1 1 1 1 1 1 1 1 1 1 1 1 1 1 1 1 1 1 1 1 1 1 1 1 1 1 1 1 1 1 1 1 1 1 1 1 1 1 1 1 1 1 1 1 1 1 1 1 1 1 1 1 1 1 1 1 1 1 1 1 1 1 1 1 1 1 1 1 1 1 1 1 1 1 1 1 1 1 1 1 1 1 1 1 1 1 1 1 1 1 1 1 1 1 1 1 1 1 1 1 1 1 1 1 1 1 1 1 1 1 1 1 1 1 1 1 1 1 1 1 1 1 1 1 1 1 1 1 1 1 1 1 1 1 1 1 1 1 1 1 1 1 1 1 1 1 1 1 1 1 1 1 1 1 1 1 1 1 1 1 1 1 1 1 1 1 1 1 1 1 1 1 1 1 1 1 1 1 1 1 1 1 1 1 1 1 1 1 1 1 1 1 1 1 1 1 1 1 1 1 1 1 1 1 1 1 1 1 1 1 1 1 1 1 1 1 1 1 1 1 1 1 1 1 1 1 1 1 1 1 1 1 1 1 1 1 1 1 1 1 1 1 1 1 1 1 1 1 1 1 1 1 1 1 1 1 1 1 1 1 1 1 1 1 1 1 1 1 1 1 1 1 1 1 1 1 1 1 1 1 1 1 1 1 1 1 1 1 1 1 1 1 1 1 1 1 1 1 1 1 1 1 1 1 1 1 1 1 1 1 1 1 1 1 1 1 1 1 1 1 1 1 1 1 1 1 1 1 1 1 1 1 1 1 1 1 1 1 1 1 1 1 1 1 1 1 1 1 1 1 1 1 1 1 1 1 1 1 1 1 1 1 1 1 1 1 1 1 1 1 1 1 1 1 1 1 1 1 1 1 1 1 1 1 1 1 1 1 1 1 1 1 1 1 1 1 1 1 1 1 1 1 1 1 1 1 1 1 1 1 1 1 1 1 1 1 1 1 1 1 1 1 1 1 1 1 1 1 1 1 1 1 1 1 1 1 1 1 1 1 1 1 1 1 1 1 1 1 1 1 1 1 1 1 1 1 1 1 1 1 1 1 1 1 1 1 1 1 1 1 1 1 1 1 1 1 1 1 1 1 1 1 1 1 1 1 1 1 1 1 1 1 1 1 1 1 1 1 1 1 1 1 1 1 1 1 1 1 1 1 1 1 1 1 1 1 1 1 1 1 1 1 1 1 1 1 1 1 1 1 1 1 1 1 1 1 1 1 1 1 1 1 1 1 1 1 1 1 1 1 1 1 1 1 1 1 1 1 1 1 1 1 1 1 1 1 1 1 1 1 1 1 1 1 1 1 1 1 1 1 1 1 1 1 1 1 1 1 1 1 1 1 1 1 1 1 1 1 1 1 1 1 1 1 1 1 1 1 1 1 1 1 1 1 1 1 1 1 1 1 1 1 1 1 1 1 1 1 1 1 1 1 1 1 1 1 1 1 1 1 1 1 1 1 1 1 1 1 1 1 1 1 1 1 1 1 1 1 1 1 1 1 1 1 1 1 1 1 1 1 1 1 1 1 1 1 1 1 1 1 1 1 1 1 1 1 1 1 1 1 1 1 1 1 1 1 1 1 1 1 1 1 1 1 1 1 1 1 1 1 1 1 1 1 1 1 1 1 1 1 1 1 1 1 1 1 1 1 1 1 1 1 1 1 1 1 1 1 1 1 1 1 1 1 1 1 1 1 1 1 1 1 1 1 1 1 1 1 1 1 1 1 1 1 1 1 1 1 1 1 1 1 1 1 1 1 1 1 1 1 1 1 1 1 1 1 1 1 1 1 1 1 1 1 1 1 1 1 1 1 1 1 1 1 1 1 1 1 1 1 1 1 1 1 1 1 1 1 1 1 1 1 1 1 1 1 1 1 1 1 1 1 1 1 1 1 1 1 1 1 1 1 1 1 1 1 1 1 1 1 1 1 1 1 1 1 1 1 1 1 1 1 1 1 1 1 1 1 1 1 1 1 1 1 1 1 1 1 1 1 1 1 1 1 1 1 1 1 1 1 1 1 1 1 1 1 1 1 1 1 1 1 1 1 1 1 1 1 1 1 1 1 1 1 1 1 1 1 1 1 1 1 1 1 1 1 1 1 1 1 1 1 1 1 1 1 1 1 1 1 1 1 1 1 1 1 1 1 1 1 1 1 1 1 1 1 1 1 1 1 1 1 1 1 1 1 1 1 1 1 1 1 1 1 1 1 1 1 1 1 1 1 1 1 1 1 1 1 1 1 1 1 1 1 1 1 1 1 1 1 1 1 1 1 1 1 1 1 1 1 1 1 1 1 1 1 1 1 1 1 1 1 1 1 1 1 1 1 1 1 1 1 1 1 1 1 1 1 1 1 1 1 1 1 1 1 1 1 1 1 1 1 1 1 1 1 1 1 1 1 1 1 1 1 1 1 1 1 1 1 1 1 1 1 1 1 1 1 1 1 1 1 1 1 1 1 1 1 1 1 1 1 1 1 1 1 1 1 1 1 1 1 1 1 1 1 1 1 1 1 1 1 1 1 1 1 1 1 1 1 1 1 1 1 1 1 1 1 1 1 1 1 1 1 1 1 1 1 1 1 1 1 1 1 1 1 1 1 1 1 1 1 1 1 1 1 1 1 1 1 1 1 1 1 1 1 1 1 1 1 1 1 1 1 1 1 1 1 1 1 1 1 1 1 1 1 1 1 1 1 1 1 1 1 1 1 1 1 1 1 1 1 1 1 1 1 1 1 1 1 1 1 1 1 1 1 1 1 1 1 1 1 1 1 1 1 1 1 1 1 1 1 1 1 1 1 1 1 1 1 1 1 1 1 1 1 1 1 1 1 1 1 1 1 1 1 1 1 1 1 1 1 1 1 1 1 1 1 1 1 1 1 1 1 1 1 1 1 1 1 1 1 1 1 1 1 1 1 1 1 1 1 1 1 1 1 1 1 1 1 1 1 1 1 1 1 1 1 1 1 1 1 1 1 1 1 1 1 1 1 1 1 1 1 1 1 1 1 1 1 1 1 1 1 1 1 1 1 1 1 1 1 1 1 1 1 1 1 1 1 1 1 1 1 1 1 1 1 1 1 1 1 1 1 1 1 1 1 1 1 1 1 1 1 1 1 1 1 1 1 1 1 1 1 1 1 1 1 1 1 1 1 1 1 1 1 1 1 1 1 1 1 1 1 1 1 1 1 1 1 1 1 1 1 1 1 1 1 1 1 1 1 1 1 1 1 1 1 1 1 1 1 1 1 1 1 1 1 1 1 1 1 1 1 1 1 1 1 1 1 1 1 1 1 1 1 1 1 1 1 1 1 1 1 1 1 1 1 1 1 1 1 1 1 1 1 1 1 1 1 1 1 1 1 1 1 1 1 1 1 1 1 1 1 1 1 1 1 1 1 1 1 1 1 1 1 1 1 1 1 1 1 1 1 1 1 1 1 1 1 1 1 1 1 1 1 1 1 1 1 1 1 1 1 1 1 1 1 1 1 1 1 1 1 1 1 1 1 1 1 1 1 1 1 1 1 1 1 1 1 1 1 1 1 1 1 1 1 1 1 1 1 1 1 1 1 1 1 1 1 1 1 1 1 1 1 1 1 1 1 1 1 1 1 1 1 1 1 1 1 1 1 1 1 1 1 1 1 1 1 1 1 1 1 1 1 1 1 1 1 1 1 1 1 1 1 1 1 1 1 1 1 1 1 1 1 1 1 1 1 1 1 1 1 1 1 1 1 1 1 1 1 1 1 1 1 1 1 1 1 1 1 1 1 1 1 1 1 1 1 1 1 1 1 1 1 1 1 1 1 1 1 1 1 1 1 1 1 1 1 1 1 1 1 1 1 1 1 1 1 1 1 1 1 1 1 1 1 1 1 1 1 1 1 1 1 1 1 1 1 1 1 1 1 1 1 1 1 1 1 1 1 1 1 1 1 1 1 1 1 1 1 1 1 1 1 1 1 1 1 1 1 1 1 1 1 1 1 1 1 1 1 1 1 1 1 1 1 1 1 1 1 1 1 1 1 1 1 1 1 1 1 1 1 1 1 1 1 1 1 1 1 1 1 1 1 1 1 1 1 1 1 1 1 1 1 1 1 1 1 1 1 1 1 1 1 1 1 1 1 1 1 1 1 1 1 1 1 1 1 1 1 1 1 1 1 1 1 1 1 1 1 1 1 1 1 1 1 1 1 1 1 1 1 1 1 1 1 1 1 1 1 1 1 1 1 1 1 1 1 1 1 1 1 1 1 1 1 1 1 1 1 1 1 1 1 1 1 1 1 1 1 1 1 1 1 1 1 1 1 1 1 1 1 1 1 1 1 1 1 1 1 1 1 1 1 1 1 1 1 1 1 1 1 1 1 1 1 1 1 1 1 1 1 1 1 1 1 1 1 1 1 1 1 1 1 1 1 1 1 1 1 1 1 1 1 1 1 1 1 1 1 1 1</float_array>
          <technique_common>
            <accessor source="#geom-Rock_Part3__mt_Body-map0-array" count="836" stride="3">
              <param name="R" type="float"/>
              <param name="G" type="float"/>
              <param name="B" type="float"/>
            </accessor>
          </technique_common>
        </source>
        <source id="geom-Rock_Part3__mt_Body-map1">
          <float_array id="geom-Rock_Part3__mt_Body-map1-array" count="2508">0.486084 0.4804687 0 0.4838867 0.4643555 0 0.5488281 0.4731445 0 0.5600586 0.487793 0 0.699707 0.4819336 0 0.7021484 0.4941406 0 0.7329102 0.4902344 0 0.7290039 0.5004883 0 0.8818359 0.5336914 0 0.8867188 0.5466309 0 0.9350586 0.5708008 0 0.9501953 0.5668945 0 0.9091797 0.9074097 0 0.8999023 0.9100342 0 0.8979492 0.895813 0 0.9101563 0.8921509 0 0.9526367 0.7709961 0 0.9672852 0.7753906 0 0.9604492 0.7480469 0 0.9702148 0.7463379 0 0.9477539 0.5839844 0 0.9741211 0.5773926 0 0.9501953 0.5668945 0 0.9350586 0.5708008 0 0.3942871 0.9298096 0 0.3874512 0.9372559 0 0.3811035 0.9293823 0 0.373291 0.9380188 0 0.3269043 0.9377136 0 0.1633301 0.9808197 0 0.1618652 0.9705505 0 0.1427002 0.9711609 0 0.1439209 0.9835663 0 0.06829834 0.979538 0 0.06652832 0.9695587 0 0.05435181 0.9700012 0 0.06652832 0.9695587 0 0.06317139 0.9501343 0 0.1427002 0.9711609 0 0.04904175 0.9402161 0 0.1553955 0.9299927 0 0.1618652 0.9705505 0 0.06088257 0.9351807 0 0.1656494 0.932312 0 0.3269043 0.9377136 0 0.1486816 0.918335 0 0.1734619 0.9233398 0 0.3811035 0.9293823 0 0.1612549 0.9147339 0 0.1054077 0.7945557 0 0.0480957 0.7954102 0 0.03497314 0.7873535 0 0.1179199 0.7939453 0 0.0480957 0.7830811 0 0.1068726 0.7817383 0 0.05856323 0.6547852 0 0.04800415 0.6494141 0 0.03985596 0.6416016 0 0.05783081 0.6416016 0 0.04199219 0.6333008 0 0.05770874 0.6320801 0 0.05783081 0.6416016 0 0.2009277 0.6352539 0 0.2067871 0.6455078 0 0.2233887 0.6369629 0 0.2235107 0.6467285 0 0.2414551 0.6462402 0 0.2456055 0.637207 0 0.2583008 0.6445313 0 0.2064209 0.6711426 0 0.2067871 0.6455078 0 0.2235107 0.6467285 0 0.2019043 0.6831055 0 0.2202148 0.6755371 0 0.1191406 0.7832031 0 0.2148437 0.6882324 0 0.2276611 0.7924805 0 0.2261963 0.692627 0 0.2332764 0.6787109 0 0.2414551 0.6462402 0 0.2351074 0.7861328 0 0.2685547 0.659668 0 0.2583008 0.6445313 0 0.286377 0.6584473 0 0.3015137 0.7373047 0 0.3088379 0.7341309 0 0.387207 0.7559814 0 0.4057617 0.7613525 0 0.3056641 0.7419434 0 0.3122559 0.7441406 0 0.4006348 0.7728271 0 0.4143066 0.7797852 0 0.2375488 0.7940674 0 0.2973633 0.8034668 0 0.3056641 0.8049316 0 0.4230957 0.8442383 0 0.4318848 0.8468018 0 0.2993164 0.8125 0 0.4216309 0.8554688 0 0.4309082 0.8592529 0 0.4033203 0.9072876 0 0.3076172 0.8155518 0 0.390625 0.9127197 0 0.3942871 0.9298096 0 0.3112793 0.8635254 0 0.3027344 0.8709717 0 0.3044434 0.8603516 0 0.2949219 0.8643799 0 0.2426758 0.8031006 0 0.2305908 0.8024902 0 0.8105469 0.3823242 0 0.8168945 0.4453125 0 0.8017578 0.3920898 0 0.8422852 0.4570312 0 0.8222656 0.3657227 0 0.8554688 0.3369141 0 0.8461914 0.4624023 0 0.8803711 0.4633789 0 0.8862305 0.3432617 0 0.8950195 0.3525391 0 0.9072266 0.4389648 0 0.90625 0.4404297 0 0.9125977 0.3598633 0 0.9208984 0.4350586 0 0.9208984 0.371582 0 0.9316406 0.4047852 0 0.1931152 0.3051758 0 0.1139526 0.3188477 0 0.1152954 0.3120117 0 0.1987305 0.293457 0 0.2050781 0.3032227 0 0.2171631 0.2900391 0 0.2198486 0.2973633 0 0.4196777 0.2626953 0 0.421875 0.2724609 0 0.432373 0.2651367 0 0.4445801 0.3251953 0 0.421875 0.2724609 0 0.4313965 0.3217773 0 0.4338379 0.3447266 0 0.4572754 0.5681152 0 0.3371582 0.3398437 0 0.2198486 0.2973633 0 0.4262695 0.3354492 0 0.4453125 0.6894531 0 0.4353027 0.6750488 0 0.4445801 0.5712891 0 0.3515625 0.6540527 0 0.4440918 0.5532227 0 0.3583984 0.5041504 0 0.3586426 0.5202637 0 0.3435059 0.5039063 0 0.3359375 0.642334 0 0.3337402 0.6520996 0 0.3427734 0.5163574 0 0.2822266 0.5822754 0 0.2675781 0.583252 0 0.1340332 0.5725098 0 0.2327881 0.5410156 0 0.2264404 0.548584 0 0.21521 0.5397949 0 0.1225586 0.5622559 0 0.2344971 0.5290527 0 0.2235107 0.5314941 0 0.2423096 0.4472656 0 0.1248169 0.487793 0 0.1015015 0.4682617 0 0.1357422 0.4799805 0 0.1251221 0.4707031 0 0.1064453 0.4492187 0 0.2304687 0.4404297 0 0.1634521 0.3706055 0 0.1240845 0.3774414 0 0.1229248 0.3618164 0 0.1765137 0.3710937 0 0.1676025 0.3613281 0 0.1139526 0.3188477 0 0.1931152 0.3051758 0 0.180542 0.3608398 0 0.2050781 0.3032227 0 0.2287598 0.3647461 0 0.229126 0.3515625 0 0.2402344 0.3618164 0 0.2388916 0.3520508 0 0.3444824 0.3500977 0 0.6967773 0.9434204 0 0.5795898 0.9418945 0 0.5820313 0.9299927 0 0.7021484 0.9325562 0 0.7192383 0.937439 0 0.7211914 0.9516602 0 0.8256836 0.9382324 0 0.8305664 0.9528809 0 0.8427734 0.9325562 0 0.8530273 0.9412842 0 0.8999023 0.9100342 0 0.8979492 0.895813 0 0.1430664 0.2675781 0 0.07000732 0.2695312 0 0.0736084 0.2592773 0 0.1374512 0.2568359 0 0.1461182 0.2568359 0 0.3024902 0.25 0 0.1312256 0.1547852 0 0.08288574 0.09277344 0 0.1394043 0.1591797 0 0.1315918 0.140625 0 0.08770752 0.08300781 0 0.1254883 0.02685547 0 0.1348877 0.0234375 0 0.1400146 0.1489258 0 0.2209473 0.02490234 0 0.2026367 0.1582031 0 0.2030029 0.1674805 0 0.2973633 0.2402344 0 0.28125 0.171875 0 0.3071289 0.2373047 0 0.2836914 0.1821289 0 0.4104004 0.2104492 0 0.2910156 0.1723633 0 0.2320557 0.06005859 0 0.2890625 0.1611328 0 0.2402344 0.05273437 0 0.234375 0.02539062 0 0.3474121 0.03564453 0 0.3156738 0.1030273 0 0.3266602 0.105957 0 0.3525391 0.04052734 0 0.3605957 0.02490234 0 0.3625488 0.04150391 0 0.3723145 0.1166992 0 0.380127 0.1196289 0 0.4492187 0.1811523 0 0.4042969 0.2021484 0 0.4128418 0.1982422 0 0.453125 0.1904297 0 0.8979492 0.895813 0 0.8427734 0.9325562 0 0.9526367 0.7709961 0 0.8598633 0.7653809 0 0.7734375 0.84729 0 0.8256836 0.9382324 0 0.9462891 0.7519531 0 0.9604492 0.7480469 0 0.762207 0.8513184 0 0.7192383 0.937439 0 0.8994141 0.6181641 0 0.9477539 0.5839844 0 0.9350586 0.5708008 0 0.8901367 0.6088867 0 0.8867188 0.5466309 0 0.8901367 0.6254883 0 0.862793 0.7542725 0 0.8823242 0.6169434 0 0.8603516 0.6452637 0 0.715332 0.5422363 0 0.7290039 0.5004883 0 0.7021484 0.4941406 0 0.7163086 0.5561523 0 0.8554688 0.6367188 0 0.7973633 0.677002 0 0.7919922 0.6696777 0 0.8520508 0.7580566 0 0.7885742 0.6818848 0 0.7836914 0.6757813 0 0.7041016 0.557373 0 0.7011719 0.5439453 0 0.6591797 0.5681152 0 0.5600586 0.487793 0 0.6630859 0.578125 0 0.6049805 0.6113281 0 0.486084 0.4804687 0 0.4980469 0.512207 0 0.7070313 0.675293 0 0.6152344 0.6206055 0 0.597168 0.6245117 0 0.5463867 0.6982422 0 0.7382813 0.7131348 0 0.5766602 0.7314453 0 0.550293 0.7219238 0 0.574707 0.814209 0 0.7436523 0.720459 0 0.7104492 0.7380371 0 0.6699219 0.7163086 0 0.6083984 0.6333008 0 0.6972656 0.7501221 0 0.6635742 0.720459 0 0.5917969 0.7329102 0 0.6274414 0.8227539 0 0.5795898 0.836792 0 0.6376953 0.8305664 0 0.5810547 0.9048462 0 0.6425781 0.826416 0 0.6450195 0.8376465 0 0.5820313 0.9299927 0 0.7021484 0.9325562 0 0.6499023 0.8321533 0 0.6723633 0.7803955 0 0.652832 0.8249512 0 0.7016602 0.8242188 0 0.6933594 0.7548828 0 0.7387695 0.8094482 0 0.7006836 0.7548828 0 0.7446289 0.805542 0 0.734375 0.8023682 0 0.7402344 0.7989502 0 0.6977539 0.8167725 0 0.7158203 0.7816162 0 0.6767578 0.7838135 0 0.71875 0.7758789 0 0.6967773 0.7596436 0 0.7143555 0.7436523 0 0.4941406 0.2348633 0 0.5009766 0.2373047 0 0.489502 0.2456055 0 0.5410156 0.04296875 0 0.5688477 0.2714844 0 0.5527344 0.03857422 0 0.5541992 0.02783203 0 0.5742188 0.2607422 0 0.6791992 0.1020508 0 0.6015625 0.02880859 0 0.7368164 0.02783203 0 0.5849609 0.1884766 0 0.6748047 0.1118164 0 0.6889648 0.1064453 0 0.7553711 0.02880859 0 0.6298828 0.2744141 0 0.6328125 0.2866211 0 0.6547852 0.1767578 0 0.6391602 0.2758789 0 0.7836914 0.2988281 0 0.6635742 0.1772461 0 0.6831055 0.1166992 0 0.7802734 0.2495117 0 0.7783203 0.1850586 0 0.6977539 0.1166992 0 0.7807617 0.2866211 0 0.7866211 0.1855469 0 0.7875977 0.2861328 0 0.7890625 0.2529297 0 0.9121094 0.2685547 0 0.9223633 0.2783203 0 0.7822266 0.1757812 0 0.921875 0.2661133 0 0.9790039 0.2573242 0 0.9731445 0.246582 0 0.878418 0.1367187 0 0.8876953 0.1323242 0 0.9414063 0.1015625 0 0.8706055 0.1308594 0 0.8808594 0.1220703 0 0.9321289 0.08349609 0 0.9223633 0.06591797 0 0.8735352 0.04345703 0 0.7817383 0.1191406 0 0.78125 0.1083984 0 0.7719727 0.06054687 0 0.2329102 0.3608398 0 0.1693115 0.3681641 0 0.2128906 0.2983398 0 0.348877 0.5141602 0 0.4311523 0.3349609 0 0.4477539 0.565918 0 0.9516602 0.7557373 0 0.96875 0.7608643 0 0.9033203 0.9053345 0 0.5820313 0.9299927 0 0.7099609 0.9412842 0 0.5795898 0.9418945 0 0.130127 0.02539062 0 0.1335449 0.1474609 0 0.08532715 0.08789062 0 0.7099609 0.9412842 0 0.5820313 0.9299927 0 0.6430664 0.829834 0 0.7817383 0.1137695 0 0.8813477 0.1274414 0 0.78125 0.1826172 0 0.6811523 0.1123047 0 0.1411133 0.2597656 0 0.07183838 0.2646484 0 0.1335449 0.1474609 0 0.08532715 0.08789062 0 0.3625488 0.04150391 0 0.4511719 0.1855469 0 0.3762207 0.1181641 0 0.4101562 0.2021484 0 0.2128906 0.2983398 0 0.1693115 0.3681641 0 0.114624 0.3154297 0 0.1235352 0.3696289 0 0.9194336 0.2729492 0 0.7832031 0.2895508 0 0.784668 0.2509766 0 0.8813477 0.1274414 0 0.78125 0.1826172 0 0.96875 0.7608643 0 0.9516602 0.7557373 0 0.9414063 0.5773926 0 0.9741211 0.5773926 0 0.9501953 0.5668945 0 0.9501953 0.5668945 0 0.9414063 0.5773926 0 0.8867188 0.5466309 0 0.8818359 0.5336914 0 0.7290039 0.5004883 0 0.7329102 0.4902344 0 0.7021484 0.4941406 0 0.699707 0.4819336 0 0.715332 0.5422363 0 0.8867188 0.5466309 0 0.5600586 0.487793 0 0.5488281 0.4731445 0 0.9414063 0.5773926 0 0.887207 0.6181641 0 0.486084 0.4804687 0 0.4838867 0.4643555 0 0.7163086 0.5561523 0 0.8579102 0.6408691 0 0.6049805 0.6113281 0 0.4980469 0.512207 0 0.7919922 0.6696777 0 0.7973633 0.677002 0 0.597168 0.6245117 0 0.5463867 0.6982422 0 0.6591797 0.5681152 0 0.5766602 0.7314453 0 0.550293 0.7219238 0 0.574707 0.814209 0 0.7011719 0.5439453 0 0.7041016 0.557373 0 0.6630859 0.578125 0 0.7836914 0.6757813 0 0.7070313 0.675293 0 0.6152344 0.6206055 0 0.7885742 0.6818848 0 0.7382813 0.7131348 0 0.8564453 0.7589111 0 0.8579102 0.6408691 0 0.887207 0.6181641 0 0.9414063 0.5773926 0 0.9516602 0.7557373 0 0.7436523 0.720459 0 0.737793 0.8040771 0 0.7172852 0.7786865 0 0.7143555 0.7436523 0 0.6967773 0.7567139 0 0.7143555 0.7436523 0 0.6904297 0.7272949 0 0.6967773 0.7567139 0 0.6635742 0.720459 0 0.6748047 0.7821045 0 0.6083984 0.6333008 0 0.5917969 0.7329102 0 0.6430664 0.829834 0 0.5795898 0.836792 0 0.5810547 0.9048462 0 0.5820313 0.9299927 0 0.4240723 0.2680664 0 0.4311523 0.3349609 0 0.3408203 0.3452148 0 0.2128906 0.2983398 0 0.2329102 0.3608398 0 0.2247314 0.5388184 0 0.1225586 0.5622559 0 0.1275635 0.4814453 0 0.1039429 0.4589844 0 0.1693115 0.3681641 0 0.1235352 0.3696289 0 0.3942871 0.9298096 0 0.3874512 0.9372559 0 0.3811035 0.9293823 0 0.373291 0.9380188 0 0.3269043 0.9377136 0 0.1536865 0.982193 0 0.1523437 0.9708557 0 0.06439209 0.9746552 0 0.1335449 0.1474609 0 0.2027588 0.1625977 0 0.1411133 0.2597656 0 0.3034668 0.2412109 0 0.2878418 0.1733398 0 0.0447998 0.7902832 0 0.1116943 0.7941895 0 0.05908203 0.9439087 0 0.1610107 0.921875 0 0.2305908 0.8024902 0 0.3063965 0.8637695 0 0.2426758 0.8031006 0 0.3039551 0.8118896 0 0.2375488 0.7940674 0 0.3071289 0.739502 0 0.3039551 0.8118896 0 0.2351074 0.7861328 0 0.2271729 0.7944336 0 0.1116943 0.7941895 0 0.2261963 0.692627 0 0.3071289 0.739502 0 0.2332764 0.6787109 0 0.1129761 0.7824707 0 0.0447998 0.7902832 0 0.04779053 0.6459961 0 0.2042236 0.677002 0 0.2143555 0.6889648 0 0.04779053 0.6459961 0 0.2067871 0.6455078 0 0.2202148 0.6755371 0 0.2235107 0.6467285 0 0.2414551 0.6462402 0 0.2685547 0.659668 0 0.2583008 0.6445313 0 0.3071289 0.739502 0 0.286377 0.6584473 0 0.387207 0.7559814 0 0.4057617 0.7613525 0 0.4006348 0.7728271 0 0.4143066 0.7797852 0 0.3071289 0.739502 0 0.3039551 0.8118896 0 0.4230957 0.8442383 0 0.4318848 0.8468018 0 0.4216309 0.8554688 0 0.3039551 0.8118896 0 0.4309082 0.8592529 0 0.3063965 0.8637695 0 0.4033203 0.9072876 0 0.390625 0.9127197 0 0.3942871 0.9298096 0 0.3811035 0.9293823 0 0.3063965 0.8637695 0 0.1610107 0.921875 0 0.3269043 0.9377136 0 0.1523437 0.9708557 0 0.05908203 0.9439087 0 0.06439209 0.9746552 0 0.737793 0.8040771 0 0.8564453 0.7589111 0 0.7675781 0.8493652 0 0.8378906 0.9412537 0 0.9516602 0.7557373 0 0.9033203 0.9053345 0 0.2329102 0.3608398 0 0.2364502 0.4438477 0 0.1693115 0.3681641 0 0.1275635 0.4814453 0 0.2247314 0.5388184 0 0.348877 0.5141602 0 0.2749023 0.5827637 0 0.2247314 0.5388184 0 0.3432617 0.6506348 0 0.4477539 0.565918 0 0.4365234 0.6767578 0 0.2749023 0.5827637 0 0.1340332 0.5725098 0 0.2247314 0.5388184 0 0.1225586 0.5622559 0 0.2878418 0.1733398 0 0.2027588 0.1625977 0 0.2362061 0.05664062 0 0.2276611 0.02539062 0 0.1335449 0.1474609 0 0.130127 0.02539062 0 0.78125 0.1826172 0 0.6591797 0.1772461 0 0.6811523 0.1123047 0 0.784668 0.2509766 0 0.6337891 0.2807617 0 0.7832031 0.2895508 0 0.8105469 0.3823242 0 0.8168945 0.4453125 0 0.8017578 0.3920898 0 0.8422852 0.4570312 0 0.8222656 0.3657227 0 0.8554688 0.3369141 0 0.8461914 0.4624023 0 0.8803711 0.4633789 0 0.8862305 0.3432617 0 0.8950195 0.3525391 0 0.9072266 0.4389648 0 0.90625 0.4404297 0 0.9125977 0.3598633 0 0.9208984 0.4350586 0 0.9208984 0.371582 0 0.9316406 0.4047852 0 0.04986572 0.6325684 0 0.2009277 0.6352539 0 0.04779053 0.6459961 0 0.2067871 0.6455078 0 0.2233887 0.6369629 0 0.2235107 0.6467285 0 0.2414551 0.6462402 0 0.2456055 0.637207 0 0.2583008 0.6445313 0 0.4311523 0.3349609 0 0.348877 0.5141602 0 0.3408203 0.3452148 0 0.2364502 0.4438477 0 0.2329102 0.3608398 0 0.2247314 0.5388184 0 0.7675781 0.8493652 0 0.699707 0.8205566 0 0.737793 0.8040771 0 0.7099609 0.9412842 0 0.6430664 0.829834 0 0.8378906 0.9412537 0 0.7172852 0.7786865 0 0.737793 0.8040771 0 0.699707 0.8205566 0 0.6748047 0.7821045 0 0.6430664 0.829834 0 0.6967773 0.7567139 0 0.2878418 0.1733398 0 0.2362061 0.05664062 0 0.3212891 0.1044922 0 0.3474121 0.03564453 0 0.2276611 0.02539062 0 0.3525391 0.04052734 0 0.3605957 0.02490234 0 0.3625488 0.04150391 0 0.3762207 0.1181641 0 0.3212891 0.1044922 0 0.2878418 0.1733398 0 0.3034668 0.2412109 0 0.4101562 0.2021484 0 0.9760742 0.2519531 0 0.9194336 0.2729492 0 0.8813477 0.1274414 0 0.9414063 0.1015625 0 0.9321289 0.08349609 0 0.9223633 0.06591797 0 0.8735352 0.04345703 0 0.7719727 0.06054687 0 0.7817383 0.1137695 0 0.7553711 0.02880859 0 0.6811523 0.1123047 0 0.7368164 0.02783203 0 0.6015625 0.02880859 0 0.5541992 0.02783203 0 0.5527344 0.03857422 0 0.5410156 0.04296875 0 0.4934082 0.2407227 0 0.5849609 0.1884766 0 0.6591797 0.1772461 0 0.5712891 0.2661133 0 0.6337891 0.2807617 0 0.2329102 0.3608398 0 0.1693115 0.3681641 0 0.2128906 0.2983398 0 0.3071289 0.739502 0 0.2368164 0.793457 0 0.2042236 0.677002 0 0.2368164 0.793457 0 0.3071289 0.739502 0 0.3039551 0.8118896 0 0.3063965 0.8637695 0 0.2368164 0.793457 0 0.3039551 0.8118896 0 0.2290039 0.02392578 0 0.3525391 0.03808594 0 0.2878418 0.1733398 0 0.3525391 0.03808594 0 0.4511719 0.1855469 0 0.4101562 0.2021484 0 0.348877 0.5141602 0 0.4311523 0.3349609 0 0.4477539 0.565918 0 0.130127 0.02539062 0 0.1335449 0.1474609 0 0.08532715 0.08789062 0 0.5483398 0.7165527 0 0.4914551 0.4921875 0 0.605957 0.626709 0 0.6430664 0.829834 0 0.5810547 0.9359741 0 0.5771484 0.8254395 0 0.1157837 0.4702148 0 0.1235352 0.3696289 0 0.1693115 0.3681641 0 0.7099609 0.9412842 0 0.5810547 0.9359741 0 0.6430664 0.829834 0 0.550293 0.03417969 0 0.7553711 0.02880859 0 0.6811523 0.1123047 0 0.7758789 0.1113281 0 0.8813477 0.1274414 0 0.78125 0.1826172 0 0.6811523 0.1123047 0 0.3034668 0.2412109 0 0.1411133 0.2597656 0 0.2878418 0.1733398 0 0.1335449 0.1474609 0 0.1411133 0.2597656 0 0.07183838 0.2646484 0 0.1335449 0.1474609 0 0.08532715 0.08789062 0 0.1282959 0.5673828 0 0.2247314 0.5388184 0 0.3432617 0.6506348 0 0.1157837 0.4702148 0 0.3840332 0.9335938 0 0.3063965 0.8637695 0 0.4289551 0.8537598 0 0.3039551 0.8118896 0 0.8813477 0.1274414 0 0.9194336 0.2729492 0 0.78125 0.1826172 0 0.7832031 0.2895508 0 0.3034668 0.2412109 0 0.2878418 0.1733398 0 0.4101562 0.2021484 0 0.3525391 0.03808594 0 0.2128906 0.2983398 0 0.1693115 0.3681641 0 0.114624 0.3154297 0 0.1235352 0.3696289 0 0.1335449 0.1474609 0 0.2290039 0.02392578 0 0.2878418 0.1733398 0 0.130127 0.02539062 0 0.7006836 0.487793 0 0.6835938 0.560791 0 0.4914551 0.4921875 0 0.605957 0.626709 0 0.4240723 0.2680664 0 0.4311523 0.3349609 0 0.2128906 0.2983398 0 0.2329102 0.3608398 0 0.3071289 0.739502 0 0.4025879 0.7773438 0 0.3039551 0.8118896 0 0.4289551 0.8537598 0 0.0447998 0.7902832 0 0.04882812 0.6391602 0 0.1123047 0.7883301 0 0.2042236 0.677002 0 0.2368164 0.793457 0 0.7832031 0.2895508 0 0.6337891 0.2807617 0 0.6591797 0.1772461 0 0.78125 0.1826172 0 0.6811523 0.1123047 0 0.6337891 0.2807617 0 0.4934082 0.2407227 0 0.6591797 0.1772461 0 0.550293 0.03417969 0 0.6811523 0.1123047 0 0.7006836 0.487793 0 0.9599609 0.574707 0 0.8725586 0.6296387 0 0.6835938 0.560791 0 0.7885742 0.6782227 0 0.04882812 0.6391602 0 0.2038574 0.6403809 0 0.2042236 0.677002 0 0.2626953 0.6501465 0 0.3071289 0.739502 0 0.4025879 0.7773438 0 0.4477539 0.565918 0 0.4365234 0.6767578 0 0.3432617 0.6506348 0 0.348877 0.5141602 0 0.2247314 0.5388184 0 0.5483398 0.7165527 0 0.605957 0.626709 0 0.5869141 0.7321777 0 0.5771484 0.8254395 0 0.6430664 0.829834 0 0.7885742 0.6782227 0 0.8564453 0.7589111 0 0.7050781 0.7368164 0 0.7260742 0.7912598 0 0.6831055 0.75354 0 0.8725586 0.6296387 0 0.8564453 0.7589111 0 0.7885742 0.6782227 0 0.9609375 0.7573242 0 0.9599609 0.574707 0 0.0447998 0.7902832 0 0.1123047 0.7883301 0 0.06173706 0.9592896 0 0.1610107 0.921875 0 0.2368164 0.793457 0 0.3063965 0.8637695 0 0.8564453 0.7589111 0 0.7832031 0.8662109 0 0.7260742 0.7912598 0 0.8378906 0.9412537 0 0.9609375 0.7573242 0 0.9033203 0.9053345 0 0.4311523 0.3349609 0 0.348877 0.5141602 0 0.2329102 0.3608398 0 0.2364502 0.4438477 0 0.2247314 0.5388184 0 0.2329102 0.3608398 0 0.2364502 0.4438477 0 0.1693115 0.3681641 0 0.1157837 0.4702148 0 0.2247314 0.5388184 0 0.1610107 0.921875 0 0.3063965 0.8637695 0 0.3840332 0.9335938 0 0.1529541 0.9765167 0 0.06173706 0.9592896 0 0.7553711 0.02880859 0 0.7758789 0.1113281 0 0.6811523 0.1123047 0 0.9223633 0.06591797 0 0.8813477 0.1274414 0 0.9414063 0.1015625 0 0.9760742 0.2519531 0 0.9194336 0.2729492 0 0.6635742 0.720459 0 0.7050781 0.7368164 0 0.6831055 0.75354 0 0.7070313 0.675293 0 0.7885742 0.6782227 0 0.605957 0.626709 0 0.6835938 0.560791 0 0.6831055 0.75354 0 0.6723633 0.7803955 0 0.6635742 0.720459 0 0.5869141 0.7321777 0 0.605957 0.626709 0 0.6430664 0.829834 0 0.6831055 0.75354 0 0.7260742 0.7912598 0 0.6723633 0.7803955 0 0.6782227 0.8146973 0 0.6430664 0.829834 0 0.7832031 0.8662109 0 0.7099609 0.9412842 0 0.6430664 0.829834 0 0.8378906 0.9412537 0</float_array>
          <technique_common>
            <accessor source="#geom-Rock_Part3__mt_Body-map1-array" count="836" stride="3">
              <param name="S" type="float"/>
              <param name="T" type="float"/>
              <param name="P" type="float"/>
            </accessor>
          </technique_common>
        </source>
        <vertices id="geom-Rock_Part3__mt_Body-vertices">
          <input semantic="POSITION" source="#geom-Rock_Part3__mt_Body-positions"/>
        </vertices>
        <triangles material="mt_Body" count="520">
          <input semantic="VERTEX" source="#geom-Rock_Part3__mt_Body-vertices" offset="0"/>
          <input semantic="NORMAL" source="#geom-Rock_Part3__mt_Body-normals" offset="1"/>
          <input semantic="COLOR" source="#geom-Rock_Part3__mt_Body-map0" offset="2" set="0"/>
          <input semantic="TEXCOORD" source="#geom-Rock_Part3__mt_Body-map1" offset="3" set="0"/>
          <p>0 0 0 0 1 1 1 1 2 2 2 2 3 3 3 3 0 0 0 0 2 2 2 2 3 3 3 3 2 2 2 2 4 4 4 4 5 5 5 5 3 3 3 3 4 4 4 4 4 4 4 4 6 6 6 6 5 5 5 5 6 6 6 6 7 7 7 7 5 5 5 5 6 6 6 6 8 8 8 8 7 7 7 7 8 8 8 8 9 9 9 9 7 7 7 7 9 9 9 9 8 8 8 8 10 10 10 10 8 8 8 8 11 11 11 11 10 10 10 10 12 12 12 12 13 13 13 13 14 14 14 14 15 15 15 15 12 12 12 12 14 14 14 14 15 15 15 15 14 14 14 14 16 16 16 16 17 17 17 17 15 15 15 15 16 16 16 16 17 17 17 17 16 16 16 16 18 18 18 18 19 19 19 19 17 17 17 17 18 18 18 18 19 19 19 19 18 18 18 18 20 20 20 20 21 21 21 21 19 19 19 19 20 20 20 20 21 21 21 21 20 20 20 20 22 22 22 22 20 20 20 20 23 23 23 23 22 22 22 22 24 24 24 24 25 25 25 25 26 26 26 26 26 26 26 26 25 25 25 25 27 27 27 27 27 27 27 27 28 28 28 28 26 26 26 26 27 27 27 27 29 29 29 29 28 28 28 28 29 29 29 29 30 30 30 30 28 28 28 28 31 31 31 31 30 30 30 30 29 29 29 29 32 32 32 32 31 31 31 31 29 29 29 29 31 31 31 31 32 32 32 32 33 33 33 33 34 34 34 34 31 31 31 31 33 33 33 33 33 33 33 33 35 35 35 35 34 34 34 34 36 36 36 36 35 35 35 35 37 37 37 37 38 38 38 38 36 36 36 36 37 37 37 37 35 35 35 35 39 39 39 39 37 37 37 37 40 40 40 40 38 38 38 38 37 37 37 37 41 41 41 41 38 38 38 38 40 40 40 40 37 37 37 37 39 39 39 39 42 42 42 42 43 43 43 43 41 41 41 41 40 40 40 40 44 44 44 44 41 41 41 41 43 43 43 43 40 40 40 40 37 37 37 37 45 45 45 45 37 37 37 37 42 42 42 42 45 45 45 45 44 44 44 44 43 43 43 43 46 46 46 46 40 40 40 40 46 46 46 46 43 43 43 43 47 47 47 47 44 44 44 44 46 46 46 46 40 40 40 40 45 45 45 45 48 48 48 48 46 46 46 46 40 40 40 40 48 48 48 48 49 49 49 49 45 45 45 45 42 42 42 42 50 50 50 50 42 42 42 42 39 39 39 39 50 50 50 50 49 49 49 49 42 42 42 42 51 51 51 51 50 50 50 50 39 39 39 39 49 49 49 49 52 52 52 52 45 45 45 45 52 52 52 52 48 48 48 48 45 45 45 45 50 50 50 50 53 53 53 53 49 49 49 49 51 51 51 51 53 53 53 53 50 50 50 50 53 53 53 53 54 54 54 54 49 49 49 49 49 49 49 49 54 54 54 54 52 52 52 52 55 55 55 55 53 53 53 53 51 51 51 51 53 53 53 53 55 55 55 55 54 54 54 54 56 56 56 56 55 55 55 55 51 51 51 51 51 51 51 51 57 57 57 57 56 56 56 56 56 56 56 56 58 58 58 58 55 55 55 55 56 56 56 56 57 57 57 57 58 58 58 58 59 59 59 59 60 60 60 60 57 57 57 57 60 60 60 60 61 61 61 61 57 57 57 57 60 60 60 60 62 62 62 62 61 61 61 61 62 62 62 62 63 63 63 63 61 61 61 61 62 62 62 62 64 64 64 64 63 63 63 63 64 64 64 64 65 65 65 65 63 63 63 63 65 65 65 65 64 64 64 64 66 66 66 66 64 64 64 64 67 67 67 67 66 66 66 66 66 66 66 66 67 67 67 67 68 68 68 68 55 55 55 55 58 58 58 58 69 69 69 69 58 58 58 58 70 70 70 70 69 69 69 69 70 70 70 70 71 71 71 71 69 69 69 69 72 72 72 72 55 55 55 55 69 69 69 69 55 55 55 55 72 72 72 72 54 54 54 54 71 71 71 71 73 73 73 73 69 69 69 69 69 69 69 69 73 73 73 73 72 72 72 72 74 74 74 74 54 54 54 54 72 72 72 72 54 54 54 54 74 74 74 74 52 52 52 52 75 75 75 75 74 74 74 74 72 72 72 72 73 73 73 73 75 75 75 75 72 72 72 72 74 74 74 74 76 76 76 76 52 52 52 52 75 75 75 75 76 76 76 76 74 74 74 74 77 77 77 77 75 75 75 75 73 73 73 73 75 75 75 75 77 77 77 77 76 76 76 76 73 73 73 73 71 71 71 71 78 78 78 78 78 78 78 78 77 77 77 77 73 73 73 73 71 71 71 71 79 79 79 79 78 78 78 78 77 77 77 77 80 80 80 80 76 76 76 76 81 81 81 81 78 78 78 78 79 79 79 79 79 79 79 79 82 82 82 82 81 81 81 81 82 82 82 82 83 83 83 83 81 81 81 81 77 77 77 77 78 78 78 78 84 84 84 84 80 80 80 80 77 77 77 77 84 84 84 84 81 81 81 81 85 85 85 85 78 78 78 78 78 78 78 78 85 85 85 85 84 84 84 84 81 81 81 81 83 83 83 83 86 86 86 86 81 81 81 81 86 86 86 86 85 85 85 85 83 83 83 83 87 87 87 87 86 86 86 86 84 84 84 84 85 85 85 85 88 88 88 88 84 84 84 84 88 88 88 88 80 80 80 80 89 89 89 89 85 85 85 85 86 86 86 86 85 85 85 85 89 89 89 89 88 88 88 88 86 86 86 86 87 87 87 87 90 90 90 90 90 90 90 90 89 89 89 89 86 86 86 86 87 87 87 87 91 91 91 91 90 90 90 90 88 88 88 88 92 92 92 92 80 80 80 80 76 76 76 76 80 80 80 80 92 92 92 92 88 88 88 88 89 89 89 89 93 93 93 93 92 92 92 92 88 88 88 88 93 93 93 93 89 89 89 89 90 90 90 90 94 94 94 94 89 89 89 89 94 94 94 94 93 93 93 93 90 90 90 90 91 91 91 91 95 95 95 95 90 90 90 90 95 95 95 95 94 94 94 94 91 91 91 91 96 96 96 96 95 95 95 95 93 93 93 93 94 94 94 94 97 97 97 97 95 95 95 95 96 96 96 96 98 98 98 98 96 96 96 96 99 99 99 99 98 98 98 98 98 98 98 98 99 99 99 99 100 100 100 100 101 101 101 101 94 94 94 94 95 95 95 95 98 98 98 98 101 101 101 101 95 95 95 95 94 94 94 94 101 101 101 101 97 97 97 97 102 102 102 102 98 98 98 98 100 100 100 100 103 103 103 103 102 102 102 102 100 100 100 100 103 103 103 103 47 47 47 47 102 102 102 102 104 104 104 104 101 101 101 101 98 98 98 98 102 102 102 102 104 104 104 104 98 98 98 98 102 102 102 102 47 47 47 47 105 105 105 105 104 104 104 104 102 102 102 102 105 105 105 105 46 46 46 46 105 105 105 105 47 47 47 47 101 101 101 101 104 104 104 104 106 106 106 106 106 106 106 106 104 104 104 104 105 105 105 105 97 97 97 97 101 101 101 101 106 106 106 106 105 105 105 105 46 46 46 46 107 107 107 107 107 107 107 107 106 106 106 106 105 105 105 105 46 46 46 46 48 48 48 48 107 107 107 107 106 106 106 106 108 108 108 108 97 97 97 97 108 108 108 108 106 106 106 106 107 107 107 107 93 93 93 93 97 97 97 97 108 108 108 108 92 92 92 92 93 93 93 93 108 108 108 108 107 107 107 107 48 48 48 48 109 109 109 109 109 109 109 109 108 108 108 108 107 107 107 107 109 109 109 109 92 92 92 92 108 108 108 108 52 52 52 52 109 109 109 109 48 48 48 48 109 109 109 109 76 76 76 76 92 92 92 92 76 76 76 76 109 109 109 109 52 52 52 52 110 110 110 110 111 111 111 111 112 112 112 112 113 113 113 113 111 111 111 111 110 110 110 110 114 114 114 114 113 113 113 113 110 110 110 110 113 113 113 113 114 114 114 114 115 115 115 115 116 116 116 116 113 113 113 113 115 115 115 115 115 115 115 115 117 117 117 117 116 116 116 116 118 118 118 118 117 117 117 117 115 115 115 115 118 118 118 118 119 119 119 119 117 117 117 117 119 119 119 119 120 120 120 120 117 117 117 117 120 120 120 120 121 121 121 121 117 117 117 117 119 119 119 119 122 122 122 122 120 120 120 120 122 122 122 122 123 123 123 123 120 120 120 120 123 123 123 123 122 122 122 122 124 124 124 124 123 123 123 123 124 124 124 124 125 125 125 125 126 126 126 126 127 127 127 127 128 128 128 128 129 129 129 129 126 126 126 126 128 128 128 128 126 126 126 126 129 129 129 129 130 130 130 130 129 129 129 129 131 131 131 131 130 130 130 130 131 131 131 131 132 132 132 132 130 130 130 130 132 132 132 132 131 131 131 131 133 133 133 133 134 134 134 134 132 132 132 132 133 133 133 133 134 134 134 134 133 133 133 133 135 135 135 135 135 135 135 135 136 136 136 136 137 137 137 137 136 136 136 136 138 138 138 138 137 137 137 137 136 136 136 136 139 139 139 139 138 138 138 138 139 139 139 139 136 136 136 136 140 140 140 140 137 137 137 137 138 138 138 138 141 141 141 141 142 142 142 142 137 137 137 137 141 141 141 141 138 138 138 138 139 139 139 139 143 143 143 143 138 138 138 138 143 143 143 143 141 141 141 141 140 140 140 140 144 144 144 144 145 145 145 145 140 140 140 140 145 145 145 145 146 146 146 146 146 146 146 146 145 145 145 145 147 147 147 147 148 148 148 148 139 139 139 139 140 140 140 140 148 148 148 148 140 140 140 140 146 146 146 146 149 149 149 149 139 139 139 139 148 148 148 148 139 139 139 139 149 149 149 149 143 143 143 143 146 146 146 146 150 150 150 150 148 148 148 148 150 150 150 150 149 149 149 149 148 148 148 148 150 150 150 150 146 146 146 146 147 147 147 147 149 149 149 149 151 151 151 151 143 143 143 143 147 147 147 147 152 152 152 152 150 150 150 150 153 153 153 153 152 152 152 152 147 147 147 147 150 150 150 150 154 154 154 154 149 149 149 149 152 152 152 152 154 154 154 154 150 150 150 150 154 154 154 154 151 151 151 151 149 149 149 149 152 152 152 152 153 153 153 153 155 155 155 155 155 155 155 155 154 154 154 154 152 152 152 152 153 153 153 153 156 156 156 156 155 155 155 155 156 156 156 156 153 153 153 153 157 157 157 157 154 154 154 154 155 155 155 155 158 158 158 158 155 155 155 155 156 156 156 156 158 158 158 158 156 156 156 156 157 157 157 157 159 159 159 159 156 156 156 156 159 159 159 159 158 158 158 158 159 159 159 159 157 157 157 157 160 160 160 160 159 159 159 159 160 160 160 160 158 158 158 158 157 157 157 157 161 161 161 161 160 160 160 160 154 154 154 154 158 158 158 158 162 162 162 162 151 151 151 151 154 154 154 154 162 162 162 162 163 163 163 163 162 162 162 162 158 158 158 158 160 160 160 160 163 163 163 163 158 158 158 158 164 164 164 164 151 151 151 151 162 162 162 162 164 164 164 164 162 162 162 162 163 163 163 163 160 160 160 160 161 161 161 161 165 165 165 165 161 161 161 161 166 166 166 166 165 165 165 165 167 167 167 167 163 163 163 163 160 160 160 160 165 165 165 165 167 167 167 167 160 160 160 160 168 168 168 168 165 165 165 165 166 166 166 166 167 167 167 167 165 165 165 165 168 168 168 168 169 169 169 169 168 168 168 168 166 166 166 166 170 170 170 170 163 163 163 163 167 167 167 167 170 170 170 170 164 164 164 164 163 163 163 163 168 168 168 168 169 169 169 169 171 171 171 171 169 169 169 169 172 172 172 172 171 171 171 171 171 171 171 171 172 172 172 172 173 173 173 173 174 174 174 174 167 167 167 167 168 168 168 168 171 171 171 171 174 174 174 174 168 168 168 168 174 174 174 174 170 170 170 170 167 167 167 167 175 175 175 175 171 171 171 171 173 173 173 173 174 174 174 174 171 171 171 171 175 175 175 175 176 176 176 176 177 177 177 177 173 173 173 173 177 177 177 177 175 175 175 175 173 173 173 173 178 178 178 178 175 175 175 175 177 177 177 177 178 178 178 178 174 174 174 174 175 175 175 175 179 179 179 179 178 178 178 178 177 177 177 177 180 180 180 180 170 170 170 170 174 174 174 174 180 180 180 180 174 174 174 174 178 178 178 178 181 181 181 181 178 178 178 178 179 179 179 179 181 181 181 181 180 180 180 180 178 178 178 178 181 181 181 181 179 179 179 179 142 142 142 142 180 180 180 180 182 182 182 182 170 170 170 170 180 180 180 180 181 181 181 181 182 182 182 182 182 182 182 182 164 164 164 164 170 170 170 170 183 183 183 183 181 181 181 181 142 142 142 142 181 181 181 181 183 183 183 183 182 182 182 182 183 183 183 183 142 142 142 142 141 141 141 141 182 182 182 182 183 183 183 183 141 141 141 141 182 182 182 182 184 184 184 184 164 164 164 164 184 184 184 184 182 182 182 182 141 141 141 141 184 184 184 184 151 151 151 151 164 164 164 164 143 143 143 143 184 184 184 184 141 141 141 141 143 143 143 143 151 151 151 151 184 184 184 184 185 185 185 185 186 186 186 186 187 187 187 187 188 188 188 188 185 185 185 185 187 187 187 187 188 188 188 188 189 189 189 189 185 185 185 185 189 189 189 189 190 190 190 190 185 185 185 185 190 190 190 190 189 189 189 189 191 191 191 191 192 192 192 192 190 190 190 190 191 191 191 191 192 192 192 192 191 191 191 191 193 193 193 193 194 194 194 194 192 192 192 192 193 193 193 193 194 194 194 194 193 193 193 193 195 195 195 195 193 193 193 193 196 196 196 196 195 195 195 195 197 197 197 197 198 198 198 198 199 199 199 199 200 200 200 200 197 197 197 197 199 199 199 199 201 201 201 201 197 197 197 197 200 200 200 200 197 197 197 197 201 201 201 201 202 202 202 202 200 200 200 200 199 199 199 199 203 203 203 203 199 199 199 199 204 204 204 204 203 203 203 203 201 201 201 201 200 200 200 200 205 205 205 205 200 200 200 200 203 203 203 203 205 205 205 205 203 203 203 203 204 204 204 204 206 206 206 206 204 204 204 204 207 207 207 207 206 206 206 206 208 208 208 208 206 206 206 206 207 207 207 207 206 206 206 206 208 208 208 208 209 209 209 209 203 203 203 203 206 206 206 206 210 210 210 210 210 210 210 210 206 206 206 206 209 209 209 209 205 205 205 205 203 203 203 203 210 210 210 210 211 211 211 211 210 210 210 210 209 209 209 209 205 205 205 205 210 210 210 210 212 212 212 212 212 212 212 212 210 210 210 210 211 211 211 211 205 205 205 205 213 213 213 213 201 201 201 201 213 213 213 213 205 205 205 205 212 212 212 212 213 213 213 213 214 214 214 214 201 201 201 201 201 201 201 201 214 214 214 214 202 202 202 202 212 212 212 212 215 215 215 215 213 213 213 213 202 202 202 202 214 214 214 214 216 216 216 216 214 214 214 214 213 213 213 213 217 217 217 217 216 216 216 216 214 214 214 214 217 217 217 217 215 215 215 215 217 217 217 217 213 213 213 213 202 202 202 202 216 216 216 216 218 218 218 218 219 219 219 219 217 217 217 217 215 215 215 215 219 219 219 219 216 216 216 216 217 217 217 217 215 215 215 215 212 212 212 212 220 220 220 220 220 220 220 220 212 212 212 212 211 211 211 211 221 221 221 221 219 219 219 219 215 215 215 215 221 221 221 221 215 215 215 215 220 220 220 220 220 220 220 220 211 211 211 211 222 222 222 222 222 222 222 222 221 221 221 221 220 220 220 220 211 211 211 211 223 223 223 223 222 222 222 222 224 224 224 224 222 222 222 222 223 223 223 223 221 221 221 221 222 222 222 222 225 225 225 225 225 225 225 225 222 222 222 222 224 224 224 224 226 226 226 226 219 219 219 219 221 221 221 221 225 225 225 225 226 226 226 226 221 221 221 221 224 224 224 224 227 227 227 227 225 225 225 225 227 227 227 227 226 226 226 226 225 225 225 225 228 228 228 228 227 227 227 227 224 224 224 224 229 229 229 229 227 227 227 227 228 228 228 228 226 226 226 226 230 230 230 230 219 219 219 219 226 226 226 226 227 227 227 227 230 230 230 230 227 227 227 227 229 229 229 229 230 230 230 230 230 230 230 230 216 216 216 216 219 219 219 219 229 229 229 229 231 231 231 231 230 230 230 230 229 229 229 229 232 232 232 232 231 231 231 231 216 216 216 216 230 230 230 230 233 233 233 233 230 230 230 230 231 231 231 231 233 233 233 233 216 216 216 216 233 233 233 233 218 218 218 218 231 231 231 231 232 232 232 232 234 234 234 234 231 231 231 231 234 234 234 234 233 233 233 233 218 218 218 218 233 233 233 233 234 234 234 234 232 232 232 232 235 235 235 235 234 234 234 234 235 235 235 235 218 218 218 218 234 234 234 234 236 236 236 236 237 237 237 237 238 238 238 238 239 239 239 239 238 238 238 238 237 237 237 237 240 240 240 240 239 239 239 239 237 237 237 237 237 237 237 237 241 241 241 241 240 240 240 240 238 238 238 238 239 239 239 239 242 242 242 242 242 242 242 242 243 243 243 243 238 238 238 238 241 241 241 241 244 244 244 244 240 240 240 240 244 244 244 244 241 241 241 241 245 245 245 245 246 246 246 246 243 243 243 243 242 242 242 242 246 246 246 246 247 247 247 247 243 243 243 243 247 247 247 247 246 246 246 246 248 248 248 248 246 246 246 246 249 249 249 249 248 248 248 248 248 248 248 248 249 249 249 249 250 250 250 250 251 251 251 251 246 246 246 246 242 242 242 242 246 246 246 246 251 251 251 251 249 249 249 249 251 251 251 251 242 242 242 242 252 252 252 252 239 239 239 239 252 252 252 252 242 242 242 242 251 251 251 251 253 253 253 253 249 249 249 249 251 251 251 251 252 252 252 252 254 254 254 254 251 251 251 251 254 254 254 254 253 253 253 253 250 250 250 250 249 249 249 249 255 255 255 255 256 256 256 256 250 250 250 250 255 255 255 255 256 256 256 256 255 255 255 255 257 257 257 257 253 253 253 253 258 258 258 258 249 249 249 249 258 258 258 258 255 255 255 255 249 249 249 249 254 254 254 254 259 259 259 259 253 253 253 253 258 258 258 258 253 253 253 253 259 259 259 259 254 254 254 254 260 260 260 260 259 259 259 259 254 254 254 254 252 252 252 252 260 260 260 260 258 258 258 258 259 259 259 259 261 261 261 261 260 260 260 260 261 261 261 261 259 259 259 259 260 260 260 260 252 252 252 252 262 262 262 262 239 239 239 239 262 262 262 262 252 252 252 252 260 260 260 260 263 263 263 263 261 261 261 261 263 263 263 263 260 260 260 260 262 262 262 262 258 258 258 258 261 261 261 261 264 264 264 264 263 263 263 263 264 264 264 264 261 261 261 261 258 258 258 258 265 265 265 265 255 255 255 255 265 265 265 265 258 258 258 258 264 264 264 264 265 265 265 265 266 266 266 266 255 255 255 255 255 255 255 255 266 266 266 266 257 257 257 257 266 266 266 266 267 267 267 267 257 257 257 257 266 266 266 266 265 265 265 265 267 267 267 267 267 267 267 267 268 268 268 268 257 257 257 257 265 265 265 265 269 269 269 269 267 267 267 267 267 267 267 267 270 270 270 270 268 268 268 268 267 267 267 267 269 269 269 269 270 270 270 270 270 270 270 270 271 271 271 271 268 268 268 268 272 272 272 272 271 271 271 271 270 270 270 270 269 269 269 269 265 265 265 265 273 273 273 273 273 273 273 273 265 265 265 265 264 264 264 264 269 269 269 269 274 274 274 274 270 270 270 270 269 269 269 269 273 273 273 273 274 274 274 274 275 275 275 275 272 272 272 272 270 270 270 270 270 270 270 270 274 274 274 274 275 275 275 275 276 276 276 276 272 272 272 272 275 275 275 275 273 273 273 273 264 264 264 264 277 277 277 277 264 264 264 264 263 263 263 263 277 277 277 277 275 275 275 275 278 278 278 278 276 276 276 276 278 278 278 278 279 279 279 279 276 276 276 276 280 280 280 280 279 279 279 279 278 278 278 278 263 263 263 263 281 281 281 281 277 277 277 277 262 262 262 262 281 281 281 281 263 263 263 263 282 282 282 282 273 273 273 273 277 277 277 277 277 277 277 277 281 281 281 281 282 282 282 282 283 283 283 283 273 273 273 273 282 282 282 282 274 274 274 274 273 273 273 273 283 283 283 283 274 274 274 274 284 284 284 284 275 275 275 275 274 274 274 274 283 283 283 283 284 284 284 284 275 275 275 275 284 284 284 284 278 278 278 278 283 283 283 283 282 282 282 282 285 285 285 285 283 283 283 283 286 286 286 286 284 284 284 284 283 283 283 283 285 285 285 285 286 286 286 286 284 284 284 284 287 287 287 287 278 278 278 278 286 286 286 286 287 287 287 287 284 284 284 284 288 288 288 288 280 280 280 280 278 278 278 278 288 288 288 288 278 278 278 278 287 287 287 287 280 280 280 280 288 288 288 288 289 289 289 289 288 288 288 288 290 290 290 290 289 289 289 289 289 289 289 289 290 290 290 290 291 291 291 291 292 292 292 292 288 288 288 288 287 287 287 287 290 290 290 290 288 288 288 288 292 292 292 292 291 291 291 291 290 290 290 290 293 293 293 293 290 290 290 290 292 292 292 292 293 293 293 293 294 294 294 294 291 291 291 291 293 293 293 293 295 295 295 295 294 294 294 294 293 293 293 293 293 293 293 293 296 296 296 296 295 295 295 295 292 292 292 292 296 296 296 296 293 293 293 293 296 296 296 296 245 245 245 245 295 295 295 295 287 287 287 287 297 297 297 297 292 292 292 292 287 287 287 287 286 286 286 286 297 297 297 297 296 296 296 296 292 292 292 292 298 298 298 298 298 298 298 298 292 292 292 292 297 297 297 297 245 245 245 245 296 296 296 296 299 299 299 299 299 299 299 299 296 296 296 296 298 298 298 298 299 299 299 299 244 244 244 244 245 245 245 245 297 297 297 297 286 286 286 286 300 300 300 300 285 285 285 285 300 300 300 300 286 286 286 286 244 244 244 244 299 299 299 299 301 301 301 301 285 285 285 285 302 302 302 302 300 300 300 300 244 244 244 244 301 301 301 301 303 303 303 303 240 240 240 240 244 244 244 244 303 303 303 303 303 303 303 303 239 239 239 239 240 240 240 240 239 239 239 239 303 303 303 303 262 262 262 262 303 303 303 303 301 301 301 301 304 304 304 304 301 301 301 301 299 299 299 299 304 304 304 304 303 303 303 303 305 305 305 305 262 262 262 262 305 305 305 305 303 303 303 303 304 304 304 304 305 305 305 305 281 281 281 281 262 262 262 262 299 299 299 299 306 306 306 306 304 304 304 304 306 306 306 306 299 299 299 299 298 298 298 298 304 304 304 304 307 307 307 307 305 305 305 305 307 307 307 307 304 304 304 304 306 306 306 306 308 308 308 308 306 306 306 306 298 298 298 298 306 306 306 306 308 308 308 308 307 307 307 307 308 308 308 308 298 298 298 298 297 297 297 297 307 307 307 307 309 309 309 309 305 305 305 305 305 305 305 305 309 309 309 309 281 281 281 281 307 307 307 307 308 308 308 308 310 310 310 310 310 310 310 310 308 308 308 308 297 297 297 297 309 309 309 309 307 307 307 307 310 310 310 310 300 300 300 300 310 310 310 310 297 297 297 297 302 302 302 302 310 310 310 310 300 300 300 300 302 302 302 302 309 309 309 309 310 310 310 310 281 281 281 281 309 309 309 309 311 311 311 311 311 311 311 311 309 309 309 309 302 302 302 302 311 311 311 311 302 302 302 302 285 285 285 285 281 281 281 281 311 311 311 311 282 282 282 282 282 282 282 282 311 311 311 311 285 285 285 285 312 312 312 312 313 313 313 313 314 314 314 314 313 313 313 313 312 312 312 312 315 315 315 315 314 314 314 314 313 313 313 313 316 316 316 316 317 317 317 317 313 313 313 313 315 315 315 315 315 315 315 315 318 318 318 318 317 317 317 317 313 313 313 313 319 319 319 319 316 316 316 316 318 318 318 318 320 320 320 320 317 317 317 317 320 320 320 320 318 318 318 318 321 321 321 321 322 322 322 322 320 320 320 320 321 321 321 321 313 313 313 313 317 317 317 317 323 323 323 323 323 323 323 323 319 319 319 319 313 313 313 313 320 320 320 320 324 324 324 324 317 317 317 317 323 323 323 323 317 317 317 317 324 324 324 324 325 325 325 325 320 320 320 320 322 322 322 322 324 324 324 324 320 320 320 320 325 325 325 325 326 326 326 326 325 325 325 325 322 322 322 322 327 327 327 327 319 319 319 319 323 323 323 323 316 316 316 316 319 319 319 319 327 327 327 327 328 328 328 328 316 316 316 316 327 327 327 327 329 329 329 329 327 327 327 327 323 323 323 323 329 329 329 329 323 323 323 323 324 324 324 324 327 327 327 327 330 330 330 330 328 328 328 328 330 330 330 330 327 327 327 327 329 329 329 329 331 331 331 331 328 328 328 328 330 330 330 330 332 332 332 332 329 329 329 329 324 324 324 324 332 332 332 332 330 330 330 330 329 329 329 329 333 333 333 333 332 332 332 332 324 324 324 324 333 333 333 333 324 324 324 324 325 325 325 325 332 332 332 332 334 334 334 334 330 330 330 330 335 335 335 335 332 332 332 332 333 333 333 333 335 335 335 335 334 334 334 334 332 332 332 332 333 333 333 333 325 325 325 325 336 336 336 336 335 335 335 335 333 333 333 333 336 336 336 336 334 334 334 334 337 337 337 337 330 330 330 330 337 337 337 337 331 331 331 331 330 330 330 330 335 335 335 335 338 338 338 338 334 334 334 334 339 339 339 339 331 331 331 331 337 337 337 337 334 334 334 334 340 340 340 340 337 337 337 337 340 340 340 340 339 339 339 339 337 337 337 337 338 338 338 338 340 340 340 340 334 334 334 334 331 331 331 331 339 339 339 339 341 341 341 341 341 341 341 341 339 339 339 339 340 340 340 340 341 341 341 341 340 340 340 340 338 338 338 338 342 342 342 342 331 331 331 331 341 341 341 341 338 338 338 338 335 335 335 335 343 343 343 343 343 343 343 343 335 335 335 335 336 336 336 336 341 341 341 341 344 344 344 344 342 342 342 342 344 344 344 344 345 345 345 345 342 342 342 342 346 346 346 346 345 345 345 345 344 344 344 344 347 347 347 347 341 341 341 341 338 338 338 338 341 341 341 341 347 347 347 347 344 344 344 344 346 346 346 346 344 344 344 344 348 348 348 348 347 347 347 347 348 348 348 348 344 344 344 344 349 349 349 349 346 346 346 346 348 348 348 348 347 347 347 347 338 338 338 338 350 350 350 350 338 338 338 338 343 343 343 343 350 350 350 350 351 351 351 351 348 348 348 348 347 347 347 347 348 348 348 348 351 351 351 351 349 349 349 349 350 350 350 350 351 351 351 351 347 347 347 347 351 351 351 351 352 352 352 352 349 349 349 349 352 352 352 352 351 351 351 351 353 353 353 353 351 351 351 351 354 354 354 354 353 353 353 353 355 355 355 355 350 350 350 350 343 343 343 343 336 336 336 336 355 355 355 355 343 343 343 343 355 355 355 355 356 356 356 356 350 350 350 350 355 355 355 355 336 336 336 336 356 356 356 356 356 356 356 356 351 351 351 351 350 350 350 350 336 336 336 336 325 325 325 325 356 356 356 356 354 354 354 354 351 351 351 351 357 357 357 357 357 357 357 357 351 351 351 351 356 356 356 356 325 325 325 325 357 357 357 357 356 356 356 356 357 357 357 357 326 326 326 326 354 354 354 354 326 326 326 326 357 357 357 357 325 325 325 325</p>
        </triangles>
      </mesh>
    </geometry>
  </library_geometries>
  <library_controllers>
    <controller id="geom-Rock_Part3__mt_Body-skin1">
      <skin source="#geom-Rock_Part3__mt_Body">
        <bind_shape_matrix>1 0 0 0 0 1 0 0 0 0 1 0 0 0 0 1</bind_shape_matrix>
        <source id="geom-Rock_Part3__mt_Body-skin1-joints">
          <Name_array id="geom-Rock_Part3__mt_Body-skin1-joints-array" count="1">joint0</Name_array>
          <technique_common>
            <accessor source="#geom-Rock_Part3__mt_Body-skin1-joints-array" count="1" stride="1">
              <param name="JOINT" type="name"/>
            </accessor>
          </technique_common>
        </source>
        <source id="geom-Rock_Part3__mt_Body-skin1-bind_poses">
          <float_array id="geom-Rock_Part3__mt_Body-skin1-bind_poses-array" count="16">1 0 0 0 0 0 1 0 0 -1 0 0 0 0 0 1</float_array>
          <technique_common>
            <accessor source="#geom-Rock_Part3__mt_Body-skin1-bind_poses-array" count="1" stride="16">
              <param name="TRANSFORM" type="float4x4"/>
            </accessor>
          </technique_common>
        </source>
        <source id="geom-Rock_Part3__mt_Body-skin1-weights">
          <float_array id="geom-Rock_Part3__mt_Body-skin1-weights-array" count="1">1</float_array>
          <technique_common>
            <accessor source="#geom-Rock_Part3__mt_Body-skin1-weights-array" count="1" stride="1">
              <param name="WEIGHT" type="float"/>
            </accessor>
          </technique_common>
        </source>
        <joints>
          <input semantic="JOINT" source="#geom-Rock_Part3__mt_Body-skin1-joints"/>
          <input semantic="INV_BIND_MATRIX" source="#geom-Rock_Part3__mt_Body-skin1-bind_poses"/>
        </joints>
        <vertex_weights count="836">
          <input semantic="JOINT" source="#geom-Rock_Part3__mt_Body-skin1-joints" offset="0"/>
          <input semantic="WEIGHT" source="#geom-Rock_Part3__mt_Body-skin1-weights" offset="1"/>
          <vcount>1 1 1 1 1 1 1 1 1 1 1 1 1 1 1 1 1 1 1 1 1 1 1 1 1 1 1 1 1 1 1 1 1 1 1 1 1 1 1 1 1 1 1 1 1 1 1 1 1 1 1 1 1 1 1 1 1 1 1 1 1 1 1 1 1 1 1 1 1 1 1 1 1 1 1 1 1 1 1 1 1 1 1 1 1 1 1 1 1 1 1 1 1 1 1 1 1 1 1 1 1 1 1 1 1 1 1 1 1 1 1 1 1 1 1 1 1 1 1 1 1 1 1 1 1 1 1 1 1 1 1 1 1 1 1 1 1 1 1 1 1 1 1 1 1 1 1 1 1 1 1 1 1 1 1 1 1 1 1 1 1 1 1 1 1 1 1 1 1 1 1 1 1 1 1 1 1 1 1 1 1 1 1 1 1 1 1 1 1 1 1 1 1 1 1 1 1 1 1 1 1 1 1 1 1 1 1 1 1 1 1 1 1 1 1 1 1 1 1 1 1 1 1 1 1 1 1 1 1 1 1 1 1 1 1 1 1 1 1 1 1 1 1 1 1 1 1 1 1 1 1 1 1 1 1 1 1 1 1 1 1 1 1 1 1 1 1 1 1 1 1 1 1 1 1 1 1 1 1 1 1 1 1 1 1 1 1 1 1 1 1 1 1 1 1 1 1 1 1 1 1 1 1 1 1 1 1 1 1 1 1 1 1 1 1 1 1 1 1 1 1 1 1 1 1 1 1 1 1 1 1 1 1 1 1 1 1 1 1 1 1 1 1 1 1 1 1 1 1 1 1 1 1 1 1 1 1 1 1 1 1 1 1 1 1 1 1 1 1 1 1 1 1 1 1 1 1 1 1 1 1 1 1 1 1 1 1 1 1 1 1 1 1 1 1 1 1 1 1 1 1 1 1 1 1 1 1 1 1 1 1 1 1 1 1 1 1 1 1 1 1 1 1 1 1 1 1 1 1 1 1 1 1 1 1 1 1 1 1 1 1 1 1 1 1 1 1 1 1 1 1 1 1 1 1 1 1 1 1 1 1 1 1 1 1 1 1 1 1 1 1 1 1 1 1 1 1 1 1 1 1 1 1 1 1 1 1 1 1 1 1 1 1 1 1 1 1 1 1 1 1 1 1 1 1 1 1 1 1 1 1 1 1 1 1 1 1 1 1 1 1 1 1 1 1 1 1 1 1 1 1 1 1 1 1 1 1 1 1 1 1 1 1 1 1 1 1 1 1 1 1 1 1 1 1 1 1 1 1 1 1 1 1 1 1 1 1 1 1 1 1 1 1 1 1 1 1 1 1 1 1 1 1 1 1 1 1 1 1 1 1 1 1 1 1 1 1 1 1 1 1 1 1 1 1 1 1 1 1 1 1 1 1 1 1 1 1 1 1 1 1 1 1 1 1 1 1 1 1 1 1 1 1 1 1 1 1 1 1 1 1 1 1 1 1 1 1 1 1 1 1 1 1 1 1 1 1 1 1 1 1 1 1 1 1 1 1 1 1 1 1 1 1 1 1 1 1 1 1 1 1 1 1 1 1 1 1 1 1 1 1 1 1 1 1 1 1 1 1 1 1 1 1 1 1 1 1 1 1 1 1 1 1 1 1 1 1 1 1 1 1 1 1 1 1 1 1 1 1 1 1 1 1 1 1 1 1 1 1 1 1 1 1 1 1 1 1 1 1 1 1 1 1 1 1 1 1 1 1 1 1 1 1 1 1 1 1 1 1 1 1 1 1 1 1 1 1 1 1 1 1 1 1 1 1 1 1 1 1 1 1 1 1 1 1 1 1 1 1 1 1 1 1 1 1 1 1 1 1 1 1 1 1 1 1 1 1 1 1 1 1 1 1 1 1 1 1 1 1 1 1 1 1 1 1 1</vcount>
          <v>0 0 0 0 0 0 0 0 0 0 0 0 0 0 0 0 0 0 0 0 0 0 0 0 0 0 0 0 0 0 0 0 0 0 0 0 0 0 0 0 0 0 0 0 0 0 0 0 0 0 0 0 0 0 0 0 0 0 0 0 0 0 0 0 0 0 0 0 0 0 0 0 0 0 0 0 0 0 0 0 0 0 0 0 0 0 0 0 0 0 0 0 0 0 0 0 0 0 0 0 0 0 0 0 0 0 0 0 0 0 0 0 0 0 0 0 0 0 0 0 0 0 0 0 0 0 0 0 0 0 0 0 0 0 0 0 0 0 0 0 0 0 0 0 0 0 0 0 0 0 0 0 0 0 0 0 0 0 0 0 0 0 0 0 0 0 0 0 0 0 0 0 0 0 0 0 0 0 0 0 0 0 0 0 0 0 0 0 0 0 0 0 0 0 0 0 0 0 0 0 0 0 0 0 0 0 0 0 0 0 0 0 0 0 0 0 0 0 0 0 0 0 0 0 0 0 0 0 0 0 0 0 0 0 0 0 0 0 0 0 0 0 0 0 0 0 0 0 0 0 0 0 0 0 0 0 0 0 0 0 0 0 0 0 0 0 0 0 0 0 0 0 0 0 0 0 0 0 0 0 0 0 0 0 0 0 0 0 0 0 0 0 0 0 0 0 0 0 0 0 0 0 0 0 0 0 0 0 0 0 0 0 0 0 0 0 0 0 0 0 0 0 0 0 0 0 0 0 0 0 0 0 0 0 0 0 0 0 0 0 0 0 0 0 0 0 0 0 0 0 0 0 0 0 0 0 0 0 0 0 0 0 0 0 0 0 0 0 0 0 0 0 0 0 0 0 0 0 0 0 0 0 0 0 0 0 0 0 0 0 0 0 0 0 0 0 0 0 0 0 0 0 0 0 0 0 0 0 0 0 0 0 0 0 0 0 0 0 0 0 0 0 0 0 0 0 0 0 0 0 0 0 0 0 0 0 0 0 0 0 0 0 0 0 0 0 0 0 0 0 0 0 0 0 0 0 0 0 0 0 0 0 0 0 0 0 0 0 0 0 0 0 0 0 0 0 0 0 0 0 0 0 0 0 0 0 0 0 0 0 0 0 0 0 0 0 0 0 0 0 0 0 0 0 0 0 0 0 0 0 0 0 0 0 0 0 0 0 0 0 0 0 0 0 0 0 0 0 0 0 0 0 0 0 0 0 0 0 0 0 0 0 0 0 0 0 0 0 0 0 0 0 0 0 0 0 0 0 0 0 0 0 0 0 0 0 0 0 0 0 0 0 0 0 0 0 0 0 0 0 0 0 0 0 0 0 0 0 0 0 0 0 0 0 0 0 0 0 0 0 0 0 0 0 0 0 0 0 0 0 0 0 0 0 0 0 0 0 0 0 0 0 0 0 0 0 0 0 0 0 0 0 0 0 0 0 0 0 0 0 0 0 0 0 0 0 0 0 0 0 0 0 0 0 0 0 0 0 0 0 0 0 0 0 0 0 0 0 0 0 0 0 0 0 0 0 0 0 0 0 0 0 0 0 0 0 0 0 0 0 0 0 0 0 0 0 0 0 0 0 0 0 0 0 0 0 0 0 0 0 0 0 0 0 0 0 0 0 0 0 0 0 0 0 0 0 0 0 0 0 0 0 0 0 0 0 0 0 0 0 0 0 0 0 0 0 0 0 0 0 0 0 0 0 0 0 0 0 0 0 0 0 0 0 0 0 0 0 0 0 0 0 0 0 0 0 0 0 0 0 0 0 0 0 0 0 0 0 0 0 0 0 0 0 0 0 0 0 0 0 0 0 0 0 0 0 0 0 0 0 0 0 0 0 0 0 0 0 0 0 0 0 0 0 0 0 0 0 0 0 0 0 0 0 0 0 0 0 0 0 0 0 0 0 0 0 0 0 0 0 0 0 0 0 0 0 0 0 0 0 0 0 0 0 0 0 0 0 0 0 0 0 0 0 0 0 0 0 0 0 0 0 0 0 0 0 0 0 0 0 0 0 0 0 0 0 0 0 0 0 0 0 0 0 0 0 0 0 0 0 0 0 0 0 0 0 0 0 0 0 0 0 0 0 0 0 0 0 0 0 0 0 0 0 0 0 0 0 0 0 0 0 0 0 0 0 0 0 0 0 0 0 0 0 0 0 0 0 0 0 0 0 0 0 0 0 0 0 0 0 0 0 0 0 0 0 0 0 0 0 0 0 0 0 0 0 0 0 0 0 0 0 0 0 0 0 0 0 0 0 0 0 0 0 0 0 0 0 0 0 0 0 0 0 0 0 0 0 0 0 0 0 0 0 0 0 0 0 0 0 0 0 0 0 0 0 0 0 0 0 0 0 0 0 0 0 0 0 0 0 0 0 0 0 0 0 0 0 0 0 0 0 0 0 0 0 0 0 0 0 0 0 0 0 0 0 0 0 0 0 0 0 0 0 0 0 0 0 0 0 0 0 0 0 0 0 0 0 0 0 0 0 0 0 0 0 0 0 0 0 0 0 0 0 0 0 0 0 0 0 0 0 0 0 0 0 0 0 0 0 0 0 0 0 0 0 0 0 0 0 0 0 0 0 0 0 0 0 0 0 0 0 0 0 0 0 0 0 0 0 0 0 0 0 0 0 0 0 0 0 0 0 0 0 0 0 0 0 0 0 0 0 0 0 0 0 0 0 0 0 0 0 0 0 0 0 0 0 0 0 0 0 0 0 0 0 0 0 0 0 0 0 0 0 0 0 0 0 0 0 0 0 0 0 0 0 0 0 0 0 0 0 0 0 0 0 0 0 0 0 0 0 0 0 0 0 0 0 0 0 0 0 0 0 0 0 0 0 0 0 0 0 0 0 0 0 0 0 0 0 0 0 0 0 0 0 0 0 0 0 0 0 0 0 0 0 0 0 0 0 0 0 0 0 0 0 0 0 0 0 0 0 0 0 0 0 0 0 0 0 0 0 0 0 0 0 0 0 0 0 0 0 0 0 0 0 0 0 0 0 0 0 0 0 0 0 0 0 0 0 0 0 0 0 0 0 0 0 0 0 0 0 0 0 0 0 0 0 0 0 0 0 0 0 0 0 0 0 0 0 0 0 0 0 0 0 0 0 0 0 0 0 0 0 0 0 0 0 0 0 0 0 0 0 0 0 0 0 0 0 0 0 0 0 0 0 0 0 0 0 0 0 0 0 0 0 0 0 0 0 0 0 0 0 0 0 0 0 0 0 0 0 0 0 0 0 0 0 0 0 0 0 0 0 0 0 0 0 0 0 0 0 0 0 0 0 0 0 0 0 0 0 0 0 0 0 0 0 0 0 0 0 0 0 0 0 0 0 0 0 0 0 0 0 0 0 0 0 0 0 0 0 0 0 0 0 0 0 0 0 0 0 0 0 0 0 0 0 0 0 0 0 0 0 0 0 0 0 0 0 0 0 0 0 0 0 0 0 0 0 0 0 0 0 0 0 0 0 0 0 0 0 0 0 0 0 0 0 0 0 0 0 0 0 0 0 0 0 0 0 0 0 0 0 0 0 0 0 0 0 0 0 0 0 0 0 0 0 0 0 0 0 0 0 0 0 0 0 0 0 0 0 0 0 0 0 0 0 0 0 0 0 0 0 0 0 0 0 0 0 0 0 0 0 0 0 0 0 0 0 0 0 0 0 0 0 0 0 0 0 0 0 0 0 0 0 0 0 0 0 0 0 0 0 0 0 0 0 0 0 0 0 0 0 0 0 0 0 0 0 0 0 0 0 0 0 0 0 0 0 0 0</v>
        </vertex_weights>
      </skin>
    </controller>
  </library_controllers>
  <library_lights>
    <light id="EnvironmentAmbientLight" name="EnvironmentAmbientLight">
      <technique_common>
        <ambient>
          <color>0 0 0</color>
        </ambient>
      </technique_common>
    </light>
  </library_lights>
  <library_images>
    <image id="Rock_Body_Alb_00_png">
      <init_from>./Rock_Body_Alb.00.png</init_from>
    </image>
    <image id="Rock_Body_Nrm_00_png">
      <init_from>./Rock_Body_Nrm.00.png</init_from>
    </image>
  </library_images>
  <library_visual_scenes>
    <visual_scene id="MaxScene">
      <node name="EnvironmentAmbientLight">
        <instance_light url="#EnvironmentAmbientLight"/>
      </node>
      <node id="node-Root" name="Root" sid="joint0" type="JOINT">
        <rotate>-1 0 0 -90</rotate>
        <extra>
          <technique profile="OpenCOLLADA">
            <cast_shadows sid="cast_shadows" type="bool">1</cast_shadows>
            <receive_shadows sid="receive_shadows" type="bool">1</receive_shadows>
            <primary_visibility sid="primary_visibility" type="bool">1</primary_visibility>
            <secondary_visibility sid="secondary_visibility" type="bool">1</secondary_visibility>
          </technique>
        </extra>
      </node>
      <node id="node-Rock_Part3__mt_Body" name="Rock_Part3__mt_Body">
        <instance_controller url="#geom-Rock_Part3__mt_Body-skin1">
          <skeleton>#node-Root</skeleton>
          <bind_material>
            <technique_common>
              <instance_material symbol="mt_Body" target="#mt_Body-material">
                <bind_vertex_input semantic="CHANNEL1" input_semantic="TEXCOORD" input_set="0"/>
                <bind_vertex_input semantic="CHANNEL1" input_semantic="TEXCOORD" input_set="0"/>
                <bind_vertex_input semantic="CHANNEL1" input_semantic="TEXCOORD" input_set="0"/>
              </instance_material>
            </technique_common>
          </bind_material>
        </instance_controller>
        <extra>
          <technique profile="OpenCOLLADA">
            <cast_shadows sid="cast_shadows" type="bool">1</cast_shadows>
            <receive_shadows sid="receive_shadows" type="bool">1</receive_shadows>
            <primary_visibility sid="primary_visibility" type="bool">1</primary_visibility>
            <secondary_visibility sid="secondary_visibility" type="bool">1</secondary_visibility>
          </technique>
        </extra>
      </node>
    </visual_scene>
  </library_visual_scenes>
  <scene>
    <instance_visual_scene url="#MaxScene"/>
  </scene>
</COLLADA>