# Blender 3.4.1
# www.blender.org
mtllib Queen Statue D.mtl
o QStatuesD
v -0.394205 1.670838 -0.110783
v -0.321044 1.440950 -0.126784
v -0.330994 1.456989 0.060853
v 0.182535 1.393347 0.196096
v 0.187331 1.388224 0.226007
v 0.015744 1.256134 0.239597
v 0.007746 1.245025 0.208176
v -0.063926 1.242134 0.239289
v -0.085540 1.552425 0.315668
v -0.175328 1.383980 0.182138
v -0.235088 1.662603 0.309645
v -0.369691 1.649004 0.128806
v -0.533949 1.675246 0.131957
v -0.053330 1.243319 0.205397
v -0.769386 1.931836 0.223252
v -0.668138 1.720693 0.198742
v -0.603544 1.718139 0.349248
v -0.467787 1.667262 0.304378
v -0.487131 1.725480 0.448935
v -0.514220 1.698454 -0.191864
v -0.678446 1.749088 -0.104836
v -0.752201 1.912603 -0.091699
v -0.756491 2.137468 -0.108081
v -0.783940 2.168220 0.194087
v -0.708698 1.931909 0.389045
v -0.529979 1.918043 0.540466
v -0.271117 1.734498 0.528846
v -0.209709 1.692544 0.456293
v -0.097543 1.667070 0.397545
v -0.725927 2.165797 0.369002
v -0.512336 2.119227 0.530970
v -0.298663 1.893725 0.591751
v -0.196769 1.881434 0.605429
v -0.191024 1.739546 0.554816
v -0.096465 1.876565 0.754511
v -0.090030 1.747831 0.687230
v 0.064702 1.867142 0.796787
v -0.253371 2.406145 0.428420
v -0.212479 2.785657 0.249287
v -0.322458 2.749750 0.212780
v -0.436151 2.382228 0.413567
v -0.271767 2.099090 0.566983
v -0.159771 2.050828 0.585963
v -0.075688 2.021098 0.716459
v 0.064702 2.006348 0.762543
v 0.289176 2.050828 0.585963
v 0.205093 2.021098 0.716460
v 0.225870 1.876565 0.754511
v 0.219435 1.747831 0.687231
v 0.279909 1.741579 0.608408
v 0.200217 1.696848 0.602808
v 0.250300 1.701383 0.528433
v 0.188527 1.667070 0.397545
v 0.291837 1.841837 0.656092
v 0.325054 1.882925 0.592616
v 0.377595 1.892996 0.591093
v 0.373969 2.032395 0.584333
v 0.301419 2.160168 0.524087
v 0.403474 2.160236 0.552772
v 0.382776 2.406145 0.428420
v 0.419339 2.281897 0.490990
v 0.496951 2.373795 0.424902
v 0.298007 2.413551 0.410965
v 0.437676 2.067739 0.576038
v 0.447289 2.751247 0.213958
v 0.341883 2.785657 0.249287
v 0.269078 2.787311 0.251286
v 0.215850 2.925705 0.183827
v 0.593719 2.583258 0.246916
v 0.617398 2.663822 0.171656
v 0.642590 2.499256 0.297461
v 0.639033 2.393091 0.363197
v 0.666081 2.679323 0.032850
v 0.696803 2.642963 -0.100043
v 0.589933 2.876618 -0.333674
v 0.575830 2.936685 -0.086137
v 0.524967 2.929918 0.045388
v 0.377832 2.952852 0.130331
v 0.266163 2.952180 0.191188
v 0.228103 3.013420 0.181911
v 0.439258 3.158588 -0.225054
v 0.437962 3.062634 -0.048825
v 0.305870 3.067806 0.037498
v 0.187368 3.163603 0.060279
v 0.247241 3.134187 -0.049929
v 0.318290 3.132527 -0.103305
v 0.359604 3.178840 -0.159780
v 0.356064 3.275892 -0.152250
v 0.380438 3.322314 -0.294219
v 0.248304 3.413634 -0.175036
v 0.289520 3.334167 -0.107260
v 0.215718 3.368911 -0.088866
v 0.291954 3.297188 -0.082265
v 0.213327 3.333775 -0.070017
v 0.353196 3.240474 -0.131094
v 0.139059 3.434274 -0.145697
v 0.011922 3.398042 -0.072499
v 0.064702 3.401097 -0.079217
v 0.064702 3.432549 -0.142219
v 0.117482 3.398043 -0.072499
v 0.139602 3.342198 -0.065108
v 0.209353 3.313582 -0.111949
v 0.275482 3.292059 -0.113728
v 0.064702 3.331465 -0.011718
v 0.021350 3.319850 -0.019878
v 0.016707 3.323085 0.154844
v 0.108054 3.319850 -0.019878
v 0.166642 3.239779 -0.099063
v 0.204231 3.270604 -0.080984
v 0.154686 3.306699 -0.127116
v 0.142919 3.225939 -0.086617
v 0.112697 3.323085 0.154844
v 0.064702 3.334228 0.164378
v 0.021879 3.221305 0.252886
v 0.170133 3.170771 -0.046354
v 0.198680 3.224783 -0.076567
v 0.107526 3.221305 0.252886
v 0.064702 3.226850 0.262271
v 0.172746 3.050372 0.205907
v 0.064702 3.114611 0.377287
v 0.114209 3.112712 0.367698
v 0.153765 3.030815 0.332336
v 0.210553 3.025846 0.278656
v 0.064702 3.004810 0.422690
v 0.113909 3.004436 0.412287
v 0.240298 2.935298 0.245514
v 0.173401 2.967978 0.337892
v 0.102778 2.901532 0.469186
v 0.064702 2.887403 0.495087
v 0.015495 3.004436 0.412287
v 0.064702 2.863313 0.442950
v 0.100422 2.871844 0.431929
v 0.123879 2.939489 0.300750
v 0.203141 2.912434 0.231793
v 0.064702 2.922385 0.338401
v -0.073736 2.912434 0.231793
v 0.005525 2.939489 0.300750
v -0.043997 2.967978 0.337892
v 0.028983 2.871844 0.431929
v 0.026626 2.901532 0.469186
v 0.064702 2.863313 0.442950
v -0.024361 3.030815 0.332336
v 0.015196 3.112712 0.367698
v -0.043341 3.050372 0.205907
v -0.057304 3.163674 0.059108
v 0.064702 2.922385 0.338401
v -0.040728 3.170771 -0.046354
v -0.013515 3.225939 -0.086617
v -0.010197 3.342198 -0.065108
v -0.025282 3.306699 -0.127116
v -0.079949 3.313582 -0.111949
v -0.117837 3.134187 -0.049929
v -0.069276 3.224783 -0.076567
v -0.037237 3.239779 -0.099062
v -0.074826 3.270604 -0.080984
v -0.129486 3.210640 -0.081569
v -0.144818 3.248245 -0.077791
v -0.169922 3.203676 -0.116011
v -0.188886 3.132527 -0.103305
v -0.308557 3.062634 -0.048825
v -0.146077 3.292059 -0.113728
v -0.192991 3.232665 -0.145248
v -0.199192 3.186364 -0.153414
v -0.230200 3.178840 -0.159780
v -0.309854 3.158588 -0.225054
v -0.223792 3.240474 -0.131093
v -0.162550 3.297188 -0.082265
v -0.083922 3.333775 -0.070017
v -0.009658 3.434300 -0.145727
v -0.086314 3.368911 -0.088866
v -0.160116 3.334167 -0.107260
v -0.226660 3.275892 -0.152250
v -0.249097 3.303909 -0.260183
v -0.335791 3.148104 -0.347768
v -0.119371 3.403107 -0.161445
v -0.446425 2.936685 -0.086137
v -0.458842 2.893423 -0.266239
v -0.540120 2.687624 0.027466
v -0.562893 2.657079 -0.183706
v -0.702731 2.328148 -0.132948
v -0.723619 2.359007 0.135137
v -0.654698 2.370787 0.299284
v -0.466325 2.713563 0.148979
v -0.395563 2.929918 0.045388
v -0.176465 3.067806 0.037499
v -0.098698 3.013420 0.181911
v -0.248428 2.952852 0.130331
v -0.110893 2.935298 0.245514
v -0.081093 3.025846 0.278656
v -0.086446 2.925705 0.183827
v -0.136758 2.952180 0.191188
v -0.172014 2.160168 0.524087
v -0.168602 2.413551 0.410965
v -0.139674 2.787311 0.251286
v -0.841521 1.111858 -0.323922
v -0.832903 1.234557 -0.356010
v -0.759430 1.338838 -0.380602
v -0.755628 0.886345 -0.265721
v -0.820250 0.989159 -0.291834
v -0.663545 0.814761 -0.239608
v -0.663539 1.409777 -0.405194
v -0.545403 1.435473 -0.406969
v -0.375271 0.744167 -0.212568
v -0.084284 1.279921 -0.219643
v -0.159264 1.462649 -0.292594
v 0.092910 1.391490 -0.194179
v -0.109147 0.773243 -0.199077
v -0.264847 1.254879 -0.337477
v -0.427268 1.424481 -0.408745
v -0.174931 1.412560 -0.323611
v 0.160122 1.821736 -0.357447
v 0.333304 1.762995 -0.359392
v 0.293211 1.562474 -0.283697
v -0.186915 1.952187 -0.467431
v -0.158996 1.597329 -0.458729
v -0.327157 1.573114 -0.556940
v -0.465885 1.827480 -0.512238
v -0.704141 1.855864 -0.286769
v 0.386078 1.872973 -0.474399
v -0.594634 1.502809 -0.193640
v 0.379744 1.764921 -0.327603
v 0.395266 1.608453 -0.238331
v 0.459646 1.520051 -0.271057
v 0.527184 1.365800 -0.365095
v 0.274819 1.396718 -0.310486
v 0.183984 1.261362 -0.235918
v 0.214012 0.673869 -0.167104
v 0.327856 1.138341 -0.164531
v 0.407497 1.317169 -0.325291
v 0.430790 1.229255 -0.306040
v 0.398948 1.075730 -0.242489
v 0.368251 1.061016 -0.121757
v 0.385299 0.872052 -0.015544
v 0.328684 0.704486 -0.023498
v 0.220917 0.598063 -0.133979
v 0.230081 0.619548 0.000959
v 0.147098 0.468435 -0.074519
v 0.145922 0.467952 0.030792
v 0.156441 0.324684 0.008583
v 0.371467 0.724364 0.084503
v 0.252474 0.708819 0.078223
v 0.025349 0.597003 -0.127263
v -0.039820 0.705210 -0.181976
v 0.009197 0.533249 -0.106642
v -0.064951 0.264489 -0.157579
v 0.019462 0.325007 -0.083154
v 0.150128 0.325007 -0.083154
v 0.032259 0.447888 -0.081421
v -0.019300 0.580068 -0.026095
v -0.068814 0.704910 -0.094286
v -0.071333 0.630735 0.079690
v 0.013650 0.324846 -0.013539
v 0.026795 0.450537 0.000648
v -0.009468 0.437586 0.030515
v -0.044271 0.543750 0.038756
v -0.062300 0.651571 0.166348
v -0.041438 0.554184 0.167489
v -0.042870 0.640379 0.190014
v -0.004699 0.437103 0.118588
v -0.008686 0.324361 0.113354
v -0.014633 0.324685 0.008583
v -0.072614 0.264487 -0.006514
v -0.063619 0.264484 0.154855
v 0.207028 0.264489 -0.157579
v 0.207028 0.241097 -0.157579
v -0.064951 0.241097 -0.157579
v -0.063619 0.241092 0.154855
v 0.136152 0.264502 0.165585
v 0.205697 0.241092 0.154855
v 0.160635 0.306216 0.124230
v 0.206030 0.264486 0.082345
v 0.205697 0.241092 0.154855
v 0.160635 0.306216 0.124230
v 0.113673 0.494011 0.120245
v 0.026810 0.651647 0.170046
v -0.043291 0.790029 0.202807
v -0.139776 0.830084 0.247601
v -0.127822 0.640852 0.226924
v -0.139740 0.832368 0.284013
v -0.086764 0.869805 0.258316
v 0.104824 0.844847 0.140429
v 0.111746 0.481440 0.041418
v 0.136044 0.338665 0.021686
v 0.156441 0.324684 0.008583
v 0.145922 0.467952 0.030792
v 0.189080 0.821307 0.088966
v -0.105212 1.052875 0.274298
v 0.230081 0.619548 0.000959
v 0.252474 0.708819 0.078223
v -0.077477 1.208424 0.332048
v -0.105175 1.055159 0.310710
v -0.063926 1.242134 0.239289
v -0.053330 1.243319 0.205397
v 0.131552 1.057268 0.155189
v 0.116850 0.847357 0.231920
v 0.136321 1.060007 0.207269
v 0.239602 0.959950 0.214956
v 0.196498 1.147235 0.168847
v 0.110880 1.197477 0.194863
v 0.182535 1.393347 0.196096
v 0.007746 1.245025 0.208176
v 0.194619 0.804910 0.212686
v 0.314149 0.959081 0.176707
v 0.769426 1.322361 0.080473
v 0.640453 1.502835 0.109368
v 0.624232 1.232897 0.129554
v 0.366743 1.301254 0.181720
v 0.468428 1.157637 0.173490
v 0.384920 1.133431 0.187327
v 0.449118 0.988294 0.183623
v 0.403532 0.932995 0.187876
v 0.360569 0.803007 0.155319
v 0.219177 0.698817 0.182128
v 0.385569 0.702508 0.129656
v 0.460138 1.152411 0.138753
v 0.453399 0.999320 0.148164
v 0.397852 0.926649 0.138949
v 0.412188 0.875322 0.086229
v 0.371467 0.724364 0.084503
v 0.298525 0.638972 0.149127
v 0.313130 0.629879 0.081374
v 0.252474 0.708819 0.078223
v 0.214265 0.350758 0.102166
v 0.160635 0.306216 0.124230
v 0.206030 0.264486 0.082345
v 0.206021 0.341910 0.143481
v 0.136152 0.264502 0.165585
v 0.175650 0.357469 0.147992
v 0.219177 0.698817 0.182128
v 0.194619 0.804910 0.212686
v 0.189080 0.821307 0.088966
v 0.116850 0.847357 0.231920
v 0.104824 0.844847 0.140429
v 0.175650 0.357469 0.147992
v 0.205697 0.264484 0.154855
v 0.205697 0.241092 0.154855
v 0.136152 0.264502 0.165585
v 0.772493 1.271614 -0.103843
v 0.687895 1.237217 -0.083545
v 0.620189 1.209851 -0.284866
v 0.704114 1.174307 -0.353244
v 0.795372 1.156060 -0.153231
v 0.743929 1.083527 -0.343691
v 0.813951 1.077279 -0.169344
v 0.846331 1.081280 -0.174130
v 0.841704 1.167100 -0.113966
v 0.864784 1.167100 -0.037804
v 0.798450 1.271614 0.004339
v 0.864573 1.034812 -0.118310
v 0.863208 1.218323 0.053448
v 0.807807 1.195573 0.050762
v 0.713852 1.247001 0.024637
v 0.710924 1.183071 0.079937
v 0.615093 1.226347 0.094702
v 0.620910 1.262043 0.033674
v 0.394859 1.234466 0.084556
v 0.460138 1.152411 0.138753
v 0.376837 1.121298 0.093270
v 0.453399 0.999320 0.148164
v 0.358563 1.214698 -0.013784
v 0.330061 1.047727 0.040463
v 0.397852 0.926649 0.138949
v 0.412188 0.875322 0.086229
v 0.385299 0.872052 -0.015544
v 0.368251 1.061016 -0.121757
v 0.473388 1.032176 -0.214383
v 0.539272 1.167342 -0.249625
v 0.581480 1.247643 -0.074508
v 0.618735 1.727314 -0.066327
v 0.585730 1.759493 -0.116560
v 0.622085 1.799309 -0.037182
v 0.556092 1.761991 0.049426
v 0.636446 1.738274 0.049696
v 0.628753 1.927651 -0.086866
v 0.540214 1.786613 -0.217633
v 0.532530 1.897269 -0.268930
v 0.458706 1.843578 0.213943
v 0.487336 1.768013 0.181080
v 0.514402 2.055175 0.062863
v 0.669390 2.061938 -0.167924
v 0.507940 2.208868 0.058827
v 0.718658 2.488105 -0.209770
v 0.596486 2.644835 -0.095852
v 0.696803 2.642963 -0.100043
v 0.666081 2.679323 0.032850
v 0.514002 2.651486 0.078579
v 0.807377 2.268941 -0.210997
v 0.818485 2.144043 -0.227384
v 0.778760 2.601103 -0.137958
v 0.770462 2.675036 -0.064776
v 0.726045 2.657778 -0.062566
v 0.767839 2.499971 -0.138954
v 0.796775 2.429183 -0.211171
v 0.838873 2.278035 -0.192272
v 0.889163 2.272940 -0.194368
v 0.868201 2.132061 -0.207188
v 0.851373 2.421988 -0.239979
v 0.825046 2.458882 -0.200194
v 0.816777 2.505231 -0.130023
v 0.804749 2.423670 -0.129065
v 0.811800 2.390149 -0.161970
v 0.855097 2.389580 -0.159534
v 0.845502 2.426948 -0.116055
v 0.854224 0.987327 -0.339975
v 0.791110 0.960402 -0.341302
v 0.798860 1.006030 -0.344329
v 0.801591 1.088413 -0.347356
v 0.896095 0.971840 -0.338648
v 0.921330 0.886885 -0.320395
v 0.801947 0.806035 -0.256392
v 0.868367 0.885417 -0.303309
v 1.077888 1.102858 -0.353217
v 1.073809 1.284149 -0.368887
v 0.704114 1.174307 -0.353244
v 0.743929 1.083527 -0.343691
v 0.813815 1.363494 -0.367097
v 0.765517 1.404938 -0.306213
v 0.891625 1.463772 -0.366518
v 0.999638 1.386485 -0.367703
v 0.670500 1.364647 -0.366096
v 0.613006 1.225305 -0.337510
v 0.521898 1.202020 -0.321775
v 0.688728 1.469413 -0.294266
v 0.577149 1.503012 -0.303782
v 0.473388 1.032176 -0.214383
v 0.539272 1.167342 -0.249625
v 0.620189 1.209851 -0.284866
v 1.019838 1.387267 -0.253990
v 1.073809 1.284149 -0.368887
v 0.999638 1.386485 -0.367703
v 0.891625 1.463772 -0.366518
v 0.943595 0.897600 -0.078641
v 0.991569 0.939662 -0.161400
v 0.985135 0.935954 -0.018819
v 1.050829 1.011235 -0.151590
v 1.078292 1.130765 -0.005428
v 1.078003 1.122599 -0.210864
v 1.067380 1.323182 -0.022118
v 1.015561 1.353774 -0.197481
v 0.895226 1.437418 -0.139093
v 0.783247 1.440760 -0.174909
v 0.796401 1.412167 -0.051262
v 0.841691 1.450785 -0.039349
v 0.957312 1.423399 -0.026076
v 0.890645 1.316429 0.060789
v 0.765517 1.404938 -0.306213
v 0.719740 1.494479 -0.176096
v 0.768931 1.512162 -0.050315
v 0.709854 1.554662 -0.009545
v 0.659713 1.626670 -0.004507
v 0.609268 1.637213 0.046134
v 0.422228 1.487279 0.177257
v 0.627545 1.610569 -0.134829
v 0.624003 1.669814 -0.051787
v 0.661787 1.693270 0.008893
v 0.618735 1.727314 -0.066327
v 0.707229 1.811119 -0.060036
v 0.668879 1.806706 -0.038541
v 0.723902 1.868613 -0.041132
v 0.725436 1.808208 -0.025947
v 0.622085 1.799309 -0.037182
v 0.577149 1.503012 -0.303782
v 0.688728 1.469413 -0.294266
v 0.636446 1.738274 0.049696
v 0.711966 1.817143 -0.011510
v 0.668879 1.806706 -0.038541
v 0.622085 1.799309 -0.037182
v 0.402202 3.072294 -0.706835
v 0.402202 3.036764 -0.678153
v 0.369583 3.054605 -0.657359
v 0.369649 3.090093 -0.686100
v 0.250034 3.457548 -0.144130
v -0.097141 3.465230 -0.133694
v -0.074637 3.444364 -0.190138
v 0.201013 3.445753 -0.195854
v 0.475692 3.309869 -0.338601
v 0.420242 3.309608 -0.381783
v 0.466029 3.113328 -0.585185
v 0.369583 3.054605 -0.657359
v 0.464379 3.149961 -0.610399
v 0.369649 3.090093 -0.686100
v 0.410407 3.157033 -0.618096
v 0.435585 3.190405 -0.686057
v 0.477877 3.182347 -0.674562
v 0.524504 3.311149 -0.713800
v 0.539633 3.459958 -0.529164
v 0.666923 3.625481 -0.859900
v 0.669768 3.651075 -0.829150
v 0.638536 3.639261 -0.872873
v 0.641618 3.666731 -0.833286
v 0.487752 3.322115 -0.725331
v 0.638536 3.639261 -0.872873
v 0.641618 3.666731 -0.833286
v 0.505643 3.475789 -0.530769
v 0.498305 3.412823 -0.416157
v 0.460103 3.423805 -0.446367
v 0.461458 3.525543 -0.455889
v 0.495638 3.892260 -0.522390
v 0.522950 3.893775 -0.497718
v 0.488831 3.529326 -0.421838
v 0.317740 3.627062 -0.274413
v 0.251750 3.544091 -0.200522
v 0.290394 3.626398 -0.302602
v 0.231250 3.550943 -0.241966
v 0.184281 3.688379 -0.221974
v 0.188878 3.676224 -0.263097
v 0.097995 4.021006 -0.344699
v 0.097842 4.033022 -0.298967
v -0.040595 3.682251 -0.205962
v -0.113391 3.540003 -0.184103
v -0.332050 3.926199 -0.456061
v -0.352371 3.928597 -0.431590
v -0.192338 3.638792 -0.269937
v -0.162666 3.637981 -0.301569
v -0.091233 3.546205 -0.233521
v -0.047049 3.674891 -0.252949
v 0.072567 4.031769 -0.298432
v 0.097995 4.021006 -0.344699
v 0.071681 4.019737 -0.344157
v 0.071681 4.019737 -0.344157
v -0.332050 3.926199 -0.456061
v -0.357041 3.904335 -0.483312
v -0.380221 3.907211 -0.453182
v -0.358429 3.539385 -0.397173
v -0.365185 3.423315 -0.389151
v -0.353979 3.316815 -0.329392
v -0.270218 3.314284 -0.356586
v -0.276512 3.138306 -0.591883
v -0.348039 3.104948 -0.592451
v -0.353727 3.180697 -0.653664
v -0.402832 3.472688 -0.494320
v -0.402737 3.303855 -0.674316
v -0.365454 3.322012 -0.684792
v -0.319591 3.213553 -0.663932
v -0.347055 3.225712 -0.794130
v -0.322360 3.263501 -0.780746
v -0.052195 2.974288 -0.753827
v -0.540483 3.660929 -0.790311
v -0.524938 3.670266 -0.797931
v -0.538321 3.690023 -0.753817
v -0.522704 3.699981 -0.760144
v -0.362908 3.485290 -0.498819
v -0.326599 3.442039 -0.429436
v -0.333831 3.535085 -0.432444
v -0.357041 3.904335 -0.483312
v -0.522704 3.699981 -0.760144
v -0.524938 3.670266 -0.797931
v -0.052195 2.974288 -0.753827
v -0.059524 2.947568 -0.786118
v -0.059524 2.983098 -0.814800
v -0.052129 3.009777 -0.782569
v -0.183549 3.126183 -0.929014
v -0.108794 3.033182 -0.868478
v -0.100103 2.992740 -0.803924
v -0.099821 2.957106 -0.776067
v -0.052129 3.009777 -0.782569
v -0.073239 3.016947 -0.776335
v -0.082338 3.064191 -0.852665
v -0.154080 3.154840 -0.918872
v -0.367957 3.433821 -1.124026
v -0.387567 3.411765 -1.129535
v -0.365325 3.391280 -1.154409
v -0.345015 3.412919 -1.149796
v -0.367957 3.433821 -1.124026
v -0.345015 3.412919 -1.149796
v 0.887653 1.034812 -0.042148
v 0.864573 1.034812 -0.118310
v 0.856249 0.974985 -0.132290
v 0.890136 0.858307 -0.139094
v 0.869663 0.846553 -0.088805
v 0.915327 0.914218 -0.083941
v 0.918917 0.922229 -0.138606
v 0.935908 0.931281 -0.022819
v 0.941467 0.973462 -0.008368
v 0.897566 0.993651 0.002379
v 0.923646 1.074125 0.002291
v 0.865315 1.146471 0.044987
v -0.524938 3.670266 -0.797931
v -0.522704 3.699981 -0.760144
v -0.362908 3.485290 -0.498819
v -0.365454 3.322012 -0.684792
v -0.326599 3.442039 -0.429436
v -0.319591 3.213553 -0.663932
v -0.357041 3.904335 -0.483312
v -0.332050 3.926199 -0.456061
v -0.162666 3.637981 -0.301569
v -0.333831 3.535085 -0.432444
v -0.091233 3.546205 -0.233521
v -0.270218 3.314284 -0.356586
v -0.276512 3.138306 -0.591883
v -0.073239 3.016947 -0.776335
v -0.082338 3.064191 -0.852665
v -0.154080 3.154840 -0.918872
v -0.322360 3.263501 -0.780746
v -0.345015 3.412919 -1.149796
v -0.367957 3.433821 -1.124026
v -0.074637 3.444364 -0.190138
v -0.052129 3.009777 -0.782569
v -0.052195 2.974288 -0.753827
v 0.231250 3.550943 -0.241966
v 0.201013 3.445753 -0.195854
v -0.047049 3.674891 -0.252949
v 0.188878 3.676224 -0.263097
v 0.071681 4.019737 -0.344157
v 0.097995 4.021006 -0.344699
v 0.369649 3.090093 -0.686100
v 0.369583 3.054605 -0.657359
v 0.410407 3.157033 -0.618096
v 0.420242 3.309608 -0.381783
v 0.460103 3.423805 -0.446367
v 0.461458 3.525543 -0.455889
v 0.290394 3.626398 -0.302602
v 0.473354 3.911376 -0.494196
v 0.495638 3.892260 -0.522390
v 0.435585 3.190405 -0.686057
v 0.487752 3.322115 -0.725331
v 0.505643 3.475789 -0.530769
v 0.641618 3.666731 -0.833286
v 0.638536 3.639261 -0.872873
v -0.107653 2.287682 0.506351
v -0.097736 2.335121 0.294925
v -0.083142 2.439590 0.458954
v 0.064702 2.772844 0.216257
v 0.080909 2.710636 0.423321
v 0.011212 2.700801 0.392037
v -0.019880 2.734066 0.237897
v -0.056539 2.630290 0.402602
v -0.087548 2.571302 0.254777
v 0.064702 2.007566 0.178124
v -0.093825 2.064467 0.320336
v -0.017797 2.646691 0.441936
v 0.212547 2.439590 0.458954
v 0.230498 2.309680 0.302237
v 0.242072 2.263384 0.515121
v 0.216952 2.571302 0.254777
v 0.223230 2.064467 0.320336
v 0.146149 2.663282 0.466012
v 0.083644 2.677810 0.485910
v 0.080909 2.710636 0.423321
v 0.123530 2.703847 0.396616
v 0.149284 2.734066 0.237896
v 0.180353 2.616607 0.375184
v 0.185021 2.632730 0.402862
v 0.139161 2.632555 0.428370
v 0.013600 2.374119 0.921803
v 0.002567 2.420330 0.903037
v -0.034864 2.363185 0.638354
v 0.156234 2.472630 0.593131
v 0.124727 2.420330 0.903037
v 0.164268 2.363185 0.638354
v 0.064702 2.448303 0.886253
v 0.064702 2.463509 0.979331
v 0.042767 2.453374 0.998168
v 0.064702 2.425511 1.000797
v 0.064702 2.349020 0.940697
v 0.064702 2.304725 0.664189
v 0.064702 2.349020 0.940697
v 0.064702 2.304725 0.664189
v 0.086638 2.453374 0.998168
v 0.064702 2.425511 1.000797
v 0.115767 2.374119 0.921803
v 0.182906 2.287676 0.572960
v 0.180660 2.404218 0.493143
v 0.064702 2.231298 0.638783
v 0.064702 2.120672 0.654612
v 0.195756 2.193843 0.593132
v 0.191227 2.247448 0.413252
v 0.064702 2.007566 0.178124
v 0.223230 2.064467 0.320336
v -0.093825 2.064467 0.320336
v -0.061822 2.247449 0.413252
v 0.064702 2.231298 0.638783
v -0.053502 2.287676 0.572961
v -0.066351 2.193843 0.593132
v -0.051255 2.404218 0.493143
v 0.064702 2.432652 0.451688
v -0.026829 2.472630 0.593131
v 0.064702 2.510011 0.581378
v 0.230498 2.309680 0.302237
v 0.223230 2.064467 0.320336
v 0.191227 2.247448 0.413252
v 0.202587 2.289319 0.403365
v 0.242072 2.263384 0.515121
v 0.207357 2.276972 0.530830
v 0.195756 2.193843 0.593132
v 0.251820 2.242845 0.628286
v 0.270251 2.230109 0.631059
v 0.248645 2.213337 0.531468
v 0.064702 2.120672 0.654612
v 0.064986 2.175623 0.737784
v 0.134045 2.171658 0.710144
v 0.173846 2.232923 0.748275
v 0.183174 2.219199 0.755768
v 0.156639 2.143358 0.725473
v 0.238976 2.130646 0.589075
v -0.004073 2.171658 0.710144
v -0.066351 2.193843 0.593132
v -0.077385 2.300517 0.530830
v -0.061822 2.247449 0.413252
v 0.146149 2.224756 0.779181
v 0.084134 2.221920 0.794335
v 0.150816 2.215163 0.788250
v 0.085889 2.210932 0.804873
v 0.064986 2.149806 0.771957
v 0.064702 2.107871 0.753486
v 0.165940 2.116672 0.701257
v -0.036535 2.116671 0.700329
v -0.026667 2.143358 0.725473
v -0.073680 2.156546 0.670445
v -0.014371 2.215178 0.787853
v 0.050556 2.210947 0.804477
v 0.052312 2.221935 0.793938
v -0.009703 2.224771 0.778784
v -0.091462 2.228128 0.707427
v -0.050965 2.181837 0.656492
v -0.107906 2.175055 0.605211
v -0.080270 2.193595 0.602896
v -0.140279 2.244097 0.631059
v -0.121848 2.256833 0.628286
v -0.081674 2.241344 0.697751
v -0.080270 2.193595 0.602896
v -0.050965 2.181837 0.656492
v -0.040108 2.235163 0.745135
v -0.049436 2.221439 0.752628
v -0.093825 2.064467 0.320336
v -0.097736 2.335121 0.294925
v -0.070487 2.312424 0.414801
v -0.107653 2.287682 0.506351
v -0.119240 2.213337 0.531468
v -0.109629 2.130638 0.589157
v -0.320729 1.749436 -0.635610
v -0.252676 1.932819 -0.810117
v -0.178826 1.908951 -0.649553
v -0.259928 2.042099 -0.800598
v -0.233213 2.105842 -0.703118
v -0.477778 2.210425 -0.591027
v -0.127044 2.122868 -0.692935
v -0.111922 2.403960 -0.452136
v -0.336834 2.300582 -0.669672
v -0.287776 2.734158 -0.651328
v -0.301871 2.898136 -0.673756
v -0.146235 2.838616 -0.731390
v 0.101388 2.840319 -0.566898
v -0.185283 2.596536 -0.583863
v 0.041286 2.627683 -0.636066
v -0.069713 2.461983 -0.604503
v -0.072006 2.287363 -0.672094
v -0.447681 3.050676 -0.499776
v -0.333715 3.229273 -0.474959
v -0.232969 3.068018 -0.693611
v -0.485817 2.821313 -0.415310
v -0.418178 2.577947 -0.645881
v -0.673284 2.463148 -0.430403
v -0.599021 2.637206 -0.454463
v -0.556031 2.850187 -0.097671
v -0.538195 3.021867 -0.168983
v -0.563245 3.224320 -0.191111
v -0.470801 3.365120 -0.149424
v -0.644238 2.730788 -0.063298
v -0.654647 2.266363 -0.366920
v -0.883280 2.470697 -0.085820
v -0.815355 2.639076 -0.089424
v -0.615377 2.694132 -0.049421
v -0.517912 2.825182 -0.090528
v -0.860773 1.921725 -0.024691
v -0.811548 2.243204 -0.060426
v -0.836406 2.466958 -0.064798
v -0.793038 2.600187 -0.072857
v -0.724457 2.570988 -0.117630
v -0.562893 2.657079 -0.183706
v -0.702731 2.328148 -0.132948
v -0.787996 2.415527 -0.107025
v -0.765046 2.249182 -0.051115
v -0.822634 1.931389 0.001244
v -0.777910 1.750998 -0.036493
v -0.703787 1.621505 -0.001469
v -0.553825 1.537438 -0.109826
v -0.436386 1.498869 -0.175812
v -0.756491 2.137468 -0.108081
v -0.752201 1.912603 -0.091699
v -0.738854 1.764714 -0.012712
v -0.667257 1.644623 0.018926
v -0.678446 1.749088 -0.104836
v -0.553825 1.537438 -0.109826
v -0.514220 1.698454 -0.191864
v -0.436386 1.498869 -0.175812
v -0.394205 1.670838 -0.110783
v -0.321044 1.440950 -0.126784
v -0.004073 2.171658 0.710144
v -0.040108 2.235163 0.745135
v -0.049436 2.221439 0.752628
v -0.026667 2.143358 0.725473
v -0.009703 2.224771 0.778784
v -0.014371 2.215178 0.787853
v -0.642421 1.356686 0.279282
v -0.720650 1.232525 0.282794
v -0.688388 1.075979 0.281992
v -0.720616 1.234809 0.319207
v -0.642152 1.358973 0.314478
v -0.482244 1.379722 0.314523
v -0.482280 1.377438 0.278110
v -0.576257 0.987293 0.270445
v -0.277864 1.298434 0.288362
v -0.277828 1.300717 0.324774
v -0.319685 0.929660 0.248145
v -0.319649 0.931944 0.284557
v -0.576222 0.989577 0.306858
v -0.688354 1.078263 0.318405
v -0.845868 1.145663 0.317553
v -0.817867 1.028432 0.314983
v -0.740706 0.921858 0.306847
v -0.635317 0.859760 0.298710
v -0.356308 0.792933 0.275048
v -0.139740 0.832368 0.284013
v -0.139776 0.830084 0.247601
v -0.105212 1.052875 0.274298
v -0.127822 0.640852 0.226924
v -0.086764 0.869805 0.258316
v -0.105175 1.055159 0.310710
v -0.077477 1.208424 0.332048
v -0.218214 1.442381 0.334681
v -0.334041 1.499942 0.328553
v -0.466016 1.534567 0.322424
v -0.591844 1.521498 0.322925
v -0.717672 1.482106 0.323425
v -0.801122 1.372500 0.321774
v -0.845419 1.262894 0.320123
v 0.185016 2.112091 0.738281
v 0.196207 2.054360 0.757802
v 0.266570 2.089438 0.595711
v 0.238976 2.130646 0.589075
v 0.165940 2.116672 0.701257
v 0.064702 2.107871 0.753486
v 0.205093 2.021098 0.716460
v 0.289176 2.050828 0.585963
v 0.064702 2.006348 0.762543
v 0.064702 2.041118 0.821947
v 0.064702 2.104279 0.792670
v -0.055612 2.112091 0.738281
v -0.036535 2.116671 0.700329
v -0.109629 2.130638 0.589157
v -0.137166 2.089438 0.595711
v -0.172014 2.160168 0.524087
v -0.159771 2.050828 0.585963
v -0.066802 2.054360 0.757802
v -0.075688 2.021098 0.716459
v -0.139502 2.187263 0.542197
v -0.108761 2.431992 0.463859
v -0.168602 2.413551 0.410965
v -0.077561 2.657063 0.405795
v -0.139674 2.787311 0.251286
v -0.029732 2.797003 0.396263
v -0.073736 2.912434 0.231793
v 0.005525 2.939489 0.300750
v 0.064702 2.835405 0.431423
v -0.086446 2.925705 0.183827
v -0.119240 2.213337 0.531468
v -0.107653 2.287682 0.506351
v -0.083142 2.439590 0.458954
v -0.073705 2.638756 0.408043
v -0.011528 2.761888 0.386907
v -0.018218 2.736117 0.409648
v 0.038182 2.759839 0.443758
v 0.011212 2.700801 0.392037
v -0.056539 2.630290 0.402602
v -0.028837 2.650683 0.452391
v -0.017797 2.646691 0.441936
v 0.080909 2.710636 0.423321
v 0.092195 2.753880 0.446715
v 0.091362 2.687720 0.495324
v 0.148190 2.736117 0.409648
v 0.150816 2.672875 0.475080
v 0.146149 2.663282 0.466012
v 0.083644 2.677810 0.485910
v 0.064702 2.787836 0.417224
v 0.140933 2.761888 0.386907
v 0.185021 2.632730 0.402862
v 0.150201 2.636547 0.438826
v 0.139161 2.632555 0.428370
v 0.123530 2.703847 0.396616
v 0.180353 2.616607 0.375184
v 0.301419 2.160168 0.524087
v 0.268906 2.187263 0.542197
v 0.298007 2.413551 0.410965
v 0.238166 2.431992 0.463859
v 0.206965 2.664074 0.405795
v 0.269078 2.787311 0.251286
v 0.159137 2.797002 0.396263
v 0.064702 2.922385 0.338401
v 0.123879 2.939489 0.300750
v 0.203141 2.912434 0.231793
v 0.215850 2.925705 0.183827
v 0.696803 2.642963 -0.100043
v 0.726045 2.657778 -0.062566
v 0.670002 2.806014 -0.104909
v 0.589933 2.876618 -0.333674
v 0.693631 2.983373 -0.231037
v 0.611091 3.088268 -0.342297
v 0.717509 2.810619 -0.102328
v 0.770462 2.675036 -0.064776
v 0.778760 2.601103 -0.137958
v 0.648644 2.760095 -0.335167
v 0.698266 2.607919 -0.429075
v 0.474779 2.736888 -0.614036
v 0.562454 2.484782 -0.623160
v 0.681061 2.208508 -0.665979
v 0.663366 3.119248 -0.297409
v 0.498380 3.193128 -0.313241
v 0.740516 2.977326 -0.238109
v 0.639214 3.002010 -0.457086
v 0.702834 3.144955 -0.320387
v 0.527308 3.226884 -0.307635
v 0.476551 3.195509 -0.512667
v 0.457543 2.876565 -0.666805
v 0.233397 2.636599 -0.642735
v 0.149465 2.627188 -0.442035
v 0.395694 2.516483 -0.451358
v 0.234669 2.386153 -0.468688
v 0.482340 2.201615 -0.459020
v 0.466653 2.053305 -0.467553
v 0.457269 1.877412 -0.446819
v 0.447861 2.442623 -0.569125
v 0.502176 2.237588 -0.566978
v 0.547229 2.187299 -0.546568
v 0.604434 2.126006 -0.592043
v 0.530851 2.024879 -0.476501
v 0.653525 2.102462 -0.640817
v 0.764634 2.096120 -0.469706
v 0.604434 2.126006 -0.592043
v 0.730310 2.115833 -0.396496
v 0.622160 2.030004 -0.357532
v 0.730356 2.075469 -0.360211
v 0.749912 2.006781 -0.347407
v 0.769462 2.101778 -0.254764
v 0.818485 2.144043 -0.227384
v 0.868201 2.132061 -0.207188
v 0.814165 2.160042 -0.497643
v 0.829122 2.275712 -0.488087
v 0.851373 2.421988 -0.239979
v 0.889163 2.272940 -0.194368
v 0.825046 2.458882 -0.200194
v 0.816777 2.505231 -0.130023
v 0.845502 2.426948 -0.116055
v 0.855097 2.389580 -0.159534
v -0.157629 0.207076 0.222615
v -0.167288 0.119403 0.232274
v 0.064986 0.119403 0.328485
v 0.064986 0.207076 0.314825
v 0.287601 0.207076 0.222615
v 0.297260 0.119403 0.232274
v 0.332008 0.119392 0.185077
v 0.355846 0.207076 0.120478
v 0.287601 0.207076 -0.222615
v 0.367829 0.207076 -0.060239
v 0.378282 0.119413 -0.085588
v 0.297260 0.119403 -0.232274
v 0.064986 0.207076 -0.314825
v 0.064986 0.119403 -0.328485
v -0.157629 0.207076 -0.222615
v -0.167288 0.119403 -0.232274
v -0.263499 0.119403 0.000000
v -0.249839 0.207076 0.000000
v 0.064986 0.246001 -0.207554
v -0.064951 0.241097 -0.157579
v 0.207028 0.241097 -0.157579
v 0.064986 0.207076 0.314825
v 0.287601 0.207076 0.222615
v 0.205697 0.241092 0.154855
v 0.311467 0.223534 0.102096
v 0.295398 0.235998 0.000000
v 0.367829 0.207076 -0.060239
v 0.287601 0.207076 -0.222615
v 0.064986 0.207076 -0.314825
v -0.157629 0.207076 -0.222615
v 0.355846 0.207076 0.120478
v -0.249839 0.207076 0.000000
v -0.142568 0.246001 0.000000
v -0.063619 0.241092 0.154855
v -0.157629 0.207076 0.222615
v 0.064986 0.246001 0.207554
v 0.801947 0.806035 -0.256392
v 0.794787 0.824551 -0.242228
v 0.868367 0.885417 -0.303309
v 0.794137 0.805301 -0.210585
v 0.863674 0.890340 -0.214194
v 0.902985 0.996913 -0.203034
v 0.896095 0.971840 -0.338648
v 0.854224 0.987327 -0.339975
v 0.829155 0.980051 -0.192826
v 0.791110 0.960402 -0.341302
v 0.798860 1.006030 -0.344329
v 0.801591 1.088413 -0.347356
v -0.224191 0.115308 -0.289178
v -0.167288 0.119403 -0.232274
v 0.064986 0.119403 -0.328485
v 0.064986 0.115308 -0.408959
v 0.354163 0.115308 -0.289178
v 0.297260 0.119403 -0.232274
v 0.378282 0.119413 -0.085588
v 0.473945 0.115308 0.000000
v 0.435460 0.117447 0.121218
v 0.332008 0.119392 0.185077
v 0.354163 0.115308 0.289178
v 0.297260 0.119403 0.232274
v 0.064986 0.115308 0.408959
v 0.064986 0.119403 0.328485
v -0.167288 0.119403 0.232274
v -0.224191 0.115308 0.289178
v -0.343973 0.115308 0.000000
v -0.263499 0.119403 0.000000
v 0.473945 0.115308 0.000000
v 0.477034 0.000000 0.000000
v 0.445669 0.000000 -0.157684
v 0.354163 0.115308 -0.289178
v 0.356348 0.000000 -0.291362
v 0.222670 0.000000 -0.380683
v 0.064986 0.115308 -0.408959
v 0.064986 0.000000 -0.412048
v -0.092698 0.000000 -0.380683
v -0.224191 0.115308 -0.289178
v -0.226376 0.000000 -0.291362
v -0.315697 0.000000 -0.157684
v -0.343973 0.115308 0.000000
v -0.347062 0.000000 0.000000
v -0.315697 0.000000 0.157684
v -0.224191 0.115308 0.289178
v -0.226376 0.000000 0.291362
v -0.092698 0.000000 0.380683
v 0.064986 0.115308 0.408959
v 0.064986 0.000000 0.412048
v 0.222670 0.000000 0.380683
v 0.354163 0.115308 0.289178
v 0.356348 0.000000 0.291362
v 0.445669 0.000000 0.157684
v 0.435460 0.117447 0.121218
v 0.473945 0.115308 0.000000
v 0.477034 0.000000 0.000000
v 0.064702 2.120672 0.654612
v 0.242831 1.535893 0.195900
v 0.257700 1.385203 0.169568
v 0.182535 1.393347 0.196096
v 0.192803 1.608439 0.231396
v 0.146510 1.917004 0.169077
v 0.212879 1.836333 0.214512
v 0.231233 1.725033 0.137415
v 0.156150 1.724984 0.081165
v 0.109213 1.613785 0.093001
v 0.176508 1.230920 0.073529
v 0.196498 1.147235 0.168847
v 0.265603 0.974314 0.132481
v 0.239602 0.959950 0.214956
v 0.314149 0.959081 0.176707
v 0.269138 1.529560 0.034211
v 0.342216 1.301254 0.102478
v 0.367141 1.133431 0.108085
v 0.384920 1.133431 0.187327
v 0.366743 1.301254 0.181720
v 0.422228 1.487279 0.177257
v 0.410533 1.511767 0.041811
v 0.609268 1.637213 0.046134
v 0.572239 1.623279 -0.028362
v 0.594837 1.715506 -0.014745
v 0.624003 1.669814 -0.051787
v 0.618735 1.727314 -0.066327
v 0.636446 1.738274 0.049696
v 0.627545 1.610569 -0.134829
v 0.577149 1.503012 -0.303782
v 0.459646 1.520051 -0.271057
v 0.395266 1.608453 -0.238331
v 0.250402 1.758074 -0.170920
v 0.379744 1.764921 -0.327603
v 0.497108 1.933931 -0.400193
v 0.334205 2.124748 -0.222619
v 0.532530 1.897269 -0.268930
v 0.399154 1.850246 0.122763
v 0.453405 2.055175 -0.016380
v 0.457960 2.208868 -0.020416
v 0.337465 2.208492 0.084629
v 0.230308 1.997775 0.236141
v 0.212879 1.836333 0.214512
v 0.453163 2.251075 0.109471
v 0.507940 2.208868 0.058827
v 0.514402 2.055175 0.062863
v 0.458706 1.843578 0.213943
v 0.487336 1.768013 0.181080
v 0.426339 1.768013 0.101837
v 0.556092 1.761991 0.049426
v 0.539885 1.734686 -0.070167
v 0.594837 1.715506 -0.014745
v 0.618735 1.727314 -0.066327
v 0.585730 1.759493 -0.116560
v 0.540214 1.786613 -0.217633
v 0.636446 1.738274 0.049696
v -0.226376 0.000000 0.291362
v -0.226376 0.000000 -0.291362
v -0.092698 0.000000 -0.380683
v -0.315697 0.000000 0.157684
v -0.315697 0.000000 -0.157684
v -0.347062 0.000000 0.000000
v 0.445669 0.000000 -0.157684
v 0.477034 0.000000 0.000000
v 0.445669 0.000000 0.157684
v 0.356348 0.000000 0.291362
v 0.356348 0.000000 -0.291362
v 0.222670 0.000000 0.380683
v 0.222670 0.000000 -0.380683
v 0.064986 0.000000 -0.412048
v 0.064986 0.000000 0.412048
v -0.092698 0.000000 0.380683
v -0.458842 2.893423 -0.266239
v -0.335791 3.148104 -0.347768
v -0.448057 3.157429 -0.270499
v -0.490546 3.025667 -0.168973
v -0.522679 3.209510 -0.172342
v -0.367903 3.306098 -0.219777
v -0.249097 3.303909 -0.260183
v -0.119371 3.403107 -0.161445
v -0.446895 3.331433 -0.125371
v -0.291350 3.350030 -0.049052
v -0.009658 3.434300 -0.145727
v 0.067237 3.370380 -0.029109
v -0.296389 3.386230 -0.044402
v 0.064325 3.490283 -0.347425
v -0.105390 3.424385 -0.477886
v -0.091297 3.453027 -0.170192
v 0.064702 3.476516 -0.137478
v 0.064384 3.409504 -0.001797
v 0.320708 3.394020 -0.100557
v 0.296742 3.357854 -0.117988
v 0.238148 3.453097 -0.176144
v 0.247099 3.421501 -0.457700
v 0.066235 3.404731 -0.567039
v 0.201064 3.286948 -0.662634
v 0.324528 3.130103 -0.702916
v 0.448217 3.322853 -0.364848
v 0.362038 3.404920 -0.255716
v -0.011241 3.264193 -0.691099
v -0.253370 3.388703 -0.271447
v -0.100882 3.167218 -0.733646
v -0.095116 3.008984 -0.764336
v 0.846331 1.081280 -0.174130
v 0.829155 0.980051 -0.192826
v 0.902985 0.996913 -0.203034
v 0.918917 0.922229 -0.138606
v 0.856249 0.974985 -0.132290
v 0.864573 1.034812 -0.118310
v 1.050829 1.011235 -0.151590
v 1.078003 1.122599 -0.210864
v 1.025436 1.004052 -0.223352
v 0.968289 0.919193 -0.187612
v 0.863674 0.890340 -0.214194
v 0.860494 0.840895 -0.228119
v 0.794137 0.805301 -0.210585
v 0.991569 0.939662 -0.161400
v 0.890136 0.858307 -0.139094
v -0.068814 0.704910 -0.094286
v -0.375271 0.744167 -0.212568
v -0.109147 0.773243 -0.199077
v -0.740706 0.921858 0.306847
v -0.755628 0.886345 -0.265721
v -0.663545 0.814761 -0.239608
v -0.635317 0.859760 0.298710
v -0.356308 0.792933 0.275048
v -0.128610 0.634101 0.051467
v -0.071333 0.630735 0.079690
v -0.062300 0.651571 0.166348
v -0.127822 0.640852 0.226924
v -0.717672 1.482106 0.323425
v -0.663539 1.409777 -0.405194
v -0.759430 1.338838 -0.380602
v -0.801122 1.372500 0.321774
v -0.832903 1.234557 -0.356010
v -0.845419 1.262894 0.320123
v -0.841521 1.111858 -0.323922
v -0.845868 1.145663 0.317553
v -0.820250 0.989159 -0.291834
v -0.817867 1.028432 0.314983
v 0.444865 0.922563 0.075914
v 0.394859 1.234466 0.084556
v 0.358563 1.214698 -0.013784
v 0.418908 0.922563 -0.032269
v 0.412188 0.875322 0.086229
v 0.385299 0.872052 -0.015544
v 0.493710 2.357309 0.396072
v 0.330759 2.229534 0.385670
v 0.422297 2.384398 0.275380
v 0.257124 1.883809 0.551166
v 0.277820 1.844512 0.605654
v 0.279909 1.741579 0.608408
v 0.212879 1.836333 0.214512
v 0.230308 1.997775 0.236141
v 0.308871 2.065271 0.510283
v 0.453163 2.251075 0.109471
v 0.493306 2.452857 0.219441
v 0.627040 2.383716 0.341059
v 0.628030 2.497140 0.278770
v 0.582027 2.576795 0.235056
v 0.617398 2.663822 0.171656
v 0.593719 2.583258 0.246916
v 0.642590 2.499256 0.297461
v 0.639033 2.393091 0.363197
v 0.496951 2.373795 0.424902
v 0.419339 2.281897 0.490990
v 0.403474 2.160236 0.552772
v 0.397826 2.152439 0.524251
v 0.437676 2.067739 0.576038
v 0.419920 2.069984 0.541934
v 0.348655 2.037092 0.549387
v 0.373969 2.032395 0.584333
v 0.369691 1.881786 0.556434
v 0.377595 1.892996 0.591093
v 0.305232 1.884872 0.557658
v 0.325054 1.882925 0.592616
v 0.377595 1.892996 0.591093
v 0.291837 1.841837 0.656092
v 0.261126 1.534697 0.220085
v 0.242831 1.535893 0.195900
v 0.192803 1.608439 0.231396
v 0.192089 1.583845 0.296764
v 0.188527 1.667070 0.397545
v 0.231233 1.725033 0.137415
v 0.250300 1.701383 0.528433
v 0.496337 0.914209 -0.050847
v 0.581480 1.247643 -0.074508
v 0.620910 1.262043 0.033674
v 0.522294 0.914209 0.057336
v 0.541389 0.933287 -0.071069
v 0.567346 0.933287 0.007020
v 0.713852 1.247001 0.024637
v 0.687895 1.237217 -0.083545
v 0.772493 1.271614 -0.103843
v 0.798450 1.271614 0.004339
v 0.588777 0.911130 0.013525
v 0.567433 0.911130 -0.075431
v 0.784067 1.070305 -0.101228
v 0.802652 1.070305 -0.039899
v 0.841704 1.167100 -0.113966
v 0.864784 1.167100 -0.037804
v 0.604434 2.126006 -0.592043
v 0.622160 2.030004 -0.357532
v 0.530851 2.024879 -0.476501
v 0.497108 1.933931 -0.400193
v 0.457269 1.877412 -0.446819
v 0.379744 1.764921 -0.327603
v 0.708661 2.074593 -0.240448
v 0.769462 2.101778 -0.254764
v 0.749912 2.006781 -0.347407
v 0.416577 0.344393 0.066602
v 0.413962 0.210092 0.076086
v 0.414258 0.210623 0.008454
v 0.404747 0.344872 0.003698
v 0.474033 0.684443 -0.030331
v 0.495152 0.658023 0.052114
v 0.473945 0.115308 0.000000
v 0.378282 0.119413 -0.085588
v 0.435460 0.117447 0.121218
v 0.332008 0.119392 0.185077
v 0.355846 0.207076 0.120478
v 0.368161 0.355546 0.081325
v 0.415594 0.607044 0.071364
v 0.400993 0.703825 0.086440
v 0.375036 0.703825 -0.021742
v 0.396491 0.606993 -0.016155
v 0.357876 0.355458 0.009080
v 0.295398 0.235998 0.000000
v 0.311467 0.223534 0.102096
v 0.328684 0.704486 -0.023498
v 0.371467 0.724364 0.084503
v 0.412188 0.875322 0.086229
v 0.444865 0.922563 0.075914
v 0.522294 0.914209 0.057336
v 0.588777 0.911130 0.013525
v 0.567346 0.933287 0.007020
v 0.713852 1.247001 0.024637
v 0.798450 1.271614 0.004339
v 0.620910 1.262043 0.033674
v 0.394859 1.234466 0.084556
v 0.887653 1.034812 -0.042148
v 0.864784 1.167100 -0.037804
v 0.802652 1.070305 -0.039899
v 0.807045 1.027940 -0.040734
v 0.579114 0.838687 0.004374
v 0.562383 0.838687 -0.050212
v 0.567433 0.911130 -0.075431
v 0.496337 0.914209 -0.050847
v 0.541389 0.933287 -0.071069
v 0.772493 1.271614 -0.103843
v 0.687895 1.237217 -0.083545
v 0.784067 1.070305 -0.101228
v 0.788460 1.027940 -0.102062
v 0.864573 1.034812 -0.118310
v 0.841704 1.167100 -0.113966
v -0.594634 1.502809 -0.193640
v -0.427268 1.424481 -0.408745
v -0.545403 1.435473 -0.406969
v -0.077477 1.208424 0.332048
v -0.063926 1.242134 0.239289
v -0.175328 1.383980 0.182138
v -0.218214 1.442381 0.334681
v -0.334041 1.499942 0.328553
v -0.330994 1.456989 0.060853
v -0.466016 1.534567 0.322424
v -0.436386 1.498869 -0.175812
v -0.591844 1.521498 0.322925
v -0.321044 1.440950 -0.126784
v 0.777266 1.140076 0.062525
v 0.687086 1.124608 0.088552
v 0.783118 1.135099 0.089429
v 0.697417 1.125401 0.126232
v 0.687086 1.124608 0.088552
v 0.777266 1.140076 0.062525
v 0.710924 1.183071 0.079937
v 0.687086 1.124608 0.088552
v 0.710466 1.188023 0.113802
v 0.807363 1.215204 0.074988
v 0.777266 1.140076 0.062525
v 0.807807 1.195573 0.050762
v 0.863208 1.218323 0.053448
v 0.865315 1.146471 0.044987
v 0.615093 1.226347 0.094702
v 0.890136 0.858307 -0.139094
v 0.869663 0.846553 -0.088805
v 0.915327 0.914218 -0.083941
v 0.935908 0.931281 -0.022819
v 0.941467 0.973462 -0.008368
v 0.923646 1.074125 0.002291
v 0.897566 0.993651 0.002379
v 0.499329 3.055652 -0.417938
v 0.449311 3.195348 -0.440329
v 1.077888 1.102858 -0.353217
v 1.025436 1.004052 -0.223352
v 0.921330 0.886885 -0.320395
v 0.968289 0.919193 -0.187612
v 0.860494 0.840895 -0.228119
v 0.801947 0.806035 -0.256392
v 0.794137 0.805301 -0.210585
v 0.418908 0.922563 -0.032269
v 0.358563 1.214698 -0.013784
v 0.581480 1.247643 -0.074508
v 0.385299 0.872052 -0.015544
v 0.375036 0.703825 -0.021742
v 0.328684 0.704486 -0.023498
v 0.396491 0.606993 -0.016155
v 0.357876 0.355458 0.009080
v 0.295398 0.235998 0.000000
v 0.367829 0.207076 -0.060239
v 0.259151 1.390983 0.191885
v 0.261126 1.534697 0.220085
v 0.192089 1.583845 0.296764
v 0.047117 1.549369 0.334597
v 0.257700 1.385203 0.169568
v 0.242831 1.535893 0.195900
v 0.064702 1.746553 0.753770
v 0.064702 1.691655 0.645616
v 0.063957 1.649792 0.424581
v -0.093787 1.697728 0.595550
v 0.052312 2.221935 0.793938
v 0.050556 2.210947 0.804477
v 0.064986 2.149806 0.771957
v 0.064986 2.175623 0.737784
v 0.084134 2.221920 0.794335
v 0.085889 2.210932 0.804873
v 0.064702 3.432549 -0.142219
v 0.139059 3.434274 -0.145697
v 0.248304 3.413634 -0.175036
v 0.380438 3.322314 -0.294219
v 0.449311 3.195348 -0.440329
v 0.499329 3.055652 -0.417938
v 0.146149 2.224756 0.779181
v 0.150816 2.215163 0.788250
v 0.156639 2.143358 0.725473
v 0.134045 2.171658 0.710144
v 0.183174 2.219199 0.755768
v 0.173846 2.232923 0.748275
v 0.274222 3.248245 -0.077791
v 0.258890 3.210640 -0.081569
v 0.299326 3.203676 -0.116011
v 0.322396 3.232665 -0.145248
v 0.328597 3.186364 -0.153414
v 0.212547 2.439590 0.458954
v 0.242072 2.263384 0.515121
v 0.248645 2.213337 0.531468
v 0.495638 3.892260 -0.522390
v 0.473354 3.911376 -0.494196
v 0.500041 3.912455 -0.474615
v 0.473354 3.911376 -0.494196
vn -0.7131 -0.6190 0.3291
vn -0.7452 0.2824 0.6040
vn -0.5664 0.7710 0.2911
vn 0.7484 -0.6381 -0.1812
vn 0.4171 -0.7949 0.4407
vn 0.3367 -0.6500 0.6813
vn 0.2270 -0.7828 0.5793
vn 0.5348 -0.5269 0.6606
vn -0.2981 -0.4080 0.8630
vn 0.2608 0.6164 0.7429
vn -0.3831 -0.7662 0.5160
vn -0.4936 -0.8540 0.1645
vn -0.2425 -0.9701 -0.0078
vn 0.3686 -0.4313 0.8235
vn -0.9557 -0.2585 0.1410
vn -0.6624 -0.7481 0.0390
vn -0.5719 -0.7208 0.3917
vn -0.1481 -0.9663 0.2104
vn -0.3194 -0.7400 0.5920
vn -0.1174 -0.7512 0.6495
vn 0.6455 0.1103 0.7558
vn -0.2674 -0.0865 0.9597
vn -0.7769 0.1099 0.6200
vn -0.9697 0.1564 0.1877
vn -0.8131 -0.1486 0.5629
vn -0.4540 -0.2818 0.8453
vn -0.2043 -0.6600 0.7229
vn -0.1726 -0.9337 0.3138
vn -0.2036 -0.8457 0.4933
vn -0.7217 0.2746 0.6354
vn -0.3765 0.2118 0.9019
vn -0.1816 -0.0947 0.9788
vn -0.4235 -0.0863 0.9018
vn -0.5321 -0.5948 0.6026
vn -0.6199 -0.0079 0.7847
vn -0.4071 -0.6419 0.6498
vn -0.0079 -0.2052 0.9787
vn -0.0395 0.4342 0.9000
vn -0.1417 0.4173 0.8976
vn -0.4001 0.4864 0.7767
vn -0.3149 0.4802 0.8187
vn -0.0554 0.3086 0.9496
vn -0.6522 0.2279 0.7230
vn -0.6415 -0.1565 0.7510
vn -0.0079 -0.3303 0.9438
vn 0.6085 0.2055 0.7665
vn 0.6368 -0.1572 0.7548
vn 0.6455 -0.0157 0.7636
vn 0.3852 -0.6604 0.6446
vn 0.9178 -0.3766 0.1255
vn 0.2668 -0.9261 0.2668
vn 0.7065 -0.7066 -0.0393
vn 0.7929 -0.5888 0.1570
vn 0.9286 -0.3148 0.1967
vn 0.6337 -0.6806 0.3677
vn 0.4796 -0.3381 0.8098
vn 0.7206 -0.1663 0.6731
vn 0.1339 0.4017 0.9059
vn 0.3616 0.3852 0.8490
vn 0.0237 0.4502 0.8926
vn 0.9195 -0.2358 0.3144
vn 0.4274 0.2137 0.8785
vn 0.3960 0.3722 0.8394
vn 0.9954 -0.0941 -0.0157
vn 0.3935 0.4879 0.7791
vn 0.1340 0.4178 0.8986
vn 0.5754 0.4335 0.6936
vn 0.5681 0.0631 0.8205
vn 0.9327 0.3241 0.1581
vn 0.9593 -0.0629 0.2752
vn 0.9802 0.1976 0.0158
vn 0.6757 -0.5972 0.4322
vn 0.8543 -0.4781 0.2038
vn -0.2588 -0.5413 0.8000
vn -0.1421 0.6077 0.7813
vn 0.8406 0.5106 0.1807
vn 0.6008 0.5770 0.5533
vn 0.4418 0.5681 0.6943
vn 0.1183 0.2998 0.9466
vn 0.6942 0.5207 0.4970
vn 0.8070 0.4826 0.3402
vn 0.4497 0.7574 0.4734
vn 0.4912 0.7448 0.4516
vn 0.7639 0.5907 0.2599
vn 0.4667 0.6486 0.6012
vn 0.4581 0.6003 0.6556
vn 0.4487 0.2755 0.8502
vn 0.8276 0.3468 0.4414
vn 0.8686 -0.1895 0.4579
vn 0.6320 0.6005 0.4898
vn 0.6414 0.5305 0.5543
vn 0.3242 0.5851 0.7433
vn 0.1334 -0.3532 0.9260
vn 0.0157 -0.3138 0.9493
vn 0.3930 -0.2908 0.8724
vn 0.3215 0.4077 -0.8546
vn -0.2052 0.6473 0.7341
vn -0.0079 0.7342 0.6789
vn -0.0000 0.9125 0.4091
vn 0.2045 0.6843 0.7000
vn 0.5361 -0.1656 0.8278
vn -0.3131 -0.4619 0.8298
vn 0.2370 -0.1738 0.9558
vn -0.0000 0.9715 0.2369
vn -0.6847 0.5745 0.4486
vn -0.6825 0.7139 0.1569
vn 0.6006 0.5848 0.5453
vn -0.2673 0.4559 0.8489
vn -0.1496 0.3385 0.9290
vn 0.3227 -0.0630 0.9444
vn 0.8018 0.3459 0.4874
vn 0.7247 0.6774 0.1260
vn -0.0079 0.8532 0.5214
vn -0.5101 0.6043 0.6121
vn 0.4799 0.7239 0.4957
vn -0.0708 0.3225 0.9439
vn 0.5904 0.5668 0.5746
vn -0.0079 0.6951 0.7188
vn 0.7586 0.6005 0.2529
vn -0.0079 0.5601 0.8284
vn 0.6943 0.4418 0.5681
vn 0.7826 0.4032 0.4743
vn 0.7534 0.5472 0.3648
vn -0.0000 0.4567 0.8896
vn 0.4817 0.3632 0.7975
vn 0.8110 -0.5118 0.2834
vn 0.8283 -0.2998 0.4733
vn 0.7616 -0.2120 0.6124
vn -0.0078 0.0707 0.9975
vn -0.4877 0.3618 0.7945
vn -0.0078 -0.9851 0.1720
vn 0.4546 -0.8857 -0.0940
vn 0.6695 -0.4174 0.6144
vn 0.8433 -0.0394 0.5359
vn -0.0078 -0.9638 -0.2664
vn -0.7839 -0.2587 0.5644
vn -0.7619 -0.2513 0.5970
vn -0.7646 -0.3979 0.5071
vn -0.4608 -0.8826 -0.0937
vn -0.7649 -0.2107 0.6088
vn -0.7857 0.4007 0.4714
vn -0.7490 0.4100 0.5204
vn -0.7225 0.6440 0.2513
vn -0.7954 0.5513 0.2520
vn -0.5897 0.6919 0.4167
vn -0.7434 0.3208 0.5869
vn -0.5658 -0.3143 0.7623
vn -0.1021 0.1021 0.9895
vn 0.1886 -0.5892 0.7856
vn -0.4729 0.6462 0.5990
vn 0.0629 0.3227 0.9444
vn 0.2295 0.4194 0.8783
vn 0.1500 0.3315 0.9315
vn -0.3134 0.0548 0.9480
vn -0.5356 0.1260 0.8350
vn -0.7324 0.0709 0.6772
vn -0.4643 0.5981 0.6532
vn -0.4549 0.7608 0.4628
vn -0.0629 -0.2123 0.9752
vn -0.4305 -0.1800 0.8845
vn -0.5813 0.2121 0.7855
vn -0.4549 0.2745 0.8471
vn -0.7922 0.4863 0.3687
vn -0.3996 -0.2899 0.8697
vn -0.1411 -0.3528 0.9250
vn -0.0866 -0.1969 0.9766
vn -0.5023 -0.3453 0.7927
vn -0.3715 0.6324 0.6798
vn -0.6460 0.5278 0.5515
vn -0.8306 0.3526 0.4310
vn -0.6990 0.0235 0.7147
vn -0.4632 0.1099 0.8794
vn -0.5327 0.0235 0.8460
vn -0.8311 0.5175 0.2038
vn 0.3237 0.4105 0.8525
vn -0.8769 0.4619 0.1331
vn 0.3530 -0.3216 0.8786
vn -0.2199 0.3690 0.9030
vn -0.9222 0.3829 0.0547
vn -0.7238 0.4957 0.4800
vn -0.6432 0.5255 0.5569
vn -0.5745 0.5981 0.5588
vn -0.4887 0.7331 0.4730
vn -0.6983 0.5178 0.4943
vn -0.4579 0.5447 0.7026
vn -0.9062 -0.3750 0.1953
vn -0.7568 0.5439 0.3626
vn -0.5734 0.0628 0.8169
vn -0.1261 0.2995 0.9457
vn -0.3790 0.3948 0.8370
vn -0.3524 0.3837 0.8536
vn -0.5806 0.4315 0.6904
vn -0.6962 -0.2034 -0.6884
vn -0.8981 0.2422 -0.3671
vn -0.4511 0.1944 -0.8711
vn -0.4994 -0.6008 -0.6242
vn -0.8813 -0.3743 -0.2886
vn -0.2495 -0.7719 -0.5848
vn -0.4232 0.5486 -0.7210
vn -0.0314 0.2829 -0.9586
vn -0.0624 -0.7018 -0.7096
vn 0.3927 -0.1257 -0.9110
vn 0.8154 -0.2744 -0.5097
vn -0.0859 -0.1562 -0.9840
vn 0.0078 -0.3115 -0.9502
vn 0.4844 -0.2578 -0.8360
vn -0.2495 -0.2183 -0.9434
vn 0.6790 -0.5230 -0.5152
vn -0.1712 -0.2645 -0.9491
vn 0.1558 -0.5763 -0.8022
vn 0.0624 -0.0078 -0.9980
vn 0.6962 -0.2034 -0.6884
vn 0.8472 -0.2745 -0.4549
vn -0.0548 -0.5320 -0.8450
vn -0.7105 -0.2342 -0.6636
vn -0.8046 -0.2656 -0.5312
vn 0.0700 -0.4983 -0.8642
vn -0.6984 0.6905 -0.1883
vn 0.7840 -0.5488 -0.2901
vn 0.7812 0.6234 -0.0316
vn 0.2978 0.7523 -0.5877
vn -0.1172 0.0469 -0.9920
vn -0.3348 -0.1713 -0.9266
vn 0.4068 -0.2582 -0.8763
vn -0.2888 -0.3903 -0.8742
vn -0.3832 -0.3363 -0.8603
vn -0.4437 -0.2646 -0.8562
vn -0.5145 -0.5535 -0.6549
vn 0.7461 -0.6362 -0.1964
vn 0.5901 0.2124 -0.7789
vn 0.4939 -0.7761 -0.3920
vn 0.4763 -0.5388 -0.6949
vn 0.5569 -0.6432 0.5255
vn 0.6816 -0.2664 -0.6816
vn 0.7147 -0.1492 0.6833
vn 0.8701 0.4667 0.1582
vn 0.6682 -0.7154 0.2044
vn -0.8817 -0.2653 -0.3902
vn -0.4919 -0.4294 -0.7574
vn -0.4144 -0.5865 -0.6959
vn -0.4457 -0.2971 -0.8444
vn -0.3583 0.5375 -0.7634
vn -0.4850 0.5945 -0.6414
vn 0.4499 0.6235 -0.6394
vn -0.8371 -0.1565 -0.5242
vn -0.8787 -0.2877 -0.3810
vn -0.4429 -0.8004 -0.4040
vn -0.6915 -0.7071 -0.1476
vn -0.8178 0.3661 -0.4440
vn -0.8778 -0.1254 -0.4624
vn -0.9033 -0.0857 -0.4205
vn -0.9569 -0.2723 -0.1011
vn -0.4850 -0.5945 0.6414
vn -0.4783 -0.3450 0.8076
vn -0.3071 -0.1654 0.9372
vn -0.6648 -0.2268 0.7118
vn -0.6818 0.5173 0.5172
vn -0.8183 0.4364 -0.3741
vn -0.8743 0.4762 -0.0937
vn -0.6274 0.4392 0.6431
vn 0.6682 0.5817 -0.4638
vn 0.4485 0.7946 -0.4092
vn -0.5160 0.7974 -0.3127
vn -0.4943 0.7454 0.4472
vn -0.1338 0.2441 0.9605
vn 0.4408 0.8028 0.4014
vn -0.1734 0.9455 0.2758
vn 0.9690 0.2285 -0.0945
vn 0.4408 0.8029 0.4014
vn -0.1733 0.9455 0.2758
vn 0.7712 0.0945 0.6295
vn 0.5360 -0.0394 0.8433
vn 0.1572 -0.2358 0.9590
vn 0.5521 0.1498 0.8202
vn 0.4399 -0.6912 0.5733
vn 0.5941 0.2377 0.7684
vn 0.2752 -0.2516 0.9279
vn 0.3058 -0.3058 0.9017
vn 0.7071 -0.0078 0.7071
vn 0.8589 0.2600 0.4413
vn -0.2973 -0.7822 0.5475
vn 0.4666 -0.1977 0.8621
vn -0.8817 -0.2653 -0.3901
vn 0.7975 0.1500 0.5843
vn -0.3835 -0.7435 0.5478
vn -0.5739 -0.0472 0.8176
vn -0.6808 -0.4382 0.5869
vn -0.4083 0.1335 0.9030
vn 0.3872 0.2844 0.8770
vn 0.7402 0.2126 0.6379
vn -0.0709 -0.1576 0.9850
vn 0.7484 -0.6380 -0.1812
vn 0.2271 -0.7828 0.5793
vn -0.2279 -0.4165 0.8801
vn -0.1423 0.3083 0.9406
vn 0.3465 0.3780 0.8585
vn 0.4745 0.2688 0.8382
vn 0.1176 -0.4783 0.8703
vn -0.3861 0.0315 0.9219
vn 0.4864 -0.3845 0.7846
vn -0.5411 0.0549 0.8392
vn 0.8121 -0.1892 0.5519
vn 0.6609 -0.3698 0.6530
vn 0.7868 -0.2046 0.5823
vn -0.2125 -0.1810 0.9602
vn 0.8098 -0.3145 0.4953
vn 0.7277 -0.3912 -0.5634
vn 0.8234 -0.3686 -0.4314
vn 0.9434 -0.1965 -0.2673
vn 0.5839 0.3787 0.7181
vn 0.7165 -0.4173 0.5590
vn 0.7049 -0.3603 -0.6110
vn 0.6352 -0.2039 -0.7450
vn 0.9690 0.2284 -0.0946
vn 0.8185 -0.0945 0.5667
vn -0.1339 0.2440 0.9605
vn -0.4948 0.1885 0.8483
vn -0.2126 -0.1811 0.9602
vn -0.2972 -0.7822 0.5475
vn 0.6482 0.0632 0.7588
vn -0.1339 0.2441 0.9605
vn -0.2961 -0.9506 -0.0935
vn -0.3123 -0.9446 -0.1015
vn 0.1249 -0.9911 0.0468
vn -0.4743 -0.5131 -0.7153
vn -0.6505 -0.3919 0.6506
vn -0.5076 -0.8513 -0.1328
vn -0.3132 -0.7205 0.6187
vn -0.4302 -0.7117 0.5553
vn -0.9507 -0.1325 0.2805
vn -0.8683 -0.3051 0.3911
vn -0.0859 -0.9840 -0.1562
vn -0.5070 -0.3121 -0.8035
vn -0.0157 -0.6370 0.7707
vn 0.2265 -0.7340 -0.6403
vn -0.6768 -0.7312 -0.0856
vn -0.7057 -0.4731 -0.5274
vn -0.0078 -0.9274 -0.3741
vn 0.3599 -0.9309 -0.0626
vn 0.4640 -0.8808 -0.0944
vn 0.6975 -0.1646 -0.6975
vn 0.6111 -0.7365 0.2899
vn 0.9805 0.0941 -0.1726
vn 0.5839 0.3787 0.7180
vn 0.7461 -0.6362 -0.1963
vn 0.5231 -0.8510 -0.0468
vn 0.7276 -0.6806 0.0860
vn 0.1173 -0.8754 -0.4690
vn 0.1561 -0.3356 -0.9290
vn 0.6954 -0.4923 -0.5235
vn 0.7637 0.6456 0.0079
vn 0.4414 -0.5596 0.7015
vn 0.1421 0.2604 0.9550
vn 0.9873 -0.1422 0.0711
vn 0.1402 -0.7632 -0.6308
vn 0.0390 -0.8266 -0.5615
vn 0.4243 0.1335 0.8956
vn -0.2744 -0.7290 0.6271
vn 0.0948 0.3711 0.9238
vn 0.7637 -0.3228 0.5590
vn 0.2451 -0.1581 0.9565
vn 0.1025 -0.3074 0.9460
vn 0.5515 -0.5278 0.6460
vn -0.2589 -0.5412 0.8000
vn 0.8543 -0.4781 0.2037
vn 0.7240 -0.6767 -0.1338
vn -0.0784 -0.0470 0.9958
vn 0.1566 -0.6498 0.7438
vn 0.9241 0.0474 0.3791
vn 0.6228 -0.0552 0.7804
vn -0.2047 -0.2834 0.9369
vn -0.4385 -0.3446 0.8301
vn -0.3210 -0.5090 0.7987
vn -0.0948 0.0158 0.9954
vn 0.7564 -0.0078 0.6540
vn 0.2753 -0.8969 0.3461
vn 0.8364 0.2762 0.4734
vn 0.9697 0.0867 -0.2286
vn 0.3937 0.2598 0.8818
vn -0.6419 -0.3366 0.6889
vn -0.1644 -0.9863 -0.0156
vn 0.6898 -0.6820 -0.2430
vn 0.5197 -0.2913 0.8031
vn 0.0938 -0.7271 -0.6801
vn -0.4197 -0.6684 -0.6140
vn -0.9014 0.0699 -0.4274
vn -0.1558 -0.2414 -0.9578
vn -0.3668 -0.2965 -0.8818
vn 0.4128 -0.6855 -0.5998
vn -0.3358 -0.7185 -0.6092
vn -0.8048 0.2110 -0.5548
vn 0.6270 -0.3135 -0.7132
vn 0.7155 0.2280 -0.6604
vn -0.4743 -0.5132 -0.7153
vn -0.1098 0.2040 -0.9728
vn 0.1180 0.8651 -0.4876
vn 0.0237 0.8812 -0.4721
vn 0.4533 0.4689 -0.7581
vn 0.0391 0.2971 -0.9540
vn -0.1562 -0.5622 -0.8121
vn 0.0939 -0.5948 -0.7983
vn 0.3685 0.7135 -0.5959
vn -0.0157 0.7951 -0.6062
vn 0.5231 -0.8510 -0.0469
vn 0.7276 -0.6806 0.0861
vn 0.7304 0.6754 0.1021
vn 0.0236 0.8812 -0.4721
vn 0.2664 -0.8698 0.4153
vn 0.4930 -0.5790 -0.6494
vn 0.5088 -0.6575 0.5557
vn 0.4367 -0.4990 -0.7485
vn 0.6379 -0.2126 0.7402
vn 0.9735 -0.2277 0.0236
vn 0.7744 0.2924 0.5611
vn 0.7327 0.6776 0.0630
vn 0.1337 0.9910 -0.0000
vn 0.3625 0.9299 -0.0630
vn 0.3085 0.9491 0.0633
vn -0.2835 0.9369 0.2047
vn 0.3871 0.8215 0.4187
vn 0.3086 0.1345 0.9416
vn 0.6231 0.7256 -0.2918
vn 0.8541 0.5140 0.0791
vn 0.7582 0.6239 0.1896
vn 0.9217 0.3545 0.1575
vn -0.1102 0.5275 0.8424
vn -0.5193 0.5115 0.6846
vn 0.3773 0.8017 -0.4637
vn 0.1177 0.3375 -0.9339
vn 0.9494 -0.3139 -0.0079
vn 0.1561 -0.3357 -0.9290
vn 0.3754 -0.0861 -0.9229
vn -0.5255 0.8314 -0.1804
vn 0.5363 0.8439 0.0158
vn 0.9434 -0.1965 0.2673
vn 0.7637 0.6455 0.0079
vn 0.1421 0.2605 0.9550
vn 0.1581 0.4822 0.8617
vn -0.1721 -0.2112 -0.9622
vn 0.5000 -0.8046 -0.3203
vn -0.8706 -0.4898 0.0466
vn -0.5556 0.4774 -0.6808
vn 0.3468 -0.4414 0.8276
vn -0.0709 -0.3390 0.9381
vn 0.2102 -0.9034 -0.3738
vn -0.4596 -0.8257 -0.3272
vn 0.5025 -0.6674 0.5496
vn -0.8737 -0.4680 0.1326
vn 0.4323 -0.7780 0.4558
vn -0.8706 -0.4897 0.0467
vn 0.8317 -0.2197 -0.5100
vn -0.5556 0.4773 -0.6808
vn -0.8922 0.2504 -0.3757
vn -0.3982 -0.4685 -0.7886
vn 0.7954 -0.5513 -0.2520
vn 0.5340 -0.4869 -0.6911
vn 0.9238 0.0553 0.3790
vn 0.9076 -0.1878 -0.3755
vn 0.7243 0.6850 0.0787
vn 0.1256 0.2276 -0.9656
vn -0.4405 0.8889 -0.1259
vn -0.7815 0.1328 -0.6096
vn -0.4406 0.8889 -0.1258
vn -0.2210 0.8919 0.3946
vn 0.8721 0.2436 0.4243
vn -0.7274 0.2816 -0.6258
vn -0.1324 -0.1402 -0.9812
vn 0.1565 0.5711 -0.8058
vn 0.9788 0.1815 -0.0947
vn 0.9872 -0.0237 -0.1579
vn 0.2534 0.4671 0.8471
vn 0.2283 0.6139 0.7556
vn -0.8142 0.5793 -0.0391
vn -0.1556 0.0078 -0.9878
vn 0.7887 0.3392 0.5127
vn 0.5327 -0.0235 -0.8460
vn 0.5661 0.6761 -0.4717
vn 0.3871 0.6637 0.6400
vn -0.4560 0.3695 0.8097
vn -0.4789 0.4632 0.7458
vn 0.3690 0.9186 -0.1414
vn -0.4092 0.6452 0.6452
vn 0.0631 0.5912 0.8040
vn 0.8632 0.3531 -0.3609
vn 0.5185 0.1571 -0.8405
vn -0.7481 0.1481 -0.6468
vn -0.5705 0.8105 0.1329
vn 0.5660 0.6761 -0.4717
vn -0.4043 0.3032 -0.8629
vn -0.4042 0.3032 -0.8629
vn 0.3690 0.9186 -0.1413
vn 0.0707 0.2750 -0.9588
vn -0.8436 0.4311 -0.3202
vn -0.9521 0.0312 0.3043
vn -0.9629 0.1331 0.2348
vn -0.4407 -0.4722 0.7634
vn 0.7370 -0.6743 -0.0470
vn 0.8698 -0.0554 0.4903
vn -0.6567 -0.7193 0.2267
vn -0.8717 -0.3347 -0.3580
vn -0.6540 0.4412 0.6146
vn -0.8589 -0.4060 -0.3123
vn 0.4151 -0.0470 -0.9086
vn 0.5601 0.8283 0.0158
vn -0.9979 0.0156 0.0624
vn 0.1266 0.9097 0.3956
vn 0.7188 -0.2528 0.6477
vn -0.6647 -0.1329 -0.7352
vn 0.1249 0.5230 -0.8431
vn -0.9144 0.3986 0.0703
vn -0.0158 0.9714 0.2369
vn 0.6948 0.7106 0.1105
vn 0.7536 0.5023 -0.4239
vn -0.2507 -0.0940 -0.9635
vn 0.0707 0.2751 -0.9588
vn 0.1249 0.5231 -0.8431
vn 0.7188 -0.2527 0.6477
vn 0.1245 -0.8951 -0.4281
vn 0.7030 -0.0234 -0.7108
vn 0.5651 0.7692 -0.2982
vn -0.2965 -0.6945 -0.6555
vn -0.0390 -0.6948 -0.7182
vn -0.1949 -0.3976 -0.8966
vn -0.3740 -0.9271 -0.0234
vn 0.5651 0.7692 -0.2983
vn 0.7586 0.6321 0.1580
vn 0.9576 0.0864 -0.2747
vn 0.8337 0.2438 -0.4955
vn -0.4867 0.8713 0.0628
vn -0.8755 0.0782 -0.4768
vn -0.0234 -0.2808 -0.9595
vn 0.3917 0.6737 -0.6267
vn -0.4866 0.8713 0.0628
vn -0.6274 -0.3451 0.6980
vn -0.5070 -0.3121 -0.8034
vn -0.9043 -0.4210 0.0702
vn -0.5769 -0.3274 -0.7483
vn -0.4307 -0.2428 0.8692
vn -0.9003 0.2662 0.3445
vn -0.7583 0.2502 -0.6020
vn -0.6901 -0.3608 0.6274
vn -0.2909 -0.4089 0.8650
vn -0.6977 -0.2195 0.6820
vn -0.4323 -0.2279 0.8724
vn -0.3383 -0.3304 0.8811
vn -0.0158 0.9714 0.2370
vn 0.7536 0.5024 -0.4239
vn 0.0708 0.2751 -0.9588
vn 0.8632 0.3531 -0.3610
vn 0.7370 -0.6743 -0.0471
vn 0.8698 -0.0553 0.4903
vn 0.9576 0.0863 -0.2747
vn 0.1266 0.9097 0.3955
vn 0.2103 -0.9034 -0.3738
vn 0.5652 0.7692 -0.2983
vn -0.1555 0.0078 -0.9878
vn -0.4596 -0.8257 -0.3271
vn 0.5326 -0.0235 -0.8460
vn -0.8923 0.2505 -0.3757
vn -0.8737 -0.4681 0.1326
vn -0.7274 0.2816 -0.6257
vn -0.8142 0.5793 -0.0392
vn -0.7028 0.6794 -0.2108
vn -0.7815 0.1329 -0.6096
vn -0.2210 0.8918 0.3947
vn -0.1420 0.7420 0.6552
vn 0.9604 0.1889 0.2047
vn 0.7497 0.0947 0.6550
vn -0.0156 -0.8046 0.5937
vn -0.5910 -0.7931 0.1477
vn 0.5576 -0.7618 0.3298
vn 0.7323 -0.6693 0.1260
vn 0.6784 -0.7099 0.1893
vn 0.8589 -0.1261 0.4964
vn -0.0079 0.9939 0.1104
vn 0.8825 0.4019 -0.2443
vn 0.6640 -0.6719 0.3281
vn -0.9095 -0.0078 0.4156
vn -0.9610 0.2031 0.1875
vn 0.0946 0.7497 0.6550
vn -0.8699 -0.1489 0.4702
vn -0.8745 0.4060 -0.2655
vn 0.3196 -0.9120 -0.2572
vn -0.4392 -0.7451 0.5019
vn -0.5909 -0.7931 0.1477
vn -0.6609 -0.7387 -0.1322
vn -0.7890 -0.6016 0.1250
vn -0.8583 -0.5072 -0.0780
vn 0.0788 -0.1970 0.9772
vn -0.4436 -0.8250 0.3502
vn -0.7727 -0.4527 0.4449
vn -0.7844 0.6040 0.1412
vn -0.8765 -0.3365 0.3443
vn 0.6776 0.7327 -0.0630
vn 0.8416 0.5270 0.1180
vn 0.9046 -0.3382 0.2596
vn 0.0790 0.9953 0.0553
vn -0.0000 1.0000 -0.0079
vn -0.5888 0.3925 0.7066
vn -0.1489 -0.4074 0.9010
vn 0.1173 -0.8914 0.4378
vn 0.1654 -0.7168 0.6774
vn 0.6305 0.2049 0.7487
vn 0.8134 -0.4343 0.3870
vn 0.8054 -0.0237 0.5922
vn 0.8552 0.4001 -0.3295
vn -0.1495 -0.1023 0.9835
vn 0.0867 0.9370 0.3385
vn -0.4651 0.8040 0.3705
vn -0.2981 0.6591 -0.6904
vn -0.8744 0.4060 -0.2655
vn 0.3456 0.5891 -0.7304
vn -0.9136 0.0234 0.4060
vn 0.0712 0.8074 0.5857
vn -0.8572 0.3975 -0.3273
vn -0.0079 0.7708 -0.6371
vn -0.7404 0.6617 -0.1182
vn -0.0866 0.9918 -0.0944
vn -0.2982 0.6590 -0.6905
vn -0.5324 0.8456 0.0391
vn 0.0947 0.7497 0.6550
vn -0.3314 0.9153 0.2288
vn -0.0788 0.9772 0.1970
vn 0.9378 0.2680 0.2207
vn 0.8085 0.2537 0.5310
vn 0.0866 0.9369 0.3386
vn -0.0000 0.8462 -0.5328
vn -0.5254 0.8391 -0.1412
vn -0.4272 0.7595 0.4905
vn 0.1730 0.2830 0.9434
vn 0.7222 -0.3218 0.6123
vn 0.7657 0.3157 0.5604
vn 0.4573 0.8752 -0.1577
vn 0.0713 0.8074 0.5857
vn 0.4028 0.8294 0.3871
vn 0.4252 0.8425 -0.3307
vn -0.5408 0.7524 0.3762
vn 0.5368 0.1579 0.8288
vn -0.2906 0.1649 0.9425
vn -0.0000 -0.3930 0.9195
vn -0.0079 0.5214 0.8533
vn 0.5301 0.5459 0.6488
vn -0.6737 0.2664 0.6893
vn -0.6964 -0.3052 0.6495
vn -0.9267 -0.0707 0.3691
vn -0.5346 0.1808 0.8255
vn 0.3008 0.1504 0.9418
vn 0.5700 0.7442 0.3483
vn -0.4320 0.8483 -0.3063
vn -0.9611 0.1953 0.1953
vn -0.3603 0.9244 -0.1253
vn -0.8253 0.1572 0.5423
vn 0.3152 0.4649 0.8274
vn -0.7625 0.2830 0.5817
vn 0.2774 0.4988 0.8211
vn 0.0157 0.8863 -0.4628
vn 0.1269 0.8167 0.5629
vn 0.0315 0.0393 0.9987
vn 0.5447 0.8368 0.0553
vn -0.1421 0.7420 0.6552
vn -0.8759 0.1408 0.4614
vn -0.7523 0.3527 0.5564
vn 0.0469 -0.5322 -0.8453
vn -0.2027 -0.3353 -0.9201
vn 0.8543 -0.2038 -0.4781
vn 0.3987 0.2970 -0.8677
vn 0.3531 0.1805 -0.9180
vn -0.6942 -0.0546 -0.7177
vn 0.8780 -0.2509 -0.4077
vn 0.8679 -0.3629 -0.3392
vn 0.0391 0.1719 -0.9843
vn -0.1406 -0.1640 -0.9764
vn -0.5933 -0.0390 -0.8040
vn 0.0235 -0.3995 -0.9165
vn 0.1250 -0.1250 -0.9843
vn 0.0863 0.1255 -0.9883
vn 0.2583 -0.4383 -0.8609
vn 0.7344 -0.1406 -0.6640
vn 0.6648 0.0782 -0.7430
vn -0.8582 0.1482 -0.4915
vn -0.5847 0.6003 -0.5457
vn -0.5555 0.2817 -0.7824
vn -0.8102 0.2337 -0.5375
vn -0.5331 0.1960 -0.8231
vn -0.7770 -0.0078 -0.6294
vn -0.7431 0.4771 -0.4693
vn -0.7835 0.4623 0.4153
vn -0.6199 0.2197 0.7533
vn -0.8359 0.2265 0.5000
vn -0.6276 0.7609 0.1647
vn -0.5496 0.6674 0.5025
vn -0.8423 -0.1326 -0.5225
vn -0.9987 0.0390 -0.0312
vn -0.5828 0.4490 0.6773
vn 0.1805 -0.1413 0.9734
vn 0.5828 0.0473 0.8112
vn -0.9920 -0.1094 0.0625
vn -0.7562 0.0236 0.6539
vn 0.0790 0.0553 0.9953
vn 0.0316 -0.0947 0.9950
vn 0.4413 -0.3073 0.8431
vn 0.5694 0.1107 0.8146
vn 0.5518 0.1025 0.8277
vn 0.1580 0.0158 0.9873
vn -0.7523 -0.3527 0.5564
vn -0.6093 -0.7108 0.3515
vn 0.4104 -0.3630 0.8366
vn 0.1101 0.5422 0.8330
vn -0.2675 -0.0865 0.9597
vn 0.3952 0.2450 0.8853
vn 0.2049 0.0551 0.9772
vn 0.6455 0.1102 0.7557
vn 0.4104 -0.3630 0.8365
vn -0.1174 -0.7513 0.6495
vn 0.1100 0.5422 0.8330
vn -0.7131 -0.6191 0.3291
vn -0.5346 0.1809 0.8255
vn 0.4701 -0.7208 0.5093
vn 0.9428 -0.0471 0.3300
vn 0.5688 0.4266 0.7031
vn 0.5429 -0.1888 0.8183
vn 0.2364 -0.3704 0.8983
vn -0.1022 -0.6915 0.7151
vn -0.0393 -0.4563 0.8890
vn 0.3475 0.7741 0.5292
vn -0.5463 -0.6945 0.4682
vn -0.3140 -0.3768 0.8714
vn 0.1344 0.3557 0.9249
vn 0.3388 0.8431 0.4176
vn 0.3476 0.4661 0.8136
vn 0.5357 0.2048 0.8192
vn -0.7029 -0.1093 0.7029
vn -0.7185 -0.3983 0.5701
vn -0.4238 -0.5572 0.7141
vn -0.2119 -0.6671 0.7142
vn -0.2344 -0.6795 0.6952
vn 0.5942 0.2377 0.7684
vn 0.5521 0.1499 0.8202
vn 0.4398 -0.6912 0.5734
vn 0.4578 0.5130 0.7261
vn 0.2692 0.6889 0.6730
vn 0.1345 0.9015 0.4113
vn -0.1104 0.5125 0.8515
vn -0.5612 0.7272 0.3952
vn -0.6126 0.3691 0.6989
vn -0.8294 0.1096 0.5478
vn 0.3859 0.7876 0.4804
vn 0.7158 -0.1731 0.6765
vn 0.7449 0.4041 0.5309
vn 0.6368 -0.1573 0.7548
vn -0.0079 -0.0315 0.9995
vn -0.0000 0.8284 0.5601
vn -0.3926 0.7852 0.4790
vn -0.6737 0.2663 0.6893
vn -0.7331 0.3863 0.5597
vn -0.3790 0.3948 0.8369
vn -0.7196 -0.1721 0.6727
vn -0.3152 0.3861 0.8669
vn -0.2986 0.3065 0.9038
vn -0.2133 0.2370 0.9478
vn -0.4728 0.1970 0.8589
vn -0.7619 -0.2514 0.5969
vn 0.0395 0.2922 0.9555
vn -0.2125 0.1338 0.9680
vn -0.3629 0.3393 0.8679
vn -0.4729 0.3232 0.8197
vn -0.3610 0.1099 0.9261
vn 0.1577 -0.3075 0.9384
vn 0.1260 0.5356 0.8350
vn -0.2999 0.3624 0.8825
vn 0.7998 0.3563 0.4830
vn 0.5751 -0.3939 0.7170
vn -0.4392 -0.7451 0.5020
vn -0.0396 0.2849 0.9577
vn 0.3471 0.2051 0.9151
vn -0.2203 -0.1731 0.9599
vn -0.6610 -0.7387 -0.1321
vn -0.8583 -0.5072 -0.0781
vn 0.4249 0.3698 0.8262
vn 0.3959 0.3722 0.8395
vn 0.1177 0.2904 0.9496
vn 0.2611 0.2136 0.9414
vn 0.4897 0.2922 0.8215
vn 0.6695 -0.4175 0.6144
vn 0.8433 -0.0394 0.5360
vn 0.5681 0.0631 0.8206
vn -0.2588 -0.5412 0.8000
vn -0.6440 0.2278 0.7304
vn -0.3867 0.4499 0.8050
vn -0.6583 -0.1881 0.7289
vn 0.6245 0.4584 0.6324
vn 0.6228 -0.0552 0.7805
vn 0.9142 0.0946 -0.3941
vn 0.7893 0.4341 -0.4342
vn 0.4862 0.0784 -0.8703
vn 0.2813 -0.1094 -0.9534
vn -0.1027 0.1738 0.9794
vn -0.4534 -0.6645 0.5941
vn 0.8834 0.2761 0.3786
vn 0.8083 0.0157 -0.5886
vn 0.7471 0.6527 0.1258
vn 0.6811 0.3802 0.6257
vn 0.6312 0.5445 -0.5524
vn 0.3925 -0.0471 -0.9185
vn -0.2661 -0.5165 -0.8139
vn 0.0623 -0.6779 -0.7325
vn -0.6645 -0.4534 -0.5941
vn -0.0000 0.0468 -0.9989
vn -0.4355 -0.1944 -0.8789
vn -0.3986 -0.0704 -0.9144
vn 0.5342 -0.5185 -0.6677
vn -0.6711 -0.4838 -0.5618
vn -0.7393 -0.3735 -0.5603
vn -0.7892 -0.3672 -0.4923
vn -0.3822 -0.7567 -0.5304
vn 0.3591 -0.6401 -0.6792
vn -0.1320 -0.7532 -0.6445
vn 0.2661 -0.9470 -0.1800
vn -0.3822 -0.7567 -0.5305
vn 0.2898 -0.9400 -0.1801
vn 0.5175 -0.7685 -0.3764
vn 0.6401 -0.2732 -0.7181
vn 0.6112 -0.7758 -0.1567
vn 0.8403 -0.5419 0.0157
vn 0.2753 -0.8969 0.3462
vn 0.8533 -0.3445 -0.3914
vn 0.8869 0.1648 -0.4317
vn 0.9696 0.0867 -0.2286
vn 0.3936 0.2598 0.8818
vn 0.5197 -0.2914 0.8031
vn -0.4579 0.6632 0.5921
vn -0.4489 0.8269 0.3387
vn -0.0000 0.5601 0.8284
vn 0.0315 0.7414 0.6704
vn 0.5124 0.5912 0.6228
vn 0.3226 0.8497 0.4170
vn 0.5437 0.6461 0.5358
vn 0.4422 0.3948 0.8054
vn 0.5348 0.6606 -0.5269
vn 0.5557 0.6184 -0.5557
vn 0.6539 0.6146 -0.4412
vn 0.4414 0.6384 -0.6305
vn 0.0863 0.5490 -0.8314
vn -0.0786 0.8258 -0.5584
vn -0.5303 0.6551 -0.5381
vn -0.4611 0.7581 -0.4612
vn -0.6511 0.7531 -0.0942
vn -0.7519 0.6501 0.1096
vn -0.0079 0.9696 -0.2444
vn -0.5160 0.7975 -0.3128
vn 0.0316 0.7414 0.6704
vn -0.1188 0.9106 0.3959
vn -0.3625 0.8826 -0.2995
vn 0.0863 0.5490 -0.8313
vn -0.2202 0.9752 -0.0236
vn -0.0394 0.9763 0.2126
vn -0.3358 -0.7185 -0.6091
vn -0.9086 0.3838 -0.1645
vn -0.5092 -0.4935 0.7051
vn -0.5955 0.2821 0.7522
vn -0.3938 -0.3072 0.8663
vn -0.3667 -0.2965 -0.8818
vn -0.4471 -0.7060 0.5491
vn -0.1557 -0.2414 -0.9578
vn -0.4611 0.7581 -0.4611
vn -0.0787 0.8258 -0.5584
vn -0.0000 0.5565 -0.8308
vn 0.4577 0.7575 -0.4656
vn 0.4413 0.6384 -0.6306
vn 0.9042 0.4167 -0.0943
vn 0.7980 0.4978 0.3397
vn 0.5437 0.6461 0.5357
vn 0.5148 0.6733 0.5307
vn -0.0000 0.7637 0.6456
vn -0.4489 0.8269 0.3386
vn -0.5903 0.5588 0.5824
vn -0.7378 0.6750 -0.0000
vn -0.6511 0.7531 -0.0941
vn 0.9041 0.4167 -0.0943
vn 0.8975 -0.4409 -0.0000
vn 0.6807 -0.6729 -0.2895
vn 0.3832 -0.8368 -0.3910
vn 0.3272 -0.4987 -0.8026
vn -0.0000 -0.8960 -0.4441
vn -0.2880 -0.6693 -0.6849
vn -0.4612 0.7581 -0.4611
vn -0.3899 -0.8343 -0.3898
vn -0.8006 -0.4974 -0.3342
vn -0.8991 -0.4378 -0.0000
vn -0.6864 -0.6708 0.2808
vn -0.3910 -0.8368 0.3832
vn -0.2895 -0.6729 0.6807
vn -0.0000 -0.7071 0.7071
vn 0.2355 -0.7850 0.5730
vn 0.5149 0.6733 0.5307
vn 0.3844 -0.8394 0.3843
vn 0.8585 -0.3781 0.3465
vn 0.0867 0.9369 0.3386
vn 0.2196 0.3528 -0.9096
vn 0.6889 -0.3210 -0.6498
vn 0.8858 0.0392 -0.4625
vn 0.9629 -0.0947 -0.2526
vn 0.9565 -0.0314 -0.2901
vn 0.9262 -0.0157 -0.3767
vn 0.9924 -0.1103 -0.0551
vn 0.9829 -0.0629 0.1730
vn 0.5927 0.2213 0.7744
vn 0.7402 0.2126 0.6378
vn 0.3784 0.6386 0.6701
vn 0.3872 0.2845 0.8770
vn -0.1423 0.3082 0.9406
vn 0.3537 0.3930 0.8488
vn -0.6569 0.1959 0.7281
vn -0.7224 0.1492 0.6752
vn -0.2668 0.9261 0.2668
vn -0.7357 0.6261 -0.2583
vn -0.8797 -0.4749 0.0234
vn 0.3772 0.8017 -0.4637
vn -0.0157 0.7952 -0.6062
vn 0.7813 0.6234 -0.0316
vn 0.8466 0.1029 0.5222
vn 0.3984 -0.9139 0.0781
vn 0.5958 -0.6271 0.5017
vn -0.9541 -0.1642 0.2503
vn -0.9415 0.1569 0.2981
vn -0.4775 -0.7827 0.3992
vn 0.5647 -0.8235 -0.0549
vn 0.8642 -0.3928 -0.3143
vn 0.9565 -0.0313 -0.2901
vn 0.7708 -0.5584 0.3067
vn 0.4243 0.1336 0.8956
vn -0.6708 -0.7410 -0.0312
vn -0.2024 -0.9655 -0.1635
vn 0.1561 -0.3357 -0.9289
vn -0.3898 -0.8343 -0.3899
vn 0.8976 -0.4409 -0.0000
vn 0.8585 -0.3780 0.3466
vn 0.3843 -0.8394 0.3844
vn 0.3236 0.4105 0.8525
vn 0.7165 -0.1968 0.6693
vn 0.4820 0.1106 0.8692
vn 0.2590 -0.2747 0.9260
vn 0.3463 -0.7477 0.5666
vn -0.6990 0.0236 0.7147
vn -0.3058 -0.3058 0.9017
vn 0.0470 -0.9253 0.3764
vn 0.0391 -0.9694 0.2424
vn -0.3323 0.5697 0.7517
vn -0.0000 0.9910 -0.1337
vn -0.3846 0.8241 -0.4160
vn -0.2757 0.9612 0.0079
vn 0.0157 0.9590 0.2830
vn 0.1259 0.2517 0.9596
vn 0.5288 0.3315 0.7813
vn -0.2112 -0.9622 0.1721
vn 0.2909 0.9513 0.1022
vn 0.4082 0.8242 -0.3925
vn 0.0157 0.8246 -0.5655
vn 0.1489 0.4074 -0.9010
vn 0.2815 0.2893 -0.9149
vn 0.6790 0.6948 -0.2369
vn 0.5741 0.8179 0.0393
vn 0.0078 0.3901 -0.9207
vn -0.3682 0.9089 -0.1959
vn -0.1249 0.4059 -0.9054
vn 0.0156 -0.0000 -0.9999
vn -0.4471 -0.7061 0.5491
vn -0.5071 -0.3120 -0.8035
vn 0.4366 -0.4991 -0.7485
vn 0.9735 -0.2276 0.0236
vn 0.6878 -0.3953 0.6088
vn 0.3377 -0.4241 0.8403
vn 0.4538 -0.7669 0.4538
vn -0.5092 -0.4936 0.7050
vn 0.4929 -0.5790 -0.6494
vn -0.5769 -0.3274 -0.7484
vn -0.4429 -0.8003 -0.4041
vn -0.2343 -0.6796 0.6952
vn -0.1564 -0.9852 -0.0704
vn -0.4849 -0.5945 0.6414
vn -0.8981 0.2421 -0.3670
vn -0.8294 0.1096 0.5477
vn -0.8813 -0.3743 -0.2885
vn -0.3232 0.0236 0.9460
vn 0.6112 -0.7365 0.2899
vn -0.6744 0.1569 -0.7215
vn 0.5900 0.2124 -0.7789
vn 0.4758 -0.8737 -0.1014
vn 0.8218 -0.5322 -0.2035
vn 0.7737 -0.6331 -0.0235
vn 0.7938 -0.2594 -0.5502
vn 0.7234 -0.5504 -0.4168
vn 0.8643 -0.3928 -0.3143
vn 0.7444 -0.3918 -0.5407
vn 0.6583 -0.5878 -0.4702
vn 0.5713 -0.6731 -0.4696
vn 0.6555 -0.1795 -0.7335
vn 0.6583 -0.3919 -0.6427
vn 0.6757 -0.5972 0.4321
vn 0.4273 0.2137 0.8785
vn 0.9196 -0.2358 0.3144
vn 0.7603 -0.1960 -0.6192
vn 0.9954 -0.0940 -0.0157
vn 0.5172 -0.5563 -0.6504
vn 0.3668 -0.2965 -0.8818
vn 0.7206 -0.1663 0.6732
vn 0.6092 -0.6092 -0.5077
vn 0.4796 -0.3380 0.8098
vn 0.1644 -0.6655 -0.7281
vn 0.4795 -0.3381 0.8098
vn 0.9456 0.3231 -0.0394
vn 0.6076 -0.2841 0.7417
vn 0.7066 -0.7066 -0.0393
vn 0.0779 0.0078 -0.9969
vn 0.1172 -0.8754 -0.4690
vn 0.3710 0.4026 0.8368
vn -0.6808 0.5556 -0.4773
vn -0.3245 0.6728 0.6649
vn -0.3122 -0.9446 -0.1015
vn 0.4413 0.1103 0.8905
vn -0.0469 -0.1094 -0.9929
vn -0.6149 0.5215 -0.5915
vn -0.4317 0.4002 0.8084
vn -0.8683 -0.3051 0.3912
vn -0.3822 -0.7566 -0.5305
vn 0.5175 -0.7684 -0.3764
vn 0.5342 -0.5184 -0.6677
vn 0.3379 -0.8722 0.3536
vn 0.6113 -0.7758 -0.1567
vn 0.9310 -0.0394 0.3629
vn 0.8146 0.2531 0.5219
vn 0.9362 0.2281 -0.2675
vn 0.4914 0.0936 -0.8659
vn 0.2499 -0.2109 -0.9450
vn 0.6857 -0.2207 0.6936
vn 0.7992 0.4956 0.3402
vn 0.5436 0.6461 0.5358
vn -0.4394 0.2982 0.8474
vn -0.7774 -0.0314 0.6282
vn -0.1336 -0.4243 0.8956
vn -0.5764 -0.3115 -0.7555
vn -0.8022 -0.0779 -0.5919
vn -0.7648 0.1873 -0.6165
vn -0.3625 0.8826 -0.2994
vn 0.3598 -0.9309 -0.0626
vn -0.8683 -0.3050 0.3911
vn 0.3542 -0.5510 0.7556
vn 0.7762 -0.5880 0.2274
vn 0.5978 -0.5428 -0.5899
vn -0.0469 -0.1095 -0.9929
vn -0.2960 -0.9506 -0.0935
vn -0.6149 0.5215 -0.5916
vn 0.2103 -0.7401 -0.6388
vn -0.5070 -0.3120 -0.8035
vn -0.9507 -0.1324 0.2806
vn -0.2494 -0.2183 -0.9435
vn 0.2608 0.6165 0.7429
vn 0.4577 0.5130 0.7261
vn 0.1344 0.9016 0.4112
vn 0.4299 -0.5940 -0.6800
vn -0.4512 -0.7700 -0.4511
vn 0.5889 -0.6831 0.4319
vn -0.7738 -0.1719 0.6097
vn -0.4511 -0.7700 -0.4512
vn -0.7058 -0.4731 -0.5274
vn -0.0235 -0.0863 0.9960
vn 0.5667 -0.2676 0.7792
vn -0.5768 -0.3274 -0.7484
vn -0.4308 -0.2428 0.8692
vn -0.9003 0.2662 0.3444
vn 0.7105 0.4815 0.5131
vn -0.4621 -0.5482 0.6971
vn 0.6879 -0.3953 0.6088
vn -0.3358 -0.7184 -0.6092
vn -0.5763 -0.3115 -0.7555
vn 0.4939 -0.7762 -0.3920
vn 0.5714 -0.6888 0.4462
vn 0.0315 -0.5269 0.8493
vn 0.6889 -0.3210 -0.6499
vn 0.2195 0.3528 -0.9096
vn -0.0078 -0.6750 0.7378
vn -0.0078 -0.9274 0.3741
vn 0.0628 -0.9107 0.4082
vn -0.2743 -0.9091 0.3135
vn 0.3007 0.1504 0.9418
vn -0.0000 0.8463 -0.5328
vn 0.6321 0.6004 0.4899
vn 0.8685 -0.1895 0.4580
vn 0.7105 0.4816 0.5132
vn 0.5368 0.1578 0.8288
vn 0.4834 0.1426 0.8637
vn 0.3063 0.0550 0.9503
vn 0.7471 0.1258 0.6527
vn 0.2665 -0.2430 0.9327
vn 0.5761 0.2131 0.7891
vn -0.9095 -0.0079 0.4156
vn 0.8085 0.2536 0.5311
vn -0.7028 0.6794 -0.2109
vn 0.3161 0.9326 0.1739
vt 0.056091 0.499512
vt 0.080383 0.449707
vt 0.116577 0.473633
vt 0.251953 0.441406
vt 0.250732 0.447754
vt 0.206543 0.435059
vt 0.205200 0.428711
vt 0.189575 0.436523
vt 0.197876 0.503906
vt 0.163086 0.467773
vt 0.166626 0.533447
vt 0.110474 0.520264
vt 0.085266 0.551270
vt 0.191895 0.428711
vt 0.070496 0.633545
vt 0.080139 0.584229
vt 0.113098 0.589355
vt 0.125610 0.562012
vt 0.142090 0.588135
vt 0.019791 0.516846
vt 0.014297 0.568604
vt 0.002699 0.622314
vt 0.005600 0.687500
vt 0.067078 0.684570
vt 0.104248 0.635498
vt 0.148193 0.629639
vt 0.187744 0.581543
vt 0.189087 0.558594
vt 0.204590 0.533691
vt 0.101196 0.679932
vt 0.152344 0.666992
vt 0.192383 0.619141
vt 0.210571 0.615234
vt 0.203613 0.580322
vt 0.244141 0.615234
vt 0.235840 0.587646
vt 0.273682 0.611328
vt 0.193604 0.735107
vt 0.177979 0.821655
vt 0.154541 0.814453
vt 0.156494 0.725586
vt 0.199097 0.663818
vt 0.218872 0.653320
vt 0.247070 0.645264
vt 0.278320 0.639893
vt 0.339844 0.639404
vt 0.309326 0.635742
vt 0.303711 0.604736
vt 0.296631 0.573730
vt 0.310791 0.559814
vt 0.287354 0.553223
vt 0.296631 0.537842
vt 0.269531 0.513184
vt 0.322021 0.588623
vt 0.342285 0.600586
vt 0.354736 0.604736
vt 0.356689 0.636963
vt 0.337891 0.667236
vt 0.359375 0.667725
vt 0.348389 0.726562
vt 0.358643 0.697510
vt 0.372559 0.722412
vt 0.330322 0.728271
vt 0.368896 0.647705
vt 0.363770 0.813599
vt 0.339844 0.816284
vt 0.324707 0.816528
vt 0.318604 0.850220
vt 0.395996 0.778809
vt 0.403076 0.801514
vt 0.405273 0.757324
vt 0.403076 0.731201
vt 0.426758 0.820923
vt 0.454102 0.832520
vt 0.454346 0.905334
vt 0.407959 0.880310
vt 0.384766 0.864014
vt 0.350098 0.860840
vt 0.325684 0.855835
vt 0.314453 0.869141
vt 0.389160 0.943726
vt 0.373047 0.903015
vt 0.339111 0.896240
vt 0.309326 0.915039
vt 0.335449 0.922119
vt 0.355469 0.925232
vt 0.368408 0.940613
vt 0.357666 0.962830
vt 0.378906 0.988304
vt 0.324463 0.997501
vt 0.334961 0.972214
vt 0.312744 0.977707
vt 0.337646 0.964020
vt 0.315918 0.970810
vt 0.358398 0.953827
vt 0.283936 0.996500
vt 0.226929 0.977905
vt 0.253906 0.979813
vt 0.253662 0.995102
vt 0.280273 0.978104
vt 0.294678 0.967529
vt 0.320801 0.962311
vt 0.337891 0.958313
vt 0.253906 0.960114
vt 0.229492 0.957123
vt 0.247192 0.924805
vt 0.278564 0.957428
vt 0.315674 0.947418
vt 0.324463 0.952118
vt 0.309326 0.960419
vt 0.310059 0.944305
vt 0.262451 0.924561
vt 0.254883 0.925049
vt 0.246094 0.897339
vt 0.318848 0.931946
vt 0.324951 0.943207
vt 0.264648 0.897034
vt 0.255371 0.897034
vt 0.299805 0.876343
vt 0.255615 0.865479
vt 0.262695 0.866089
vt 0.280273 0.856934
vt 0.295166 0.860229
vt 0.255371 0.843506
vt 0.265381 0.844360
vt 0.308838 0.848877
vt 0.286377 0.843140
vt 0.261230 0.820435
vt 0.254883 0.814087
vt 0.245483 0.844849
vt 0.266357 0.809082
vt 0.268311 0.816284
vt 0.294678 0.830444
vt 0.312988 0.841797
vt 0.291260 0.815796
vt 0.197876 0.845093
vt 0.215820 0.832275
vt 0.224731 0.844482
vt 0.241699 0.817017
vt 0.248901 0.820801
vt 0.243286 0.809814
vt 0.231079 0.857910
vt 0.248779 0.866455
vt 0.211792 0.877747
vt 0.200806 0.916016
vt 0.218750 0.817383
vt 0.190063 0.931824
vt 0.198608 0.944519
vt 0.212891 0.967316
vt 0.198608 0.959717
vt 0.186890 0.961609
vt 0.173340 0.921204
vt 0.183350 0.942627
vt 0.192383 0.947327
vt 0.183472 0.951324
vt 0.169678 0.938324
vt 0.168701 0.945801
vt 0.157593 0.938324
vt 0.153198 0.923401
vt 0.134888 0.897522
vt 0.169800 0.956818
vt 0.152588 0.946228
vt 0.146484 0.937622
vt 0.139893 0.937134
vt 0.116699 0.938110
vt 0.149292 0.951019
vt 0.169800 0.962219
vt 0.191284 0.970001
vt 0.223145 0.996101
vt 0.194214 0.977005
vt 0.171875 0.970703
vt 0.149292 0.959320
vt 0.129883 0.975510
vt 0.090942 0.944824
vt 0.181885 0.992603
vt 0.101685 0.871704
vt 0.066040 0.885803
vt 0.088989 0.810059
vt 0.046173 0.825439
vt 0.015495 0.744385
vt 0.068787 0.728760
vt 0.104980 0.722900
vt 0.120667 0.807129
vt 0.127441 0.858765
vt 0.170288 0.896423
vt 0.197876 0.871826
vt 0.162842 0.861816
vt 0.202637 0.851318
vt 0.216675 0.861816
vt 0.193481 0.855225
vt 0.186890 0.860229
vt 0.218018 0.680908
vt 0.210693 0.740723
vt 0.191895 0.824585
vt 0.691895 0.409668
vt 0.707520 0.427246
vt 0.705566 0.450195
vt 0.656250 0.387207
vt 0.676758 0.392090
vt 0.635742 0.382324
vt 0.704102 0.472656
vt 0.687500 0.486328
vt 0.588867 0.396484
vt 0.570801 0.503418
vt 0.601074 0.527832
vt 0.540527 0.533203
vt 0.538086 0.423340
vt 0.612793 0.487305
vt 0.671387 0.500000
vt 0.615234 0.517090
vt 0.555664 0.614014
vt 0.522461 0.618896
vt 0.513672 0.580566
vt 0.625000 0.612305
vt 0.633789 0.550293
vt 0.668457 0.544922
vt 0.717773 0.578125
vt 0.775391 0.577637
vt 0.520508 0.647949
vt 0.760254 0.512939
vt 0.512695 0.620117
vt 0.498535 0.593750
vt 0.480957 0.593750
vt 0.457275 0.572510
vt 0.501465 0.553955
vt 0.511719 0.522461
vt 0.479492 0.432129
vt 0.476318 0.510986
vt 0.472168 0.553711
vt 0.460205 0.541748
vt 0.453369 0.515381
vt 0.465088 0.500000
vt 0.442139 0.481934
vt 0.445557 0.449219
vt 0.469971 0.422363
vt 0.443604 0.430176
vt 0.446777 0.405273
vt 0.430664 0.419922
vt 0.411865 0.418457
vt 0.429199 0.459473
vt 0.423584 0.441406
vt 0.491699 0.398926
vt 0.516113 0.412109
vt 0.479980 0.388672
vt 0.418945 0.356934
vt 0.439453 0.368652
vt 0.421387 0.397949
vt 0.462402 0.380859
vt 0.494873 0.379395
vt 0.519043 0.396973
vt 0.509766 0.363770
vt 0.448486 0.350586
vt 0.472900 0.366211
vt 0.474365 0.357910
vt 0.492920 0.365234
vt 0.517090 0.352051
vt 0.500977 0.345215
vt 0.516602 0.347656
vt 0.479736 0.337402
vt 0.457520 0.324219
vt 0.449463 0.344727
vt 0.430176 0.336914
vt 0.439697 0.313477
vt 0.401367 0.395508
vt 0.395508 0.394043
vt 0.414062 0.354004
vt 0.434326 0.310547
vt 0.450684 0.284180
vt 0.446777 0.272461
vt 0.397461 0.438965
vt 0.388672 0.429688
vt 0.380127 0.434570
vt 0.467773 0.292480
vt 0.494385 0.316895
vt 0.519531 0.336426
vt 0.540527 0.352051
vt 0.546387 0.370117
vt 0.515137 0.367188
vt 0.547363 0.374512
vt 0.554688 0.363770
vt 0.554688 0.324219
vt 0.497803 0.305664
vt 0.481201 0.285156
vt 0.481934 0.280762
vt 0.499268 0.297852
vt 0.553223 0.306641
vt 0.584961 0.369141
vt 0.520996 0.289062
vt 0.537598 0.289551
vt 0.611816 0.380859
vt 0.583984 0.375488
vt 0.619141 0.364258
vt 0.620117 0.357910
vt 0.590332 0.321777
vt 0.560059 0.303711
vt 0.593750 0.311035
vt 0.585449 0.287109
vt 0.612305 0.304688
vt 0.615723 0.325195
vt 0.652832 0.320312
vt 0.621582 0.345703
vt 0.556152 0.286621
vt 0.589355 0.271973
vt 0.667480 0.197266
vt 0.694824 0.221680
vt 0.647949 0.223633
vt 0.651855 0.267578
vt 0.627441 0.248047
vt 0.622070 0.262207
vt 0.597168 0.250000
vt 0.585449 0.255371
vt 0.560547 0.255371
vt 0.537598 0.275879
vt 0.544434 0.247070
vt 0.624023 0.243164
vt 0.598145 0.244629
vt 0.581055 0.248047
vt 0.570312 0.240723
vt 0.547363 0.240234
vt 0.529785 0.258301
vt 0.527344 0.248047
vt 0.535156 0.232910
vt 0.476807 0.256348
vt 0.465088 0.249023
vt 0.463135 0.255371
vt 0.475586 0.263672
vt 0.454590 0.245117
vt 0.471436 0.239258
vt 0.525879 0.215820
vt 0.539062 0.202637
vt 0.553223 0.218750
vt 0.548828 0.190430
vt 0.560059 0.202148
vt 0.477539 0.269043
vt 0.461670 0.264160
vt 0.457520 0.264160
vt 0.461426 0.276367
vt 0.321289 0.429199
vt 0.327393 0.416504
vt 0.371094 0.421875
vt 0.372803 0.442383
vt 0.330811 0.449707
vt 0.373779 0.457520
vt 0.338379 0.461426
vt 0.333496 0.470215
vt 0.319580 0.451660
vt 0.303711 0.449219
vt 0.303467 0.426270
vt 0.323242 0.475586
vt 0.289062 0.436523
vt 0.287842 0.423340
vt 0.304688 0.410645
vt 0.290283 0.403809
vt 0.300781 0.384766
vt 0.311279 0.395020
vt 0.332275 0.361816
vt 0.315918 0.349609
vt 0.333984 0.342773
vt 0.323975 0.318359
vt 0.344238 0.363770
vt 0.351074 0.335449
vt 0.339844 0.306641
vt 0.356201 0.300781
vt 0.376221 0.312012
vt 0.375977 0.355957
vt 0.392090 0.382324
vt 0.381592 0.402344
vt 0.334473 0.399902
vt 0.823242 0.406738
vt 0.813965 0.413574
vt 0.813477 0.397949
vt 0.828125 0.385742
vt 0.831543 0.399414
vt 0.789551 0.394531
vt 0.804199 0.428223
vt 0.785156 0.430664
vt 0.833984 0.351562
vt 0.841309 0.364258
vt 0.788574 0.354980
vt 0.758789 0.394531
vt 0.767090 0.338379
vt 0.693848 0.354492
vt 0.687500 0.316406
vt 0.673828 0.320312
vt 0.679199 0.291504
vt 0.706543 0.289551
vt 0.714355 0.387695
vt 0.728516 0.401855
vt 0.668457 0.340332
vt 0.662109 0.323242
vt 0.667480 0.319336
vt 0.679199 0.354980
vt 0.690430 0.371094
vt 0.708496 0.391602
vt 0.703613 0.398438
vt 0.725098 0.410645
vt 0.689941 0.381836
vt 0.684082 0.378906
vt 0.670898 0.357422
vt 0.669434 0.372070
vt 0.674805 0.377930
vt 0.670410 0.383301
vt 0.663086 0.375000
vt 0.375732 0.539062
vt 0.384766 0.534912
vt 0.387451 0.541260
vt 0.390137 0.547607
vt 0.366699 0.543213
vt 0.355469 0.531738
vt 0.366211 0.506104
vt 0.364258 0.522949
vt 0.349365 0.579102
vt 0.365479 0.607422
vt 0.411377 0.552002
vt 0.404297 0.539795
vt 0.413086 0.596924
vt 0.427979 0.601807
vt 0.408691 0.619141
vt 0.386963 0.613281
vt 0.435059 0.584717
vt 0.427734 0.548584
vt 0.444092 0.545166
vt 0.445801 0.597656
vt 0.463379 0.593506
vt 0.439209 0.508789
vt 0.433594 0.525146
vt 0.427490 0.541748
vt 0.685059 0.127441
vt 0.677246 0.099609
vt 0.694824 0.112305
vt 0.712402 0.125488
vt 0.586914 0.129883
vt 0.599121 0.116211
vt 0.597168 0.140137
vt 0.615723 0.116211
vt 0.631348 0.142090
vt 0.639648 0.108887
vt 0.657227 0.148926
vt 0.675781 0.130371
vt 0.692383 0.154785
vt 0.709473 0.163574
vt 0.691406 0.179688
vt 0.686523 0.171875
vt 0.674316 0.160645
vt 0.659180 0.178711
vt 0.725586 0.146484
vt 0.720215 0.173340
vt 0.705078 0.189941
vt 0.709473 0.202637
vt 0.719727 0.215820
vt 0.717773 0.227051
vt 0.686523 0.260254
vt 0.735352 0.193848
vt 0.734863 0.208984
vt 0.732422 0.221191
vt 0.743652 0.209473
vt 0.756836 0.224121
vt 0.758789 0.217285
vt 0.764160 0.230957
vt 0.754395 0.228516
vt 0.756836 0.209473
vt 0.751953 0.166016
vt 0.738770 0.156250
vt 0.733398 0.232910
vt 0.753906 0.231445
vt 0.752441 0.239258
vt 0.747070 0.245117
vt 0.417236 0.021484
vt 0.414795 0.013184
vt 0.422119 0.011230
vt 0.424316 0.019043
vt 0.273682 0.022949
vt 0.210083 0.023926
vt 0.210083 0.013672
vt 0.273682 0.011719
vt 0.335449 0.022461
vt 0.337402 0.011230
vt 0.392822 0.021973
vt 0.410400 0.006348
vt 0.393799 0.029785
vt 0.417725 0.028809
vt 0.402344 0.031738
vt 0.406250 0.041992
vt 0.398682 0.041504
vt 0.389404 0.065430
vt 0.347412 0.065430
vt 0.373291 0.129883
vt 0.366211 0.129883
vt 0.374023 0.135742
vt 0.365479 0.135742
vt 0.396240 0.067383
vt 0.378662 0.132324
vt 0.360840 0.131836
vt 0.341064 0.067383
vt 0.336670 0.045410
vt 0.336914 0.056152
vt 0.333984 0.066406
vt 0.317871 0.129883
vt 0.311523 0.127930
vt 0.326904 0.063477
vt 0.283447 0.062012
vt 0.273682 0.041504
vt 0.277100 0.064941
vt 0.272949 0.051270
vt 0.261719 0.066406
vt 0.269287 0.067871
vt 0.255615 0.130859
vt 0.247559 0.129395
vt 0.221802 0.065430
vt 0.208496 0.040527
vt 0.190063 0.130371
vt 0.184570 0.129395
vt 0.197510 0.065430
vt 0.204712 0.067871
vt 0.208984 0.052246
vt 0.213989 0.068848
vt 0.243042 0.128906
vt 0.247437 0.137695
vt 0.242798 0.137207
vt 0.235107 0.131836
vt 0.184082 0.134766
vt 0.176392 0.135254
vt 0.177246 0.128418
vt 0.156494 0.065918
vt 0.147095 0.046875
vt 0.145386 0.025879
vt 0.147339 0.011719
vt 0.083191 0.009766
vt 0.083984 0.022461
vt 0.083191 0.039551
vt 0.137085 0.065918
vt 0.093689 0.061035
vt 0.087097 0.064941
vt 0.082947 0.049805
vt 0.069580 0.062500
vt 0.077087 0.065918
vt 0.020493 0.008789
vt 0.114380 0.128906
vt 0.111450 0.130859
vt 0.122681 0.128906
vt 0.125610 0.130859
vt 0.144165 0.068359
vt 0.146973 0.057617
vt 0.149414 0.068848
vt 0.170898 0.130859
vt 0.122864 0.132324
vt 0.114380 0.132324
vt 0.008797 0.014648
vt 0.016190 0.016113
vt 0.014595 0.023926
vt 0.007198 0.022461
vt 0.028488 0.061035
vt 0.019196 0.039062
vt 0.022186 0.025879
vt 0.023193 0.018066
vt 0.010895 0.027344
vt 0.015900 0.030273
vt 0.011894 0.039551
vt 0.021393 0.062988
vt 0.056183 0.130371
vt 0.051270 0.128418
vt 0.044281 0.128418
vt 0.039276 0.129883
vt 0.051880 0.133789
vt 0.044678 0.133301
vt 0.300781 0.473633
vt 0.315674 0.473633
vt 0.318604 0.484863
vt 0.317871 0.511719
vt 0.308594 0.516113
vt 0.306885 0.501221
vt 0.316650 0.499023
vt 0.295166 0.498047
vt 0.291992 0.490723
vt 0.292969 0.481445
vt 0.290283 0.466309
vt 0.290527 0.451172
vt 0.145996 0.100098
vt 0.154541 0.099609
vt 0.171387 0.164062
vt 0.127808 0.168457
vt 0.180786 0.178711
vt 0.115784 0.187500
vt 0.210815 0.101074
vt 0.218262 0.100586
vt 0.232666 0.164062
vt 0.190430 0.164062
vt 0.243530 0.186523
vt 0.181885 0.206543
vt 0.115356 0.207520
vt 0.054779 0.205078
vt 0.051697 0.189453
vt 0.060486 0.167480
vt 0.103455 0.166504
vt 0.079346 0.100098
vt 0.086365 0.100586
vt 0.243164 0.206055
vt 0.050781 0.205566
vt 0.051270 0.213379
vt 0.305664 0.190430
vt 0.305908 0.210449
vt 0.256104 0.164062
vt 0.297607 0.167969
vt 0.272217 0.104980
vt 0.282227 0.104492
vt 0.446777 0.209961
vt 0.445801 0.217773
vt 0.428467 0.206543
vt 0.371582 0.212402
vt 0.371094 0.188477
vt 0.361328 0.171387
vt 0.317139 0.171387
vt 0.339600 0.106445
vt 0.346680 0.106934
vt 0.433594 0.193359
vt 0.423828 0.169434
vt 0.379883 0.169922
vt 0.398438 0.104492
vt 0.406982 0.104004
vt 0.431152 0.710938
vt 0.435059 0.686523
vt 0.448730 0.704834
vt 0.483887 0.665039
vt 0.491943 0.689941
vt 0.482910 0.689453
vt 0.477295 0.673096
vt 0.471436 0.695068
vt 0.460693 0.681152
vt 0.398193 0.666504
vt 0.404785 0.689941
vt 0.478271 0.697754
vt 0.451172 0.625732
vt 0.433350 0.642334
vt 0.431396 0.617432
vt 0.461670 0.649658
vt 0.405029 0.641846
vt 0.485596 0.631592
vt 0.492920 0.633301
vt 0.490479 0.640625
vt 0.484375 0.641113
vt 0.478271 0.657471
vt 0.470947 0.638184
vt 0.472656 0.634766
vt 0.478271 0.633789
vt 0.477783 0.036621
vt 0.484863 0.040039
vt 0.467041 0.089844
vt 0.513184 0.096191
vt 0.512207 0.040039
vt 0.531250 0.089844
vt 0.498779 0.041992
vt 0.498535 0.025879
vt 0.494629 0.021973
vt 0.487061 0.019531
vt 0.470215 0.029785
vt 0.448486 0.079590
vt 0.525879 0.028809
vt 0.549805 0.078613
vt 0.502930 0.023926
vt 0.505371 0.020020
vt 0.519043 0.036621
vt 0.541992 0.108887
vt 0.518555 0.115723
vt 0.561523 0.089355
vt 0.581055 0.097168
vt 0.558594 0.117676
vt 0.529297 0.144531
vt 0.500488 0.208008
vt 0.535156 0.184082
vt 0.465332 0.184570
vt 0.470215 0.145020
vt 0.436523 0.090332
vt 0.456787 0.109375
vt 0.440430 0.118652
vt 0.480225 0.115723
vt 0.499268 0.119141
vt 0.485352 0.096191
vt 0.499268 0.096680
vt 0.179688 0.420898
vt 0.161499 0.458496
vt 0.156616 0.423340
vt 0.161865 0.417969
vt 0.147461 0.403320
vt 0.142822 0.408691
vt 0.124390 0.413574
vt 0.127930 0.398438
vt 0.128540 0.395020
vt 0.145630 0.393555
vt 0.092651 0.418457
vt 0.092773 0.401855
vt 0.102844 0.405273
vt 0.107056 0.392578
vt 0.107788 0.389160
vt 0.109558 0.373535
vt 0.136230 0.377930
vt 0.082092 0.404785
vt 0.061890 0.414551
vt 0.042480 0.405273
vt 0.028793 0.421387
vt 0.105286 0.391113
vt 0.094299 0.389648
vt 0.105591 0.389160
vt 0.094299 0.387695
vt 0.093079 0.376465
vt 0.092957 0.369141
vt 0.113647 0.369141
vt 0.072571 0.370117
vt 0.076477 0.374512
vt 0.064880 0.377441
vt 0.081665 0.388672
vt 0.092651 0.387695
vt 0.092590 0.390137
vt 0.081970 0.390625
vt 0.069275 0.391113
vt 0.062073 0.382324
vt 0.051971 0.379883
vt 0.056580 0.382812
vt 0.057983 0.394043
vt 0.060089 0.395996
vt 0.068176 0.393555
vt 0.062500 0.411133
vt 0.071350 0.407715
vt 0.079346 0.392090
vt 0.079041 0.388672
vt 0.018890 0.454590
vt 0.004997 0.412109
vt 0.024887 0.411133
vt 0.038177 0.400879
vt 0.041290 0.388184
vt 0.049774 0.372559
vt 0.679199 0.575928
vt 0.679199 0.615967
vt 0.657715 0.608154
vt 0.685059 0.628906
vt 0.679199 0.642334
vt 0.731445 0.651611
vt 0.663086 0.644531
vt 0.628906 0.686768
vt 0.703613 0.672852
vt 0.708984 0.744629
vt 0.718262 0.771729
vt 0.689941 0.768921
vt 0.644043 0.774902
vt 0.683105 0.724365
vt 0.643555 0.740479
vt 0.657715 0.704102
vt 0.661621 0.674316
vt 0.756836 0.797607
vt 0.750488 0.831421
vt 0.713867 0.800171
vt 0.769531 0.758301
vt 0.724121 0.715820
vt 0.777832 0.688965
vt 0.770020 0.720459
vt 0.828125 0.769287
vt 0.816406 0.802979
vt 0.806641 0.839722
vt 0.798828 0.869995
vt 0.836914 0.742920
vt 0.779785 0.652588
vt 0.845215 0.681641
vt 0.841309 0.710205
vt 0.845215 0.744385
vt 0.835449 0.771973
vt 0.832520 0.583740
vt 0.841797 0.640625
vt 0.853027 0.682373
vt 0.848633 0.710938
vt 0.859375 0.714355
vt 0.874512 0.748535
vt 0.883301 0.667969
vt 0.861816 0.677734
vt 0.850098 0.640381
vt 0.839355 0.581543
vt 0.817871 0.553711
vt 0.806152 0.529541
vt 0.779785 0.507324
vt 0.769043 0.485840
vt 0.871094 0.620361
vt 0.855469 0.575439
vt 0.827148 0.550293
vt 0.812500 0.527832
vt 0.839844 0.538086
vt 0.817383 0.501465
vt 0.847168 0.505127
vt 0.820312 0.480469
vt 0.851562 0.479980
vt 0.817383 0.457520
vt 0.054291 0.432129
vt 0.040680 0.433594
vt 0.040894 0.430664
vt 0.054382 0.425293
vt 0.068970 0.433594
vt 0.069458 0.431152
vt 0.108582 0.261719
vt 0.119751 0.284668
vt 0.111267 0.311035
vt 0.125854 0.284180
vt 0.112244 0.257324
vt 0.081360 0.249023
vt 0.080994 0.255371
vt 0.090271 0.324219
vt 0.044373 0.264648
vt 0.041382 0.259277
vt 0.044189 0.329590
vt 0.045990 0.335938
vt 0.092773 0.330078
vt 0.116394 0.314941
vt 0.143433 0.303711
vt 0.138306 0.326172
vt 0.119446 0.340332
vt 0.100586 0.354492
vt 0.049774 0.361328
vt 0.013199 0.349609
vt 0.010696 0.343750
vt 0.009598 0.304199
vt 0.007198 0.380859
vt 0.003500 0.335449
vt 0.007996 0.295410
vt 0.003099 0.271484
vt 0.033783 0.232422
vt 0.057678 0.227051
vt 0.081543 0.221191
vt 0.104858 0.229004
vt 0.128174 0.236816
vt 0.138306 0.259277
vt 0.148560 0.281738
vt 0.950684 0.070312
vt 0.952148 0.058105
vt 0.985352 0.075195
vt 0.980469 0.083496
vt 0.951172 0.078613
vt 0.923340 0.075195
vt 0.960938 0.051270
vt 0.991699 0.069336
vt 0.921875 0.041016
vt 0.922363 0.052734
vt 0.923340 0.067383
vt 0.895996 0.073730
vt 0.895996 0.082031
vt 0.866211 0.088379
vt 0.861328 0.079590
vt 0.848145 0.098145
vt 0.854980 0.072754
vt 0.893555 0.061523
vt 0.885254 0.055664
vt 0.856445 0.102051
vt 0.866699 0.153809
vt 0.850098 0.156250
vt 0.882812 0.199219
vt 0.867676 0.239258
vt 0.901855 0.222656
vt 0.886719 0.262207
vt 0.909668 0.257812
vt 0.922363 0.225098
vt 0.880371 0.270508
vt 0.861816 0.106934
vt 0.865234 0.123047
vt 0.871582 0.154785
vt 0.882324 0.195312
vt 0.903320 0.214355
vt 0.902344 0.207031
vt 0.916504 0.208008
vt 0.906738 0.198242
vt 0.884277 0.190430
vt 0.894043 0.189453
vt 0.895020 0.186035
vt 0.918945 0.198242
vt 0.926758 0.205078
vt 0.925293 0.187988
vt 0.940918 0.206055
vt 0.936523 0.187500
vt 0.938477 0.184570
vt 0.923340 0.185547
vt 0.921875 0.215820
vt 0.940430 0.212891
vt 0.957031 0.189941
vt 0.947754 0.185547
vt 0.946289 0.183105
vt 0.941895 0.193848
vt 0.958496 0.182617
vt 0.995605 0.094727
vt 0.986816 0.098145
vt 0.992188 0.152344
vt 0.975586 0.149902
vt 0.959961 0.197266
vt 0.977539 0.235352
vt 0.942871 0.221191
vt 0.923340 0.250000
vt 0.937500 0.256836
vt 0.960449 0.259766
vt 0.967285 0.267578
vt 0.490967 0.888428
vt 0.489258 0.879150
vt 0.516113 0.889038
vt 0.541992 0.926758
vt 0.551270 0.900757
vt 0.581055 0.923645
vt 0.516602 0.882324
vt 0.492188 0.870239
vt 0.492920 0.851196
vt 0.541504 0.844116
vt 0.529785 0.813599
vt 0.582031 0.800293
vt 0.545410 0.769043
vt 0.503418 0.736084
vt 0.583008 0.912842
vt 0.616211 0.926941
vt 0.553711 0.892029
vt 0.582520 0.865479
vt 0.584473 0.903625
vt 0.619141 0.917114
vt 0.624512 0.875610
vt 0.599609 0.816650
vt 0.609863 0.762817
vt 0.610840 0.732178
vt 0.572266 0.737061
vt 0.579590 0.706055
vt 0.532715 0.700439
vt 0.520020 0.679688
vt 0.510742 0.651855
vt 0.556641 0.751709
vt 0.529785 0.720215
vt 0.519531 0.711426
vt 0.503418 0.712158
vt 0.507324 0.682129
vt 0.491699 0.721924
vt 0.464355 0.746094
vt 0.481445 0.716064
vt 0.451416 0.745605
vt 0.437988 0.724609
vt 0.441650 0.746094
vt 0.428467 0.744629
vt 0.435303 0.766113
vt 0.437988 0.777954
vt 0.438965 0.788208
vt 0.473389 0.755127
vt 0.484131 0.770508
vt 0.476074 0.818115
vt 0.450195 0.808350
vt 0.478760 0.826904
vt 0.478271 0.841553
vt 0.465088 0.834839
vt 0.464111 0.824585
vt 0.339844 0.240234
vt 0.340088 0.224121
vt 0.383545 0.224121
vt 0.383301 0.240234
vt 0.426514 0.240234
vt 0.426758 0.224121
vt 0.438721 0.224121
vt 0.449707 0.240234
vt 0.165283 0.240234
vt 0.135620 0.240234
vt 0.135498 0.224121
vt 0.165283 0.224121
vt 0.208374 0.240234
vt 0.208374 0.224121
vt 0.251953 0.240234
vt 0.251953 0.224121
vt 0.295898 0.224121
vt 0.295898 0.240234
vt 0.213379 0.360840
vt 0.195923 0.343262
vt 0.240234 0.362793
vt 0.251465 0.274902
vt 0.281738 0.306152
vt 0.262695 0.312012
vt 0.277100 0.328125
vt 0.266357 0.343750
vt 0.274170 0.360352
vt 0.248657 0.380371
vt 0.205078 0.378906
vt 0.175293 0.347656
vt 0.286377 0.327637
vt 0.176392 0.303711
vt 0.194824 0.312012
vt 0.218872 0.292969
vt 0.208130 0.273926
vt 0.243530 0.293457
vt 0.336182 0.538330
vt 0.333496 0.534912
vt 0.347656 0.524414
vt 0.327393 0.536621
vt 0.331543 0.520264
vt 0.334473 0.500244
vt 0.358398 0.506592
vt 0.362061 0.497070
vt 0.337158 0.486328
vt 0.365479 0.487305
vt 0.366455 0.480469
vt 0.367188 0.473633
vt 0.154419 0.355957
vt 0.168701 0.350098
vt 0.202148 0.385254
vt 0.195679 0.398926
vt 0.255371 0.401855
vt 0.250488 0.387207
vt 0.276855 0.369141
vt 0.300537 0.362305
vt 0.305664 0.329590
vt 0.291016 0.311523
vt 0.301270 0.293945
vt 0.287354 0.300781
vt 0.257568 0.253418
vt 0.251953 0.267578
vt 0.203735 0.268066
vt 0.197876 0.253418
vt 0.155273 0.295898
vt 0.169312 0.301758
vt 0.543945 0.028809
vt 0.543945 0.006836
vt 0.569336 0.006836
vt 0.599121 0.028809
vt 0.599121 0.006836
vt 0.625488 0.006836
vt 0.655273 0.028320
vt 0.655273 0.006836
vt 0.682129 0.006836
vt 0.711426 0.028320
vt 0.711426 0.006836
vt 0.739258 0.006836
vt 0.768066 0.028320
vt 0.768066 0.006836
vt 0.796387 0.006836
vt 0.824707 0.028320
vt 0.824707 0.006836
vt 0.853516 0.006836
vt 0.880859 0.028320
vt 0.880859 0.006836
vt 0.910645 0.006836
vt 0.937012 0.028320
vt 0.937012 0.006836
vt 0.964355 0.006836
vt 0.969727 0.028320
vt 0.992676 0.028809
vt 0.992676 0.006836
vt 0.417480 0.098633
vt 0.943848 0.492188
vt 0.929688 0.510742
vt 0.922363 0.501465
vt 0.945312 0.478027
vt 0.969727 0.435059
vt 0.966797 0.451660
vt 0.949219 0.457031
vt 0.937012 0.448730
vt 0.927734 0.463867
vt 0.893066 0.508789
vt 0.894531 0.528320
vt 0.870117 0.542236
vt 0.875000 0.553223
vt 0.861816 0.546143
vt 0.899414 0.459961
vt 0.872070 0.493164
vt 0.862793 0.516602
vt 0.852539 0.517334
vt 0.859375 0.492676
vt 0.865234 0.468262
vt 0.874512 0.457520
vt 0.834473 0.455566
vt 0.842773 0.445312
vt 0.828613 0.440918
vt 0.833984 0.436035
vt 0.825684 0.434570
vt 0.820801 0.449707
vt 0.842285 0.424805
vt 0.858887 0.401855
vt 0.871094 0.409180
vt 0.883789 0.416016
vt 0.913086 0.414062
vt 0.895508 0.391602
vt 0.902344 0.356934
vt 0.943359 0.370605
vt 0.908691 0.335449
vt 0.962891 0.294434
vt 0.963867 0.335938
vt 0.977539 0.356445
vt 0.985352 0.381348
vt 0.987305 0.422852
vt 0.981934 0.447266
vt 0.997559 0.368164
vt 0.991699 0.352051
vt 0.978516 0.328613
vt 0.976562 0.284180
vt 0.957520 0.270508
vt 0.951660 0.284668
vt 0.929199 0.277832
vt 0.919434 0.294434
vt 0.917480 0.281250
vt 0.909668 0.286133
vt 0.908691 0.297363
vt 0.905762 0.315918
vt 0.922363 0.269043
vt 0.895996 0.108887
vt 0.945312 0.108887
vt 0.952637 0.120117
vt 0.907227 0.101074
vt 0.934082 0.101074
vt 0.920410 0.098633
vt 0.933594 0.165527
vt 0.920410 0.168457
vt 0.907227 0.165527
vt 0.895996 0.158203
vt 0.945312 0.158203
vt 0.888184 0.146973
vt 0.952637 0.146973
vt 0.955566 0.133301
vt 0.885254 0.133301
vt 0.888184 0.120117
vt 0.854980 0.799194
vt 0.850586 0.856689
vt 0.833496 0.845703
vt 0.824219 0.806519
vt 0.814453 0.843506
vt 0.818848 0.882935
vt 0.830566 0.895508
vt 0.801270 0.931641
vt 0.805176 0.874390
vt 0.793945 0.909302
vt 0.771484 0.960419
vt 0.735840 0.952820
vt 0.786133 0.903809
vt 0.708008 0.896729
vt 0.721191 0.867676
vt 0.744141 0.910156
vt 0.720215 0.924805
vt 0.730957 0.944611
vt 0.678223 0.948029
vt 0.676270 0.956726
vt 0.689453 0.932434
vt 0.676270 0.888611
vt 0.693359 0.862549
vt 0.665039 0.849731
vt 0.639160 0.837402
vt 0.641113 0.906006
vt 0.664062 0.923340
vt 0.691406 0.832275
vt 0.759277 0.878235
vt 0.695312 0.817017
vt 0.688477 0.796143
vt 0.497559 0.946228
vt 0.505859 0.958710
vt 0.494873 0.965912
vt 0.483154 0.916321
vt 0.495605 0.923950
vt 0.495605 0.934937
vt 0.462891 0.935425
vt 0.455078 0.953522
vt 0.471924 0.969315
vt 0.488281 0.979111
vt 0.510742 0.976013
vt 0.512695 0.982712
vt 0.526367 0.981506
vt 0.469971 0.921326
vt 0.486328 0.904236
vt 0.922852 0.613525
vt 0.902344 0.668701
vt 0.900879 0.621094
vt 0.991699 0.746826
vt 0.889648 0.742188
vt 0.894043 0.721436
vt 0.990234 0.724854
vt 0.989746 0.673584
vt 0.951660 0.623291
vt 0.957031 0.613037
vt 0.973145 0.612793
vt 0.982422 0.624268
vt 0.994141 0.856323
vt 0.863770 0.850098
vt 0.868652 0.828491
vt 0.994141 0.833618
vt 0.873535 0.806885
vt 0.994141 0.811035
vt 0.879395 0.784912
vt 0.993164 0.790039
vt 0.884766 0.762817
vt 0.992676 0.769043
vt 0.243774 0.749023
vt 0.242798 0.798462
vt 0.226318 0.795654
vt 0.226318 0.749023
vt 0.244141 0.739746
vt 0.227539 0.739258
vt 0.782715 0.264648
vt 0.807617 0.289551
vt 0.770996 0.285645
vt 0.873535 0.304199
vt 0.885742 0.300781
vt 0.900879 0.311523
vt 0.845703 0.355957
vt 0.826660 0.336426
vt 0.844238 0.288574
vt 0.767578 0.322266
vt 0.750488 0.284180
vt 0.762207 0.250977
vt 0.742188 0.257812
vt 0.728516 0.267090
vt 0.700684 0.267578
vt 0.728027 0.264160
vt 0.741699 0.253418
vt 0.762695 0.246582
vt 0.785645 0.259766
vt 0.807617 0.264648
vt 0.831055 0.265625
vt 0.831055 0.270996
vt 0.850098 0.264160
vt 0.846191 0.269043
vt 0.851074 0.282227
vt 0.854980 0.276367
vt 0.877930 0.285645
vt 0.877441 0.278809
vt 0.875000 0.295898
vt 0.880859 0.292969
vt 0.884277 0.285156
vt 0.893066 0.295410
vt 0.884766 0.395508
vt 0.879395 0.396484
vt 0.875977 0.381348
vt 0.885742 0.375977
vt 0.888672 0.353516
vt 0.849609 0.378906
vt 0.897949 0.328613
vt 0.278320 0.731934
vt 0.277588 0.786011
vt 0.259766 0.788452
vt 0.260986 0.731445
vt 0.278564 0.724121
vt 0.260986 0.723633
vt 0.261230 0.669189
vt 0.278564 0.671143
vt 0.313965 0.790405
vt 0.296387 0.790527
vt 0.299805 0.725098
vt 0.314209 0.725098
vt 0.311279 0.682617
vt 0.301270 0.682617
vt 0.311279 0.664551
vt 0.298828 0.664795
vt 0.718750 0.450684
vt 0.755859 0.429199
vt 0.745117 0.458984
vt 0.770020 0.452637
vt 0.771973 0.467285
vt 0.801758 0.473633
vt 0.748047 0.405762
vt 0.736816 0.405273
vt 0.736328 0.426270
vt 0.811035 0.199219
vt 0.812988 0.222168
vt 0.802246 0.222168
vt 0.801270 0.200195
vt 0.788574 0.146484
vt 0.802246 0.143066
vt 0.802246 0.240234
vt 0.783691 0.233887
vt 0.820312 0.237305
vt 0.837402 0.230957
vt 0.823730 0.220703
vt 0.819336 0.197754
vt 0.815430 0.156738
vt 0.817871 0.141602
vt 0.834961 0.144043
vt 0.830078 0.157715
vt 0.830566 0.194336
vt 0.841797 0.210449
vt 0.829102 0.218750
vt 0.838867 0.139648
vt 0.821289 0.138184
vt 0.821289 0.114746
vt 0.817383 0.106934
vt 0.805176 0.106445
vt 0.794434 0.105469
vt 0.798828 0.103027
vt 0.798340 0.048828
vt 0.787598 0.040039
vt 0.802734 0.049316
vt 0.836914 0.062012
vt 0.770508 0.050781
vt 0.783691 0.040527
vt 0.783203 0.066406
vt 0.777344 0.069336
vt 0.791016 0.115723
vt 0.780762 0.118652
vt 0.771973 0.111328
vt 0.763672 0.118652
vt 0.766602 0.112305
vt 0.740234 0.053711
vt 0.738281 0.067871
vt 0.760742 0.072266
vt 0.767090 0.072754
vt 0.761719 0.053223
vt 0.744141 0.054688
vt 0.900879 0.871704
vt 0.852051 0.890503
vt 0.857910 0.870361
vt 0.980469 0.996601
vt 0.964355 0.990501
vt 0.959473 0.957306
vt 0.988281 0.948914
vt 0.989258 0.925415
vt 0.941406 0.924622
vt 0.990723 0.902039
vt 0.901855 0.900024
vt 0.992676 0.879150
vt 0.907715 0.923828
vt 0.279541 0.414551
vt 0.280762 0.396973
vt 0.631348 0.197754
vt 0.630859 0.214844
vt 0.624512 0.215332
vt 0.626953 0.197754
vt 0.642578 0.212891
vt 0.629883 0.220703
vt 0.643066 0.209473
vt 0.644043 0.192871
vt 0.629883 0.193359
vt 0.638672 0.191406
vt 0.642090 0.182617
vt 0.625488 0.178223
vt 0.642578 0.223145
vt 0.577637 0.117188
vt 0.572266 0.124512
vt 0.582520 0.132812
vt 0.590820 0.144043
vt 0.599121 0.150391
vt 0.613281 0.162109
vt 0.599121 0.159180
vt 0.439453 0.947113
vt 0.425293 0.973907
vt 0.646973 0.085938
vt 0.621582 0.099121
vt 0.602051 0.075684
vt 0.603516 0.099609
vt 0.584961 0.085938
vt 0.575684 0.077637
vt 0.572266 0.084473
vt 0.754395 0.126953
vt 0.712402 0.106934
vt 0.730957 0.075684
vt 0.755371 0.136230
vt 0.774414 0.154785
vt 0.769531 0.160156
vt 0.784180 0.163086
vt 0.793945 0.199219
vt 0.780273 0.211914
vt 0.789062 0.221680
vt 0.266846 0.442871
vt 0.276611 0.471680
vt 0.261475 0.490234
vt 0.228516 0.497559
vt 0.268799 0.438965
vt 0.281494 0.469238
vt 0.267822 0.588135
vt 0.260498 0.566650
vt 0.241699 0.523926
vt 0.225464 0.569824
vt 0.080566 0.433105
vt 0.080872 0.430664
vt 0.092773 0.428711
vt 0.092773 0.436035
vt 0.105164 0.433105
vt 0.104858 0.430176
vt 0.741699 0.972610
vt 0.709473 0.975906
vt 0.677246 0.972305
vt 0.640137 0.961426
vt 0.606445 0.949524
vt 0.579102 0.943726
vt 0.115173 0.432617
vt 0.114685 0.430176
vt 0.130005 0.425293
vt 0.129883 0.432129
vt 0.143799 0.430176
vt 0.143799 0.433105
vt 0.339355 0.947113
vt 0.338867 0.939514
vt 0.351074 0.940216
vt 0.355225 0.948608
vt 0.362061 0.940308
vt 0.970215 0.151367
vt 0.979492 0.114258
vt 0.981934 0.101562
vt 0.312012 0.134277
vt 0.304688 0.134277
vt 0.304932 0.128418
vt 0.299316 0.129883
s 1
usemtl QStatuesD_XHX_Mat_INST
f 1/1/1 2/2/2 3/3/3
f 4/4/4 5/5/5 6/6/6
f 6/6/6 7/7/7 4/4/4
f 7/7/7 6/6/6 8/8/8
f 9/9/9 8/8/8 6/6/6
f 8/8/8 9/9/9 10/10/10
f 9/9/9 11/11/11 10/10/10
f 3/3/3 10/10/10 11/11/11
f 11/11/11 12/12/12 3/3/3
f 3/3/3 12/12/12 1/1/1
f 1/1/1 12/12/12 13/13/13
f 8/8/8 14/14/14 7/7/7
f 15/15/15 16/16/16 17/17/17
f 17/17/17 16/16/16 13/13/13
f 13/13/13 18/18/18 17/17/17
f 18/18/18 13/13/13 12/12/12
f 18/18/18 12/12/12 11/11/11
f 17/17/17 18/18/18 19/19/19
f 13/13/13 20/20/20 1/1/1
f 20/20/20 13/13/13 16/16/16
f 16/16/16 21/21/21 20/20/20
f 16/16/16 22/22/22 21/21/21
f 16/16/16 15/15/15 22/22/22
f 15/15/15 23/23/23 22/22/22
f 24/24/24 15/15/15 25/25/25
f 17/17/17 25/25/25 15/15/15
f 26/26/26 25/25/25 17/17/17
f 17/17/17 19/19/19 26/26/26
f 26/26/26 19/19/19 27/27/27
f 27/27/27 19/19/19 18/18/18
f 18/18/18 28/28/28 27/27/27
f 11/11/11 28/28/28 18/18/18
f 28/28/28 11/11/11 29/29/29
f 9/9/9 29/29/29 11/11/11
f 25/25/25 30/30/30 24/24/24
f 31/31/31 30/30/30 25/25/25
f 25/25/25 26/26/26 31/31/31
f 31/31/31 26/26/26 32/32/32
f 27/27/27 32/32/32 26/26/26
f 33/33/33 32/32/32 27/27/27
f 27/27/27 34/34/34 33/33/33
f 35/35/35 33/33/33 34/34/34
f 34/34/34 36/36/36 35/35/35
f 37/37/37 35/35/35 36/36/36
f 38/38/38 39/39/39 40/40/40
f 40/40/40 41/41/41 38/38/38
f 42/42/42 38/38/38 41/41/41
f 41/41/41 31/31/31 42/42/42
f 32/32/32 42/42/42 31/31/31
f 42/42/42 32/32/32 33/33/33
f 33/33/33 43/43/43 42/42/42
f 43/43/43 33/33/33 35/35/35
f 35/35/35 44/44/44 43/43/43
f 45/45/45 44/44/44 35/35/35
f 30/30/30 31/31/31 41/41/41
f 46/46/46 47/47/47 48/48/48
f 48/48/48 47/47/47 45/45/45
f 35/35/35 37/37/37 45/45/45
f 45/45/45 37/37/37 48/48/48
f 49/49/49 48/48/48 37/37/37
f 48/48/48 49/49/49 50/50/50
f 50/50/50 49/49/49 51/51/51
f 51/51/51 52/52/52 50/50/50
f 53/53/53 52/52/52 51/51/51
f 50/50/50 54/54/54 48/48/48
f 48/48/48 54/54/54 55/55/55
f 48/48/48 55/55/55 46/46/46
f 46/46/46 55/55/55 56/56/56
f 56/56/56 57/57/57 46/46/46
f 58/58/58 46/46/46 57/57/57
f 57/57/57 59/59/59 58/58/58
f 58/58/58 59/59/59 60/60/60
f 61/61/61 60/60/60 59/59/59
f 62/62/62 60/60/60 61/61/61
f 60/60/60 63/63/63 58/58/58
f 57/57/57 64/64/64 59/59/59
f 60/60/60 62/62/62 65/65/65
f 65/65/65 66/66/66 60/60/60
f 63/63/63 60/60/60 66/66/66
f 66/66/66 67/67/67 63/63/63
f 68/68/68 67/67/67 66/66/66
f 69/69/69 70/70/70 65/65/65
f 69/69/69 65/65/65 62/62/62
f 71/71/71 69/69/69 62/62/62
f 62/62/62 72/72/72 71/71/71
f 73/73/73 74/74/74 75/75/75
f 73/73/73 75/75/75 76/76/76
f 70/70/70 73/73/73 76/76/76
f 76/76/76 77/77/77 70/70/70
f 65/65/65 70/70/70 77/77/77
f 77/77/77 78/78/78 65/65/65
f 66/66/66 65/65/65 78/78/78
f 78/78/78 79/79/79 66/66/66
f 66/66/66 79/79/79 68/68/68
f 79/79/79 80/80/80 68/68/68
f 81/81/81 82/82/82 76/76/76
f 77/77/77 76/76/76 82/82/82
f 78/78/78 77/77/77 82/82/82
f 82/82/82 83/83/83 78/78/78
f 78/78/78 83/83/83 80/80/80
f 80/80/80 79/79/79 78/78/78
f 84/84/84 83/83/83 85/85/85
f 85/85/85 83/83/83 82/82/82
f 82/82/82 86/86/86 85/85/85
f 87/87/87 86/86/86 82/82/82
f 82/82/82 81/81/81 87/87/87
f 87/87/87 81/81/81 88/88/88
f 89/89/89 88/88/88 81/81/81
f 88/88/88 89/89/89 90/90/90
f 90/90/90 91/91/91 88/88/88
f 92/92/92 91/91/91 90/90/90
f 93/93/93 91/91/91 92/92/92
f 92/92/92 94/94/94 93/93/93
f 91/91/91 93/93/93 95/95/95
f 95/95/95 88/88/88 91/91/91
f 88/88/88 95/95/95 87/87/87
f 92/92/92 90/90/90 96/96/96
f 97/97/97 98/98/98 99/99/99
f 99/99/99 98/98/98 100/100/100
f 100/100/100 96/96/96 99/99/99
f 96/96/96 100/100/100 92/92/92
f 92/92/92 100/100/100 101/101/101
f 101/101/101 94/94/94 92/92/92
f 102/102/102 94/94/94 101/101/101
f 93/93/93 94/94/94 102/102/102
f 102/102/102 103/103/103 93/93/93
f 95/95/95 93/93/93 103/103/103
f 104/104/104 105/105/105 106/106/106
f 105/105/105 104/104/104 98/98/98
f 98/98/98 104/104/104 107/107/107
f 107/107/107 100/100/100 98/98/98
f 107/107/107 101/101/101 100/100/100
f 108/108/108 109/109/109 102/102/102
f 102/102/102 110/110/110 108/108/108
f 101/101/101 110/110/110 102/102/102
f 111/111/111 110/110/110 101/101/101
f 101/101/101 107/107/107 111/111/111
f 111/111/111 107/107/107 112/112/112
f 112/112/112 107/107/107 104/104/104
f 104/104/104 113/113/113 112/112/112
f 106/106/106 113/113/113 104/104/104
f 113/113/113 106/106/106 114/114/114
f 112/112/112 115/115/115 111/111/111
f 108/108/108 110/110/110 111/111/111
f 115/115/115 108/108/108 111/111/111
f 116/116/116 108/108/108 115/115/115
f 85/85/85 116/116/116 115/115/115
f 85/85/85 115/115/115 84/84/84
f 112/112/112 84/84/84 115/115/115
f 117/117/117 84/84/84 112/112/112
f 117/117/117 112/112/112 113/113/113
f 113/113/113 118/118/118 117/117/117
f 119/119/119 84/84/84 117/117/117
f 114/114/114 118/118/118 113/113/113
f 120/120/120 118/118/118 114/114/114
f 117/117/117 118/118/118 120/120/120
f 120/120/120 121/121/121 117/117/117
f 117/117/117 121/121/121 119/119/119
f 119/119/119 121/121/121 122/122/122
f 119/119/119 122/122/122 123/123/123
f 119/119/119 123/123/123 80/80/80
f 80/80/80 84/84/84 119/119/119
f 83/83/83 84/84/84 80/80/80
f 120/120/120 124/124/124 125/125/125
f 125/125/125 121/121/121 120/120/120
f 121/121/121 125/125/125 122/122/122
f 68/68/68 80/80/80 126/126/126
f 126/126/126 80/80/80 123/123/123
f 126/126/126 123/123/123 127/127/127
f 123/123/123 122/122/122 127/127/127
f 127/127/127 122/122/122 128/128/128
f 122/122/122 125/125/125 128/128/128
f 129/129/129 128/128/128 125/125/125
f 125/125/125 124/124/124 129/129/129
f 129/129/129 124/124/124 130/130/130
f 130/130/130 124/124/124 120/120/120
f 128/128/128 129/129/129 131/131/131
f 131/131/131 132/132/132 128/128/128
f 132/132/132 127/127/127 128/128/128
f 132/132/132 133/133/133 127/127/127
f 126/126/126 127/127/127 133/133/133
f 133/133/133 134/134/134 126/126/126
f 68/68/68 126/126/126 134/134/134
f 132/132/132 131/131/131 135/135/135
f 132/132/132 135/135/135 133/133/133
f 136/136/136 137/137/137 138/138/138
f 138/138/138 137/137/137 139/139/139
f 139/139/139 140/140/140 138/138/138
f 140/140/140 139/139/139 141/141/131
f 141/141/131 129/129/129 140/140/140
f 130/130/130 140/140/140 129/129/129
f 142/142/141 140/140/140 130/130/130
f 142/142/141 130/130/130 143/143/142
f 144/144/143 142/142/141 143/143/142
f 145/145/144 144/144/143 143/143/142
f 140/140/140 142/142/141 138/138/138
f 146/146/135 141/141/131 139/139/139
f 137/137/137 146/146/135 139/139/139
f 120/120/120 143/143/142 130/130/130
f 114/114/114 143/143/142 120/120/120
f 143/143/142 114/114/114 145/145/144
f 114/114/114 106/106/106 145/145/144
f 106/106/106 147/147/145 145/145/144
f 147/147/145 106/106/106 105/105/105
f 105/105/105 148/148/146 147/147/145
f 148/148/146 105/105/105 149/149/147
f 149/149/147 150/150/148 148/148/146
f 151/151/149 150/150/148 149/149/147
f 152/152/150 147/147/145 153/153/151
f 147/147/145 154/154/152 153/153/151
f 153/153/151 154/154/152 155/155/153
f 155/155/153 154/154/152 150/150/148
f 148/148/146 150/150/148 154/154/152
f 147/147/145 148/148/146 154/154/152
f 153/153/151 156/156/154 152/152/150
f 156/156/154 153/153/151 155/155/153
f 155/155/153 157/157/155 156/156/154
f 157/157/155 158/158/156 156/156/154
f 152/152/150 156/156/154 158/158/156
f 158/158/156 159/159/157 152/152/150
f 152/152/150 159/159/157 160/160/158
f 150/150/148 151/151/149 155/155/153
f 155/155/153 151/151/149 161/161/159
f 161/161/159 157/157/155 155/155/153
f 157/157/155 161/161/159 162/162/160
f 162/162/160 158/158/156 157/157/155
f 162/162/160 163/163/161 158/158/156
f 158/158/156 163/163/161 159/159/157
f 164/164/162 159/159/157 163/163/161
f 160/160/158 159/159/157 164/164/162
f 164/164/162 165/165/163 160/160/158
f 164/164/162 163/163/161 162/162/160
f 162/162/160 166/166/164 164/164/162
f 166/166/164 162/162/160 161/161/159
f 161/161/159 167/167/165 166/166/164
f 167/167/165 161/161/159 151/151/149
f 151/151/149 168/168/166 167/167/165
f 149/149/147 168/168/166 151/151/149
f 168/168/166 149/149/147 97/97/97
f 97/97/97 149/149/147 105/105/105
f 98/98/98 97/97/97 105/105/105
f 99/99/99 169/169/167 97/97/97
f 170/170/168 97/97/97 169/169/167
f 97/97/97 170/170/168 168/168/166
f 167/167/165 168/168/166 170/170/168
f 170/170/168 171/171/169 167/167/165
f 166/166/164 167/167/165 171/171/169
f 171/171/169 172/172/170 166/166/164
f 164/164/162 166/166/164 172/172/170
f 172/172/170 165/165/163 164/164/162
f 165/165/163 172/172/170 173/173/171
f 173/173/171 174/174/172 165/165/163
f 175/175/173 173/173/171 172/172/170
f 172/172/170 171/171/169 175/175/173
f 175/175/173 171/171/169 170/170/168
f 169/169/167 175/175/173 170/170/168
f 165/165/163 176/176/174 160/160/158
f 176/176/174 165/165/163 174/174/172
f 174/174/172 177/177/175 176/176/174
f 178/178/176 176/176/174 177/177/175
f 177/177/175 179/179/177 178/178/176
f 178/178/176 179/179/177 180/180/178
f 181/181/179 178/178/176 180/180/178
f 180/180/178 23/23/23 181/181/179
f 23/23/23 24/24/24 181/181/179
f 15/15/15 24/24/24 23/23/23
f 182/182/180 181/181/179 24/24/24
f 178/178/176 181/181/179 182/182/180
f 182/182/180 183/183/181 178/178/176
f 176/176/174 178/178/176 183/183/181
f 183/183/181 184/184/182 176/176/174
f 184/184/182 160/160/158 176/176/174
f 185/185/183 160/160/158 184/184/182
f 160/160/158 185/185/183 152/152/150
f 152/152/150 185/185/183 145/145/144
f 145/145/144 147/147/145 152/152/150
f 186/186/184 144/144/143 145/145/144
f 185/185/183 186/186/184 145/145/144
f 186/186/184 185/185/183 187/187/185
f 184/184/182 187/187/185 185/185/183
f 40/40/40 187/187/185 184/184/182
f 184/184/182 183/183/181 40/40/40
f 41/41/41 40/40/40 183/183/181
f 183/183/181 182/182/180 41/41/41
f 41/41/41 182/182/180 30/30/30
f 24/24/24 30/30/30 182/182/180
f 188/188/186 189/189/187 186/186/184
f 186/186/184 189/189/187 144/144/143
f 144/144/143 189/189/187 142/142/141
f 138/138/138 142/142/141 189/189/187
f 188/188/186 138/138/138 189/189/187
f 138/138/138 188/188/186 136/136/136
f 136/136/136 188/188/186 190/190/188
f 190/190/188 188/188/186 186/186/184
f 191/191/189 190/190/188 186/186/184
f 187/187/185 191/191/189 186/186/184
f 39/39/39 191/191/189 187/187/185
f 187/187/185 40/40/40 39/39/39
f 43/43/43 192/192/190 42/42/42
f 38/38/38 42/42/42 192/192/190
f 192/192/190 193/193/191 38/38/38
f 39/39/39 38/38/38 193/193/191
f 193/193/191 194/194/192 39/39/39
f 39/39/39 194/194/192 190/190/188
f 190/190/188 191/191/189 39/39/39
f 195/195/193 196/196/194 197/197/195
f 198/198/196 199/199/197 195/195/193
f 198/198/196 195/195/193 197/197/195
f 200/200/198 198/198/196 197/197/195
f 197/197/195 201/201/199 200/200/198
f 201/201/199 202/202/200 200/200/198
f 202/202/200 203/203/201 200/200/198
f 204/204/202 205/205/203 206/206/204
f 204/204/202 206/206/204 207/207/205
f 208/208/206 204/204/202 207/207/205
f 207/207/205 203/203/201 208/208/206
f 209/209/207 208/208/206 203/203/201
f 202/202/200 209/209/207 203/203/201
f 208/208/206 209/209/207 210/210/208
f 208/208/206 210/210/208 205/205/203
f 208/208/206 205/205/203 204/204/202
f 211/211/209 212/212/210 213/213/211
f 211/211/209 213/213/211 206/206/204
f 214/214/212 211/211/209 206/206/204
f 206/206/204 205/205/203 214/214/212
f 215/215/213 214/214/212 205/205/203
f 215/215/213 205/205/203 210/210/208
f 216/216/214 215/215/213 210/210/208
f 209/209/207 216/216/214 210/210/208
f 216/216/214 209/209/207 217/217/215
f 218/218/216 217/217/215 209/209/207
f 211/211/209 219/219/217 212/212/210
f 209/209/207 220/220/218 218/218/216
f 221/221/219 222/222/220 213/213/211
f 222/222/220 223/223/221 213/213/211
f 223/223/221 224/224/222 213/213/211
f 224/224/222 225/225/223 213/213/211
f 213/213/211 225/225/223 206/206/204
f 225/225/223 226/226/204 206/206/204
f 206/206/204 226/226/204 207/207/205
f 226/226/204 227/227/224 207/207/205
f 227/227/224 226/226/204 228/228/225
f 228/228/225 226/226/204 225/225/223
f 225/225/223 229/229/226 228/228/225
f 225/225/223 224/224/222 229/229/226
f 230/230/227 229/229/226 224/224/222
f 229/229/226 230/230/227 228/228/225
f 230/230/227 231/231/228 228/228/225
f 232/232/229 228/228/225 231/231/228
f 227/227/224 228/228/225 232/232/229
f 227/227/224 232/232/229 233/233/230
f 233/233/230 234/234/231 227/227/224
f 227/227/224 234/234/231 235/235/232
f 236/236/233 235/235/232 234/234/231
f 237/237/234 235/235/232 236/236/233
f 236/236/233 238/238/235 237/237/234
f 237/237/234 238/238/235 239/239/236
f 236/236/233 234/234/231 240/240/237
f 236/236/233 240/240/237 241/241/238
f 242/242/239 243/243/240 227/227/224
f 227/227/224 235/235/232 242/242/239
f 235/235/232 244/244/241 242/242/239
f 244/244/241 235/235/232 237/237/234
f 245/245/242 246/246/243 247/247/244
f 237/237/234 247/247/244 246/246/243
f 246/246/243 248/248/245 237/237/234
f 237/237/234 248/248/245 244/244/241
f 249/249/246 244/244/241 248/248/245
f 242/242/239 244/244/241 249/249/246
f 242/242/239 249/249/246 250/250/247
f 250/250/247 243/243/240 242/242/239
f 250/250/247 207/207/205 243/243/240
f 227/227/224 243/243/240 207/207/205
f 250/250/247 249/249/246 251/251/248
f 248/248/245 246/246/243 252/252/249
f 252/252/249 253/253/250 248/248/245
f 248/248/245 253/253/250 249/249/246
f 249/249/246 253/253/250 254/254/251
f 254/254/251 255/255/252 249/249/246
f 249/249/246 255/255/252 251/251/248
f 256/256/253 251/251/248 255/255/252
f 254/254/251 253/253/250 252/252/249
f 256/256/253 257/257/254 258/258/255
f 255/255/252 257/257/254 256/256/253
f 259/259/256 257/257/254 255/255/252
f 255/255/252 254/254/251 259/259/256
f 260/260/257 259/259/256 254/254/251
f 254/254/251 261/261/258 260/260/257
f 252/252/249 261/261/258 254/254/251
f 262/262/259 261/261/258 252/252/249
f 246/246/243 262/262/259 252/252/249
f 246/246/243 245/245/242 262/262/259
f 260/260/257 261/261/258 262/262/259
f 262/262/259 263/263/260 260/260/257
f 239/239/236 247/247/244 237/237/234
f 264/264/261 247/247/244 239/239/236
f 247/247/244 264/264/261 245/245/242
f 245/245/242 264/264/261 265/265/262
f 265/265/262 266/266/263 245/245/242
f 262/262/259 245/245/242 266/266/263
f 267/267/264 262/262/259 266/266/263
f 267/267/264 263/263/260 262/262/259
f 267/267/264 268/268/265 263/263/260
f 260/260/257 263/263/260 268/268/265
f 267/267/264 269/269/266 268/268/265
f 270/270/267 271/271/268 239/239/236
f 264/264/261 239/239/236 271/271/268
f 265/265/262 264/264/261 271/271/268
f 265/265/262 271/271/268 272/272/269
f 268/268/265 273/273/270 260/260/257
f 259/259/256 260/260/257 273/273/270
f 273/273/270 274/274/271 259/259/256
f 257/257/254 259/259/256 274/274/271
f 257/257/254 274/274/271 275/275/272
f 275/275/272 258/258/255 257/257/254
f 276/276/273 258/258/255 275/275/272
f 256/256/253 258/258/255 276/276/273
f 277/277/274 256/256/253 276/276/273
f 278/278/275 256/256/253 277/277/274
f 277/277/274 279/279/276 278/278/275
f 280/280/277 277/277/274 276/276/273
f 280/280/277 276/276/273 281/281/278
f 281/281/278 276/276/273 275/275/272
f 281/281/278 275/275/272 282/282/279
f 275/275/272 274/274/271 282/282/279
f 283/283/280 282/282/279 274/274/271
f 274/274/271 273/273/270 283/283/280
f 283/283/280 273/273/270 284/284/236
f 283/283/280 284/284/236 285/285/235
f 286/286/281 281/281/278 282/282/279
f 287/287/282 280/280/277 281/281/278
f 286/286/281 288/288/233 289/289/283
f 288/288/233 286/286/281 282/282/279
f 288/288/233 282/282/279 285/285/235
f 285/285/235 282/282/279 283/283/280
f 290/290/284 291/291/285 287/287/282
f 287/287/282 292/292/8 290/290/284
f 293/293/14 292/292/8 287/287/282
f 293/293/14 287/287/282 294/294/286
f 281/281/278 294/294/286 287/287/282
f 294/294/286 281/281/278 295/295/287
f 295/295/287 296/296/288 294/294/286
f 295/295/287 297/297/289 296/296/288
f 297/297/289 298/298/290 296/296/288
f 298/298/290 299/299/291 296/296/288
f 298/298/290 300/300/292 299/299/291
f 300/300/292 301/301/293 299/299/291
f 299/299/291 301/301/293 293/293/14
f 293/293/14 294/294/286 299/299/291
f 296/296/288 299/299/291 294/294/286
f 295/295/287 302/302/294 297/297/289
f 302/302/294 303/303/295 297/297/289
f 304/304/296 305/305/297 306/306/298
f 307/307/299 306/306/298 305/305/297
f 308/308/300 306/306/298 307/307/299
f 309/309/301 308/308/300 307/307/299
f 308/308/300 309/309/301 303/303/295
f 303/303/295 310/310/302 308/308/300
f 311/311/303 310/310/302 303/303/295
f 302/302/294 311/311/303 303/303/295
f 302/302/294 312/312/304 311/311/303
f 312/312/304 302/302/294 313/313/305
f 313/313/305 314/314/306 312/312/304
f 315/315/307 308/308/300 310/310/302
f 310/310/302 316/316/308 315/315/307
f 316/316/308 310/310/302 311/311/303
f 311/311/303 317/317/309 316/316/308
f 312/312/304 317/317/309 311/311/303
f 312/312/304 318/318/310 317/317/309
f 319/319/237 318/318/310 312/312/304
f 319/319/237 312/312/304 314/314/306
f 319/319/237 314/314/306 320/320/311
f 320/320/311 314/314/306 313/313/305
f 320/320/311 321/321/312 319/319/237
f 319/319/237 321/321/312 322/322/238
f 321/321/312 323/323/313 322/322/238
f 323/323/313 324/324/267 322/322/238
f 323/323/313 325/325/314 324/324/267
f 325/325/314 323/323/313 326/326/315
f 320/320/311 326/326/315 323/323/313
f 323/323/313 321/321/312 320/320/311
f 327/327/316 328/328/317 324/324/267
f 328/328/317 322/322/238 324/324/267
f 328/328/317 329/329/318 322/322/238
f 322/322/238 329/329/318 330/330/294
f 330/330/294 331/331/319 322/322/238
f 331/331/319 330/330/294 332/332/287
f 332/332/287 333/333/278 331/331/319
f 320/320/311 313/313/305 334/334/317
f 334/334/317 326/326/315 320/320/311
f 335/335/320 326/326/315 334/334/317
f 326/326/315 335/335/320 325/325/314
f 325/325/314 335/335/320 336/336/269
f 336/336/269 335/335/320 337/337/321
f 334/334/317 337/337/321 335/335/320
f 338/338/322 339/339/323 340/340/324
f 338/338/322 340/340/324 341/341/325
f 338/338/322 341/341/325 342/342/326
f 342/342/326 341/341/325 343/343/327
f 343/343/327 344/344/328 342/342/326
f 345/345/329 344/344/328 343/343/327
f 344/344/328 345/345/329 342/342/326
f 346/346/330 342/342/326 345/345/329
f 338/338/322 342/342/326 346/346/330
f 338/338/322 346/346/330 347/347/331
f 347/347/331 348/348/332 338/338/322
f 345/345/329 349/349/333 346/346/330
f 347/347/331 350/350/334 348/348/332
f 350/350/334 351/351/335 348/348/332
f 352/352/336 348/348/332 351/351/335
f 351/351/335 353/353/337 352/352/336
f 352/352/336 353/353/337 354/354/338
f 354/354/338 355/355/339 352/352/336
f 356/356/340 355/355/339 354/354/338
f 356/356/340 354/354/338 357/357/307
f 356/356/340 357/357/307 358/358/341
f 358/358/341 357/357/307 359/359/308
f 360/360/342 356/356/340 358/358/341
f 361/361/343 360/360/342 358/358/341
f 358/358/341 359/359/308 362/362/309
f 362/362/309 361/361/343 358/358/341
f 361/361/343 362/362/309 363/363/344
f 364/364/230 361/361/343 363/363/344
f 364/364/230 365/365/345 361/361/343
f 365/365/345 360/360/342 361/361/343
f 365/365/345 366/366/346 360/360/342
f 366/366/346 367/367/347 360/360/342
f 367/367/347 340/340/324 360/360/342
f 340/340/324 368/368/348 360/360/342
f 340/340/324 339/339/323 368/368/348
f 355/355/339 368/368/348 339/339/323
f 339/339/323 352/352/336 355/355/339
f 369/369/349 370/370/350 371/371/351
f 371/371/351 372/372/352 373/373/353
f 372/372/352 371/371/351 374/374/354
f 374/374/354 371/371/351 370/370/350
f 375/375/355 374/374/354 370/370/350
f 374/374/354 375/375/355 376/376/356
f 377/377/357 378/378/358 372/372/352
f 372/372/352 374/374/354 377/377/357
f 379/379/359 377/377/357 374/374/354
f 379/379/359 374/374/354 380/380/360
f 380/380/360 381/381/361 379/379/359
f 382/382/362 381/381/361 380/380/360
f 382/382/362 383/383/363 381/381/361
f 384/384/364 383/383/363 382/382/362
f 385/385/365 383/383/363 384/384/364
f 385/385/365 386/386/366 383/383/363
f 387/387/367 382/382/362 380/380/360
f 387/387/367 380/380/360 388/388/368
f 389/389/369 390/390/370 391/391/371
f 389/389/369 391/391/371 384/384/364
f 389/389/369 384/384/364 392/392/372
f 382/382/362 392/392/372 384/384/364
f 393/393/373 392/392/372 382/382/362
f 393/393/373 382/382/362 387/387/367
f 387/387/367 394/394/374 393/393/373
f 394/394/374 387/387/367 388/388/368
f 395/395/375 394/394/374 388/388/368
f 388/388/368 396/396/376 395/395/375
f 394/394/374 395/395/375 397/397/377
f 397/397/377 393/393/373 394/394/374
f 393/393/373 397/397/377 398/398/378
f 392/392/372 399/399/379 389/389/369
f 399/399/379 392/392/372 400/400/380
f 400/400/380 392/392/372 393/393/373
f 393/393/373 401/401/381 400/400/380
f 401/401/381 393/393/373 398/398/378
f 398/398/378 402/402/382 401/401/381
f 401/401/381 402/402/382 403/403/383
f 403/403/383 400/400/380 401/401/381
f 400/400/380 403/403/383 399/399/379
f 404/404/384 405/405/385 406/406/386
f 404/404/384 406/406/386 407/407/387
f 408/408/388 404/404/384 407/407/387
f 409/409/389 410/410/390 411/411/391
f 409/409/389 411/411/391 408/408/388
f 412/412/392 409/409/389 408/408/388
f 412/412/392 408/408/388 407/407/387
f 413/413/393 412/412/392 407/407/387
f 407/407/387 414/414/394 413/413/393
f 407/407/387 415/415/327 414/414/394
f 416/416/395 417/417/396 418/418/397
f 416/416/395 418/418/397 419/419/398
f 416/416/395 419/419/398 413/413/393
f 414/414/394 416/416/395 413/413/393
f 414/414/394 420/420/399 416/416/395
f 414/414/394 421/421/400 420/420/399
f 224/224/222 420/420/399 421/421/400
f 421/421/400 422/422/401 224/224/222
f 224/224/222 422/422/401 230/230/227
f 231/231/228 230/230/227 422/422/401
f 417/417/396 416/416/395 420/420/399
f 423/423/402 417/417/396 420/420/399
f 424/424/403 423/423/402 420/420/399
f 424/424/403 420/420/399 224/224/222
f 223/223/221 424/424/403 224/224/222
f 425/425/404 232/232/229 231/231/228
f 422/422/401 425/425/404 231/231/228
f 422/422/401 426/426/405 425/425/404
f 422/422/401 427/427/324 426/426/405
f 422/422/401 421/421/400 427/427/324
f 421/421/400 414/414/394 427/427/324
f 428/428/406 429/429/393 430/430/398
f 431/431/407 428/428/406 430/430/398
f 432/432/408 433/433/409 434/434/410
f 434/434/410 433/433/409 435/435/411
f 435/435/411 436/436/412 434/434/410
f 435/435/411 437/437/413 436/436/412
f 438/438/414 436/436/412 437/437/413
f 438/438/414 437/437/413 429/429/393
f 438/438/414 429/429/393 439/439/415
f 439/439/415 429/429/393 428/428/406
f 440/440/416 439/439/415 428/428/406
f 431/431/407 440/440/416 428/428/406
f 441/441/417 442/442/418 440/440/416
f 442/442/418 443/443/419 440/440/416
f 443/443/419 442/442/418 304/304/296
f 444/444/420 443/443/419 304/304/296
f 304/304/296 445/445/421 444/444/420
f 438/438/414 444/444/420 445/445/421
f 444/444/420 438/438/414 439/439/415
f 440/440/416 444/444/420 439/439/415
f 440/440/416 443/443/419 444/444/420
f 431/431/407 446/446/396 440/440/416
f 446/446/396 441/441/417 440/440/416
f 447/447/422 441/441/417 446/446/396
f 442/442/418 441/441/417 447/447/422
f 447/447/422 448/448/423 442/442/418
f 442/442/418 448/448/423 304/304/296
f 304/304/296 448/448/423 449/449/424
f 305/305/297 304/304/296 449/449/424
f 305/305/297 449/449/424 450/450/425
f 305/305/297 450/450/425 451/451/426
f 451/451/426 452/452/427 305/305/297
f 305/305/297 452/452/427 307/307/299
f 449/449/424 448/448/423 447/447/422
f 453/453/428 449/449/424 447/447/422
f 453/453/428 450/450/425 449/449/424
f 450/450/425 453/453/428 454/454/429
f 455/455/430 450/450/425 454/454/429
f 456/456/431 455/455/430 454/454/429
f 455/455/430 456/456/431 457/457/432
f 456/456/431 458/458/433 457/457/432
f 458/458/433 459/459/434 457/457/432
f 457/457/432 459/459/434 460/460/435
f 457/457/432 460/460/435 455/455/430
f 456/456/431 461/461/436 458/458/433
f 462/462/403 453/453/428 447/447/422
f 462/462/403 447/447/422 463/463/402
f 446/446/396 463/463/402 447/447/422
f 450/450/425 455/455/430 451/451/426
f 455/455/430 464/464/437 451/451/426
f 464/464/437 455/455/430 460/460/435
f 460/460/435 465/465/438 464/464/437
f 460/460/435 459/459/434 465/465/438
f 466/466/433 465/465/438 459/459/434
f 464/464/437 465/465/438 466/466/433
f 467/467/436 464/464/437 466/466/433
f 468/468/439 469/469/440 470/470/441
f 470/470/441 471/471/442 468/468/439
f 472/472/443 473/473/444 474/474/445
f 474/474/445 475/475/446 472/472/443
f 476/476/447 472/472/443 475/475/446
f 475/475/446 477/477/448 476/476/447
f 478/478/449 476/476/447 477/477/448
f 477/477/448 479/479/450 478/478/449
f 479/479/450 469/469/440 478/478/449
f 480/480/451 478/478/449 469/469/440
f 469/469/440 468/468/439 480/480/451
f 480/480/451 468/468/439 481/481/452
f 481/481/452 482/482/453 480/480/451
f 480/480/451 482/482/453 483/483/454
f 483/483/454 484/484/455 480/480/451
f 485/485/456 484/484/455 483/483/454
f 484/484/455 485/485/456 486/486/457
f 486/486/457 485/485/456 487/487/458
f 487/487/458 488/488/459 486/486/457
f 488/488/459 487/487/458 489/489/460
f 489/489/460 490/490/461 488/488/459
f 483/483/454 491/491/462 485/485/456
f 485/485/456 491/491/462 492/492/460
f 492/492/460 487/487/458 485/485/456
f 488/488/459 493/493/463 494/494/464
f 494/494/464 486/486/457 488/488/459
f 495/495/465 486/486/457 494/494/464
f 486/486/457 495/495/465 484/484/455
f 480/480/451 484/484/455 495/495/465
f 494/494/464 496/496/466 495/495/465
f 497/497/467 498/498/468 499/499/469
f 499/499/469 500/500/470 497/497/467
f 496/496/466 497/497/467 500/500/470
f 500/500/470 495/495/465 496/496/466
f 495/495/465 500/500/470 501/501/471
f 501/501/471 502/502/472 495/495/465
f 502/502/472 501/501/471 503/503/473
f 503/503/473 504/504/474 502/502/472
f 505/505/475 502/502/472 504/504/474
f 504/504/474 506/506/476 505/505/475
f 501/501/471 500/500/470 499/499/469
f 505/505/475 506/506/476 507/507/477
f 507/507/477 508/508/478 505/505/475
f 509/509/479 505/505/475 508/508/478
f 505/505/475 509/509/479 510/510/480
f 510/510/480 502/502/472 505/505/475
f 502/502/472 510/510/480 473/473/444
f 473/473/444 472/472/443 502/502/472
f 495/495/465 502/502/472 472/472/443
f 472/472/443 476/476/447 495/495/465
f 476/476/447 480/480/451 495/495/465
f 476/476/447 478/478/449 480/480/451
f 511/511/481 512/512/482 513/513/483
f 513/513/483 514/514/484 511/511/481
f 515/515/485 514/514/484 513/513/483
f 513/513/483 510/510/480 515/515/485
f 516/516/486 515/515/485 510/510/480
f 510/510/480 509/509/479 516/516/486
f 516/516/486 509/509/479 517/517/487
f 508/508/478 517/517/487 509/509/479
f 517/517/487 508/508/478 518/518/488
f 518/518/488 519/519/489 517/517/487
f 517/517/487 520/520/490 516/516/486
f 521/521/491 522/522/492 523/523/493
f 523/523/493 512/512/482 521/521/491
f 512/512/482 523/523/493 524/524/494
f 524/524/494 513/513/483 512/512/482
f 513/513/483 524/524/494 525/525/495
f 525/525/495 510/510/480 513/513/483
f 510/510/480 525/525/495 526/526/496
f 526/526/496 473/473/444 510/510/480
f 473/473/444 526/526/496 527/527/497
f 527/527/497 474/474/445 473/473/444
f 528/528/498 527/527/497 526/526/496
f 526/526/496 529/529/499 528/528/498
f 529/529/499 526/526/496 525/525/495
f 525/525/495 530/530/500 529/529/499
f 530/530/500 525/525/495 531/531/501
f 531/531/501 532/532/502 530/530/500
f 530/530/500 532/532/502 533/533/503
f 533/533/503 534/534/504 530/530/500
f 535/535/505 530/530/500 534/534/504
f 534/534/504 536/536/506 535/535/505
f 537/537/507 528/528/498 529/529/499
f 538/538/508 539/539/509 533/533/503
f 533/533/503 532/532/502 538/538/508
f 540/540/510 538/538/508 532/532/502
f 532/532/502 531/531/501 540/540/510
f 541/541/511 540/540/510 531/531/501
f 531/531/501 542/542/512 541/541/511
f 543/543/513 542/542/512 531/531/501
f 531/531/501 525/525/495 543/543/513
f 544/544/514 543/543/513 525/525/495
f 525/525/495 524/524/494 544/544/514
f 544/544/514 524/524/494 523/523/493
f 523/523/493 545/545/515 544/544/514
f 540/540/510 546/546/511 547/547/516
f 547/547/516 538/538/508 540/540/510
f 548/548/517 549/549/518 550/550/519
f 550/550/519 551/551/520 548/548/517
f 535/535/505 552/552/521 553/553/522
f 553/553/522 530/530/500 535/535/505
f 530/530/500 553/553/522 554/554/523
f 529/529/499 530/530/500 554/554/523
f 555/555/524 529/529/499 554/554/523
f 529/529/499 555/555/524 537/537/507
f 555/555/524 549/549/518 537/537/507
f 549/549/518 555/555/524 554/554/523
f 554/554/523 550/550/519 549/549/518
f 556/556/525 550/550/519 554/554/523
f 554/554/523 557/557/526 556/556/525
f 558/558/527 557/557/526 554/554/523
f 554/554/523 553/553/522 558/558/527
f 559/559/528 558/558/527 553/553/522
f 553/553/522 552/552/521 559/559/528
f 535/535/505 536/536/506 560/560/529
f 560/560/529 561/561/530 535/535/505
f 552/552/521 535/535/505 561/561/530
f 561/561/530 562/562/531 552/552/521
f 559/559/528 552/552/521 562/562/531
f 562/562/531 563/563/532 559/559/528
f 561/561/530 564/564/533 565/565/532
f 565/565/532 562/562/531 561/561/530
f 566/566/534 567/567/535 568/568/536
f 569/569/537 570/570/538 571/571/539
f 569/569/537 571/571/539 572/572/540
f 572/572/540 571/571/539 573/573/541
f 573/573/541 574/574/542 572/572/540
f 568/568/536 572/572/540 574/574/542
f 574/574/542 575/575/543 568/568/536
f 568/568/536 575/575/543 566/566/534
f 576/576/544 566/566/534 575/575/543
f 347/347/331 566/566/534 576/576/544
f 576/576/544 577/577/545 347/347/331
f 347/347/331 577/577/545 350/350/334
f 578/578/516 579/579/546 580/580/512
f 580/580/512 581/581/503 578/578/516
f 581/581/503 580/580/512 582/582/547
f 582/582/547 583/583/504 581/581/503
f 584/584/548 585/585/491 586/586/549
f 586/586/549 587/587/514 584/584/548
f 587/587/514 586/586/549 588/588/485
f 588/588/485 582/582/547 587/587/514
f 589/589/550 582/582/547 588/588/485
f 582/582/547 589/589/550 590/590/551
f 590/590/551 583/583/504 582/582/547
f 583/583/504 590/590/551 591/591/526
f 591/591/526 592/592/552 583/583/504
f 583/583/504 592/592/552 593/593/528
f 593/593/528 594/594/553 583/583/504
f 594/594/553 593/593/528 595/595/532
f 595/595/532 596/596/529 594/594/553
f 588/588/485 597/597/554 589/589/550
f 598/598/555 591/591/526 599/599/517
f 591/591/526 590/590/551 599/599/517
f 600/600/556 601/601/557 597/597/554
f 597/597/554 588/588/485 600/600/556
f 600/600/556 588/588/485 602/602/486
f 602/602/486 603/603/558 600/600/556
f 603/603/558 602/602/486 604/604/490
f 604/604/490 605/605/488 603/603/558
f 606/606/442 607/607/450 608/608/559
f 607/607/450 609/609/560 608/608/559
f 608/608/559 609/609/560 610/610/561
f 610/610/561 609/609/560 601/601/557
f 601/601/557 600/600/556 610/610/561
f 611/611/467 610/610/561 600/600/556
f 600/600/556 612/612/562 611/611/467
f 611/611/467 612/612/562 613/613/563
f 613/613/563 614/614/468 611/611/467
f 610/610/561 615/615/454 608/608/559
f 616/616/564 615/615/454 610/610/561
f 610/610/561 617/617/565 616/616/564
f 616/616/564 617/617/565 618/618/461
f 618/618/461 619/619/460 616/616/564
f 620/620/566 621/621/567 622/622/568
f 623/623/569 624/624/570 625/625/571
f 625/625/571 626/626/572 623/623/569
f 627/627/573 626/626/572 625/625/571
f 627/627/573 628/628/574 626/626/572
f 627/627/573 622/622/568 628/628/574
f 622/622/568 621/621/567 628/628/574
f 628/628/574 621/621/567 629/629/575
f 621/621/567 630/630/576 629/629/575
f 625/625/571 631/631/577 627/627/573
f 632/632/578 633/633/579 634/634/580
f 635/635/581 633/633/579 632/632/578
f 629/629/575 633/633/579 635/635/581
f 635/635/581 623/623/569 629/629/575
f 629/629/575 623/623/569 628/628/574
f 623/623/569 626/626/572 628/628/574
f 629/629/575 636/636/582 633/633/579
f 637/637/583 638/638/584 639/639/585
f 639/639/585 640/640/586 637/637/583
f 640/640/586 639/639/585 623/623/569
f 623/623/569 641/641/587 640/640/586
f 635/635/581 641/641/587 623/623/569
f 641/641/587 635/635/581 642/642/588
f 642/642/588 635/635/581 632/632/578
f 643/643/589 642/642/588 632/632/578
f 642/642/588 644/644/590 640/640/586
f 640/640/586 641/641/587 642/642/588
f 645/645/591 646/646/592 647/647/593
f 648/648/594 649/649/595 650/650/596
f 651/651/597 649/649/595 648/648/594
f 649/649/595 651/651/597 652/652/598
f 652/652/598 651/651/597 646/646/592
f 646/646/592 653/653/599 652/652/598
f 646/646/592 645/645/591 653/653/599
f 654/654/600 653/653/599 645/645/591
f 645/645/591 655/655/601 654/654/600
f 655/655/601 645/645/591 647/647/593
f 647/647/593 656/656/602 655/655/601
f 657/657/601 658/658/602 650/650/596
f 652/652/598 659/659/603 649/649/595
f 653/653/599 659/659/603 652/652/598
f 653/653/599 660/660/600 659/659/603
f 659/659/603 660/660/600 657/657/601
f 657/657/601 661/661/604 659/659/603
f 650/650/596 661/661/604 657/657/601
f 649/649/595 661/661/604 650/650/596
f 659/659/603 661/661/604 649/649/595
f 650/650/596 662/662/605 663/663/606
f 662/662/605 650/650/596 658/658/602
f 658/658/602 664/664/607 662/662/605
f 662/662/605 664/664/607 665/665/608
f 665/665/608 666/666/609 662/662/605
f 662/662/605 666/666/609 667/667/610
f 667/667/610 663/663/606 662/662/605
f 663/663/606 667/667/610 668/668/575
f 667/667/610 669/669/611 668/668/575
f 668/668/575 670/670/576 671/671/612
f 672/672/607 656/656/602 647/647/593
f 647/647/593 673/673/613 672/672/607
f 672/672/607 673/673/613 674/674/614
f 671/671/612 674/674/614 673/673/613
f 673/673/613 675/675/615 671/671/612
f 668/668/575 671/671/612 675/675/615
f 668/668/575 675/675/615 676/676/616
f 676/676/616 663/663/606 668/668/575
f 648/648/594 663/663/606 676/676/616
f 663/663/606 648/648/594 650/650/596
f 677/677/617 678/678/618 676/676/616
f 676/676/616 675/675/615 677/677/617
f 676/676/616 678/678/618 648/648/594
f 648/648/594 678/678/618 651/651/597
f 646/646/592 651/651/597 678/678/618
f 678/678/618 677/677/617 646/646/592
f 646/646/592 677/677/617 647/647/593
f 647/647/593 677/677/617 675/675/615
f 675/675/615 673/673/613 647/647/593
f 679/679/579 680/680/582 681/681/619
f 681/681/619 682/682/620 679/679/579
f 683/683/621 679/679/579 682/682/620
f 683/683/621 682/682/620 684/684/622
f 684/684/622 682/682/620 681/681/619
f 681/681/619 685/685/609 684/684/622
f 684/684/622 685/685/609 686/686/623
f 684/684/622 686/686/623 687/687/624
f 687/687/624 683/683/621 684/684/622
f 683/683/621 687/687/624 688/688/625
f 689/689/626 690/690/627 691/691/628
f 691/691/628 685/685/609 689/689/626
f 685/685/609 691/691/628 686/686/623
f 691/691/628 692/692/629 686/686/623
f 686/686/623 692/692/629 693/693/630
f 693/693/630 687/687/624 686/686/623
f 687/687/624 693/693/630 694/694/631
f 695/695/632 687/687/624 694/694/631
f 687/687/624 695/695/632 688/688/625
f 696/696/633 689/689/626 697/697/634
f 698/698/635 697/697/634 699/699/612
f 700/700/636 691/691/628 690/690/627
f 690/690/627 701/701/637 700/700/636
f 702/702/638 700/700/636 701/701/637
f 701/701/637 703/703/639 702/702/638
f 702/702/638 703/703/639 704/704/640
f 704/704/640 694/694/631 702/702/638
f 694/694/631 704/704/640 705/705/641
f 705/705/641 706/706/642 694/694/631
f 695/695/632 694/694/631 706/706/642
f 707/707/643 708/708/644 709/709/645
f 708/708/644 707/707/643 705/705/641
f 705/705/641 704/704/640 708/708/644
f 710/710/646 708/708/644 704/704/640
f 704/704/640 711/711/647 710/710/646
f 710/710/646 711/711/647 712/712/648
f 712/712/648 713/713/649 710/710/646
f 713/713/649 712/712/648 690/690/627
f 690/690/627 696/696/633 713/713/649
f 689/689/626 696/696/633 690/690/627
f 714/714/650 709/709/645 708/708/644
f 715/715/651 709/709/645 714/714/650
f 716/716/652 709/709/645 715/715/651
f 715/715/651 717/717/653 716/716/652
f 718/718/654 716/716/652 717/717/653
f 717/717/653 719/719/655 718/718/654
f 714/714/650 720/720/656 715/715/651
f 718/718/654 719/719/655 698/698/635
f 698/698/635 719/719/655 721/721/653
f 697/697/634 698/698/635 721/721/653
f 697/697/634 721/721/653 722/722/651
f 697/697/634 722/722/651 696/696/633
f 696/696/633 722/722/651 720/720/656
f 720/720/656 723/723/657 696/696/633
f 723/723/657 720/720/656 714/714/650
f 714/714/650 724/724/658 723/723/657
f 708/708/644 724/724/658 714/714/650
f 699/699/612 725/725/576 726/726/567
f 726/726/567 727/727/659 699/699/612
f 699/699/612 727/727/659 698/698/635
f 728/728/660 698/698/635 727/727/659
f 698/698/635 728/728/660 718/718/654
f 718/718/654 728/728/660 729/729/661
f 718/718/654 729/729/661 716/716/652
f 729/729/661 730/730/662 716/716/652
f 709/709/645 716/716/652 730/730/662
f 707/707/643 709/709/645 730/730/662
f 728/728/660 727/727/659 726/726/567
f 731/731/663 732/732/664 733/733/665
f 733/733/665 734/734/666 735/735/667
f 733/733/665 732/732/664 734/734/666
f 734/734/666 732/732/664 736/736/668
f 732/732/664 217/217/215 736/736/668
f 732/732/664 731/731/663 217/217/215
f 217/217/215 731/731/663 216/216/214
f 216/216/214 731/731/663 215/215/213
f 215/215/213 731/731/663 733/733/665
f 214/214/212 215/215/213 733/733/665
f 214/214/212 733/733/665 737/737/669
f 737/737/669 738/738/670 214/214/212
f 734/734/666 736/736/668 739/739/671
f 734/734/666 739/739/671 735/735/667
f 740/740/672 741/741/673 742/742/674
f 743/743/675 740/740/672 742/742/674
f 740/740/672 743/743/675 744/744/676
f 743/743/675 745/745/677 744/744/676
f 745/745/677 746/746/678 744/744/676
f 746/746/678 745/745/677 738/738/670
f 747/747/679 746/746/678 738/738/670
f 737/737/669 747/747/679 738/738/670
f 737/737/669 735/735/667 747/747/679
f 737/737/669 733/733/665 735/735/667
f 748/748/680 749/749/681 750/750/682
f 750/750/682 741/741/673 748/748/680
f 751/751/683 748/748/680 741/741/673
f 741/741/673 740/740/672 751/751/683
f 751/751/683 740/740/672 752/752/684
f 740/740/672 739/739/671 752/752/684
f 740/740/672 744/744/676 739/739/671
f 739/739/671 744/744/676 735/735/667
f 735/735/667 744/744/676 747/747/679
f 746/746/678 747/747/679 744/744/676
f 739/739/671 736/736/668 752/752/684
f 753/753/685 752/752/684 736/736/668
f 753/753/685 754/754/686 752/752/684
f 752/752/684 754/754/686 751/751/683
f 755/755/687 751/751/683 754/754/686
f 748/748/680 751/751/683 755/755/687
f 755/755/687 756/756/688 748/748/680
f 756/756/688 757/757/689 748/748/680
f 749/749/681 748/748/680 757/757/689
f 757/757/689 758/758/690 749/749/681
f 754/754/686 759/759/691 755/755/687
f 736/736/668 217/217/215 218/218/216
f 218/218/216 760/760/692 736/736/668
f 760/760/692 753/753/685 736/736/668
f 761/761/693 753/753/685 760/760/692
f 754/754/686 753/753/685 761/761/693
f 761/761/693 762/762/694 754/754/686
f 762/762/694 759/759/691 754/754/686
f 763/763/695 759/759/691 762/762/694
f 755/755/687 759/759/691 763/763/695
f 763/763/695 764/764/696 755/755/687
f 760/760/692 218/218/216 765/765/697
f 765/765/697 766/766/698 760/760/692
f 760/760/692 766/766/698 761/761/693
f 767/767/699 761/761/693 766/766/698
f 762/762/694 761/761/693 767/767/699
f 767/767/699 768/768/700 762/762/694
f 762/762/694 768/768/700 763/763/695
f 763/763/695 768/768/700 769/769/701
f 763/763/695 769/769/701 770/770/177
f 771/771/178 770/770/177 769/769/701
f 767/767/699 772/772/702 769/769/701
f 769/769/701 768/768/700 767/767/699
f 772/772/702 771/771/178 769/769/701
f 773/773/703 771/771/178 772/772/702
f 767/767/699 773/773/703 772/772/702
f 766/766/698 773/773/703 767/767/699
f 774/774/704 773/773/703 766/766/698
f 766/766/698 765/765/697 774/774/704
f 774/774/704 765/765/697 775/775/705
f 775/775/705 765/765/697 218/218/216
f 776/776/706 775/775/705 218/218/216
f 218/218/216 220/220/218 776/776/706
f 776/776/706 220/220/218 777/777/707
f 777/777/707 220/220/218 778/778/708
f 773/773/703 779/779/23 771/771/178
f 773/773/703 774/774/704 779/779/23
f 774/774/704 780/780/709 779/779/23
f 780/780/709 774/774/704 781/781/710
f 775/775/705 781/781/710 774/774/704
f 782/782/711 781/781/710 775/775/705
f 775/775/705 776/776/706 782/782/711
f 777/777/707 782/782/711 776/776/706
f 781/781/710 783/783/712 780/780/709
f 783/783/712 781/781/710 782/782/711
f 783/783/712 782/782/711 784/784/713
f 785/785/714 783/783/712 784/784/713
f 784/784/713 786/786/715 785/785/714
f 787/787/716 785/785/714 786/786/715
f 786/786/715 788/788/2 787/787/716
f 789/789/633 790/790/657 791/791/658
f 791/791/658 792/792/644 789/789/633
f 793/793/649 789/789/633 792/792/644
f 792/792/644 794/794/717 793/793/649
f 795/795/718 796/796/719 797/797/720
f 798/798/721 796/796/719 795/795/718
f 795/795/718 799/799/722 798/798/721
f 800/800/723 799/799/722 795/795/718
f 795/795/718 801/801/724 800/800/723
f 801/801/724 795/795/718 797/797/720
f 797/797/720 802/802/725 801/801/724
f 803/803/726 804/804/727 800/800/723
f 800/800/723 801/801/724 803/803/726
f 805/805/728 803/803/726 801/801/724
f 801/801/724 802/802/725 805/805/728
f 806/806/729 805/805/728 802/802/725
f 802/802/725 807/807/730 806/806/729
f 807/807/730 802/802/725 797/797/720
f 797/797/720 808/808/731 807/807/730
f 808/808/731 797/797/720 796/796/719
f 796/796/719 798/798/721 808/808/731
f 808/808/731 809/809/732 810/810/733
f 808/808/731 810/810/733 811/811/734
f 807/807/730 808/808/731 811/811/734
f 807/807/730 811/811/734 812/812/735
f 807/807/730 812/812/735 813/813/736
f 813/813/736 806/806/729 807/807/730
f 814/814/737 806/806/729 813/813/736
f 806/806/729 814/814/737 815/815/738
f 815/815/738 805/805/728 806/806/729
f 816/816/282 805/805/728 815/815/738
f 813/813/736 817/817/739 814/814/737
f 815/815/738 818/818/277 816/816/282
f 805/805/728 816/816/282 803/803/726
f 803/803/726 816/816/282 819/819/285
f 819/819/285 804/804/727 803/803/726
f 804/804/727 819/819/285 820/820/284
f 820/820/284 821/821/740 804/804/727
f 804/804/727 821/821/740 822/822/741
f 804/804/727 822/822/741 800/800/723
f 822/822/741 823/823/742 800/800/723
f 800/800/723 823/823/742 824/824/743
f 799/799/722 800/800/723 824/824/743
f 799/799/722 824/824/743 825/825/744
f 799/799/722 825/825/744 826/826/745
f 798/798/721 799/799/722 826/826/745
f 798/798/721 826/826/745 827/827/746
f 798/798/721 827/827/746 809/809/732
f 808/808/731 798/798/721 809/809/732
f 828/828/747 829/829/748 830/830/749
f 830/830/749 831/831/632 828/828/747
f 832/832/642 828/828/747 831/831/632
f 828/828/747 832/832/642 833/833/641
f 829/829/748 834/834/750 835/835/46
f 836/836/45 834/834/750 829/829/748
f 829/829/748 837/837/751 836/836/45
f 837/837/751 829/829/748 828/828/747
f 828/828/747 838/838/752 837/837/751
f 833/833/641 838/838/752 828/828/747
f 839/839/753 838/838/752 833/833/641
f 833/833/641 840/840/754 839/839/753
f 840/840/754 841/841/662 839/839/753
f 839/839/753 841/841/662 842/842/755
f 843/843/756 844/844/43 842/842/755
f 845/845/757 842/842/755 844/844/43
f 842/842/755 845/845/757 839/839/753
f 839/839/753 845/845/757 837/837/751
f 837/837/751 838/838/752 839/839/753
f 836/836/45 837/837/751 845/845/757
f 845/845/757 846/846/44 836/836/45
f 844/844/43 846/846/44 845/845/757
f 847/847/758 842/842/755 841/841/662
f 842/842/755 847/847/758 843/843/756
f 843/843/756 847/847/758 848/848/759
f 848/848/759 849/849/191 843/843/756
f 849/849/191 848/848/759 850/850/760
f 850/850/760 851/851/192 849/849/191
f 851/851/192 850/850/760 852/852/761
f 853/853/136 851/851/192 852/852/761
f 853/853/136 852/852/761 854/854/762
f 852/852/761 855/855/763 854/854/762
f 853/853/136 856/856/188 851/851/192
f 841/841/662 857/857/661 847/847/758
f 847/847/758 857/857/661 858/858/660
f 848/848/759 847/847/758 858/858/660
f 859/859/568 848/848/759 858/858/660
f 850/850/760 848/848/759 859/859/568
f 859/859/568 860/860/764 850/850/760
f 850/850/760 860/860/764 861/861/765
f 860/860/764 862/862/766 861/861/765
f 861/861/765 862/862/766 863/863/767
f 863/863/767 862/862/766 864/864/571
f 865/865/573 860/860/764 859/859/568
f 866/866/768 860/860/764 865/865/573
f 865/865/573 867/867/577 866/866/768
f 866/866/768 867/867/577 864/864/571
f 864/864/571 862/862/766 866/866/768
f 860/860/764 866/866/768 862/862/766
f 864/864/571 868/868/585 863/863/767
f 868/868/585 869/869/769 863/863/767
f 870/870/770 869/869/769 868/868/585
f 871/871/771 869/869/769 870/870/770
f 870/870/770 872/872/772 871/871/771
f 871/871/771 872/872/772 873/873/583
f 874/874/773 873/873/583 872/872/772
f 872/872/772 870/870/770 874/874/773
f 868/868/585 874/874/773 870/870/770
f 863/863/767 875/875/774 861/861/765
f 869/869/769 875/875/774 863/863/767
f 876/876/775 875/875/774 869/869/769
f 869/869/769 871/871/771 876/876/775
f 871/871/771 877/877/589 876/876/775
f 871/871/771 878/878/776 877/877/589
f 877/877/589 878/878/776 879/879/590
f 880/880/777 879/879/590 878/878/776
f 878/878/776 871/871/771 880/880/777
f 873/873/583 880/880/777 871/871/771
f 879/879/590 881/881/778 877/877/589
f 835/835/46 882/882/58 883/883/779
f 883/883/779 882/882/58 884/884/780
f 884/884/780 885/885/781 883/883/779
f 886/886/782 885/885/781 884/884/780
f 884/884/780 887/887/67 886/886/782
f 888/888/783 886/886/782 887/887/67
f 886/886/782 888/888/783 876/876/775
f 876/876/775 888/888/783 855/855/763
f 855/855/763 875/875/774 876/876/775
f 875/875/774 855/855/763 852/852/761
f 852/852/761 861/861/765 875/875/774
f 861/861/765 852/852/761 850/850/760
f 855/855/763 889/889/135 854/854/762
f 890/890/784 889/889/135 855/855/763
f 888/888/783 890/890/784 855/855/763
f 891/891/785 890/890/784 888/888/783
f 888/888/783 887/887/67 891/891/785
f 887/887/67 892/892/786 891/891/785
f 893/893/787 894/894/371 895/895/788
f 895/895/788 896/896/75 893/893/787
f 897/897/789 898/898/790 896/896/75
f 895/895/788 897/897/789 896/896/75
f 897/897/789 895/895/788 899/899/791
f 899/899/791 895/895/788 894/894/371
f 894/894/371 900/900/792 899/899/791
f 901/901/369 899/899/791 900/900/792
f 901/901/369 902/902/793 899/899/791
f 901/901/369 903/903/794 902/902/793
f 904/904/795 902/902/793 903/903/794
f 905/905/211 904/904/795 903/903/794
f 906/906/796 905/905/211 903/903/794
f 898/898/790 907/907/797 908/908/798
f 897/897/789 907/907/797 898/898/790
f 907/907/797 897/897/789 909/909/799
f 899/899/791 909/909/799 897/897/789
f 909/909/799 899/899/791 902/902/793
f 902/902/793 910/910/800 909/909/799
f 910/910/800 902/902/793 904/904/795
f 910/910/800 911/911/801 909/909/799
f 909/909/799 911/911/801 907/907/797
f 907/907/797 911/911/801 912/912/802
f 912/912/802 911/911/801 913/913/803
f 911/911/801 910/910/800 913/913/803
f 913/913/803 910/910/800 914/914/804
f 904/904/795 914/914/804 910/910/800
f 743/743/675 914/914/804 904/904/795
f 904/904/795 915/915/805 743/743/675
f 915/915/805 745/745/677 743/743/675
f 745/745/677 915/915/805 916/916/806
f 745/745/677 916/916/806 738/738/670
f 915/915/805 917/917/807 916/916/806
f 916/916/806 917/917/807 918/918/808
f 918/918/808 917/917/807 919/919/809
f 738/738/670 916/916/806 918/918/808
f 918/918/808 214/214/212 738/738/670
f 214/214/212 918/918/808 919/919/809
f 211/211/209 214/214/212 919/919/809
f 920/920/810 211/211/209 919/919/809
f 920/920/810 219/219/217 211/211/209
f 921/921/811 219/219/217 920/920/810
f 219/219/217 921/921/811 221/221/219
f 221/221/219 212/212/210 219/219/217
f 213/213/211 212/212/210 221/221/219
f 915/915/805 904/904/795 905/905/211
f 905/905/211 922/922/812 915/915/805
f 915/915/805 922/922/812 917/917/807
f 917/917/807 922/922/812 923/923/813
f 923/923/813 919/919/809 917/917/807
f 923/923/813 924/924/814 919/919/809
f 924/924/814 920/920/810 919/919/809
f 920/920/810 924/924/814 925/925/815
f 925/925/815 926/926/816 920/920/810
f 920/920/810 926/926/816 921/921/811
f 924/924/814 923/923/813 925/925/815
f 923/923/813 922/922/812 905/905/211
f 905/905/211 906/906/796 923/923/813
f 923/923/813 906/906/796 925/925/815
f 906/906/796 927/927/817 925/925/815
f 928/928/818 927/927/817 906/906/796
f 929/929/819 927/927/817 928/928/818
f 928/928/818 930/930/820 929/929/819
f 929/929/819 930/930/820 931/931/821
f 930/930/820 932/932/822 931/931/821
f 931/931/821 932/932/822 933/933/823
f 932/932/822 934/934/824 933/933/823
f 934/934/824 932/932/822 930/930/820
f 930/930/820 935/935/368 934/934/824
f 936/936/825 935/935/368 930/930/820
f 930/930/820 928/928/818 936/936/825
f 936/936/825 928/928/818 937/937/826
f 906/906/796 937/937/826 928/928/818
f 906/906/796 938/938/827 937/937/826
f 903/903/794 938/938/827 906/906/796
f 938/938/827 903/903/794 939/939/377
f 939/939/377 940/940/375 938/938/827
f 937/937/826 938/938/827 940/940/375
f 937/937/826 940/940/375 936/936/825
f 903/903/794 941/941/828 939/939/377
f 901/901/369 941/941/828 903/903/794
f 901/901/369 942/942/829 941/941/828
f 941/941/828 942/942/829 943/943/830
f 943/943/830 944/944/382 941/941/828
f 945/945/831 946/946/832 947/947/833
f 947/947/833 948/948/834 945/945/831
f 949/949/835 948/948/834 947/947/833
f 947/947/833 950/950/836 949/949/835
f 949/949/835 950/950/836 951/951/837
f 951/951/837 952/952/838 949/949/835
f 953/953/839 954/954/840 955/955/841
f 955/955/841 956/956/842 953/953/839
f 957/957/843 953/953/839 956/956/842
f 956/956/842 958/958/844 957/957/843
f 959/959/845 957/957/843 958/958/844
f 958/958/844 960/960/846 959/959/845
f 959/959/845 960/960/846 961/961/847
f 961/961/847 962/962/848 959/959/845
f 962/962/848 961/961/847 946/946/832
f 946/946/832 945/945/831 962/962/848
f 963/963/849 964/964/850 965/965/262
f 966/966/851 967/967/835 968/968/266
f 968/968/266 967/967/835 969/969/852
f 968/968/266 969/969/852 970/970/853
f 965/965/262 968/968/266 970/970/853
f 965/965/262 970/970/853 971/971/840
f 971/971/840 972/972/839 965/965/262
f 963/963/849 965/965/262 972/972/839
f 972/972/839 973/973/854 963/963/849
f 963/963/849 973/973/854 974/974/845
f 974/974/845 964/964/850 963/963/849
f 967/967/835 975/975/838 969/969/852
f 974/974/845 976/976/848 977/977/855
f 977/977/855 964/964/850 974/974/845
f 977/977/855 978/978/264 964/964/850
f 978/978/264 977/977/855 976/976/848
f 976/976/848 979/979/831 978/978/264
f 980/980/856 978/978/264 979/979/831
f 979/979/831 966/966/851 980/980/856
f 968/968/266 980/980/856 966/966/851
f 978/978/264 980/980/856 968/968/266
f 981/981/857 982/982/858 983/983/391
f 981/981/857 984/984/859 982/982/858
f 984/984/859 985/985/860 982/982/858
f 983/983/391 982/982/858 985/985/860
f 983/983/391 985/985/860 986/986/861
f 986/986/861 987/987/862 983/983/391
f 988/988/384 987/987/862 986/986/861
f 988/988/384 986/986/861 989/989/863
f 989/989/863 990/990/385 988/988/384
f 991/991/386 990/990/385 989/989/863
f 989/989/863 345/345/329 991/991/386
f 345/345/329 992/992/864 991/991/386
f 343/343/327 992/992/864 345/345/329
f 993/993/865 994/994/865 995/995/866
f 995/995/866 996/996/867 993/993/865
f 997/997/868 996/996/867 995/995/866
f 995/995/866 998/998/869 997/997/868
f 997/997/868 998/998/869 999/999/841
f 1000/1000/870 997/997/868 999/999/841
f 1001/1001/871 1002/1002/872 1003/1003/873
f 1002/1002/872 1004/1004/836 1003/1003/873
f 1005/1005/874 1003/1003/873 1004/1004/836
f 1004/1004/836 1006/1006/833 1005/1005/874
f 1005/1005/874 1006/1006/833 1007/1007/875
f 1007/1007/875 1008/1008/876 1005/1005/874
f 1009/1009/877 1008/1008/876 1007/1007/875
f 1007/1007/875 1010/1010/878 1009/1009/877
f 993/993/865 1009/1009/877 1010/1010/878
f 1010/1010/878 994/994/865 993/993/865
f 1011/1011/879 1012/1012/880 1013/1013/881
f 1011/1011/879 1013/1013/881 1014/1014/868
f 1013/1013/881 1015/1015/882 1014/1014/868
f 1014/1014/868 1015/1015/882 1016/1016/883
f 1014/1014/868 1016/1016/883 1017/1017/867
f 1016/1016/883 1018/1018/884 1017/1017/867
f 1019/1019/885 1017/1017/867 1018/1018/884
f 1019/1019/885 1020/1020/886 1017/1017/867
f 1019/1019/885 1021/1021/887 1020/1020/886
f 1022/1022/888 1020/1020/886 1021/1021/887
f 1022/1022/888 1023/1023/877 1020/1020/886
f 1022/1022/888 1024/1024/889 1023/1023/877
f 1025/1025/890 1023/1023/877 1024/1024/889
f 1025/1025/890 1026/1026/876 1023/1023/877
f 1025/1025/890 1027/1027/891 1026/1026/876
f 1028/1028/892 1026/1026/876 1027/1027/891
f 1028/1028/892 1029/1029/874 1026/1026/876
f 1028/1028/892 1030/1030/893 1029/1029/874
f 1029/1029/874 1030/1030/893 1031/1031/894
f 1029/1029/874 1031/1031/894 1032/1032/895
f 1031/1031/894 1033/1033/896 1032/1032/895
f 1032/1032/895 1033/1033/896 1034/1034/897
f 1034/1034/897 1035/1035/871 1032/1032/895
f 1036/1036/879 1035/1035/871 1034/1034/897
f 1034/1034/897 1037/1037/880 1036/1036/879
f 674/674/614 1038/1038/898 672/672/607
f 1039/1039/899 1040/1040/900 1041/1041/4
f 1041/1041/4 1042/1042/901 1039/1039/899
f 1043/1043/902 1044/1044/903 1045/1045/904
f 1045/1045/904 1046/1046/905 1043/1043/902
f 1046/1046/905 1045/1045/904 1042/1042/901
f 1047/1047/906 1046/1046/905 1042/1042/901
f 1047/1047/906 1042/1042/901 1041/1041/4
f 1048/1048/907 1047/1047/906 1041/1041/4
f 1048/1048/907 1041/1041/4 1049/1049/908
f 1050/1050/909 1048/1048/907 1049/1049/908
f 1050/1050/909 1049/1049/908 1051/1051/910
f 1050/1050/909 1051/1051/910 1052/1052/911
f 1047/1047/906 1048/1048/907 1053/1053/912
f 1053/1053/912 1048/1048/907 1054/1054/913
f 1048/1048/907 1055/1055/914 1054/1054/913
f 1050/1050/909 1055/1055/914 1048/1048/907
f 1055/1055/914 1050/1050/909 1052/1052/911
f 1052/1052/911 1056/1056/301 1055/1055/914
f 1055/1055/914 1056/1056/301 1057/1057/299
f 1057/1057/299 1054/1054/913 1055/1055/914
f 1054/1054/913 1057/1057/299 1058/1058/427
f 1058/1058/427 1059/1059/915 1054/1054/913
f 1059/1059/915 1058/1058/427 1060/1060/426
f 1060/1060/426 1061/1061/916 1059/1059/915
f 1062/1062/917 1061/1061/916 1060/1060/426
f 1063/1063/429 1061/1061/916 1062/1062/917
f 1062/1062/917 1064/1064/349 1063/1063/429
f 1060/1060/426 1065/1065/437 1062/1062/917
f 1063/1063/429 1066/1066/918 1061/1061/916
f 1061/1061/916 1066/1066/918 1067/1067/919
f 1067/1067/919 1059/1059/915 1061/1061/916
f 1067/1067/919 1068/1068/221 1059/1059/915
f 1068/1068/221 1069/1069/920 1059/1059/915
f 1069/1069/920 1053/1053/912 1059/1059/915
f 1054/1054/913 1059/1059/915 1053/1053/912
f 1053/1053/912 1069/1069/920 1070/1070/921
f 1069/1069/920 1071/1071/219 1070/1070/921
f 1070/1070/921 1071/1071/219 1072/1072/922
f 1072/1072/922 1073/1073/923 1070/1070/921
f 1072/1072/922 1074/1074/356 1075/1075/924
f 1072/1072/922 1075/1075/924 1076/1076/925
f 1076/1076/925 1077/1077/926 1072/1072/922
f 1077/1077/926 1073/1073/923 1072/1072/922
f 1077/1077/926 1078/1078/927 1073/1073/923
f 1078/1078/927 1043/1043/902 1073/1073/923
f 1073/1073/923 1043/1043/902 1070/1070/921
f 1043/1043/902 1046/1046/905 1070/1070/921
f 1046/1046/905 1053/1053/912 1070/1070/921
f 1046/1046/905 1047/1047/906 1053/1053/912
f 1043/1043/902 1079/1079/928 1080/1080/929
f 1043/1043/902 1078/1078/927 1079/1079/928
f 1078/1078/927 1081/1081/930 1079/1079/928
f 1081/1081/930 1078/1078/927 1077/1077/926
f 1077/1077/926 1082/1082/361 1081/1081/930
f 1082/1082/361 1077/1077/926 1076/1076/925
f 1076/1076/925 1083/1083/359 1082/1082/361
f 1083/1083/359 1076/1076/925 1075/1075/924
f 1075/1075/924 1084/1084/931 1083/1083/359
f 1085/1085/358 1084/1084/931 1075/1075/924
f 1075/1075/924 1086/1086/932 1085/1085/358
f 1086/1086/932 1087/1087/352 1085/1085/358
f 1086/1086/932 1088/1088/933 1087/1087/352
f 1087/1087/352 1088/1088/933 1089/1089/917
f 1090/1090/934 1089/1089/917 1088/1088/933
f 1088/1088/933 1091/1091/350 1090/1090/934
f 1092/1092/355 1091/1091/350 1088/1088/933
f 1092/1092/355 1088/1088/933 1086/1086/932
f 1074/1074/356 1092/1092/355 1086/1086/932
f 1086/1086/932 1075/1075/924 1074/1074/356
f 1089/1089/917 1093/1093/437 1087/1087/352
f 1094/1094/891 1095/1095/935 1096/1096/885
f 1095/1095/935 1094/1094/891 1097/1097/890
f 1097/1097/890 1098/1098/888 1095/1095/935
f 1097/1097/890 1099/1099/889 1098/1098/888
f 1100/1100/881 1101/1101/936 1102/1102/937
f 1100/1100/881 1102/1102/937 1103/1103/938
f 1103/1103/938 1104/1104/882 1100/1100/881
f 1104/1104/882 1103/1103/938 1105/1105/894
f 1105/1105/894 1106/1106/883 1104/1104/882
f 1107/1107/884 1106/1106/883 1105/1105/894
f 1105/1105/894 1108/1108/893 1107/1107/884
f 1107/1107/884 1108/1108/893 1109/1109/892
f 1109/1109/892 1096/1096/885 1107/1107/884
f 1096/1096/885 1109/1109/892 1094/1094/891
f 1110/1110/939 1111/1111/172 1112/1112/940
f 764/764/696 763/763/695 770/770/177
f 770/770/177 1110/1110/939 764/764/696
f 1113/1113/941 764/764/696 1110/1110/939
f 1112/1112/940 1113/1113/941 1110/1110/939
f 1114/1114/942 1113/1113/941 1112/1112/940
f 1114/1114/942 1112/1112/940 1115/1115/943
f 1115/1115/943 1112/1112/940 1111/1111/172
f 1111/1111/172 1116/1116/944 1115/1115/943
f 1115/1115/943 1116/1116/944 1117/1117/173
f 756/756/688 755/755/687 764/764/696
f 764/764/696 1113/1113/941 756/756/688
f 757/757/689 756/756/688 1113/1113/941
f 1113/1113/941 1114/1114/942 757/757/689
f 757/757/689 1114/1114/942 1118/1118/945
f 1115/1115/943 1118/1118/945 1114/1114/942
f 1119/1119/946 1118/1118/945 1115/1115/943
f 1119/1119/946 1115/1115/943 1117/1117/173
f 1119/1119/946 1117/1117/173 1120/1120/167
f 1121/1121/947 1119/1119/946 1120/1120/167
f 1118/1118/945 758/758/690 757/757/689
f 1122/1122/948 758/758/690 1118/1118/945
f 1118/1118/945 1119/1119/946 1122/1122/948
f 1122/1122/948 1119/1119/946 1121/1121/947
f 1123/1123/949 1124/1124/950 1125/1125/951
f 1126/1126/952 1123/1123/949 1125/1125/951
f 1126/1126/952 1125/1125/951 1122/1122/948
f 1122/1122/948 1127/1127/953 1126/1126/952
f 1121/1121/947 1127/1127/953 1122/1122/948
f 1128/1128/954 1127/1127/953 1121/1121/947
f 1121/1121/947 1129/1129/955 1128/1128/954
f 912/912/802 1128/1128/954 1129/1129/955
f 1129/1129/955 908/908/798 912/912/802
f 912/912/802 908/908/798 907/907/797
f 1126/1126/952 1127/1127/953 1128/1128/954
f 1128/1128/954 1130/1130/956 1126/1126/952
f 1126/1126/952 1130/1130/956 1123/1123/949
f 1130/1130/956 1131/1131/957 1123/1123/949
f 1131/1131/957 1132/1132/958 1123/1123/949
f 1131/1131/957 1133/1133/959 1132/1132/958
f 1133/1133/959 1131/1131/957 1134/1134/960
f 1135/1135/961 1131/1131/957 1136/1136/962
f 1135/1135/961 913/913/803 1131/1131/957
f 1131/1131/957 913/913/803 1134/1134/960
f 914/914/804 1134/1134/960 913/913/803
f 743/743/675 1134/1134/960 914/914/804
f 1133/1133/959 1134/1134/960 743/743/675
f 1137/1137/963 1133/1133/959 743/743/675
f 1132/1132/958 1133/1133/959 1137/1137/963
f 1124/1124/950 1132/1132/958 1137/1137/963
f 1124/1124/950 1123/1123/949 1132/1132/958
f 1136/1136/962 1131/1131/957 1130/1130/956
f 1128/1128/954 1136/1136/962 1130/1130/956
f 1136/1136/962 1128/1128/954 912/912/802
f 912/912/802 1135/1135/961 1136/1136/962
f 912/912/802 913/913/803 1135/1135/961
f 1138/1138/964 749/749/681 758/758/690
f 758/758/690 1122/1122/948 1138/1138/964
f 1125/1125/951 1138/1138/964 1122/1122/948
f 1138/1138/964 1125/1125/951 1124/1124/950
f 1124/1124/950 749/749/681 1138/1138/964
f 749/749/681 1124/1124/950 1139/1139/965
f 750/750/682 749/749/681 1139/1139/965
f 750/750/682 1139/1139/965 1140/1140/966
f 741/741/673 750/750/682 1140/1140/966
f 1140/1140/966 742/742/674 741/741/673
f 1139/1139/965 1124/1124/950 1137/1137/963
f 1139/1139/965 1137/1137/963 743/743/675
f 1140/1140/966 1139/1139/965 743/743/675
f 742/742/674 1140/1140/966 743/743/675
f 1141/1141/329 1142/1142/967 1143/1143/861
f 1144/1144/540 1145/1145/536 1146/1146/968
f 1144/1144/540 1146/1146/968 1147/1147/969
f 1147/1147/969 1146/1146/968 1141/1141/329
f 1141/1141/329 1148/1148/970 1147/1147/969
f 1149/1149/971 1148/1148/970 1141/1141/329
f 1141/1141/329 1143/1143/861 1149/1149/971
f 1150/1150/972 1149/1149/971 1143/1143/861
f 1150/1150/972 1143/1143/861 1151/1151/860
f 1151/1151/860 1152/1152/973 1150/1150/972
f 1153/1153/974 1152/1152/973 1151/1151/860
f 1144/1144/540 1154/1154/975 1155/1155/976
f 1147/1147/969 1154/1154/975 1144/1144/540
f 1156/1156/977 1157/1157/201 1158/1158/205
f 1159/1159/734 1160/1160/196 1161/1161/198
f 1161/1161/198 1162/1162/735 1159/1159/734
f 1163/1163/978 1162/1162/735 1161/1161/198
f 1161/1161/198 1157/1157/201 1163/1163/978
f 1163/1163/978 1157/1157/201 1164/1164/979
f 1156/1156/977 1164/1164/979 1157/1157/201
f 1156/1156/977 1165/1165/248 1164/1164/979
f 1164/1164/979 1165/1165/248 1166/1166/980
f 1166/1166/980 1167/1167/739 1164/1164/979
f 1164/1164/979 1167/1167/739 1163/1163/978
f 1168/1168/744 1169/1169/199 1170/1170/195
f 1170/1170/195 1171/1171/745 1168/1168/744
f 1171/1171/745 1170/1170/195 1172/1172/981
f 1172/1172/981 1173/1173/982 1171/1171/745
f 1173/1173/982 1172/1172/981 1174/1174/193
f 1174/1174/193 1175/1175/732 1173/1173/982
f 1175/1175/732 1174/1174/193 1176/1176/983
f 1176/1176/983 1177/1177/733 1175/1175/732
f 1177/1177/733 1176/1176/983 1160/1160/196
f 1160/1160/196 1159/1159/734 1177/1177/733
f 1178/1178/984 1179/1179/340 1180/1180/985
f 1180/1180/985 1181/1181/986 1178/1178/984
f 1182/1182/310 1178/1178/984 1181/1181/986
f 1181/1181/986 1183/1183/987 1182/1182/310
f 1184/1184/988 1185/1185/989 1186/1186/990
f 1187/1187/991 1188/1188/992 1189/1189/50
f 1189/1189/50 1190/1190/903 1187/1187/991
f 1187/1187/991 1190/1190/903 1191/1191/993
f 1191/1191/993 1192/1192/994 1187/1187/991
f 1191/1191/993 1185/1185/989 1192/1192/994
f 1191/1191/993 1193/1193/930 1185/1185/989
f 1193/1193/930 1186/1186/990 1185/1185/989
f 1194/1194/995 1186/1186/990 1193/1193/930
f 1184/1184/988 1186/1186/990 1194/1194/995
f 1194/1194/995 1195/1195/996 1184/1184/988
f 1196/1196/997 1195/1195/996 1194/1194/995
f 1196/1196/997 1194/1194/995 1197/1197/998
f 1197/1197/998 1194/1194/995 386/386/366
f 1194/1194/995 1193/1193/930 386/386/366
f 383/383/363 386/386/366 1193/1193/930
f 1193/1193/930 381/381/361 383/383/363
f 385/385/365 1198/1198/70 386/386/366
f 1198/1198/70 1197/1197/998 386/386/366
f 1198/1198/70 1199/1199/69 1197/1197/998
f 1196/1196/997 1197/1197/998 1199/1199/69
f 1199/1199/69 1200/1200/71 1196/1196/997
f 1195/1195/996 1196/1196/997 1200/1200/71
f 1200/1200/71 1201/1201/999 1195/1195/996
f 1184/1184/988 1195/1195/996 1201/1201/999
f 1201/1201/999 1202/1202/1000 1184/1184/988
f 1184/1184/988 1202/1202/1000 1203/1203/1001
f 1204/1204/59 1205/1205/1002 1203/1203/1001
f 1205/1205/1002 1204/1204/59 1206/1206/1003
f 1206/1206/1003 1207/1207/1004 1205/1205/1002
f 1205/1205/1002 1207/1207/1004 1208/1208/1005
f 1209/1209/1006 1208/1208/1005 1207/1207/1004
f 1210/1210/1007 1208/1208/1005 1209/1209/1006
f 1209/1209/1006 1211/1211/1008 1210/1210/1007
f 1207/1207/1004 1206/1206/1003 1209/1209/1006
f 1210/1210/1007 1212/1212/1009 1208/1208/1005
f 1213/1213/55 1212/1212/1009 1210/1210/1007
f 1210/1210/1007 1214/1214/1010 1213/1213/55
f 1184/1184/988 1203/1203/1001 1185/1185/989
f 1205/1205/1002 1185/1185/989 1203/1203/1001
f 1185/1185/989 1205/1205/1002 1192/1192/994
f 1208/1208/1005 1192/1192/994 1205/1205/1002
f 1187/1187/991 1192/1192/994 1208/1208/1005
f 1208/1208/1005 1212/1212/1009 1187/1187/991
f 1212/1212/1009 1188/1188/992 1187/1187/991
f 1188/1188/992 1212/1212/1009 1213/1213/55
f 1213/1213/55 1215/1215/54 1188/1188/992
f 1215/1215/54 1189/1189/50 1188/1188/992
f 1216/1216/1011 1217/1217/899 1218/1218/901
f 1218/1218/901 1219/1219/1012 1216/1216/1011
f 1220/1220/53 1219/1219/1012 1218/1218/901
f 1220/1220/53 1218/1218/901 1221/1221/904
f 1220/1220/53 1221/1221/904 1190/1190/903
f 1222/1222/1013 1220/1220/53 1190/1190/903
f 1189/1189/50 1222/1222/1013 1190/1190/903
f 1223/1223/1014 1224/1224/1015 1225/1225/339
f 1225/1225/339 1226/1226/1016 1223/1223/1014
f 1227/1227/1017 1223/1223/1014 1226/1226/1016
f 1226/1226/1016 1228/1228/1018 1227/1227/1017
f 1227/1227/1017 1228/1228/1018 1229/1229/336
f 1229/1229/336 1230/1230/1019 1227/1227/1017
f 1231/1231/322 1232/1232/332 1233/1233/1020
f 1233/1233/1020 1234/1234/1021 1231/1231/322
f 1235/1235/1022 1234/1234/1021 1233/1233/1020
f 1233/1233/1020 1236/1236/1023 1235/1235/1022
f 1237/1237/330 1235/1235/1022 1236/1236/1023
f 1236/1236/1023 1238/1238/1024 1237/1237/330
f 1239/1239/1025 1240/1240/1026 1241/1241/816
f 1240/1240/1026 1242/1242/922 1241/1241/816
f 1242/1242/922 1243/1243/1027 1241/1241/816
f 1244/1244/219 1243/1243/1027 1242/1242/922
f 376/376/356 1242/1242/922 1240/1240/1026
f 374/374/354 376/376/356 1240/1240/1026
f 1240/1240/1026 380/380/360 374/374/354
f 380/380/360 1240/1240/1026 1245/1245/1028
f 388/388/368 380/380/360 1245/1245/1028
f 1245/1245/1028 1246/1246/824 388/388/368
f 1246/1246/824 1245/1245/1028 1247/1247/1029
f 1245/1245/1028 1240/1240/1026 1247/1247/1029
f 1248/1248/1030 1249/1249/1031 1250/1250/1032
f 1250/1250/1032 1251/1251/1033 1248/1248/1030
f 1248/1248/1030 1251/1251/1033 1252/1252/1034
f 1252/1252/1034 1253/1253/1035 1248/1248/1030
f 1250/1250/1032 1254/1254/879 1255/1255/841
f 1256/1256/1036 1254/1254/879 1250/1250/1032
f 1250/1250/1032 1249/1249/1031 1256/1256/1036
f 1257/1257/1037 1256/1256/1036 1249/1249/1031
f 1249/1249/1031 1258/1258/838 1257/1257/1037
f 1258/1258/838 1249/1249/1031 1248/1248/1030
f 1258/1258/838 1248/1248/1030 1259/1259/1038
f 1259/1259/1038 1248/1248/1030 1253/1253/1035
f 1253/1253/1035 1260/1260/1039 1259/1259/1038
f 1260/1260/1039 1253/1253/1035 1261/1261/1040
f 1262/1262/1041 1263/1263/1042 1260/1260/1039
f 1260/1260/1039 1263/1263/1042 1264/1264/1043
f 1264/1264/1043 1259/1259/1038 1260/1260/1039
f 1259/1259/1038 1264/1264/1043 1265/1265/1044
f 1265/1265/1044 1266/1266/852 1259/1259/1038
f 1259/1259/1038 1266/1266/852 1258/1258/838
f 1260/1260/1039 1261/1261/1040 1262/1262/1041
f 1267/1267/231 1262/1262/1041 1261/1261/1040
f 1261/1261/1040 1268/1268/237 1267/1267/231
f 1261/1261/1040 1269/1269/310 1268/1268/237
f 1261/1261/1040 1270/1270/984 1269/1269/310
f 1270/1270/984 1261/1261/1040 1253/1253/1035
f 1253/1253/1035 1271/1271/1016 1270/1270/984
f 1253/1253/1035 1272/1272/1020 1271/1271/1016
f 1272/1272/1020 1273/1273/1018 1271/1271/1016
f 1274/1274/336 1273/1273/1018 1272/1272/1020
f 1272/1272/1020 1275/1275/332 1274/1274/336
f 1271/1271/1016 1276/1276/1045 1277/1277/340
f 1277/1277/340 1270/1270/984 1271/1271/1016
f 1278/1278/534 1279/1279/1046 1280/1280/1023
f 1278/1278/534 1280/1280/1023 1281/1281/1047
f 1281/1281/1047 1280/1280/1023 1272/1272/1020
f 1272/1272/1020 1282/1282/1048 1281/1281/1047
f 1253/1253/1035 1282/1282/1048 1272/1272/1020
f 1283/1283/1049 1282/1282/1048 1253/1253/1035
f 1253/1253/1035 1252/1252/1034 1283/1283/1049
f 1283/1283/1049 1252/1252/1034 1284/1284/1050
f 1284/1284/1050 1252/1252/1034 1285/1285/1014
f 1286/1286/1017 1284/1284/1050 1285/1285/1014
f 1287/1287/1051 1284/1284/1050 1286/1286/1017
f 1286/1286/1017 1288/1288/323 1287/1287/1051
f 1284/1284/1050 1289/1289/1052 1290/1290/1053
f 1290/1290/1053 1283/1283/1049 1284/1284/1050
f 1282/1282/1048 1283/1283/1049 1290/1290/1053
f 1290/1290/1053 1281/1281/1047 1282/1282/1048
f 1278/1278/534 1281/1281/1047 1290/1290/1053
f 1290/1290/1053 1291/1291/1054 1278/1278/534
f 1289/1289/1052 1291/1291/1054 1290/1290/1053
f 1289/1289/1052 1292/1292/1055 1291/1291/1054
f 1293/1293/218 1294/1294/1056 1295/1295/200
f 1293/1293/218 1295/1295/200 1169/1169/199
f 1296/1296/284 1297/1297/8 1298/1298/1057
f 1298/1298/1057 1299/1299/1058 1296/1296/284
f 1298/1298/1057 1300/1300/741 1299/1299/1058
f 1298/1298/1057 1301/1301/3 1300/1300/741
f 1301/1301/3 1302/1302/1059 1300/1300/741
f 1303/1303/715 1302/1302/1059 1301/1301/3
f 1302/1302/1059 1303/1303/715 1293/1293/218
f 1304/1304/743 1302/1302/1059 1293/1293/218
f 1168/1168/744 1304/1304/743 1293/1293/218
f 1168/1168/744 1293/1293/218 1169/1169/199
f 1301/1301/3 1305/1305/2 1303/1303/715
f 1306/1306/1060 1307/1307/1061 353/353/337
f 353/353/337 351/351/335 1306/1306/1060
f 1308/1308/1062 1309/1309/1063 1310/1310/1064
f 1310/1310/1064 1311/1311/1060 1308/1308/1062
f 1312/1312/1065 1313/1313/1061 1309/1309/1063
f 1309/1309/1063 1314/1314/1066 1312/1312/1065
f 1314/1314/1066 1309/1309/1063 1308/1308/1062
f 1308/1308/1062 1315/1315/1067 1314/1314/1066
f 1315/1315/1067 1308/1308/1062 1316/1316/1060
f 1316/1316/1060 1317/1317/335 1315/1315/1067
f 1318/1318/334 1315/1315/1067 1317/1317/335
f 438/438/414 1318/1318/334 1319/1319/545
f 438/438/414 445/445/421 1318/1318/334
f 445/445/421 1315/1315/1067 1318/1318/334
f 1315/1315/1067 445/445/421 304/304/296
f 304/304/296 1314/1314/1066 1315/1315/1067
f 306/306/298 1314/1314/1066 304/304/296
f 1312/1312/1065 1314/1314/1066 306/306/298
f 306/306/298 1320/1320/338 1312/1312/1065
f 1320/1320/338 306/306/298 308/308/300
f 308/308/300 315/315/307 1320/1320/338
f 1321/1321/1068 433/433/409 432/432/408
f 432/432/408 1322/1322/1069 1321/1321/1068
f 1323/1323/1070 1322/1322/1069 432/432/408
f 1324/1324/541 1323/1323/1070 432/432/408
f 1324/1324/541 432/432/408 434/434/410
f 1325/1325/542 1324/1324/541 434/434/410
f 1325/1325/542 434/434/410 436/436/412
f 436/436/412 1326/1326/544 1325/1325/542
f 436/436/412 1319/1319/545 1326/1326/544
f 436/436/412 438/438/414 1319/1319/545
f 1325/1325/542 1326/1326/544 1327/1327/543
f 76/76/76 75/75/75 1328/1328/1071
f 1328/1328/1071 81/81/81 76/76/76
f 89/89/89 81/81/81 1328/1328/1071
f 1328/1328/1071 1329/1329/1072 89/89/89
f 437/437/413 1330/1330/392 429/429/393
f 1330/1330/392 437/437/413 1331/1331/1073
f 1331/1331/1073 1332/1332/389 1330/1330/392
f 1332/1332/389 1331/1331/1073 1333/1333/972
f 1333/1333/972 1334/1334/973 1332/1332/389
f 1335/1335/1074 1332/1332/389 1334/1334/973
f 1334/1334/973 1336/1336/859 1335/1335/1074
f 1337/1337/986 1338/1338/342 1339/1339/348
f 1339/1339/348 1285/1285/1014 1337/1337/986
f 1337/1337/986 1285/1285/1014 1252/1252/1034
f 1340/1340/230 1341/1341/1075 1342/1342/1076
f 1340/1340/230 1337/1337/986 1341/1341/1075
f 1252/1252/1034 1341/1341/1075 1337/1337/986
f 1252/1252/1034 1343/1343/1042 1341/1341/1075
f 1344/1344/1043 1343/1343/1042 1252/1252/1034
f 1252/1252/1034 1251/1251/1033 1344/1344/1043
f 1345/1345/853 1344/1344/1043 1251/1251/1033
f 1251/1251/1033 1346/1346/840 1345/1345/853
f 1251/1251/1033 1250/1250/1032 1346/1346/840
f 1255/1255/841 1346/1346/840 1250/1250/1032
f 1347/1347/1077 1348/1348/1011 1349/1349/1012
f 29/29/29 9/9/9 1350/1350/1078
f 6/6/6 1350/1350/1078 9/9/9
f 1349/1349/1012 1350/1350/1078 6/6/6
f 5/5/5 1349/1349/1012 6/6/6
f 1349/1349/1012 5/5/5 1347/1347/1077
f 1347/1347/1077 5/5/5 4/4/4
f 4/4/4 1351/1351/1079 1347/1347/1077
f 1348/1348/1011 1347/1347/1077 1351/1351/1079
f 1351/1351/1079 1352/1352/1080 1348/1348/1011
f 36/36/36 1353/1353/1081 37/37/37
f 37/37/37 1353/1353/1081 49/49/49
f 49/49/49 1353/1353/1081 1354/1354/1082
f 1354/1354/1082 51/51/51 49/49/49
f 51/51/51 1354/1354/1082 1355/1355/1083
f 1355/1355/1083 53/53/53 51/51/51
f 1349/1349/1012 53/53/53 1355/1355/1083
f 1355/1355/1083 1350/1350/1078 1349/1349/1012
f 1350/1350/1078 1355/1355/1083 29/29/29
f 1356/1356/1084 29/29/29 1355/1355/1083
f 28/28/28 29/29/29 1356/1356/1084
f 34/34/34 28/28/28 1356/1356/1084
f 27/27/27 28/28/28 34/34/34
f 1355/1355/1083 1354/1354/1082 1356/1356/1084
f 36/36/36 1356/1356/1084 1354/1354/1082
f 1356/1356/1084 36/36/36 34/34/34
f 1354/1354/1082 1353/1353/1081 36/36/36
f 1357/1357/648 1358/1358/1085 1359/1359/640
f 1359/1359/640 1360/1360/1086 1357/1357/648
f 1361/1361/637 1360/1360/1086 1359/1359/640
f 1359/1359/640 1362/1362/639 1361/1361/637
f 1121/1121/947 1120/1120/167 1363/1363/99
f 1121/1121/947 1363/1363/99 1364/1364/96
f 1129/1129/955 1121/1121/947 1364/1364/96
f 1129/1129/955 1364/1364/96 1365/1365/1087
f 1129/1129/955 1365/1365/1087 1366/1366/1088
f 908/908/798 1129/1129/955 1366/1366/1088
f 908/908/798 1366/1366/1088 1367/1367/1072
f 898/898/790 908/908/798 1367/1367/1072
f 1368/1368/1089 898/898/790 1367/1367/1072
f 898/898/790 1368/1368/1089 896/896/75
f 1369/1369/636 1370/1370/1090 1371/1371/631
f 1371/1371/631 1372/1372/628 1369/1369/636
f 1372/1372/628 1371/1371/631 1373/1373/630
f 1373/1373/630 1374/1374/629 1372/1372/628
f 103/103/103 102/102/102 109/109/109
f 109/109/109 1375/1375/1091 103/103/103
f 1376/1376/1092 1375/1375/1091 109/109/109
f 1376/1376/1092 1377/1377/1093 1375/1375/1091
f 103/103/103 1375/1375/1091 1377/1377/1093
f 1377/1377/1093 1378/1378/1094 103/103/103
f 1377/1377/1093 1379/1379/1095 1378/1378/1094
f 103/103/103 1378/1378/1094 95/95/95
f 87/87/87 95/95/95 1378/1378/1094
f 1378/1378/1094 1379/1379/1095 87/87/87
f 87/87/87 1379/1379/1095 86/86/86
f 1379/1379/1095 1377/1377/1093 86/86/86
f 85/85/85 86/86/86 1377/1377/1093
f 1377/1377/1093 1376/1376/1092 85/85/85
f 116/116/116 85/85/85 1376/1376/1092
f 109/109/109 116/116/116 1376/1376/1092
f 109/109/109 108/108/108 116/116/116
f 876/876/775 877/877/589 886/886/782
f 885/885/781 886/886/782 877/877/589
f 877/877/589 1380/1380/1096 885/885/781
f 1380/1380/1096 1381/1381/621 885/885/781
f 1381/1381/621 883/883/779 885/885/781
f 1381/1381/621 1382/1382/1097 883/883/779
f 883/883/779 1382/1382/1097 831/831/632
f 831/831/632 830/830/749 883/883/779
f 883/883/779 830/830/749 835/835/46
f 835/835/46 830/830/749 829/829/748
f 1383/1383/468 1384/1384/1098 1385/1385/1099
f 1385/1385/1099 499/499/469 1383/1383/468
f 499/499/469 1385/1385/1099 501/501/471
f 501/501/471 1385/1385/1099 1386/1386/1098
f 1386/1386/1098 503/503/473 501/501/471
