# Blender v2.79 (sub 0) OBJ File: 'aHatsuneMikuDivaBlank.blend'
# www.blender.org
mtllib e01h06.mtl
o win1__N
v -52.433556 23.340855 -50.602180
v -49.275566 23.748135 -52.421608
v -49.674877 14.390103 -51.865829
v -57.356758 11.492515 -47.373520
v -57.833244 15.151915 -47.229168
v -55.708031 8.267525 -48.203175
v -53.138058 5.967934 -49.591782
v -57.064945 18.688625 -47.792049
v 7.407429 53.499115 56.608051
v 9.063368 64.128021 53.220085
v 4.660818 63.811935 52.982388
v -46.880112 5.351092 -53.147369
v -50.038109 4.943812 -51.327961
v 13.216828 62.818195 53.976418
v -46.175606 22.724010 -54.157799
v -44.144833 7.127788 54.773071
v -42.248714 10.003359 55.957523
v -49.674862 14.390138 51.865829
v -41.480415 13.540069 56.520409
v -41.956902 17.199469 56.376041
v 0.679428 61.918053 53.299484
v -2.274692 58.734695 54.123112
v 4.660802 63.811905 -53.358932
v 9.063353 64.127991 -53.596634
v 7.407412 53.499084 -56.984577
v -3.526978 50.560627 -57.106888
v -3.751788 54.746475 -55.704403
v -1.634509 46.814365 -58.493587
v 1.637531 44.078026 -59.653366
v -2.274708 58.734665 -54.499641
v 10.193530 43.084290 -60.647373
v 5.790981 42.768196 -60.409683
v 13.216811 62.818165 -54.352966
v 16.488852 60.081825 -55.512741
v -46.880096 5.351128 53.147385
v 18.606131 52.149715 -58.301910
v 17.129042 48.161518 -59.506668
v 14.174931 44.978165 -60.330288
v 1.637549 44.078072 59.276848
v 5.790999 42.768242 60.033154
v 18.381321 56.335564 -56.899429
v 38.315346 71.311539 49.570889
v 39.591156 80.264793 45.274200
v 35.694347 80.200905 45.672829
v 28.401068 72.890060 49.773159
v 28.675999 69.323357 51.410770
v 30.421227 66.052597 52.771194
v -57.833229 15.151944 47.229176
v -57.356743 11.492544 47.373535
v 33.371086 63.575737 53.647282
v 29.638317 76.209740 48.107647
v 37.076466 62.269836 53.905685
v 40.973282 62.333725 53.507053
v 43.296551 78.958893 45.532612
v 0.679412 61.918022 -53.676022
v -43.605637 20.424412 -55.546398
v 46.246407 76.482025 46.408699
v 10.193549 43.084335 60.270859
v -41.480431 13.540030 -56.520409
v -42.248730 10.003321 -55.957516
v -52.433540 23.340885 50.602180
v -55.168812 21.564224 48.976498
v 47.029308 66.324890 51.072227
v 48.266556 69.644554 49.406731
v 38.315331 71.311508 -49.570950
v 47.991623 73.211243 -47.769173
v 48.266541 69.644524 -49.406792
v 17.129061 48.161564 59.130131
v 18.606150 52.149746 57.925381
v -55.708015 8.267555 48.203190
v 46.246391 76.481995 -46.408760
v 44.468231 63.757645 -52.512127
v 40.973267 62.333694 -53.507107
v 47.029293 66.324860 -51.072289
v 14.174949 44.978210 59.953754
v 43.296535 78.958862 -45.532673
v -1.634491 46.814396 58.117054
v -55.168827 21.564194 -48.976498
v 32.199364 78.776932 -46.667858
v 35.694332 80.200874 -45.672890
v 37.076450 62.269806 -53.905739
v 33.371071 63.575706 -53.647335
v 39.591141 80.264763 -45.274261
v 29.638302 76.209709 -48.107700
v 28.401052 72.890030 -49.773212
v 30.421211 66.052567 -52.771248
v 44.468246 63.757675 52.512074
v 32.199379 78.776962 46.667797
v -53.138042 5.967966 49.591797
v -50.038094 4.943848 51.327976
v 47.991638 73.211273 47.769112
v -43.605621 20.424450 55.546398
v -57.064930 18.688656 47.792049
v -3.526961 50.560658 56.730366
v -3.751772 54.746506 55.327877
v -44.144848 7.127752 -54.773064
v 18.381338 56.335594 56.522888
v -26.700716 46.616013 -55.011322
v -21.581749 46.894104 -55.884392
v -24.013290 34.135849 -58.597694
v -36.830738 30.852551 -57.052734
v -36.889767 35.897396 -55.791977
v -34.817257 26.298151 -58.551643
v -31.155870 22.927551 -60.060497
v -34.985355 40.664642 -54.961296
v -21.285009 21.531981 -62.222641
v -26.403980 21.253901 -61.349571
v -16.829849 45.220436 -57.173492
v -13.168459 41.849831 -58.682331
v 16.488867 60.081856 55.136196
v -11.095959 32.250576 -61.441986
v -13.000380 27.483341 -62.272667
v -16.578289 23.719471 -62.546795
v -11.154989 37.295429 -60.181244
v -41.956917 17.199430 -56.376041
v -46.175591 22.724049 54.157799
v -49.275551 23.748165 52.421608
v -31.407438 44.428524 -54.687172
v 28.675983 69.323326 -51.410824
vt 0.150981 -0.970370
vt 0.073732 -0.919600
vt 0.242103 -0.753989
vt 0.022116 -0.843617
vt 0.073732 -0.919600
vt 0.003990 -0.753989
vt 0.022116 -0.843617
vt 0.150981 -0.970370
vt 0.242103 -0.753989
vt 0.073732 -0.919600
vt 0.150981 -0.970370
vt 0.150981 -0.970370
vt 0.073732 -0.919600
vt 0.022116 -0.843617
vt 0.022116 -0.843617
vt 0.242103 -0.988199
vt 0.150981 -0.970370
vt 0.242103 -0.753989
vt 0.073732 -0.919600
vt 0.022116 -0.843617
vt 0.242103 -0.988199
vt 0.150981 -0.970370
vt 0.150981 -0.970370
vt 0.073732 -0.919600
vt 0.242103 -0.753989
vt 0.022116 -0.843617
vt 0.073732 -0.919600
vt 0.003990 -0.753989
vt 0.022116 -0.843617
vt 0.150981 -0.970370
vt 0.150981 -0.970370
vt 0.073732 -0.919600
vt 0.022116 -0.843617
vt 0.003990 -0.753989
vt 0.150981 -0.970370
vt 0.073732 -0.919600
vt 0.150981 -0.970370
vt 0.242103 -0.988199
vt 0.022116 -0.843617
vt 0.073732 -0.919600
vt 0.022116 -0.843617
vt 0.242103 -0.753989
vt 0.073732 -0.919600
vt 0.150981 -0.970370
vt 0.073732 -0.919600
vt 0.022116 -0.843617
vt 0.003990 -0.753989
vt 0.073732 -0.919600
vt 0.022116 -0.843617
vt 0.022116 -0.843617
vt 0.150981 -0.970370
vt 0.073732 -0.919600
vt 0.150981 -0.970370
vt 0.022116 -0.843617
vt 0.242103 -0.988199
vt 0.003990 -0.753989
vt 0.003990 -0.753989
vt 0.150981 -0.970370
vt 0.073732 -0.919600
vt 0.150981 -0.970370
vt 0.150981 -0.970370
vt 0.242103 -0.988199
vt 0.150981 -0.970370
vt 0.073732 -0.919600
vt 0.242103 -0.753989
vt 0.022116 -0.843617
vt 0.073732 -0.919600
vt 0.150981 -0.970370
vt 0.073732 -0.919600
vt 0.003990 -0.753989
vt 0.003990 -0.753989
vt 0.242103 -0.988199
vt 0.150981 -0.970370
vt 0.150981 -0.970370
vt 0.242103 -0.988199
vt 0.022116 -0.843617
vt 0.003990 -0.753989
vt 0.242103 -0.988199
vt 0.242103 -0.988199
vt 0.150981 -0.970370
vt 0.073732 -0.919600
vt 0.022116 -0.843617
vt 0.073732 -0.919600
vt 0.150981 -0.970370
vt 0.073732 -0.919600
vt 0.003990 -0.753989
vt 0.242103 -0.988199
vt 0.242103 -0.988199
vt 0.022116 -0.843617
vt 0.073732 -0.919600
vt 0.022116 -0.843617
vt 0.003990 -0.753989
vt 0.150981 -0.970370
vt 0.022116 -0.843617
vt 0.073732 -0.919600
vt 0.242103 -0.988199
vt 0.022116 -0.843617
vt 0.150981 -0.970370
vt 0.073732 -0.919600
vt 0.242103 -0.753989
vt 0.022116 -0.843617
vt 0.073732 -0.919600
vt 0.003990 -0.753989
vt 0.022116 -0.843617
vt 0.150981 -0.970370
vt 0.150981 -0.970370
vt 0.073732 -0.919600
vt 0.022116 -0.843617
vt 0.003990 -0.753989
vt 0.003990 -0.753989
vt 0.073732 -0.919600
vt 0.150981 -0.970370
vt 0.242103 -0.988199
vt 0.022116 -0.843617
vt 0.022116 -0.843617
vt 0.022116 -0.843617
vt 0.073732 -0.919600
vt 0.242103 -0.988199
vt 0.022116 -0.843617
usemtl HBe01t18
s 1
f 1/1 2/2 3/3
f 3/3 4/4 5/5
f 3/3 6/6 4/4
f 3/3 7/7 6/6
f 5/5 8/8 3/3
f 9/9 10/10 11/11
f 12/12 13/13 3/3
f 14/14 10/10 9/9
f 3/3 2/2 15/15
f 16/16 17/17 18/18
f 19/19 20/20 18/18
f 21/21 22/22 9/9
f 11/11 21/21 9/9
f 23/23 24/24 25/25
f 25/25 26/26 27/27
f 25/25 28/28 26/26
f 25/25 29/29 28/28
f 27/27 30/30 25/25
f 31/31 32/32 25/25
f 25/25 24/24 33/33
f 33/33 34/34 25/25
f 35/35 16/16 18/18
f 25/25 36/36 37/37
f 25/25 37/37 38/38
f 39/39 40/40 9/9
f 25/25 41/41 36/36
f 42/42 43/43 44/44
f 45/45 46/46 42/42
f 25/25 34/34 41/41
f 25/25 38/38 31/31
f 46/46 47/47 42/42
f 48/48 49/49 18/18
f 47/47 50/50 42/42
f 42/42 51/51 45/45
f 42/42 52/52 53/53
f 54/54 43/43 42/42
f 25/25 55/55 23/23
f 25/25 32/32 29/29
f 15/15 56/56 3/3
f 25/25 30/30 55/55
f 42/42 57/57 54/54
f 9/9 40/40 58/58
f 3/3 59/59 60/60
f 61/61 62/62 18/18
f 63/63 64/64 42/42
f 65/65 66/66 67/67
f 68/68 69/69 9/9
f 49/49 70/70 18/18
f 65/65 71/71 66/66
f 65/65 72/72 73/73
f 65/65 74/74 72/72
f 65/65 67/67 74/74
f 75/75 68/68 9/9
f 76/76 71/71 65/65
f 77/77 39/39 9/9
f 3/3 8/8 78/78
f 65/65 79/79 80/80
f 65/65 81/81 82/82
f 65/65 83/83 76/76
f 65/65 84/84 79/79
f 3/3 13/13 7/7
f 3/3 78/78 1/1
f 73/73 81/81 65/65
f 85/85 84/84 65/65
f 65/65 82/82 86/86
f 87/87 63/63 42/42
f 44/44 88/88 42/42
f 89/89 90/90 18/18
f 64/64 91/91 42/42
f 20/20 92/92 18/18
f 62/62 93/93 18/18
f 94/94 77/77 9/9
f 91/91 57/57 42/42
f 53/53 87/87 42/42
f 95/95 94/94 9/9
f 3/3 60/60 96/96
f 69/69 97/97 9/9
f 98/98 99/99 100/100
f 100/100 101/101 102/102
f 100/100 103/103 101/101
f 100/100 104/104 103/103
f 102/102 105/105 100/100
f 106/106 107/107 100/100
f 100/100 99/99 108/108
f 108/108 109/109 100/100
f 97/97 110/110 9/9
f 100/100 111/111 112/112
f 100/100 112/112 113/113
f 9/9 22/22 95/95
f 100/100 114/114 111/111
f 70/70 89/89 18/18
f 18/18 93/93 48/48
f 100/100 109/109 114/114
f 100/100 113/113 106/106
f 88/88 51/51 42/42
f 3/3 115/115 59/59
f 18/18 90/90 35/35
f 50/50 52/52 42/42
f 3/3 56/56 115/115
f 116/116 117/117 18/18
f 100/100 118/118 98/98
f 100/100 107/107 104/104
f 18/18 117/117 61/61
f 100/100 105/105 118/118
f 9/9 110/110 14/14
f 58/58 75/75 9/9
f 18/18 92/92 116/116
f 3/3 96/96 12/12
f 17/17 19/19 18/18
f 65/65 86/86 119/119
f 65/65 119/119 85/85
f 80/80 83/83 65/65
o obj1
v 86.488190 6.765696 -10.374715
v 86.488190 5.930306 -10.374715
v 82.570450 5.930305 -13.382765
v 82.570450 6.765695 -13.382765
v 79.495621 5.930306 -9.477645
v 80.143211 5.930306 -8.980414
v 79.969650 11.344668 -8.754366
v 79.322060 11.344666 -9.251595
v 83.188202 5.930306 -12.946275
v 82.540604 5.930305 -13.443504
v 82.714165 11.344666 -13.669556
v 83.361771 11.344666 -13.172327
v 93.105431 5.930318 22.440794
v 93.215797 5.930318 23.249763
v 92.933418 11.344678 23.288292
v 92.823044 11.344678 22.479324
v 98.169899 5.930318 22.573874
v 98.059532 5.930316 21.764902
v 98.341911 11.344678 21.726370
v 98.452286 11.344678 22.535351
v 92.569626 6.765706 18.291603
v 92.569626 5.930316 18.291603
v 93.237320 5.930318 23.185614
v 93.237320 6.765708 23.185614
v 97.464279 5.930316 17.623823
v 97.464279 6.765706 17.623823
v 98.131981 6.765708 22.517834
v 98.131981 5.930318 22.517834
v 83.479752 5.930308 -6.456454
v 83.479752 6.765698 -6.456455
v 79.562004 6.765697 -9.464504
v 79.562004 5.930306 -9.464504
v 97.318146 5.930303 -19.719957
v 96.812408 5.930303 -20.360937
v 97.036140 11.344662 -20.537470
v 97.541878 11.344665 -19.896490
v 112.754791 5.930314 10.343712
v 112.754791 6.765704 10.343712
v 114.972321 6.765704 14.757291
v 114.972321 5.930315 14.757291
v 108.340637 6.765704 12.561542
v 108.340637 5.930314 12.561542
v 110.558167 5.930316 16.975111
v 110.558167 6.765706 16.975111
v 115.026367 5.930315 14.798011
v 114.659805 5.930315 14.068451
v 114.914474 11.344674 13.940509
v 115.281029 11.344676 14.670059
v 92.887100 5.930304 -17.263847
v 93.392830 5.930304 -16.622877
v 93.169090 11.344665 -16.446348
v 92.663345 11.344665 -17.087317
v 110.192032 5.930316 16.313221
v 110.558594 5.930316 17.042782
v 110.303940 11.344676 17.170729
v 109.937370 11.344676 16.441170
v 99.885941 6.765694 -16.417048
v 99.885941 5.930304 -16.417048
v 96.826416 5.930303 -20.294739
v 96.826416 6.765694 -20.294739
v 96.007736 5.930305 -13.357126
v 96.007736 6.765695 -13.357126
v 92.948219 6.765694 -17.234818
v 92.948219 5.930304 -17.234818
v 110.821640 5.930305 -14.790499
v 110.821640 6.765695 -14.790499
v 115.676888 6.765695 -15.698089
v 115.676888 5.930305 -15.698089
v 111.729347 6.765697 -9.934619
v 111.729347 5.930306 -9.934619
v 116.584595 5.930306 -10.842199
v 116.584595 6.765696 -10.842200
v 115.731003 5.930305 -15.738729
v 114.928429 5.930305 -15.588699
v 114.876060 11.344665 -15.868851
v 115.678635 11.344665 -16.018871
v 115.847160 5.930306 -10.673838
v 116.649719 5.930306 -10.823859
v 116.702103 11.344666 -10.543711
v 115.899521 11.344666 -10.393690
v 88.762169 5.930314 11.979865
v 88.762169 6.765704 11.979865
v 85.763489 6.765704 15.904785
v 85.763489 5.930315 15.904785
v 84.836731 6.765702 8.980784
v 84.836731 5.930313 8.980785
v 81.838058 5.930314 12.905716
v 81.838058 6.765704 12.905716
v 85.750511 5.930315 15.971205
v 86.246185 5.930315 15.322414
v 86.472656 11.344676 15.495434
v 85.976974 11.344676 16.144222
v 82.273064 5.930314 12.286916
v 81.777382 5.930314 12.935696
v 81.550919 11.344674 12.762673
v 82.046593 11.344674 12.113894
v 94.040482 2.140828 22.275326
v 93.268250 2.140828 22.380995
v 93.268250 6.178077 22.380993
v 94.040482 6.178077 22.275324
v 97.600601 2.100408 22.471024
v 97.896645 2.100408 21.750006
v 97.896645 6.178076 21.750004
v 97.600601 6.178077 22.471022
v 97.124207 2.100408 21.854136
v 97.124207 6.178076 21.854134
v 80.269455 2.019557 -9.084433
v 80.745102 2.019556 -9.701893
v 80.745102 6.178067 -9.701895
v 80.269455 6.178067 -9.084435
v 79.972549 2.019556 -9.805093
v 79.972549 6.178067 -9.805095
v 82.640152 2.019556 -12.170813
v 83.114578 2.019556 -12.789224
v 83.114578 6.178066 -12.789225
v 82.640152 6.178066 -12.170815
v 93.246681 2.140826 19.031506
v 93.541275 2.140826 18.309895
v 93.541275 6.178075 18.309893
v 93.246681 6.178076 19.031504
v 82.341805 2.019556 -12.890872
v 82.341805 6.178066 -12.890874
v 92.769043 2.140826 18.415565
v 92.769043 6.178075 18.415564
v 97.058411 2.100406 18.490234
v 97.353012 2.100406 17.768635
v 97.353012 6.178075 17.768633
v 97.058411 6.178075 18.490232
v 96.580780 2.100406 17.874304
v 96.580780 6.178075 17.874302
v 112.696449 2.182354 10.516762
v 112.000122 2.182354 10.866963
v 112.000122 6.178073 10.866961
v 112.696449 6.178073 10.516760
v 112.651581 2.182354 11.294891
v 112.651581 6.178073 11.294890
v 109.265778 2.182354 12.263983
v 108.569458 2.182354 12.614193
v 108.569458 6.178073 12.614192
v 109.265778 6.178073 12.263982
v 93.745880 2.140828 22.996925
v 93.745880 6.178077 22.996923
v 83.456947 2.019558 -6.637643
v 83.931358 2.019558 -7.256054
v 83.931358 6.178068 -7.256055
v 83.456947 6.178068 -6.637645
v 83.158600 2.019558 -7.357703
v 83.158600 6.178067 -7.357704
v 109.220901 2.182354 13.042123
v 109.220901 6.178073 13.042122
v 85.784843 2.019556 -9.704094
v 86.259270 2.019556 -10.322503
v 86.259270 6.178066 -10.322505
v 85.784843 6.178067 -9.704096
v 85.486496 2.019556 -10.424164
v 85.486496 6.178066 -10.424166
v 96.484039 2.100394 -19.874016
v 96.596512 2.100394 -19.102745
v 96.596512 6.178062 -19.102747
v 96.484039 6.178062 -19.874018
v 97.208214 2.100394 -19.585785
v 97.208214 6.178062 -19.585787
v 93.429810 2.140814 -17.464216
v 93.540733 2.140814 -16.692726
v 93.540733 6.178064 -16.692728
v 93.429810 6.178064 -17.464218
v 94.153404 2.140814 -17.174536
v 94.153404 6.178064 -17.174538
v 98.927032 2.100394 -16.710855
v 99.039497 2.100394 -15.939585
v 99.039497 6.178065 -15.939587
v 98.927032 6.178064 -16.710857
v 99.651199 2.100394 -16.422626
v 99.651199 6.178064 -16.422628
v 95.917625 2.100396 -14.309635
v 96.030106 2.100396 -13.538365
v 96.030106 6.178065 -13.538366
v 95.917625 6.178065 -14.309636
v 96.641808 2.100396 -14.021404
v 96.641808 6.178065 -14.021405
v 114.500893 2.182354 14.107152
v 113.803864 2.182354 14.455963
v 113.803864 6.178074 14.455961
v 114.500893 6.178074 14.107151
v 114.454453 2.182354 14.885193
v 114.454453 6.178074 14.885191
v 111.023018 2.182356 15.853683
v 110.326691 2.182356 16.203884
v 110.326691 6.178075 16.203882
v 111.023018 6.178074 15.853681
v 110.978134 2.182356 16.631813
v 110.978134 6.178075 16.631811
v 110.971748 2.182346 -14.686487
v 111.115257 2.182346 -13.920387
v 111.115257 6.178065 -13.920389
v 110.971748 6.178065 -14.686489
v 111.706963 2.182346 -14.427727
v 111.706963 6.178065 -14.427729
v 111.699829 2.182346 -10.905988
v 111.843346 2.182346 -10.139887
v 111.843346 6.178067 -10.139889
v 111.699829 6.178066 -10.905990
v 112.435043 2.182346 -10.647227
v 112.435043 6.178066 -10.647229
v 114.921562 2.182344 -15.425279
v 115.063553 2.182346 -14.658888
v 115.063553 6.178065 -14.658889
v 114.921562 6.178065 -15.425279
v 115.656265 2.182346 -15.165048
v 115.656265 6.178065 -15.165048
v 115.635902 2.182346 -11.599618
v 115.779419 2.182346 -10.833518
v 115.779419 6.178066 -10.833519
v 115.635902 6.178066 -11.599619
v 116.371117 2.182346 -11.340858
v 116.371117 6.178066 -11.340858
v 88.581039 2.019564 12.003107
v 87.961494 2.019564 11.530157
v 87.961494 6.178073 11.530154
v 88.581039 6.178073 12.003105
v 87.861694 2.019564 12.303166
v 87.861694 6.178073 12.303164
v 85.509026 2.019564 9.682527
v 84.889488 2.019563 9.209587
v 84.889488 6.178072 9.209585
v 85.509026 6.178072 9.682525
v 84.789673 2.019564 9.982596
v 84.789673 6.178072 9.982595
v 86.141876 2.019564 15.196436
v 85.523270 2.019564 14.722257
v 85.523270 6.178074 14.722255
v 86.141876 6.178074 15.196434
v 85.421921 2.019566 15.495057
v 85.421921 6.178074 15.495056
v 83.049835 2.019564 12.833107
v 82.430298 2.019564 12.360168
v 82.430298 6.178073 12.360166
v 83.049835 6.178073 12.833105
v 82.330482 2.019564 13.133178
v 82.330482 6.178073 13.133176
v 104.610512 2.182484 11.829623
v 103.110512 2.182484 12.695654
v 103.110512 9.314844 12.695651
v 104.610512 9.314844 11.829620
v 104.610512 2.182484 13.561673
v 104.610512 9.314844 13.561670
v 108.645157 2.182348 -3.518447
v 109.510574 2.182350 -2.018107
v 109.510574 9.314840 -2.018109
v 108.645157 9.314838 -3.518449
v 110.377205 2.182348 -3.517757
v 110.377205 9.314838 -3.517759
v 91.755814 2.140816 -9.733644
v 91.553963 2.140818 -8.013394
v 91.553963 9.314838 -8.013397
v 91.755814 9.314837 -9.733647
v 93.144669 2.140818 -8.698714
v 93.144669 9.314838 -8.698717
v 86.061508 2.019562 7.397056
v 87.786606 2.019562 7.552036
v 87.786606 9.314842 7.552033
v 86.061508 9.314842 7.397055
v 87.058273 2.019562 5.980566
v 87.058273 9.314842 5.980563
v 89.791275 9.847365 9.507953
v 84.872665 9.847363 7.846325
v 84.872665 9.088212 7.846325
v 89.791275 9.088214 9.507953
v 100.359032 9.847365 13.080501
v 95.075500 9.847365 11.293182
v 95.075500 9.088214 11.293182
v 100.359032 9.088214 13.080502
v 96.102905 9.088206 -9.162108
v 91.185005 9.088206 -10.825828
v 91.185005 9.847357 -10.825828
v 96.102905 9.847357 -9.162108
v 105.329170 9.088216 14.761881
v 105.329170 9.847366 14.761881
v 101.386429 9.088208 -7.374799
v 101.386429 9.847359 -7.374799
v 106.670654 9.088208 -5.589559
v 106.670654 9.847359 -5.589559
v 111.641510 9.088208 -3.910270
v 111.641510 9.847359 -3.910270
v 101.212425 10.135998 -6.860098
v 106.490547 10.135998 -5.076849
v 95.934975 10.135998 -8.645288
v 91.702118 10.135996 -10.077337
v 85.728958 10.136002 7.591493
v 89.962479 10.136003 9.021603
v 95.240585 10.136003 10.804852
v 100.518044 10.136003 12.590041
v 104.750908 10.136003 14.022081
v 110.724075 10.135998 -3.646750
v -43.581421 105.430984 11.589082
v -42.962387 105.535980 12.448443
v -48.683369 101.530640 13.179944
v -48.527039 101.966965 12.217185
v -39.147137 100.367271 14.000784
v -39.696617 101.111679 13.777214
v -45.418716 97.107864 14.508245
v -44.870434 96.363869 14.727526
v -39.767036 100.263443 13.141063
v -44.711788 96.798256 13.769526
v -41.604298 103.696121 13.001022
v -41.674381 102.847412 12.365012
v -46.619480 99.382706 12.993324
v -47.326393 99.692291 13.732064
v -44.869492 108.119621 11.672493
v -45.418976 108.864044 11.448912
v -51.141071 104.860214 12.179954
v -50.590481 104.114288 12.403984
v -41.054817 102.951698 13.224592
v -46.777756 98.947784 13.951486
v -45.487610 108.013390 10.813493
v -50.434151 104.550621 11.441234
v -42.784882 104.693596 9.210793
v -43.333939 105.437431 8.987392
v -43.511883 106.280396 12.224872
v -43.446259 104.794426 9.147033
v -43.579769 105.426483 11.579621
v -44.692921 107.278511 8.434452
v -45.241989 108.022346 8.211052
v -45.354309 107.379364 8.370692
v -45.487808 108.011398 10.803282
v -49.055473 101.435730 9.722974
v -48.504181 100.688858 9.947285
v -49.233967 102.276566 12.955914
v -48.392731 101.333435 9.784684
v -50.963520 104.020653 8.946633
v -50.412231 103.273804 9.170943
v -40.876808 102.108627 9.987144
v -41.425873 102.852470 9.763742
v -41.538193 102.209473 9.923383
v -41.671692 102.841522 12.355972
v -50.300781 103.918365 9.008344
v -47.147400 98.850784 10.499325
v -46.596111 98.103912 10.723635
v -46.773827 98.944931 13.960695
v -46.484673 98.748489 10.561034
v -38.968769 99.523712 10.763483
v -39.517818 100.267555 10.540083
v -39.630150 99.624557 10.699713
v -39.763645 100.256615 13.132313
v -45.239357 96.265862 11.275666
v -44.688072 95.518990 11.499976
v -44.865788 96.360008 14.737037
v -44.576622 96.163567 11.337376
v 78.350670 102.601471 20.013895
v 86.799477 90.766853 24.738537
v 95.248322 78.932251 20.013891
v 73.129021 109.915634 7.644583
v 100.469963 71.618050 7.644571
v 73.128998 109.915665 -7.644727
v 100.469971 71.618080 -7.644738
v 78.350647 102.601471 -20.014046
v 95.248291 78.932251 -20.014050
v 86.799469 90.766861 -24.738703
v -67.078239 101.622284 -8.838863
v -75.464211 91.779030 -6.277527
v -75.464211 91.779030 5.263762
v -67.078239 101.622284 7.419027
v -47.409050 115.183090 -8.838861
v -57.548210 109.335014 -10.560378
v -57.548210 109.335007 8.866072
v -47.409050 115.183075 7.419020
v -34.952721 119.466629 5.263746
v -34.952721 119.466629 -6.277543
v -57.088654 155.852264 -3.479972
v -55.487171 157.019943 -0.047113
v -45.342979 143.106903 -0.047119
v -46.944462 141.939240 -3.479989
v -57.088661 155.852280 3.385758
v -46.944462 141.939240 3.385751
v -60.291618 153.516922 3.385759
v -50.147430 139.603912 3.385752
v -61.893101 152.349258 -0.047100
v -51.748909 138.436249 -0.047108
v -60.291611 153.516937 -3.479971
v -50.147430 139.603912 -3.479988
v -56.556877 148.221817 -2.957979
v -54.571846 145.499298 -2.957979
v -69.758003 134.426849 -2.957994
v -71.743027 137.149368 -2.957983
v -53.579323 144.138046 -0.040048
v -68.765480 133.065582 -0.040053
v -57.549393 149.583084 -0.040040
v -72.735550 138.510620 -0.040045
v -54.571831 145.499298 2.877892
v -69.758003 134.426849 2.877887
v -56.556877 148.221817 2.877891
v -71.743027 137.149368 2.877887
v -63.469200 139.100266 -2.795806
v -60.906837 140.968521 -2.795807
v -42.790241 116.121132 -2.795811
v -45.352612 114.252884 -2.795811
v -59.625660 141.902664 -0.049507
v -41.509060 117.055267 -0.049512
v -64.750389 138.166138 -0.049506
v -46.633793 113.318748 -0.049509
v -60.906837 140.968536 2.696783
v -42.790241 116.121132 2.696779
v -63.469200 139.100266 2.696784
v -45.352612 114.252884 2.696779
v -75.758080 142.240112 -3.479965
v -74.156609 143.407776 -0.047105
v -64.012405 129.494751 -0.047112
v -65.613892 128.327087 -3.479982
v -75.758087 142.240128 3.385765
v -65.613892 128.327087 3.385758
v -78.961037 139.904770 3.385766
v -68.816849 125.991776 3.385759
v -80.562515 138.737122 -0.047093
v -70.418327 124.824104 -0.047100
v -78.961037 139.904770 -3.479964
v -68.816849 125.991776 -3.479981
v -31.951363 99.999313 -14.203848
v -28.618780 95.708679 -15.136917
v -30.786366 95.961143 -32.921116
v -32.133503 98.015923 -32.845478
v -53.009552 78.311501 -15.777337
v -56.038136 82.930969 -14.832179
v -50.315815 85.627792 -34.268024
v -48.401421 82.905907 -34.368225
v -32.133495 98.015953 30.300854
v -30.786356 95.961174 30.376493
v -28.618776 95.708679 12.592283
v -31.951359 99.999313 11.659223
v -48.401413 82.905937 31.823612
v -50.315807 85.627823 31.723412
v -56.038132 82.930969 12.287561
v -53.009544 78.311501 13.232733
v -37.873955 97.992943 -14.619726
v -36.567444 96.054382 -35.311687
v -44.551353 93.393280 -15.473035
v -41.072361 93.610733 -35.401630
v -51.767944 88.376938 -14.973711
v -46.371693 89.635292 -35.547981
v -33.324734 92.495255 -35.442707
v -31.968002 90.371597 -17.806965
v -38.001804 88.927231 -35.574055
v -38.733303 85.311592 -18.404732
v -43.038097 86.135681 -35.676811
v -45.473385 80.360977 -18.175480
v -36.567436 96.054413 32.767052
v -37.873951 97.992943 12.075093
v -41.072353 93.610764 32.857018
v -44.551346 93.393280 12.928416
v -46.371685 89.635323 33.003368
v -51.767941 88.376938 12.429089
v -31.967999 90.371597 15.262337
v -33.324726 92.495285 32.898071
v -38.733295 85.311592 15.860107
v -38.001797 88.927261 33.029427
v -45.473377 80.360977 15.630860
v -43.038090 86.135712 33.132195
v 43.089233 93.920425 38.488861
v 33.047436 107.986382 14.701410
v -0.682827 97.473488 18.289289
v 11.809657 79.974815 47.882015
v -84.213875 6.705682 10.056040
v -78.223434 32.104118 15.641592
v -78.223465 32.104103 -15.641518
v -84.213882 6.705667 -10.055940
v -64.173363 56.757828 19.508631
v -64.173370 56.757801 -19.508579
v 32.022812 51.661324 -59.185501
v 52.236061 23.347855 -47.882076
v 23.023371 -1.759616 -51.385181
v 0.368840 29.973522 -64.053810
v -35.590446 80.343231 19.089180
v -35.856495 80.715897 -20.498260
v -0.682853 97.473511 -18.289341
v 33.047417 107.986374 -14.701510
v 43.089180 93.920425 -38.488968
v -21.424763 60.500805 51.385170
v 64.728554 5.849134 -18.289362
v 37.189095 -21.602057 -19.089188
v -77.345154 -2.915602 26.326962
v -67.539513 17.138742 40.950153
v 11.809593 79.974792 -47.882088
v -22.121277 61.476345 -52.256050
v -67.539566 17.138729 -40.950092
v -77.345192 -2.915618 -26.326878
v -50.848106 38.092525 -51.074158
v 59.337143 71.161247 -47.574959
v -29.287281 7.891510 63.131176
v -50.848061 38.092575 51.074203
v -50.252594 -7.075784 50.617149
v 75.585083 48.402077 -38.488964
v 85.626892 34.336143 -14.701514
v -50.252636 -7.075807 -50.617092
v -66.231415 -18.483181 -32.541817
v -83.422256 -15.587997 4.011128
v -80.682541 -19.425695 10.501188
v 64.728569 5.849146 18.289278
v 37.455143 -21.974672 20.498241
v 85.626915 34.336159 14.701396
v -29.287359 7.891490 -63.131157
v -7.726578 -22.309576 -51.074181
v -32.965710 -31.290342 -40.950096
v -83.422272 -15.588001 -4.011023
v 52.236115 23.347866 47.881985
v 23.719879 -2.735142 52.256027
v 75.585129 48.402107 38.488865
v -80.682541 -19.425703 -10.501081
v -7.726522 -22.309546 51.074196
v -32.965652 -31.290308 40.950138
v 32.022888 51.661354 59.185421
v 1.229780 28.767689 64.053764
v 59.337200 71.161270 47.574860
v -66.231384 -18.483168 32.541897
v -24.594700 34.483395 57.814877
v -22.136150 47.225277 55.049507
v -27.246132 46.941643 54.126980
v -37.442471 36.227295 54.870010
v -37.396049 31.190119 56.161556
v -35.397671 26.644909 57.707817
v -31.751551 23.283649 59.273407
v -35.529861 40.989594 54.029835
v -27.012779 21.618040 60.619957
v -21.902800 21.901669 61.542488
v -17.397381 45.559654 56.396076
v -13.751261 42.198395 57.961658
v -31.949371 44.751965 53.768909
v -17.199560 24.091339 61.900555
v -11.752872 37.653191 59.507915
v -11.706460 32.616013 60.799461
v -13.619081 27.853720 61.639629
v 81.223282 25.567394 -45.765381
v 78.585693 25.957254 -46.700169
v 68.510880 47.679966 -38.140759
v 70.723289 49.199986 -36.966316
v 97.523293 2.150792 -56.187408
v 93.985703 2.150790 -58.529518
v 76.243591 24.917635 -44.569897
v 79.781174 23.878016 -43.165997
v 68.481178 47.679974 -33.831596
v 66.427040 46.319973 -34.991135
v 95.181190 2.150792 -53.496014
v 91.643585 2.150792 -54.991913
v 79.281197 27.357096 42.141861
v 80.723289 27.357096 45.100552
v 97.623314 2.150828 55.942589
v 95.281212 2.150828 53.251194
v 69.281197 47.280018 34.160152
v 70.323311 49.200027 37.294872
v 66.227058 46.880028 35.684193
v 75.943604 26.585224 43.905071
v 78.085709 27.357096 46.863762
v 94.085732 2.150830 58.284698
v 68.810883 47.897514 38.519363
v 91.743599 2.150828 54.747093
v 91.395424 6.858676 50.794113
v 91.555481 6.445467 51.676525
v 90.347771 1.853298 52.752724
v 89.919273 1.782287 51.903984
v 90.660683 11.614097 50.766113
v 90.730759 11.739477 51.604881
v 90.085701 11.721627 50.225155
v 90.268303 6.879216 51.049347
v 90.690666 6.591877 52.046082
v 89.189674 1.851978 53.242096
v 90.099556 11.460257 51.595184
v 88.828629 1.798396 52.159412
v 95.218193 5.628466 50.468796
v 96.034218 5.457126 51.132305
v 99.100204 2.160176 51.704689
v 98.371895 2.127556 51.092785
v 89.962944 11.575636 49.727116
v 90.600327 11.623017 50.678635
v 89.152199 11.463127 50.353985
v 94.307106 5.696496 51.143864
v 95.139404 5.394786 51.829914
v 98.261360 2.059508 52.599743
v 90.124092 11.215137 50.995396
v 97.494324 2.049296 51.753006
v 88.680466 7.581678 55.436115
v 88.523949 7.261398 56.356953
v 89.044968 1.924180 61.484035
v 88.883202 1.827720 60.551056
v 88.829041 12.913617 50.687160
v 88.724594 13.148057 51.804325
v 87.828903 13.151827 50.610260
v 87.540855 7.749148 55.340103
v 87.617264 7.539468 56.437653
v 87.865997 1.934560 61.582016
v 88.050888 12.953298 51.762989
v 87.826706 1.791030 60.449203
v 88.971840 7.449662 -52.572083
v 89.847694 7.036453 -52.764854
v 90.968048 2.115044 -51.597977
v 90.135841 2.044034 -51.138214
v 88.971199 12.205073 -51.836800
v 89.806770 12.330454 -51.938030
v 88.451988 12.312603 -51.242119
v 89.268806 7.470202 -51.455215
v 90.249153 7.182862 -51.914364
v 91.500168 2.113724 -50.458904
v 89.820549 12.051232 -51.306919
v 90.431664 2.060144 -50.057854
v 88.504570 6.219452 -56.380096
v 89.137276 6.048110 -57.220245
v 89.595238 2.068780 -60.305416
v 89.010849 2.036170 -59.554836
v 88.384888 11.819642 -51.341465
v 88.886024 11.867012 -51.773228
v 89.041473 11.707132 -50.554565
v 89.213058 6.287482 -55.494736
v 89.867691 5.985772 -56.351997
v 90.520866 1.968110 -59.500423
v 89.220268 11.459143 -51.309113
v 89.703247 1.957911 -58.702427
v 93.711609 8.172663 -50.031635
v 94.637627 7.852384 -49.909462
v 99.741783 2.122393 -50.620804
v 98.815460 2.025934 -50.424469
v 88.078423 12.656523 -50.003490
v 89.198685 12.890972 -49.940666
v 88.038773 12.894746 -49.001198
v 93.658043 8.340125 -48.889256
v 94.751999 8.130455 -49.006424
v 99.883537 2.197344 -49.446316
v 89.182434 12.696204 -49.265900
v 98.752983 2.125994 -49.364925
v -57.488827 18.575714 -48.686672
v -58.796135 19.342066 -47.966187
v -55.592705 21.451284 -49.871132
v -56.565407 22.725094 -49.359661
v -52.857441 23.227964 -51.496811
v -53.347446 24.815294 -51.272221
v -49.699448 23.635231 -53.316231
v -49.632156 25.294439 -53.412720
v -46.599487 22.611101 -55.052410
v -45.985157 24.089592 -55.455288
v -44.029514 20.311510 -56.441021
v -42.961666 21.384171 -57.088970
v -42.380798 17.086521 -57.270668
v -41.021988 17.590071 -58.064999
v -41.904308 13.427120 -57.415028
v -40.461418 13.284902 -58.234840
v -42.672607 9.890421 -56.852146
v -41.365295 9.124071 -57.572628
v -44.568726 7.014842 -55.667706
v -43.596016 5.741042 -56.179165
v -47.303989 5.238183 -54.042011
v -46.813976 3.650852 -54.266594
v -50.461987 4.830913 -52.222572
v -50.529278 3.171702 -52.126080
v -53.561939 5.855034 -50.486404
v -54.176266 4.376554 -50.083511
v -56.131908 8.154625 -49.097794
v -57.199768 7.081954 -48.449860
v -57.780636 11.379616 -48.268143
v -59.139446 10.876055 -47.473804
v -58.257130 15.039015 -48.123783
v -59.700020 15.181235 -47.303978
v -11.906420 26.983240 63.444492
v -13.839721 28.142290 62.773045
v -16.118750 22.556919 63.751465
v -17.420200 24.379910 63.033970
v -21.651972 19.980820 63.330208
v -22.123440 22.190229 62.675896
v -27.663710 19.647148 62.244865
v -27.233419 21.906609 61.753345
v -33.238731 21.606689 60.660667
v -31.972179 23.572218 60.406788
v -37.528282 25.561119 58.818817
v -35.618301 26.933489 58.841213
v -39.879333 30.908421 56.999676
v -37.616692 31.478689 57.294937
v -39.933929 36.834515 55.480232
v -37.663113 36.515877 56.003410
v -37.683792 42.437206 54.491783
v -35.750492 41.278152 55.163223
v -33.471462 46.863533 54.184807
v -32.170013 45.040535 54.902309
v -27.938242 49.439636 54.606049
v -27.466763 47.230225 55.260372
v -21.926493 49.773304 55.691387
v -22.356781 47.513844 56.182907
v -16.351471 47.813755 57.275589
v -17.618021 45.848228 57.529480
v -12.061921 43.859333 59.117466
v -13.971891 42.486961 59.095047
v -9.710880 38.512032 60.936577
v -11.973511 37.941761 60.641319
v -9.656272 32.585941 62.456043
v -11.927100 32.904583 61.932854
v 17.054571 48.478447 -60.464520
v 18.766661 47.545528 -60.906311
v 14.100461 45.295097 -61.288132
v 15.291241 43.800407 -61.875278
v 10.119061 43.401218 -61.605225
v 10.607241 41.572311 -62.248337
v 5.716511 43.085129 -61.367516
v 5.427771 41.200439 -61.968674
v 1.563061 44.394958 -60.611206
v 0.541361 42.741417 -61.078873
v -1.708969 47.131287 -59.451424
v -3.308089 45.960629 -59.714439
v -3.601449 50.877556 -58.064713
v -5.534539 50.367992 -58.083035
v -3.826259 55.063404 -56.662247
v -5.799018 55.292534 -56.433052
v -2.349168 59.051594 -55.457478
v -4.061268 59.984528 -55.015690
v 0.604942 62.234943 -54.633873
v -0.585838 63.729633 -54.046722
v 4.586332 64.128838 -54.316765
v 4.098152 65.957748 -53.673653
v 8.988881 64.444923 -54.554470
v 9.277621 66.329620 -53.953312
v 13.142341 63.135086 -55.310791
v 14.164041 64.788635 -54.843117
v 16.414383 60.398743 -56.470573
v 18.013502 61.569412 -56.207573
v 18.306850 56.652493 -57.857269
v 20.239939 57.162045 -57.838959
v 18.531660 52.466637 -59.259747
v 20.504410 52.237507 -59.488941
v 18.766680 47.545574 60.529770
v 17.054590 48.478493 60.087982
v 15.291260 43.800453 61.498756
v 14.100480 45.295143 60.911617
v 10.607260 41.572357 61.871803
v 10.119080 43.401264 61.228695
v 5.427790 41.200485 61.592144
v 5.716529 43.085175 60.990986
v 0.541379 42.741463 60.702354
v 1.563079 44.395004 60.234673
v -3.308071 45.960674 59.337914
v -1.708951 47.131332 59.074898
v -5.534522 50.368023 57.706505
v -3.601431 50.877586 57.688194
v -5.799001 55.292564 56.056538
v -3.826241 55.063435 56.285713
v -4.061252 59.984558 54.639164
v -2.349152 59.051624 55.080952
v -0.585822 63.729664 53.670189
v 0.604958 62.234974 54.257328
v 4.098168 65.957779 53.297115
v 4.586348 64.128868 53.940224
v 9.277637 66.329651 53.576775
v 8.988898 64.444954 54.177940
v 14.164058 64.788666 54.466568
v 13.142358 63.135117 54.934258
v 18.013517 61.569443 55.831039
v 16.414398 60.398773 56.094036
v 20.239958 57.162075 57.462421
v 18.306870 56.652523 57.480732
v 20.504429 52.237553 59.112400
v 18.531679 52.466682 58.883209
v -57.199753 7.081986 48.449875
v -56.131893 8.154655 49.097809
v -59.139431 10.876085 47.473820
v -57.780621 11.379646 48.268158
v -59.700005 15.181266 47.303986
v -58.257114 15.039045 48.123791
v -58.796120 19.342096 47.966194
v -57.488811 18.575745 48.686672
v -56.565392 22.725124 49.359661
v -55.592690 21.451315 49.871132
v -53.347431 24.815325 51.272221
v -52.857426 23.227995 51.496811
v -49.632141 25.294477 53.412720
v -49.699432 23.635269 53.316231
v -45.985142 24.089630 55.455288
v -46.599472 22.611139 55.052410
v -42.961651 21.384209 57.088970
v -44.029499 20.311548 56.441021
v -41.021973 17.590109 58.064999
v -42.380783 17.086559 57.270668
v -40.461403 13.284940 58.234840
v -41.904293 13.427158 57.415028
v -41.365280 9.124109 57.572636
v -42.672592 9.890459 56.852154
v -43.596001 5.741078 56.179173
v -44.568710 7.014878 55.667713
v -46.813961 3.650888 54.266609
v -47.303974 5.238216 54.042027
v -50.529263 3.171738 52.126095
v -50.461971 4.830946 52.222588
v -54.176250 4.376586 50.083527
v -53.561924 5.855066 50.486420
v 29.156109 65.500076 54.254482
v 30.552437 66.420326 53.693092
v 27.102879 69.348038 52.653992
v 28.807198 69.691086 52.332664
v 26.779448 73.544167 50.727394
v 28.532276 73.257797 50.695065
v 28.235027 77.449654 48.767975
v 29.769527 76.577454 49.029545
v 31.248047 80.469917 47.074028
v 32.330589 79.144684 47.589710
v 35.359768 82.145157 45.903458
v 35.825558 80.568634 46.594727
v 39.944248 82.220314 45.434483
v 39.722366 80.632523 46.196102
v 44.303528 80.683960 45.738499
v 43.427757 79.326630 46.454510
v 47.773956 77.770004 46.769211
v 46.377609 76.849754 47.330589
v 49.827168 73.922043 48.369678
v 48.122849 73.578995 48.691010
v 50.150597 69.725914 50.296291
v 48.397766 70.012283 50.328629
v 48.695019 65.820435 52.255718
v 47.160519 66.692627 51.994141
v 45.682007 62.800163 53.949665
v 44.599461 64.125404 53.433979
v 41.570274 61.124935 55.120213
v 41.104485 62.701454 54.428951
v 36.985798 61.049778 55.589184
v 37.207680 62.637566 54.827572
v 32.626518 62.586128 55.285175
v 33.502296 63.943455 54.569176
v -13.209649 27.765112 -63.409927
v -11.269799 26.602051 -64.055046
v -16.787569 24.001232 -63.684063
v -15.479109 22.173960 -64.377563
v -21.494280 21.813740 -63.359905
v -21.016428 19.600441 -63.996212
v -26.613249 21.535662 -62.486824
v -27.038738 19.273291 -62.969063
v -31.365139 23.209322 -61.197735
v -32.629208 21.242302 -61.452473
v -35.026535 26.579922 -59.688896
v -36.936718 25.207710 -59.677361
v -37.040009 31.134321 -58.189972
v -39.305519 30.565832 -57.913944
v -37.099037 36.179165 -56.929237
v -39.374958 36.500935 -56.430710
v -35.194630 40.946407 -56.098549
v -37.134480 42.109467 -55.453438
v -31.616707 44.710289 -55.824429
v -32.925167 46.537556 -55.130932
v -26.909988 46.897789 -56.148571
v -27.387848 49.111076 -55.512264
v -21.791019 47.175865 -57.021652
v -21.365538 49.438232 -56.539425
v -17.039129 45.502193 -58.310741
v -15.775068 47.469215 -58.056004
v -13.377728 42.131588 -59.819580
v -11.467549 43.503796 -59.831131
v -11.364260 37.577187 -61.318489
v -9.098760 38.145668 -61.594532
v -11.305239 32.532349 -62.579247
v -9.029310 32.210579 -63.077778
v 47.160503 66.692596 -51.994202
v 48.695004 65.820404 -52.255779
v 44.599445 64.125374 -53.434040
v 45.681992 62.800133 -53.949718
v 41.104469 62.701424 -54.429005
v 41.570259 61.124905 -55.120266
v 37.207664 62.637535 -54.827625
v 36.985783 61.049747 -55.589237
v 33.502281 63.943424 -54.569229
v 32.626503 62.586098 -55.285229
v 30.552422 66.420296 -53.693146
v 29.156094 65.500046 -54.254536
v 28.807182 69.691055 -52.332718
v 27.102863 69.348007 -52.654045
v 28.532261 73.257767 -50.695118
v 26.779432 73.544136 -50.727448
v 29.769512 76.577423 -49.029598
v 28.235012 77.449623 -48.768028
v 32.330574 79.144653 -47.589771
v 31.248032 80.469887 -47.074089
v 35.825542 80.568604 -46.594788
v 35.359753 82.145126 -45.903526
v 39.722351 80.632492 -46.196163
v 39.944233 82.220284 -45.434551
v 43.427742 79.326599 -46.454571
v 44.303513 80.683929 -45.738560
v 46.377594 76.849724 -47.330650
v 47.773941 77.769974 -46.769272
v 48.122833 73.578964 -48.691071
v 49.827152 73.922012 -48.369740
v 48.397751 70.012253 -50.328690
v 50.150581 69.725883 -50.296352
v 121.133308 8.782202 -24.708891
v 119.481461 18.952393 -25.126097
v 121.259781 18.952393 -24.009174
v 122.461655 8.782202 -23.591980
v 120.142868 18.952393 -22.230837
v 121.794739 8.782202 -21.813641
v 122.226982 2.183882 -23.665901
v 122.888397 2.183884 -20.770638
v 124.005310 2.183883 -22.548979
v 127.771133 11.134185 -18.630882
v 126.523682 19.429413 -19.048086
v 128.302017 19.371262 -17.931177
v 129.099472 11.715744 -17.513973
v 127.185097 19.894667 -16.661697
v 128.432556 12.180994 -15.953712
v 128.864807 2.198544 -19.187180
v 129.526215 2.198544 -16.728100
v 130.643127 2.198544 -18.070261
v 120.774857 8.609258 22.226540
v 119.491951 19.533607 21.334927
v 118.105865 20.133608 22.354136
v 119.905792 8.729258 22.851540
v 117.086655 19.893608 20.518057
v 118.669571 9.569258 21.409660
v 123.683739 2.182018 22.681601
v 121.428452 2.182018 21.864731
v 122.447655 2.182018 23.700821
v 125.161011 10.503783 11.737997
v 124.289673 21.404783 10.752604
v 125.270554 21.404783 12.609445
v 125.752266 10.503783 13.369677
v 123.413704 21.404783 13.590324
v 124.285049 10.503783 14.575718
v 126.917503 2.196394 12.323820
v 126.041550 2.196395 15.161551
v 127.298393 2.196395 14.180660
v -55.708031 8.267525 -48.203175
v -57.356758 11.492515 -47.373520
v -57.833244 15.151915 -47.229168
v -57.064945 18.688625 -47.792049
v -55.168827 21.564194 -48.976498
v -52.433556 23.340855 -50.602180
v -49.275566 23.748135 -52.421608
v -46.175606 22.724010 -54.157799
v -43.605637 20.424412 -55.546398
v -41.956917 17.199430 -56.376041
v -41.480431 13.540030 -56.520409
v -42.248730 10.003321 -55.957516
v -44.144848 7.127752 -54.773064
v -46.880112 5.351092 -53.147369
v -50.038109 4.943812 -51.327961
v -53.138058 5.967934 -49.591782
v -38.871475 29.981441 -55.555241
v -36.502678 24.623320 -57.318661
v -32.195160 20.657911 -59.093765
v -26.604700 18.688900 -60.610355
v -20.582390 19.016060 -61.637505
v -15.045070 21.589582 -62.018841
v -10.835760 26.017662 -61.696335
v -8.595269 31.626183 -60.719070
v -8.664719 37.561287 -59.235844
v -11.033509 42.919415 -57.472424
v -15.341028 46.884834 -55.697292
v -20.931488 48.853844 -54.180733
v -26.953808 48.526688 -53.153584
v -32.491127 45.953163 -52.772232
v -36.700439 41.525078 -53.094738
v -38.940918 35.916553 -54.071999
v -40.486156 9.358241 -55.717144
v -39.582268 13.519060 -56.379372
v -40.142849 17.824242 -56.209541
v -42.082520 21.618340 -55.233479
v -45.106018 24.323751 -53.599819
v -48.753017 25.528595 -51.557259
v -52.468307 25.049444 -49.416763
v -55.686275 22.959255 -47.504192
v -57.916996 19.576225 -46.110729
v -58.820881 15.415405 -45.448494
v -58.260307 11.110225 -45.618340
v -56.320618 7.316125 -46.594391
v -53.297127 4.610715 -48.228043
v -49.650139 3.405874 -50.270611
v -45.934837 3.885012 -52.411114
v -42.716877 5.975212 -54.323673
v -11.448811 26.384739 61.093788
v -9.198670 31.987429 60.105331
v -9.253272 37.913532 58.585899
v -11.604311 43.260822 56.766762
v -15.893871 47.215252 54.924885
v -21.468882 49.174805 53.340710
v -27.480633 48.841125 52.255367
v -33.013863 46.265038 51.834118
v -37.226192 41.838703 52.141083
v -39.476334 36.236015 53.129532
v -39.421722 30.309917 54.648987
v -37.070671 24.962618 56.468117
v -32.781120 21.008188 58.309967
v -27.206110 19.048649 59.894169
v -21.194370 19.382320 60.979504
v -15.661140 21.958408 61.400757
v 14.174931 44.978165 -60.330288
v 10.193530 43.084290 -60.647373
v 5.790981 42.768196 -60.409683
v 1.637531 44.078026 -59.653366
v -1.634509 46.814365 -58.493587
v -3.526978 50.560627 -57.106888
v -3.751788 54.746475 -55.704403
v -2.274708 58.734665 -54.499641
v 0.679412 61.918022 -53.676022
v 4.660802 63.811905 -53.358932
v 9.063353 64.127991 -53.596634
v 13.216811 62.818165 -54.352966
v 16.488852 60.081825 -55.512741
v 18.381321 56.335564 -56.899429
v 18.606131 52.149715 -58.301910
v 17.129042 48.161518 -59.506668
v 4.660818 63.811935 52.982388
v 9.063368 64.128021 53.220085
v 13.216828 62.818195 53.976418
v 16.488867 60.081856 55.136196
v 18.381338 56.335594 56.522888
v 18.606150 52.149746 57.925381
v 17.129061 48.161564 59.130131
v 14.174949 44.978210 59.953754
v 10.193549 43.084335 60.270859
v 5.790999 42.768242 60.033154
v 1.637549 44.078072 59.276848
v -1.634491 46.814396 58.117054
v -3.526961 50.560658 56.730366
v -3.751772 54.746506 55.327877
v -2.274692 58.734695 54.123112
v 0.679428 61.918053 53.299484
v -58.260292 11.110255 45.618355
v -56.320602 7.316155 46.594406
v -53.297112 4.610745 48.228058
v -49.650124 3.405906 50.270626
v -45.934822 3.885046 52.411129
v -42.716862 5.975248 54.323681
v -40.486141 9.358279 55.717152
v -39.582253 13.519098 56.379372
v -40.142834 17.824280 56.209541
v -42.082504 21.618378 55.233479
v -45.106003 24.323790 53.599819
v -48.753002 25.528625 51.557259
v -52.468292 25.049475 49.416763
v -55.686260 22.959286 47.504192
v -57.916981 19.576256 46.110729
v -58.820866 15.415436 45.448502
v 18.921120 46.888210 -58.919720
v 20.658869 51.580193 -57.502350
v 20.394392 56.504734 -55.852379
v 18.167952 60.912094 -54.220970
v 14.318502 64.131317 -52.856510
v 9.432082 65.672287 -51.966732
v 4.252613 65.300423 -51.687080
v -0.431388 63.072323 -52.060131
v -3.906818 59.327206 -53.029110
v -5.644568 54.635216 -54.446457
v -5.380079 49.710682 -56.096443
v -3.153639 45.303314 -57.727844
v 0.695811 42.084099 -59.092293
v 5.582231 40.543118 -59.982086
v 10.761701 40.914989 -60.261738
v 15.445691 43.143089 -59.888672
v -57.064930 18.688656 47.792049
v -55.168812 21.564224 48.976498
v -52.433540 23.340885 50.602180
v -49.275551 23.748165 52.421608
v -46.175591 22.724049 54.157799
v -43.605621 20.424450 55.546398
v -41.956902 17.199469 56.376041
v -41.480415 13.540069 56.520409
v -42.248714 10.003359 55.957523
v -44.144833 7.127788 54.773071
v -46.880096 5.351128 53.147385
v -50.038094 4.943848 51.327976
v -53.138042 5.967966 49.591797
v -55.708015 8.267555 48.203190
v -57.356743 11.492544 47.373535
v -57.833229 15.151944 47.229176
v 26.830748 68.585358 50.741951
v 28.883978 64.737404 52.342445
v 32.354389 61.823444 53.373135
v 36.713669 60.287094 53.677143
v 41.298141 60.362255 53.208164
v 45.409878 62.037498 52.037601
v 48.422890 65.057755 50.343670
v 49.878468 68.963234 48.384251
v 49.555038 73.159378 46.457649
v 47.501820 77.007324 44.857162
v 44.031399 79.921288 43.826450
v 39.672119 81.457619 43.522453
v 35.087639 81.382469 43.991432
v 30.975906 79.707237 45.161987
v 27.962898 76.686974 46.855934
v 26.507307 72.781487 48.815342
v -26.700716 46.616013 -55.011322
v -21.581749 46.894104 -55.884392
v -16.829849 45.220436 -57.173492
v -13.168459 41.849831 -58.682331
v -11.154989 37.295429 -60.181244
v -11.095959 32.250576 -61.441986
v -13.000380 27.483341 -62.272667
v -16.578289 23.719471 -62.546795
v -21.285009 21.531981 -62.222641
v -26.403980 21.253901 -61.349571
v -31.155870 22.927551 -60.060497
v -34.817257 26.298151 -58.551643
v -36.830738 30.852551 -57.052734
v -36.889767 35.897396 -55.791977
v -34.985355 40.664642 -54.961296
v -31.407438 44.428524 -54.687172
v 29.638317 76.209740 48.107647
v 32.199379 78.776962 46.667797
v 35.694347 80.200905 45.672829
v 39.591156 80.264793 45.274200
v 43.296551 78.958893 45.532612
v 46.246407 76.482025 46.408699
v 47.991638 73.211273 47.769112
v 48.266556 69.644554 49.406731
v 47.029308 66.324890 51.072227
v 44.468246 63.757675 52.512074
v 40.973282 62.333725 53.507053
v 37.076466 62.269836 53.905685
v 33.371086 63.575737 53.647282
v 30.421227 66.052597 52.771194
v 28.675999 69.323357 51.410770
v 28.401068 72.890060 49.773159
v 18.921139 46.888256 58.543182
v 20.658888 51.580223 57.125813
v 20.394407 56.504765 55.475842
v 18.167967 60.912125 53.844429
v 14.318518 64.131348 52.479969
v 9.432097 65.672318 51.590187
v 4.252628 65.300453 51.310547
v -0.431372 63.072353 51.683598
v -3.906802 59.327236 52.652569
v -5.644552 54.635246 54.069931
v -5.380062 49.710712 55.719913
v -3.153621 45.303345 57.351326
v 0.695829 42.084145 58.715767
v 5.582249 40.543163 59.605553
v 10.761719 40.915035 59.885216
v 15.445708 43.143135 59.512146
v 35.694332 80.200874 -45.672890
v 39.591141 80.264763 -45.274261
v 43.296535 78.958862 -45.532673
v 46.246391 76.481995 -46.408760
v 47.991623 73.211243 -47.769173
v 48.266541 69.644524 -49.406792
v 47.029293 66.324860 -51.072289
v 44.468231 63.757645 -52.512127
v 40.973267 62.333694 -53.507107
v 37.076450 62.269806 -53.905739
v 33.371071 63.575706 -53.647335
v 30.421211 66.052567 -52.771248
v 28.675983 69.323326 -51.410824
v 28.401052 72.890030 -49.773212
v 29.638302 76.209709 -48.107700
v 32.199364 78.776932 -46.667858
v 48.422874 65.057724 -50.343731
v 49.878452 68.963203 -48.384312
v 49.555023 73.159348 -46.457710
v 47.501804 77.007294 -44.857224
v 44.031384 79.921257 -43.826511
v 39.672104 81.457588 -43.522514
v 35.087624 81.382439 -43.991493
v 30.975891 79.707207 -45.162048
v 27.962883 76.686943 -46.855988
v 26.507292 72.781456 -48.815395
v 26.830732 68.585327 -50.742004
v 28.883963 64.737373 -52.342499
v 32.354374 61.823414 -53.373188
v 36.713654 60.287064 -53.677197
v 41.298126 60.362225 -53.208218
v 45.409863 62.037468 -52.037655
v -25.683640 108.469353 -2.138402
v -24.806469 111.974182 7.186118
v -13.174318 96.646103 11.853290
v -14.051480 93.141258 2.528762
v -22.377729 87.685532 5.362675
v -21.500568 91.190353 14.687204
v -33.132729 106.518463 10.020031
v -34.009892 103.013626 0.695511
v 40.283947 0.815264 -20.887827
v 45.965416 -4.999728 -26.710775
v 55.391174 11.026758 -33.518620
v 49.709698 16.841751 -27.695671
v 37.667343 18.310209 -40.911900
v 43.348808 12.495215 -46.734852
v 33.923061 -3.531272 -39.927006
v 28.241583 2.283720 -34.104065
v -45.970543 41.891216 -36.657677
v -50.550068 47.193672 -42.306736
v -37.357037 60.729134 -40.296928
v -32.777523 55.426682 -34.647850
v -38.153744 59.457901 -26.505644
v -42.733265 64.760353 -32.154705
v -55.926292 51.224899 -34.164516
v -51.346783 45.922443 -28.515459
v -51.760044 36.901176 34.004902
v -58.574093 40.183609 38.882866
v -68.965431 24.826662 34.700954
v -62.151386 21.544241 29.823002
v -65.927094 26.430767 21.260511
v -72.741135 29.713188 26.138460
v -62.349796 45.070126 30.320374
v -55.535748 41.787708 25.442425
v 23.714088 24.703876 47.415298
v 26.384916 23.151838 55.868580
v 15.805160 31.199339 60.574497
v 13.134327 32.751373 52.121227
v 20.320988 40.436626 51.261612
v 22.991829 38.884602 59.714878
v 33.571587 30.837109 55.008953
v 30.900757 32.389137 46.555687
v 61.573402 99.093231 -9.779462
v 62.026367 106.904442 -14.226904
v 52.005669 108.967880 -11.623394
v 51.552719 101.156654 -7.175951
v 53.738667 100.971672 -25.455431
v 53.285694 93.160477 -21.007988
v 43.265003 94.568489 -19.596128
v 43.717976 102.379700 -24.043570
v 14.092353 90.784843 21.422438
v 12.976013 96.225456 25.123396
v 17.747906 89.987579 35.732735
v 18.864244 84.546989 32.031769
v 12.535264 82.236160 33.519760
v 11.418925 87.676743 37.220718
v 6.647034 93.914627 26.611389
v 7.763374 88.474030 22.910419
v 23.321535 94.380943 19.323246
v 22.248753 99.830284 23.024202
v 26.970594 93.554459 33.633545
v 28.043373 88.105103 29.932577
v 21.696114 85.844971 31.420570
v 20.623337 91.294327 35.121525
v 15.901494 97.570175 24.512196
v 16.974274 92.120819 20.811228
v -65.661919 52.552383 -11.826728
v -65.661919 52.552391 9.916862
v -50.918995 67.196564 15.864587
v -37.330124 78.609901 17.345409
v -21.902678 86.290207 15.864575
v -1.845058 95.987541 9.916840
v -1.845062 95.987541 -11.826750
v -21.902681 86.290207 -18.900625
v -37.330132 78.609901 -20.660051
v -50.919003 67.196564 -18.900625
v 41.330719 126.697372 -2.107898
v 41.330719 126.697372 2.139262
v 45.597549 128.594910 -2.965629
v 45.597549 128.594910 2.819861
v 52.525940 129.812500 -3.375630
v 52.525940 129.812500 3.229860
v 59.541779 129.706970 -2.965631
v 59.541779 129.706970 2.819859
v 63.910679 129.139877 -2.107902
v 63.910679 129.139877 2.139258
v 74.084122 82.040375 -54.459957
v 71.602562 85.487152 -54.459957
v 78.155975 84.133324 -53.315754
v 74.775604 88.828529 -53.315754
v 83.427193 87.423218 -49.992470
v 79.567703 92.783875 -49.992470
v 87.611671 90.941101 -45.574795
v 84.231300 95.636292 -45.574795
v 89.717545 93.295883 -42.429585
v 87.235985 96.742661 -42.429585
v 116.056671 57.604069 -2.139326
v 116.056671 57.604069 2.107834
v 115.243195 53.274277 -2.819925
v 115.243195 53.274277 2.965555
v 113.171265 46.570530 -3.229922
v 113.171265 46.570530 3.375557
v 109.868317 40.359604 -2.819920
v 109.868317 40.359604 2.965570
v 106.742928 36.889961 -2.139318
v 106.742920 36.889969 2.107842
v 89.717560 93.295921 42.429493
v 87.235985 96.742691 42.429493
v 87.611687 90.941132 45.574711
v 84.231308 95.636322 45.574711
v 83.427208 87.423248 49.992386
v 79.567719 92.783905 49.992386
v 78.155991 84.133354 53.315670
v 74.775620 88.828560 53.315670
v 74.084137 82.040405 54.459881
v 71.602577 85.487183 54.459881
v 37.227699 107.393753 -3.997891
v 37.227699 107.393753 4.029270
v 44.040123 107.610504 6.999868
v 53.950100 108.265518 7.329866
v 63.671497 108.908066 6.999865
v 44.040123 107.610504 -6.895622
v 70.907539 109.073975 4.029264
v 53.950100 108.265518 -7.385624
v 70.907539 109.073975 -3.997896
v 63.671497 108.908066 -6.895625
v 62.772453 71.567474 -41.720325
v 58.093391 78.089897 -42.100082
v 69.082664 72.450195 -37.777966
v 82.281075 81.952583 -27.374620
v 75.927673 76.971733 -32.170162
v 61.909359 83.723892 -37.614296
v 85.432907 87.882210 -23.800713
v 67.742401 88.918213 -32.362141
v 80.736832 94.392365 -23.597843
v 74.830154 93.221535 -26.989023
v 89.432892 45.375946 -6.999919
v 93.124069 54.596153 -7.329932
v 96.745003 63.640892 6.895554
v 93.124069 54.596153 7.385558
v 99.443237 70.380821 3.997823
v 99.443237 70.380821 -4.029338
v 89.432877 45.375946 6.895561
v 96.745003 63.640881 -6.999935
v 86.893196 39.032063 3.997844
v 86.893196 39.032051 -4.029325
v 69.082680 72.450226 37.777897
v 75.927689 76.971764 32.170094
v 74.830170 93.221565 26.988939
v 67.742409 88.918243 32.362064
v 80.736816 94.392403 23.597759
v 85.432907 87.882240 23.800629
v 61.909367 83.723923 37.614220
v 82.281082 81.952621 27.374540
v 58.093407 78.089928 42.100014
v 62.772469 71.567490 41.720257
vt 0.205729 -0.215106
vt 0.591146 -0.215106
vt 0.591146 -0.876565
vt 0.205729 -0.876565
vt 0.205729 -0.215106
vt 0.591146 -0.215106
vt 0.591146 -0.876565
vt 0.205729 -0.876565
vt 0.205729 -0.215106
vt 0.591146 -0.215106
vt 0.591146 -0.876565
vt 0.205729 -0.876565
vt 0.205729 -0.215106
vt 0.591146 -0.215106
vt 0.591146 -0.876565
vt 0.205729 -0.876565
vt 0.205729 -0.215106
vt 0.591146 -0.215106
vt 0.591146 -0.876565
vt 0.205729 -0.876565
vt 0.205729 -0.215106
vt 0.591146 -0.215106
vt 0.591146 -0.876565
vt 0.205729 -0.876565
vt 0.205729 -0.215106
vt 0.591146 -0.215106
vt 0.591146 -0.876565
vt 0.205729 -0.876565
vt 0.205729 -0.215106
vt 0.591146 -0.215106
vt 0.591146 -0.876565
vt 0.205729 -0.876565
vt 0.205729 -0.215106
vt 0.591146 -0.215106
vt 0.591146 -0.876565
vt 0.205729 -0.876565
vt 0.205729 -0.215106
vt 0.591146 -0.215106
vt 0.591146 -0.876565
vt 0.205729 -0.876565
vt 0.205729 -0.215106
vt 0.591146 -0.215106
vt 0.591146 -0.876565
vt 0.205729 -0.876565
vt 0.205729 -0.215106
vt 0.591146 -0.215106
vt 0.591146 -0.876565
vt 0.205729 -0.876565
vt 0.205729 -0.215106
vt 0.591146 -0.215106
vt 0.591146 -0.876565
vt 0.205729 -0.876565
vt 0.205729 -0.215106
vt 0.591146 -0.215106
vt 0.591146 -0.876565
vt 0.205729 -0.876565
vt 0.205729 -0.215106
vt 0.591146 -0.215106
vt 0.591146 -0.876565
vt 0.205729 -0.876565
vt 0.205729 -0.215106
vt 0.591146 -0.215106
vt 0.591146 -0.876565
vt 0.205729 -0.876565
vt 0.205729 -0.215106
vt 0.591146 -0.215106
vt 0.591146 -0.876565
vt 0.205729 -0.876565
vt 0.205729 -0.215106
vt 0.591146 -0.215106
vt 0.591146 -0.876565
vt 0.205729 -0.876565
vt 0.205729 -0.215106
vt 0.591146 -0.215106
vt 0.591146 -0.876565
vt 0.205729 -0.876565
vt 0.205729 -0.215106
vt 0.591146 -0.215106
vt 0.591146 -0.876565
vt 0.205729 -0.876565
vt 0.205729 -0.215106
vt 0.591146 -0.215106
vt 0.591146 -0.876565
vt 0.205729 -0.876565
vt 0.205729 -0.215106
vt 0.591146 -0.215106
vt 0.591146 -0.876565
vt 0.205729 -0.876565
vt 0.205729 -0.215106
vt 0.591146 -0.215106
vt 0.591146 -0.876565
vt 0.205729 -0.876565
vt 0.205729 -0.215106
vt 0.591146 -0.215106
vt 0.591146 -0.876565
vt 0.205729 -0.876565
vt 0.500000 -0.000000
vt 0.671875 -0.000000
vt 0.671875 -0.992187
vt 0.500000 -0.992187
vt 0.500000 -0.000000
vt 0.671875 -0.000000
vt 0.671875 -0.992187
vt 0.500000 -0.992187
vt 0.500000 -0.000000
vt 0.671875 -0.000000
vt 0.671875 -0.992187
vt 0.500000 -0.992187
vt 0.500000 -0.000000
vt 0.671875 -0.000000
vt 0.671875 -0.992187
vt 0.500000 -0.992187
vt 0.500000 -0.000000
vt 0.671875 -0.000000
vt 0.671875 -0.992187
vt 0.500000 -0.992187
vt 0.500000 -0.000000
vt 0.671875 -0.000000
vt 0.671875 -0.992187
vt 0.500000 -0.992187
vt 0.500000 -0.000000
vt 0.671875 -0.000000
vt 0.671875 -0.992187
vt 0.500000 -0.992187
vt 0.500000 -0.000000
vt 0.671875 -0.000000
vt 0.671875 -0.992187
vt 0.500000 -0.992187
vt 0.500000 -0.000000
vt 0.671875 -0.000000
vt 0.671875 -0.992187
vt 0.500000 -0.992187
vt 0.500000 -0.000000
vt 0.671875 -0.000000
vt 0.671875 -0.992187
vt 0.500000 -0.992187
vt 0.500000 -0.000000
vt 0.671875 -0.000000
vt 0.671875 -0.992187
vt 0.500000 -0.992187
vt 0.500000 -0.000000
vt 0.671875 -0.000000
vt 0.671875 -0.992187
vt 0.500000 -0.992187
vt 0.500000 -0.000000
vt 0.671875 -0.000000
vt 0.671875 -0.992187
vt 0.500000 -0.992187
vt 0.500000 -0.000000
vt 0.671875 -0.000000
vt 0.671875 -0.992187
vt 0.500000 -0.992187
vt 0.500000 -0.000000
vt 0.671875 -0.000000
vt 0.671875 -0.992187
vt 0.500000 -0.992187
vt 0.500000 -0.000000
vt 0.671875 -0.000000
vt 0.671875 -0.992187
vt 0.500000 -0.992187
vt 0.500000 -0.000000
vt 0.671875 -0.000000
vt 0.671875 -0.992187
vt 0.500000 -0.992187
vt 0.500000 -0.000000
vt 0.671875 -0.000000
vt 0.671875 -0.992187
vt 0.500000 -0.992187
vt 0.500000 -0.000000
vt 0.671875 -0.000000
vt 0.671875 -0.992187
vt 0.500000 -0.992187
vt 0.500000 -0.000000
vt 0.671875 -0.000000
vt 0.671875 -0.992187
vt 0.500000 -0.992187
vt 0.500000 -0.000000
vt 0.671875 -0.000000
vt 0.671875 -0.992187
vt 0.500000 -0.992187
vt 0.500000 -0.000000
vt 0.671875 -0.000000
vt 0.671875 -0.992187
vt 0.500000 -0.992187
vt 0.500000 -0.000000
vt 0.671875 -0.000000
vt 0.671875 -0.992187
vt 0.500000 -0.992187
vt 0.500000 -0.000000
vt 0.671875 -0.000000
vt 0.671875 -0.992187
vt 0.500000 -0.992187
vt 0.500000 -0.000000
vt 0.671875 -0.000000
vt 0.671875 -0.992187
vt 0.500000 -0.992187
vt 0.500000 -0.000000
vt 0.671875 -0.000000
vt 0.671875 -0.992187
vt 0.500000 -0.992187
vt 0.500000 -0.000000
vt 0.671875 -0.000000
vt 0.671875 -0.992187
vt 0.500000 -0.992187
vt 0.500000 -0.000000
vt 0.671875 -0.000000
vt 0.671875 -0.992187
vt 0.500000 -0.992187
vt 0.500000 -0.000000
vt 0.671875 -0.000000
vt 0.671875 -0.992187
vt 0.500000 -0.992187
vt 0.500000 -0.000000
vt 0.671875 -0.000000
vt 0.671875 -0.992187
vt 0.500000 -0.992187
vt 0.500000 -0.000000
vt 0.671875 -0.000000
vt 0.671875 -0.992187
vt 0.500000 -0.992187
vt 0.500000 -0.000000
vt 0.671875 -0.000000
vt 0.671875 -0.992187
vt 0.500000 -0.992187
vt 0.500000 -0.000000
vt 0.671875 -0.000000
vt 0.671875 -0.992187
vt 0.500000 -0.992187
vt 0.500000 -0.000000
vt 0.671875 -0.000000
vt 0.671875 -0.992187
vt 0.500000 -0.992187
vt 0.500000 -0.000000
vt 0.671875 -0.000000
vt 0.671875 -0.992187
vt 0.500000 -0.992187
vt 0.500000 -0.000000
vt 0.671875 -0.000000
vt 0.671875 -0.992187
vt 0.500000 -0.992187
vt 0.500000 -0.000000
vt 0.671875 -0.000000
vt 0.671875 -0.992187
vt 0.500000 -0.992187
vt 0.500000 -0.000000
vt 0.671875 -0.000000
vt 0.671875 -0.992187
vt 0.500000 -0.992187
vt 0.500000 -0.000000
vt 0.671875 -0.000000
vt 0.671875 -0.992187
vt 0.500000 -0.992187
vt 0.500000 -0.000000
vt 0.671875 -0.000000
vt 0.671875 -0.992187
vt 0.500000 -0.992187
vt 0.500000 -0.000000
vt 0.671875 -0.000000
vt 0.671875 -0.992187
vt 0.500000 -0.992187
vt 0.500000 -0.000000
vt 0.671875 -0.000000
vt 0.671875 -0.992187
vt 0.500000 -0.992187
vt 0.500000 -0.000000
vt 0.671875 -0.000000
vt 0.671875 -0.992187
vt 0.500000 -0.992187
vt 0.500000 -0.000000
vt 0.671875 -0.000000
vt 0.671875 -0.992187
vt 0.500000 -0.992187
vt 0.500000 -0.000000
vt 0.671875 -0.000000
vt 0.671875 -0.992187
vt 0.500000 -0.992187
vt 0.500000 -0.000000
vt 0.671875 -0.000000
vt 0.671875 -0.992187
vt 0.500000 -0.992187
vt 0.500000 -0.000000
vt 0.671875 -0.000000
vt 0.671875 -0.992187
vt 0.500000 -0.992187
vt 0.500000 -0.000000
vt 0.671875 -0.000000
vt 0.671875 -0.992187
vt 0.500000 -0.992187
vt 0.500000 -0.000000
vt 0.671875 -0.000000
vt 0.671875 -0.992187
vt 0.500000 -0.992187
vt 0.500000 -0.000000
vt 0.671875 -0.000000
vt 0.671875 -0.992187
vt 0.500000 -0.992187
vt 0.500000 -0.000000
vt 0.671875 -0.000000
vt 0.671875 -0.992187
vt 0.500000 -0.992187
vt 0.500000 -0.000000
vt 0.671875 -0.000000
vt 0.671875 -0.992187
vt 0.500000 -0.992187
vt 0.500000 -0.000000
vt 0.671875 -0.000000
vt 0.671875 -0.992187
vt 0.500000 -0.992187
vt 0.500000 -0.000000
vt 0.671875 -0.000000
vt 0.671875 -0.992187
vt 0.500000 -0.992187
vt 0.500000 -0.000000
vt 0.671875 -0.000000
vt 0.671875 -0.992187
vt 0.500000 -0.992187
vt 0.500000 -0.000000
vt 0.671875 -0.000000
vt 0.671875 -0.992187
vt 0.500000 -0.992187
vt 0.500000 -0.000000
vt 0.671875 -0.000000
vt 0.671875 -0.992187
vt 0.500000 -0.992187
vt 0.500000 -0.000000
vt 0.671875 -0.000000
vt 0.671875 -0.992187
vt 0.500000 -0.992187
vt 0.500000 -0.000000
vt 0.671875 -0.000000
vt 0.671875 -0.992187
vt 0.500000 -0.992187
vt 0.500000 -0.000000
vt 0.671875 -0.000000
vt 0.671875 -0.992187
vt 0.500000 -0.992187
vt 0.500000 -0.000000
vt 0.671875 -0.000000
vt 0.671875 -0.992187
vt 0.500000 -0.992187
vt 0.500000 -0.000000
vt 0.671875 -0.000000
vt 0.671875 -0.992187
vt 0.500000 -0.992187
vt 0.500000 -0.000000
vt 0.671875 -0.000000
vt 0.671875 -0.992187
vt 0.500000 -0.992187
vt 0.500000 -0.000000
vt 0.671875 -0.000000
vt 0.671875 -0.992187
vt 0.500000 -0.992187
vt 0.500000 -0.000000
vt 0.671875 -0.000000
vt 0.671875 -0.992187
vt 0.500000 -0.992187
vt 0.500000 -0.000000
vt 0.671875 -0.000000
vt 0.671875 -0.992187
vt 0.500000 -0.992187
vt 0.500000 -0.000000
vt 0.671875 -0.000000
vt 0.671875 -0.992187
vt 0.500000 -0.992187
vt 0.500000 -0.000000
vt 0.671875 -0.000000
vt 0.671875 -0.992187
vt 0.500000 -0.992187
vt 0.500000 -0.000000
vt 0.671875 -0.000000
vt 0.671875 -0.992187
vt 0.500000 -0.992187
vt 0.500000 -0.000000
vt 0.671875 -0.000000
vt 0.671875 -0.992187
vt 0.500000 -0.992187
vt 0.500000 -0.000000
vt 0.671875 -0.000000
vt 0.671875 -0.992187
vt 0.500000 -0.992187
vt 0.500000 -0.000000
vt 0.671875 -0.000000
vt 0.671875 -0.992187
vt 0.500000 -0.992187
vt 0.000000 -0.103733
vt 0.000000 -0.770400
vt 1.000000 -0.770400
vt 1.000000 -0.103733
vt 0.000000 -0.103733
vt 0.000000 -0.770400
vt 1.000000 -0.770400
vt 1.000000 -0.103733
vt 0.000000 -0.103733
vt 0.000000 -0.770400
vt 1.000000 -0.770400
vt 1.000000 -0.103733
vt 0.000000 -0.103733
vt 0.000000 -0.770400
vt 1.000000 -0.770400
vt 1.000000 -0.103733
vt 0.000000 -0.103733
vt 0.000000 -0.770400
vt 1.000000 -0.770400
vt 1.000000 -0.103733
vt 0.000000 -0.103733
vt 0.000000 -0.770400
vt 1.000000 -0.770400
vt 1.000000 -0.103733
vt 0.000000 -0.103733
vt 0.000000 -0.770400
vt 1.000000 -0.770400
vt 1.000000 -0.103733
vt 0.000000 -0.103733
vt 0.000000 -0.770400
vt 1.000000 -0.770400
vt 1.000000 -0.103733
vt 0.000000 -0.103733
vt 0.000000 -0.770400
vt 1.000000 -0.770400
vt 1.000000 -0.103733
vt 0.000000 -0.103733
vt 0.000000 -0.770400
vt 1.000000 -0.770400
vt 1.000000 -0.103733
vt 0.000000 -0.103733
vt 0.000000 -0.770400
vt 1.000000 -0.770400
vt 1.000000 -0.103733
vt 0.000000 -0.103733
vt 0.000000 -0.770400
vt 1.000000 -0.770400
vt 1.000000 -0.103733
vt 0.000000 -0.103733
vt 0.000000 -0.770400
vt 1.000000 -0.770400
vt 1.000000 -0.103733
vt 0.000000 -0.103733
vt 0.000000 -0.770400
vt 1.000000 -0.770400
vt 1.000000 -0.103733
vt 0.000000 -0.103733
vt 0.000000 -0.770400
vt 1.000000 -0.770400
vt 1.000000 -0.103733
vt 0.000000 -0.103733
vt 0.000000 -0.770400
vt 1.000000 -0.770400
vt 1.000000 -0.103733
vt 0.000000 -0.103733
vt 0.000000 -0.770400
vt 1.000000 -0.770400
vt 1.000000 -0.103733
vt 0.000000 -0.103733
vt 0.000000 -0.770400
vt 1.000000 -0.770400
vt 1.000000 -0.103733
vt 0.000000 -0.103733
vt 0.000000 -0.770400
vt 1.000000 -0.770400
vt 1.000000 -0.103733
vt 0.000000 -0.103733
vt 0.000000 -0.770400
vt 1.000000 -0.770400
vt 1.000000 -0.103733
vt 0.000000 -0.103733
vt 0.000000 -0.770400
vt 1.000000 -0.770400
vt 1.000000 -0.103733
vt 0.000000 -0.103733
vt 0.000000 -0.770400
vt 1.000000 -0.770400
vt 1.000000 -0.103733
vt 0.000000 -0.103733
vt 0.000000 -0.770400
vt 1.000000 -0.770400
vt 1.000000 -0.103733
vt 0.000000 -0.103733
vt 0.000000 -0.770400
vt 1.000000 -0.770400
vt 1.000000 -0.103733
vt 0.000000 -0.206133
vt 1.000000 -0.206133
vt 1.000000 -0.872800
vt 0.000000 -0.872800
vt 0.000000 -0.206133
vt 1.000000 -0.206133
vt 1.000000 -0.872800
vt 0.000000 -0.872800
vt 0.000000 -0.206133
vt 1.000000 -0.206133
vt 1.000000 -0.872800
vt 0.000000 -0.872800
vt 0.000000 -0.206133
vt 1.000000 -0.206133
vt 1.000000 -0.872800
vt 0.000000 -0.872800
vt 0.000000 -0.206133
vt 1.000000 -0.206133
vt 1.000000 -0.872800
vt 0.000000 -0.872800
vt 0.000000 -0.206133
vt 1.000000 -0.206133
vt 1.000000 -0.872800
vt 0.000000 -0.872800
vt 0.000000 -0.206133
vt 1.000000 -0.206133
vt 1.000000 -0.872800
vt 0.000000 -0.872800
vt 0.000000 -0.206133
vt 1.000000 -0.206133
vt 1.000000 -0.872800
vt 0.000000 -0.872800
vt 0.000000 -0.206133
vt 1.000000 -0.206133
vt 1.000000 -0.872800
vt 0.000000 -0.872800
vt 0.000000 -0.206133
vt 1.000000 -0.206133
vt 1.000000 -0.872800
vt 0.000000 -0.872800
vt 0.000000 -0.206133
vt 1.000000 -0.206133
vt 1.000000 -0.872800
vt 0.000000 -0.872800
vt 0.000000 -0.206133
vt 1.000000 -0.206133
vt 1.000000 -0.872800
vt 0.000000 -0.872800
vt 0.000000 -0.206133
vt 1.000000 -0.206133
vt 1.000000 -0.872800
vt 0.000000 -0.872800
vt 0.000000 -0.206133
vt 1.000000 -0.206133
vt 1.000000 -0.872800
vt 0.000000 -0.872800
vt 0.000000 -0.206133
vt 1.000000 -0.206133
vt 1.000000 -0.872800
vt 0.000000 -0.872800
vt 0.000000 -0.206133
vt 1.000000 -0.206133
vt 1.000000 -0.872800
vt 0.000000 -0.872800
vt 0.000000 -0.206133
vt 1.000000 -0.206133
vt 1.000000 -0.872800
vt 0.000000 -0.872800
vt 0.000000 -0.206133
vt 1.000000 -0.206133
vt 1.000000 -0.872800
vt 0.000000 -0.872800
vt 0.500000 -0.000000
vt 0.671875 -0.000000
vt 0.671875 -0.992187
vt 0.500000 -0.992187
vt 0.500000 -0.000000
vt 0.671875 -0.000000
vt 0.671875 -0.992187
vt 0.500000 -0.992187
vt 0.500000 -0.000000
vt 0.671875 -0.000000
vt 0.671875 -0.992187
vt 0.500000 -0.992187
vt 0.500000 -0.000000
vt 0.671875 -0.000000
vt 0.671875 -0.992187
vt 0.500000 -0.992187
vt 0.500000 -0.000000
vt 0.671875 -0.000000
vt 0.671875 -0.992187
vt 0.500000 -0.992187
vt 0.500000 -0.000000
vt 0.671875 -0.000000
vt 0.671875 -0.992187
vt 0.500000 -0.992187
vt 0.500000 -0.000000
vt 0.671875 -0.000000
vt 0.671875 -0.992187
vt 0.500000 -0.992187
vt 0.500000 -0.000000
vt 0.671875 -0.000000
vt 0.671875 -0.992187
vt 0.500000 -0.992187
vt 0.500000 -0.000000
vt 0.671875 -0.000000
vt 0.671875 -0.992187
vt 0.500000 -0.992187
vt 0.500000 -0.000000
vt 0.671875 -0.000000
vt 0.671875 -0.992187
vt 0.500000 -0.992187
vt 0.500000 -0.000000
vt 0.671875 -0.000000
vt 0.671875 -0.992187
vt 0.500000 -0.992187
vt 0.500000 -0.000000
vt 0.671875 -0.000000
vt 0.671875 -0.992187
vt 0.500000 -0.992187
vt 0.515280 -0.792141
vt 1.000000 -0.792141
vt 1.000000 -0.959570
vt 0.515280 -0.959570
vt 0.515280 -0.959570
vt 0.000000 -0.959570
vt 0.000000 -0.792141
vt 0.515280 -0.792141
vt 0.000000 -0.959570
vt 0.000000 -0.792141
vt 0.515280 -0.792141
vt 1.000000 -0.792141
vt 1.000000 -0.959570
vt 0.515280 -0.959570
vt 1.000000 -0.792141
vt 1.000000 -0.959570
vt 0.515280 -0.959570
vt 0.515280 -0.792141
vt 0.000000 -0.959570
vt 0.000000 -0.792141
vt 0.515280 -0.959570
vt 0.515280 -0.792141
vt 1.000000 -0.959570
vt 1.000000 -0.792141
vt 0.517322 -0.958570
vt -0.000000 -0.958519
vt -0.000000 -0.999888
vt 0.517918 -0.999944
vt -0.000000 -0.958519
vt -0.000000 -0.999888
vt 0.517322 -0.958570
vt 0.517918 -0.999944
vt 0.932254 -0.958620
vt 1.000000 -1.000000
vt 0.932254 -0.038127
vt 1.000000 -0.000000
vt 0.517322 -0.038178
vt 0.517918 -0.000056
vt -0.000000 -0.038228
vt -0.000000 -0.000112
vt 0.517322 -0.038178
vt 0.517918 -0.000056
vt 0.932254 -0.038127
vt 1.000000 -0.000000
vt 0.932254 -0.958620
vt 1.000000 -1.000000
vt 0.517322 -0.958570
vt 0.517918 -0.999944
vt 0.156536 -0.000000
vt 0.156536 -0.992187
vt 0.281064 -0.992187
vt 0.281064 -0.000000
vt 0.156536 -0.992187
vt 0.156536 -0.000000
vt 0.281064 -0.000000
vt 0.281064 -0.992187
vt 0.429688 -0.356681
vt 0.429688 -0.385507
vt 0.617188 -0.385506
vt 0.617187 -0.356681
vt 0.429688 -0.356681
vt 0.429688 -0.385507
vt 0.617188 -0.385506
vt 0.617187 -0.356681
vt 0.617188 -0.385506
vt 0.617187 -0.356681
vt 0.429688 -0.356681
vt 0.429688 -0.385507
vt 0.617188 -0.385506
vt 0.617187 -0.356681
vt 0.429688 -0.356681
vt 0.429688 -0.385507
vt 0.429688 -0.356681
vt 0.429688 -0.385507
vt 0.617188 -0.385506
vt 0.617187 -0.356681
vt 0.429688 -0.356681
vt 0.429688 -0.385507
vt 0.617188 -0.385506
vt 0.617187 -0.356681
vt 0.429688 -0.356681
vt 0.429688 -0.385507
vt 0.617188 -0.385506
vt 0.617187 -0.356681
vt 0.429688 -0.356681
vt 0.429688 -0.385507
vt 0.617188 -0.385506
vt 0.617187 -0.356681
vt 0.429688 -0.356681
vt 0.429688 -0.385507
vt 0.617188 -0.385506
vt 0.617187 -0.356681
vt 0.429688 -0.356681
vt 0.429688 -0.385507
vt 0.617188 -0.385506
vt 0.617187 -0.356681
vt 0.429688 -0.356681
vt 0.429688 -0.385507
vt 0.617188 -0.385506
vt 0.617187 -0.356681
vt 0.429688 -0.356681
vt 0.429688 -0.385507
vt 0.617188 -0.385506
vt 0.617187 -0.356681
vt 0.617188 -0.385506
vt 0.617187 -0.356681
vt 0.429688 -0.356681
vt 0.617188 -0.385506
vt 0.617187 -0.356681
vt 0.429688 -0.356681
vt 0.429688 -0.385507
vt 0.617188 -0.385506
vt 0.617187 -0.356681
vt 0.429688 -0.356681
vt 0.429688 -0.385507
vt 0.429688 -0.356681
vt 0.429688 -0.385507
vt 0.617188 -0.385506
vt 0.617188 -0.385506
vt 0.617187 -0.356681
vt 0.429688 -0.356681
vt 0.429688 -0.385507
vt 0.429688 -0.385507
vt 0.429688 -0.356681
vt 0.429688 -0.385507
vt 0.617187 -0.356681
vt 0.429688 -0.356681
vt 0.429688 -0.385507
vt 0.617188 -0.385506
vt 0.617187 -0.356681
vt 0.429688 -0.356681
vt 0.429688 -0.385507
vt 0.617188 -0.385506
vt 0.617187 -0.356681
vt 0.429688 -0.356681
vt 0.429688 -0.385507
vt 0.617188 -0.385506
vt 0.617187 -0.356681
vt 0.429688 -0.356681
vt 0.617187 -0.356681
vt 0.429688 -0.356681
vt 0.429688 -0.356681
vt 0.429688 -0.385507
vt 0.429688 -0.385507
vt 0.617188 -0.385506
vt 0.429688 -0.356681
vt 0.429688 -0.385507
vt 0.617187 -0.356681
vt 0.429688 -0.356681
vt 0.429688 -0.385507
vt 0.617188 -0.385506
vt 0.617187 -0.356681
vt 0.617187 -0.356681
vt 0.429688 -0.356681
vt 0.617188 -0.385506
vt 0.617187 -0.356681
vt 0.429688 -0.356681
vt 0.429688 -0.356681
vt 0.617187 -0.356681
vt 0.617188 -0.385506
vt 0.617187 -0.356681
vt 0.429688 -0.356681
vt 0.429688 -0.356681
vt 0.429688 -0.385507
vt 0.617187 -0.356681
vt 0.429688 -0.385507
vt 0.617188 -0.385506
vt 0.442403 -0.385364
vt 0.429688 -0.356344
vt 0.617188 -0.356346
vt 0.604470 -0.385364
vt 0.649925 -0.537598
vt 0.633677 -0.484375
vt 0.649925 -0.431152
vt 0.692461 -0.570492
vt 0.692461 -0.398259
vt 0.745039 -0.570492
vt 0.745039 -0.398259
vt 0.787575 -0.537598
vt 0.787575 -0.431152
vt 0.803823 -0.484375
vt 0.890418 -0.477889
vt 0.888126 -0.000794
vt 0.096886 -0.000794
vt 0.094595 -0.477889
vt 0.890418 -0.477889
vt 0.888126 -0.000794
vt 0.096886 -0.000794
vt 0.094595 -0.477889
vt 0.094069 -0.992981
vt 0.890944 -0.992981
vt 0.094069 -0.992981
vt 0.890944 -0.992981
vt 0.999499 -0.048082
vt 0.999499 -0.548081
vt 0.000500 -0.548083
vt 0.000500 -0.048083
vt 0.999499 -0.999998
vt 0.000500 -1.000000
vt 0.999499 -0.048082
vt 0.999499 -0.548081
vt 0.000500 -0.548083
vt 0.000500 -0.048083
vt 0.999499 -0.999998
vt 0.000500 -1.000000
vt 0.999499 -0.048082
vt 0.999499 -0.548081
vt 0.000500 -0.548083
vt 0.000500 -0.048083
vt 0.999499 -0.999998
vt 0.000500 -1.000000
vt 0.999499 -0.548081
vt 0.999499 -0.999998
vt 0.000500 -1.000000
vt 0.000500 -0.548083
vt 0.999499 -0.048082
vt 0.999499 -0.548081
vt 0.000500 -0.548083
vt 0.000500 -0.048083
vt 0.999499 -0.048082
vt 0.000500 -0.048083
vt 0.999499 -0.999998
vt 0.000500 -1.000000
vt 0.999499 -0.048082
vt 0.999499 -0.548081
vt 0.000500 -0.548083
vt 0.000500 -0.048083
vt 0.999499 -0.999998
vt 0.000500 -1.000000
vt 0.999499 -0.548081
vt 0.999499 -0.999998
vt 0.000500 -1.000000
vt 0.000500 -0.548083
vt 0.999499 -0.048082
vt 0.999499 -0.548081
vt 0.000500 -0.548083
vt 0.000500 -0.048083
vt 0.999499 -0.048082
vt 0.000500 -0.048083
vt 0.999499 -0.999998
vt 0.000500 -1.000000
vt 0.999499 -0.048082
vt 0.999499 -0.548081
vt 0.000500 -0.548083
vt 0.000500 -0.048083
vt 0.999499 -0.999998
vt 0.000500 -1.000000
vt 0.999499 -0.048082
vt 0.999499 -0.548081
vt 0.000500 -0.548083
vt 0.000500 -0.048083
vt 0.999499 -0.999998
vt 0.000500 -1.000000
vt 0.999499 -0.048082
vt 0.999499 -0.548081
vt 0.000500 -0.548083
vt 0.000500 -0.048083
vt 0.999499 -0.999998
vt 0.000500 -1.000000
vt 0.999499 -0.048082
vt 0.999499 -0.548081
vt 0.000500 -0.548083
vt 0.000500 -0.048083
vt 0.999499 -0.999998
vt 0.000500 -1.000000
vt 0.000500 -0.239450
vt 0.000500 -0.000500
vt 0.999500 -0.000500
vt 0.999500 -0.239450
vt 0.000500 -0.239450
vt 0.000500 -0.000500
vt 0.999500 -0.000500
vt 0.999500 -0.239450
vt 0.999500 -0.239450
vt 0.999500 -0.000500
vt 0.000500 -0.000500
vt 0.000500 -0.239450
vt 0.999500 -0.239450
vt 0.999500 -0.000500
vt 0.000500 -0.000500
vt 0.000500 -0.239450
vt 0.000500 -0.000500
vt 0.999500 -0.000500
vt 0.000500 -0.239450
vt 0.999500 -0.239450
vt 0.000500 -0.500000
vt 0.999500 -0.500000
vt 0.000500 -0.760550
vt 0.999500 -0.760550
vt 0.000500 -0.999501
vt 0.999500 -0.999501
vt 0.999500 -0.999501
vt 0.000500 -0.999501
vt 0.999500 -0.760550
vt 0.000500 -0.760550
vt 0.999500 -0.500000
vt 0.000500 -0.500000
vt 0.999500 -0.239450
vt 0.000500 -0.239450
vt 0.999500 -0.000500
vt 0.000500 -0.000500
vt 0.999500 -0.000500
vt 0.000500 -0.000500
vt 0.999500 -0.239450
vt 0.000500 -0.239450
vt 0.999500 -0.500000
vt 0.000500 -0.500000
vt 0.999500 -0.760550
vt 0.000500 -0.760550
vt 0.999500 -0.999501
vt 0.000500 -0.999501
vt 0.000500 -0.999501
vt 0.999500 -0.999501
vt 0.000500 -0.760550
vt 0.999500 -0.760550
vt 0.000500 -0.500000
vt 0.999500 -0.500000
vt 0.000500 -0.239450
vt 0.999500 -0.239450
vt 0.000500 -0.000500
vt 0.999500 -0.000500
vt 0.890227 -0.000496
vt 0.094148 -0.000496
vt 0.888178 -0.237579
vt 0.096197 -0.237579
vt 0.889638 -0.496094
vt 0.094737 -0.496094
vt 0.888178 -0.754608
vt 0.096197 -0.754608
vt 0.890227 -0.991692
vt 0.094148 -0.991692
vt 0.094148 -0.000496
vt 0.890227 -0.000496
vt 0.096197 -0.237579
vt 0.888178 -0.237579
vt 0.094737 -0.496094
vt 0.889638 -0.496094
vt 0.096197 -0.754608
vt 0.888178 -0.754608
vt 0.094148 -0.991692
vt 0.890227 -0.991692
vt 0.935607 -0.963825
vt 0.936448 -0.010448
vt 0.040111 -0.034282
vt 0.040111 -0.973926
vt 0.040111 -0.034282
vt 0.040111 -0.973926
vt 0.935607 -0.963825
vt 0.936448 -0.010448
vt 0.040111 -0.973926
vt 0.935607 -0.963825
vt 0.936448 -0.010448
vt 0.040111 -0.034282
vt 0.936448 -0.010448
vt 0.935607 -0.963825
vt 0.040111 -0.973926
vt 0.040111 -0.034282
vt 0.936448 -0.010448
vt 0.935607 -0.963825
vt 0.040111 -0.973926
vt 0.040111 -0.034282
vt 0.935607 -0.963825
vt 0.936448 -0.010448
vt 0.040111 -0.034282
vt 0.040111 -0.973926
vt 0.936448 -0.010448
vt 0.935607 -0.963825
vt 0.040111 -0.973926
vt 0.040111 -0.034282
vt 0.935607 -0.963825
vt 0.936448 -0.010448
vt 0.040111 -0.034282
vt 0.040111 -0.973926
vt 0.040111 -0.034282
vt 0.040111 -0.973926
vt 0.935607 -0.963825
vt 0.936448 -0.010448
vt 0.936448 -0.010448
vt 0.935607 -0.963825
vt 0.040111 -0.973926
vt 0.040111 -0.034282
vt 0.936448 -0.010448
vt 0.935607 -0.963825
vt 0.040111 -0.973926
vt 0.040111 -0.034282
vt 0.040111 -0.973926
vt 0.935607 -0.963825
vt 0.936448 -0.010448
vt 0.040111 -0.034282
vt 0.936448 -0.010448
vt 0.935607 -0.963825
vt 0.040111 -0.973926
vt 0.040111 -0.034282
vt 0.040111 -0.973926
vt 0.935607 -0.963825
vt 0.936448 -0.010448
vt 0.040111 -0.034282
vt 0.936448 -0.010448
vt 0.935607 -0.963825
vt 0.040111 -0.973926
vt 0.040111 -0.034282
vt 0.040111 -0.034282
vt 0.040111 -0.973926
vt 0.935607 -0.963825
vt 0.936448 -0.010448
vt 0.935607 -0.963825
vt 0.936448 -0.010448
vt 0.040111 -0.034282
vt 0.040111 -0.973926
vt 0.935607 -0.963825
vt 0.936448 -0.010448
vt 0.040111 -0.034282
vt 0.040111 -0.973926
vt 0.936448 -0.010448
vt 0.935607 -0.963825
vt 0.040111 -0.973926
vt 0.040111 -0.034282
vt 0.935607 -0.963825
vt 0.936448 -0.010448
vt 0.040111 -0.034282
vt 0.040111 -0.973926
vt 0.040111 -0.973926
vt 0.935607 -0.963825
vt 0.936448 -0.010448
vt 0.040111 -0.034282
vt 0.040111 -0.034282
vt 0.040111 -0.973926
vt 0.935607 -0.963825
vt 0.936448 -0.010448
vt 0.935607 -0.963825
vt 0.936448 -0.010448
vt 0.040111 -0.034282
vt 0.040111 -0.973926
vt 0.935607 -0.963825
vt 0.040111 -0.973926
vt 0.040111 -0.034282
vt 0.936448 -0.010448
vt 0.936448 -0.010448
vt 0.935607 -0.963825
vt 0.040111 -0.973926
vt 0.040111 -0.034282
vt 0.935607 -0.963825
vt 0.936448 -0.010448
vt 0.040111 -0.034282
vt 0.040111 -0.973926
vt 0.935607 -0.963825
vt 0.936448 -0.010448
vt 0.040111 -0.034282
vt 0.040111 -0.973926
vt 0.935607 -0.963825
vt 0.936448 -0.010448
vt 0.040111 -0.034282
vt 0.040111 -0.973926
vt 0.935607 -0.963825
vt 0.040111 -0.973926
vt 0.936448 -0.010448
vt 0.935607 -0.963825
vt 0.040111 -0.973926
vt 0.040111 -0.034282
vt 0.935607 -0.963825
vt 0.936448 -0.010448
vt 0.040111 -0.034282
vt 0.040111 -0.973926
vt 0.935607 -0.963825
vt 0.040111 -0.973926
vt 0.040111 -0.034282
vt 0.936448 -0.010448
vt 0.936448 -0.010448
vt 0.935607 -0.963825
vt 0.040111 -0.973926
vt 0.040111 -0.034282
vt 0.935607 -0.963825
vt 0.936448 -0.010448
vt 0.040111 -0.034282
vt 0.040111 -0.973926
vt 0.935607 -0.963825
vt 0.936448 -0.010448
vt 0.040111 -0.034282
vt 0.040111 -0.973926
vt 0.936448 -0.010448
vt 0.935607 -0.963825
vt 0.040111 -0.973926
vt 0.040111 -0.034282
vt 0.040111 -0.034282
vt 0.040111 -0.973926
vt 0.935607 -0.963825
vt 0.936448 -0.010448
vt 0.935607 -0.963825
vt 0.936448 -0.010448
vt 0.040111 -0.034282
vt 0.040111 -0.973926
vt 0.935607 -0.963825
vt 0.040111 -0.973926
vt 0.040111 -0.034282
vt 0.936448 -0.010448
vt 0.935607 -0.963825
vt 0.936448 -0.010448
vt 0.040111 -0.034282
vt 0.040111 -0.973926
vt 0.936448 -0.010448
vt 0.935607 -0.963825
vt 0.040111 -0.973926
vt 0.040111 -0.034282
vt 0.935607 -0.963825
vt 0.936448 -0.010448
vt 0.040111 -0.034282
vt 0.040111 -0.973926
vt 0.040111 -0.973926
vt 0.935607 -0.963825
vt 0.936448 -0.010448
vt 0.040111 -0.034282
vt 0.040111 -0.034282
vt 0.936448 -0.010448
vt 0.935607 -0.963825
vt 0.040111 -0.973926
vt 0.935607 -0.963825
vt 0.936448 -0.010448
vt 0.040111 -0.034282
vt 0.040111 -0.973926
vt 0.935607 -0.963825
vt 0.936448 -0.010448
vt 0.040111 -0.034282
vt 0.040111 -0.973926
vt 0.936448 -0.010448
vt 0.040111 -0.034282
vt 0.935607 -0.963825
vt 0.040111 -0.973926
vt 0.936448 -0.010448
vt 0.040111 -0.034282
vt 0.935607 -0.963825
vt 0.040111 -0.973926
vt 0.040111 -0.973926
vt 0.935607 -0.963825
vt 0.040111 -0.034282
vt 0.936448 -0.010448
vt 0.040111 -0.973926
vt 0.935607 -0.963825
vt 0.040111 -0.034282
vt 0.936448 -0.010448
vt 0.492955 -0.498504
vt 0.401351 -0.984373
vt 0.593627 -0.982278
vt 0.976561 -0.587743
vt 0.974451 -0.393909
vt 0.898922 -0.215633
vt 0.761471 -0.080054
vt 0.904928 -0.767623
vt 0.583023 -0.007813
vt 0.390748 -0.009908
vt 0.222904 -0.912132
vt 0.085453 -0.776553
vt 0.770460 -0.906166
vt 0.213915 -0.086020
vt 0.009923 -0.598276
vt 0.007814 -0.404443
vt 0.079446 -0.224563
vt 0.375826 -0.750375
vt 0.491896 -0.750375
vt 0.491896 -0.994869
vt 0.375826 -0.994869
vt 0.375826 -0.505131
vt 0.491896 -0.505131
vt 0.375826 -0.750375
vt 0.491896 -0.750375
vt 0.491896 -0.994869
vt 0.375826 -0.994869
vt 0.375826 -0.750375
vt 0.491896 -0.750375
vt 0.491896 -0.994869
vt 0.375826 -0.994869
vt 0.375826 -0.505131
vt 0.491896 -0.505131
vt 0.375826 -0.505131
vt 0.491896 -0.505131
vt 0.375826 -0.505131
vt 0.491896 -0.505131
vt 0.491896 -0.750375
vt 0.375826 -0.750375
vt 0.375826 -0.750375
vt 0.491896 -0.750375
vt 0.491896 -0.505131
vt 0.375826 -0.505131
vt 0.375826 -0.994869
vt 0.491896 -0.994869
vt 0.491896 -0.994869
vt 0.375826 -0.994869
vt 0.375826 -0.994869
vt 0.491896 -0.994869
vt 0.491896 -0.750375
vt 0.375826 -0.750375
vt 0.375826 -0.750375
vt 0.491896 -0.750375
vt 0.491896 -0.505131
vt 0.375826 -0.505131
vt 0.375826 -0.994869
vt 0.491896 -0.994869
vt 0.491896 -0.505131
vt 0.375826 -0.505131
vt 0.375826 -0.750375
vt 0.491896 -0.750375
vt 0.491896 -0.505131
vt 0.375826 -0.505131
vt 0.375826 -0.994869
vt 0.491896 -0.994869
vt 0.375826 -0.750375
vt 0.491896 -0.750375
vt 0.491896 -0.505131
vt 0.375826 -0.505131
vt 0.375826 -0.994869
vt 0.491896 -0.994869
vt 0.375826 -0.994869
vt 0.491896 -0.994869
vt 0.491896 -0.750375
vt 0.375826 -0.750375
vt 0.375826 -0.750375
vt 0.491896 -0.750375
vt 0.491896 -0.505131
vt 0.375826 -0.505131
vt 0.375826 -0.994869
vt 0.491896 -0.994869
vt 0.491896 -0.505131
vt 0.375826 -0.505131
vt 0.375826 -0.750375
vt 0.491896 -0.750375
vt 0.491896 -0.505131
vt 0.375826 -0.505131
vt 0.375826 -0.994869
vt 0.491896 -0.994869
vt 0.375826 -0.750375
vt 0.491896 -0.750375
vt 0.491896 -0.505131
vt 0.375826 -0.505131
vt 0.375826 -0.994869
vt 0.491896 -0.994869
vt 0.375826 -0.994869
vt 0.491896 -0.994869
vt 0.491896 -0.750375
vt 0.375826 -0.750375
vt 0.375826 -0.750375
vt 0.491896 -0.750375
vt 0.491896 -0.505131
vt 0.375826 -0.505131
vt 0.375826 -0.994869
vt 0.491896 -0.994869
vt 0.491896 -0.505131
vt 0.375826 -0.505131
vt 0.375826 -0.750375
vt 0.491896 -0.750375
vt 0.491896 -0.505131
vt 0.375826 -0.505131
vt 0.375826 -0.994869
vt 0.491896 -0.994869
vt 0.375826 -0.750375
vt 0.491896 -0.750375
vt 0.491896 -0.505131
vt 0.375826 -0.505131
vt 0.375826 -0.994869
vt 0.491896 -0.994869
vt 0.375826 -0.994869
vt 0.491896 -0.994869
vt 0.491896 -0.750375
vt 0.375826 -0.750375
vt 0.375826 -0.750375
vt 0.491896 -0.750375
vt 0.491896 -0.505131
vt 0.375826 -0.505131
vt 0.375826 -0.994869
vt 0.491896 -0.994869
vt 0.491896 -0.505131
vt 0.375826 -0.505131
vt 0.375826 -0.750375
vt 0.491896 -0.750375
vt 0.491896 -0.505131
vt 0.375826 -0.505131
vt 0.375826 -0.994869
vt 0.491896 -0.994869
vt 0.375826 -0.750375
vt 0.491896 -0.750375
vt 0.491896 -0.505131
vt 0.375826 -0.505131
vt 0.375826 -0.994869
vt 0.491896 -0.994869
vt 0.375826 -0.994869
vt 0.491896 -0.994869
vt 0.491896 -0.750375
vt 0.375826 -0.750375
vt 0.375826 -0.750375
vt 0.491896 -0.750375
vt 0.491896 -0.505131
vt 0.375826 -0.505131
vt 0.375826 -0.994869
vt 0.491896 -0.994869
vt 0.491896 -0.505131
vt 0.375826 -0.505131
vt 0.375826 -0.750375
vt 0.491896 -0.750375
vt 0.491896 -0.505131
vt 0.375826 -0.505131
vt 0.375826 -0.994869
vt 0.491896 -0.994869
vt 0.375826 -0.750375
vt 0.491896 -0.750375
vt 0.491896 -0.505131
vt 0.375826 -0.505131
vt 0.375826 -0.994869
vt 0.491896 -0.994869
vt 0.375826 -0.994869
vt 0.491896 -0.994869
vt 0.491896 -0.750375
vt 0.375826 -0.750375
vt 0.375826 -0.750375
vt 0.491896 -0.750375
vt 0.491896 -0.505131
vt 0.375826 -0.505131
vt 0.375826 -0.994869
vt 0.491896 -0.994869
vt 0.491896 -0.505131
vt 0.375826 -0.505131
vt 0.375826 -0.750375
vt 0.491896 -0.750375
vt 0.491896 -0.505131
vt 0.375826 -0.505131
vt 0.375826 -0.994869
vt 0.491896 -0.994869
vt 0.375826 -0.750375
vt 0.491896 -0.750375
vt 0.491896 -0.505131
vt 0.375826 -0.505131
vt 0.375826 -0.994869
vt 0.491896 -0.994869
vt 0.375826 -0.994869
vt 0.491896 -0.994869
vt 0.491896 -0.750375
vt 0.375826 -0.750375
vt 0.375826 -0.750375
vt 0.491896 -0.750375
vt 0.491896 -0.505131
vt 0.375826 -0.505131
vt 0.375826 -0.994869
vt 0.491896 -0.994869
vt 0.491896 -0.505131
vt 0.375826 -0.505131
vt 0.375826 -0.750375
vt 0.491896 -0.750375
vt 0.491896 -0.505131
vt 0.375826 -0.505131
vt 0.375826 -0.994869
vt 0.491896 -0.994869
vt 0.226000 -0.250508
vt 0.242133 -0.323643
vt 0.043475 -0.250565
vt 0.027399 -0.323711
vt 0.226000 -0.250508
vt 0.242133 -0.323643
vt 0.043475 -0.250565
vt 0.027399 -0.323711
vt 0.226000 -0.250508
vt 0.242133 -0.323643
vt 0.043475 -0.250565
vt 0.027399 -0.323711
vt 0.226000 -0.250508
vt 0.242133 -0.323643
vt 0.043475 -0.250565
vt 0.027399 -0.323711
vt 0.226000 -0.250508
vt 0.242133 -0.323643
vt 0.043475 -0.250565
vt 0.027399 -0.323711
vt 0.226000 -0.250508
vt 0.242133 -0.323643
vt 0.043475 -0.250565
vt 0.027399 -0.323711
vt 0.226000 -0.250508
vt 0.242133 -0.323643
vt 0.043475 -0.250565
vt 0.027399 -0.323711
vt 0.226000 -0.250508
vt 0.242133 -0.323643
vt 0.043475 -0.250565
vt 0.027399 -0.323711
vt 0.242133 -0.323643
vt 0.226000 -0.250508
vt 0.027399 -0.323711
vt 0.043475 -0.250565
vt 0.242133 -0.323643
vt 0.226000 -0.250508
vt 0.027399 -0.323711
vt 0.043475 -0.250565
vt 0.242133 -0.323643
vt 0.226000 -0.250508
vt 0.027399 -0.323711
vt 0.043475 -0.250565
vt 0.242133 -0.323643
vt 0.226000 -0.250508
vt 0.027399 -0.323711
vt 0.043475 -0.250565
vt 0.242133 -0.323643
vt 0.226000 -0.250508
vt 0.027399 -0.323711
vt 0.043475 -0.250565
vt 0.242133 -0.323643
vt 0.226000 -0.250508
vt 0.027399 -0.323711
vt 0.043475 -0.250565
vt 0.242133 -0.323643
vt 0.226000 -0.250508
vt 0.027399 -0.323711
vt 0.043475 -0.250565
vt 0.242133 -0.323643
vt 0.226000 -0.250508
vt 0.027399 -0.323711
vt 0.043475 -0.250565
vt 0.226000 -0.250508
vt 0.242133 -0.323643
vt 0.043475 -0.250565
vt 0.027399 -0.323711
vt 0.226000 -0.250508
vt 0.242133 -0.323643
vt 0.043475 -0.250565
vt 0.027399 -0.323711
vt 0.226000 -0.250508
vt 0.242133 -0.323643
vt 0.043475 -0.250565
vt 0.027399 -0.323711
vt 0.226000 -0.250508
vt 0.242133 -0.323643
vt 0.043475 -0.250565
vt 0.027399 -0.323711
vt 0.226000 -0.250508
vt 0.242133 -0.323643
vt 0.043475 -0.250565
vt 0.027399 -0.323711
vt 0.226000 -0.250508
vt 0.242133 -0.323643
vt 0.043475 -0.250565
vt 0.027399 -0.323711
vt 0.226000 -0.250508
vt 0.242133 -0.323643
vt 0.043475 -0.250565
vt 0.027399 -0.323711
vt 0.226000 -0.250508
vt 0.242133 -0.323643
vt 0.043475 -0.250565
vt 0.027399 -0.323711
vt 0.242133 -0.323643
vt 0.226000 -0.250508
vt 0.027399 -0.323711
vt 0.043475 -0.250565
vt 0.242133 -0.323643
vt 0.226000 -0.250508
vt 0.027399 -0.323711
vt 0.043475 -0.250565
vt 0.242133 -0.323643
vt 0.226000 -0.250508
vt 0.027399 -0.323711
vt 0.043475 -0.250565
vt 0.242133 -0.323643
vt 0.226000 -0.250508
vt 0.027399 -0.323711
vt 0.043475 -0.250565
vt 0.242133 -0.323643
vt 0.226000 -0.250508
vt 0.027399 -0.323711
vt 0.043475 -0.250565
vt 0.242133 -0.323643
vt 0.226000 -0.250508
vt 0.027399 -0.323711
vt 0.043475 -0.250565
vt 0.242133 -0.323643
vt 0.226000 -0.250508
vt 0.027399 -0.323711
vt 0.043475 -0.250565
vt 0.242133 -0.323643
vt 0.226000 -0.250508
vt 0.027399 -0.323711
vt 0.043475 -0.250565
vt 0.027399 -0.323711
vt 0.043475 -0.250565
vt 0.242133 -0.323643
vt 0.226000 -0.250508
vt 0.027399 -0.323711
vt 0.043475 -0.250565
vt 0.242133 -0.323643
vt 0.226000 -0.250508
vt 0.027399 -0.323711
vt 0.043475 -0.250565
vt 0.242133 -0.323643
vt 0.226000 -0.250508
vt 0.027399 -0.323711
vt 0.043475 -0.250565
vt 0.242133 -0.323643
vt 0.226000 -0.250508
vt 0.027399 -0.323711
vt 0.043475 -0.250565
vt 0.242133 -0.323643
vt 0.226000 -0.250508
vt 0.027399 -0.323711
vt 0.043475 -0.250565
vt 0.242133 -0.323643
vt 0.226000 -0.250508
vt 0.027399 -0.323711
vt 0.043475 -0.250565
vt 0.242133 -0.323643
vt 0.226000 -0.250508
vt 0.027399 -0.323711
vt 0.043475 -0.250565
vt 0.242133 -0.323643
vt 0.226000 -0.250508
vt 0.027399 -0.323711
vt 0.043475 -0.250565
vt 0.242133 -0.323643
vt 0.226000 -0.250508
vt 0.027399 -0.323711
vt 0.043475 -0.250565
vt 0.242133 -0.323643
vt 0.226000 -0.250508
vt 0.027399 -0.323711
vt 0.043475 -0.250565
vt 0.242133 -0.323643
vt 0.226000 -0.250508
vt 0.027399 -0.323711
vt 0.043475 -0.250565
vt 0.242133 -0.323643
vt 0.226000 -0.250508
vt 0.027399 -0.323711
vt 0.043475 -0.250565
vt 0.242133 -0.323643
vt 0.226000 -0.250508
vt 0.027399 -0.323711
vt 0.043475 -0.250565
vt 0.242133 -0.323643
vt 0.226000 -0.250508
vt 0.027399 -0.323711
vt 0.043475 -0.250565
vt 0.242133 -0.323643
vt 0.226000 -0.250508
vt 0.027399 -0.323711
vt 0.043475 -0.250565
vt 0.242133 -0.323643
vt 0.226000 -0.250508
vt 0.226000 -0.250508
vt 0.242133 -0.323643
vt 0.043475 -0.250565
vt 0.027399 -0.323711
vt 0.226000 -0.250508
vt 0.242133 -0.323643
vt 0.043475 -0.250565
vt 0.027399 -0.323711
vt 0.226000 -0.250508
vt 0.242133 -0.323643
vt 0.043475 -0.250565
vt 0.027399 -0.323711
vt 0.226000 -0.250508
vt 0.242133 -0.323643
vt 0.043475 -0.250565
vt 0.027399 -0.323711
vt 0.226000 -0.250508
vt 0.242133 -0.323643
vt 0.043475 -0.250565
vt 0.027399 -0.323711
vt 0.226000 -0.250508
vt 0.242133 -0.323643
vt 0.043475 -0.250565
vt 0.027399 -0.323711
vt 0.226000 -0.250508
vt 0.242133 -0.323643
vt 0.043475 -0.250565
vt 0.027399 -0.323711
vt 0.226000 -0.250508
vt 0.242133 -0.323643
vt 0.043475 -0.250565
vt 0.027399 -0.323711
vt 0.226000 -0.250508
vt 0.242133 -0.323643
vt 0.043475 -0.250565
vt 0.027399 -0.323711
vt 0.226000 -0.250508
vt 0.242133 -0.323643
vt 0.043475 -0.250565
vt 0.027399 -0.323711
vt 0.226000 -0.250508
vt 0.242133 -0.323643
vt 0.043475 -0.250565
vt 0.027399 -0.323711
vt 0.226000 -0.250508
vt 0.242133 -0.323643
vt 0.043475 -0.250565
vt 0.027399 -0.323711
vt 0.226000 -0.250508
vt 0.242133 -0.323643
vt 0.043475 -0.250565
vt 0.027399 -0.323711
vt 0.226000 -0.250508
vt 0.242133 -0.323643
vt 0.043475 -0.250565
vt 0.027399 -0.323711
vt 0.226000 -0.250508
vt 0.242133 -0.323643
vt 0.043475 -0.250565
vt 0.027399 -0.323711
vt 0.226000 -0.250508
vt 0.242133 -0.323643
vt 0.043475 -0.250565
vt 0.027399 -0.323711
vt 0.491906 -0.695614
vt 0.491906 -0.816105
vt 0.379188 -0.816105
vt 0.379188 -0.695614
vt 0.379188 -0.695614
vt 0.379188 -0.816105
vt 0.491906 -0.816105
vt 0.491906 -0.695614
vt 0.491906 -0.695614
vt 0.491906 -0.816105
vt 0.379188 -0.816105
vt 0.379188 -0.695614
vt 0.491906 -0.695614
vt 0.491906 -0.816105
vt 0.379188 -0.816105
vt 0.379188 -0.695614
vt 0.491906 -0.695614
vt 0.491906 -0.816105
vt 0.379188 -0.816105
vt 0.379188 -0.695614
vt 0.491906 -0.695614
vt 0.491906 -0.816105
vt 0.379188 -0.816105
vt 0.379188 -0.695614
vt 0.491906 -0.695614
vt 0.491906 -0.816105
vt 0.379188 -0.816105
vt 0.379188 -0.695614
vt 0.491906 -0.695614
vt 0.491906 -0.816105
vt 0.379188 -0.816105
vt 0.379188 -0.695614
vt 0.491826 -0.728516
vt 0.491826 -0.920913
vt 0.375361 -0.920913
vt 0.375361 -0.728516
vt 0.491826 -0.728516
vt 0.491826 -0.920913
vt 0.375361 -0.920913
vt 0.375361 -0.728516
vt 0.375361 -0.728516
vt 0.375361 -0.536118
vt 0.491826 -0.536118
vt 0.491826 -0.728516
vt 0.491826 -0.920913
vt 0.375361 -0.920913
vt 0.375361 -0.536118
vt 0.491826 -0.536118
vt 0.375361 -0.536118
vt 0.491826 -0.536118
vt 0.491826 -0.728516
vt 0.491826 -0.920913
vt 0.375361 -0.920913
vt 0.375361 -0.728516
vt 0.491826 -0.728516
vt 0.491826 -0.920913
vt 0.375361 -0.920913
vt 0.375361 -0.728516
vt 0.375361 -0.728516
vt 0.375361 -0.536118
vt 0.491826 -0.536118
vt 0.491826 -0.728516
vt 0.491826 -0.920913
vt 0.375361 -0.920913
vt 0.375361 -0.536118
vt 0.491826 -0.536118
vt 0.375361 -0.536118
vt 0.491826 -0.536118
vt 0.491826 -0.728516
vt 0.491826 -0.920913
vt 0.375361 -0.920913
vt 0.375361 -0.728516
vt 0.491826 -0.728516
vt 0.491826 -0.920913
vt 0.375361 -0.920913
vt 0.375361 -0.728516
vt 0.375361 -0.728516
vt 0.375361 -0.536118
vt 0.491826 -0.536118
vt 0.491826 -0.728516
vt 0.491826 -0.920913
vt 0.375361 -0.920913
vt 0.375361 -0.536118
vt 0.491826 -0.536118
vt 0.375361 -0.536118
vt 0.491826 -0.536118
vt 0.491826 -0.728516
vt 0.491826 -0.920913
vt 0.375361 -0.920913
vt 0.375361 -0.728516
vt 0.491826 -0.728516
vt 0.491826 -0.920913
vt 0.375361 -0.920913
vt 0.375361 -0.728516
vt 0.375361 -0.728516
vt 0.375361 -0.536118
vt 0.491826 -0.536118
vt 0.491826 -0.728516
vt 0.491826 -0.920913
vt 0.375361 -0.920913
vt 0.375361 -0.536118
vt 0.491826 -0.536118
vt 0.375361 -0.536118
vt 0.491826 -0.536118
vt 0.385324 -0.850167
vt 0.435537 -0.950614
vt 0.485770 -0.850207
vt 0.385324 -0.850167
vt 0.435537 -0.950614
vt 0.485770 -0.850207
vt 0.385324 -0.850167
vt 0.435537 -0.950614
vt 0.485770 -0.850207
vt 0.385324 -0.850167
vt 0.435537 -0.950614
vt 0.485770 -0.850207
vt 0.495582 -0.335975
vt 0.495582 -0.410119
vt 0.281763 -0.335975
vt 0.281763 -0.410119
vt 0.495582 -0.335975
vt 0.495582 -0.410119
vt 0.281763 -0.335975
vt 0.281763 -0.410119
vt 0.495582 -0.335975
vt 0.495582 -0.410119
vt 0.281763 -0.335975
vt 0.281763 -0.410119
vt 0.495582 -0.335975
vt 0.495582 -0.410119
vt 0.281763 -0.335975
vt 0.281763 -0.410119
vt 0.495582 -0.335975
vt 0.495582 -0.410119
vt 0.281763 -0.335975
vt 0.281763 -0.410119
vt 0.495582 -0.335975
vt 0.495582 -0.410119
vt 0.281763 -0.335975
vt 0.281763 -0.410119
vt 0.495582 -0.335975
vt 0.495582 -0.410119
vt 0.281763 -0.335975
vt 0.281763 -0.410119
vt 0.495582 -0.335975
vt 0.495582 -0.410119
vt 0.281763 -0.335975
vt 0.281763 -0.410119
vt 0.281763 -0.335975
vt 0.281763 -0.410119
vt 0.495582 -0.335975
vt 0.495582 -0.410119
vt 0.281763 -0.335975
vt 0.281763 -0.410119
vt 0.495582 -0.335975
vt 0.495582 -0.410119
vt 0.281763 -0.335975
vt 0.281763 -0.410119
vt 0.495582 -0.335975
vt 0.495582 -0.410119
vt 0.281763 -0.335975
vt 0.281763 -0.410119
vt 0.495582 -0.335975
vt 0.495582 -0.410119
vt 0.281763 -0.335975
vt 0.281763 -0.410119
vt 0.495582 -0.335975
vt 0.495582 -0.410119
vt 0.281763 -0.335975
vt 0.281763 -0.410119
vt 0.495582 -0.335975
vt 0.495582 -0.410119
vt 0.281763 -0.335975
vt 0.281763 -0.410119
vt 0.495582 -0.335975
vt 0.495582 -0.410119
vt 0.281763 -0.335975
vt 0.281763 -0.410119
vt 0.495582 -0.335975
vt 0.495582 -0.410119
vt 0.281763 -0.335975
vt 0.281763 -0.410119
vt 0.495582 -0.335975
vt 0.495582 -0.410119
vt 0.281763 -0.335975
vt 0.281763 -0.410119
vt 0.495582 -0.335975
vt 0.495582 -0.410119
vt 0.281763 -0.335975
vt 0.281763 -0.410119
vt 0.495582 -0.335975
vt 0.495582 -0.410119
vt 0.281763 -0.335975
vt 0.281763 -0.410119
vt 0.495582 -0.335975
vt 0.495582 -0.410119
vt 0.281763 -0.335975
vt 0.281763 -0.410119
vt 0.495582 -0.335975
vt 0.495582 -0.410119
vt 0.281763 -0.335975
vt 0.281763 -0.410119
vt 0.495582 -0.335975
vt 0.495582 -0.410119
vt 0.281763 -0.335975
vt 0.281763 -0.410119
vt 0.495582 -0.335975
vt 0.495582 -0.410119
vt 0.281763 -0.335975
vt 0.281763 -0.410119
vt 0.495582 -0.335975
vt 0.495582 -0.410119
vt 0.281763 -0.410119
vt 0.281763 -0.335975
vt 0.495582 -0.410119
vt 0.495582 -0.335975
vt 0.281763 -0.410119
vt 0.281763 -0.335975
vt 0.495582 -0.410119
vt 0.495582 -0.335975
vt 0.281763 -0.410119
vt 0.281763 -0.335975
vt 0.495582 -0.410119
vt 0.495582 -0.335975
vt 0.281763 -0.410119
vt 0.281763 -0.335975
vt 0.495582 -0.410119
vt 0.495582 -0.335975
vt 0.281763 -0.410119
vt 0.281763 -0.335975
vt 0.495582 -0.410119
vt 0.495582 -0.335975
vt 0.281763 -0.410119
vt 0.281763 -0.335975
vt 0.495582 -0.410119
vt 0.495582 -0.335975
vt 0.281763 -0.410119
vt 0.281763 -0.335975
vt 0.495582 -0.410119
vt 0.495582 -0.335975
vt 0.281763 -0.410119
vt 0.281763 -0.335975
vt 0.495582 -0.410119
vt 0.495582 -0.335975
vt 0.281763 -0.410119
vt 0.281763 -0.335975
vt 0.495582 -0.410119
vt 0.495582 -0.335975
vt 0.281763 -0.410119
vt 0.281763 -0.335975
vt 0.495582 -0.410119
vt 0.495582 -0.335975
vt 0.281763 -0.410119
vt 0.281763 -0.335975
vt 0.495582 -0.410119
vt 0.495582 -0.335975
vt 0.281763 -0.410119
vt 0.281763 -0.335975
vt 0.495582 -0.410119
vt 0.495582 -0.335975
vt 0.281763 -0.410119
vt 0.281763 -0.335975
vt 0.495582 -0.410119
vt 0.495582 -0.335975
vt 0.281763 -0.410119
vt 0.281763 -0.335975
vt 0.495582 -0.410119
vt 0.495582 -0.335975
vt 0.281763 -0.410119
vt 0.281763 -0.335975
vt 0.495582 -0.410119
vt 0.495582 -0.335975
vt 0.281763 -0.410119
vt 0.281763 -0.335975
vt 0.495582 -0.410119
vt 0.495582 -0.335975
vt 0.495582 -0.335975
vt 0.495582 -0.410119
vt 0.281763 -0.335975
vt 0.281763 -0.410119
vt 0.495582 -0.335975
vt 0.495582 -0.410119
vt 0.281763 -0.335975
vt 0.281763 -0.410119
vt 0.495582 -0.335975
vt 0.495582 -0.410119
vt 0.281763 -0.335975
vt 0.281763 -0.410119
vt 0.495582 -0.335975
vt 0.495582 -0.410119
vt 0.281763 -0.335975
vt 0.281763 -0.410119
vt 0.495582 -0.335975
vt 0.495582 -0.410119
vt 0.281763 -0.335975
vt 0.281763 -0.410119
vt 0.495582 -0.335975
vt 0.495582 -0.410119
vt 0.281763 -0.335975
vt 0.281763 -0.410119
vt 0.495582 -0.335975
vt 0.495582 -0.410119
vt 0.281763 -0.335975
vt 0.281763 -0.410119
vt 0.495582 -0.335975
vt 0.495582 -0.410119
vt 0.281763 -0.335975
vt 0.281763 -0.410119
vt 0.281763 -0.410119
vt 0.281763 -0.335975
vt 0.495582 -0.410119
vt 0.495582 -0.335975
vt 0.281763 -0.410119
vt 0.281763 -0.335975
vt 0.495582 -0.410119
vt 0.495582 -0.335975
vt 0.281763 -0.410119
vt 0.281763 -0.335975
vt 0.495582 -0.410119
vt 0.495582 -0.335975
vt 0.281763 -0.410119
vt 0.281763 -0.335975
vt 0.495582 -0.410119
vt 0.495582 -0.335975
vt 0.281763 -0.410119
vt 0.281763 -0.335975
vt 0.495582 -0.410119
vt 0.495582 -0.335975
vt 0.281763 -0.410119
vt 0.281763 -0.335975
vt 0.495582 -0.410119
vt 0.495582 -0.335975
vt 0.281763 -0.410119
vt 0.281763 -0.335975
vt 0.495582 -0.410119
vt 0.495582 -0.335975
vt 0.281763 -0.410119
vt 0.281763 -0.335975
vt 0.495582 -0.410119
vt 0.495582 -0.335975
vt 0.281763 -0.410119
vt 0.281763 -0.335975
vt 0.495582 -0.410119
vt 0.495582 -0.335975
vt 0.281763 -0.410119
vt 0.281763 -0.335975
vt 0.495582 -0.410119
vt 0.495582 -0.335975
vt 0.281763 -0.410119
vt 0.281763 -0.335975
vt 0.495582 -0.410119
vt 0.495582 -0.335975
vt 0.281763 -0.410119
vt 0.281763 -0.335975
vt 0.495582 -0.410119
vt 0.495582 -0.335975
vt 0.281763 -0.410119
vt 0.281763 -0.335975
vt 0.495582 -0.410119
vt 0.495582 -0.335975
vt 0.281763 -0.410119
vt 0.281763 -0.335975
vt 0.495582 -0.410119
vt 0.495582 -0.335975
vt 0.281763 -0.410119
vt 0.281763 -0.335975
vt 0.495582 -0.410119
vt 0.495582 -0.335975
vt 0.281763 -0.410119
vt 0.281763 -0.335975
vt 0.495582 -0.410119
vt 0.495582 -0.335975
vt 0.281763 -0.335975
vt 0.281763 -0.410119
vt 0.495582 -0.335975
vt 0.495582 -0.410119
vt 0.281763 -0.335975
vt 0.281763 -0.410119
vt 0.495582 -0.335975
vt 0.495582 -0.410119
vt 0.281763 -0.335975
vt 0.281763 -0.410119
vt 0.495582 -0.335975
vt 0.495582 -0.410119
vt 0.281763 -0.335975
vt 0.281763 -0.410119
vt 0.495582 -0.335975
vt 0.495582 -0.410119
vt 0.281763 -0.335975
vt 0.281763 -0.410119
vt 0.495582 -0.335975
vt 0.495582 -0.410119
vt 0.281763 -0.335975
vt 0.281763 -0.410119
vt 0.495582 -0.335975
vt 0.495582 -0.410119
vt 0.281763 -0.335975
vt 0.281763 -0.410119
vt 0.495582 -0.335975
vt 0.495582 -0.410119
vt 0.281763 -0.335975
vt 0.281763 -0.410119
vt 0.495582 -0.335975
vt 0.495582 -0.410119
vt 0.281763 -0.410119
vt 0.281763 -0.335975
vt 0.495582 -0.410119
vt 0.495582 -0.335975
vt 0.281763 -0.410119
vt 0.281763 -0.335975
vt 0.495582 -0.410119
vt 0.495582 -0.335975
vt 0.281763 -0.410119
vt 0.281763 -0.335975
vt 0.495582 -0.410119
vt 0.495582 -0.335975
vt 0.281763 -0.410119
vt 0.281763 -0.335975
vt 0.495582 -0.410119
vt 0.495582 -0.335975
vt 0.281763 -0.410119
vt 0.281763 -0.335975
vt 0.495582 -0.410119
vt 0.495582 -0.335975
vt 0.281763 -0.410119
vt 0.281763 -0.335975
vt 0.495582 -0.410119
vt 0.495582 -0.335975
vt 0.281763 -0.410119
vt 0.281763 -0.335975
vt 0.495582 -0.410119
vt 0.495582 -0.335975
vt 0.281763 -0.410119
vt 0.281763 -0.335975
vt 0.495582 -0.410119
vt 0.495582 -0.335975
vt 0.281763 -0.410119
vt 0.281763 -0.335975
vt 0.495582 -0.410119
vt 0.495582 -0.335975
vt 0.281763 -0.410119
vt 0.281763 -0.335975
vt 0.495582 -0.410119
vt 0.495582 -0.335975
vt 0.281763 -0.410119
vt 0.281763 -0.335975
vt 0.495582 -0.410119
vt 0.495582 -0.335975
vt 0.281763 -0.410119
vt 0.281763 -0.335975
vt 0.495582 -0.410119
vt 0.495582 -0.335975
vt 0.281763 -0.410119
vt 0.281763 -0.335975
vt 0.495582 -0.410119
vt 0.495582 -0.335975
vt 0.281763 -0.410119
vt 0.281763 -0.335975
vt 0.495582 -0.410119
vt 0.495582 -0.335975
vt 0.281763 -0.410119
vt 0.281763 -0.335975
vt 0.495582 -0.410119
vt 0.495582 -0.335975
vt 0.281763 -0.410119
vt 0.281763 -0.335975
vt 0.495582 -0.410119
vt 0.495582 -0.335975
vt 0.281763 -0.335975
vt 0.281763 -0.410119
vt 0.495582 -0.335975
vt 0.495582 -0.410119
vt 0.281763 -0.335975
vt 0.281763 -0.410119
vt 0.495582 -0.335975
vt 0.495582 -0.410119
vt 0.281763 -0.335975
vt 0.281763 -0.410119
vt 0.495582 -0.335975
vt 0.495582 -0.410119
vt 0.281763 -0.335975
vt 0.281763 -0.410119
vt 0.495582 -0.335975
vt 0.495582 -0.410119
vt 0.281763 -0.335975
vt 0.281763 -0.410119
vt 0.495582 -0.335975
vt 0.495582 -0.410119
vt 0.281763 -0.335975
vt 0.281763 -0.410119
vt 0.495582 -0.335975
vt 0.495582 -0.410119
vt 0.281763 -0.335975
vt 0.281763 -0.410119
vt 0.495582 -0.335975
vt 0.495582 -0.410119
vt 0.281763 -0.335975
vt 0.281763 -0.410119
vt 0.495582 -0.335975
vt 0.495582 -0.410119
vt 0.281763 -0.410119
vt 0.281763 -0.335975
vt 0.495582 -0.410119
vt 0.495582 -0.335975
vt 0.281763 -0.410119
vt 0.281763 -0.335975
vt 0.495582 -0.410119
vt 0.495582 -0.335975
vt 0.281763 -0.410119
vt 0.281763 -0.335975
vt 0.495582 -0.410119
vt 0.495582 -0.335975
vt 0.281763 -0.410119
vt 0.281763 -0.335975
vt 0.495582 -0.410119
vt 0.495582 -0.335975
vt 0.281763 -0.410119
vt 0.281763 -0.335975
vt 0.495582 -0.410119
vt 0.495582 -0.335975
vt 0.281763 -0.410119
vt 0.281763 -0.335975
vt 0.495582 -0.410119
vt 0.495582 -0.335975
vt 0.281763 -0.410119
vt 0.281763 -0.335975
vt 0.495582 -0.410119
vt 0.495582 -0.335975
vt 0.281763 -0.410119
vt 0.281763 -0.335975
vt 0.495582 -0.410119
vt 0.495582 -0.335975
vt 0.281763 -0.410119
vt 0.281763 -0.335975
vt 0.495582 -0.410119
vt 0.495582 -0.335975
vt 0.281763 -0.410119
vt 0.281763 -0.335975
vt 0.495582 -0.410119
vt 0.495582 -0.335975
vt 0.281763 -0.410119
vt 0.281763 -0.335975
vt 0.495582 -0.410119
vt 0.495582 -0.335975
vt 0.281763 -0.410119
vt 0.281763 -0.335975
vt 0.495582 -0.410119
vt 0.495582 -0.335975
vt 0.281763 -0.410119
vt 0.281763 -0.335975
vt 0.495582 -0.410119
vt 0.495582 -0.335975
vt 0.281763 -0.410119
vt 0.281763 -0.335975
vt 0.495582 -0.410119
vt 0.495582 -0.335975
vt 0.281763 -0.410119
vt 0.281763 -0.335975
vt 0.495582 -0.410119
vt 0.495582 -0.335975
vt 0.281763 -0.410119
vt 0.281763 -0.335975
vt 0.495582 -0.410119
vt 0.495582 -0.335975
vt 0.281763 -0.335975
vt 0.281763 -0.410119
vt 0.495582 -0.335975
vt 0.495582 -0.410119
vt 0.281763 -0.335975
vt 0.281763 -0.410119
vt 0.495582 -0.335975
vt 0.495582 -0.410119
vt 0.281763 -0.335975
vt 0.281763 -0.410119
vt 0.495582 -0.335975
vt 0.495582 -0.410119
vt 0.281763 -0.335975
vt 0.281763 -0.410119
vt 0.495582 -0.335975
vt 0.495582 -0.410119
vt 0.281763 -0.335975
vt 0.281763 -0.410119
vt 0.495582 -0.335975
vt 0.495582 -0.410119
vt 0.281763 -0.335975
vt 0.281763 -0.410119
vt 0.495582 -0.335975
vt 0.495582 -0.410119
vt 0.281763 -0.335975
vt 0.281763 -0.410119
vt 0.495582 -0.335975
vt 0.495582 -0.410119
vt 0.281763 -0.335975
vt 0.281763 -0.410119
vt 0.495582 -0.335975
vt 0.495582 -0.410119
vt 0.281763 -0.335975
vt 0.281763 -0.410119
vt 0.495582 -0.335975
vt 0.495582 -0.410119
vt 0.281763 -0.335975
vt 0.281763 -0.410119
vt 0.495582 -0.335975
vt 0.495582 -0.410119
vt 0.281763 -0.335975
vt 0.281763 -0.410119
vt 0.495582 -0.335975
vt 0.495582 -0.410119
vt 0.281763 -0.335975
vt 0.281763 -0.410119
vt 0.495582 -0.335975
vt 0.495582 -0.410119
vt 0.281763 -0.335975
vt 0.281763 -0.410119
vt 0.495582 -0.335975
vt 0.495582 -0.410119
vt 0.281763 -0.335975
vt 0.281763 -0.410119
vt 0.495582 -0.335975
vt 0.495582 -0.410119
vt 0.281763 -0.335975
vt 0.281763 -0.410119
vt 0.495582 -0.335975
vt 0.495582 -0.410119
vt 0.281763 -0.335975
vt 0.281763 -0.410119
vt 0.495582 -0.335975
vt 0.495582 -0.410119
vt 0.047895 -0.297244
vt 0.047895 -0.444943
vt 0.456011 -0.444943
vt 0.456011 -0.297244
vt 0.047895 -0.297244
vt 0.047895 -0.444943
vt 0.456011 -0.444943
vt 0.456011 -0.297244
vt 0.047895 -0.297244
vt 0.047895 -0.444943
vt 0.456011 -0.444943
vt 0.456011 -0.297244
vt 0.047895 -0.297244
vt 0.047895 -0.444943
vt 0.456011 -0.444943
vt 0.456011 -0.297244
vt 0.047895 -0.297244
vt 0.047895 -0.444943
vt 0.456011 -0.444943
vt 0.456011 -0.297244
vt 0.047895 -0.297244
vt 0.047895 -0.444943
vt 0.456011 -0.444943
vt 0.456011 -0.297244
vt 0.047895 -0.297244
vt 0.047895 -0.444943
vt 0.456011 -0.444943
vt 0.456011 -0.297244
vt 0.047895 -0.297244
vt 0.047895 -0.444943
vt 0.456011 -0.444943
vt 0.456011 -0.297244
vt 0.047895 -0.297244
vt 0.047895 -0.444943
vt 0.456011 -0.444943
vt 0.456011 -0.297244
vt 0.047895 -0.297244
vt 0.047895 -0.444943
vt 0.456011 -0.444943
vt 0.456011 -0.297244
vt 0.047895 -0.297244
vt 0.047895 -0.444943
vt 0.456011 -0.444943
vt 0.456011 -0.297244
vt 0.047895 -0.297244
vt 0.047895 -0.444943
vt 0.456011 -0.444943
vt 0.456011 -0.297244
vt 0.456011 -0.297244
vt 0.456011 -0.444943
vt 0.047895 -0.444943
vt 0.047895 -0.297244
vt 0.456011 -0.297244
vt 0.456011 -0.444943
vt 0.047895 -0.444943
vt 0.047895 -0.297244
vt 0.456011 -0.297244
vt 0.456011 -0.444943
vt 0.047895 -0.444943
vt 0.047895 -0.297244
vt 0.456011 -0.297244
vt 0.456011 -0.444943
vt 0.047895 -0.444943
vt 0.047895 -0.297244
vt 0.047895 -0.297244
vt 0.047895 -0.444943
vt 0.456011 -0.444943
vt 0.456011 -0.297244
vt 0.047895 -0.297244
vt 0.047895 -0.444943
vt 0.456011 -0.444943
vt 0.456011 -0.297244
vt 0.047895 -0.297244
vt 0.047895 -0.444943
vt 0.456011 -0.444943
vt 0.456011 -0.297244
vt 0.047895 -0.297244
vt 0.047895 -0.444943
vt 0.456011 -0.444943
vt 0.456011 -0.297244
vt 0.047895 -0.297244
vt 0.047895 -0.444943
vt 0.456011 -0.444943
vt 0.456011 -0.297244
vt 0.047895 -0.297244
vt 0.047895 -0.444943
vt 0.456011 -0.444943
vt 0.456011 -0.297244
vt 0.047895 -0.297244
vt 0.047895 -0.444943
vt 0.456011 -0.444943
vt 0.456011 -0.297244
vt 0.047895 -0.297244
vt 0.047895 -0.444943
vt 0.456011 -0.444943
vt 0.456011 -0.297244
vt 0.000797 -0.250602
vt 0.319516 -0.250602
vt 0.319516 -0.491585
vt 0.000797 -0.491585
vt 0.000797 -0.250602
vt 0.319516 -0.250602
vt 0.319516 -0.491585
vt 0.000797 -0.491585
vt 0.000797 -0.250602
vt 0.319516 -0.250602
vt 0.319516 -0.491585
vt 0.000797 -0.491585
vt 0.000797 -0.491585
vt 0.319516 -0.491585
vt 0.319516 -0.250602
vt 0.000797 -0.250602
vt 0.000797 -0.250602
vt 0.319516 -0.250602
vt 0.319516 -0.491585
vt 0.000797 -0.491585
vt 0.000797 -0.250602
vt 0.319516 -0.250602
vt 0.319516 -0.491585
vt 0.000797 -0.491585
vt 0.047895 -0.297244
vt 0.047895 -0.444943
vt 0.456011 -0.444943
vt 0.456011 -0.297244
vt 0.047895 -0.297244
vt 0.047895 -0.444943
vt 0.456011 -0.444943
vt 0.456011 -0.297244
vt 0.047895 -0.297244
vt 0.047895 -0.444943
vt 0.456011 -0.444943
vt 0.456011 -0.297244
vt 0.047895 -0.297244
vt 0.047895 -0.444943
vt 0.456011 -0.444943
vt 0.456011 -0.297244
vt 0.047895 -0.297244
vt 0.047895 -0.444943
vt 0.456011 -0.444943
vt 0.456011 -0.297244
vt 0.047895 -0.297244
vt 0.047895 -0.444943
vt 0.456011 -0.444943
vt 0.456011 -0.297244
vt 0.047895 -0.297244
vt 0.047895 -0.444943
vt 0.456011 -0.444943
vt 0.456011 -0.297244
vt 0.047895 -0.297244
vt 0.047895 -0.444943
vt 0.456011 -0.444943
vt 0.456011 -0.297244
vt 0.370793 -0.750612
vt 0.370793 -0.995482
vt 0.250301 -0.995482
vt 0.250301 -0.750612
vt 0.370793 -0.750612
vt 0.370793 -0.995482
vt 0.250301 -0.995482
vt 0.250301 -0.750612
vt 0.500000 -0.000736
vt 0.757546 -0.000736
vt 0.757546 -0.491451
vt 0.500000 -0.491451
vt 0.500000 -0.000736
vt 0.757546 -0.000736
vt 0.757546 -0.491451
vt 0.500000 -0.491451
vt 0.996094 -0.000736
vt 0.996094 -0.491451
vt 0.500000 -0.000736
vt 0.757546 -0.000736
vt 0.757546 -0.491451
vt 0.500000 -0.491451
vt 0.996094 -0.000736
vt 0.996094 -0.491451
vt 0.757546 -0.000736
vt 0.996094 -0.000736
vt 0.996094 -0.491451
vt 0.757546 -0.491451
vt 0.500000 -0.000736
vt 0.757546 -0.000736
vt 0.757546 -0.491451
vt 0.500000 -0.491451
vt 0.996094 -0.000736
vt 0.996094 -0.491451
vt 0.500000 -0.000736
vt 0.757546 -0.000736
vt 0.757546 -0.491451
vt 0.500000 -0.491451
vt 0.996094 -0.000736
vt 0.996094 -0.491451
vt 0.505543 -0.308590
vt 0.505543 -0.434784
vt 0.619198 -0.308066
vt 0.619198 -0.435070
vt 0.747853 -0.308066
vt 0.747853 -0.435070
vt 0.876508 -0.308066
vt 0.876508 -0.435070
vt 0.990163 -0.308590
vt 0.990163 -0.434784
vt 0.505543 -0.434784
vt 0.505543 -0.308590
vt 0.619198 -0.435070
vt 0.619198 -0.308066
vt 0.747853 -0.435070
vt 0.747853 -0.308066
vt 0.876508 -0.435070
vt 0.876508 -0.308066
vt 0.990163 -0.434784
vt 0.990163 -0.308590
vt 0.990163 -0.434784
vt 0.990163 -0.308590
vt 0.876508 -0.435070
vt 0.876508 -0.308066
vt 0.747853 -0.435070
vt 0.747853 -0.308066
vt 0.619198 -0.435070
vt 0.619198 -0.308066
vt 0.505543 -0.434784
vt 0.505543 -0.308590
vt 0.990163 -0.434784
vt 0.990163 -0.308590
vt 0.876508 -0.435070
vt 0.876508 -0.308066
vt 0.747853 -0.435070
vt 0.747853 -0.308066
vt 0.619198 -0.435070
vt 0.619198 -0.308066
vt 0.505543 -0.434784
vt 0.505543 -0.308590
vt 0.611328 -0.000250
vt 0.722437 -0.000250
vt 0.722437 -0.499750
vt 0.611328 -0.499750
vt 0.611328 -0.000250
vt 0.722437 -0.000250
vt 0.722437 -0.499750
vt 0.611328 -0.499750
vt 0.611328 -0.000250
vt 0.722437 -0.000250
vt 0.722437 -0.499750
vt 0.611328 -0.499750
vt 0.500220 -0.000250
vt 0.500220 -0.499750
vt 0.611328 -0.000250
vt 0.722437 -0.000250
vt 0.722437 -0.499750
vt 0.611328 -0.499750
vt 0.611328 -0.000250
vt 0.722437 -0.000250
vt 0.722437 -0.499750
vt 0.611328 -0.499750
vt 0.611328 -0.000250
vt 0.611328 -0.499750
vt 0.500220 -0.499750
vt 0.500220 -0.000250
vt 0.722437 -0.000250
vt 0.722437 -0.499750
vt 0.500220 -0.499750
vt 0.500220 -0.000250
vt 0.500220 -0.499750
vt 0.500220 -0.000250
vt 0.611328 -0.499750
vt 0.722437 -0.499750
vt 0.722437 -0.000250
vt 0.611328 -0.000250
vt 0.611328 -0.499750
vt 0.722437 -0.499750
vt 0.722437 -0.000250
vt 0.611328 -0.000250
vt 0.611328 -0.499750
vt 0.722437 -0.499750
vt 0.722437 -0.000250
vt 0.611328 -0.000250
vt 0.500220 -0.499750
vt 0.500220 -0.000250
vt 0.611328 -0.499750
vt 0.722437 -0.499750
vt 0.722437 -0.000250
vt 0.611328 -0.000250
vt 0.611328 -0.499750
vt 0.722437 -0.499750
vt 0.722437 -0.000250
vt 0.611328 -0.000250
vt 0.500220 -0.000250
vt 0.500220 -0.499750
vt 0.611328 -0.499750
vt 0.611328 -0.000250
vt 0.722437 -0.499750
vt 0.722437 -0.000250
vt 0.500220 -0.000250
vt 0.500220 -0.499750
vt 0.500220 -0.000250
vt 0.500220 -0.499750
vt 0.611328 -0.499750
vt 0.500220 -0.499750
vt 0.500220 -0.000250
vt 0.611328 -0.000250
vt 0.611328 -0.499750
vt 0.500220 -0.499750
vt 0.500220 -0.000250
vt 0.611328 -0.000250
vt 0.611328 -0.000250
vt 0.722437 -0.000250
vt 0.722437 -0.499750
vt 0.611328 -0.499750
vt 0.500220 -0.499750
vt 0.500220 -0.000250
vt 0.722437 -0.000250
vt 0.722437 -0.499750
vt 0.611328 -0.000250
vt 0.722437 -0.000250
vt 0.722437 -0.499750
vt 0.611328 -0.499750
vt 0.500220 -0.000250
vt 0.611328 -0.000250
vt 0.611328 -0.499750
vt 0.500220 -0.499750
vt 0.722437 -0.000250
vt 0.722437 -0.499750
vt 0.611328 -0.000250
vt 0.722437 -0.000250
vt 0.722437 -0.499750
vt 0.611328 -0.499750
vt 0.722437 -0.000250
vt 0.722437 -0.499750
vt 0.611328 -0.499750
vt 0.500220 -0.499750
vt 0.500220 -0.000250
vt 0.611328 -0.000250
vt 0.611328 -0.499750
vt 0.500220 -0.499750
vt 0.500220 -0.000250
vt 0.611328 -0.000250
vt 0.611328 -0.000250
vt 0.722437 -0.000250
vt 0.722437 -0.499750
vt 0.611328 -0.499750
vt 0.500220 -0.499750
vt 0.500220 -0.000250
vt 0.722437 -0.000250
vt 0.722437 -0.499750
vt 0.611328 -0.000250
vt 0.722437 -0.000250
vt 0.722437 -0.499750
vt 0.611328 -0.499750
vt 0.500220 -0.000250
vt 0.611328 -0.000250
vt 0.611328 -0.499750
vt 0.500220 -0.499750
vt 0.722437 -0.000250
vt 0.722437 -0.499750
vt 0.611328 -0.000250
vt 0.722437 -0.000250
vt 0.722437 -0.499750
vt 0.611328 -0.499750
vt 0.722437 -0.000250
vt 0.722437 -0.499750
vt 0.729581 -0.429623
vt 0.907138 -0.429623
vt 0.995916 -0.365234
vt 0.729581 -0.429623
vt 0.907138 -0.429623
vt 0.995916 -0.365234
vt 0.907138 -0.300846
vt 0.729581 -0.300846
vt 0.640803 -0.365234
vt 0.907138 -0.300846
vt 0.729581 -0.300846
vt 0.640803 -0.365234
vt 0.729581 -0.429623
vt 0.907138 -0.429623
vt 0.995916 -0.365234
vt 0.729581 -0.429623
vt 0.907138 -0.429623
vt 0.995916 -0.365234
vt 0.907138 -0.300846
vt 0.729581 -0.300846
vt 0.640803 -0.365234
vt 0.907138 -0.300846
vt 0.729581 -0.300846
vt 0.640803 -0.365234
usemtl HBe01t33
s 1
f 120/120 121/121 122/122
f 120/120 122/122 123/123
f 124/124 125/125 126/126
f 124/124 126/126 127/127
f 128/128 129/129 130/130
f 128/128 130/130 131/131
f 132/132 133/133 134/134
f 132/132 134/134 135/135
f 136/136 137/137 138/138
f 136/136 138/138 139/139
f 140/140 141/141 142/142
f 140/140 142/142 143/143
f 144/144 145/145 146/146
f 144/144 146/146 147/147
f 148/148 149/149 150/150
f 148/148 150/150 151/151
f 152/152 153/153 154/154
f 152/152 154/154 155/155
f 156/156 157/157 158/158
f 156/156 158/158 159/159
f 160/160 161/161 162/162
f 160/160 162/162 163/163
f 164/164 165/165 166/166
f 164/164 166/166 167/167
f 168/168 169/169 170/170
f 168/168 170/170 171/171
f 172/172 173/173 174/174
f 172/172 174/174 175/175
f 176/176 177/177 178/178
f 176/176 178/178 179/179
f 180/180 181/181 182/182
f 180/180 182/182 183/183
f 184/184 185/185 186/186
f 184/184 186/186 187/187
f 188/188 189/189 190/190
f 188/188 190/190 191/191
f 192/192 193/193 194/194
f 192/192 194/194 195/195
f 196/196 197/197 198/198
f 196/196 198/198 199/199
f 200/200 201/201 202/202
f 200/200 202/202 203/203
f 204/204 205/205 206/206
f 204/204 206/206 207/207
f 208/208 209/209 210/210
f 208/208 210/210 211/211
f 212/212 213/213 214/214
f 212/212 214/214 215/215
f 216/216 217/217 218/218
f 216/216 218/218 219/219
f 220/220 221/221 222/222
f 220/220 222/222 223/223
f 221/224 224/225 225/226
f 221/224 225/226 222/227
f 226/228 227/229 228/230
f 226/228 228/230 229/231
f 230/232 226/233 229/234
f 230/232 229/234 231/235
f 232/236 233/237 234/238
f 232/236 234/238 235/239
f 236/240 237/241 238/242
f 236/240 238/242 239/243
f 240/244 232/245 235/246
f 240/244 235/246 241/247
f 237/248 242/249 243/250
f 237/248 243/250 238/251
f 244/252 245/253 246/254
f 244/252 246/254 247/255
f 245/256 248/257 249/258
f 245/256 249/258 246/259
f 250/260 251/261 252/262
f 250/260 252/262 253/263
f 254/264 250/265 253/266
f 254/264 253/266 255/267
f 256/268 257/269 258/270
f 256/268 258/270 259/271
f 260/272 216/273 219/274
f 260/272 219/274 261/275
f 262/276 263/277 264/278
f 262/276 264/278 265/279
f 266/280 262/281 265/282
f 266/280 265/282 267/283
f 268/284 256/285 259/286
f 268/284 259/286 269/287
f 270/288 271/289 272/290
f 270/288 272/290 273/291
f 274/292 270/293 273/294
f 274/292 273/294 275/295
f 276/296 277/297 278/298
f 276/296 278/298 279/299
f 277/300 280/301 281/302
f 277/300 281/302 278/303
f 282/304 283/305 284/306
f 282/304 284/306 285/307
f 283/308 286/309 287/310
f 283/308 287/310 284/311
f 288/312 289/313 290/314
f 288/312 290/314 291/315
f 289/316 292/317 293/318
f 289/316 293/318 290/319
f 294/320 295/321 296/322
f 294/320 296/322 297/323
f 295/324 298/325 299/326
f 295/324 299/326 296/327
f 300/328 301/329 302/330
f 300/328 302/330 303/331
f 304/332 300/333 303/334
f 304/332 303/334 305/335
f 306/336 307/337 308/338
f 306/336 308/338 309/339
f 310/340 306/341 309/342
f 310/340 309/342 311/343
f 312/344 313/345 314/346
f 312/344 314/346 315/347
f 316/348 312/349 315/350
f 316/348 315/350 317/351
f 318/352 319/353 320/354
f 318/352 320/354 321/355
f 322/356 318/357 321/358
f 322/356 321/358 323/359
f 324/360 325/361 326/362
f 324/360 326/362 327/363
f 328/364 324/365 327/366
f 328/364 327/366 329/367
f 330/368 331/369 332/370
f 330/368 332/370 333/371
f 334/372 330/373 333/374
f 334/372 333/374 335/375
f 336/376 337/377 338/378
f 336/376 338/378 339/379
f 340/380 336/381 339/382
f 340/380 339/382 341/383
f 342/384 343/385 344/386
f 342/384 344/386 345/387
f 346/388 342/389 345/390
f 346/388 345/390 347/391
f 348/392 349/393 350/394
f 348/392 350/394 351/395
f 352/396 348/397 351/398
f 352/396 351/398 353/399
f 354/400 355/401 356/402
f 354/400 356/402 357/403
f 358/404 354/405 357/406
f 358/404 357/406 359/407
f 217/408 260/409 261/410
f 217/408 261/410 218/411
f 227/412 230/413 231/414
f 227/412 231/414 228/415
f 224/416 220/417 223/418
f 224/416 223/418 225/419
f 233/420 240/421 241/422
f 233/420 241/422 234/423
f 251/424 254/425 255/426
f 251/424 255/426 252/427
f 242/428 236/429 239/430
f 242/428 239/430 243/431
f 248/432 244/433 247/434
f 248/432 247/434 249/435
f 257/436 268/437 269/438
f 257/436 269/438 258/439
f 263/440 266/441 267/442
f 263/440 267/442 264/443
f 271/444 274/445 275/446
f 271/444 275/446 272/447
f 280/448 276/449 279/450
f 280/448 279/450 281/451
f 286/452 282/453 285/454
f 286/452 285/454 287/455
f 301/456 304/457 305/458
f 301/456 305/458 302/459
f 292/460 288/461 291/462
f 292/460 291/462 293/463
f 298/464 294/465 297/466
f 298/464 297/466 299/467
f 307/468 310/469 311/470
f 307/468 311/470 308/471
f 313/472 316/473 317/474
f 313/472 317/474 314/475
f 319/476 322/477 323/478
f 319/476 323/478 320/479
f 325/480 328/481 329/482
f 325/480 329/482 326/483
f 331/484 334/485 335/486
f 331/484 335/486 332/487
f 337/488 340/489 341/490
f 337/488 341/490 338/491
f 343/492 346/493 347/494
f 343/492 347/494 344/495
f 349/496 352/497 353/498
f 349/496 353/498 350/499
f 355/500 358/501 359/502
f 355/500 359/502 356/503
f 131/504 130/505 127/506
f 131/504 127/506 126/507
f 125/508 124/509 129/510
f 125/508 129/510 128/511
f 137/512 136/513 133/514
f 137/512 133/514 132/515
f 135/516 134/517 139/518
f 135/516 139/518 138/519
f 145/520 144/521 141/522
f 145/520 141/522 140/523
f 143/524 142/525 147/526
f 143/524 147/526 146/527
f 123/528 122/529 151/530
f 123/528 151/530 150/531
f 149/532 148/533 121/534
f 149/532 121/534 120/535
f 163/536 162/537 159/538
f 163/536 159/538 158/539
f 157/540 156/541 161/542
f 157/540 161/542 160/543
f 175/544 174/545 167/546
f 175/544 167/546 166/547
f 165/548 164/549 173/550
f 165/548 173/550 172/551
f 169/552 168/553 153/554
f 169/552 153/554 152/555
f 155/556 154/557 171/558
f 155/556 171/558 170/559
f 181/560 180/561 177/562
f 181/560 177/562 176/563
f 179/564 178/565 183/566
f 179/564 183/566 182/567
f 191/568 190/569 187/570
f 191/568 187/570 186/571
f 185/572 184/573 189/574
f 185/572 189/574 188/575
f 199/576 198/577 195/578
f 199/576 195/578 194/579
f 193/580 192/581 197/582
f 193/580 197/582 196/583
f 207/584 206/585 203/586
f 207/584 203/586 202/587
f 201/588 200/589 205/590
f 201/588 205/590 204/591
f 215/592 214/593 211/594
f 215/592 211/594 210/595
f 209/596 208/597 213/598
f 209/596 213/598 212/599
f 125/600 128/601 131/602
f 125/600 131/602 126/603
f 129/604 124/605 127/606
f 129/604 127/606 130/607
f 133/608 136/609 139/610
f 133/608 139/610 134/611
f 137/612 132/613 135/614
f 137/612 135/614 138/615
f 145/616 140/617 143/618
f 145/616 143/618 146/619
f 149/620 120/621 123/622
f 149/620 123/622 150/623
f 157/624 160/625 163/626
f 157/624 163/626 158/627
f 165/628 172/629 175/630
f 165/628 175/630 166/631
f 153/632 168/633 171/634
f 153/632 171/634 154/635
f 169/636 152/637 155/638
f 169/636 155/638 170/639
f 173/640 164/641 167/642
f 173/640 167/642 174/643
f 181/644 176/645 179/646
f 181/644 179/646 182/647
f 185/648 188/649 191/650
f 185/648 191/650 186/651
f 193/652 196/653 199/654
f 193/652 199/654 194/655
f 197/656 192/657 195/658
f 197/656 195/658 198/659
f 201/660 204/661 207/662
f 201/660 207/662 202/663
f 209/664 212/665 215/666
f 209/664 215/666 210/667
f 213/668 208/669 211/670
f 213/668 211/670 214/671
f 360/672 361/673 362/674
f 360/672 362/674 363/675
f 361/676 364/677 365/678
f 361/676 365/678 362/679
f 366/680 367/681 368/682
f 366/680 368/682 369/683
f 370/684 366/685 369/686
f 370/684 369/686 371/687
f 372/688 373/689 374/690
f 372/688 374/690 375/691
f 376/692 372/693 375/694
f 376/692 375/694 377/695
f 378/696 379/697 380/698
f 378/696 380/698 381/699
f 382/700 378/701 381/702
f 382/700 381/702 383/703
f 364/704 360/705 363/706
f 364/704 363/706 365/707
f 367/708 370/709 371/710
f 367/708 371/710 368/711
f 373/712 376/713 377/714
f 373/712 377/714 374/715
f 379/716 382/717 383/718
f 379/716 383/718 380/719
f 384/720 385/721 386/722
f 384/720 386/722 387/723
f 388/724 389/725 390/726
f 388/724 390/726 391/727
f 387/723 390/728 389/729
f 387/723 389/729 384/720
f 392/730 393/731 394/732
f 392/730 394/732 395/733
f 391/727 396/734 397/735
f 391/727 397/735 388/724
f 392/736 395/737 398/738
f 399/739 398/738 395/737
f 398/738 399/739 400/740
f 401/741 400/740 399/739
f 400/740 401/741 402/742
f 403/743 402/742 401/741
f 401/744 399/745 404/746
f 401/744 404/746 405/747
f 404/748 399/749 406/750
f 395/751 406/750 399/749
f 406/750 395/751 407/752
f 394/753 407/752 395/751
f 407/752 394/753 408/754
f 385/755 408/754 394/753
f 408/754 385/755 409/756
f 384/757 409/756 385/755
f 409/756 384/757 410/758
f 389/759 410/758 384/757
f 410/758 389/759 411/760
f 388/761 411/760 389/759
f 411/760 388/761 412/762
f 397/763 412/762 388/761
f 412/762 397/763 413/764
f 403/765 413/764 397/763
f 413/764 403/765 405/766
f 401/767 405/766 403/765
f 412/762 413/764 411/760
f 405/766 411/760 413/764
f 411/760 405/766 410/758
f 404/748 410/758 405/766
f 410/758 404/748 409/756
f 406/750 409/756 404/748
f 409/756 406/750 408/754
f 407/752 408/754 406/750
f 393/768 386/769 385/770
f 393/768 385/770 394/771
f 396/772 402/773 403/774
f 396/772 403/774 397/775
usemtl HBe01t12
f 414/776 415/777 416/778
f 414/776 416/778 417/779
f 418/780 419/781 420/782
f 418/780 420/782 421/783
f 419/784 422/785 423/786
f 419/784 423/786 420/787
f 424/788 425/789 426/790
f 424/788 426/790 427/791
f 428/792 429/793 430/794
f 428/792 430/794 431/795
f 432/796 424/797 427/798
f 432/796 427/798 433/799
f 425/800 432/801 433/802
f 425/800 433/802 426/803
f 434/804 428/805 431/806
f 434/804 431/806 435/807
f 436/808 437/809 438/810
f 436/808 438/810 415/811
f 439/812 436/813 415/814
f 439/812 415/814 440/815
f 441/816 442/817 429/818
f 441/816 429/818 428/819
f 443/820 441/821 428/822
f 443/820 428/822 444/823
f 442/824 443/825 444/826
f 442/824 444/826 429/793
f 437/827 439/828 440/829
f 437/827 440/829 438/830
f 445/831 446/832 416/833
f 445/831 416/833 447/834
f 448/835 445/836 447/837
f 448/835 447/837 417/779
f 449/838 450/839 431/840
f 449/838 431/840 430/841
f 446/842 448/835 417/779
f 446/842 417/779 416/778
f 451/843 452/844 424/788
f 451/843 424/788 432/845
f 453/846 451/847 432/848
f 453/846 432/848 454/849
f 455/850 449/851 430/794
f 455/850 430/794 435/807
f 452/852 453/853 454/854
f 452/852 454/854 424/797
f 450/855 455/850 435/807
f 450/855 435/807 431/806
f 456/856 457/857 458/858
f 456/856 458/858 427/791
f 438/810 414/859 417/860
f 438/810 417/860 447/834
f 459/861 456/862 427/798
f 459/861 427/798 426/803
f 457/863 459/861 426/803
f 457/863 426/803 458/864
f 460/865 461/866 419/784
f 460/865 419/784 418/867
f 462/868 460/869 418/870
f 462/868 418/870 463/871
f 429/818 434/872 435/873
f 429/818 435/873 430/841
f 461/874 462/875 463/876
f 461/874 463/876 419/781
f 415/877 438/830 447/837
f 415/877 447/837 416/878
f 464/879 465/880 466/881
f 464/879 466/881 420/787
f 467/882 464/883 420/782
f 467/882 420/782 423/884
f 465/885 467/882 423/884
f 465/885 423/884 466/886
f 422/887 418/888 421/889
f 422/887 421/889 423/890
f 468/891 469/892 470/893
f 468/891 470/893 471/894
f 472/895 471/894 470/893
f 471/894 472/895 473/896
f 474/897 473/896 472/895
f 473/896 474/897 475/898
f 476/899 475/898 474/897
f 475/898 476/899 477/900
usemtl HBe01t16
f 478/901 479/902 480/903
f 478/901 480/903 481/904
f 482/905 483/906 484/907
f 482/905 484/907 485/908
f 485/908 486/909 487/910
f 485/908 487/910 482/905
f 481/904 484/911 483/912
f 481/904 483/912 478/901
f 488/913 489/914 490/915
f 488/913 490/915 491/916
f 489/914 492/917 493/918
f 489/914 493/918 490/915
f 492/919 494/920 495/921
f 492/919 495/921 493/922
f 494/920 496/923 497/924
f 494/920 497/924 495/921
f 496/925 498/926 499/927
f 496/925 499/927 497/928
f 498/926 488/929 491/930
f 498/926 491/930 499/927
f 500/931 501/932 502/933
f 500/931 502/933 503/934
f 501/935 504/936 505/937
f 501/935 505/937 502/938
f 506/939 500/931 503/934
f 506/939 503/934 507/940
f 504/936 508/941 509/942
f 504/936 509/942 505/937
f 508/943 510/944 511/945
f 508/943 511/945 509/946
f 510/944 506/947 507/948
f 510/944 507/948 511/945
f 512/949 513/950 514/951
f 512/949 514/951 515/952
f 513/953 516/954 517/955
f 513/953 517/955 514/956
f 518/957 512/949 515/952
f 518/957 515/952 519/958
f 516/954 520/959 521/960
f 516/954 521/960 517/955
f 520/961 522/962 523/963
f 520/961 523/963 521/964
f 522/962 518/965 519/966
f 522/962 519/966 523/963
f 524/967 525/968 526/969
f 524/967 526/969 527/970
f 525/968 528/971 529/972
f 525/968 529/972 526/969
f 528/973 530/974 531/975
f 528/973 531/975 529/976
f 530/974 532/977 533/978
f 530/974 533/978 531/975
f 532/979 534/980 535/981
f 532/979 535/981 533/982
f 534/980 524/983 527/984
f 534/980 527/984 535/981
f 536/985 537/986 538/987
f 536/985 538/987 539/988
f 540/989 541/990 542/991
f 540/989 542/991 543/992
f 544/993 545/994 546/995
f 544/993 546/995 547/996
f 548/997 549/998 550/999
f 548/997 550/999 551/1000
f 536/1001 539/1002 552/1003
f 553/1004 552/1003 539/1002
f 552/1003 553/1004 554/1005
f 555/1006 554/1005 553/1004
f 554/1005 555/1006 556/1007
f 557/1008 556/1007 555/1006
f 556/1007 557/1008 541/1009
f 542/1010 541/1009 557/1008
f 538/1011 537/1012 558/1013
f 559/1014 558/1013 537/1012
f 558/1013 559/1014 560/1015
f 561/1016 560/1015 559/1014
f 560/1015 561/1016 562/1017
f 563/1018 562/1017 561/1016
f 562/1017 563/1018 543/1019
f 540/1020 543/1019 563/1018
f 544/1021 547/1022 564/1023
f 565/1024 564/1023 547/1022
f 564/1023 565/1024 566/1025
f 567/1026 566/1025 565/1024
f 566/1025 567/1026 568/1027
f 569/1028 568/1027 567/1026
f 568/1027 569/1028 549/1029
f 550/1030 549/1029 569/1028
f 546/1031 545/1032 570/1033
f 571/1034 570/1033 545/1032
f 570/1033 571/1034 572/1035
f 573/1036 572/1035 571/1034
f 572/1035 573/1036 574/1037
f 575/1038 574/1037 573/1036
f 574/1037 575/1038 551/1039
f 548/1040 551/1039 575/1038
f 543/1041 542/1042 562/1043
f 557/1044 562/1043 542/1042
f 562/1043 557/1044 560/1045
f 555/1046 560/1045 557/1044
f 560/1045 555/1046 558/1047
f 553/1048 558/1047 555/1046
f 558/1047 553/1048 538/1049
f 539/1050 538/1049 553/1048
f 549/1051 548/1052 568/1053
f 575/1054 568/1053 548/1052
f 568/1053 575/1054 566/1055
f 573/1056 566/1055 575/1054
f 566/1055 573/1056 564/1057
f 571/1058 564/1057 573/1056
f 564/1057 571/1058 544/1059
f 545/1060 544/1059 571/1058
f 576/1061 577/1062 578/1063
f 576/1061 578/1063 579/1064
f 577/1065 576/1066 468/1067
f 577/1065 468/1067 471/1068
f 580/1069 581/1070 582/1071
f 580/1069 582/1071 583/1072
f 584/1073 585/1074 582/1075
f 584/1073 582/1075 581/1076
f 586/1077 587/1078 588/1079
f 586/1077 588/1079 589/1080
f 590/1081 591/1082 585/1083
f 590/1081 585/1083 584/1084
f 578/1085 592/1086 591/1087
f 578/1085 591/1087 590/1088
f 577/1089 593/1090 592/1091
f 577/1089 592/1091 578/1092
f 594/1093 593/1094 473/1095
f 594/1093 473/1095 475/1096
f 579/1097 578/1098 590/1099
f 579/1097 590/1099 595/1100
f 587/1101 596/1102 597/1103
f 587/1101 597/1103 588/1104
f 598/1105 599/1106 581/1107
f 598/1105 581/1107 580/1108
f 600/1109 586/1110 589/1111
f 600/1109 589/1111 601/1112
f 583/1113 582/1114 602/1115
f 583/1113 602/1115 603/1116
f 585/1117 604/1118 602/1119
f 585/1117 602/1119 582/1120
f 605/1121 594/1122 475/1123
f 605/1121 475/1123 477/1124
f 591/1125 601/1126 604/1127
f 591/1125 604/1127 585/1128
f 606/1129 607/1130 599/1131
f 606/1129 599/1131 608/1132
f 592/1133 600/1134 601/1135
f 592/1133 601/1135 591/1136
f 609/1137 610/1138 596/1139
f 609/1137 596/1139 587/1140
f 603/1141 602/1142 611/1143
f 603/1141 611/1143 612/1144
f 610/1145 609/1146 476/1147
f 610/1145 476/1147 474/1148
f 605/1149 609/1150 587/1151
f 605/1149 587/1151 586/1152
f 580/1153 613/1154 614/1155
f 580/1153 614/1155 598/1156
f 596/1157 615/1158 616/1159
f 596/1157 616/1159 597/1160
f 471/1161 473/1162 593/1163
f 471/1161 593/1163 577/1164
f 610/1165 617/1166 615/1167
f 610/1165 615/1167 596/1168
f 594/1169 605/1170 586/1171
f 594/1169 586/1171 600/1172
f 607/1130 584/1173 581/1174
f 607/1130 581/1174 599/1131
f 618/1175 619/1176 620/1177
f 618/1175 620/1177 611/1178
f 593/1179 594/1180 600/1181
f 593/1179 600/1181 592/1182
f 583/1183 621/1184 613/1185
f 583/1183 613/1185 580/1186
f 604/1187 618/1188 611/1189
f 604/1187 611/1189 602/1190
f 589/1191 588/1192 619/1193
f 589/1191 619/1193 618/1194
f 474/1195 472/1196 617/1197
f 474/1195 617/1197 610/1198
f 615/1199 622/1200 623/1201
f 615/1199 623/1201 616/1202
f 609/1203 605/1204 477/1205
f 609/1203 477/1205 476/1206
f 617/1207 624/1208 622/1209
f 617/1207 622/1209 615/1210
f 603/1211 625/1212 621/1213
f 603/1211 621/1213 583/1214
f 626/1215 606/1216 608/1217
f 626/1215 608/1217 627/1218
f 622/1219 628/1220 629/1221
f 622/1219 629/1221 623/1222
f 624/1223 630/1224 628/1225
f 624/1223 628/1225 622/1226
f 631/1227 608/1228 599/1229
f 631/1227 599/1229 598/1230
f 629/1231 628/1232 579/1233
f 629/1231 579/1233 595/1234
f 630/1235 576/1236 579/1237
f 630/1235 579/1237 628/1238
f 601/1239 589/1240 618/1241
f 601/1239 618/1241 604/1242
f 590/1243 584/1244 595/1245
f 607/1246 595/1245 584/1244
f 595/1245 607/1246 629/1247
f 606/1248 629/1247 607/1246
f 629/1247 606/1248 623/1249
f 626/1250 623/1249 606/1248
f 617/1251 472/1252 624/1253
f 470/1254 624/1253 472/1252
f 624/1253 470/1254 630/1255
f 469/1256 630/1255 470/1254
f 630/1255 469/1256 576/1257
f 468/1258 576/1257 469/1256
usemtl HBe01t30
f 632/1259 633/1260 634/1261
f 635/1262 636/1263 632/1259
f 636/1263 637/1264 632/1259
f 637/1264 638/1265 632/1259
f 632/1259 639/1266 635/1262
f 632/1259 640/1267 641/1268
f 642/1269 633/1260 632/1259
f 632/1259 643/1270 642/1269
f 644/1271 639/1266 632/1259
f 638/1265 640/1267 632/1259
f 634/1261 644/1271 632/1259
f 641/1268 645/1272 632/1259
f 646/1273 643/1270 632/1259
f 647/1274 646/1273 632/1259
f 645/1272 648/1275 632/1259
f 648/1275 647/1274 632/1259
usemtl HBe01t18
f 649/1276 650/1277 651/1278
f 649/1276 651/1278 652/1279
f 653/1280 654/1281 650/1277
f 653/1280 650/1277 649/1276
f 655/1282 656/1283 657/1284
f 655/1282 657/1284 658/1285
f 656/1286 649/1287 652/1288
f 656/1286 652/1288 657/1289
f 659/1290 653/1291 649/1287
f 659/1290 649/1287 656/1286
f 660/1292 659/1293 656/1283
f 660/1292 656/1283 655/1282
f 654/1294 660/1295 655/1296
f 654/1294 655/1296 650/1297
f 661/1298 662/1299 663/1300
f 661/1298 663/1300 664/1301
f 665/1302 666/1303 662/1299
f 665/1302 662/1299 661/1298
f 650/1297 655/1296 658/1304
f 650/1297 658/1304 651/1305
f 667/1306 665/1307 661/1308
f 667/1306 661/1308 668/1309
f 662/1310 669/1311 670/1312
f 662/1310 670/1312 663/1313
f 666/1314 671/1315 669/1311
f 666/1314 669/1311 662/1310
f 668/1309 661/1308 664/1316
f 668/1309 664/1316 672/1317
f 669/1318 668/1319 672/1320
f 669/1318 672/1320 670/1321
f 671/1322 667/1323 668/1319
f 671/1322 668/1319 669/1318
f 673/1324 674/1325 675/1326
f 673/1324 675/1326 676/1327
f 677/1328 678/1329 674/1325
f 677/1328 674/1325 673/1324
f 679/1330 677/1331 673/1332
f 679/1330 673/1332 680/1333
f 674/1334 681/1335 682/1336
f 674/1334 682/1336 675/1337
f 678/1338 683/1339 681/1335
f 678/1338 681/1335 674/1334
f 680/1333 673/1332 676/1340
f 680/1333 676/1340 684/1341
f 681/1342 680/1343 684/1344
f 681/1342 684/1344 682/1345
f 683/1346 679/1347 680/1343
f 683/1346 680/1343 681/1342
f 685/1348 686/1349 687/1350
f 685/1348 687/1350 688/1351
f 689/1352 690/1353 686/1349
f 689/1352 686/1349 685/1348
f 691/1354 689/1355 685/1356
f 691/1354 685/1356 692/1357
f 686/1358 693/1359 694/1360
f 686/1358 694/1360 687/1361
f 690/1362 695/1363 693/1359
f 690/1362 693/1359 686/1358
f 692/1357 685/1356 688/1364
f 692/1357 688/1364 696/1365
f 693/1366 692/1367 696/1368
f 693/1366 696/1368 694/1369
f 695/1370 691/1371 692/1367
f 695/1370 692/1367 693/1366
f 697/1372 698/1373 699/1374
f 697/1372 699/1374 700/1375
f 701/1376 702/1377 698/1373
f 701/1376 698/1373 697/1372
f 703/1378 701/1379 697/1380
f 703/1378 697/1380 704/1381
f 698/1382 705/1383 706/1384
f 698/1382 706/1384 699/1385
f 702/1386 707/1387 705/1383
f 702/1386 705/1383 698/1382
f 704/1381 697/1380 700/1388
f 704/1381 700/1388 708/1389
f 705/1390 704/1391 708/1392
f 705/1390 708/1392 706/1393
f 707/1394 703/1395 704/1391
f 707/1394 704/1391 705/1390
f 709/1396 710/1397 711/1398
f 709/1396 711/1398 712/1399
f 713/1400 714/1401 710/1397
f 713/1400 710/1397 709/1396
f 715/1402 713/1403 709/1404
f 715/1402 709/1404 716/1405
f 710/1406 717/1407 718/1408
f 710/1406 718/1408 711/1409
f 714/1410 719/1411 717/1407
f 714/1410 717/1407 710/1406
f 716/1405 709/1404 712/1412
f 716/1405 712/1412 720/1413
f 717/1414 716/1415 720/1416
f 717/1414 720/1416 718/1417
f 719/1418 715/1419 716/1415
f 719/1418 716/1415 717/1414
f 721/1420 722/1421 723/1422
f 721/1420 723/1422 724/1423
f 725/1424 726/1425 722/1421
f 725/1424 722/1421 721/1420
f 727/1426 725/1427 721/1428
f 727/1426 721/1428 728/1429
f 722/1430 729/1431 730/1432
f 722/1430 730/1432 723/1433
f 726/1434 731/1435 729/1431
f 726/1434 729/1431 722/1430
f 728/1429 721/1428 724/1436
f 728/1429 724/1436 732/1437
f 729/1438 728/1439 732/1440
f 729/1438 732/1440 730/1441
f 731/1442 727/1443 728/1439
f 731/1442 728/1439 729/1438
f 733/1444 734/1445 735/1446
f 733/1444 735/1446 736/1447
f 737/1448 738/1449 734/1445
f 737/1448 734/1445 733/1444
f 739/1450 737/1451 733/1452
f 739/1450 733/1452 740/1453
f 734/1454 741/1455 742/1456
f 734/1454 742/1456 735/1457
f 738/1458 743/1459 741/1455
f 738/1458 741/1455 734/1454
f 740/1453 733/1452 736/1460
f 740/1453 736/1460 744/1461
f 741/1462 740/1463 744/1464
f 741/1462 744/1464 742/1465
f 743/1466 739/1467 740/1463
f 743/1466 740/1463 741/1462
f 745/1468 746/1469 747/1470
f 748/1471 747/1470 746/1469
f 747/1470 748/1471 749/1472
f 750/1473 749/1472 748/1471
f 749/1472 750/1473 751/1474
f 752/1475 751/1474 750/1473
f 751/1474 752/1475 753/1476
f 754/1477 753/1476 752/1475
f 753/1476 754/1477 755/1478
f 756/1479 755/1478 754/1477
f 755/1478 756/1479 757/1480
f 758/1481 757/1480 756/1479
f 757/1480 758/1481 759/1482
f 760/1483 759/1482 758/1481
f 759/1482 760/1483 761/1484
f 762/1485 761/1484 760/1483
f 761/1484 762/1485 763/1486
f 764/1487 763/1486 762/1485
f 763/1486 764/1487 765/1488
f 766/1489 765/1488 764/1487
f 765/1488 766/1489 767/1490
f 768/1491 767/1490 766/1489
f 767/1490 768/1491 769/1492
f 770/1493 769/1492 768/1491
f 769/1492 770/1493 771/1494
f 772/1495 771/1494 770/1493
f 771/1494 772/1495 773/1496
f 774/1497 773/1496 772/1495
f 773/1496 774/1497 775/1498
f 776/1499 775/1498 774/1497
f 775/1498 776/1499 745/1468
f 746/1469 745/1468 776/1499
f 777/1500 778/1501 779/1502
f 780/1503 779/1502 778/1501
f 779/1502 780/1503 781/1504
f 782/1505 781/1504 780/1503
f 781/1504 782/1505 783/1506
f 784/1507 783/1506 782/1505
f 783/1506 784/1507 785/1508
f 786/1509 785/1508 784/1507
f 785/1508 786/1509 787/1510
f 788/1511 787/1510 786/1509
f 787/1510 788/1511 789/1512
f 790/1513 789/1512 788/1511
f 789/1512 790/1513 791/1514
f 792/1515 791/1514 790/1513
f 791/1514 792/1515 793/1516
f 794/1517 793/1516 792/1515
f 793/1516 794/1517 795/1518
f 796/1519 795/1518 794/1517
f 795/1518 796/1519 797/1520
f 798/1521 797/1520 796/1519
f 797/1520 798/1521 799/1522
f 800/1523 799/1522 798/1521
f 799/1522 800/1523 801/1524
f 802/1525 801/1524 800/1523
f 801/1524 802/1525 803/1526
f 804/1527 803/1526 802/1525
f 803/1526 804/1527 805/1528
f 806/1529 805/1528 804/1527
f 805/1528 806/1529 807/1530
f 808/1531 807/1530 806/1529
f 807/1530 808/1531 777/1500
f 778/1501 777/1500 808/1531
f 809/1532 810/1533 811/1534
f 812/1535 811/1534 810/1533
f 811/1534 812/1535 813/1536
f 814/1537 813/1536 812/1535
f 813/1536 814/1537 815/1538
f 816/1539 815/1538 814/1537
f 815/1538 816/1539 817/1540
f 818/1541 817/1540 816/1539
f 817/1540 818/1541 819/1542
f 820/1543 819/1542 818/1541
f 819/1542 820/1543 821/1544
f 822/1545 821/1544 820/1543
f 821/1544 822/1545 823/1546
f 824/1547 823/1546 822/1545
f 823/1546 824/1547 825/1548
f 826/1549 825/1548 824/1547
f 825/1548 826/1549 827/1550
f 828/1551 827/1550 826/1549
f 827/1550 828/1551 829/1552
f 830/1553 829/1552 828/1551
f 829/1552 830/1553 831/1554
f 832/1555 831/1554 830/1553
f 831/1554 832/1555 833/1556
f 834/1557 833/1556 832/1555
f 833/1556 834/1557 835/1558
f 836/1559 835/1558 834/1557
f 835/1558 836/1559 837/1560
f 838/1561 837/1560 836/1559
f 837/1560 838/1561 839/1562
f 840/1563 839/1562 838/1561
f 839/1562 840/1563 809/1532
f 810/1533 809/1532 840/1563
f 841/1564 842/1565 843/1566
f 844/1567 843/1566 842/1565
f 843/1566 844/1567 845/1568
f 846/1569 845/1568 844/1567
f 845/1568 846/1569 847/1570
f 848/1571 847/1570 846/1569
f 847/1570 848/1571 849/1572
f 850/1573 849/1572 848/1571
f 849/1572 850/1573 851/1574
f 852/1575 851/1574 850/1573
f 851/1574 852/1575 853/1576
f 854/1577 853/1576 852/1575
f 853/1576 854/1577 855/1578
f 856/1579 855/1578 854/1577
f 855/1578 856/1579 857/1580
f 858/1581 857/1580 856/1579
f 857/1580 858/1581 859/1582
f 860/1583 859/1582 858/1581
f 859/1582 860/1583 861/1584
f 862/1585 861/1584 860/1583
f 861/1584 862/1585 863/1586
f 864/1587 863/1586 862/1585
f 863/1586 864/1587 865/1588
f 866/1589 865/1588 864/1587
f 865/1588 866/1589 867/1590
f 868/1591 867/1590 866/1589
f 867/1590 868/1591 869/1592
f 870/1593 869/1592 868/1591
f 869/1592 870/1593 871/1594
f 872/1595 871/1594 870/1593
f 871/1594 872/1595 841/1564
f 842/1565 841/1564 872/1595
f 873/1596 874/1597 875/1598
f 876/1599 875/1598 874/1597
f 875/1598 876/1599 877/1600
f 878/1601 877/1600 876/1599
f 877/1600 878/1601 879/1602
f 880/1603 879/1602 878/1601
f 879/1602 880/1603 881/1604
f 882/1605 881/1604 880/1603
f 881/1604 882/1605 883/1606
f 884/1607 883/1606 882/1605
f 883/1606 884/1607 885/1608
f 886/1609 885/1608 884/1607
f 885/1608 886/1609 887/1610
f 888/1611 887/1610 886/1609
f 887/1610 888/1611 889/1612
f 890/1613 889/1612 888/1611
f 889/1612 890/1613 891/1614
f 892/1615 891/1614 890/1613
f 891/1614 892/1615 893/1616
f 894/1617 893/1616 892/1615
f 893/1616 894/1617 895/1618
f 896/1619 895/1618 894/1617
f 895/1618 896/1619 897/1620
f 898/1621 897/1620 896/1619
f 897/1620 898/1621 899/1622
f 900/1623 899/1622 898/1621
f 899/1622 900/1623 901/1624
f 902/1625 901/1624 900/1623
f 901/1624 902/1625 903/1626
f 904/1627 903/1626 902/1625
f 903/1626 904/1627 873/1596
f 874/1597 873/1596 904/1627
f 905/1628 906/1629 907/1630
f 908/1631 907/1630 906/1629
f 907/1630 908/1631 909/1632
f 910/1633 909/1632 908/1631
f 909/1632 910/1633 911/1634
f 912/1635 911/1634 910/1633
f 911/1634 912/1635 913/1636
f 914/1637 913/1636 912/1635
f 913/1636 914/1637 915/1638
f 916/1639 915/1638 914/1637
f 915/1638 916/1639 917/1640
f 918/1641 917/1640 916/1639
f 917/1640 918/1641 919/1642
f 920/1643 919/1642 918/1641
f 919/1642 920/1643 921/1644
f 922/1645 921/1644 920/1643
f 921/1644 922/1645 923/1646
f 924/1647 923/1646 922/1645
f 923/1646 924/1647 925/1648
f 926/1649 925/1648 924/1647
f 925/1648 926/1649 927/1650
f 928/1651 927/1650 926/1649
f 927/1650 928/1651 929/1652
f 930/1653 929/1652 928/1651
f 929/1652 930/1653 931/1654
f 932/1655 931/1654 930/1653
f 931/1654 932/1655 933/1656
f 934/1657 933/1656 932/1655
f 933/1656 934/1657 935/1658
f 936/1659 935/1658 934/1657
f 935/1658 936/1659 905/1628
f 906/1629 905/1628 936/1659
f 937/1660 938/1661 939/1662
f 940/1663 939/1662 938/1661
f 939/1662 940/1663 941/1664
f 942/1665 941/1664 940/1663
f 941/1664 942/1665 943/1666
f 944/1667 943/1666 942/1665
f 943/1666 944/1667 945/1668
f 946/1669 945/1668 944/1667
f 945/1668 946/1669 947/1670
f 948/1671 947/1670 946/1669
f 947/1670 948/1671 949/1672
f 950/1673 949/1672 948/1671
f 949/1672 950/1673 951/1674
f 952/1675 951/1674 950/1673
f 951/1674 952/1675 953/1676
f 954/1677 953/1676 952/1675
f 953/1676 954/1677 955/1678
f 956/1679 955/1678 954/1677
f 955/1678 956/1679 957/1680
f 958/1681 957/1680 956/1679
f 957/1680 958/1681 959/1682
f 960/1683 959/1682 958/1681
f 959/1682 960/1683 961/1684
f 962/1685 961/1684 960/1683
f 961/1684 962/1685 963/1686
f 964/1687 963/1686 962/1685
f 963/1686 964/1687 965/1688
f 966/1689 965/1688 964/1687
f 965/1688 966/1689 967/1690
f 968/1691 967/1690 966/1689
f 967/1690 968/1691 937/1660
f 938/1661 937/1660 968/1691
f 969/1692 970/1693 971/1694
f 972/1695 971/1694 970/1693
f 971/1694 972/1695 973/1696
f 974/1697 973/1696 972/1695
f 973/1696 974/1697 975/1698
f 976/1699 975/1698 974/1697
f 975/1698 976/1699 977/1700
f 978/1701 977/1700 976/1699
f 977/1700 978/1701 979/1702
f 980/1703 979/1702 978/1701
f 979/1702 980/1703 981/1704
f 982/1705 981/1704 980/1703
f 981/1704 982/1705 983/1706
f 984/1707 983/1706 982/1705
f 983/1706 984/1707 985/1708
f 986/1709 985/1708 984/1707
f 985/1708 986/1709 987/1710
f 988/1711 987/1710 986/1709
f 987/1710 988/1711 989/1712
f 990/1713 989/1712 988/1711
f 989/1712 990/1713 991/1714
f 992/1715 991/1714 990/1713
f 991/1714 992/1715 993/1716
f 994/1717 993/1716 992/1715
f 993/1716 994/1717 995/1718
f 996/1719 995/1718 994/1717
f 995/1718 996/1719 997/1720
f 998/1721 997/1720 996/1719
f 997/1720 998/1721 999/1722
f 1000/1723 999/1722 998/1721
f 999/1722 1000/1723 969/1692
f 970/1693 969/1692 1000/1723
f 665/1724 667/1725 671/1726
f 665/1724 671/1726 666/1727
f 652/1728 651/1729 658/1730
f 652/1728 658/1730 657/1731
f 677/1732 679/1733 683/1734
f 677/1732 683/1734 678/1735
f 689/1736 691/1737 695/1738
f 689/1736 695/1738 690/1739
f 701/1740 703/1741 707/1742
f 701/1740 707/1742 702/1743
f 713/1744 715/1745 719/1746
f 713/1744 719/1746 714/1747
f 725/1748 727/1749 731/1750
f 725/1748 731/1750 726/1751
f 737/1752 739/1753 743/1754
f 737/1752 743/1754 738/1755
f 1001/1756 1002/1757 1003/1758
f 1001/1756 1003/1758 1004/1759
f 1004/1760 1003/1761 1005/1762
f 1004/1760 1005/1762 1006/1763
f 1001/1764 1007/1765 1008/1766
f 1001/1764 1008/1766 1006/1767
f 1006/1767 1005/1768 1002/1769
f 1006/1767 1002/1769 1001/1764
f 1004/1759 1009/1770 1007/1771
f 1004/1759 1007/1771 1001/1756
f 1006/1763 1008/1772 1009/1773
f 1006/1763 1009/1773 1004/1760
f 1010/1774 1011/1775 1012/1776
f 1010/1774 1012/1776 1013/1777
f 1013/1778 1012/1779 1014/1780
f 1013/1778 1014/1780 1015/1781
f 1010/1782 1016/1783 1017/1784
f 1010/1782 1017/1784 1015/1785
f 1015/1785 1014/1786 1011/1787
f 1015/1785 1011/1787 1010/1782
f 1013/1777 1018/1788 1016/1789
f 1013/1777 1016/1789 1010/1774
f 1015/1781 1017/1790 1018/1791
f 1015/1781 1018/1791 1013/1778
f 1019/1792 1020/1793 1021/1794
f 1019/1792 1021/1794 1022/1795
f 1022/1796 1021/1797 1023/1798
f 1022/1796 1023/1798 1024/1799
f 1019/1800 1025/1801 1026/1802
f 1019/1800 1026/1802 1024/1803
f 1024/1803 1023/1804 1020/1805
f 1024/1803 1020/1805 1019/1800
f 1022/1795 1027/1806 1025/1807
f 1022/1795 1025/1807 1019/1792
f 1024/1799 1026/1808 1027/1809
f 1024/1799 1027/1809 1022/1796
f 1028/1810 1029/1811 1030/1812
f 1028/1810 1030/1812 1031/1813
f 1031/1814 1030/1815 1032/1816
f 1031/1814 1032/1816 1033/1817
f 1028/1818 1034/1819 1035/1820
f 1028/1818 1035/1820 1033/1821
f 1033/1821 1032/1822 1029/1823
f 1033/1821 1029/1823 1028/1818
f 1031/1813 1036/1824 1034/1825
f 1031/1813 1034/1825 1028/1810
f 1033/1817 1035/1826 1036/1827
f 1033/1817 1036/1827 1031/1814
f 1005/1828 1003/1829 1002/1830
f 1014/1831 1012/1832 1011/1833
f 1023/1834 1021/1835 1020/1836
f 1032/1837 1030/1838 1029/1839
f 1037/1840 771/1841 1038/1842
f 773/1843 1038/1842 771/1841
f 1038/1842 773/1843 1039/1844
f 775/1845 1039/1844 773/1843
f 1039/1844 775/1845 1040/1846
f 745/1847 1040/1846 775/1845
f 1040/1846 745/1847 1041/1848
f 747/1849 1041/1848 745/1847
f 1041/1848 747/1849 1042/1850
f 749/1851 1042/1850 747/1849
f 1042/1850 749/1851 1043/1852
f 751/1853 1043/1852 749/1851
f 1043/1852 751/1853 1044/1854
f 753/1855 1044/1854 751/1853
f 1044/1854 753/1855 1045/1856
f 755/1857 1045/1856 753/1855
f 1045/1856 755/1857 1046/1858
f 757/1859 1046/1858 755/1857
f 1046/1858 757/1859 1047/1860
f 759/1861 1047/1860 757/1859
f 1047/1860 759/1861 1048/1862
f 761/1863 1048/1862 759/1861
f 1048/1862 761/1863 1049/1864
f 763/1865 1049/1864 761/1863
f 1049/1864 763/1865 1050/1866
f 765/1867 1050/1866 763/1865
f 1050/1866 765/1867 1051/1868
f 767/1869 1051/1868 765/1867
f 1051/1868 767/1869 1052/1870
f 769/1871 1052/1870 767/1869
f 1052/1870 769/1871 1037/1840
f 771/1841 1037/1840 769/1871
f 1053/1872 950/1873 1054/1874
f 948/1875 1054/1874 950/1873
f 1054/1874 948/1875 1055/1876
f 946/1877 1055/1876 948/1875
f 1055/1876 946/1877 1056/1878
f 944/1879 1056/1878 946/1877
f 1056/1878 944/1879 1057/1880
f 942/1881 1057/1880 944/1879
f 1057/1880 942/1881 1058/1882
f 940/1883 1058/1882 942/1881
f 1058/1882 940/1883 1059/1884
f 938/1885 1059/1884 940/1883
f 1059/1884 938/1885 1060/1886
f 968/1887 1060/1886 938/1885
f 1060/1886 968/1887 1061/1888
f 966/1889 1061/1888 968/1887
f 1061/1888 966/1889 1062/1890
f 964/1891 1062/1890 966/1889
f 1062/1890 964/1891 1063/1892
f 962/1893 1063/1892 964/1891
f 1063/1892 962/1893 1064/1894
f 960/1895 1064/1894 962/1893
f 1064/1894 960/1895 1065/1896
f 958/1897 1065/1896 960/1895
f 1065/1896 958/1897 1066/1898
f 956/1899 1066/1898 958/1897
f 1066/1898 956/1899 1067/1900
f 954/1901 1067/1900 956/1899
f 1067/1900 954/1901 1068/1902
f 952/1903 1068/1902 954/1901
f 1068/1902 952/1903 1053/1872
f 950/1873 1053/1872 952/1903
f 1069/1904 762/1905 1070/1906
f 760/1907 1070/1906 762/1905
f 1070/1906 760/1907 1071/1908
f 758/1909 1071/1908 760/1907
f 1071/1908 758/1909 1072/1910
f 756/1911 1072/1910 758/1909
f 1072/1910 756/1911 1073/1912
f 754/1913 1073/1912 756/1911
f 1073/1912 754/1913 1074/1914
f 752/1915 1074/1914 754/1913
f 1074/1914 752/1915 1075/1916
f 750/1917 1075/1916 752/1915
f 1075/1916 750/1917 1076/1918
f 748/1919 1076/1918 750/1917
f 1076/1918 748/1919 1077/1920
f 746/1921 1077/1920 748/1919
f 1077/1920 746/1921 1078/1922
f 776/1923 1078/1922 746/1921
f 1078/1922 776/1923 1079/1924
f 774/1925 1079/1924 776/1923
f 1079/1924 774/1925 1080/1926
f 772/1927 1080/1926 774/1925
f 1080/1926 772/1927 1081/1928
f 770/1929 1081/1928 772/1927
f 1081/1928 770/1929 1082/1930
f 768/1931 1082/1930 770/1929
f 1082/1930 768/1931 1083/1932
f 766/1933 1083/1932 768/1931
f 1083/1932 766/1933 1084/1934
f 764/1935 1084/1934 766/1933
f 1084/1934 764/1935 1069/1904
f 762/1905 1069/1904 764/1935
f 798/1936 634/1937 800/1938
f 633/1939 800/1938 634/1937
f 800/1938 633/1939 802/1940
f 642/1941 802/1940 633/1939
f 802/1940 642/1941 804/1942
f 643/1943 804/1942 642/1941
f 804/1942 643/1943 806/1944
f 646/1945 806/1944 643/1943
f 806/1944 646/1945 808/1946
f 647/1947 808/1946 646/1945
f 808/1946 647/1947 778/1948
f 648/1949 778/1948 647/1947
f 778/1948 648/1949 780/1950
f 645/1951 780/1950 648/1949
f 780/1950 645/1951 782/1952
f 641/1953 782/1952 645/1951
f 782/1952 641/1953 784/1954
f 640/1955 784/1954 641/1953
f 784/1954 640/1955 786/1956
f 638/1957 786/1956 640/1955
f 786/1956 638/1957 788/1958
f 637/1959 788/1958 638/1957
f 788/1958 637/1959 790/1960
f 636/1961 790/1960 637/1959
f 790/1960 636/1961 792/1962
f 635/1963 792/1962 636/1961
f 792/1962 635/1963 794/1964
f 639/1965 794/1964 635/1963
f 794/1964 639/1965 796/1966
f 644/1967 796/1966 639/1965
f 796/1966 644/1967 798/1936
f 634/1937 798/1936 644/1967
f 777/1968 1085/1969 807/1970
f 1086/1971 807/1970 1085/1969
f 807/1970 1086/1971 805/1972
f 1087/1973 805/1972 1086/1971
f 805/1972 1087/1973 803/1974
f 1088/1975 803/1974 1087/1973
f 803/1974 1088/1975 801/1976
f 1089/1977 801/1976 1088/1975
f 801/1976 1089/1977 799/1978
f 1090/1979 799/1978 1089/1977
f 799/1978 1090/1979 797/1980
f 1091/1981 797/1980 1090/1979
f 797/1980 1091/1981 795/1982
f 1092/1983 795/1982 1091/1981
f 795/1982 1092/1983 793/1984
f 1093/1985 793/1984 1092/1983
f 793/1984 1093/1985 791/1986
f 1094/1987 791/1986 1093/1985
f 791/1986 1094/1987 789/1988
f 1095/1989 789/1988 1094/1987
f 789/1988 1095/1989 787/1990
f 1096/1991 787/1990 1095/1989
f 787/1990 1096/1991 785/1992
f 1097/1993 785/1992 1096/1991
f 785/1992 1097/1993 783/1994
f 1098/1995 783/1994 1097/1993
f 783/1994 1098/1995 781/1996
f 1099/1997 781/1996 1098/1995
f 781/1996 1099/1997 779/1998
f 1100/1999 779/1998 1099/1997
f 779/1998 1100/1999 777/1968
f 1085/1969 777/1968 1100/1999
f 1101/2000 811/2001 1102/2002
f 813/2003 1102/2002 811/2001
f 1102/2002 813/2003 1103/2004
f 815/2005 1103/2004 813/2003
f 1103/2004 815/2005 1104/2006
f 817/2007 1104/2006 815/2005
f 1104/2006 817/2007 1105/2008
f 819/2009 1105/2008 817/2007
f 1105/2008 819/2009 1106/2010
f 821/2011 1106/2010 819/2009
f 1106/2010 821/2011 1107/2012
f 823/2013 1107/2012 821/2011
f 1107/2012 823/2013 1108/2014
f 825/2015 1108/2014 823/2013
f 1108/2014 825/2015 1109/2016
f 827/2017 1109/2016 825/2015
f 1109/2016 827/2017 1110/2018
f 829/2019 1110/2018 827/2017
f 1110/2018 829/2019 1111/2020
f 831/2021 1111/2020 829/2019
f 1111/2020 831/2021 1112/2022
f 833/2023 1112/2022 831/2021
f 1112/2022 833/2023 1113/2024
f 835/2025 1113/2024 833/2023
f 1113/2024 835/2025 1114/2026
f 837/2027 1114/2026 835/2025
f 1114/2026 837/2027 1115/2028
f 839/2029 1115/2028 837/2027
f 1115/2028 839/2029 1116/2030
f 809/2031 1116/2030 839/2029
f 1116/2030 809/2031 1101/2000
f 811/2001 1101/2000 809/2031
f 862/2032 1117/2033 864/2034
f 1118/2035 864/2034 1117/2033
f 864/2034 1118/2035 866/2036
f 1119/2037 866/2036 1118/2035
f 866/2036 1119/2037 868/2038
f 1120/2039 868/2038 1119/2037
f 868/2038 1120/2039 870/2040
f 1121/2041 870/2040 1120/2039
f 870/2040 1121/2041 872/2042
f 1122/2043 872/2042 1121/2041
f 872/2042 1122/2043 842/2044
f 1123/2045 842/2044 1122/2043
f 842/2044 1123/2045 844/2046
f 1124/2047 844/2046 1123/2045
f 844/2046 1124/2047 846/2048
f 1125/2049 846/2048 1124/2047
f 846/2048 1125/2049 848/2050
f 1126/2051 848/2050 1125/2049
f 848/2050 1126/2051 850/2052
f 1127/2053 850/2052 1126/2051
f 850/2052 1127/2053 852/2054
f 1128/2055 852/2054 1127/2053
f 852/2054 1128/2055 854/2056
f 1129/2057 854/2056 1128/2055
f 854/2056 1129/2057 856/2058
f 1130/2059 856/2058 1129/2057
f 856/2058 1130/2059 858/2060
f 1131/2061 858/2060 1130/2059
f 858/2060 1131/2061 860/2062
f 1132/2063 860/2062 1131/2061
f 860/2062 1132/2063 862/2032
f 1117/2033 862/2032 1132/2063
f 875/2064 1133/2065 873/2066
f 1134/2067 873/2066 1133/2065
f 873/2066 1134/2067 903/2068
f 1135/2069 903/2068 1134/2067
f 903/2068 1135/2069 901/2070
f 1136/2071 901/2070 1135/2069
f 901/2070 1136/2071 899/2072
f 1137/2073 899/2072 1136/2071
f 899/2072 1137/2073 897/2074
f 1138/2075 897/2074 1137/2073
f 897/2074 1138/2075 895/2076
f 1139/2077 895/2076 1138/2075
f 895/2076 1139/2077 893/2078
f 1140/2079 893/2078 1139/2077
f 893/2078 1140/2079 891/2080
f 1141/2081 891/2080 1140/2079
f 891/2080 1141/2081 889/2082
f 1142/2083 889/2082 1141/2081
f 889/2082 1142/2083 887/2084
f 1143/2085 887/2084 1142/2083
f 887/2084 1143/2085 885/2086
f 1144/2087 885/2086 1143/2085
f 885/2086 1144/2087 883/2088
f 1145/2089 883/2088 1144/2087
f 883/2088 1145/2089 881/2090
f 1146/2091 881/2090 1145/2089
f 881/2090 1146/2091 879/2092
f 1147/2093 879/2092 1146/2091
f 879/2092 1147/2093 877/2094
f 1148/2095 877/2094 1147/2093
f 877/2094 1148/2095 875/2064
f 1133/2065 875/2064 1148/2095
f 1149/2096 810/2097 1150/2098
f 840/2099 1150/2098 810/2097
f 1150/2098 840/2099 1151/2100
f 838/2101 1151/2100 840/2099
f 1151/2100 838/2101 1152/2102
f 836/2103 1152/2102 838/2101
f 1152/2102 836/2103 1153/2104
f 834/2105 1153/2104 836/2103
f 1153/2104 834/2105 1154/2106
f 832/2107 1154/2106 834/2105
f 1154/2106 832/2107 1155/2108
f 830/2109 1155/2108 832/2107
f 1155/2108 830/2109 1156/2110
f 828/2111 1156/2110 830/2109
f 1156/2110 828/2111 1157/2112
f 826/2113 1157/2112 828/2111
f 1157/2112 826/2113 1158/2114
f 824/2115 1158/2114 826/2113
f 1158/2114 824/2115 1159/2116
f 822/2117 1159/2116 824/2115
f 1159/2116 822/2117 1160/2118
f 820/2119 1160/2118 822/2117
f 1160/2118 820/2119 1161/2120
f 818/2121 1161/2120 820/2119
f 1161/2120 818/2121 1162/2122
f 816/2123 1162/2122 818/2121
f 1162/2122 816/2123 1163/2124
f 814/2125 1163/2124 816/2123
f 1163/2124 814/2125 1164/2126
f 812/2127 1164/2126 814/2125
f 1164/2126 812/2127 1149/2096
f 810/2097 1149/2096 812/2127
f 880/2128 1165/2129 882/2130
f 1166/2131 882/2130 1165/2129
f 882/2130 1166/2131 884/2132
f 1167/2133 884/2132 1166/2131
f 884/2132 1167/2133 886/2134
f 1168/2135 886/2134 1167/2133
f 886/2134 1168/2135 888/2136
f 1169/2137 888/2136 1168/2135
f 888/2136 1169/2137 890/2138
f 1170/2139 890/2138 1169/2137
f 890/2138 1170/2139 892/2140
f 1171/2141 892/2140 1170/2139
f 892/2140 1171/2141 894/2142
f 1172/2143 894/2142 1171/2141
f 894/2142 1172/2143 896/2144
f 1173/2145 896/2144 1172/2143
f 896/2144 1173/2145 898/2146
f 1174/2147 898/2146 1173/2145
f 898/2146 1174/2147 900/2148
f 1175/2149 900/2148 1174/2147
f 900/2148 1175/2149 902/2150
f 1176/2151 902/2150 1175/2149
f 902/2150 1176/2151 904/2152
f 1177/2153 904/2152 1176/2151
f 904/2152 1177/2153 874/2154
f 1178/2155 874/2154 1177/2153
f 874/2154 1178/2155 876/2156
f 1179/2157 876/2156 1178/2155
f 876/2156 1179/2157 878/2158
f 1180/2159 878/2158 1179/2157
f 878/2158 1180/2159 880/2128
f 1165/2129 880/2128 1180/2159
f 907/2160 1181/2161 905/2162
f 1182/2163 905/2162 1181/2161
f 905/2162 1182/2163 935/2164
f 1183/2165 935/2164 1182/2163
f 935/2164 1183/2165 933/2166
f 1184/2167 933/2166 1183/2165
f 933/2166 1184/2167 931/2168
f 1185/2169 931/2168 1184/2167
f 931/2168 1185/2169 929/2170
f 1186/2171 929/2170 1185/2169
f 929/2170 1186/2171 927/2172
f 1187/2173 927/2172 1186/2171
f 927/2172 1187/2173 925/2174
f 1188/2175 925/2174 1187/2173
f 925/2174 1188/2175 923/2176
f 1189/2177 923/2176 1188/2175
f 923/2176 1189/2177 921/2178
f 1190/2179 921/2178 1189/2177
f 921/2178 1190/2179 919/2180
f 1191/2181 919/2180 1190/2179
f 919/2180 1191/2181 917/2182
f 1192/2183 917/2182 1191/2181
f 917/2182 1192/2183 915/2184
f 1193/2185 915/2184 1192/2183
f 915/2184 1193/2185 913/2186
f 1194/2187 913/2186 1193/2185
f 913/2186 1194/2187 911/2188
f 1195/2189 911/2188 1194/2187
f 911/2188 1195/2189 909/2190
f 1196/2191 909/2190 1195/2189
f 909/2190 1196/2191 907/2160
f 1181/2161 907/2160 1196/2191
f 1197/2192 957/2193 1198/2194
f 959/2195 1198/2194 957/2193
f 1198/2194 959/2195 1199/2196
f 961/2197 1199/2196 959/2195
f 1199/2196 961/2197 1200/2198
f 963/2199 1200/2198 961/2197
f 1200/2198 963/2199 1201/2200
f 965/2201 1201/2200 963/2199
f 1201/2200 965/2201 1202/2202
f 967/2203 1202/2202 965/2201
f 1202/2202 967/2203 1203/2204
f 937/2205 1203/2204 967/2203
f 1203/2204 937/2205 1204/2206
f 939/2207 1204/2206 937/2205
f 1204/2206 939/2207 1205/2208
f 941/2209 1205/2208 939/2207
f 1205/2208 941/2209 1206/2210
f 943/2211 1206/2210 941/2209
f 1206/2210 943/2211 1207/2212
f 945/2213 1207/2212 943/2211
f 1207/2212 945/2213 1208/2214
f 947/2215 1208/2214 945/2213
f 1208/2214 947/2215 1209/2216
f 949/2217 1209/2216 947/2215
f 1209/2216 949/2217 1210/2218
f 951/2219 1210/2218 949/2217
f 1210/2218 951/2219 1211/2220
f 953/2221 1211/2220 951/2219
f 1211/2220 953/2221 1212/2222
f 955/2223 1212/2222 953/2221
f 1212/2222 955/2223 1197/2192
f 957/2193 1197/2192 955/2223
f 912/2224 1213/2225 914/2226
f 1214/2227 914/2226 1213/2225
f 914/2226 1214/2227 916/2228
f 1215/2229 916/2228 1214/2227
f 916/2228 1215/2229 918/2230
f 1216/2231 918/2230 1215/2229
f 918/2230 1216/2231 920/2232
f 1217/2233 920/2232 1216/2231
f 920/2232 1217/2233 922/2234
f 1218/2235 922/2234 1217/2233
f 922/2234 1218/2235 924/2236
f 1219/2237 924/2236 1218/2235
f 924/2236 1219/2237 926/2238
f 1220/2239 926/2238 1219/2237
f 926/2238 1220/2239 928/2240
f 1221/2241 928/2240 1220/2239
f 928/2240 1221/2241 930/2242
f 1222/2243 930/2242 1221/2241
f 930/2242 1222/2243 932/2244
f 1223/2245 932/2244 1222/2243
f 932/2244 1223/2245 934/2246
f 1224/2247 934/2246 1223/2245
f 934/2246 1224/2247 936/2248
f 1225/2249 936/2248 1224/2247
f 936/2248 1225/2249 906/2250
f 1226/2251 906/2250 1225/2249
f 906/2250 1226/2251 908/2252
f 1227/2253 908/2252 1226/2251
f 908/2252 1227/2253 910/2254
f 1228/2255 910/2254 1227/2253
f 910/2254 1228/2255 912/2224
f 1213/2225 912/2224 1228/2255
f 841/2256 1229/2257 871/2258
f 1230/2259 871/2258 1229/2257
f 871/2258 1230/2259 869/2260
f 1231/2261 869/2260 1230/2259
f 869/2260 1231/2261 867/2262
f 1232/2263 867/2262 1231/2261
f 867/2262 1232/2263 865/2264
f 1233/2265 865/2264 1232/2263
f 865/2264 1233/2265 863/2266
f 1234/2267 863/2266 1233/2265
f 863/2266 1234/2267 861/2268
f 1235/2269 861/2268 1234/2267
f 861/2268 1235/2269 859/2270
f 1236/2271 859/2270 1235/2269
f 859/2270 1236/2271 857/2272
f 1237/2273 857/2272 1236/2271
f 857/2272 1237/2273 855/2274
f 1238/2275 855/2274 1237/2273
f 855/2274 1238/2275 853/2276
f 1239/2277 853/2276 1238/2275
f 853/2276 1239/2277 851/2278
f 1240/2279 851/2278 1239/2277
f 851/2278 1240/2279 849/2280
f 1241/2281 849/2280 1240/2279
f 849/2280 1241/2281 847/2282
f 1242/2283 847/2282 1241/2281
f 847/2282 1242/2283 845/2284
f 1243/2285 845/2284 1242/2283
f 845/2284 1243/2285 843/2286
f 1244/2287 843/2286 1243/2285
f 843/2286 1244/2287 841/2256
f 1229/2257 841/2256 1244/2287
f 1245/2288 989/2289 1246/2290
f 991/2291 1246/2290 989/2289
f 1246/2290 991/2291 1247/2292
f 993/2293 1247/2292 991/2291
f 1247/2292 993/2293 1248/2294
f 995/2295 1248/2294 993/2293
f 1248/2294 995/2295 1249/2296
f 997/2297 1249/2296 995/2295
f 1249/2296 997/2297 1250/2298
f 999/2299 1250/2298 997/2297
f 1250/2298 999/2299 1251/2300
f 969/2301 1251/2300 999/2299
f 1251/2300 969/2301 1252/2302
f 971/2303 1252/2302 969/2301
f 1252/2302 971/2303 1253/2304
f 973/2305 1253/2304 971/2303
f 1253/2304 973/2305 1254/2306
f 975/2307 1254/2306 973/2305
f 1254/2306 975/2307 1255/2308
f 977/2309 1255/2308 975/2307
f 1255/2308 977/2309 1256/2310
f 979/2311 1256/2310 977/2309
f 1256/2310 979/2311 1257/2312
f 981/2313 1257/2312 979/2311
f 1257/2312 981/2313 1258/2314
f 983/2315 1258/2314 981/2313
f 1258/2314 983/2315 1259/2316
f 985/2317 1259/2316 983/2315
f 1259/2316 985/2317 1260/2318
f 987/2319 1260/2318 985/2317
f 1260/2318 987/2319 1245/2288
f 989/2289 1245/2288 987/2319
f 1261/2320 970/2321 1262/2322
f 1000/2323 1262/2322 970/2321
f 1262/2322 1000/2323 1263/2324
f 998/2325 1263/2324 1000/2323
f 1263/2324 998/2325 1264/2326
f 996/2327 1264/2326 998/2325
f 1264/2326 996/2327 1265/2328
f 994/2329 1265/2328 996/2327
f 1265/2328 994/2329 1266/2330
f 992/2331 1266/2330 994/2329
f 1266/2330 992/2331 1267/2332
f 990/2333 1267/2332 992/2331
f 1267/2332 990/2333 1268/2334
f 988/2335 1268/2334 990/2333
f 1268/2334 988/2335 1269/2336
f 986/2337 1269/2336 988/2335
f 1269/2336 986/2337 1270/2338
f 984/2339 1270/2338 986/2337
f 1270/2338 984/2339 1271/2340
f 982/2341 1271/2340 984/2339
f 1271/2340 982/2341 1272/2342
f 980/2343 1272/2342 982/2341
f 1272/2342 980/2343 1273/2344
f 978/2345 1273/2344 980/2343
f 1273/2344 978/2345 1274/2346
f 976/2347 1274/2346 978/2345
f 1274/2346 976/2347 1275/2348
f 974/2349 1275/2348 976/2347
f 1275/2348 974/2349 1276/2350
f 972/2351 1276/2350 974/2349
f 1276/2350 972/2351 1261/2320
f 970/2321 1261/2320 972/2351
f 1277/2352 1278/2353 1279/2354
f 1277/2352 1279/2354 1280/2355
f 1281/2356 1282/2357 1283/2358
f 1281/2356 1283/2358 1284/2359
f 1278/2360 1277/2361 1284/2362
f 1278/2360 1284/2362 1283/2363
f 1280/2364 1279/2365 1282/2366
f 1280/2364 1282/2366 1281/2367
f 1285/2368 1286/2369 1287/2370
f 1285/2368 1287/2370 1288/2371
f 1289/2372 1290/2373 1291/2374
f 1289/2372 1291/2374 1292/2375
f 1286/2376 1285/2377 1292/2378
f 1286/2376 1292/2378 1291/2379
f 1288/2380 1287/2381 1290/2382
f 1288/2380 1290/2382 1289/2383
f 1293/2384 1294/2385 1295/2386
f 1293/2384 1295/2386 1296/2387
f 1297/2388 1298/2389 1299/2390
f 1297/2388 1299/2390 1300/2391
f 1294/2392 1293/2393 1300/2394
f 1294/2392 1300/2394 1299/2395
f 1296/2396 1295/2397 1298/2398
f 1296/2396 1298/2398 1297/2399
f 1301/2400 1302/2401 1303/2402
f 1301/2400 1303/2402 1304/2403
f 1305/2404 1306/2405 1307/2406
f 1305/2404 1307/2406 1308/2407
f 1306/2408 1305/2409 1304/2410
f 1306/2408 1304/2410 1303/2411
f 1308/2412 1307/2413 1302/2414
f 1308/2412 1302/2414 1301/2415
f 1309/2416 1310/2417 1311/2418
f 1309/2416 1311/2418 1312/2419
f 1313/2420 1314/2421 1315/2422
f 1313/2420 1315/2422 1316/2423
f 1310/2424 1309/2425 1316/2426
f 1310/2424 1316/2426 1315/2427
f 1312/2428 1311/2429 1314/2430
f 1312/2428 1314/2430 1313/2431
f 1317/2432 1318/2433 1319/2434
f 1317/2432 1319/2434 1320/2435
f 1321/2436 1322/2437 1323/2438
f 1321/2436 1323/2438 1324/2439
f 1320/2440 1319/2441 1324/2442
f 1320/2440 1324/2442 1323/2443
f 1322/2444 1321/2445 1318/2446
f 1322/2444 1318/2446 1317/2447
f 1279/2448 1278/2449 1283/2450
f 1279/2448 1283/2450 1282/2451
f 1287/2452 1286/2453 1291/2454
f 1287/2452 1291/2454 1290/2455
f 1295/2456 1294/2457 1299/2458
f 1295/2456 1299/2458 1298/2459
f 1307/2460 1306/2461 1303/2462
f 1307/2460 1303/2462 1302/2463
f 1311/2464 1310/2465 1315/2466
f 1311/2464 1315/2466 1314/2467
f 1318/2468 1321/2469 1324/2470
f 1318/2468 1324/2470 1319/2471
f 1325/2472 1326/2473 1327/2474
f 1325/2472 1327/2474 1328/2475
f 1329/2476 1330/2477 1331/2478
f 1329/2476 1331/2478 1332/2479
f 1326/2480 1325/2481 1332/2482
f 1326/2480 1332/2482 1331/2483
f 1328/2484 1327/2485 1330/2486
f 1328/2484 1330/2486 1329/2487
f 1333/2488 1334/2489 1335/2490
f 1333/2488 1335/2490 1336/2491
f 1337/2492 1338/2493 1339/2494
f 1337/2492 1339/2494 1340/2495
f 1334/2496 1333/2497 1340/2498
f 1334/2496 1340/2498 1339/2499
f 1336/2500 1335/2501 1338/2502
f 1336/2500 1338/2502 1337/2503
f 1327/2504 1326/2505 1331/2506
f 1327/2504 1331/2506 1330/2507
f 1335/2508 1334/2509 1339/2510
f 1335/2508 1339/2510 1338/2511
f 1341/2512 1342/2513 480/2514
f 1341/2512 480/2514 479/2515
f 1342/2516 1343/2517 481/2518
f 1342/2516 481/2518 480/2519
f 1343/2517 1344/2520 484/2521
f 1343/2517 484/2521 481/2518
f 1344/2522 1345/2523 485/2524
f 1344/2522 485/2524 484/2525
f 1345/2523 1346/2526 486/2527
f 1345/2523 486/2527 485/2524
f 1346/2528 1347/2529 487/2530
f 1346/2528 487/2530 486/2531
f 1347/2532 1348/2533 482/2534
f 1347/2532 482/2534 487/2535
f 1348/2533 1349/2536 483/2537
f 1348/2533 483/2537 482/2534
f 1349/2538 1350/2539 478/2540
f 1349/2538 478/2540 483/2541
f 1350/2539 1341/2542 479/2543
f 1350/2539 479/2543 478/2540
f 1351/2544 1352/2545 1353/2546
f 1354/2547 1353/2546 1352/2545
f 1353/2546 1354/2547 1355/2548
f 1356/2549 1355/2548 1354/2547
f 1355/2548 1356/2549 1357/2550
f 1358/2551 1357/2550 1356/2549
f 1357/2550 1358/2551 1359/2552
f 1360/2553 1359/2552 1358/2551
f 1361/2554 1362/2555 1363/2556
f 1364/2557 1363/2556 1362/2555
f 1363/2556 1364/2557 1365/2558
f 1366/2559 1365/2558 1364/2557
f 1365/2558 1366/2559 1367/2560
f 1368/2561 1367/2560 1366/2559
f 1367/2560 1368/2561 1369/2562
f 1370/2563 1369/2562 1368/2561
f 1371/2564 1372/2565 1373/2566
f 1374/2567 1373/2566 1372/2565
f 1373/2566 1374/2567 1375/2568
f 1376/2569 1375/2568 1374/2567
f 1375/2568 1376/2569 1377/2570
f 1378/2571 1377/2570 1376/2569
f 1377/2570 1378/2571 1379/2572
f 1380/2573 1379/2572 1378/2571
f 1381/2574 1382/2575 1383/2576
f 1384/2577 1383/2576 1382/2575
f 1383/2576 1384/2577 1385/2578
f 1386/2579 1385/2578 1384/2577
f 1385/2578 1386/2579 1387/2580
f 1388/2581 1387/2580 1386/2579
f 1387/2580 1388/2581 1389/2582
f 1390/2583 1389/2582 1388/2581
f 1391/2584 1392/2585 1352/2586
f 1391/2584 1352/2586 1351/2587
f 1392/2588 1393/2589 1354/2590
f 1392/2588 1354/2590 1352/2591
f 1394/2592 1395/2593 1358/2594
f 1394/2592 1358/2594 1356/2595
f 1396/2596 1391/2584 1351/2587
f 1396/2596 1351/2587 1353/2597
f 1395/2598 1397/2599 1360/2600
f 1395/2598 1360/2600 1358/2601
f 1398/2602 1396/2603 1353/2604
f 1398/2602 1353/2604 1355/2605
f 1399/2606 1359/2607 1360/2608
f 1399/2606 1360/2608 1397/2609
f 1399/2606 1400/2610 1357/2611
f 1399/2606 1357/2611 1359/2607
f 1355/2605 1357/2612 1400/2613
f 1355/2605 1400/2613 1398/2602
f 1356/2595 1354/2614 1393/2615
f 1356/2595 1393/2615 1394/2592
f 1362/2616 1361/2617 1401/2618
f 1362/2616 1401/2618 1402/2619
f 1361/2620 1363/2621 1403/2622
f 1361/2620 1403/2622 1401/2623
f 1365/2624 1367/2625 1404/2626
f 1365/2624 1404/2626 1405/2627
f 1364/2628 1362/2616 1402/2619
f 1364/2628 1402/2619 1406/2629
f 1367/2630 1369/2631 1407/2632
f 1367/2630 1407/2632 1404/2633
f 1366/2634 1364/2635 1406/2636
f 1366/2634 1406/2636 1408/2637
f 1407/2638 1369/2639 1370/2640
f 1407/2638 1370/2640 1409/2641
f 1370/2640 1368/2642 1410/2643
f 1370/2640 1410/2643 1409/2641
f 1408/2637 1410/2644 1368/2645
f 1408/2637 1368/2645 1366/2634
f 1405/2627 1403/2646 1363/2647
f 1405/2627 1363/2647 1365/2624
f 1375/2648 1377/2649 1411/2650
f 1375/2648 1411/2650 1412/2651
f 1376/2652 1374/2653 1413/2654
f 1376/2652 1413/2654 1414/2655
f 1415/2656 1413/2657 1374/2658
f 1415/2656 1374/2658 1372/2659
f 1415/2656 1372/2659 1371/2660
f 1415/2656 1371/2660 1416/2661
f 1414/2655 1417/2662 1378/2663
f 1414/2655 1378/2663 1376/2652
f 1418/2664 1416/2665 1371/2666
f 1418/2664 1371/2666 1373/2667
f 1417/2668 1419/2669 1380/2670
f 1417/2668 1380/2670 1378/2671
f 1412/2651 1418/2672 1373/2673
f 1412/2651 1373/2673 1375/2648
f 1420/2674 1411/2675 1377/2676
f 1420/2674 1377/2676 1379/2677
f 1419/2669 1420/2678 1379/2679
f 1419/2669 1379/2679 1380/2670
f 1385/2680 1387/2681 1421/2682
f 1385/2680 1421/2682 1422/2683
f 1386/2684 1384/2685 1423/2686
f 1386/2684 1423/2686 1424/2687
f 1425/2688 1423/2689 1384/2690
f 1425/2688 1384/2690 1382/2691
f 1425/2688 1382/2691 1381/2692
f 1425/2688 1381/2692 1426/2693
f 1424/2687 1427/2694 1388/2695
f 1424/2687 1388/2695 1386/2684
f 1428/2696 1426/2697 1381/2698
f 1428/2696 1381/2698 1383/2699
f 1427/2700 1429/2701 1390/2702
f 1427/2700 1390/2702 1388/2703
f 1422/2683 1428/2704 1383/2705
f 1422/2683 1383/2705 1385/2680
f 1430/2706 1421/2707 1387/2708
f 1430/2706 1387/2708 1389/2709
f 1429/2701 1430/2710 1389/2711
f 1429/2701 1389/2711 1390/2702
f 488/2712 498/2713 496/2714
f 497/2715 499/2716 491/2717
f 494/2718 492/2719 489/2720
f 489/2720 488/2712 496/2714
f 489/2720 496/2714 494/2718
f 490/2721 493/2722 495/2723
f 495/2723 497/2715 491/2717
f 495/2723 491/2717 490/2721
f 524/2724 534/2725 532/2726
f 533/2727 535/2728 527/2729
f 530/2730 528/2731 525/2732
f 525/2732 524/2724 532/2726
f 525/2732 532/2726 530/2730
f 526/2733 529/2734 531/2735
f 531/2735 533/2727 527/2729
f 531/2735 527/2729 526/2733
o nobu__N
v -28.987997 32.374733 57.977127
v -28.974127 32.625759 57.911827
v -28.736109 32.316555 56.773796
v -28.749979 32.065529 56.839092
v -28.841125 35.031506 57.285999
v -28.827723 35.273956 57.222923
v -28.589706 34.964752 56.084885
v -28.603109 34.722290 56.147957
v -28.142578 35.273396 57.366360
v -28.155985 35.030933 57.429440
v -27.917969 34.721733 56.291409
v -27.904564 34.964195 56.228329
v -28.288971 32.625202 58.055271
v -28.302855 32.374176 58.120571
v -28.064835 32.064976 56.982540
v -28.050964 32.315998 56.917240
v -28.205359 35.354946 57.666515
v -28.218761 35.112495 57.729599
v -28.351751 32.706749 58.355431
v -28.365631 32.455727 58.420734
v -28.890501 35.355511 57.523071
v -28.903908 35.113052 57.586147
v -29.036892 32.707317 58.211971
v -29.050776 32.456284 58.277275
vt 0.046944 -0.007813
vt 0.046944 -0.028782
vt 0.195311 -0.028782
vt 0.195311 -0.007813
vt 0.046944 -0.229746
vt 0.046944 -0.250000
vt 0.195313 -0.250000
vt 0.195313 -0.229746
vt 0.046944 -0.250000
vt 0.046944 -0.229746
vt 0.195313 -0.229746
vt 0.195313 -0.250000
vt 0.046944 -0.028782
vt 0.046944 -0.007813
vt 0.195311 -0.007813
vt 0.195311 -0.028782
vt 0.007812 -0.250000
vt 0.007812 -0.229746
vt 0.007812 -0.028782
vt 0.007812 -0.007813
vt 0.007812 -0.250000
vt 0.007812 -0.229746
vt 0.007812 -0.028782
vt 0.007812 -0.007813
vt 0.742188 -0.109375
vt 0.835938 -0.109375
vt 0.835938 -0.273438
vt 0.742188 -0.273438
vt 0.742188 -0.109375
vt 0.835938 -0.109375
vt 0.835938 -0.273438
vt 0.742188 -0.273438
vt 0.882813 -0.953125
vt 0.960938 -0.953125
vt 0.882813 -0.934831
vt 0.960938 -0.934831
vt 0.882813 -0.753315
vt 0.960938 -0.753315
vt 0.882813 -0.734375
vt 0.960938 -0.734375
vt 0.781250 -0.750000
vt 0.781250 -0.790762
vt 0.867188 -0.790762
vt 0.867188 -0.750000
vt 0.781250 -0.750000
vt 0.781250 -0.790762
vt 0.867188 -0.790762
vt 0.867188 -0.750000
vt 0.781250 -0.945313
vt 0.867188 -0.945313
vt 0.781250 -0.945313
vt 0.867188 -0.945313
usemtl HBe01t30
s 1
f 1431/2736 1432/2737 1433/2738
f 1431/2736 1433/2738 1434/2739
f 1435/2740 1436/2741 1437/2742
f 1435/2740 1437/2742 1438/2743
f 1439/2744 1440/2745 1441/2746
f 1439/2744 1441/2746 1442/2747
f 1443/2748 1444/2749 1445/2750
f 1443/2748 1445/2750 1446/2751
f 1439/2744 1447/2752 1440/2745
f 1448/2753 1440/2745 1447/2752
f 1440/2745 1448/2753 1443/2748
f 1449/2754 1443/2748 1448/2753
f 1443/2748 1449/2754 1444/2749
f 1450/2755 1444/2749 1449/2754
f 1451/2756 1436/2741 1452/2757
f 1435/2740 1452/2757 1436/2741
f 1452/2757 1435/2740 1453/2758
f 1432/2737 1453/2758 1435/2740
f 1453/2758 1432/2737 1454/2759
f 1431/2736 1454/2759 1432/2737
f 1432/2760 1443/2761 1446/2762
f 1432/2760 1446/2762 1433/2763
f 1440/2764 1435/2765 1438/2766
f 1440/2764 1438/2766 1441/2767
f 1447/2768 1451/2769 1448/2770
f 1452/2771 1448/2770 1451/2769
f 1448/2770 1452/2771 1449/2772
f 1453/2773 1449/2772 1452/2771
f 1449/2772 1453/2773 1450/2774
f 1454/2775 1450/2774 1453/2773
f 1454/2776 1431/2777 1444/2778
f 1454/2776 1444/2778 1450/2779
f 1447/2780 1439/2781 1436/2782
f 1447/2780 1436/2782 1451/2783
f 1436/2782 1439/2781 1442/2784
f 1436/2782 1442/2784 1437/2785
f 1444/2778 1431/2777 1434/2786
f 1444/2778 1434/2786 1445/2787
o win2__CFN
v -52.433556 23.340855 -50.602180
v -49.275566 23.748135 -52.421608
v -49.674877 14.390103 -51.865829
v -57.356758 11.492515 -47.373520
v -57.833244 15.151915 -47.229168
v -55.708031 8.267525 -48.203175
v -53.138058 5.967934 -49.591782
v -57.064945 18.688625 -47.792049
v 7.407429 53.499115 56.608051
v 9.063368 64.128021 53.220085
v 4.660818 63.811935 52.982388
v -46.880112 5.351092 -53.147369
v -50.038109 4.943812 -51.327961
v 13.216828 62.818195 53.976418
v -46.175606 22.724010 -54.157799
v -44.144833 7.127788 54.773071
v -42.248714 10.003359 55.957523
v -49.674862 14.390138 51.865829
v -41.480415 13.540069 56.520409
v -41.956902 17.199469 56.376041
v 0.679428 61.918053 53.299484
v -2.274692 58.734695 54.123112
v 4.660802 63.811905 -53.358932
v 9.063353 64.127991 -53.596634
v 7.407412 53.499084 -56.984577
v -3.526978 50.560627 -57.106888
v -3.751788 54.746475 -55.704403
v -1.634509 46.814365 -58.493587
v 1.637531 44.078026 -59.653366
v -2.274708 58.734665 -54.499641
v 10.193530 43.084290 -60.647373
v 5.790981 42.768196 -60.409683
v 13.216811 62.818165 -54.352966
v 16.488852 60.081825 -55.512741
v -46.880096 5.351128 53.147385
v 18.606131 52.149715 -58.301910
v 17.129042 48.161518 -59.506668
v 14.174931 44.978165 -60.330288
v 1.637549 44.078072 59.276848
v 5.790999 42.768242 60.033154
v 18.381321 56.335564 -56.899429
v 38.315346 71.311539 49.570889
v 39.591156 80.264793 45.274200
v 35.694347 80.200905 45.672829
v 28.401068 72.890060 49.773159
v 28.675999 69.323357 51.410770
v 30.421227 66.052597 52.771194
v -57.833229 15.151944 47.229176
v -57.356743 11.492544 47.373535
v 33.371086 63.575737 53.647282
v 29.638317 76.209740 48.107647
v 37.076466 62.269836 53.905685
v 40.973282 62.333725 53.507053
v 43.296551 78.958893 45.532612
v 0.679412 61.918022 -53.676022
v -43.605637 20.424412 -55.546398
v 46.246407 76.482025 46.408699
v 10.193549 43.084335 60.270859
v -41.480431 13.540030 -56.520409
v -42.248730 10.003321 -55.957516
v -52.433540 23.340885 50.602180
v -55.168812 21.564224 48.976498
v 47.029308 66.324890 51.072227
v 48.266556 69.644554 49.406731
v 38.315331 71.311508 -49.570950
v 47.991623 73.211243 -47.769173
v 48.266541 69.644524 -49.406792
v 17.129061 48.161564 59.130131
v 18.606150 52.149746 57.925381
v -55.708015 8.267555 48.203190
v 46.246391 76.481995 -46.408760
v 44.468231 63.757645 -52.512127
v 40.973267 62.333694 -53.507107
v 47.029293 66.324860 -51.072289
v 14.174949 44.978210 59.953754
v 43.296535 78.958862 -45.532673
v -1.634491 46.814396 58.117054
v -55.168827 21.564194 -48.976498
v 32.199364 78.776932 -46.667858
v 35.694332 80.200874 -45.672890
v 37.076450 62.269806 -53.905739
v 33.371071 63.575706 -53.647335
v 39.591141 80.264763 -45.274261
v 29.638302 76.209709 -48.107700
v 28.401052 72.890030 -49.773212
v 30.421211 66.052567 -52.771248
v 44.468246 63.757675 52.512074
v 32.199379 78.776962 46.667797
v -53.138042 5.967966 49.591797
v -50.038094 4.943848 51.327976
v 47.991638 73.211273 47.769112
v -43.605621 20.424450 55.546398
v -57.064930 18.688656 47.792049
v -3.526961 50.560658 56.730366
v -3.751772 54.746506 55.327877
v -44.144848 7.127752 -54.773064
v 18.381338 56.335594 56.522888
v -26.700716 46.616013 -55.011322
v -21.581749 46.894104 -55.884392
v -24.013290 34.135849 -58.597694
v -36.830738 30.852551 -57.052734
v -36.889767 35.897396 -55.791977
v -34.817257 26.298151 -58.551643
v -31.155870 22.927551 -60.060497
v -34.985355 40.664642 -54.961296
v -21.285009 21.531981 -62.222641
v -26.403980 21.253901 -61.349571
v -16.829849 45.220436 -57.173492
v -13.168459 41.849831 -58.682331
v 16.488867 60.081856 55.136196
v -11.095959 32.250576 -61.441986
v -13.000380 27.483341 -62.272667
v -16.578289 23.719471 -62.546795
v -11.154989 37.295429 -60.181244
v -41.956917 17.199430 -56.376041
v -46.175591 22.724049 54.157799
v -49.275551 23.748165 52.421608
v -31.407438 44.428524 -54.687172
v 28.675983 69.323326 -51.410824
vt 0.649486 -0.970370
vt 0.570970 -0.919600
vt 0.742102 -0.753989
vt 0.518508 -0.843617
vt 0.570970 -0.919600
vt 0.500085 -0.753989
vt 0.518508 -0.843617
vt 0.649486 -0.970370
vt 0.742102 -0.753989
vt 0.570970 -0.919600
vt 0.649486 -0.970370
vt 0.649486 -0.970370
vt 0.570970 -0.919600
vt 0.518508 -0.843617
vt 0.518508 -0.843617
vt 0.742102 -0.988199
vt 0.649486 -0.970370
vt 0.742102 -0.753989
vt 0.570970 -0.919600
vt 0.518508 -0.843617
vt 0.742102 -0.988199
vt 0.649486 -0.970370
vt 0.649486 -0.970370
vt 0.570970 -0.919600
vt 0.742102 -0.753989
vt 0.518508 -0.843617
vt 0.570970 -0.919600
vt 0.500085 -0.753989
vt 0.518508 -0.843617
vt 0.649486 -0.970370
vt 0.649486 -0.970370
vt 0.570970 -0.919600
vt 0.518508 -0.843617
vt 0.500085 -0.753989
vt 0.649486 -0.970370
vt 0.570970 -0.919600
vt 0.649486 -0.970370
vt 0.742102 -0.988199
vt 0.518508 -0.843617
vt 0.570970 -0.919600
vt 0.518508 -0.843617
vt 0.742102 -0.753989
vt 0.570970 -0.919600
vt 0.649486 -0.970370
vt 0.570970 -0.919600
vt 0.518508 -0.843617
vt 0.500085 -0.753989
vt 0.570970 -0.919600
vt 0.518508 -0.843617
vt 0.518508 -0.843617
vt 0.649486 -0.970370
vt 0.570970 -0.919600
vt 0.649486 -0.970370
vt 0.518508 -0.843617
vt 0.742102 -0.988199
vt 0.500085 -0.753989
vt 0.500085 -0.753989
vt 0.649486 -0.970370
vt 0.570970 -0.919600
vt 0.649486 -0.970370
vt 0.649486 -0.970370
vt 0.742102 -0.988199
vt 0.649486 -0.970370
vt 0.570970 -0.919600
vt 0.742102 -0.753989
vt 0.518508 -0.843617
vt 0.570970 -0.919600
vt 0.649486 -0.970370
vt 0.570970 -0.919600
vt 0.500085 -0.753989
vt 0.500085 -0.753989
vt 0.742102 -0.988199
vt 0.649486 -0.970370
vt 0.649486 -0.970370
vt 0.742102 -0.988199
vt 0.518508 -0.843617
vt 0.500085 -0.753989
vt 0.742102 -0.988199
vt 0.742102 -0.988199
vt 0.649486 -0.970370
vt 0.570970 -0.919600
vt 0.518508 -0.843617
vt 0.570970 -0.919600
vt 0.649486 -0.970370
vt 0.570970 -0.919600
vt 0.500085 -0.753989
vt 0.742102 -0.988199
vt 0.742102 -0.988199
vt 0.518508 -0.843617
vt 0.570970 -0.919600
vt 0.518508 -0.843617
vt 0.500085 -0.753989
vt 0.649486 -0.970370
vt 0.518508 -0.843617
vt 0.570970 -0.919600
vt 0.742102 -0.988199
vt 0.518508 -0.843617
vt 0.649486 -0.970370
vt 0.570970 -0.919600
vt 0.742102 -0.753989
vt 0.518508 -0.843617
vt 0.570970 -0.919600
vt 0.500085 -0.753989
vt 0.518508 -0.843617
vt 0.649486 -0.970370
vt 0.649486 -0.970370
vt 0.570970 -0.919600
vt 0.518508 -0.843617
vt 0.500085 -0.753989
vt 0.500085 -0.753989
vt 0.570970 -0.919600
vt 0.649486 -0.970370
vt 0.742102 -0.988199
vt 0.518508 -0.843617
vt 0.518508 -0.843617
vt 0.518508 -0.843617
vt 0.570970 -0.919600
vt 0.742102 -0.988199
vt 0.518508 -0.843617
usemtl HBe01t18
s 1
f 1455/2788 1456/2789 1457/2790
f 1457/2790 1458/2791 1459/2792
f 1457/2790 1460/2793 1458/2791
f 1457/2790 1461/2794 1460/2793
f 1459/2792 1462/2795 1457/2790
f 1463/2796 1464/2797 1465/2798
f 1466/2799 1467/2800 1457/2790
f 1468/2801 1464/2797 1463/2796
f 1457/2790 1456/2789 1469/2802
f 1470/2803 1471/2804 1472/2805
f 1473/2806 1474/2807 1472/2805
f 1475/2808 1476/2809 1463/2796
f 1465/2798 1475/2808 1463/2796
f 1477/2810 1478/2811 1479/2812
f 1479/2812 1480/2813 1481/2814
f 1479/2812 1482/2815 1480/2813
f 1479/2812 1483/2816 1482/2815
f 1481/2814 1484/2817 1479/2812
f 1485/2818 1486/2819 1479/2812
f 1479/2812 1478/2811 1487/2820
f 1487/2820 1488/2821 1479/2812
f 1489/2822 1470/2803 1472/2805
f 1479/2812 1490/2823 1491/2824
f 1479/2812 1491/2824 1492/2825
f 1493/2826 1494/2827 1463/2796
f 1479/2812 1495/2828 1490/2823
f 1496/2829 1497/2830 1498/2831
f 1499/2832 1500/2833 1496/2829
f 1479/2812 1488/2821 1495/2828
f 1479/2812 1492/2825 1485/2818
f 1500/2833 1501/2834 1496/2829
f 1502/2835 1503/2836 1472/2805
f 1501/2834 1504/2837 1496/2829
f 1496/2829 1505/2838 1499/2832
f 1496/2829 1506/2839 1507/2840
f 1508/2841 1497/2830 1496/2829
f 1479/2812 1509/2842 1477/2810
f 1479/2812 1486/2819 1483/2816
f 1469/2802 1510/2843 1457/2790
f 1479/2812 1484/2817 1509/2842
f 1496/2829 1511/2844 1508/2841
f 1463/2796 1494/2827 1512/2845
f 1457/2790 1513/2846 1514/2847
f 1515/2848 1516/2849 1472/2805
f 1517/2850 1518/2851 1496/2829
f 1519/2852 1520/2853 1521/2854
f 1522/2855 1523/2856 1463/2796
f 1503/2836 1524/2857 1472/2805
f 1519/2852 1525/2858 1520/2853
f 1519/2852 1526/2859 1527/2860
f 1519/2852 1528/2861 1526/2859
f 1519/2852 1521/2854 1528/2861
f 1529/2862 1522/2855 1463/2796
f 1530/2863 1525/2858 1519/2852
f 1531/2864 1493/2826 1463/2796
f 1457/2790 1462/2795 1532/2865
f 1519/2852 1533/2866 1534/2867
f 1519/2852 1535/2868 1536/2869
f 1519/2852 1537/2870 1530/2863
f 1519/2852 1538/2871 1533/2866
f 1457/2790 1467/2800 1461/2794
f 1457/2790 1532/2865 1455/2788
f 1527/2860 1535/2868 1519/2852
f 1539/2872 1538/2871 1519/2852
f 1519/2852 1536/2869 1540/2873
f 1541/2874 1517/2850 1496/2829
f 1498/2831 1542/2875 1496/2829
f 1543/2876 1544/2877 1472/2805
f 1518/2851 1545/2878 1496/2829
f 1474/2807 1546/2879 1472/2805
f 1516/2849 1547/2880 1472/2805
f 1548/2881 1531/2864 1463/2796
f 1545/2878 1511/2844 1496/2829
f 1507/2840 1541/2874 1496/2829
f 1549/2882 1548/2881 1463/2796
f 1457/2790 1514/2847 1550/2883
f 1523/2856 1551/2884 1463/2796
f 1552/2885 1553/2886 1554/2887
f 1554/2887 1555/2888 1556/2889
f 1554/2887 1557/2890 1555/2888
f 1554/2887 1558/2891 1557/2890
f 1556/2889 1559/2892 1554/2887
f 1560/2893 1561/2894 1554/2887
f 1554/2887 1553/2886 1562/2895
f 1562/2895 1563/2896 1554/2887
f 1551/2884 1564/2897 1463/2796
f 1554/2887 1565/2898 1566/2899
f 1554/2887 1566/2899 1567/2900
f 1463/2796 1476/2809 1549/2882
f 1554/2887 1568/2901 1565/2898
f 1524/2857 1543/2876 1472/2805
f 1472/2805 1547/2880 1502/2835
f 1554/2887 1563/2896 1568/2901
f 1554/2887 1567/2900 1560/2893
f 1542/2875 1505/2838 1496/2829
f 1457/2790 1569/2902 1513/2846
f 1472/2805 1544/2877 1489/2822
f 1504/2837 1506/2839 1496/2829
f 1457/2790 1510/2843 1569/2902
f 1570/2903 1571/2904 1472/2805
f 1554/2887 1572/2905 1552/2885
f 1554/2887 1561/2894 1558/2891
f 1472/2805 1571/2904 1515/2848
f 1554/2887 1559/2892 1572/2905
f 1463/2796 1564/2897 1468/2801
f 1512/2845 1529/2862 1463/2796
f 1472/2805 1546/2879 1570/2903
f 1457/2790 1550/2883 1466/2799
f 1471/2804 1473/2806 1472/2805
f 1519/2852 1540/2873 1573/2906
f 1519/2852 1573/2906 1539/2872
f 1534/2867 1537/2870 1519/2852
o nuki__A40
v 105.758583 44.395000 -15.678370
v 101.639473 34.563530 -22.269585
v 89.990273 48.290112 -19.280918
v 113.734299 34.701733 -14.715948
v 107.811768 27.348003 -24.921844
v 118.383186 26.216496 -15.383426
v 118.899147 18.431522 -26.581583
v 116.049408 42.941811 -0.000032
v 121.961685 34.235050 0.841200
v 107.729446 43.816608 14.784060
v 114.391258 35.898659 13.033853
v 89.990250 48.290127 19.154451
v 101.310974 37.174698 20.020134
v 128.170868 26.552830 0.223852
v 119.915894 26.763033 12.436943
v 108.961426 28.890749 22.534515
v 128.778595 18.970312 -18.396866
v 132.635468 18.507021 -0.000026
v 127.842728 20.401274 11.022594
v 118.734894 18.898228 23.734795
vt 0.000248 -0.122267
vt 0.165447 -0.000439
vt 0.000248 -0.000439
vt 0.165447 -0.122267
vt 0.330647 -0.000439
vt 0.330647 -0.122267
vt 0.495846 -0.000439
vt 0.000248 -0.244096
vt 0.165447 -0.244096
vt 0.000248 -0.122267
vt 0.165447 -0.122267
vt 0.000248 -0.000439
vt 0.165447 -0.000439
vt 0.330647 -0.244096
vt 0.330647 -0.122267
vt 0.330647 -0.000439
vt 0.495846 -0.122267
vt 0.495846 -0.244096
vt 0.495846 -0.122267
vt 0.495846 -0.000439
usemtl HBe01t18
s 1
f 1574/2907 1575/2908 1576/2909
f 1577/2910 1578/2911 1575/2908
f 1579/2912 1580/2913 1578/2911
f 1575/2908 1574/2907 1577/2910
f 1581/2914 1577/2910 1574/2907
f 1577/2910 1581/2914 1582/2915
f 1583/2916 1582/2915 1581/2914
f 1582/2915 1583/2916 1584/2917
f 1585/2918 1584/2917 1583/2916
f 1584/2917 1585/2918 1586/2919
f 1578/2911 1577/2910 1579/2912
f 1582/2915 1579/2912 1577/2910
f 1579/2912 1582/2915 1587/2920
f 1584/2917 1587/2920 1582/2915
f 1587/2920 1584/2917 1588/2921
f 1586/2919 1588/2921 1584/2917
f 1588/2921 1586/2919 1589/2922
f 1580/2913 1579/2912 1590/2923
f 1587/2920 1590/2923 1579/2912
f 1590/2923 1587/2920 1591/2924
f 1588/2921 1591/2924 1587/2920
f 1591/2924 1588/2921 1592/2925
f 1589/2922 1592/2925 1588/2921
f 1592/2925 1589/2922 1593/2926
o kaidan
v -42.271667 -0.007226 102.168320
v -43.392235 -0.007226 103.489037
v -43.392235 9.082434 103.489037
v -42.271667 9.082433 102.168320
v -43.364502 3.549417 114.395638
v -45.450249 3.549417 114.016090
v -45.449909 -0.097412 114.014244
v -43.364170 -0.097412 114.393784
v -41.688175 -0.007226 103.799126
v -41.688175 9.082434 103.799126
v -21.989916 -0.007232 86.779488
v -23.110495 -0.007232 88.100204
v -23.110495 17.584921 88.100204
v -21.989916 17.584917 86.779488
v -21.406437 -0.007232 88.410294
v -21.406437 17.584921 88.410294
v -39.030087 -0.007232 83.678703
v -40.150669 -0.007232 84.999428
v -40.150669 17.584917 84.999420
v -39.030087 17.584917 83.678696
v -38.446609 -0.007232 85.309517
v -38.446609 17.584917 85.309509
v -25.231495 -0.007226 105.269104
v -26.352064 -0.007226 106.589828
v -26.352064 9.082434 106.589821
v -25.231495 9.082434 105.269104
v -26.428253 3.549418 117.477501
v -28.513994 3.549418 117.097969
v -28.513662 -0.097412 117.096123
v -26.427921 -0.097412 117.475670
v -24.648005 -0.007226 106.899910
v -24.648005 9.082434 106.899910
v -18.209679 -0.007236 71.372971
v -18.793159 -0.007238 69.742172
v -18.793159 23.882982 69.742165
v -18.209679 23.882982 71.372963
v -35.249847 -0.007238 68.272194
v -35.833340 -0.007238 66.641380
v -35.833340 23.882982 66.641365
v -35.249847 23.882982 68.272179
v -36.953907 -0.007238 67.962105
v -36.953907 23.882982 67.962090
v -19.913738 -0.007236 71.062881
v -19.913738 23.882982 71.062874
v -41.826824 12.294861 93.170677
v -41.831215 15.922272 93.194740
v -39.745476 15.922272 93.574287
v -39.741096 11.706751 93.550224
v -38.187737 23.806042 73.562378
v -36.101997 23.806042 73.941933
v -36.101929 27.432684 73.941551
v -38.187679 27.432684 73.562012
v -22.804834 12.294863 96.632095
v -24.890575 12.294861 96.252556
v -21.252449 23.711216 76.649582
v -19.166708 23.711216 77.029114
v -22.809214 15.922273 96.656174
v -24.894955 15.922272 96.276627
v -21.252377 27.430506 76.649216
v -19.166637 27.430506 77.028755
v -37.593281 24.195028 77.909683
v -37.596127 21.752527 77.910881
v -20.941677 21.753767 80.940399
v -20.926647 24.195028 80.942497
v -42.759785 7.338294 106.273033
v -42.760284 4.873554 106.275719
v -26.093641 4.873556 109.308533
v -26.093153 7.338295 109.305840
v -42.009827 9.794502 102.151680
v -42.008705 7.325524 102.145485
v -25.351906 7.325524 105.176514
v -25.353035 9.794504 105.182693
v -41.248528 12.196143 97.967995
v -41.247726 9.794502 97.963608
v -24.590935 9.794502 100.994637
v -24.591724 12.196143 100.999008
v -40.505112 14.691891 93.882614
v -40.504326 12.784260 93.878288
v -23.847525 12.196143 96.909317
v -23.848316 14.691892 96.913651
v -39.740845 17.234692 89.682602
v -39.742638 14.691888 89.692451
v -23.085836 14.691891 92.723480
v -23.084047 17.235910 92.713631
v -38.949711 19.632298 85.334976
v -38.951511 17.234688 85.344841
v -22.294706 17.234692 88.375870
v -22.292906 19.632301 88.366013
v -38.226658 21.753767 81.361511
v -38.229240 19.632298 81.375717
v -21.572447 19.632298 84.406738
v -21.569857 21.753767 84.392540
v -44.150063 2.561158 113.851067
v -44.152641 -0.032042 113.865273
v -27.495853 -0.032042 116.896301
v -27.493261 2.561158 116.882088
v -43.516682 4.891646 110.399246
v -43.517174 2.558676 110.401932
v -26.850542 2.558678 113.434753
v -26.850054 4.891648 113.432053
v -36.842197 24.182251 73.782143
v -20.185400 24.182255 76.813171
v -16.017820 23.711208 61.449986
v -16.017750 27.430498 61.449612
v -18.103491 27.430498 61.070076
v -35.038872 23.806038 57.983257
v -32.953133 23.806038 58.362797
v -32.953072 27.432680 58.362427
v -35.038811 27.432680 57.982876
v -18.103559 23.711208 61.070446
v -18.784410 24.147243 69.423279
v -17.280670 24.093239 61.373653
v -33.958714 24.093239 58.338768
v -35.462460 24.147243 66.388382
vt 0.491896 -0.501234
vt 0.375292 -0.501234
vt 0.375292 -0.994860
vt 0.491896 -0.994860
vt 0.492129 -0.993815
vt 0.375059 -0.993815
vt 0.375059 -0.502278
vt 0.492129 -0.502278
vt 0.491896 -0.501234
vt 0.375292 -0.501234
vt 0.375292 -0.994860
vt 0.491896 -0.994860
vt 0.491896 -0.501234
vt 0.375292 -0.501234
vt 0.375292 -0.994860
vt 0.491896 -0.994860
vt 0.491896 -0.501234
vt 0.375292 -0.501234
vt 0.375292 -0.994860
vt 0.491896 -0.994860
vt 0.491896 -0.501234
vt 0.375292 -0.501234
vt 0.375292 -0.994860
vt 0.491896 -0.994860
vt 0.491896 -0.501234
vt 0.375292 -0.501234
vt 0.375292 -0.994860
vt 0.491896 -0.994860
vt 0.491896 -0.501234
vt 0.375292 -0.501234
vt 0.375292 -0.994860
vt 0.491896 -0.994860
vt 0.491896 -0.501234
vt 0.375292 -0.501234
vt 0.375292 -0.994860
vt 0.491896 -0.994860
vt 0.491896 -0.501234
vt 0.375292 -0.501234
vt 0.375292 -0.994860
vt 0.491896 -0.994860
vt 0.491896 -0.501234
vt 0.375292 -0.501234
vt 0.375292 -0.994860
vt 0.491896 -0.994860
vt 0.492129 -0.993815
vt 0.375059 -0.993815
vt 0.375059 -0.502278
vt 0.492129 -0.502278
vt 0.491896 -0.501234
vt 0.375292 -0.501234
vt 0.375292 -0.994860
vt 0.491896 -0.994860
vt 0.491896 -0.501234
vt 0.375292 -0.501234
vt 0.375292 -0.994860
vt 0.491896 -0.994860
vt 0.491896 -0.501234
vt 0.375292 -0.501234
vt 0.375292 -0.994860
vt 0.491896 -0.994860
vt 0.491896 -0.501234
vt 0.375292 -0.501234
vt 0.375292 -0.994860
vt 0.491896 -0.994860
vt 0.491896 -0.501234
vt 0.375292 -0.501234
vt 0.375292 -0.994860
vt 0.491896 -0.994860
vt 0.491896 -0.501234
vt 0.375292 -0.501234
vt 0.375292 -0.994860
vt 0.491896 -0.994860
vt 0.491896 -0.501234
vt 0.375292 -0.501234
vt 0.375292 -0.994860
vt 0.491896 -0.994860
vt 0.491896 -0.501234
vt 0.375292 -0.501234
vt 0.375292 -0.994860
vt 0.491896 -0.994860
vt 0.490998 -0.761459
vt 0.492129 -0.501051
vt 0.375154 -0.500742
vt 0.375514 -0.761459
vt 0.490998 -0.761459
vt 0.492129 -0.501051
vt 0.375154 -0.500742
vt 0.375514 -0.761459
vt 0.375514 -0.761459
vt 0.375059 -0.995351
vt 0.491054 -0.995351
vt 0.490998 -0.761459
vt 0.375514 -0.761459
vt 0.375059 -0.995351
vt 0.491054 -0.995351
vt 0.490998 -0.761459
vt 0.375059 -0.995351
vt 0.491054 -0.995351
vt 0.490998 -0.761459
vt 0.492129 -0.501051
vt 0.375154 -0.500742
vt 0.375514 -0.761459
vt 0.375059 -0.995351
vt 0.491054 -0.995351
vt 0.490998 -0.761459
vt 0.492129 -0.501051
vt 0.375154 -0.500742
vt 0.375514 -0.761459
vt 0.492129 -0.501051
vt 0.375154 -0.500742
vt 0.375059 -0.995351
vt 0.491054 -0.995351
vt 0.492129 -0.501051
vt 0.375154 -0.500742
vt 0.375514 -0.761459
vt 0.375059 -0.995351
vt 0.491054 -0.995351
vt 0.490998 -0.761459
vt 0.490998 -0.761459
vt 0.492129 -0.501051
vt 0.375154 -0.500742
vt 0.375514 -0.761459
vt 0.375059 -0.995351
vt 0.491054 -0.995351
vt 0.375059 -0.995351
vt 0.491054 -0.995351
vt 0.492129 -0.501051
vt 0.375154 -0.500742
vt 0.370381 -0.503906
vt 0.275870 -0.503906
vt 0.275870 -0.750000
vt 0.370381 -0.750000
vt 0.370381 -0.503906
vt 0.275870 -0.503906
vt 0.275870 -0.750000
vt 0.370381 -0.750000
vt 0.370381 -0.503906
vt 0.275870 -0.503906
vt 0.275870 -0.750000
vt 0.370381 -0.750000
vt 0.370381 -0.503906
vt 0.275870 -0.503906
vt 0.275870 -0.750000
vt 0.370381 -0.750000
vt 0.370381 -0.503906
vt 0.275870 -0.503906
vt 0.275870 -0.750000
vt 0.370381 -0.750000
vt 0.370381 -0.503906
vt 0.275870 -0.503906
vt 0.275870 -0.750000
vt 0.370381 -0.750000
vt 0.370381 -0.503906
vt 0.275870 -0.503906
vt 0.275870 -0.750000
vt 0.370381 -0.750000
vt 0.370381 -0.503906
vt 0.275870 -0.503906
vt 0.275870 -0.750000
vt 0.370381 -0.750000
vt 0.370381 -0.750000
vt 0.275870 -0.750000
vt 0.275870 -0.503906
vt 0.370381 -0.503906
vt 0.275870 -0.503906
vt 0.370381 -0.503906
vt 0.370381 -0.750000
vt 0.275870 -0.750000
vt 0.371816 -0.751063
vt 0.255385 -0.751063
vt 0.255385 -0.505115
vt 0.371816 -0.505115
vt 0.371816 -0.751063
vt 0.255385 -0.751063
vt 0.255385 -0.505115
vt 0.371816 -0.505115
vt 0.371816 -0.505115
vt 0.255385 -0.505115
vt 0.255385 -0.751063
vt 0.371816 -0.751063
vt 0.371816 -0.751063
vt 0.255385 -0.751063
vt 0.255385 -0.505115
vt 0.371816 -0.505115
vt 0.371816 -0.751063
vt 0.255385 -0.751063
vt 0.255385 -0.505115
vt 0.371816 -0.505115
vt 0.255385 -0.751063
vt 0.371816 -0.751063
vt 0.371816 -0.505115
vt 0.255385 -0.505115
vt 0.371816 -0.505115
vt 0.255385 -0.505115
vt 0.255385 -0.751063
vt 0.371816 -0.751063
vt 0.255385 -0.751063
vt 0.371816 -0.751063
vt 0.371816 -0.505115
vt 0.255385 -0.505115
vt 0.371816 -0.505115
vt 0.255385 -0.505115
vt 0.255385 -0.751063
vt 0.371816 -0.751063
vt 0.255385 -0.505115
vt 0.371816 -0.505115
vt 0.371816 -0.751063
vt 0.255385 -0.751063
vt 0.492187 -0.992187
vt 0.380032 -0.991864
vt 0.378906 -0.816406
vt 0.491062 -0.816730
vt 0.492187 -0.992187
vt 0.380032 -0.991864
vt 0.378906 -0.816406
vt 0.491062 -0.816730
vt 0.492187 -0.992187
vt 0.380032 -0.991864
vt 0.378906 -0.816406
vt 0.491062 -0.816730
vt 0.492187 -0.992187
vt 0.380032 -0.991864
vt 0.378906 -0.816406
vt 0.491062 -0.816730
vt 0.492187 -0.992187
vt 0.380032 -0.991864
vt 0.378906 -0.816406
vt 0.491062 -0.816730
vt 0.492187 -0.992187
vt 0.380032 -0.991864
vt 0.378906 -0.816406
vt 0.491062 -0.816730
vt 0.492187 -0.992187
vt 0.380032 -0.991864
vt 0.378906 -0.816406
vt 0.491062 -0.816730
vt 0.492187 -0.992187
vt 0.380032 -0.991864
vt 0.378906 -0.816406
vt 0.491062 -0.816730
vt 0.253906 -0.750000
vt 0.371094 -0.749693
vt 0.371094 -0.503906
vt 0.253906 -0.504213
vt 0.253906 -0.750000
vt 0.371094 -0.749693
vt 0.371094 -0.503906
vt 0.253906 -0.504213
usemtl HBe01t18
s 1
f 1594/2927 1595/2928 1596/2929
f 1594/2927 1596/2929 1597/2930
f 1598/2931 1599/2932 1600/2933
f 1598/2931 1600/2933 1601/2934
f 1595/2935 1602/2936 1603/2937
f 1595/2935 1603/2937 1596/2938
f 1602/2939 1594/2940 1597/2941
f 1602/2939 1597/2941 1603/2942
f 1604/2943 1605/2944 1606/2945
f 1604/2943 1606/2945 1607/2946
f 1605/2947 1608/2948 1609/2949
f 1605/2947 1609/2949 1606/2950
f 1610/2951 1611/2952 1612/2953
f 1610/2951 1612/2953 1613/2954
f 1611/2955 1614/2956 1615/2957
f 1611/2955 1615/2957 1612/2958
f 1614/2959 1610/2960 1613/2961
f 1614/2959 1613/2961 1615/2962
f 1608/2963 1604/2964 1607/2965
f 1608/2963 1607/2965 1609/2966
f 1616/2967 1617/2968 1618/2969
f 1616/2967 1618/2969 1619/2970
f 1620/2971 1621/2972 1622/2973
f 1620/2971 1622/2973 1623/2974
f 1624/2975 1616/2976 1619/2977
f 1624/2975 1619/2977 1625/2978
f 1617/2979 1624/2980 1625/2981
f 1617/2979 1625/2981 1618/2982
f 1626/2983 1627/2984 1628/2985
f 1626/2983 1628/2985 1629/2986
f 1630/2987 1631/2988 1632/2989
f 1630/2987 1632/2989 1633/2990
f 1634/2991 1630/2992 1633/2993
f 1634/2991 1633/2993 1635/2994
f 1631/2995 1634/2996 1635/2997
f 1631/2995 1635/2997 1632/2998
f 1636/2999 1626/3000 1629/3001
f 1636/2999 1629/3001 1637/3002
f 1627/3003 1636/3004 1637/3005
f 1627/3003 1637/3005 1628/3006
f 1638/3007 1600/3008 1599/3009
f 1638/3007 1599/3009 1639/3010
f 1640/3011 1598/3012 1601/3013
f 1640/3011 1601/3013 1641/3014
f 1638/3015 1642/3016 1643/3017
f 1638/3015 1643/3017 1641/3018
f 1640/3019 1644/3020 1645/3021
f 1640/3019 1645/3021 1639/3022
f 1641/3014 1643/3023 1644/3024
f 1641/3014 1644/3024 1640/3011
f 1646/3025 1623/3026 1622/3027
f 1646/3025 1622/3027 1647/3028
f 1647/3028 1648/3029 1649/3030
f 1647/3028 1649/3030 1646/3025
f 1650/3031 1620/3032 1623/3033
f 1650/3031 1623/3033 1646/3034
f 1639/3022 1599/3035 1598/3036
f 1639/3022 1598/3036 1640/3019
f 1639/3010 1645/3037 1642/3038
f 1639/3010 1642/3038 1638/3007
f 1641/3018 1601/3039 1600/3040
f 1641/3018 1600/3040 1638/3015
f 1651/3041 1652/3042 1648/3043
f 1651/3041 1648/3043 1647/3044
f 1651/3045 1621/3046 1620/3047
f 1651/3045 1620/3047 1650/3048
f 1650/3048 1653/3049 1652/3050
f 1650/3048 1652/3050 1651/3045
f 1646/3034 1649/3051 1653/3052
f 1646/3034 1653/3052 1650/3031
f 1647/3044 1622/3053 1621/3054
f 1647/3044 1621/3054 1651/3041
f 1654/3055 1655/3056 1656/3057
f 1654/3055 1656/3057 1657/3058
f 1658/3059 1659/3060 1660/3061
f 1658/3059 1660/3061 1661/3062
f 1662/3063 1663/3064 1664/3065
f 1662/3063 1664/3065 1665/3066
f 1666/3067 1667/3068 1668/3069
f 1666/3067 1668/3069 1669/3070
f 1670/3071 1671/3072 1672/3073
f 1670/3071 1672/3073 1673/3074
f 1674/3075 1675/3076 1676/3077
f 1674/3075 1676/3077 1677/3078
f 1678/3079 1679/3080 1680/3081
f 1678/3079 1680/3081 1681/3082
f 1682/3083 1683/3084 1684/3085
f 1682/3083 1684/3085 1685/3086
f 1686/3087 1687/3088 1688/3089
f 1686/3087 1688/3089 1689/3090
f 1690/3091 1691/3092 1692/3093
f 1690/3091 1692/3093 1693/3094
f 1694/3095 1654/3096 1657/3097
f 1694/3095 1657/3097 1695/3098
f 1663/3099 1658/3100 1661/3101
f 1663/3099 1661/3101 1664/3102
f 1667/3103 1662/3104 1665/3105
f 1667/3103 1665/3105 1668/3106
f 1671/3107 1666/3108 1669/3109
f 1671/3107 1669/3109 1672/3110
f 1675/3111 1670/3112 1673/3113
f 1675/3111 1673/3113 1676/3114
f 1679/3115 1674/3116 1677/3117
f 1679/3115 1677/3117 1680/3118
f 1683/3119 1678/3120 1681/3121
f 1683/3119 1681/3121 1684/3122
f 1655/3123 1682/3124 1685/3125
f 1655/3123 1685/3125 1656/3126
f 1691/3127 1686/3128 1689/3129
f 1691/3127 1689/3129 1692/3130
f 1659/3131 1690/3132 1693/3133
f 1659/3131 1693/3133 1660/3134
f 1653/3135 1649/3136 1696/3137
f 1653/3135 1696/3137 1697/3138
f 1652/3139 1653/3140 1697/3141
f 1652/3139 1697/3141 1698/3142
f 1643/3143 1642/3144 1699/3145
f 1643/3143 1699/3145 1700/3146
f 1645/3147 1644/3148 1701/3149
f 1645/3147 1701/3149 1702/3150
f 1644/3151 1643/3152 1700/3153
f 1644/3151 1700/3153 1701/3154
f 1649/3155 1648/3156 1703/3157
f 1649/3155 1703/3157 1696/3158
f 1642/3159 1645/3160 1702/3161
f 1642/3159 1702/3161 1699/3162
f 1648/3163 1652/3164 1698/3165
f 1648/3163 1698/3165 1703/3166
f 1704/3167 1705/3168 1706/3169
f 1704/3167 1706/3169 1707/3170
f 1707/3171 1694/3172 1695/3173
f 1707/3171 1695/3173 1704/3174
o hane__N
v 78.350502 102.600983 -20.014006
v 73.128662 109.915047 -7.644697
v 100.351471 117.537262 -4.520763
v 103.439423 113.212059 -11.835432
v 86.799629 90.766571 -24.738663
v 108.435883 106.213715 -14.629380
v 95.248741 78.932205 -20.014000
v 113.432327 99.215385 -11.835429
v 100.470581 71.618149 -7.644688
v 116.520294 94.890167 -4.520758
v 100.470581 71.618156 7.644622
v 116.520294 94.890167 4.520672
v 95.248734 78.932213 20.013929
v 113.432327 99.215385 11.835330
v 86.799622 90.766609 24.738575
v 108.435883 106.213715 14.629290
v 78.350502 102.600983 20.013924
v 103.439423 113.212059 11.835326
v 73.128662 109.915047 7.644613
v 100.351471 117.537262 4.520657
v 83.006798 127.077728 -4.679023
v 77.751495 148.054291 -11.471160
v 80.837563 149.692520 -10.526132
v 86.741379 129.060196 -4.032235
v 78.621155 147.970398 -4.605221
v 86.044388 128.690201 0.090435
v 82.365845 126.737457 -0.546654
v 75.581390 146.356735 -5.536079
v 81.604500 126.333305 4.150697
v 74.265877 144.021637 1.210321
v 77.305626 145.635284 2.141171
v 85.283058 128.286041 4.787795
v 80.907509 125.963318 8.273376
v 73.267616 141.309341 7.131233
v 84.642097 127.945793 8.920166
v 76.353683 142.947586 8.076262
v 87.673645 113.029312 8.061871
v 92.291527 114.787163 8.061869
v 87.708298 113.047714 4.638491
v 87.708298 113.047714 0.742500
v 87.673645 113.029312 -2.680870
v 92.291527 114.787163 -2.680872
v 92.256889 114.768768 0.742498
v 92.256889 114.768768 4.638490
v 89.729866 117.166336 24.482819
v 86.873093 134.606873 38.675522
v 90.312889 135.723648 38.821861
v 93.650963 118.873856 24.411488
v 90.924110 129.832901 41.625572
v 94.982086 115.513947 26.546480
v 91.119820 113.832031 26.616716
v 87.535942 128.732895 41.481426
v 92.668159 110.022835 29.045872
v 89.165054 122.056717 43.820587
v 92.553215 123.156731 43.964737
v 96.530449 111.704750 28.975618
v 93.999290 106.662933 31.180882
v 90.572502 115.797813 45.322437
v 97.920387 108.370453 31.109550
v 94.012299 116.914604 45.468796
v 96.592186 99.881279 18.515963
v 100.890778 102.109810 17.530830
v 94.961372 102.354950 16.800611
v 93.067329 105.147209 14.852623
v 91.369614 107.580605 13.144602
v 95.668198 109.809135 12.159459
v 97.299011 107.335464 13.874801
v 99.193054 104.543205 15.822801
v 107.346062 92.991661 30.101734
v 115.890297 93.624397 51.086571
v 119.118660 95.052864 50.287880
v 111.011299 95.076378 29.383602
v 119.628288 89.311890 47.170681
v 112.390152 91.646080 27.395933
v 108.779900 89.592636 28.103275
v 116.448364 87.904877 47.957382
v 110.380417 85.706543 25.835068
v 117.407219 82.216812 43.550156
v 120.587128 83.623833 42.763454
v 113.990669 87.759987 25.127726
v 111.759293 82.276245 23.847404
v 117.869194 77.351746 39.131107
v 115.424515 84.360947 23.129276
v 121.097580 78.780212 38.332436
v 106.211357 87.496101 11.394006
v 109.871384 90.666031 10.408865
v 104.578163 89.973282 13.102025
v 102.684143 92.765533 15.050024
v 100.988785 95.195419 16.765375
v 104.648811 98.365349 15.780231
v 106.281998 95.888184 14.072204
v 108.176033 93.095924 12.124204
v 118.997734 74.374214 6.344538
v 136.544479 61.735130 13.136660
v 139.207703 63.996746 12.191628
v 122.220596 77.111084 5.697746
v 136.788086 62.574173 6.270720
v 121.619110 76.600311 1.575076
v 118.444580 73.904503 2.212168
v 134.164810 60.346500 7.201580
v 117.787560 73.346558 -2.485192
v 131.508789 59.987644 0.455180
v 134.132050 62.215309 -0.475670
v 120.962090 76.042374 -3.122283
v 117.186089 72.835777 -6.607861
v 128.619598 60.063019 -5.465729
v 120.408943 75.572655 -7.254653
v 131.282837 62.324631 -6.410760
v 107.670570 83.904816 -6.396344
v 111.011314 87.545456 -6.396346
v 107.700470 83.930222 -2.972974
v 107.700470 83.930222 0.923026
v 107.670570 83.904816 4.346396
v 111.011307 87.545441 4.346395
v 110.981422 87.520073 0.923025
v 110.981422 87.520073 -2.972975
v 112.274681 83.929855 -24.341724
v 127.422890 74.826759 -38.534443
v 129.732407 77.609825 -38.680782
v 115.311050 86.941673 -24.270407
v 124.485146 80.355888 -41.484493
v 112.681435 89.420807 -26.405399
v 109.690628 86.454170 -26.475634
v 122.210281 77.614578 -41.340332
v 106.723907 89.301254 -28.904787
v 116.609619 81.596802 -43.679504
v 118.884476 84.338104 -43.823654
v 109.714729 92.267914 -28.834539
v 104.094315 91.780403 -31.039806
v 111.314728 85.218765 -45.181366
v 107.130676 94.792229 -30.968468
v 113.624252 88.001839 -45.327713
v 98.752060 96.697113 -18.374886
v 102.412086 99.867035 -17.389750
v 100.447403 94.267212 -16.659536
v 102.341446 91.474968 -14.711535
v 103.974617 88.997787 -13.003514
v 107.634651 92.167717 -12.018376
v 105.939301 94.597618 -13.733716
v 104.045280 97.389870 -15.681717
v 94.279289 107.837814 -30.101830
v 98.026482 115.542549 -51.086674
v 100.547417 118.013924 -50.287983
v 97.571503 110.472450 -29.383699
v 95.401749 120.610199 -47.170784
v 94.894157 113.021973 -27.396032
v 91.651321 110.426849 -28.103371
v 92.918648 118.175903 -47.957481
v 88.632446 113.350853 -25.835173
v 87.988243 121.169998 -43.550262
v 90.471352 123.604294 -42.763554
v 91.875290 115.945961 -25.127823
v 85.955109 115.900383 -23.847513
v 83.638809 123.398140 -39.131214
v 89.247322 118.535034 -23.129381
v 86.159744 125.869522 -38.332531
v 88.753662 108.815582 -11.394100
v 93.052254 111.044113 -10.408961
v 90.451393 106.382187 -13.102118
v 92.345428 103.589920 -15.050117
v 93.976234 101.116257 -16.765469
v 98.274826 103.344780 -15.780328
v 96.577103 105.778175 -14.072299
v 94.683067 108.570435 -12.124301
v 113.062538 113.703110 4.734105
v 115.061111 110.903778 5.851686
v 117.059692 108.104446 4.734107
v 106.105072 118.425957 -3.616624
v 108.575424 114.965790 -9.468354
v 112.572594 109.367111 -11.703524
v 116.569740 103.768456 -9.468351
v 119.040123 100.308273 -3.616620
v 119.040123 100.308273 3.616520
v 116.569740 103.768456 9.468258
v 112.572594 109.367111 11.703417
v 108.575424 114.965790 9.468255
v 106.105072 118.425957 3.616516
v 111.827354 115.433189 1.808235
v 111.827354 115.433189 -1.808335
v 113.062538 113.703110 -4.734205
v 115.061119 110.903770 -5.851783
v 117.059692 108.104446 -4.734203
v 118.294876 106.374352 -1.808332
v 118.294876 106.374352 1.808238
vt 0.990196 -0.977783
vt 0.990196 -0.022220
vt 0.009803 -0.217462
vt 0.009803 -0.782540
vt 0.990196 -0.977783
vt 0.990196 -0.022220
vt 0.009803 -0.217462
vt 0.009803 -0.782540
vt 0.990196 -0.977783
vt 0.990196 -0.022220
vt 0.009803 -0.217462
vt 0.009803 -0.782540
vt 0.990196 -0.977783
vt 0.990196 -0.022220
vt 0.009803 -0.217462
vt 0.009803 -0.782540
vt 0.990196 -0.977783
vt 0.990196 -0.022220
vt 0.009803 -0.217462
vt 0.009803 -0.782540
vt 0.990196 -0.977783
vt 0.990196 -0.022220
vt 0.009803 -0.217462
vt 0.009803 -0.782540
vt 0.990196 -0.977783
vt 0.990196 -0.022220
vt 0.009803 -0.217462
vt 0.009803 -0.782540
vt 0.990196 -0.977783
vt 0.990196 -0.022220
vt 0.009803 -0.217462
vt 0.009803 -0.782540
vt 0.990196 -0.977783
vt 0.990196 -0.022220
vt 0.009803 -0.217462
vt 0.009803 -0.782540
vt 0.990196 -0.977783
vt 0.990196 -0.022220
vt 0.009803 -0.217462
vt 0.009803 -0.782540
vt 0.445313 -0.675829
vt 0.890180 -0.675829
vt 0.890180 -0.991692
vt 0.445313 -0.991692
vt 0.445312 -0.000496
vt 0.890180 -0.000496
vt 0.890180 -0.316359
vt 0.445313 -0.316359
vt 0.445313 -0.675829
vt 0.890180 -0.675829
vt 0.890180 -0.991692
vt 0.445313 -0.991692
vt 0.445313 -0.316359
vt 0.890180 -0.316359
vt 0.890180 -0.675829
vt 0.445313 -0.675829
vt 0.445312 -0.000496
vt 0.890180 -0.000496
vt 0.445312 -0.000496
vt 0.890180 -0.000496
vt 0.890180 -0.316359
vt 0.445313 -0.316359
vt 0.890180 -0.991692
vt 0.445313 -0.991692
vt 0.000445 -0.316359
vt 0.000445 -0.000496
vt 0.000445 -0.316359
vt 0.000445 -0.000496
vt 0.000445 -0.675829
vt 0.000445 -0.991692
vt 0.000445 -0.991692
vt 0.000445 -0.675829
vt 0.000445 -0.316359
vt 0.000445 -0.000496
vt 0.000445 -0.675829
vt 0.000445 -0.991692
vt 0.445313 -0.675829
vt 0.890180 -0.675829
vt 0.890180 -0.991692
vt 0.445313 -0.991692
vt 0.445312 -0.000496
vt 0.890180 -0.000496
vt 0.890180 -0.316359
vt 0.445313 -0.316359
vt 0.445313 -0.675829
vt 0.890180 -0.675829
vt 0.890180 -0.991692
vt 0.445313 -0.991692
vt 0.445313 -0.316359
vt 0.890180 -0.316359
vt 0.890180 -0.675829
vt 0.445313 -0.675829
vt 0.445312 -0.000496
vt 0.890180 -0.000496
vt 0.445312 -0.000496
vt 0.890180 -0.000496
vt 0.890180 -0.316359
vt 0.445313 -0.316359
vt 0.890180 -0.991692
vt 0.445313 -0.991692
vt 0.000445 -0.316359
vt 0.000445 -0.000496
vt 0.000445 -0.316359
vt 0.000445 -0.000496
vt 0.000445 -0.675829
vt 0.000445 -0.991692
vt 0.000445 -0.991692
vt 0.000445 -0.675829
vt 0.000445 -0.316359
vt 0.000445 -0.000496
vt 0.000445 -0.675829
vt 0.000445 -0.991692
vt 0.445313 -0.675829
vt 0.890180 -0.675829
vt 0.890180 -0.991692
vt 0.445313 -0.991692
vt 0.445312 -0.000496
vt 0.890180 -0.000496
vt 0.890180 -0.316359
vt 0.445313 -0.316359
vt 0.445313 -0.675829
vt 0.890180 -0.675829
vt 0.890180 -0.991692
vt 0.445313 -0.991692
vt 0.445313 -0.316359
vt 0.890180 -0.316359
vt 0.890180 -0.675829
vt 0.445313 -0.675829
vt 0.445312 -0.000496
vt 0.890180 -0.000496
vt 0.445312 -0.000496
vt 0.890180 -0.000496
vt 0.890180 -0.316359
vt 0.445313 -0.316359
vt 0.890180 -0.991692
vt 0.445313 -0.991692
vt 0.000445 -0.316359
vt 0.000445 -0.000496
vt 0.000445 -0.316359
vt 0.000445 -0.000496
vt 0.000445 -0.675829
vt 0.000445 -0.991692
vt 0.000445 -0.991692
vt 0.000445 -0.675829
vt 0.000445 -0.316359
vt 0.000445 -0.000496
vt 0.000445 -0.675829
vt 0.000445 -0.991692
vt 0.445313 -0.675829
vt 0.890180 -0.675829
vt 0.890180 -0.991692
vt 0.445313 -0.991692
vt 0.445312 -0.000496
vt 0.890180 -0.000496
vt 0.890180 -0.316359
vt 0.445313 -0.316359
vt 0.445313 -0.675829
vt 0.890180 -0.675829
vt 0.890180 -0.991692
vt 0.445313 -0.991692
vt 0.445313 -0.316359
vt 0.890180 -0.316359
vt 0.890180 -0.675829
vt 0.445313 -0.675829
vt 0.445312 -0.000496
vt 0.890180 -0.000496
vt 0.445312 -0.000496
vt 0.890180 -0.000496
vt 0.890180 -0.316359
vt 0.445313 -0.316359
vt 0.890180 -0.991692
vt 0.445313 -0.991692
vt 0.000445 -0.316359
vt 0.000445 -0.000496
vt 0.000445 -0.316359
vt 0.000445 -0.000496
vt 0.000445 -0.675829
vt 0.000445 -0.991692
vt 0.000445 -0.991692
vt 0.000445 -0.675829
vt 0.000445 -0.316359
vt 0.000445 -0.000496
vt 0.000445 -0.675829
vt 0.000445 -0.991692
vt 0.445313 -0.675829
vt 0.890180 -0.675829
vt 0.890180 -0.991692
vt 0.445313 -0.991692
vt 0.445312 -0.000496
vt 0.890180 -0.000496
vt 0.890180 -0.316359
vt 0.445313 -0.316359
vt 0.445313 -0.675829
vt 0.890180 -0.675829
vt 0.890180 -0.991692
vt 0.445313 -0.991692
vt 0.445313 -0.316359
vt 0.890180 -0.316359
vt 0.890180 -0.675829
vt 0.445313 -0.675829
vt 0.445312 -0.000496
vt 0.890180 -0.000496
vt 0.445312 -0.000496
vt 0.890180 -0.000496
vt 0.890180 -0.316359
vt 0.445313 -0.316359
vt 0.890180 -0.991692
vt 0.445313 -0.991692
vt 0.000445 -0.316359
vt 0.000445 -0.000496
vt 0.000445 -0.316359
vt 0.000445 -0.000496
vt 0.000445 -0.675829
vt 0.000445 -0.991692
vt 0.000445 -0.991692
vt 0.000445 -0.675829
vt 0.000445 -0.316359
vt 0.000445 -0.000496
vt 0.000445 -0.675829
vt 0.000445 -0.991692
vt 0.445313 -0.675829
vt 0.890180 -0.675829
vt 0.890180 -0.991692
vt 0.445313 -0.991692
vt 0.445312 -0.000496
vt 0.890180 -0.000496
vt 0.890180 -0.316359
vt 0.445313 -0.316359
vt 0.445313 -0.675829
vt 0.890180 -0.675829
vt 0.890180 -0.991692
vt 0.445313 -0.991692
vt 0.445313 -0.316359
vt 0.890180 -0.316359
vt 0.890180 -0.675829
vt 0.445313 -0.675829
vt 0.445312 -0.000496
vt 0.890180 -0.000496
vt 0.445312 -0.000496
vt 0.890180 -0.000496
vt 0.890180 -0.316359
vt 0.445313 -0.316359
vt 0.890180 -0.991692
vt 0.445313 -0.991692
vt 0.000445 -0.316359
vt 0.000445 -0.000496
vt 0.000445 -0.316359
vt 0.000445 -0.000496
vt 0.000445 -0.675829
vt 0.000445 -0.991692
vt 0.000445 -0.991692
vt 0.000445 -0.675829
vt 0.000445 -0.316359
vt 0.000445 -0.000496
vt 0.000445 -0.675829
vt 0.000445 -0.991692
vt 0.845782 -0.000496
vt 0.138593 -0.000496
vt 0.840477 -0.316359
vt 0.143898 -0.316359
vt 0.840477 -0.675829
vt 0.143898 -0.675829
vt 0.845782 -0.991692
vt 0.138593 -0.991692
vt 0.845782 -0.000496
vt 0.138593 -0.000496
vt 0.840477 -0.316359
vt 0.143898 -0.316359
vt 0.840477 -0.675829
vt 0.143898 -0.675829
vt 0.845782 -0.991692
vt 0.138593 -0.991692
vt 0.845782 -0.000496
vt 0.138593 -0.000496
vt 0.840477 -0.316359
vt 0.143898 -0.316359
vt 0.840477 -0.675829
vt 0.143898 -0.675829
vt 0.845782 -0.991692
vt 0.138593 -0.991692
vt 0.845782 -0.000496
vt 0.138593 -0.000496
vt 0.840477 -0.316359
vt 0.143898 -0.316359
vt 0.840477 -0.675829
vt 0.143898 -0.675829
vt 0.845782 -0.991692
vt 0.138593 -0.991692
vt 0.845782 -0.000496
vt 0.138593 -0.000496
vt 0.840477 -0.316359
vt 0.143898 -0.316359
vt 0.840477 -0.675829
vt 0.143898 -0.675829
vt 0.845782 -0.991692
vt 0.138593 -0.991692
vt 0.845782 -0.000496
vt 0.138593 -0.000496
vt 0.840477 -0.316359
vt 0.143898 -0.316359
vt 0.840477 -0.675829
vt 0.143898 -0.675829
vt 0.845782 -0.991692
vt 0.138593 -0.991692
vt 0.823273 -0.908975
vt 0.811523 -0.870952
vt 0.823273 -0.832928
vt 0.972594 -0.949094
vt 0.922820 -0.908975
vt 0.996093 -0.873047
vt 0.934570 -0.870952
vt 0.972594 -0.949094
vt 0.922820 -0.908975
vt 0.996093 -0.873047
vt 0.934570 -0.870952
vt 0.972594 -0.949094
vt 0.922820 -0.908975
vt 0.996093 -0.873047
vt 0.934570 -0.870952
vt 0.972594 -0.949094
vt 0.922820 -0.908975
vt 0.996093 -0.873047
vt 0.934570 -0.870952
vt 0.972594 -0.949094
vt 0.922820 -0.908975
vt 0.996093 -0.873047
vt 0.934570 -0.870952
vt 0.773500 -0.797000
vt 0.750000 -0.873047
vt 0.773500 -0.949094
vt 0.835023 -0.996094
vt 0.854035 -0.932475
vt 0.911070 -0.996094
vt 0.892058 -0.932475
vt 0.972594 -0.949094
vt 0.922820 -0.908975
vt 0.996093 -0.873047
vt 0.934570 -0.870952
vt 0.972594 -0.797000
vt 0.922820 -0.832928
vt 0.911070 -0.750000
vt 0.892058 -0.809428
vt 0.835023 -0.750000
vt 0.854035 -0.809428
usemtl HBe01t16
s 1
f 1708/3175 1709/3176 1710/3177
f 1708/3175 1710/3177 1711/3178
f 1712/3179 1708/3180 1711/3181
f 1712/3179 1711/3181 1713/3182
f 1714/3183 1712/3184 1713/3185
f 1714/3183 1713/3185 1715/3186
f 1716/3187 1714/3188 1715/3189
f 1716/3187 1715/3189 1717/3190
f 1718/3191 1716/3192 1717/3193
f 1718/3191 1717/3193 1719/3194
f 1720/3195 1718/3196 1719/3197
f 1720/3195 1719/3197 1721/3198
f 1722/3199 1720/3200 1721/3201
f 1722/3199 1721/3201 1723/3202
f 1724/3203 1722/3204 1723/3205
f 1724/3203 1723/3205 1725/3206
f 1726/3207 1724/3208 1725/3209
f 1726/3207 1725/3209 1727/3210
f 1709/3211 1726/3212 1727/3213
f 1709/3211 1727/3213 1710/3214
f 1728/3215 1729/3216 1730/3217
f 1728/3215 1730/3217 1731/3218
f 1731/3219 1730/3220 1732/3221
f 1731/3219 1732/3221 1733/3222
f 1734/3223 1735/3224 1729/3225
f 1734/3223 1729/3225 1728/3226
f 1736/3227 1737/3228 1735/3224
f 1736/3227 1735/3224 1734/3223
f 1733/3222 1732/3221 1738/3229
f 1733/3222 1738/3229 1739/3230
f 1740/3231 1741/3232 1737/3228
f 1740/3231 1737/3228 1736/3227
f 1742/3233 1743/3234 1741/3235
f 1742/3233 1741/3235 1740/3236
f 1739/3230 1738/3229 1743/3237
f 1739/3230 1743/3237 1742/3238
f 1740/3236 1744/3239 1745/3240
f 1740/3236 1745/3240 1742/3233
f 1736/3227 1746/3241 1744/3242
f 1736/3227 1744/3242 1740/3231
f 1734/3223 1747/3243 1746/3241
f 1734/3223 1746/3241 1736/3227
f 1728/3226 1748/3244 1747/3243
f 1728/3226 1747/3243 1734/3223
f 1731/3218 1749/3245 1748/3246
f 1731/3218 1748/3246 1728/3215
f 1733/3222 1750/3247 1749/3248
f 1733/3222 1749/3248 1731/3219
f 1739/3230 1751/3249 1750/3247
f 1739/3230 1750/3247 1733/3222
f 1742/3238 1745/3250 1751/3249
f 1742/3238 1751/3249 1739/3230
f 1752/3251 1753/3252 1754/3253
f 1752/3251 1754/3253 1755/3254
f 1755/3255 1754/3256 1756/3257
f 1755/3255 1756/3257 1757/3258
f 1758/3259 1759/3260 1753/3261
f 1758/3259 1753/3261 1752/3262
f 1760/3263 1761/3264 1759/3260
f 1760/3263 1759/3260 1758/3259
f 1757/3258 1756/3257 1762/3265
f 1757/3258 1762/3265 1763/3266
f 1764/3267 1765/3268 1761/3264
f 1764/3267 1761/3264 1760/3263
f 1766/3269 1767/3270 1765/3271
f 1766/3269 1765/3271 1764/3272
f 1763/3266 1762/3265 1767/3273
f 1763/3266 1767/3273 1766/3274
f 1764/3272 1768/3275 1769/3276
f 1764/3272 1769/3276 1766/3269
f 1760/3263 1770/3277 1768/3278
f 1760/3263 1768/3278 1764/3267
f 1758/3259 1771/3279 1770/3277
f 1758/3259 1770/3277 1760/3263
f 1752/3262 1772/3280 1771/3279
f 1752/3262 1771/3279 1758/3259
f 1755/3254 1773/3281 1772/3282
f 1755/3254 1772/3282 1752/3251
f 1757/3258 1774/3283 1773/3284
f 1757/3258 1773/3284 1755/3255
f 1763/3266 1775/3285 1774/3283
f 1763/3266 1774/3283 1757/3258
f 1766/3274 1769/3286 1775/3285
f 1766/3274 1775/3285 1763/3266
f 1776/3287 1777/3288 1778/3289
f 1776/3287 1778/3289 1779/3290
f 1779/3291 1778/3292 1780/3293
f 1779/3291 1780/3293 1781/3294
f 1782/3295 1783/3296 1777/3297
f 1782/3295 1777/3297 1776/3298
f 1784/3299 1785/3300 1783/3296
f 1784/3299 1783/3296 1782/3295
f 1781/3294 1780/3293 1786/3301
f 1781/3294 1786/3301 1787/3302
f 1788/3303 1789/3304 1785/3300
f 1788/3303 1785/3300 1784/3299
f 1790/3305 1791/3306 1789/3307
f 1790/3305 1789/3307 1788/3308
f 1787/3302 1786/3301 1791/3309
f 1787/3302 1791/3309 1790/3310
f 1788/3308 1792/3311 1793/3312
f 1788/3308 1793/3312 1790/3305
f 1784/3299 1794/3313 1792/3314
f 1784/3299 1792/3314 1788/3303
f 1782/3295 1795/3315 1794/3313
f 1782/3295 1794/3313 1784/3299
f 1776/3298 1796/3316 1795/3315
f 1776/3298 1795/3315 1782/3295
f 1779/3290 1797/3317 1796/3318
f 1779/3290 1796/3318 1776/3287
f 1781/3294 1798/3319 1797/3320
f 1781/3294 1797/3320 1779/3291
f 1787/3302 1799/3321 1798/3319
f 1787/3302 1798/3319 1781/3294
f 1790/3310 1793/3322 1799/3321
f 1790/3310 1799/3321 1787/3302
f 1800/3323 1801/3324 1802/3325
f 1800/3323 1802/3325 1803/3326
f 1803/3327 1802/3328 1804/3329
f 1803/3327 1804/3329 1805/3330
f 1806/3331 1807/3332 1801/3333
f 1806/3331 1801/3333 1800/3334
f 1808/3335 1809/3336 1807/3332
f 1808/3335 1807/3332 1806/3331
f 1805/3330 1804/3329 1810/3337
f 1805/3330 1810/3337 1811/3338
f 1812/3339 1813/3340 1809/3336
f 1812/3339 1809/3336 1808/3335
f 1814/3341 1815/3342 1813/3343
f 1814/3341 1813/3343 1812/3344
f 1811/3338 1810/3337 1815/3345
f 1811/3338 1815/3345 1814/3346
f 1812/3344 1816/3347 1817/3348
f 1812/3344 1817/3348 1814/3341
f 1808/3335 1818/3349 1816/3350
f 1808/3335 1816/3350 1812/3339
f 1806/3331 1819/3351 1818/3349
f 1806/3331 1818/3349 1808/3335
f 1800/3334 1820/3352 1819/3351
f 1800/3334 1819/3351 1806/3331
f 1803/3326 1821/3353 1820/3354
f 1803/3326 1820/3354 1800/3323
f 1805/3330 1822/3355 1821/3356
f 1805/3330 1821/3356 1803/3327
f 1811/3338 1823/3357 1822/3355
f 1811/3338 1822/3355 1805/3330
f 1814/3346 1817/3358 1823/3357
f 1814/3346 1823/3357 1811/3338
f 1824/3359 1825/3360 1826/3361
f 1824/3359 1826/3361 1827/3362
f 1827/3363 1826/3364 1828/3365
f 1827/3363 1828/3365 1829/3366
f 1830/3367 1831/3368 1825/3369
f 1830/3367 1825/3369 1824/3370
f 1832/3371 1833/3372 1831/3368
f 1832/3371 1831/3368 1830/3367
f 1829/3366 1828/3365 1834/3373
f 1829/3366 1834/3373 1835/3374
f 1836/3375 1837/3376 1833/3372
f 1836/3375 1833/3372 1832/3371
f 1838/3377 1839/3378 1837/3379
f 1838/3377 1837/3379 1836/3380
f 1835/3374 1834/3373 1839/3381
f 1835/3374 1839/3381 1838/3382
f 1836/3380 1840/3383 1841/3384
f 1836/3380 1841/3384 1838/3377
f 1832/3371 1842/3385 1840/3386
f 1832/3371 1840/3386 1836/3375
f 1830/3367 1843/3387 1842/3385
f 1830/3367 1842/3385 1832/3371
f 1824/3370 1844/3388 1843/3387
f 1824/3370 1843/3387 1830/3367
f 1827/3362 1845/3389 1844/3390
f 1827/3362 1844/3390 1824/3359
f 1829/3366 1846/3391 1845/3392
f 1829/3366 1845/3392 1827/3363
f 1835/3374 1847/3393 1846/3391
f 1835/3374 1846/3391 1829/3366
f 1838/3382 1841/3394 1847/3393
f 1838/3382 1847/3393 1835/3374
f 1848/3395 1849/3396 1850/3397
f 1848/3395 1850/3397 1851/3398
f 1851/3399 1850/3400 1852/3401
f 1851/3399 1852/3401 1853/3402
f 1854/3403 1855/3404 1849/3405
f 1854/3403 1849/3405 1848/3406
f 1856/3407 1857/3408 1855/3404
f 1856/3407 1855/3404 1854/3403
f 1853/3402 1852/3401 1858/3409
f 1853/3402 1858/3409 1859/3410
f 1860/3411 1861/3412 1857/3408
f 1860/3411 1857/3408 1856/3407
f 1862/3413 1863/3414 1861/3415
f 1862/3413 1861/3415 1860/3416
f 1859/3410 1858/3409 1863/3417
f 1859/3410 1863/3417 1862/3418
f 1860/3416 1864/3419 1865/3420
f 1860/3416 1865/3420 1862/3413
f 1856/3407 1866/3421 1864/3422
f 1856/3407 1864/3422 1860/3411
f 1854/3403 1867/3423 1866/3421
f 1854/3403 1866/3421 1856/3407
f 1848/3406 1868/3424 1867/3423
f 1848/3406 1867/3423 1854/3403
f 1851/3398 1869/3425 1868/3426
f 1851/3398 1868/3426 1848/3395
f 1853/3402 1870/3427 1869/3428
f 1853/3402 1869/3428 1851/3399
f 1859/3410 1871/3429 1870/3427
f 1859/3410 1870/3427 1853/3402
f 1862/3418 1865/3430 1871/3429
f 1862/3418 1871/3429 1859/3410
f 1730/3431 1729/3432 1732/3433
f 1735/3434 1732/3433 1729/3432
f 1732/3433 1735/3434 1738/3435
f 1737/3436 1738/3435 1735/3434
f 1738/3435 1737/3436 1743/3437
f 1741/3438 1743/3437 1737/3436
f 1754/3439 1753/3440 1756/3441
f 1759/3442 1756/3441 1753/3440
f 1756/3441 1759/3442 1762/3443
f 1761/3444 1762/3443 1759/3442
f 1762/3443 1761/3444 1767/3445
f 1765/3446 1767/3445 1761/3444
f 1778/3447 1777/3448 1780/3449
f 1783/3450 1780/3449 1777/3448
f 1780/3449 1783/3450 1786/3451
f 1785/3452 1786/3451 1783/3450
f 1786/3451 1785/3452 1791/3453
f 1789/3454 1791/3453 1785/3452
f 1802/3455 1801/3456 1804/3457
f 1807/3458 1804/3457 1801/3456
f 1804/3457 1807/3458 1810/3459
f 1809/3460 1810/3459 1807/3458
f 1810/3459 1809/3460 1815/3461
f 1813/3462 1815/3461 1809/3460
f 1826/3463 1825/3464 1828/3465
f 1831/3466 1828/3465 1825/3464
f 1828/3465 1831/3466 1834/3467
f 1833/3468 1834/3467 1831/3466
f 1834/3467 1833/3468 1839/3469
f 1837/3470 1839/3469 1833/3468
f 1850/3471 1849/3472 1852/3473
f 1855/3474 1852/3473 1849/3472
f 1852/3473 1855/3474 1858/3475
f 1857/3476 1858/3475 1855/3474
f 1858/3475 1857/3476 1863/3477
f 1861/3478 1863/3477 1857/3476
usemtl HBe01t18
f 1872/3479 1873/3480 1874/3481
f 1710/3482 1875/3483 1711/3484
f 1876/3485 1711/3484 1875/3483
f 1711/3484 1876/3485 1713/3486
f 1877/3487 1713/3486 1876/3485
f 1713/3486 1877/3487 1715/3488
f 1878/3489 1715/3488 1877/3487
f 1715/3488 1878/3489 1717/3490
f 1879/3491 1717/3490 1878/3489
f 1717/3490 1879/3491 1719/3492
f 1880/3493 1719/3492 1879/3491
f 1719/3492 1880/3493 1721/3494
f 1881/3495 1721/3494 1880/3493
f 1721/3494 1881/3495 1723/3496
f 1882/3497 1723/3496 1881/3495
f 1723/3496 1882/3497 1725/3498
f 1883/3499 1725/3498 1882/3497
f 1725/3498 1883/3499 1727/3500
f 1884/3501 1727/3500 1883/3499
f 1727/3500 1884/3501 1710/3482
f 1875/3483 1710/3482 1884/3501
f 1881/3502 1874/3481 1882/3503
f 1873/3480 1882/3503 1874/3481
f 1882/3503 1873/3480 1883/3504
f 1872/3479 1883/3504 1873/3480
f 1883/3504 1872/3479 1884/3505
f 1885/3506 1884/3505 1872/3479
f 1884/3505 1885/3506 1875/3507
f 1886/3508 1875/3507 1885/3506
f 1875/3507 1886/3508 1876/3509
f 1887/3510 1876/3509 1886/3508
f 1876/3509 1887/3510 1877/3511
f 1888/3512 1877/3511 1887/3510
f 1877/3511 1888/3512 1878/3513
f 1889/3514 1878/3513 1888/3512
f 1878/3513 1889/3514 1879/3515
f 1890/3516 1879/3515 1889/3514
f 1879/3515 1890/3516 1880/3517
f 1891/3518 1880/3517 1890/3516
f 1880/3517 1891/3518 1881/3502
f 1874/3481 1881/3502 1891/3518
f 1872/3479 1874/3481 1885/3506
f 1891/3518 1885/3506 1874/3481
f 1885/3506 1891/3518 1886/3508
f 1890/3516 1886/3508 1891/3518
f 1886/3508 1890/3516 1887/3510
f 1889/3514 1887/3510 1890/3516
f 1887/3510 1889/3514 1888/3512
