<?xml version="1.0" encoding="UTF-8"?>
<COLLADA xmlns="http://www.collada.org/2005/11/COLLADASchema" version="1.4.1">
	<asset>
		<contributor>
			<author>Replanetizer User</author>
			<authoring_tool>Replanetizer</authoring_tool>
		</contributor>
		<created>2025-3-16T22:1:2</created>
		<modified>2025-3-16T22:1:2</modified>
		<unit name="meter" meter="1"/>
		<up_axis>Z_UP</up_axis>
	</asset>
	<library_images>
		<image id="texture_750">
			<init_from>750.png</init_from>
		</image>
	</library_images>
	<library_effects>
		<effect id="effect_750">
			<profile_COMMON>
				<newparam sid="surface_750">
					<surface type="2D">
						<init_from>texture_750</init_from>
						<format>A8R8G8B8</format>
					</surface>
				</newparam>
				<newparam sid="sampler_750">
					<sampler2D>
						<source>surface_750</source>
						<wrap_s>WRAP</wrap_s>
						<wrap_t>WRAP</wrap_t>
						<minfilter>LINEAR_MIPMAP_LINEAR</minfilter>
						<magfilter>LINEAR</magfilter>
					</sampler2D>
				</newparam>
				<technique sid="common">
					<lambert>
						<diffuse>
							<texture texture="sampler_750" texcoord="texcoord_750"/>
						</diffuse>
					</lambert>
				</technique>
			</profile_COMMON>
		</effect>
	</library_effects>
	<library_materials>
		<material id="material_750">
			<instance_effect url="#effect_750"/>
		</material>
	</library_materials>
	<library_geometries>
		<geometry id="Model">
			<mesh>
				<source id="Model_positions">
					<float_array id="Model_positions_array" count="5304"> 0.010824328 -0.17586492 1.3501221 0.05777029 -0.17586492 1.3695816 -0.03587839 -0.17586492 1.3695816 0.07710814 -0.17586492 1.4164059 -0.055337857 -0.17586492 1.4164059 0.05777029 -0.17586492 1.4633518 -0.03587839 -0.17586492 1.4633518 0.010824328 -0.17586492 1.4826897 0.010824328 0.17586492 1.3501221 0.05777029 0.17586492 1.3695816 -0.03587839 0.17586492 1.3695816 0.07710814 0.17586492 1.4164059 -0.055337857 0.17586492 1.4164059 0.05777029 0.17586492 1.4633518 -0.03587839 0.17586492 1.4633518 0.010824328 0.17586492 1.4826897 -0.07722975 -0.06822975 1.3208113 0.020797305 -0.102770306 1.3092571 -0.09681084 0 1.3208113 0.020918926 0 1.3091356 -0.07722975 0.06822975 1.3208113 0.020797305 0.102770306 1.3092571 0.07710814 -0.17586492 1.4164059 0.08574327 -0.11991896 1.4164059 0.05777029 -0.17586492 1.3695816 0.06385137 -0.10568923 1.3635005 0.010824328 -0.17586492 1.3501221 0.010824328 -0.09304057 1.3414869 -0.03587839 -0.17586492 1.3695816 -0.041959472 -0.09912165 1.3635005 -0.055337857 -0.17586492 1.4164059 -0.063972995 -0.11177031 1.4164059 -0.03587839 -0.17586492 1.4633518 -0.041959472 -0.12539193 1.469433 0.010824328 -0.17586492 1.4826897 0.010824328 -0.12539193 1.4913248 0.05777029 -0.17586492 1.4633518 0.06385137 -0.12539193 1.469433 0.05777029 0.17586492 1.3695816 0.06385137 0.10568923 1.3635005 0.07710814 0.17586492 1.4164059 0.08574327 0.11991896 1.4164059 0.05777029 0.17586492 1.4633518 0.06385137 0.12539193 1.469433 0.010824328 0.17586492 1.4826897 0.010824328 0.12539193 1.4913248 -0.03587839 0.17586492 1.4633518 -0.041959472 0.12539193 1.469433 -0.055337857 0.17586492 1.4164059 -0.063972995 0.11177031 1.4164059 -0.03587839 0.17586492 1.3695816 -0.041959472 0.09912165 1.3635005 0.010824328 0.17586492 1.3501221 0.010824328 0.09304057 1.3414869 0.19666223 0.045121636 1.3797978 0.18827033 0.045121636 1.3797978 0.19666223 0.055945966 1.4195681 0.18827033 0.055945966 1.4195681 0.19666223 0.045121636 1.4592167 0.18827033 0.045121636 1.4592167 0.19666223 0.017148655 1.483541 0.18827033 0.017148655 1.483541 0.19666223 -0.017148655 1.483541 0.18827033 -0.017148655 1.483541 0.19666223 -0.045121636 1.4592167 0.18827033 -0.045121636 1.4592167 0.19666223 -0.055945966 1.4195681 0.18827033 -0.055945966 1.4195681 0.19666223 -0.045121636 1.3797978 0.18827033 -0.045121636 1.3797978 0.19666223 -0.017148655 1.355595 0.18827033 -0.017148655 1.355595 0.19666223 0.017148655 1.355595 0.18827033 0.017148655 1.355595 0.19666223 0.050716233 1.3749329 0.19666223 0.045121636 1.3797978 0.19666223 0.06263515 1.4195681 0.19666223 0.055945966 1.4195681 0.19666223 0.050716233 1.4640815 0.19666223 0.045121636 1.4592167 0.19666223 0.019337844 1.4915681 0.19666223 0.017148655 1.483541 0.19666223 -0.019337844 1.4915681 0.19666223 -0.017148655 1.483541 0.19666223 -0.050716233 1.4640815 0.19666223 -0.045121636 1.4592167 0.19666223 -0.06263515 1.4195681 0.19666223 -0.055945966 1.4195681 0.19666223 -0.050716233 1.3749329 0.19666223 -0.045121636 1.3797978 0.19666223 -0.019337844 1.3474464 0.19666223 -0.017148655 1.355595 0.19666223 0.019337844 1.3474464 0.19666223 0.017148655 1.355595 0.06895948 -0.00048648665 0.33883795 0.05777029 -0.058864884 0.3385947 0.11468923 -0.04244596 0.30052713 0.168446 0.0105810845 0.19556764 0.17902708 0.015081086 0.20091899 0.15409465 0.024081089 0.24336495 0.16941898 0.028216226 0.25029737 0.11468923 0.041472986 0.30052713 0.13147302 0.04585137 0.3156082 0.05777029 0.057891913 0.3385947 0.06591894 0.06664867 0.36316228 -0.168446 -0.010459463 0.19556764 -0.17902708 -0.015081086 0.20091899 -0.15409465 -0.024324333 0.24336495 -0.16941898 -0.02858109 0.25029737 -0.11468923 -0.04244596 0.30052713 -0.13147302 -0.04682434 0.3156082 -0.05777029 -0.058864884 0.3385947 -0.06591894 -0.067743264 0.36316228 -0.17902708 -0.015081086 0.20091899 -0.168446 -0.010459463 0.19556764 -0.18498655 -0.00048648665 0.20250008 -0.17318925 -0.00048648665 0.19556764 -0.17902708 0.015081086 0.20091899 -0.168446 0.0105810845 0.19556764 -0.17902708 0.015081086 0.20091899 -0.168446 0.0105810845 0.19556764 -0.16941898 0.028216226 0.25029737 -0.15409465 0.024081089 0.24336495 -0.13147302 0.04585137 0.3156082 -0.11468923 0.041472986 0.30052713 -0.06591894 0.06664867 0.36316228 -0.05777029 0.057891913 0.3385947 -0.05777029 -0.058864884 0.3385947 -0.06591894 -0.067743264 0.36316228 -0.04244596 -0.11468923 0.30052713 -0.04682434 -0.13147302 0.3156082 -0.024324333 -0.15409465 0.24336495 -0.02858109 -0.16941898 0.25029737 -0.010459463 -0.168446 0.19556764 -0.015081086 -0.17902708 0.20091899 -0.00048648665 -0.17318925 0.19556764 -0.00048648665 -0.18498655 0.20250008 0.0105810845 -0.168446 0.19556764 0.015081086 -0.17902708 0.20091899 0.024081089 -0.15409465 0.24336495 0.028216226 -0.16941898 0.25029737 0.041472986 -0.11468923 0.30052713 0.04585137 -0.13147302 0.3156082 0.05777029 -0.058864884 0.3385947 0.06591894 -0.067743264 0.36316228 -0.010459463 0.168446 0.19556764 -0.015081086 0.17902708 0.20091899 -0.024324333 0.15409465 0.24336495 -0.02858109 0.16941898 0.25029737 -0.04244596 0.11468923 0.30052713 -0.04682434 0.13147302 0.3156082 -0.05777029 0.057891913 0.3385947 -0.06591894 0.06664867 0.36316228 -0.015081086 0.17902708 0.20091899 -0.010459463 0.168446 0.19556764 -0.00048648665 0.18498655 0.20250008 -0.00048648665 0.17318925 0.19556764 0.015081086 0.17902708 0.20091899 0.0105810845 0.168446 0.19556764 0.015081086 0.17902708 0.20091899 0.0105810845 0.168446 0.19556764 0.028216226 0.16941898 0.25029737 0.024081089 0.15409465 0.24336495 0.04585137 0.13147302 0.3156082 0.041472986 0.11468923 0.30052713 0.06591894 0.06664867 0.36316228 0.057891913 0.057891913 0.3385947 0.15409465 -0.024324333 0.24336495 0.168446 -0.010459463 0.19556764 0.163946 -0.00048648665 0.24336495 0.17318925 -0.00048648665 0.19556764 0.168446 0.0105810845 0.19556764 0.15409465 0.024081089 0.24336495 0.12551355 -0.00048648665 0.30052713 0.11468923 0.041472986 0.30052713 0.05777029 0.057891913 0.3385947 0.17902708 -0.015081086 0.20091899 0.16941898 -0.02858109 0.25029737 0.18498655 -0.00048648665 0.20250008 0.1796352 -0.00048648665 0.25212172 0.17902708 0.015081086 0.20091899 0.16941898 0.028216226 0.25029737 0.13998653 -0.00048648665 0.32156768 0.13147302 -0.04682434 0.3156082 0.06591894 -0.067743264 0.36316228 0.07783786 -0.00048648665 0.37313527 0.13147302 0.04585137 0.3156082 -0.06895948 -0.00048648665 0.33883795 -0.05777029 -0.058864884 0.3385947 -0.11468923 -0.04244596 0.30052713 -0.026391901 0.10593247 0.5999597 -0.082094625 0.06543245 0.5999597 -0.03940542 0.03441893 0.57308125 -0.050594613 0 0.57308125 0.007905408 0 0.563838 -0.03940542 -0.03441893 0.57308125 -0.010094598 -0.05570272 0.57308125 -0.082094625 -0.06543245 0.5999597 -0.103378415 0 0.5999597 -0.024324333 -0.15409465 0.24336495 -0.010459463 -0.168446 0.19556764 -0.00048648665 -0.163946 0.24336495 -0.00048648665 -0.17318925 0.19556764 0.0105810845 -0.168446 0.19556764 0.024081089 -0.15409465 0.24336495 -0.00048648665 -0.12551355 0.30052713 0.041472986 -0.11468923 0.30052713 0.05777029 -0.058864884 0.3385947 -0.00048648665 -0.06895948 0.33883795 -0.04244596 -0.11468923 0.30052713 -0.00048648665 0 0.38687852 -0.00048648665 -0.077959485 0.37313527 -0.07783786 -0.00048648665 0.37313527 -0.06591894 -0.067743264 0.36316228 -0.13998653 -0.00048648665 0.32156768 -0.13147302 -0.04682434 0.3156082 -0.1796352 -0.00048648665 0.25212172 -0.16941898 -0.02858109 0.25029737 -0.17902708 -0.015081086 0.20091899 -0.18498655 -0.00048648665 0.20250008 -0.17902708 0.015081086 0.20091899 -0.16941898 0.028216226 0.25029737 -0.13147302 0.04585137 0.3156082 -0.06591894 0.06664867 0.36316228 -0.00048648665 0.077959485 0.37313527 0.06591894 0.06664867 0.36316228 -0.00048648665 0.13998653 0.32156768 -0.04682434 0.13147302 0.3156082 -0.00048648665 0.1796352 0.25212172 -0.02858109 0.16941898 0.25029737 -0.015081086 0.17902708 0.20091899 -0.00048648665 0.18498655 0.20250008 0.015081086 0.17902708 0.20091899 0.028216226 0.16941898 0.25029737 0.04585137 0.13147302 0.3156082 -0.168446 -0.010459463 0.19556764 -0.15409465 -0.024324333 0.24336495 -0.17318925 -0.00048648665 0.19556764 -0.163946 -0.00048648665 0.24336495 -0.168446 0.0105810845 0.19556764 -0.15409465 0.024081089 0.24336495 -0.12551355 -0.00048648665 0.30052713 -0.11468923 0.041472986 0.30052713 -0.05777029 0.057891913 0.3385947 -0.010459463 0.168446 0.19556764 -0.024324333 0.15409465 0.24336495 -0.00048648665 0.17318925 0.19556764 -0.00048648665 0.163946 0.24336495 0.0105810845 0.168446 0.19556764 0.024081089 0.15409465 0.24336495 -0.00048648665 0.12551355 0.30052713 0.041472986 0.11468923 0.30052713 0.057891913 0.057891913 0.3385947 -0.00048648665 0.06895948 0.33883795 -0.04244596 0.11468923 0.30052713 0.039040554 0 1.2818923 0.04305407 0 1.3278654 0.022986494 0.027608117 1.2818923 0.023594603 0.0336892 1.3278654 -0.00875676 0.027608117 1.2818923 -0.015202708 0.0336892 1.3278654 -0.024810819 0 1.2818923 -0.034783795 0 1.3278654 -0.00875676 -0.027608117 1.2818923 -0.015202708 -0.0336892 1.3278654 0.022986494 -0.027608117 1.2818923 0.023594603 -0.0336892 1.3278654 0.022378385 -0.028945956 1.2387166 0.039162174 0 1.2387166 0.020675683 -0.0336892 1.200649 0.04013515 0 1.200649 0.022378385 0.028945956 1.2387166 -0.011067571 0.028945956 1.2387166 -0.02785136 0 1.2387166 -0.011067571 -0.028945956 1.2387166 -0.01824325 -0.0336892 1.200649 -0.037702717 0 1.200649 -0.01824325 0.0336892 1.200649 0.020675683 0.0336892 1.200649 -0.026391901 -0.10593247 0.5999597 0.026027035 -0.05570272 0.57308125 0.042324338 -0.10593247 0.5999597 0.09802706 -0.06543245 0.5999597 0.055337857 -0.03441893 0.57308125 0.13597302 0 1.5612572 0.17148654 -0.08610814 1.4975275 0.124905445 -0.07248651 1.561379 0.09340544 -0.13706762 1.4981357 0.07358111 -0.11712166 1.5617437 -0.010459463 -0.15056762 1.4981357 -0.01167568 -0.12940545 1.5617437 -0.110918954 -0.094743274 1.4981357 -0.09875679 -0.07966219 1.5617437 -0.14874329 0 1.4981357 -0.12624328 0 1.5617437 -0.110918954 0.094743274 1.4981357 0.100824356 -0.13609464 1.4238248 -0.0051081097 -0.14631087 1.4238248 -0.10629734 -0.0937703 1.4238248 -0.14168924 0 1.4238248 -0.10629734 0.0937703 1.4238248 -0.0051081097 0.14631087 1.4238248 -0.010459463 0.15056762 1.4981357 -0.01167568 0.12940545 1.5617437 0.07358111 0.11712166 1.5617437 -0.008635138 0.08075678 1.5955546 0.03672974 0.07078381 1.5955546 -0.0066891913 0 1.611487 0.0718784 0.04986488 1.5955546 0.124905445 0.07248651 1.561379 0.08404057 0 1.5955546 0.0718784 -0.04986488 1.5955546 0.03672974 -0.07078381 1.5955546 -0.008635138 -0.08075678 1.5955546 -0.072608136 -0.04986488 1.5955546 -0.095716245 0 1.5955546 -0.072608136 0.04986488 1.5955546 -0.09875679 0.07966219 1.5617437 0.020797305 -0.102770306 1.3092571 0.097905435 -0.055824343 1.2502707 0.10131084 -0.10532436 1.3211762 0.15129735 -0.03441893 1.2502707 0.1690541 -0.06312164 1.3211762 0.16358113 0 1.2502707 0.18097304 0 1.3211762 0.15129735 0.03441893 1.2502707 0.1690541 0.06312164 1.3211762 0.097905435 0.055824343 1.2502707 0.10131084 0.10532436 1.3211762 0.020797305 0.102770306 1.3092571 0.1010676 0.12660815 1.3725004 0.00583784 0.13366221 1.3722572 -0.07722975 0.06822975 1.3208113 -0.096081115 0.08355408 1.3722572 -0.09681084 0 1.3208113 -0.1263649 0 1.3722572 -0.07722975 -0.06822975 1.3208113 -0.096081115 -0.08355408 1.3722572 0.00583784 -0.13366221 1.3722572 0.1010676 -0.12660815 1.3725004 0.17671627 -0.07686489 1.3725004 0.18693249 0 1.3723788 0.17695951 -0.08550003 1.4238248 0.18790548 0 1.4237032 0.18097304 0 1.498014 0.17148654 0.08610814 1.4975275 0.09340544 0.13706762 1.4981357 0.100824356 0.13609464 1.4238248 0.10131084 0.10532436 1.3211762 0.1010676 0.12660815 1.3725004 0.1690541 0.06312164 1.3211762 0.17671627 0.07686489 1.3725004 0.18097304 0 1.3211762 0.18693249 0 1.3723788 0.17695951 0.08550003 1.4238248 0.18790548 0 1.4237032 0.18097304 0 1.498014 0.17148654 0.08610814 1.4975275 0.100824356 0.13609464 1.4238248 0.04585137 -0.13147302 0.3156082 -0.00048648665 -0.13998653 0.32156768 -0.04682434 -0.13147302 0.3156082 -0.00048648665 -0.1796352 0.25212172 -0.02858109 -0.16941898 0.25029737 -0.015081086 -0.17902708 0.20091899 -0.00048648665 -0.18498655 0.20250008 0.028216226 -0.16941898 0.25029737 -0.05777029 -0.058864884 0.3385947 -0.05777029 0.057891913 0.3385947 -0.14533788 0.11140544 0.75332457 -0.17221628 0 0.8119462 -0.18158114 0 0.75332457 -0.13779734 -0.10593247 0.8119462 -0.14533788 -0.11140544 0.75332457 -0.04767569 -0.17136492 0.8119462 -0.050594613 -0.1802433 0.75332457 0.06360813 -0.17136492 0.8119462 0.066527046 -0.1802433 0.75332457 0.15372978 -0.10593247 0.8119462 0.16127032 -0.11140544 0.75332457 0.19751358 0 0.75332457 0.1881487 0 0.6948246 0.16127032 0.11140544 0.75332457 0.15372978 0.10593247 0.6948246 0.066527046 0.1802433 0.75332457 0.06360813 0.17136492 0.6948246 -0.050594613 0.1802433 0.75332457 -0.04767569 0.17136492 0.6948246 -0.13779734 0.10593247 0.6948246 -0.17221628 0 0.6948246 -0.13779734 -0.10593247 0.6948246 -0.04767569 -0.17136492 0.6948246 0.06360813 -0.17136492 0.6948246 0.15372978 -0.10593247 0.6948246 0.16127032 0 0.64191914 0.1319595 0.09012165 0.64191914 0.055337857 0.14582437 0.64191914 -0.03940542 0.14582437 0.64191914 -0.116027065 0.09012165 0.64191914 -0.14533788 0 0.64191914 -0.116027065 -0.09012165 0.64191914 -0.03940542 -0.14582437 0.64191914 0.055337857 -0.14582437 0.64191914 0.1319595 -0.09012165 0.64191914 0.11931085 0 0.5999597 0.09802706 0.06543245 0.5999597 0.042324338 0.10593247 0.5999597 0.066527046 0 0.57308125 0.055337857 0.03441893 0.57308125 0.026027035 0.05570272 0.57308125 -0.010094598 0.05570272 0.57308125 0.066527046 0 0.9335679 0.055337857 0.03441893 0.9335679 0.007905408 0 0.9429327 0.026027035 0.05570272 0.9335679 -0.010094598 0.05570272 0.9335679 -0.03940542 0.03441893 0.9335679 -0.050594613 0 0.9335679 -0.03940542 -0.03441893 0.9335679 -0.010094598 -0.05570272 0.9335679 0.026027035 -0.05570272 0.9335679 0.055337857 -0.03441893 0.9335679 0.11931085 0 0.90668947 0.09802706 0.06543245 0.90668947 0.042324338 0.10593247 0.90668947 -0.026391901 0.10593247 0.90668947 -0.082094625 0.06543245 0.90668947 -0.103378415 0 0.90668947 -0.082094625 -0.06543245 0.90668947 -0.026391901 -0.10593247 0.90668947 0.042324338 -0.10593247 0.90668947 0.09802706 -0.06543245 0.90668947 0.16127032 0 0.86473 0.1319595 0.09012165 0.86473 0.055337857 0.14582437 0.86473 -0.03940542 0.14582437 0.86473 -0.116027065 0.09012165 0.86473 -0.14533788 0 0.86473 -0.116027065 -0.09012165 0.86473 -0.03940542 -0.14582437 0.86473 0.055337857 -0.14582437 0.86473 0.1319595 -0.09012165 0.86473 0.1881487 0 0.8119462 0.15372978 0.10593247 0.8119462 0.06360813 0.17136492 0.8119462 -0.04767569 0.17136492 0.8119462 -0.13779734 0.10593247 0.8119462 -0.04390542 0.16491897 0.8832165 -0.025418928 0.102770306 0.9218922 0.05983786 0.16491897 0.86716247 0.041351367 0.102770306 0.9218922 0.1437568 0.10191895 0.86716247 0.09535138 0.06348651 0.9218922 0.17586492 0 0.86716247 0.116027065 0 0.9218922 0.1437568 -0.10191895 0.86716247 0.09535138 -0.06348651 0.9218922 0.05983786 -0.16491897 0.86716247 0.041351367 -0.102770306 0.9218922 -0.04390542 -0.16491897 0.8832165 -0.025418928 -0.102770306 0.9218922 -0.12782437 -0.10191895 0.8832165 -0.07941894 -0.06348651 0.9218922 -0.15993248 0 0.8770138 -0.10009463 0 0.9218922 -0.12782437 0.10191895 0.8832165 -0.07941894 0.06348651 0.9218922 0.007905408 0 0.955703 0.168446 -0.010459463 0.19556764 0.17902708 -0.015081086 0.20091899 0.17318925 -0.00048648665 0.19556764 0.18498655 -0.00048648665 0.20250008 0.168446 0.0105810845 0.19556764 0.17902708 0.015081086 0.20091899 0.031135146 -0.12186491 1.207095 -0.04305407 -0.12186491 1.207095 0.091216244 -0.07528381 1.207095 -0.10313517 -0.07528381 1.207095 0.11420274 0 1.207095 -0.12612167 0 1.207095 0.091216244 0.07528381 1.207095 -0.10313517 0.07528381 1.207095 0.031135146 0.12186491 1.207095 -0.04305407 0.12186491 1.207095 0.11420274 0 1.207095 0.091216244 0.07528381 1.207095 0.13256761 0 1.148595 0.108486526 0.076378405 1.148595 0.14764869 0 1.0900949 0.12222977 0.08063516 1.0900949 0.1583514 0 1.0317166 0.1308649 0.085864894 1.0317166 0.13840546 0.09425679 0.95752734 0.060567588 0.15263519 0.95752734 0.058864884 0.13889194 1.0317166 -0.035391904 0.15263519 0.95752734 -0.02991893 0.13889194 1.0317166 -0.10289193 0.09425679 0.95752734 -0.08987841 0.085864894 1.0317166 -0.13256761 0 0.95752734 -0.117364906 0 1.0317166 -0.10289193 -0.09425679 0.95752734 -0.08987841 -0.085864894 1.0317166 -0.035391904 -0.15263519 0.95752734 -0.02991893 -0.13889194 1.0317166 0.060567588 -0.15263519 0.95752734 0.058864884 -0.13889194 1.0317166 -0.026635144 -0.13037843 1.0900949 0.0555811 -0.13037843 1.0900949 0.045121636 -0.12356761 1.148595 -0.03295947 -0.12356761 1.148595 -0.08489192 -0.08063516 1.0900949 -0.110310845 0 1.0900949 -0.08489192 0.08063516 1.0900949 -0.026635144 0.13037843 1.0900949 0.0555811 0.13037843 1.0900949 0.045121636 0.12356761 1.148595 -0.03295947 0.12356761 1.148595 -0.088783816 0.076378405 1.148595 -0.11298653 0 1.148595 -0.088783816 -0.076378405 1.148595 0.091216244 -0.07528381 1.207095 0.11420274 0 1.207095 0.108486526 -0.076378405 1.148595 0.13256761 0 1.148595 0.12222977 -0.08063516 1.0900949 0.14764869 0 1.0900949 0.1308649 -0.085864894 1.0317166 0.1583514 0 1.0317166 0.13840546 -0.09425679 0.95752734 0.16808113 0 0.95752734 0.1437568 -0.10191895 0.86716247 0.17586492 0 0.86716247 0.1308649 0.085864894 1.0317166 0.12222977 0.08063516 1.0900949 0.108486526 0.076378405 1.148595 0.091216244 0.07528381 1.207095 0.031135146 0.12186491 1.207095 -0.04305407 0.12186491 1.207095 -0.10313517 0.07528381 1.207095 -0.12612167 0 1.207095 -0.10313517 -0.07528381 1.207095 -0.04305407 -0.12186491 1.207095 0.031135146 -0.12186491 1.207095 0.05983786 -0.16491897 0.86716247 -0.04390542 -0.16491897 0.8832165 -0.12782437 -0.10191895 0.8832165 -0.15993248 0 0.8770138 -0.12782437 0.10191895 0.8832165 -0.04390542 0.16491897 0.8832165 0.05983786 0.16491897 0.86716247 0.1437568 0.10191895 0.86716247 0.168446 -0.010459463 0.19556764 0.17902708 -0.015081086 0.20091899 0.15409465 -0.024324333 0.24336495 0.16941898 -0.02858109 0.25029737 0.11468923 -0.04244596 0.30052713 0.13147302 -0.04682434 0.3156082 0.05777029 -0.058864884 0.3385947 0.06591894 -0.067743264 0.36316228 0.015081086 -0.17902708 0.20091899 0.053878397 0 0.536838 0.06275678 0 0.57782453 0.041351367 0.031135146 0.536838 0.04670272 0.03867569 0.57782453 0.0111891925 0.04402704 0.536838 0.007905408 0.05472975 0.57782453 -0.018851358 0.031135146 0.536838 -0.030770281 0.03867569 0.57782453 -0.03125677 0 0.536838 -0.04682434 0 0.57782453 -0.018851358 -0.031135146 0.536838 -0.030770281 -0.03867569 0.57782453 0.0111891925 -0.04402704 0.536838 0.007905408 -0.05472975 0.57782453 0.041351367 -0.031135146 0.536838 0.04670272 -0.03867569 0.57782453 0.050716233 0 0.49585152 0.03952704 0.027608117 0.49585152 0.012770275 0.039162174 0.49585152 -0.013864869 0.027608117 0.49585152 -0.02493244 0 0.49585152 -0.013864869 -0.027608117 0.49585152 0.012770275 -0.039162174 0.49585152 0.03952704 -0.027608117 0.49585152 0.04524326 0 0.4547434 0.03527028 0.025054062 0.4547434 0.01094595 0.035513524 0.4547434 -0.01313514 0.025054062 0.4547434 -0.023229737 0 0.4547434 -0.01313514 -0.025054062 0.4547434 0.01094595 -0.035513524 0.4547434 0.03527028 -0.025054062 0.4547434 0.029675685 -0.023837846 0.41278392 0.039283797 0 0.41278392 0.021770278 -0.02262163 0.37374336 0.030891903 0 0.37374336 0.029675685 0.023837846 0.41278392 0.00656757 0.03381082 0.41278392 -0.016418925 0.023837846 0.41278392 -0.026027035 0 0.41278392 -0.016418925 -0.023837846 0.41278392 0.00656757 -0.03381082 0.41278392 0 -0.031986497 0.37374336 -0.021770278 -0.02262163 0.37374336 -0.030891903 0 0.37374336 -0.021770278 0.02262163 0.37374336 0 0.031986497 0.37374336 0.021770278 0.02262163 0.37374336 -0.034175687 0.7860408 1.0717301 0.15409465 0.7673111 1.0767165 -0.034540553 0.74104077 1.080122 0.14704059 0.7304597 1.0821896 -0.030162172 0.6978651 1.095568 0.12989193 0.674757 1.1022571 -0.019337844 0.6697705 1.1055409 0.114445984 0.65140563 1.1107706 0.020797305 0.6501894 1.1121085 0.07139192 0.6450813 1.1134464 0.15324329 0.6607705 1.1063923 0.15202709 0.7180543 1.0857166 0.18158114 0.6820543 1.099095 0.16722979 0.7313111 1.0813382 0.15336491 0.6832705 1.1692706 0.15324329 0.6607705 1.1063923 0.18085141 0.7046759 1.1618518 0.18158114 0.6820543 1.099095 0.15154059 0.7405543 1.148595 0.15336491 0.6832705 1.1692706 0.16637844 0.75381106 1.144095 0.18085141 0.7046759 1.1618518 0.16637844 0.75381106 1.144095 0.16722979 0.7313111 1.0813382 0.15154059 0.7405543 1.148595 0.15202709 0.7180543 1.0857166 0.15202709 0.7180543 1.0857166 0.14704059 0.7304597 1.0821896 0.15154059 0.7405543 1.148595 0.14764869 0.7529597 1.1450679 0.15324329 0.6607705 1.1063923 0.15336491 0.6832705 1.1692706 0.114445984 0.65140563 1.1107706 0.11505409 0.6739056 1.1736491 0.24458116 0.7437165 1.1377707 0.24518926 0.7281489 1.094595 0.23047306 0.7681624 1.1288923 0.23108116 0.7525948 1.085595 0.18267573 0.762203 1.1412977 0.18352708 0.73970294 1.0785409 0.21356764 0.7730273 1.1378922 0.21441899 0.75040567 1.0751355 0.23047306 0.7681624 1.1288923 0.23108116 0.7525948 1.085595 0.18352708 0.73970294 1.0785409 0.21685143 0.7012705 1.0927707 0.21441899 0.75040567 1.0751355 0.23740548 0.71063536 1.0897301 0.23108116 0.7525948 1.085595 0.24518926 0.7281489 1.094595 0.21685143 0.7012705 1.0927707 0.18352708 0.73970294 1.0785409 0.1998244 0.69251376 1.0956895 0.1751352 0.73532456 1.0800004 0.18158114 0.6820543 1.099095 0.16722979 0.7313111 1.0813382 0.23047306 0.7681624 1.1288923 0.24458116 0.7437165 1.1377707 0.21356764 0.7730273 1.1378922 0.23655413 0.7331354 1.1524869 0.18267573 0.762203 1.1412977 0.21600007 0.72389215 1.1555275 0.21685143 0.7012705 1.0927707 0.21600007 0.72389215 1.1555275 0.23740548 0.71063536 1.0897301 0.23655413 0.7331354 1.1524869 0.24518926 0.7281489 1.094595 0.24458116 0.7437165 1.1377707 0.21600007 0.72389215 1.1555275 0.21685143 0.7012705 1.0927707 0.19897304 0.7151354 1.1584463 0.1998244 0.69251376 1.0956895 0.18085141 0.7046759 1.1618518 0.18158114 0.6820543 1.099095 0.18352708 0.73970294 1.0785409 0.18267573 0.762203 1.1412977 0.1751352 0.73532456 1.0800004 0.17428385 0.7578246 1.1427572 0.16722979 0.7313111 1.0813382 0.16637844 0.75381106 1.144095 0.18267573 0.762203 1.1412977 0.21600007 0.72389215 1.1555275 0.17428385 0.7578246 1.1427572 0.19897304 0.7151354 1.1584463 0.16637844 0.75381106 1.144095 0.18085141 0.7046759 1.1618518 0.15202709 0.7180543 1.0857166 0.14704059 0.7304597 1.0821896 0.15324329 0.6607705 1.1063923 0.12989193 0.674757 1.1022571 0.114445984 0.65140563 1.1107706 0.15154059 0.7405543 1.148595 0.14764869 0.7529597 1.1450679 0.15336491 0.6832705 1.1692706 0.13050005 0.697257 1.1651355 0.11505409 0.6739056 1.1736491 0.07054056 0.81936514 1.0688112 0.07808111 0.8593787 1.0369463 0.15968925 0.8106084 1.0713652 0.16139194 0.8514733 1.0401084 -0.020067574 0.8955003 1.0728247 -0.027364874 0.86059487 1.1005545 0.06324326 0.88723004 1.0752571 0.061054073 0.8518381 1.1031085 -0.030283794 0.8230138 1.0688112 -0.030162172 0.8286084 1.0662571 0.06385137 0.8157165 1.0700274 0.058986507 0.8214327 1.0683247 0.061054073 0.8518381 1.1031085 -0.027364874 0.86059487 1.1005545 0.06421624 0.8327435 1.1172166 -0.029797308 0.84344625 1.1139328 -0.027364874 0.86059487 1.1005545 -0.030162172 0.8286084 1.0662571 -0.029797308 0.84344625 1.1139328 -0.030283794 0.8230138 1.0688112 0.07054056 0.81936514 1.0688112 0.15895951 0.8048922 1.0737977 0.15968925 0.8106084 1.0713652 0.1611487 0.8418651 1.1068788 0.072608136 0.8505003 1.1038382 0.15968925 0.8256895 1.1185545 0.15968925 0.8256895 1.1185545 0.15895951 0.8048922 1.0737977 0.1611487 0.8418651 1.1068788 0.15968925 0.8106084 1.0713652 0.061054073 0.8518381 1.1031085 0.058986507 0.8214327 1.0683247 0.06421624 0.8327435 1.1172166 0.06385137 0.8157165 1.0700274 0.072608136 0.8505003 1.1038382 0.07054056 0.81936514 1.0688112 0.15895951 0.8048922 1.0737977 0.06385137 0.8157165 1.0700274 -0.030283794 0.8230138 1.0688112 0.15968925 0.8256895 1.1185545 0.15458113 0.78737867 1.1326625 0.06421624 0.8327435 1.1172166 -0.033567578 0.80610836 1.127676 -0.029797308 0.84344625 1.1139328 0.14764869 0.7529597 1.1450679 -0.033932444 0.7635408 1.1430004 0.13050005 0.697257 1.1651355 -0.029675685 0.7203651 1.1583247 0.11505409 0.6739056 1.1736491 -0.018729735 0.6922705 1.1682976 0.07200003 0.6675813 1.1763247 0.021405412 0.67268944 1.1749868 0.11505409 0.6739056 1.1736491 0.114445984 0.65140563 1.1107706 0.07200003 0.6675813 1.1763247 0.07139192 0.6450813 1.1134464 0.021405412 0.67268944 1.1749868 0.020797305 0.6501894 1.1121085 -0.018729735 0.6922705 1.1682976 -0.019337844 0.6697705 1.1055409 -0.029675685 0.7203651 1.1583247 -0.030162172 0.6978651 1.095568 -0.033932444 0.7635408 1.1430004 -0.034540553 0.74104077 1.080122 -0.033567578 0.80610836 1.127676 -0.034175687 0.7860408 1.0717301 -0.029797308 0.84344625 1.1139328 -0.030283794 0.8230138 1.0688112 0.15968925 0.8256895 1.1185545 0.15895951 0.8048922 1.0737977 0.15458113 0.78737867 1.1326625 0.15409465 0.7673111 1.0767165 0.14764869 0.7529597 1.1450679 0.14704059 0.7304597 1.0821896 0.017148655 0.58487856 1.1336355 0.015932437 0.58305424 1.1719463 0.021040548 0.6301218 1.155041 0.017756762 0.608838 1.2004058 0.021527035 0.64702725 1.2023518 0.02493244 0.6752435 1.1765679 0.026148658 0.6770678 1.1382571 0.024324333 0.651284 1.1097977 0.02055406 0.6130948 1.1078517 0.06470273 0.5781894 1.1732842 0.06591894 0.5800137 1.1349734 0.06981084 0.62525696 1.1563787 0.06944597 0.60822994 1.1091895 0.07309462 0.6464191 1.1110139 0.07491894 0.67220294 1.1394733 0.073824346 0.6703786 1.1777842 0.07029732 0.6421624 1.203568 0.066527046 0.60397315 1.2017436 0.022256764 0.63997316 1.132176 0.021527035 0.64435154 1.1763247 0.011554058 0.64325696 1.1539463 0.14862168 0.93174356 0.9986355 0.14679734 0.901703 0.97650033 0.10191895 0.93612194 0.9966895 0.09997301 0.9060814 0.97455436 0.07929733 0.8879598 1.0752571 0.07808111 0.8593787 1.0369463 0.072608136 0.8505003 1.1038382 0.07054056 0.81936514 1.0688112 0.07929733 0.8879598 1.0752571 0.072608136 0.8505003 1.1038382 0.16272978 0.8799327 1.0784193 0.1611487 0.8418651 1.1068788 0.1611487 0.8418651 1.1068788 0.15968925 0.8106084 1.0713652 0.16272978 0.8799327 1.0784193 0.16139194 0.8514733 1.0401084 -0.020067574 0.8955003 1.0728247 0.06324326 0.88723004 1.0752571 -0.017027033 0.912649 1.055676 0.06482434 0.90486515 1.0584733 -0.013864869 0.9217706 1.041203 0.06506759 0.91423005 1.0440004 0.061054073 0.8518381 1.1031085 0.058986507 0.8214327 1.0683247 0.06324326 0.88723004 1.0752571 0.061905425 0.8622976 1.0347571 -0.020067574 0.8955003 1.0728247 -0.02128379 0.87044626 1.0320815 -0.027364874 0.86059487 1.1005545 -0.030162172 0.8286084 1.0662571 -0.030162172 0.8286084 1.0662571 -0.02128379 0.87044626 1.0320815 0.058986507 0.8214327 1.0683247 0.061905425 0.8622976 1.0347571 0.055945966 0.9411084 0.9943787 0.053878397 0.91106784 0.97224355 0.0035270283 0.9462165 0.99255437 0.0013378382 0.91605437 0.9704192 0.053878397 0.91106784 0.97224355 0.0013378382 0.91605437 0.9704192 0.062148668 0.9003652 0.97832465 -0.004621623 0.90668947 0.97601384 0.06263515 0.8745814 1.0208923 -0.017878385 0.88236517 1.0183382 0.0013378382 0.91605437 0.9704192 0.0035270283 0.9462165 0.99255437 -0.004621623 0.90668947 0.97601384 -0.0019459466 0.94475704 1.0033787 -0.017878385 0.88236517 1.0183382 -0.013864869 0.9217706 1.041203 0.0035270283 0.9462165 0.99255437 0.055945966 0.9411084 0.9943787 -0.0019459466 0.94475704 1.0033787 0.06482434 0.93843275 1.0056895 -0.013864869 0.9217706 1.041203 0.06506759 0.91423005 1.0440004 0.055945966 0.9411084 0.9943787 0.053878397 0.91106784 0.97224355 0.06482434 0.93843275 1.0056895 0.062148668 0.9003652 0.97832465 0.06506759 0.91423005 1.0440004 0.06263515 0.8745814 1.0208923 -0.02128379 0.87044626 1.0320815 0.061905425 0.8622976 1.0347571 -0.019459466 0.87677056 1.0252706 0.06227029 0.86874354 1.0278246 -0.017878385 0.88236517 1.0183382 0.06263515 0.8745814 1.0208923 -0.020067574 0.8955003 1.0728247 -0.02128379 0.87044626 1.0320815 -0.017027033 0.912649 1.055676 -0.019459466 0.87677056 1.0252706 -0.013864869 0.9217706 1.041203 -0.017878385 0.88236517 1.0183382 0.061905425 0.8622976 1.0347571 0.06324326 0.88723004 1.0752571 0.06227029 0.86874354 1.0278246 0.06482434 0.90486515 1.0584733 0.06263515 0.8745814 1.0208923 0.06506759 0.91423005 1.0440004 0.06591894 0.5800137 1.1349734 0.017148655 0.58487856 1.1336355 0.06470273 0.5781894 1.1732842 0.015932437 0.58305424 1.1719463 0.066527046 0.60397315 1.2017436 0.017756762 0.608838 1.2004058 0.07029732 0.6421624 1.203568 0.021527035 0.64702725 1.2023518 0.073824346 0.6703786 1.1777842 0.02493244 0.6752435 1.1765679 0.07491894 0.67220294 1.1394733 0.026148658 0.6770678 1.1382571 0.07309462 0.6464191 1.1110139 0.024324333 0.651284 1.1097977 0.06944597 0.60822994 1.1091895 0.02055406 0.6130948 1.1078517 -0.023229737 0.3396893 1.1496896 -0.014472978 0.3103785 1.1527301 -0.008635138 0.36668932 1.1472571 0.0124054095 0.2959055 1.1545545 0.020675683 0.37544608 1.1468923 0.041837852 0.30478388 1.1541896 0.04767569 0.3609731 1.1488383 0.056432452 0.33166227 1.1517571 0.0017027033 0.37337852 1.2140274 -0.0038918932 0.34540552 1.2229059 -0.017878385 0.34613526 1.2163383 0.004013515 0.32764876 1.2247301 -0.0041351365 0.3156082 1.219622 0.02931082 0.3122028 1.2204734 0.08914868 0.4256758 1.1138111 0.08221624 0.35841903 1.1202571 0.11371625 0.42908123 1.1765679 0.10690544 0.36194608 1.1830139 0.08708111 0.43771636 1.2378653 0.080148675 0.3705812 1.2443112 0.024689198 0.4463515 1.2619463 0.017756762 0.37921634 1.2683923 -0.036851365 0.45000014 1.2345815 -0.043662176 0.38286498 1.2410275 -0.06141894 0.44659474 1.1719463 -0.06835137 0.3794596 1.1783923 -0.034783795 0.4379596 1.110649 -0.04159461 0.37082446 1.117095 0.027486496 0.42932448 1.0865679 0.020675683 0.36218932 1.0930139 0.020675683 0.36218932 1.0930139 -0.04159461 0.37082446 1.117095 0.08221624 0.35841903 1.1202571 -0.06835137 0.3794596 1.1783923 0.10690544 0.36194608 1.1830139 -0.043662176 0.38286498 1.2410275 0.080148675 0.3705812 1.2443112 0.017756762 0.37921634 1.2683923 0.027486496 0.42932448 1.0865679 0.08914868 0.4256758 1.1138111 -0.034783795 0.4379596 1.110649 0.11371625 0.42908123 1.1765679 -0.06141894 0.44659474 1.1719463 0.08708111 0.43771636 1.2378653 -0.036851365 0.45000014 1.2345815 0.024689198 0.4463515 1.2619463 0.16139194 0.8514733 1.0401084 0.16272978 0.8799327 1.0784193 0.16127032 0.8575543 1.0329328 0.16345951 0.8933111 1.065649 0.16127032 0.86302733 1.0257571 0.16321628 0.9046219 1.0519058 0.14862168 0.93174356 0.9986355 0.14679734 0.901703 0.97650033 0.15883788 0.92894626 1.0099462 0.15640546 0.8908787 0.98258144 0.16321628 0.9046219 1.0519058 0.16127032 0.86302733 1.0257571 0.07808111 0.8593787 1.0369463 0.16139194 0.8514733 1.0401084 0.07941894 0.86533815 1.0297706 0.16127032 0.8575543 1.0329328 0.08075678 0.87056786 1.0224733 0.16127032 0.86302733 1.0257571 0.07929733 0.8879598 1.0752571 0.07808111 0.8593787 1.0369463 0.08160814 0.9010949 1.0624869 0.07941894 0.86533815 1.0297706 0.08416219 0.9121625 1.0488652 0.08075678 0.87056786 1.0224733 0.07929733 0.8879598 1.0752571 0.16272978 0.8799327 1.0784193 0.08160814 0.9010949 1.0624869 0.16345951 0.8933111 1.065649 0.08416219 0.9121625 1.0488652 0.16321628 0.9046219 1.0519058 0.02335136 0.32570282 1.2252166 0.034783795 0.34151363 1.2238787 0.015324329 0.3435812 1.2257031 0.026756765 0.35914877 1.2220545 0.007418921 0.3610947 1.221568 0.03527028 0.37009472 1.2148788 0.04901353 0.33944607 1.2181625 0.035513524 0.33372983 1.1438518 0.024445955 0.31852713 1.1450679 0.016783789 0.33543256 1.1411761 0.005716218 0.32035145 1.1445814 -0.0019459466 0.33750013 1.1428788 -0.0023108115 0.30977038 1.1515139 0.030040551 0.3066082 1.1523652 0.049135152 0.33300012 1.150176 0.027729739 0.3508785 1.1420274 0.009000003 0.35270283 1.1415409 -0.015689194 0.33944607 1.1484734 0.003283785 0.36583796 1.1461625 0.03575677 0.36255416 1.1470139 0.10191895 0.93612194 0.9966895 0.14862168 0.93174356 0.9986355 0.09182435 0.93514895 1.0072706 0.15883788 0.92894626 1.0099462 0.08416219 0.9121625 1.0488652 0.16321628 0.9046219 1.0519058 0.09997301 0.9060814 0.97455436 0.10191895 0.93612194 0.9966895 0.089391924 0.8970814 0.9799057 0.09182435 0.93514895 1.0072706 0.08075678 0.87056786 1.0224733 0.08416219 0.9121625 1.0488652 0.14679734 0.901703 0.97650033 0.09997301 0.9060814 0.97455436 0.15640546 0.8908787 0.98258144 0.089391924 0.8970814 0.9799057 0.16127032 0.86302733 1.0257571 0.08075678 0.87056786 1.0224733 0.114445984 -0.43540555 1.1760814 0.09510814 -0.43577042 1.1757166 0.08987841 -0.4317569 1.1134464 0.07589192 -0.43309474 1.1268247 0.028337847 -0.43540555 1.0860815 0.02785136 -0.43589205 1.1055409 -0.033932444 -0.4440407 1.1101625 -0.020675683 -0.44258124 1.1242707 -0.06068921 -0.45267582 1.1714598 -0.04159461 -0.44939205 1.172068 -0.036121633 -0.45620286 1.2342166 -0.022378385 -0.45206773 1.2210815 0.025418928 -0.45267582 1.2614598 0.02554055 -0.44927043 1.2423652 0.08781084 -0.4440407 1.2375004 0.074189216 -0.44258124 1.2236356 0.09510814 -0.43577042 1.1757166 0.093162194 -0.41655418 1.1776626 0.07589192 -0.43309474 1.1268247 0.07394597 -0.4137569 1.1287706 0.02785136 -0.43589205 1.1055409 0.025905414 -0.41655418 1.1073653 -0.020675683 -0.44258124 1.1242707 -0.022743251 -0.423365 1.1260949 -0.04159461 -0.44939205 1.172068 -0.043540556 -0.4300542 1.1740139 -0.022378385 -0.45206773 1.2210815 -0.024324333 -0.4328515 1.2229059 0.02554055 -0.44927043 1.2423652 0.023594603 -0.4300542 1.2441896 0.074189216 -0.44258124 1.2236356 0.072243266 -0.42324337 1.2254598 0.017270276 -0.58864886 1.1140544 0.015689194 -0.5974056 1.2039329 0.04256758 -0.58536506 1.1070004 0.040743258 -0.5957029 1.2123247 0.06762164 -0.58366233 1.1153922 0.066162184 -0.5924191 1.2052706 0.0718784 -0.63522995 1.1335139 0.07114867 -0.6396083 1.1776626 0.08185138 -0.6364462 1.1557707 0.06762164 -0.58366233 1.1153922 0.0718784 -0.63522995 1.1335139 0.066162184 -0.5924191 1.2052706 0.07114867 -0.6396083 1.1776626 0.017270276 -0.58864886 1.1140544 0.022256764 -0.6400948 1.132176 0.0051081097 -0.59059477 1.1213517 0.011554058 -0.6433786 1.1539463 -0.010824328 -0.5957029 1.1582031 0.021527035 -0.6444732 1.1763247 0.0037702715 -0.5978921 1.1959058 0.015689194 -0.5974056 1.2039329 0.0336892 -0.53087854 1.2402977 0.040743258 -0.5957029 1.2123247 0.066162184 -0.5924191 1.2052706 0.07832435 -0.5904732 1.1978518 0.07114867 -0.6396083 1.1776626 0.09437841 -0.58536506 1.1610004 0.08185138 -0.6364462 1.1557707 0.079540566 -0.5831759 1.1234193 0.0718784 -0.63522995 1.1335139 0.06762164 -0.58366233 1.1153922 0.036121633 -0.5162839 1.0919193 0.04256758 -0.58536506 1.1070004 -0.016540546 -0.52358127 1.1123518 -0.039162174 -0.53087854 1.1641625 -0.01824325 -0.5339191 1.2171896 -0.036121633 -0.45620286 1.2342166 -0.06068921 -0.45267582 1.1714598 -0.033932444 -0.4440407 1.1101625 0.028337847 -0.43540555 1.0860815 0.08817571 -0.51324344 1.115149 0.10897301 -0.5162839 1.1680545 0.086473 -0.52358127 1.2199869 0.025418928 -0.45267582 1.2614598 0.08781084 -0.4440407 1.2375004 0.114445984 -0.43540555 1.1760814 0.08987841 -0.4317569 1.1134464 0.022256764 -0.6400948 1.132176 0.011554058 -0.6433786 1.1539463 0.021527035 -0.6444732 1.1763247 0.17355411 -0.7673111 1.139595 0.2133244 -0.7349597 1.1522436 0.16601357 -0.7617165 1.1414193 0.19800007 -0.7236489 1.1560138 0.15895951 -0.7564867 1.143122 0.18279736 -0.71221644 1.1596626 0.2133244 -0.7349597 1.1522436 0.21478386 -0.7123381 1.0894868 0.19800007 -0.7236489 1.1560138 0.19958115 -0.7010273 1.0931355 0.18279736 -0.71221644 1.1596626 0.18437845 -0.6895948 1.0969058 0.21916224 -0.7808111 1.1248788 0.23740548 -0.7590408 1.133149 0.2021352 -0.7830003 1.1347301 0.2319325 -0.7474867 1.1482301 0.17355411 -0.7673111 1.139595 0.2133244 -0.7349597 1.1522436 0.21478386 -0.7123381 1.0894868 0.1751352 -0.74468946 1.0768383 0.19958115 -0.7010273 1.0931355 0.16759466 -0.73909485 1.0786625 0.18437845 -0.6895948 1.0969058 0.1605406 -0.7338651 1.0803652 0.15895951 -0.7564867 1.143122 0.145946 -0.7407975 1.1484734 0.1605406 -0.7338651 1.0803652 0.14704059 -0.7181759 1.085595 0.14704059 -0.7181759 1.085595 0.145946 -0.7407975 1.1484734 0.14704059 -0.73070294 1.0821896 0.14752708 -0.753203 1.1449463 0.1521487 -0.6611354 1.1063923 0.114445984 -0.6515272 1.1107706 0.15227032 -0.68363535 1.169149 0.11505409 -0.67414886 1.1736491 0.23740548 -0.7590408 1.133149 0.21916224 -0.7808111 1.1248788 0.23850007 -0.74347323 1.0898517 0.22025684 -0.7652435 1.0815815 0.17355411 -0.7673111 1.139595 0.1751352 -0.74468946 1.0768383 0.2021352 -0.7830003 1.1347301 0.20371628 -0.76037866 1.0719733 0.21916224 -0.7808111 1.1248788 0.22025684 -0.7652435 1.0815815 0.21478386 -0.7123381 1.0894868 0.1751352 -0.74468946 1.0768383 0.2335136 -0.7248651 1.0854733 0.20371628 -0.76037866 1.0719733 0.23850007 -0.74347323 1.0898517 0.22025684 -0.7652435 1.0815815 0.2133244 -0.7349597 1.1522436 0.21478386 -0.7123381 1.0894868 0.2319325 -0.7474867 1.1482301 0.2335136 -0.7248651 1.0854733 0.23740548 -0.7590408 1.133149 0.23850007 -0.74347323 1.0898517 0.17355411 -0.7673111 1.139595 0.1751352 -0.74468946 1.0768383 0.16601357 -0.7617165 1.1414193 0.16759466 -0.73909485 1.0786625 0.15895951 -0.7564867 1.143122 0.1605406 -0.7338651 1.0803652 0.14704059 -0.73070294 1.0821896 0.14704059 -0.7181759 1.085595 0.12989193 -0.67500025 1.1022571 0.1521487 -0.6611354 1.1063923 0.114445984 -0.6515272 1.1107706 0.145946 -0.7407975 1.1484734 0.14752708 -0.753203 1.1449463 0.15227032 -0.68363535 1.169149 0.13050005 -0.6975002 1.1651355 0.11505409 -0.67414886 1.1736491 -0.034175687 -0.78616244 1.0716084 0.15409465 -0.7675543 1.076595 -0.034540553 -0.74104077 1.0800004 0.14704059 -0.73070294 1.0821896 -0.030162172 -0.6979867 1.0954463 0.12989193 -0.67500025 1.1022571 -0.019337844 -0.6697705 1.1054193 0.114445984 -0.6515272 1.1107706 0.020797305 -0.65031105 1.1121085 0.07139192 -0.64520293 1.1134464 0.15883788 -0.8050138 1.073676 0.06385137 -0.8158381 1.0699058 -0.030283794 -0.82362187 1.0684463 -0.030283794 -0.82362187 1.0684463 0.06385137 -0.8158381 1.0699058 -0.030162172 -0.82933813 1.0658922 0.058864884 -0.8205814 1.0683247 0.15883788 -0.8050138 1.073676 0.07054056 -0.81948674 1.0688112 0.15956762 -0.8106084 1.0712436 0.08975679 0.4316353 1.1133246 0.075770296 0.4328515 1.126703 0.11432436 0.4351623 1.1759598 0.09498652 0.4356488 1.175595 0.08768922 0.44379744 1.2372571 0.07406759 0.442338 1.223514 0.025297306 0.45243257 1.2613382 0.025418928 0.4491488 1.2422436 -0.036243256 0.45608124 1.234095 -0.022500008 0.4519461 1.2209599 -0.06081083 0.4525542 1.1713382 -0.04171623 0.44927043 1.1719463 -0.034175687 0.4440407 1.1100409 -0.020918926 0.4424596 1.1241491 0.028094605 0.43528393 1.0859598 0.027729739 0.43577042 1.1054193 0.075770296 0.4328515 1.126703 0.07370273 0.41363528 1.1285274 0.09498652 0.4356488 1.175595 0.09304057 0.41631094 1.1774193 0.07406759 0.442338 1.223514 0.07212164 0.42300013 1.2253382 0.025418928 0.4491488 1.2422436 0.023472982 0.42981094 1.244068 -0.022500008 0.4519461 1.2209599 -0.024445955 0.43260825 1.2227842 -0.04171623 0.44927043 1.1719463 -0.043662176 0.42993256 1.1738923 -0.020918926 0.4424596 1.1241491 -0.022864873 0.42324337 1.1259733 0.027729739 0.43577042 1.1054193 0.02566217 0.41643256 1.1072437 0.025297306 0.45243257 1.2613382 0.08635138 0.523338 1.2198653 0.08768922 0.44379744 1.2372571 0.10897301 0.51604074 1.1679329 0.11432436 0.4351623 1.1759598 0.08805408 0.5131218 1.1150274 0.08975679 0.4316353 1.1133246 0.028094605 0.43528393 1.0859598 0.0718784 0.6351083 1.1335139 0.08185138 0.63620293 1.1557707 0.07114867 0.6393651 1.1776626 0.015689194 0.59728396 1.2039329 0.017148655 0.5885272 1.1139328 0.021527035 0.64435154 1.1763247 0.022256764 0.63997316 1.132176 0.06762164 0.58354074 1.1152706 0.06604056 0.5922975 1.2052706 0.0718784 0.6351083 1.1335139 0.07114867 0.6393651 1.1776626 0.017148655 0.5885272 1.1139328 0.015689194 0.59728396 1.2039329 0.04256758 0.58524346 1.1068788 0.040743258 0.59545964 1.2123247 0.06762164 0.58354074 1.1152706 0.06604056 0.5922975 1.2052706 0.017148655 0.5885272 1.1139328 0.022256764 0.63997316 1.132176 0.0049864883 0.5904732 1.1213517 0.011554058 0.64325696 1.1539463 -0.01094595 0.5955813 1.1582031 0.021527035 0.64435154 1.1763247 0.0037702715 0.59777045 1.1959058 0.015689194 0.59728396 1.2039329 0.033567578 0.5306353 1.2401761 0.040743258 0.59545964 1.2123247 0.06604056 0.5922975 1.2052706 0.07832435 0.5903515 1.1978518 0.07114867 0.6393651 1.1776626 0.09425679 0.5851218 1.1610004 0.08185138 0.63620293 1.1557707 0.079540566 0.58305424 1.1232977 0.0718784 0.6351083 1.1335139 0.06762164 0.58354074 1.1152706 0.036000013 0.51616234 1.0919193 0.04256758 0.58524346 1.1068788 -0.016662167 0.5234596 1.1122301 -0.039162174 0.53075695 1.1640409 -0.01836487 0.53367585 1.217068 -0.036243256 0.45608124 1.234095 -0.06081083 0.4525542 1.1713382 -0.034175687 0.4440407 1.1100409 0.1521487 -0.6611354 1.1063923 0.18437845 -0.6895948 1.0969058 0.14704059 -0.7181759 1.085595 0.1605406 -0.7338651 1.0803652 0.15227032 -0.68363535 1.169149 0.18279736 -0.71221644 1.1596626 0.1521487 -0.6611354 1.1063923 0.18437845 -0.6895948 1.0969058 0.145946 -0.7407975 1.1484734 0.15895951 -0.7564867 1.143122 0.15227032 -0.68363535 1.169149 0.18279736 -0.71221644 1.1596626 0.015689194 -0.5974056 1.2039329 0.021527035 -0.6444732 1.1763247 0.017270276 -0.58864886 1.1140544 0.022256764 -0.6400948 1.132176 0.15956762 -0.8247165 1.1189193 0.15883788 -0.8050138 1.073676 0.15458113 -0.7876219 1.132541 0.15409465 -0.7675543 1.076595 0.14752708 -0.753203 1.1449463 0.14704059 -0.73070294 1.0821896 0.07905408 -0.88625705 1.074649 0.072608136 -0.85074353 1.1033517 0.07783786 -0.86023 1.0336626 0.07054056 -0.81948674 1.0688112 0.1611487 -0.84210837 1.1060274 0.16248654 -0.8781084 1.077203 0.15956762 -0.8106084 1.0712436 0.1611487 -0.85208136 1.0362166 0.07054056 -0.81948674 1.0688112 0.15956762 -0.8106084 1.0712436 0.07783786 -0.86023 1.0336626 0.1611487 -0.85208136 1.0362166 0.07905408 -0.88625705 1.074649 0.07783786 -0.86023 1.0336626 0.08124327 -0.8998787 1.0627301 0.0791757 -0.86728406 1.0268517 0.083918944 -0.9117976 1.0500815 0.08051354 -0.87385166 1.0201625 0.14850006 -0.9381895 1.0054463 0.14679734 -0.91143274 0.97941923 0.15859465 -0.9338111 1.0163922 0.15628384 -0.8998787 0.98391926 0.16297303 -0.90413547 1.0525138 0.1611487 -0.8660679 1.0227165 0.07905408 -0.88625705 1.074649 0.16248654 -0.8781084 1.077203 0.072608136 -0.85074353 1.1033517 0.1611487 -0.84210837 1.1060274 0.14850006 -0.9381895 1.0054463 0.101797335 -0.9426895 1.0039868 0.14679734 -0.91143274 0.97941923 0.09997301 -0.9159327 0.97783816 0.14679734 -0.91143274 0.97941923 0.09997301 -0.9159327 0.97783816 0.15628384 -0.8998787 0.98391926 0.089391924 -0.9063246 0.9818517 0.1611487 -0.8660679 1.0227165 0.08051354 -0.87385166 1.0201625 0.101797335 -0.9426895 1.0039868 0.09997301 -0.9159327 0.97783816 0.09170274 -0.9402571 1.0142031 0.089391924 -0.9063246 0.9818517 0.083918944 -0.9117976 1.0500815 0.08051354 -0.87385166 1.0201625 0.14850006 -0.9381895 1.0054463 0.101797335 -0.9426895 1.0039868 0.15859465 -0.9338111 1.0163922 0.09170274 -0.9402571 1.0142031 0.16297303 -0.90413547 1.0525138 0.083918944 -0.9117976 1.0500815 0.1611487 -0.85208136 1.0362166 0.07783786 -0.86023 1.0336626 0.1611487 -0.8593787 1.0294057 0.0791757 -0.86728406 1.0268517 0.1611487 -0.8660679 1.0227165 0.08051354 -0.87385166 1.0201625 0.07905408 -0.88625705 1.074649 0.16248654 -0.8781084 1.077203 0.08124327 -0.8998787 1.0627301 0.16321628 -0.89197326 1.0652841 0.083918944 -0.9117976 1.0500815 0.16297303 -0.90413547 1.0525138 0.16248654 -0.8781084 1.077203 0.1611487 -0.85208136 1.0362166 0.16321628 -0.89197326 1.0652841 0.1611487 -0.8593787 1.0294057 0.16297303 -0.90413547 1.0525138 0.1611487 -0.8660679 1.0227165 0.15458113 -0.7876219 1.132541 -0.0336892 -0.80623 1.1275544 0.14752708 -0.753203 1.1449463 -0.034054067 -0.7635408 1.1428788 0.13050005 -0.6975002 1.1651355 -0.029675685 -0.7204867 1.1582031 0.11505409 -0.67414886 1.1736491 -0.018729735 -0.6923921 1.1682976 0.07200003 -0.66782457 1.1762031 0.021405412 -0.67281103 1.1748652 0.015932437 -0.5832975 1.172068 0.017148655 -0.5850002 1.1336355 0.021040548 -0.6302435 1.155041 0.020675683 -0.6132164 1.1078517 0.024324333 -0.65140563 1.109676 0.026148658 -0.6771894 1.1381356 0.02493244 -0.6754867 1.1764463 0.021527035 -0.64714885 1.2023518 0.017756762 -0.6089597 1.2004058 0.15956762 -0.8247165 1.1189193 0.1611487 -0.84210837 1.1060274 0.15883788 -0.8050138 1.073676 0.15956762 -0.8106084 1.0712436 0.072608136 -0.85074353 1.1033517 0.06409462 -0.8328651 1.117095 0.07054056 -0.81948674 1.0688112 0.06385137 -0.8158381 1.0699058 0.1611487 -0.84210837 1.1060274 0.15956762 -0.8247165 1.1189193 0.072608136 -0.85074353 1.1033517 0.06409462 -0.8328651 1.117095 0.06409462 -0.8328651 1.117095 0.060932454 -0.852203 1.1023787 0.06385137 -0.8158381 1.0699058 0.058864884 -0.8205814 1.0683247 -0.027486496 -0.8608381 1.0997031 -0.02991893 -0.84356785 1.113568 -0.030162172 -0.82933813 1.0658922 -0.030283794 -0.82362187 1.0684463 0.060932454 -0.852203 1.1023787 -0.027486496 -0.8608381 1.0997031 -0.02991893 -0.84356785 1.113568 -0.020067574 -0.89623004 1.0708787 -0.027486496 -0.8608381 1.0997031 -0.021405412 -0.870203 1.0297706 -0.030162172 -0.82933813 1.0658922 0.060932454 -0.852203 1.1023787 0.06324326 -0.8880814 1.0734328 0.058864884 -0.8205814 1.0683247 0.061905425 -0.86205435 1.0324463 -0.030162172 -0.82933813 1.0658922 0.058864884 -0.8205814 1.0683247 -0.021405412 -0.870203 1.0297706 0.061905425 -0.86205435 1.0324463 -0.020067574 -0.89623004 1.0708787 -0.021405412 -0.870203 1.0297706 -0.017391898 -0.9098517 1.0589598 -0.019459466 -0.87725705 1.0230814 -0.014108113 -0.9217706 1.0463111 -0.017756762 -0.88382465 1.0163922 0.05618921 -0.94755435 1.001676 0.054486506 -0.9207976 0.97552735 0.064945966 -0.9432976 1.0125003 0.06275678 -0.9093652 0.980149 0.064945966 -0.9139868 1.0487436 0.06275678 -0.8759192 1.0188247 -0.020067574 -0.89623004 1.0708787 0.06324326 -0.8880814 1.0734328 -0.027486496 -0.8608381 1.0997031 0.060932454 -0.852203 1.1023787 0.05618921 -0.94755435 1.001676 0.0037702715 -0.95266247 0.9999733 0.054486506 -0.9207976 0.97552735 0.0019459466 -0.9259057 0.9739463 0.054486506 -0.9207976 0.97552735 0.0019459466 -0.9259057 0.9739463 0.06275678 -0.9093652 0.980149 -0.0041351365 -0.9158111 0.9779598 0.06275678 -0.8759192 1.0188247 -0.017756762 -0.88382465 1.0163922 0.0037702715 -0.95266247 0.9999733 0.0019459466 -0.9259057 0.9739463 -0.001824325 -0.94974357 1.0104327 -0.0041351365 -0.9158111 0.9779598 -0.014108113 -0.9217706 1.0463111 -0.017756762 -0.88382465 1.0163922 0.05618921 -0.94755435 1.001676 0.0037702715 -0.95266247 0.9999733 0.064945966 -0.9432976 1.0125003 -0.001824325 -0.94974357 1.0104327 0.064945966 -0.9139868 1.0487436 -0.014108113 -0.9217706 1.0463111 0.061905425 -0.86205435 1.0324463 -0.021405412 -0.870203 1.0297706 0.06227029 -0.86923003 1.0256355 -0.019459466 -0.87725705 1.0230814 0.06275678 -0.8759192 1.0188247 -0.017756762 -0.88382465 1.0163922 -0.020067574 -0.89623004 1.0708787 0.06324326 -0.8880814 1.0734328 -0.017391898 -0.9098517 1.0589598 0.06433786 -0.90194625 1.0613923 -0.014108113 -0.9217706 1.0463111 0.064945966 -0.9139868 1.0487436 0.06324326 -0.8880814 1.0734328 0.061905425 -0.86205435 1.0324463 0.06433786 -0.90194625 1.0613923 0.06227029 -0.86923003 1.0256355 0.064945966 -0.9139868 1.0487436 0.06275678 -0.8759192 1.0188247 0.15956762 -0.8247165 1.1189193 0.06409462 -0.8328651 1.117095 -0.02991893 -0.84356785 1.113568 0.055337857 0.3379866 1.217068 0.040864877 0.3111082 1.2195004 0.046581097 0.3672974 1.2140274 0.011432436 0.30235144 1.2198653 0.019581087 0.3817704 1.2122031 -0.015567573 0.31682444 1.2179193 -0.009729733 0.37301365 1.2125679 -0.024324333 0.34601364 1.2150004 -0.014472978 0.3103785 1.1527301 -0.015567573 0.31682444 1.2179193 0.0124054095 0.2959055 1.1545545 0.011432436 0.30235144 1.2198653 0.041837852 0.30478388 1.1541896 0.040864877 0.3111082 1.2195004 0.056432452 0.33166227 1.1517571 0.055337857 0.3379866 1.217068 0.04767569 0.3609731 1.1488383 0.046581097 0.3672974 1.2140274 0.020675683 0.37544608 1.1468923 0.019581087 0.3817704 1.2122031 -0.008635138 0.36668932 1.1472571 -0.009729733 0.37301365 1.2125679 -0.023229737 0.3396893 1.1496896 -0.024324333 0.34601364 1.2150004 0.041229744 0.15810816 1.2017436 0.042081095 0.3381082 1.1842301 0.020675683 0.1566487 1.1645274 0.030040551 0.33725688 1.1624599 -0.021527035 0.16090547 1.1634328 0.0052297316 0.33981094 1.1617302 -0.043297313 0.16662167 1.1995544 -0.007418921 0.3430947 1.1828923 -0.022743251 0.16808113 1.2367706 0.0045000017 0.34394607 1.2047842 0.019459466 0.16382438 1.2378653 0.02931082 0.34151363 1.2053922 0.02262163 0.09182435 1.2067301 0.007175678 0.09072976 1.1787572 -0.009729733 0.08829733 1.2064869 -0.024445955 0.09401354 1.1779058 -0.040743258 0.098270305 1.2050275 -0.03381082 0.11140544 1.1556491 -0.062148668 0.11882436 1.2027166 -0.035391904 0.13621627 1.1457977 -0.068108134 0.14472978 1.2000409 -0.028702712 0.16139194 1.1509058 -0.05704056 0.16881087 1.1978518 -0.031864874 0.18486492 1.1967572 -0.015567573 0.18048654 1.1696355 0.02627028 0.15591897 1.1523652 0.016175682 0.17732438 1.1704869 0.03162163 0.17841898 1.1984599 0.053027045 0.15774329 1.2007706 0.028094605 0.12977031 1.1475004 0.021040548 0.10593247 1.1571085 0.047797315 0.10775679 1.2056355 0.058986507 0.1319595 1.2034464 0.02262163 0.09182435 1.2067301 0.0063243266 0.096081115 1.2338518 -0.025418928 0.0993649 1.2330004 -0.040743258 0.098270305 1.2050275 -0.035391904 0.12077031 1.251122 -0.062148668 0.11882436 1.2027166 -0.037216228 0.14691897 1.2559869 -0.068108134 0.14472978 1.2000409 -0.030283794 0.17075682 1.2463788 -0.05704056 0.16881087 1.1978518 -0.031864874 0.18486492 1.1967572 -0.016418925 0.18595952 1.2247301 0.024689198 0.16516222 1.2478383 0.015202708 0.18267573 1.2255815 0.03162163 0.17841898 1.1984599 0.053027045 0.15774329 1.2007706 0.02627028 0.14047302 1.2576896 0.019459466 0.11517572 1.2525815 0.047797315 0.10775679 1.2056355 0.058986507 0.1319595 1.2034464 0.11505409 -0.67414886 1.1736491 0.114445984 -0.6515272 1.1107706 0.07200003 -0.66782457 1.1762031 0.07139192 -0.64520293 1.1134464 0.021405412 -0.67281103 1.1748652 0.020797305 -0.65031105 1.1121085 -0.018729735 -0.6923921 1.1682976 -0.019337844 -0.6697705 1.1054193 -0.029675685 -0.7204867 1.1582031 -0.030162172 -0.6979867 1.0954463 -0.034054067 -0.7635408 1.1428788 -0.034540553 -0.74104077 1.0800004 -0.0336892 -0.80623 1.1275544 -0.034175687 -0.78616244 1.0716084 -0.02991893 -0.84356785 1.113568 -0.030283794 -0.82362187 1.0684463 0.09340544 0.13706762 1.4981357 0.022986494 -0.0920676 1.2072166 0.007540543 -0.090973005 1.1792437 -0.009364868 -0.08854057 1.2069734 -0.024081089 -0.094135165 1.1783923 -0.040500015 -0.09839193 1.205514 -0.025054062 -0.09948652 1.2334869 0.0066891913 -0.096324354 1.2343383 0.048162177 -0.10800003 1.2060004 0.021405412 -0.10605409 1.157595 -0.033445958 -0.11152706 1.1561356 -0.061905425 -0.11906761 1.2030815 -0.03514866 -0.120891936 1.2514869 0.019824332 -0.115418956 1.253068 0.05922975 -0.13208112 1.2038112 0.028459469 -0.12989193 1.1478653 -0.03502704 -0.13621627 1.1461625 -0.067743264 -0.1448514 1.2004058 -0.036972985 -0.14704059 1.2563518 0.026513522 -0.14071627 1.2580545 0.02493244 -0.16540547 1.2482032 0.053270288 -0.15798654 1.2012571 0.015567573 -0.18291898 1.2259463 0.031864874 -0.17866223 1.1988248 0.026635144 -0.1560406 1.1527301 -0.028337847 -0.16151357 1.1512706 -0.056675695 -0.1690541 1.1982167 -0.030040551 -0.17087844 1.2467437 -0.016175682 -0.18608114 1.225095 -0.03150001 -0.18498655 1.197122 -0.015202708 -0.18060817 1.1700004 0.016540546 -0.17744601 1.1708517 0.06591894 -0.58013535 1.1349734 0.06482434 -0.5784326 1.1732842 0.06993245 -0.6253786 1.1563787 0.066527046 -0.6042164 1.2017436 0.07029732 -0.6424056 1.203568 0.073824346 -0.6706219 1.1777842 0.07491894 -0.67232454 1.1394733 0.07321624 -0.64666235 1.1110139 0.06944597 -0.6084732 1.1091895 0.06482434 -0.5784326 1.1732842 0.015932437 -0.5832975 1.172068 0.06591894 -0.58013535 1.1349734 0.017148655 -0.5850002 1.1336355 0.06944597 -0.6084732 1.1091895 0.020675683 -0.6132164 1.1078517 0.07321624 -0.64666235 1.1110139 0.024324333 -0.65140563 1.109676 0.07491894 -0.67232454 1.1394733 0.026148658 -0.6771894 1.1381356 0.073824346 -0.6706219 1.1777842 0.02493244 -0.6754867 1.1764463 0.07029732 -0.6424056 1.203568 0.021527035 -0.64714885 1.2023518 0.066527046 -0.6042164 1.2017436 0.017756762 -0.6089597 1.2004058 0.021040548 -0.15689194 1.1648923 0.030283794 -0.33750013 1.1625814 0.041472986 -0.1583514 1.2021085 0.042324338 -0.33835146 1.1844734 0.01970271 -0.16406763 1.2382301 0.029554063 -0.34163526 1.2056355 -0.022500008 -0.16832438 1.2371355 0.004743245 -0.34418932 1.2049059 -0.042932447 -0.1667433 1.1999193 -0.007175678 -0.34321633 1.1831355 -0.021162169 -0.16102707 1.1637977 0.005472975 -0.33993256 1.1619734 0.19666223 0.06263515 1.4195681 0.14691897 0.06263515 1.4195681 0.19666223 0.050716233 1.3749329 0.14691897 0.050716233 1.3749329 0.19666223 0.019337844 1.3474464 0.14691897 0.019337844 1.3474464 0.19666223 -0.019337844 1.3474464 0.14691897 -0.019337844 1.3474464 0.19666223 -0.050716233 1.3749329 0.14691897 -0.050716233 1.3749329 0.19666223 -0.06263515 1.4195681 0.14691897 -0.06263515 1.4195681 0.19666223 -0.050716233 1.4640815 0.14691897 -0.050716233 1.4640815 0.19666223 -0.019337844 1.4915681 0.14691897 -0.019337844 1.4915681 0.19666223 0.019337844 1.4915681 0.14691897 0.019337844 1.4915681 0.19666223 0.050716233 1.4640815 0.14691897 0.050716233 1.4640815 0.097905435 -0.055824343 1.2502707 0.15129735 -0.03441893 1.2502707 0.097905435 0 1.2502707 0.15129735 0 1.2502707 0.097905435 0.055824343 1.2502707 0.15129735 0.03441893 1.2502707 0.16358113 0 1.2502707 0.020797305 -0.102770306 1.3092571 0.097905435 -0.055824343 1.2502707 0.020918926 0 1.3091356 0.097905435 0 1.2502707 0.020797305 0.102770306 1.3092571 0.097905435 0.055824343 1.2502707 0.012648653 -0.29614875 1.1547977 0.011554058 -0.30247307 1.2201085 -0.014229734 -0.31050012 1.1529734 -0.015324329 -0.31694606 1.2181625 -0.022986494 -0.33981094 1.1499329 -0.024081089 -0.34625688 1.2152437 -0.008391894 -0.36681095 1.1475004 -0.00948649 -0.37313527 1.2128112 0.020797305 -0.3755677 1.1471355 0.01970271 -0.38201365 1.2124463 0.047918934 -0.3610947 1.1489599 0.04682434 -0.36754066 1.2142707 0.056675695 -0.3317839 1.1520004 0.0555811 -0.33822984 1.2173113 0.042081095 -0.3049055 1.1544328 0.0409865 -0.31135145 1.2197436 -0.022986494 -0.33981094 1.1499329 -0.008391894 -0.36681095 1.1475004 -0.014229734 -0.31050012 1.1529734 0.020797305 -0.3755677 1.1471355 0.012648653 -0.29614875 1.1547977 0.047918934 -0.3610947 1.1489599 0.042081095 -0.3049055 1.1544328 0.056675695 -0.3317839 1.1520004 0.027729739 -0.42932448 1.0866896 -0.034540553 -0.4379596 1.1107706 0.0892703 -0.42579743 1.1140544 -0.061297316 -0.44659474 1.172068 0.113837875 -0.42932448 1.1766896 -0.03672974 -0.45024338 1.2347031 0.087202735 -0.4379596 1.2379869 0.024689198 -0.44659474 1.262068 0.020918926 -0.36218932 1.0931355 0.08245949 -0.35866228 1.1205003 -0.041351367 -0.37082446 1.1172166 0.10702706 -0.36218932 1.1832571 -0.068108134 -0.3794596 1.1785139 0.08039192 -0.37082446 1.2445545 -0.043540556 -0.38310823 1.2412707 0.018000007 -0.3794596 1.2685139 0.113837875 -0.42932448 1.1766896 0.10702706 -0.36218932 1.1832571 0.0892703 -0.42579743 1.1140544 0.08245949 -0.35866228 1.1205003 0.027729739 -0.42932448 1.0866896 0.020918926 -0.36218932 1.0931355 -0.034540553 -0.4379596 1.1107706 -0.041351367 -0.37082446 1.1172166 -0.061297316 -0.44659474 1.172068 -0.068108134 -0.3794596 1.1785139 -0.03672974 -0.45024338 1.2347031 -0.043540556 -0.38310823 1.2412707 0.024689198 -0.44659474 1.262068 0.018000007 -0.3794596 1.2685139 0.087202735 -0.4379596 1.2379869 0.08039192 -0.37082446 1.2445545 0.001824325 -0.37362176 1.2142707 -0.017756762 -0.3463785 1.2165815 -0.00364865 -0.34552714 1.2231491 0.0042567584 -0.327892 1.2249734 0.015567573 -0.34382445 1.2258247 0.023594603 -0.32594606 1.2254598 0.03502704 -0.34175688 1.224122 0.029554063 -0.31244606 1.2207166 0.04925677 -0.3396893 1.2184058 0.027000008 -0.35939202 1.2222977 0.0076621645 -0.36133796 1.2218112 0.035391904 -0.37033796 1.215122 -0.0038918932 -0.31572983 1.2198653 0.0034054066 -0.36595958 1.1464058 -0.015445951 -0.3395677 1.148595 -0.0017027033 -0.33762175 1.143122 0.0059594614 -0.32047307 1.1448247 0.017027033 -0.33555415 1.1414193 0.024689198 -0.31864876 1.1454328 0.03575677 -0.33385146 1.144095 0.030283794 -0.30672982 1.1526085 0.049378395 -0.33312175 1.1504194 0.027972983 -0.35100013 1.1422707 0.009243246 -0.35282445 1.1417842 0.03587839 -0.3626758 1.1472571 -0.0020675682 -0.309892 1.1517571 0.0555811 -0.33822984 1.2173113 0.0409865 -0.31135145 1.2197436 0.04682434 -0.36754066 1.2142707 0.011554058 -0.30247307 1.2201085 0.01970271 -0.38201365 1.2124463 -0.015324329 -0.31694606 1.2181625 -0.00948649 -0.37313527 1.2128112 -0.024081089 -0.34625688 1.2152437 0.18827033 0.045121636 1.3797978 0.18827033 0.055945966 1.4195681 0.1987298 0 1.4195681 0.18827033 0.045121636 1.4592167 0.18827033 0.017148655 1.483541 0.18827033 -0.017148655 1.483541 0.18827033 -0.045121636 1.4592167 0.18827033 -0.055945966 1.4195681 0.18827033 -0.045121636 1.3797978 0.18827033 -0.017148655 1.355595 0.18827033 0.017148655 1.355595 </float_array>
					<technique_common>
						<accessor count="1768" offset="0" source="#Model_positions_array" stride="3">
							<param name="X" type="float"/>
							<param name="Y" type="float"/>
							<param name="Z" type="float"/>
						</accessor>
					</technique_common>
				</source>
				<source id="Model_normals">
					<float_array id="Model_normals_array" count="5304"> 0 -1 0 0 -1 0 0 -1 0 0 -1 0 0 -1 0 0 -1 0 0 -1 0 0 -1 0 0 1 0 0 1 0 0 1 0 0 1 0 0 1 0 0 1 0 0 1 0 0 1 0 -0.097279824 -0.011998317 -0.9951847 -0.097279824 -0.011998317 -0.9951847 -0.098016955 0 -0.9951847 -0.098016955 0 -0.9951847 -0.09727982 0.011998324 -0.9951847 -0.09727982 0.011998324 -0.9951847 0.98887855 -0.14668652 -0.024541123 0.98887855 -0.14668652 -0.024541123 0.6966964 -0.12088817 -0.7071069 0.6966964 -0.12088817 -0.7071069 -0.002405462 -0.097987436 -0.9951847 -0.002405462 -0.097987436 -0.9951847 -0.6966964 -0.12088819 -0.7071069 -0.6966964 -0.12088819 -0.7071069 -0.9888786 -0.1466863 -0.024541123 -0.9888786 -0.1466863 -0.024541123 -0.7066494 -0.15868343 0.68954057 -0.7066494 -0.15868343 0.68954057 0 -0.17096186 0.98527765 0 -0.17096186 0.98527765 0.7066494 -0.15868342 0.68954057 0.7066494 -0.15868342 0.68954057 0.6966964 0.120888285 -0.7071069 0.6966964 0.120888285 -0.7071069 0.9888786 0.14668627 -0.024541123 0.9888786 0.14668627 -0.024541123 0.7066494 0.15868343 0.68954057 0.7066494 0.15868343 0.68954057 0 0.17096186 0.98527765 0 0.17096186 0.98527765 -0.7066494 0.15868348 0.68954057 -0.7066494 0.15868348 0.68954057 -0.9888786 0.14668638 -0.024541123 -0.9888786 0.14668638 -0.024541123 -0.6966964 0.12088823 -0.7071069 -0.6966964 0.12088823 -0.7071069 -0.002405456 0.097987436 -0.9951847 -0.002405456 0.097987436 -0.9951847 0 -0.8448536 0.53499764 0 -0.8448536 0.53499764 0 -1 0 0 -1 0 0 -0.8448536 -0.53499764 0 -0.8448536 -0.53499764 0 -0.35989514 -0.93299276 0 -0.35989514 -0.93299276 0 0.35989514 -0.93299276 0 0.35989514 -0.93299276 0 0.8448536 -0.53499764 0 0.8448536 -0.53499764 0 1 0 0 1 0 0 0.8448536 0.53499764 0 0.8448536 0.53499764 0 0.35989508 0.93299276 0 0.35989508 0.93299276 0 -0.35989508 0.93299276 0 -0.35989508 0.93299276 1 0 0 1 0 0 1 0 0 1 0 0 1 0 0 1 0 0 1 0 0 1 0 0 1 0 0 1 0 0 1 0 0 1 0 0 1 0 0 1 0 0 1 0 0 1 0 0 1 0 0 1 0 0 1 0 0 1 0 0 -0.57580805 0 -0.81758493 -0.5618171 0.1261603 -0.81758493 -0.714111 0.19762109 -0.671559 -0.16360027 0.9428519 -0.29028484 -0.16360027 0.9428519 -0.29028484 -0.117139734 0.9497436 -0.29028484 -0.117139734 0.9497436 -0.29028484 0 0.9495281 -0.313682 0 0.9495281 -0.313682 0.046199355 0.94040996 -0.3368897 0.046199355 0.94040996 -0.3368897 0.16233315 -0.93554884 -0.313682 0.16233315 -0.93554884 -0.313682 0.11623226 -0.9423872 -0.313682 0.11623226 -0.9423872 -0.313682 0 -0.9495281 -0.313682 0 -0.9495281 -0.313682 -0.0461995 -0.94040996 -0.3368897 -0.0461995 -0.94040996 -0.3368897 -0.45109853 -0.13683923 -0.8819213 -0.45109853 -0.13683923 -0.8819213 -0.4713967 0 -0.8819213 -0.4713967 0 -0.8819213 -0.45432088 0.1257275 -0.8819213 -0.45432088 0.1257275 -0.8819213 0.1636003 0.9428519 -0.29028484 0.1636003 0.9428519 -0.29028484 0.117139764 0.9497436 -0.29028484 0.117139764 0.9497436 -0.29028484 0 0.9495281 -0.313682 0 0.9495281 -0.313682 -0.04619933 0.94040996 -0.3368897 -0.04619933 0.94040996 -0.3368897 -0.94838434 -0.04659112 -0.313682 -0.94838434 -0.04659112 -0.313682 -0.9495281 0 -0.313682 -0.9495281 0 -0.313682 -0.94238716 0.1162324 -0.313682 -0.94238716 0.1162324 -0.313682 -0.6645625 -0.18390915 -0.7242472 -0.6645625 -0.18390915 -0.7242472 0 -0.4713967 -0.8819213 0 -0.4713967 -0.8819213 0.6645625 -0.1839093 -0.7242472 0.6645625 -0.1839093 -0.7242472 0.9497437 0.117139705 -0.29028484 0.9497437 0.117139705 -0.29028484 0.9495281 0 -0.313682 0.9495281 0 -0.313682 0.94040996 -0.046199348 -0.3368897 0.94040996 -0.046199348 -0.3368897 -0.93554884 -0.16233298 -0.313682 -0.93554884 -0.16233298 -0.313682 -0.9423872 -0.116232336 -0.313682 -0.9423872 -0.116232336 -0.313682 -0.9495281 0 -0.313682 -0.8286199 0.52471787 0.19509032 -0.94838434 0.04659118 -0.313682 -0.6387289 0.34140778 0.68954057 -0.13683927 0.4510985 -0.8819213 -0.13683927 0.4510985 -0.8819213 0 0.4713967 -0.8819213 0 0.4713967 -0.8819213 0.12572752 0.45432088 -0.8819213 0.12572752 0.45432088 -0.8819213 0.9428519 -0.16360016 -0.29028484 0.9428519 -0.16360016 -0.29028484 0.9497436 -0.117139876 -0.29028484 0.9497436 -0.117139876 -0.29028484 0.9495281 0 -0.313682 0.9495281 0 -0.313682 0.94040996 0.04619938 -0.3368897 0.94040996 0.04619938 -0.3368897 -0.8784539 0.33885705 -0.3368897 -0.9007504 0.39927533 -0.17096172 -0.9329928 0 -0.35989496 -0.9807853 0 -0.19509023 -0.91027784 -0.37704942 -0.17096172 -0.8784539 -0.3143157 -0.35989496 -0.72424704 0 -0.6895406 -0.714111 -0.19762105 -0.671559 -0.5618171 -0.12616025 -0.81758493 0.9285002 -0.35816196 0.09801714 0.9010016 -0.32238337 0.29028466 0.9951847 0 0.09801714 0.95694035 0 0.29028466 0.9370102 0.3352676 0.09801714 0.9086418 0.30017468 0.29028466 0.7730105 0 0.6343933 0.74855715 -0.24729009 0.6152316 0.3485316 -0.34853172 0.87008697 0.4275551 0 0.9039893 0.74855715 0.24728988 0.6152316 0.57580805 0 -0.81758493 0.5618171 0.12616025 -0.81758493 0.714111 0.19762112 -0.671559 -0.18685997 0.56563324 -0.8032076 -0.47847012 0.35485768 -0.8032076 -0.2519515 0.18685998 -0.9495282 -0.3136817 0 -0.9495282 0 0 -1 -0.2519515 -0.18685997 -0.9495282 -0.098396204 -0.29784963 -0.9495282 -0.47847012 -0.35485762 -0.8032076 -0.59569925 0 -0.8032076 0.33885708 0.87845385 -0.3368897 0.39927527 0.9007504 -0.17096172 0 0.9329928 -0.35989496 0 0.9807853 -0.19509023 -0.3770494 0.9102779 -0.17096172 -0.31431577 0.87845385 -0.35989496 0 0.72424704 -0.6895406 -0.19762109 0.714111 -0.671559 -0.12616023 0.56181717 -0.81758493 0 0.57580805 -0.81758493 0.19762112 0.714111 -0.671559 -0 0 1 0 -0.4275551 0.9039893 -0.4275551 0 0.9039893 -0.3485317 -0.34853163 0.87008697 -0.7730105 0 0.6343933 -0.74855715 -0.24728993 0.6152316 -0.95694035 0 0.29028466 -0.9010016 -0.3223834 0.29028466 -0.9285002 -0.358162 0.09801714 -0.9951847 0 0.09801714 -0.9370103 0.33526757 0.09801714 -0.9086418 0.3001748 0.29028466 -0.74855715 0.24728997 0.6152316 -0.6387289 0.34140778 0.68954057 0 0.4275551 0.9039893 0.34853166 0.34853166 0.87008697 0 0.7730105 0.6343933 -0.8286199 0.52471787 0.19509032 0 0.95694035 0.29028466 -0.32238343 0.9010015 0.29028466 -0.35816205 0.9285002 0.09801714 0 0.9951847 0.09801714 0.3352676 0.9370102 0.09801714 0.3001747 0.9086418 0.29028466 0.2472899 0.74855715 0.6152316 0.90075046 0.3992752 -0.17096172 0.8784539 0.33885705 -0.3368897 0.9807853 0 -0.19509023 0.9329928 0 -0.35989496 0.9102779 -0.37704942 -0.17096172 0.8784539 -0.31431568 -0.35989496 0.72424704 0 -0.6895406 0.714111 -0.1976212 -0.671559 0.5618171 -0.12616025 -0.81758493 0.399275 -0.9007505 -0.17096172 0.33885714 -0.87845385 -0.3368897 0 -0.9807853 -0.19509023 0 -0.9329928 -0.35989496 -0.37704957 -0.91027784 -0.17096172 -0.31431583 -0.87845385 -0.35989496 0 -0.72424704 -0.6895406 -0.19762132 -0.7141109 -0.671559 -0.12616034 -0.5618171 -0.81758493 0 -0.57580805 -0.81758493 0.19762099 -0.714111 -0.671559 0.99879545 0 -0.04906764 0.9951847 0 -0.098017246 0.49230447 0.8690389 -0.04906764 0.48919135 0.8635435 -0.12241085 -0.49156263 0.8677295 -0.0735646 -0.48564154 0.85727733 -0.17096172 -0.99729043 0 -0.0735646 -0.9757021 0 -0.21910122 -0.49156266 -0.8677294 -0.0735646 -0.48564157 -0.8572773 -0.17096172 0.4923045 -0.8690389 -0.04906764 0.48919138 -0.8635435 -0.12241085 0.4923045 -0.8690389 0.049067676 0.9996988 0 0.024541229 0.4915627 -0.8677294 0.07356457 0.9996988 0 0.024541229 0.49230447 0.8690389 0.049067676 -0.48919135 0.86354357 0.12241067 -0.98527765 0 0.17096189 -0.48919138 -0.8635435 0.12241067 -0.4834273 -0.85336846 0.19509032 -0.97003126 0 0.24298018 -0.48342726 0.8533685 0.19509032 0.49156266 0.8677294 0.07356457 -0.18685995 -0.56563324 -0.8032076 0.098396204 -0.29784963 -0.9495282 0.18685995 -0.56563324 -0.8032076 0.47847006 -0.35485774 -0.8032076 0.25195146 -0.18686002 -0.9495282 0.671559 0 0.7409511 0.79546684 -0.50372386 0.33688983 0.5914387 -0.35449466 0.72424704 0.35115045 -0.910323 0.21910124 0.28977105 -0.6995698 0.65317285 -0.19297883 -0.9701697 0.14673047 -0.15669808 -0.78777415 0.59569925 -0.7515143 -0.64826065 0.12241067 -0.6295962 -0.5430933 0.55557024 -0.99247956 0 0.12241067 -0.8577286 0 0.51410276 -0.75151426 0.6482607 0.12241067 0.33526766 -0.9370102 -0.098017246 -0.19297881 -0.97016966 -0.14673072 -0.7300426 -0.66167206 -0.17096172 -0.98527765 0 -0.17096172 -0.7300425 0.6616721 -0.17096172 -0.19297875 0.97016966 -0.14673072 -0.19297877 0.9701697 0.14673047 -0.15669803 0.78777415 0.59569925 0.28977126 0.6995697 0.65317285 -0.065424256 0.37704942 0.9238795 0.13772589 0.33249968 0.93299276 0 0 1 0.28462258 0.18023527 0.94154406 0.59143865 0.3544947 0.72424704 0.35989508 0 0.93299276 0.28462258 -0.18023527 0.94154406 0.13772579 -0.33249974 0.93299276 -0.06542428 -0.37704942 0.9238795 -0.32374853 -0.27926737 0.9039893 -0.4496114 0 0.89322424 -0.3237485 0.2792674 0.9039893 -0.6295961 0.5430934 0.55557024 -0.085283674 -0.86589736 -0.49289808 0.24524796 -0.8084745 -0.53499764 0.2592892 -0.8547623 -0.4496115 0.7343 -0.5445943 -0.40524137 0.76979214 -0.5421489 -0.3368897 0.9569403 0 -0.29028484 0.9757021 0 -0.21910122 0.7343002 0.54459405 -0.40524137 0.76979214 0.5421488 -0.3368897 0.24524811 0.8084744 -0.53499764 0.25928938 0.85476226 -0.4496115 -0.08528341 0.86589736 -0.49289808 0.30231896 0.9151325 -0.26671287 -0.18368615 0.92345256 -0.3368897 -0.6534604 0.5922621 -0.47139698 -0.68454957 0.62043965 -0.38268343 -0.8819211 0 -0.47139698 -0.9329928 0 -0.35989496 -0.65346044 -0.592262 -0.47139698 -0.68454957 -0.6204396 -0.38268343 -0.1836862 -0.92345256 -0.3368897 0.3023189 -0.9151326 -0.26671287 0.83241534 -0.52712125 -0.17096172 0.9951847 0 -0.098017246 0.8445991 -0.53483653 -0.024541123 0.9996988 0 0.024541229 0.9329928 0 0.35989505 0.79546684 0.50372386 0.33688983 0.3511504 0.910323 0.21910124 0.3352676 0.9370102 -0.098017246 0.25928938 0.85476226 -0.4496115 0.30231896 0.9151325 -0.26671287 0.76979214 0.5421488 -0.3368897 0.83241534 0.52712125 -0.17096172 0.9757021 0 -0.21910122 0.9951847 0 -0.098017246 0.8445991 0.53483653 -0.024541123 0.9996988 0 0.024541229 0.9329928 0 0.35989505 0.79546684 0.50372386 0.33688983 0.3352676 0.9370102 -0.098017246 0.24728985 -0.7485572 0.6152316 0 -0.7730105 0.6343933 -0.24728985 -0.7485572 0.6152316 0 -0.95694035 0.29028466 -0.3223835 -0.9010015 0.29028466 -0.3581621 -0.9285001 0.09801714 0 -0.9951847 0.09801714 0.30017468 -0.9086419 0.29028466 0.12616025 0.5618171 -0.81758493 0.12616009 -0.56181717 -0.81758493 -0.8032075 0.59569937 0 -0.94952816 0 0.31368172 -1 0 0 -0.76266813 -0.5656333 0.31368172 -0.8032075 -0.5956993 0 -0.2978496 -0.90160376 0.31368172 -0.3136817 -0.9495282 0 0.2978496 -0.90160376 0.31368172 0.3136817 -0.9495282 0 0.762668 -0.5656334 0.31368172 0.8032074 -0.5956995 0 1 0 0 0.9495281 0 -0.313682 0.8032076 0.59569925 0 0.76266813 0.5656332 -0.313682 0.31368175 0.94952816 0 0.29784963 0.90160364 -0.313682 -0.31368172 0.94952816 0 -0.2978496 0.90160364 -0.313682 -0.76266813 0.5656333 -0.313682 -0.9495281 0 -0.313682 -0.76266813 -0.56563324 -0.313682 -0.29784957 -0.9016037 -0.313682 0.29784957 -0.9016037 -0.313682 0.762668 -0.5656334 -0.313682 0.8032074 0 -0.5956995 0.64514226 0.47847006 -0.5956995 0.25195152 0.762668 -0.5956995 -0.2519515 0.762668 -0.5956995 -0.6451422 0.47847015 -0.5956995 -0.8032074 0 -0.5956995 -0.6451422 -0.4784701 -0.5956995 -0.25195146 -0.7626681 -0.5956995 0.25195146 -0.7626681 -0.5956995 0.64514214 -0.47847024 -0.5956995 0.59569925 0 -0.8032076 0.47847015 0.3548576 -0.8032076 0.18685998 0.56563324 -0.8032076 0.3136817 0 -0.9495282 0.25195152 0.18685995 -0.9495282 0.09839622 0.2978496 -0.9495282 -0.09839621 0.2978496 -0.9495282 0.31368175 0 0.94952816 0.25195155 0.18685998 0.94952816 0 0 1 0.09839624 0.29784966 0.94952816 -0.098396234 0.29784966 0.94952816 -0.25195155 0.18686002 0.94952816 -0.31368175 0 0.94952816 -0.25195155 -0.18686001 0.94952816 -0.09839622 -0.29784968 0.94952816 0.09839622 -0.29784968 0.94952816 0.25195152 -0.18686005 0.94952816 0.5956993 0 0.8032075 0.4784702 0.35485762 0.8032075 0.18686001 0.5656333 0.8032075 -0.18685998 0.5656333 0.8032075 -0.47847018 0.3548577 0.8032075 -0.5956993 0 0.8032075 -0.47847018 -0.35485768 0.8032075 -0.18685997 -0.5656333 0.8032075 0.18685997 -0.5656333 0.8032075 0.4784701 -0.35485777 0.8032075 0.8032076 0 0.59569925 0.64514244 0.47847015 0.59569925 0.25195155 0.7626682 0.59569925 -0.25195155 0.7626682 0.59569925 -0.6451424 0.47847024 0.59569925 -0.8032076 0 0.59569925 -0.6451424 -0.4784702 0.59569925 -0.25195152 -0.76266825 0.59569925 0.25195152 -0.76266825 0.59569925 0.64514226 -0.47847036 0.59569925 0.94952816 0 0.31368172 0.7626682 0.56563324 0.31368172 0.29784966 0.9016037 0.31368172 -0.29784963 0.9016037 0.31368172 -0.76266813 0.5656333 0.31368172 0.12999362 -0.5189642 -0.8448537 0.11403428 -0.41206723 -0.9039894 -0.24277191 -0.586103 -0.77301043 -0.16965337 -0.4398097 -0.8819213 -0.5340243 -0.37610227 -0.75720876 -0.40298614 -0.2838148 -0.87008697 -0.67155874 0 -0.7409513 -0.49289823 0 -0.87008697 -0.53402424 0.3761023 -0.75720876 -0.4029861 0.28381482 -0.87008697 -0.24277179 0.586103 -0.77301043 -0.16965334 0.43980974 -0.8819213 0.12999378 0.5189642 -0.8448537 0.114034355 0.4120672 -0.9039894 0.44483402 0.2972286 -0.8448537 0.35549894 0.2375368 -0.9039894 0.57580805 0 -0.81758493 0.44961125 0 -0.89322436 0.44483402 -0.29722863 -0.8448537 0.35549894 -0.23753683 -0.9039894 0 0 -1 0.4510985 -0.13683932 -0.8819213 0.4510985 -0.13683932 -0.8819213 0.4713967 0 -0.8819213 0.4713967 0 -0.8819213 0.45432088 0.12572752 -0.8819213 0.45432088 0.12572752 -0.8819213 0 0 1 0 0 1 0 0 1 0 0 1 0 0 1 0 0 1 0 0 1 0 0 1 0 0 1 0 0 1 0.95694035 0 0.29028466 0.79308283 0.55855197 0.24298018 0.96377605 0 0.26671275 0.79308283 0.55855197 0.24298018 0.9757021 0 0.21910124 0.8018751 0.56474423 0.19509032 0.9891765 0 0.14673047 0.80873567 0.56957597 0.14673047 0.81143624 0.5714779 0.12241067 0.3102866 0.93925095 0.14673047 0.3090636 0.9355489 0.17096189 -0.33041656 0.9234525 0.19509032 -0.35459656 0.919257 0.17096189 -0.80655146 0.53892064 0.24298018 -0.81922835 0.54739106 0.17096189 -0.96377605 0 0.26671275 -0.98527765 0 0.17096189 -0.80655146 -0.5389206 0.24298018 -0.81922835 -0.547391 0.17096189 -0.33041662 -0.9234525 0.19509032 -0.3545966 -0.9192569 0.17096189 0.31028655 -0.939251 0.14673047 0.30906355 -0.93554896 0.17096189 -0.3581621 -0.9285001 0.09801714 0.30906355 -0.93554896 0.17096189 0.31028655 -0.939251 0.14673047 -0.3367884 -0.94126046 0.024541229 -0.830468 -0.55490106 0.049067676 -0.9996988 0 0.024541229 -0.830468 0.5549011 0.049067676 -0.35816205 0.9285002 0.09801714 0.3090636 0.9355489 0.17096189 0.3102866 0.93925095 0.14673047 -0.33678833 0.94126046 0.024541229 -0.8274658 0.5528951 -0.098017246 -0.98917645 0 -0.14673072 -0.8274658 -0.55289507 -0.098017246 0.7930828 -0.558552 0.24298018 0.95694035 0 0.29028466 0.7930828 -0.558552 0.24298018 0.96377605 0 0.26671275 0.80187505 -0.5647443 0.19509032 0.9757021 0 0.21910124 0.8087356 -0.569576 0.14673047 0.9891765 0 0.14673047 0.8114362 -0.57147795 0.12241067 0.9951847 0 0.09801714 0.81364787 -0.5730356 0.09801714 0.9951847 0 0.09801714 0.80873567 0.56957597 0.14673047 0.8018751 0.56474423 0.19509032 0.79308283 0.55855197 0.24298018 0.79308283 0.55855197 0.24298018 0.31217128 0.9449559 0.09801714 -0.33648401 0.9404099 -0.04906764 -0.81922835 0.54739106 -0.17096172 -0.9757021 0 -0.21910122 -0.81922835 -0.547391 -0.17096172 -0.33648407 -0.9404099 -0.04906764 0.31217122 -0.94495595 0.09801714 0.31132266 -0.94238734 0.12241067 -0.30765438 -0.9312833 0.19509032 -0.79566675 -0.5316476 0.29028466 -0.94154406 0 0.33688983 -0.79566675 0.5316477 0.29028466 -0.3076544 0.93128324 0.19509032 0.31132272 0.9423873 0.12241067 0.8136479 0.57303554 0.09801714 -0.16233312 -0.93554884 -0.313682 -0.16233312 -0.93554884 -0.313682 -0.116232686 -0.94238716 -0.313682 -0.116232686 -0.94238716 -0.313682 0 -0.9495281 -0.313682 0 -0.9495281 -0.313682 0.046199072 -0.94040996 -0.3368897 0.046199072 -0.94040996 -0.3368897 0.33526766 -0.9370102 0.09801714 0.98917645 0 -0.14673072 0.9807853 0 -0.19509023 0.69945335 0.69945335 -0.14673072 0.68992555 0.68992555 -0.21910122 0 0.9807853 -0.19509023 0 0.96377605 -0.26671287 -0.68591565 0.68591565 -0.24298023 -0.6714178 0.6714178 -0.313682 -0.97003126 0 -0.24298023 -0.9329928 0 -0.35989496 -0.6859157 -0.6859156 -0.24298023 -0.6714178 -0.6714177 -0.313682 0 -0.9807853 -0.19509023 0 -0.96377605 -0.26671287 0.69945323 -0.6994535 -0.14673072 0.68992543 -0.6899257 -0.21910122 0.9951847 0 -0.098017246 0.70370185 0.70370185 -0.098017246 0 0.9951847 -0.098017246 -0.70370185 0.70370185 -0.098017246 -0.9951847 0 -0.098017246 -0.7037019 -0.7037018 -0.098017246 0 -0.9951847 -0.098017246 0.70370173 -0.703702 -0.098017246 0.98917645 0 -0.14673072 0.70178896 0.70178896 -0.12241085 0 0.99729043 -0.0735646 -0.70710677 0.70710677 0 -1 0 0 -0.7071068 -0.7071067 0 0 -0.99729043 -0.0735646 0.70178884 -0.7017891 -0.12241085 0.69945323 -0.6994535 -0.14673072 0.98527765 0 -0.17096172 0.6966964 -0.69669664 -0.17096172 0.9757021 0 -0.21910122 0.69945335 0.69945335 -0.14673072 0 0.99879545 -0.04906764 -0.706255 0.706255 0.049067676 -0.9951847 0 0.09801714 -0.7062551 -0.70625496 0.049067676 0 -0.99879545 -0.04906764 0 -0.99879545 -0.04906764 -0.7051909 -0.7051908 0.07356457 -0.99247956 0 0.12241067 -0.70519084 0.70519084 0.07356457 0 0.99879545 -0.04906764 0.6966965 0.6966965 -0.17096172 0.009005047 -0.12207889 -0.99247956 0.017961353 -0.12108565 -0.99247956 0 -0.24297994 -0.9700313 -0.021354714 -0.28949803 -0.95694035 -0.008267712 -0.33678842 -0.94154406 -0.024783224 -0.33597708 -0.94154406 -0.008267712 -0.33678842 -0.94154406 -0.016530447 -0.3364841 -0.94154406 -0.008267712 -0.33678842 -0.94154406 -0.008267712 -0.33678842 -0.94154406 -0.016530447 -0.3364841 -0.94154406 -0.024783224 -0.33597708 -0.94154406 0.016530294 -0.3364841 -0.94154406 0.016530294 -0.3364841 -0.94154406 0.45109853 -0.8439461 0.29028466 0.45109853 -0.8439461 0.29028466 0.57004863 -0.76862174 0.29028466 0.57004863 -0.76862174 0.29028466 0.02478317 0.33597702 0.94154406 0.02478317 0.33597702 0.94154406 -0.016530382 0.33648404 0.94154406 -0.016530382 0.33648404 0.94154406 -0.5887398 0.7544005 -0.29028484 -0.5887398 0.7544005 -0.29028484 0.25112182 0.9074377 -0.3368897 0.25112182 0.9074377 -0.3368897 0.25112182 0.9074377 -0.3368897 0.9969901 0.07354241 -0.024541123 0.25112182 0.9074377 -0.3368897 0.9969901 0.07354241 -0.024541123 0.45109853 -0.8439461 0.29028466 0.45109853 -0.8439461 0.29028466 0.20629318 -0.91866666 0.33688983 0.20629318 -0.91866666 0.33688983 0.8835564 0.44474494 -0.14673072 0.8835564 0.44474494 -0.14673072 0.8835564 0.44474494 -0.14673072 0.8835564 0.44474494 -0.14673072 -0.40597558 0.8583633 -0.313682 -0.40597558 0.8583633 -0.313682 -0.1381532 0.93135333 -0.3368897 -0.1381532 0.93135333 -0.3368897 0.09228746 0.9370103 -0.3368897 0.09228746 0.9370103 -0.3368897 0.016530294 -0.3364841 -0.94154406 0.016530294 -0.3364841 -0.94154406 0.28462264 -0.1802353 -0.94154406 0.28462264 -0.1802353 -0.94154406 0.53499734 0 -0.8448537 0.53499734 0 -0.8448537 0.016530294 -0.3364841 -0.94154406 0.016530294 -0.3364841 -0.94154406 0.016530294 -0.3364841 -0.94154406 0.016530294 -0.3364841 -0.94154406 0.016530294 -0.3364841 -0.94154406 0.016530294 -0.3364841 -0.94154406 0.5109159 0.53663164 0.671559 0.5109159 0.53663164 0.671559 0.26369938 0.46549448 0.8448536 0.26369938 0.46549448 0.8448536 -0.016530382 0.33648404 0.94154406 -0.016530382 0.33648404 0.94154406 0.44760445 -0.8374091 0.31368172 0.44760445 -0.8374091 0.31368172 0.6859155 -0.68591577 0.24298018 0.6859155 -0.68591577 0.24298018 0.8800739 -0.44299218 0.17096189 0.8800739 -0.44299218 0.17096189 0.44760445 -0.8374091 0.31368172 0.44760445 -0.8374091 0.31368172 0.49196574 -0.82079506 0.29028466 0.49196574 -0.82079506 0.29028466 0.57004863 -0.76862174 0.29028466 0.57004863 -0.76862174 0.29028466 -0.40597558 0.8583633 -0.313682 -0.40597558 0.8583633 -0.313682 -0.46802065 0.82617205 -0.313682 -0.46802065 0.82617205 -0.313682 -0.5887398 0.7544005 -0.29028484 -0.5887398 0.7544005 -0.29028484 -0.016530382 0.33648404 0.94154406 -0.016530382 0.33648404 0.94154406 -0.016530382 0.33648404 0.94154406 -0.016530382 0.33648404 0.94154406 -0.016530382 0.33648404 0.94154406 -0.016530382 0.33648404 0.94154406 -0.024783224 -0.33597708 -0.94154406 -0.021354714 -0.28949803 -0.95694035 -0.016530447 -0.3364841 -0.94154406 -0.024783224 -0.33597708 -0.94154406 -0.016530447 -0.3364841 -0.94154406 0.02478317 0.33597702 0.94154406 0.02478317 0.33597702 0.94154406 0.02478317 0.33597702 0.94154406 0.02478317 0.33597702 0.94154406 0.016530393 0.33648404 0.94154406 -0.024185432 -0.4923045 -0.87008697 -0.03383423 -0.6887098 -0.7242472 -0.024185432 -0.4923045 -0.87008697 -0.03383423 -0.6887098 -0.7242472 0.048050407 0.651403 0.7572088 0.04525927 0.61356455 0.7883464 0.048050407 0.651403 0.7572088 0.04525927 0.61356455 0.7883464 0 -0.21910094 -0.9757022 -0.025225896 -0.5134835 -0.85772854 0.0047877743 -0.19503166 -0.98078525 -0.025225896 -0.5134835 -0.85772854 0.04525927 0.61356455 0.7883464 0.04525927 0.61356455 0.7883464 0.029229565 0.5949818 0.8032075 0.04382239 0.5940852 0.8032075 -0.991284 0.12226325 -0.04906764 -0.991284 0.12226325 -0.04906764 -0.99488497 0.09798758 -0.024541123 -0.99488497 0.09798758 -0.024541123 -0.024185432 -0.4923045 -0.87008697 0.010750702 -0.21883702 -0.9757022 -0.024185432 -0.4923045 -0.87008697 0.029229565 0.5949818 0.8032075 0.029229565 0.5949818 0.8032075 0.023130331 0.47082895 0.88192123 0.99488497 -0.09798773 0.024541229 0.99488497 -0.09798773 0.024541229 0.99729043 -0.0735646 0 0.99729043 -0.0735646 0 0.9945882 0.07336524 -0.0735646 0.9945882 0.07336524 -0.0735646 0.1276683 0.86066973 -0.49289808 0.1276683 0.86066973 -0.49289808 -0.94658285 0.2871428 -0.14673072 -0.94658285 0.2871428 -0.14673072 0.010750702 -0.21883702 -0.9757022 0.0047877743 -0.19503166 -0.98078525 0 -0.21910094 -0.9757022 0.023130331 0.47082895 0.88192123 0.0082677 0.33678836 0.94154406 0.0082677 0.33678836 0.94154406 0.0082677 0.33678836 0.94154406 0.0082677 0.33678836 0.94154406 0.02478317 0.33597702 0.94154406 0.0082677 0.33678836 0.94154406 0.02478317 0.33597702 0.94154406 0.0082677 0.33678836 0.94154406 0.016530393 0.33648404 0.94154406 0.0082677 0.33678836 0.94154406 0.0082677 0.33678836 0.94154406 0.0082677 0.33678836 0.94154406 0.20629318 -0.91866666 0.33688983 0.20629318 -0.91866666 0.33688983 0.023106724 -0.94126046 0.33688983 0.023106724 -0.94126046 0.33688983 -0.27331614 -0.9010014 0.33688983 -0.27331614 -0.9010014 0.33688983 -0.754228 -0.6189788 0.21910124 -0.754228 -0.6189788 0.21910124 -0.9781278 -0.19456165 0.07356457 -0.9781278 -0.19456165 0.07356457 -0.9984946 -0.049052883 0.024541229 -0.9984946 -0.049052883 0.024541229 -0.99879545 0.049067724 0 -0.99879545 0.049067724 0 -0.99488497 0.09798758 -0.024541123 -0.99488497 0.09798758 -0.024541123 0.99488497 -0.09798773 0.024541229 0.99488497 -0.09798773 0.024541229 0.98798496 -0.14655398 0.049067676 0.98798496 -0.14655398 0.049067676 0.9969901 0.07354241 -0.024541123 0.9969901 0.07354241 -0.024541123 -0.99488497 0.09798758 -0.024541123 -0.99488497 0.09798758 -0.024541123 -0.99488497 0.09798758 -0.024541123 -0.99488497 0.09798758 -0.024541123 -0.99488497 0.09798758 -0.024541123 -0.99488497 0.09798758 -0.024541123 -0.99488497 0.09798758 -0.024541123 -0.99488497 0.09798758 -0.024541123 -0.99488497 0.09798758 -0.024541123 0.99488497 -0.09798773 0.024541229 0.99488497 -0.09798773 0.024541229 0.99488497 -0.09798773 0.024541229 0.99488497 -0.09798773 0.024541229 0.99488497 -0.09798773 0.024541229 0.99488497 -0.09798773 0.024541229 0.99488497 -0.09798773 0.024541229 0.99488497 -0.09798773 0.024541229 0.99488497 -0.09798773 0.024541229 -0.47876698 0.67979693 -0.5555703 -0.49427325 0.78054297 0.38268346 -0.651403 0.7551571 -0.0735646 0.087407246 0.5892517 -0.8032076 0.087407246 0.5892517 -0.8032076 0.087407246 0.5892517 -0.8032076 0.087407246 0.5892517 -0.8032076 -0.9897903 0.12207902 -0.0735646 -0.9897903 0.12207902 -0.0735646 -0.94658285 0.2871428 -0.14673072 -0.94658285 0.2871428 -0.14673072 0.032049656 0.65238607 0.7572088 0.029229565 0.5949818 0.8032075 0.032049656 0.65238607 0.7572088 0.029229565 0.5949818 0.8032075 0.99729043 -0.0735646 0 0.99729043 -0.0735646 0 0.99879545 -0.04906764 0 0.99879545 -0.04906764 0 0.048050407 0.651403 0.7572088 0.048050407 0.651403 0.7572088 0.056866217 0.770916 0.6343933 0.056866217 0.770916 0.6343933 0.062151324 0.8425644 0.53499764 0.062151324 0.8425644 0.53499764 0.9945882 0.07336524 -0.0735646 0.9945882 0.07336524 -0.0735646 0.99729043 -0.0735646 0 0.99729043 -0.0735646 0 -0.98649627 0.146333 -0.0735646 -0.98649627 0.146333 -0.0735646 -0.991284 0.12226325 -0.04906764 -0.991284 0.12226325 -0.04906764 -0.025225896 -0.5134835 -0.85772854 -0.050725874 -0.687672 -0.7242472 -0.025225896 -0.5134835 -0.85772854 -0.050725874 -0.687672 -0.7242472 0.087407246 0.5892517 -0.8032076 0.087407246 0.5892517 -0.8032076 0.087407246 0.5892517 -0.8032076 0.087407246 0.5892517 -0.8032076 -0.012096357 -0.49274978 -0.87008697 -0.012096357 -0.49274978 -0.87008697 -0.03469617 -0.7062549 -0.7071069 -0.03469617 -0.7062549 -0.7071069 -0.060145427 -0.8153694 -0.5758083 -0.060145427 -0.8153694 -0.5758083 -0.8535534 0.35355344 -0.38268343 -0.8535534 0.35355344 -0.38268343 -0.91573477 0.27778515 -0.29028484 -0.91573477 0.27778515 -0.29028484 -0.9701697 0.19297874 -0.14673072 -0.9701697 0.19297874 -0.14673072 0.09657409 0.98053324 0.17096189 0.09657409 0.98053324 0.17096189 0.068635255 0.9304648 0.35989505 0.068635255 0.9304648 0.35989505 0.062151324 0.8425644 0.53499764 0.062151324 0.8425644 0.53499764 0.7805429 0.32331148 -0.53499764 0.7805429 0.32331148 -0.53499764 0.94658285 0.1404123 -0.29028484 0.94658285 0.1404123 -0.29028484 0.9984946 -0.04905286 -0.024541123 0.9984946 -0.04905286 -0.024541123 -0.050725874 -0.687672 -0.7242472 -0.050725874 -0.687672 -0.7242472 -0.05570389 -0.7551572 -0.6531728 -0.05570389 -0.7551572 -0.6531728 -0.060145427 -0.8153694 -0.5758083 -0.060145427 -0.8153694 -0.5758083 -0.98649627 0.146333 -0.0735646 -0.98649627 0.146333 -0.0735646 -0.9844133 0.14602402 -0.098017246 -0.9844133 0.14602402 -0.098017246 -0.9701697 0.19297874 -0.14673072 -0.9701697 0.19297874 -0.14673072 0.99729043 -0.0735646 0 0.99729043 -0.0735646 0 0.99729043 -0.0735646 0 0.99729043 -0.0735646 0 0.9984946 -0.04905286 -0.024541123 0.9984946 -0.04905286 -0.024541123 -0.08860668 -0.89963627 -0.4275552 -0.08860668 -0.89963627 -0.4275552 -0.092287704 -0.9370102 0.33688983 -0.092287704 -0.9370102 0.33688983 -0.062735334 -0.42292747 0.9039893 -0.062735334 -0.42292747 0.9039893 0.0082677 0.33678836 0.94154406 0.0082677 0.33678836 0.94154406 0.08860644 0.8996363 0.42755508 0.08860644 0.8996363 0.42755508 0.09228746 0.9370103 -0.3368897 0.09228746 0.9370103 -0.3368897 0.06273535 0.4229273 -0.9039894 0.06273535 0.4229273 -0.9039894 -0.008267712 -0.33678842 -0.94154406 -0.008267712 -0.33678842 -0.94154406 0.016757166 -0.09657391 -0.9951847 0.016757166 -0.09657391 -0.9951847 0.016757166 -0.09657391 -0.9951847 0.016757166 -0.09657391 -0.9951847 0.016757166 -0.09657391 -0.9951847 0.016757166 -0.09657391 -0.9951847 0.016757166 -0.09657391 -0.9951847 0.016757166 -0.09657391 -0.9951847 -0.17739162 0.4598705 0.87008697 -0.26538116 0.11763541 0.9569403 -0.40914473 0.12411272 0.9039893 -0.15950292 -0.11233461 0.98078525 -0.24399146 -0.23229922 0.94154406 0.14786854 -0.27664262 0.94952816 0.71033084 -0.14129353 -0.6895406 0.71033084 -0.14129353 -0.6895406 0.99488497 -0.09798773 0.024541229 0.99488497 -0.09798773 0.024541229 0.68954057 0 0.72424704 0.68954057 0 0.72424704 -0.016757188 0.09657409 0.9951847 -0.016757188 0.09657409 0.9951847 -0.7103309 0.14129359 0.68954057 -0.7103309 0.14129359 0.68954057 -0.99488497 0.09798758 -0.024541123 -0.99488497 0.09798758 -0.024541123 -0.6895404 0 -0.7242472 -0.6895404 0 -0.7242472 0.016757166 -0.09657391 -0.9951847 0.016757166 -0.09657391 -0.9951847 -0.09754542 -0.9903926 0.09801714 -0.09754542 -0.9903926 0.09801714 -0.09754542 -0.9903926 0.09801714 -0.09754542 -0.9903926 0.09801714 -0.09754542 -0.9903926 0.09801714 -0.09754542 -0.9903926 0.09801714 -0.09754542 -0.9903926 0.09801714 -0.09754542 -0.9903926 0.09801714 0.097545154 0.9903926 -0.098017246 0.097545154 0.9903926 -0.098017246 0.097545154 0.9903926 -0.098017246 0.097545154 0.9903926 -0.098017246 0.097545154 0.9903926 -0.098017246 0.097545154 0.9903926 -0.098017246 0.097545154 0.9903926 -0.098017246 0.097545154 0.9903926 -0.098017246 0.99879545 -0.04906764 0 0.99879545 -0.04906764 0 0.99939775 -0.024533732 -0.024541123 0.99939775 -0.024533732 -0.024541123 0.99729043 0 -0.0735646 0.99729043 0 -0.0735646 0.7516396 0.35549906 -0.5555703 0.7516396 0.35549906 -0.5555703 0.9186666 0.20629348 -0.3368897 0.9186666 0.20629348 -0.3368897 0.99729043 0 -0.0735646 0.99729043 0 -0.0735646 -0.03383423 -0.6887098 -0.7242472 -0.03383423 -0.6887098 -0.7242472 -0.0579945 -0.7862102 -0.6152318 -0.0579945 -0.7862102 -0.6152318 -0.06116686 -0.82921666 -0.5555703 -0.06116686 -0.82921666 -0.5555703 -0.9897903 0.12207902 -0.0735646 -0.9897903 0.12207902 -0.0735646 -0.9897903 0.12207902 -0.0735646 -0.9897903 0.12207902 -0.0735646 -0.9844133 0.14602402 -0.098017246 -0.9844133 0.14602402 -0.098017246 0.032049656 0.65238607 0.7572088 0.032049656 0.65238607 0.7572088 0.03635673 0.7400586 0.671559 0.03635673 0.7400586 0.671559 0.061166737 0.82921666 0.55557024 0.061166737 0.82921666 0.55557024 0.09146414 -0.14443776 0.98527765 0.23417854 0.06480593 0.97003126 -0.016757188 0.09657409 0.9951847 0.1365217 0.30798796 0.94154406 -0.12124498 0.33885708 0.93299276 0.22221492 0.41573483 0.88192123 0.37980548 0.046844535 0.9238795 0.26538098 -0.11763532 -0.95694035 0.121245034 -0.33885714 -0.93299276 0.016757166 -0.09657391 -0.9951847 -0.13652177 -0.307988 -0.94154406 -0.23417826 -0.06480583 -0.9700313 -0.22221485 -0.4157348 -0.8819213 0.17739168 -0.4598705 -0.87008697 0.40914455 -0.12411272 -0.9039894 0.15950295 0.11233466 -0.98078525 -0.0914642 0.14443779 -0.98527765 -0.3798052 -0.046844486 -0.9238796 -0.14786848 0.27664256 -0.9495282 0.24399152 0.23229925 -0.94154406 0.072481565 0.98260796 0.17096189 0.072481565 0.98260796 0.17096189 0.06926432 0.93899286 0.33688983 0.06926432 0.93899286 0.33688983 0.061166737 0.82921666 0.55557024 0.061166737 0.82921666 0.55557024 -0.6684449 0.47077197 -0.5758083 -0.6684449 0.47077197 -0.5758083 -0.8784539 0.31431577 -0.35989496 -0.8784539 0.31431577 -0.35989496 -0.9844133 0.14602402 -0.098017246 -0.9844133 0.14602402 -0.098017246 -0.012096357 -0.49274978 -0.87008697 -0.012096357 -0.49274978 -0.87008697 -0.03383423 -0.6887098 -0.7242472 -0.03383423 -0.6887098 -0.7242472 -0.06116686 -0.82921666 -0.5555703 -0.06116686 -0.82921666 -0.5555703 -0.02442305 0.99488497 0.09801714 -0.02442305 0.99488497 0.09801714 -0.049008515 0.99759233 0.049067676 -0.049008515 0.99759233 0.049067676 -0.097987585 0.99488497 0.024541229 -0.097987585 0.99488497 0.024541229 -0.14655371 0.987985 0.049067676 -0.14655371 0.987985 0.049067676 -0.1701386 0.98053324 0.09801714 -0.1701386 0.98053324 0.09801714 -0.14514232 0.97847015 0.14673047 -0.14514232 0.97847015 0.14673047 -0.09657406 0.98053324 0.17096189 -0.09657406 0.98053324 0.17096189 -0.04853654 0.987985 0.14673047 -0.04853654 0.987985 0.14673047 0.99488497 0.09798762 0.024541229 0.99488497 0.09798762 0.024541229 0.7103308 0.14129359 -0.6895406 0.7103308 0.14129359 -0.6895406 0.01675716 0.09657391 -0.9951847 0.01675716 0.09657391 -0.9951847 -0.6895404 0 -0.7242472 -0.6895404 0 -0.7242472 -0.99488497 -0.09798751 -0.024541123 -0.99488497 -0.09798751 -0.024541123 -0.7103309 -0.14129354 0.68954057 -0.7103309 -0.14129354 0.68954057 -0.016757194 -0.09657409 0.9951847 -0.016757194 -0.09657409 0.9951847 0.68954057 0 0.72424704 0.68954057 0 0.72424704 0.097544976 -0.9903926 -0.098017246 0.097544976 -0.9903926 -0.098017246 0.097544976 -0.9903926 -0.098017246 0.097544976 -0.9903926 -0.098017246 0.097544976 -0.9903926 -0.098017246 0.097544976 -0.9903926 -0.098017246 0.635535 -0.57601535 -0.5141027 0.60708195 -0.6698121 0.42755508 0.7873966 -0.61449075 -0.04906764 -0.99488497 -0.09798751 -0.024541123 -0.99488497 -0.09798751 -0.024541123 -0.99488497 -0.09798751 -0.024541123 -0.99488497 -0.09798751 -0.024541123 -0.34341535 -0.2546942 -0.9039894 -0.4787672 -0.67979676 -0.5555703 -0.6469151 -0.32562965 -0.6895406 -0.65140307 -0.75515705 -0.0735646 -0.9131085 -0.40475327 -0.04906764 -0.49427345 -0.7805428 0.38268346 -0.6797969 -0.45422584 0.5758082 -0.37610233 -0.43600702 0.8175848 0.008267717 -0.33678836 0.94154406 0.009945154 -0.40511933 0.9142097 0.40510496 -0.3494459 0.8448536 0.72071403 -0.3194706 0.6152316 0.60708195 -0.6698121 0.42755508 0.9757021 -0.21910122 0 0.7873966 -0.61449075 -0.04906764 0.73451626 -0.18398678 -0.6531728 0.635535 -0.57601535 -0.5141027 0.4355138 -0.18039571 -0.8819213 0.045597695 -0.16476901 -0.98527765 0.04800522 -0.21377727 -0.9757022 -0.6492327 -0.23229909 -0.7242472 -0.94040996 -0.33648396 -0.04906764 -0.6817344 -0.36439466 0.6343933 -0.6922477 -0.30685237 0.65317285 -0.9626152 -0.2663914 -0.04906764 -0.66887575 -0.1675447 -0.7242472 0.031452782 -0.06650135 -0.9972905 0.71880037 -0.088655695 -0.6895406 0.98917645 -0.14673072 0 0.7035539 -0.23242302 0.671559 0 -0.26671275 0.96377605 0.7066494 -0.15868342 0.68954057 0.99729043 -0.0735646 0 0.72337466 -0.035537094 -0.6895406 -0.4787672 -0.67979676 -0.5555703 -0.65140307 -0.75515705 -0.0735646 -0.49427345 -0.7805428 0.38268346 -0.02478322 -0.33597702 0.94154406 -0.02478322 -0.33597702 0.94154406 -0.02478322 -0.33597702 0.94154406 -0.02478322 -0.33597702 0.94154406 -0.02478322 -0.33597702 0.94154406 -0.02478322 -0.33597702 0.94154406 0.58873993 0.7544005 0.29028466 0.58873993 0.7544005 0.29028466 0.6070765 0.7397249 0.29028466 0.6070765 0.7397249 0.29028466 0.6472325 0.714111 0.26671275 0.6472325 0.714111 0.26671275 0.46048176 -0.6208879 0.6343933 0.46048176 -0.6208879 0.6343933 0.2251399 -0.5079078 0.8314696 0.2251399 -0.5079078 0.8314696 -0.02478322 -0.33597702 0.94154406 -0.02478322 -0.33597702 0.94154406 0.024783174 0.33597708 -0.94154406 0.024783174 0.33597708 -0.94154406 0.024783174 0.33597708 -0.94154406 0.024783174 0.33597708 -0.94154406 0.024783174 0.33597708 -0.94154406 0.024783174 0.33597708 -0.94154406 -0.69801193 -0.66456276 -0.26671287 0.3603131 -0.8698734 -0.3368897 -0.69801193 -0.66456276 -0.26671287 0.3603131 -0.8698734 -0.3368897 0.3603131 -0.8698734 -0.3368897 0.3603131 -0.8698734 -0.3368897 0.9912841 0.12226322 0.049067676 0.9912841 0.12226322 0.049067676 0.49196574 0.8207951 0.29028466 0.20629345 0.91866654 0.33688983 0.49196574 0.8207951 0.29028466 0.20629345 0.91866654 0.33688983 0.787774 -0.5842533 -0.19509023 0.787774 -0.5842533 -0.19509023 0.787774 -0.5842533 -0.19509023 0.787774 -0.5842533 -0.19509023 -0.55101424 -0.7823797 -0.29028484 -0.55101424 -0.7823797 -0.29028484 -0.29534516 -0.8940227 -0.3368897 -0.29534516 -0.8940227 -0.3368897 -0.069264464 -0.9389929 -0.3368897 -0.069264464 -0.9389929 -0.3368897 0.024783174 0.33597708 -0.94154406 0.024783174 0.33597708 -0.94154406 0.25928923 0.13051523 -0.95694035 0.25928923 0.13051523 -0.95694035 0.4875633 -0.072323315 -0.87008697 0.4875633 -0.072323315 -0.87008697 0.58873993 0.7544005 0.29028466 0.58873993 0.7544005 0.29028466 0.79771924 0.5618173 0.21910124 0.79771924 0.5618173 0.21910124 0.94974375 0.28810158 0.12241067 0.94974375 0.28810158 0.12241067 -0.55101424 -0.7823797 -0.29028484 -0.55101424 -0.7823797 -0.29028484 -0.6070765 -0.7397248 -0.29028484 -0.6070765 -0.7397248 -0.29028484 -0.69801193 -0.66456276 -0.26671287 -0.69801193 -0.66456276 -0.26671287 -0.028452853 0.2888868 -0.95694035 -0.024783162 0.33597708 -0.94154406 -0.033020973 0.33526766 -0.94154406 -0.016530385 0.3364841 -0.94154406 -0.016530385 0.3364841 -0.94154406 0.024783067 -0.33597702 0.94154406 0.033020917 -0.3352676 0.94154406 0.024783067 -0.33597702 0.94154406 0.033020917 -0.3352676 0.94154406 0.01653029 -0.33648404 0.94154406 0.009005086 0.12207888 -0.99247956 0.017961362 0.12108565 -0.99247956 0 0.24297994 -0.9700313 -0.028452853 0.2888868 -0.95694035 -0.00826769 0.33678842 -0.94154406 -0.033020973 0.33526766 -0.94154406 -0.00826769 0.33678842 -0.94154406 -0.016530385 0.3364841 -0.94154406 -0.00826769 0.33678842 -0.94154406 -0.00826769 0.33678842 -0.94154406 0.010750768 0.21883702 -0.9757022 0.0047877636 0.19503166 -0.98078525 0 0.21910094 -0.9757022 0 0.21910094 -0.9757022 0.0047877636 0.19503166 -0.98078525 -0.025225801 0.5134835 -0.85772854 -0.025225801 0.5134835 -0.85772854 0.010750768 0.21883702 -0.9757022 -0.025225801 0.5134835 -0.85772854 -0.025225801 0.5134835 -0.85772854 -0.049008697 -0.99759233 0.049067676 -0.049008697 -0.99759233 0.049067676 -0.024423113 -0.99488497 0.09801714 -0.024423113 -0.99488497 0.09801714 -0.048536718 -0.987985 0.14673047 -0.048536718 -0.987985 0.14673047 -0.09657436 -0.98053324 0.17096189 -0.09657436 -0.98053324 0.17096189 -0.14514227 -0.97847015 0.14673047 -0.14514227 -0.97847015 0.14673047 -0.17013866 -0.98053324 0.09801714 -0.17013866 -0.98053324 0.09801714 -0.14655367 -0.987985 0.049067676 -0.14655367 -0.987985 0.049067676 -0.09798788 -0.99488497 0.024541229 -0.09798788 -0.99488497 0.024541229 0.71033084 -0.14129353 -0.6895406 0.71033084 -0.14129353 -0.6895406 0.99488497 -0.09798773 0.024541229 0.99488497 -0.09798773 0.024541229 0.68954057 0 0.72424704 0.68954057 0 0.72424704 -0.016757188 0.09657409 0.9951847 -0.016757188 0.09657409 0.9951847 -0.7103309 0.14129359 0.68954057 -0.7103309 0.14129359 0.68954057 -0.99488497 0.09798758 -0.024541123 -0.99488497 0.09798758 -0.024541123 -0.6895404 0 -0.7242472 -0.6895404 0 -0.7242472 0.016757166 -0.09657391 -0.9951847 0.016757166 -0.09657391 -0.9951847 0 0.26671275 0.96377605 0.703554 0.23242283 0.671559 0.7066494 0.15868343 0.68954057 0.9891765 0.14673047 0 0.99729043 0.07356457 0 0.71880037 0.08865557 -0.6895406 0.72337466 0.03553712 -0.6895406 0.031452794 0.06650135 -0.9972905 0.635535 0.57601535 -0.5141027 0.78739685 0.6144905 -0.04906764 0.6070821 0.6698119 0.42755508 0.99488497 -0.09798773 0.024541229 0.99488497 -0.09798773 0.024541229 0.99488497 -0.09798773 0.024541229 0.99488497 -0.09798773 0.024541229 -0.99488497 0.09798758 -0.024541123 -0.99488497 0.09798758 -0.024541123 -0.99488497 0.09798758 -0.024541123 -0.99488497 0.09798758 -0.024541123 0.097545154 0.9903926 -0.098017246 0.097545154 0.9903926 -0.098017246 0.097545154 0.9903926 -0.098017246 0.097545154 0.9903926 -0.098017246 0.097545154 0.9903926 -0.098017246 0.097545154 0.9903926 -0.098017246 -0.34341535 0.2546942 -0.9039894 -0.47876698 0.67979693 -0.5555703 -0.6469151 0.3256297 -0.6895406 -0.651403 0.7551571 -0.0735646 -0.9131085 0.4047533 -0.04906764 -0.49427325 0.78054297 0.38268346 -0.6797969 0.4542259 0.5758082 -0.3761023 0.43600708 0.8175848 0.0082677 0.33678836 0.94154406 0.018777376 0.38222247 0.9238795 0.40510494 0.34944594 0.8448536 0.72071403 0.31947055 0.6152316 0.6070821 0.6698119 0.42755508 0.9757021 0.21910124 0 0.78739685 0.6144905 -0.04906764 0.73451626 0.18398675 -0.6531728 0.635535 0.57601535 -0.5141027 0.43551376 0.18039572 -0.8819213 0.045597725 0.164769 -0.98527765 0.048005283 0.21377724 -0.9757022 -0.6492327 0.23229912 -0.7242472 -0.94040996 0.33648401 -0.04906764 -0.6817344 0.3643947 0.6343933 -0.6922477 0.3068524 0.65317285 -0.96261513 0.26639146 -0.04906764 -0.6688757 0.16754474 -0.7242472 -0.016530385 0.3364841 -0.94154406 0.024783174 0.33597708 -0.94154406 -0.024783162 0.33597708 -0.94154406 0.024783174 0.33597708 -0.94154406 0.49196574 0.8207951 0.29028466 0.6472325 0.714111 0.26671275 0.49196574 0.8207951 0.29028466 0.6472325 0.714111 0.26671275 0.024783067 -0.33597702 0.94154406 -0.02478322 -0.33597702 0.94154406 0.024783067 -0.33597702 0.94154406 -0.02478322 -0.33597702 0.94154406 0.99488497 0.09798762 0.024541229 0.99488497 0.09798762 0.024541229 0.99488497 0.09798762 0.024541229 0.99488497 0.09798762 0.024541229 0.99488497 0.09798762 0.024541229 0.99488497 0.09798762 0.024541229 0.987985 0.14655373 0.049067676 0.987985 0.14655373 0.049067676 0.9912841 0.12226322 0.049067676 0.9912841 0.12226322 0.049067676 -0.9912841 -0.122263186 -0.04906764 -0.94658285 -0.28714272 -0.14673072 -0.9912841 -0.122263186 -0.04906764 -0.94658285 -0.28714272 -0.14673072 0.99729043 0.07356457 0 0.99879545 0.049067676 0 0.99729043 0.07356457 0 0.99879545 0.049067676 0 -0.025225801 0.5134835 -0.85772854 -0.025225801 0.5134835 -0.85772854 -0.049402934 0.6697391 -0.7409513 -0.049402934 0.6697391 -0.7409513 -0.9912841 -0.122263186 -0.04906764 -0.9912841 -0.122263186 -0.04906764 -0.9912841 -0.122263186 -0.04906764 -0.9912841 -0.122263186 -0.04906764 -0.98649627 -0.14633292 -0.0735646 -0.98649627 -0.14633292 -0.0735646 0.7570515 -0.42886424 -0.49289808 0.7570515 -0.42886424 -0.49289808 0.91513246 -0.25325137 -0.313682 0.91513246 -0.25325137 -0.313682 0.99729043 0 -0.0735646 0.99729043 0 -0.0735646 0.031127995 -0.63362914 0.77301043 0.031127995 -0.63362914 0.77301043 0.030187782 -0.6144905 0.7883464 0.030187782 -0.6144905 0.7883464 0.084407024 -0.6843547 -0.7242472 0.084407024 -0.6843547 -0.7242472 0.084407024 -0.6843547 -0.7242472 0.084407024 -0.6843547 -0.7242472 -0.009391513 0.3825679 -0.9238796 -0.009391513 0.3825679 -0.9238796 -0.028253531 0.5751144 -0.81758493 -0.028253531 0.5751144 -0.81758493 -0.053278927 0.7222846 -0.6895406 -0.053278927 0.7222846 -0.6895406 -0.6630333 -0.54413724 -0.5141027 -0.6630333 -0.54413724 -0.5141027 -0.87724954 -0.36336866 -0.313682 -0.87724954 -0.36336866 -0.313682 -0.98649627 -0.14633292 -0.0735646 -0.98649627 -0.14633292 -0.0735646 0.09306986 -0.9449559 0.31368172 0.09306986 -0.9449559 0.31368172 0.06487793 -0.87953174 0.4713967 0.06487793 -0.87953174 0.4713967 0.055703543 -0.7551572 0.65317285 0.055703543 -0.7551572 0.65317285 -0.049402934 0.6697391 -0.7409513 -0.049402934 0.6697391 -0.7409513 -0.050725743 0.687672 -0.7242472 -0.050725743 0.687672 -0.7242472 -0.053278927 0.7222846 -0.6895406 -0.053278927 0.7222846 -0.6895406 0.031127995 -0.63362914 0.77301043 0.031127995 -0.63362914 0.77301043 0.05072557 -0.68767226 0.72424704 0.05072557 -0.68767226 0.72424704 0.055703543 -0.7551572 0.65317285 0.055703543 -0.7551572 0.65317285 0.99879545 0.049067676 0 0.99879545 0.049067676 0 0.99939775 0.024533838 -0.024541123 0.99939775 0.024533838 -0.024541123 0.99729043 0 -0.0735646 0.99729043 0 -0.0735646 0.008267717 -0.33678836 0.94154406 0.008267717 -0.33678836 0.94154406 0.033020917 -0.3352676 0.94154406 0.008267717 -0.33678836 0.94154406 0.033020917 -0.3352676 0.94154406 0.008267717 -0.33678836 0.94154406 0.01653029 -0.33648404 0.94154406 0.008267717 -0.33678836 0.94154406 0.008267717 -0.33678836 0.94154406 0.008267717 -0.33678836 0.94154406 -0.99488497 -0.09798751 -0.024541123 -0.99488497 -0.09798751 -0.024541123 -0.99488497 -0.09798751 -0.024541123 -0.99488497 -0.09798751 -0.024541123 -0.99488497 -0.09798751 -0.024541123 -0.99488497 -0.09798751 -0.024541123 -0.99488497 -0.09798751 -0.024541123 -0.99488497 -0.09798751 -0.024541123 -0.99488497 -0.09798751 -0.024541123 0.99488497 0.09798762 0.024541229 0.99729043 0.07356457 0 0.99488497 0.09798762 0.024541229 0.99729043 0.07356457 0 -0.94658285 -0.28714272 -0.14673072 0.1258549 -0.84844506 -0.5141027 -0.94658285 -0.28714272 -0.14673072 0.1258549 -0.84844506 -0.5141027 0.030187782 -0.6144905 0.7883464 0.029229386 -0.5949818 0.8032075 0.030187782 -0.6144905 0.7883464 0.030187782 -0.6144905 0.7883464 0.1258549 -0.84844506 -0.5141027 0.9945882 -0.07336527 -0.0735646 0.1258549 -0.84844506 -0.5141027 0.9945882 -0.07336527 -0.0735646 -0.9912841 -0.122263186 -0.04906764 -0.99488497 -0.09798751 -0.024541123 -0.9912841 -0.122263186 -0.04906764 -0.99488497 -0.09798751 -0.024541123 0.030187782 -0.6144905 0.7883464 0.030187782 -0.6144905 0.7883464 0.045259085 -0.6135646 0.7883464 -0.98649627 -0.14633292 -0.0735646 -0.9912841 -0.122263186 -0.04906764 -0.98649627 -0.14633292 -0.0735646 -0.9912841 -0.122263186 -0.04906764 0.9945882 -0.07336527 -0.0735646 0.99729043 0.07356457 0 0.9945882 -0.07336527 -0.0735646 0.99729043 0.07356457 0 -0.025225801 0.5134835 -0.85772854 -0.025225801 0.5134835 -0.85772854 -0.049402934 0.6697391 -0.7409513 -0.049402934 0.6697391 -0.7409513 -0.98649627 -0.14633292 -0.0735646 -0.98649627 -0.14633292 -0.0735646 -0.98260796 -0.17049852 -0.0735646 -0.98260796 -0.17049852 -0.0735646 -0.9734093 -0.19362308 -0.12241085 -0.9734093 -0.19362308 -0.12241085 0.78775334 -0.3965219 -0.47139698 0.78775334 -0.3965219 -0.47139698 0.94525737 -0.1880233 -0.26671287 0.94525737 -0.1880233 -0.26671287 0.9984946 0.049052898 -0.024541123 0.9984946 0.049052898 -0.024541123 0.031127995 -0.63362914 0.77301043 0.031127995 -0.63362914 0.77301043 0.030187782 -0.6144905 0.7883464 0.030187782 -0.6144905 0.7883464 0.084407024 -0.6843547 -0.7242472 0.084407024 -0.6843547 -0.7242472 0.084407024 -0.6843547 -0.7242472 0.084407024 -0.6843547 -0.7242472 -0.009391513 0.3825679 -0.9238796 -0.009391513 0.3825679 -0.9238796 -0.028253531 0.5751144 -0.81758493 -0.028253531 0.5751144 -0.81758493 -0.054507755 0.73894346 -0.671559 -0.054507755 0.73894346 -0.671559 -0.84341556 -0.39890575 -0.35989496 -0.84341556 -0.39890575 -0.35989496 -0.9151325 -0.302319 -0.26671287 -0.9151325 -0.302319 -0.26671287 -0.9734093 -0.19362308 -0.12241085 -0.9734093 -0.19362308 -0.12241085 0.09306986 -0.9449559 0.31368172 0.09306986 -0.9449559 0.31368172 0.06487793 -0.87953174 0.4713967 0.06487793 -0.87953174 0.4713967 0.055703543 -0.7551572 0.65317285 0.055703543 -0.7551572 0.65317285 -0.049402934 0.6697391 -0.7409513 -0.049402934 0.6697391 -0.7409513 -0.050725743 0.687672 -0.7242472 -0.050725743 0.687672 -0.7242472 -0.054507755 0.73894346 -0.671559 -0.054507755 0.73894346 -0.671559 0.031127995 -0.63362914 0.77301043 0.031127995 -0.63362914 0.77301043 0.05072557 -0.68767226 0.72424704 0.05072557 -0.68767226 0.72424704 0.055703543 -0.7551572 0.65317285 0.055703543 -0.7551572 0.65317285 0.99729043 0.07356457 0 0.99729043 0.07356457 0 0.99729043 0.07356457 0 0.99729043 0.07356457 0 0.9984946 0.049052898 -0.024541123 0.9984946 0.049052898 -0.024541123 0.008267717 -0.33678836 0.94154406 0.008267717 -0.33678836 0.94154406 0.008832296 -0.3597867 0.93299276 -0.016757188 0.09657409 0.9951847 -0.016757188 0.09657409 0.9951847 -0.016757188 0.09657409 0.9951847 -0.016757188 0.09657409 0.9951847 -0.016757188 0.09657409 0.9951847 -0.016757188 0.09657409 0.9951847 -0.016757188 0.09657409 0.9951847 -0.016757188 0.09657409 0.9951847 -0.7720794 -0.6336291 0.049067676 -0.7720794 -0.6336291 0.049067676 -0.09754542 -0.9903926 0.09801714 -0.09754542 -0.9903926 0.09801714 0.6326744 -0.7709159 0.07356457 0.6326744 -0.7709159 0.07356457 0.99488497 -0.09798773 0.024541229 0.99488497 -0.09798773 0.024541229 0.77207935 0.63362914 -0.04906764 0.77207935 0.63362914 -0.04906764 0.097545154 0.9903926 -0.098017246 0.097545154 0.9903926 -0.098017246 -0.63267434 0.770916 -0.0735646 -0.63267434 0.770916 -0.0735646 -0.99488497 0.09798758 -0.024541123 -0.99488497 0.09798758 -0.024541123 0.9996988 0 0.024541229 0.9996988 0 0.024541229 0.5127098 -0.037819766 -0.85772854 0.5127098 -0.037819766 -0.85772854 -0.46785158 0.057704 -0.8819213 -0.46785158 0.057704 -0.8819213 -0.9804899 0.19503155 -0.024541123 -0.9804899 0.19503155 -0.024541123 -0.5022296 0.23753686 0.8314696 -0.5022296 0.23753686 0.8314696 0.49547997 0.13711777 0.8577286 0.49547997 0.13711777 0.8577286 0.31217122 -0.94495595 0.09801714 0.11797637 -0.956528 -0.26671287 -0.09754542 -0.9903926 0.09801714 -0.30017465 -0.9086418 -0.29028484 -0.5127098 -0.8554045 0.07356457 -0.45106873 -0.6081959 -0.6531728 -0.86982495 -0.49274963 0.024541229 -0.4915627 -0.03625987 -0.87008697 -0.99488497 0.09798758 -0.024541123 -0.335798 0.5602451 -0.75720876 -0.7389434 0.6697394 -0.0735646 -0.53242135 0.84078544 -0.098017246 -0.21026197 0.7597892 -0.6152318 0.47486374 0.47486374 -0.7409513 0.39589947 0.6988603 -0.5956995 0.68871 0.72337466 -0.04906764 0.86982495 0.49274972 -0.024541123 0.5189642 -0.12999378 -0.8448537 0.34755424 -0.6904718 -0.63439316 0.73894346 -0.66973937 0.07356457 0.99488497 -0.09798773 0.024541229 0.31217122 -0.94495595 0.09801714 0.10934009 -0.88650686 0.44961134 -0.30091822 -0.84101003 0.44961134 -0.5127098 -0.8554045 0.07356457 -0.47486395 -0.47486386 0.7409511 -0.86982495 -0.49274963 0.024541229 -0.5189644 0.12999389 0.8448536 -0.99488497 0.09798758 -0.024541123 -0.3475543 0.69047177 0.6343933 -0.7389434 0.6697394 -0.0735646 -0.53242135 0.84078544 -0.098017246 -0.23823428 0.8608682 0.44961134 0.4510688 0.60819584 0.65317285 0.37706995 0.7972474 0.4713967 0.68871 0.72337466 -0.04906764 0.86982495 0.49274972 -0.024541123 0.49156266 0.03625984 0.87008697 0.335798 -0.560245 0.7572088 0.73894346 -0.66973937 0.07356457 0.99488497 -0.09798773 0.024541229 0.20629345 0.91866654 0.33688983 0.20629345 0.91866654 0.33688983 0.023106674 0.94126046 0.33688983 0.023106674 0.94126046 0.33688983 -0.27331585 0.90100145 0.33688983 -0.27331585 0.90100145 0.33688983 -0.75422794 0.61897886 0.21910124 -0.75422794 0.61897886 0.21910124 -0.9781278 0.1945617 0.07356457 -0.9781278 0.1945617 0.07356457 -0.9984946 0.049052946 0.024541229 -0.9984946 0.049052946 0.024541229 -0.99879545 -0.04906766 0 -0.99879545 -0.04906766 0 -0.99488497 -0.09798751 -0.024541123 -0.99488497 -0.09798751 -0.024541123 0.3511504 0.910323 0.21910124 0.3352676 0.9370102 0.09801714 0.11797654 0.95652795 -0.26671287 -0.097545125 0.9903926 0.09801714 -0.30017468 0.90864176 -0.29028484 -0.51270974 0.85540456 0.07356457 -0.30091816 0.84101003 0.44961134 0.10934024 0.8865068 0.44961134 0.7551571 0.651403 0.07356457 0.34755436 0.69047177 -0.63439316 -0.45106873 0.60819596 -0.6531728 -0.86982495 0.4927497 0.024541229 -0.4748639 0.4748639 0.7409511 0.32614338 0.54413724 0.77301043 0.99488497 0.09798762 0.024541229 0.5189642 0.12999375 -0.8448537 -0.4915627 0.036259905 -0.87008697 -0.99488497 -0.09798751 -0.024541123 -0.5189644 -0.12999386 0.8448536 0.49156266 -0.036259856 0.87008697 0.45106873 -0.60819584 0.65317285 0.869825 -0.49274963 -0.024541123 0.3770698 -0.79724747 0.4713967 0.6887098 -0.72337484 -0.04906764 0.47486365 -0.4748638 -0.7409513 -0.3261434 -0.54413724 -0.77301043 -0.7551572 -0.65140295 -0.0735646 -0.3475545 -0.6904716 0.6343933 -0.23823455 -0.86086816 0.44961134 -0.5324216 -0.84078526 -0.098017246 -0.2288451 -0.75440025 -0.6152318 0.3958995 -0.6988603 -0.5956995 0.99488497 0.09798762 0.024541229 0.99488497 0.09798762 0.024541229 0.99488497 0.09798762 0.024541229 0.99488497 0.09798762 0.024541229 0.99488497 0.09798762 0.024541229 0.99488497 0.09798762 0.024541229 0.99488497 0.09798762 0.024541229 0.99488497 0.09798762 0.024541229 0.99488497 0.09798762 0.024541229 -0.09228742 0.9370102 0.33688983 -0.09228742 0.9370102 0.33688983 -0.08860641 0.89963627 -0.4275552 -0.08860641 0.89963627 -0.4275552 -0.00826769 0.33678842 -0.94154406 -0.00826769 0.33678842 -0.94154406 0.06273532 -0.4229273 -0.9039894 0.06273532 -0.4229273 -0.9039894 0.09228729 -0.9370103 -0.3368897 0.09228729 -0.9370103 -0.3368897 0.08860628 -0.8996363 0.42755508 0.08860628 -0.8996363 0.42755508 0.008267717 -0.33678836 0.94154406 0.008267717 -0.33678836 0.94154406 -0.06273536 0.42292747 0.9039893 -0.06273536 0.42292747 0.9039893 0.5127098 0.03781975 -0.85772854 0.5127098 0.03781975 -0.85772854 0.9996988 0 0.024541229 0.9996988 0 0.024541229 0.49547997 -0.13711783 0.8577286 0.49547997 -0.13711783 0.8577286 -0.5022296 -0.23753685 0.8314696 -0.5022296 -0.23753685 0.8314696 -0.9804899 -0.1950315 -0.024541123 -0.9804899 -0.1950315 -0.024541123 -0.4678516 -0.057703972 -0.8819213 -0.4678516 -0.057703972 -0.8819213 0 1 0 0 1 0 0 0.8448536 -0.53499764 0 0.8448536 -0.53499764 0 0.35989514 -0.93299276 0 0.35989514 -0.93299276 0 -0.35989514 -0.93299276 0 -0.35989514 -0.93299276 0 -0.8448536 -0.53499764 0 -0.8448536 -0.53499764 0 -1 0 0 -1 0 0 -0.8448536 0.53499764 0 -0.8448536 0.53499764 0 -0.35989508 0.93299276 0 -0.35989508 0.93299276 0 0.35989508 0.93299276 0 0.35989508 0.93299276 0 0.8448536 0.53499764 0 0.8448536 0.53499764 0 0 -1 0 0 -1 0 0 -1 0 0 -1 0 0 -1 0 0 -1 0 0 -1 -0.6152316 0 -0.7883464 -0.6152316 0 -0.7883464 -0.6152316 0 -0.7883464 -0.6152316 0 -0.7883464 -0.6152316 0 -0.7883464 -0.6152316 0 -0.7883464 -0.097545125 0.9903926 0.09801714 -0.097545125 0.9903926 0.09801714 -0.77207935 0.63362914 0.049067676 -0.77207935 0.63362914 0.049067676 -0.99488497 -0.09798751 -0.024541123 -0.99488497 -0.09798751 -0.024541123 -0.63133854 -0.7692882 -0.098017246 -0.63133854 -0.7692882 -0.098017246 0.097544976 -0.9903926 -0.098017246 0.097544976 -0.9903926 -0.098017246 0.7720794 -0.633629 -0.04906764 0.7720794 -0.633629 -0.04906764 0.99488497 0.09798762 0.024541229 0.99488497 0.09798762 0.024541229 0.6313385 0.7692882 0.09801714 0.6313385 0.7692882 0.09801714 0.01675716 0.09657391 -0.9951847 0.01675716 0.09657391 -0.9951847 0.01675716 0.09657391 -0.9951847 0.01675716 0.09657391 -0.9951847 0.01675716 0.09657391 -0.9951847 0.01675716 0.09657391 -0.9951847 0.01675716 0.09657391 -0.9951847 0.01675716 0.09657391 -0.9951847 0.097544976 -0.9903926 -0.098017246 0.097544976 -0.9903926 -0.098017246 0.097544976 -0.9903926 -0.098017246 0.097544976 -0.9903926 -0.098017246 0.097544976 -0.9903926 -0.098017246 0.097544976 -0.9903926 -0.098017246 0.097544976 -0.9903926 -0.098017246 0.097544976 -0.9903926 -0.098017246 -0.097545125 0.9903926 0.09801714 -0.097545125 0.9903926 0.09801714 -0.097545125 0.9903926 0.09801714 -0.097545125 0.9903926 0.09801714 -0.097545125 0.9903926 0.09801714 -0.097545125 0.9903926 0.09801714 -0.097545125 0.9903926 0.09801714 -0.097545125 0.9903926 0.09801714 0.99488497 0.09798762 0.024541229 0.99488497 0.09798762 0.024541229 0.7103308 0.14129359 -0.6895406 0.7103308 0.14129359 -0.6895406 0.01675716 0.09657391 -0.9951847 0.01675716 0.09657391 -0.9951847 -0.6895404 0 -0.7242472 -0.6895404 0 -0.7242472 -0.99488497 -0.09798751 -0.024541123 -0.99488497 -0.09798751 -0.024541123 -0.7103309 -0.14129354 0.68954057 -0.7103309 -0.14129354 0.68954057 -0.016757194 -0.09657409 0.9951847 -0.016757194 -0.09657409 0.9951847 0.68954057 0 0.72424704 0.68954057 0 0.72424704 -0.17739165 -0.45987046 0.87008697 -0.40914473 -0.12411268 0.9039893 -0.26538116 -0.1176354 0.9569403 -0.16221169 0.10838642 0.98078525 -0.016757194 -0.09657409 0.9951847 0.09146419 0.14443773 0.98527765 0.23417854 -0.06480596 0.97003126 0.14786856 0.2766426 0.94952816 0.37980545 -0.0468446 0.9238795 0.13652161 -0.307988 0.94154406 -0.12952448 -0.33577952 0.93299276 0.22221489 -0.41573486 0.88192123 -0.24399145 0.23229925 0.94154406 -0.14786851 -0.27664256 -0.9495282 -0.37980518 0.046844512 -0.9238796 -0.23417825 0.06480584 -0.9700313 -0.13652171 0.30798802 -0.94154406 0.01675716 0.09657391 -0.9951847 0.12952448 0.33577955 -0.93299276 0.265381 0.1176353 -0.95694035 0.17739165 0.4598705 -0.87008697 0.40914458 0.12411264 -0.9039894 0.16221175 -0.10838644 -0.98078525 -0.091464244 -0.14443776 -0.98527765 0.24399151 -0.23229927 -0.94154406 -0.22221482 0.4157348 -0.8819213 -0.016757194 -0.09657409 0.9951847 -0.016757194 -0.09657409 0.9951847 -0.016757194 -0.09657409 0.9951847 -0.016757194 -0.09657409 0.9951847 -0.016757194 -0.09657409 0.9951847 -0.016757194 -0.09657409 0.9951847 -0.016757194 -0.09657409 0.9951847 -0.016757194 -0.09657409 0.9951847 0.9844133 0.14602391 -0.098017246 0.98078525 0.19509032 0 1 0 0 0.9844133 0.14602391 0.09801714 0.987985 0.04853659 0.14673047 0.987985 -0.048536554 0.14673047 0.98441327 -0.14602417 0.09801714 0.9807853 -0.19509023 0 0.98441327 -0.14602417 -0.098017246 0.98798496 -0.048536554 -0.14673072 0.98798496 0.04853659 -0.14673072 </float_array>
					<technique_common>
						<accessor count="1768" offset="0" source="#Model_normals_array" stride="3">
							<param name="X" type="float"/>
							<param name="Y" type="float"/>
							<param name="Z" type="float"/>
						</accessor>
					</technique_common>
				</source>
				<source id="Model_uvs">
					<float_array id="Model_uvs_array" count="3536"> 2.689209 0.14404297 2.6687012 0.19360352 2.7387695 0.123535156 2.689209 0.2434082 2.78833 0.14404297 2.7387695 0.26391602 2.809082 0.19360352 2.78833 0.2434082 2.689209 0.14404297 2.6687012 0.19360352 2.7387695 0.123535156 2.689209 0.2434082 2.78833 0.14404297 2.7387695 0.26391602 2.809082 0.19360352 2.78833 0.2434082 2.3605957 0.7751465 2.3686523 0.751709 2.3442383 0.77978516 2.3442383 0.751709 2.3605957 0.7751465 2.3686523 0.751709 2.9467773 0.80493164 2.8776855 0.80493164 2.9467773 0.87158203 2.8776855 0.87158203 2.9467773 0.80493164 2.8776855 0.80493164 2.9467773 0.87158203 2.8776855 0.87158203 2.9467773 0.80493164 2.8776855 0.80493164 2.9467773 0.87158203 2.8776855 0.87158203 2.9467773 0.80493164 2.8776855 0.80493164 2.9467773 0.87158203 2.8776855 0.87158203 2.9467773 0.87158203 2.8776855 0.87158203 2.9467773 0.80493164 2.8776855 0.80493164 2.9467773 0.87158203 2.8776855 0.87158203 2.9467773 0.80493164 2.8776855 0.80493164 2.9467773 0.87158203 2.8776855 0.87158203 2.9467773 0.80493164 2.8776855 0.80493164 2.9467773 0.87158203 2.8776855 0.87158203 2.9467773 0.80493164 2.8776855 0.80493164 2.5249023 0.47753906 2.5249023 0.49853516 2.584961 0.47753906 2.584961 0.49853516 2.5249023 0.47753906 2.5249023 0.49853516 2.584961 0.47753906 2.584961 0.49853516 2.5249023 0.47753906 2.5249023 0.49853516 2.584961 0.47753906 2.584961 0.49853516 2.5249023 0.47753906 2.5249023 0.49853516 2.584961 0.47753906 2.584961 0.49853516 2.5249023 0.47753906 2.5249023 0.49853516 2.584961 0.47753906 2.584961 0.49853516 2.5249023 0.4597168 2.5249023 0.47753906 2.584961 0.4597168 2.584961 0.47753906 2.5249023 0.4597168 2.5249023 0.47753906 2.584961 0.4597168 2.584961 0.47753906 2.5249023 0.4597168 2.5249023 0.47753906 2.584961 0.4597168 2.584961 0.47753906 2.5249023 0.4597168 2.5249023 0.47753906 2.584961 0.4597168 2.584961 0.47753906 2.5249023 0.4597168 2.5249023 0.47753906 2.584961 0.4597168 2.584961 0.47753906 2.3222656 0.9851074 2.3222656 0.8869629 2.2434082 0.9116211 2.168457 0.9436035 2.1655273 0.94262695 2.161377 0.953125 2.1574707 0.951416 2.15625 0.96899414 2.150879 0.9680176 2.1569824 0.98583984 2.150879 0.9880371 2.168457 0.9433594 2.1655273 0.94262695 2.161377 0.953125 2.1577148 0.951416 2.15625 0.96899414 2.150879 0.9680176 2.1569824 0.98583984 2.150879 0.9880371 2.1655273 0.94262695 2.168457 0.9433594 2.1657715 0.94018555 2.1687012 0.9416504 2.1655273 0.94262695 2.168457 0.9436035 2.1655273 0.94262695 2.168457 0.9436035 2.1574707 0.951416 2.161377 0.953125 2.150879 0.9680176 2.15625 0.96899414 2.150879 0.9880371 2.1569824 0.98583984 2.1569824 0.98583984 2.150879 0.9880371 2.15625 0.9692383 2.150879 0.96850586 2.161377 0.95336914 2.1577148 0.95166016 2.168457 0.9433594 2.1655273 0.94262695 2.1687012 0.9416504 2.1655273 0.94018555 2.168457 0.9436035 2.1655273 0.94262695 2.161377 0.95336914 2.1574707 0.95166016 2.15625 0.9692383 2.150879 0.9682617 2.1569824 0.98583984 2.150879 0.9880371 2.1687012 0.9433594 2.1657715 0.94262695 2.161377 0.953125 2.1577148 0.951416 2.15625 0.9692383 2.1506348 0.9682617 2.1569824 0.98583984 2.1506348 0.9880371 2.1657715 0.94262695 2.1687012 0.9433594 2.1657715 0.94018555 2.1687012 0.9416504 2.1655273 0.94262695 2.168457 0.9436035 2.1655273 0.94262695 2.168457 0.9436035 2.1574707 0.95166016 2.161377 0.95336914 2.150879 0.9682617 2.15625 0.9692383 2.150879 0.9880371 2.1569824 0.98583984 2.1940918 0.9362793 2.1794434 0.9560547 2.1940918 0.9851074 2.1694336 0.9851074 2.1794434 0.9560547 2.1940918 0.9362793 2.2434082 0.9851074 2.2434082 0.9116211 2.3222656 0.8869629 2.1794434 0.9560547 2.1940918 0.9362793 2.1694336 0.9851074 2.1940918 0.9851074 2.1794434 0.9560547 2.1940918 0.9362793 2.2434082 0.9851074 2.2434082 0.9116211 2.3222656 0.8869629 2.3222656 0.9851074 2.2434082 0.9116211 2.3222656 0.9851074 2.3222656 0.8869629 2.2434082 0.9116211 2.465332 0.37548828 2.465332 0.46411133 2.5 0.44311523 2.5 0.39648438 2.511963 0.41992188 2.5 0.44311523 2.5 0.39648438 2.465332 0.46411133 2.465332 0.37548828 2.1940918 0.9362793 2.1794434 0.9560547 2.1940918 0.9851074 2.1694336 0.9851074 2.1794434 0.9560547 2.1940918 0.9362793 2.2434082 0.9851074 2.2434082 0.9116211 2.3222656 0.8869629 2.3222656 0.9851074 2.2434082 0.9116211 2.3962402 0.9851074 2.3222656 0.9851074 2.3222656 0.9851074 2.3222656 0.8869629 2.2434082 0.9851074 2.2434082 0.9116211 2.1940918 0.9851074 2.1940918 0.9362793 2.1794434 0.9560547 2.1694336 0.9851074 2.1794434 0.9560547 2.1940918 0.9362793 2.2434082 0.9116211 2.3222656 0.8869629 2.3222656 0.9851074 2.3222656 0.8869629 2.2434082 0.9851074 2.2434082 0.9116211 2.1940918 0.9851074 2.1940918 0.9362793 2.1794434 0.9560547 2.1694336 0.9851074 2.1794434 0.9560547 2.1940918 0.9362793 2.2434082 0.9116211 2.1794434 0.9560547 2.1940918 0.9362793 2.1694336 0.9851074 2.1940918 0.9851074 2.1794434 0.9560547 2.1940918 0.9362793 2.2434082 0.9851074 2.2434082 0.9116211 2.3222656 0.8869629 2.1794434 0.9560547 2.1940918 0.9362793 2.1694336 0.9851074 2.1940918 0.9851074 2.1794434 0.9560547 2.1940918 0.9362793 2.2434082 0.9851074 2.2434082 0.9116211 2.3222656 0.8869629 2.3222656 0.9851074 2.2434082 0.9116211 2.4804688 0.88305664 2.4804688 0.9748535 2.4204102 0.88305664 2.4204102 0.9748535 2.4804688 0.88305664 2.4804688 0.9748535 2.4204102 0.88305664 2.4204102 0.9748535 2.4804688 0.88305664 2.4804688 0.9748535 2.4204102 0.88305664 2.4204102 0.9748535 2.4204102 0.7910156 2.4804688 0.7910156 2.4204102 0.69921875 2.4804688 0.69921875 2.4204102 0.7910156 2.4804688 0.7910156 2.4204102 0.7910156 2.4804688 0.7910156 2.4804688 0.69921875 2.4204102 0.69921875 2.4804688 0.69921875 2.4204102 0.69921875 2.465332 0.37548828 2.5 0.44311523 2.465332 0.46411133 2.465332 0.37548828 2.5 0.39648438 2.9562988 0.3708496 2.909912 0.29003906 2.9052734 0.37060547 2.8300781 0.29003906 2.8117676 0.36816406 2.7111816 0.28320312 2.7180176 0.37036133 2.6140137 0.2915039 2.6269531 0.37280273 2.5639648 0.30126953 2.581787 0.37890625 2.6140137 0.2915039 2.8300781 0.19995117 2.715332 0.19335938 2.6149902 0.20922852 2.5646973 0.24560547 2.6149902 0.20922852 2.715332 0.19335938 2.7111816 0.28320312 2.7180176 0.37036133 2.8117676 0.36816406 2.730957 0.43237305 2.7893066 0.43432617 2.7487793 0.49414062 2.8583984 0.44799805 2.9052734 0.37060547 2.883789 0.45751953 2.8583984 0.44799805 2.7893066 0.43432617 2.730957 0.43237305 2.661621 0.45166016 2.6201172 0.46313477 2.661621 0.45166016 2.6269531 0.37280273 2.7436523 0.080078125 2.831543 0.020751953 2.8300781 0.080078125 2.9040527 0.02758789 2.909912 0.080078125 2.9621582 0.03466797 2.9799805 0.080078125 2.9040527 0.02758789 2.909912 0.080078125 2.831543 0.020751953 2.8300781 0.080078125 2.7436523 0.080078125 2.8300781 0.12988281 2.72583 0.1430664 2.6408691 0.11279297 2.6240234 0.15698242 2.5930176 0.1262207 2.5756836 0.17651367 2.6408691 0.11279297 2.6240234 0.15698242 2.72583 0.1430664 2.8300781 0.12988281 2.909912 0.12988281 2.9799805 0.12988281 2.909912 0.19995117 2.9799805 0.19995117 2.9799805 0.29003906 2.909912 0.29003906 2.8300781 0.29003906 2.8300781 0.19995117 2.55542 0.013671875 2.505371 0.013671875 2.55542 0.09375 2.505371 0.09375 2.55542 0.16381836 2.505371 0.16381836 2.4355469 0.09375 2.4355469 0.16381836 2.345459 0.16381836 2.345459 0.09375 2.4355469 0.013671875 2.2434082 0.9116211 2.2434082 0.9851074 2.2434082 0.9116211 2.1940918 0.9851074 2.1940918 0.9362793 2.1794434 0.9560547 2.1694336 0.9851074 2.1940918 0.9362793 2.3222656 0.8869629 2.3222656 0.8869629 2.2678223 0.49536133 2.1923828 0.34814453 2.2678223 0.34448242 2.1923828 0.49169922 2.2678223 0.49536133 2.1923828 0.34814453 2.2678223 0.34448242 2.1923828 0.49169922 2.2678223 0.49536133 2.1923828 0.34814453 2.2678223 0.34448242 2.2678223 0.49536133 2.3432617 0.49169922 2.2678223 0.34448242 2.3432617 0.34814453 2.2678223 0.49536133 2.3432617 0.49169922 2.2678223 0.34448242 2.3432617 0.34814453 2.3432617 0.49169922 2.3432617 0.34814453 2.3432617 0.49169922 2.3432617 0.34814453 2.3432617 0.49169922 2.3432617 0.34814453 2.4111328 0.48095703 2.4111328 0.35888672 2.4111328 0.48095703 2.4111328 0.35888672 2.4111328 0.48095703 2.4111328 0.35888672 2.4111328 0.48095703 2.4111328 0.35888672 2.4111328 0.48095703 2.4111328 0.35888672 2.465332 0.46411133 2.465332 0.37548828 2.465332 0.46411133 2.5 0.44311523 2.5 0.39648438 2.5 0.44311523 2.5 0.39648438 2.0356445 0.44311523 2.0356445 0.39648438 2.0236816 0.41992188 2.0356445 0.44311523 2.0356445 0.39648438 2.0356445 0.44311523 2.0356445 0.39648438 2.0356445 0.44311523 2.0356445 0.39648438 2.0356445 0.44311523 2.0356445 0.39648438 2.0703125 0.46411133 2.0703125 0.37548828 2.0703125 0.46411133 2.0703125 0.37548828 2.0703125 0.46411133 2.0703125 0.37548828 2.0703125 0.46411133 2.0703125 0.37548828 2.0703125 0.46411133 2.0703125 0.37548828 2.1242676 0.48095703 2.1242676 0.35888672 2.1242676 0.48095703 2.1242676 0.35888672 2.1242676 0.48095703 2.1242676 0.35888672 2.1242676 0.48095703 2.1242676 0.35888672 2.1242676 0.48095703 2.1242676 0.35888672 2.1923828 0.49169922 2.1923828 0.34814453 2.1923828 0.49169922 2.1923828 0.34814453 2.1923828 0.49169922 2.3271484 0.77001953 2.349121 0.76342773 2.326416 0.73168945 2.349121 0.7390137 2.3271484 0.77001953 2.349121 0.76342773 2.326416 0.73168945 2.349121 0.7390137 2.3271484 0.77001953 2.349121 0.76342773 2.326416 0.73168945 2.349121 0.7390137 2.3271484 0.77001953 2.349121 0.76342773 2.326416 0.73168945 2.349121 0.7390137 2.3271484 0.77001953 2.349121 0.76342773 2.326416 0.73168945 2.349121 0.7390137 2.386963 0.7507324 2.168457 0.9433594 2.1655273 0.94262695 2.1687012 0.9416504 2.1657715 0.94018555 2.168457 0.9436035 2.1655273 0.94262695 2.4467773 0.22973633 2.3903809 0.22973633 2.4924316 0.26513672 2.3447266 0.26513672 2.5100098 0.32226562 2.3273926 0.32226562 2.4924316 0.26513672 2.3447266 0.26513672 2.4467773 0.22973633 2.3903809 0.22973633 2.0219727 0.026123047 2.0219727 0.11791992 2.1140137 0.026123047 2.1140137 0.11791992 2.213623 0.026123047 2.213623 0.11791992 2.3132324 0.026123047 2.3132324 0.11791992 2.897461 0.6081543 2.897461 0.6999512 2.7980957 0.6999512 2.897461 0.79174805 2.7980957 0.79174805 2.897461 0.88378906 2.7980957 0.88378906 2.897461 0.97558594 2.7980957 0.97558594 2.897461 0.88378906 2.7980957 0.88378906 2.897461 0.79174805 2.7980957 0.79174805 2.897461 0.6999512 2.7980957 0.6999512 2.6984863 0.79174805 2.6984863 0.6999512 2.598877 0.6999512 2.598877 0.79174805 2.6984863 0.88378906 2.6984863 0.97558594 2.6984863 0.88378906 2.6984863 0.79174805 2.6984863 0.6999512 2.598877 0.6999512 2.598877 0.79174805 2.598877 0.88378906 2.598877 0.97558594 2.598877 0.88378906 2.506836 0.6081543 2.506836 0.5161133 2.598877 0.6081543 2.598877 0.5161133 2.6984863 0.6081543 2.6984863 0.5161133 2.7980957 0.6081543 2.7980957 0.5161133 2.897461 0.6081543 2.897461 0.5161133 2.9970703 0.6081543 2.9970703 0.5161133 2.7980957 0.6081543 2.6984863 0.6081543 2.598877 0.6081543 2.506836 0.6081543 2.506836 0.6999512 2.506836 0.79174805 2.506836 0.88378906 2.506836 0.97558594 2.506836 0.88378906 2.506836 0.79174805 2.506836 0.6999512 2.9970703 0.6999512 2.9970703 0.79174805 2.9970703 0.88378906 2.9970703 0.97558594 2.9970703 0.88378906 2.9970703 0.79174805 2.9970703 0.6999512 2.9970703 0.6081543 2.168457 0.9433594 2.1655273 0.94262695 2.161377 0.953125 2.1577148 0.951416 2.15625 0.96899414 2.150879 0.9680176 2.1569824 0.98583984 2.150879 0.9880371 2.1794434 0.9560547 2.4804688 0.88305664 2.4804688 0.9748535 2.4204102 0.88305664 2.4204102 0.9748535 2.4804688 0.88305664 2.4804688 0.9748535 2.4204102 0.88305664 2.4204102 0.9748535 2.4804688 0.88305664 2.4804688 0.9748535 2.4204102 0.88305664 2.4204102 0.9748535 2.4804688 0.88305664 2.4804688 0.9748535 2.4204102 0.88305664 2.4204102 0.9748535 2.4804688 0.7910156 2.4204102 0.7910156 2.4804688 0.7910156 2.4204102 0.7910156 2.4804688 0.7910156 2.4204102 0.7910156 2.4804688 0.7910156 2.4204102 0.7910156 2.4804688 0.69921875 2.4204102 0.69921875 2.4804688 0.69921875 2.4204102 0.69921875 2.4804688 0.69921875 2.4204102 0.69921875 2.4804688 0.69921875 2.4204102 0.69921875 2.4204102 0.60717773 2.4804688 0.60717773 2.4204102 0.51538086 2.4804688 0.51538086 2.4204102 0.60717773 2.4804688 0.60717773 2.4204102 0.60717773 2.4804688 0.60717773 2.4204102 0.60717773 2.4804688 0.60717773 2.4804688 0.51538086 2.4204102 0.51538086 2.4804688 0.51538086 2.4204102 0.51538086 2.4804688 0.51538086 2.4204102 0.51538086 2.1745605 0.32470703 2.1745605 0.15356445 2.2158203 0.32080078 2.2087402 0.15649414 2.2561035 0.31274414 2.2629395 0.16625977 2.2817383 0.30004883 2.286621 0.17797852 2.2966309 0.2619629 2.2966309 0.21606445 2.8327637 0.68408203 2.9055176 0.68408203 2.8327637 0.73413086 2.9055176 0.73413086 2.9055176 0.68408203 2.8327637 0.68408203 2.9055176 0.73413086 2.8327637 0.73413086 2.9055176 0.68408203 2.8327637 0.68408203 2.9055176 0.73413086 2.8327637 0.73413086 2.8327637 0.73413086 2.9055176 0.73413086 2.8327637 0.68408203 2.9055176 0.68408203 2.5444336 0.78100586 2.5439453 0.78222656 2.538086 0.779541 2.5375977 0.7807617 2.5463867 0.77612305 2.540039 0.7746582 2.546875 0.77783203 2.5405273 0.7763672 2.8598633 0.7336426 2.8598633 0.72680664 2.9077148 0.7336426 2.9077148 0.72680664 2.848877 0.6879883 2.9187012 0.6879883 2.852539 0.7290039 2.915039 0.7290039 2.8598633 0.7336426 2.9077148 0.7336426 2.9187012 0.6879883 2.848877 0.6879883 2.915039 0.7290039 2.852539 0.7290039 2.9077148 0.7336426 2.8598633 0.7336426 2.5446777 0.7753906 2.543457 0.7807617 2.545166 0.7758789 2.5437012 0.78100586 2.5456543 0.77612305 2.5439453 0.78100586 2.9077148 0.7336426 2.8598633 0.7336426 2.915039 0.7290039 2.852539 0.7290039 2.9187012 0.6879883 2.848877 0.6879883 2.848877 0.6879883 2.9187012 0.6879883 2.852539 0.7290039 2.915039 0.7290039 2.8598633 0.7336426 2.9077148 0.7336426 2.53833 0.7739258 2.5446777 0.7753906 2.5385742 0.77441406 2.545166 0.7758789 2.5390625 0.7746582 2.5456543 0.77612305 2.543457 0.7807617 2.5371094 0.7792969 2.5437012 0.78100586 2.5373535 0.779541 2.5439453 0.78100586 2.5375977 0.779541 2.5371094 0.7792969 2.53833 0.7739258 2.5373535 0.779541 2.5385742 0.77441406 2.5375977 0.779541 2.5390625 0.7746582 2.5444336 0.78100586 2.5439453 0.78222656 2.5463867 0.77612305 2.5458984 0.7788086 2.546875 0.77783203 2.538086 0.779541 2.5375977 0.7807617 2.540039 0.7746582 2.5395508 0.7770996 2.5405273 0.7763672 2.9055176 0.68408203 2.9055176 0.73413086 2.8327637 0.68408203 2.8327637 0.73413086 2.8327637 0.73413086 2.8327637 0.68408203 2.9055176 0.73413086 2.9055176 0.68408203 2.540039 0.8000488 2.539795 0.8005371 2.539795 0.7937012 2.539795 0.7944336 2.534912 0.7944336 2.534912 0.80078125 2.5351562 0.79248047 2.534912 0.79907227 2.534912 0.80078125 2.539795 0.8005371 2.534912 0.79907227 2.540039 0.8000488 2.539795 0.79345703 2.539795 0.7866211 2.539795 0.7871094 2.534912 0.7873535 2.534912 0.7937012 2.534912 0.7858887 2.534912 0.7858887 2.539795 0.7866211 2.534912 0.7873535 2.539795 0.7871094 2.534912 0.7944336 2.539795 0.7944336 2.5351562 0.79248047 2.539795 0.7937012 2.534912 0.7937012 2.539795 0.79345703 2.140625 0.15258789 2.1391602 0.23901367 2.1411133 0.3244629 2.1381836 0.15258789 2.175293 0.15332031 2.140625 0.23901367 2.175293 0.3244629 2.1391602 0.32470703 2.2087402 0.15625 2.2160645 0.32055664 2.2636719 0.16625977 2.256836 0.3125 2.2873535 0.17773438 2.2827148 0.2998047 2.2973633 0.21582031 2.2973633 0.26171875 2.213379 0.532959 2.213379 0.5192871 2.2092285 0.532959 2.2092285 0.5192871 2.2021484 0.532959 2.2021484 0.5192871 2.1938477 0.532959 2.1938477 0.5192871 2.1875 0.532959 2.1875 0.5192871 2.1794434 0.532959 2.1794434 0.5192871 2.1721191 0.532959 2.1721191 0.52075195 2.1660156 0.53271484 2.166504 0.5227051 2.1879883 0.53271484 2.1867676 0.5205078 2.1777344 0.53271484 2.1777344 0.5180664 2.1687012 0.53271484 2.1687012 0.5163574 2.7907715 0.5578613 2.7907715 0.60791016 2.8513184 0.5830078 2.7907715 0.5578613 2.7907715 0.6081543 2.7907715 0.55810547 2.7907715 0.60791016 2.7910156 0.55810547 2.7907715 0.60791016 2.7907715 0.5578613 2.7907715 0.60791016 2.8513184 0.5830078 2.7907715 0.5578613 2.7907715 0.6081543 2.7907715 0.55810547 2.7907715 0.60791016 2.7910156 0.55810547 2.7907715 0.60791016 2.3278809 0.7451172 2.3278809 0.7290039 2.3239746 0.73706055 2.9077148 0.7336426 2.9077148 0.72680664 2.8598633 0.7336426 2.8598633 0.72680664 2.8327637 0.73413086 2.9055176 0.73413086 2.8327637 0.68408203 2.9055176 0.68408203 2.8327637 0.73413086 2.8327637 0.68408203 2.9055176 0.73413086 2.9055176 0.68408203 2.8327637 0.68408203 2.9055176 0.68408203 2.8327637 0.73413086 2.9055176 0.73413086 2.534912 0.8039551 2.534912 0.7980957 2.5351562 0.80566406 2.5351562 0.7998047 2.5358887 0.8066406 2.5356445 0.8010254 2.8327637 0.68408203 2.9055176 0.68408203 2.8327637 0.73413086 2.9055176 0.73413086 2.8327637 0.73413086 2.9055176 0.73413086 2.8327637 0.68408203 2.9055176 0.68408203 2.9055176 0.68408203 2.9055176 0.73413086 2.8327637 0.68408203 2.8327637 0.73413086 2.9077148 0.7336426 2.9077148 0.72680664 2.8598633 0.7336426 2.8598633 0.72680664 2.8598633 0.7336426 2.9077148 0.7336426 2.852539 0.7290039 2.915039 0.7290039 2.848877 0.6879883 2.9187012 0.6879883 2.8598633 0.7336426 2.9077148 0.7336426 2.852539 0.7290039 2.915039 0.7290039 2.848877 0.6879883 2.9187012 0.6879883 2.8598633 0.7336426 2.9077148 0.7336426 2.852539 0.7290039 2.915039 0.7290039 2.848877 0.6879883 2.9187012 0.6879883 2.9077148 0.7336426 2.8598633 0.7336426 2.915039 0.7290039 2.852539 0.7290039 2.9187012 0.6879883 2.848877 0.6879883 2.539795 0.8041992 2.539795 0.79833984 2.540039 0.80493164 2.539795 0.79907227 2.540039 0.8054199 2.540039 0.7998047 2.534912 0.8039551 2.539795 0.8041992 2.5351562 0.80566406 2.540039 0.80493164 2.5358887 0.8066406 2.540039 0.8054199 2.539795 0.79833984 2.534912 0.7980957 2.539795 0.79907227 2.5351562 0.7998047 2.540039 0.7998047 2.5356445 0.8010254 2.555664 0.9707031 2.5966797 0.9707031 2.555664 0.90405273 2.5966797 0.90405273 2.555664 0.9707031 2.5966797 0.9707031 2.555664 0.90405273 2.5966797 0.90405273 2.555664 0.9707031 2.5966797 0.9707031 2.555664 0.90405273 2.5966797 0.90405273 2.555664 0.9707031 2.5966797 0.9707031 2.555664 0.90405273 2.5966797 0.90405273 2.4174805 0.25097656 2.355713 0.27075195 2.4846191 0.27075195 2.324707 0.32177734 2.5153809 0.32177734 2.355713 0.27075195 2.4846191 0.27075195 2.4174805 0.25097656 2.692627 0.22290039 2.7409668 0.22851562 2.7402344 0.25219727 2.769043 0.21313477 2.7893066 0.22558594 2.7907715 0.16992188 2.9956055 0.892334 2.9174805 0.892334 2.9956055 0.95532227 2.9174805 0.95532227 2.9956055 0.892334 2.9174805 0.892334 2.9956055 0.8305664 2.9174805 0.8305664 2.9956055 0.7685547 2.9174805 0.7685547 2.9956055 0.7055664 2.9174805 0.7055664 2.9956055 0.7685547 2.9174805 0.7685547 2.9956055 0.8305664 2.9174805 0.8305664 2.4162598 0.25585938 2.354248 0.27539062 2.4831543 0.27539062 2.3413086 0.32641602 2.4960938 0.32641602 2.354248 0.27539062 2.4831543 0.27539062 2.4162598 0.25585938 2.4162598 0.25585938 2.354248 0.27539062 2.4831543 0.27539062 2.3413086 0.32641602 2.4960938 0.32641602 2.354248 0.27539062 2.4831543 0.27539062 2.4162598 0.25585938 2.5395508 0.79125977 2.534668 0.7910156 2.539795 0.7919922 2.534912 0.79248047 2.540039 0.7927246 2.5354004 0.7939453 2.8598633 0.7336426 2.9077148 0.7336426 2.852539 0.7290039 2.915039 0.7290039 2.848877 0.6879883 2.9187012 0.6879883 2.539795 0.79711914 2.5395508 0.79125977 2.539795 0.79785156 2.539795 0.7919922 2.540039 0.79833984 2.540039 0.7927246 2.534912 0.79711914 2.539795 0.79711914 2.534912 0.79833984 2.539795 0.79785156 2.5354004 0.79956055 2.540039 0.79833984 2.534912 0.79711914 2.534668 0.7910156 2.534912 0.79833984 2.534912 0.79248047 2.5354004 0.79956055 2.5354004 0.7939453 2.7700195 0.18115234 2.7426758 0.16430664 2.7416992 0.1965332 2.7143555 0.1796875 2.713379 0.21166992 2.694336 0.16723633 2.743164 0.140625 2.7426758 0.16430664 2.7700195 0.18115234 2.7416992 0.1965332 2.769043 0.21313477 2.7409668 0.22851562 2.7893066 0.22558594 2.7907715 0.16992188 2.743164 0.140625 2.7143555 0.1796875 2.713379 0.21166992 2.7402344 0.25219727 2.692627 0.22290039 2.694336 0.16723633 2.8598633 0.7336426 2.9077148 0.7336426 2.852539 0.7290039 2.915039 0.7290039 2.848877 0.6879883 2.9187012 0.6879883 2.8598633 0.7336426 2.9077148 0.7336426 2.852539 0.7290039 2.915039 0.7290039 2.848877 0.6879883 2.9187012 0.6879883 2.8598633 0.7336426 2.9077148 0.7336426 2.852539 0.7290039 2.915039 0.7290039 2.848877 0.6879883 2.9187012 0.6879883 2.3793945 0.7775879 2.3776855 0.77319336 2.3632812 0.7775879 2.3649902 0.77319336 2.3518066 0.7661133 2.3562012 0.7644043 2.3518066 0.75 2.3562012 0.751709 2.3632812 0.7385254 2.3649902 0.7426758 2.3793945 0.7385254 2.3776855 0.7426758 2.3908691 0.75 2.3864746 0.751709 2.3908691 0.7661133 2.3864746 0.7644043 2.3776855 0.77319336 2.3776855 0.77319336 2.3649902 0.77319336 2.3649902 0.77319336 2.3562012 0.7644043 2.3562012 0.7644043 2.3562012 0.751709 2.3562012 0.751709 2.3649902 0.7426758 2.3649902 0.7426758 2.3776855 0.7426758 2.3776855 0.7426758 2.3864746 0.751709 2.3864746 0.751709 2.3864746 0.7644043 2.3864746 0.7644043 2.3459473 0.75341797 2.3459473 0.7207031 2.336914 0.75634766 2.336914 0.7180176 2.3276367 0.75341797 2.3276367 0.7207031 2.3278809 0.7451172 2.3278809 0.7290039 2.3239746 0.73706055 2.3276367 0.75341797 2.3278809 0.7451172 2.3276367 0.7207031 2.3278809 0.7290039 2.3044434 0.7001953 2.3964844 0.7001953 2.3044434 0.67700195 2.3964844 0.67700195 2.3044434 0.6311035 2.3964844 0.7001953 2.3044434 0.67700195 2.3044434 0.7001953 2.1896973 0.74609375 2.3044434 0.74609375 2.3044434 0.7919922 2.3044434 0.8149414 2.3964844 0.7919922 2.3044434 0.861084 2.3964844 0.8149414 2.3044434 0.8149414 2.3964844 0.7919922 2.3044434 0.7919922 2.1896973 0.74609375 2.3044434 0.74609375 2.1896973 0.65405273 2.1896973 0.5852051 2.1896973 0.65405273 2.0285645 0.6311035 2.0285645 0.5161133 2.0285645 0.6311035 2.0285645 0.74609375 2.1896973 0.83813477 2.1896973 0.9069824 2.1896973 0.83813477 2.0285645 0.74609375 2.0285645 0.861084 2.0285645 0.9760742 2.0285645 0.861084 2.3459473 0.7451172 2.3496094 0.73706055 2.3459473 0.7290039 2.5441895 0.78271484 2.5422363 0.77856445 2.5437012 0.78222656 2.5412598 0.7775879 2.543213 0.7819824 2.5402832 0.7766113 2.5422363 0.77856445 2.5354004 0.782959 2.5412598 0.7775879 2.5344238 0.7819824 2.5402832 0.7766113 2.5334473 0.78100586 2.9077148 0.7336426 2.8598633 0.7336426 2.915039 0.7290039 2.852539 0.7290039 2.9187012 0.6879883 2.848877 0.6879883 2.5354004 0.782959 2.5373535 0.7871094 2.5344238 0.7819824 2.5368652 0.7866211 2.5334473 0.78100586 2.536621 0.78637695 2.8327637 0.68408203 2.8327637 0.73413086 2.9055176 0.68408203 2.9055176 0.73413086 2.5351562 0.7849121 2.5419922 0.7805176 2.5361328 0.7861328 2.5429688 0.7817383 2.53125 0.7788086 2.5302734 0.77856445 2.5378418 0.77441406 2.5371094 0.7739258 2.8598633 0.7336426 2.9077148 0.7336426 2.8598633 0.72680664 2.9077148 0.72680664 2.848877 0.6879883 2.9187012 0.6879883 2.852539 0.7290039 2.915039 0.7290039 2.8598633 0.7336426 2.9077148 0.7336426 2.9187012 0.6879883 2.848877 0.6879883 2.915039 0.7290039 2.852539 0.7290039 2.9077148 0.7336426 2.8598633 0.7336426 2.9187012 0.6879883 2.848877 0.6879883 2.915039 0.7290039 2.852539 0.7290039 2.9077148 0.7336426 2.8598633 0.7336426 2.5441895 0.78271484 2.5373535 0.7871094 2.5437012 0.78222656 2.5368652 0.7866211 2.543213 0.7819824 2.536621 0.78637695 2.5361328 0.7861328 2.5351562 0.7849121 2.5319824 0.7805176 2.53125 0.7788086 2.5302734 0.77856445 2.5419922 0.7805176 2.5429688 0.7817383 2.5378418 0.77441406 2.5388184 0.77612305 2.5371094 0.7739258 2.1745605 0.32470703 2.1745605 0.15356445 2.2158203 0.32080078 2.2087402 0.15649414 2.2561035 0.31274414 2.2629395 0.16625977 2.2817383 0.30004883 2.286621 0.17797852 2.2966309 0.2619629 2.2966309 0.21606445 2.140625 0.15258789 2.1391602 0.23901367 2.140625 0.3244629 2.543213 0.7976074 2.543213 0.795166 2.543457 0.79833984 2.543457 0.7956543 2.5429688 0.7919922 2.543457 0.79541016 2.543457 0.7927246 2.3632812 0.7775879 2.3649902 0.77319336 2.3518066 0.7661133 2.3562012 0.7644043 2.3518066 0.75 2.3562012 0.751709 2.3632812 0.7385254 2.3649902 0.7426758 2.3793945 0.7385254 2.3776855 0.7426758 2.3908691 0.75 2.3864746 0.751709 2.3908691 0.7661133 2.3864746 0.7644043 2.3793945 0.7775879 2.3776855 0.77319336 2.3649902 0.77319336 2.3649902 0.77319336 2.3562012 0.7644043 2.3562012 0.7644043 2.3562012 0.751709 2.3562012 0.751709 2.3649902 0.7426758 2.3649902 0.7426758 2.3776855 0.7426758 2.3776855 0.7426758 2.3864746 0.751709 2.3864746 0.751709 2.3864746 0.7644043 2.3864746 0.7644043 2.3776855 0.77319336 2.3776855 0.77319336 2.0285645 0.74609375 2.1896973 0.83813477 2.0285645 0.861084 2.1896973 0.9069824 2.0285645 0.9760742 2.1896973 0.83813477 2.0285645 0.861084 2.0285645 0.74609375 2.3459473 0.7451172 2.3496094 0.73706055 2.3459473 0.7290039 2.3276367 0.7207031 2.3276367 0.75341797 2.3278809 0.7290039 2.3278809 0.7451172 2.3459473 0.75341797 2.3459473 0.7207031 2.3459473 0.7451172 2.3459473 0.7290039 2.3276367 0.75341797 2.3276367 0.7207031 2.336914 0.75634766 2.336914 0.7180176 2.3459473 0.75341797 2.3459473 0.7207031 2.3044434 0.7001953 2.3964844 0.7001953 2.3044434 0.67700195 2.3964844 0.67700195 2.3044434 0.6311035 2.3964844 0.7001953 2.3044434 0.67700195 2.3044434 0.7001953 2.1896973 0.74609375 2.3044434 0.74609375 2.3044434 0.7919922 2.3044434 0.8149414 2.3964844 0.7919922 2.3044434 0.861084 2.3964844 0.8149414 2.3044434 0.8149414 2.3964844 0.7919922 2.3044434 0.7919922 2.1896973 0.74609375 2.3044434 0.74609375 2.1896973 0.65405273 2.1896973 0.5852051 2.1896973 0.65405273 2.0285645 0.6311035 2.0285645 0.5161133 2.0285645 0.6311035 2.8327637 0.68408203 2.8327637 0.73413086 2.9055176 0.68408203 2.9055176 0.73413086 2.9055176 0.68408203 2.9055176 0.73413086 2.8327637 0.68408203 2.8327637 0.73413086 2.9055176 0.68408203 2.9055176 0.73413086 2.8327637 0.68408203 2.8327637 0.73413086 2.3459473 0.7207031 2.3459473 0.7290039 2.3459473 0.75341797 2.3459473 0.7451172 2.1879883 0.532959 2.1870117 0.5205078 2.1779785 0.532959 2.1779785 0.5180664 2.1687012 0.532959 2.1687012 0.5163574 2.8327637 0.73413086 2.8327637 0.68408203 2.9055176 0.73413086 2.9055176 0.68408203 2.8327637 0.68408203 2.8327637 0.73413086 2.9055176 0.68408203 2.9055176 0.73413086 2.9055176 0.68408203 2.8327637 0.68408203 2.9055176 0.73413086 2.8327637 0.73413086 2.550537 0.7993164 2.5449219 0.8015137 2.5510254 0.8015137 2.545166 0.80249023 2.5512695 0.8034668 2.5454102 0.80371094 2.9077148 0.7336426 2.8598633 0.7336426 2.915039 0.7290039 2.852539 0.7290039 2.9187012 0.6879883 2.848877 0.6879883 2.8327637 0.73413086 2.9055176 0.73413086 2.8327637 0.68408203 2.9055176 0.68408203 2.9077148 0.7336426 2.8598633 0.7336426 2.9077148 0.72680664 2.8598633 0.72680664 2.9077148 0.7336426 2.8598633 0.7336426 2.915039 0.7290039 2.852539 0.7290039 2.9187012 0.6879883 2.848877 0.6879883 2.8598633 0.7336426 2.9077148 0.7336426 2.852539 0.7290039 2.915039 0.7290039 2.848877 0.6879883 2.9187012 0.6879883 2.9077148 0.7336426 2.8598633 0.7336426 2.915039 0.7290039 2.852539 0.7290039 2.9187012 0.6879883 2.848877 0.6879883 2.5449219 0.79907227 2.5449219 0.8015137 2.545166 0.80029297 2.545166 0.80249023 2.5454102 0.80126953 2.5454102 0.80371094 2.550537 0.7993164 2.550537 0.796875 2.5510254 0.8015137 2.5510254 0.79907227 2.5512695 0.8034668 2.5512695 0.8010254 2.550537 0.796875 2.5449219 0.79907227 2.5510254 0.79907227 2.545166 0.80029297 2.5512695 0.8010254 2.5454102 0.80126953 2.1748047 0.15332031 2.1748047 0.3244629 2.208252 0.15649414 2.2155762 0.32055664 2.2631836 0.16625977 2.2561035 0.3125 2.2868652 0.17797852 2.2819824 0.2998047 2.296875 0.21582031 2.296875 0.26171875 2.7907715 0.6081543 2.7907715 0.55810547 2.8513184 0.5830078 2.7907715 0.60791016 2.7910156 0.55810547 2.7907715 0.60791016 2.7907715 0.5578613 2.7907715 0.60791016 2.7907715 0.5578613 2.5480957 0.7890625 2.5490723 0.7915039 2.5429688 0.7919922 2.543457 0.7927246 2.1884766 0.54052734 2.1884766 0.54052734 2.1884766 0.54052734 2.1884766 0.54052734 2.5490723 0.7915039 2.5480957 0.7890625 2.5490723 0.79418945 2.5480957 0.79174805 2.5480957 0.79174805 2.5490723 0.79467773 2.543213 0.795166 2.543457 0.7956543 2.5490723 0.7973633 2.5483398 0.79467773 2.543457 0.79833984 2.543213 0.7976074 2.5490723 0.79467773 2.5490723 0.7973633 2.5483398 0.79467773 2.8327637 0.73413086 2.8327637 0.68408203 2.9055176 0.73413086 2.9055176 0.68408203 2.8327637 0.68408203 2.8327637 0.73413086 2.9055176 0.68408203 2.9055176 0.73413086 2.9055176 0.68408203 2.8327637 0.68408203 2.9055176 0.73413086 2.8327637 0.73413086 2.550537 0.80249023 2.5449219 0.80444336 2.5510254 0.80444336 2.545166 0.80566406 2.5512695 0.8063965 2.5454102 0.8066406 2.9077148 0.7336426 2.8598633 0.7336426 2.915039 0.7290039 2.852539 0.7290039 2.9187012 0.6879883 2.848877 0.6879883 2.8327637 0.73413086 2.9055176 0.73413086 2.8327637 0.68408203 2.9055176 0.68408203 2.9077148 0.7336426 2.8598633 0.7336426 2.9077148 0.72680664 2.8598633 0.72680664 2.8598633 0.7336426 2.9077148 0.7336426 2.852539 0.7290039 2.915039 0.7290039 2.848877 0.6879883 2.9187012 0.6879883 2.8598633 0.7336426 2.9077148 0.7336426 2.852539 0.7290039 2.915039 0.7290039 2.848877 0.6879883 2.9187012 0.6879883 2.9077148 0.7336426 2.8598633 0.7336426 2.915039 0.7290039 2.852539 0.7290039 2.9187012 0.6879883 2.848877 0.6879883 2.5449219 0.80200195 2.5449219 0.80444336 2.545166 0.80322266 2.545166 0.80566406 2.5454102 0.80444336 2.5454102 0.8066406 2.550537 0.80249023 2.550537 0.7998047 2.5510254 0.80444336 2.5510254 0.80200195 2.5512695 0.8063965 2.5512695 0.8041992 2.550537 0.7998047 2.5449219 0.80200195 2.5510254 0.80200195 2.545166 0.80322266 2.5512695 0.8041992 2.5454102 0.80444336 2.138916 0.15258789 2.1401367 0.23901367 2.1386719 0.32470703 2.4174805 0.25097656 2.355713 0.27075195 2.4846191 0.27075195 2.324707 0.32177734 2.5153809 0.32177734 2.355713 0.27075195 2.4846191 0.27075195 2.4174805 0.25097656 2.555664 0.90405273 2.5966797 0.90405273 2.555664 0.9707031 2.5966797 0.9707031 2.555664 0.90405273 2.5966797 0.90405273 2.555664 0.9707031 2.5966797 0.9707031 2.555664 0.90405273 2.5966797 0.90405273 2.555664 0.9707031 2.5966797 0.9707031 2.555664 0.90405273 2.5966797 0.90405273 2.555664 0.9707031 2.5966797 0.9707031 2.0180664 0.3413086 2.0180664 0.14746094 2.050293 0.3413086 2.050293 0.14746094 2.0825195 0.3413086 2.0825195 0.14746094 2.1149902 0.3413086 2.1149902 0.14746094 2.0825195 0.3413086 2.0825195 0.14746094 2.050293 0.3413086 2.050293 0.14746094 2.2607422 0.44702148 2.260498 0.3930664 2.2321777 0.41992188 2.2607422 0.44702148 2.260498 0.3930664 2.3024902 0.46655273 2.3024902 0.37329102 2.3466797 0.4736328 2.3464355 0.3659668 2.3811035 0.46655273 2.3811035 0.37304688 2.3967285 0.39282227 2.3967285 0.44677734 2.3811035 0.37304688 2.3967285 0.39282227 2.3967285 0.44677734 2.3811035 0.46655273 2.3464355 0.3659668 2.3024902 0.37329102 2.3024902 0.46655273 2.3466797 0.4736328 2.260498 0.3930664 2.2607422 0.44702148 2.260498 0.3930664 2.2607422 0.44702148 2.3024902 0.37329102 2.3024902 0.46655273 2.3464355 0.3659668 2.3466797 0.4736328 2.3811035 0.37304688 2.3811035 0.46655273 2.3967285 0.44677734 2.3967285 0.39282227 2.3811035 0.46655273 2.3967285 0.44677734 2.3967285 0.39282227 2.3811035 0.37304688 2.3466797 0.4736328 2.3024902 0.46655273 2.3024902 0.37329102 2.3464355 0.3659668 2.213379 0.5192871 2.213379 0.532959 2.2092285 0.5192871 2.2092285 0.532959 2.2021484 0.5192871 2.2021484 0.532959 2.1938477 0.5192871 2.1938477 0.532959 2.1875 0.5192871 2.1875 0.532959 2.1794434 0.5192871 2.1794434 0.532959 2.1721191 0.5192871 2.1721191 0.53149414 2.1660156 0.5192871 2.166504 0.5292969 2.345459 0.013671875 2.260498 0.3930664 2.2607422 0.44702148 2.2321777 0.41992188 2.260498 0.3930664 2.2607422 0.44702148 2.260498 0.3930664 2.2607422 0.44702148 2.3024902 0.37329102 2.3024902 0.46655273 2.3024902 0.37329102 2.3024902 0.46655273 2.3024902 0.37329102 2.3024902 0.46655273 2.3464355 0.3659668 2.3466797 0.4736328 2.3464355 0.3659668 2.3466797 0.4736328 2.3464355 0.3659668 2.3466797 0.4736328 2.3811035 0.46655273 2.3811035 0.37304688 2.3967285 0.44677734 2.3967285 0.39282227 2.3811035 0.46655273 2.3811035 0.37304688 2.3811035 0.46655273 2.3811035 0.37304688 2.3967285 0.39282227 2.3967285 0.44677734 2.3967285 0.39282227 2.3967285 0.44677734 2.7907715 0.55810547 2.7907715 0.60791016 2.8513184 0.5830078 2.7910156 0.55810547 2.7907715 0.60791016 2.7907715 0.5578613 2.7907715 0.60791016 2.7907715 0.5578613 2.7907715 0.6081543 2.555664 0.90405273 2.5966797 0.90405273 2.555664 0.9707031 2.5966797 0.9707031 2.555664 0.90405273 2.5966797 0.90405273 2.555664 0.9707031 2.5966797 0.9707031 2.555664 0.90405273 2.5966797 0.90405273 2.555664 0.9707031 2.5966797 0.9707031 2.555664 0.90405273 2.5966797 0.90405273 2.555664 0.9707031 2.5966797 0.9707031 2.0825195 0.3413086 2.0825195 0.14746094 2.1149902 0.3413086 2.1149902 0.14746094 2.0825195 0.3413086 2.0825195 0.14746094 2.050293 0.3413086 2.050293 0.14746094 2.0180664 0.3413086 2.0180664 0.14746094 2.050293 0.3413086 2.050293 0.14746094 2.584961 0.4597168 2.584961 0.4206543 2.5249023 0.4597168 2.5249023 0.4206543 2.584961 0.4597168 2.584961 0.4206543 2.5249023 0.4597168 2.5249023 0.4206543 2.584961 0.4597168 2.584961 0.4206543 2.5249023 0.4597168 2.5249023 0.4206543 2.584961 0.4597168 2.584961 0.4206543 2.5249023 0.4597168 2.5249023 0.4206543 2.584961 0.4597168 2.584961 0.4206543 2.5249023 0.4597168 2.5249023 0.4206543 2.3574219 0.7312012 2.352539 0.71875 2.3442383 0.7312012 2.3442383 0.71875 2.3574219 0.7312012 2.352539 0.71875 2.3442383 0.71606445 2.3686523 0.751709 2.3574219 0.7312012 2.3442383 0.751709 2.3442383 0.7312012 2.3686523 0.751709 2.3574219 0.7312012 2.555664 0.9707031 2.5966797 0.9707031 2.555664 0.90405273 2.5966797 0.90405273 2.555664 0.9707031 2.5966797 0.9707031 2.555664 0.90405273 2.5966797 0.90405273 2.555664 0.9707031 2.5966797 0.9707031 2.555664 0.90405273 2.5966797 0.90405273 2.555664 0.9707031 2.5966797 0.9707031 2.555664 0.90405273 2.5966797 0.90405273 2.4174805 0.25097656 2.4846191 0.27075195 2.355713 0.27075195 2.5153809 0.32177734 2.324707 0.32177734 2.4846191 0.27075195 2.355713 0.27075195 2.4174805 0.25097656 2.4162598 0.25585938 2.4831543 0.27539062 2.354248 0.27539062 2.4960938 0.32641602 2.3413086 0.32641602 2.4831543 0.27539062 2.354248 0.27539062 2.4162598 0.25585938 2.4162598 0.25585938 2.4831543 0.27539062 2.354248 0.27539062 2.4960938 0.32641602 2.3413086 0.32641602 2.4831543 0.27539062 2.354248 0.27539062 2.4162598 0.25585938 2.9956055 0.95532227 2.9174805 0.95532227 2.9956055 0.892334 2.9174805 0.892334 2.9956055 0.8305664 2.9174805 0.8305664 2.9956055 0.7685547 2.9174805 0.7685547 2.9956055 0.7055664 2.9174805 0.7055664 2.9956055 0.7685547 2.9174805 0.7685547 2.9956055 0.8305664 2.9174805 0.8305664 2.9956055 0.892334 2.9174805 0.892334 2.692627 0.22290039 2.7402344 0.25219727 2.7409668 0.22851562 2.769043 0.21313477 2.7416992 0.1965332 2.7700195 0.18115234 2.7426758 0.16430664 2.7907715 0.16992188 2.743164 0.140625 2.7143555 0.1796875 2.713379 0.21166992 2.694336 0.16723633 2.7893066 0.22558594 2.7402344 0.25219727 2.7893066 0.22558594 2.769043 0.21313477 2.7700195 0.18115234 2.7416992 0.1965332 2.7426758 0.16430664 2.7143555 0.1796875 2.743164 0.140625 2.694336 0.16723633 2.713379 0.21166992 2.7409668 0.22851562 2.692627 0.22290039 2.7907715 0.16992188 2.4174805 0.25097656 2.355713 0.27075195 2.4846191 0.27075195 2.324707 0.32177734 2.5153809 0.32177734 2.355713 0.27075195 2.4846191 0.27075195 2.4174805 0.25097656 2.980713 0.43041992 2.9870605 0.45336914 2.9543457 0.45361328 2.980713 0.4765625 2.9643555 0.49072266 2.944336 0.49072266 2.9282227 0.4765625 2.921875 0.45361328 2.9279785 0.43041992 2.944336 0.41625977 2.9643555 0.41625977 </float_array>
					<technique_common>
						<accessor count="1768" offset="0" source="#Model_uvs_array" stride="2">
							<param name="S" type="float"/>
							<param name="T" type="float"/>
						</accessor>
					</technique_common>
				</source>
				<vertices id="Model_vertices">
					<input semantic="POSITION" source="#Model_positions"/>
				</vertices>
				<triangles count="1784" material="material_symbol_750">
					<input semantic="VERTEX" source="#Model_vertices" offset="0"/>
					<input semantic="NORMAL" source="#Model_normals" offset="0"/>
					<input semantic="TEXCOORD" source="#Model_uvs" offset="0" set="0"/>
					<p> 0 1 2 1 3 2 2 3 4 3 5 4 4 5 6 5 7 6 8 10 9 9 10 11 10 12 11 11 12 13 12 14 13 13 14 15 16 18 17 17 18 19 18 20 19 19 20 21 22 24 23 23 24 25 24 26 25 25 26 27 26 28 27 27 28 29 28 30 29 29 30 31 30 32 31 31 32 33 32 34 33 33 34 35 34 36 35 35 36 37 36 22 37 37 22 23 38 40 39 39 40 41 40 42 41 41 42 43 42 44 43 43 44 45 44 46 45 45 46 47 46 48 47 47 48 49 48 50 49 49 50 51 50 52 51 51 52 53 52 38 53 53 38 39 54 56 55 55 56 57 56 58 57 57 58 59 58 60 59 59 60 61 60 62 61 61 62 63 62 64 63 63 64 65 64 66 65 65 66 67 66 68 67 67 68 69 68 70 69 69 70 71 70 72 71 71 72 73 72 54 73 73 54 55 74 76 75 75 76 77 76 78 77 77 78 79 78 80 79 79 80 81 80 82 81 81 82 83 82 84 83 83 84 85 84 86 85 85 86 87 86 88 87 87 88 89 88 90 89 89 90 91 90 92 91 91 92 93 92 74 93 93 74 75 94 96 95 97 99 98 98 99 100 99 101 100 100 101 102 101 103 102 102 103 104 105 107 106 106 107 108 107 109 108 108 109 110 109 111 110 110 111 112 113 115 114 114 115 116 115 117 116 116 117 118 119 121 120 120 121 122 121 123 122 122 123 124 123 125 124 124 125 126 127 129 128 128 129 130 129 131 130 130 131 132 131 133 132 132 133 134 133 135 134 134 135 136 135 137 136 136 137 138 137 139 138 138 139 140 139 141 140 140 141 142 141 143 142 142 143 144 145 147 146 146 147 148 147 149 148 148 149 150 149 151 150 150 151 152 153 155 154 154 155 156 155 157 156 156 157 158 159 161 160 160 161 162 161 163 162 162 163 164 163 165 164 164 165 166 167 169 168 168 169 170 170 169 171 171 169 172 169 173 172 172 173 174 174 173 175 175 173 94 94 173 96 173 169 96 96 169 167 176 178 177 177 178 179 178 180 179 180 181 179 181 182 179 179 182 177 177 182 183 183 182 184 184 182 185 185 182 186 182 181 186 187 188 189 190 192 191 191 192 193 192 194 193 193 194 195 194 196 195 196 197 195 195 197 193 197 198 193 193 198 191 199 201 200 200 201 202 202 201 203 203 201 204 201 205 204 204 205 206 206 205 207 207 205 208 208 205 209 205 201 209 209 201 199 210 212 211 211 212 213 212 214 213 213 214 215 214 216 215 215 216 217 217 216 218 218 216 219 219 216 220 220 216 221 216 214 221 221 214 222 214 212 222 222 212 223 212 210 223 223 210 224 210 225 224 225 226 224 224 226 223 223 226 227 226 228 227 227 228 229 229 228 230 230 228 231 231 228 232 232 228 233 228 226 233 233 226 234 226 225 234 235 237 236 236 237 238 237 239 238 239 240 238 238 240 241 240 242 241 242 243 241 243 187 241 187 189 241 241 189 238 189 236 238 244 246 245 245 246 247 246 248 247 248 249 247 247 249 250 249 251 250 251 252 250 252 253 250 253 254 250 250 254 247 254 245 247 255 257 256 256 257 258 257 259 258 258 259 260 259 261 260 260 261 262 261 263 262 262 263 264 263 265 264 264 265 266 266 265 256 256 265 255 265 267 255 255 267 268 267 269 268 269 270 268 270 271 268 268 271 255 255 271 257 271 272 257 257 272 259 272 273 259 259 273 261 273 274 261 261 274 263 263 274 265 265 274 267 267 274 269 269 274 275 274 273 275 275 273 276 273 272 276 276 272 277 272 271 277 277 271 278 271 270 278 197 196 279 196 280 279 279 280 281 281 280 282 282 280 283 283 280 194 280 196 194 284 286 285 285 286 287 286 288 287 287 288 289 288 290 289 289 290 291 290 292 291 291 292 293 292 294 293 293 294 295 285 287 296 296 287 297 287 289 297 297 289 298 289 291 298 298 291 299 291 293 299 299 293 300 293 295 300 300 295 301 301 295 302 295 303 302 302 303 304 303 305 304 304 305 306 305 307 306 307 308 306 306 308 304 304 308 309 309 308 310 308 307 310 310 307 311 311 307 312 312 307 313 313 307 314 314 307 315 315 307 316 307 305 316 316 305 317 305 303 317 303 295 317 295 294 317 317 294 316 316 294 315 294 292 315 315 292 314 292 290 314 314 290 313 290 288 313 313 288 312 288 286 312 312 286 311 286 284 311 311 284 310 284 309 310 318 319 320 319 321 320 320 321 322 321 323 322 322 323 324 323 325 324 324 325 326 325 327 326 326 327 328 327 329 328 328 329 330 330 329 331 329 332 331 331 332 333 332 334 333 333 334 335 334 336 335 335 336 337 336 318 337 337 318 338 318 320 338 338 320 339 320 322 339 339 322 340 322 324 340 324 341 340 340 341 342 341 343 342 342 343 285 343 344 285 285 344 284 344 345 284 284 345 309 345 346 309 309 346 304 304 346 302 346 347 302 302 347 301 347 330 301 330 331 301 301 331 300 331 333 300 300 333 299 333 335 299 299 335 298 335 337 298 298 337 297 337 338 297 297 338 296 338 339 296 339 340 296 340 342 296 342 285 296 348 349 350 349 351 350 350 351 352 352 351 353 351 354 353 353 354 355 355 354 356 356 354 357 357 354 358 354 351 358 358 351 349 186 225 185 225 210 185 185 210 184 210 211 184 184 211 359 359 211 360 211 213 360 213 361 360 360 361 362 361 363 362 363 364 362 364 365 362 365 366 362 362 366 360 366 359 360 208 209 367 253 368 254 369 371 370 370 371 372 371 373 372 372 373 374 373 375 374 374 375 376 375 377 376 376 377 378 377 379 378 378 379 380 379 381 380 380 381 382 381 383 382 382 383 384 383 385 384 384 385 386 385 387 386 386 387 369 387 388 369 369 388 371 388 389 371 371 389 373 389 390 373 373 390 375 390 391 375 375 391 377 391 392 377 377 392 379 392 393 379 379 393 381 393 394 381 381 394 383 394 395 383 383 395 385 395 396 385 385 396 387 396 397 387 387 397 388 397 398 388 388 398 389 398 399 389 389 399 390 399 400 390 390 400 391 400 401 391 391 401 392 401 402 392 392 402 393 402 403 393 393 403 394 403 404 394 394 404 395 404 405 395 395 405 396 405 406 396 396 406 397 406 190 397 397 190 398 190 191 398 398 191 399 191 198 399 399 198 400 198 197 400 400 197 401 197 279 401 401 279 402 279 281 402 402 281 403 281 282 403 403 282 404 282 283 404 404 283 407 283 194 407 194 408 407 407 408 404 404 408 405 405 408 409 408 194 409 409 194 410 194 192 410 192 190 410 410 190 409 190 406 409 409 406 405 411 412 413 412 414 413 414 415 413 415 416 413 416 417 413 417 418 413 418 419 413 419 420 413 420 421 413 413 421 411 421 422 411 411 422 412 422 423 412 412 423 414 423 424 414 414 424 415 424 425 415 415 425 416 425 426 416 416 426 417 426 427 417 417 427 418 427 428 418 418 428 419 428 429 419 419 429 420 429 430 420 420 430 421 430 431 421 421 431 422 431 432 422 422 432 423 432 433 423 423 433 424 433 434 424 424 434 425 434 435 425 425 435 426 435 436 426 426 436 427 436 437 427 427 437 428 437 438 428 428 438 429 438 439 429 429 439 430 439 440 430 430 440 431 440 441 431 431 441 432 441 442 432 432 442 433 442 443 433 433 443 434 443 444 434 434 444 435 444 445 435 435 445 436 445 446 436 436 446 437 446 370 437 437 370 438 370 372 438 438 372 439 372 374 439 439 374 440 374 376 440 440 376 441 376 378 441 441 378 442 378 380 442 442 380 443 380 382 443 443 382 444 382 384 444 444 384 445 384 386 445 445 386 446 386 369 446 446 369 370 447 449 448 448 449 450 449 451 450 450 451 452 451 453 452 452 453 454 453 455 454 454 455 456 455 457 456 456 457 458 457 459 458 458 459 460 459 461 460 460 461 462 461 463 462 462 463 464 463 465 464 464 465 466 465 447 466 447 448 466 466 448 467 448 450 467 450 452 467 452 454 467 454 456 467 456 458 467 458 460 467 460 462 467 462 464 467 467 464 466 468 470 469 469 470 471 470 472 471 471 472 473 474 476 475 475 476 477 476 478 477 477 478 479 478 480 479 479 480 481 480 482 481 481 482 483 484 486 485 485 486 487 486 488 487 487 488 489 488 490 489 489 490 491 492 493 494 493 495 494 494 495 496 495 497 496 496 497 498 497 499 498 498 499 500 499 501 500 500 501 502 501 503 502 502 503 504 503 505 504 505 506 504 504 506 507 506 508 507 508 509 507 509 510 507 510 511 507 507 511 504 504 511 502 511 512 502 502 512 500 512 513 500 500 513 498 513 514 498 498 514 496 496 514 494 494 514 515 515 514 516 516 514 517 514 513 517 517 513 518 513 512 518 518 512 519 512 511 519 519 511 520 511 510 520 521 523 522 522 523 524 523 525 524 524 525 526 525 527 526 526 527 528 527 529 528 528 529 530 529 531 530 531 532 530 532 492 530 530 492 528 528 492 533 492 494 533 533 494 534 494 515 534 534 515 535 515 516 535 535 516 536 536 516 537 516 517 537 537 517 538 517 518 538 538 518 539 518 519 539 539 519 540 519 520 540 540 520 541 520 510 541 541 510 542 510 509 542 542 509 543 543 509 521 521 509 523 509 508 523 523 508 525 508 506 525 525 506 527 506 505 527 527 505 529 529 505 531 531 505 544 505 503 544 544 503 545 503 501 545 545 501 546 501 499 546 546 499 547 499 497 547 547 497 548 497 495 548 548 495 549 495 493 549 549 493 550 493 492 550 550 492 551 492 532 551 552 553 554 553 555 554 554 555 556 555 557 556 556 557 558 557 559 558 365 560 366 561 563 562 562 563 564 563 565 564 564 565 566 565 567 566 566 567 568 567 569 568 568 569 570 569 571 570 570 571 572 571 573 572 572 573 574 573 575 574 574 575 576 576 575 562 562 575 561 575 577 561 561 577 563 577 578 563 563 578 565 578 579 565 565 579 567 579 580 567 567 580 569 580 581 569 569 581 571 581 582 571 571 582 573 582 583 573 573 583 575 583 584 575 575 584 577 584 585 577 577 585 578 585 586 578 578 586 579 586 587 579 579 587 580 587 588 580 580 588 581 588 589 581 581 589 582 589 590 582 582 590 583 590 591 583 583 591 584 591 592 584 584 592 585 592 593 585 585 593 594 593 595 594 595 596 594 596 597 594 594 597 585 585 597 586 597 598 586 586 598 587 598 599 587 587 599 588 599 600 588 588 600 589 600 601 589 589 601 590 601 602 590 590 602 591 591 602 592 592 602 593 593 602 595 595 602 603 602 601 603 603 601 604 601 600 604 604 600 605 600 599 605 605 599 606 599 598 606 606 598 607 598 597 607 607 597 608 597 596 608 609 610 611 610 612 611 611 612 613 612 614 613 613 614 615 614 616 615 615 616 617 616 618 617 619 620 621 620 622 621 623 624 625 624 626 625 627 628 629 628 630 629 631 632 633 632 634 633 635 636 637 636 638 637 639 640 641 640 642 641 643 644 645 644 646 645 647 649 648 648 649 650 649 651 650 650 651 652 653 655 654 654 655 656 655 657 656 656 657 658 659 661 660 660 661 662 661 663 662 662 663 664 665 667 666 666 667 668 667 669 668 668 669 670 671 673 672 672 673 674 673 675 674 674 675 676 677 679 678 678 679 680 679 681 680 680 681 682 683 685 684 684 685 686 685 687 686 686 687 688 689 691 690 690 691 692 691 693 692 692 693 694 695 697 696 696 697 698 697 699 698 700 701 702 701 703 702 702 703 704 705 706 707 706 708 707 709 710 711 710 712 711 713 714 715 714 716 715 717 718 719 718 720 719 721 722 723 722 724 723 715 725 726 725 727 726 728 729 730 729 719 730 731 732 733 732 734 733 735 737 736 736 737 738 737 739 738 738 739 740 741 610 742 610 609 742 742 609 743 744 746 745 745 746 747 746 748 747 745 747 749 747 750 749 749 750 751 750 752 751 751 752 753 752 754 753 753 754 755 754 756 755 757 759 758 758 759 760 759 761 760 760 761 762 761 763 762 762 763 764 763 765 764 764 765 766 765 767 766 766 767 768 767 769 768 768 769 770 769 771 770 770 771 772 773 775 774 774 775 776 775 777 776 776 777 778 779 780 781 780 782 781 782 783 781 783 784 781 784 785 781 785 786 781 786 787 781 781 787 779 788 789 790 789 791 790 791 792 790 792 793 790 793 794 790 794 795 790 795 796 790 790 796 788 797 799 798 800 801 802 801 803 802 804 805 806 805 807 806 808 809 810 809 811 810 812 813 814 813 815 814 816 817 818 817 819 818 818 819 820 819 821 820 822 823 824 823 825 824 826 827 828 827 829 828 830 831 832 831 833 832 834 835 836 835 837 836 838 840 839 839 840 841 840 842 841 841 842 843 844 846 845 845 846 847 846 848 847 847 848 849 850 852 851 851 852 853 852 854 853 853 854 855 856 858 857 857 858 859 858 860 859 859 860 861 862 864 863 863 864 865 864 866 865 865 866 867 868 870 869 869 870 871 870 872 871 871 872 873 874 876 875 875 876 877 876 878 877 877 878 879 880 882 881 881 882 883 882 884 883 883 884 885 884 886 885 885 886 887 886 888 887 887 888 889 888 890 889 889 890 891 890 892 891 891 892 893 892 894 893 893 894 895 894 880 895 895 880 881 896 898 897 897 898 899 898 900 899 899 900 901 900 902 901 901 902 903 904 906 905 905 906 907 906 908 907 907 908 909 910 912 911 911 912 913 912 914 913 913 914 915 914 916 915 915 916 917 916 918 917 917 918 919 918 920 919 919 920 921 920 922 921 921 922 923 922 924 923 923 924 925 924 910 925 925 910 911 926 928 927 927 928 929 928 930 929 929 930 931 930 932 931 931 932 933 934 936 935 935 936 937 936 938 937 937 938 939 938 940 939 939 940 941 942 944 943 943 944 945 944 946 945 945 946 947 948 950 949 949 950 951 950 952 951 951 952 953 954 956 955 955 956 957 956 958 957 957 958 959 960 962 961 961 962 963 962 964 963 963 964 965 966 967 968 967 969 968 968 969 970 969 971 970 972 973 974 973 975 974 974 975 976 976 975 977 975 973 977 977 973 978 973 972 978 978 972 909 909 972 907 972 974 907 907 974 905 974 976 905 905 976 904 976 977 904 979 980 981 980 982 981 981 982 983 983 982 984 982 980 984 984 980 985 980 979 985 985 979 986 986 979 987 979 981 987 987 981 988 981 983 988 988 983 989 983 984 989 989 990 988 990 991 988 988 991 987 991 986 987 992 994 993 993 994 995 994 996 995 995 996 997 998 1000 999 999 1000 1001 1000 1002 1001 1001 1002 1003 1004 1006 1005 1005 1006 1007 1006 1008 1007 1007 1008 1009 1010 1012 1011 1011 1012 1013 1012 1014 1013 1013 1014 1015 1014 1016 1015 1015 1016 1017 1016 1018 1017 1017 1018 1019 1018 1020 1019 1019 1020 1021 1020 1022 1021 1021 1022 1023 1022 1024 1023 1023 1024 1025 1024 1010 1025 1025 1010 1011 1026 1028 1027 1027 1028 1029 1028 1030 1029 1029 1030 1031 1030 1032 1031 1031 1032 1033 1032 1034 1033 1033 1034 1035 1034 1036 1035 1035 1036 1037 1036 1038 1037 1037 1038 1039 1038 1040 1039 1039 1040 1041 1040 1026 1041 1041 1026 1027 1042 1044 1043 1043 1044 1045 1044 1046 1045 1045 1046 1047 1048 1050 1049 1051 1052 1053 1052 1054 1053 1055 1056 1057 1056 1058 1057 1057 1058 1059 1058 1060 1059 1059 1060 1061 1060 1062 1061 1061 1062 1063 1062 1064 1063 1064 1065 1063 1063 1065 1066 1065 1067 1066 1066 1067 1068 1067 1069 1068 1068 1069 1070 1069 1071 1070 1071 1072 1070 1070 1072 1073 1072 1074 1073 1074 1055 1073 1073 1055 1075 1055 1057 1075 1075 1057 1076 1057 1059 1076 1076 1059 1077 1059 1061 1077 1061 1063 1077 1063 1078 1077 1077 1078 1076 1078 1079 1076 1076 1079 1075 1079 1080 1075 1075 1080 1073 1080 1081 1073 1081 1082 1073 1073 1082 1070 1082 1083 1070 1070 1083 1068 1083 1084 1068 1068 1084 1066 1066 1084 1063 1084 1085 1063 1063 1085 1078 1085 1084 1086 1084 1083 1086 1086 1083 1087 1083 1082 1087 1087 1082 1088 1082 1081 1088 1089 1091 1090 1092 1093 1094 1093 1095 1094 1094 1095 1096 1095 1097 1096 1098 1099 1100 1099 1101 1100 1100 1101 1102 1101 1103 1102 1104 1105 1106 1105 1107 1106 1106 1107 1108 1107 1109 1108 1110 1111 1112 1111 1113 1112 1112 1113 1114 1113 1115 1114 1116 1117 1118 1117 1119 1118 1120 1121 1122 1121 1123 1122 1124 1125 1126 1125 1127 1126 1128 1129 1130 1129 1131 1130 1132 1133 1134 1133 1135 1134 1134 1135 1136 1135 1137 1136 1138 1140 1139 1139 1140 1141 1140 1142 1141 1141 1142 1143 1144 1146 1145 1145 1146 1147 1146 1148 1147 1147 1148 1149 1150 1152 1151 1151 1152 1153 1152 1154 1153 1153 1154 1155 1156 1158 1157 1157 1158 1159 1158 1160 1159 1161 1162 1163 1162 1163 1164 1163 1165 1164 1166 1168 1167 1167 1168 1169 1168 1170 1169 1169 1170 1171 1170 1172 1171 1171 1172 1173 1172 1174 1173 1173 1174 1175 1176 1177 1167 1167 1177 1166 1177 1178 1166 1179 1180 1181 1180 1182 1181 1180 1183 1184 1183 1185 1184 1186 1188 1187 1187 1188 1189 1188 1190 1189 1189 1190 1191 1190 1192 1191 1191 1192 1193 1192 1194 1193 1193 1194 1195 1194 1196 1195 1195 1196 1197 1196 1198 1197 1197 1198 1199 1198 1200 1199 1199 1200 1201 1200 1186 1201 1201 1186 1187 1202 1204 1203 1203 1204 1205 1204 1206 1205 1205 1206 1207 1206 1208 1207 1207 1208 1209 1208 1210 1209 1209 1210 1211 1210 1212 1211 1211 1212 1213 1212 1214 1213 1213 1214 1215 1214 1216 1215 1215 1216 1217 1216 1202 1217 1217 1202 1203 1218 1220 1219 1219 1220 1221 1220 1222 1221 1221 1222 1223 1222 1224 1223 1223 1224 1225 1226 1228 1227 1229 1230 1231 1230 1232 1231 1233 1234 1235 1234 1236 1235 1237 1238 1239 1238 1240 1239 1239 1240 1241 1240 1242 1241 1243 1245 1244 1244 1245 1246 1245 1247 1246 1246 1247 1248 1247 1249 1248 1248 1249 1250 1249 1251 1250 1250 1251 1252 1252 1251 1253 1251 1254 1253 1253 1254 1255 1254 1256 1255 1255 1256 1257 1256 1258 1257 1257 1258 1259 1259 1258 1260 1258 1261 1260 1260 1261 1262 1262 1261 1243 1261 1263 1243 1243 1263 1245 1263 1264 1245 1245 1264 1247 1264 1265 1247 1247 1265 1249 1249 1265 1251 1251 1265 1266 1265 1264 1266 1266 1264 1267 1264 1263 1267 1267 1263 1268 1263 1261 1268 1268 1261 1225 1225 1261 1223 1261 1258 1223 1223 1258 1221 1258 1256 1221 1221 1256 1219 1256 1254 1219 1254 1251 1219 1219 1251 1218 1251 1266 1218 1269 1270 1271 1270 1272 1271 1273 1274 1275 1274 1276 1275 1277 1278 1279 1278 1280 1279 1281 1282 1283 1282 1284 1283 1285 1286 1287 1286 1288 1287 1287 1288 1289 1288 1290 1289 1291 1292 1293 1292 1294 1293 1295 1296 1297 1296 1298 1297 1299 1300 1301 1300 1302 1301 1303 1304 1305 1304 1306 1305 1305 1306 1307 1306 1308 1307 1309 1310 1311 1310 1312 1311 1311 1312 1313 1312 1314 1313 1315 1316 1317 1316 1318 1317 1319 1320 1321 1320 1322 1321 1323 1324 1325 1324 1326 1325 1325 1326 1327 1326 1328 1327 1329 1331 1330 1330 1331 1332 1331 1333 1332 1332 1333 1334 1335 1337 1336 1336 1337 1338 1337 1339 1338 1338 1339 1340 1341 1343 1342 1342 1343 1344 1343 1345 1344 1344 1345 1346 1347 1349 1348 1348 1349 1350 1349 1351 1350 1350 1351 1352 1353 1355 1354 1354 1355 1356 1355 1357 1356 1356 1357 1358 1359 1361 1360 1360 1361 1362 1361 1363 1362 1362 1363 1364 1363 1365 1364 1364 1365 1366 1365 1367 1366 1366 1367 1368 1369 1370 1371 1370 1372 1371 1372 1373 1371 1373 1374 1371 1374 1375 1371 1375 1376 1371 1376 1377 1371 1371 1377 1369 1378 1379 1380 1379 1381 1380 1382 1383 1384 1383 1385 1384 1386 1387 1388 1387 1389 1388 1390 1391 1392 1391 1393 1392 1394 1395 1396 1395 1397 1396 1398 1389 1399 1389 1400 1399 1401 1402 1403 1402 1404 1403 1405 1406 1407 1406 1408 1407 1409 1410 1411 1410 1412 1411 1413 1414 1415 1414 1416 1415 1415 1416 1417 1416 1418 1417 1419 1420 1421 1420 1422 1421 1421 1422 1423 1422 1424 1423 1425 1426 1427 1426 1428 1427 1429 1430 1431 1430 1432 1431 1433 1434 1435 1434 1436 1435 1435 1436 1437 1436 1438 1437 1439 1441 1440 1440 1441 1442 1441 1443 1442 1442 1443 1444 1445 1447 1446 1446 1447 1448 1447 1449 1448 1448 1449 1450 1451 1453 1452 1452 1453 1454 1453 1455 1454 1454 1455 1456 1457 1459 1458 1458 1459 1460 1459 1461 1460 1460 1461 1462 1463 1465 1464 1464 1465 1466 1465 1467 1466 1466 1467 1468 1469 1359 1470 1359 1360 1470 1470 1360 1471 1472 1474 1473 1473 1474 1475 1474 1476 1475 1475 1476 1477 1476 1478 1477 1477 1478 1479 1480 1482 1481 1481 1482 1483 1482 1484 1483 1483 1484 1485 1484 1486 1485 1485 1486 1487 1486 1488 1487 1487 1488 1489 1488 1490 1489 1489 1490 1491 1490 1492 1491 1491 1492 1493 1492 1494 1493 1493 1494 1495 1494 1480 1495 1495 1480 1481 1496 1498 1497 1497 1498 1499 1498 1500 1499 1499 1500 1501 1500 1502 1501 1501 1502 1503 1502 1504 1503 1503 1504 1505 1504 1506 1505 1505 1506 1507 1506 1496 1507 1507 1496 1497 1508 1510 1509 1509 1510 1511 1510 1512 1511 1511 1512 1513 1512 1514 1513 1513 1514 1515 1514 1516 1515 1515 1516 1517 1516 1518 1517 1518 1519 1517 1519 1520 1517 1517 1520 1521 1520 1522 1521 1522 1523 1521 1523 1524 1521 1524 1525 1521 1521 1525 1517 1517 1525 1515 1525 1526 1515 1515 1526 1513 1513 1526 1511 1511 1526 1509 1509 1526 1508 1508 1526 1527 1526 1525 1527 1527 1525 1528 1525 1524 1528 1529 1530 1510 1530 1531 1510 1510 1531 1532 1531 1533 1532 1532 1533 1534 1533 1535 1534 1534 1535 1536 1535 1537 1536 1536 1537 1538 1538 1537 1539 1539 1537 1540 1537 1541 1540 1540 1541 1542 1542 1541 1543 1543 1541 1544 1544 1541 1545 1541 1537 1545 1537 1535 1545 1545 1535 1546 1535 1533 1546 1533 1531 1546 1531 1530 1546 1530 1529 1546 1529 1547 1546 1546 1547 1545 1547 1548 1545 1545 1548 1544 1549 1550 1551 1550 1552 1551 1551 1552 1553 1552 1554 1553 1553 1554 1555 1554 1556 1555 1555 1556 1557 1556 1558 1557 1557 1558 1559 1558 1560 1559 1559 1560 1561 1560 1562 1561 1561 1562 1563 1562 1564 1563 357 358 1565 1566 1567 1568 1567 1569 1568 1569 1570 1568 1570 1571 1568 1571 1572 1568 1568 1572 1566 1572 1573 1566 1566 1573 1567 1573 1574 1567 1567 1574 1569 1574 1575 1569 1569 1575 1570 1575 1576 1570 1570 1576 1571 1576 1577 1571 1571 1577 1572 1577 1578 1572 1572 1578 1573 1578 1579 1573 1573 1579 1574 1579 1580 1574 1574 1580 1575 1580 1581 1575 1575 1581 1576 1581 1582 1576 1576 1582 1577 1582 1583 1577 1577 1583 1578 1583 1584 1578 1578 1584 1579 1584 1585 1579 1579 1585 1586 1585 1587 1586 1587 1588 1586 1588 1589 1586 1586 1589 1579 1579 1589 1580 1589 1590 1580 1580 1590 1581 1590 1591 1581 1581 1591 1582 1591 1592 1582 1582 1592 1583 1583 1592 1584 1584 1592 1585 1585 1592 1587 1587 1592 1593 1592 1591 1593 1593 1591 1594 1591 1590 1594 1594 1590 1595 1590 1589 1595 1595 1589 1596 1589 1588 1596 1597 1598 1599 1598 1600 1599 1600 1601 1599 1601 1602 1599 1602 1603 1599 1603 1604 1599 1604 1605 1599 1599 1605 1597 1606 1608 1607 1607 1608 1609 1608 1610 1609 1609 1610 1611 1610 1612 1611 1611 1612 1613 1612 1614 1613 1613 1614 1615 1614 1616 1615 1615 1616 1617 1616 1618 1617 1617 1618 1619 1618 1620 1619 1619 1620 1621 1620 1606 1621 1621 1606 1607 1622 1624 1623 1623 1624 1625 1624 1626 1625 1625 1626 1627 1626 1628 1627 1627 1628 1629 1628 1630 1629 1629 1630 1631 1630 1632 1631 1631 1632 1633 1632 1622 1633 1633 1622 1623 1634 1636 1635 1635 1636 1637 1636 1638 1637 1637 1638 1639 1638 1640 1639 1639 1640 1641 1640 1642 1641 1641 1642 1643 1642 1644 1643 1643 1644 1645 1644 1646 1645 1645 1646 1647 1646 1648 1647 1647 1648 1649 1648 1650 1649 1649 1650 1651 1650 1652 1651 1651 1652 1653 1652 1634 1653 1653 1634 1635 1654 1656 1655 1655 1656 1657 1656 1658 1657 1658 1659 1657 1659 1660 1657 1657 1660 1655 1661 1663 1662 1662 1663 1664 1663 1665 1664 1664 1665 1666 1667 1669 1668 1668 1669 1670 1669 1671 1670 1670 1671 1672 1671 1673 1672 1672 1673 1674 1673 1675 1674 1674 1675 1676 1675 1677 1676 1676 1677 1678 1677 1679 1678 1678 1679 1680 1679 1681 1680 1680 1681 1682 1681 1667 1682 1682 1667 1668 1683 1685 1684 1684 1685 1686 1685 1687 1686 1686 1687 1688 1687 1689 1688 1688 1689 1690 1691 1693 1692 1692 1693 1694 1693 1695 1694 1694 1695 1696 1695 1697 1696 1696 1697 1698 1699 1701 1700 1700 1701 1702 1701 1703 1702 1702 1703 1704 1703 1705 1704 1704 1705 1706 1707 1709 1708 1708 1709 1710 1709 1711 1710 1710 1711 1712 1711 1713 1712 1712 1713 1714 1713 1715 1714 1714 1715 1716 1715 1717 1716 1716 1717 1718 1717 1719 1718 1718 1719 1720 1719 1721 1720 1720 1721 1722 1721 1707 1722 1722 1707 1708 1723 1725 1724 1724 1725 1726 1725 1727 1726 1726 1727 1728 1727 1729 1728 1728 1729 1730 1730 1729 1731 1731 1729 1732 1729 1727 1732 1732 1727 1733 1727 1725 1733 1725 1723 1733 1733 1723 1732 1723 1734 1732 1732 1734 1731 1724 1726 1735 1735 1726 1730 1726 1728 1730 1736 1737 1738 1737 1739 1738 1738 1739 1740 1739 1741 1740 1740 1741 1742 1741 1743 1742 1743 1744 1742 1744 1745 1742 1742 1745 1740 1745 1746 1740 1740 1746 1738 1738 1746 1736 1746 1745 1736 1736 1745 1747 1745 1744 1747 1737 1748 1739 1739 1748 1741 1748 1743 1741 1749 1750 1751 1750 1752 1751 1751 1752 1753 1752 1754 1753 1753 1754 1755 1754 1756 1755 </p>
				</triangles>
				<triangles count="10" material="material_symbol_750">
					<input semantic="VERTEX" source="#Model_vertices" offset="0"/>
					<input semantic="NORMAL" source="#Model_normals" offset="0"/>
					<input semantic="TEXCOORD" source="#Model_uvs" offset="0" set="0"/>
					<p> 1757 1758 1759 1758 1760 1759 1760 1761 1759 1761 1762 1759 1762 1763 1759 1763 1764 1759 1764 1765 1759 1765 1766 1759 1766 1767 1759 1759 1767 1757 </p>
				</triangles>
			</mesh>
		</geometry>
	</library_geometries>
	<library_controllers>
		<controller id="Armature" name="Armature">
			<skin source="#Model">
				<bind_shape_matrix>1 0 0 0 0 1 0 0 0 0 1 0 0 0 0 1</bind_shape_matrix>
				<source id="Joints">
					<Name_array id="JointsArray" count="41">J0 J1 J2 J3 J4 J5 J6 J7 J8 J9 J10 J11 J12 J13 J14 J15 J16 J17 J18 J19 J20 J21 J22 J23 J24 J25 J26 J27 J28 J29 J30 J31 J32 J33 J34 J35 J36 J37 J38 J39 J40 					</Name_array>
					<technique_common>
						<accessor source="#JointsArray" count="41" stride="1">
							<param name="JOINT" type="Name"/>
						</accessor>
					</technique_common>
				</source>
				<source id="Weights">
					<float_array id="WeightsArray" count="7072">1 1 1 1 1 1 1 1 1 1 1 1 1 1 1 1 1 1 1 1 1 1 1 1 1 1 1 1 1 1 1 1 1 1 1 1 1 1 1 1 1 1 1 1 1 1 1 1 1 1 1 1 1 1 1 1 1 1 1 1 1 1 1 1 1 1 1 1 1 1 1 1 1 1 1 1 1 1 1 1 1 1 1 1 1 1 1 1 1 1 1 1 1 1 1 1 1 1 1 1 1 1 1 1 1 1 1 1 1 1 1 1 1 1 1 1 1 1 1 1 1 1 1 1 1 1 1 1 1 1 1 1 1 1 1 1 1 1 1 1 1 1 1 1 1 1 1 1 1 1 1 1 1 1 1 1 1 1 1 1 1 1 1 1 1 1 1 1 1 1 1 1 1 1 1 1 1 1 1 1 1 1 1 1 1 1 1 1 1 1 1 1 1 1 1 1 1 1 1 1 1 1 1 1 1 1 1 1 1 1 1 1 1 1 1 1 1 1 1 1 1 1 1 1 1 1 1 1 1 1 1 1 1 1 1 1 1 1 1 1 1 1 1 1 1 1 1 1 1 1 1 1 1 1 1 0.5019608 0.5019608 1 0.5019608 0.5019608 1 0.5019608 0.5019608 1 0.5019608 0.5019608 1 0.5019608 0.5019608 1 0.5019608 0.5019608 1 0.5019608 0.5019608 0.5019608 0.5019608 1 1 0.5019608 0.5019608 0.5019608 0.5019608 0.5019608 0.5019608 0.5019608 0.5019608 1 1 1 1 1 1 1 1 1 1 1 1 1 1 1 1 1 1 1 1 1 1 1 1 1 1 1 1 1 1 1 1 1 1 1 1 1 1 1 1 1 1 1 1 1 1 1 1 1 1 1 1 1 1 1 1 1 1 1 1 1 1 1 1 1 1 1 1 1 1 1 1 1 1 1 1 1 1 1 1 1 1 1 1 1 1 1 1 1 1 1 1 1 1 1 1 1 1 1 1 1 1 1 1 1 1 1 1 1 1 1 1 1 1 1 1 1 1 1 1 1 1 1 1 1 1 1 1 1 1 1 1 1 1 1 1 1 1 1 1 1 1 1 1 1 1 1 1 1 1 1 1 1 1 1 1 1 1 1 1 1 1 1 1 1 1 1 1 1 1 1 1 1 1 1 1 1 1 1 1 1 1 1 1 1 1 1 1 1 1 1 1 1 1 1 1 1 1 1 1 1 1 1 1 1 1 1 1 1 1 1 1 1 0.5019608 0.5019608 0.5019608 0.5019608 1 1 0.2 0.8039216 0.2 0.8039216 1 0.2 0.8039216 1 0.2 0.8039216 1 0.2 0.8039216 1 0.2 0.8039216 1 0.2 0.8039216 1 0.2 0.8039216 1 0.5019608 0.5019608 0.5019608 0.5019608 1 1 0.5019608 0.5019608 0.5019608 0.5019608 0.5019608 0.5019608 0.5019608 0.5019608 0.5019608 0.5019608 1 1 1 1 1 1 1 1 1 0.5019608 0.5019608 0.5019608 0.5019608 1 1 0.2 0.8039216 0.2 0.8039216 1 1 1 0.5019608 0.5019608 1 1 1 1 1 1 1 1 1 1 1 1 1 1 1 1 1 1 1 1 1 1 1 1 1 1 0.2 0.8039216 1 0.2 0.8039216 1 0.2 0.8039216 1 0.2 0.8039216 1 0.2 0.8039216 1 0.2 0.8039216 1 0.2 0.8039216 1 0.2 0.8039216 1 0.5019608 0.5019608 0.5019608 0.5019608 0.5019608 0.5019608 0.5019608 0.5019608 0.5019608 0.5019608 0.5019608 0.5019608 0.5019608 0.5019608 0.5019608 0.5019608 0.2 0.8039216 0.2 0.8039216 0.2 0.8039216 0.2 0.8039216 0.2 0.8039216 0.2 0.8039216 0.2 0.8039216 0.2 0.8039216 0.5019608 0.5019608 0.5019608 0.5019608 1 1 0.5019608 0.5019608 0.5019608 0.5019608 0.5019608 0.5019608 0.5019608 0.5019608 0.5019608 0.5019608 0.5019608 0.5019608 1 1 1 1 1 1 1 1 1 1 1 1 1 1 1 1 0.3019608 0.7019608 0.3019608 0.7019608 0.101960786 0.9019608 0.4 0.6039216 0.3019608 0.7019608 0.3019608 0.7019608 0.101960786 0.9019608 0.101960786 0.9019608 0.3019608 0.7019608 0.3019608 0.7019608 0.4 0.6039216 0.101960786 0.9019608 0.4 0.6039216 0.4 0.6039216 0.3019608 0.7019608 0.3019608 0.7019608 0.3019608 0.7019608 1 0.3019608 0.7019608 1 0.3019608 0.7019608 0.3019608 0.7019608 1 1 1 1 1 1 0.4 0.6039216 0.4 0.6039216 1 1 1 1 0.4 0.6039216 1 1 1 1 1 1 0.4 0.6039216 0.5019608 0.5019608 0.5019608 0.5019608 0.101960786 0.9019608 0.4 0.6039216 1 1 1 1 0.4 0.6039216 1 1 1 1 1 1 1 1 1 0.5019608 0.5019608 0.5019608 0.5019608 0.101960786 0.9019608 0.101960786 0.9019608 0.4 0.6039216 0.4 0.6039216 0.5019608 0.5019608 0.5019608 0.5019608 0.4 0.6039216 0.4 0.6039216 0.4 0.6039216 1 0.5019608 0.5019608 0.5019608 0.5019608 0.4 0.6039216 0.101960786 0.9019608 0.3019608 0.7019608 1 0.3019608 0.7019608 1 1 0.3019608 0.7019608 1 0.3019608 0.7019608 1 1 0.2 0.8039216 0.4 0.6039216 0.2 0.8039216 0.4 0.6039216 1 1 1 1 0.3019608 0.7019608 0.3019608 0.7019608 1 0.101960786 0.9019608 1 1 1 0.2 0.8039216 1 0.3019608 0.7019608 0.2 0.8039216 0.3019608 0.7019608 0.2 0.8039216 0.2 0.8039216 0.2 0.8039216 1 1 0.4 0.6039216 0.4 0.6039216 0.2 0.8039216 1 0.2 0.8039216 1 0.101960786 0.9019608 1 1 1 0.2 0.8039216 0.2 0.8039216 1 0.3019608 0.7019608 0.4 0.6039216 1 1 1 0.2 0.8039216 1 1 1 1 1 1 1 1 1 1 1 1 1 1 1 1 1 1 1 1 1 1 0.2 0.8039216 0.3019608 0.7019608 0.4 0.6039216 0.2 0.8039216 1 1 1 1 1 1 1 1 1 1 1 1 1 1 1 1 1 1 1 1 1 1 1 1 1 1 1 1 1 0.4 0.6039216 0.4 0.6039216 1 0.2 0.8039216 0.4 0.6039216 1 0.4 0.6039216 1 1 0.2 0.8039216 0.4 0.6039216 0.4 0.6039216 1 1 1 1 1 1 1 0.101960786 0.9019608 1 0.4 0.6039216 1 0.4 0.6039216 1 0.3019608 0.7019608 0.3019608 0.7019608 0.4 0.6039216 0.101960786 0.9019608 0.4 0.6039216 1 1 1 1 1 1 1 1 0.4 0.6039216 0.4 0.6039216 1 1 1 1 0.4 0.6039216 1 1 1 1 1 1 1 1 1 1 1 1 0.4 0.6039216 0.4 0.6039216 0.4 0.6039216 0.5019608 0.5019608 0.5019608 0.5019608 0.4 0.6039216 0.4 0.6039216 1 0.4 0.6039216 1 0.5019608 0.5019608 1 0.4 0.6039216 0.4 0.6039216 1 0.5019608 0.5019608 1 0.4 0.6039216 1 1 1 1 1 1 1 1 1 1 1 1 1 1 1 1 1 1 1 1 1 1 1 1 1 1 1 1 1 1 1 1 1 1 1 1 1 1 1 1 1 1 1 1 1 1 1 1 1 1 1 1 1 1 1 1 1 1 1 1 1 1 1 0.4 0.6039216 0.4 0.6039216 0.3019608 0.7019608 0.5019608 0.5019608 0.2 0.8039216 0.4 0.6039216 1 1 1 1 0.4 0.6039216 0.2 0.8039216 0.4 0.6039216 0.4 0.6039216 0.3019608 0.7019608 0.3019608 0.7019608 0.2 0.8039216 0.2 0.8039216 0.4 0.6039216 0.4 0.6039216 0.5019608 0.5019608 0.3019608 0.7019608 0.4 0.6039216 0.2 0.8039216 0.4 0.6039216 0.4 0.6039216 0.5019608 0.5019608 0.5019608 0.5019608 0.4 0.6039216 0.4 0.6039216 1 1 1 1 1 1 1 1 1 1 1 1 1 1 1 1 1 1 1 1 1 1 1 1 0.4 0.6039216 0.4 0.6039216 1 1 1 1 0.2 0.8039216 0.4 0.6039216 1 1 1 1 0.2 0.8039216 0.2 0.8039216 1 1 1 1 1 1 1 1 1 1 1 1 1 1 1 1 1 1 1 1 1 1 1 1 1 1 1 1 1 1 1 1 1 1 1 1 1 1 1 1 1 1 1 1 1 1 1 1 1 1 1 1 1 1 1 1 1 1 1 1 1 1 1 1 1 1 1 1 1 1 1 1 1 1 1 1 1 1 1 1 1 1 0.4 0.6039216 0.4 0.6039216 0.5019608 0.5019608 0.5019608 0.5019608 0.4 0.6039216 0.4 0.6039216 0.4 0.6039216 0.4 0.6039216 0.5019608 0.5019608 0.5019608 0.5019608 0.4 0.6039216 0.4 0.6039216 1 1 1 1 0.4 0.6039216 0.4 0.6039216 0.4 0.6039216 0.4 0.6039216 0.5019608 0.5019608 0.4 0.6039216 0.4 0.6039216 0.4 0.6039216 0.4 0.6039216 0.2 0.8039216 0.4 0.6039216 0.2 0.8039216 0.2 0.8039216 0.2 0.8039216 1 1 0.2 0.8039216 1 0.2 0.8039216 1 1 1 1 1 0.4 0.6039216 0.4 0.6039216 1 1 1 1 0.4 0.6039216 0.4 0.6039216 1 1 1 1 0.4 0.6039216 0.4 0.6039216 1 1 1 1 0.4 0.6039216 0.4 0.6039216 0.5019608 0.5019608 0.4 0.6039216 0.4 0.6039216 0.4 0.6039216 1 0.2 0.8039216 1 0.2 0.8039216 1 0.2 0.8039216 1 0.2 0.8039216 1 1 1 1 1 1 1 1 1 1 1 1 0.2 0.8039216 1 0.2 0.8039216 0.2 0.8039216 1 0.2 0.8039216 0.2 0.8039216 0.2 0.8039216 0.2 0.8039216 0.2 0.8039216 1 1 1 1 1 1 1 1 1 1 1 1 1 1 1 1 1 1 1 1 1 1 1 1 1 1 1 1 1 1 1 1 1 1 1 1 1 1 1 1 1 1 1 1 1 1 1 1 1 1 1 1 1 1 1 1 1 1 1 1 1 1 1 1 1 1 1 1 1 1 1 1 1 1 1 1 1 1 1 1 1 1 1 0.2 0.8039216 0.4 0.6039216 0.2 0.8039216 0.4 0.6039216 0.2 0.8039216 0.4 0.6039216 0.2 0.8039216 0.4 0.6039216 0.2 0.8039216 0.4 0.6039216 0.2 0.8039216 0.4 0.6039216 1 1 1 1 0.2 0.8039216 0.2 0.8039216 1 1 1 1 0.4 0.6039216 1 0.4 0.6039216 0.2 0.8039216 1 0.4 0.6039216 0.2 0.8039216 0.4 0.6039216 0.2 0.8039216 0.2 0.8039216 0.4 0.6039216 0.4 0.6039216 0.4 0.6039216 0.4 0.6039216 0.5019608 0.5019608 0.5019608 0.5019608 0.4 0.6039216 0.4 0.6039216 1 1 1 1 0.4 0.6039216 0.4 0.6039216 0.4 0.6039216 0.4 0.6039216 1 1 1 1 1 1 1 1 1 1 0.4 0.6039216 0.4 0.6039216 1 1 1 1 0.4 0.6039216 0.4 0.6039216 1 1 1 1 0.4 0.6039216 0.4 0.6039216 0.4 0.6039216 0.4 0.6039216 0.5019608 0.5019608 0.5019608 0.5019608 0.4 0.6039216 0.4 0.6039216 0.4 0.6039216 0.4 0.6039216 0.5019608 0.5019608 0.5019608 0.5019608 0.4 0.6039216 0.4 0.6039216 0.4 0.6039216 0.4 0.6039216 0.5019608 0.5019608 0.5019608 0.5019608 0.4 0.6039216 0.4 0.6039216 1 1 1 1 1 1 1 1 1 1 1 1 1 1 1 1 1 1 1 0.2 0.8039216 1 0.2 0.8039216 0.2 0.8039216 1 1 0.2 0.8039216 1 1 0.2 0.8039216 1 1 1 1 1 0.2 0.8039216 1 0.2 0.8039216 0.2 0.8039216 0.2 0.8039216 1 1 0.2 0.8039216 0.4 0.6039216 1 0.4 0.6039216 0.2 0.8039216 1 0.4 0.6039216 0.2 0.8039216 0.4 0.6039216 0.2 0.8039216 0.2 0.8039216 0.4 0.6039216 0.4 0.6039216 0.4 0.6039216 0.4 0.6039216 0.5019608 0.5019608 0.5019608 0.5019608 0.4 0.6039216 0.4 0.6039216 1 1 1 1 0.4 0.6039216 0.4 0.6039216 0.4 0.6039216 0.4 0.6039216 1 1 1 1 1 1 1 1 1 1 0.4 0.6039216 0.4 0.6039216 1 1 1 1 0.4 0.6039216 0.4 0.6039216 1 1 1 1 0.4 0.6039216 0.4 0.6039216 0.4 0.6039216 0.4 0.6039216 0.5019608 0.5019608 0.5019608 0.5019608 0.4 0.6039216 0.4 0.6039216 0.4 0.6039216 0.4 0.6039216 0.5019608 0.5019608 0.5019608 0.5019608 0.4 0.6039216 0.4 0.6039216 0.4 0.6039216 0.4 0.6039216 0.5019608 0.5019608 0.5019608 0.5019608 0.4 0.6039216 0.4 0.6039216 0.2 0.8039216 1 0.2 0.8039216 1 1 1 1 1 1 1 1 1 1 1 1 1 1 1 1 1 1 1 1 1 1 1 1 1 1 1 1 1 1 1 1 1 1 1 1 1 1 1 1 1 1 1 1 1 1 1 1 1 1 1 1 1 1 1 1 1 1 1 1 1 1 1 1 1 1 1 1 1 1 1 1 1 1 1 1 1 1 1 1 1 1 1 1 1 1 1 1 1 1 1 0.2 0.8039216 0.2 0.8039216 1 1 1 1 1 1 1 1 1 1 1 1 1 1 1 1 1 1 1 1 1 1 1 1 1 1 1 1 1 1 1 1 1 1 1 1 1 1 1 1 1 1 1 1 1 1 1 1 1 1 1 1 1 1 1 1 1 1 1 1 1 1 1 1 1 1 1 1 1 1 1 1 1 1 1 1 1 1 1 1 1 1 1 1 1 1 1 1 1 1 1 1 1 1 1 1 1 1 1 1 1 1 1 1 1 1 1 1 1 1 1 1 1 1 1 1 1 1 1 1 1 1 1 1 1 1 1 1 1 1 1 1 1 1 1 1 1 1 1 1 1 1 1 1 1 1 1 1 1 1 1 1 1 1 1 1 1 1 1 1 1 1 1 1 1 1 1 1 1 1 1 1 1 1 1 1 1 1 1 1 1 1 1 1 1 1 1 1 1 1 1 1 1 1 1 1 1 1 1 1 1 1 1 </float_array>
					<technique_common>
						<accessor source="#WeightsArray" count="7072" stride="1">
							<param name="WEIGHT" type="float"/>
						</accessor>
					</technique_common>
				</source>
				<source id="InvBindMats">
					<float_array id="InvBindMatsArray" count="656">1 0 0 0 0 1 0 0 0 0 1 0 0 0 0 1 1 0 0 0 0 1 0 0 0 0 1 0 0 0 0 1 1 0 0 0 0 1 0 0 0 0 1 0 0 0 0 1 1 0 0 -0.0064453315 0 1 0 1.862527E-08 0 0 1 -0.75333476 0 0 0 1 1 0 0 -0.0064453315 0 1 0 1.862527E-08 0 0 1 -0.75333476 0 0 0 1 1 0 0 -0.0064453315 0 1 0 1.862527E-08 0 0 1 -0.75333476 0 0 0 1 1 0 0 -0.0064453315 0 1 0 1.862527E-08 0 0 1 -0.75333476 0 0 0 1 1 0 -4.6837534E-17 -0.009382668 0 1 0 1.862527E-08 4.6837534E-17 0 1 -0.948226 0 0 0 1 1 0 -1.994932E-17 -0.012882947 0 1 0 0 1.994932E-17 0 1 -1.0316343 0 0 0 1 1 0 -1.994932E-17 -0.0006440466 0 1 0 -1.6042627E-17 1.994932E-17 0 1 -1.1540233 0 0 0 1 1 0 -1.994932E-17 -0.00091134827 0 1 0 -6.623558E-17 1.994932E-17 0 1 -1.2091609 0 0 0 1 1 0 -1.994932E-17 -0.004145306 0 1 0 -7.675849E-17 1.994932E-17 0 1 -1.2614417 0 0 0 1 1 0 -1.994932E-17 -0.0028267887 0 1 0 -1.0186645E-16 1.994932E-17 0 1 -1.3216562 0 0 0 1 0.9785849 -0.04812773 0.20013843 -0.19006953 -0.048044313 0.8920266 0.44942218 -0.57590234 -0.20015848 -0.44941327 0.8706114 -0.98702884 0 0 0 1 0.9785849 -0.04812773 0.20013843 -0.22912955 -0.048044313 0.8920266 0.44942218 -0.6636932 -0.20015848 -0.44941327 0.8706114 -0.9846402 0 0 0 1 0.9946247 -0.100164905 0.026243802 -0.012933878 0.102224275 0.99023277 -0.094811484 -0.022751909 -0.01649069 0.096984595 0.99514925 -1.2090577 0 0 0 1 0.998059 0.061374046 0.0105575565 -0.04919865 -0.060052413 0.99339175 -0.09780845 -0.22056118 -0.01649069 0.096984595 0.99514925 -1.2110108 0 0 0 1 0.998059 0.061374046 0.0105575565 -0.06590614 -0.060052413 0.99339175 -0.09780845 -0.32061103 -0.01649069 0.096984595 0.99514925 -1.2106144 0 0 0 1 0.998059 0.061374046 0.0105575565 -0.09603939 -0.060052413 0.99339175 -0.09780845 -0.5068656 -0.01649069 0.096984595 0.99514925 -1.2104752 0 0 0 1 0.9981272 0.04896888 -0.03666167 -0.014552262 -0.059611056 0.9131505 -0.4032403 -0.31305394 0.013731395 0.40467057 0.91435945 -1.3354123 0 0 0 1 0.9971804 0.02853408 -0.06940479 0.025347069 -0.0664715 0.7650838 -0.6404907 -0.0035416156 0.034824662 0.6432982 0.76482326 -1.3731043 0 0 0 1 0.99823964 0.05035872 -0.031330552 -0.12203054 -0.058731932 0.91287386 -0.40399492 -0.29826733 0.008256176 0.40512386 0.91422457 -1.3368295 0 0 0 1 0.99755967 0.03077881 -0.06266868 -0.08366687 -0.063882954 0.7645501 -0.64139074 0.012618841 0.028172106 0.643829 0.7646506 -1.3741341 0 0 0 1 0.793222 0.588037 -0.15814963 -0.35359725 -0.5999685 0.79912573 -0.03789269 -0.43136856 0.104099125 0.12494212 0.98668784 -1.2140921 0 0 0 1 0.793222 0.588037 -0.15814963 -0.39815643 -0.5999685 0.79912573 -0.03789269 -0.42722088 0.104099125 0.12494212 0.98668784 -1.2144378 0 0 0 1 0.9821293 0.04262841 0.18331634 -0.17122598 0.042913042 0.8976349 -0.4386456 0.5592952 -0.18324992 0.43867338 0.87976426 -0.9995537 0 0 0 1 0.9821293 0.04262841 0.18331634 -0.2100573 0.042913042 0.8976349 -0.4386456 0.651809 -0.18324992 0.43867338 0.87976426 -0.9972512 0 0 0 1 0.9946836 0.09948622 0.02658838 -0.013767388 -0.10159575 0.99021953 0.095622055 0.02194458 -0.016815258 -0.09781496 0.99506253 -1.20947 0 0 0 1 0.99801546 -0.062041596 0.01076645 -0.049890477 0.06068215 0.9932689 0.09866409 0.21962924 -0.016815258 -0.09781496 0.99506253 -1.2114301 0 0 0 1 0.99801546 -0.062041596 0.01076645 -0.06659797 0.06068215 0.9932689 0.09866409 0.31967923 -0.016815258 -0.09781496 0.99506253 -1.21103 0 0 0 1 0.99801546 -0.062041596 0.01076645 -0.09673127 0.06068215 0.9932689 0.09866409 0.5059332 -0.016815258 -0.09781496 0.99506253 -1.21089 0 0 0 1 0.9980884 -0.048630573 -0.038138427 -0.012575214 0.060199928 0.90461093 0.42196563 0.2856575 0.013980009 -0.42345494 0.9058093 -1.3414706 0 0 0 1 0.9977401 -0.04000165 -0.053986475 -0.0009044853 0.06254716 0.8464641 0.5287593 0.19298506 0.02454637 -0.53094107 0.8470532 -1.3580986 0 0 0 1 0.9980907 -0.04865496 -0.038048685 -0.113165796 0.060184207 0.90460587 0.4219788 0.27179068 0.013887702 -0.42346302 0.90580696 -1.3432097 0 0 0 1 0.9977518 -0.040158205 -0.053653244 -0.10117496 0.06250416 0.8464371 0.5288076 0.17812827 0.024178134 -0.5309723 0.84704417 -1.3598531 0 0 0 1 0.6797799 -0.70673394 -0.19602653 -0.3779085 0.722009 0.6918174 0.009571994 0.36975533 0.12884971 -0.14803977 0.9805519 -1.2271065 0 0 0 1 0.6797799 -0.70673394 -0.19602653 -0.42246747 0.722009 0.6918174 0.009571994 0.36560732 0.12884971 -0.14803977 0.9805519 -1.2274464 0 0 0 1 1 0 0 -0.007588598 0 1 0 -8.169242E-08 0 0 1 -0.57137716 0 0 0 1 1 0 0 -0.012549387 0 1 0 0.00026904288 0 0 1 -0.47535953 0 0 0 1 1 0 0 -0.0009263934 0 1 0 -0.0034352131 0 0 1 -0.38641128 0 0 0 1 1 0 0 0.006717454 0 1 0 -0.0034354497 0 0 1 -0.1757707 0 0 0 1 </float_array>
					<technique_common>
						<accessor source="#InvBindMatsArray" count="41" stride="16">
							<param name="TRANSFORM" type="float4x4"/>
						</accessor>
					</technique_common>
				</source>
				<joints>
					<input semantic="JOINT" source="#Joints"/>
					<input semantic="INV_BIND_MATRIX" source="#InvBindMats"/>
				</joints>
				<vertex_weights count="1768">
					<input semantic="JOINT" source="#Joints" offset="0"/>
					<input semantic="WEIGHT" source="#Weights" offset="1"/>
					<vcount>1 1 1 1 1 1 1 1 1 1 1 1 1 1 1 1 1 1 1 1 1 1 1 1 1 1 1 1 1 1 1 1 1 1 1 1 1 1 1 1 1 1 1 1 1 1 1 1 1 1 1 1 1 1 1 1 1 1 1 1 1 1 1 1 1 1 1 1 1 1 1 1 1 1 1 1 1 1 1 1 1 1 1 1 1 1 1 1 1 1 1 1 1 1 1 1 1 1 1 1 1 1 1 1 1 1 1 1 1 1 1 1 1 1 1 1 1 1 1 1 1 1 1 1 1 1 1 1 1 1 1 1 1 1 1 1 1 1 1 1 1 1 1 1 1 1 1 1 1 1 1 1 1 1 1 1 1 1 1 1 1 1 1 1 1 1 1 1 1 1 1 1 1 1 1 1 1 1 1 1 1 1 1 1 1 1 1 1 1 1 1 1 1 1 1 1 1 1 1 1 1 1 1 1 1 1 1 1 1 1 1 1 1 1 1 1 1 1 1 1 1 1 1 1 1 1 1 1 1 1 1 1 1 1 1 1 1 1 1 1 1 1 1 1 1 1 1 1 1 1 1 1 1 1 1 2 1 2 1 2 1 2 1 2 1 2 1 2 2 1 1 2 2 2 2 1 1 1 1 1 1 1 1 1 1 1 1 1 1 1 1 1 1 1 1 1 1 1 1 1 1 1 1 1 1 1 1 1 1 1 1 1 1 1 1 1 1 1 1 1 1 1 1 1 1 1 1 1 1 1 1 1 1 1 1 1 1 1 1 1 1 1 1 1 1 1 1 1 1 1 1 1 1 1 1 1 1 1 1 1 1 1 1 1 1 1 1 1 1 1 1 1 1 1 1 1 1 1 1 1 1 1 1 1 1 1 1 1 1 1 1 1 1 1 1 1 1 1 1 1 1 1 1 1 1 1 1 1 1 1 1 1 1 1 1 1 1 1 1 1 1 1 1 1 1 1 1 1 1 1 1 1 1 1 1 1 1 1 1 1 1 1 1 1 1 1 1 1 1 1 1 1 1 1 1 1 1 1 1 1 1 1 1 1 1 1 1 1 1 1 1 1 1 1 1 1 1 1 1 1 1 1 1 1 1 1 1 1 2 2 1 1 2 2 1 2 1 2 1 2 1 2 1 2 1 2 1 2 2 1 1 2 2 2 2 2 1 1 1 1 1 1 1 1 1 2 2 1 1 2 2 1 1 1 2 1 1 1 1 1 1 1 1 1 1 1 1 1 1 1 1 1 1 1 1 1 1 1 1 1 1 2 1 2 1 2 1 2 1 2 1 2 1 2 1 2 1 2 2 2 2 2 2 2 2 2 2 2 2 2 2 2 2 2 2 1 1 2 2 2 2 2 2 1 1 1 1 1 1 1 1 1 1 1 1 1 1 1 1 2 2 2 2 2 2 2 2 2 2 2 2 2 2 2 2 2 1 2 1 2 2 1 1 1 1 1 1 2 2 1 1 1 1 2 1 1 1 1 1 1 2 2 2 2 2 1 1 1 1 2 1 1 1 1 1 1 1 1 1 2 2 2 2 2 2 2 2 2 2 2 1 2 2 2 2 2 1 2 1 1 2 1 2 1 1 2 2 2 2 1 1 1 1 2 2 1 2 1 1 1 2 1 2 2 2 2 2 2 1 1 2 2 2 1 2 1 2 1 1 1 2 2 1 2 2 1 1 1 2 1 1 1 1 1 1 1 1 1 1 1 1 1 1 1 1 1 1 1 1 1 1 2 2 2 2 1 1 1 1 1 1 1 1 1 1 1 1 1 1 1 1 1 1 1 1 1 1 1 1 1 1 1 1 1 2 2 1 2 2 1 2 1 1 2 2 2 1 1 1 1 1 1 1 2 1 2 1 2 1 2 2 2 2 2 1 1 1 1 1 1 1 1 2 2 1 1 1 1 2 1 1 1 1 1 1 1 1 1 1 1 1 2 2 2 2 2 2 2 1 2 1 2 1 2 2 1 2 1 2 1 1 1 1 1 1 1 1 1 1 1 1 1 1 1 1 1 1 1 1 1 1 1 1 1 1 1 1 1 1 1 1 1 1 1 1 1 1 1 1 1 1 1 1 1 1 1 1 1 1 1 1 1 1 1 1 1 1 1 1 1 1 1 2 2 2 2 2 2 1 1 1 1 2 2 2 2 2 2 2 2 2 2 2 2 2 2 2 2 2 2 2 2 1 1 1 1 1 1 1 1 1 1 1 1 1 1 1 1 1 1 1 1 1 1 1 1 2 2 1 1 1 1 2 2 1 1 1 1 2 2 1 1 1 1 1 1 1 1 1 1 1 1 1 1 1 1 1 1 1 1 1 1 1 1 1 1 1 1 1 1 1 1 1 1 1 1 1 1 1 1 1 1 1 1 1 1 1 1 1 1 1 1 1 1 1 1 1 1 1 1 1 1 1 1 1 1 1 1 1 1 1 1 1 1 1 1 1 1 1 1 1 1 2 2 2 2 2 2 2 2 2 2 2 2 1 1 1 1 2 2 2 2 2 2 2 2 2 2 2 2 2 2 1 1 2 1 2 1 1 1 1 1 2 2 1 1 1 1 2 2 1 1 1 1 2 2 1 1 1 1 2 2 2 2 2 2 1 2 1 2 1 2 1 2 1 1 1 1 1 1 1 1 1 1 1 1 2 1 2 2 1 2 2 2 2 2 1 1 1 1 1 1 1 1 1 1 1 1 1 1 1 1 1 1 1 1 1 1 1 1 1 1 1 1 1 1 1 1 1 1 1 1 1 1 1 1 1 1 1 1 1 1 1 1 1 1 1 1 1 1 1 1 1 1 1 1 1 1 1 1 1 1 1 1 1 1 1 1 1 1 1 1 1 1 1 1 1 1 1 2 2 2 2 2 2 2 2 2 2 2 2 1 1 1 1 2 2 1 1 1 1 2 1 2 2 1 2 2 2 2 2 2 2 2 2 2 2 2 2 1 1 1 1 2 2 2 2 1 1 1 1 1 1 1 1 1 1 2 2 1 1 1 1 2 2 1 1 1 1 2 2 2 2 2 2 2 2 2 2 2 2 2 2 2 2 2 2 2 2 1 1 1 1 1 1 1 1 1 1 1 1 1 1 1 1 1 1 1 2 1 2 2 1 1 2 1 1 2 1 1 1 1 1 2 1 2 2 2 1 1 2 2 1 2 2 1 2 2 2 2 2 2 2 2 2 2 2 2 2 1 1 1 1 2 2 2 2 1 1 1 1 1 1 1 1 1 1 2 2 1 1 1 1 2 2 1 1 1 1 2 2 2 2 2 2 2 2 2 2 2 2 2 2 2 2 2 2 2 2 2 1 2 1 1 1 1 1 1 1 1 1 1 1 1 1 1 1 1 1 1 1 1 1 1 1 1 1 1 1 1 1 1 1 1 1 1 1 1 1 1 1 1 1 1 1 1 1 1 1 1 1 1 1 1 1 1 1 1 1 1 1 1 1 1 1 1 1 1 1 1 1 1 1 1 1 1 1 1 1 1 1 1 1 1 1 1 1 1 1 1 1 1 1 2 2 1 1 1 1 1 1 1 1 1 1 1 1 1 1 1 1 1 1 1 1 1 1 1 1 1 1 1 1 1 1 1 1 1 1 1 1 1 1 1 1 1 1 1 1 1 1 1 1 1 1 1 1 1 1 1 1 1 1 1 1 1 1 1 1 1 1 1 1 1 1 1 1 1 1 1 1 1 1 1 1 1 1 1 1 1 1 1 1 1 1 1 1 1 1 1 1 1 1 1 1 1 1 1 1 1 1 1 1 1 1 1 1 1 1 1 1 1 1 1 1 1 1 1 1 1 1 1 1 1 1 1 1 1 1 1 1 1 1 1 1 1 1 1 1 1 1 1 1 1 1 1 1 1 1 1 1 1 1 1 1 1 1 1 1 1 1 1 1 1 1 1 1 1 1 1 1 1 1 1 1 1 1 1 1 1 1 1 1 1 1 1 1 1 1 1 1 1 1 1 1 1 1 1 </vcount>
					<v>12 0 12 1 12 2 12 3 12 4 12 5 12 6 12 7 12 8 12 9 12 10 12 11 12 12 12 13 12 14 12 15 12 16 12 17 12 18 12 19 12 20 12 21 12 22 12 23 12 24 12 25 12 26 12 27 12 28 12 29 12 30 12 31 12 32 12 33 12 34 12 35 12 36 12 37 12 38 12 39 12 40 12 41 12 42 12 43 12 44 12 45 12 46 12 47 12 48 12 49 12 50 12 51 12 52 12 53 12 54 12 55 12 56 12 57 12 58 12 59 12 60 12 61 12 62 12 63 12 64 12 65 12 66 12 67 12 68 12 69 12 70 12 71 12 72 12 73 12 74 12 75 12 76 12 77 12 78 12 79 12 80 12 81 12 82 12 83 12 84 12 85 12 86 12 87 12 88 12 89 12 90 12 91 12 92 12 93 39 94 39 95 39 96 39 97 39 98 39 99 39 100 39 101 39 102 39 103 39 104 39 105 39 106 39 107 39 108 39 109 39 110 39 111 39 112 39 113 39 114 39 115 39 116 39 117 39 118 39 119 39 120 39 121 39 122 39 123 39 124 39 125 39 126 39 127 39 128 39 129 39 130 39 131 39 132 39 133 39 134 39 135 39 136 39 137 39 138 39 139 39 140 39 141 39 142 39 143 39 144 39 145 39 146 39 147 39 148 39 149 39 150 39 151 39 152 39 153 39 154 39 155 39 156 39 157 39 158 39 159 39 160 39 161 39 162 39 163 39 164 39 165 39 166 39 167 39 168 39 169 39 170 39 171 39 172 39 173 39 174 39 175 39 176 39 177 39 178 39 179 39 180 39 181 39 182 39 183 39 184 39 185 39 186 39 187 39 188 39 189 4 190 4 191 4 192 4 193 37 194 4 195 4 196 4 197 4 198 39 199 39 200 39 201 39 202 39 203 39 204 39 205 39 206 39 207 39 208 39 209 38 210 39 211 39 212 39 213 39 214 39 215 39 216 39 217 39 218 39 219 39 220 39 221 39 222 39 223 39 224 39 225 39 226 39 227 39 228 39 229 39 230 39 231 39 232 39 233 39 234 39 235 39 236 39 237 39 238 39 239 39 240 39 241 39 242 39 243 39 244 39 245 39 246 39 247 39 248 39 249 39 250 39 251 39 252 39 253 39 254 12 255 11 256 12 257 12 258 11 259 12 260 12 261 11 262 12 263 12 264 11 265 12 266 12 267 11 268 12 269 12 270 11 271 12 272 11 273 10 274 11 275 10 276 9 277 9 278 11 279 10 280 11 281 10 282 11 283 10 284 11 285 10 286 9 287 9 288 9 289 9 290 4 291 4 292 4 293 4 294 4 295 12 296 12 297 12 298 12 299 12 300 12 301 12 302 12 303 12 304 12 305 12 306 12 307 12 308 12 309 12 310 12 311 12 312 12 313 12 314 12 315 12 316 12 317 12 318 12 319 12 320 12 321 12 322 12 323 12 324 12 325 12 326 12 327 12 328 12 329 12 330 12 331 12 332 12 333 12 334 12 335 12 336 12 337 12 338 12 339 12 340 12 341 12 342 12 343 12 344 12 345 12 346 12 347 12 348 12 349 12 350 12 351 12 352 12 353 12 354 12 355 12 356 12 357 12 358 12 359 12 360 12 361 12 362 12 363 12 364 12 365 12 366 12 367 12 368 12 369 12 370 39 371 39 372 39 373 39 374 39 375 39 376 39 377 39 378 39 379 39 380 4 381 4 382 4 383 4 384 4 385 4 386 4 387 4 388 4 389 4 390 4 391 4 392 4 393 4 394 4 395 4 396 4 397 4 398 4 399 4 400 4 401 4 402 4 403 4 404 4 405 4 406 4 407 4 408 4 409 4 410 4 411 4 412 4 413 4 414 4 415 4 416 4 417 4 418 4 419 4 420 4 421 4 422 4 423 4 424 4 425 4 426 4 427 4 428 4 429 4 430 4 431 4 432 4 433 4 434 4 435 4 436 4 437 4 438 4 439 4 440 4 441 4 442 4 443 4 444 4 445 4 446 4 447 4 448 4 449 4 450 4 451 4 452 4 453 4 454 4 455 4 456 4 457 4 458 6 459 6 460 6 461 6 462 6 463 6 464 6 465 6 466 6 467 6 468 6 469 6 470 6 471 6 472 6 473 6 474 6 475 6 476 6 477 6 478 6 479 39 480 39 481 39 482 39 483 39 484 39 485 9 486 9 487 9 488 9 489 9 490 9 491 9 492 9 493 9 494 9 495 9 496 9 497 9 498 9 499 9 500 8 501 9 502 8 503 8 504 8 505 8 506 7 507 8 508 7 509 8 510 8 511 7 512 8 513 8 514 7 515 8 516 8 517 7 518 8 519 8 520 7 521 8 522 8 523 7 524 8 525 8 526 7 527 8 528 9 529 8 530 9 531 8 532 9 533 9 534 9 535 8 536 9 537 8 538 9 539 8 540 9 541 8 542 9 543 8 544 9 545 9 546 9 547 9 548 9 549 9 550 9 551 9 552 9 553 9 554 8 555 9 556 8 557 8 558 8 559 8 560 7 561 8 562 7 563 6 564 6 565 8 566 9 567 8 568 9 569 9 570 9 571 9 572 9 573 9 574 9 575 9 576 9 577 6 578 6 579 6 580 6 581 6 582 6 583 6 584 6 585 39 586 39 587 39 588 39 589 39 590 39 591 39 592 39 593 39 594 38 595 37 596 4 597 38 598 37 599 4 600 38 601 37 602 4 603 38 604 37 605 4 606 38 607 37 608 4 609 38 610 37 611 4 612 38 613 37 614 4 615 38 616 37 617 4 618 38 619 37 620 38 621 37 622 38 623 37 624 38 625 37 626 38 627 37 628 38 629 37 630 38 631 37 632 38 633 37 634 39 635 38 636 39 637 38 638 39 639 38 640 39 641 38 642 39 643 38 644 39 645 38 646 39 647 38 648 39 649 38 650 39 651 38 652 39 653 38 654 39 655 39 656 39 657 38 658 39 659 38 660 39 661 38 662 39 663 38 664 39 665 38 666 39 667 38 668 39 669 39 670 39 671 39 672 39 673 39 674 18 675 18 676 18 677 18 678 18 679 18 680 18 681 18 682 18 683 18 684 23 685 18 686 18 687 23 688 18 689 23 690 24 691 23 692 23 693 18 694 23 695 18 696 18 697 23 698 18 699 23 700 18 701 23 702 23 703 18 704 24 705 23 706 18 707 23 708 24 709 23 710 24 711 23 712 18 713 23 714 18 715 23 716 18 717 23 718 18 719 18 720 23 721 18 722 23 723 18 724 23 725 18 726 18 727 18 728 24 729 24 730 24 731 24 732 23 733 24 734 23 735 24 736 24 737 24 738 24 739 24 740 23 741 24 742 24 743 24 744 24 745 24 746 24 747 24 748 23 749 24 750 24 751 23 752 24 753 23 754 18 755 23 756 24 757 23 758 24 759 24 760 24 761 24 762 23 763 24 764 24 765 24 766 24 767 24 768 24 769 24 770 24 771 24 772 24 773 24 774 23 775 24 776 23 777 18 778 23 779 18 780 23 781 23 782 24 783 23 784 24 785 24 786 23 787 24 788 23 789 24 790 23 791 24 792 23 793 23 794 24 795 24 796 24 797 23 798 24 799 23 800 24 801 23 802 18 803 23 804 18 805 23 806 18 807 23 808 18 809 18 810 18 811 18 812 23 813 18 814 23 815 18 816 18 817 18 818 21 819 18 820 21 821 22 822 21 823 18 824 21 825 22 826 19 827 19 828 19 829 19 830 19 831 18 832 19 833 18 834 18 835 19 836 18 837 19 838 19 839 18 840 19 841 18 842 19 843 19 844 18 845 19 846 18 847 19 848 18 849 21 850 18 851 21 852 18 853 21 854 18 855 21 856 21 857 21 858 18 859 21 860 18 861 21 862 18 863 21 864 21 865 18 866 19 867 19 868 18 869 18 870 18 871 21 872 21 873 18 874 21 875 18 876 18 877 19 878 18 879 21 880 18 881 18 882 18 883 18 884 19 885 18 886 18 887 18 888 18 889 18 890 18 891 18 892 18 893 18 894 18 895 18 896 18 897 18 898 18 899 18 900 18 901 18 902 18 903 18 904 18 905 18 906 18 907 18 908 19 909 18 910 19 911 18 912 21 913 18 914 21 915 18 916 18 917 18 918 18 919 18 920 18 921 18 922 18 923 18 924 18 925 18 926 18 927 18 928 18 929 18 930 18 931 18 932 18 933 18 934 18 935 18 936 18 937 18 938 17 939 17 940 17 941 22 942 22 943 22 944 22 945 22 946 21 947 21 948 22 949 21 950 21 951 18 952 22 953 21 954 21 955 22 956 21 957 21 958 21 959 21 960 18 961 22 962 21 963 21 964 22 965 19 966 19 967 20 968 20 969 20 970 20 971 19 972 19 973 18 974 19 975 20 976 19 977 19 978 20 979 19 980 19 981 19 982 18 983 19 984 18 985 20 986 19 987 19 988 18 989 20 990 19 991 20 992 20 993 20 994 20 995 20 996 20 997 20 998 20 999 19 1000 20 1001 19 1002 20 1003 20 1004 20 1005 20 1006 20 1007 19 1008 20 1009 20 1010 20 1011 20 1012 20 1013 20 1014 20 1015 20 1016 20 1017 20 1018 20 1019 20 1020 20 1021 19 1022 20 1023 20 1024 19 1025 20 1026 19 1027 20 1028 19 1029 20 1030 19 1031 19 1032 20 1033 19 1034 20 1035 19 1036 20 1037 19 1038 20 1039 20 1040 19 1041 20 1042 19 1043 20 1044 20 1045 19 1046 19 1047 20 1048 19 1049 20 1050 19 1051 20 1052 20 1053 18 1054 18 1055 18 1056 18 1057 18 1058 18 1059 18 1060 18 1061 18 1062 18 1063 18 1064 18 1065 18 1066 18 1067 18 1068 18 1069 15 1070 15 1071 15 1072 15 1073 15 1074 15 1075 15 1076 15 1077 16 1078 16 1079 16 1080 16 1081 16 1082 16 1083 16 1084 16 1085 16 1086 16 1087 16 1088 16 1089 16 1090 16 1091 16 1092 16 1093 16 1094 16 1095 16 1096 16 1097 16 1098 16 1099 16 1100 16 1101 16 1102 16 1103 16 1104 16 1105 16 1106 16 1107 16 1108 16 1109 16 1110 16 1111 16 1112 16 1113 16 1114 16 1115 21 1116 22 1117 22 1118 21 1119 21 1120 22 1121 22 1122 21 1123 21 1124 22 1125 21 1126 22 1127 22 1128 22 1129 22 1130 22 1131 21 1132 22 1133 21 1134 22 1135 21 1136 22 1137 21 1138 22 1139 21 1140 22 1141 21 1142 22 1143 21 1144 22 1145 21 1146 22 1147 22 1148 21 1149 21 1150 22 1151 22 1152 21 1153 21 1154 22 1155 21 1156 22 1157 21 1158 22 1159 22 1160 21 1161 22 1162 21 1163 22 1164 21 1165 22 1166 21 1167 21 1168 22 1169 21 1170 22 1171 16 1172 16 1173 16 1174 16 1175 16 1176 16 1177 16 1178 16 1179 16 1180 16 1181 16 1182 16 1183 16 1184 16 1185 16 1186 16 1187 16 1188 16 1189 16 1190 16 1191 22 1192 22 1193 22 1194 22 1195 21 1196 22 1197 21 1198 22 1199 22 1200 22 1201 22 1202 22 1203 21 1204 22 1205 21 1206 22 1207 22 1208 22 1209 22 1210 22 1211 21 1212 22 1213 21 1214 22 1215 29 1216 29 1217 29 1218 29 1219 29 1220 29 1221 29 1222 29 1223 29 1224 29 1225 29 1226 29 1227 29 1228 29 1229 29 1230 29 1231 29 1232 29 1233 29 1234 29 1235 29 1236 29 1237 29 1238 29 1239 29 1240 29 1241 29 1242 29 1243 29 1244 29 1245 29 1246 29 1247 29 1248 29 1249 29 1250 29 1251 29 1252 29 1253 29 1254 29 1255 29 1256 29 1257 29 1258 29 1259 29 1260 29 1261 29 1262 29 1263 29 1264 29 1265 29 1266 29 1267 29 1268 29 1269 29 1270 29 1271 29 1272 29 1273 29 1274 29 1275 29 1276 29 1277 29 1278 29 1279 29 1280 29 1281 29 1282 29 1283 29 1284 29 1285 29 1286 29 1287 29 1288 29 1289 29 1290 29 1291 29 1292 29 1293 29 1294 29 1295 29 1296 29 1297 35 1298 36 1299 35 1300 36 1301 36 1302 35 1303 36 1304 35 1305 36 1306 35 1307 36 1308 35 1309 35 1310 36 1311 35 1312 36 1313 36 1314 35 1315 36 1316 35 1317 36 1318 35 1319 36 1320 35 1321 36 1322 36 1323 36 1324 36 1325 35 1326 36 1327 35 1328 36 1329 35 1330 36 1331 35 1332 36 1333 36 1334 35 1335 36 1336 35 1337 36 1338 35 1339 36 1340 35 1341 36 1342 35 1343 30 1344 35 1345 36 1346 35 1347 30 1348 35 1349 30 1350 35 1351 30 1352 35 1353 30 1354 30 1355 35 1356 30 1357 30 1358 35 1359 30 1360 30 1361 36 1362 36 1363 36 1364 36 1365 35 1366 36 1367 35 1368 36 1369 36 1370 36 1371 36 1372 36 1373 35 1374 36 1375 35 1376 36 1377 36 1378 36 1379 36 1380 36 1381 35 1382 36 1383 35 1384 36 1385 36 1386 36 1387 36 1388 36 1389 35 1390 36 1391 35 1392 36 1393 36 1394 35 1395 36 1396 35 1397 36 1398 35 1399 36 1400 35 1401 30 1402 30 1403 35 1404 30 1405 35 1406 30 1407 30 1408 30 1409 35 1410 30 1411 35 1412 30 1413 30 1414 30 1415 30 1416 30 1417 30 1418 30 1419 30 1420 30 1421 30 1422 30 1423 30 1424 30 1425 33 1426 30 1427 30 1428 31 1429 30 1430 31 1431 30 1432 30 1433 31 1434 30 1435 31 1436 30 1437 33 1438 30 1439 33 1440 30 1441 33 1442 30 1443 17 1444 17 1445 17 1446 17 1447 17 1448 17 1449 17 1450 17 1451 17 1452 17 1453 17 1454 17 1455 17 1456 17 1457 17 1458 17 1459 17 1460 17 1461 17 1462 17 1463 17 1464 17 1465 17 1466 17 1467 17 1468 17 1469 17 1470 17 1471 17 1472 17 1473 17 1474 17 1475 17 1476 17 1477 17 1478 17 1479 17 1480 17 1481 17 1482 17 1483 17 1484 17 1485 17 1486 17 1487 17 1488 17 1489 17 1490 17 1491 17 1492 17 1493 17 1494 17 1495 17 1496 17 1497 17 1498 17 1499 17 1500 17 1501 17 1502 17 1503 17 1504 17 1505 17 1506 17 1507 17 1508 17 1509 17 1510 17 1511 17 1512 17 1513 17 1514 17 1515 17 1516 17 1517 17 1518 17 1519 17 1520 17 1521 17 1522 17 1523 17 1524 17 1525 17 1526 35 1527 30 1528 36 1529 35 1530 30 1531 35 1532 36 1533 35 1534 35 1535 30 1536 36 1537 35 1538 35 1539 30 1540 36 1541 35 1542 30 1543 35 1544 36 1545 35 1546 35 1547 30 1548 36 1549 35 1550 29 1551 29 1552 29 1553 29 1554 33 1555 30 1556 33 1557 30 1558 30 1559 30 1560 30 1561 30 1562 34 1563 33 1564 33 1565 34 1566 33 1567 33 1568 30 1569 33 1570 34 1571 33 1572 33 1573 30 1574 34 1575 33 1576 33 1577 30 1578 33 1579 30 1580 34 1581 33 1582 34 1583 33 1584 34 1585 33 1586 34 1587 33 1588 34 1589 33 1590 34 1591 33 1592 33 1593 34 1594 33 1595 34 1596 34 1597 34 1598 34 1599 34 1600 33 1601 34 1602 33 1603 34 1604 34 1605 33 1606 34 1607 33 1608 33 1609 33 1610 34 1611 34 1612 34 1613 34 1614 34 1615 34 1616 34 1617 34 1618 33 1619 34 1620 33 1621 34 1622 34 1623 34 1624 34 1625 34 1626 33 1627 34 1628 33 1629 34 1630 34 1631 34 1632 34 1633 34 1634 33 1635 34 1636 33 1637 34 1638 34 1639 33 1640 34 1641 33 1642 34 1643 33 1644 34 1645 33 1646 33 1647 34 1648 33 1649 34 1650 34 1651 33 1652 34 1653 33 1654 34 1655 33 1656 34 1657 33 1658 33 1659 34 1660 33 1661 34 1662 34 1663 33 1664 34 1665 33 1666 34 1667 33 1668 34 1669 33 1670 33 1671 34 1672 33 1673 34 1674 30 1675 30 1676 30 1677 30 1678 30 1679 30 1680 30 1681 30 1682 30 1683 30 1684 30 1685 30 1686 30 1687 30 1688 30 1689 30 1690 30 1691 30 1692 30 1693 33 1694 30 1695 33 1696 33 1697 30 1698 33 1699 30 1700 33 1701 30 1702 33 1703 30 1704 30 1705 33 1706 33 1707 30 1708 33 1709 30 1710 30 1711 31 1712 30 1713 31 1714 30 1715 31 1716 31 1717 30 1718 31 1719 30 1720 31 1721 30 1722 31 1723 31 1724 31 1725 30 1726 32 1727 31 1728 31 1729 32 1730 31 1731 31 1732 30 1733 31 1734 32 1735 31 1736 31 1737 30 1738 32 1739 31 1740 31 1741 30 1742 31 1743 30 1744 32 1745 31 1746 32 1747 31 1748 32 1749 31 1750 32 1751 31 1752 32 1753 31 1754 32 1755 31 1756 31 1757 32 1758 31 1759 32 1760 32 1761 32 1762 32 1763 32 1764 31 1765 32 1766 31 1767 32 1768 32 1769 31 1770 32 1771 31 1772 31 1773 31 1774 32 1775 32 1776 32 1777 32 1778 32 1779 32 1780 32 1781 32 1782 31 1783 32 1784 31 1785 32 1786 32 1787 32 1788 32 1789 32 1790 31 1791 32 1792 31 1793 32 1794 32 1795 32 1796 32 1797 32 1798 31 1799 32 1800 31 1801 32 1802 32 1803 31 1804 32 1805 31 1806 32 1807 31 1808 32 1809 31 1810 31 1811 32 1812 31 1813 32 1814 32 1815 31 1816 32 1817 31 1818 32 1819 31 1820 32 1821 31 1822 31 1823 32 1824 31 1825 32 1826 32 1827 31 1828 32 1829 31 1830 32 1831 31 1832 32 1833 31 1834 31 1835 32 1836 31 1837 32 1838 33 1839 30 1840 30 1841 31 1842 30 1843 15 1844 15 1845 15 1846 15 1847 15 1848 15 1849 15 1850 15 1851 15 1852 15 1853 15 1854 15 1855 15 1856 15 1857 15 1858 15 1859 15 1860 15 1861 15 1862 15 1863 15 1864 15 1865 15 1866 15 1867 15 1868 15 1869 15 1870 15 1871 15 1872 15 1873 15 1874 15 1875 15 1876 15 1877 15 1878 15 1879 15 1880 15 1881 15 1882 15 1883 15 1884 15 1885 15 1886 15 1887 15 1888 15 1889 15 1890 15 1891 15 1892 15 1893 15 1894 15 1895 15 1896 15 1897 15 1898 15 1899 15 1900 15 1901 15 1902 15 1903 15 1904 15 1905 15 1906 15 1907 15 1908 15 1909 15 1910 15 1911 15 1912 15 1913 15 1914 15 1915 15 1916 15 1917 15 1918 15 1919 15 1920 30 1921 30 1922 30 1923 30 1924 30 1925 30 1926 30 1927 30 1928 30 1929 30 1930 30 1931 30 1932 30 1933 30 1934 31 1935 30 1936 31 1937 30 1938 12 1939 27 1940 27 1941 27 1942 27 1943 27 1944 27 1945 27 1946 27 1947 27 1948 27 1949 27 1950 27 1951 27 1952 27 1953 27 1954 27 1955 27 1956 27 1957 27 1958 27 1959 27 1960 27 1961 27 1962 27 1963 27 1964 27 1965 27 1966 27 1967 27 1968 27 1969 27 1970 30 1971 30 1972 30 1973 30 1974 30 1975 30 1976 30 1977 30 1978 30 1979 30 1980 30 1981 30 1982 30 1983 30 1984 30 1985 30 1986 30 1987 30 1988 30 1989 30 1990 30 1991 30 1992 30 1993 30 1994 30 1995 27 1996 27 1997 27 1998 27 1999 27 2000 27 2001 27 2002 27 2003 27 2004 27 2005 27 2006 27 2007 12 2008 12 2009 12 2010 12 2011 12 2012 12 2013 12 2014 12 2015 12 2016 12 2017 12 2018 12 2019 12 2020 12 2021 12 2022 12 2023 12 2024 12 2025 12 2026 12 2027 12 2028 12 2029 12 2030 12 2031 12 2032 12 2033 12 2034 12 2035 12 2036 12 2037 12 2038 12 2039 12 2040 27 2041 27 2042 27 2043 27 2044 27 2045 27 2046 27 2047 27 2048 27 2049 27 2050 27 2051 27 2052 27 2053 27 2054 27 2055 27 2056 27 2057 27 2058 27 2059 27 2060 27 2061 27 2062 27 2063 27 2064 28 2065 28 2066 28 2067 28 2068 28 2069 28 2070 28 2071 28 2072 28 2073 28 2074 28 2075 28 2076 28 2077 28 2078 28 2079 28 2080 28 2081 28 2082 28 2083 28 2084 28 2085 28 2086 28 2087 28 2088 28 2089 28 2090 28 2091 28 2092 28 2093 28 2094 28 2095 28 2096 28 2097 28 2098 28 2099 28 2100 28 2101 28 2102 28 2103 28 2104 28 2105 28 2106 28 2107 28 2108 28 2109 28 2110 28 2111 28 2112 28 2113 28 2114 28 2115 28 2116 28 2117 28 2118 28 2119 28 2120 28 2121 28 2122 27 2123 27 2124 27 2125 27 2126 27 2127 27 2128 27 2129 27 2130 12 2131 12 2132 12 2133 12 2134 12 2135 12 2136 12 2137 12 2138 12 2139 12 2140 12 2141 </v>
				</vertex_weights>
			</skin>
			<extra>
				<technique profile="FCOLLADA">
					<user_properties>SkinController</user_properties>
				</technique>
			</extra>
		</controller>
	</library_controllers>
	<library_visual_scenes>
		<visual_scene id="Scene" name="Scene">
			<node id="Skel0" sid="J0" name="Skel0" type="JOINT">
			<matrix sid="transform">1 0 0 0 0 1 0 0 0 0 1 0 0 0 0 1 </matrix>
				<node id="Skel1" sid="J1" name="Skel1" type="JOINT">
				<matrix sid="transform">1 0 0 0 0 1 0 0 0 0 1 0 0 0 0 1 </matrix>
					<node id="Skel2" sid="J2" name="Skel2" type="JOINT">
					<matrix sid="transform">1 0 0 0 0 1 0 0 0 0 1 0 0 0 0 1 </matrix>
						<node id="Skel3" sid="J3" name="Skel3" type="JOINT">
						<matrix sid="transform">1 0 0 0.0064453315 0 1 0 -1.862527E-08 0 0 1 0.75333476 0 0 0 1 </matrix>
							<node id="Skel4" sid="J4" name="Skel4" type="JOINT">
							<matrix sid="transform">1 0 0 -0.0064453315 0 1 0 0.0012814058 0 0 1 -0.62674004 0 0 0 1 </matrix>
								<node id="Skel5" sid="J5" name="Skel5" type="JOINT">
								<matrix sid="transform">1 0 0 0 0 1 0 0 0 0 1 0 0 0 0 1 </matrix>
									<node id="Skel6" sid="J6" name="Skel6" type="JOINT">
									<matrix sid="transform">1 0 0 0 0 1 0 0 0 0 1 0 0 0 0 1 </matrix>
										<node id="Skel7" sid="J7" name="Skel7" type="JOINT">
										<matrix sid="transform">1 0 4.6837534E-17 0.002937336 0 1 0 -1.14843415E-17 -4.6837534E-17 0 1 0.19489121 0 0 0 1 </matrix>
											<node id="Skel8" sid="J8" name="Skel8" type="JOINT">
											<matrix sid="transform">1 0 -2.6888214E-17 0.003500279 0 1 0 1.862527E-08 2.6888214E-17 0 1 0.08340838 0 0 0 1 </matrix>
												<node id="Skel9" sid="J9" name="Skel9" type="JOINT">
												<matrix sid="transform">1 0 0 -0.0122389 0 1 0 1.6042627E-17 0 0 1 0.122388996 0 0 0 1 </matrix>
													<node id="Skel10" sid="J10" name="Skel10" type="JOINT">
													<matrix sid="transform">1 0 0 0.00026730174 0 1 0 5.0192952E-17 0 0 1 0.055137567 0 0 0 1 </matrix>
														<node id="Skel11" sid="J11" name="Skel11" type="JOINT">
														<matrix sid="transform">1 0 0 0.003233958 0 1 0 1.05229095E-17 0 0 1 0.052280795 0 0 0 1 </matrix>
															<node id="Skel12" sid="J12" name="Skel12" type="JOINT">
															<matrix sid="transform">1 0 0 -0.0013185177 0 1 0 2.5107967E-17 0 0 1 0.060214456 0 0 0 1 </matrix>
															</node>
														</node>
													</node>
													<node id="Skel13" sid="J13" name="Skel13" type="JOINT">
													<matrix sid="transform">0.9785849 -0.048044313 -0.20015848 -0.039875902 -0.04812773 0.8920266 -0.44941327 0.060988706 0.20013843 0.44942218 0.8706114 0.0021587494 0 0 0 1 </matrix>
														<node id="Skel14" sid="J14" name="Skel14" type="JOINT">
														<matrix sid="transform">1 -7.450581E-09 0 0.039060034 -7.450581E-09 1 -2.9802322E-08 0.087790884 0 -2.9802322E-08 0.99999994 -0.0023886468 0 0 0 1 </matrix>
															<node id="Skel15" sid="J15" name="Skel15" type="JOINT">
															<matrix sid="transform">0.9833978 0.033402056 0.17836241 -7.9762585E-17 -0.12534127 0.83579224 0.53454727 5.3290704E-17 -0.13121895 -0.54802877 0.8261029 1.4210856E-16 0 0 0 1 </matrix>
																<node id="Skel16" sid="J16" name="Skel16" type="JOINT">
																<matrix sid="transform">0.9868236 -0.16179946 0 -7.0167036E-05 0.16179948 0.9868236 0 0.20286341 9.313226E-10 0 1 0.0019531553 0 0 0 1 </matrix>
																	<node id="Skel17" sid="J17" name="Skel17" type="JOINT">
																	<matrix sid="transform">0.99999994 2.4447218E-09 9.313226E-10 0.016707482 2.4447218E-09 1 0 0.10004985 9.313226E-10 0 1 -0.000396392 0 0 0 1 </matrix>
																		<node id="Skel18" sid="J18" name="Skel18" type="JOINT">
																		<matrix sid="transform">0.99999994 2.4447218E-09 9.313226E-10 0.030133262 2.4447218E-09 1 0 0.18625462 9.313226E-10 0 1 -0.00013922718 0 0 0 1 </matrix>
																			<node id="Skel19" sid="J19" name="Skel19" type="JOINT">
																			<matrix sid="transform">0.9988082 -0.0077088405 0.048194412 -0.019558353 -0.007708842 0.9501363 0.3117397 0.20676707 -0.048194412 -0.3117397 0.9489445 -0.041535784 0 0 0 1 </matrix>
																				<node id="Skel20" sid="J20" name="Skel20" type="JOINT">
																				<matrix sid="transform">0.99925476 -0.005400263 0.03822134 0.012582323 -0.005400261 0.96087074 0.27694464 0.07075981 -0.038221344 -0.27694464 0.9601254 -0.017071903 0 0 0 1 </matrix>
																				</node>
																			</node>
																			<node id="Skel21" sid="J21" name="Skel21" type="JOINT">
																			<matrix sid="transform">0.999062 -0.0068563656 0.04275622 0.08098943 -0.0068563716 0.9498825 0.312532 0.1934186 -0.042756215 -0.312532 0.94894457 -0.04033379 0 0 0 1 </matrix>
																				<node id="Skel22" sid="J22" name="Skel22" type="JOINT">
																				<matrix sid="transform">0.999317 -0.005173603 0.03658799 0.011921281 -0.005173605 0.9608084 0.27716506 0.07003752 -0.03658799 -0.27716514 0.96012545 -0.01705225 0 0 0 1 </matrix>
																				</node>
																			</node>
																			<node id="Skel23" sid="J23" name="Skel23" type="JOINT">
																			<matrix sid="transform">0.8261029 -0.55015844 0.121982284 0.106845 0.5519846 0.83358073 0.021358654 0.073826455 -0.113432735 0.049687896 0.9923024 -0.024404276 0 0 0 1 </matrix>
																				<node id="Skel24" sid="J24" name="Skel24" type="JOINT">
																				<matrix sid="transform">1 4.656613E-09 -1.4901161E-08 0.04455918 4.656613E-09 1 1.1175871E-08 -0.0041476456 -1.4901161E-08 1.1175871E-08 1 0.0003455909 0 0 0 1 </matrix>
																				</node>
																			</node>
																		</node>
																	</node>
																</node>
															</node>
														</node>
													</node>
													<node id="Skel25" sid="J25" name="Skel25" type="JOINT">
													<matrix sid="transform">0.9821293 0.042913042 -0.18324992 -0.0396472 0.04262841 0.8976349 0.43867338 -0.05626621 0.18331634 -0.4386456 0.87976426 0.0020691585 0 0 0 1 </matrix>
														<node id="Skel26" sid="J26" name="Skel26" type="JOINT">
														<matrix sid="transform">0.99999994 0 0 0.038831327 0 1 0 -0.092513785 0 0 1 -0.0023025116 0 0 0 1 </matrix>
															<node id="Skel27" sid="J27" name="Skel27" type="JOINT">
															<matrix sid="transform">0.98602295 -0.040039595 0.16172676 -3.4694472E-20 0.12032432 0.84255165 -0.52500355 0 -0.115242235 0.53712523 0.83559304 0 0 0 0 1 </matrix>
																<node id="Skel28" sid="J28" name="Skel28" type="JOINT">
																<matrix sid="transform">0.9868236 0.16179943 -1.8626451E-09 -7.0167E-05 -0.16179943 0.9868237 0 -0.20286301 9.313226E-10 -7.450581E-09 0.99999994 0.00196 0 0 0 1 </matrix>
																	<node id="Skel29" sid="J29" name="Skel29" type="JOINT">
																	<matrix sid="transform">0.99999994 -8.1490725E-10 9.313226E-10 0.01670749 -8.1490725E-10 1 -7.450581E-09 -0.10005 9.313226E-10 -7.450581E-09 0.99999994 -0.0004 0 0 0 1 </matrix>
																		<node id="Skel30" sid="J30" name="Skel30" type="JOINT">
																		<matrix sid="transform">0.99999994 -8.1490725E-10 9.313226E-10 0.0301333 -8.1490725E-10 1 -7.450581E-09 -0.186254 9.313226E-10 -7.450581E-09 0.99999994 -0.00014 0 0 0 1 </matrix>
																			<node id="Skel31" sid="J31" name="Skel31" type="JOINT">
																			<matrix sid="transform">0.9987142 0.008500023 0.049976435 -0.0195584 0.008500025 0.9438078 -0.33038545 -0.206768 -0.04997644 0.33038542 0.942522 -0.041530002 0 0 0 1 </matrix>
																				<node id="Skel32" sid="J32" name="Skel32" type="JOINT">
																				<matrix sid="transform">0.9998371 0.0010975171 0.018014144 0.012582299 0.0010975152 0.99260426 -0.121390074 -0.070759 -0.018014137 0.121390074 0.99244136 -0.01708 0 0 0 1 </matrix>
																				</node>
																			</node>
																			<node id="Skel33" sid="J33" name="Skel33" type="JOINT">
																			<matrix sid="transform">0.9987189 0.008484794 0.04988479 0.0809892 0.008484796 0.94380313 -0.33039927 -0.19341901 -0.04988479 0.33039927 0.94252205 -0.04033 0 0 0 1 </matrix>
																				<node id="Skel34" sid="J34" name="Skel34" type="JOINT">
																				<matrix sid="transform">0.9998421 0.0010810215 0.01773749 0.011921 0.0010810215 0.9925993 -0.121430844 -0.070038 -0.01773749 0.121430844 0.9924414 -0.017059999 0 0 0 1 </matrix>
																				</node>
																			</node>
																			<node id="Skel35" sid="J35" name="Skel35" type="JOINT">
																			<matrix sid="transform">0.7201673 0.6777578 0.1483357 0.1068452 -0.68006706 0.7319182 -0.042479165 -0.073827 -0.13736019 -0.070286125 0.9880243 -0.024400001 0 0 0 1 </matrix>
																				<node id="Skel36" sid="J36" name="Skel36" type="JOINT">
																				<matrix sid="transform">0.99999994 -1.0477379E-08 -1.4901161E-08 0.044559 -1.0477379E-08 0.99999994 -2.7939677E-09 0.004148 -1.4901161E-08 -2.7939677E-09 1.0000001 0.00034 0 0 0 1 </matrix>
																				</node>
																			</node>
																		</node>
																	</node>
																</node>
															</node>
														</node>
													</node>
												</node>
											</node>
										</node>
									</node>
								</node>
								<node id="Skel37" sid="J37" name="Skel37" type="JOINT">
								<matrix sid="transform">1 0 0 0.0011432663 0 1 0 1.0031769E-07 0 0 1 -0.18195763 0 0 0 1 </matrix>
									<node id="Skel38" sid="J38" name="Skel38" type="JOINT">
									<matrix sid="transform">1 0 0 0.004960789 0 1 0 -0.0002691246 0 0 1 -0.09601762 0 0 0 1 </matrix>
										<node id="Skel39" sid="J39" name="Skel39" type="JOINT">
										<matrix sid="transform">1 0 0 -0.011622993 0 1 0 0.003704256 0 0 1 -0.088948205 0 0 0 1 </matrix>
											<node id="Skel40" sid="J40" name="Skel40" type="JOINT">
											<matrix sid="transform">1 0 0 -0.007643848 0 1 0 2.3647672E-07 0 0 1 -0.2106406 0 0 0 1 </matrix>
											</node>
										</node>
									</node>
								</node>
							</node>
						</node>
					</node>
				</node>
			</node>
			<node id="Object" name="Object" type="NODE">
				<matrix sid="transform">1 0 0 0 0 1 0 0 0 0 1 0 0 0 0 1</matrix>
				<instance_controller url="#Armature" name="Armature">
					<skeleton>#Skel0</skeleton>
					<bind_material>
						<technique_common>
							<instance_material symbol="material_symbol_750" target="#material_750">
								<bind_vertex_input semantic="texcoord_750" input_semantic="TEXCOORD" input_set="0"/>
							</instance_material>
							<instance_material symbol="material_symbol_750" target="#material_750">
								<bind_vertex_input semantic="texcoord_750" input_semantic="TEXCOORD" input_set="0"/>
							</instance_material>
						</technique_common>
					</bind_material>
				</instance_controller>
			</node>
		</visual_scene>
	</library_visual_scenes>
	<scene>
		<instance_visual_scene url="#Scene"/>
	</scene>
</COLLADA>
