# Blender 5.1.0
# www.blender.org
mtllib ELC-DISI.mtl
o ELC-DISI
v -1.887976 1.641582 -0.756030
v -1.892002 1.831693 -0.203128
v -1.890531 1.639364 -1.281252
v -2.063953 1.832077 -0.761078
v 1.887976 1.641582 -0.756030
v 1.890531 1.639364 -1.281252
v 1.892002 1.831693 -0.203128
v 2.063953 1.832077 -0.761078
v -1.680605 0.165063 3.782156
v -1.680555 0.165083 1.139356
v -1.680207 1.019840 1.116675
v -1.679999 0.165171 -1.503442
v -1.679877 1.020785 -2.022640
v -1.680179 0.814477 -2.077686
v -1.680342 0.813498 4.322062
v -1.679808 1.018316 4.255990
v -1.346316 0.814477 -2.077686
v -1.346250 1.020785 -2.022640
v -1.346150 0.165171 -1.503442
v -1.345837 1.019840 1.116675
v -1.346567 0.165083 1.139356
v -1.346819 0.165063 3.782156
v -1.346698 0.813498 4.322062
v -1.346259 1.018316 4.255990
v -0.885233 1.348057 3.568826
v -0.831258 1.780359 3.709750
v -0.834355 1.669302 3.076720
v -0.798408 1.925239 3.153700
v -0.114820 1.925239 3.153700
v -0.077646 1.669302 3.076720
v -0.081270 1.780359 3.709750
v -0.027721 1.348057 3.568826
v 1.680179 0.814477 -2.077686
v 1.679877 1.020785 -2.022640
v 1.679999 0.165171 -1.503442
v 1.680207 1.019840 1.116675
v 1.680555 0.165083 1.139356
v 1.680605 0.165063 3.782156
v 1.680342 0.813498 4.322062
v 1.679808 1.018316 4.255990
v 1.346819 0.165063 3.782156
v 1.346567 0.165083 1.139356
v 1.345837 1.019840 1.116675
v 1.346150 0.165171 -1.503442
v 1.346250 1.020785 -2.022640
v 1.346316 0.814477 -2.077686
v 1.346698 0.813498 4.322062
v 1.346259 1.018316 4.255990
v -1.007534 1.891799 -1.293308
v -2.122909 1.891798 -1.293307
v -1.007488 1.893831 -2.508121
v -2.122485 1.892779 -2.509486
v -1.203621 2.398262 -1.306710
v 2.122485 1.892779 -2.509486
v 1.007488 1.893831 -2.508121
v 2.122909 1.891798 -1.293307
v 1.007534 1.891799 -1.293308
v 1.203621 2.398262 -1.306710
v 1.911995 2.398262 -1.306710
v -1.139675 1.794406 2.955668
v -1.139893 1.467198 3.557257
v 0.000000 1.794406 2.955668
v 0.000000 1.467198 3.557257
v 1.139893 1.467198 3.557257
v -0.540335 1.348057 3.568826
v -0.590381 1.669302 3.076720
v -0.603119 1.780359 3.709749
v -0.635712 1.925239 3.153699
v -0.276204 1.925239 3.153699
v -0.309408 1.780359 3.709749
v -0.322924 1.669302 3.076720
v -0.372619 1.348057 3.568826
v -1.232481 2.327904 -0.818161
v -1.773458 2.327903 -0.818161
v -1.352849 1.940935 -1.220252
v -1.476822 1.967831 -0.808631
v -1.091069 1.958711 -0.808404
v 1.091069 1.958711 -0.808404
v 1.232481 2.327904 -0.818161
v 1.352849 1.940935 -1.220252
v 1.773458 2.327903 -0.818161
v 1.476822 1.967831 -0.808631
v -2.051749 1.882288 -2.029134
v -2.051771 1.881215 -1.065245
v -1.884676 2.310526 -2.040495
v -1.884949 2.309440 -1.076607
v -1.818447 2.310526 -2.040495
v -1.818258 2.309440 -1.076607
v -1.818030 1.881215 -1.065245
v -1.817980 1.882288 -2.029134
v 1.818030 1.881215 -1.065245
v 1.818258 2.309440 -1.076607
v 1.818447 2.310526 -2.040495
v 1.884949 2.309440 -1.076607
v 1.884676 2.310526 -2.040495
v 2.051771 1.881215 -1.065245
v 2.051749 1.882288 -2.029134
v 1.817980 1.882288 -2.029134
v -0.707018 0.621009 3.817086
v -0.707501 0.620545 4.022907
v -0.749652 0.345354 3.999995
v -1.034363 0.620545 4.022907
v -0.995119 0.345354 3.999995
v -1.034711 0.621009 3.817086
v -0.995271 0.352324 3.842898
v -0.749729 0.352325 3.842899
v -1.331228 0.727537 -2.701923
v -1.331443 0.663472 -2.498689
v -1.274771 1.082265 -2.668928
v -1.275178 1.008012 -2.400737
v -1.656762 0.663472 -2.498689
v -1.708870 1.008012 -2.400737
v -1.708783 1.082265 -2.668928
v -1.657060 0.727538 -2.701923
v 1.275178 1.008012 -2.400737
v 1.274771 1.082265 -2.668928
v 1.331443 0.663472 -2.498689
v 1.331228 0.727537 -2.701923
v 1.656762 0.663472 -2.498689
v 1.708870 1.008012 -2.400737
v 1.657060 0.727538 -2.701923
v 1.708783 1.082265 -2.668928
v -0.671867 0.459555 3.772273
v -0.713914 0.520646 4.067517
v -1.067164 0.459554 3.772273
v -1.033388 0.520645 4.067518
v -1.119853 0.762975 4.117305
v -0.619328 0.762975 4.117305
v -0.619056 0.489168 3.695174
v -1.118670 0.489169 3.695173
v -0.702232 2.242932 -0.565455
v -0.776051 2.235139 -0.466910
v -0.828071 2.254372 -0.527723
v -0.853842 2.122958 -0.450604
v -0.887439 2.167773 -0.515333
v -0.858232 2.015558 -0.532852
v -0.890375 2.086824 -0.577840
v -0.784451 2.021482 -0.631402
v -0.834548 2.090822 -0.652739
v -0.775104 2.176469 -0.665131
v -0.772504 2.259068 -0.602619
v -0.706730 2.134348 -0.647706
v -0.720017 2.111112 -0.772195
v -0.721952 2.062305 -0.808323
v -0.654179 2.163423 -0.822641
v -0.655401 2.114852 -0.858770
v -0.573187 2.049551 -0.814797
v -0.690062 2.066697 -0.851604
v -0.625818 1.972323 -0.803843
v -0.674999 1.968208 -0.737620
v -0.672284 2.040349 -0.682349
v -0.685983 2.159578 -0.779360
v -0.619888 2.116070 -0.693306
v -0.570901 2.121168 -0.759528
v -0.146255 0.571628 -1.606403
v 0.146255 0.571628 -1.606403
v 0.116744 1.001931 -1.554136
v 0.201542 0.587873 -1.660728
v 0.161273 1.016644 -1.597593
v 0.201496 0.640152 -1.823695
v 0.161387 1.057452 -1.727969
v 0.116781 1.072676 -1.771422
v -0.116781 1.072676 -1.771422
v -0.161387 1.057452 -1.727969
v -0.201496 0.640152 -1.823695
v -0.161273 1.016644 -1.597593
v -0.201542 0.587873 -1.660728
v -0.116744 1.001931 -1.554136
v -0.145834 0.657408 -1.878018
v 0.145834 0.657408 -1.878018
v 1.119853 0.762975 4.117305
v 1.118670 0.489169 3.695173
v 1.067164 0.459554 3.772273
v 0.619056 0.489168 3.695174
v 0.671867 0.459555 3.772273
v 0.619328 0.762975 4.117305
v 0.713914 0.520646 4.067517
v 1.033388 0.520645 4.067518
v 0.828071 2.254372 -0.527723
v 0.887439 2.167773 -0.515333
v 0.772504 2.259068 -0.602619
v 0.890375 2.086824 -0.577840
v 0.775104 2.176469 -0.665131
v 0.834548 2.090822 -0.652739
v 0.784451 2.021482 -0.631402
v 0.858232 2.015558 -0.532852
v 0.853842 2.122958 -0.450604
v 0.776051 2.235139 -0.466910
v 0.702232 2.242932 -0.565455
v 0.706730 2.134348 -0.647706
v 0.570901 2.121168 -0.759528
v 0.619888 2.116070 -0.693306
v 0.685983 2.159578 -0.779360
v 0.672284 2.040349 -0.682349
v 0.720017 2.111112 -0.772195
v 0.674999 1.968208 -0.737620
v 0.721952 2.062305 -0.808323
v 0.625818 1.972323 -0.803843
v 0.690062 2.066697 -0.851604
v 0.573187 2.049551 -0.814797
v 0.655401 2.114852 -0.858770
v 0.654179 2.163423 -0.822641
v 0.749652 0.345354 3.999995
v 0.995119 0.345354 3.999995
v 0.749729 0.352325 3.842899
v 0.995271 0.352324 3.842898
v 1.034711 0.621009 3.817086
v 1.034363 0.620545 4.022907
v 0.707501 0.620545 4.022907
v 0.707018 0.621009 3.817086
v 0.000000 1.795741 1.033880
v -0.739935 1.795025 0.597077
v -0.420454 2.666905 0.243081
v -0.740669 1.796425 -0.276524
v -0.420814 2.665927 -0.243082
v 0.000000 1.795214 -0.656951
v 0.000000 2.667142 -0.486157
v 0.420814 2.665927 -0.243082
v 0.000000 2.666087 0.486158
v 0.420454 2.666905 0.243081
v 0.740669 1.796425 -0.276524
v 0.739935 1.795025 0.597077
v 1.226686 2.234341 2.713510
v 1.355107 2.235969 2.642662
v 1.303079 2.352960 2.602676
v 1.362553 2.235523 2.486809
v 1.306691 2.353870 2.514331
v 1.242025 2.233616 2.401804
v 1.238293 2.354248 2.466145
v 1.165979 2.353417 2.506307
v 1.161414 2.352469 2.594655
v 1.230116 2.352391 2.642839
v 1.106478 2.234479 2.628510
v 1.114372 2.234164 2.472657
v 1.241867 1.856898 2.411774
v 1.362484 1.859377 2.496781
v 1.355002 1.858416 2.652631
v 1.226460 1.857853 2.723483
v 1.105032 1.856779 2.640020
v 1.104229 1.857944 2.483956
v -1.797835 1.021452 -1.948090
v -1.797283 1.022074 -2.148525
v -1.797474 0.720779 -1.935370
v -1.797827 0.684343 -2.128791
v -1.797428 0.129291 -1.552169
v -1.245377 1.022074 -2.148525
v -1.245326 0.684343 -2.128792
v -1.244637 0.129291 -1.552169
v -1.244908 0.165689 -1.229793
v -1.245114 0.265477 -1.524057
v -1.245098 0.720779 -1.935371
v -1.244718 1.021452 -1.948090
v -1.797926 0.265477 -1.524057
v -1.797511 0.165689 -1.229793
v -1.244918 0.165083 1.139357
v -1.797448 0.008028 1.143501
v -1.797241 0.009586 -1.231638
v -1.244721 0.009586 -1.231638
v -1.245335 0.163224 3.508503
v -1.245418 0.008027 1.143502
v -1.797843 0.165083 1.139356
v -1.797620 0.163225 3.508502
v -1.245119 0.265091 3.797476
v -1.796925 0.125623 3.832858
v -1.797647 0.007955 3.518648
v -1.244940 0.007955 3.518648
v -1.245131 0.719175 4.184607
v -1.245510 0.125623 3.832858
v -1.796921 1.018814 4.181441
v -1.797424 0.719175 4.184608
v -1.797893 0.265091 3.797476
v -1.797244 0.683295 4.380016
v -1.797347 1.019819 4.381882
v -1.244758 1.019820 4.381882
v -1.244686 0.683295 4.380016
v -1.244782 1.018814 4.181441
v 1.797428 0.129291 -1.552169
v 1.797827 0.684343 -2.128791
v 1.797474 0.720779 -1.935370
v 1.797283 1.022074 -2.148525
v 1.797835 1.021452 -1.948090
v 1.244637 0.129291 -1.552169
v 1.245326 0.684343 -2.128792
v 1.245377 1.022074 -2.148525
v 1.244718 1.021452 -1.948090
v 1.245098 0.720779 -1.935371
v 1.797926 0.265477 -1.524057
v 1.797511 0.165689 -1.229793
v 1.797241 0.009586 -1.231638
v 1.797448 0.008028 1.143501
v 1.244918 0.165083 1.139357
v 1.244908 0.165689 -1.229793
v 1.245114 0.265477 -1.524057
v 1.245418 0.008027 1.143502
v 1.244721 0.009586 -1.231638
v 1.245510 0.125623 3.832858
v 1.244940 0.007955 3.518648
v 1.245335 0.163224 3.508503
v 1.245119 0.265091 3.797476
v 1.797620 0.163225 3.508502
v 1.797843 0.165083 1.139356
v 1.797647 0.007955 3.518648
v 1.796925 0.125623 3.832858
v 1.244758 1.019820 4.381882
v 1.244686 0.683295 4.380016
v 1.245131 0.719175 4.184607
v 1.797893 0.265091 3.797476
v 1.797424 0.719175 4.184608
v 1.796921 1.018814 4.181441
v 1.797347 1.019819 4.381882
v 1.797244 0.683295 4.380016
v -0.839493 2.539499 2.037060
v -0.792208 2.432005 1.937830
v -0.839274 2.536947 1.963107
v -0.901981 2.433507 1.872174
v -0.901145 2.537316 1.925885
v -0.963650 2.537107 1.962610
v -0.963412 2.539658 2.036565
v -0.901123 2.539508 2.073785
v -0.900588 2.432307 2.133063
v -1.010471 2.433147 2.067405
v -1.010615 2.432293 1.936957
v -0.901107 1.785500 2.021482
v -0.790953 2.432862 2.068278
v 1.139675 1.794406 2.955668
v 1.244782 1.018814 4.181441
v -1.903073 2.318174 -0.691491
v -2.081775 1.964934 -0.682154
v -1.814866 1.634186 -0.913332
v -1.602558 1.964934 -0.682153
v -1.855152 1.966172 -0.040146
v 1.903073 2.318174 -0.691491
v 1.814866 1.634186 -0.913332
v 2.081775 1.964934 -0.682154
v 1.602558 1.964934 -0.682153
v 1.855152 1.966172 -0.040146
v -1.852646 1.900150 1.349823
v -1.852971 1.493537 1.357837
v -1.852887 1.900269 0.059614
v -1.853362 1.495559 -0.941880
v -1.852773 1.709350 3.187584
v -1.853627 1.618274 4.031482
v -1.790576 1.910813 3.215298
v -1.689990 1.916241 3.180312
v -0.611897 1.377828 3.721922
v -0.532737 1.845563 3.763606
v -0.456705 2.089067 2.723897
v -0.455941 1.845595 3.763508
v -0.380522 1.845563 3.763606
v 1.689990 1.916241 3.180312
v 1.853627 1.618274 4.031482
v 1.790576 1.910813 3.215298
v 1.852773 1.709350 3.187584
v 1.312519 1.901546 -1.320898
v 0.000000 1.901547 -1.320898
v 0.000000 1.900613 1.348642
v -1.312519 1.901546 -1.320898
v 1.132424 1.495854 -1.654169
v 0.000000 1.494513 -1.651836
v -1.132424 1.495854 -1.654169
v 1.852646 1.900150 1.349823
v 1.852887 1.900269 0.059614
v -0.892576 1.605347 3.148371
v 0.000000 1.605347 3.148371
v -1.853108 1.496066 1.358388
v 0.000000 1.493537 1.357837
v -1.853457 1.494513 -1.651836
v 1.853362 1.495559 -0.941880
v 1.853108 1.496066 1.358388
v 0.892576 1.605347 3.148371
v 1.198355 1.084847 -1.630860
v 0.000000 1.084845 -1.630856
v -1.198355 1.084847 -1.630860
v -1.198617 1.513271 -1.652297
v -1.198158 0.503231 -1.280588
v -1.194351 0.935360 3.435385
v -1.193864 0.485274 3.696525
v -1.194456 0.997137 4.414812
v 1.198617 1.513271 -1.652297
v 1.198158 0.503231 -1.280588
v 1.194351 0.935360 3.435385
v 1.193864 0.485274 3.696525
v 1.194456 0.997137 4.414812
v 1.194173 0.883609 4.410960
v -1.193371 1.556759 3.582361
v 0.000000 1.592115 3.584658
v 0.000000 1.021367 3.431839
v 1.193371 1.556759 3.582361
v 0.000000 0.997025 4.415111
v -1.194173 0.883609 4.410960
v 0.000000 0.883496 4.411261
v 0.000000 0.489008 3.703311
v 0.000000 0.503231 -1.280588
v -0.336606 1.442376 -2.097330
v -0.581433 1.445446 -2.095972
v -0.305429 1.017297 -1.963020
v -0.619548 1.018149 -1.961288
v -0.646258 1.167550 -1.899475
v -0.272315 1.165023 -1.901803
v -0.638674 1.915618 -1.255632
v -0.264684 1.912496 -1.257963
v -0.309142 1.530509 -2.058863
v 0.000000 1.381798 -1.714872
v -0.101296 1.700397 -1.913056
v -0.098740 1.941661 -1.705041
v -0.803348 1.945484 -1.700661
v -0.805456 1.703893 -1.908677
v -0.908559 1.388681 -1.709252
v -0.601084 1.533341 -2.057045
v -0.460185 1.932988 -1.934052
v -0.595416 2.116018 -1.554852
v -0.905291 1.698324 -1.442565
v -0.302988 2.112770 -1.556671
v 0.000000 1.690837 -1.448187
v -1.281188 0.906017 4.555701
v -1.283407 1.020393 4.598815
v -1.760637 0.906017 4.555701
v -1.761326 1.020393 4.598815
v -1.179979 0.962936 4.413093
v -1.852818 0.962936 4.413092
v -1.853603 0.969012 4.249641
v -0.924387 1.877508 3.134894
v -1.117111 1.332112 4.304554
v -1.118343 0.970716 4.245136
v -1.183231 1.150598 4.472418
v -1.852984 1.150598 4.472417
v -1.853356 1.515023 3.506326
v -1.852725 1.673440 3.502090
v -1.499975 2.275029 2.145309
v 0.000000 2.276669 2.408088
v 0.000000 2.276502 1.759864
v 1.499975 2.275029 2.145309
v 1.499628 2.276502 1.759864
v -1.499628 2.276502 1.759864
v 0.000000 1.900150 1.349823
v 0.000000 1.877508 3.134893
v 0.924387 1.877508 3.134894
v -1.804465 1.527156 1.382894
v -1.804263 1.868055 1.375196
v -1.804252 1.543736 3.480903
v -1.803856 1.645864 3.478174
v -1.135585 0.657178 -1.099854
v -1.253766 1.604218 -1.549679
v -1.050044 0.905410 -1.910793
v -1.011780 0.997114 -1.962472
v -0.737782 0.593857 -1.069018
v -0.733016 0.893390 -1.913722
v -0.763911 0.996541 -1.961596
v -0.607195 1.062299 -1.825158
v -0.614157 0.760258 -1.149519
v -0.619638 1.156923 -1.847526
v 0.000000 1.604218 -1.549679
v -0.256683 1.154423 -1.875463
v 0.000000 0.999472 -1.963045
v -0.190435 0.999473 -1.963046
v -0.318525 1.071775 -1.852648
v -0.250409 0.898294 -1.921111
v -0.323399 0.760372 -1.149700
v -0.254785 0.606479 -1.075082
v 0.000000 0.898294 -1.921111
v 0.190435 0.999473 -1.963046
v 0.256683 1.154423 -1.875463
v 0.619638 1.156923 -1.847526
v 1.011780 0.997114 -1.962472
v 0.763911 0.996541 -1.961596
v 0.250409 0.898294 -1.921111
v 0.318525 1.071775 -1.852648
v 0.607195 1.062299 -1.825158
v 0.733016 0.893390 -1.913722
v 1.050044 0.905410 -1.910793
v 1.253766 1.604218 -1.549679
v 1.135585 0.657178 -1.099854
v 0.737782 0.593857 -1.069018
v 0.614157 0.760258 -1.149519
v 0.323399 0.760372 -1.149700
v 0.254785 0.606479 -1.075082
v 0.000000 0.606479 -1.075082
v 0.000000 2.276242 2.409381
v 1.025654 2.193483 2.422725
v 1.366331 2.204039 2.382420
v 1.172063 1.909785 3.105508
v 1.117111 1.332112 4.304554
v 1.183231 1.150598 4.472418
v 1.118343 0.970716 4.245136
v 1.179979 0.962936 4.413093
v 1.283407 1.020393 4.598815
v 1.281188 0.906017 4.555701
v 1.761326 1.020393 4.598815
v 1.760637 0.906017 4.555701
v 1.853603 0.969012 4.249641
v 1.852818 0.962936 4.413092
v 1.852984 1.150598 4.472417
v 1.852725 1.673440 3.502090
v 1.853356 1.515023 3.506326
v 1.804252 1.543736 3.480903
v 1.804465 1.527156 1.382894
v 1.803856 1.645864 3.478174
v 1.804263 1.868055 1.375196
v 1.507614 1.956914 3.032002
v 1.448434 1.898843 2.989733
v 1.218433 1.865664 3.040226
v 1.094927 1.977652 2.419450
v 1.328823 1.979109 2.389814
v 0.336606 1.442376 -2.097330
v 0.305429 1.017297 -1.963020
v 0.581433 1.445446 -2.095972
v 0.619548 1.018149 -1.961288
v 0.264684 1.912496 -1.257963
v 0.638674 1.915618 -1.255632
v 0.272315 1.165023 -1.901803
v 0.646258 1.167550 -1.899475
v 0.098740 1.941661 -1.705041
v 0.101296 1.700397 -1.913056
v 0.309142 1.530509 -2.058863
v 0.601084 1.533341 -2.057045
v 0.908559 1.388681 -1.709252
v 0.805456 1.703893 -1.908677
v 0.803348 1.945484 -1.700661
v 0.460185 1.932988 -1.934052
v 0.595416 2.116018 -1.554852
v 0.905291 1.698324 -1.442565
v 0.302988 2.112770 -1.556671
v -1.847543 0.568189 2.250249
v -1.160458 0.568176 2.250278
v -1.847508 0.979414 2.728590
v -1.159865 0.976287 2.728686
v -1.847485 0.567636 3.905288
v -1.160308 0.567626 3.905316
v -1.848172 0.818858 4.184104
v -1.160326 0.811957 4.184208
v -1.160091 1.083734 4.182085
v -1.847942 1.086786 4.183100
v -1.848647 1.513559 3.501304
v -1.848404 1.512480 1.846261
v -1.160599 0.977063 1.059519
v -1.159771 1.512480 1.846261
v -1.160872 1.513559 3.501304
v -1.159794 1.512925 0.177092
v -1.848406 1.512925 0.177092
v -1.848180 0.979804 1.059425
v -1.159938 0.568023 0.581109
v -1.848565 0.570616 0.581091
v -1.160299 0.977517 -0.595519
v -1.847828 0.979877 -0.595614
v -1.160444 0.568479 -1.073930
v -1.847775 0.570685 -1.073951
v -1.847933 1.514079 -1.477945
v -1.848251 0.989545 -2.288333
v -1.160510 1.514079 -1.477945
v -1.158387 0.977919 -2.288052
v -1.158468 1.512601 -2.302234
v -1.847836 1.512601 -2.302234
v 1.160091 1.083734 4.182085
v 1.160326 0.811957 4.184208
v 1.848172 0.818858 4.184104
v 1.160308 0.567626 3.905316
v 1.847485 0.567636 3.905288
v 1.159865 0.976287 2.728686
v 1.847508 0.979414 2.728590
v 1.160458 0.568176 2.250278
v 1.847543 0.568189 2.250249
v 1.848404 1.512480 1.846261
v 1.848647 1.513559 3.501304
v 1.847942 1.086786 4.183100
v 1.160872 1.513559 3.501304
v 1.159771 1.512480 1.846261
v 1.160599 0.977063 1.059519
v 1.848406 1.512925 0.177092
v 1.159794 1.512925 0.177092
v 1.848565 0.570616 0.581091
v 1.159938 0.568023 0.581109
v 1.848180 0.979804 1.059425
v 1.160299 0.977517 -0.595519
v 1.847775 0.570685 -1.073951
v 1.160444 0.568479 -1.073930
v 1.847828 0.979877 -0.595614
v 1.848251 0.989545 -2.288333
v 1.847933 1.514079 -1.477945
v 1.160510 1.514079 -1.477945
v 1.158387 0.977919 -2.288052
v 1.158468 1.512601 -2.302234
v 1.847836 1.512601 -2.302234
v -1.081372 1.863511 0.661621
v -1.081378 1.864465 -0.366876
v -0.942125 2.220484 0.500842
v -0.942127 2.294585 -0.192976
v -0.835564 2.283560 -0.107781
v -0.483412 2.329051 -0.528869
v 0.000000 1.392057 0.159801
v -0.355877 2.135248 -0.624144
v 0.000000 2.136461 -0.753314
v -0.356220 2.136329 -0.817494
v 0.000000 2.134955 -0.945703
v 0.000000 1.863341 -1.138765
v 0.356220 2.136329 -0.817494
v 0.570584 1.864760 -1.009896
v 0.547221 2.351063 -0.683107
v 1.081378 1.864465 -0.366876
v 0.942127 2.294585 -0.192976
v 0.942125 2.220484 0.500842
v 0.835564 2.283560 -0.107781
v 0.835348 2.228611 0.415639
v 0.335353 2.185968 0.836737
v 0.222514 2.048652 0.957774
v 0.419484 2.161033 1.055400
v 0.247550 2.048691 1.151127
v 0.475111 1.862868 1.304638
v 0.000000 1.862868 1.304637
v 0.483412 2.329051 -0.528869
v 0.355877 2.135248 -0.624144
v 1.081372 1.863511 0.661621
v -0.547221 2.351063 -0.683107
v -0.570584 1.864760 -1.009896
v -0.475111 1.862868 1.304638
v 0.000000 2.048946 1.150467
v -0.247550 2.048691 1.151127
v -0.222514 2.048652 0.957774
v -0.419484 2.161033 1.055400
v -0.335353 2.185968 0.836737
v -0.835348 2.228611 0.415639
v 0.000000 2.048531 0.958081
v -0.301498 1.377828 3.721922
v -1.682579 1.005496 -2.733786
v -1.682113 1.025105 -2.775921
v -1.592639 0.674509 -2.848127
v -1.592405 0.693073 -2.890265
v -1.332952 1.005496 -2.733786
v -1.418233 0.674509 -2.848127
v -1.418253 0.693073 -2.890265
v -1.332947 1.025105 -2.775922
v -0.457078 2.390852 2.380654
v -0.740323 2.390852 2.380654
v -0.455947 2.388586 1.981202
v -0.614096 2.388586 1.981202
v -0.571597 2.199531 1.840526
v -0.654284 2.384339 1.881203
v -0.610084 2.239638 1.734699
v -0.741037 2.384339 1.881203
v -0.816745 2.239638 1.734699
v -0.816292 2.006339 2.329823
v -0.095781 2.239638 1.734699
v -0.302442 2.239638 1.734699
v -0.171798 2.384339 1.881203
v -0.259739 2.384339 1.881203
v -0.298996 2.388586 1.981202
v -0.341805 2.199531 1.840526
v -0.456701 2.199531 1.840526
v -0.172596 2.390852 2.380654
v -0.096771 2.006339 2.329823
v -0.456663 1.490639 3.411457
v -0.995488 1.491017 3.410419
v -0.906530 1.976007 3.240643
v -1.161270 1.733652 2.674996
v -1.049443 2.197574 2.797789
v -0.865304 1.923733 2.235898
v -0.791597 2.409336 2.369850
v -0.456875 1.923330 2.237010
v -0.456754 2.390768 2.371596
v -0.120545 2.409336 2.369850
v -0.456284 1.959558 3.241889
v 0.137293 2.197574 2.797789
v 0.000000 1.976007 3.240643
v 0.248663 1.733652 2.674996
v 0.083569 1.491017 3.410419
v -0.048366 1.923733 2.235898
v 1.592405 0.693073 -2.890265
v 1.592639 0.674509 -2.848127
v 1.682113 1.025105 -2.775921
v 1.682579 1.005496 -2.733786
v 1.418233 0.674509 -2.848127
v 1.332952 1.005496 -2.733786
v 1.332947 1.025105 -2.775922
v 1.418253 0.693073 -2.890265
v -1.147364 1.513175 -0.796590
v -1.006883 1.892531 -0.806652
v -1.147163 1.514071 -1.283238
v -1.147097 1.513163 -2.424227
v -1.203499 2.398469 -0.820057
v -1.853038 1.507460 -2.424093
v -1.852250 1.508590 -0.796454
v -1.852326 1.507574 -1.283107
v -1.911058 2.398469 -0.820056
v -1.483657 1.892531 -0.806652
v -2.122756 1.892531 -0.806652
v -1.854121 1.892137 0.083636
v 1.147097 1.513163 -2.424227
v 1.147163 1.514071 -1.283238
v 1.006883 1.892531 -0.806652
v 1.147364 1.513175 -0.796590
v 1.203499 2.398469 -0.820057
v 1.853038 1.507460 -2.424093
v 1.852326 1.507574 -1.283107
v 1.852250 1.508590 -0.796454
v 1.911058 2.398469 -0.820056
v 1.483657 1.892531 -0.806652
v 2.122756 1.892531 -0.806652
v 1.854121 1.892137 0.083636
v -1.264904 0.749878 -2.334235
v -1.264803 1.019186 -2.782594
v -1.755274 0.749878 -2.334235
v -1.754973 1.019186 -2.782594
v -1.755539 1.372672 -2.600038
v -1.264938 1.372672 -2.600038
v -1.755296 1.477777 -2.249044
v -1.755386 1.520547 -2.450841
v -1.265373 1.477777 -2.249044
v -1.265368 1.520547 -2.450841
v -1.721173 1.379664 -2.557648
v -1.299120 1.379664 -2.557648
v -1.299056 1.474719 -2.460969
v -1.720953 1.474719 -2.460969
v 1.264904 0.749878 -2.334235
v 1.755274 0.749878 -2.334235
v 1.264803 1.019186 -2.782594
v 1.754973 1.019186 -2.782594
v 1.755539 1.372672 -2.600038
v 1.264938 1.372672 -2.600038
v 1.755386 1.520547 -2.450841
v 1.755296 1.477777 -2.249044
v 1.265373 1.477777 -2.249044
v 1.265368 1.520547 -2.450841
v 1.299120 1.379664 -2.557648
v 1.721173 1.379664 -2.557648
v 1.720953 1.474719 -2.460969
v 1.299056 1.474719 -2.460969
v -0.914763 1.838080 3.566870
v -0.886690 1.737576 3.787660
v -0.747372 1.936356 3.597735
v -0.723529 1.856769 3.820981
v -0.456009 1.936356 3.597735
v -0.456415 1.856768 3.820981
v -0.189302 1.856769 3.820981
v -0.260798 1.302530 4.359007
v -0.025396 1.737576 3.787660
v -0.222918 1.223271 4.406018
v -0.652419 1.302530 4.359007
v -0.456608 1.302530 4.359007
v -0.166001 1.936356 3.597735
v 0.000000 1.838080 3.566870
v 0.168067 1.036070 3.321617
v -0.222320 0.824392 4.557579
v -0.221528 0.913255 4.602308
v -0.456921 0.913185 4.602493
v -0.690357 1.223271 4.406018
v -0.690850 0.913255 4.602308
v -0.690248 0.824392 4.557579
v -1.080850 1.036070 3.321617
v -0.457008 0.824392 4.557579
v 0.000000 0.452928 3.787788
v -0.456860 0.452928 3.787789
v -0.456378 1.049121 3.321257
v -0.925416 0.452928 3.787788
v -2.122853 1.893833 -2.508123
v 2.122853 1.893833 -2.508123
v -1.832004 1.948131 -2.175878
v -1.831981 1.344955 -2.156456
v -1.167699 1.948131 -2.175878
v -1.167544 1.344955 -2.156456
v -1.167480 1.947418 -1.198573
v -1.167513 1.346439 -1.179146
v -1.831942 1.947418 -1.198573
v -1.831734 1.346439 -1.179146
v 1.167699 1.948131 -2.175878
v 1.167480 1.947418 -1.198573
v 1.167544 1.344955 -2.156456
v 1.167513 1.346439 -1.179146
v 1.831981 1.344955 -2.156456
v 1.832004 1.948131 -2.175878
v 1.831942 1.947418 -1.198573
v -1.805755 1.801459 -2.118408
v -1.755663 1.876480 -2.120419
v -1.726671 1.834551 -2.358718
v -1.373180 1.834550 -2.358717
v -1.726999 1.538926 -2.350892
v -1.330740 1.775100 -2.357153
v -1.373121 1.538926 -2.350892
v -1.330833 1.598479 -2.352457
v -1.289044 1.574217 -2.112388
v -1.289596 1.801459 -2.118408
v -1.339648 1.876480 -2.120418
v -1.339864 1.499036 -2.110379
v -1.755643 1.499035 -2.110379
v -1.805624 1.574217 -2.112388
v -1.769389 1.598479 -2.352457
v -1.769787 1.775100 -2.357153
v 1.755663 1.876480 -2.120419
v 1.339648 1.876480 -2.120418
v 1.373180 1.834550 -2.358717
v 1.289596 1.801459 -2.118408
v 1.330740 1.775100 -2.357153
v 1.289044 1.574217 -2.112388
v 1.330833 1.598479 -2.352457
v 1.373121 1.538926 -2.350892
v 1.726999 1.538926 -2.350892
v 1.726671 1.834551 -2.358718
v 1.805755 1.801459 -2.118408
v 1.769787 1.775100 -2.357153
v 1.769389 1.598479 -2.352457
v 1.805624 1.574217 -2.112388
v 1.755643 1.499035 -2.110379
v 1.339864 1.499036 -2.110379
v 1.831734 1.346439 -1.179146
v -1.908909 2.398532 -2.161602
v -1.203763 2.398532 -2.161601
v -1.911995 2.398262 -1.306710
v 1.203763 2.398532 -2.161601
v 1.908909 2.398532 -2.161602
v -1.874746 2.249038 -2.281823
v -1.817827 2.583091 -2.187667
v -1.649598 2.249215 -2.282158
v -1.709142 2.583101 -2.187688
v 1.709142 2.583101 -2.187688
v 1.649598 2.249215 -2.282158
v 1.817827 2.583091 -2.187667
v 1.874746 2.249038 -2.281823
v -1.765323 2.386987 -1.534697
v 1.765323 2.386987 -1.534697
vn -0.8941 -0.1124 0.4335
vn -0.8017 -0.5586 0.2127
vn -0.1004 0.1750 0.9794
vn -0.6863 -0.6653 0.2939
vn 0.8941 -0.1124 0.4335
vn 0.1004 0.1750 0.9794
vn 0.8017 -0.5586 0.2127
vn 0.6863 -0.6653 0.2939
vn -1.0000 0.0014 -0.0013
vn -1.0000 0.0004 -0.0001
vn -1.0000 0.0008 0.0007
vn -1.0000 0.0005 0.0006
vn -1.0000 0.0011 0.0015
vn -1.0000 0.0020 -0.0019
vn -1.0000 0.0020 -0.0017
vn -1.0000 0.0002 0.0005
vn -1.0000 0.0001 0.0001
vn -1.0000 0.0001 0.0003
vn -1.0000 0.0007 -0.0001
vn -1.0000 0.0009 -0.0001
vn -1.0000 0.0013 -0.0010
vn -1.0000 0.0016 -0.0017
vn -1.0000 0.0011 -0.0008
vn -0.9914 0.1296 -0.0179
vn -0.6614 0.7337 0.1554
vn -0.9901 0.1388 -0.0195
vn -0.6508 0.7432 0.1552
vn 0.6487 0.7451 0.1550
vn 0.6615 0.7336 0.1558
vn 0.9898 0.1411 -0.0191
vn 0.9916 0.1283 -0.0168
vn 1.0000 0.0011 0.0015
vn 1.0000 0.0005 0.0006
vn 1.0000 0.0008 0.0007
vn 1.0000 0.0004 -0.0001
vn 1.0000 0.0014 -0.0013
vn 1.0000 0.0020 -0.0019
vn 1.0000 0.0020 -0.0017
vn 1.0000 0.0013 -0.0010
vn 1.0000 0.0009 -0.0001
vn 1.0000 0.0007 -0.0001
vn 1.0000 0.0001 0.0001
vn 1.0000 0.0001 0.0003
vn 1.0000 0.0002 0.0005
vn 1.0000 0.0016 -0.0017
vn 1.0000 0.0011 -0.0008
vn -0.0000 1.0000 0.0017
vn 0.6600 0.4309 -0.6155
vn -0.9957 0.0929 0.0022
vn -0.7183 0.3550 -0.5983
vn -0.0000 -0.0265 -0.9997
vn 0.7183 0.3550 -0.5983
vn -0.6600 0.4309 -0.6155
vn 0.9957 0.0922 0.0005
vn -0.0000 0.8785 0.4778
vn 0.9893 0.1455 -0.0056
vn 0.9863 0.1647 -0.0090
vn 0.6531 0.7399 0.1613
vn 0.6376 0.7537 0.1590
vn -0.6354 0.7557 0.1590
vn -0.6526 0.7403 0.1617
vn -0.9858 0.1679 -0.0084
vn -0.9893 0.1461 -0.0045
vn -0.1339 -0.1934 0.9720
vn 0.0789 -0.0190 0.9967
vn -0.0369 0.3980 0.9166
vn 0.2689 0.4878 0.8305
vn -0.1844 0.1236 0.9751
vn 0.1844 0.1236 0.9751
vn 0.0369 0.3980 0.9166
vn 0.1339 -0.1934 0.9720
vn -0.0789 -0.0190 0.9967
vn -0.2689 0.4878 0.8305
vn -0.7486 0.2761 -0.6029
vn -0.9317 0.3631 0.0002
vn -0.4515 0.6527 -0.6084
vn -0.5690 0.8223 0.0008
vn 0.5756 0.5710 -0.5854
vn 0.7131 0.7011 0.0006
vn 1.0000 0.0010 0.0001
vn 0.7135 -0.0178 -0.7004
vn -1.0000 0.0010 0.0001
vn -0.7131 0.7011 0.0006
vn -0.5756 0.5710 -0.5854
vn 0.5690 0.8223 0.0008
vn 0.4515 0.6527 -0.6084
vn 0.9317 0.3631 0.0002
vn 0.7486 0.2761 -0.6029
vn -0.7135 -0.0178 -0.7004
vn 0.7078 -0.1706 -0.6855
vn 0.7109 -0.1658 0.6835
vn 0.5307 -0.6497 0.5443
vn -0.7099 -0.1584 0.6862
vn -0.5314 -0.6488 0.5447
vn -0.7062 -0.1679 -0.6878
vn -0.5354 -0.6272 -0.5657
vn 0.5307 -0.6303 -0.5667
vn 0.5334 -0.4882 -0.6907
vn 0.6847 -0.0361 -0.7280
vn 0.5253 -0.7595 0.3837
vn 0.7317 -0.2943 0.6148
vn -0.5285 -0.7562 0.3857
vn -0.7309 -0.2866 0.6194
vn -0.6827 -0.0307 -0.7301
vn -0.5384 -0.4851 -0.6891
vn -0.7317 -0.2943 0.6148
vn -0.6842 -0.0395 -0.7282
vn -0.5244 -0.7591 0.3857
vn -0.5334 -0.4882 -0.6907
vn 0.5291 -0.7555 0.3864
vn 0.7309 -0.2866 0.6194
vn 0.5384 -0.4851 -0.6891
vn 0.6833 -0.0295 -0.7295
vn 0.3984 -0.9155 0.0567
vn 0.4029 -0.6669 0.6268
vn -0.4022 -0.9140 0.0528
vn -0.4239 -0.6610 0.6191
vn -0.4475 -0.3468 0.8243
vn 0.4445 -0.3580 0.8211
vn 0.4865 -0.8737 -0.0023
vn -0.4881 -0.8728 -0.0092
vn 0.3720 0.8746 -0.3111
vn -0.5375 0.8396 0.0789
vn -0.2704 0.8271 0.4928
vn -0.8424 0.1229 0.5247
vn -0.9328 0.3350 0.1329
vn -0.8753 -0.4696 -0.1152
vn -0.9462 -0.1379 -0.2927
vn -0.3297 -0.4856 -0.8097
vn -0.5228 -0.1213 -0.8438
vn -0.1275 0.3552 -0.9261
vn -0.1029 0.8579 -0.5034
vn 0.3194 0.1302 -0.9386
vn -0.9258 0.3496 0.1438
vn 0.0028 0.8799 -0.4751
vn -0.9411 -0.1637 -0.2958
vn -0.0163 0.3276 -0.9447
vn 0.4889 0.0284 -0.8719
vn -0.4719 -0.1440 -0.8698
vn -0.2698 -0.5783 -0.7699
vn -0.8679 -0.4905 -0.0789
vn -0.8416 0.1066 0.5294
vn -0.4861 0.8656 0.1205
vn -0.2284 0.7869 0.5733
vn 0.5473 0.8178 -0.1776
vn -0.3169 -0.7588 0.5691
vn 0.3209 -0.7590 0.5665
vn 0.3848 -0.0855 0.9191
vn 0.7451 -0.6525 0.1380
vn 0.9274 0.0321 0.3727
vn 0.7439 -0.4929 -0.4512
vn 0.9144 0.1719 -0.3664
vn 0.3683 0.2568 -0.8935
vn -0.3677 0.2556 -0.8941
vn -0.7430 -0.4939 -0.4516
vn -0.9144 0.1719 -0.3664
vn -0.9274 0.0321 0.3727
vn -0.7499 -0.6464 0.1408
vn -0.3855 -0.0852 0.9187
vn -0.3137 -0.3945 -0.8637
vn 0.3099 -0.3960 -0.8644
vn 0.4475 -0.3468 0.8243
vn 0.4022 -0.9140 0.0528
vn 0.4881 -0.8728 -0.0092
vn -0.4865 -0.8737 -0.0023
vn -0.3984 -0.9155 0.0567
vn -0.4445 -0.3580 0.8211
vn -0.4029 -0.6669 0.6268
vn 0.4239 -0.6610 0.6191
vn 0.5386 0.8391 0.0766
vn 0.9326 0.3367 0.1299
vn 0.1059 0.8619 -0.4959
vn 0.9462 -0.1295 -0.2964
vn 0.1234 0.3579 -0.9256
vn 0.5228 -0.1213 -0.8438
vn 0.3297 -0.4856 -0.8097
vn 0.8742 -0.4709 -0.1184
vn 0.8439 0.1201 0.5229
vn 0.2704 0.8271 0.4928
vn -0.3710 0.8754 -0.3098
vn -0.3194 0.1302 -0.9386
vn -0.5465 0.8191 -0.1742
vn 0.2284 0.7869 0.5733
vn 0.4823 0.8676 0.1209
vn 0.8429 0.1037 0.5280
vn 0.9264 0.3474 0.1452
vn 0.8665 -0.4923 -0.0826
vn 0.9411 -0.1638 -0.2958
vn 0.2698 -0.5783 -0.7699
vn 0.4741 -0.1478 -0.8680
vn -0.4934 0.0323 -0.8692
vn 0.0163 0.3276 -0.9447
vn -0.0045 0.8780 -0.4787
vn -0.5279 -0.6514 0.5450
vn -0.5307 -0.6303 -0.5667
vn 0.5294 -0.6497 0.5455
vn 0.5354 -0.6272 -0.5657
vn 0.7072 -0.1654 -0.6874
vn 0.7099 -0.1584 0.6862
vn -0.7109 -0.1658 0.6835
vn -0.7074 -0.1757 -0.6846
vn 0.0015 0.5270 0.8499
vn -0.5610 0.7793 0.2793
vn -0.7506 0.4655 0.4691
vn -0.8288 0.3217 -0.4579
vn -0.5771 0.7192 -0.3869
vn -0.0000 0.2123 -0.9772
vn -0.0000 0.6820 -0.7314
vn 0.5771 0.7192 -0.3869
vn -0.0000 0.8088 0.5881
vn 0.5592 0.7820 0.2752
vn 0.8286 0.3221 -0.4579
vn 0.7506 0.4655 0.4691
vn -0.0533 0.2579 0.9647
vn 0.8223 0.2424 0.5149
vn 0.5217 0.7923 0.3165
vn 0.8743 0.2191 -0.4332
vn 0.5533 0.7892 -0.2664
vn 0.0536 0.2160 -0.9749
vn 0.0307 0.7853 -0.6184
vn -0.5274 0.7849 -0.3254
vn -0.5551 0.7896 0.2615
vn -0.0355 0.7962 0.6040
vn -0.8697 0.2422 0.4301
vn -0.8222 0.2221 -0.5241
vn 0.0612 -0.0223 -0.9979
vn 0.9009 -0.0117 -0.4339
vn 0.8438 0.0139 0.5364
vn -0.0528 0.0288 0.9982
vn -0.8802 0.0178 0.4743
vn -0.8602 -0.0025 -0.5099
vn -0.7184 0.0285 0.6951
vn -0.6921 -0.0422 -0.7206
vn -0.7927 0.2319 0.5639
vn -0.6344 -0.3230 -0.7023
vn -0.6616 -0.6349 -0.3989
vn 0.6925 -0.0424 -0.7201
vn 0.6331 -0.3234 -0.7032
vn 0.6647 -0.6313 -0.3995
vn 0.7439 0.6592 0.1095
vn 0.7674 0.5359 0.3521
vn 0.7921 0.2300 0.5654
vn 0.7186 0.0285 0.6949
vn -0.7697 0.5341 0.3498
vn -0.7464 0.6567 0.1084
vn 0.7082 0.7060 0.0004
vn -0.7056 -0.7086 -0.0003
vn -0.6686 -0.7317 -0.1323
vn 0.6697 -0.7308 -0.1321
vn 0.7453 0.6576 -0.1099
vn 0.7050 -0.7092 0.0022
vn -0.7080 0.7063 0.0003
vn -0.7485 0.6536 -0.1119
vn 0.7717 0.5240 -0.3604
vn -0.6578 -0.6324 0.4090
vn -0.6694 -0.7309 0.1329
vn 0.6702 -0.7303 0.1327
vn 0.7936 0.2065 -0.5723
vn 0.6594 -0.6295 0.4110
vn -0.7047 -0.0063 -0.7094
vn -0.7940 0.2051 -0.5722
vn -0.7733 0.5238 -0.3573
vn -0.6312 -0.2955 0.7171
vn -0.7051 -0.0016 0.7091
vn 0.7050 -0.0044 0.7092
vn 0.6323 -0.2952 0.7162
vn 0.7061 -0.0083 -0.7081
vn 0.6648 -0.6325 -0.3975
vn 0.6344 -0.3230 -0.7023
vn 0.7930 0.2314 0.5635
vn 0.6937 -0.0416 -0.7191
vn 0.7184 0.0285 0.6951
vn -0.6653 -0.6308 -0.3993
vn -0.6331 -0.3234 -0.7032
vn -0.6919 -0.0426 -0.7207
vn -0.7186 0.0285 0.6949
vn -0.7922 0.2325 0.5643
vn 0.7700 0.5338 0.3494
vn 0.7458 0.6573 0.1085
vn 0.6686 -0.7317 -0.1323
vn 0.7068 -0.7074 -0.0003
vn -0.7082 0.7060 0.0004
vn -0.7442 0.6592 0.1078
vn -0.7667 0.5362 0.3530
vn -0.7042 -0.7100 0.0011
vn -0.6697 -0.7308 -0.1321
vn -0.6592 -0.6308 0.4092
vn -0.7462 0.6567 -0.1091
vn -0.6702 -0.7303 0.1327
vn -0.7715 0.5243 -0.3605
vn 0.7477 0.6550 -0.1093
vn 0.7080 0.7063 0.0003
vn 0.6694 -0.7309 0.1329
vn 0.6608 -0.6279 0.4111
vn -0.7056 -0.0043 0.7086
vn -0.7944 0.2080 -0.5707
vn -0.6323 -0.2952 0.7162
vn 0.7734 0.5222 -0.3595
vn 0.7942 0.2073 -0.5712
vn 0.7047 -0.0063 -0.7094
vn 0.7052 -0.0033 0.7090
vn 0.6312 -0.2955 0.7171
vn 0.5384 0.7925 0.2866
vn 0.8601 0.1178 -0.4963
vn 0.5445 0.7746 -0.3218
vn 0.0014 0.1164 -0.9932
vn 0.0064 0.7821 -0.6231
vn -0.5406 0.7762 -0.3244
vn -0.5416 0.7901 0.2871
vn -0.0009 0.7884 0.6151
vn -0.0003 0.1525 0.9883
vn -0.8594 0.1409 0.4915
vn -0.8620 0.1178 -0.4931
vn -0.0001 -0.9996 0.0280
vn 0.8620 0.1430 0.4863
vn -0.7061 -0.0083 -0.7081
vn -0.1102 0.5785 0.8082
vn -0.6233 0.5489 0.5570
vn -0.0577 0.7521 0.6565
vn 0.2993 0.7892 0.5362
vn -0.0329 0.9312 0.3631
vn 0.1102 0.5785 0.8082
vn 0.0577 0.7521 0.6565
vn 0.6233 0.5489 0.5570
vn -0.2989 0.7886 0.5373
vn 0.0329 0.9312 0.3631
vn -0.8275 -0.5615 -0.0024
vn -0.6361 -0.3279 -0.6985
vn -0.0000 -1.0000 -0.0017
vn 0.6301 -0.3329 -0.7016
vn 0.8256 -0.5643 -0.0032
vn 0.6361 -0.3279 -0.6985
vn -0.6301 -0.3329 -0.7016
vn -0.6996 -0.0230 -0.7141
vn 0.6994 -0.0228 -0.7143
vn -0.7139 -0.0226 -0.6999
vn 0.7139 -0.0224 -0.6999
vn 1.0000 0.0001 -0.0001
vn 1.0000 -0.0001 -0.0000
vn -1.0000 -0.0002 0.0002
vn -1.0000 -0.0003 0.0003
vn -0.6994 -0.0228 -0.7143
vn -0.7139 -0.0224 -0.6999
vn -1.0000 0.0001 -0.0001
vn -1.0000 -0.0001 -0.0000
vn 0.7139 -0.0226 -0.6999
vn 0.6996 -0.0230 -0.7141
vn 1.0000 -0.0002 0.0002
vn -0.9402 0.2901 -0.1788
vn -0.4721 0.8566 -0.2082
vn -0.3264 0.6339 -0.7011
vn 0.3238 0.6323 -0.7038
vn -0.3275 -0.6557 -0.6803
vn 0.6690 0.1916 -0.7181
vn 0.3222 -0.6548 -0.6837
vn 0.6661 -0.2214 -0.7122
vn 0.9321 -0.3048 -0.1955
vn 0.9371 0.2880 -0.1974
vn 0.4753 0.8527 -0.2169
vn 0.4638 -0.8614 -0.2070
vn -0.4640 -0.8633 -0.1984
vn -0.9361 -0.3047 -0.1755
vn -0.6734 -0.2235 -0.7046
vn -0.6764 0.1951 -0.7103
vn 0.4721 0.8566 -0.2082
vn -0.3238 0.6323 -0.7038
vn -0.4753 0.8527 -0.2169
vn -0.9371 0.2880 -0.1974
vn -0.6690 0.1916 -0.7181
vn -0.9324 -0.3045 -0.1946
vn -0.6661 -0.2214 -0.7122
vn -0.3222 -0.6548 -0.6837
vn 0.3275 -0.6557 -0.6803
vn 0.3264 0.6339 -0.7011
vn 0.9402 0.2901 -0.1788
vn 0.6764 0.1951 -0.7103
vn 0.6734 -0.2235 -0.7046
vn 0.9360 -0.3049 -0.1760
vn 0.4640 -0.8633 -0.1984
vn -0.4638 -0.8614 -0.2070
vn 1.0000 -0.0003 0.0003
vn -0.7114 0.7028 0.0002
vn -0.7056 0.7086 0.0005
vn -1.0000 0.0008 0.0002
vn -0.9317 0.3130 -0.1845
vn -0.7896 0.5945 0.1521
vn -0.5287 0.7964 -0.2937
vn -0.1706 0.9220 -0.3475
vn -0.9850 0.1696 -0.0323
vn -0.6910 0.7134 0.1166
vn -0.0000 0.9997 0.0262
vn -0.0000 0.9737 0.2280
vn 0.6911 0.7133 0.1164
vn 0.1706 0.9220 -0.3475
vn 0.7896 0.5945 0.1521
vn 0.5287 0.7964 -0.2937
vn 0.9317 0.3130 -0.1845
vn 0.0002 0.9437 -0.3308
vn -0.0000 0.9041 -0.4274
vn -0.0000 1.0000 0.0004
vn -0.0002 0.9437 -0.3308
vn 0.0004 -0.6175 -0.7866
vn -0.0000 -0.4305 -0.9026
vn 0.0028 -0.7959 -0.6054
vn 0.8572 0.5129 0.0463
vn 0.7056 0.7087 0.0004
vn 0.4237 -0.8332 0.3552
vn -0.4118 -0.8245 0.3881
vn -0.0000 -0.6668 0.7453
vn -0.0000 -0.9995 0.0319
vn -0.0010 -1.0000 0.0002
vn 0.1618 -0.9868 -0.0004
vn 0.7427 -0.6058 0.2852
vn -0.4237 -0.8332 0.3552
vn 0.6558 -0.2206 -0.7220
vn -0.0000 -0.2923 -0.9563
vn -0.0000 -0.0503 -0.9987
vn -0.6558 -0.2204 -0.7221
vn -0.6715 -0.0372 -0.7400
vn -0.6117 -0.6882 -0.3902
vn -0.9513 0.0710 -0.3000
vn -0.6543 -0.7325 0.1879
vn -0.6164 0.3540 0.7034
vn 0.6716 -0.0366 -0.7400
vn 0.6118 -0.6878 -0.3906
vn 0.9513 0.0710 -0.3000
vn 0.6535 -0.7334 0.1874
vn 0.6165 0.3530 0.7038
vn 0.6106 -0.4132 0.6756
vn -0.5726 0.7627 -0.3007
vn -0.0000 0.9414 -0.3374
vn -0.0000 0.2499 -0.9683
vn 0.5726 0.7627 -0.3007
vn -0.0000 0.4417 0.8972
vn -0.6106 -0.4132 0.6756
vn -0.0000 -0.5211 0.8535
vn -0.0000 -0.9680 0.2511
vn -0.0014 -0.8697 -0.4935
vn 0.4446 0.0054 -0.8957
vn 0.5058 -0.8607 -0.0583
vn -0.4772 0.0279 -0.8784
vn -0.5236 -0.8505 -0.0494
vn -0.7452 -0.5828 0.3242
vn 0.7354 -0.6072 0.3008
vn -0.3370 0.2008 0.9198
vn 0.3445 0.1941 0.9185
vn 0.4217 0.1460 -0.8949
vn 0.7985 -0.5834 0.1482
vn 0.7173 0.2262 -0.6590
vn 0.7435 0.6207 -0.2489
vn -0.7394 0.6285 -0.2414
vn -0.7251 0.2290 -0.6494
vn -0.8032 -0.5759 0.1527
vn -0.4298 0.1622 -0.8882
vn -0.0091 0.6530 -0.7573
vn -0.3132 0.9472 0.0693
vn -0.7920 -0.1367 0.5950
vn 0.3315 0.9411 0.0662
vn 0.7915 -0.1478 0.5931
vn 0.3791 -0.8213 0.4264
vn 0.3757 0.1302 0.9175
vn -0.3888 -0.8201 0.4200
vn -0.3983 0.1263 0.9085
vn 0.6677 -0.7110 0.2205
vn -0.7550 -0.6508 0.0805
vn -0.6447 -0.7227 -0.2489
vn 0.2120 0.7631 0.6105
vn 0.6525 0.5061 0.5640
vn 0.6581 -0.7477 -0.0881
vn 0.6139 0.3535 0.7058
vn -0.7159 0.3904 0.5789
vn -0.6251 0.6666 0.4061
vn -0.7748 -0.4276 -0.4656
vn -0.9714 0.1612 -0.1741
vn -0.4011 0.9054 0.1391
vn -0.0172 0.9712 0.2375
vn 0.0012 0.9324 -0.3614
vn 0.4058 0.9055 0.1238
vn 0.3172 0.9067 -0.2781
vn -0.9666 0.2373 0.0968
vn -0.3172 0.9067 -0.2781
vn -0.0000 0.7367 -0.6762
vn -0.0000 0.5304 0.8478
vn -0.2349 0.7169 0.6564
vn -0.8205 0.3906 0.4173
vn -0.8218 -0.4024 0.4034
vn -0.8129 0.3897 -0.4329
vn -0.8126 -0.3765 -0.4448
vn -0.6006 -0.5089 0.6167
vn -0.6520 0.7572 0.0399
vn -0.5729 -0.5693 -0.5897
vn -0.3478 0.0513 -0.9362
vn 0.3130 -0.6699 0.6732
vn 0.4279 -0.6499 -0.6281
vn 0.2510 0.0571 -0.9663
vn 0.4601 -0.5123 -0.7251
vn 0.7040 -0.5029 0.5015
vn 0.1173 0.2969 -0.9477
vn -0.0012 0.9966 0.0826
vn -0.1298 0.4193 -0.8985
vn -0.0000 0.0867 -0.9962
vn -0.2257 0.0666 -0.9719
vn -0.4903 -0.3472 -0.7994
vn -0.5220 -0.5709 -0.6337
vn -0.5754 -0.1819 0.7974
vn -0.4429 -0.6117 0.6555
vn -0.0000 -0.7283 -0.6853
vn 0.2257 0.0666 -0.9719
vn 0.1298 0.4193 -0.8985
vn -0.1173 0.2969 -0.9477
vn 0.3478 0.0513 -0.9362
vn -0.2510 0.0571 -0.9663
vn 0.5220 -0.5709 -0.6337
vn 0.4903 -0.3472 -0.7994
vn -0.4612 -0.5105 -0.7257
vn -0.4279 -0.6499 -0.6281
vn 0.5729 -0.5693 -0.5897
vn 0.6520 0.7572 0.0399
vn 0.6006 -0.5089 0.6167
vn -0.3130 -0.6699 0.6732
vn -0.7040 -0.5029 0.5015
vn 0.5785 -0.1758 0.7965
vn 0.4429 -0.6117 0.6555
vn 0.0028 -0.6671 0.7450
vn -0.9419 0.0033 0.3360
vn 0.2608 0.8258 0.5000
vn -0.1316 0.8267 0.5470
vn 0.0767 0.9729 0.2181
vn 0.6240 0.6701 0.4021
vn -0.6525 0.5061 0.5640
vn -0.6116 0.3562 0.7064
vn -0.6581 -0.7477 -0.0881
vn -0.6698 -0.7092 0.2201
vn -0.3757 0.1302 0.9175
vn -0.3791 -0.8213 0.4264
vn 0.3983 0.1263 0.9085
vn 0.3888 -0.8201 0.4200
vn 0.6482 -0.7209 -0.2454
vn 0.7550 -0.6508 0.0805
vn 0.7146 0.3918 0.5795
vn 0.9714 0.1609 -0.1747
vn 0.7750 -0.4268 -0.4661
vn 0.8129 0.3897 -0.4329
vn 0.8199 0.3898 0.4193
vn 0.8142 -0.3739 -0.4442
vn 0.8217 -0.4022 0.4038
vn -0.2346 0.9434 0.2344
vn -0.4993 0.8610 -0.0973
vn 0.2260 0.9472 -0.2275
vn 0.5675 0.6079 0.5553
vn -0.4252 0.5695 0.7035
vn -0.4430 0.0069 -0.8965
vn 0.4777 0.0271 -0.8781
vn -0.5073 -0.8598 -0.0578
vn 0.5236 -0.8505 -0.0494
vn -0.3452 0.1930 0.9185
vn -0.7354 -0.6072 0.3008
vn 0.3365 0.2012 0.9199
vn 0.7453 -0.5825 0.3244
vn -0.7424 0.6213 -0.2506
vn -0.7173 0.2262 -0.6590
vn -0.7985 -0.5834 0.1482
vn -0.4217 0.1460 -0.8949
vn 0.4294 0.1617 -0.8885
vn 0.8028 -0.5764 0.1524
vn 0.7251 0.2290 -0.6494
vn 0.7394 0.6285 -0.2414
vn 0.0091 0.6530 -0.7573
vn 0.3132 0.9472 0.0693
vn 0.7912 -0.1350 0.5964
vn -0.3315 0.9411 0.0662
vn -0.7915 -0.1478 0.5931
vn -0.6093 -0.7788 0.1494
vn 0.6100 -0.7784 0.1484
vn -0.8380 -0.5363 0.1005
vn 0.8366 -0.5384 0.1013
vn -0.6063 -0.7793 0.1581
vn 0.6080 -0.7789 0.1536
vn -0.6277 -0.3161 0.7114
vn 0.6222 -0.3224 0.7134
vn 0.6124 0.3830 0.6916
vn -0.6123 0.3837 0.6913
vn -0.6507 0.7294 0.2112
vn -0.7075 0.7067 -0.0000
vn 0.8357 -0.5393 0.1035
vn 0.7078 0.7064 -0.0000
vn 0.6487 0.7310 0.2117
vn 0.8944 0.4472 0.0003
vn -0.8944 0.4472 0.0002
vn -0.8385 -0.5353 0.1016
vn 0.6091 -0.7794 0.1469
vn -0.6116 -0.7775 0.1468
vn 0.8371 -0.5377 0.1010
vn -0.8386 -0.5354 0.1005
vn 0.6091 -0.7789 0.1492
vn -0.6116 -0.7772 0.1479
vn -0.8943 0.4475 -0.0007
vn -0.6018 -0.4704 -0.6454
vn 0.8942 0.4477 -0.0006
vn 0.5953 -0.4807 -0.6438
vn 0.5768 0.5697 -0.5855
vn -0.5758 0.5700 -0.5862
vn -0.6153 0.3806 0.6903
vn -0.6222 -0.3224 0.7134
vn 0.6265 -0.3147 0.7130
vn -0.6082 -0.7787 0.1540
vn 0.6088 -0.7772 0.1590
vn -0.8368 -0.5379 0.1019
vn 0.8385 -0.5354 0.1015
vn -0.6100 -0.7784 0.1484
vn 0.6105 -0.7776 0.1502
vn 0.7075 0.7067 -0.0000
vn 0.6507 0.7299 0.2093
vn 0.6110 0.3863 0.6910
vn -0.6491 0.7307 0.2117
vn -0.7078 0.7064 0.0004
vn -0.8360 -0.5389 0.1037
vn 0.8945 0.4470 -0.0001
vn -0.8947 0.4468 0.0004
vn 0.6120 -0.7771 0.1471
vn 0.8385 -0.5353 0.1016
vn -0.6088 -0.7796 0.1470
vn -0.8371 -0.5377 0.1010
vn 0.6116 -0.7772 0.1479
vn 0.8386 -0.5354 0.1005
vn -0.6087 -0.7793 0.1490
vn 0.6018 -0.4704 -0.6454
vn 0.8942 0.4476 -0.0010
vn -0.8936 0.4489 -0.0002
vn -0.5953 -0.4807 -0.6438
vn -0.5768 0.5697 -0.5855
vn 0.5758 0.5700 -0.5862
vn -0.8144 -0.4338 0.3854
vn -0.5732 0.7849 0.2351
vn -0.8215 -0.4773 -0.3121
vn -0.6084 0.7867 -0.1044
vn 0.2830 0.9361 0.2091
vn 0.5283 0.8377 0.1381
vn -0.0000 1.0000 0.0026
vn 0.5924 0.7877 0.1692
vn -0.0050 0.9641 0.2655
vn 0.0925 0.8491 -0.5200
vn -0.0000 0.8455 -0.5339
vn -0.0000 -0.3962 -0.9182
vn -0.0941 0.8466 -0.5238
vn 0.4173 -0.4002 -0.8159
vn 0.0177 0.8868 -0.4617
vn 0.8215 -0.4773 -0.3121
vn 0.6084 0.7867 -0.1044
vn 0.5729 0.7850 0.2358
vn -0.2840 0.9361 0.2074
vn -0.2722 0.9621 -0.0172
vn -0.4886 0.8678 -0.0906
vn -0.4294 0.8934 -0.1321
vn 0.0469 0.8728 0.4859
vn -0.1067 0.8487 0.5180
vn 0.3516 -0.3513 0.8677
vn 0.0012 -0.4260 0.9047
vn -0.5283 0.8377 0.1381
vn -0.5924 0.7877 0.1692
vn 0.8144 -0.4338 0.3854
vn -0.0177 0.8868 -0.4617
vn -0.4174 -0.4006 -0.8157
vn -0.3532 -0.3544 0.8658
vn -0.0000 0.9056 0.4241
vn 0.1056 0.8482 0.5191
vn 0.4294 0.8935 -0.1317
vn -0.0469 0.8728 0.4859
vn 0.4886 0.8678 -0.0906
vn 0.2715 0.9623 -0.0150
vn -0.0000 0.9411 -0.3382
vn 0.9850 0.1693 -0.0325
vn -0.7726 -0.3845 0.5052
vn -0.7085 0.0501 -0.7039
vn -0.4943 -0.8085 0.3193
vn -0.4945 -0.3779 -0.7827
vn 0.7687 -0.3766 0.5170
vn 0.4978 -0.8055 0.3213
vn 0.5002 -0.3761 -0.7800
vn 0.7122 0.0574 -0.6996
vn -0.0000 1.0000 -0.0057
vn -0.0000 0.8923 -0.4514
vn -0.6060 0.7955 -0.0055
vn 0.1374 0.9554 -0.2613
vn 0.5205 0.6111 -0.5963
vn 0.3723 0.8379 -0.3992
vn 0.5041 0.6857 -0.5252
vn -0.5033 0.8224 -0.2650
vn -0.6016 0.7015 -0.3820
vn -0.9714 0.2350 0.0350
vn 0.6018 0.7019 -0.3811
vn -0.5015 0.6842 -0.5296
vn 0.5031 0.8227 -0.2648
vn -0.3756 0.8368 -0.3984
vn -0.1377 0.9558 -0.2599
vn -0.5197 0.6096 -0.5986
vn -0.0000 0.5970 -0.8023
vn 0.6061 0.7954 -0.0054
vn 0.9714 0.2349 0.0355
vn -0.0000 0.3350 0.9422
vn -0.4343 0.5917 0.6792
vn -0.4551 0.3674 0.8111
vn -0.9625 0.2708 -0.0167
vn -0.6999 0.6869 0.1956
vn -0.5536 0.3175 -0.7699
vn -0.3512 0.8457 -0.4018
vn -0.0000 0.2697 -0.9629
vn 0.0001 0.9114 -0.4115
vn 0.3520 0.8453 -0.4020
vn 0.0001 0.6604 0.7509
vn 0.6993 0.6885 0.1923
vn 0.4402 0.5892 0.6775
vn 0.9631 0.2681 -0.0217
vn 0.4551 0.3630 0.8131
vn 0.5526 0.3165 -0.7711
vn 0.4945 -0.3779 -0.7827
vn 0.7121 0.0478 -0.7005
vn 0.4957 -0.8090 0.3158
vn 0.7726 -0.3845 0.5052
vn -0.4969 -0.8065 0.3204
vn -0.7687 -0.3766 0.5170
vn -0.7111 0.0582 -0.7007
vn -0.5002 -0.3761 -0.7800
vn 0.5690 -0.8224 -0.0013
vn 0.5754 -0.8179 0.0005
vn 0.9259 0.0120 0.3775
vn 0.9934 -0.1151 -0.0008
vn 0.4645 -0.7178 -0.5187
vn 0.5605 0.8282 -0.0009
vn 0.4522 0.6691 0.5897
vn -0.3564 -0.7672 -0.5333
vn -0.3483 -0.9167 0.1959
vn -0.4563 -0.8898 0.0012
vn -0.4059 0.8265 0.3901
vn 0.5158 0.0160 0.8565
vn -0.5510 0.8345 0.0007
vn -0.9859 -0.1221 0.1146
vn -0.0259 -0.0510 0.9984
vn -0.4651 -0.7180 -0.5178
vn -0.9934 -0.1145 -0.0018
vn -0.5762 -0.8173 -0.0001
vn -0.9259 0.0120 0.3775
vn -0.5690 -0.8224 -0.0013
vn -0.4522 0.6691 0.5897
vn -0.5605 0.8282 -0.0009
vn 0.3564 -0.7672 -0.5333
vn 0.4563 -0.8898 0.0012
vn 0.3475 -0.9170 0.1959
vn 0.4058 0.8268 0.3895
vn -0.5158 0.0160 0.8565
vn 0.5510 0.8345 0.0007
vn 0.9859 -0.1221 0.1146
vn 0.0259 -0.0510 0.9984
vn 0.5583 -0.7446 0.3659
vn -0.5580 -0.7451 0.3654
vn 0.5810 -0.2223 -0.7830
vn -0.5801 -0.2225 -0.7835
vn -0.6187 0.5645 -0.5464
vn 0.6183 0.5651 -0.5462
vn -0.5821 0.4742 0.6605
vn -0.5614 0.7456 -0.3591
vn 0.5814 0.4746 0.6609
vn 0.5600 0.7473 -0.3578
vn 0.2418 0.8345 -0.4952
vn -0.2520 0.5226 -0.8145
vn -0.2411 0.8341 -0.4961
vn 0.2465 0.5227 -0.8161
vn -0.5583 -0.7446 0.3659
vn -0.5810 -0.2223 -0.7830
vn 0.5578 -0.7450 0.3659
vn 0.5801 -0.2225 -0.7835
vn 0.6187 0.5645 -0.5464
vn -0.6185 0.5653 -0.5458
vn 0.5618 0.7477 -0.3540
vn 0.5821 0.4742 0.6605
vn -0.5821 0.4739 0.6608
vn -0.5600 0.7473 -0.3578
vn 0.2411 0.8341 -0.4961
vn -0.2380 0.8340 -0.4978
vn -0.2465 0.5227 -0.8161
vn 0.2520 0.5226 -0.8145
vn -0.6755 0.6231 -0.3943
vn -0.8063 0.4138 0.4227
vn -0.2416 0.8991 -0.3650
vn -0.2916 0.7959 0.5306
vn -0.0000 0.8947 -0.4467
vn -0.0000 0.8412 0.5408
vn 0.2909 0.7962 0.5305
vn 0.2023 0.6183 0.7594
vn 0.8072 0.4148 0.4200
vn 0.5769 0.4133 0.7045
vn -0.2025 0.6184 0.7593
vn -0.0000 0.6146 0.7888
vn 0.2417 0.8989 -0.3655
vn 0.6692 0.6256 -0.4011
vn 0.7459 -0.1379 -0.6517
vn 0.5633 -0.5280 0.6356
vn 0.6165 0.0370 0.7865
vn 0.0043 0.0469 0.9989
vn -0.5763 0.4105 0.7067
vn -0.6147 0.0384 0.7878
vn -0.5621 -0.5273 0.6372
vn -0.7450 -0.1352 -0.6532
vn -0.0003 -0.7131 0.7011
vn 0.5909 -0.8006 -0.0993
vn -0.0000 -0.9740 -0.2266
vn -0.0033 -0.1787 -0.9839
vn -0.6015 -0.7931 -0.0964
vn -0.4556 0.8113 -0.3663
vn 0.4699 0.8036 -0.3653
vn 0.9322 0.3620 0.0005
vn 0.5697 0.8219 0.0002
vn -0.5600 0.8285 -0.0018
vn -0.4699 0.8036 -0.3653
vn 0.4574 0.8105 -0.3660
vn -0.5697 0.8219 0.0002
vn -0.9322 0.3619 0.0005
vn 0.5600 0.8285 -0.0018
vn -0.6389 -0.5171 -0.5695
vn -0.5471 0.7492 -0.3734
vn 0.6421 -0.5142 -0.5686
vn 0.5461 0.7508 -0.3717
vn -0.5461 0.7508 -0.3717
vn 0.5471 0.7492 -0.3734
vn -0.6428 -0.5135 -0.5685
vn 0.6389 -0.5171 -0.5695
vn -0.0035 -0.0316 0.9995
vn 0.0035 -0.0316 0.9995
vt 0.243540 0.256000
vt 0.007000 0.355000
vt 0.491630 0.256000
vt 0.243540 0.355000
vt 0.272000 0.795000
vt 0.994000 0.993000
vt 0.994000 0.795000
vt 0.137000 0.993000
vt 0.120000 0.942000
vt 0.120170 0.941770
vt 0.272190 0.795350
vt 0.136700 0.993000
vt 0.994000 0.795350
vt 0.376490 0.408960
vt 0.376490 0.503080
vt 0.557630 0.408960
vt 0.557630 0.503080
vt 0.107000 0.007000
vt 0.495000 0.007000
vt 0.107000 0.242930
vt 0.495000 0.242930
vt 0.007000 0.191060
vt 0.007000 0.058870
vt 0.007000 0.365230
vt 0.007000 0.006000
vt 0.500000 0.365230
vt 0.500000 0.006000
vt 0.557630 0.592580
vt 0.007000 0.256000
vt 0.494550 0.019690
vt 0.012380 0.019690
vt 0.494550 0.242210
vt 0.012380 0.242210
vt 0.478000 0.242000
vt 0.478000 0.020000
vt 0.433000 0.242000
vt 0.320000 0.020000
vt 0.801660 0.005000
vt 0.801660 0.183000
vt 0.760000 0.158000
vt 0.512140 0.183000
vt 0.555000 0.158000
vt 0.512140 0.005000
vt 0.555000 0.042000
vt 0.760000 0.042000
vt 0.759630 0.040000
vt 0.759630 0.152000
vt 0.550190 0.040000
vt 0.550190 0.152000
vt 0.513570 0.185000
vt 0.798330 0.185000
vt 0.798330 0.005000
vt 0.513570 0.005000
vt 0.886870 0.244380
vt 0.951870 0.162350
vt 0.990000 0.198630
vt 0.990000 0.046140
vt 0.951870 0.076120
vt 0.886870 0.002190
vt 0.886870 0.047190
vt 0.886870 0.198100
vt 0.583150 0.158410
vt 0.732140 0.158410
vt 0.770220 0.179160
vt 0.760000 0.134790
vt 0.800880 0.152260
vt 0.760000 0.063340
vt 0.800880 0.043490
vt 0.770220 0.021490
vt 0.543380 0.021490
vt 0.555000 0.063340
vt 0.514220 0.043490
vt 0.514220 0.152260
vt 0.555000 0.134790
vt 0.543380 0.179160
vt 0.583150 0.042000
vt 0.732140 0.042000
vt 0.507790 0.286700
vt 0.743390 0.476310
vt 0.676160 0.286700
vt 0.856870 0.286700
vt 0.840610 0.476310
vt 0.994350 0.286700
vt 0.938570 0.476310
vt 0.654760 0.587490
vt 0.933230 0.587490
vt 0.658770 0.476310
vt 0.007000 0.521330
vt 0.073680 0.521330
vt 0.073680 0.600580
vt 0.142110 0.521330
vt 0.142110 0.600580
vt 0.203580 0.521330
vt 0.203580 0.600580
vt 0.007000 0.600580
vt 0.203580 0.366120
vt 0.142110 0.366120
vt 0.073680 0.366120
vt 0.007000 0.366120
vt 0.157040 0.993000
vt 0.102340 0.993000
vt 0.158340 0.920990
vt 0.105290 0.912550
vt 0.258620 0.786920
vt 0.007000 0.760000
vt 0.007000 0.610000
vt 0.092970 0.760000
vt 0.092970 0.610000
vt 0.260000 0.610000
vt 0.346870 0.795350
vt 0.267290 0.817930
vt 0.260000 0.760000
vt 0.345000 0.760000
vt 0.345000 0.610000
vt 0.994000 0.610000
vt 0.994000 0.759990
vt 0.345230 0.759990
vt 0.994000 0.760000
vt 0.252960 0.590610
vt 0.300960 0.551940
vt 0.300960 0.590610
vt 0.333960 0.551940
vt 0.333960 0.590610
vt 0.220960 0.590610
vt 0.220960 0.551940
vt 0.252960 0.551940
vt 0.276140 0.371600
vt 0.376490 0.592580
vt 0.007000 0.305000
vt 0.488000 0.240000
vt 0.008000 0.240000
vt 0.488000 0.008000
vt 0.008000 0.008000
vt 0.484370 0.235000
vt 0.005400 0.235000
vt 0.484370 0.006000
vt 0.005400 0.006000
vt 0.520490 0.143590
vt 0.546410 0.175680
vt 0.561240 0.157690
vt 0.743000 0.157690
vt 0.561240 0.032550
vt 0.765040 0.132660
vt 0.743000 0.032550
vt 0.765040 0.057570
vt 0.786170 0.047330
vt 0.786170 0.143590
vt 0.760250 0.175680
vt 0.760250 0.015240
vt 0.546410 0.015240
vt 0.520490 0.047330
vt 0.539200 0.057570
vt 0.539200 0.132660
vt 0.546500 0.175680
vt 0.743090 0.157690
vt 0.760340 0.175680
vt 0.786270 0.143590
vt 0.765130 0.132660
vt 0.786270 0.047330
vt 0.765130 0.057570
vt 0.743090 0.032550
vt 0.561330 0.032550
vt 0.561330 0.157690
vt 0.520580 0.143590
vt 0.539300 0.132660
vt 0.539300 0.057580
vt 0.520580 0.047330
vt 0.546500 0.015240
vt 0.760340 0.015240
vt 0.510000 0.437000
vt 0.720000 0.437000
vt 0.510000 0.357000
vt 0.881000 0.357000
vt 0.276350 0.441000
vt 0.196400 0.441000
vt 0.276350 0.468940
vt 0.276350 0.481680
vt 0.005000 0.352000
vt 0.005000 0.411000
vt 0.120000 0.411000
vt 0.005000 0.438000
vt 0.934000 0.607060
vt 0.934000 0.993000
vt 0.510000 0.993000
vt 0.720000 0.443390
vt 0.993000 0.660540
vt 0.993000 0.993000
vt 0.510000 0.443390
vt 0.206070 0.767080
vt 0.206070 0.993000
vt 0.993000 0.443390
vt 0.880820 0.443390
vt 0.993000 0.590190
vt 0.993000 0.733760
vt 0.944620 0.733760
vt 0.993000 0.590150
vt 0.944620 0.590150
vt 0.000000 1.000000
vt 0.139000 0.693000
vt 0.139000 0.993000
vt 0.194740 0.993000
vt 0.021350 0.693110
vt 0.021350 0.995000
vt 0.186880 0.995000
vt 0.186880 0.693110
vt 0.002300 0.693110
vt 0.002300 0.995000
vt 0.005420 0.007000
vt 0.005420 0.142000
vt 0.102000 0.007000
vt 0.102000 0.142000
vt 0.694000 0.007000
vt 0.694000 0.142000
vt 0.802180 0.142000
vt 0.802180 0.007000
vt 0.908990 0.061250
vt 0.901290 0.008000
vt 0.970350 0.061250
vt 0.978450 0.008000
vt 0.994070 0.352360
vt 0.937000 0.352360
vt 0.994070 0.372420
vt 0.937000 0.372420
vt 0.994070 0.421640
vt 0.937000 0.421640
vt 0.937000 0.473640
vt 0.841630 0.241190
vt 0.841630 0.154040
vt 0.939310 0.191950
vt 0.900680 0.093880
vt 0.979080 0.093880
vt 0.899590 0.299330
vt 0.994070 0.579370
vt 0.937000 0.528000
vt 0.994070 0.528000
vt 0.994070 0.473640
vt 0.977320 0.299330
vt 0.477380 0.144750
vt 0.457200 0.144750
vt 0.477380 0.209980
vt 0.457200 0.209980
vt 0.503490 0.144750
vt 0.503490 0.209980
vt 0.535600 0.209980
vt 0.230600 0.729230
vt 0.063640 0.658320
vt 0.063640 0.707470
vt 0.036640 0.640300
vt 0.036640 0.688960
vt 0.006640 0.607610
vt 0.006640 0.659150
vt 0.037000 0.309980
vt 0.037000 0.267000
vt 0.007000 0.287000
vt 0.007000 0.267000
vt 0.177000 0.443390
vt 0.036640 0.443390
vt 0.006640 0.470970
vt 0.061070 0.267000
vt 0.085740 0.380060
vt 0.174000 0.357000
vt 0.174000 0.437000
vt 0.535600 0.144750
vt 0.550690 0.209980
vt 0.550690 0.144750
vt 0.386360 0.548700
vt 0.344560 0.993000
vt 0.447690 0.993000
vt 0.447690 0.548700
vt 0.266800 0.443390
vt 0.230600 0.993000
vt 0.494860 0.371410
vt 0.494680 0.424310
vt 0.192210 0.371410
vt 0.192210 0.424310
vt 0.815650 0.154220
vt 0.844150 0.345150
vt 0.797030 0.218710
vt 0.788680 0.239230
vt 0.726850 0.154220
vt 0.727140 0.218710
vt 0.734140 0.239230
vt 0.700900 0.249980
vt 0.700900 0.154100
vt 0.703510 0.269140
vt 0.562320 0.345150
vt 0.620400 0.269140
vt 0.562320 0.239230
vt 0.605170 0.239230
vt 0.634340 0.249980
vt 0.618890 0.218710
vt 0.634340 0.154170
vt 0.618580 0.154220
vt 0.562320 0.218710
vt 0.605100 0.239230
vt 0.620330 0.269140
vt 0.703440 0.269140
vt 0.788610 0.239230
vt 0.734070 0.239230
vt 0.618820 0.218710
vt 0.727070 0.218710
vt 0.844080 0.345150
vt 0.815580 0.154220
vt 0.726780 0.154220
vt 0.618510 0.154220
vt 0.562320 0.154220
vt 0.344350 0.993000
vt 0.342570 0.692480
vt 0.348940 0.590900
vt 0.235140 0.648660
vt 0.246630 0.548810
vt 0.650470 0.948880
vt 0.650470 0.984080
vt 0.640920 0.939360
vt 0.640920 0.994730
vt 0.762920 0.994730
vt 0.753720 0.984080
vt 0.762920 0.939360
vt 0.753720 0.948880
vt 0.356000 0.153360
vt 0.356000 0.200000
vt 0.280000 0.153360
vt 0.280000 0.200000
vt 0.107000 0.153360
vt 0.107000 0.200000
vt 0.073000 0.153360
vt 0.073000 0.200000
vt 0.008000 0.200000
vt 0.073000 0.235540
vt 0.073000 0.270310
vt 0.106880 0.200000
vt 0.280000 0.269000
vt 0.414260 0.357000
vt 0.553650 0.269000
vt 0.559000 0.355370
vt 0.420000 0.355370
vt 0.559000 0.270590
vt 0.420000 0.220920
vt 0.440000 0.200000
vt 0.440000 0.153360
vt 0.000000 1.255380
vt 0.985510 1.038150
vt -0.999990 1.000000
vt 1.000000 1.000000
vt 0.000000 0.036870
vt 0.861190 0.794690
vt 0.000000 1.315300
vt 0.984790 1.044370
vt 0.000000 0.826380
vt -0.740760 0.684640
vt 0.740770 0.684640
vt 0.462550 1.526430
vt 1.000000 0.826380
vt 0.259240 0.684640
vt 1.000000 1.315300
vt 1.000000 0.036870
vt 0.537460 1.526430
vt -0.537450 1.526430
vt 0.000000 1.136890
vt -0.909430 0.678040
vt 0.000000 1.956680
vt 0.624610 0.681690
vt 0.655430 0.748160
vt 0.788570 0.681690
vt 0.752650 0.748160
vt 0.741090 0.776450
vt 0.799760 0.872810
vt 0.708380 0.993000
vt 0.813420 0.906490
vt 0.830990 0.993000
vt 0.839720 0.906490
vt 0.857160 0.993000
vt 0.910730 0.993000
vt 0.890630 0.834230
vt 0.820660 0.855820
vt 0.666990 0.776450
vt 0.609870 0.908650
vt 0.593900 0.938580
vt 0.580200 0.886550
vt 0.567590 0.932040
vt 0.519330 0.868840
vt 0.519330 0.993000
vt 0.567680 0.993000
vt 0.593860 0.993000
vt 0.835610 0.142000
vt 0.008000 0.153360
vt 0.553650 0.357000
vt 0.984050 0.311000
vt 0.760000 0.344420
vt 0.715540 0.311000
vt 0.984190 0.311000
vt 0.944620 0.590190
vt 0.937000 0.579370
vt 0.818160 0.145770
vt 0.818160 0.252400
vt 0.888810 0.324290
vt 0.752350 0.594570
vt 0.752330 0.594570
vt 0.663850 0.571300
vt 0.663820 0.571300
vt 0.752350 0.504190
vt 0.663850 0.526230
vt 0.663820 0.526230
vt 0.752330 0.504190
vt 0.772170 0.993000
vt 0.906650 0.993000
vt 0.772170 0.840000
vt 0.906650 0.902360
vt 0.957520 0.927530
vt 0.941610 0.883060
vt 0.993000 0.908230
vt 0.941610 0.840000
vt 0.993000 0.771350
vt 0.789500 0.668180
vt 0.957520 0.993000
vt 0.436000 0.993000
vt 0.496000 0.753910
vt 0.436000 0.682660
vt 0.622950 0.550430
vt 0.622950 0.680560
vt 0.824720 0.691480
vt 0.772170 0.813870
vt 0.824340 0.993000
vt 0.496000 0.993000
vt 0.663820 0.571390
vt 0.752330 0.594660
vt 0.663850 0.571390
vt 0.752350 0.594660
vt 0.663850 0.526320
vt 0.752350 0.504280
vt 0.752330 0.504280
vt 0.663820 0.526320
vt 0.352000 0.007000
vt 0.521750 0.007000
vt 0.352000 0.136330
vt 0.521750 0.136330
vt 0.950370 0.007000
vt 0.989580 0.136330
vt 0.522000 0.308000
vt 0.352000 0.308000
vt 0.230840 0.190600
vt 0.068440 0.190600
vt 0.270840 0.319600
vt 0.007000 0.319600
vt 0.290360 0.181840
vt 0.322590 0.146000
vt 0.083600 0.181840
vt 0.048000 0.146000
vt 0.322240 0.146000
vt 0.322590 0.487690
vt 0.290360 0.446100
vt 0.352000 0.494870
vt 0.522000 0.494870
vt 0.286060 0.308000
vt 0.286060 0.160770
vt 0.009920 0.136330
vt 0.050260 0.160770
vt 0.317040 0.056600
vt 0.317040 0.120050
vt 0.112830 0.119660
vt 0.993000 0.506190
vt 0.825110 0.506190
vt 0.993000 0.538000
vt 0.825110 0.538000
vt 0.825110 0.663000
vt 0.993000 0.663000
vt 0.825000 0.538000
vt 0.759160 0.538000
vt 0.825000 0.663000
vt 0.759160 0.663000
vt 0.825000 0.723000
vt 0.993000 0.710250
vt 0.825110 0.710250
vt 0.993000 0.723000
vt 0.825110 0.723000
vt 0.845320 0.673300
vt 0.976320 0.713830
vt 0.976320 0.673300
vt 0.845320 0.713830
vt 0.976440 0.673300
vt 0.845450 0.673300
vt 0.845450 0.713830
vt 0.976440 0.713830
vt 0.359970 0.757610
vt 0.280290 0.775300
vt 0.359970 0.840000
vt 0.280290 0.848890
vt 0.359970 0.993000
vt 0.280290 0.993000
vt 0.120490 0.888020
vt 0.105690 0.869100
vt 0.120490 0.993000
vt 0.100320 0.763090
vt 0.156340 0.763050
vt 0.004810 0.604560
vt 0.433670 0.673600
vt 0.465430 0.604160
vt 0.475000 0.622080
vt 0.027150 0.869100
vt 0.027150 0.993000
vt 0.005980 0.869100
vt 0.005980 0.993000
vt 0.264310 0.495000
vt 0.016800 0.416000
vt 0.264310 0.349990
vt 0.016800 0.349990
vt 0.162000 0.470000
vt 0.162000 0.360000
vt 0.265000 0.360000
vt 0.265000 0.510000
vt 0.427720 0.702940
vt 0.427800 0.993000
vt 0.519760 0.055420
vt 0.155850 0.528330
vt 0.852000 0.307940
vt 0.852000 0.495000
vt 0.993000 0.307940
vt 0.993000 0.495000
vt 0.993000 0.136000
vt 0.522000 0.136000
vt 0.522000 0.307940
vt 0.522000 0.495000
vt 0.010180 0.749190
vt 0.019180 0.848190
vt 0.075180 0.749190
vt 0.063180 0.848190
vt 0.746150 0.720450
vt 0.746350 0.720370
vt 0.308350 0.903520
vt 0.391700 0.565460
vt 0.636140 0.565460
vt 0.636140 0.502210
vt 0.636140 0.612830
s 1
usemtl Armor1
f 623/397/673 624/398/674 625/399/675
f 624/398/674 626/400/676 625/399/675
f 623/397/673 625/399/675 627/401/677
f 625/399/675 628/402/678 627/401/677
f 629/403/679 630/404/680 628/402/678
f 628/402/678 630/404/680 627/401/677
f 629/403/679 628/402/678 626/400/676
f 626/400/676 628/402/678 625/399/675
f 629/403/679 626/400/676 630/404/680
f 630/404/680 626/400/676 624/398/674
f 631/405/681 633/406/682 632/407/683
f 632/407/683 633/406/682 634/408/684
f 633/406/682 635/409/685 634/408/684
f 634/408/684 635/409/685 636/410/686
f 635/409/685 637/411/687 636/410/686
f 636/410/686 637/411/687 638/412/688
f 637/411/687 639/413/689 638/412/688
f 638/412/688 639/413/689 640/414/690
f 640/414/690 632/407/683 638/412/688
f 632/407/683 634/408/684 638/412/688
f 638/412/688 634/408/684 636/410/686
f 641/413/691 642/411/692 643/412/693
f 642/411/692 644/410/694 643/412/693
f 643/412/693 644/410/694 645/408/695
f 644/410/694 646/409/696 645/408/695
f 645/408/695 646/409/696 633/406/682
f 646/409/696 647/415/697 633/406/682
f 633/406/682 647/415/697 635/409/685
f 633/406/682 648/407/698 645/408/695
f 645/408/695 648/407/698 643/412/693
f 648/407/698 649/414/699 643/412/693
f 643/412/693 649/414/699 641/413/691
f 650/416/700 652/417/701 651/418/702
f 651/418/702 652/417/701 653/419/703
f 652/417/701 654/420/704 653/419/703
f 653/419/703 654/420/704 655/421/705
f 654/420/704 656/422/706 655/421/705
f 655/421/705 656/422/706 657/423/707
f 656/422/706 658/405/708 657/423/707
f 657/423/707 658/405/708 659/422/709
f 658/405/708 660/424/710 659/422/709
f 659/422/709 660/424/710 661/420/711
f 660/424/710 662/417/712 661/420/711
f 661/420/711 662/417/712 663/419/713
f 662/417/712 664/418/714 663/419/713
f 657/423/707 659/422/709 665/421/715
f 659/422/709 661/420/711 665/421/715
f 665/421/715 661/420/711 663/419/713
f 664/418/714 662/417/712 650/416/700
f 662/417/712 660/424/710 650/416/700
f 650/416/700 660/424/710 652/417/701
f 660/424/710 654/420/704 652/417/701
f 658/405/708 656/422/706 660/424/710
f 660/424/710 656/422/706 654/420/704
f 666/425/716 668/426/717 667/427/718
f 667/427/718 668/426/717 669/428/719
f 670/429/720 667/427/718 671/430/721
f 671/430/721 667/427/718 669/428/719
f 671/430/721 672/431/722 670/429/720
f 672/431/722 673/432/723 670/429/720
f 673/432/723 666/425/716 670/429/720
f 670/429/720 666/425/716 667/427/718
f 673/432/723 672/431/722 666/425/716
f 666/425/716 672/431/722 668/426/717
f 674/433/724 676/434/725 675/435/726
f 675/435/726 676/434/725 49/436/727
f 676/434/725 677/437/728 49/436/727
f 49/436/727 677/437/728 51/438/48
f 49/436/727 53/439/729 675/435/726
f 53/439/729 678/440/730 675/435/726
f 677/441/728 679/442/731 51/443/48
f 679/442/731 52/444/50 51/443/48
f 680/433/732 681/434/733 676/434/725
f 681/434/733 679/437/731 676/434/725
f 676/434/725 679/437/731 677/437/728
f 52/438/50 679/437/731 50/436/49
f 679/437/731 681/434/733 50/436/49
f 50/436/49 681/434/733 680/433/732
f 73/445/64 678/446/730 74/447/65
f 678/446/730 682/448/734 74/447/65
f 683/448/735 675/449/726 77/445/68
f 675/449/726 678/450/730 77/445/68
f 77/445/68 678/450/730 73/451/64
f 76/445/67 74/451/65 683/446/735
f 74/451/65 682/450/734 683/446/735
f 678/452/730 53/453/729 682/440/734
f 53/453/729 805/439/736 682/440/734
f 805/439/736 50/436/49 682/440/734
f 50/436/49 684/435/737 682/440/734
f 682/440/734 684/435/737 327/454/317
f 684/435/737 328/455/318 327/454/317
f 685/456/738 683/435/735 330/455/320
f 683/435/735 682/440/734 330/455/320
f 330/455/320 682/440/734 327/454/317
f 331/457/321 328/455/318 685/456/738
f 328/455/318 684/435/737 685/456/738
f 1/458/1 4/459/4 680/433/732
f 4/459/4 684/435/737 680/433/732
f 680/433/732 684/435/737 50/436/49
f 1/458/1 680/433/732 2/460/2
f 680/433/732 685/456/738 2/460/2
f 2/460/2 685/456/738 684/435/737
f 55/438/53 686/437/739 57/436/740
f 686/437/739 687/434/741 57/436/740
f 57/436/740 687/434/741 688/435/742
f 687/434/741 689/433/743 688/435/742
f 690/440/744 58/439/745 688/435/742
f 688/435/742 58/439/745 57/436/740
f 54/444/52 691/442/746 55/443/53
f 55/443/53 691/442/746 686/441/739
f 686/437/739 691/437/746 687/434/741
f 691/437/746 692/434/747 687/434/741
f 687/434/741 692/434/747 693/433/748
f 693/433/748 692/434/747 56/436/54
f 692/434/747 691/437/746 56/436/54
f 56/436/54 691/437/746 54/438/52
f 694/448/749 690/446/744 81/447/72
f 81/447/72 690/446/744 79/445/71
f 79/451/71 690/450/744 78/445/69
f 690/450/744 688/449/742 78/445/69
f 78/445/69 688/449/742 695/448/750
f 694/450/749 81/451/72 695/446/750
f 695/446/750 81/451/72 82/445/73
f 59/439/751 58/453/745 694/440/749
f 694/440/749 58/453/745 690/452/744
f 334/455/324 696/435/752 332/454/322
f 332/454/322 696/435/752 694/440/749
f 696/435/752 56/436/54 694/440/749
f 694/440/749 56/436/54 59/439/751
f 332/454/322 694/440/749 335/455/325
f 694/440/749 695/435/750 335/455/325
f 335/455/325 695/435/750 697/456/753
f 696/435/752 334/455/324 697/456/753
f 697/456/753 334/455/324 336/457/326
f 56/436/54 696/435/752 693/433/748
f 696/435/752 8/459/8 693/433/748
f 693/433/748 8/459/8 5/458/5
f 696/435/752 697/456/753 7/460/7
f 697/456/753 693/433/748 7/460/7
f 7/460/7 693/433/748 5/458/5
f 698/461/754 700/462/755 699/463/756
f 699/463/756 700/462/755 701/464/757
f 702/465/758 703/466/759 701/464/757
f 701/464/757 703/466/759 699/463/756
f 701/467/757 700/468/755 702/469/758
f 700/468/755 704/470/760 702/469/758
f 702/469/758 704/470/760 705/471/761
f 706/472/762 704/473/760 698/461/754
f 698/461/754 704/473/760 700/462/755
f 707/471/763 706/470/762 703/469/759
f 706/470/762 698/468/754 703/469/759
f 703/469/759 698/468/754 699/467/756
f 707/474/763 705/475/761 706/472/762
f 706/472/762 705/475/761 704/473/760
f 708/476/764 710/477/765 709/478/766
f 709/478/766 710/477/765 707/474/763
f 710/477/765 711/479/767 707/474/763
f 707/474/763 711/479/767 705/475/761
f 711/479/767 708/476/764 705/475/761
f 705/475/761 708/476/764 702/465/758
f 708/476/764 709/478/766 702/465/758
f 702/465/758 709/478/766 703/466/759
f 709/478/766 707/474/763 703/466/759
f 712/461/768 714/463/769 713/462/770
f 713/462/770 714/463/769 715/464/771
f 716/465/772 715/464/771 717/466/773
f 717/466/773 715/464/771 714/463/769
f 718/471/774 719/470/775 716/469/772
f 719/470/775 713/468/770 716/469/772
f 716/469/772 713/468/770 715/467/771
f 720/472/776 712/461/768 719/473/775
f 719/473/775 712/461/768 713/462/770
f 714/467/769 712/468/768 717/469/773
f 712/468/768 720/470/776 717/469/773
f 717/469/773 720/470/776 721/471/777
f 721/474/777 720/472/776 718/475/774
f 718/475/774 720/472/776 719/473/775
f 721/474/777 722/480/778 717/466/773
f 717/466/773 722/480/778 716/465/772
f 722/480/778 723/481/779 716/465/772
f 716/465/772 723/481/779 718/475/774
f 723/481/779 724/482/780 718/475/774
f 718/475/774 724/482/780 721/474/777
f 724/482/780 725/483/781 721/474/777
f 721/474/777 725/483/781 722/480/778
f 725/483/781 723/481/779 722/480/778
f 726/484/782 727/485/783 728/486/784
f 727/485/783 729/487/785 728/486/784
f 728/486/784 729/487/785 730/488/786
f 729/487/785 731/489/787 730/488/786
f 730/488/786 731/489/787 732/487/788
f 731/489/787 733/490/789 732/487/788
f 732/487/788 733/490/789 734/485/790
f 733/490/789 735/491/791 734/485/790
f 727/485/783 736/490/792 729/487/785
f 729/487/785 736/490/792 731/489/787
f 736/490/792 737/492/793 731/489/787
f 731/489/787 737/492/793 733/490/789
f 737/492/793 735/491/791 733/490/789
f 730/488/786 732/487/788 738/486/794
f 732/487/788 734/485/790 738/486/794
f 738/486/794 734/485/790 739/484/795
f 739/493/795 734/494/790 740/495/796
f 734/494/790 735/496/791 740/495/796
f 740/495/796 735/496/791 741/497/797
f 735/496/791 742/498/798 741/497/797
f 742/499/798 735/491/791 743/500/799
f 735/491/791 737/492/793 743/500/799
f 743/500/799 737/492/793 744/491/800
f 737/492/793 736/490/792 744/491/800
f 744/491/800 736/490/792 727/485/783
f 745/498/801 744/496/800 746/497/802
f 746/497/802 744/496/800 747/495/803
f 744/496/800 727/494/783 747/495/803
f 747/495/803 727/494/783 726/493/782
f 741/501/797 742/499/798 748/502/804
f 742/499/798 743/500/799 748/502/804
f 748/502/804 743/500/799 745/499/801
f 749/503/805 741/504/797 750/505/806
f 741/504/797 748/506/804 750/505/806
f 750/505/806 748/506/804 746/504/802
f 749/507/805 750/508/806 751/509/807
f 750/508/806 752/507/808 751/509/807
f 751/509/807 752/507/808 747/510/803
f 747/511/803 726/484/782 751/512/807
f 726/484/782 728/486/784 751/512/807
f 751/512/807 728/486/784 730/488/786
f 730/488/786 738/486/794 751/512/807
f 738/486/794 739/484/795 751/512/807
f 751/512/807 739/484/795 740/511/796
f 710/477/765 708/476/764 711/479/767
f 648/407/698 633/406/682 631/405/681
f 646/409/696 644/410/694 642/411/692
f 723/481/779 725/483/781 724/482/780
f 743/500/799 744/491/800 745/499/801
f 676/434/725 674/433/724 680/433/732
f 683/448/735 77/445/68 76/447/67
f 4/459/4 1/458/1 3/513/3
f 684/435/737 4/459/4 2/460/2
f 330/455/320 331/457/321 685/456/738
f 680/433/732 683/435/735 685/456/738
f 687/434/741 693/433/748 689/433/743
f 695/448/750 82/447/73 78/445/69
f 8/4/8 6/3/6 5/1/5
f 696/435/752 7/460/7 8/459/8
f 335/455/325 697/456/753 336/457/326
f 693/433/748 697/456/753 695/435/750
f 748/502/804 745/499/801 746/501/802
f 752/514/808 746/497/802 747/495/803
f 750/505/806 746/504/802 752/503/808
f 740/510/796 749/507/805 751/509/807
f 749/514/805 740/495/796 741/497/797
f 803/515/809 804/516/810 753/517/328
f 753/517/328 804/516/810 51/518/330
f 51/519/330 804/515/810 49/520/811
f 804/515/810 53/521/812 49/520/811
f 804/516/810 803/515/809 53/522/812
f 803/515/809 805/521/813 53/522/812
f 753/519/328 50/520/327 803/515/809
f 50/520/327 805/521/813 803/515/809
f 55/518/333 806/516/814 754/517/332
f 806/516/814 807/515/815 754/517/332
f 58/521/816 806/515/814 57/520/817
f 57/520/817 806/515/814 55/519/333
f 59/521/818 807/515/815 58/522/816
f 58/522/816 807/515/815 806/516/814
f 59/521/818 56/520/331 807/515/815
f 807/515/815 56/520/331 754/519/332
f 808/523/819 809/524/820 810/525/821
f 809/524/820 811/526/822 810/525/821
f 812/526/823 814/524/824 813/525/825
f 813/525/825 814/524/824 815/523/826
f 808/527/819 810/528/821 816/529/827
f 816/530/827 809/531/820 808/532/819
f 816/530/827 811/531/822 809/533/820
f 811/531/822 816/530/827 810/532/821
f 815/527/826 817/529/828 813/528/825
f 817/530/828 815/532/826 814/531/824
f 817/530/828 814/533/824 812/531/823
f 812/531/823 813/532/825 817/530/828
usemtl Armor2
f 337/170/382 339/171/383 338/172/384
f 338/172/384 339/171/383 340/173/384
f 341/174/385 342/175/386 343/176/387
f 342/175/386 344/177/388 343/176/387
f 343/176/387 344/177/388 341/174/385
f 345/178/389 346/179/390 347/180/391
f 346/179/390 348/181/392 347/180/391
f 347/180/391 348/181/392 349/179/393
f 350/177/394 351/175/395 352/176/396
f 351/175/395 353/174/397 352/176/396
f 352/176/396 353/174/397 350/177/394
f 354/182/398 355/183/399 356/184/400
f 355/183/399 357/182/401 356/184/400
f 356/184/400 357/182/401 339/185/383
f 358/186/402 359/187/403 355/183/399
f 359/187/403 360/186/404 355/183/399
f 355/183/399 360/186/404 357/182/401
f 361/188/405 362/185/406 356/184/400
f 356/184/400 362/185/406 354/182/398
f 363/189/407 365/188/408 364/190/409
f 364/190/409 365/188/408 366/184/410
f 365/188/408 367/191/411 366/184/410
f 366/184/410 367/191/411 360/186/404
f 358/186/402 368/192/412 366/184/410
f 368/192/412 369/188/413 366/184/410
f 366/184/410 369/188/413 364/190/409
f 369/188/413 370/189/414 364/190/409
f 368/173/412 362/171/406 369/172/413
f 362/171/406 361/170/405 369/172/413
f 360/186/404 359/187/403 366/184/410
f 359/187/403 358/186/402 366/184/410
f 371/193/415 372/194/416 359/195/417
f 372/194/416 373/196/418 359/195/417
f 359/195/417 373/196/418 374/197/419
f 374/198/419 375/198/420 376/198/421
f 375/198/420 377/198/422 376/198/421
f 376/198/421 377/198/422 378/198/423
f 371/198/415 379/198/424 380/198/425
f 379/198/424 381/198/426 380/198/425
f 380/198/425 381/198/426 382/198/427
f 381/198/426 383/198/428 382/198/427
f 382/198/427 383/198/428 384/198/429
f 385/199/430 386/200/431 387/201/432
f 386/200/431 388/199/433 387/201/432
f 378/202/423 389/203/434 386/204/431
f 389/203/434 383/202/428 386/204/431
f 386/204/431 383/202/428 388/205/433
f 390/206/435 391/207/436 389/203/434
f 391/207/436 384/206/429 389/203/434
f 389/203/434 384/206/429 383/202/428
f 391/208/436 390/209/435 392/210/437
f 390/209/435 377/211/422 392/210/437
f 392/210/437 377/211/422 393/212/438
f 377/211/422 375/213/420 393/212/438
f 380/213/425 382/211/427 393/212/438
f 393/212/438 382/211/427 392/210/437
f 382/211/427 384/209/429 392/210/437
f 392/210/437 384/209/429 391/208/436
f 375/213/420 373/214/418 393/212/438
f 373/214/418 372/215/416 393/212/438
f 393/212/438 372/215/416 371/214/415
f 394/216/439 396/217/440 395/218/441
f 395/218/441 396/217/440 397/219/442
f 397/198/442 396/198/440 398/198/443
f 396/198/440 399/198/444 398/198/443
f 398/198/443 399/198/444 400/198/445
f 399/198/444 401/198/446 400/198/445
f 396/220/440 394/221/439 399/222/444
f 394/221/439 402/223/447 399/222/444
f 399/222/444 402/223/447 403/224/448
f 402/223/447 404/225/449 403/224/448
f 403/224/448 404/225/449 405/226/450
f 406/226/451 407/225/452 408/224/453
f 407/225/452 409/223/454 408/224/453
f 408/224/453 409/223/454 398/222/443
f 409/223/454 395/221/441 398/222/443
f 398/222/443 395/221/441 397/220/442
f 405/227/450 404/228/449 410/229/455
f 404/228/449 402/230/447 410/229/455
f 410/229/455 402/230/447 409/231/454
f 402/230/447 394/216/439 409/231/454
f 409/231/454 394/216/439 395/218/441
f 409/230/454 407/228/452 410/229/455
f 407/228/452 406/227/451 410/229/455
f 410/229/455 406/227/451 411/232/456
f 408/198/453 398/198/443 412/198/457
f 398/198/443 400/198/445 412/198/457
f 401/233/446 411/234/456 400/235/445
f 400/235/445 411/234/456 412/236/457
f 411/234/456 406/226/451 412/236/457
f 412/236/457 406/226/451 408/224/453
f 411/237/456 413/232/458 410/229/455
f 413/232/458 405/227/450 410/229/455
f 401/235/446 414/236/459 413/234/458
f 413/234/458 414/236/459 405/226/450
f 414/236/459 403/224/448 405/226/450
f 415/238/460 416/239/461 417/240/462
f 416/239/461 418/241/463 417/240/462
f 415/238/460 417/240/462 419/242/464
f 417/240/462 420/243/465 419/242/464
f 419/242/464 420/243/465 421/244/466
f 422/245/467 423/246/468 363/189/407
f 363/189/407 423/246/468 424/247/469
f 423/246/468 425/248/470 424/247/469
f 424/247/469 425/248/470 419/249/464
f 425/248/470 416/250/461 419/249/464
f 419/249/464 416/250/461 415/251/460
f 426/252/471 420/253/465 418/254/463
f 418/254/463 420/253/465 417/255/462
f 342/256/472 426/257/471 425/248/470
f 426/257/471 418/258/463 425/248/470
f 425/248/470 418/258/463 416/250/461
f 420/253/465 426/252/471 421/259/466
f 426/252/471 342/260/472 421/259/466
f 421/259/466 342/260/472 427/261/473
f 342/260/472 428/262/474 427/261/473
f 419/242/464 421/244/466 424/263/469
f 421/244/466 427/264/473 424/263/469
f 424/263/469 427/264/473 363/265/407
f 425/248/470 423/246/468 342/256/472
f 423/246/468 422/245/467 342/256/472
f 342/256/472 422/245/467 429/266/475
f 422/245/467 430/267/476 429/266/475
f 429/266/475 430/267/476 431/268/477
f 430/267/476 432/266/478 431/268/477
f 431/268/477 432/266/478 433/269/479
f 337/188/480 434/269/481 435/184/482
f 434/269/481 431/268/477 435/184/482
f 435/184/482 431/268/477 433/269/479
f 434/269/481 337/188/480 429/266/475
f 337/188/480 428/270/474 429/266/475
f 429/266/475 428/270/474 342/256/472
f 422/245/467 363/189/407 436/271/483
f 363/189/407 364/190/409 436/271/483
f 436/271/483 364/190/409 370/189/414
f 422/245/467 436/271/483 430/267/476
f 436/271/483 437/245/484 430/267/476
f 438/272/485 439/273/486 365/172/408
f 365/172/408 439/273/486 337/170/480
f 440/274/487 438/272/485 427/261/473
f 427/261/473 438/272/485 365/172/408
f 441/275/488 440/274/487 428/262/474
f 428/262/474 440/274/487 427/261/473
f 439/273/486 441/275/488 337/170/480
f 337/170/480 441/275/488 428/262/474
f 440/274/487 441/275/488 438/272/485
f 438/272/485 441/275/488 439/273/486
f 442/276/489 443/277/490 444/278/491
f 443/277/490 445/279/492 444/278/491
f 442/276/489 444/278/491 446/280/493
f 444/278/491 447/281/494 446/280/493
f 444/278/491 445/279/492 447/281/494
f 445/279/492 448/282/495 447/281/494
f 449/283/496 450/284/497 447/281/494
f 447/281/494 450/284/497 446/280/493
f 447/281/494 448/282/495 449/283/496
f 448/282/495 451/285/498 449/283/496
f 448/282/495 445/279/492 451/285/498
f 445/279/492 452/286/499 451/285/498
f 451/285/498 452/286/499 453/287/500
f 452/286/499 454/288/501 453/287/500
f 453/287/500 454/288/501 455/289/502
f 453/287/500 456/290/503 451/285/498
f 456/290/503 449/283/496 451/285/498
f 457/291/504 456/290/503 455/289/502
f 455/289/502 456/290/503 453/287/500
f 450/284/497 449/283/496 458/292/505
f 458/292/505 449/283/496 456/290/503
f 456/290/503 457/291/504 458/292/505
f 457/291/504 459/293/506 458/292/505
f 457/291/504 455/289/502 460/294/507
f 455/289/502 454/288/501 460/294/507
f 460/294/507 454/288/501 461/295/508
f 461/295/508 454/288/501 462/296/509
f 454/288/501 452/286/499 462/296/509
f 462/296/509 452/286/499 463/297/510
f 452/286/499 464/298/511 463/297/510
f 463/297/510 464/298/511 465/299/512
f 466/300/513 461/295/508 467/290/514
f 467/290/514 461/295/508 462/296/509
f 468/283/515 467/290/514 463/297/510
f 463/297/510 467/290/514 462/296/509
f 463/297/510 465/299/512 468/283/515
f 465/299/512 469/301/516 468/283/515
f 465/299/512 464/298/511 469/301/516
f 464/298/511 470/278/517 469/301/516
f 464/298/511 471/302/518 470/278/517
f 471/302/518 472/303/519 470/278/517
f 469/301/516 470/278/517 473/304/520
f 473/304/520 470/278/517 472/303/519
f 473/304/520 474/284/521 469/301/516
f 469/301/516 474/284/521 468/283/515
f 467/290/514 468/283/515 475/292/522
f 468/283/515 474/284/521 475/292/522
f 476/305/523 466/300/513 475/292/522
f 475/292/522 466/300/513 467/290/514
f 457/291/504 460/294/507 477/306/524
f 460/294/507 466/300/513 477/306/524
f 477/306/524 466/300/513 476/305/523
f 474/284/521 452/286/499 475/292/522
f 475/292/522 452/286/499 477/306/524
f 452/286/499 458/292/505 477/306/524
f 477/306/524 458/292/505 459/293/506
f 446/280/493 452/286/499 442/276/489
f 442/276/489 452/286/499 443/277/490
f 473/304/520 472/303/519 452/286/499
f 452/286/499 472/303/519 471/302/518
f 430/267/476 478/307/525 432/266/478
f 478/307/525 479/308/526 432/266/478
f 432/266/478 479/308/526 480/309/527
f 479/308/526 478/307/525 481/310/528
f 478/307/525 437/245/484 481/310/528
f 481/310/528 437/245/484 351/256/529
f 437/245/484 482/246/530 351/256/529
f 351/256/529 482/246/530 483/248/531
f 437/245/484 370/189/414 482/246/530
f 370/189/414 484/247/532 482/246/530
f 482/246/530 484/247/532 483/248/531
f 484/247/532 485/249/533 483/248/531
f 483/248/531 485/249/533 486/250/534
f 485/249/533 487/251/535 486/250/534
f 488/241/536 486/239/534 489/240/537
f 489/240/537 486/239/534 487/238/535
f 490/244/538 491/243/539 485/242/533
f 491/243/539 489/240/537 485/242/533
f 485/242/533 489/240/537 487/238/535
f 486/250/534 488/258/536 483/248/531
f 488/258/536 492/257/540 483/248/531
f 483/248/531 492/257/540 351/256/529
f 492/252/540 488/254/536 491/253/539
f 491/253/539 488/254/536 489/255/537
f 493/262/541 351/260/529 494/261/542
f 494/261/542 351/260/529 490/259/538
f 351/260/529 492/252/540 490/259/538
f 490/259/538 492/252/540 491/253/539
f 370/265/414 494/264/542 484/263/532
f 494/264/542 490/244/538 484/263/532
f 484/263/532 490/244/538 485/242/533
f 495/274/543 494/261/542 496/272/544
f 496/272/544 494/261/542 369/172/413
f 497/275/545 493/262/541 495/274/543
f 495/274/543 493/262/541 494/261/542
f 498/273/546 497/275/545 496/272/544
f 496/272/544 497/275/545 495/274/543
f 498/273/546 496/272/544 361/170/405
f 361/170/405 496/272/544 369/172/413
f 493/262/541 497/275/545 361/170/405
f 361/170/405 497/275/545 498/273/546
f 351/256/529 493/270/541 432/266/478
f 493/270/541 361/188/405 432/266/478
f 432/266/478 361/188/405 433/269/479
f 480/309/527 499/311/547 432/266/478
f 432/266/478 499/311/547 351/256/529
f 499/311/547 481/310/528 351/256/529
f 500/312/548 501/313/549 499/314/547
f 499/314/547 501/313/549 481/315/528
f 481/315/528 501/313/549 479/316/526
f 501/313/549 502/317/550 479/316/526
f 479/316/526 502/317/550 480/318/527
f 502/317/550 503/319/551 480/318/527
f 503/319/551 500/312/548 480/318/527
f 480/318/527 500/312/548 499/314/547
f 500/312/548 503/319/551 501/313/549
f 501/313/549 503/319/551 502/317/550
f 504/216/552 506/218/553 505/217/554
f 505/217/554 506/218/553 507/219/555
f 508/198/556 510/198/557 509/198/558
f 509/198/558 510/198/557 511/198/559
f 510/198/557 505/198/554 511/198/559
f 511/198/559 505/198/554 507/198/555
f 512/226/560 513/225/561 403/224/562
f 513/225/561 514/223/563 403/224/562
f 403/224/562 514/223/563 510/222/557
f 514/223/563 504/221/552 510/222/557
f 510/222/557 504/221/552 505/220/554
f 507/220/555 506/221/553 511/222/559
f 506/221/553 515/223/564 511/222/559
f 511/222/559 515/223/564 516/224/565
f 515/223/564 517/225/566 516/224/565
f 516/224/565 517/225/566 518/226/567
f 506/218/553 504/216/552 515/231/564
f 504/216/552 514/230/563 515/231/564
f 515/231/564 514/230/563 519/229/568
f 514/230/563 513/228/561 519/229/568
f 519/229/568 513/228/561 512/227/560
f 520/232/569 518/227/567 519/229/568
f 518/227/567 517/228/566 519/229/568
f 519/229/568 517/228/566 515/230/564
f 509/198/558 511/198/559 521/198/570
f 521/198/570 511/198/559 516/198/565
f 516/224/565 518/226/567 521/236/570
f 518/226/567 520/234/569 521/236/570
f 521/236/570 520/234/569 509/235/558
f 520/234/569 508/233/556 509/235/558
f 520/237/569 519/229/568 522/232/571
f 519/229/568 512/227/560 522/232/571
f 508/235/556 522/234/571 414/236/572
f 522/234/571 512/226/560 414/236/572
f 414/236/572 512/226/560 403/224/562
f 523/320/573 524/321/574 525/322/575
f 524/321/574 526/323/576 525/322/575
f 525/322/575 526/323/576 527/324/577
f 526/323/576 528/325/578 527/324/577
f 527/324/577 528/325/578 529/326/579
f 528/325/578 530/327/580 529/326/579
f 529/326/579 530/327/580 531/328/581
f 529/329/579 532/330/582 527/331/577
f 532/330/582 533/261/583 527/331/577
f 527/331/577 533/261/583 525/332/575
f 533/261/583 534/333/584 525/332/575
f 525/332/575 534/333/584 523/321/573
f 535/198/585 536/198/586 524/198/574
f 524/198/574 536/198/586 526/198/576
f 536/198/586 537/198/587 526/198/576
f 526/198/576 537/198/587 528/198/578
f 537/198/587 531/198/581 528/198/578
f 528/198/578 531/198/581 530/198/580
f 532/198/582 531/198/581 533/198/583
f 531/198/581 537/198/587 533/198/583
f 533/198/583 537/198/587 536/198/586
f 533/198/583 536/198/586 534/198/584
f 536/198/586 538/198/588 534/198/584
f 534/198/584 538/198/588 539/198/589
f 524/325/574 523/324/573 535/323/585
f 523/324/573 540/322/590 535/323/585
f 535/323/585 540/322/590 541/321/591
f 540/322/590 542/320/592 541/321/591
f 523/331/573 534/261/584 540/332/590
f 534/261/584 539/333/589 540/332/590
f 540/332/590 539/333/589 542/321/592
f 536/198/586 535/198/585 538/198/588
f 535/198/585 541/198/591 538/198/588
f 538/198/588 541/198/591 543/198/593
f 541/325/591 542/324/592 543/323/593
f 542/324/592 544/322/594 543/323/593
f 543/323/593 544/322/594 545/321/595
f 544/322/594 546/320/596 545/321/595
f 542/331/592 539/261/589 544/332/594
f 539/261/589 547/333/597 544/332/594
f 544/332/594 547/333/597 546/321/596
f 547/333/597 548/334/598 546/321/596
f 538/198/588 543/198/593 549/198/599
f 543/198/593 545/198/595 549/198/599
f 550/323/600 545/325/595 548/322/598
f 548/322/598 545/325/595 546/324/596
f 551/335/601 549/336/599 550/337/600
f 550/337/600 549/336/599 545/338/595
f 550/339/600 548/340/598 551/321/601
f 548/340/598 552/320/602 551/321/601
f 547/198/597 549/198/599 552/198/602
f 549/198/599 551/198/601 552/198/602
f 553/328/603 554/327/604 555/326/605
f 554/327/604 556/325/606 555/326/605
f 555/326/605 556/325/606 557/324/607
f 556/325/606 558/323/608 557/324/607
f 557/324/607 558/323/608 559/322/609
f 558/323/608 560/321/610 559/322/609
f 559/322/609 560/321/610 561/320/611
f 561/321/611 562/333/612 559/332/609
f 562/333/612 563/261/613 559/332/609
f 559/332/609 563/261/613 557/331/607
f 563/261/613 564/330/614 557/331/607
f 557/331/607 564/330/614 555/329/605
f 554/341/604 553/198/603 556/342/606
f 553/198/603 565/343/615 556/342/606
f 556/342/606 565/343/615 558/344/608
f 565/343/615 566/345/616 558/344/608
f 558/344/608 566/345/616 560/346/610
f 566/345/616 567/347/617 560/346/610
f 566/345/616 565/343/615 563/348/613
f 565/343/615 553/198/603 563/348/613
f 563/348/613 553/198/603 564/198/614
f 568/349/618 569/350/619 562/351/612
f 569/350/619 566/345/616 562/351/612
f 562/351/612 566/345/616 563/348/613
f 570/320/620 572/322/621 571/321/622
f 571/321/622 572/322/621 567/323/617
f 572/322/621 561/324/611 567/323/617
f 567/323/617 561/324/611 560/325/610
f 570/321/620 568/333/618 572/332/621
f 568/333/618 562/261/612 572/332/621
f 572/332/621 562/261/612 561/331/611
f 573/352/623 571/353/622 569/354/619
f 571/353/622 567/355/617 569/354/619
f 569/354/619 567/355/617 566/356/616
f 574/320/624 576/322/625 575/321/626
f 575/321/626 576/322/625 573/323/623
f 576/322/625 570/324/620 573/323/623
f 573/323/623 570/324/620 571/325/622
f 577/334/627 578/333/628 574/321/624
f 574/321/624 578/333/628 576/332/625
f 578/333/628 568/261/618 576/332/625
f 576/332/625 568/261/618 570/331/620
f 569/350/619 579/357/629 573/358/623
f 579/357/629 575/359/626 573/358/623
f 574/324/624 575/325/626 577/322/627
f 575/325/626 580/323/630 577/322/627
f 581/335/631 580/337/630 579/336/629
f 579/336/629 580/337/630 575/338/626
f 582/320/632 577/340/627 581/321/631
f 581/321/631 577/340/627 580/339/630
f 581/360/631 579/357/629 582/361/632
f 582/361/632 579/357/629 578/359/628
f 583/362/633 585/363/634 584/364/635
f 584/364/635 585/363/634 586/365/636
f 585/363/634 587/366/637 586/365/636
f 586/365/636 587/366/637 588/367/638
f 587/366/637 589/368/639 588/367/638
f 588/367/638 589/368/639 590/369/640
f 589/368/639 591/370/641 590/369/640
f 590/369/640 591/370/641 592/371/642
f 591/370/641 593/372/643 592/371/642
f 592/371/642 593/372/643 594/373/644
f 593/372/643 595/371/645 594/373/644
f 594/373/644 595/371/645 596/374/646
f 595/371/645 597/375/647 596/374/646
f 596/374/646 597/375/647 598/364/648
f 597/375/647 599/365/649 598/364/648
f 598/364/648 599/365/649 600/363/650
f 599/365/649 601/366/651 600/363/650
f 600/363/650 601/366/651 602/376/652
f 601/366/651 589/368/639 602/376/652
f 602/376/652 589/368/639 603/377/653
f 589/368/639 604/378/654 603/377/653
f 603/377/653 604/378/654 605/379/655
f 604/378/654 606/380/656 605/379/655
f 605/379/655 606/380/656 607/381/657
f 606/380/656 608/382/658 607/381/657
f 599/365/649 609/367/659 601/366/651
f 601/366/651 609/367/659 589/368/639
f 609/367/659 610/369/660 589/368/639
f 589/368/639 610/369/660 591/370/641
f 610/369/660 595/371/645 591/370/641
f 591/370/641 595/371/645 593/372/643
f 595/371/645 610/369/660 597/375/647
f 610/369/660 609/367/659 597/375/647
f 597/375/647 609/367/659 599/365/649
f 602/376/652 603/377/653 600/363/650
f 603/377/653 605/379/655 600/363/650
f 600/363/650 605/379/655 611/362/661
f 605/379/655 607/381/657 611/362/661
f 611/362/661 607/381/657 598/364/648
f 607/381/657 608/382/658 598/364/648
f 598/364/648 608/382/658 596/374/646
f 608/382/658 594/373/644 596/374/646
f 586/365/636 612/375/662 584/364/635
f 584/364/635 612/375/662 613/374/663
f 612/375/662 592/371/642 613/374/663
f 613/374/663 592/371/642 594/373/644
f 586/365/636 588/367/638 612/375/662
f 588/367/638 590/369/640 612/375/662
f 612/375/662 590/369/640 592/371/642
f 583/362/633 584/364/635 614/381/664
f 614/381/664 584/364/635 608/382/658
f 584/364/635 613/374/663 608/382/658
f 608/382/658 613/374/663 594/373/644
f 606/380/656 615/383/665 608/382/658
f 608/382/658 615/383/665 616/380/666
f 615/383/665 617/378/667 616/380/666
f 616/380/666 617/378/667 618/379/668
f 617/378/667 619/377/669 618/379/668
f 618/379/668 619/377/669 585/363/634
f 619/377/669 620/376/670 585/363/634
f 585/363/634 620/376/670 587/366/637
f 620/376/670 589/368/639 587/366/637
f 608/382/658 616/380/666 614/381/664
f 616/380/666 618/379/668 614/381/664
f 614/381/664 618/379/668 583/362/633
f 618/379/668 585/363/634 583/362/633
f 620/376/670 619/377/669 589/368/639
f 619/377/669 617/378/667 589/368/639
f 589/368/639 617/378/667 621/384/671
f 617/378/667 615/383/665 621/384/671
f 621/384/671 615/383/665 604/378/654
f 615/383/665 606/380/656 604/378/654
f 356/184/400 339/185/383 337/188/382
f 374/385/419 373/214/418 375/213/420
f 529/326/579 531/328/581 532/386/582
f 548/334/598 547/333/597 552/387/602
f 349/179/393 622/178/672 347/180/391
f 365/388/408 363/389/407 427/390/473
f 429/266/475 431/268/477 434/269/481
f 435/184/482 433/269/479 361/188/405
f 460/294/507 461/295/508 466/300/513
f 355/183/399 354/182/398 358/186/402
f 604/378/654 589/368/639 621/384/671
f 598/364/648 600/363/650 611/362/661
f 553/328/603 555/326/605 564/386/614
f 578/333/628 577/334/627 582/387/632
f 477/306/524 459/293/506 457/291/504
f 475/292/522 477/306/524 476/305/523
f 369/391/413 494/390/542 370/389/414
f 436/271/483 370/189/414 437/245/484
f 437/245/484 478/307/525 430/267/476
f 371/193/415 359/195/417 379/392/424
f 393/212/438 371/214/415 380/213/425
f 401/233/446 413/393/458 411/234/456
f 508/233/556 520/234/569 522/393/571
f 383/198/428 381/198/426 388/198/433
f 388/198/433 381/198/426 387/198/432
f 385/198/430 387/198/432 376/198/421
f 399/198/444 403/198/448 401/198/446
f 403/394/448 414/395/459 401/396/446
f 403/394/562 508/396/556 414/395/572
f 510/198/557 508/198/556 403/198/562
f 445/279/492 443/277/490 452/286/499
f 464/298/511 452/286/499 471/302/518
f 452/286/499 474/284/521 473/304/520
f 452/286/499 450/284/497 458/292/505
f 452/286/499 446/280/493 450/284/497
f 378/198/423 385/198/430 376/198/421
f 378/202/423 386/204/431 385/205/430
f 377/211/422 390/209/435 378/209/423
f 389/203/434 378/202/423 390/206/435
usemtl Internal
f 1/1/1 2/2/2 3/3/3
f 2/2/2 4/4/4 3/3/3
f 5/1/5 6/3/6 7/2/7
f 6/3/6 8/4/8 7/2/7
f 9/5/9 11/6/10 10/7/10
f 10/7/10 11/6/10 12/5/11
f 11/6/10 13/8/12 12/5/11
f 12/5/11 13/8/12 14/9/13
f 15/9/14 16/8/15 9/5/9
f 9/5/9 16/8/15 11/6/10
f 17/10/16 19/11/17 18/12/18
f 18/12/18 19/11/17 20/6/19
f 19/11/17 21/13/20 20/6/19
f 20/6/19 21/13/20 22/11/21
f 23/10/22 24/12/23 22/11/21
f 24/12/23 20/6/19 22/11/21
f 25/14/24 26/15/25 27/16/26
f 26/15/25 28/17/27 27/16/26
f 29/17/28 31/15/29 30/16/30
f 30/16/30 31/15/29 32/14/31
f 33/10/32 34/12/33 35/11/34
f 34/12/33 36/6/35 35/11/34
f 35/11/34 36/6/35 37/13/35
f 36/6/35 38/11/36 37/13/35
f 39/10/37 38/11/36 40/12/38
f 40/12/38 38/11/36 36/6/35
f 41/5/39 42/7/40 43/6/41
f 42/7/40 44/5/42 43/6/41
f 43/6/41 44/5/42 45/8/43
f 44/5/42 46/9/44 45/8/43
f 47/9/45 41/5/39 48/8/46
f 41/5/39 43/6/41 48/8/46
f 49/18/47 51/19/48 50/20/49
f 50/20/49 51/19/48 52/21/50
f 50/20/51 805/22/51 49/18/51
f 49/18/51 805/22/51 53/23/51
f 54/21/52 55/19/53 56/20/54
f 55/19/53 57/18/47 56/20/54
f 58/23/51 59/22/51 57/18/51
f 57/18/51 59/22/51 56/20/51
f 60/24/55 61/25/55 62/26/55
f 61/25/55 63/27/55 62/26/55
f 62/26/55 63/27/55 64/25/55
f 65/14/56 66/16/57 67/15/58
f 66/16/57 68/17/59 67/15/58
f 67/15/58 68/17/59 28/28/27
f 29/28/28 69/17/60 70/15/61
f 69/17/60 71/16/62 70/15/61
f 70/15/61 71/16/62 72/14/63
f 73/2/64 74/2/65 75/1/66
f 74/2/65 76/29/67 75/1/66
f 75/1/66 76/29/67 77/29/68
f 78/29/69 80/1/70 79/2/71
f 79/2/71 80/1/70 81/2/72
f 80/1/70 82/29/73 81/2/72
f 83/30/74 84/31/75 85/32/76
f 84/31/75 86/33/77 85/32/76
f 85/32/76 86/33/77 87/32/78
f 86/33/77 88/33/79 87/32/78
f 87/32/78 88/33/79 89/31/80
f 87/34/78 90/35/81 85/36/76
f 85/36/76 90/35/81 83/37/74
f 91/31/82 92/33/83 93/32/84
f 92/33/83 94/33/85 93/32/84
f 93/32/84 94/33/85 95/32/86
f 94/33/85 96/31/87 95/32/86
f 95/32/86 96/31/87 97/30/88
f 97/37/88 98/35/89 95/36/86
f 95/36/86 98/35/89 93/34/84
f 99/38/90 100/39/91 101/40/92
f 100/39/91 102/41/93 101/40/92
f 101/40/92 102/41/93 103/42/94
f 102/41/93 104/43/95 103/42/94
f 103/42/94 104/43/95 105/44/96
f 104/43/95 106/45/97 105/44/96
f 105/44/96 106/45/97 103/42/94
f 106/45/97 101/40/92 103/42/94
f 101/40/92 106/45/97 99/38/90
f 106/45/97 104/43/95 99/38/90
f 107/45/98 109/38/99 108/40/100
f 108/40/100 109/38/99 110/39/101
f 111/42/102 108/40/100 112/41/103
f 112/41/103 108/40/100 110/39/101
f 109/38/99 107/45/98 113/43/104
f 107/45/98 114/44/105 113/43/104
f 114/44/105 107/45/98 111/42/102
f 111/42/102 107/45/98 108/40/100
f 112/41/103 113/43/104 111/42/102
f 111/42/102 113/43/104 114/44/105
f 115/39/106 116/38/107 117/40/108
f 116/38/107 118/45/109 117/40/108
f 119/42/110 120/41/111 117/40/108
f 117/40/108 120/41/111 115/39/106
f 121/44/112 118/45/109 122/43/113
f 122/43/113 118/45/109 116/38/107
f 121/44/112 119/42/110 118/45/109
f 118/45/109 119/42/110 117/40/108
f 121/44/112 122/43/113 119/42/110
f 119/42/110 122/43/113 120/41/111
f 123/46/114 124/47/115 125/48/116
f 124/47/115 126/49/117 125/48/116
f 125/48/116 126/49/117 127/50/118
f 126/49/117 124/47/115 127/50/118
f 127/50/118 124/47/115 128/51/119
f 124/47/115 123/46/114 128/51/119
f 128/51/119 123/46/114 129/52/120
f 123/46/114 125/48/116 129/52/120
f 129/52/120 125/48/116 130/53/121
f 125/48/116 127/50/118 130/53/121
f 131/54/122 133/55/123 132/56/124
f 132/56/124 133/55/123 134/57/125
f 133/55/123 135/58/126 134/57/125
f 134/57/125 135/58/126 136/59/127
f 135/58/126 137/60/128 136/59/127
f 136/59/127 137/60/128 138/57/129
f 137/60/128 139/58/130 138/57/129
f 138/57/129 139/58/130 140/55/131
f 139/58/130 137/60/128 140/55/131
f 140/55/131 137/60/128 141/61/132
f 137/60/128 135/58/126 141/61/132
f 141/61/132 135/58/126 133/55/123
f 133/55/123 131/54/122 141/61/132
f 141/61/132 131/54/122 140/55/131
f 131/54/122 142/56/133 140/55/131
f 140/55/131 142/56/133 138/57/129
f 143/58/134 145/61/135 144/60/136
f 144/60/136 145/61/135 146/55/137
f 145/61/135 147/56/138 146/55/137
f 146/55/137 147/56/138 148/58/139
f 147/56/138 149/57/140 148/58/139
f 148/58/139 149/57/140 144/60/136
f 149/57/140 150/59/141 144/60/136
f 144/60/136 150/59/141 143/58/134
f 150/59/141 151/57/142 143/58/134
f 143/58/134 151/57/142 152/55/143
f 151/57/142 153/56/144 152/55/143
f 152/55/143 153/56/144 154/54/145
f 143/58/134 152/55/143 145/61/135
f 152/55/143 154/54/145 145/61/135
f 145/61/135 154/54/145 147/56/138
f 155/62/146 156/63/147 157/64/148
f 156/63/147 158/65/149 157/64/148
f 157/64/148 158/65/149 159/66/150
f 158/65/149 160/67/151 159/66/150
f 159/66/150 160/67/151 161/68/152
f 160/67/151 162/69/153 161/68/152
f 163/70/154 165/71/155 164/72/156
f 164/72/156 165/71/155 166/73/157
f 165/71/155 167/74/158 166/73/157
f 166/73/157 167/74/158 168/75/159
f 167/74/158 155/62/146 168/75/159
f 168/75/159 155/62/146 157/64/148
f 165/71/155 163/70/154 169/76/160
f 163/70/154 162/69/153 169/76/160
f 169/76/160 162/69/153 170/77/161
f 162/69/153 160/67/151 170/77/161
f 165/71/155 169/76/160 167/74/158
f 169/76/160 170/77/161 167/74/158
f 167/74/158 170/77/161 155/62/146
f 170/77/161 156/63/147 155/62/146
f 156/63/147 170/77/161 158/65/149
f 158/65/149 170/77/161 160/67/151
f 171/50/162 173/48/163 172/53/164
f 172/53/164 173/48/163 174/52/165
f 173/48/163 175/46/166 174/52/165
f 174/52/165 175/46/166 176/51/167
f 175/46/166 177/47/168 176/51/167
f 176/51/167 177/47/168 171/50/162
f 177/47/168 178/49/169 171/50/162
f 171/50/162 178/49/169 173/48/163
f 178/49/169 177/47/168 173/48/163
f 173/48/163 177/47/168 175/46/166
f 179/55/170 180/58/171 181/61/172
f 180/58/171 182/60/173 181/61/172
f 181/61/172 182/60/173 183/55/174
f 182/60/173 184/58/175 183/55/174
f 183/55/174 184/58/175 185/57/176
f 184/58/175 182/60/173 185/57/176
f 185/57/176 182/60/173 186/59/177
f 182/60/173 180/58/171 186/59/177
f 186/59/177 180/58/171 187/57/178
f 180/58/171 179/55/170 187/57/178
f 187/57/178 179/55/170 188/56/179
f 179/55/170 189/54/180 188/56/179
f 185/57/176 190/56/181 183/55/174
f 190/56/181 189/54/180 183/55/174
f 183/55/174 189/54/180 181/61/172
f 189/54/180 179/55/170 181/61/172
f 191/54/182 192/56/183 193/55/184
f 192/56/183 194/57/185 193/55/184
f 193/55/184 194/57/185 195/58/186
f 194/57/185 196/59/187 195/58/186
f 195/58/186 196/59/187 197/60/188
f 196/59/187 198/57/189 197/60/188
f 197/60/188 198/57/189 199/58/190
f 198/57/189 200/56/191 199/58/190
f 199/58/190 200/56/191 201/55/192
f 200/56/191 202/61/193 201/55/192
f 201/55/192 202/61/193 197/60/188
f 202/61/193 195/58/186 197/60/188
f 200/56/191 191/54/182 202/61/193
f 191/54/182 193/55/184 202/61/193
f 202/61/193 193/55/184 195/58/186
f 203/40/194 205/45/195 204/42/196
f 204/42/196 205/45/195 206/44/197
f 205/45/195 207/43/198 206/44/197
f 206/44/197 207/43/198 204/42/196
f 207/43/198 208/41/199 204/42/196
f 204/42/196 208/41/199 203/40/194
f 208/41/199 209/39/200 203/40/194
f 203/40/194 209/39/200 210/38/201
f 203/40/194 210/38/201 205/45/195
f 210/38/201 207/43/198 205/45/195
f 211/78/202 213/79/203 212/80/204
f 212/80/204 213/79/203 214/81/205
f 213/79/203 215/82/206 214/81/205
f 214/81/205 215/82/206 216/83/207
f 215/82/206 217/84/208 216/83/207
f 216/83/207 217/84/208 218/82/209
f 213/79/203 219/85/210 217/86/208
f 219/85/210 220/79/211 217/86/208
f 217/86/208 220/79/211 218/82/209
f 220/79/211 221/81/212 218/82/209
f 218/82/209 221/81/212 216/83/207
f 221/81/212 220/79/211 222/80/213
f 222/80/213 220/79/211 211/78/202
f 220/79/211 219/87/210 211/78/202
f 211/78/202 219/87/210 213/79/203
f 223/88/214 224/89/215 225/90/216
f 224/89/215 226/91/217 225/90/216
f 225/90/216 226/91/217 227/92/218
f 226/91/217 228/93/219 227/92/218
f 227/92/218 228/93/219 229/94/220
f 228/93/219 230/92/221 229/94/220
f 229/94/220 230/92/221 227/92/218
f 230/92/221 231/90/222 227/92/218
f 227/92/218 231/90/222 225/90/216
f 231/90/222 232/95/223 225/90/216
f 225/90/216 232/95/223 223/88/214
f 232/95/223 231/90/222 223/88/214
f 223/88/214 231/90/222 233/89/224
f 231/90/222 230/92/221 233/89/224
f 233/89/224 230/92/221 234/91/225
f 230/92/221 228/93/219 234/91/225
f 234/91/225 228/93/219 235/96/226
f 228/93/219 226/91/217 235/96/226
f 235/96/226 226/91/217 236/97/227
f 226/91/217 224/89/215 236/97/227
f 236/97/227 224/89/215 237/98/228
f 224/89/215 223/88/214 237/98/228
f 237/98/228 223/88/214 238/99/229
f 223/88/214 233/89/224 238/99/229
f 238/99/229 233/89/224 239/98/230
f 233/89/224 240/97/231 239/98/230
f 235/96/226 240/97/231 234/91/225
f 240/97/231 233/89/224 234/91/225
f 241/100/232 242/101/233 243/102/234
f 242/101/233 244/103/235 243/102/234
f 243/102/234 244/103/235 245/104/236
f 242/105/233 246/106/237 244/107/235
f 246/106/237 247/108/238 244/107/235
f 244/107/235 247/108/238 248/109/239
f 249/110/240 248/104/239 250/111/241
f 250/111/241 248/104/239 251/102/242
f 248/104/239 247/103/238 251/102/242
f 251/102/242 247/103/238 246/101/237
f 252/106/243 241/105/232 251/108/242
f 241/105/232 243/107/234 251/108/242
f 251/108/242 243/107/234 253/112/244
f 251/108/242 253/112/244 250/109/241
f 253/112/244 254/113/245 250/109/241
f 250/109/241 254/113/245 249/114/240
f 254/113/245 255/115/246 249/114/240
f 256/116/247 254/110/245 257/117/248
f 257/117/248 254/110/245 245/104/236
f 254/110/245 253/111/244 245/104/236
f 245/104/236 253/111/244 243/102/234
f 244/107/235 248/109/239 245/112/236
f 248/109/239 258/114/249 245/112/236
f 245/112/236 258/114/249 257/113/248
f 258/114/249 256/118/247 257/113/248
f 259/110/250 260/116/251 255/13/246
f 255/13/246 260/116/251 249/110/240
f 260/116/251 258/117/249 249/110/240
f 249/110/240 258/117/249 248/104/239
f 254/113/245 261/118/252 255/115/246
f 261/118/252 262/113/253 255/115/246
f 255/115/246 262/113/253 259/114/250
f 262/113/253 263/109/254 259/114/250
f 264/104/255 262/110/253 265/117/256
f 265/117/256 262/110/253 256/116/247
f 262/110/253 261/13/252 256/116/247
f 256/116/247 261/13/252 254/110/245
f 258/114/249 260/115/251 256/118/247
f 260/115/251 266/114/257 256/118/247
f 256/118/247 266/114/257 265/113/256
f 266/114/257 264/112/255 265/113/256
f 267/102/258 268/104/259 263/111/254
f 263/111/254 268/104/259 259/110/250
f 268/104/259 266/117/257 259/110/250
f 259/110/250 266/117/257 260/116/251
f 269/105/260 267/108/258 270/107/261
f 270/107/261 267/108/258 271/112/262
f 267/108/258 263/109/254 271/112/262
f 271/112/262 263/109/254 262/113/253
f 264/104/255 272/103/263 270/102/261
f 272/103/263 273/101/264 270/102/261
f 270/102/261 273/101/264 269/100/260
f 270/102/261 271/111/262 264/104/255
f 271/111/262 262/110/253 264/104/255
f 274/106/265 272/107/263 275/108/266
f 275/108/266 272/107/263 268/109/259
f 272/107/263 264/112/255 268/109/259
f 268/109/259 264/112/255 266/114/257
f 276/100/267 274/101/265 267/102/258
f 274/101/265 275/103/266 267/102/258
f 267/102/258 275/103/266 268/104/259
f 277/104/268 278/103/269 279/102/270
f 278/103/269 280/101/271 279/102/270
f 279/102/270 280/101/271 281/100/272
f 282/109/273 283/108/274 278/107/269
f 283/108/274 284/106/275 278/107/269
f 278/107/269 284/106/275 280/105/271
f 285/100/276 284/101/275 286/102/277
f 284/101/275 283/103/274 286/102/277
f 286/102/277 283/103/274 282/104/273
f 287/112/278 279/107/270 286/108/277
f 279/107/270 281/105/272 286/108/277
f 286/108/277 281/105/272 285/106/276
f 279/102/270 287/111/278 277/104/268
f 287/111/278 288/110/279 277/104/268
f 277/104/268 288/110/279 289/117/280
f 288/110/279 290/116/281 289/117/280
f 291/115/282 288/113/279 292/114/283
f 292/114/283 288/113/279 293/109/284
f 288/113/279 287/112/278 293/109/284
f 293/109/284 287/112/278 286/108/277
f 294/116/285 292/110/283 295/117/286
f 295/117/286 292/110/283 282/104/273
f 292/110/283 293/111/284 282/104/273
f 282/104/273 293/111/284 286/102/277
f 290/118/281 295/114/286 289/113/280
f 289/113/280 295/114/286 277/112/268
f 295/114/286 282/109/273 277/112/268
f 277/112/268 282/109/273 278/107/269
f 296/104/287 298/110/288 297/117/289
f 297/117/289 298/110/288 294/116/285
f 298/110/288 291/13/282 294/116/285
f 294/116/285 291/13/282 292/110/283
f 299/109/290 300/113/291 298/114/288
f 298/114/288 300/113/291 291/115/282
f 300/113/291 301/118/292 291/115/282
f 291/115/282 301/118/292 288/113/279
f 288/110/279 301/13/292 290/116/281
f 301/13/292 300/110/291 290/116/281
f 290/116/281 300/110/291 302/117/293
f 300/110/291 303/104/294 302/117/293
f 303/112/294 297/114/289 302/113/293
f 302/113/293 297/114/289 290/118/281
f 297/114/289 294/115/285 290/118/281
f 290/118/281 294/115/285 295/114/286
f 304/101/295 306/102/296 305/103/297
f 305/103/297 306/102/296 296/104/287
f 306/102/296 299/111/290 296/104/287
f 296/104/287 299/111/290 298/110/288
f 300/113/291 299/109/290 307/112/298
f 299/109/290 306/108/296 307/112/298
f 307/112/298 306/108/296 308/107/299
f 306/108/296 309/105/300 308/107/299
f 309/100/300 310/101/301 308/102/299
f 310/101/301 311/103/302 308/102/299
f 308/102/299 311/103/302 303/104/294
f 310/105/301 304/106/295 311/107/302
f 304/106/295 305/108/297 311/107/302
f 311/107/302 305/108/297 296/109/287
f 308/102/299 303/104/294 307/111/298
f 303/104/294 300/110/291 307/111/298
f 311/107/302 296/109/287 303/112/294
f 296/109/287 297/114/289 303/112/294
f 312/119/303 313/120/304 314/121/305
f 313/120/304 315/122/306 314/121/305
f 314/121/305 315/122/306 316/123/307
f 315/122/306 317/121/308 316/123/307
f 316/123/307 317/121/308 314/121/305
f 317/121/308 318/119/309 314/121/305
f 314/121/305 318/119/309 312/119/303
f 318/119/309 319/124/310 312/119/303
f 312/119/303 319/124/310 320/125/311
f 319/124/310 318/119/309 320/125/311
f 320/125/311 318/119/309 321/126/312
f 318/119/309 317/121/308 321/126/312
f 321/126/312 317/121/308 322/120/313
f 317/121/308 315/122/306 322/120/313
f 322/120/313 315/122/306 323/127/314
f 315/122/306 313/120/304 323/127/314
f 323/127/314 313/120/304 324/126/315
f 313/120/304 312/119/303 324/126/315
f 324/126/315 312/119/303 320/125/311
f 324/126/315 320/125/311 323/127/314
f 320/125/311 321/126/312 323/127/314
f 323/127/314 321/126/312 322/120/313
f 217/86/208 215/82/206 213/79/203
f 246/101/237 252/100/243 251/102/242
f 267/108/258 269/105/260 276/106/267
f 272/107/263 274/106/265 273/105/264
f 144/60/136 146/55/137 148/58/139
f 67/15/58 28/28/27 26/128/25
f 70/15/61 31/128/29 29/28/28
f 62/26/55 64/25/55 325/24/55
f 201/55/192 197/60/188 199/58/190
f 89/31/80 90/30/81 87/32/78
f 91/31/82 93/32/84 98/30/89
f 77/29/68 73/2/64 75/1/66
f 82/29/73 80/1/70 78/29/69
f 304/101/295 326/100/316 306/102/296
f 309/105/300 306/108/296 326/106/316
f 327/2/317 328/129/318 329/1/319
f 327/2/317 329/1/319 330/129/320
f 329/1/319 328/129/318 331/29/321
f 331/29/321 330/129/320 329/1/319
f 332/2/322 333/1/323 334/129/324
f 332/2/322 335/129/325 333/1/323
f 333/1/323 336/29/326 334/129/324
f 336/29/326 333/1/323 335/129/325
f 50/130/327 753/131/328 49/132/329
f 49/132/329 753/131/328 51/133/330
f 56/130/331 57/132/329 754/131/332
f 754/131/332 57/132/329 55/133/333
f 755/134/334 757/135/335 756/136/336
f 756/136/336 757/135/335 758/137/337
f 757/135/335 759/134/338 758/137/337
f 758/137/337 759/134/338 760/136/339
f 755/135/334 756/137/336 761/134/340
f 761/134/340 756/137/336 762/136/341
f 763/135/342 765/137/343 764/134/344
f 764/134/344 765/137/343 766/136/345
f 765/136/343 763/134/342 767/137/346
f 763/134/342 768/135/347 767/137/346
f 767/137/346 768/135/347 769/134/348
f 770/138/349 771/139/350 772/140/351
f 771/139/350 773/141/352 772/140/351
f 772/140/351 773/141/352 774/142/353
f 773/141/352 775/143/354 774/142/353
f 774/142/353 775/143/354 776/144/355
f 775/143/354 777/145/356 776/144/355
f 776/144/355 777/145/356 778/146/357
f 777/145/356 775/143/354 778/146/357
f 778/146/357 775/143/354 779/147/358
f 775/143/354 773/141/352 779/147/358
f 779/147/358 773/141/352 780/148/359
f 773/141/352 771/139/350 780/148/359
f 778/146/357 781/149/360 776/144/355
f 781/149/360 782/150/361 776/144/355
f 776/144/355 782/150/361 774/142/353
f 782/150/361 783/151/362 774/142/353
f 774/142/353 783/151/362 784/152/363
f 783/151/362 785/153/364 784/152/363
f 784/152/363 785/153/364 774/142/353
f 785/153/364 772/140/351 774/142/353
f 783/151/362 770/138/349 785/153/364
f 770/138/349 772/140/351 785/153/364
f 786/154/365 788/155/366 787/156/367
f 787/156/367 788/155/366 789/157/368
f 788/155/366 790/158/369 789/157/368
f 789/157/368 790/158/369 791/159/370
f 790/158/369 792/160/371 791/159/370
f 791/159/370 792/160/371 793/161/372
f 792/160/371 790/158/369 793/161/372
f 793/161/372 790/158/369 794/162/373
f 790/158/369 788/155/366 794/162/373
f 794/162/373 788/155/366 795/163/374
f 788/155/366 786/154/365 795/163/374
f 795/163/374 786/154/365 796/164/375
f 795/163/374 797/165/376 794/162/373
f 794/162/373 797/165/376 798/166/377
f 797/165/376 799/167/378 798/166/377
f 798/166/377 799/167/378 794/162/373
f 799/167/378 800/168/379 794/162/373
f 794/162/373 800/168/379 793/161/372
f 800/168/379 801/169/380 793/161/372
f 793/161/372 801/169/380 791/159/370
f 799/167/378 797/165/376 796/164/375
f 797/165/376 795/163/374 796/164/375
f 767/137/346 769/134/348 802/136/381
