# Blender v2.83.20 OBJ File: ''
# www.blender.org
mtllib megatonburkesshouse.mtl
o MegatonBurkessHouse:2
v 17.890011 8.021203 5.102654
v 14.996729 15.405547 5.102654
v 17.159777 15.405547 5.102654
v 14.996729 15.405547 5.102654
v 17.890011 8.021203 5.102654
v 15.421787 8.021203 5.102654
v 18.104347 8.021203 4.532882
v 17.130165 15.405547 4.496429
v 17.383995 15.405547 4.483139
v 17.130165 15.405547 4.496429
v 18.104347 8.021203 4.532882
v 17.862328 8.021203 4.509564
v 17.862328 8.021203 4.509564
v 17.159777 15.405547 5.102654
v 17.130165 15.405547 4.496429
v 17.159777 15.405547 5.102654
v 17.862328 8.021203 4.509564
v 17.890011 8.021203 5.102654
v 15.421787 8.021203 5.350216
v 17.174044 15.405547 5.350216
v 14.996729 15.405547 5.350216
v 17.174044 15.405547 5.350216
v 15.421787 8.021203 5.350216
v 17.903677 8.021203 5.350216
v 18.187969 8.021203 5.875982
v 17.218262 15.405547 5.918862
v 17.945953 8.021203 5.852679
v 17.218262 15.405547 5.918862
v 18.187969 8.021203 5.875982
v 17.470959 15.405547 5.905425
v 17.470959 15.405547 5.905425
v 18.104347 8.021203 4.532882
v 17.383995 15.405547 4.483139
v 18.104347 8.021203 4.532882
v 17.470959 15.405547 5.905425
v 18.187969 8.021203 5.875982
v 17.174044 15.405547 5.350216
v 17.945953 8.021203 5.852679
v 17.218262 15.405547 5.918862
v 17.945953 8.021203 5.852679
v 17.174044 15.405547 5.350216
v 17.903677 8.021203 5.350216
v 18.379976 0.000002 5.102654
v 15.421787 8.021203 5.102654
v 17.890011 8.021203 5.102654
v 15.421787 8.021203 5.102654
v 18.379976 0.000002 5.102654
v 15.870319 0.000002 5.102654
v 18.575029 0.000002 4.505081
v 17.862328 8.021203 4.509564
v 18.104347 8.021203 4.532882
v 17.862328 8.021203 4.509564
v 18.575029 0.000002 4.505081
v 18.339607 0.000002 4.482397
v 18.339607 0.000002 4.482397
v 17.890011 8.021203 5.102654
v 17.862328 8.021203 4.509564
v 17.890011 8.021203 5.102654
v 18.339607 0.000002 4.482397
v 18.379976 0.000002 5.102654
v 15.870319 0.000002 5.350216
v 17.903677 8.021203 5.350216
v 15.421787 8.021203 5.350216
v 17.903677 8.021203 5.350216
v 15.870319 0.000002 5.350216
v 18.393263 0.000002 5.350216
v 18.434381 0.000002 5.882308
v 18.187969 8.021203 5.875982
v 17.945953 8.021203 5.852679
v 18.187969 8.021203 5.875982
v 18.434381 0.000002 5.882308
v 18.670584 0.000002 5.869927
v 18.670584 0.000002 5.869927
v 18.104347 8.021203 4.532882
v 18.187969 8.021203 5.875982
v 18.104347 8.021203 4.532882
v 18.670584 0.000002 5.869927
v 18.575029 0.000002 4.505081
v 18.393263 0.000002 5.350216
v 17.945953 8.021203 5.852679
v 17.903677 8.021203 5.350216
v 17.945953 8.021203 5.852679
v 18.393263 0.000002 5.350216
v 18.434381 0.000002 5.882308
v 17.429768 8.021203 -5.338202
v 14.996730 15.405547 -5.338202
v 16.793669 15.405547 -5.338202
v 14.996730 15.405547 -5.338202
v 17.429768 8.021203 -5.338202
v 15.421787 8.021203 -5.338202
v 17.749218 8.021203 -5.985740
v 16.874599 15.405547 -5.934184
v 17.127615 15.405547 -5.909803
v 16.874599 15.405547 -5.934184
v 17.749218 8.021203 -5.985740
v 17.507198 8.021203 -6.009057
v 17.507198 8.021203 -6.009057
v 16.793669 15.405547 -5.338202
v 16.874599 15.405547 -5.934184
v 16.793669 15.405547 -5.338202
v 17.507198 8.021203 -6.009057
v 17.429768 8.021203 -5.338202
v 15.421787 8.021203 -5.084220
v 16.767500 15.405547 -5.084220
v 14.996730 15.405547 -5.084220
v 16.767500 15.405547 -5.084220
v 15.421787 8.021203 -5.084220
v 17.404755 8.021203 -5.084220
v 17.657963 8.021203 -4.449265
v 16.775162 15.405547 -4.444243
v 17.415945 8.021203 -4.472569
v 16.775162 15.405547 -4.444243
v 17.657963 8.021203 -4.449265
v 17.028181 15.405547 -4.419886
v 17.028181 15.405547 -4.419886
v 17.749218 8.021203 -5.985740
v 17.127615 15.405547 -5.909803
v 17.749218 8.021203 -5.985740
v 17.028181 15.405547 -4.419886
v 17.657963 8.021203 -4.449265
v 16.767500 15.405547 -5.084220
v 17.415945 8.021203 -4.472569
v 16.775162 15.405547 -4.444243
v 17.415945 8.021203 -4.472569
v 16.767500 15.405547 -5.084220
v 17.404755 8.021203 -5.084220
v 18.155581 0.000002 -5.338202
v 15.421787 8.021203 -5.338202
v 17.429768 8.021203 -5.338202
v 15.421787 8.021203 -5.338202
v 18.155581 0.000002 -5.338202
v 15.870318 0.000002 -5.338202
v 18.364695 0.000002 -6.025724
v 17.507198 8.021203 -6.009057
v 17.749218 8.021203 -5.985740
v 17.507198 8.021203 -6.009057
v 18.364695 0.000002 -6.025724
v 18.128227 0.000002 -6.021612
v 18.128227 0.000002 -6.021612
v 17.429768 8.021203 -5.338202
v 17.507198 8.021203 -6.009057
v 17.429768 8.021203 -5.338202
v 18.128227 0.000002 -6.021612
v 18.155581 0.000002 -5.338202
v 15.870318 0.000002 -5.084220
v 17.404755 8.021203 -5.084220
v 15.421787 8.021203 -5.084220
v 17.404755 8.021203 -5.084220
v 15.870318 0.000002 -5.084220
v 18.174553 0.000002 -5.084220
v 18.160078 0.000002 -4.445136
v 17.657963 8.021203 -4.449265
v 17.415945 8.021203 -4.472569
v 17.657963 8.021203 -4.449265
v 18.160078 0.000002 -4.445136
v 18.396563 0.000002 -4.449265
v 18.396563 0.000002 -4.449265
v 17.749218 8.021203 -5.985740
v 17.657963 8.021203 -4.449265
v 17.749218 8.021203 -5.985740
v 18.396563 0.000002 -4.449265
v 18.364695 0.000002 -6.025724
v 18.174553 0.000002 -5.084220
v 17.415945 8.021203 -4.472569
v 17.404755 8.021203 -5.084220
v 17.415945 8.021203 -4.472569
v 18.174553 0.000002 -5.084220
v 18.160078 0.000002 -4.445136
v 17.791414 16.558796 -6.169832
v 17.867117 16.558805 6.155172
v 18.121719 16.558794 6.188690
v 17.867117 16.558805 6.155172
v 17.791414 16.558796 -6.169832
v 17.536795 16.558805 -6.203361
v 17.536795 16.558805 -6.203361
v 17.616199 15.685084 6.084478
v 17.867117 16.558805 6.155172
v 17.616199 15.685084 6.084478
v 17.536795 16.558805 -6.203361
v 17.240158 15.685084 -6.123806
v 17.376339 15.080965 -6.100922
v 17.447271 15.080962 5.994070
v 17.126320 15.080963 -6.133842
v 17.447271 15.080962 5.994070
v 17.376339 15.080965 -6.100922
v 17.697292 15.080963 6.026983
v 17.697292 15.080963 6.026983
v 17.791414 16.558796 -6.169832
v 18.121719 16.558794 6.188690
v 17.791414 16.558796 -6.169832
v 17.697292 15.080963 6.026983
v 17.376339 15.080965 -6.100922
v 17.532345 15.405547 6.060857
v 17.126320 15.080963 -6.133842
v 17.447271 15.080962 5.994070
v 17.126320 15.080963 -6.133842
v 17.532345 15.405547 6.060857
v 17.207510 15.405547 -6.162659
v 17.207510 15.405547 -6.162659
v 14.996730 15.685084 -6.069440
v 17.240158 15.685084 -6.123806
v 14.996730 15.685084 -6.069440
v 17.207510 15.405547 -6.162659
v 14.996730 15.405547 -6.069438
v 17.207510 15.405547 -6.162659
v 17.376339 15.080965 -6.100922
v 17.126320 15.080963 -6.133842
v 17.536795 16.558805 -6.203361
v 17.791414 16.558796 -6.169832
v 17.240158 15.685084 -6.123806
v 17.376339 15.080965 -6.100922
v 17.240158 15.685084 -6.123806
v 17.791414 16.558796 -6.169832
v 17.240158 15.685084 -6.123806
v 17.376339 15.080965 -6.100922
v 17.207510 15.405547 -6.162659
v 17.532345 15.405547 6.060857
v 14.996729 15.685084 6.026855
v 14.996729 15.405547 6.026855
v 14.996729 15.685084 6.026855
v 17.532345 15.405547 6.060857
v 17.616199 15.685084 6.084478
v 17.447271 15.080962 5.994070
v 17.697292 15.080963 6.026983
v 17.532345 15.405547 6.060857
v 17.616199 15.685084 6.084478
v 18.121719 16.558794 6.188690
v 17.867117 16.558805 6.155172
v 17.697292 15.080963 6.026983
v 17.616199 15.685084 6.084478
v 17.532345 15.405547 6.060857
v 17.616199 15.685084 6.084478
v 17.697292 15.080963 6.026983
v 18.121719 16.558794 6.188690
v 21.106808 19.523235 -15.759650
v 13.670474 22.213764 -15.687634
v 21.106808 19.523235 -16.158747
v 13.649966 22.155098 -16.085558
v 13.905930 22.593197 -15.769950
v 21.355831 19.902676 -15.834486
v 13.905930 22.593201 -16.182507
v 21.355831 19.902674 -16.235136
v 13.649966 22.155098 -16.085558
v 13.905930 22.593201 -16.182507
v 21.106808 19.523235 -16.158747
v 21.355831 19.902674 -16.235136
v 13.649966 22.155098 -16.085558
v 13.670474 22.213764 -15.687634
v 13.905930 22.593201 -16.182507
v 13.905930 22.593197 -15.769950
v 21.355831 19.902674 -16.235136
v 21.355831 19.902676 -15.834486
v 21.106808 19.523235 -16.158747
v 21.106808 19.523235 -15.759650
v 21.475168 20.439886 -3.697932
v 21.732096 20.819330 -3.728444
v 13.853580 22.730602 -3.889799
v 14.092747 23.110052 -3.923341
v 21.475168 20.439886 -3.697932
v 13.853580 22.730602 -3.889799
v 21.475168 20.439894 -4.103670
v 13.853580 22.730602 -4.305119
v 14.092747 23.110052 -3.923341
v 21.732096 20.819330 -3.728444
v 14.092747 23.110044 -4.340364
v 21.732096 20.819334 -4.135695
v 21.732096 20.819334 -4.135695
v 21.475168 20.439894 -4.103670
v 14.092747 23.110044 -4.340364
v 13.853580 22.730602 -4.305119
v 13.853580 22.730602 -4.305119
v 13.853580 22.730602 -3.889799
v 14.092747 23.110044 -4.340364
v 14.092747 23.110052 -3.923341
v 21.732096 20.819334 -4.135695
v 21.732096 20.819330 -3.728444
v 21.475168 20.439894 -4.103670
v 21.475168 20.439886 -3.697932
v 18.379976 0.000002 5.102654
v 18.393263 0.000002 5.350216
v 15.870319 0.000002 5.102654
v 15.870319 0.000002 5.350216
v 18.155581 0.000002 -5.338202
v 18.174553 0.000002 -5.084220
v 15.870318 0.000002 -5.338202
v 15.870318 0.000002 -5.084220
v 17.616199 15.685084 6.084478
v 17.240158 15.685084 -6.123806
v 14.996729 15.685084 6.026855
v 14.996730 15.685084 -6.069440
v 14.996729 15.405547 6.026855
v 14.996730 15.405547 -6.069438
v 17.532345 15.405547 6.060857
v 17.207510 15.405547 -6.162659
v -4.735439 37.025215 -6.450091
v -15.168167 41.354553 -9.578094
v -18.407963 42.607204 -8.714095
v -17.380154 41.314495 -14.481735
v -15.342839 40.660221 -14.624556
v -4.628133 37.009998 -8.278840
v 7.278968 32.258358 -6.778783
v 8.488146 31.931919 -5.039886
v 10.653093 30.649038 -15.456543
v 8.527185 31.539845 -15.807961
v -4.206939 36.950077 -15.455532
v 11.170222 31.647831 -7.435473
v 5.182132 34.180984 -12.246886
v 4.985694 34.647915 -8.073435
v 3.984100 34.822144 10.993992
v 11.003310 32.071251 -0.551861
v 4.633870 35.484196 -0.598719
v 5.715672 34.705601 -1.774215
v 5.864347 34.401909 -7.027556
v 10.454056 32.084621 -6.763502
v 10.305381 32.388313 -1.510161
v 3.801589 34.467545 14.234901
v 17.210089 27.653860 13.726038
v 14.769204 29.458683 10.911471
v 16.271332 29.248480 -0.513106
v 16.229357 29.012037 -12.028831
v 5.329662 33.685909 -15.436136
v 18.743254 27.296356 -14.685215
v 18.997999 27.370314 -0.494101
v -46.857861 21.262518 -3.073400
v -35.687405 23.633121 -4.609840
v -46.802357 22.446386 12.069571
v -36.091187 24.737398 11.657295
v 20.569202 18.102427 15.748010
v 20.806025 18.481865 15.786198
v 13.055340 20.381453 15.993875
v 13.277806 20.760891 16.038826
v 20.569202 18.102427 15.748010
v 13.055340 20.381453 15.993875
v 20.569202 18.102430 15.327905
v 13.055340 20.381447 15.569033
v 13.277806 20.760891 16.038826
v 20.806025 18.481865 15.786198
v 13.277806 20.760900 15.613135
v 20.806025 18.481871 15.365376
v 20.806025 18.481871 15.365376
v 20.569202 18.102430 15.327905
v 13.277806 20.760900 15.613135
v 13.055340 20.381447 15.569033
v 13.055340 20.381447 15.569033
v 13.055340 20.381453 15.993875
v 13.277806 20.760900 15.613135
v 13.277806 20.760891 16.038826
v 20.806025 18.481871 15.365376
v 20.806025 18.481865 15.786198
v 20.569202 18.102430 15.327905
v 20.569202 18.102427 15.748010
v 20.619017 18.238600 -8.881785
v 20.856901 18.618038 -8.907863
v 13.055338 20.381449 -9.035429
v 13.277805 20.760891 -9.064235
v 20.619017 18.238600 -8.881785
v 13.055338 20.381449 -9.035429
v 20.619017 18.238602 -9.279571
v 13.055338 20.381447 -9.441124
v 13.277805 20.760891 -9.064235
v 20.856901 18.618038 -8.907863
v 13.277805 20.760887 -9.471425
v 20.856901 18.618040 -9.306987
v 20.856901 18.618040 -9.306987
v 20.619017 18.238602 -9.279571
v 13.277805 20.760887 -9.471425
v 13.055338 20.381447 -9.441124
v 13.055338 20.381447 -9.441124
v 13.055338 20.381449 -9.035429
v 13.277805 20.760887 -9.471425
v 13.277805 20.760891 -9.064235
v 20.856901 18.618040 -9.306987
v 20.856901 18.618038 -8.907863
v 20.619017 18.238602 -9.279571
v 20.619017 18.238600 -8.881785
v 21.106808 19.523235 -15.759650
v 21.355831 19.902676 -15.834486
v 13.670474 22.213764 -15.687634
v 13.905930 22.593197 -15.769950
v -35.657421 18.492893 -5.161898
v -34.998009 18.676361 -7.488609
v -36.019176 13.507558 -5.096006
v -35.970779 6.505174 -7.897947
v -36.892456 6.919271 -4.693058
v -37.906769 1.392473 -4.543175
v -36.892456 6.919271 -4.693058
v -37.494465 1.392468 -5.732563
v -35.970779 6.505174 -7.897947
v -34.333263 5.774233 -13.571907
v -33.841496 1.392413 -16.257910
v -33.660213 5.774070 -15.706788
v -33.112972 19.266001 -14.381770
v -33.771080 19.017231 -11.799462
v -26.973694 30.915964 1.984552
v -19.851286 32.705284 1.389087
v -19.651203 31.618555 -12.283431
v -17.771317 33.049942 1.164194
v -17.361387 32.292713 -14.984589
v -26.198347 30.072580 -13.209505
v -26.281832 30.163324 -11.629471
v -34.517857 29.189011 -11.836473
v -33.664379 29.717871 2.772783
v -35.921143 29.308838 3.044440
v -36.674152 28.897287 -13.314440
v -3.087557 37.421078 0.163919
v -2.513493 35.163727 -11.752773
v -15.724012 40.279629 -11.031893
v -2.403939 34.449596 -14.104571
v -18.124647 40.752853 -13.209376
v -17.881643 43.730240 0.281625
v -15.495807 42.487396 0.262418
v -16.294785 40.273983 11.524912
v -3.789726 35.206039 11.623166
v -3.932842 34.801754 14.014314
v -19.088900 40.878963 13.676688
v 18.160078 0.000002 -4.445136
v 18.174553 0.000002 -5.084220
v 18.396563 0.000002 -4.449265
v 18.155581 0.000002 -5.338202
v 18.364695 0.000002 -6.025724
v 18.128227 0.000002 -6.021612
v 3.594496 34.098232 14.257233
v -8.668057 38.336025 13.146373
v 4.351676 34.752174 -0.600452
v -7.445708 39.800640 -0.470996
v -7.685027 38.486397 -14.037916
v 5.122401 33.258141 -15.465677
v 10.533565 30.337732 -15.343776
v 8.480619 31.560621 -5.118115
v -4.214025 36.843834 -15.324153
v -4.743831 36.728405 -6.255660
v -17.392618 41.110531 -14.224741
v -18.415478 42.251652 -8.599471
v -4.137372 34.431408 14.036101
v -19.173820 40.457024 13.687850
v -3.194802 37.226688 0.164017
v -17.968208 43.303448 0.281685
v -18.209972 40.330284 -13.220500
v -2.608733 34.079887 -14.126986
v -17.392624 41.110516 15.098723
v -18.412842 42.561901 8.658710
v -5.107624 36.203297 15.540773
v -5.867203 37.029816 6.371006
v 7.999304 31.983328 5.105847
v 10.060879 30.387281 14.321560
v 10.060879 30.387281 14.321560
v 10.682275 23.372656 19.321051
v -5.107624 36.203297 15.540773
v -3.333755 23.603849 21.577574
v -17.100452 24.869703 18.698793
v -17.392624 41.110516 15.098723
v -17.392618 41.110531 -14.224741
v -17.100433 24.869703 -17.382103
v -4.214025 36.843834 -15.324153
v -3.333712 23.603857 -21.577566
v 10.682302 23.372656 -19.321026
v 10.533565 30.337732 -15.343776
v -17.692062 32.355331 1.168072
v -18.480486 34.101734 15.611381
v -26.878040 30.265736 1.991409
v -27.526617 31.024454 15.970942
v -35.165756 30.215662 16.489899
v -35.852505 28.627439 3.056101
v -35.852505 28.627439 3.056101
v -36.606670 28.216251 -13.365948
v -26.878040 30.265736 1.991409
v -26.008846 29.433319 -13.255648
v -17.284008 31.598871 -15.053144
v -17.692062 32.355331 1.168072
v 18.434381 0.000002 5.882308
v 18.393263 0.000002 5.350216
v 18.670584 0.000002 5.869927
v 18.575029 0.000002 4.505081
v 18.379976 0.000002 5.102654
v 18.339607 0.000002 4.482397
v 5.122401 33.258141 -15.465677
v 18.550428 26.699463 -14.737128
v 4.351676 34.752174 -0.600452
v 18.802355 26.957432 -0.495315
v 17.012594 27.308004 13.754107
v 3.594496 34.098232 14.257233
v -3.725265 26.415007 20.426163
v -5.100749 36.309086 15.672022
v -15.098042 27.677723 18.563009
v -15.334021 40.499344 15.397140
v -17.380171 41.314495 15.355430
v -17.089142 25.066381 18.958088
v -3.324732 23.799253 21.835203
v 8.125854 25.242878 18.864588
v 7.527514 31.833952 15.038120
v 10.211197 30.682581 14.437074
v 10.688457 23.564604 19.581017
v -35.749454 24.313700 -4.591031
v -38.356037 23.907930 -1.525961
v -36.154400 25.418051 11.609958
v -39.104000 24.769037 9.935880
v -46.844254 23.125257 12.020336
v -46.902927 21.929482 -3.061157
v -44.758080 22.661066 -0.876563
v -45.060753 23.517736 10.021377
v -38.588875 12.952957 -4.261732
v -39.579708 6.850474 -4.098746
v -42.275211 12.155320 -3.054587
v -42.560314 6.773652 -3.436878
v -46.600246 12.029676 -2.447672
v -47.066296 6.660311 -3.040026
v -35.501144 21.102089 -5.186634
v -35.657421 18.492893 -5.161898
v -37.405533 20.562012 -4.564861
v -42.175121 19.202414 -2.981012
v -45.340988 18.672167 -1.564767
v -48.210529 11.842479 -2.412198
v -48.760601 6.617486 -2.890123
v -49.528118 1.392520 -3.352473
v -43.018463 1.392509 -3.793894
v -38.600784 1.392480 -4.544520
v -36.892456 6.919271 -4.693058
v -36.019176 13.507558 -5.096006
v -47.304821 21.733549 -1.833909
v -42.197166 22.322248 -3.049878
v -35.238731 24.345747 -4.995996
v -17.380154 41.314495 -14.481735
v -15.342839 40.660221 -14.624556
v -17.089066 25.066380 -17.642927
v -14.662963 26.988745 -17.738831
v -3.324711 23.799252 -21.835190
v -3.570428 26.985991 -20.140265
v 10.688471 23.564598 -19.580994
v 8.625528 25.120699 -18.858479
v 10.653093 30.649038 -15.456543
v 8.527185 31.539845 -15.807961
v -4.206939 36.950077 -15.455532
v -35.921143 29.308838 3.044440
v -35.236649 30.897673 16.429955
v -33.349079 30.926306 14.652810
v -27.715517 31.663599 15.918307
v -27.633636 31.574350 14.279783
v -18.559286 34.798126 15.564606
v -20.260597 33.566910 14.021017
v -17.771317 33.049942 1.164194
v -19.851286 32.705284 1.389087
v -26.973694 30.915964 1.984552
v -33.664379 29.717871 2.772783
v -17.380171 41.314495 15.355430
v -15.334021 40.499344 15.397140
v -15.910155 41.381306 10.640496
v -5.100749 36.309086 15.672022
v -5.458533 37.885536 9.043542
v 7.527514 31.833952 15.038120
v 6.098031 33.964344 7.364089
v 10.211197 30.682581 14.437074
v 8.007497 32.355873 5.028024
v -5.618108 37.246792 6.459001
v -18.405020 42.942810 8.701111
v 5.329662 33.685909 -15.436136
v -7.595641 38.913845 -14.021473
v 5.182132 34.180984 -12.246886
v -4.403141 38.568859 -11.300685
v 4.985694 34.647915 -8.073435
v -3.106165 39.280170 -0.514154
v 4.633870 35.484196 -0.598719
v -4.139110 38.344398 10.241759
v 3.984100 34.822144 10.993992
v 3.801589 34.467545 14.234901
v -8.579291 38.762516 13.130631
v -7.355115 40.230946 -0.470552
vt 0.544045 0.501586
vt 0.629819 0.998176
vt 0.544045 0.998176
vt 0.629819 0.998176
vt 0.544045 0.501586
vt 0.629819 0.501586
vt 0.502113 0.501586
vt 0.511324 0.998176
vt 0.502113 0.998176
vt 0.511324 0.998176
vt 0.502113 0.501586
vt 0.511324 0.501586
vt 0.511324 0.501586
vt 0.544045 0.998176
vt 0.511324 0.998176
vt 0.544045 0.998176
vt 0.511324 0.501586
vt 0.544045 0.501586
vt 0.544045 0.501586
vt 0.629819 0.998176
vt 0.544045 0.998176
vt 0.629819 0.998176
vt 0.544045 0.501586
vt 0.629819 0.501586
vt 0.671751 0.501586
vt 0.662539 0.998176
vt 0.662539 0.501586
vt 0.662539 0.998176
vt 0.671751 0.501586
vt 0.671751 0.998176
vt 0.671751 0.998176
vt 0.747075 0.501586
vt 0.747075 0.998176
vt 0.747075 0.501586
vt 0.671751 0.998176
vt 0.671751 0.501586
vt 0.629819 0.998176
vt 0.662539 0.501586
vt 0.662539 0.998176
vt 0.662539 0.501586
vt 0.629819 0.998176
vt 0.629819 0.501586
vt 0.544045 0.547563
vt 0.629819 0.998176
vt 0.544045 0.998176
vt 0.629819 0.998176
vt 0.544045 0.547563
vt 0.629819 0.547563
vt 0.502113 0.547563
vt 0.511324 0.998176
vt 0.502113 0.998176
vt 0.511324 0.998176
vt 0.502113 0.547563
vt 0.511324 0.547563
vt 0.511324 0.547563
vt 0.544045 0.998176
vt 0.511324 0.998176
vt 0.544045 0.998176
vt 0.511324 0.547563
vt 0.544045 0.547563
vt 0.544045 0.547563
vt 0.629819 0.998176
vt 0.544045 0.998176
vt 0.629819 0.998176
vt 0.544045 0.547563
vt 0.629819 0.547563
vt 0.662539 0.547563
vt 0.671751 0.998176
vt 0.662539 0.998176
vt 0.671751 0.998176
vt 0.662539 0.547563
vt 0.671751 0.547563
vt 0.671751 0.547563
vt 0.747075 0.998176
vt 0.671751 0.998176
vt 0.747075 0.998176
vt 0.671751 0.547563
vt 0.747075 0.547563
vt 0.629819 0.547563
vt 0.662539 0.998176
vt 0.629819 0.998176
vt 0.662539 0.998176
vt 0.629819 0.547563
vt 0.662539 0.547563
vt 0.544045 0.501586
vt 0.629819 0.998176
vt 0.544045 0.998176
vt 0.629819 0.998176
vt 0.544045 0.501586
vt 0.629819 0.501586
vt 0.502113 0.501586
vt 0.511324 0.998176
vt 0.502113 0.998176
vt 0.511324 0.998176
vt 0.502113 0.501586
vt 0.511324 0.501586
vt 0.511324 0.501586
vt 0.544045 0.998176
vt 0.511324 0.998176
vt 0.544045 0.998176
vt 0.511324 0.501586
vt 0.544045 0.501586
vt 0.544045 0.501586
vt 0.629819 0.998176
vt 0.544045 0.998176
vt 0.629819 0.998176
vt 0.544045 0.501586
vt 0.629819 0.501586
vt 0.671751 0.501586
vt 0.662539 0.998176
vt 0.662539 0.501586
vt 0.662539 0.998176
vt 0.671751 0.501586
vt 0.671751 0.998176
vt 0.671751 0.998176
vt 0.747075 0.501586
vt 0.747075 0.998176
vt 0.747075 0.501586
vt 0.671751 0.998176
vt 0.671751 0.501586
vt 0.629819 0.998176
vt 0.662539 0.501586
vt 0.662539 0.998176
vt 0.662539 0.501586
vt 0.629819 0.998176
vt 0.629819 0.501586
vt 0.544045 0.547563
vt 0.629819 0.998176
vt 0.544045 0.998176
vt 0.629819 0.998176
vt 0.544045 0.547563
vt 0.629819 0.547563
vt 0.502113 0.547563
vt 0.511324 0.998176
vt 0.502113 0.998176
vt 0.511324 0.998176
vt 0.502113 0.547563
vt 0.511324 0.547563
vt 0.511324 0.547563
vt 0.544045 0.998176
vt 0.511324 0.998176
vt 0.544045 0.998176
vt 0.511324 0.547563
vt 0.544045 0.547563
vt 0.544045 0.547563
vt 0.629819 0.998176
vt 0.544045 0.998176
vt 0.629819 0.998176
vt 0.544045 0.547563
vt 0.629819 0.547563
vt 0.662539 0.547563
vt 0.671751 0.998176
vt 0.662539 0.998176
vt 0.671751 0.998176
vt 0.662539 0.547563
vt 0.671751 0.547563
vt 0.671751 0.547563
vt 0.747075 0.998176
vt 0.671751 0.998176
vt 0.747075 0.998176
vt 0.671751 0.547563
vt 0.747075 0.547563
vt 0.629819 0.547563
vt 0.662539 0.998176
vt 0.629819 0.998176
vt 0.662539 0.998176
vt 0.629819 0.547563
vt 0.662539 0.547563
vt 0.502113 0.501586
vt 0.511324 0.998176
vt 0.502113 0.998176
vt 0.511324 0.998176
vt 0.502113 0.501586
vt 0.511324 0.501586
vt 0.511324 0.501586
vt 0.544045 0.998176
vt 0.511324 0.998176
vt 0.544045 0.998176
vt 0.511324 0.501586
vt 0.544045 0.501586
vt 0.671751 0.501586
vt 0.662539 0.998176
vt 0.662539 0.501586
vt 0.662539 0.998176
vt 0.671751 0.501586
vt 0.671751 0.998176
vt 0.671751 0.998176
vt 0.747075 0.501586
vt 0.747075 0.998176
vt 0.747075 0.501586
vt 0.671751 0.998176
vt 0.671751 0.501586
vt 0.629819 0.998176
vt 0.662539 0.501586
vt 0.662539 0.998176
vt 0.662539 0.501586
vt 0.629819 0.998176
vt 0.629819 0.501586
vt 0.662539 0.667116
vt 0.671751 0.749881
vt 0.671751 0.667116
vt 0.671751 0.749881
vt 0.662539 0.667116
vt 0.662539 0.749881
vt 0.671751 0.631163
vt 0.662539 0.667116
vt 0.671751 0.667116
vt 0.671751 0.584351
vt 0.662539 0.584351
vt 0.671751 0.620303
vt 0.662539 0.667116
vt 0.671751 0.620303
vt 0.662539 0.584351
vt 0.671751 0.620303
vt 0.662539 0.667116
vt 0.671751 0.631163
vt 0.662539 0.667116
vt 0.671751 0.749881
vt 0.662539 0.749881
vt 0.671751 0.749881
vt 0.662539 0.667116
vt 0.671751 0.667116
vt 0.671751 0.667116
vt 0.662539 0.667116
vt 0.671751 0.631163
vt 0.671751 0.620303
vt 0.662539 0.584351
vt 0.671751 0.584351
vt 0.662539 0.667116
vt 0.671751 0.620303
vt 0.671751 0.631163
vt 0.671751 0.620303
vt 0.662539 0.667116
vt 0.662539 0.584351
vt 0.159124 0.745727
vt 0.327210 0.745727
vt 0.159124 0.753693
vt 0.327210 0.753693
vt 0.159124 0.745727
vt 0.327210 0.745727
vt 0.159124 0.753693
vt 0.327210 0.753693
vt 0.327210 0.745923
vt 0.327210 0.753496
vt 0.159124 0.745923
vt 0.159124 0.753496
vt 0.239274 0.745923
vt 0.247060 0.745923
vt 0.239274 0.753496
vt 0.247060 0.753496
vt 0.247060 0.753496
vt 0.239274 0.753496
vt 0.247060 0.745923
vt 0.239274 0.745923
vt 0.327210 0.745923
vt 0.327210 0.753496
vt 0.159124 0.745923
vt 0.159124 0.753496
vt 0.159124 0.745727
vt 0.327210 0.745727
vt 0.159124 0.753693
vt 0.327210 0.753693
vt 0.159124 0.745727
vt 0.327210 0.745727
vt 0.159124 0.753693
vt 0.327210 0.753693
vt 0.159124 0.753496
vt 0.159124 0.745923
vt 0.327210 0.753496
vt 0.327210 0.745923
vt 0.239274 0.745923
vt 0.247060 0.745923
vt 0.239274 0.753496
vt 0.247060 0.753496
vt 0.247060 0.753496
vt 0.239274 0.753496
vt 0.247060 0.745923
vt 0.239274 0.745923
vt 0.671751 0.667116
vt 0.662539 0.667116
vt 0.671751 0.749881
vt 0.662539 0.749881
vt 0.671751 0.667116
vt 0.662539 0.667116
vt 0.671751 0.749881
vt 0.662539 0.749881
vt 0.544045 0.998176
vt 0.544045 0.501586
vt 0.629819 0.998176
vt 0.629819 0.501586
vt 0.544045 0.998176
vt 0.544045 0.501586
vt 0.629819 0.998176
vt 0.629819 0.501586
vt 1.749204 0.208659
vt 1.562456 0.266298
vt 1.501263 0.208659
vt 1.501263 0.499067
vt 1.539875 0.499067
vt 1.749204 0.267643
vt 1.970685 0.261674
vt 1.997147 0.208659
vt 1.997147 0.499067
vt 1.959806 0.499067
vt 1.749204 0.499067
vt 1.629447 0.135417
vt 1.554146 0.002403
vt 1.624034 0.002403
vt 1.943253 0.002403
vt 1.749204 0.131296
vt 1.749204 0.002403
vt 1.728244 0.026062
vt 1.640627 0.021844
vt 1.641652 0.119821
vt 1.732646 0.117246
vt 1.997147 0.002403
vt 1.997147 0.292810
vt 1.950233 0.237250
vt 1.749205 0.237900
vt 1.546214 0.241771
vt 1.501263 0.002403
vt 1.501263 0.292810
vt 1.749205 0.292810
vt -0.001175 2.496182
vt -0.001175 2.270412
vt -0.360734 2.496182
vt -0.360734 2.270412
vt 0.327210 0.745923
vt 0.327210 0.753496
vt 0.159124 0.745923
vt 0.159124 0.753496
vt 0.159124 0.745727
vt 0.327210 0.745727
vt 0.159124 0.753693
vt 0.327210 0.753693
vt 0.159124 0.745727
vt 0.327210 0.745727
vt 0.159124 0.753693
vt 0.327210 0.753693
vt 0.159124 0.753496
vt 0.159124 0.745923
vt 0.327210 0.753496
vt 0.327210 0.745923
vt 0.239274 0.745923
vt 0.247060 0.745923
vt 0.239274 0.753496
vt 0.247060 0.753496
vt 0.247060 0.753496
vt 0.239274 0.753496
vt 0.247060 0.745923
vt 0.239274 0.745923
vt 0.327210 0.745923
vt 0.327210 0.753496
vt 0.159124 0.745923
vt 0.159124 0.753496
vt 0.159124 0.745727
vt 0.327210 0.745727
vt 0.159124 0.753693
vt 0.327210 0.753693
vt 0.159124 0.745727
vt 0.327210 0.745727
vt 0.159124 0.753693
vt 0.327210 0.753693
vt 0.159124 0.753496
vt 0.159124 0.745923
vt 0.327210 0.753496
vt 0.327210 0.745923
vt 0.239274 0.745923
vt 0.247060 0.745923
vt 0.239274 0.753496
vt 0.247060 0.753496
vt 0.247060 0.753496
vt 0.239274 0.753496
vt 0.247060 0.745923
vt 0.239274 0.745923
vt 0.327210 0.745923
vt 0.327210 0.753496
vt 0.159124 0.745923
vt 0.159124 0.753496
vt 0.410269 1.796040
vt 0.369741 1.799784
vt 0.415262 1.704304
vt 0.369310 1.586890
vt 0.421651 1.586890
vt 0.432271 1.507234
vt 0.421651 1.586890
vt 0.412168 1.507234
vt 0.369310 1.586890
vt 0.276915 1.586890
vt 0.234274 1.507234
vt 0.241489 1.586890
vt 0.248604 1.810872
vt 0.294424 1.806743
vt -0.500000 2.250000
vt -0.500000 2.073365
vt -0.180541 2.082705
vt -0.500000 2.005187
vt -0.140441 2.005187
vt -0.140441 2.250000
vt -0.179119 2.250000
vt -0.177167 2.442110
vt -0.500000 2.432477
vt -0.500000 2.494813
vt -0.140441 2.494813
vt 1.749204 0.499067
vt 1.541531 0.499067
vt 1.542223 0.253693
vt 1.501263 0.499067
vt 1.501263 0.208659
vt 1.749204 0.208659
vt 1.749204 0.255874
vt 1.956910 0.258364
vt 1.954678 0.499067
vt 1.997147 0.499067
vt 1.997147 0.208659
vt 0.671751 0.667116
vt 0.671751 0.631163
vt 0.662539 0.667116
vt 0.671751 0.620303
vt 0.662539 0.584351
vt 0.671751 0.584351
vt 1.997147 0.499067
vt 1.997147 0.208659
vt 1.749204 0.499067
vt 1.749204 0.208659
vt 1.501262 0.208659
vt 1.501263 0.499067
vt 1.997147 0.499067
vt 1.997147 0.208659
vt 1.749204 0.499067
vt 1.749204 0.208659
vt 1.501263 0.499067
vt 1.501262 0.208659
vt 1.997147 0.499067
vt 1.997147 0.208659
vt 1.749204 0.499067
vt 1.749204 0.208659
vt 1.501262 0.208659
vt 1.501263 0.499067
vt 1.501263 0.499067
vt 1.501262 0.208659
vt 1.749204 0.499067
vt 1.749204 0.208659
vt 1.997147 0.208659
vt 1.997147 0.499067
vt 1.997147 0.002403
vt 1.997147 0.292810
vt 1.749204 0.002403
vt 1.749205 0.292810
vt 1.501263 0.292810
vt 1.501263 0.002403
vt 1.501263 0.002403
vt 1.501263 0.292810
vt 1.749204 0.002403
vt 1.749205 0.292810
vt 1.997147 0.292810
vt 1.997147 0.002403
vt -0.001175 2.006556
vt -0.360734 2.006556
vt -0.001175 2.251369
vt -0.360734 2.251369
vt -0.360734 2.496182
vt -0.001175 2.496182
vt -0.500000 2.494813
vt -0.140441 2.494813
vt -0.500000 2.250000
vt -0.140441 2.250000
vt -0.140441 2.005187
vt -0.500000 2.005187
vt 0.671751 0.667116
vt 0.671751 0.631163
vt 0.662539 0.667116
vt 0.662539 0.584351
vt 0.671751 0.620303
vt 0.671751 0.584351
vt 1.501263 0.002403
vt 1.501263 0.292810
vt 1.749204 0.002403
vt 1.749205 0.292810
vt 1.997147 0.292810
vt 1.997147 0.002403
vt 1.749205 0.231032
vt 1.749204 0.002403
vt 1.543455 0.232707
vt 1.542837 0.002403
vt 1.501263 0.002403
vt 1.501263 0.292810
vt 1.749205 0.292810
vt 1.959160 0.248279
vt 1.954446 0.002403
vt 1.997147 0.002403
vt 1.997147 0.292810
vt -0.001175 2.270412
vt -0.057359 2.325809
vt -0.360734 2.270412
vt -0.317417 2.323101
vt -0.360734 2.496182
vt -0.001175 2.496182
vt -0.057359 2.440125
vt -0.317295 2.437125
vt 0.348650 0.818938
vt 0.342785 0.704169
vt 0.266777 0.802843
vt 0.273217 0.699713
vt 0.166043 0.800817
vt 0.175656 0.692323
vt 0.412530 0.944904
vt 0.410158 0.905495
vt 0.369092 0.936684
vt 0.259712 0.915986
vt 0.178600 0.907479
vt 0.137454 0.797825
vt 0.138824 0.689532
vt 0.140194 0.581239
vt 0.279657 0.596584
vt 0.391015 0.585897
vt 0.405279 0.708171
vt 0.405623 0.830138
vt 0.138662 0.956676
vt 0.256585 0.966064
vt 0.414319 0.997812
vt 1.501263 0.002403
vt 1.539875 0.002403
vt 1.501263 0.292810
vt 1.548812 0.247026
vt 1.749205 0.292810
vt 1.749205 0.221154
vt 1.997147 0.292810
vt 1.964848 0.253518
vt 1.997147 0.002403
vt 1.959806 0.002403
vt 1.749204 0.002403
vt -0.001175 2.496182
vt -0.360734 2.496182
vt -0.317295 2.437125
vt -0.360734 2.251369
vt -0.317810 2.251369
vt -0.360734 2.006556
vt -0.317417 2.059245
vt -0.001175 2.006556
vt -0.001175 2.074734
vt -0.001175 2.251369
vt -0.001175 2.433846
vt 1.501263 0.499067
vt 1.542837 0.499067
vt 1.547538 0.292233
vt 1.749204 0.499067
vt 1.749204 0.291457
vt 1.954446 0.499067
vt 1.958308 0.279475
vt 1.997147 0.499067
vt 1.997147 0.208659
vt 1.749204 0.208659
vt 1.501263 0.208659
vt 1.501263 0.499067
vt 1.501263 0.208659
vt 1.554146 0.499067
vt 1.552785 0.283357
vt 1.624034 0.499067
vt 1.749204 0.311418
vt 1.749204 0.499067
vt 1.942636 0.308100
vt 1.943253 0.499067
vt 1.997147 0.499067
vt 1.997147 0.208659
vt 1.749204 0.208659
vn 0.0000 0.0000 -1.0000
vn -0.0523 -0.0118 -0.9986
vn 0.0959 0.0077 -0.9954
vn -0.9940 -0.0985 0.0486
vn -0.9941 -0.0983 0.0464
vn -0.0000 0.0000 1.0000
vn -0.0958 -0.0184 0.9952
vn 0.0531 0.0012 0.9986
vn 0.9935 0.0965 -0.0607
vn 0.9934 0.0967 -0.0618
vn -0.9921 -0.0985 0.0771
vn -0.9917 -0.0980 0.0834
vn 0.0959 0.0091 -0.9953
vn -0.9971 -0.0595 0.0465
vn -0.9960 -0.0608 0.0648
vn -0.0958 -0.0022 0.9954
vn 0.0523 0.0024 0.9986
vn 0.9963 0.0600 -0.0620
vn 0.9958 0.0587 -0.0697
vn -0.9946 -0.0607 0.0837
vn -0.9952 -0.0603 0.0769
vn 0.0959 0.0183 -0.9952
vn -0.9875 -0.0832 -0.1341
vn -0.9898 -0.0853 -0.1142
vn -0.0958 -0.0121 0.9953
vn 0.9943 0.0830 0.0664
vn 0.9947 0.0846 0.0591
vn -0.9962 -0.0865 0.0119
vn -0.9961 -0.0860 0.0182
vn 0.0959 0.0123 -0.9953
vn -0.0174 0.0002 -0.9998
vn -0.9905 -0.0765 -0.1143
vn -0.9951 -0.0900 0.0398
vn -0.0958 -0.0055 0.9954
vn 0.0175 0.0016 0.9998
vn 0.9941 0.0915 0.0590
vn 0.9969 0.0766 -0.0202
vn -0.9953 -0.0955 0.0182
vn -0.9955 -0.0924 -0.0225
vn 0.0000 1.0000 -0.0000
vn -0.9614 0.2740 0.0257
vn -0.9457 0.3237 0.0291
vn 0.0000 -1.0000 0.0000
vn 0.9616 -0.2733 -0.0257
vn 0.9621 -0.2714 -0.0255
vn -0.9683 0.2485 0.0256
vn -0.9692 0.2447 0.0258
vn -0.0240 0.1404 -0.9898
vn -0.0421 -0.0000 -0.9991
vn 0.1296 -0.1198 -0.9843
vn 0.1294 -0.1334 -0.9826
vn -0.0173 -0.0417 -0.9990
vn 0.4580 0.0697 -0.8862
vn -0.0134 0.0000 0.9999
vn -0.0219 -0.0776 0.9967
vn -0.1287 -0.1674 0.9775
vn -0.1304 -0.0427 0.9905
vn 0.0245 -0.0915 0.9955
vn -0.0336 -0.0992 0.9945
vn -0.3402 -0.9403 0.0000
vn -0.3280 -0.9328 0.1494
vn -0.3399 -0.9404 0.0050
vn -0.3275 -0.9322 0.1543
vn 0.3397 0.9405 0.0000
vn -0.0716 -0.1755 -0.9819
vn -0.0713 -0.1749 -0.9820
vn -0.0638 -0.1574 -0.9855
vn -0.0636 -0.1567 -0.9856
vn -0.8659 0.4995 -0.0290
vn -0.8592 0.5114 -0.0167
vn -0.8575 0.5144 -0.0136
vn -0.8497 0.5273 0.0000
vn 0.8360 -0.5487 0.0000
vn -0.0008 0.0807 0.9967
vn -0.0008 0.0810 0.9967
vn 0.0008 0.0872 0.9962
vn 0.0008 0.0875 0.9962
vn -0.2878 -0.9577 -0.0000
vn 0.2872 0.9579 -0.0000
vn 0.0012 -0.0849 -0.9964
vn 0.0012 -0.0851 -0.9964
vn -0.0012 -0.0915 -0.9958
vn -0.0012 -0.0917 -0.9958
vn -0.8460 0.5332 0.0000
vn 0.8280 -0.5607 -0.0000
vn 0.3737 0.9275 0.0116
vn 0.3649 0.9293 -0.0580
vn 0.3315 0.9387 -0.0946
vn 0.2091 0.7799 -0.5899
vn 0.2006 0.7065 -0.6787
vn 0.3643 0.9313 0.0038
vn 0.3580 0.9325 -0.0469
vn 0.3455 0.9362 -0.0645
vn 0.3699 0.7446 -0.5557
vn 0.3484 0.7652 -0.5413
vn 0.2176 0.7936 -0.5681
vn 0.4496 0.8918 -0.0503
vn 0.4060 0.9075 -0.1075
vn 0.4216 0.9021 -0.0920
vn 0.4207 0.9019 0.0983
vn 0.4649 0.8853 0.0058
vn 0.4584 0.8888 -0.0029
vn 0.4937 0.8634 -0.1038
vn 0.3829 0.9179 -0.1037
vn 0.4740 0.8781 -0.0655
vn 0.4580 0.8881 -0.0387
vn 0.4094 0.9008 0.1446
vn 0.5044 0.8570 0.1057
vn 0.4852 0.8683 0.1033
vn 0.5190 0.8547 0.0146
vn 0.4779 0.8750 -0.0767
vn 0.3950 0.9099 -0.1266
vn 0.4987 0.8623 -0.0878
vn 0.5659 0.8242 0.0207
vn 0.1893 -0.9819 0.0000
vn 0.2384 -0.9710 -0.0169
vn 0.1952 -0.9787 0.0629
vn 0.2501 -0.9657 0.0702
vn 0.0018 -0.1013 0.9949
vn 0.0017 -0.1019 0.9948
vn -0.0018 -0.1159 0.9933
vn -0.0019 -0.1165 0.9932
vn -0.2903 -0.9570 -0.0000
vn -0.2902 -0.9570 0.0000
vn 0.2897 0.9571 0.0000
vn -0.0025 0.0998 -0.9950
vn -0.0024 0.1003 -0.9950
vn 0.0025 0.1135 -0.9935
vn 0.0027 0.1139 -0.9935
vn -0.8627 0.5058 -0.0000
vn 0.8483 -0.5295 -0.0000
vn -0.0007 0.0690 0.9976
vn -0.0007 0.0693 0.9976
vn 0.0007 0.0750 0.9972
vn 0.0007 0.0753 0.9972
vn -0.2726 -0.9621 0.0000
vn 0.2721 0.9623 -0.0000
vn 0.0011 -0.0727 -0.9974
vn 0.0010 -0.0729 -0.9973
vn -0.0010 -0.0788 -0.9969
vn -0.0011 -0.0790 -0.9969
vn 0.8473 -0.5312 -0.0000
vn 0.0646 0.1521 0.9862
vn 0.0648 0.1529 0.9861
vn 0.0697 0.1692 0.9831
vn 0.0699 0.1699 0.9830
vn -0.9616 0.0610 -0.2677
vn -0.9617 0.0683 -0.2655
vn -0.9662 0.0861 -0.2432
vn -0.9504 0.1241 -0.2853
vn -0.9471 0.1329 -0.2920
vn -0.9323 0.1623 -0.3232
vn -0.9383 0.1501 -0.3116
vn -0.9495 0.0876 -0.3014
vn -0.9438 0.0892 -0.3184
vn -0.9512 0.0728 -0.2999
vn -0.9676 0.0647 -0.2440
vn -0.9644 0.0685 -0.2553
vn -0.2036 0.9770 -0.0641
vn -0.2110 0.9746 -0.0755
vn -0.2697 0.9626 -0.0252
vn -0.1977 0.9771 -0.0786
vn -0.2900 0.9570 -0.0070
vn -0.1717 0.9836 -0.0546
vn -0.1670 0.9839 -0.0633
vn -0.1241 0.9918 -0.0293
vn -0.1839 0.9811 -0.0598
vn -0.1787 0.9820 -0.0617
vn -0.1188 0.9926 -0.0255
vn 0.3698 0.9291 0.0092
vn 0.3425 0.9147 -0.2147
vn 0.3635 0.9113 -0.1935
vn 0.3387 0.9066 -0.2517
vn 0.3613 0.9106 -0.2004
vn 0.4496 0.8931 0.0167
vn 0.4216 0.9067 0.0108
vn 0.3687 0.9050 0.2121
vn 0.3677 0.9109 0.1872
vn 0.3676 0.9124 0.1802
vn 0.3648 0.9049 0.2193
vn -0.3825 -0.9133 -0.1399
vn -0.2049 -0.9692 -0.1364
vn -0.4157 -0.9095 -0.0030
vn -0.2195 -0.9755 -0.0133
vn -0.2012 -0.9673 0.1547
vn -0.4017 -0.9088 0.1131
vn -0.4224 -0.7670 0.4829
vn -0.2982 -0.9344 -0.1947
vn -0.2064 -0.7982 0.5659
vn -0.3699 -0.8913 0.2623
vn -0.0586 -0.7555 0.6525
vn -0.0895 -0.9730 0.2125
vn -0.3592 -0.9091 -0.2107
vn -0.2150 -0.9569 -0.1950
vn -0.3718 -0.9283 -0.0025
vn -0.2001 -0.9798 -0.0038
vn -0.1914 -0.9574 0.2163
vn -0.3543 -0.9134 0.2007
vn -0.0684 -0.7449 -0.6637
vn -0.0876 -0.9936 -0.0708
vn -0.2431 -0.7619 -0.6004
vn -0.3759 -0.9266 0.0065
vn -0.2741 -0.9455 0.1756
vn -0.4700 -0.7759 -0.4209
vn -0.4700 -0.7758 -0.4209
vn -0.2210 -0.5158 -0.8277
vn -0.0185 -0.4341 -0.9007
vn 0.0568 -0.3233 -0.9446
vn 0.1339 -0.3060 0.9426
vn 0.0237 -0.4257 0.9046
vn -0.1829 -0.4600 0.8689
vn -0.4224 -0.7670 0.4830
vn 0.2542 -0.9630 0.0897
vn 0.2958 -0.9510 0.0901
vn 0.2058 -0.9760 0.0709
vn 0.2135 -0.9742 0.0737
vn 0.1522 -0.9855 0.0748
vn 0.1726 -0.9830 0.0634
vn 0.1726 -0.9829 0.0634
vn 0.1436 -0.9894 -0.0233
vn 0.1779 -0.9840 -0.0089
vn 0.2552 -0.9660 -0.0406
vn 0.2542 -0.9630 0.0896
vn -0.4017 -0.9087 0.1131
vn -0.4913 -0.8709 0.0063
vn -0.5647 -0.8251 -0.0165
vn -0.5640 -0.8163 -0.1248
vn -0.3826 -0.9133 -0.1399
vn 0.0320 0.4582 0.8883
vn 0.2252 0.7319 0.6432
vn -0.0900 0.2759 0.9570
vn 0.2688 0.7024 0.6591
vn 0.3062 0.7744 0.5536
vn -0.1399 0.2516 0.9577
vn 0.0436 0.4708 0.8812
vn 0.1759 0.5435 0.8208
vn 0.3612 0.7538 0.5489
vn 0.4358 0.7275 0.5299
vn 0.1523 0.5755 0.8035
vn -0.2255 0.9722 -0.0631
vn -0.2167 0.9736 -0.0723
vn -0.1904 0.9800 -0.0578
vn -0.1948 0.9795 -0.0522
vn -0.2486 0.9679 -0.0380
vn -0.2278 0.9695 -0.0901
vn -0.2216 0.9703 -0.0968
vn -0.2432 0.9687 -0.0490
vn -0.3054 0.0075 -0.9522
vn -0.2277 0.0392 -0.9729
vn -0.2428 0.0637 -0.9680
vn -0.1546 0.0780 -0.9849
vn -0.0838 0.1226 -0.9889
vn -0.0862 0.1030 -0.9909
vn -0.3236 0.0533 -0.9447
vn -0.3120 0.0103 -0.9500
vn -0.3074 0.0282 -0.9512
vn -0.3610 -0.0040 -0.9326
vn -0.1196 -0.0096 -0.9928
vn -0.0122 0.1042 -0.9945
vn -0.0854 0.1063 -0.9907
vn -0.0720 0.0926 -0.9931
vn -0.1200 0.0813 -0.9894
vn -0.1145 0.0246 -0.9931
vn -0.2207 0.0168 -0.9752
vn -0.3086 -0.0011 -0.9512
vn -0.0569 -0.1236 -0.9907
vn -0.3052 -0.0509 -0.9509
vn -0.3011 0.0640 -0.9514
vn -0.2135 0.2391 -0.9472
vn -0.1932 0.2732 -0.9424
vn -0.0082 0.4594 -0.8882
vn -0.0189 0.4487 -0.8935
vn 0.1181 0.5279 -0.8410
vn 0.1479 0.5195 -0.8416
vn 0.3485 0.7652 -0.5413
vn 0.2176 0.7937 -0.5681
vn -0.1142 0.9879 -0.1053
vn -0.1222 0.9881 -0.0939
vn -0.2155 0.9742 -0.0674
vn -0.2039 0.9761 -0.0751
vn -0.4040 0.8860 -0.2274
vn -0.3412 0.9114 -0.2302
vn -0.2036 0.9769 -0.0641
vn 0.3062 0.7745 0.5536
vn 0.4054 0.9031 0.1415
vn 0.2252 0.7319 0.6431
vn 0.3196 0.9471 -0.0288
vn 0.4055 0.9075 -0.1093
vn 0.5028 0.8495 -0.1601
vn 0.3023 0.9274 -0.2202
vn 0.4321 0.8877 0.1589
vn 0.2795 0.9423 -0.1840
vn 0.4060 0.9075 -0.1076
vn 0.3166 0.9308 -0.1827
vn 0.3335 0.9427 0.0095
vn 0.4584 0.8887 -0.0029
vn 0.2882 0.9410 0.1773
vn 0.2222 0.9535 0.2036
vn 0.2104 0.9775 0.0115
usemtl noname
s 1
f 1/1/1 2/2/1 3/3/1
f 4/4/1 5/5/1 6/6/1
f 7/7/2 8/8/2 9/9/2
f 10/10/3 11/11/3 12/12/3
f 13/13/4 14/14/4 15/15/4
f 16/16/5 17/17/5 18/18/5
f 19/19/6 20/20/6 21/21/6
f 22/22/6 23/23/6 24/24/6
f 25/25/7 26/26/7 27/27/7
f 28/28/8 29/29/8 30/30/8
f 31/31/9 32/32/9 33/33/9
f 34/34/10 35/35/10 36/36/10
f 37/37/11 38/38/11 39/39/11
f 40/40/12 41/41/12 42/42/12
f 43/43/1 44/44/1 45/45/1
f 46/46/1 47/47/1 48/48/1
f 49/49/13 50/50/13 51/51/13
f 52/52/13 53/53/13 54/54/13
f 55/55/14 56/56/14 57/57/14
f 58/58/15 59/59/15 60/60/15
f 61/61/6 62/62/6 63/63/6
f 64/64/6 65/65/6 66/66/6
f 67/67/16 68/68/16 69/69/16
f 70/70/17 71/71/17 72/72/17
f 73/73/18 74/74/18 75/75/18
f 76/76/19 77/77/19 78/78/19
f 79/79/20 80/80/20 81/81/20
f 82/82/21 83/83/21 84/84/21
f 85/85/1 86/86/1 87/87/1
f 88/88/1 89/89/1 90/90/1
f 91/91/22 92/92/22 93/93/22
f 94/94/22 95/95/22 96/96/22
f 97/97/23 98/98/23 99/99/23
f 100/100/24 101/101/24 102/102/24
f 103/103/6 104/104/6 105/105/6
f 106/106/6 107/107/6 108/108/6
f 109/109/25 110/110/25 111/111/25
f 112/112/25 113/113/25 114/114/25
f 115/115/26 116/116/26 117/117/26
f 118/118/27 119/119/27 120/120/27
f 121/121/28 122/122/28 123/123/28
f 124/124/29 125/125/29 126/126/29
f 127/127/1 128/128/1 129/129/1
f 130/130/1 131/131/1 132/132/1
f 133/133/30 134/134/30 135/135/30
f 136/136/31 137/137/31 138/138/31
f 139/139/32 140/140/32 141/141/32
f 142/142/33 143/143/33 144/144/33
f 145/145/6 146/146/6 147/147/6
f 148/148/6 149/149/6 150/150/6
f 151/151/34 152/152/34 153/153/34
f 154/154/35 155/155/35 156/156/35
f 157/157/36 158/158/36 159/159/36
f 160/160/37 161/161/37 162/162/37
f 163/163/38 164/164/38 165/165/38
f 166/166/39 167/167/39 168/168/39
f 169/169/40 170/170/40 171/171/40
f 172/172/40 173/173/40 174/174/40
f 175/175/41 176/176/41 177/177/41
f 178/178/42 179/179/42 180/180/42
f 181/181/43 182/182/43 183/183/43
f 184/184/43 185/185/43 186/186/43
f 187/187/44 188/188/44 189/189/44
f 190/190/45 191/191/45 192/192/45
f 193/193/46 194/194/46 195/195/46
f 196/196/47 197/197/47 198/198/47
f 199/199/48 200/200/48 201/201/48
f 202/202/49 203/203/49 204/204/49
f 205/205/50 206/206/50 207/207/50
f 208/208/51 209/209/51 210/210/51
f 211/211/52 212/212/52 213/213/52
f 214/214/53 215/215/53 216/216/53
f 217/217/54 218/218/54 219/219/54
f 220/220/55 221/221/55 222/222/55
f 223/223/56 224/224/56 225/225/56
f 226/226/57 227/227/57 228/228/57
f 229/229/58 230/230/58 231/231/58
f 232/232/59 233/233/59 234/234/59
f 235/235/60 236/236/61 237/237/62
f 236/236/61 238/238/63 237/237/62
f 239/239/64 240/240/64 241/241/64
f 240/240/64 242/242/64 241/241/64
f 243/243/65 244/244/66 245/245/67
f 244/244/66 246/246/68 245/245/67
f 247/247/69 248/248/70 249/249/71
f 248/248/70 250/250/72 249/249/71
f 251/251/73 252/252/73 253/253/73
f 252/252/73 254/254/73 253/253/73
f 255/255/74 256/256/75 257/257/76
f 256/256/75 258/258/77 257/257/76
f 259/259/78 260/260/78 261/261/78
f 260/260/78 262/262/78 261/261/78
f 263/263/79 264/264/79 265/265/79
f 264/264/79 266/266/79 265/265/79
f 267/267/80 268/268/81 269/269/82
f 268/268/81 270/270/83 269/269/82
f 271/271/84 272/272/84 273/273/84
f 272/272/84 274/274/84 273/273/84
f 275/275/85 276/276/85 277/277/85
f 276/276/85 278/278/85 277/277/85
f 279/279/43 280/280/43 281/281/43
f 280/280/43 282/282/43 281/281/43
f 283/283/43 284/284/43 285/285/43
f 284/284/43 286/286/43 285/285/43
f 287/287/40 288/288/40 289/289/40
f 288/288/40 290/290/40 289/289/40
f 291/291/43 292/292/43 293/293/43
f 292/292/43 294/294/43 293/293/43
f 295/295/86 296/296/87 297/297/88
f 298/298/89 297/297/88 299/299/90
f 297/297/88 296/296/87 299/299/90
f 299/299/90 296/296/87 300/300/91
f 296/296/87 295/295/86 300/300/91
f 300/300/91 295/295/86 301/301/92
f 295/295/86 302/302/93 301/301/92
f 302/302/93 303/303/94 301/301/92
f 303/303/94 304/304/95 301/301/92
f 304/304/95 305/305/96 301/301/92
f 301/301/92 305/305/96 300/300/91
f 305/305/96 299/299/90 300/300/91
f 306/306/97 307/307/98 308/308/99
f 309/309/100 310/310/101 311/311/102
f 310/310/101 312/312/103 311/311/102
f 311/311/102 312/312/103 308/308/99
f 312/312/103 313/313/104 308/308/99
f 308/308/99 313/313/104 306/306/97
f 313/313/104 314/314/105 306/306/97
f 314/314/105 315/315/106 306/306/97
f 306/306/97 315/315/106 310/310/101
f 315/315/106 312/312/103 310/310/101
f 316/316/107 317/317/108 309/309/100
f 317/317/108 318/318/109 309/309/100
f 309/309/100 318/318/109 310/310/101
f 318/318/109 319/319/110 310/310/101
f 310/310/101 319/319/110 306/306/97
f 319/319/110 320/320/111 306/306/97
f 306/306/97 320/320/111 307/307/98
f 307/307/98 320/320/111 321/321/112
f 321/321/112 320/320/111 322/322/113
f 320/320/111 319/319/110 322/322/113
f 322/322/113 319/319/110 323/323/114
f 319/319/110 318/318/109 323/323/114
f 323/323/114 318/318/109 317/317/108
f 324/324/115 325/325/116 326/326/117
f 325/325/116 327/327/118 326/326/117
f 328/328/119 329/329/120 330/330/121
f 329/329/120 331/331/122 330/330/121
f 332/332/123 333/333/124 334/334/123
f 333/333/124 335/335/124 334/334/123
f 336/336/125 337/337/125 338/338/125
f 337/337/125 339/339/125 338/338/125
f 340/340/126 341/341/127 342/342/128
f 341/341/127 343/343/129 342/342/128
f 344/344/130 345/345/130 346/346/130
f 345/345/130 347/347/130 346/346/130
f 348/348/131 349/349/131 350/350/131
f 349/349/131 351/351/131 350/350/131
f 352/352/132 353/353/133 354/354/134
f 353/353/133 355/355/135 354/354/134
f 356/356/136 357/357/136 358/358/136
f 357/357/136 359/359/136 358/358/136
f 360/360/137 361/361/137 362/362/137
f 361/361/137 363/363/137 362/362/137
f 364/364/138 365/365/139 366/366/140
f 365/365/139 367/367/141 366/366/140
f 368/368/130 369/369/130 370/370/130
f 369/369/130 371/371/130 370/370/130
f 372/372/142 373/373/142 374/374/142
f 373/373/142 375/375/142 374/374/142
f 376/376/143 377/377/144 378/378/145
f 377/377/144 379/379/146 378/378/145
f 380/380/147 381/381/148 382/382/149
f 381/381/148 383/383/150 382/382/149
f 382/382/149 383/383/150 384/384/151
f 385/385/152 386/386/151 387/387/153
f 386/386/151 388/388/150 387/387/153
f 388/388/150 389/389/154 387/387/153
f 387/387/153 389/389/154 390/390/155
f 390/390/155 389/389/154 391/391/156
f 391/391/156 389/389/154 392/392/157
f 392/392/157 389/389/154 393/393/158
f 389/389/154 383/383/150 393/393/158
f 393/393/158 383/383/150 381/381/148
f 394/394/159 395/395/160 396/396/161
f 395/395/160 397/397/162 396/396/161
f 396/396/161 397/397/162 398/398/163
f 398/398/163 399/399/164 396/396/161
f 399/399/164 400/400/165 396/396/161
f 396/396/161 400/400/165 394/394/159
f 400/400/165 401/401/166 394/394/159
f 394/394/159 401/401/166 402/402/167
f 402/402/167 401/401/166 403/403/168
f 403/403/168 401/401/166 404/404/169
f 401/401/166 400/400/165 404/404/169
f 404/404/169 400/400/165 399/399/164
f 405/405/170 406/406/171 407/407/172
f 406/406/171 408/408/173 407/407/172
f 407/407/172 408/408/173 409/409/174
f 409/409/174 410/410/175 407/407/172
f 410/410/175 411/411/176 407/407/172
f 407/407/172 411/411/176 405/405/170
f 411/411/176 412/412/177 405/405/170
f 405/405/170 412/412/177 413/413/178
f 413/413/178 412/412/177 414/414/179
f 414/414/179 412/412/177 415/415/180
f 415/415/180 412/412/177 410/410/175
f 412/412/177 411/411/176 410/410/175
f 416/416/43 417/417/43 418/418/43
f 417/417/43 419/419/43 418/418/43
f 418/418/43 419/419/43 420/420/43
f 419/419/43 421/421/43 420/420/43
f 422/422/181 423/423/182 424/424/183
f 423/423/182 425/425/184 424/424/183
f 425/425/184 426/426/185 424/424/183
f 424/424/183 426/426/185 427/427/186
f 428/428/187 429/429/188 430/430/189
f 429/429/188 431/431/190 430/430/189
f 430/430/189 431/431/190 432/432/191
f 431/431/190 433/433/192 432/432/191
f 434/434/193 435/435/194 436/436/195
f 435/435/194 437/437/196 436/436/195
f 437/437/196 438/438/197 436/436/195
f 436/436/195 438/438/197 439/439/198
f 440/440/199 441/441/200 442/442/201
f 441/441/200 443/443/202 442/442/201
f 443/443/202 444/444/203 442/442/201
f 442/442/201 444/444/203 445/445/204
f 446/446/205 447/447/206 448/448/201
f 447/447/206 449/449/207 448/448/201
f 449/449/207 450/450/208 448/448/201
f 448/448/201 450/450/208 451/451/199
f 452/452/191 453/453/209 454/454/189
f 453/453/209 455/455/210 454/454/189
f 455/455/210 456/456/211 454/454/189
f 454/454/189 456/456/211 457/457/212
f 458/458/213 459/459/214 460/460/215
f 459/459/214 461/461/216 460/460/215
f 461/461/216 462/462/217 460/460/215
f 460/460/215 462/462/217 463/463/218
f 464/464/219 465/465/220 466/466/215
f 465/465/220 467/467/221 466/466/215
f 467/467/221 468/468/222 466/466/215
f 466/466/215 468/468/222 469/469/223
f 470/470/43 471/471/43 472/472/43
f 472/472/43 471/471/43 473/473/43
f 471/471/43 474/474/43 473/473/43
f 473/473/43 474/474/43 475/475/43
f 476/476/224 477/477/225 478/478/183
f 477/477/225 479/479/226 478/478/183
f 479/479/226 480/480/227 478/478/183
f 478/478/183 480/480/227 481/481/228
f 482/482/229 483/483/230 484/484/231
f 483/483/230 485/485/232 484/484/231
f 484/484/231 485/485/232 486/486/233
f 486/486/233 487/487/234 484/484/231
f 487/487/234 488/488/235 484/484/231
f 484/484/231 488/488/235 482/482/229
f 488/488/235 489/489/236 482/482/229
f 482/482/229 489/489/236 483/483/230
f 483/483/230 489/489/236 490/490/237
f 490/490/237 489/489/236 491/491/238
f 491/491/238 489/489/236 492/492/239
f 489/489/236 488/488/235 492/492/239
f 493/493/240 494/494/241 495/495/242
f 494/494/241 496/496/243 495/495/242
f 495/495/242 496/496/243 497/497/244
f 493/493/240 498/498/245 494/494/241
f 498/498/245 499/499/246 494/494/241
f 494/494/241 499/499/246 496/496/243
f 499/499/246 500/500/247 496/496/243
f 496/496/243 500/500/247 497/497/244
f 500/500/247 499/499/246 497/497/244
f 497/497/244 499/499/246 498/498/245
f 501/501/248 502/502/249 503/503/250
f 502/502/249 504/504/251 503/503/250
f 503/503/250 504/504/251 505/505/252
f 504/504/251 506/506/253 505/505/252
f 507/507/254 508/508/255 509/509/256
f 508/508/255 501/501/248 509/509/256
f 509/509/256 501/501/248 510/510/257
f 501/501/248 503/503/250 510/510/257
f 510/510/257 503/503/250 511/511/258
f 503/503/250 505/505/252 511/511/258
f 511/511/258 505/505/252 512/512/259
f 512/512/259 505/505/252 513/513/260
f 505/505/252 506/506/253 513/513/260
f 513/513/260 506/506/253 514/514/261
f 514/514/261 506/506/253 515/515/262
f 506/506/253 504/504/251 515/515/262
f 515/515/262 504/504/251 516/516/263
f 504/504/251 502/502/249 516/516/263
f 516/516/263 502/502/249 517/517/264
f 502/502/249 501/501/248 517/517/264
f 517/517/264 501/501/248 518/518/265
f 501/501/248 508/508/255 518/518/265
f 512/512/259 519/519/266 511/511/258
f 519/519/266 520/520/267 511/511/258
f 511/511/258 520/520/267 510/510/257
f 510/510/257 520/520/267 509/509/256
f 520/520/267 521/521/268 509/509/256
f 509/509/256 521/521/268 507/507/254
f 522/522/89 523/523/90 524/524/269
f 523/523/90 525/525/270 524/524/269
f 524/524/269 525/525/270 526/526/271
f 525/525/270 527/527/272 526/526/271
f 526/526/271 527/527/272 528/528/273
f 527/527/272 529/529/274 528/528/273
f 528/528/273 529/529/274 530/530/94
f 530/530/94 529/529/274 531/531/275
f 531/531/275 529/529/274 532/532/276
f 529/529/274 527/527/272 532/532/276
f 527/527/272 525/525/270 532/532/276
f 532/532/276 525/525/270 523/523/90
f 533/533/168 534/534/277 535/535/278
f 534/534/277 536/536/279 535/535/278
f 535/535/278 536/536/279 537/537/280
f 536/536/279 538/538/281 537/537/280
f 537/537/280 538/538/281 539/539/282
f 538/538/281 540/540/162 539/539/282
f 540/540/162 541/541/160 539/539/282
f 539/539/282 541/541/160 537/537/280
f 541/541/160 542/542/283 537/537/280
f 537/537/280 542/542/283 535/535/278
f 542/542/283 543/543/167 535/535/278
f 535/535/278 543/543/167 533/533/168
f 544/544/284 545/545/232 546/546/285
f 545/545/232 547/547/286 546/546/285
f 546/546/285 547/547/286 548/548/287
f 547/547/286 549/549/237 548/548/287
f 548/548/287 549/549/237 550/550/288
f 549/549/237 551/551/238 550/550/288
f 551/551/238 552/552/289 550/550/288
f 550/550/288 552/552/289 548/548/287
f 552/552/289 553/553/290 548/548/287
f 548/548/287 553/553/290 546/546/285
f 553/553/290 554/554/291 546/546/285
f 546/546/285 554/554/291 544/544/284
f 555/555/112 556/556/292 557/557/293
f 556/556/292 558/558/294 557/557/293
f 557/557/293 558/558/294 559/559/99
f 558/558/294 560/560/295 559/559/99
f 559/559/99 560/560/295 561/561/296
f 560/560/295 562/562/297 561/561/296
f 561/561/296 562/562/297 563/563/100
f 563/563/100 562/562/297 564/564/107
f 564/564/107 562/562/297 565/565/298
f 565/565/298 562/562/297 566/566/299
f 562/562/297 560/560/295 566/566/299
f 560/560/295 558/558/294 566/566/299
f 566/566/299 558/558/294 556/556/292
o MegatonBurkessHouse:3
v -36.548496 0.000000 19.500351
v -37.654095 0.000000 19.745384
v -38.180740 0.000000 18.349028
v -50.039398 0.000000 14.416533
v -51.142452 0.000000 14.661569
v -51.667999 0.000000 13.265214
v -38.600784 1.392480 -4.544520
v -36.892456 6.919271 -4.693058
v -37.906769 1.392473 -4.543175
v 17.683981 0.006091 13.531461
v 16.906748 0.000001 19.840111
v 17.430092 0.000001 13.636394
v 16.906748 0.000001 19.840111
v 17.683981 0.006091 13.531461
v 17.160479 0.006091 19.735178
v 17.595598 0.982112 13.522112
v 17.430092 0.000001 13.636394
v 17.342670 0.976096 13.627057
v 17.430092 0.000001 13.636394
v 17.595598 0.982112 13.522112
v 17.683981 0.006091 13.531461
v 16.623075 5.663067 18.209452
v 17.342670 0.976096 13.627057
v 16.374725 5.658237 18.313869
v 17.342670 0.976096 13.627057
v 16.623075 5.663067 18.209452
v 17.595598 0.982112 13.522112
v 16.658104 5.710567 19.172750
v 16.374725 5.658237 18.313869
v 16.409788 5.705756 19.277172
v 16.374725 5.658237 18.313869
v 16.658104 5.710567 19.172750
v 16.623075 5.663067 18.209452
v 17.160479 0.006091 19.735178
v 16.409788 5.705756 19.277172
v 16.906748 0.000001 19.840111
v 16.409788 5.705756 19.277172
v 17.160479 0.006091 19.735178
v 16.658104 5.710567 19.172750
v 17.430092 0.000001 13.636394
v 16.374725 5.658237 18.313869
v 17.342670 0.976096 13.627057
v 16.374725 5.658237 18.313869
v 17.430092 0.000001 13.636394
v 16.409788 5.705756 19.277172
v 16.409788 5.705756 19.277172
v 17.430092 0.000001 13.636394
v 16.906748 0.000001 19.840111
v 17.568787 0.006091 -15.110588
v 16.906763 0.000001 -20.859760
v 17.160479 0.006091 -20.754831
v 16.906763 0.000001 -20.859760
v 17.568787 0.006091 -15.110588
v 17.314938 0.000001 -15.215523
v 17.480839 0.982128 -15.100858
v 17.314938 0.000001 -15.215523
v 17.568787 0.006091 -15.110588
v 17.314938 0.000001 -15.215523
v 17.480839 0.982128 -15.100858
v 17.227936 0.976112 -15.205818
v 17.117289 5.660918 -19.452469
v 17.227936 0.976112 -15.205818
v 17.480839 0.982128 -15.100858
v 17.227936 0.976112 -15.205818
v 17.117289 5.660918 -19.452469
v 16.868843 5.656106 -19.556902
v 17.099657 5.708615 -20.545401
v 16.868843 5.656106 -19.556902
v 17.117289 5.660918 -19.452469
v 16.868843 5.656106 -19.556902
v 17.099657 5.708615 -20.545401
v 16.851246 5.703821 -20.649841
v 17.160479 0.006091 -20.754831
v 16.851246 5.703821 -20.649841
v 17.099657 5.708615 -20.545401
v 16.851246 5.703821 -20.649841
v 17.160479 0.006091 -20.754831
v 16.906763 0.000001 -20.859760
v 17.314938 0.000001 -15.215523
v 16.868843 5.656106 -19.556902
v 16.851246 5.703821 -20.649841
v 16.868843 5.656106 -19.556902
v 17.314938 0.000001 -15.215523
v 17.227936 0.976112 -15.205818
v 16.906763 0.000001 -20.859760
v 17.314938 0.000001 -15.215523
v 16.851246 5.703821 -20.649841
v -16.581980 0.006090 20.565287
v -13.252999 0.000000 23.442337
v -13.502270 0.006090 23.539379
v -13.252999 0.000000 23.442337
v -16.581980 0.006090 20.565287
v -16.434765 0.000000 20.345018
v -16.568718 0.984968 20.559099
v -16.434765 0.000000 20.345018
v -16.581980 0.006090 20.565287
v -16.434765 0.000000 20.345018
v -16.568718 0.984968 20.559099
v -16.421991 0.978877 20.338942
v -13.792708 5.744750 22.282869
v -16.421991 0.978877 20.338942
v -16.568718 0.984968 20.559099
v -16.421991 0.978877 20.338942
v -13.792708 5.744750 22.282869
v -13.547908 5.738366 22.186909
v -13.132917 5.792828 22.989582
v -13.547908 5.738366 22.186909
v -13.792708 5.744750 22.282869
v -13.547908 5.738366 22.186909
v -13.132917 5.792828 22.989582
v -12.887960 5.786429 22.893642
v -13.502270 0.006090 23.539379
v -12.887960 5.786429 22.893642
v -13.132917 5.792828 22.989582
v -12.887960 5.786429 22.893642
v -13.502270 0.006090 23.539379
v -13.252999 0.000000 23.442337
v -16.434765 0.000000 20.345018
v -13.547908 5.738366 22.186909
v -12.887960 5.786429 22.893642
v -13.547908 5.738366 22.186909
v -16.434765 0.000000 20.345018
v -16.421991 0.978877 20.338942
v -13.252999 0.000000 23.442337
v -16.434765 0.000000 20.345018
v -12.887960 5.786429 22.893642
v -18.008486 0.006090 -17.152802
v -13.989292 0.000000 -20.747015
v -17.844065 0.000000 -16.941500
v -13.989292 0.000000 -20.747015
v -18.008486 0.006090 -17.152802
v -14.238404 0.006090 -20.844053
v -17.988382 0.985019 -17.144236
v -17.844065 0.000000 -16.941500
v -17.824528 0.978928 -16.933029
v -17.844065 0.000000 -16.941500
v -17.988382 0.985019 -17.144236
v -18.008486 0.006090 -17.152802
v -14.412855 5.745550 -19.751068
v -17.824528 0.978928 -16.933029
v -14.168240 5.739175 -19.655067
v -17.824528 0.978928 -16.933029
v -14.412855 5.745550 -19.751068
v -17.988382 0.985019 -17.144236
v -13.955264 5.793940 -20.658955
v -14.168240 5.739175 -19.655067
v -13.710540 5.787553 -20.562973
v -14.168240 5.739175 -19.655067
v -13.955264 5.793940 -20.658955
v -14.412855 5.745550 -19.751068
v -14.238404 0.006090 -20.844053
v -13.710540 5.787553 -20.562973
v -13.989292 0.000000 -20.747015
v -13.710540 5.787553 -20.562973
v -14.238404 0.006090 -20.844053
v -13.955264 5.793940 -20.658955
v -17.844065 0.000000 -16.941500
v -14.168240 5.739175 -19.655067
v -17.824528 0.978928 -16.933029
v -14.168240 5.739175 -19.655067
v -17.844065 0.000000 -16.941500
v -13.710540 5.787553 -20.562973
v -13.710540 5.787553 -20.562973
v -17.844065 0.000000 -16.941500
v -13.989292 0.000000 -20.747015
v 5.864347 34.401909 -7.027556
v 5.874086 35.015491 -1.783944
v 6.008545 34.686859 -7.038845
v 5.874086 35.015491 -1.783944
v 5.864347 34.401909 -7.027556
v 5.715672 34.705601 -1.774215
v 5.715672 34.705601 -1.774215
v 10.455241 32.681477 -1.519365
v 5.874086 35.015491 -1.783944
v 10.455241 32.681477 -1.519365
v 5.715672 34.705601 -1.774215
v 10.305381 32.388313 -1.510161
v 10.305381 32.388313 -1.510161
v 10.629307 32.427441 -6.774266
v 10.455241 32.681477 -1.519365
v 10.629307 32.427441 -6.774266
v 10.305381 32.388313 -1.510161
v 10.454056 32.084621 -6.763502
v 10.454056 32.084621 -6.763502
v 6.008545 34.686859 -7.038845
v 10.629307 32.427441 -6.774266
v 6.008545 34.686859 -7.038845
v 10.454056 32.084621 -6.763502
v 5.864347 34.401909 -7.027556
v 1.928826 18.883066 -18.339951
v 7.192742 18.937769 -18.597309
v 1.928826 18.937769 -18.597311
v 7.192742 18.937769 -18.597309
v 1.928826 18.883066 -18.339951
v 7.192742 18.873129 -18.293192
v 7.192742 18.873129 -18.293192
v 7.192742 13.902007 -19.667694
v 7.192742 18.937769 -18.597309
v 7.192742 13.902007 -19.667694
v 7.192742 18.873129 -18.293192
v 7.192742 13.824887 -19.304867
v 7.192742 13.824887 -19.304867
v 1.928826 13.902007 -19.667694
v 7.192742 13.902007 -19.667694
v 1.928826 13.902007 -19.667694
v 7.192742 13.824887 -19.304867
v 1.928826 13.834826 -19.351629
v 1.928826 13.834826 -19.351629
v 1.928826 18.937769 -18.597311
v 1.928826 13.902007 -19.667694
v 1.928826 18.937769 -18.597311
v 1.928826 13.834826 -19.351629
v 1.928826 18.883066 -18.339951
v -17.788631 0.000000 1.890143
v -38.697369 0.000000 14.095073
v -38.802349 0.000000 -0.741412
v -17.223562 0.000000 20.602011
v -36.548496 0.000000 19.500351
v -38.180740 0.000000 18.349028
v 1.630811 9.449503 18.958797
v 1.818375 9.448250 20.259102
v 15.157391 7.769483 17.556648
v 15.347798 7.768046 18.864525
v 1.818375 9.448250 20.259102
v 1.838444 8.891682 20.302130
v 15.347798 7.768046 18.864525
v 15.391590 7.221046 18.898901
v 1.838444 8.891682 20.302130
v 1.650633 8.892808 18.999062
v 15.391590 7.221046 18.898901
v 15.200809 7.222301 17.588638
v -12.069770 9.338482 22.174706
v 1.818375 9.448250 20.259102
v -12.254706 9.339105 20.873499
v 1.630811 9.449503 18.958797
v -12.069139 8.774853 22.221109
v 1.838444 8.891682 20.302130
v -12.069770 9.338482 22.174706
v 1.818375 9.448250 20.259102
v -12.254355 8.775413 20.917179
v 1.650633 8.892808 18.999062
v -12.069139 8.774853 22.221109
v 1.838444 8.891682 20.302130
v 15.386860 7.797790 -5.333510
v 16.751703 7.786656 -5.333523
v 15.392126 7.970801 -19.403425
v 16.756153 7.959640 -19.438421
v 16.751703 7.786656 -5.333523
v 16.798288 7.241105 -5.342892
v 16.756153 7.959640 -19.438421
v 16.802605 7.414421 -19.474634
v 16.798288 7.241105 -5.342892
v 15.430713 7.250885 -5.342885
v 16.802605 7.414421 -19.474634
v 15.435865 7.424203 -19.439564
v 14.696032 7.732866 18.289314
v 16.060587 7.722556 18.254286
v 15.210056 7.729032 5.205760
v 16.573736 7.718568 5.205756
v 14.738616 7.185178 18.322678
v 15.253640 7.181828 5.215063
v 16.105843 7.176183 18.287579
v 16.620003 7.172701 5.215063
v 20.090162 27.111303 -0.494631
v 19.611921 26.275740 -0.497143
v 19.835787 27.038269 -14.700931
v 19.357754 26.202381 -14.775791
v -8.277699 40.887035 -0.469951
v -8.498786 39.833366 -0.470967
v -9.501225 39.413998 13.108625
v -9.718080 38.369530 13.145328
v 3.494653 33.920135 15.184561
v 4.002197 34.825150 15.126753
v -8.710817 38.130329 14.057473
v -8.493158 39.175365 14.016885
v -9.718080 38.369530 13.145328
v -9.718077 38.369530 14.047873
v -9.501225 39.413998 13.108625
v -9.501208 39.413998 14.008650
v 3.494653 33.920135 15.184561
v -8.710817 38.130329 14.057473
v 3.594496 34.098232 14.257233
v -8.668057 38.336025 13.146373
v 18.303371 27.398252 13.740626
v 18.303371 27.398249 14.684047
v 17.822588 26.556334 13.810228
v 17.822578 26.556330 14.758426
v 17.401501 27.988525 14.639778
v 18.303371 27.398249 14.684047
v 17.401506 27.988520 13.699205
v 18.303371 27.398252 13.740626
v -8.498786 39.833366 -0.470967
v -8.736557 38.521252 -14.036829
v -7.445708 39.800640 -0.470996
v -7.685027 38.486397 -14.037916
v -8.710817 38.130329 14.057473
v -9.718077 38.369530 14.047873
v -8.668057 38.336025 13.146373
v -9.718080 38.369530 13.145328
v -8.493158 39.175365 14.016885
v -9.501208 39.413998 14.008650
v -8.710817 38.130329 14.057473
v -9.718077 38.369530 14.047873
v -8.493139 39.175354 13.116326
v -9.501225 39.413998 13.108625
v -8.493158 39.175365 14.016885
v -9.501208 39.413998 14.008650
v -8.277699 40.887035 -0.469951
v -9.501225 39.413998 13.108625
v -7.267231 40.647568 -0.470161
v -8.493139 39.175354 13.116326
v 18.303371 27.398249 14.684047
v 17.401501 27.988525 14.639778
v 17.822578 26.556330 14.758426
v 16.917416 27.141159 14.713041
v 19.611921 26.275740 -0.497143
v 18.802355 26.957432 -0.495315
v 19.357754 26.202381 -14.775791
v 18.550428 26.699463 -14.737128
v 20.090162 27.111303 -0.494631
v 19.188551 27.702570 -0.493132
v 18.303371 27.398252 13.740626
v 17.401506 27.988520 13.699205
v 17.822578 26.556330 14.758426
v 16.917416 27.141159 14.713041
v 17.822588 26.556334 13.810228
v 17.012594 27.308004 13.754107
v 4.002197 34.825150 15.126753
v 17.401501 27.988525 14.639778
v 4.002189 34.825146 14.213911
v 17.401506 27.988520 13.699205
v -7.355115 40.230946 -0.470552
v -7.595641 38.913845 -14.021473
v -7.267231 40.647568 -0.470161
v -7.508941 39.327633 -14.006562
v 3.801589 34.467545 14.234901
v -8.579291 38.762516 13.130631
v 4.002189 34.825146 14.213911
v -8.493139 39.175354 13.116326
v 18.997999 27.370314 -0.494101
v 17.210089 27.653860 13.726038
v 19.188551 27.702570 -0.493132
v 17.401506 27.988520 13.699205
v 5.529778 34.041424 -16.327793
v 5.023526 33.141659 -16.393217
v -7.508941 39.327637 -14.906752
v -7.728083 38.280266 -14.948960
v -8.518224 39.568089 -13.998545
v -8.518232 39.568081 -14.898231
v -8.736557 38.521252 -14.036829
v -8.736562 38.521252 -14.938970
v 5.529778 34.041424 -16.327793
v -7.508941 39.327637 -14.906752
v 5.529778 34.041428 -15.412223
v -7.508941 39.327633 -14.006562
v 19.357754 26.202381 -14.775791
v 19.357765 26.202383 -15.725427
v 19.835787 27.038269 -14.700931
v 19.835793 27.038267 -15.645761
v 18.452110 26.787174 -15.676819
v 19.357765 26.202383 -15.725427
v 18.550428 26.699463 -14.737128
v 19.357754 26.202381 -14.775791
v -7.508941 39.327637 -14.906752
v -8.518232 39.568081 -14.898231
v -7.508941 39.327633 -14.006562
v -8.518224 39.568089 -13.998545
v -7.728083 38.280266 -14.948960
v -8.736562 38.521252 -14.938970
v -7.508941 39.327637 -14.906752
v -8.518232 39.568081 -14.898231
v -7.685027 38.486397 -14.037916
v -8.736557 38.521252 -14.036829
v -7.728083 38.280266 -14.948960
v -8.736562 38.521252 -14.938970
v 19.357765 26.202383 -15.725427
v 18.452110 26.787174 -15.676819
v 19.835793 27.038267 -15.645761
v 18.933693 27.628708 -15.598289
v 19.835793 27.038267 -15.645761
v 18.933693 27.628708 -15.598289
v 19.835787 27.038269 -14.700931
v 18.933699 27.628708 -14.656334
v 5.023526 33.141659 -16.393217
v 18.452110 26.787174 -15.676819
v 5.122401 33.258141 -15.465677
v 18.550428 26.699463 -14.737128
v 5.329662 33.685909 -15.436136
v 18.743254 27.296356 -14.685215
v 5.529778 34.041428 -15.412223
v 18.933699 27.628708 -14.656334
v 17.401501 27.988525 14.639778
v 4.002197 34.825150 15.126753
v 16.917416 27.141159 14.713041
v 3.494653 33.920135 15.184561
v 16.917416 27.141159 14.713041
v 3.494653 33.920135 15.184561
v 17.012594 27.308004 13.754107
v 3.594496 34.098232 14.257233
v -8.493158 39.175365 14.016885
v 4.002197 34.825150 15.126753
v -8.493139 39.175354 13.116326
v 4.002189 34.825146 14.213911
v 17.210089 27.653860 13.726038
v 3.801589 34.467545 14.234901
v 17.401506 27.988520 13.699205
v 4.002189 34.825146 14.213911
v 18.452110 26.787174 -15.676819
v 5.023526 33.141659 -16.393217
v 18.933693 27.628708 -15.598289
v 5.529778 34.041424 -16.327793
v 18.933693 27.628708 -15.598289
v 5.529778 34.041424 -16.327793
v 18.933699 27.628708 -14.656334
v 5.529778 34.041428 -15.412223
v -7.728083 38.280266 -14.948960
v 5.023526 33.141659 -16.393217
v -7.685027 38.486397 -14.037916
v 5.122401 33.258141 -15.465677
v -7.595641 38.913845 -14.021473
v 5.329662 33.685909 -15.436136
v -7.508941 39.327633 -14.006562
v 5.529778 34.041428 -15.412223
v 17.822588 26.556334 13.810228
v 19.611921 26.275740 -0.497143
v 18.303371 27.398252 13.740626
v 20.090162 27.111303 -0.494631
v -8.736557 38.521252 -14.036829
v -8.498786 39.833366 -0.470967
v -8.518224 39.568089 -13.998545
v -8.277699 40.887035 -0.469951
v -9.718080 38.369530 13.145328
v -8.498786 39.833366 -0.470967
v -8.668057 38.336025 13.146373
v -7.445708 39.800640 -0.470996
v -8.518224 39.568089 -13.998545
v -8.277699 40.887035 -0.469951
v -7.508941 39.327633 -14.006562
v -7.267231 40.647568 -0.470161
v 17.012594 27.308004 13.754107
v 18.802355 26.957432 -0.495315
v 17.822588 26.556334 13.810228
v 19.611921 26.275740 -0.497143
v 18.933699 27.628708 -14.656334
v 19.188551 27.702570 -0.493132
v 19.835787 27.038269 -14.700931
v 20.090162 27.111303 -0.494631
v -8.579291 38.762516 13.130631
v -7.355115 40.230946 -0.470552
v -8.493139 39.175354 13.116326
v -7.267231 40.647568 -0.470161
v 18.743254 27.296356 -14.685215
v 18.997999 27.370314 -0.494101
v 18.933699 27.628708 -14.656334
v 19.188551 27.702570 -0.493132
v -18.794136 44.357887 0.281574
v -19.005091 43.314030 0.281680
v -19.998650 41.505547 13.661935
v -20.205849 40.473213 13.687097
v -4.236026 34.252777 14.962661
v -3.734876 35.160202 14.906210
v -19.214788 40.253433 14.591856
v -19.006660 41.287121 14.563443
v -20.205849 40.473213 13.687097
v -20.205853 40.473217 14.584884
v -19.998650 41.505547 13.661935
v -19.998650 41.505543 14.558076
v -4.236026 34.252777 14.962661
v -19.214788 40.253433 14.591856
v -4.137372 34.431408 14.036101
v -19.173820 40.457024 13.687850
v -19.005091 43.314030 0.281680
v -19.244129 40.347622 -13.219753
v -17.968208 43.303448 0.281685
v -18.209972 40.330284 -13.220500
v -19.214788 40.253433 14.591856
v -20.205853 40.473217 14.584884
v -19.173820 40.457024 13.687850
v -20.205849 40.473213 13.687097
v -19.006660 41.287121 14.563443
v -19.998650 41.505543 14.558076
v -19.214788 40.253433 14.591856
v -20.205853 40.473217 14.584884
v -19.006660 41.287125 13.666973
v -19.998650 41.505547 13.661935
v -19.006660 41.287121 14.563443
v -19.998650 41.505543 14.558076
v -18.794136 44.357887 0.281574
v -19.998650 41.505547 13.661935
v -17.797815 44.143204 0.281583
v -19.006660 41.287125 13.666973
v -17.881643 43.730240 0.281625
v -18.124647 40.752853 -13.209376
v -17.797815 44.143204 0.281583
v -18.042059 41.161640 -13.199656
v -3.932842 34.801754 14.014314
v -19.088900 40.878963 13.676688
v -3.734867 35.160198 13.993841
v -19.006660 41.287125 13.666973
v -2.205709 34.807430 -14.997029
v -2.707504 33.901566 -15.055104
v -18.042061 41.161633 -14.096323
v -18.251152 40.126400 -14.124735
v -19.035973 41.381523 -13.194601
v -19.035967 41.381538 -14.090929
v -19.244129 40.347622 -13.219753
v -19.244131 40.347610 -14.117796
v -2.205709 34.807430 -14.997029
v -18.042061 41.161633 -14.096323
v -2.205701 34.807430 -14.083488
v -18.042059 41.161640 -13.199656
v -18.042061 41.161633 -14.096323
v -19.035967 41.381538 -14.090929
v -18.042059 41.161640 -13.199656
v -19.035973 41.381523 -13.194601
v -18.251152 40.126400 -14.124735
v -19.244131 40.347610 -14.117796
v -18.042061 41.161633 -14.096323
v -19.035967 41.381538 -14.090929
v -18.209972 40.330284 -13.220500
v -19.244129 40.347622 -13.219753
v -18.251152 40.126400 -14.124735
v -19.244131 40.347610 -14.117796
v -19.006660 41.287121 14.563443
v -3.734876 35.160202 14.906210
v -19.006660 41.287125 13.666973
v -3.734867 35.160198 13.993841
v -18.251152 40.126400 -14.124735
v -2.707504 33.901566 -15.055104
v -18.209972 40.330284 -13.220500
v -2.608733 34.079887 -14.126986
v -18.124647 40.752853 -13.209376
v -2.403939 34.449596 -14.104571
v -18.042059 41.161640 -13.199656
v -2.205701 34.807430 -14.083488
v -19.244129 40.347622 -13.219753
v -19.005091 43.314030 0.281680
v -19.035973 41.381523 -13.194601
v -18.794136 44.357887 0.281574
v -20.205849 40.473213 13.687097
v -19.005091 43.314030 0.281680
v -19.173820 40.457024 13.687850
v -17.968208 43.303448 0.281685
v -19.035973 41.381523 -13.194601
v -18.794136 44.357887 0.281574
v -18.042059 41.161640 -13.199656
v -17.797815 44.143204 0.281583
v -19.088900 40.878963 13.676688
v -17.881643 43.730240 0.281625
v -19.006660 41.287125 13.666973
v -17.797815 44.143204 0.281583
v -17.060411 23.965303 19.118013
v -3.280647 22.704754 22.014656
v -17.032619 24.446445 19.754213
v -3.259087 23.182312 22.646940
v 7.938708 31.594629 4.348051
v -5.683974 36.914131 5.742582
v 7.958310 32.506290 4.160737
v -5.657580 38.059948 5.888011
v 8.938155 32.476475 4.908404
v 11.184464 30.504166 14.529393
v 8.917421 31.737183 5.098599
v 10.817431 29.783751 14.246655
v 8.880422 32.254948 4.115763
v 8.860517 31.528294 4.302926
v 7.958310 32.506290 4.160737
v 7.938708 31.594629 4.348051
v 7.999304 31.983328 5.105847
v 8.917421 31.737183 5.098599
v 10.060879 30.387281 14.321560
v 10.817431 29.783751 14.246655
v 11.675199 22.478724 19.695690
v 11.688510 22.946434 20.333733
v 10.749754 22.488340 19.745543
v 10.763632 22.956915 20.383554
v 10.763632 22.956915 20.383554
v 11.688510 22.946434 20.333733
v 10.694601 23.750160 19.831558
v 11.618571 23.738453 19.782055
v -18.412842 42.561901 8.658710
v -18.469379 42.523907 7.852262
v -5.867203 37.029816 6.371006
v -5.683974 36.914131 5.742582
v 7.938708 31.594629 4.348051
v 8.860517 31.528294 4.302926
v 7.999304 31.983328 5.105847
v 8.917421 31.737183 5.098599
v 8.860517 31.528294 4.302926
v 8.880422 32.254948 4.115763
v 8.917421 31.737183 5.098599
v 8.938155 32.476475 4.908404
v 8.880422 32.254948 4.115763
v 7.958310 32.506290 4.160737
v 8.938155 32.476475 4.908404
v 8.015953 32.716640 4.953251
v 8.015953 32.716640 4.953251
v 7.958310 32.506290 4.160737
v -5.609396 37.574501 6.598164
v -5.657580 38.059948 5.888011
v 11.603841 23.269114 19.145725
v 11.618571 23.738453 19.782055
v 11.675199 22.478724 19.695690
v 11.688510 22.946434 20.333733
v -17.100452 24.869703 18.698793
v -3.333755 23.603849 21.577574
v -17.060411 23.965303 19.118013
v -3.280647 22.704754 22.014656
v 10.694601 23.750160 19.831558
v -3.315977 23.988096 22.083477
v 10.763632 22.956915 20.383554
v -3.259087 23.182312 22.646940
v 10.682275 23.372656 19.321051
v 11.603841 23.269114 19.145725
v 10.749754 22.488340 19.745543
v 11.675199 22.478724 19.695690
v 10.694601 23.750160 19.831558
v 11.618571 23.738453 19.782055
v 10.356782 30.968328 14.548537
v 11.184464 30.504166 14.529393
v -18.397408 43.311157 8.742648
v -18.405020 42.942810 8.701111
v -5.609396 37.574501 6.598164
v -5.618108 37.246792 6.459001
v 8.015953 32.716640 4.953251
v 8.007497 32.355873 5.028024
v 10.356782 30.968328 14.548537
v 10.211197 30.682581 14.437074
v 10.694601 23.750160 19.831558
v 10.688457 23.564604 19.581017
v -3.315977 23.988096 22.083477
v -3.324732 23.799253 21.835203
v -19.319147 42.368931 8.686862
v -18.302530 40.974556 15.018482
v -19.300648 43.299950 8.791040
v -18.272379 41.473125 15.647121
v -19.371908 42.514404 7.900673
v -19.353399 43.445675 8.006038
v -18.469379 42.523907 7.852262
v -18.450157 43.457256 7.957650
v -18.397408 43.311157 8.742648
v -19.300648 43.299950 8.791040
v -17.368103 41.511650 15.603527
v -18.272379 41.473125 15.647121
v -17.937963 24.425592 19.803696
v -17.966114 23.944481 19.167530
v -17.032619 24.446445 19.754213
v -17.060411 23.965303 19.118013
v -17.060411 23.965303 19.118013
v -17.966114 23.944481 19.167530
v -17.100452 24.869703 18.698793
v -18.010918 24.753786 18.622536
v -18.450157 43.457256 7.957650
v -19.353399 43.445675 8.006038
v -18.397408 43.311157 8.742648
v -19.300648 43.299950 8.791040
v -19.353399 43.445675 8.006038
v -19.371908 42.514404 7.900673
v -19.300648 43.299950 8.791040
v -19.319147 42.368931 8.686862
v -19.371908 42.514404 7.900673
v -18.469379 42.523907 7.852262
v -19.319147 42.368931 8.686862
v -18.412842 42.561901 8.658710
v -17.982843 25.235449 19.257151
v -18.010918 24.753786 18.622536
v -17.937963 24.425592 19.803696
v -17.966114 23.944481 19.167530
v -17.078165 25.256445 19.207994
v -17.982843 25.235449 19.257151
v -17.032619 24.446445 19.754213
v -17.937963 24.425592 19.803696
v -17.100452 24.869703 18.698793
v -18.010918 24.753786 18.622536
v -17.392624 41.110516 15.098723
v -18.302530 40.974556 15.018482
v -17.078165 25.256445 19.207994
v -17.089142 25.066381 18.958088
v -17.368103 41.511650 15.603527
v -17.380171 41.314495 15.355430
v 10.817431 29.783751 14.246655
v 11.184464 30.504166 14.529393
v 11.603841 23.269114 19.145725
v 11.618571 23.738453 19.782055
v 10.060879 30.387281 14.321560
v 10.817431 29.783751 14.246655
v 10.682275 23.372656 19.321051
v 11.603841 23.269114 19.145725
v 10.356782 30.968328 14.548537
v 11.184464 30.504166 14.529393
v 8.015953 32.716640 4.953251
v 8.938155 32.476475 4.908404
v 10.356782 30.968328 14.548537
v 10.211197 30.682581 14.437074
v 10.694601 23.750160 19.831558
v 10.688457 23.564604 19.581017
v -18.272379 41.473125 15.647121
v -18.302530 40.974556 15.018482
v -17.982843 25.235449 19.257151
v -18.010918 24.753786 18.622536
v -17.368103 41.511650 15.603527
v -18.272379 41.473125 15.647121
v -17.078165 25.256445 19.207994
v -17.982843 25.235449 19.257151
v -17.392624 41.110516 15.098723
v -18.302530 40.974556 15.018482
v -18.412842 42.561901 8.658710
v -19.319147 42.368931 8.686862
v -17.368103 41.511650 15.603527
v -17.380171 41.314495 15.355430
v -18.397408 43.311157 8.742648
v -18.405020 42.942810 8.701111
v -3.259087 23.182312 22.646940
v -3.280647 22.704754 22.014656
v 10.763632 22.956915 20.383554
v 10.749754 22.488340 19.745543
v -5.657580 38.059948 5.888011
v -5.683974 36.914131 5.742582
v -18.450157 43.457256 7.957650
v -18.469379 42.523907 7.852262
v -5.867203 37.029816 6.371006
v -5.683974 36.914131 5.742582
v 7.999304 31.983328 5.105847
v 7.938708 31.594629 4.348051
v -5.609396 37.574501 6.598164
v -5.657580 38.059948 5.888011
v -18.397408 43.311157 8.742648
v -18.450157 43.457256 7.957650
v -3.280647 22.704754 22.014656
v -3.333755 23.603849 21.577574
v 10.749754 22.488340 19.745543
v 10.682275 23.372656 19.321051
v -3.259087 23.182312 22.646940
v -3.315977 23.988096 22.083477
v -17.032619 24.446445 19.754213
v -17.078165 25.256445 19.207994
v -5.609396 37.574501 6.598164
v -5.618108 37.246792 6.459001
v 8.015953 32.716640 4.953251
v 8.007497 32.355873 5.028024
v -3.315977 23.988096 22.083477
v -3.324732 23.799253 21.835203
v -17.078165 25.256445 19.207994
v -17.089142 25.066381 18.958088
v -3.259069 23.182310 -22.646925
v -3.280625 22.704754 -22.014648
v -17.032555 24.446440 -18.434191
v -17.060383 23.965303 -17.794201
v -4.772901 37.956093 -6.010890
v -4.794500 37.226795 -5.533362
v 8.438735 32.081875 -4.170476
v 8.420736 31.173279 -4.358690
v 11.342365 29.817137 -15.264987
v 11.634265 30.577177 -15.541000
v 9.398900 31.314280 -5.110970
v 9.417932 32.223751 -4.919791
v 8.420736 31.173279 -4.358690
v 9.342402 31.106176 -4.313462
v 8.438735 32.081875 -4.170476
v 9.360621 32.014366 -4.125411
v 11.342365 29.817137 -15.264987
v 9.398900 31.314280 -5.110970
v 10.533565 30.337732 -15.343776
v 8.480619 31.560621 -5.118115
v 10.763659 22.956907 -20.383541
v 11.688537 22.946438 -20.333706
v 10.749772 22.488340 -19.745523
v 11.675225 22.478720 -19.695662
v 11.618593 23.738457 -19.782028
v 11.688537 22.946438 -20.333706
v 10.694618 23.750160 -19.831533
v 10.763659 22.956907 -20.383541
v -4.794500 37.226795 -5.533362
v -18.469929 42.458080 -7.807366
v -4.743831 36.728405 -6.255660
v -18.415478 42.251652 -8.599471
v 9.398900 31.314280 -5.110970
v 9.342402 31.106176 -4.313462
v 8.480619 31.560621 -5.118115
v 8.420736 31.173279 -4.358690
v 9.417932 32.223751 -4.919791
v 9.360621 32.014366 -4.125411
v 9.398900 31.314280 -5.110970
v 9.342402 31.106176 -4.313462
v 8.495937 32.291454 -4.964723
v 8.438735 32.081875 -4.170476
v 9.417932 32.223751 -4.919791
v 9.360621 32.014366 -4.125411
v -4.772901 37.956093 -6.010890
v 8.438735 32.081875 -4.170476
v -4.727177 37.312336 -6.637731
v 8.495937 32.291454 -4.964723
v 11.688537 22.946438 -20.333706
v 11.618593 23.738457 -19.782028
v 11.675225 22.478720 -19.695662
v 11.603855 23.269110 -19.145700
v -3.280625 22.704754 -22.014648
v -3.333712 23.603857 -21.577566
v -17.060383 23.965303 -17.794201
v -17.100433 24.869703 -17.382103
v -3.259069 23.182310 -22.646925
v -3.315908 23.988096 -22.083464
v 10.763659 22.956907 -20.383541
v 10.694618 23.750160 -19.831533
v 11.675225 22.478720 -19.695662
v 11.603855 23.269110 -19.145700
v 10.749772 22.488340 -19.745523
v 10.682302 23.372656 -19.321026
v 11.634265 30.577177 -15.541000
v 11.618593 23.738457 -19.782028
v 10.768958 30.950338 -15.565390
v 10.694618 23.750160 -19.831533
v -4.735439 37.025215 -6.450091
v -18.407963 42.607204 -8.714095
v -4.727177 37.312336 -6.637731
v -18.400650 42.951012 -8.825269
v 10.653093 30.649038 -15.456543
v 8.488146 31.931919 -5.039886
v 10.768958 30.950338 -15.565390
v 8.495937 32.291454 -4.964723
v -3.324711 23.799252 -21.835190
v 10.688471 23.564598 -19.580994
v -3.315908 23.988096 -22.083464
v 10.694618 23.750160 -19.831533
v -18.272362 41.473118 -14.773669
v -18.302513 40.974560 -14.144290
v -19.303738 42.925926 -8.873046
v -19.321543 42.056877 -8.592126
v -18.451321 43.329819 -8.090246
v -19.354584 43.303822 -8.138004
v -18.469929 42.458080 -7.807366
v -19.372530 42.434048 -7.855184
v -18.272362 41.473118 -14.773669
v -19.303738 42.925926 -8.873046
v -17.368086 41.511650 -14.730120
v -18.400650 42.951012 -8.825269
v -17.060383 23.965303 -17.794201
v -17.966095 23.944481 -17.843496
v -17.032555 24.446440 -18.434191
v -17.937946 24.425589 -18.483456
v -18.010904 24.753777 -17.304874
v -17.966095 23.944481 -17.843496
v -17.100433 24.869703 -17.382103
v -17.060383 23.965303 -17.794201
v -19.303738 42.925926 -8.873046
v -19.354584 43.303822 -8.138004
v -18.400650 42.951012 -8.825269
v -18.451321 43.329819 -8.090246
v -19.321543 42.056877 -8.592126
v -19.372530 42.434048 -7.855184
v -19.303738 42.925926 -8.873046
v -19.354584 43.303822 -8.138004
v -18.415478 42.251652 -8.599471
v -18.469929 42.458080 -7.807366
v -19.321543 42.056877 -8.592126
v -19.372530 42.434048 -7.855184
v -17.966095 23.944481 -17.843496
v -18.010904 24.753777 -17.304874
v -17.937946 24.425589 -18.483456
v -17.982821 25.235456 -17.943256
v -17.937946 24.425589 -18.483456
v -17.982821 25.235456 -17.943256
v -17.032555 24.446440 -18.434191
v -17.078142 25.256449 -17.894325
v -18.302513 40.974560 -14.144290
v -18.010904 24.753777 -17.304874
v -17.392618 41.110531 -14.224741
v -17.100433 24.869703 -17.382103
v -17.380154 41.314495 -14.481735
v -17.089066 25.066380 -17.642927
v -17.368086 41.511650 -14.730120
v -17.078142 25.256449 -17.894325
v 11.618593 23.738457 -19.782028
v 11.634265 30.577177 -15.541000
v 11.603855 23.269110 -19.145700
v 11.342365 29.817137 -15.264987
v 11.603855 23.269110 -19.145700
v 11.342365 29.817137 -15.264987
v 10.682302 23.372656 -19.321026
v 10.533565 30.337732 -15.343776
v 9.417932 32.223751 -4.919791
v 11.634265 30.577177 -15.541000
v 8.495937 32.291454 -4.964723
v 10.768958 30.950338 -15.565390
v 10.688471 23.564598 -19.580994
v 10.653093 30.649038 -15.456543
v 10.694618 23.750160 -19.831533
v 10.768958 30.950338 -15.565390
v -18.010904 24.753777 -17.304874
v -18.302513 40.974560 -14.144290
v -17.982821 25.235456 -17.943256
v -18.272362 41.473118 -14.773669
v -17.982821 25.235456 -17.943256
v -18.272362 41.473118 -14.773669
v -17.078142 25.256449 -17.894325
v -17.368086 41.511650 -14.730120
v -19.321543 42.056877 -8.592126
v -18.302513 40.974560 -14.144290
v -18.415478 42.251652 -8.599471
v -17.392618 41.110531 -14.224741
v -18.407963 42.607204 -8.714095
v -17.380154 41.314495 -14.481735
v -18.400650 42.951012 -8.825269
v -17.368086 41.511650 -14.730120
v 10.749772 22.488340 -19.745523
v -3.280625 22.704754 -22.014648
v 10.763659 22.956907 -20.383541
v -3.259069 23.182310 -22.646925
v -18.469929 42.458080 -7.807366
v -4.794500 37.226795 -5.533362
v -18.451321 43.329819 -8.090246
v -4.772901 37.956093 -6.010890
v 8.420736 31.173279 -4.358690
v -4.794500 37.226795 -5.533362
v 8.480619 31.560621 -5.118115
v -4.743831 36.728405 -6.255660
v -18.451321 43.329819 -8.090246
v -4.772901 37.956093 -6.010890
v -18.400650 42.951012 -8.825269
v -4.727177 37.312336 -6.637731
v 10.682302 23.372656 -19.321026
v -3.333712 23.603857 -21.577566
v 10.749772 22.488340 -19.745523
v -3.280625 22.704754 -22.014648
v -17.078142 25.256449 -17.894325
v -3.315908 23.988096 -22.083464
v -17.032555 24.446440 -18.434191
v -3.259069 23.182310 -22.646925
v 8.488146 31.931919 -5.039886
v -4.735439 37.025215 -6.450091
v 8.495937 32.291454 -4.964723
v -4.727177 37.312336 -6.637731
v -17.089066 25.066380 -17.642927
v -3.324711 23.799252 -21.835190
v -17.078142 25.256449 -17.894325
v -3.315908 23.988096 -22.083464
v -34.944542 0.979269 -16.261799
v -34.944534 0.979269 -17.296894
v -35.045963 0.000000 -16.265646
v -35.045963 0.000000 -17.300993
v -36.444748 0.979282 19.495743
v -37.537144 0.979288 19.740713
v -36.548496 0.000000 19.500351
v -37.654095 0.000000 19.745384
v -34.944534 0.979269 -17.296894
v -33.898178 0.979260 -17.294243
v -35.045963 0.000000 -17.300993
v -33.975857 0.000000 -17.300997
v -17.202015 0.978906 20.514965
v -36.444748 0.979282 19.495743
v -17.223562 0.000000 20.602011
v -36.548496 0.000000 19.500351
v -38.690403 0.979294 -5.605584
v -37.494465 1.392468 -5.732563
v -34.944542 0.979269 -16.261799
v -33.841496 1.392413 -16.257910
v -17.202015 0.978906 20.514965
v -17.183960 1.391707 19.376995
v -36.444748 0.979282 19.495743
v -36.717545 1.392459 18.345610
v -38.049732 1.069186 18.343863
v -38.561249 0.898968 14.158470
v -38.180740 0.000000 18.349028
v -38.697369 0.000000 14.095073
v -36.717545 1.392459 18.345610
v -37.268234 1.392465 14.224231
v -38.049732 1.069186 18.343863
v -38.561249 0.898968 14.158470
v -37.537144 0.979288 19.740713
v -38.049732 1.069186 18.343863
v -37.654095 0.000000 19.745384
v -38.180740 0.000000 18.349028
v -36.781109 16.668242 17.594841
v -36.256100 16.668161 18.452360
v -35.824051 29.980595 16.413849
v -35.570698 30.183859 17.281330
v -38.049732 1.069186 18.343863
v -36.781109 16.668242 17.594841
v -36.717545 1.392459 18.345610
v -35.665730 16.668030 17.225882
v -37.537144 0.979288 19.740713
v -36.256100 16.668161 18.452360
v -38.049732 1.069186 18.343863
v -36.781109 16.668242 17.594841
v -35.665730 16.668030 17.225882
v -36.781109 16.668242 17.594841
v -34.918182 30.050251 16.158785
v -35.824051 29.980595 16.413849
v -36.444748 0.979282 19.495743
v -36.717545 1.392459 18.345610
v -35.439110 16.667974 17.932259
v -35.665730 16.668030 17.225882
v -35.439110 16.667974 17.932259
v -35.665730 16.668030 17.225882
v -34.664200 30.253630 17.026312
v -34.918182 30.050251 16.158785
v -34.664200 30.253630 17.026312
v -35.570698 30.183859 17.281330
v -35.439110 16.667974 17.932259
v -36.256100 16.668161 18.452360
v -35.439110 16.667974 17.932259
v -36.256100 16.668161 18.452360
v -36.444748 0.979282 19.495743
v -37.537144 0.979288 19.740713
v -35.570698 30.183859 17.281330
v -34.664200 30.253630 17.026312
v -35.824051 29.980595 16.413849
v -34.918182 30.050251 16.158785
v -34.156292 15.957428 -16.115753
v -34.156288 15.957427 -15.130486
v -33.560398 29.048813 -14.634161
v -33.560402 29.048817 -13.721219
v -34.944534 0.979269 -17.296894
v -34.156292 15.957428 -16.115753
v -33.898178 0.979260 -17.294243
v -33.156128 15.956792 -16.115742
v -34.944542 0.979269 -16.261799
v -34.156288 15.957427 -15.130486
v -34.944534 0.979269 -17.296894
v -34.156292 15.957428 -16.115753
v -33.156128 15.956792 -16.115742
v -34.156292 15.957428 -16.115753
v -32.580467 29.051804 -14.634151
v -33.560398 29.048813 -14.634161
v -33.841496 1.392413 -16.257910
v -33.898178 0.979260 -17.294243
v -33.156128 15.956790 -15.130496
v -33.156128 15.956792 -16.115742
v -33.156128 15.956790 -15.130496
v -33.156128 15.956792 -16.115742
v -32.580467 29.051813 -13.721227
v -32.580467 29.051804 -14.634151
v -32.580467 29.051813 -13.721227
v -33.560402 29.048817 -13.721219
v -33.156128 15.956790 -15.130496
v -34.156288 15.957427 -15.130486
v -33.156128 15.956790 -15.130496
v -34.156288 15.957427 -15.130486
v -33.841496 1.392413 -16.257910
v -34.944542 0.979269 -16.261799
v -33.560402 29.048817 -13.721219
v -32.580467 29.051813 -13.721227
v -33.560398 29.048813 -14.634161
v -32.580467 29.051804 -14.634151
v -32.551785 18.698061 -14.220236
v -35.273758 17.671871 -3.655623
v -33.800114 18.700562 -14.370082
v -36.532024 17.667807 -3.655709
v -36.532024 17.667807 -3.655709
v -36.500397 18.237719 -3.643952
v -33.800114 18.700562 -14.370082
v -33.780876 19.268116 -14.295342
v -36.500397 18.237719 -3.643952
v -35.243820 18.241882 -3.643852
v -33.780876 19.268116 -14.295342
v -32.534042 19.265701 -14.145994
v -33.800114 18.700562 -14.370082
v -33.780876 19.268116 -14.295342
v -32.551785 18.698061 -14.220236
v -32.534042 19.265701 -14.145994
v -36.941814 29.475195 3.041569
v -36.765553 28.480387 3.058604
v -36.259140 31.063206 16.415260
v -36.079296 30.067657 16.502785
v -16.852768 33.675694 1.160822
v -16.655714 32.658390 1.166339
v -16.465847 32.916679 -15.126131
v -16.273497 31.900549 -15.241999
v -16.273497 31.900549 -15.241999
v -16.548157 31.903772 -16.103361
v -16.465847 32.916679 -15.126131
v -16.695023 32.917580 -16.024342
v -37.692215 29.063780 -13.301726
v -37.692211 29.063782 -14.242179
v -37.517895 28.069412 -13.376975
v -37.517883 28.069418 -14.322737
v -16.655714 32.658390 1.166339
v -17.445454 34.408428 15.590425
v -17.692062 32.355331 1.168072
v -18.480486 34.101734 15.611381
v -16.852768 33.675694 1.160822
v -16.465847 32.916679 -15.126131
v -17.848881 33.450768 1.162028
v -17.437094 32.693123 -14.939356
v -36.765553 28.480387 3.058604
v -35.852505 28.627439 3.056101
v -36.079296 30.067657 16.502785
v -35.165756 30.215662 16.489899
v -36.941814 29.475195 3.041569
v -35.991535 29.701481 3.037834
v -37.692215 29.063780 -13.301726
v -36.743843 29.289722 -13.285223
v -17.771317 33.049942 1.164194
v -18.559286 34.798126 15.564606
v -17.848881 33.450768 1.162028
v -18.636559 35.199886 15.538732
v -35.921143 29.308838 3.044440
v -36.674152 28.897287 -13.314440
v -35.991535 29.701481 3.037834
v -36.743843 29.289722 -13.285223
v -17.641602 35.428356 15.524431
v -17.641605 35.428364 16.436287
v -17.445454 34.408428 15.590425
v -17.445454 34.408432 16.506155
v -36.079296 30.067657 16.502785
v -36.079300 30.067673 17.437975
v -36.259140 31.063206 16.415260
v -36.259140 31.063206 17.345493
v -37.517895 28.069412 -13.376975
v -36.765553 28.480387 3.058604
v -37.692215 29.063780 -13.301726
v -36.941814 29.475195 3.041569
v -17.445454 34.408428 15.590425
v -16.655714 32.658390 1.166339
v -17.641602 35.428356 15.524431
v -16.852768 33.675694 1.160822
v -16.273497 31.900549 -15.241999
v -16.655714 32.658390 1.166339
v -17.284008 31.598871 -15.053144
v -17.692062 32.355331 1.168072
v -17.641602 35.428356 15.524431
v -16.852768 33.675694 1.160822
v -18.636559 35.199886 15.538732
v -17.848881 33.450768 1.162028
v -36.606670 28.216251 -13.365948
v -35.852505 28.627439 3.056101
v -37.517895 28.069412 -13.376975
v -36.765553 28.480387 3.058604
v -35.308350 31.290644 16.396194
v -35.991535 29.701481 3.037834
v -36.259140 31.063206 16.415260
v -36.941814 29.475195 3.041569
v -17.361387 32.292713 -14.984589
v -17.771317 33.049942 1.164194
v -17.437094 32.693123 -14.939356
v -17.848881 33.450768 1.162028
v -35.236649 30.897673 16.429955
v -35.921143 29.308838 3.044440
v -35.308350 31.290644 16.396194
v -35.991535 29.701481 3.037834
v 16.105843 7.176183 18.287579
v 16.620003 7.172701 5.215063
v 16.060587 7.722556 18.254286
v 16.573736 7.718568 5.205756
v -34.944542 0.979269 -16.261799
v -35.045963 0.000000 -16.265646
v -38.690403 0.979294 -5.605584
v -38.839233 0.000000 -5.537428
v -35.477833 16.363295 17.652802
v -36.723816 16.365442 17.618938
v -35.729336 16.687635 11.635624
v -36.971901 16.687887 11.635621
v -36.696548 16.932520 17.592691
v -36.946037 17.256506 11.599173
v -36.723816 16.365442 17.618938
v -36.971901 16.687887 11.635621
v -35.452473 16.930433 17.626451
v -35.705364 17.256323 11.599178
v -36.696548 16.932520 17.592691
v -36.946037 17.256506 11.599173
v -50.670029 0.979315 -3.353261
v -50.670025 0.979314 -4.388368
v -50.887005 0.000000 -3.354067
v -50.887005 0.000000 -4.389407
v -49.836468 0.979315 14.413128
v -50.923153 0.979315 14.658103
v -50.039398 0.000000 14.416533
v -51.142452 0.000000 14.661569
v -50.670025 0.979314 -4.388368
v -49.630474 0.979313 -4.385705
v -50.887005 0.000000 -4.389407
v -49.820316 0.000000 -4.389413
v -38.561249 0.898968 14.158470
v -38.630760 1.392480 12.912044
v -49.836468 0.979315 14.413128
v -50.066673 1.392520 13.264220
v -51.443863 0.979315 13.262084
v -50.670029 0.979315 -3.353261
v -51.667999 0.000000 13.265214
v -50.887005 0.000000 -3.354067
v -50.066673 1.392520 13.264220
v -49.528118 1.392520 -3.352473
v -51.443863 0.979315 13.262084
v -50.670029 0.979315 -3.353261
v -50.923153 0.979315 14.658103
v -51.443863 0.979315 13.262084
v -51.142452 0.000000 14.661569
v -51.667999 0.000000 13.265214
v -49.924820 9.247208 13.228388
v -49.399975 9.247211 14.116308
v -48.076363 22.526281 12.486006
v -47.823830 22.727646 13.395657
v -51.443863 0.979315 13.262084
v -49.924820 9.247208 13.228388
v -50.066673 1.392520 13.264220
v -48.809933 9.247218 12.846350
v -50.923153 0.979315 14.658103
v -49.399975 9.247211 14.116308
v -51.443863 0.979315 13.262084
v -49.924820 9.247208 13.228388
v -48.809933 9.247218 12.846350
v -49.924820 9.247208 13.228388
v -47.200420 22.592243 12.220823
v -48.076363 22.526281 12.486006
v -49.836468 0.979315 14.413128
v -50.066673 1.392520 13.264220
v -48.583481 9.247226 13.577763
v -48.809933 9.247218 12.846350
v -48.583481 9.247226 13.577763
v -48.809933 9.247218 12.846350
v -46.947495 22.793676 13.130469
v -47.200420 22.592243 12.220823
v -46.947495 22.793676 13.130469
v -47.823830 22.727646 13.395657
v -48.583481 9.247226 13.577763
v -49.399975 9.247211 14.116308
v -48.583481 9.247226 13.577763
v -49.399975 9.247211 14.116308
v -49.836468 0.979315 14.413128
v -50.923153 0.979315 14.658103
v -47.823830 22.727646 13.395657
v -46.947495 22.793676 13.130469
v -48.076363 22.526281 12.486006
v -47.200420 22.592243 12.220823
v -49.395103 8.537921 -3.526242
v -49.395096 8.537921 -2.507358
v -48.143902 21.590979 -2.546677
v -48.143902 21.590977 -1.592729
v -50.670025 0.979314 -4.388368
v -49.395103 8.537921 -3.526242
v -49.630474 0.979313 -4.385705
v -48.398220 8.537935 -3.526232
v -50.670029 0.979315 -3.353261
v -49.395096 8.537921 -2.507358
v -50.670025 0.979314 -4.388368
v -49.395103 8.537921 -3.526242
v -48.398220 8.537935 -3.526232
v -49.395103 8.537921 -3.526242
v -47.204632 21.591223 -2.546674
v -48.143902 21.590979 -2.546677
v -49.528118 1.392520 -3.352473
v -49.630474 0.979313 -4.385705
v -48.398220 8.537934 -2.507379
v -48.398220 8.537935 -3.526232
v -48.398220 8.537934 -2.507379
v -48.398220 8.537935 -3.526232
v -47.204632 21.591225 -1.592729
v -47.204632 21.591223 -2.546674
v -47.204632 21.591225 -1.592729
v -48.143902 21.590977 -1.592729
v -48.398220 8.537934 -2.507379
v -49.395096 8.537921 -2.507358
v -48.398220 8.537934 -2.507379
v -49.395096 8.537921 -2.507358
v -49.528118 1.392520 -3.352473
v -50.670029 0.979315 -3.353261
v -48.143902 21.590977 -1.592729
v -47.204632 21.591225 -1.592729
v -48.143902 21.590979 -2.546677
v -47.204632 21.591223 -2.546674
v -37.435612 8.537318 -5.576890
v -37.435600 8.537322 -4.558016
v -36.057030 20.498690 -5.765341
v -36.057026 20.498688 -4.805116
v -38.690403 0.979294 -5.605584
v -37.435612 8.537318 -5.576890
v -37.494465 1.392468 -5.732563
v -36.415340 8.537056 -5.576913
v -38.600784 1.392480 -4.544520
v -37.435600 8.537322 -4.558016
v -38.690403 0.979294 -5.605584
v -37.435612 8.537318 -5.576890
v -36.415340 8.537056 -5.576913
v -37.435612 8.537318 -5.576890
v -35.073040 20.498930 -5.765326
v -36.057030 20.498690 -5.765341
v -37.906769 1.392473 -4.543175
v -37.494465 1.392468 -5.732563
v -36.415340 8.537055 -4.558027
v -36.415340 8.537056 -5.576913
v -36.415340 8.537055 -4.558027
v -36.415340 8.537056 -5.576913
v -35.073040 20.498934 -4.805128
v -35.073040 20.498930 -5.765326
v -35.073040 20.498934 -4.805128
v -36.057026 20.498688 -4.805116
v -36.415340 8.537055 -4.558027
v -37.435600 8.537322 -4.558016
v -36.415340 8.537055 -4.558027
v -37.435600 8.537322 -4.558016
v -37.906769 1.392473 -4.543175
v -38.600784 1.392480 -4.544520
v -36.057026 20.498688 -4.805116
v -35.073040 20.498934 -4.805128
v -36.057030 20.498690 -5.765341
v -35.073040 20.498930 -5.765326
v -48.391495 8.942843 13.272968
v -49.638783 8.944683 13.238023
v -47.628899 11.558284 -2.276680
v -48.858242 11.560092 -2.347112
v -49.557171 9.511250 13.239425
v -48.789776 12.126675 -2.312278
v -49.638783 8.944683 13.238023
v -48.858242 11.560092 -2.347112
v -48.314339 9.509414 13.274308
v -47.564186 12.124875 -2.242035
v -49.557171 9.511250 13.239425
v -48.789776 12.126675 -2.312278
v -37.331177 13.250468 12.621529
v -37.331177 13.250468 13.620468
v -36.514801 25.220694 12.052496
v -36.514797 25.220701 12.985952
v -37.331177 13.250468 12.621529
v -36.330231 13.250170 12.621525
v -38.630760 1.392480 12.912044
v -37.179707 1.392464 12.866039
v -38.561249 0.898968 14.158470
v -37.331177 13.250468 13.620468
v -38.630760 1.392480 12.912044
v -37.331177 13.250468 12.621529
v -36.330231 13.250170 12.621525
v -37.331177 13.250468 12.621529
v -35.540287 25.222343 12.052498
v -36.514801 25.220694 12.052496
v -37.268234 1.392465 14.224231
v -37.179707 1.392464 12.866039
v -36.330231 13.250170 13.620461
v -36.330231 13.250170 12.621525
v -36.330231 13.250170 13.620461
v -36.330231 13.250170 12.621525
v -35.540287 25.222343 12.985945
v -35.540287 25.222343 12.052498
v -35.540287 25.222343 12.985945
v -36.514797 25.220701 12.985952
v -36.330231 13.250170 13.620461
v -37.331177 13.250468 13.620468
v -36.330231 13.250170 13.620461
v -37.331177 13.250468 13.620468
v -37.268234 1.392465 14.224231
v -38.561249 0.898968 14.158470
v -36.514797 25.220701 12.985952
v -35.540287 25.222343 12.985945
v -36.514801 25.220694 12.052496
v -35.540287 25.222343 12.052498
v -50.039398 0.000000 14.416533
v -38.697369 0.000000 14.095073
v -49.836468 0.979315 14.413128
v -38.561249 0.898968 14.158470
v -47.885529 22.098637 -3.058044
v -47.757790 21.106741 -3.076249
v -47.824863 23.294357 12.008070
v -47.691715 22.302465 12.079988
v -34.684032 23.934965 -4.601511
v -34.932125 23.934711 -5.785154
v -34.855484 24.929737 -4.574147
v -35.098110 24.929419 -5.707882
v -47.885529 22.098637 -3.058044
v -47.885525 22.098633 -4.037908
v -47.757790 21.106741 -3.076249
v -47.757790 21.106750 -4.061934
v -46.955421 22.320723 -4.032549
v -47.885525 22.098633 -4.037908
v -46.955425 22.320723 -3.053974
v -47.885529 22.098637 -3.058044
v -34.684032 23.934965 -4.601511
v -35.091358 25.039749 11.636332
v -35.687405 23.633121 -4.609840
v -36.091187 24.737398 11.657295
v -47.885525 22.098633 -4.037908
v -46.955421 22.320723 -4.032549
v -47.757790 21.106750 -4.061934
v -46.786724 21.357927 -4.055817
v -47.757790 21.106741 -3.076249
v -46.857861 21.262518 -3.073400
v -47.691715 22.302465 12.079988
v -46.802357 22.446386 12.069571
v -47.757790 21.106750 -4.061934
v -46.786724 21.357927 -4.055817
v -47.757790 21.106741 -3.076249
v -46.857861 21.262518 -3.073400
v -35.749454 24.313700 -4.591031
v -36.154400 25.418051 11.609958
v -35.816338 24.705940 -4.580249
v -36.221863 25.810312 11.582880
v -46.902927 21.929482 -3.061157
v -35.749454 24.313700 -4.591031
v -46.955425 22.320723 -3.053974
v -35.816338 24.705940 -4.580249
v -35.264130 26.034632 11.567602
v -35.264130 26.034637 12.524699
v -35.091358 25.039749 11.636332
v -35.091354 25.039749 12.599111
v -47.691715 22.302465 12.079988
v -47.691715 22.302473 13.058561
v -47.824863 23.294357 12.008070
v -47.824863 23.294353 12.980816
v -46.761684 22.524618 13.041162
v -47.691715 22.302473 13.058561
v -46.802357 22.446386 12.069571
v -47.691715 22.302465 12.079988
v -47.691715 22.302473 13.058561
v -46.761684 22.524618 13.041162
v -47.824863 23.294353 12.980816
v -46.898739 23.516500 12.963474
v -47.824863 23.294353 12.980816
v -46.898739 23.516500 12.963474
v -47.824863 23.294357 12.008070
v -46.898743 23.516500 11.991983
v -36.154400 25.418051 11.609958
v -46.844254 23.125257 12.020336
v -36.221863 25.810312 11.582880
v -46.898743 23.516500 11.991983
v -35.091358 25.039749 11.636332
v -34.684032 23.934965 -4.601511
v -35.264130 26.034632 11.567602
v -34.855484 24.929737 -4.574147
v -35.264130 26.034632 11.567602
v -34.855484 24.929737 -4.574147
v -36.221863 25.810312 11.582880
v -35.816338 24.705940 -4.580249
v -46.898743 23.516500 11.991983
v -46.955425 22.320723 -3.053974
v -47.824863 23.294357 12.008070
v -47.885529 22.098637 -3.058044
v -46.844254 23.125257 12.020336
v -46.902927 21.929482 -3.061157
v -46.898743 23.516500 11.991983
v -46.955425 22.320723 -3.053974
v -28.366711 45.180817 8.870378
v -28.701485 44.428902 8.870378
v -14.277094 38.907715 9.408962
v -14.611871 38.155800 9.408962
v -14.611871 38.155800 9.408962
v -28.701485 44.428902 8.870378
v -14.587107 38.144772 8.632734
v -28.676727 44.417877 8.094153
v -28.366711 45.180817 8.870378
v -14.277094 38.907715 9.408962
v -28.341946 45.169792 8.094151
v -14.252332 38.896690 8.632734
v -14.587107 38.144772 8.632734
v -28.676727 44.417877 8.094153
v -14.252332 38.896690 8.632734
v -28.341946 45.169792 8.094151
v -28.366711 45.180817 8.870378
v -28.341946 45.169792 8.094151
v -28.701485 44.428902 8.870378
v -28.676727 44.417877 8.094153
v -13.982817 37.875729 -10.309401
v -28.072435 44.148830 -10.847983
v -13.648042 38.627644 -10.309401
v -27.737659 44.900749 -10.847983
v -28.097200 44.159859 -10.071758
v -28.072435 44.148830 -10.847983
v -14.007581 37.886753 -9.533173
v -13.982817 37.875729 -10.309401
v -13.672806 38.638668 -9.533173
v -13.648042 38.627644 -10.309401
v -27.762419 44.911770 -10.071755
v -27.737659 44.900749 -10.847983
v -27.762419 44.911770 -10.071755
v -28.097200 44.159859 -10.071758
v -13.672806 38.638668 -9.533173
v -14.007581 37.886753 -9.533173
v -28.097200 44.159859 -10.071758
v -27.762419 44.911770 -10.071755
v -28.072435 44.148830 -10.847983
v -27.737659 44.900749 -10.847983
v -27.185835 43.376575 -9.874432
v -26.588966 43.943218 -9.863438
v -27.171135 43.370033 -10.335073
v -26.574272 43.936676 -10.324081
v -23.378773 41.904942 -10.047188
v -22.610685 42.200043 -10.026874
v -23.364075 41.898396 -10.507831
v -22.595991 42.193504 -10.487519
v -27.173174 44.203323 8.449241
v -27.158478 44.196781 7.988598
v -27.770037 43.636681 8.438249
v -27.755346 43.630138 7.977606
v -23.214973 42.469093 8.915259
v -23.200279 42.462547 8.454616
v -23.983057 42.173985 8.894948
v -23.968363 42.167446 8.434306
v -25.400827 33.583660 25.774670
v -25.500208 32.720905 25.389986
v -12.317444 37.361488 13.921899
v -12.416822 36.498730 13.537214
v -12.416822 36.498730 13.537214
v -25.500208 32.720905 25.389986
v -12.912526 36.849728 12.878062
v -25.995914 33.071903 24.730837
v -25.400827 33.583660 25.774670
v -12.317444 37.361488 13.921899
v -25.896532 33.934662 25.115517
v -12.813148 37.712490 13.262746
v -12.912526 36.849728 12.878062
v -25.995914 33.071903 24.730837
v -12.813148 37.712490 13.262746
v -25.896532 33.934662 25.115517
v -25.400827 33.583660 25.774670
v -25.896532 33.934662 25.115517
v -25.500208 32.720905 25.389986
v -25.995914 33.071903 24.730837
v -15.692867 38.818447 9.180960
v -31.706156 37.115234 17.137751
v -15.593488 39.681202 9.565643
v -31.606775 37.977993 17.522434
v -31.210457 36.764233 17.796904
v -31.706156 37.115234 17.137751
v -15.197163 38.467445 9.840112
v -15.692867 38.818447 9.180960
v -15.097783 39.330204 10.224795
v -15.593488 39.681202 9.565643
v -31.111071 37.626995 18.181585
v -31.606775 37.977993 17.522434
v -31.111071 37.626995 18.181585
v -31.210457 36.764233 17.796904
v -15.097783 39.330204 10.224795
v -15.197163 38.467445 9.840112
v -31.210457 36.764233 17.796904
v -31.111071 37.626995 18.181585
v -31.706156 37.115234 17.137751
v -31.606775 37.977993 17.522434
v -12.416828 36.498737 -13.537206
v -25.500216 32.720913 -25.389971
v -12.317448 37.361496 -13.921889
v -25.400837 33.583675 -25.774656
v -25.995922 33.071911 -24.730822
v -25.500216 32.720913 -25.389971
v -12.912532 36.849739 -12.878053
v -12.416828 36.498737 -13.537206
v -12.813153 37.712498 -13.262735
v -12.317448 37.361496 -13.921889
v -25.896540 33.934673 -25.115499
v -25.400837 33.583675 -25.774656
v -25.896540 33.934673 -25.115499
v -25.995922 33.071911 -24.730822
v -12.813153 37.712498 -13.262735
v -12.912532 36.849739 -12.878053
v -25.995922 33.071911 -24.730822
v -25.896540 33.934673 -25.115499
v -25.500216 32.720913 -25.389971
v -25.400837 33.583675 -25.774656
v -31.606783 37.978001 -17.522419
v -31.706161 37.115246 -17.137735
v -15.593491 39.681210 -9.565633
v -15.692869 38.818455 -9.180948
v -15.692869 38.818455 -9.180948
v -31.706161 37.115246 -17.137735
v -15.197165 38.467453 -9.840102
v -31.210461 36.764244 -17.796888
v -31.606783 37.978001 -17.522419
v -15.593491 39.681210 -9.565633
v -31.111074 37.627003 -18.181568
v -15.097786 39.330212 -10.224787
v -15.197165 38.467453 -9.840102
v -31.210461 36.764244 -17.796888
v -15.097786 39.330212 -10.224787
v -31.111074 37.627003 -18.181568
v -31.606783 37.978001 -17.522419
v -31.111074 37.627003 -18.181568
v -31.706161 37.115246 -17.137735
v -31.210461 36.764244 -17.796888
v 15.825641 7.359897 -18.601986
v 2.153933 8.129286 -20.099316
v 15.923160 7.359222 -19.911644
v 1.965702 8.130269 -21.405960
v 15.923160 7.359222 -19.911644
v 1.965702 8.130269 -21.405960
v 15.878231 7.905442 -19.874836
v 1.944950 8.687165 -21.363569
v -13.244828 0.978747 23.343277
v -16.472012 0.978880 20.431393
v -13.252986 0.000000 23.442331
v -16.491014 0.000000 20.518084
v 3.541202 0.977645 22.006252
v 3.523464 1.389183 20.901159
v -12.164110 0.978696 23.343283
v -12.162411 1.391293 22.237850
v 15.706590 0.976317 19.756296
v 15.672444 1.386515 18.651728
v 3.541202 0.977645 22.006252
v 3.523464 1.389183 20.901159
v 18.459877 0.975942 5.198758
v 17.306028 1.386078 5.210410
v 16.821440 0.976166 18.656206
v 15.672444 1.386515 18.651728
v 15.672436 1.386515 -19.521318
v 17.050758 1.386147 -5.202515
v 16.821472 0.976166 -19.525969
v 18.203840 0.975978 -5.198775
v 3.541211 0.977645 -23.042242
v 3.523463 1.389183 -21.903627
v 15.706625 0.976313 -20.659348
v 15.672436 1.386515 -19.521318
v -12.898721 0.978735 -20.659363
v -12.896015 1.391360 -19.521338
v 3.541211 0.977645 -23.042242
v 3.523463 1.389183 -21.903627
v -16.472012 0.978880 20.431393
v -17.202015 0.978906 20.514965
v -16.491014 0.000000 20.518084
v -17.223562 0.000000 20.602011
v 16.053972 18.504131 -19.430187
v 16.053972 18.504129 -18.420643
v 12.735865 26.937193 -17.341923
v 12.735861 26.937185 -16.390827
v 15.706625 0.976313 -20.659348
v 16.053972 18.504131 -19.430187
v 16.821453 0.976166 -20.659342
v 17.105221 18.465431 -19.430189
v 15.672436 1.386515 -19.521318
v 16.053972 18.504129 -18.420643
v 15.706625 0.976313 -20.659348
v 16.053972 18.504131 -19.430187
v 17.105221 18.465431 -19.430189
v 16.053972 18.504131 -19.430187
v 13.656221 27.374420 -17.288143
v 12.735865 26.937193 -17.341923
v 16.821472 0.976166 -19.525969
v 16.821453 0.976166 -20.659342
v 17.105223 18.465445 -18.420628
v 17.105221 18.465431 -19.430189
v 17.105223 18.465445 -18.420628
v 17.105221 18.465431 -19.430189
v 13.656204 27.374409 -16.339407
v 13.656221 27.374420 -17.288143
v 13.656204 27.374409 -16.339407
v 12.735861 26.937185 -16.390827
v 17.105223 18.465445 -18.420628
v 16.053972 18.504129 -18.420643
v 17.105223 18.465445 -18.420628
v 16.053972 18.504129 -18.420643
v 16.821472 0.976166 -19.525969
v 15.672436 1.386515 -19.521318
v 12.735861 26.937185 -16.390827
v 13.656204 27.374409 -16.339407
v 12.735865 26.937193 -17.341923
v 13.656221 27.374420 -17.288143
v 14.416824 18.561676 17.598003
v 15.481888 18.524607 17.598003
v 14.147817 28.839350 15.449206
v 15.185470 28.779539 15.449202
v 15.706590 0.976317 19.756296
v 14.416824 18.561676 17.598003
v 15.672444 1.386515 18.651728
v 14.416829 18.561672 16.601229
v 16.821449 0.976167 19.756311
v 15.481888 18.524607 17.598003
v 15.706590 0.976317 19.756296
v 14.416824 18.561676 17.598003
v 14.416829 18.561672 16.601229
v 14.416824 18.561676 17.598003
v 14.149131 28.489975 14.620104
v 14.147817 28.839350 15.449206
v 16.821440 0.976166 18.656206
v 15.672444 1.386515 18.651728
v 15.481915 18.524612 16.601227
v 14.416829 18.561672 16.601229
v 15.481915 18.524612 16.601227
v 14.416829 18.561672 16.601229
v 15.186856 28.430670 14.620100
v 14.149131 28.489975 14.620104
v 15.186856 28.430670 14.620100
v 15.185470 28.779539 15.449202
v 15.481915 18.524612 16.601227
v 15.481888 18.524607 17.598003
v 15.481915 18.524612 16.601227
v 15.481888 18.524607 17.598003
v 16.821440 0.976166 18.656206
v 16.821449 0.976167 19.756311
v 15.185470 28.779539 15.449202
v 15.186856 28.430670 14.620100
v 14.147817 28.839350 15.449206
v 14.149131 28.489975 14.620104
v -11.647559 12.918022 21.861729
v -11.647573 12.918024 20.818054
v -11.489986 24.073820 20.068228
v -11.489983 24.073814 19.122482
v -12.164110 0.978696 23.343283
v -11.647559 12.918022 21.861729
v -13.244828 0.978747 23.343277
v -12.694637 12.924087 21.861715
v -12.162411 1.391293 22.237850
v -11.647573 12.918024 20.818054
v -12.164110 0.978696 23.343283
v -11.647559 12.918022 21.861729
v -12.694637 12.924087 21.861715
v -11.647559 12.918022 21.861729
v -12.519806 24.085960 20.068233
v -11.489986 24.073820 20.068228
v -13.241675 1.391389 22.237850
v -13.244828 0.978747 23.343277
v -12.694637 12.924097 20.818043
v -12.694637 12.924087 21.861715
v -12.694637 12.924097 20.818043
v -12.694637 12.924087 21.861715
v -12.519810 24.085957 19.122475
v -12.519806 24.085960 20.068233
v -12.519810 24.085957 19.122475
v -11.489983 24.073814 19.122482
v -12.694637 12.924097 20.818043
v -11.647573 12.918024 20.818054
v -12.694637 12.924097 20.818043
v -11.647573 12.918024 20.818054
v -13.241675 1.391389 22.237850
v -12.162411 1.391293 22.237850
v -11.489983 24.073814 19.122482
v -12.519810 24.085957 19.122475
v -11.489986 24.073820 20.068228
v -12.519806 24.085960 20.068233
v -17.374926 14.937581 18.124100
v -17.374922 14.937581 19.157475
v -18.082018 27.977264 16.726406
v -18.082016 27.977259 17.651089
v -17.183960 1.391707 19.376995
v -17.374926 14.937581 18.124100
v -16.074343 1.391624 19.293415
v -16.338800 14.932144 18.124115
v -17.202015 0.978906 20.514965
v -17.374922 14.937581 19.157475
v -17.183960 1.391707 19.376995
v -17.374926 14.937581 18.124100
v -16.338800 14.932144 18.124115
v -17.374926 14.937581 18.124100
v -17.063711 27.970846 16.726398
v -18.082018 27.977264 16.726406
v -16.472012 0.978880 20.431393
v -16.074343 1.391624 19.293415
v -16.338812 14.932157 19.157486
v -16.338800 14.932144 18.124115
v -16.338812 14.932157 19.157486
v -16.338800 14.932144 18.124115
v -17.063715 27.970839 17.651094
v -17.063711 27.970846 16.726398
v -17.063715 27.970839 17.651094
v -18.082016 27.977259 17.651089
v -16.338812 14.932157 19.157486
v -17.374922 14.937581 19.157475
v -16.338812 14.932157 19.157486
v -17.374922 14.937581 19.157475
v -16.472012 0.978880 20.431393
v -17.202015 0.978906 20.514965
v -18.082016 27.977259 17.651089
v -17.063715 27.970839 17.651094
v -18.082018 27.977264 16.726406
v -17.063711 27.970846 16.726398
v -17.713924 16.785748 -16.261974
v -17.299007 16.783361 -15.358373
v -17.113840 29.593023 -16.095814
v -16.729176 29.523844 -15.262004
v -18.591185 0.978953 -16.473413
v -17.713924 16.785748 -16.261974
v -17.820312 0.978928 -16.869932
v -16.774742 16.780235 -16.686602
v -18.326969 1.391784 -15.613581
v -17.299007 16.783361 -15.358373
v -18.591185 0.978953 -16.473413
v -17.713924 16.785748 -16.261974
v -16.774742 16.780235 -16.686602
v -17.713924 16.785748 -16.261974
v -16.198381 29.382421 -16.488089
v -17.113840 29.593023 -16.095814
v -17.252483 1.391711 -15.603702
v -17.820312 0.978928 -16.869932
v -16.446049 16.778212 -15.729985
v -16.774742 16.780235 -16.686602
v -16.446049 16.778212 -15.729985
v -16.774742 16.780235 -16.686602
v -15.813080 29.312860 -15.653631
v -16.198381 29.382421 -16.488089
v -15.813080 29.312860 -15.653631
v -16.729176 29.523844 -15.262004
v -16.446049 16.778212 -15.729985
v -17.299007 16.783361 -15.358373
v -17.252483 1.391711 -15.603702
v -16.446049 16.778212 -15.729985
v -18.326969 1.391784 -15.613581
v -17.299007 16.783361 -15.358373
v -16.729176 29.523844 -15.262004
v -15.813080 29.312860 -15.653631
v -17.113840 29.593023 -16.095814
v -16.198381 29.382421 -16.488089
v -12.867744 12.925059 -18.260389
v -12.867740 12.925059 -19.304058
v -12.889928 24.090088 -16.815109
v -12.889933 24.090080 -17.760859
v -12.896015 1.391360 -19.521338
v -12.867744 12.925059 -18.260389
v -13.974601 1.391456 -19.521332
v -13.913162 12.930687 -18.260406
v -12.898721 0.978735 -20.659363
v -12.867740 12.925059 -19.304058
v -12.896015 1.391360 -19.521338
v -12.867744 12.925059 -18.260389
v -13.913162 12.930687 -18.260406
v -12.867744 12.925059 -18.260389
v -13.917780 24.100918 -16.815107
v -12.889928 24.090088 -16.815109
v -13.978718 0.978780 -20.659363
v -13.974601 1.391456 -19.521332
v -13.913166 12.930697 -19.304070
v -13.913162 12.930687 -18.260406
v -13.913166 12.930697 -19.304070
v -13.913162 12.930687 -18.260406
v -13.917775 24.100914 -17.760864
v -13.917780 24.100918 -16.815107
v -13.917775 24.100914 -17.760864
v -12.889933 24.090080 -17.760859
v -13.913166 12.930697 -19.304070
v -12.867740 12.925059 -19.304058
v -13.913166 12.930697 -19.304070
v -12.867740 12.925059 -19.304058
v -13.978718 0.978780 -20.659363
v -12.898721 0.978735 -20.659363
v -12.889933 24.090080 -17.760859
v -13.917775 24.100914 -17.760864
v -12.889928 24.090088 -16.815109
v -13.917780 24.100918 -16.815107
v 2.132921 8.686057 -20.059523
v 1.944950 8.687165 -21.363569
v -13.071938 8.890242 -18.281878
v -13.256860 8.890802 -19.585279
v 1.944950 8.687165 -21.363569
v 1.965702 8.130269 -21.405960
v -13.256860 8.890802 -19.585279
v -13.257862 8.326744 -19.624628
v 1.965702 8.130269 -21.405960
v 2.153933 8.129286 -20.099316
v -13.257862 8.326744 -19.624628
v -13.072677 8.326245 -18.318624
v 15.878231 7.905442 -19.874836
v 1.944950 8.687165 -21.363569
v 15.780904 7.906213 -18.567600
v 2.132921 8.686057 -20.059523
v -38.697369 0.000000 14.095073
v -43.513378 0.000000 -4.907451
v -38.802349 0.000000 -0.741412
v -38.839233 0.000000 -5.537428
v -50.887005 0.000000 -4.389407
v -49.820316 0.000000 -4.389413
v -50.887005 0.000000 -3.354067
v -51.667999 0.000000 13.265214
v -50.039398 0.000000 14.416533
v -13.502270 0.006090 23.539379
v -13.132917 5.792828 22.989582
v -16.581980 0.006090 20.565287
v -13.792708 5.744750 22.282869
v -16.568718 0.984968 20.559099
v -17.988382 0.985019 -17.144236
v -14.412855 5.745550 -19.751068
v -18.008486 0.006090 -17.152802
v -13.955264 5.793940 -20.658955
v -14.238404 0.006090 -20.844053
v -13.974601 1.391456 -19.521332
v -13.978718 0.978780 -20.659363
v -15.614704 1.391589 -17.562531
v -17.820312 0.978928 -16.869932
v -17.252483 1.391711 -15.603702
v -16.074343 1.391624 19.293415
v -16.472012 0.978880 20.431393
v -14.658903 1.391512 20.765619
v -13.244828 0.978747 23.343277
v -13.241675 1.391389 22.237850
v 17.595598 0.982112 13.522112
v 16.623075 5.663067 18.209452
v 17.683981 0.006091 13.531461
v 16.658104 5.710567 19.172750
v 17.160479 0.006091 19.735178
v 17.160479 0.006091 -20.754831
v 17.099657 5.708615 -20.545401
v 17.568787 0.006091 -15.110588
v 17.117289 5.660918 -19.452469
v 17.480839 0.982128 -15.100858
v 16.906754 0.000001 -20.747005
v 16.906754 0.000001 -19.608822
v 15.787886 0.000001 -20.747007
v 3.583294 0.000000 1.826136
v 3.583303 0.000000 -23.140013
v 15.675051 0.000001 1.789289
v 15.794655 0.000001 -4.285092
v 18.296301 0.000001 -5.200005
v -36.717545 1.392459 18.345610
v -36.566589 5.604648 18.202820
v -37.268234 1.392465 14.224231
v -37.096642 5.653238 12.847471
v -37.179707 1.392464 12.866039
v -36.254238 17.204239 12.732661
v -36.176170 13.638972 12.613907
v -36.238506 11.672253 15.233150
v -36.030121 16.930565 17.808907
v 18.553823 0.000001 5.199993
v 16.906754 0.000001 18.735357
v 15.731942 0.000001 4.240309
v 3.583294 0.000000 1.826136
v 15.675051 0.000001 1.789289
v 3.583286 0.000000 22.099634
v 15.787868 0.000001 19.840132
v 16.906740 0.000001 19.840120
v -27.770037 43.636681 8.438249
v -27.755346 43.630138 7.977606
v -23.756931 38.195374 8.501839
v -23.742239 38.188835 8.041196
v -21.225611 36.071026 8.428562
v -21.210915 36.064487 7.967919
v -27.755346 43.630138 7.977606
v -27.158478 44.196781 7.988598
v -23.742239 38.188835 8.041196
v -23.145372 38.755474 8.052188
v -21.210915 36.064487 7.967919
v -20.614052 36.631130 7.978912
v -38.600784 1.392480 -4.544520
v -38.690403 0.979294 -5.605584
v -43.018463 1.392509 -3.793894
v -43.356819 0.979310 -4.906295
v -49.528118 1.392520 -3.352473
v -49.630474 0.979313 -4.385705
v -23.983057 42.173985 8.894948
v -23.968363 42.167446 8.434306
v -22.283323 35.677959 8.840965
v -22.268629 35.671417 8.380323
v -19.213844 29.810987 8.169485
v -19.199150 29.804447 7.708842
v -18.445761 30.106098 8.189797
v -18.431065 30.099554 7.729153
v -21.515240 35.973064 8.861278
v -21.500544 35.966518 8.400634
v -23.214973 42.469093 8.915259
v -23.200279 42.462547 8.454616
v -23.968363 42.167446 8.434306
v -23.200279 42.462547 8.454616
v -22.268629 35.671417 8.380323
v -21.500544 35.966518 8.400634
v -19.199150 29.804447 7.708842
v -18.431065 30.099554 7.729153
v -18.326969 1.391784 -15.613581
v -18.591185 0.978953 -16.473413
v -24.472027 1.392125 -14.206477
v -24.770319 0.979121 -15.321364
v -33.841496 1.392413 -16.257910
v -33.898178 0.979260 -17.294243
v 19.670483 17.854399 3.288330
v 14.753782 20.050131 3.353866
v 20.696842 19.031746 -4.017125
v 15.022429 20.602800 -4.061774
v 20.166862 18.945076 -11.263114
v 14.888248 20.768686 -11.438035
v -13.989302 0.000000 -20.747017
v -17.844067 0.000000 -16.941504
v -13.978718 0.978780 -20.659363
v -17.820312 0.978928 -16.869932
v -18.617722 0.000000 -16.543314
v -18.591185 0.978953 -16.473413
v 3.583286 0.000000 22.099634
v 15.787868 0.000001 19.840132
v 3.541202 0.977645 22.006252
v 15.706590 0.976317 19.756296
v 16.906740 0.000001 19.840120
v 16.821449 0.976167 19.756311
v 16.906740 0.000001 19.840120
v 16.906754 0.000001 18.735357
v 16.821449 0.976167 19.756311
v 16.821440 0.976166 18.656206
v 18.553823 0.000001 5.199993
v 18.459877 0.975942 5.198758
v 16.906754 0.000001 -20.747005
v 15.787886 0.000001 -20.747007
v 16.821453 0.976166 -20.659342
v 15.706625 0.976313 -20.659348
v 3.583303 0.000000 -23.140013
v 3.541211 0.977645 -23.042242
v 3.583303 0.000000 -23.140013
v -12.905755 0.000000 -20.747017
v 3.541211 0.977645 -23.042242
v -12.898721 0.978735 -20.659363
v -13.989302 0.000000 -20.747017
v -13.978718 0.978780 -20.659363
v -13.252986 0.000000 23.442331
v -12.168814 0.000000 23.442326
v -13.244828 0.978747 23.343277
v -12.164110 0.978696 23.343283
v 3.583286 0.000000 22.099634
v 3.541202 0.977645 22.006252
v -18.617722 0.000000 -16.543314
v -24.821186 0.000000 -15.324993
v -18.591185 0.978953 -16.473413
v -24.770319 0.979121 -15.321364
v -33.975857 0.000000 -17.300997
v -33.898178 0.979260 -17.294243
v -17.437094 32.693123 -14.939356
v -26.383205 30.422714 -13.184685
v -17.361387 32.292713 -14.984589
v -26.198347 30.072580 -13.209505
v -36.743843 29.289722 -13.285223
v -36.674152 28.897287 -13.314440
v -35.308350 31.290644 16.396194
v -27.899706 32.013474 15.890190
v -35.236649 30.897673 16.429955
v -27.715517 31.663599 15.918307
v -18.636559 35.199886 15.538732
v -18.559286 34.798126 15.564606
v 18.203840 0.975978 -5.198775
v 18.296301 0.000001 -5.200005
v 16.821472 0.976166 -19.525969
v 16.906754 0.000001 -19.608822
v 16.906754 0.000001 -20.747005
v 16.821453 0.976166 -20.659342
v -38.839233 0.000000 -5.537428
v -43.513378 0.000000 -4.907451
v -38.690403 0.979294 -5.605584
v -43.356819 0.979310 -4.906295
v -49.820316 0.000000 -4.389413
v -49.630474 0.979313 -4.385705
v -46.786724 21.357927 -4.055817
v -46.955421 22.320723 -4.032549
v -35.870193 23.711327 -5.579387
v -36.033840 24.705612 -5.503243
v -35.098110 24.929419 -5.707882
v -34.932125 23.934711 -5.785154
v -46.786724 21.357927 -4.055817
v -35.870193 23.711327 -5.579387
v -46.857861 21.262518 -3.073400
v -35.687405 23.633121 -4.609840
v -34.932125 23.934711 -5.785154
v -34.684032 23.934965 -4.601511
v -35.098110 24.929419 -5.707882
v -36.033840 24.705612 -5.503243
v -34.855484 24.929737 -4.574147
v -35.816338 24.705940 -4.580249
v -46.955421 22.320723 -4.032549
v -46.955425 22.320723 -3.053974
v -46.898739 23.516500 12.963474
v -46.761684 22.524618 13.041162
v -36.221867 25.810318 12.541235
v -36.051353 24.815868 12.615885
v -35.091354 25.039749 12.599111
v -35.264130 26.034637 12.524699
v -46.898739 23.516500 12.963474
v -36.221867 25.810318 12.541235
v -46.898743 23.516500 11.991983
v -36.221863 25.810312 11.582880
v -35.264130 26.034637 12.524699
v -35.264130 26.034632 11.567602
v -35.091354 25.039749 12.599111
v -36.051353 24.815868 12.615885
v -35.091358 25.039749 11.636332
v -36.091187 24.737398 11.657295
v -46.761684 22.524618 13.041162
v -46.802357 22.446386 12.069571
v 15.422626 20.847908 18.607618
v 20.435425 18.331951 18.299356
v 15.992253 20.753063 10.922194
v 21.291477 19.037649 10.777587
v 19.670483 17.854399 3.288330
v 14.803580 20.198208 3.358750
v 19.670483 17.854399 3.288330
v 20.696842 19.031746 -4.017125
v 14.803580 20.198208 3.358750
v 15.073704 20.750891 -4.066086
v 20.166862 18.945076 -11.263114
v 14.939615 20.916777 -11.452900
v 14.753782 20.050131 3.353866
v 19.670483 17.854399 3.288330
v 15.939525 20.604984 10.908998
v 21.291477 19.037649 10.777587
v 20.435425 18.331951 18.299356
v 15.370679 20.699818 18.587889
v 20.944016 21.253965 -3.496754
v 20.987076 19.779715 -10.653728
v 15.763548 22.867525 -3.636836
v 15.833762 22.833967 -11.132200
v 20.672823 20.253176 -17.284946
v 15.767836 23.174067 -17.964724
v -27.171135 43.370033 -10.335073
v -23.167061 37.932747 -9.988386
v -27.185835 43.376575 -9.874432
v -23.181759 37.939293 -9.527743
v -20.647478 35.813625 -9.693705
v -20.662174 35.820171 -9.233062
v -27.185835 43.376575 -9.874432
v -23.181759 37.939293 -9.527743
v -26.588966 43.943218 -9.863438
v -22.584892 38.505932 -9.516749
v -20.662174 35.820171 -9.233062
v -20.065311 36.386814 -9.222068
v -20.065311 36.386814 -9.222068
v -20.050617 36.380276 -9.682712
v -22.584892 38.505932 -9.516749
v -22.570198 38.499393 -9.977393
v -26.574272 43.936676 -10.324081
v -26.588966 43.943218 -9.863438
v -23.364075 41.898396 -10.507831
v -22.595991 42.193504 -10.487519
v -21.677116 35.408054 -10.161354
v -20.909033 35.703167 -10.141043
v -17.893894 29.860388 -9.109132
v -18.661978 29.565281 -9.129443
v -23.364075 41.898396 -10.507831
v -21.677116 35.408054 -10.161354
v -23.378773 41.904942 -10.047188
v -21.691813 35.414600 -9.700711
v -18.661978 29.565281 -9.129443
v -18.676672 29.571823 -8.668798
v -17.893894 29.860388 -9.109132
v -20.909033 35.703167 -10.141043
v -17.908588 29.866932 -8.648487
v -20.923727 35.709705 -9.680398
v -22.595991 42.193504 -10.487519
v -22.610685 42.200043 -10.026874
v -23.378773 41.904942 -10.047188
v -21.691813 35.414600 -9.700711
v -22.610685 42.200043 -10.026874
v -20.923727 35.709705 -9.680398
v -18.676672 29.571823 -8.668798
v -17.908588 29.866932 -8.648487
v -27.158478 44.196781 7.988598
v -27.173174 44.203323 8.449241
v -23.145372 38.755474 8.052188
v -23.160070 38.762020 8.512832
v -20.628748 36.637676 8.439555
v -20.614052 36.631130 7.978912
v -19.213844 29.810987 8.169485
v -18.445761 30.106098 8.189797
v -22.283323 35.677959 8.840965
v -21.515240 35.973064 8.861278
v -23.214973 42.469093 8.915259
v -23.983057 42.173985 8.894948
v 20.944016 21.253965 -3.496754
v 15.707188 22.719435 -3.624229
v 20.987076 19.779715 -10.653728
v 15.777317 22.685894 -11.107448
v 20.672823 20.253176 -17.284946
v 15.710909 23.025982 -17.928062
v -36.566589 5.604648 18.202820
v -32.538895 18.864614 17.640703
v -36.030121 16.930565 17.808907
v -32.196781 26.950684 16.763613
v -34.981979 30.384199 16.389894
v -17.712021 34.598782 16.252779
v -20.668098 30.088821 16.585224
v -17.531454 30.925440 16.541830
v -17.286486 26.075663 16.999619
v -20.892445 24.382420 17.149080
v -16.646919 13.452258 18.546045
v -20.540796 7.238504 18.903389
v -16.370655 7.656132 19.080536
v -16.197525 3.763670 19.250332
v -20.223974 3.219021 19.079309
v -17.183960 1.391707 19.376995
v -36.717545 1.392459 18.345610
v 3.583286 0.000000 22.099634
v -12.168814 0.000000 23.442326
v 3.583294 0.000000 1.826136
v -13.252986 0.000000 23.442331
v -17.788631 0.000000 1.890143
v -16.491014 0.000000 20.518084
v -17.223562 0.000000 20.602011
v 6.008545 34.686859 -7.038845
v 5.874086 35.015491 -1.783944
v 7.719466 33.769382 -4.279105
v 10.455241 32.681477 -1.519365
v 10.629307 32.427441 -6.774266
v 1.928826 18.937769 -18.597311
v 7.192742 18.937769 -18.597309
v 4.560784 15.946361 -18.783562
v 7.192742 13.902007 -19.667694
v 1.928826 13.902007 -19.667694
v -18.617722 0.000000 -16.543314
v -17.844067 0.000000 -16.941504
v -17.788631 0.000000 1.890143
v -13.989302 0.000000 -20.747017
v -12.905755 0.000000 -20.747017
v 3.583294 0.000000 1.826136
v 3.583303 0.000000 -23.140013
v -27.171135 43.370033 -10.335073
v -26.574272 43.936676 -10.324081
v -23.167061 37.932747 -9.988386
v -22.570198 38.499393 -9.977393
v -20.647478 35.813625 -9.693705
v -20.050617 36.380276 -9.682712
v -20.662174 35.820171 -9.233062
v -20.065311 36.386814 -9.222068
v -35.045963 0.000000 -17.300993
v -33.975857 0.000000 -17.300997
v -35.045963 0.000000 -16.265646
v -24.821186 0.000000 -15.324993
v -38.839233 0.000000 -5.537428
v -38.802349 0.000000 -0.741412
v -17.788631 0.000000 1.890143
v -18.617722 0.000000 -16.543314
v -27.770037 43.636681 8.438249
v -23.756931 38.195374 8.501839
v -27.173174 44.203323 8.449241
v -23.160070 38.762020 8.512832
v -21.225611 36.071026 8.428562
v -20.628748 36.637676 8.439555
v -21.210915 36.064487 7.967919
v -20.614052 36.631130 7.978912
v -35.471432 24.503201 0.040930
v -35.748646 26.246750 -0.028744
v -35.238731 24.345747 -4.995996
v -33.480831 26.506516 -11.206454
v -33.737328 21.620012 -11.330441
v -34.894314 21.280457 -7.306684
v -35.501144 21.102089 -5.186634
v -35.748318 29.038832 -0.255611
v -32.839928 29.194244 -13.131185
v -33.112972 19.266001 -14.381770
v -33.771080 19.017231 -11.799462
v -34.998009 18.676361 -7.488609
v -35.657421 18.492893 -5.161898
v -39.055794 20.002790 12.473575
v -44.698772 19.502106 12.780111
v -40.009270 12.738311 12.929658
v -45.514133 11.442307 13.383443
v -40.837727 5.731690 13.038943
v -46.961842 5.860682 13.354697
v -38.630760 1.392480 12.912044
v -37.179707 1.392464 12.866039
v -37.096642 5.653238 12.847471
v -36.176170 13.638972 12.613907
v -36.254238 17.204239 12.732661
v -36.058292 20.265169 12.313307
v -35.716953 25.415615 12.037110
v -47.248623 22.924746 12.468149
v -49.149349 9.509398 13.463326
v -49.542038 5.450957 13.407861
v -50.066673 1.392520 13.264220
v -36.079296 30.067657 16.502785
v -35.165756 30.215662 16.489899
v -36.079300 30.067673 17.437975
v -35.126942 30.294416 17.416969
v -27.526617 31.024454 15.970942
v -27.432676 31.126455 16.892569
v -18.480486 34.101734 15.611381
v -18.440565 34.181877 16.522511
v -17.445454 34.408428 15.590425
v -17.445454 34.408432 16.506155
v -16.548157 31.903772 -16.103361
v -17.473942 31.679518 -15.959009
v -16.695023 32.917580 -16.024342
v -17.665863 32.693848 -15.838626
v -26.383207 30.422712 -14.118245
v -25.914425 29.535084 -14.186284
v -36.567619 28.294836 -14.304528
v -36.743851 29.289717 -14.224486
v -37.517883 28.069418 -14.322737
v -37.692211 29.063782 -14.242179
v -17.641605 35.428364 16.436287
v -18.636555 35.199886 16.451426
v -17.445454 34.408432 16.506155
v -18.440565 34.181877 16.522511
v -27.432676 31.126455 16.892569
v -27.899706 32.013477 16.816162
v -35.308350 31.290644 17.325344
v -35.126942 30.294416 17.416969
v -36.259140 31.063206 17.345493
v -36.079300 30.067673 17.437975
v -37.692215 29.063780 -13.301726
v -36.743843 29.289722 -13.285223
v -37.692211 29.063782 -14.242179
v -36.743851 29.289717 -14.224486
v -26.383205 30.422714 -13.184685
v -26.383207 30.422712 -14.118245
v -17.437094 32.693123 -14.939356
v -17.665863 32.693848 -15.838626
v -16.465847 32.916679 -15.126131
v -16.695023 32.917580 -16.024342
v -17.641602 35.428356 15.524431
v -18.636559 35.199886 15.538732
v -17.641605 35.428364 16.436287
v -18.636555 35.199886 16.451426
v -27.899706 32.013474 15.890190
v -27.899706 32.013477 16.816162
v -35.308350 31.290644 16.396194
v -35.308350 31.290644 17.325344
v -36.259140 31.063206 16.415260
v -36.259140 31.063206 17.345493
v -16.548157 31.903772 -16.103361
v -16.273497 31.900549 -15.241999
v -17.473942 31.679518 -15.959009
v -17.284008 31.598871 -15.053144
v -26.008846 29.433319 -13.255648
v -25.914425 29.535084 -14.186284
v -36.606670 28.216251 -13.365948
v -36.567619 28.294836 -14.304528
v -37.517895 28.069412 -13.376975
v -37.517883 28.069418 -14.322737
v -35.471432 24.503201 0.040930
v -35.716953 25.415615 12.037110
v -35.748646 26.246750 -0.028744
v -35.748318 29.038832 -0.255611
v -34.981979 30.384199 16.389894
v -35.777679 21.803593 14.481570
v -36.030121 16.930565 17.808907
v -36.254238 17.204239 12.732661
v -36.058292 20.265169 12.313307
v -24.472027 1.392125 -14.206477
v -33.841496 1.392413 -16.257910
v -25.401806 6.724790 -13.356327
v -33.660213 5.774070 -15.706788
v -26.094877 26.650410 -13.096313
v -30.646877 26.118607 -13.076688
v -26.245647 29.798109 -13.261907
v -32.839928 29.194244 -13.131185
v -33.112972 19.266001 -14.381770
v -18.326969 1.391784 -15.613581
v -20.577583 2.455655 -15.115144
v -17.129871 3.764142 -15.903845
v -20.896891 7.044393 -14.883010
v -16.978483 7.319297 -16.203512
v -16.752359 13.452743 -16.188900
v -20.166357 26.505085 -14.739577
v -16.359943 26.399137 -15.785513
v -16.814407 32.645603 -15.922060
v -49.528118 1.392520 -3.352473
v -50.066673 1.392520 13.264220
v -48.760601 6.617486 -2.890123
v -49.542038 5.450957 13.407861
v -49.149349 9.509398 13.463326
v -48.210529 11.842479 -2.412198
v -48.026058 13.549094 0.446789
v -47.420753 20.214230 0.438585
v -47.304821 21.733549 -1.833909
v -47.392498 20.792419 10.187789
v -47.248623 22.924746 12.468149
v -48.403526 13.062388 9.631021
vt 0.417006 0.907138
vt 0.440805 0.911741
vt 0.451294 0.881714
vt 0.326115 0.498018
vt 0.353495 0.491936
vt 0.366541 0.526597
vt 0.026866 0.585897
vt 0.012602 0.708171
vt 0.012204 0.585070
vt 0.334074 0.377002
vt 0.022919 0.364725
vt 0.334074 0.364725
vt 0.022919 0.364725
vt 0.334074 0.377002
vt 0.022919 0.377002
vt 0.341038 0.423694
vt 0.394276 0.435971
vt 0.341038 0.435971
vt 0.394276 0.435971
vt 0.341038 0.423694
vt 0.394276 0.423694
vt 0.075817 0.423694
vt 0.341038 0.435971
vt 0.075817 0.435971
vt 0.341038 0.435971
vt 0.075817 0.423694
vt 0.341038 0.423694
vt 0.022919 0.423694
vt 0.075817 0.435971
vt 0.022919 0.435971
vt 0.075817 0.435971
vt 0.022919 0.423694
vt 0.075817 0.423694
vt 0.022919 0.377002
vt 0.334074 0.364725
vt 0.022919 0.364725
vt 0.334074 0.364725
vt 0.022919 0.377002
vt 0.334074 0.377002
vt 0.122613 0.000000
vt 0.019557 0.123669
vt 0.122613 0.020940
vt 0.019557 0.123669
vt 0.122613 0.000000
vt 0.000000 0.123669
vt 0.000000 0.123669
vt 0.122613 0.000000
vt 0.000000 0.000000
vt 0.334074 0.377002
vt 0.022919 0.364725
vt 0.022919 0.377002
vt 0.022919 0.364725
vt 0.334074 0.377002
vt 0.334074 0.364725
vt 0.341038 0.423694
vt 0.394276 0.435971
vt 0.394276 0.423694
vt 0.394276 0.435971
vt 0.341038 0.423694
vt 0.341038 0.435971
vt 0.075817 0.423694
vt 0.341038 0.435971
vt 0.341038 0.423694
vt 0.341038 0.435971
vt 0.075817 0.423694
vt 0.075817 0.435971
vt 0.022919 0.423694
vt 0.075817 0.435971
vt 0.075817 0.423694
vt 0.075817 0.435971
vt 0.022919 0.423694
vt 0.022919 0.435971
vt 0.022919 0.377002
vt 0.334074 0.364725
vt 0.334074 0.377002
vt 0.334074 0.364725
vt 0.022919 0.377002
vt 0.022919 0.364725
vt 0.122613 0.000000
vt 0.019557 0.123669
vt 0.000000 0.123669
vt 0.019557 0.123669
vt 0.122613 0.000000
vt 0.122613 0.020940
vt 0.000000 0.000000
vt 0.122613 0.000000
vt 0.000000 0.123669
vt 0.334074 0.377002
vt 0.022919 0.364725
vt 0.022919 0.377002
vt 0.022919 0.364725
vt 0.334074 0.377002
vt 0.334074 0.364725
vt 0.341038 0.423694
vt 0.394276 0.435971
vt 0.394276 0.423694
vt 0.394276 0.435971
vt 0.341038 0.423694
vt 0.341038 0.435971
vt 0.075817 0.423694
vt 0.341038 0.435971
vt 0.341038 0.423694
vt 0.341038 0.435971
vt 0.075817 0.423694
vt 0.075817 0.435971
vt 0.022919 0.423694
vt 0.075817 0.435971
vt 0.075817 0.423694
vt 0.075817 0.435971
vt 0.022919 0.423694
vt 0.022919 0.435971
vt 0.022919 0.377002
vt 0.334074 0.364725
vt 0.334074 0.377002
vt 0.334074 0.364725
vt 0.022919 0.377002
vt 0.022919 0.364725
vt 0.122613 0.000000
vt 0.019557 0.123669
vt 0.000000 0.123669
vt 0.019557 0.123669
vt 0.122613 0.000000
vt 0.122613 0.020940
vt 0.000000 0.000000
vt 0.122613 0.000000
vt 0.000000 0.123669
vt 0.334074 0.377002
vt 0.022919 0.364725
vt 0.334074 0.364725
vt 0.022919 0.364725
vt 0.334074 0.377002
vt 0.022919 0.377002
vt 0.341038 0.423694
vt 0.394276 0.435971
vt 0.341038 0.435971
vt 0.394276 0.435971
vt 0.341038 0.423694
vt 0.394276 0.423694
vt 0.075817 0.423694
vt 0.341038 0.435971
vt 0.075817 0.435971
vt 0.341038 0.435971
vt 0.075817 0.423694
vt 0.341038 0.423694
vt 0.022919 0.423694
vt 0.075817 0.435971
vt 0.022919 0.435971
vt 0.075817 0.435971
vt 0.022919 0.423694
vt 0.075817 0.423694
vt 0.022919 0.377002
vt 0.334074 0.364725
vt 0.022919 0.364725
vt 0.334074 0.364725
vt 0.022919 0.377002
vt 0.334074 0.377002
vt 0.122613 0.000000
vt 0.019557 0.123669
vt 0.122613 0.020940
vt 0.019557 0.123669
vt 0.122613 0.000000
vt 0.000000 0.123669
vt 0.000000 0.123669
vt 0.122613 0.000000
vt 0.000000 0.000000
vt -0.750000 -0.985333
vt -0.500000 -1.000000
vt -0.750000 -1.000000
vt -0.500000 -1.000000
vt -0.750000 -0.985333
vt -0.500000 -0.985333
vt -0.515162 -1.000000
vt -0.500000 -0.757588
vt -0.500000 -1.000000
vt -0.500000 -0.757588
vt -0.515162 -1.000000
vt -0.515162 -0.757588
vt -0.500000 -0.776919
vt -0.750000 -0.757588
vt -0.500000 -0.757588
vt -0.750000 -0.757588
vt -0.500000 -0.776919
vt -0.750000 -0.776919
vt -0.736073 -0.757588
vt -0.750000 -1.000000
vt -0.750000 -0.757588
vt -0.750000 -1.000000
vt -0.736073 -0.757588
vt -0.736073 -1.000000
vt -0.750000 -0.985333
vt -0.500000 -1.000000
vt -0.750000 -1.000000
vt -0.500000 -1.000000
vt -0.750000 -0.985333
vt -0.500000 -0.985333
vt -0.515162 -1.000000
vt -0.500000 -0.757588
vt -0.500000 -1.000000
vt -0.500000 -0.757588
vt -0.515162 -1.000000
vt -0.515162 -0.757588
vt -0.500000 -0.776919
vt -0.750000 -0.757588
vt -0.500000 -0.757588
vt -0.750000 -0.757588
vt -0.500000 -0.776919
vt -0.750000 -0.776919
vt -0.736073 -0.757588
vt -0.750000 -1.000000
vt -0.750000 -0.757588
vt -0.750000 -1.000000
vt -0.736073 -0.757588
vt -0.736073 -1.000000
vt 0.005121 0.502001
vt 0.460191 0.797111
vt 0.455528 0.502001
vt 0.035556 0.906315
vt 0.417006 0.907138
vt 0.451294 0.881714
vt -0.501931 1.497331
vt -0.501931 1.435256
vt -0.997270 1.497331
vt -0.997270 1.435256
vt -0.501931 1.435256
vt -0.501931 1.409332
vt -0.997270 1.435256
vt -0.997270 1.409332
vt -0.501931 1.373161
vt -0.501931 1.311908
vt -0.997270 1.373161
vt -0.997270 1.311908
vt -0.501931 1.435256
vt -0.997270 1.435256
vt -0.501931 1.497331
vt -0.997270 1.497331
vt -0.501931 1.409332
vt -0.997270 1.409332
vt -0.501931 1.435256
vt -0.997270 1.435256
vt -0.501931 1.311908
vt -0.997270 1.311908
vt -0.501931 1.373161
vt -0.997270 1.373161
vt -0.644683 1.497331
vt -0.643819 1.435256
vt -0.997270 1.497331
vt -0.997270 1.435256
vt -0.643819 1.435256
vt -0.643820 1.409332
vt -0.997270 1.435256
vt -0.997270 1.409332
vt -0.643820 1.373161
vt -0.644684 1.311908
vt -0.997270 1.373161
vt -0.997270 1.311908
vt -0.501931 1.497331
vt -0.501931 1.435256
vt -0.871663 1.497331
vt -0.870679 1.435256
vt -0.501931 1.311908
vt -0.871666 1.311908
vt -0.501931 1.373161
vt -0.870682 1.373161
vt 0.002270 0.374034
vt 0.002270 0.436177
vt 0.498439 0.374034
vt 0.498439 0.436177
vt 0.498439 0.374034
vt 0.498439 0.436177
vt 0.002270 0.374034
vt 0.002270 0.436177
vt 0.498439 0.436177
vt 0.498439 0.374034
vt 0.002270 0.436177
vt 0.002270 0.374034
vt 0.498439 0.436177
vt 0.449427 0.436177
vt 0.498439 0.374034
vt 0.449427 0.374034
vt 0.498439 0.436177
vt 0.002270 0.436177
vt 0.498439 0.497872
vt 0.002270 0.497872
vt 0.498439 0.374034
vt 0.449427 0.374034
vt 0.498439 0.436177
vt 0.449427 0.436177
vt 0.002270 0.374034
vt 0.052039 0.374034
vt 0.002270 0.312831
vt 0.052039 0.312831
vt 0.002270 0.436177
vt 0.498439 0.436177
vt 0.002270 0.497872
vt 0.498439 0.497872
vt 0.498439 0.436177
vt 0.449427 0.436177
vt 0.498439 0.497872
vt 0.449427 0.497872
vt 0.498439 0.374034
vt 0.449427 0.374034
vt 0.498439 0.436177
vt 0.449427 0.436177
vt 0.498439 0.312831
vt 0.449427 0.312831
vt 0.498439 0.374034
vt 0.449427 0.374034
vt 0.498439 0.374034
vt 0.002270 0.374034
vt 0.498439 0.312831
vt 0.002270 0.312831
vt 0.052039 0.374034
vt 0.002270 0.374034
vt 0.052039 0.436177
vt 0.002270 0.436177
vt 0.002270 0.436177
vt 0.002270 0.497872
vt 0.498439 0.436177
vt 0.498439 0.497872
vt 0.498439 0.374034
vt 0.498439 0.312831
vt 0.002270 0.374034
vt 0.002270 0.312831
vt 0.052039 0.436177
vt 0.002270 0.436177
vt 0.052039 0.497872
vt 0.002270 0.497872
vt 0.002270 0.374034
vt 0.498439 0.374034
vt 0.002270 0.312831
vt 0.498439 0.312831
vt 0.002270 0.301216
vt 0.498439 0.301216
vt 0.002270 0.312831
vt 0.498439 0.312831
vt 0.498439 0.301216
vt 0.002270 0.301216
vt 0.498439 0.312831
vt 0.002270 0.312831
vt 0.498439 0.301216
vt 0.002270 0.301216
vt 0.498439 0.312831
vt 0.002270 0.312831
vt 0.498439 0.374034
vt 0.498439 0.436177
vt 0.002270 0.374034
vt 0.002270 0.436177
vt 0.002270 0.374034
vt 0.052039 0.374034
vt 0.002270 0.436177
vt 0.052039 0.436177
vt 0.498439 0.374034
vt 0.002270 0.374034
vt 0.498439 0.312831
vt 0.002270 0.312831
vt 0.002270 0.436177
vt 0.052039 0.436177
vt 0.002270 0.374034
vt 0.052039 0.374034
vt 0.002270 0.436177
vt 0.052039 0.436177
vt 0.002270 0.497872
vt 0.052039 0.497872
vt 0.498439 0.374034
vt 0.449427 0.374034
vt 0.498439 0.312831
vt 0.449427 0.312831
vt 0.498439 0.436177
vt 0.449427 0.436177
vt 0.498439 0.374034
vt 0.449427 0.374034
vt 0.498439 0.497872
vt 0.449427 0.497872
vt 0.498439 0.436177
vt 0.449427 0.436177
vt 0.052039 0.436177
vt 0.002270 0.436177
vt 0.052039 0.374034
vt 0.002270 0.374034
vt 0.052039 0.374034
vt 0.002270 0.374034
vt 0.052039 0.312831
vt 0.002270 0.312831
vt 0.002270 0.436177
vt 0.498439 0.436177
vt 0.002270 0.497872
vt 0.498439 0.497872
vt 0.002270 0.301216
vt 0.498439 0.301216
vt 0.002270 0.312831
vt 0.498439 0.312831
vt 0.498439 0.374034
vt 0.002270 0.374034
vt 0.498439 0.436177
vt 0.002270 0.436177
vt 0.498439 0.436177
vt 0.002270 0.436177
vt 0.498439 0.497872
vt 0.002270 0.497872
vt 0.002270 0.374034
vt 0.498439 0.374034
vt 0.002270 0.312831
vt 0.498439 0.312831
vt 0.498439 0.301216
vt 0.002270 0.301216
vt 0.498439 0.312831
vt 0.002270 0.312831
vt 0.498439 0.436177
vt 0.002270 0.436177
vt 0.498439 0.374034
vt 0.002270 0.374034
vt 0.498439 0.374034
vt 0.002270 0.374034
vt 0.498439 0.312831
vt 0.002270 0.312831
vt 0.002270 0.436177
vt 0.498439 0.436177
vt 0.002270 0.497872
vt 0.498439 0.497872
vt 0.002270 0.301216
vt 0.498439 0.301216
vt 0.002270 0.312831
vt 0.498439 0.312831
vt 0.002270 0.436177
vt 0.498439 0.436177
vt 0.002270 0.374034
vt 0.498439 0.374034
vt 0.498439 0.436177
vt 0.002270 0.436177
vt 0.498439 0.374034
vt 0.002270 0.374034
vt 0.002270 0.436177
vt 0.498439 0.436177
vt 0.002270 0.497872
vt 0.498439 0.497872
vt 0.498439 0.374034
vt 0.002270 0.374034
vt 0.498439 0.312831
vt 0.002270 0.312831
vt 0.002270 0.497872
vt 0.498439 0.497872
vt 0.002270 0.436177
vt 0.498439 0.436177
vt 0.498439 0.312831
vt 0.002270 0.312831
vt 0.498439 0.374034
vt 0.002270 0.374034
vt 0.002270 0.301216
vt 0.498439 0.301216
vt 0.002270 0.312831
vt 0.498439 0.312831
vt 0.498439 0.301216
vt 0.002270 0.301216
vt 0.498439 0.312831
vt 0.002270 0.312831
vt 0.498439 0.374034
vt 0.498439 0.436177
vt 0.002270 0.374034
vt 0.002270 0.436177
vt 0.498439 0.436177
vt 0.498439 0.374034
vt 0.002270 0.436177
vt 0.002270 0.374034
vt 0.498439 0.436177
vt 0.449427 0.436177
vt 0.498439 0.374034
vt 0.449427 0.374034
vt 0.498439 0.436177
vt 0.002270 0.436177
vt 0.498439 0.497872
vt 0.002270 0.497872
vt 0.002270 0.436177
vt 0.498439 0.436177
vt 0.002270 0.497872
vt 0.498439 0.497872
vt 0.498439 0.436177
vt 0.449427 0.436177
vt 0.498439 0.497872
vt 0.449427 0.497872
vt 0.498439 0.374034
vt 0.449427 0.374034
vt 0.498439 0.436177
vt 0.449427 0.436177
vt 0.498439 0.312831
vt 0.449427 0.312831
vt 0.498439 0.374034
vt 0.449427 0.374034
vt 0.498439 0.374034
vt 0.002270 0.374034
vt 0.498439 0.312831
vt 0.002270 0.312831
vt 0.002270 0.301216
vt 0.498439 0.301216
vt 0.002270 0.312831
vt 0.498439 0.312831
vt 0.498439 0.301216
vt 0.002270 0.301216
vt 0.498439 0.312831
vt 0.002270 0.312831
vt 0.498439 0.374034
vt 0.498439 0.436177
vt 0.002270 0.374034
vt 0.002270 0.436177
vt 0.002270 0.374034
vt 0.052039 0.374034
vt 0.002270 0.436177
vt 0.052039 0.436177
vt 0.498439 0.374034
vt 0.002270 0.374034
vt 0.498439 0.312831
vt 0.002270 0.312831
vt 0.498439 0.374034
vt 0.449427 0.374034
vt 0.498439 0.312831
vt 0.449427 0.312831
vt 0.498439 0.436177
vt 0.449427 0.436177
vt 0.498439 0.374034
vt 0.449427 0.374034
vt 0.498439 0.497872
vt 0.449427 0.497872
vt 0.498439 0.436177
vt 0.449427 0.436177
vt 0.002270 0.374034
vt 0.498439 0.374034
vt 0.002270 0.312831
vt 0.498439 0.312831
vt 0.002270 0.436177
vt 0.498439 0.436177
vt 0.002270 0.497872
vt 0.498439 0.497872
vt 0.002270 0.301216
vt 0.498439 0.301216
vt 0.002270 0.312831
vt 0.498439 0.312831
vt 0.498439 0.436177
vt 0.002270 0.436177
vt 0.498439 0.374034
vt 0.002270 0.374034
vt 0.002270 0.436177
vt 0.498439 0.436177
vt 0.002270 0.497872
vt 0.498439 0.497872
vt 0.498439 0.374034
vt 0.002270 0.374034
vt 0.498439 0.312831
vt 0.002270 0.312831
vt 0.002270 0.301216
vt 0.498439 0.301216
vt 0.002270 0.312831
vt 0.498439 0.312831
vt 0.498439 0.436177
vt 0.002270 0.436177
vt 0.498439 0.374034
vt 0.002270 0.374034
vt 0.002270 0.436177
vt 0.498439 0.436177
vt 0.002270 0.374034
vt 0.498439 0.374034
vt 0.002270 0.374034
vt 0.498439 0.374034
vt 0.002270 0.436177
vt 0.498439 0.436177
vt 0.449427 0.374034
vt 0.449427 0.436177
vt 0.498439 0.374034
vt 0.498439 0.436177
vt 0.002270 0.497872
vt 0.002270 0.436177
vt 0.498439 0.497872
vt 0.498439 0.436177
vt 0.449427 0.436177
vt 0.449427 0.374034
vt 0.498439 0.436177
vt 0.498439 0.374034
vt 0.052039 0.312831
vt 0.052039 0.374034
vt 0.002270 0.312831
vt 0.002270 0.374034
vt 0.498439 0.497872
vt 0.498439 0.436177
vt 0.002270 0.497872
vt 0.002270 0.436177
vt 0.449427 0.497872
vt 0.449427 0.436177
vt 0.498439 0.497872
vt 0.498439 0.436177
vt 0.449427 0.436177
vt 0.449427 0.374034
vt 0.498439 0.436177
vt 0.498439 0.374034
vt 0.449427 0.374034
vt 0.449427 0.312831
vt 0.498439 0.374034
vt 0.498439 0.312831
vt 0.002270 0.312831
vt 0.002270 0.374034
vt 0.498439 0.312831
vt 0.498439 0.374034
vt 0.002270 0.436177
vt 0.002270 0.374034
vt 0.052039 0.436177
vt 0.052039 0.374034
vt 0.498439 0.497872
vt 0.002270 0.497872
vt 0.498439 0.436177
vt 0.002270 0.436177
vt 0.002270 0.312831
vt 0.498439 0.312831
vt 0.002270 0.374034
vt 0.498439 0.374034
vt 0.002270 0.497872
vt 0.002270 0.436177
vt 0.052039 0.497872
vt 0.052039 0.436177
vt 0.498439 0.312831
vt 0.498439 0.374034
vt 0.002270 0.312831
vt 0.002270 0.374034
vt 0.498439 0.312831
vt 0.498439 0.301216
vt 0.002270 0.312831
vt 0.002270 0.301216
vt 0.002270 0.312831
vt 0.002270 0.301216
vt 0.498439 0.312831
vt 0.498439 0.301216
vt 0.002270 0.312831
vt 0.002270 0.301216
vt 0.498439 0.312831
vt 0.498439 0.301216
vt 0.002270 0.436177
vt 0.498439 0.436177
vt 0.002270 0.374034
vt 0.498439 0.374034
vt 0.052039 0.436177
vt 0.052039 0.374034
vt 0.002270 0.436177
vt 0.002270 0.374034
vt 0.002270 0.312831
vt 0.002270 0.374034
vt 0.498439 0.312831
vt 0.498439 0.374034
vt 0.052039 0.374034
vt 0.052039 0.436177
vt 0.002270 0.374034
vt 0.002270 0.436177
vt 0.052039 0.497872
vt 0.052039 0.436177
vt 0.002270 0.497872
vt 0.002270 0.436177
vt 0.449427 0.312831
vt 0.449427 0.374034
vt 0.498439 0.312831
vt 0.498439 0.374034
vt 0.449427 0.374034
vt 0.449427 0.436177
vt 0.498439 0.374034
vt 0.498439 0.436177
vt 0.449427 0.436177
vt 0.449427 0.497872
vt 0.498439 0.436177
vt 0.498439 0.497872
vt 0.002270 0.374034
vt 0.002270 0.436177
vt 0.052039 0.374034
vt 0.052039 0.436177
vt 0.002270 0.312831
vt 0.002270 0.374034
vt 0.052039 0.312831
vt 0.052039 0.374034
vt 0.498439 0.497872
vt 0.498439 0.436177
vt 0.002270 0.497872
vt 0.002270 0.436177
vt 0.498439 0.312831
vt 0.498439 0.301216
vt 0.002270 0.312831
vt 0.002270 0.301216
vt 0.002270 0.436177
vt 0.002270 0.374034
vt 0.498439 0.436177
vt 0.498439 0.374034
vt 0.002270 0.497872
vt 0.002270 0.436177
vt 0.498439 0.497872
vt 0.498439 0.436177
vt 0.498439 0.312831
vt 0.498439 0.374034
vt 0.002270 0.312831
vt 0.002270 0.374034
vt 0.002270 0.312831
vt 0.002270 0.301216
vt 0.498439 0.312831
vt 0.498439 0.301216
vt 0.002270 0.374034
vt 0.002270 0.436177
vt 0.498439 0.374034
vt 0.498439 0.436177
vt 0.002270 0.312831
vt 0.002270 0.374034
vt 0.498439 0.312831
vt 0.498439 0.374034
vt 0.498439 0.497872
vt 0.498439 0.436177
vt 0.002270 0.497872
vt 0.002270 0.436177
vt 0.498439 0.312831
vt 0.498439 0.301216
vt 0.002270 0.312831
vt 0.002270 0.301216
vt 0.498439 0.374034
vt 0.498439 0.436177
vt 0.002270 0.374034
vt 0.002270 0.436177
vt 0.002270 0.374034
vt 0.002270 0.436177
vt 0.498439 0.374034
vt 0.498439 0.436177
vt 0.498439 0.497872
vt 0.498439 0.436177
vt 0.002270 0.497872
vt 0.002270 0.436177
vt 0.002270 0.312831
vt 0.002270 0.374034
vt 0.498439 0.312831
vt 0.498439 0.374034
vt 0.498439 0.436177
vt 0.498439 0.497872
vt 0.002270 0.436177
vt 0.002270 0.497872
vt 0.002270 0.374034
vt 0.002270 0.312831
vt 0.498439 0.374034
vt 0.498439 0.312831
vt 0.498439 0.312831
vt 0.498439 0.301216
vt 0.002270 0.312831
vt 0.002270 0.301216
vt 0.002270 0.312831
vt 0.002270 0.301216
vt 0.498439 0.312831
vt 0.498439 0.301216
vt 0.002270 0.374034
vt 0.002270 0.436177
vt 0.498439 0.374034
vt 0.498439 0.436177
vt 0.498439 0.374034
vt 0.498439 0.436177
vt 0.002270 0.374034
vt 0.002270 0.436177
vt 0.498439 0.436177
vt 0.498439 0.374034
vt 0.002270 0.436177
vt 0.002270 0.374034
vt 0.498439 0.436177
vt 0.449427 0.436177
vt 0.498439 0.374034
vt 0.449427 0.374034
vt 0.498439 0.436177
vt 0.002270 0.436177
vt 0.498439 0.497872
vt 0.002270 0.497872
vt 0.498439 0.374034
vt 0.449427 0.374034
vt 0.498439 0.436177
vt 0.449427 0.436177
vt 0.002270 0.374034
vt 0.052039 0.374034
vt 0.002270 0.312831
vt 0.052039 0.312831
vt 0.002270 0.436177
vt 0.498439 0.436177
vt 0.002270 0.497872
vt 0.498439 0.497872
vt 0.498439 0.436177
vt 0.449427 0.436177
vt 0.498439 0.497872
vt 0.449427 0.497872
vt 0.498439 0.374034
vt 0.449427 0.374034
vt 0.498439 0.436177
vt 0.449427 0.436177
vt 0.498439 0.312831
vt 0.449427 0.312831
vt 0.498439 0.374034
vt 0.449427 0.374034
vt 0.498439 0.374034
vt 0.002270 0.374034
vt 0.498439 0.312831
vt 0.002270 0.312831
vt 0.052039 0.374034
vt 0.002270 0.374034
vt 0.052039 0.436177
vt 0.002270 0.436177
vt 0.002270 0.436177
vt 0.002270 0.497872
vt 0.498439 0.436177
vt 0.498439 0.497872
vt 0.498439 0.374034
vt 0.498439 0.312831
vt 0.002270 0.374034
vt 0.002270 0.312831
vt 0.052039 0.436177
vt 0.002270 0.436177
vt 0.052039 0.497872
vt 0.002270 0.497872
vt 0.002270 0.374034
vt 0.498439 0.374034
vt 0.002270 0.312831
vt 0.498439 0.312831
vt 0.002270 0.301216
vt 0.498439 0.301216
vt 0.002270 0.312831
vt 0.498439 0.312831
vt 0.498439 0.301216
vt 0.002270 0.301216
vt 0.498439 0.312831
vt 0.002270 0.312831
vt 0.498439 0.301216
vt 0.002270 0.301216
vt 0.498439 0.312831
vt 0.002270 0.312831
vt 0.498439 0.374034
vt 0.498439 0.436177
vt 0.002270 0.374034
vt 0.002270 0.436177
vt 0.002270 0.374034
vt 0.052039 0.374034
vt 0.002270 0.436177
vt 0.052039 0.436177
vt 0.498439 0.374034
vt 0.002270 0.374034
vt 0.498439 0.312831
vt 0.002270 0.312831
vt 0.002270 0.436177
vt 0.052039 0.436177
vt 0.002270 0.374034
vt 0.052039 0.374034
vt 0.002270 0.436177
vt 0.052039 0.436177
vt 0.002270 0.497872
vt 0.052039 0.497872
vt 0.498439 0.374034
vt 0.449427 0.374034
vt 0.498439 0.312831
vt 0.449427 0.312831
vt 0.498439 0.436177
vt 0.449427 0.436177
vt 0.498439 0.374034
vt 0.449427 0.374034
vt 0.498439 0.497872
vt 0.449427 0.497872
vt 0.498439 0.436177
vt 0.449427 0.436177
vt 0.052039 0.436177
vt 0.002270 0.436177
vt 0.052039 0.374034
vt 0.002270 0.374034
vt 0.052039 0.374034
vt 0.002270 0.374034
vt 0.052039 0.312831
vt 0.002270 0.312831
vt 0.002270 0.436177
vt 0.498439 0.436177
vt 0.002270 0.497872
vt 0.498439 0.497872
vt 0.002270 0.301216
vt 0.498439 0.301216
vt 0.002270 0.312831
vt 0.498439 0.312831
vt 0.498439 0.374034
vt 0.002270 0.374034
vt 0.498439 0.436177
vt 0.002270 0.436177
vt 0.498439 0.436177
vt 0.002270 0.436177
vt 0.498439 0.497872
vt 0.002270 0.497872
vt 0.002270 0.374034
vt 0.498439 0.374034
vt 0.002270 0.312831
vt 0.498439 0.312831
vt 0.498439 0.301216
vt 0.002270 0.301216
vt 0.498439 0.312831
vt 0.002270 0.312831
vt 0.498439 0.436177
vt 0.002270 0.436177
vt 0.498439 0.374034
vt 0.002270 0.374034
vt 0.498439 0.374034
vt 0.002270 0.374034
vt 0.498439 0.312831
vt 0.002270 0.312831
vt 0.002270 0.436177
vt 0.498439 0.436177
vt 0.002270 0.497872
vt 0.498439 0.497872
vt 0.002270 0.301216
vt 0.498439 0.301216
vt 0.002270 0.312831
vt 0.498439 0.312831
vt 0.002270 0.436177
vt 0.498439 0.436177
vt 0.002270 0.374034
vt 0.498439 0.374034
vt 0.498439 0.436177
vt 0.002270 0.436177
vt 0.498439 0.374034
vt 0.002270 0.374034
vt 0.002270 0.436177
vt 0.498439 0.436177
vt 0.002270 0.497872
vt 0.498439 0.497872
vt 0.498439 0.374034
vt 0.002270 0.374034
vt 0.498439 0.312831
vt 0.002270 0.312831
vt 0.002270 0.497872
vt 0.498439 0.497872
vt 0.002270 0.436177
vt 0.498439 0.436177
vt 0.498439 0.312831
vt 0.002270 0.312831
vt 0.498439 0.374034
vt 0.002270 0.374034
vt 0.002270 0.301216
vt 0.498439 0.301216
vt 0.002270 0.312831
vt 0.498439 0.312831
vt 0.498439 0.301216
vt 0.002270 0.301216
vt 0.498439 0.312831
vt 0.002270 0.312831
vt -0.501595 0.313712
vt -0.541790 0.313712
vt -0.501595 0.250929
vt -0.541790 0.250929
vt -0.501324 -0.687065
vt -0.542830 -0.687065
vt -0.501324 -0.748595
vt -0.542830 -0.748595
vt -0.956929 -0.564076
vt -0.998302 -0.564076
vt -0.956929 -0.623646
vt -0.998302 -0.623646
vt -0.520634 -0.687066
vt -0.998302 -0.687065
vt -0.521145 -0.748595
vt -0.998302 -0.748595
vt -0.652843 0.313712
vt -0.663512 0.374580
vt -0.999018 0.313712
vt -0.999018 0.374580
vt -0.520634 -0.687066
vt -0.527286 -0.623646
vt -0.998302 -0.687065
vt -0.998302 -0.623646
vt -0.999018 0.313712
vt -0.891942 0.313712
vt -0.999018 0.250929
vt -0.888189 0.250929
vt -0.999018 0.374580
vt -0.891112 0.374580
vt -0.999018 0.313712
vt -0.891942 0.313712
vt -0.541790 0.313712
vt -0.501595 0.313712
vt -0.541790 0.250929
vt -0.501595 0.250929
vt -0.998417 -0.626054
vt -0.998417 -0.687091
vt -0.501108 -0.626054
vt -0.501108 -0.687091
vt -0.998417 -0.626054
vt -0.501108 -0.626054
vt -0.998417 -0.563170
vt -0.501108 -0.563170
vt -0.998417 -0.687091
vt -0.501108 -0.687091
vt -0.998417 -0.626054
vt -0.501108 -0.626054
vt -0.998417 -0.563170
vt -0.998417 -0.626054
vt -0.501108 -0.563170
vt -0.501108 -0.626054
vt -0.998417 -0.502133
vt -0.998417 -0.563170
vt -0.501108 -0.502133
vt -0.501108 -0.563170
vt -0.998417 -0.502133
vt -0.998417 -0.563170
vt -0.501108 -0.502133
vt -0.501108 -0.563170
vt -0.501108 -0.749974
vt -0.501108 -0.687091
vt -0.998417 -0.749974
vt -0.998417 -0.687091
vt -0.501108 -0.749974
vt -0.501108 -0.687091
vt -0.998417 -0.749974
vt -0.998417 -0.687091
vt -0.634529 -0.659192
vt -0.655022 -0.659192
vt -0.634529 -0.678841
vt -0.655022 -0.678841
vt -0.998417 -0.626054
vt -0.998417 -0.687091
vt -0.501108 -0.626054
vt -0.501108 -0.687091
vt -0.998417 -0.626054
vt -0.501108 -0.626054
vt -0.998417 -0.563170
vt -0.501108 -0.563170
vt -0.998417 -0.687091
vt -0.501108 -0.687091
vt -0.998417 -0.626054
vt -0.501108 -0.626054
vt -0.998417 -0.563170
vt -0.998417 -0.626054
vt -0.501108 -0.563170
vt -0.501108 -0.626054
vt -0.998417 -0.502133
vt -0.998417 -0.563170
vt -0.501108 -0.502133
vt -0.501108 -0.563170
vt -0.998417 -0.502133
vt -0.998417 -0.563170
vt -0.501108 -0.502133
vt -0.501108 -0.563170
vt -0.501108 -0.749974
vt -0.501108 -0.687091
vt -0.998417 -0.749974
vt -0.998417 -0.687091
vt -0.501108 -0.749974
vt -0.501108 -0.687091
vt -0.998417 -0.749974
vt -0.998417 -0.687091
vt -0.634529 -0.659192
vt -0.655022 -0.659192
vt -0.634529 -0.678841
vt -0.655022 -0.678841
vt -0.997270 1.497331
vt -0.629375 1.497331
vt -0.997270 1.435256
vt -0.627193 1.435256
vt -0.627193 1.435256
vt -0.628155 1.409332
vt -0.997270 1.435256
vt -0.997270 1.409332
vt -0.628155 1.373161
vt -0.630344 1.311908
vt -0.997270 1.373161
vt -0.997270 1.311908
vt -0.966311 1.435256
vt -0.966311 1.409332
vt -0.997270 1.435256
vt -0.997270 1.409332
vt -0.998395 0.435982
vt -0.998395 0.373491
vt -0.501695 0.435983
vt -0.501695 0.373492
vt -0.501695 0.373479
vt -0.501695 0.435971
vt -0.998395 0.373479
vt -0.998395 0.435971
vt -0.501695 0.435971
vt -0.537586 0.435977
vt -0.501695 0.373479
vt -0.537586 0.373486
vt -0.501695 0.435970
vt -0.537586 0.435966
vt -0.501695 0.373479
vt -0.537586 0.373475
vt -0.998395 0.435971
vt -0.501695 0.435971
vt -0.998395 0.497860
vt -0.501695 0.497860
vt -0.501695 0.373479
vt -0.998395 0.373479
vt -0.501695 0.312914
vt -0.998395 0.312914
vt -0.998395 0.373491
vt -0.998395 0.312918
vt -0.501695 0.373492
vt -0.501695 0.308636
vt -0.501695 0.435982
vt -0.501695 0.497860
vt -0.998395 0.435981
vt -0.998395 0.497860
vt -0.998395 0.304346
vt -0.501695 0.304347
vt -0.998395 0.312914
vt -0.501695 0.312914
vt -0.998396 0.304352
vt -0.501695 0.304352
vt -0.998395 0.312918
vt -0.501695 0.312918
vt -0.998395 0.373490
vt -0.962504 0.373490
vt -0.998395 0.435985
vt -0.962504 0.435978
vt -0.998395 0.373490
vt -0.962504 0.373494
vt -0.998395 0.435981
vt -0.962504 0.435985
vt -0.998395 0.373490
vt -0.501695 0.373491
vt -0.998395 0.435981
vt -0.501695 0.435982
vt -0.501695 0.435971
vt -0.998395 0.435971
vt -0.501695 0.373479
vt -0.998395 0.373479
vt -0.998395 0.435971
vt -0.501695 0.435971
vt -0.998395 0.497860
vt -0.501695 0.497860
vt -0.501695 0.373479
vt -0.998395 0.373479
vt -0.501695 0.312914
vt -0.998395 0.312914
vt -0.998395 0.308633
vt -0.501695 0.312918
vt -0.998395 0.373490
vt -0.501695 0.373491
vt -0.501695 0.497860
vt -0.998395 0.497860
vt -0.501695 0.435983
vt -0.998395 0.435982
vt -0.998395 0.304345
vt -0.501695 0.304346
vt -0.998395 0.312914
vt -0.501695 0.312914
vt -0.998395 0.304352
vt -0.501695 0.304352
vt -0.998395 0.312918
vt -0.501695 0.312918
vt -0.501931 1.409332
vt -0.870682 1.409332
vt -0.501931 1.435256
vt -0.870679 1.435256
vt -0.999018 0.313712
vt -0.999018 0.250929
vt -0.652843 0.313712
vt -0.650587 0.250929
vt -0.501931 1.497331
vt -0.501931 1.435256
vt -0.670513 1.497331
vt -0.669566 1.435256
vt -0.501931 1.409332
vt -0.670363 1.409332
vt -0.501931 1.435256
vt -0.669566 1.435256
vt -0.501931 1.311908
vt -0.671310 1.311908
vt -0.501931 1.373161
vt -0.670363 1.373161
vt -0.501595 0.313712
vt -0.541790 0.313712
vt -0.501595 0.250929
vt -0.541790 0.250929
vt -0.501324 -0.687065
vt -0.542830 -0.687065
vt -0.501324 -0.748595
vt -0.542830 -0.748595
vt -0.956929 -0.564076
vt -0.998302 -0.564076
vt -0.956929 -0.623646
vt -0.998302 -0.623646
vt -0.693449 -0.687066
vt -0.689035 -0.623646
vt -0.998302 -0.687065
vt -0.998302 -0.623646
vt -0.999018 0.313712
vt -0.501595 0.313712
vt -0.999018 0.250929
vt -0.501595 0.250929
vt -0.999018 0.374580
vt -0.501595 0.374580
vt -0.999018 0.313712
vt -0.501595 0.313712
vt -0.541790 0.313712
vt -0.501595 0.313712
vt -0.541790 0.250929
vt -0.501595 0.250929
vt -0.998417 -0.626054
vt -0.998417 -0.687091
vt -0.501108 -0.626054
vt -0.501108 -0.687091
vt -0.998417 -0.626054
vt -0.501108 -0.626054
vt -0.998417 -0.563170
vt -0.501108 -0.563170
vt -0.998417 -0.687091
vt -0.501108 -0.687091
vt -0.998417 -0.626054
vt -0.501108 -0.626054
vt -0.998417 -0.563170
vt -0.998417 -0.626054
vt -0.501108 -0.563170
vt -0.501108 -0.626054
vt -0.998417 -0.502133
vt -0.998417 -0.563170
vt -0.501108 -0.502133
vt -0.501108 -0.563170
vt -0.998417 -0.502133
vt -0.998417 -0.563170
vt -0.501108 -0.502133
vt -0.501108 -0.563170
vt -0.501108 -0.749974
vt -0.501108 -0.687091
vt -0.998417 -0.749974
vt -0.998417 -0.687091
vt -0.501108 -0.749974
vt -0.501108 -0.687091
vt -0.998417 -0.749974
vt -0.998417 -0.687091
vt -0.634529 -0.659192
vt -0.655022 -0.659192
vt -0.634529 -0.678841
vt -0.655022 -0.678841
vt -0.998417 -0.626054
vt -0.998417 -0.687091
vt -0.501108 -0.626054
vt -0.501108 -0.687091
vt -0.998417 -0.626054
vt -0.501108 -0.626054
vt -0.998417 -0.563170
vt -0.501108 -0.563170
vt -0.998417 -0.687091
vt -0.501108 -0.687091
vt -0.998417 -0.626054
vt -0.501108 -0.626054
vt -0.998417 -0.563170
vt -0.998417 -0.626054
vt -0.501108 -0.563170
vt -0.501108 -0.626054
vt -0.998417 -0.502133
vt -0.998417 -0.563170
vt -0.501108 -0.502133
vt -0.501108 -0.563170
vt -0.998417 -0.502133
vt -0.998417 -0.563170
vt -0.501108 -0.502133
vt -0.501108 -0.563170
vt -0.501108 -0.749974
vt -0.501108 -0.687091
vt -0.998417 -0.749974
vt -0.998417 -0.687091
vt -0.501108 -0.749974
vt -0.501108 -0.687091
vt -0.998417 -0.749974
vt -0.998417 -0.687091
vt -0.634529 -0.659192
vt -0.655022 -0.659192
vt -0.634529 -0.678841
vt -0.655022 -0.678841
vt -0.998417 -0.626054
vt -0.998417 -0.687091
vt -0.501108 -0.626054
vt -0.501108 -0.687091
vt -0.998417 -0.626054
vt -0.501108 -0.626054
vt -0.998417 -0.563170
vt -0.501108 -0.563170
vt -0.998417 -0.687091
vt -0.501108 -0.687091
vt -0.998417 -0.626054
vt -0.501108 -0.626054
vt -0.998417 -0.563170
vt -0.998417 -0.626054
vt -0.501108 -0.563170
vt -0.501108 -0.626054
vt -0.998417 -0.502133
vt -0.998417 -0.563170
vt -0.501108 -0.502133
vt -0.501108 -0.563170
vt -0.998417 -0.502133
vt -0.998417 -0.563170
vt -0.501108 -0.502133
vt -0.501108 -0.563170
vt -0.501108 -0.749974
vt -0.501108 -0.687091
vt -0.998417 -0.749974
vt -0.998417 -0.687091
vt -0.501108 -0.749974
vt -0.501108 -0.687091
vt -0.998417 -0.749974
vt -0.998417 -0.687091
vt -0.634529 -0.659192
vt -0.655022 -0.659192
vt -0.634529 -0.678841
vt -0.655022 -0.678841
vt -0.501931 1.497331
vt -0.501931 1.435256
vt -0.997270 1.497331
vt -0.997270 1.435256
vt -0.501931 1.409332
vt -0.997270 1.409332
vt -0.501931 1.435256
vt -0.997270 1.435256
vt -0.501931 1.311908
vt -0.997270 1.311908
vt -0.501931 1.373161
vt -0.997270 1.373161
vt -0.998417 -0.626054
vt -0.998417 -0.687091
vt -0.501108 -0.626054
vt -0.501108 -0.687091
vt -0.501108 -0.626054
vt -0.501108 -0.563170
vt -0.998417 -0.626054
vt -0.998417 -0.563170
vt -0.998417 -0.687091
vt -0.501108 -0.687091
vt -0.998417 -0.626054
vt -0.501108 -0.626054
vt -0.998417 -0.563170
vt -0.998417 -0.626054
vt -0.501108 -0.563170
vt -0.501108 -0.626054
vt -0.998417 -0.502133
vt -0.998417 -0.563170
vt -0.501108 -0.502133
vt -0.501108 -0.563170
vt -0.998417 -0.502133
vt -0.998417 -0.563170
vt -0.501108 -0.502133
vt -0.501108 -0.563170
vt -0.501108 -0.749974
vt -0.501108 -0.687091
vt -0.998417 -0.749974
vt -0.998417 -0.687091
vt -0.501108 -0.749974
vt -0.501108 -0.687091
vt -0.998417 -0.749974
vt -0.998417 -0.687091
vt -0.634529 -0.659192
vt -0.655022 -0.659192
vt -0.634529 -0.678841
vt -0.655022 -0.678841
vt -0.998302 -0.748595
vt -0.693951 -0.748595
vt -0.998302 -0.687065
vt -0.693449 -0.687066
vt -0.998395 0.435982
vt -0.998395 0.373491
vt -0.501695 0.435983
vt -0.501695 0.373492
vt -0.501695 0.435971
vt -0.537586 0.435977
vt -0.501695 0.373479
vt -0.537586 0.373486
vt -0.501695 0.435970
vt -0.537586 0.435966
vt -0.501695 0.373479
vt -0.537586 0.373475
vt 0.461044 0.437111
vt 0.497096 0.437111
vt 0.461044 0.500000
vt 0.497096 0.499999
vt -0.998395 0.435971
vt -0.501695 0.435971
vt -0.998395 0.497860
vt -0.501695 0.497860
vt 0.497096 0.437111
vt 0.461044 0.437111
vt 0.497096 0.374747
vt 0.461044 0.374748
vt -0.998395 0.373491
vt -0.998395 0.312918
vt -0.501695 0.373492
vt -0.501695 0.308636
vt 0.497096 0.374747
vt 0.461044 0.374748
vt 0.497096 0.313518
vt 0.461044 0.308883
vt -0.998395 0.304346
vt -0.501695 0.304347
vt -0.998395 0.312914
vt -0.501695 0.312914
vt 0.247746 0.304249
vt 0.039725 0.304249
vt 0.247746 0.313517
vt 0.039725 0.313517
vt -0.998395 0.373490
vt -0.962504 0.373490
vt -0.998395 0.435985
vt -0.962504 0.435978
vt -0.998395 0.373490
vt -0.962504 0.373494
vt -0.998395 0.435981
vt -0.962504 0.435985
vt 0.461044 0.437111
vt 0.497096 0.437111
vt 0.461044 0.500000
vt 0.497096 0.499999
vt 0.497096 0.437111
vt 0.461044 0.437111
vt 0.497096 0.374747
vt 0.461044 0.374748
vt 0.497096 0.374747
vt 0.461044 0.374748
vt 0.497096 0.313518
vt 0.461044 0.313517
vt 0.461044 0.304249
vt 0.247746 0.304249
vt 0.461044 0.313517
vt 0.247746 0.313517
vt -0.501695 0.435971
vt -0.998395 0.435971
vt -0.501695 0.373479
vt -0.998395 0.373479
vt -0.501695 0.373479
vt -0.998395 0.373479
vt -0.501695 0.312914
vt -0.998395 0.312914
vt -0.501695 0.497860
vt -0.998395 0.497860
vt -0.501695 0.435983
vt -0.998395 0.435982
vt -0.998395 0.304352
vt -0.501695 0.304352
vt -0.998395 0.312918
vt -0.501695 0.312918
vt 0.497833 0.311924
vt 0.497833 0.249781
vt 0.001235 0.311924
vt 0.001235 0.249781
vt 0.001235 0.498354
vt 0.497833 0.498354
vt 0.001235 0.436211
vt 0.497833 0.436211
vt 0.497833 0.311924
vt 0.001235 0.311924
vt 0.497833 0.374067
vt 0.001235 0.374067
vt 0.001235 0.436211
vt 0.497833 0.436211
vt 0.001235 0.374067
vt 0.497833 0.374067
vt 0.393470 0.315121
vt 0.393470 0.371071
vt 0.445179 0.315121
vt 0.445179 0.371071
vt 0.001235 0.249781
vt 0.497833 0.249781
vt 0.001235 0.311924
vt 0.497833 0.311924
vt 0.497833 0.436211
vt 0.497833 0.498354
vt 0.001235 0.436211
vt 0.001235 0.498354
vt 0.001235 0.374067
vt 0.001235 0.311924
vt 0.497833 0.374067
vt 0.497833 0.311924
vt 0.497833 0.374067
vt 0.497833 0.436211
vt 0.001235 0.374067
vt 0.001235 0.436211
vt 0.445179 0.371071
vt 0.393470 0.371071
vt 0.445179 0.315121
vt 0.393470 0.315121
vt 0.445179 0.371071
vt 0.393470 0.371071
vt 0.445179 0.315121
vt 0.393470 0.315121
vt 0.445179 0.371071
vt 0.393470 0.371071
vt 0.445179 0.315121
vt 0.393470 0.315121
vt 0.393470 0.315121
vt 0.393470 0.371071
vt 0.445179 0.315121
vt 0.445179 0.371071
vt 0.393470 0.315121
vt 0.393470 0.371071
vt 0.445179 0.315121
vt 0.445179 0.371071
vt 0.497833 0.311924
vt 0.497833 0.249781
vt 0.001235 0.311924
vt 0.001235 0.249781
vt 0.001235 0.498354
vt 0.497833 0.498354
vt 0.001235 0.436211
vt 0.497833 0.436211
vt 0.497833 0.311924
vt 0.001235 0.311924
vt 0.497833 0.374067
vt 0.001235 0.374067
vt 0.001235 0.436211
vt 0.497833 0.436211
vt 0.001235 0.374067
vt 0.497833 0.374067
vt 0.393470 0.315121
vt 0.393470 0.371071
vt 0.445179 0.315121
vt 0.445179 0.371071
vt 0.001235 0.249781
vt 0.497833 0.249781
vt 0.001235 0.311924
vt 0.497833 0.311924
vt 0.497833 0.436211
vt 0.497833 0.498354
vt 0.001235 0.436211
vt 0.001235 0.498354
vt 0.001235 0.374067
vt 0.001235 0.311924
vt 0.497833 0.374067
vt 0.497833 0.311924
vt 0.497833 0.374067
vt 0.497833 0.436211
vt 0.001235 0.374067
vt 0.001235 0.436211
vt 0.445179 0.371071
vt 0.393470 0.371071
vt 0.445179 0.315121
vt 0.393470 0.315121
vt 0.001235 0.249781
vt 0.497833 0.249781
vt 0.001235 0.311924
vt 0.497833 0.311924
vt 0.497833 0.436211
vt 0.497833 0.498354
vt 0.001235 0.436211
vt 0.001235 0.498354
vt 0.001235 0.374067
vt 0.001235 0.311924
vt 0.497833 0.374067
vt 0.497833 0.311924
vt 0.497833 0.374067
vt 0.497833 0.436211
vt 0.001235 0.374067
vt 0.001235 0.436211
vt 0.445179 0.371071
vt 0.393470 0.371071
vt 0.445179 0.315121
vt 0.393470 0.315121
vt 0.497833 0.311924
vt 0.497833 0.249781
vt 0.001235 0.311924
vt 0.001235 0.249781
vt 0.001235 0.498354
vt 0.497833 0.498354
vt 0.001235 0.436211
vt 0.497833 0.436211
vt 0.497833 0.311924
vt 0.001235 0.311924
vt 0.497833 0.374067
vt 0.001235 0.374067
vt 0.001235 0.436211
vt 0.497833 0.436211
vt 0.001235 0.374067
vt 0.497833 0.374067
vt 0.393470 0.315121
vt 0.393470 0.371071
vt 0.445179 0.315121
vt 0.445179 0.371071
vt -0.501931 1.311908
vt -0.997270 1.311908
vt -0.501931 1.373161
vt -0.997270 1.373161
vt -0.501931 1.409332
vt -0.997270 1.409332
vt -0.501931 1.435256
vt -0.997270 1.435256
vt -0.000000 0.437607
vt 0.197252 0.437611
vt 0.000000 0.375869
vt 0.197252 0.375869
vt 0.498114 -0.688724
vt 0.498114 -0.626207
vt 0.043490 -0.688724
vt 0.043490 -0.626207
vt 0.456812 -0.688724
vt 0.456812 -0.626207
vt 0.002158 -0.688724
vt 0.002158 -0.626207
vt 0.405630 -0.562746
vt 0.405630 -0.501918
vt 0.042276 -0.562744
vt 0.042276 -0.501918
vt 0.456812 -0.501918
vt 0.150986 -0.501918
vt 0.456812 -0.562744
vt 0.150986 -0.562745
vt 0.498114 -0.688725
vt 0.498114 -0.626207
vt 0.043490 -0.688726
vt 0.043490 -0.626207
vt 0.456812 -0.688725
vt 0.456812 -0.626207
vt 0.002157 -0.688725
vt 0.002157 -0.626207
vt 0.197252 0.437611
vt 0.238877 0.437611
vt 0.197252 0.375869
vt 0.238877 0.375869
vt -0.998417 -0.626054
vt -0.998417 -0.687091
vt -0.501108 -0.626054
vt -0.501108 -0.687091
vt -0.998417 -0.626054
vt -0.501108 -0.626054
vt -0.998417 -0.563170
vt -0.501108 -0.563170
vt -0.998417 -0.687091
vt -0.501108 -0.687091
vt -0.998417 -0.626054
vt -0.501108 -0.626054
vt -0.998417 -0.563170
vt -0.998417 -0.626054
vt -0.501108 -0.563170
vt -0.501108 -0.626054
vt -0.998417 -0.502133
vt -0.998417 -0.563170
vt -0.501108 -0.502133
vt -0.501108 -0.563170
vt -0.998417 -0.502133
vt -0.998417 -0.563170
vt -0.501108 -0.502133
vt -0.501108 -0.563170
vt -0.501108 -0.749974
vt -0.501108 -0.687091
vt -0.998417 -0.749974
vt -0.998417 -0.687091
vt -0.501108 -0.749974
vt -0.501108 -0.687091
vt -0.998417 -0.749974
vt -0.998417 -0.687091
vt -0.634529 -0.659192
vt -0.655022 -0.659192
vt -0.634529 -0.678841
vt -0.655022 -0.678841
vt -0.998417 -0.626054
vt -0.998417 -0.687091
vt -0.501108 -0.626054
vt -0.501108 -0.687091
vt -0.998417 -0.626054
vt -0.501108 -0.626054
vt -0.998417 -0.563170
vt -0.501108 -0.563170
vt -0.998417 -0.687091
vt -0.501108 -0.687091
vt -0.998417 -0.626054
vt -0.501108 -0.626054
vt -0.998417 -0.563170
vt -0.998417 -0.626054
vt -0.501108 -0.563170
vt -0.501108 -0.626054
vt -0.998417 -0.502133
vt -0.998417 -0.563170
vt -0.501108 -0.502133
vt -0.501108 -0.563170
vt -0.998417 -0.502133
vt -0.998417 -0.563170
vt -0.501108 -0.502133
vt -0.501108 -0.563170
vt -0.501108 -0.749974
vt -0.501108 -0.687091
vt -0.998417 -0.749974
vt -0.998417 -0.687091
vt -0.501108 -0.749974
vt -0.501108 -0.687091
vt -0.998417 -0.749974
vt -0.998417 -0.687091
vt -0.634529 -0.659192
vt -0.655022 -0.659192
vt -0.634529 -0.678841
vt -0.655022 -0.678841
vt -0.998417 -0.626054
vt -0.998417 -0.687091
vt -0.501108 -0.626054
vt -0.501108 -0.687091
vt -0.998417 -0.626054
vt -0.501108 -0.626054
vt -0.998417 -0.563170
vt -0.501108 -0.563170
vt -0.998417 -0.687091
vt -0.501108 -0.687091
vt -0.998417 -0.626054
vt -0.501108 -0.626054
vt -0.998417 -0.563170
vt -0.998417 -0.626054
vt -0.501108 -0.563170
vt -0.501108 -0.626054
vt -0.998417 -0.502133
vt -0.998417 -0.563170
vt -0.501108 -0.502133
vt -0.501108 -0.563170
vt -0.998417 -0.502133
vt -0.998417 -0.563170
vt -0.501108 -0.502133
vt -0.501108 -0.563170
vt -0.501108 -0.749974
vt -0.501108 -0.687091
vt -0.998417 -0.749974
vt -0.998417 -0.687091
vt -0.501108 -0.749974
vt -0.501108 -0.687091
vt -0.998417 -0.749974
vt -0.998417 -0.687091
vt -0.634529 -0.659192
vt -0.655022 -0.659192
vt -0.634529 -0.678841
vt -0.655022 -0.678841
vt -0.998417 -0.626054
vt -0.998417 -0.687091
vt -0.501108 -0.626054
vt -0.501108 -0.687091
vt -0.998417 -0.626054
vt -0.501108 -0.626054
vt -0.998417 -0.563170
vt -0.501108 -0.563170
vt -0.998417 -0.687091
vt -0.501108 -0.687091
vt -0.998417 -0.626054
vt -0.501108 -0.626054
vt -0.998417 -0.563170
vt -0.998417 -0.626054
vt -0.501108 -0.563170
vt -0.501108 -0.626054
vt -0.998417 -0.502133
vt -0.998417 -0.563170
vt -0.501108 -0.502133
vt -0.501108 -0.563170
vt -0.998417 -0.502133
vt -0.998417 -0.563170
vt -0.501108 -0.502133
vt -0.501108 -0.563170
vt -0.501108 -0.749974
vt -0.501108 -0.687091
vt -0.998417 -0.749974
vt -0.998417 -0.687091
vt -0.501108 -0.749974
vt -0.501108 -0.687091
vt -0.998417 -0.749974
vt -0.998417 -0.687091
vt -0.634529 -0.659192
vt -0.655022 -0.659192
vt -0.634529 -0.678841
vt -0.655022 -0.678841
vt -0.998417 -0.626054
vt -0.998417 -0.687091
vt -0.501108 -0.626054
vt -0.501108 -0.687091
vt -0.998417 -0.626054
vt -0.501108 -0.626054
vt -0.998417 -0.563170
vt -0.501108 -0.563170
vt -0.998417 -0.687091
vt -0.501108 -0.687091
vt -0.998417 -0.626054
vt -0.501108 -0.626054
vt -0.998417 -0.563170
vt -0.998417 -0.626054
vt -0.501108 -0.563170
vt -0.501108 -0.626054
vt -0.998417 -0.502133
vt -0.998417 -0.563170
vt -0.501108 -0.502133
vt -0.501108 -0.563170
vt -0.998417 -0.502133
vt -0.998417 -0.563170
vt -0.501108 -0.502133
vt -0.501108 -0.563170
vt -0.501108 -0.749974
vt -0.501108 -0.687091
vt -0.998417 -0.749974
vt -0.998417 -0.687091
vt -0.998417 -0.749974
vt -0.501108 -0.749974
vt -0.998417 -0.687091
vt -0.501108 -0.687091
vt -0.634529 -0.659192
vt -0.655022 -0.659192
vt -0.634529 -0.678841
vt -0.655022 -0.678841
vt -0.998417 -0.626054
vt -0.998417 -0.687091
vt -0.501108 -0.626054
vt -0.501108 -0.687091
vt -0.998417 -0.626054
vt -0.501108 -0.626054
vt -0.998417 -0.563170
vt -0.501108 -0.563170
vt -0.998417 -0.687091
vt -0.501108 -0.687091
vt -0.998417 -0.626054
vt -0.501108 -0.626054
vt -0.998417 -0.563170
vt -0.998417 -0.626054
vt -0.501108 -0.563170
vt -0.501108 -0.626054
vt -0.998417 -0.502133
vt -0.998417 -0.563170
vt -0.501108 -0.502133
vt -0.501108 -0.563170
vt -0.998417 -0.502133
vt -0.998417 -0.563170
vt -0.501108 -0.502133
vt -0.501108 -0.563170
vt -0.501108 -0.749974
vt -0.501108 -0.687091
vt -0.998417 -0.749974
vt -0.998417 -0.687091
vt -0.501108 -0.749974
vt -0.501108 -0.687091
vt -0.998417 -0.749974
vt -0.998417 -0.687091
vt -0.634529 -0.659192
vt -0.655022 -0.659192
vt -0.634529 -0.678841
vt -0.655022 -0.678841
vt -0.501931 1.497331
vt -0.501931 1.435256
vt -0.997270 1.497331
vt -0.997270 1.435256
vt -0.501931 1.435256
vt -0.501931 1.409332
vt -0.997270 1.435256
vt -0.997270 1.409332
vt -0.501931 1.373161
vt -0.501931 1.311908
vt -0.997270 1.373161
vt -0.997270 1.311908
vt -0.501931 1.435256
vt -0.997270 1.435256
vt -0.501931 1.497331
vt -0.997270 1.497331
vt 0.044775 0.505998
vt 0.164172 0.977688
vt 0.047376 0.874277
vt 0.048290 0.993326
vt 0.347154 0.964829
vt 0.320677 0.964829
vt 0.347155 0.939130
vt 0.366541 0.526597
vt 0.326115 0.498018
vt 0.000000 0.000000
vt 0.000000 0.123669
vt 0.122613 0.000000
vt 0.019557 0.123669
vt 0.122613 0.020940
vt 0.122613 0.020940
vt 0.019557 0.123669
vt 0.122613 0.000000
vt 0.000000 0.123669
vt 0.000000 0.000000
vt 0.000000 0.500000
vt 0.000000 0.437611
vt 0.098626 0.500000
vt 0.197252 0.437611
vt 0.197252 0.500000
vt 0.197252 0.500000
vt 0.197252 0.437611
vt 0.098627 0.500000
vt -0.000000 0.437607
vt -0.000000 0.500000
vt 0.122613 0.020940
vt 0.019557 0.123669
vt 0.122613 0.000000
vt 0.000000 0.123669
vt 0.000000 0.000000
vt 0.000000 0.000000
vt 0.000000 0.123669
vt 0.122613 0.000000
vt 0.019557 0.123669
vt 0.122613 0.020940
vt 0.065974 0.752905
vt 0.087764 0.752905
vt 0.065974 0.773323
vt 0.498262 0.997923
vt 0.020160 0.997923
vt 0.498262 0.767436
vt 0.381701 0.773550
vt 0.364288 0.727589
vt 0.805574 1.507234
vt 0.805254 1.584065
vt 0.739781 1.507234
vt 0.717926 1.584871
vt 0.715756 1.507234
vt 0.725035 1.776663
vt 0.722937 1.720071
vt 0.762627 1.685060
vt 0.813133 1.772123
vt 0.067534 0.722902
vt 0.325884 0.752903
vt 0.049055 0.773763
vt 0.002275 0.997923
vt 0.002275 0.767436
vt 0.390295 0.997923
vt 0.347035 0.773321
vt 0.347035 0.752903
vt 0.497833 0.498354
vt 0.497833 0.436211
vt 0.249534 0.498354
vt 0.249534 0.436211
vt 0.125384 0.498354
vt 0.125384 0.436211
vt 0.497833 0.436211
vt 0.497833 0.374067
vt 0.249534 0.436211
vt 0.249534 0.374067
vt 0.125384 0.436211
vt 0.125384 0.374067
vt -0.998302 -0.501867
vt -0.998302 -0.564076
vt -0.799511 -0.501867
vt -0.799511 -0.564076
vt -0.501324 -0.501867
vt -0.501324 -0.564076
vt 0.497833 0.498354
vt 0.497833 0.436211
vt 0.249534 0.498354
vt 0.249534 0.436211
vt 0.001235 0.498354
vt 0.001235 0.436211
vt 0.001235 0.311924
vt 0.001235 0.374067
vt 0.249534 0.311924
vt 0.249534 0.374067
vt 0.497833 0.311924
vt 0.497833 0.374067
vt 0.497833 0.436211
vt 0.497833 0.374067
vt 0.249534 0.436211
vt 0.249534 0.374067
vt 0.001235 0.436211
vt 0.001235 0.374067
vt -0.970087 -0.501867
vt -0.974100 -0.564076
vt -0.799511 -0.501867
vt -0.799511 -0.564076
vt -0.501324 -0.501867
vt -0.501324 -0.564076
vt -0.650000 2.000000
vt -0.824753 1.999999
vt -0.649999 1.755401
vt -0.824752 1.755400
vt -0.649998 1.510802
vt -0.824751 1.510801
vt 0.000000 0.375869
vt 0.197252 0.375869
vt 0.000000 0.437611
vt 0.197252 0.437611
vt 0.238877 0.375869
vt 0.238877 0.437611
vt 0.002158 -0.750000
vt 0.456813 -0.750000
vt 0.002158 -0.688724
vt 0.456812 -0.688724
vt 0.498114 -0.750000
vt 0.498114 -0.688724
vt 0.002158 -0.626207
vt 0.042276 -0.626207
vt 0.002158 -0.562744
vt 0.042276 -0.562744
vt 0.406190 -0.626207
vt 0.405630 -0.562746
vt 0.002158 -0.750000
vt 0.043490 -0.750000
vt 0.002158 -0.688724
vt 0.043490 -0.688726
vt 0.498114 -0.750000
vt 0.498114 -0.688725
vt 0.002158 -0.750000
vt 0.456813 -0.750000
vt 0.002157 -0.688725
vt 0.456812 -0.688725
vt 0.498114 -0.750000
vt 0.498114 -0.688724
vt 0.002158 -0.750000
vt 0.043490 -0.750000
vt 0.002158 -0.688724
vt 0.043490 -0.688724
vt 0.498114 -0.750000
vt 0.498114 -0.688724
vt -0.974341 -0.623646
vt -0.799511 -0.623646
vt -0.974100 -0.564076
vt -0.799511 -0.564076
vt -0.501324 -0.623646
vt -0.501324 -0.564076
vt 0.039725 0.313517
vt 0.247746 0.313517
vt 0.039725 0.304249
vt 0.247746 0.304249
vt 0.461044 0.313517
vt 0.461044 0.304249
vt 0.039725 0.313517
vt 0.247746 0.313517
vt 0.039725 0.304249
vt 0.247746 0.304249
vt 0.461044 0.313517
vt 0.461044 0.304249
vt 0.150986 -0.562745
vt 0.150543 -0.626207
vt 0.456812 -0.562744
vt 0.456812 -0.626207
vt 0.498114 -0.626207
vt 0.498114 -0.562744
vt -0.998302 -0.623646
vt -0.799511 -0.623646
vt -0.998302 -0.564076
vt -0.799511 -0.564076
vt -0.501324 -0.623646
vt -0.501324 -0.564076
vt 0.247746 0.374748
vt 0.247746 0.437111
vt 0.039725 0.374748
vt 0.039725 0.437111
vt 0.003012 0.437111
vt 0.003012 0.374747
vt 0.247746 0.374748
vt 0.039725 0.374748
vt 0.247746 0.313517
vt 0.039725 0.308883
vt 0.003012 0.374747
vt 0.003012 0.313517
vt 0.003012 0.437111
vt 0.039725 0.437111
vt 0.003012 0.500000
vt 0.039725 0.500000
vt 0.247746 0.437111
vt 0.247746 0.500000
vt 0.247746 0.374748
vt 0.247746 0.437111
vt 0.039725 0.374748
vt 0.039725 0.437111
vt 0.003012 0.437111
vt 0.003012 0.374747
vt 0.247746 0.374748
vt 0.039725 0.374748
vt 0.247746 0.313517
vt 0.039725 0.313517
vt 0.003012 0.374747
vt 0.003012 0.313517
vt 0.003012 0.437111
vt 0.039725 0.437111
vt 0.003012 0.500000
vt 0.039725 0.500000
vt 0.247746 0.437111
vt 0.247746 0.500000
vt -0.649998 1.989198
vt -0.824751 1.989199
vt -0.649999 1.744599
vt -0.824752 1.744600
vt -0.824753 1.500001
vt -0.650000 1.500000
vt -0.650000 2.000000
vt -0.649999 1.755401
vt -0.824753 1.999999
vt -0.824752 1.755400
vt -0.649998 1.510802
vt -0.824751 1.510801
vt -0.650000 1.500000
vt -0.824753 1.500001
vt -0.649999 1.744599
vt -0.824752 1.744600
vt -0.824751 1.989199
vt -0.649998 1.989198
vt 1.162484 0.981214
vt 1.162483 0.746878
vt 1.330511 0.981214
vt 1.330510 0.746877
vt 1.162482 0.512541
vt 1.330509 0.512540
vt 0.497833 0.498354
vt 0.249534 0.498354
vt 0.497833 0.436211
vt 0.249534 0.436211
vt 0.125384 0.498354
vt 0.125384 0.436211
vt 0.497833 0.436211
vt 0.249534 0.436211
vt 0.497833 0.374067
vt 0.249534 0.374067
vt 0.125384 0.436211
vt 0.125384 0.374067
vt 0.125384 0.374067
vt 0.125384 0.311924
vt 0.249534 0.374067
vt 0.249534 0.311924
vt 0.497833 0.311924
vt 0.497833 0.374067
vt 0.497833 0.249781
vt 0.497833 0.311924
vt 0.249534 0.249781
vt 0.249534 0.311924
vt 0.001235 0.311924
vt 0.001235 0.249781
vt 0.497833 0.498354
vt 0.249534 0.498354
vt 0.497833 0.436211
vt 0.249534 0.436211
vt 0.001235 0.498354
vt 0.001235 0.436211
vt 0.001235 0.311924
vt 0.249534 0.311924
vt 0.001235 0.374067
vt 0.249534 0.374067
vt 0.497833 0.311924
vt 0.497833 0.374067
vt 0.497833 0.436211
vt 0.249534 0.436211
vt 0.497833 0.374067
vt 0.249534 0.374067
vt 0.001235 0.436211
vt 0.001235 0.374067
vt 0.497833 0.374067
vt 0.497833 0.311924
vt 0.249534 0.374067
vt 0.249534 0.311924
vt 0.125384 0.311924
vt 0.125384 0.374067
vt 0.001235 0.249781
vt 0.001235 0.311924
vt 0.249534 0.249781
vt 0.249534 0.311924
vt 0.497833 0.311924
vt 0.497833 0.249781
vt 1.162484 0.981214
vt 1.330511 0.981214
vt 1.162483 0.746878
vt 1.330510 0.746877
vt 1.162482 0.512541
vt 1.330509 0.512540
vt 0.665018 0.568748
vt 0.722137 0.765742
vt 0.661199 0.737019
vt 0.725019 0.885504
vt 0.673794 0.936385
vt 0.992894 0.991701
vt 0.936250 0.930472
vt 0.992894 0.942531
vt 0.992172 0.869823
vt 0.928621 0.845328
vt 0.989440 0.684395
vt 0.921623 0.592021
vt 0.988013 0.598042
vt 0.981654 0.540019
vt 0.920420 0.532166
vt 0.961195 0.500000
vt 0.669589 0.500000
vt 0.390295 0.502016
vt 0.416002 0.796379
vt 0.002275 0.502016
vt 0.416002 0.816797
vt 0.002275 0.902407
vt 0.360017 0.877884
vt 0.361624 0.891724
vt -0.750000 -0.757588
vt -0.500000 -0.757588
vt -0.625000 -0.878794
vt -0.500000 -1.000000
vt -0.750000 -1.000000
vt -0.750000 -0.757588
vt -0.500000 -0.757588
vt -0.625000 -0.878794
vt -0.500000 -1.000000
vt -0.750000 -1.000000
vt 0.146457 0.918088
vt 0.138833 0.903456
vt 0.498262 0.902407
vt 0.065976 0.830678
vt 0.065976 0.810259
vt 0.498262 0.502016
vt 0.020160 0.502016
vt 0.497833 0.249781
vt 0.497833 0.311924
vt 0.249534 0.249781
vt 0.249534 0.311924
vt 0.125384 0.249781
vt 0.125384 0.311924
vt 0.094347 0.249781
vt 0.094347 0.311924
vt 0.365568 0.624593
vt 0.342687 0.625188
vt 0.366149 0.646639
vt 0.148493 0.672341
vt 0.453762 0.892998
vt 0.455528 0.998343
vt 0.005121 0.998343
vt 0.038462 0.656632
vt 0.497833 0.249781
vt 0.249534 0.249781
vt 0.497833 0.311924
vt 0.249534 0.311924
vt 0.125384 0.249781
vt 0.125384 0.311924
vt 0.094347 0.249781
vt 0.094347 0.311924
vt 0.498022 1.907895
vt 0.498022 1.926536
vt 0.408990 1.895063
vt 0.295881 1.930762
vt 0.299601 1.849882
vt 0.370441 1.844259
vt 0.407650 1.841306
vt 0.498022 1.972738
vt 0.256702 1.975147
vt 0.248604 1.810872
vt 0.294424 1.806743
vt 0.369741 1.799784
vt 0.410269 1.796040
vt 0.090090 0.895104
vt 0.192861 0.887694
vt 0.099258 0.787186
vt 0.195743 0.767931
vt 0.104899 0.624498
vt 0.210597 0.654341
vt 0.057346 0.510036
vt 0.032158 0.502190
vt 0.040851 0.606414
vt 0.032158 0.800577
vt 0.034289 0.852892
vt 0.036167 0.898992
vt 0.032158 0.975313
vt 0.244087 0.938574
vt 0.256682 0.739209
vt 0.254772 0.655073
vt 0.252863 0.570938
vt 0.497096 0.499999
vt 0.461044 0.500000
vt 0.497096 0.437111
vt 0.461044 0.437111
vt 0.247746 0.500000
vt 0.247746 0.437111
vt 0.039725 0.500000
vt 0.039725 0.437111
vt 0.003012 0.500000
vt 0.003012 0.437111
vt 0.003012 0.374747
vt 0.039725 0.374748
vt 0.003012 0.437111
vt 0.039725 0.437111
vt 0.247746 0.437111
vt 0.247746 0.374748
vt 0.461044 0.374748
vt 0.461044 0.437111
vt 0.497096 0.374747
vt 0.497096 0.437111
vt 0.003012 0.374747
vt 0.039725 0.374748
vt 0.003012 0.437111
vt 0.039725 0.437111
vt 0.247746 0.437111
vt 0.247746 0.374748
vt 0.461044 0.374748
vt 0.461044 0.437111
vt 0.497096 0.374747
vt 0.497096 0.437111
vt 0.497096 0.499999
vt 0.461044 0.500000
vt 0.497096 0.437111
vt 0.461044 0.437111
vt 0.247746 0.500000
vt 0.247746 0.437111
vt 0.039725 0.500000
vt 0.039725 0.437111
vt 0.003012 0.500000
vt 0.003012 0.437111
vt 0.003012 0.313517
vt 0.039725 0.313517
vt 0.003012 0.374747
vt 0.039725 0.374748
vt 0.247746 0.313517
vt 0.247746 0.374748
vt 0.461044 0.313517
vt 0.461044 0.374748
vt 0.497096 0.313518
vt 0.497096 0.374747
vt 0.003012 0.374747
vt 0.003012 0.313517
vt 0.039725 0.374748
vt 0.039725 0.308883
vt 0.247746 0.313517
vt 0.247746 0.374748
vt 0.461044 0.308883
vt 0.461044 0.374748
vt 0.497096 0.313518
vt 0.497096 0.374747
vt 0.002287 1.907895
vt 0.222303 1.916779
vt 0.002287 1.926536
vt 0.002287 1.972738
vt 0.311670 1.994931
vt 0.261876 1.855234
vt 0.313133 1.772123
vt 0.225035 1.776663
vt 0.221532 1.827433
vt 0.118683 0.504214
vt 0.274503 0.504214
vt 0.138224 0.596584
vt 0.277687 0.581239
vt 0.158169 0.915986
vt 0.239281 0.907479
vt 0.161296 0.966064
vt 0.279219 0.956676
vt 0.280427 0.797825
vt 0.045392 0.504214
vt 0.070251 0.523150
vt 0.027258 0.539960
vt 0.074920 0.589224
vt 0.020047 0.582845
vt 0.016128 0.692875
vt 0.065135 0.913934
vt 0.005992 0.912629
vt 0.003562 0.997812
vt 0.502287 1.586890
vt 0.805254 1.584065
vt 0.502287 1.687411
vt 0.809194 1.678094
vt 0.813133 1.772123
vt 0.502287 1.787932
vt 0.558837 1.820467
vt 0.552456 1.944926
vt 0.502287 1.972738
vt 0.761082 1.955763
vt 0.811670 1.994931
vt 0.741166 1.825846
vn 0.0000 -1.0000 -0.0000
vn -0.1145 0.0246 -0.9931
vn -0.2207 0.0167 -0.9752
vn 0.0019 -0.0275 -0.9996
vn 0.0248 -0.9997 0.0021
vn 0.0249 -0.9997 0.0021
vn -0.3820 -0.0430 -0.9232
vn -0.3807 -0.0433 -0.9237
vn -0.3082 0.6404 -0.7035
vn -0.3072 0.6408 -0.7036
vn -0.0394 0.9981 -0.0478
vn -0.0395 0.9981 -0.0478
vn 0.3767 0.1234 0.9181
vn 0.3826 0.1240 0.9156
vn -0.9893 -0.0897 -0.1147
vn -0.9744 -0.2200 0.0463
vn -0.9920 -0.0947 -0.0837
vn 0.0247 -0.9997 -0.0018
vn -0.3808 -0.0435 0.9236
vn -0.3821 -0.0432 0.9231
vn -0.3090 0.6347 0.7083
vn -0.3099 0.6345 0.7081
vn -0.0379 0.9983 0.0442
vn -0.0378 0.9983 0.0442
vn 0.3867 0.0380 -0.9214
vn 0.3811 0.0377 -0.9237
vn -0.9976 -0.0686 0.0131
vn -0.9960 -0.0886 -0.0131
vn -0.9973 -0.0124 0.0721
vn -0.0174 -0.9997 0.0180
vn -0.0163 -0.9997 0.0167
vn -0.8313 0.0078 -0.5558
vn -0.8320 0.0074 -0.5547
vn -0.6790 0.5655 -0.4682
vn -0.3049 0.4991 -0.8111
vn -0.0004 0.9977 -0.0675
vn 0.3654 0.0649 0.9286
vn 0.3634 0.0652 0.9294
vn 0.7276 -0.1513 -0.6691
vn 0.5552 -0.0124 -0.8316
vn 0.6932 -0.1113 -0.7121
vn -0.0161 -0.9997 -0.0163
vn -0.0175 -0.9997 -0.0179
vn -0.7899 0.0105 0.6131
vn -0.7890 0.0108 0.6143
vn -0.2707 0.6261 0.7313
vn -0.5694 0.6803 0.4614
vn 0.0043 0.9985 0.0554
vn 0.3632 0.0121 -0.9316
vn 0.3654 0.0119 -0.9308
vn 0.6129 -0.0191 0.7899
vn 0.8444 -0.3483 0.4071
vn 0.7014 -0.0564 0.7105
vn -0.8919 0.4493 -0.0509
vn -0.8899 0.4533 -0.0514
vn -0.0331 0.0482 0.9983
vn 0.8899 -0.4533 0.0514
vn 0.0335 -0.0485 -0.9983
vn 0.0298 -0.0546 -0.9981
vn -0.0000 0.9781 0.2079
vn 1.0000 -0.0000 0.0000
vn 0.0000 -0.9781 -0.2079
vn -1.0000 0.0000 -0.0000
vn 0.0561 0.9984 -0.0071
vn 0.0580 0.9983 -0.0074
vn 0.1215 0.9924 -0.0166
vn 0.1245 0.0809 0.9889
vn 0.1232 0.0808 0.9891
vn 0.1114 0.0714 0.9912
vn 0.1114 0.0712 0.9912
vn -0.0573 -0.9983 0.0074
vn -0.0554 -0.9984 0.0071
vn -0.1206 -0.9926 0.0166
vn -0.0077 1.0000 0.0016
vn 0.1356 0.0814 0.9874
vn 0.1233 0.0808 0.9891
vn 0.0082 -1.0000 -0.0016
vn -0.0574 -0.9983 0.0070
vn 0.0082 0.9999 0.0123
vn 0.0085 0.9999 0.0123
vn 0.9964 0.0851 0.0014
vn 0.9964 0.0848 0.0013
vn -0.0072 -0.9999 -0.0123
vn -0.0075 -0.9999 -0.0123
vn 0.0076 1.0000 0.0000
vn 0.0077 1.0000 -0.0000
vn -0.0066 -1.0000 -0.0000
vn -0.0067 -1.0000 0.0000
vn 0.8666 -0.4962 0.0521
vn 0.8667 -0.4960 0.0532
vn 0.8683 -0.4960 -0.0068
vn 0.8683 -0.4960 -0.0061
vn -0.9781 0.2053 -0.0340
vn -0.9781 0.2051 -0.0344
vn -0.9787 0.2021 -0.0349
vn -0.9789 0.2021 -0.0309
vn -0.0068 0.0675 0.9977
vn 0.0008 0.0625 0.9980
vn -0.0363 0.0471 0.9982
vn -0.0326 0.0456 0.9984
vn -0.9791 0.2033 0.0000
vn -0.3757 -0.9019 -0.2132
vn -0.2635 -0.9383 -0.2239
vn -0.3826 -0.9133 -0.1399
vn -0.2049 -0.9692 -0.1364
vn 0.8688 -0.4912 0.0625
vn 0.8684 -0.4959 0.0000
vn 0.8690 -0.4917 0.0555
vn 0.5019 0.8649 -0.0000
vn 0.5476 0.8367 0.0000
vn 0.5163 0.8562 0.0170
vn 0.5467 0.8369 0.0262
vn -0.0311 -0.9995 -0.0087
vn -0.0870 -0.9911 0.1010
vn -0.2195 -0.9755 -0.0133
vn -0.2012 -0.9672 0.1547
vn -0.2634 -0.9383 -0.2239
vn -0.1217 -0.9870 -0.1051
vn -0.0318 -0.9981 -0.0534
vn 0.0002 0.0381 0.9993
vn -0.0364 0.0471 0.9982
vn -0.0006 0.0376 0.9993
vn 0.2614 0.9642 0.0435
vn 0.2299 0.9712 0.0617
vn 0.2813 0.9596 -0.0000
vn 0.2304 0.9731 -0.0000
vn 0.2306 0.9729 0.0159
vn 0.2295 0.9713 0.0618
vn 0.2306 0.9730 0.0110
vn 0.2614 0.9643 0.0435
vn 0.0063 0.0844 0.9964
vn 0.0338 0.0674 0.9972
vn 0.0053 0.0841 0.9964
vn 0.0329 0.0669 0.9972
vn -0.6440 -0.7647 -0.0237
vn -0.5647 -0.8251 -0.0165
vn -0.5268 -0.8499 0.0118
vn -0.4914 -0.8709 0.0063
vn 0.5483 0.8361 0.0178
vn 0.5482 0.8361 0.0200
vn -0.5427 -0.8399 -0.0000
vn -0.5331 -0.8323 -0.1518
vn -0.6393 -0.7649 -0.0787
vn -0.5640 -0.8163 -0.1248
vn 0.3936 0.9193 -0.0000
vn 0.3916 0.9201 -0.0000
vn 0.9779 -0.2063 0.0345
vn 0.9787 -0.2052 0.0025
vn 0.9779 -0.2063 0.0340
vn 0.0057 -0.0619 -0.9981
vn 0.0701 -0.0500 -0.9963
vn -0.0016 -0.0572 -0.9984
vn 0.0704 -0.0492 -0.9963
vn -0.8662 0.4969 -0.0532
vn -0.8659 0.4859 -0.1188
vn -0.8663 0.4969 -0.0521
vn -0.8660 0.4858 -0.1188
vn 0.0070 0.0686 -0.9976
vn -0.0017 0.0724 -0.9974
vn -0.0406 0.0497 -0.9979
vn -0.0474 0.0501 -0.9976
vn -0.9789 0.2042 -0.0014
vn -0.9789 0.2042 0.0000
vn -0.9789 0.2042 -0.0011
vn 0.4043 0.9146 -0.0000
vn 0.3070 0.9517 -0.0000
vn 0.4034 0.9150 -0.0000
vn 0.2781 0.9600 -0.0334
vn 0.8681 -0.4964 0.0000
vn -0.4864 -0.8733 -0.0268
vn -0.5338 -0.8456 -0.0107
vn 0.2318 0.9728 -0.0000
vn 0.2311 0.9717 -0.0497
vn -0.0475 0.0501 -0.9976
vn 0.0003 0.0395 -0.9992
vn 0.0008 0.0387 -0.9992
vn -0.2012 -0.9673 0.1547
vn -0.0871 -0.9911 0.1010
vn -0.2402 -0.9545 0.1767
vn -0.2324 -0.9726 0.0000
vn 0.0057 0.0916 -0.9958
vn 0.0415 0.0697 -0.9967
vn 0.0059 0.0906 -0.9959
vn 0.0410 0.0691 -0.9968
vn 0.4906 0.8714 0.0000
vn 0.5474 0.8368 -0.0069
vn 0.5105 0.8598 -0.0049
vn -0.3935 -0.9058 0.1573
vn -0.4017 -0.9088 0.1131
vn -0.4913 -0.8709 0.0063
vn 0.0022 -0.0678 0.9977
vn -0.0765 -0.0424 0.9962
vn -0.0063 -0.0637 0.9979
vn -0.0766 -0.0427 0.9961
vn 0.0338 0.0673 0.9972
vn 0.0007 0.0625 0.9980
vn 0.2814 0.9596 -0.0000
vn -0.0608 -0.0452 -0.9971
vn -0.0607 -0.0449 -0.9971
vn -0.0016 0.0723 -0.9974
vn 0.0071 0.0686 -0.9976
vn 0.5105 0.8599 -0.0049
vn -0.4017 -0.9088 0.1132
vn 0.0870 -0.0541 0.9947
vn 0.0866 -0.0551 0.9947
vn -0.9789 0.2042 -0.0013
vn -0.9789 0.2043 -0.0014
vn 0.2305 0.9718 -0.0496
vn 0.5474 0.8368 -0.0070
vn 0.9772 -0.2016 0.0662
vn 0.9772 -0.2017 0.0662
vn -0.8681 0.4963 0.0130
vn -0.9795 0.1979 -0.0360
vn -0.9796 0.1979 -0.0361
vn -0.9802 0.1962 -0.0250
vn -0.9803 0.1963 -0.0210
vn 0.0001 0.0620 0.9981
vn -0.0003 0.0606 0.9982
vn -0.0055 0.0289 0.9996
vn -0.0046 0.0284 0.9996
vn -0.9804 0.1968 -0.0000
vn -0.3588 -0.9087 -0.2134
vn -0.2865 -0.9318 -0.2227
vn -0.3592 -0.9091 -0.2107
vn -0.2150 -0.9569 -0.1950
vn -0.0103 -0.9999 -0.0015
vn -0.0706 -0.9845 0.1603
vn -0.2001 -0.9798 -0.0038
vn -0.1914 -0.9574 0.2163
vn -0.2865 -0.9316 -0.2237
vn -0.1071 -0.9886 -0.1054
vn -0.0155 -0.9947 -0.1020
vn -0.0003 0.0268 0.9996
vn -0.0056 0.0289 0.9996
vn -0.0012 0.0262 0.9997
vn 0.2667 0.9608 0.0761
vn 0.2137 0.9706 0.1106
vn 0.2953 0.9554 0.0000
vn 0.2150 0.9766 0.0000
vn 0.2107 0.9775 0.0085
vn 0.2131 0.9707 0.1106
vn 0.2107 0.9775 -0.0015
vn 0.9794 -0.1988 0.0362
vn 0.9797 -0.1986 0.0262
vn 0.9794 -0.1988 0.0361
vn -0.0005 -0.0567 -0.9984
vn 0.0108 -0.0264 -0.9996
vn -0.0003 -0.0562 -0.9984
vn 0.0110 -0.0260 -0.9996
vn -0.0254 0.0780 -0.9966
vn -0.0261 0.0765 -0.9967
vn -0.0208 0.0321 -0.9993
vn -0.0243 0.0323 -0.9992
vn -0.9802 0.1977 -0.0141
vn -0.9803 0.1974 -0.0000
vn -0.9802 0.1976 -0.0119
vn 0.3724 0.9281 -0.0000
vn 0.2966 0.9550 -0.0000
vn 0.2674 0.9609 -0.0717
vn 0.2160 0.9764 0.0000
vn 0.2142 0.9707 -0.1092
vn -0.0003 0.0268 -0.9996
vn 0.0003 0.0259 -0.9997
vn -0.1914 -0.9572 0.2173
vn -0.2361 -0.9559 0.1745
vn -0.2174 -0.9761 0.0000
vn 0.3723 0.9281 0.0000
vn 0.2667 0.9608 0.0760
vn -0.3527 -0.9112 0.2129
vn -0.3543 -0.9134 0.2007
vn 0.0438 -0.0326 0.9985
vn 0.0265 -0.0727 0.9970
vn 0.0435 -0.0333 0.9985
vn 0.0262 -0.0733 0.9970
vn -0.9795 0.1980 -0.0360
vn 0.9795 -0.1962 0.0465
vn 0.9794 -0.1963 0.0465
vn -0.0671 -0.7944 0.6037
vn -0.0581 -0.7958 0.6028
vn -0.0789 -0.7935 0.6035
vn -0.0556 -0.7958 0.6030
vn -0.1116 -0.1977 -0.9739
vn -0.0879 0.1209 -0.9888
vn -0.1355 -0.1978 -0.9708
vn -0.0935 0.1275 -0.9874
vn 0.9883 -0.0634 -0.1387
vn 0.8927 -0.2911 -0.3439
vn 0.9834 -0.0761 -0.1647
vn 0.8777 -0.3008 -0.3730
vn -0.1137 -0.2449 -0.9629
vn -0.0881 -0.2224 -0.9710
vn -0.2741 -0.9455 0.1757
vn -0.2697 -0.9606 0.0672
vn -0.4700 -0.7758 -0.4209
vn -0.5724 -0.6749 -0.4657
vn 0.0234 -0.8065 0.5907
vn 0.0231 -0.8063 0.5911
vn 0.0515 -0.8056 0.5903
vn 0.0542 -0.8052 0.5905
vn 0.0945 0.5742 0.8133
vn 0.0508 0.5736 0.8175
vn 0.0805 0.5803 0.8104
vn 0.0599 0.5832 0.8101
vn -0.0876 -0.9936 -0.0708
vn -0.1497 -0.9887 0.0039
vn -0.3759 -0.9266 0.0065
vn -0.3555 -0.9317 0.0750
vn -0.1556 -0.8738 0.4607
vn -0.1534 -0.9212 0.3576
vn -0.2741 -0.9455 0.1756
vn 0.9973 -0.0428 -0.0601
vn 0.9972 -0.0431 -0.0603
vn 0.2400 0.9303 -0.2775
vn 0.2668 0.9294 -0.2552
vn 0.2517 0.9660 -0.0584
vn 0.2714 0.9505 -0.1514
vn 0.2714 0.9505 -0.1515
vn 0.4005 0.7757 0.4876
vn 0.4045 0.7712 0.4915
vn 0.9974 0.0314 -0.0641
vn 0.9979 0.0391 -0.0513
vn 0.9971 0.0488 -0.0576
vn 0.9972 0.0487 -0.0565
vn 0.1036 -0.3690 -0.9236
vn 0.0093 -0.4364 -0.8997
vn 0.0613 -0.4178 -0.9065
vn -0.0120 -0.4378 -0.8990
vn 0.0805 0.5802 0.8105
vn 0.0010 0.5729 0.8197
vn 0.0202 0.5739 0.8187
vn -0.2001 -0.4959 -0.8450
vn -0.1741 -0.5539 -0.8142
vn -0.1410 -0.4743 -0.8690
vn -0.0500 -0.5735 -0.8177
vn 0.4589 0.8244 0.3314
vn 0.4271 0.7561 0.4959
vn 0.1145 -0.1137 0.9869
vn 0.1131 -0.1170 0.9867
vn -0.0175 -0.3885 0.9213
vn -0.0206 -0.3862 0.9222
vn -0.9656 0.0743 0.2491
vn -0.9651 0.0790 0.2497
vn -0.8855 0.3124 0.3438
vn -0.8837 0.3080 0.3524
vn -0.0815 0.8019 -0.5919
vn -0.0815 0.8018 -0.5920
vn 0.0558 0.7938 -0.6056
vn 0.0582 0.7936 -0.6057
vn -0.9932 0.0067 0.1166
vn -0.9946 -0.0500 0.0910
vn -0.9939 0.0043 0.1099
vn -0.9953 -0.0466 0.0847
vn -0.0544 0.1133 -0.9921
vn -0.0545 0.1132 -0.9921
vn -0.0869 0.1136 -0.9897
vn -0.0797 0.1138 -0.9903
vn 0.1346 0.9700 0.2024
vn -0.0017 0.9761 0.2174
vn 0.0075 0.6835 0.7299
vn 0.0050 0.6977 0.7163
vn 0.0512 -0.7976 0.6010
vn -0.0790 -0.7938 0.6030
vn 0.0453 -0.4848 -0.8734
vn 0.1264 -0.3927 -0.9109
vn 0.2054 0.9646 0.1657
vn -0.0026 0.9831 0.1829
vn -0.9975 0.0120 0.0693
vn -0.9975 0.0120 0.0692
vn 0.0006 -0.9833 -0.1820
vn 0.1461 -0.9761 -0.1609
vn -0.9985 -0.0112 0.0528
vn -0.9985 -0.0128 0.0538
vn -0.9982 -0.0169 0.0570
vn -0.0084 0.4442 0.8959
vn 0.0401 0.3970 0.9169
vn -0.0503 0.5568 0.8291
vn 0.0323 0.5603 0.8276
vn -0.0684 -0.7449 -0.6637
vn 0.1672 -0.6972 -0.6971
vn 0.9988 0.0069 -0.0491
vn 0.9988 0.0069 -0.0492
vn 0.9953 0.0464 -0.0852
vn 0.9946 0.0514 -0.0906
vn 0.9979 0.0391 -0.0514
vn -0.4700 -0.7759 -0.4209
vn -0.8855 0.3124 0.3439
vn -0.9981 -0.0256 0.0566
vn -0.9983 -0.0321 0.0482
vn -0.9946 -0.0499 0.0909
vn -0.9985 -0.0128 0.0539
vn 0.0076 0.6835 0.7299
vn 0.0050 0.6978 0.7163
vn 0.0407 0.3970 0.9169
vn -0.0685 -0.7449 -0.6637
vn 0.1461 -0.9761 -0.1610
vn 0.9883 -0.0007 -0.1522
vn 0.9882 -0.0032 -0.1530
vn -0.0580 -0.7958 0.6028
vn 0.0514 -0.8056 0.5903
vn -0.0936 0.1275 -0.9874
vn 0.4045 0.7712 0.4916
vn -0.0120 -0.4377 -0.8990
vn 0.0093 -0.4363 -0.8998
vn -0.1409 -0.4743 -0.8690
vn 0.0010 0.5728 0.8197
vn -0.0084 0.4443 0.8959
vn 0.1697 0.1892 0.9672
vn 0.1718 0.1961 0.9654
vn 0.1967 0.7762 -0.5990
vn -0.0788 -0.7942 -0.6025
vn -0.0894 -0.7934 -0.6021
vn -0.1110 -0.7921 -0.6003
vn -0.0895 -0.7942 -0.6010
vn 0.1011 0.5429 0.8337
vn 0.1030 0.5275 0.8433
vn -0.1219 -0.1878 0.9746
vn -0.1108 -0.1995 0.9736
vn 0.9179 -0.2369 0.3185
vn 0.9315 -0.2319 0.2802
vn 0.9879 -0.0556 0.1450
vn 0.9903 -0.0481 0.1305
vn -0.0626 -0.2012 0.9775
vn -0.0625 -0.2012 0.9776
vn -0.4881 -0.6890 0.5357
vn -0.2656 -0.9598 -0.0913
vn -0.4224 -0.7670 0.4829
vn -0.2982 -0.9344 -0.1947
vn 0.0543 -0.8052 -0.5905
vn 0.0231 -0.8063 -0.5911
vn 0.0515 -0.8056 -0.5903
vn 0.0234 -0.8065 -0.5907
vn 0.0582 0.5423 -0.8381
vn 0.0508 0.5736 -0.8175
vn 0.0814 0.5529 -0.8293
vn 0.0945 0.5742 -0.8133
vn -0.3697 -0.7851 0.4968
vn -0.1471 -0.9435 0.2968
vn -0.3699 -0.8913 0.2623
vn -0.0895 -0.9730 0.2125
vn -0.1539 -0.9218 -0.3558
vn -0.1824 -0.8700 -0.4581
vn 0.9975 -0.0335 0.0626
vn 0.9975 -0.0329 0.0621
vn 0.1671 0.9749 0.1473
vn 0.1848 0.9513 0.2468
vn 0.0706 0.9962 0.0518
vn 0.0580 0.9643 0.2584
vn 0.3796 0.6628 -0.6454
vn 0.1847 0.9513 0.2468
vn 0.3819 0.6689 -0.6378
vn 0.9972 0.0487 0.0565
vn 0.9992 0.0177 0.0357
vn 0.9971 0.0488 0.0577
vn 0.9987 0.0147 0.0486
vn 0.0243 -0.4359 0.8997
vn 0.0563 -0.4334 0.8994
vn 0.1079 -0.4087 0.9063
vn 0.1280 -0.3538 0.9265
vn -0.0125 0.5724 -0.8199
vn -0.0429 0.5702 -0.8204
vn 0.0945 0.5739 -0.8135
vn 0.0815 0.5529 -0.8293
vn -0.0500 -0.5735 0.8177
vn -0.1751 -0.5052 0.8451
vn -0.1410 -0.4743 0.8690
vn -0.1975 -0.4595 0.8660
vn 0.3343 0.7617 -0.5550
vn 0.0582 0.5424 -0.8381
vn 0.3657 0.8397 -0.4014
vn -0.0920 -0.5382 -0.8378
vn 0.0239 -0.3108 -0.9502
vn -0.0893 -0.5415 -0.8359
vn 0.0251 -0.3081 -0.9510
vn -0.9234 0.2447 -0.2958
vn -0.9736 0.0699 -0.2175
vn -0.9260 0.2508 -0.2821
vn -0.9739 0.0665 -0.2172
vn 0.0896 0.7912 0.6050
vn -0.0815 0.8018 0.5921
vn 0.0790 0.7921 0.6052
vn -0.0815 0.8019 0.5919
vn -0.9938 -0.0588 -0.0942
vn -0.9928 -0.0637 -0.1016
vn -0.9927 -0.0212 -0.1187
vn -0.9924 -0.0190 -0.1218
vn -0.0482 0.3141 0.9482
vn -0.0588 0.3095 0.9491
vn -0.0483 0.3093 0.9497
vn -0.0585 0.3098 0.9490
vn 0.0048 0.6988 -0.7153
vn -0.0079 0.9349 -0.3549
vn 0.0075 0.6761 -0.7368
vn 0.1294 0.9175 -0.3761
vn -0.0895 -0.7947 -0.6004
vn 0.0510 -0.7993 -0.5987
vn -0.1110 -0.7920 -0.6003
vn 0.0510 -0.7994 -0.5987
vn 0.1261 -0.3787 0.9169
vn 0.0457 -0.4797 0.8762
vn -0.0074 0.9349 -0.3548
vn -0.0009 0.8891 -0.4577
vn 0.1903 0.8779 -0.4393
vn -0.9977 -0.0016 -0.0682
vn -0.1470 -0.9436 0.2968
vn 0.1502 -0.9421 0.2997
vn -0.0004 -0.8902 0.4556
vn -0.9982 -0.0174 -0.0570
vn -0.9984 -0.0136 -0.0542
vn -0.9982 -0.0173 -0.0570
vn -0.9985 -0.0121 -0.0531
vn 0.0324 0.5559 -0.8306
vn 0.0411 0.3825 -0.9230
vn -0.0941 0.5484 -0.8309
vn -0.0303 0.4301 -0.9023
vn 0.1683 -0.6975 0.6966
vn -0.0586 -0.7555 0.6525
vn 0.9927 0.0650 0.1012
vn 0.9987 0.0082 0.0496
vn 0.9938 0.0586 0.0947
vn -0.1975 -0.4595 0.8659
vn -0.4224 -0.7670 0.4830
vn 0.3343 0.7618 -0.5550
vn 0.1671 0.9749 0.1474
vn 0.3657 0.8398 -0.4014
vn -0.9998 0.0065 -0.0197
vn -0.9996 0.0108 -0.0265
vn -0.9260 0.2508 -0.2822
vn 0.0076 0.6761 -0.7368
vn -0.0897 -0.9722 0.2161
vn 0.9852 0.0334 0.1681
vn 0.9852 0.0356 0.1674
vn 0.0542 -0.8052 -0.5905
vn -0.0483 0.3094 0.9497
vn -0.1825 -0.8700 -0.4581
vn 0.1904 0.8779 -0.4393
vn 0.0243 -0.4353 0.8999
vn -0.0942 0.5488 -0.8306
vn 0.1789 0.1976 -0.9638
vn 0.1762 0.1894 -0.9660
vn 0.2505 0.7670 0.5908
vn -0.9905 0.0852 -0.1083
vn -0.9969 0.0785 -0.0001
vn -0.9803 0.1028 -0.1688
vn -0.9947 0.1030 0.0000
vn 0.4297 -0.0342 0.9023
vn -0.6723 0.0811 0.7358
vn 0.0904 -0.0056 0.9959
vn -0.5110 0.0659 0.8570
vn 0.0025 0.0394 -0.9992
vn 0.0748 0.0251 -0.9969
vn 0.0013 0.0054 -1.0000
vn 0.1009 -0.0011 -0.9949
vn -0.6205 0.0632 0.7817
vn -0.0528 0.0871 0.9948
vn -0.3354 0.9347 -0.1179
vn -0.3361 0.9344 -0.1181
vn -0.3471 0.9300 -0.1206
vn -0.3478 0.9298 -0.1207
vn 0.0572 0.6085 0.7915
vn -0.0860 0.7977 -0.5969
vn 0.1197 0.6291 0.7681
vn -0.0130 0.6203 -0.7843
vn -0.9538 0.1139 0.2781
vn -0.8460 0.0751 0.5279
vn -0.9649 0.1207 0.2332
vn -0.6000 0.0372 0.7991
vn -0.2357 0.9713 0.0315
vn -0.3344 0.9424 0.0105
vn -0.2596 0.9654 0.0265
vn -0.3568 0.9342 0.0056
vn -0.6723 0.0811 0.7359
vn -0.5111 0.0659 0.8570
vn -0.8485 0.1006 0.5195
vn -0.8547 0.1001 0.5095
vn -0.9585 0.0733 0.2756
vn -0.9618 0.0717 0.2641
vn 0.0132 -0.0490 -0.9987
vn -0.3042 -0.0530 -0.9511
vn -0.3136 -0.0533 -0.9481
vn -0.6723 0.0812 0.7358
vn -0.8546 0.1000 0.5095
vn -0.2686 -0.0657 -0.9610
vn -0.2657 -0.0662 -0.9618
vn 0.9615 -0.0875 -0.2607
vn 0.9494 -0.0813 -0.3034
vn 0.9494 -0.0808 -0.3036
vn 0.9612 -0.0748 -0.2656
vn 0.9616 -0.0748 -0.2640
vn 0.2670 0.0490 0.9625
vn 0.2787 0.0489 0.9591
vn 0.5310 0.0477 0.8461
vn 0.5300 0.0482 0.8466
vn 0.5309 0.0477 0.8461
vn 0.2184 0.0621 0.9739
vn -0.1285 0.9732 -0.1905
vn -0.9988 0.0493 0.0000
vn -0.9988 0.0488 0.0000
vn -0.9990 0.0455 -0.0000
vn 0.0001 0.0949 -0.9955
vn 0.0001 0.0960 -0.9954
vn -0.9969 0.0785 -0.0000
vn -0.9988 0.0492 0.0000
vn 0.0001 0.0959 -0.9954
vn -0.0003 0.1125 -0.9937
vn 0.7764 0.5699 -0.2692
vn 0.6865 0.6623 -0.3002
vn 0.9989 -0.0464 -0.0008
vn 0.9989 -0.0469 -0.0000
vn 0.9990 -0.0439 0.0000
vn 0.0003 -0.1070 0.9943
vn -0.0000 -0.0925 0.9957
vn 0.0005 -0.0916 0.9958
vn -0.0000 -0.0926 0.9957
vn 0.0003 -0.0916 0.9958
vn 0.0243 -0.0766 0.9968
vn 0.0252 -0.0766 0.9967
vn -0.0031 1.0000 -0.0000
vn 0.0093 -0.9955 -0.0943
vn 0.0036 -0.9955 -0.0951
vn 0.0089 -0.9955 -0.0944
vn 0.0032 -0.9955 -0.0951
vn -0.9687 0.0587 -0.2413
vn -0.9687 0.0589 -0.2413
vn -0.5702 0.1261 -0.8118
vn -0.5603 0.1267 -0.8186
vn -0.0033 0.9954 0.0955
vn -0.0037 0.9954 0.0954
vn -0.0090 0.9955 0.0947
vn -0.0094 0.9955 0.0946
vn -0.5603 0.1266 -0.8186
vn 0.1183 0.1253 -0.9850
vn 0.1182 0.1251 -0.9851
vn -0.9830 -0.1731 0.0604
vn -0.9831 -0.1732 0.0598
vn -0.9840 -0.1746 0.0360
vn -0.9840 -0.1747 0.0345
vn 0.9815 0.1902 0.0230
vn 0.9815 0.1901 0.0221
vn 0.9755 0.1852 -0.1184
vn 0.9676 0.2007 -0.1536
vn 0.9676 0.2007 -0.1535
vn 0.9441 0.1859 -0.2722
vn 0.9569 0.1576 -0.2440
vn -0.9843 -0.1745 0.0260
vn -0.9850 -0.1727 -0.0000
vn -0.9844 -0.1744 0.0234
vn 0.2800 -0.9557 0.0909
vn 0.2683 -0.9598 0.0829
vn 0.2543 -0.9630 0.0897
vn 0.2958 -0.9510 0.0901
vn -0.2196 0.9715 -0.0897
vn -0.2233 0.9747 0.0045
vn -0.2197 0.9713 -0.0907
vn -0.2295 0.9732 0.0175
vn 0.1589 -0.9854 0.0610
vn 0.1726 -0.9830 0.0635
vn 0.1604 -0.9855 0.0547
vn 0.1522 -0.9855 0.0748
vn -0.2315 0.9712 -0.0568
vn -0.2315 0.9710 -0.0602
vn -0.2316 0.9728 -0.0067
vn -0.1913 0.9815 -0.0048
vn -0.9815 -0.1900 -0.0230
vn -0.9812 -0.1907 -0.0306
vn -0.9815 -0.1900 -0.0238
vn 0.9827 0.1752 -0.0600
vn 0.9827 0.1782 -0.0498
vn 0.9827 0.1752 -0.0606
vn 0.9817 0.1898 0.0153
vn 0.9820 0.1889 0.0000
vn -0.9841 -0.1778 0.0000
vn -0.9844 -0.1743 0.0234
vn 0.2682 -0.9629 -0.0299
vn 0.2799 -0.9557 0.0909
vn 0.2552 -0.9660 -0.0406
vn 0.2542 -0.9630 0.0897
vn -0.2242 0.9723 -0.0663
vn -0.2580 0.9652 -0.0430
vn -0.2197 0.9713 -0.0908
vn 0.1436 -0.9894 -0.0233
vn 0.1726 -0.9830 0.0634
vn 0.1781 -0.9840 -0.0105
vn -0.1863 0.9819 -0.0333
vn -0.2333 0.9710 -0.0522
vn -0.9828 -0.1840 -0.0163
vn -0.9828 -0.1841 -0.0163
vn -0.9815 -0.1901 -0.0238
vn 0.9823 0.1732 -0.0708
vn 0.9827 0.1751 -0.0600
vn 0.9956 0.0849 0.0391
vn 0.9956 0.0850 0.0391
vn -0.8047 0.5104 -0.3033
vn -0.9361 0.1192 -0.3310
vn -0.0003 -0.9986 -0.0538
vn -0.0002 -0.9986 -0.0538
vn -0.9978 0.0500 0.0442
vn -0.9979 0.0483 0.0440
vn -0.9978 0.0499 0.0442
vn -0.9979 0.0482 0.0440
vn 0.0002 0.9985 0.0540
vn 0.0001 0.9985 0.0540
vn -0.9799 0.1990 -0.0149
vn -0.9813 0.1923 -0.0000
vn -0.9761 0.2163 -0.0230
vn -0.9763 0.2163 0.0000
vn 0.4606 -0.0838 0.8837
vn -0.6497 0.1426 0.7467
vn 0.1362 -0.0257 0.9903
vn -0.5369 0.1244 0.8344
vn 0.0026 0.0500 -0.9987
vn -0.0288 0.0480 -0.9984
vn 0.0013 0.0021 -1.0000
vn -0.0363 0.0106 -0.9993
vn -0.0244 0.6643 0.7471
vn -0.0120 0.8564 -0.5162
vn 0.1543 0.5854 0.7959
vn -0.0138 0.6502 -0.7596
vn -0.9520 0.2111 0.2215
vn -0.9639 0.2209 0.1484
vn -0.9761 0.2161 -0.0230
vn -0.2874 0.9578 -0.0093
vn -0.3373 0.9413 -0.0155
vn -0.2899 0.9570 -0.0096
vn -0.3402 0.9402 -0.0158
vn -0.6497 0.1425 0.7467
vn -0.9520 0.2112 0.2215
vn -0.5369 0.1243 0.8344
vn -0.9639 0.2210 0.1484
vn -0.8508 0.1526 0.5029
vn -0.8587 0.1540 0.4888
vn -0.9596 0.1265 0.2514
vn -0.9628 0.1254 0.2395
vn 0.0029 -0.0046 -1.0000
vn -0.3074 -0.0020 -0.9516
vn -0.0137 0.6502 -0.7596
vn -0.3242 -0.0022 -0.9460
vn -0.8508 0.1527 0.5029
vn -0.2910 -0.0128 -0.9566
vn -0.2888 -0.0133 -0.9573
vn 0.4606 -0.0837 0.8837
vn 0.9522 -0.1697 -0.2540
vn 0.9456 -0.1457 -0.2908
vn 0.9455 -0.1452 -0.2914
vn 0.9455 -0.1452 -0.2915
vn 0.9620 -0.1272 -0.2417
vn 0.9625 -0.1273 -0.2394
vn 0.2899 -0.0034 0.9571
vn 0.3009 -0.0041 0.9536
vn 0.5454 -0.0101 0.8381
vn 0.5383 -0.0075 0.8427
vn 0.2199 0.0234 0.9753
vn -0.1281 0.9752 -0.1803
vn -0.1280 0.9752 -0.1803
vn -0.1280 0.9752 -0.1804
vn -0.9911 0.1330 0.0000
vn -0.9917 0.1289 0.0000
vn -0.9954 0.0954 0.0000
vn 0.0001 0.0955 -0.9954
vn 0.0000 0.0924 -0.9957
vn -0.9911 0.1331 0.0000
vn -0.0000 0.0748 -0.9972
vn 0.8299 0.4860 -0.2741
vn 0.5794 0.7363 -0.3494
vn 0.9923 -0.1236 -0.0015
vn 0.9918 -0.1281 0.0000
vn 0.9958 -0.0911 0.0000
vn 0.0000 -0.0699 0.9976
vn 0.0000 -0.0918 0.9958
vn 0.0020 -0.0957 0.9954
vn 0.0393 -0.1181 0.9922
vn 0.0421 -0.1181 0.9921
vn -0.0003 1.0000 0.0000
vn -0.9903 0.1391 0.0000
vn -0.9903 0.1393 0.0009
vn -0.9934 0.1145 0.0000
vn -0.1260 -0.0120 -0.9920
vn -0.0056 0.0047 -1.0000
vn -0.1055 0.0225 -0.9942
vn -0.0000 0.0015 -1.0000
vn -0.7233 0.6619 -0.1967
vn -0.9903 0.1392 0.0009
vn -0.9903 0.1391 -0.0001
vn 0.0000 -0.0158 -0.9999
vn 0.9271 -0.1929 0.3214
vn 0.9365 -0.1899 0.2947
vn 0.9909 -0.1334 0.0177
vn 0.9914 -0.1305 -0.0000
vn 0.9938 -0.1115 0.0000
vn 0.0000 0.0207 0.9998
vn 0.0000 0.0124 0.9999
vn -0.0000 0.0106 0.9999
vn 0.0000 0.0123 0.9999
vn -0.0018 0.0022 1.0000
vn -0.0019 0.0022 1.0000
vn -0.0002 1.0000 -0.0000
vn 0.0032 -0.9862 -0.1657
vn 0.0034 -0.9862 -0.1657
vn 0.0078 -0.9862 -0.1651
vn 0.0080 -0.9862 -0.1651
vn -0.9895 0.1426 -0.0248
vn -0.9921 0.1222 -0.0292
vn -0.9895 0.1421 -0.0250
vn -0.9921 0.1217 -0.0293
vn -0.0032 0.9861 0.1661
vn -0.0078 0.9862 0.1655
vn -0.0034 0.9861 0.1660
vn -0.0080 0.9862 0.1655
vn -0.9961 0.0881 0.0000
vn -0.9960 0.0890 0.0032
vn -0.9977 0.0680 0.0000
vn -0.0000 -0.0354 -0.9994
vn -0.0012 -0.0363 -0.9993
vn -0.0317 -0.0183 -0.9993
vn -0.9960 0.0889 0.0032
vn -0.9904 0.1031 0.0918
vn -0.9961 0.0880 0.0000
vn -0.0012 -0.0362 -0.9993
vn 0.0001 -0.0475 -0.9989
vn 0.9950 -0.0754 0.0649
vn 0.9953 -0.0752 0.0615
vn 0.9976 -0.0689 0.0023
vn 0.9976 -0.0686 -0.0000
vn 0.9976 -0.0689 0.0024
vn 0.9978 -0.0658 0.0000
vn -0.0001 0.0529 0.9986
vn 0.0000 0.0520 0.9986
vn -0.0023 0.0518 0.9987
vn -0.0670 0.0504 0.9965
vn -0.0244 0.6642 0.7471
vn -0.0017 1.0000 -0.0000
vn 0.1362 -0.0257 0.9904
vn 0.4606 -0.0837 0.8836
vn -0.9918 -0.1279 0.0073
vn -0.9918 -0.1279 0.0068
vn -0.9912 -0.1324 0.0075
vn -0.9912 -0.1325 0.0072
vn 0.9802 0.1717 -0.0982
vn 0.9633 0.1744 -0.2042
vn 0.9806 0.1727 -0.0928
vn 0.9625 0.1766 -0.2060
vn -0.9918 -0.1277 -0.0000
vn -0.2204 0.9754 0.0012
vn -0.2322 0.9727 -0.0000
vn -0.2250 0.9740 -0.0264
vn -0.2319 0.9720 -0.0377
vn 0.2880 -0.9576 0.0107
vn 0.2745 -0.9602 0.0526
vn 0.2384 -0.9710 -0.0170
vn 0.2501 -0.9657 0.0702
vn -0.0000 0.0242 -0.9997
vn -0.0716 0.0131 -0.9973
vn -0.0667 0.0124 -0.9977
vn 0.1910 -0.9814 0.0174
vn 0.1893 -0.9819 0.0000
vn 0.1602 -0.9863 0.0381
vn 0.1952 -0.9787 0.0629
vn 0.2504 -0.9681 -0.0000
vn 0.2054 -0.9767 -0.0620
vn 0.1893 -0.9819 0.0001
vn -0.9857 -0.1677 -0.0132
vn -0.9853 -0.1703 -0.0131
vn -0.9853 -0.1704 -0.0131
vn 0.1359 0.0000 0.9907
vn 0.1366 -0.0039 0.9906
vn 0.9852 0.1715 0.0067
vn 0.9853 0.1711 -0.0000
vn 0.9852 0.1715 0.0064
vn -0.9911 -0.1330 0.0000
vn 0.2219 -0.9726 0.0691
vn 0.1984 -0.9795 0.0359
vn 0.1602 -0.9863 0.0382
vn -0.0000 0.0781 0.9969
vn 0.0104 0.0794 0.9968
vn 0.0116 0.0797 0.9968
vn -0.2333 0.9724 0.0000
vn -0.2219 0.9751 0.0000
vn -0.2337 0.9716 -0.0379
vn -0.2257 0.9739 -0.0252
vn -0.0227 -0.0727 -0.9971
vn -0.0220 -0.0752 -0.9969
vn -0.0227 -0.0728 -0.9971
vn -0.0220 -0.0753 -0.9969
vn -0.2285 0.9729 -0.0366
vn -0.2257 0.9741 -0.0154
vn -0.2224 0.9747 -0.0240
vn -0.2208 0.9753 0.0102
vn -0.2337 0.9716 -0.0380
vn 0.9905 0.1369 -0.0147
vn 0.9910 0.1333 -0.0143
vn 0.9905 0.1368 -0.0147
vn -0.0319 0.0142 0.9994
vn -0.4067 -0.9135 0.0000
vn 0.4067 0.9135 0.0000
vn 0.0319 -0.0142 -0.9994
vn -0.9130 0.4065 -0.0349
vn -0.6878 0.7251 -0.0323
vn -0.6878 0.7251 -0.0322
vn -0.3580 0.9334 -0.0247
vn -0.6878 0.7252 -0.0322
vn 0.6811 -0.3622 0.6363
vn 0.6811 -0.3622 0.6364
vn -0.1046 -0.9083 -0.4050
vn 0.1046 0.9083 0.4050
vn -0.6811 0.3622 -0.6364
vn -0.8266 -0.1470 0.5433
vn -0.4408 0.4074 -0.7998
vn 0.4408 -0.4074 0.7998
vn 0.6811 -0.3622 -0.6364
vn -0.1046 -0.9083 0.4050
vn 0.1046 0.9083 -0.4050
vn -0.6811 0.3622 0.6364
vn -0.8266 -0.1470 -0.5433
vn -0.4408 0.4074 0.7998
vn 0.4408 -0.4074 -0.7998
vn -0.0558 -0.9984 -0.0036
vn -0.0361 -0.9993 0.0042
vn -0.0558 -0.9984 -0.0030
vn -0.0323 -0.9995 0.0039
vn 0.1103 0.0759 -0.9910
vn 0.0027 0.0759 -0.9971
vn -0.0075 0.0756 -0.9971
vn -0.2447 0.1073 0.9637
vn -0.2979 0.0966 0.9497
vn -0.3514 0.0970 0.9312
vn -0.6682 0.0785 0.7399
vn 0.0459 0.9364 0.3479
vn 0.0483 0.9363 0.3479
vn 0.0299 0.9365 0.3495
vn 0.0299 0.9364 0.3496
vn 0.0640 0.9362 0.3457
vn 0.2059 0.9588 0.1957
vn 0.3350 0.9413 0.0408
vn 0.3351 0.9413 0.0408
vn 0.3359 0.9410 0.0408
vn 0.2086 0.9604 -0.1848
vn 0.3351 0.9416 -0.0323
vn 0.3360 0.9413 -0.0323
vn 0.0082 0.9405 -0.3398
vn 0.0089 0.9405 -0.3397
vn 0.0662 0.9393 -0.3367
vn -0.0493 0.9390 -0.3403
vn 0.0088 0.9405 -0.3397
vn 0.1133 0.0855 0.9899
vn 0.1134 0.0855 0.9899
vn -0.9876 -0.1570 -0.0000
vn -0.9811 -0.1934 -0.0008
vn -0.9306 -0.3661 -0.0000
vn 0.0672 0.0883 -0.9938
vn 0.0042 0.1635 -0.9865
vn 0.0001 0.0799 -0.9968
vn 0.0052 0.1415 -0.9899
vn -0.9989 0.0248 -0.0389
vn -0.9990 0.0245 -0.0370
vn -0.0446 0.2231 -0.9738
vn -0.0486 0.2220 -0.9738
vn 0.9980 0.0544 -0.0331
vn 0.9993 0.0381 -0.0000
vn 0.9814 0.1918 -0.0000
vn 0.9876 0.1569 -0.0000
vn 0.9814 0.1919 -0.0000
vn 0.9326 0.3610 0.0000
vn 0.0455 -0.2105 0.9765
vn 0.0422 -0.2122 0.9763
vn -0.0030 -0.1365 0.9906
vn -0.0062 -0.1610 0.9869
vn -0.0052 -0.1611 0.9869
vn -0.0179 -0.0637 0.9978
vn 0.6244 -0.3093 0.7173
vn -0.4291 0.9033 0.0000
vn 0.0058 0.1658 0.9861
vn 0.0057 0.1614 0.9869
vn 0.0115 0.2054 0.9786
vn 0.0118 0.2054 0.9786
vn -0.2482 0.0658 0.9665
vn -0.9986 -0.0523 0.0003
vn -0.9973 -0.0727 0.0037
vn -0.9989 -0.0477 -0.0000
vn 0.7356 0.1456 0.6616
vn 0.0002 0.1221 0.9925
vn -0.9997 -0.0245 0.0082
vn -0.9997 -0.0244 0.0087
vn 0.9542 0.0467 -0.2955
vn 0.3265 -0.2713 -0.9054
vn -0.0061 -0.1556 -0.9878
vn -0.0057 -0.1598 -0.9871
vn -0.0109 -0.1960 -0.9805
vn -0.0112 -0.1960 -0.9805
vn 0.9996 0.0278 -0.0100
vn 0.9996 0.0278 -0.0093
vn 0.9987 0.0502 -0.0002
vn 0.9985 0.0550 0.0000
vn 0.9985 0.0551 0.0000
vn 0.9971 0.0761 -0.0000
vn 0.6540 0.1141 0.7478
vn 0.0531 0.9205 -0.3872
vn 0.0528 0.9204 -0.3874
vn 0.0528 0.9204 -0.3875
vn 0.0526 0.9203 -0.3877
vn 0.9996 -0.0300 -0.0000
vn 0.9996 -0.0275 -0.0004
vn 0.9999 -0.0141 0.0000
vn 0.0281 0.1081 0.9937
vn 0.0008 0.1411 0.9900
vn -0.2446 0.1073 0.9637
vn 0.0008 0.1406 0.9901
vn 0.5806 0.0602 0.8120
vn 0.9988 -0.0463 -0.0146
vn 0.9995 -0.0300 -0.0000
vn 0.0018 0.1587 0.9873
vn 0.0019 0.1587 0.9873
vn -0.6888 0.5015 0.5235
vn -0.8332 0.5226 0.1807
vn -0.9996 0.0296 0.0004
vn -0.9995 0.0322 -0.0000
vn -0.9999 0.0157 0.0000
vn -0.0018 -0.1502 -0.9887
vn -0.0017 -0.1502 -0.9887
vn -0.0007 -0.1360 -0.9907
vn -0.0008 -0.1364 -0.9906
vn -0.0008 -0.1360 -0.9907
vn -0.0008 -0.1364 -0.9907
vn -0.0000 -0.1222 -0.9925
vn 0.0118 0.9999 -0.0000
vn -0.9994 -0.0354 0.0000
vn -0.9995 -0.0328 -0.0005
vn -0.9985 -0.0541 0.0000
vn -0.0024 -0.0968 -0.9953
vn -0.0712 -0.0926 -0.9932
vn -0.0005 -0.0960 -0.9954
vn -0.6205 0.0631 0.7817
vn -0.9997 -0.0144 -0.0203
vn -0.0005 -0.0961 -0.9954
vn -0.0007 -0.1066 -0.9943
vn 0.2727 0.8643 0.4226
vn 0.1937 0.4719 0.8601
vn 0.9993 0.0365 0.0093
vn 0.9993 0.0386 0.0000
vn 0.9993 0.0364 0.0093
vn 0.9985 0.0555 0.0000
vn 0.0007 0.1148 0.9934
vn 0.0005 0.1026 0.9947
vn 0.0024 0.1033 0.9947
vn 0.0005 0.1027 0.9947
vn 0.0573 0.6085 0.7915
vn 0.0063 1.0000 0.0000
vn -0.9080 0.0411 0.4170
vn -0.9091 0.0412 0.4145
vn -0.9063 0.0373 0.4210
vn -0.9062 0.0373 0.4212
vn -0.3710 0.0614 -0.9266
vn -0.4118 0.0355 -0.9106
vn -0.5406 0.0610 -0.8391
vn -0.4115 0.0354 -0.9107
vn -0.8153 0.5784 -0.0272
vn -0.9091 0.0412 0.4146
vn -0.5974 0.7821 -0.1775
vn -0.9080 0.0410 0.4170
vn -0.4115 0.0355 -0.9107
vn -0.4117 0.0354 -0.9106
vn -0.3889 0.0303 -0.9208
vn -0.3878 0.0301 -0.9212
vn 0.7228 0.4925 -0.4847
vn 0.3254 0.8399 -0.4343
vn 0.9437 -0.0520 -0.3266
vn 0.9436 -0.0521 -0.3269
vn 0.9084 -0.0354 -0.4167
vn 0.9062 -0.0348 -0.4213
vn 0.3880 -0.0252 0.9213
vn 0.3886 -0.0252 0.9211
vn 0.3905 -0.0320 0.9200
vn 0.3990 -0.0336 0.9163
vn -0.8478 -0.0346 0.5292
vn 0.0070 0.0067 1.0000
vn 0.3990 -0.0335 0.9163
vn 0.2167 0.9761 -0.0190
vn 0.2166 0.9761 -0.0188
vn 0.2166 0.9761 -0.0186
vn 1.0000 -0.0001 0.0000
vn 1.0000 -0.0004 -0.0000
vn 1.0000 0.0020 -0.0000
vn -0.1563 0.0304 -0.9872
vn -0.0007 -0.1184 0.9930
vn -0.7498 0.0309 -0.6609
vn -0.0007 -0.1185 0.9930
vn 1.0000 -0.0024 -0.0015
vn 1.0000 -0.0024 -0.0014
vn -0.0008 -0.1184 0.9930
vn -0.0013 -0.1284 0.9917
vn -0.8643 0.4786 -0.1547
vn -0.7976 0.5680 -0.2031
vn -1.0000 0.0027 0.0001
vn -1.0000 0.0023 0.0000
vn -1.0000 0.0022 0.0000
vn -1.0000 -0.0004 -0.0000
vn 0.0015 0.1369 -0.9906
vn 0.0014 0.1369 -0.9906
vn 0.0007 0.1248 -0.9922
vn -0.2557 0.0972 -0.9619
vn -0.0477 0.0973 -0.9941
vn 0.0105 0.9999 -0.0000
vn 0.0374 0.9993 -0.0045
vn 0.0334 0.9994 -0.0036
vn 0.0132 0.9999 -0.0014
vn -0.0076 0.0756 -0.9971
vn -0.1151 0.0694 -0.9909
vn -0.1151 0.0693 -0.9909
vn -0.0362 -0.9993 0.0038
vn -0.0128 -0.9999 0.0014
vn 0.0556 0.9984 0.0036
vn 0.0558 0.9984 0.0029
vn -0.6903 0.1120 0.7148
vn -0.7125 0.1364 0.6882
vn -0.6490 0.0833 0.7562
vn -0.7216 0.1484 0.6762
vn -0.5431 0.0127 0.8396
vn -0.6058 0.0194 -0.7954
vn -0.8409 0.3341 -0.4257
vn -0.6768 0.0614 -0.7336
vn -0.7971 0.2168 -0.5635
vn -0.6985 0.0570 -0.7134
vn -0.2624 0.9313 -0.2528
vn 0.2727 0.8643 0.4227
vn -0.5286 0.6166 0.5834
vn 0.9893 0.0907 0.1147
vn 0.9756 0.2160 -0.0400
vn 0.9908 0.1007 0.0901
vn 0.9877 0.1545 0.0234
vn 0.9919 0.0956 0.0837
vn 0.9973 0.0133 -0.0721
vn 0.9982 0.0409 -0.0433
vn 0.9983 0.0493 -0.0323
vn 0.9974 0.0704 -0.0120
vn 0.9959 0.0896 0.0131
vn -0.9904 0.0400 0.1323
vn -0.9932 0.0712 0.0923
vn -0.9982 0.0427 0.0419
vn -0.9934 0.0839 0.0785
vn -0.9977 0.0192 -0.0650
vn -0.9981 0.0464 0.0394
vn -0.9998 0.0194 -0.0092
vn -0.9974 0.0650 0.0297
vn -0.9979 0.0528 0.0366
vn -0.8046 -0.5936 -0.0172
vn -0.7309 -0.6824 -0.0136
vn -0.7269 -0.6866 -0.0134
vn -0.6430 -0.7658 -0.0097
vn 0.0174 0.0011 -0.9998
vn 0.0053 0.0138 -0.9999
vn 0.0054 0.0138 -0.9999
vn 0.4779 -0.4892 -0.7296
vn 0.5142 -0.5285 -0.6756
vn -0.0390 0.9398 -0.3396
vn -0.0356 0.9397 -0.3400
vn -0.9671 -0.2528 -0.0273
vn -0.9349 -0.3540 -0.0248
vn -0.9309 -0.3645 -0.0245
vn -0.8869 -0.4615 -0.0217
vn 0.8869 0.4615 0.0217
vn 0.9349 0.3540 0.0248
vn 0.9309 0.3645 0.0245
vn 0.9671 0.2528 0.0273
vn 0.0211 0.0138 -0.9997
vn 0.0033 0.0601 -0.9982
vn -0.0145 0.1062 -0.9942
vn -0.8153 0.5784 -0.0271
vn -0.5974 0.7821 -0.1774
vn -0.0053 0.9364 -0.3510
vn 0.0195 0.9357 -0.3522
vn 0.7764 0.5699 -0.2693
vn -0.3828 -0.9237 -0.0177
vn -0.3771 -0.9261 -0.0145
vn -0.2952 -0.9542 -0.0493
vn -0.2790 -0.9597 -0.0344
vn -0.3011 -0.9536 0.0044
vn -0.3260 -0.9452 -0.0153
vn -0.3731 0.0868 -0.9237
vn -0.5869 0.0733 -0.8063
vn -0.2557 0.0971 -0.9619
vn -0.3272 0.0762 -0.9419
vn 0.1339 0.1000 0.9859
vn 0.0866 0.0924 0.9919
vn 0.1320 0.0998 0.9862
vn 0.0000 0.0855 0.9963
vn 0.6541 0.1141 0.7478
vn 0.9962 0.0870 0.0000
vn 0.9941 0.0915 0.0574
vn 0.7356 0.1457 0.6616
vn 0.9882 0.0953 0.1203
vn -0.0000 0.0894 -0.9960
vn 0.0917 0.0966 -0.9911
vn 0.0288 0.1006 -0.9945
vn 0.0202 0.1003 -0.9948
vn -0.0716 0.0895 -0.9934
vn 0.0201 0.1003 -0.9948
vn -0.0476 0.0973 -0.9941
vn -0.2557 0.0972 -0.9618
vn -0.3513 0.0970 0.9312
vn 0.0420 0.1004 0.9941
vn -0.2446 0.1074 0.9637
vn 0.1338 0.1000 0.9859
vn -0.3272 0.0743 -0.9420
vn 0.0202 0.0057 -0.9998
vn 0.0076 0.0032 -1.0000
vn 0.2092 -0.0706 0.9753
vn 0.0764 -0.0318 0.9966
vn 0.2087 -0.0681 0.9756
vn 0.1141 -0.0102 0.9934
vn -0.0016 -0.0745 0.9972
vn -0.0585 -0.0960 -0.9937
vn -0.0363 -0.0988 -0.9944
vn -0.0584 -0.0964 -0.9936
vn -0.0283 -0.0946 -0.9951
vn -0.0153 -0.0677 -0.9976
vn -0.0155 -0.0672 -0.9976
vn 0.9910 0.0940 -0.0956
vn 0.9948 0.0908 -0.0454
vn -0.1334 -0.0486 -0.9899
vn -0.1108 0.0144 -0.9937
vn -0.1184 0.0204 -0.9928
vn -0.0668 0.0124 -0.9977
vn -0.1823 0.0439 -0.9823
vn -0.1846 0.0448 -0.9818
vn -0.2225 0.0383 -0.9742
vn -0.2228 0.0385 -0.9741
vn 0.2054 -0.9767 -0.0619
vn 0.1987 -0.9733 -0.1150
vn 0.2481 -0.9647 -0.0881
vn -0.2225 0.9738 0.0474
vn -0.2154 0.9753 0.0491
vn -0.2257 0.9741 -0.0153
vn -0.2203 0.9754 0.0012
vn 0.0104 0.0795 0.9968
vn 0.0109 0.0767 0.9970
vn 0.0117 0.0769 0.9970
vn -0.0001 0.0747 0.9972
vn -0.0002 0.0745 0.9972
vn -0.2189 0.9757 -0.0000
vn -0.2257 0.9739 -0.0253
vn -0.2224 0.9747 -0.0239
vn -0.2280 0.9737 -0.0000
vn -0.2284 0.9729 -0.0366
vn 0.2271 -0.9739 0.0000
vn 0.2365 -0.9702 0.0526
vn 0.2745 -0.9601 0.0526
vn 0.4496 0.8930 0.0223
vn 0.3955 0.9163 0.0625
vn 0.3604 0.9315 -0.0495
vn 0.3066 0.9509 -0.0431
vn 0.4091 0.9123 0.0168
vn 0.4032 0.9150 0.0134
vn 0.3210 0.9458 0.0490
vn 0.3047 0.9518 0.0339
vn 0.3272 0.9449 -0.0055
vn 0.3524 0.9357 0.0146
vn -0.3338 -0.9414 0.0490
vn -0.2799 -0.9591 0.0417
vn -0.3695 -0.9273 -0.0604
vn -0.4244 -0.9053 -0.0203
vn 0.2966 0.9357 -0.1910
vn 0.4675 0.8837 -0.0222
vn 0.3940 0.9127 -0.1083
vn 0.5085 0.8608 0.0204
vn 0.5072 0.8610 0.0377
vn 0.5074 0.8609 0.0380
vn -0.6430 -0.7658 -0.0096
vn -0.0464 0.0295 0.9985
vn -0.0584 0.0422 0.9974
vn -0.0584 0.0421 0.9974
vn 0.4300 -0.4679 0.7722
vn 0.4696 -0.5086 0.7217
vn 0.6430 0.7658 0.0096
vn 0.7269 0.6866 0.0134
vn 0.7309 0.6824 0.0136
vn 0.8046 0.5936 0.0172
vn 0.0426 -0.0422 -0.9982
vn 0.0602 -0.0884 -0.9943
vn 0.0603 -0.0884 -0.9943
vn 0.0777 -0.1344 -0.9879
vn -0.0426 0.0422 0.9982
vn -0.0602 0.0884 0.9943
vn -0.0603 0.0884 0.9943
vn -0.0777 0.1344 0.9879
vn 0.0145 -0.1062 0.9942
vn -0.0033 -0.0601 0.9982
vn -0.0211 -0.0138 0.9997
vn -0.2688 -0.9437 0.1928
vn -0.3680 -0.9233 0.1098
vn -0.4436 -0.8960 0.0217
vn -0.4855 -0.8740 -0.0210
vn -0.4839 -0.8743 -0.0392
vn -0.4836 -0.8744 -0.0389
vn -0.0425 0.0439 0.9981
vn -0.0119 0.0890 0.9960
vn 0.0172 0.0569 0.9982
vn -0.0085 0.1035 0.9946
vn -0.0085 0.0990 0.9951
vn -0.0097 0.0798 0.9968
vn -0.0103 0.0895 0.9959
vn -0.0088 0.0847 0.9964
vn -0.0103 0.1059 0.9943
vn -0.0134 0.1061 0.9943
vn -0.0600 0.1002 0.9932
vn -0.0451 0.0629 0.9970
vn -0.0490 0.0662 0.9966
vn -0.0316 0.0495 0.9983
vn -0.0502 0.0573 0.9971
vn -0.0047 0.0552 0.9985
vn -0.0486 0.0384 0.9981
vn 0.4741 0.8805 -0.0012
vn 0.4847 0.8713 -0.0766
vn 0.4581 0.8881 -0.0374
vn 0.4238 0.9035 -0.0639
vn 0.4155 0.9096 -0.0047
vn 0.0768 0.1291 -0.9887
vn -0.0768 0.1291 -0.9887
vn 0.0000 0.2288 -0.9735
vn -0.0926 0.2924 -0.9518
vn 0.0926 0.2924 -0.9518
vn 0.0464 -0.0295 -0.9985
vn 0.0584 -0.0422 -0.9974
vn 0.0584 -0.0421 -0.9974
vn 0.5067 -0.5204 -0.6873
vn 0.5372 -0.5535 -0.6364
vn 0.4300 -0.4678 0.7722
vn 0.4695 -0.5086 0.7217
vn -0.0174 -0.0011 0.9998
vn -0.0053 -0.0138 0.9999
vn -0.0054 -0.0138 0.9999
vn 0.4614 -0.5002 0.7327
vn 0.4951 -0.5348 0.6848
vn 0.5141 -0.5285 -0.6756
vn -0.9871 -0.1579 -0.0246
vn -0.9959 -0.0540 -0.0726
vn -0.9671 0.1454 -0.2086
vn -0.9710 0.0786 -0.2257
vn -0.9655 0.0605 -0.2534
vn -0.9601 0.0755 -0.2692
vn -0.9605 0.0739 -0.2681
vn -0.9940 0.0041 -0.1090
vn -0.9734 0.0631 -0.2202
vn -0.9676 0.0646 -0.2440
vn -0.9644 0.0685 -0.2553
vn -0.9617 0.0682 -0.2655
vn -0.9616 0.0610 -0.2677
vn 0.0292 0.0750 0.9968
vn 0.0229 0.0877 0.9959
vn 0.0624 0.0288 0.9976
vn 0.0322 0.0362 0.9988
vn 0.0490 -0.0071 0.9988
vn 0.0386 -0.0313 0.9988
vn 0.0314 -0.0133 0.9994
vn 0.0405 -0.0057 0.9992
vn 0.0553 0.0082 0.9984
vn 0.0845 -0.0102 0.9964
vn 0.0174 0.0620 0.9979
vn 0.0455 0.0876 0.9951
vn 0.0328 0.0602 0.9976
vn 0.0121 0.0878 0.9961
vn 0.0157 0.0117 0.9998
vn 0.0262 -0.0281 0.9993
vn 0.0365 -0.0371 0.9986
vn 0.1966 -0.9798 0.0365
vn 0.1714 -0.9822 0.0770
vn 0.2135 -0.9742 0.0737
vn 0.2245 -0.9708 0.0845
vn 0.2896 -0.9556 0.0539
vn 0.2220 -0.9750 0.0000
vn -0.1663 0.0527 -0.9847
vn -0.1985 0.0668 -0.9778
vn -0.1864 0.0655 -0.9803
vn -0.2081 0.0763 -0.9751
vn -0.0803 0.0379 -0.9960
vn -0.1192 0.0131 -0.9928
vn 0.0008 0.0802 -0.9968
vn 0.0006 0.0804 -0.9968
vn -0.0003 0.0804 -0.9968
vn -0.0006 0.0806 -0.9967
vn -0.0005 0.0682 0.9977
vn 0.0074 0.0714 0.9974
vn 0.0000 0.0690 0.9976
vn 0.0088 0.0713 0.9974
vn 0.0285 0.0993 0.9947
vn 0.0364 0.1048 0.9938
vn 0.0278 0.0971 0.9949
vn 0.0283 0.0969 0.9949
vn -0.0004 0.0920 0.9958
vn -0.0001 0.0925 0.9957
vn -0.2316 0.9728 -0.0068
vn -0.2318 0.9728 0.0000
vn -0.1711 0.9853 0.0000
vn -0.1736 0.9848 -0.0000
vn -0.1813 0.9834 0.0019
vn -0.2276 0.9720 0.0588
vn -0.2141 0.9752 0.0556
vn -0.2238 0.9746 -0.0000
vn -0.2758 0.9612 -0.0000
vn -0.2165 0.9763 -0.0000
vn -0.2088 0.9780 -0.0000
vn -0.1672 0.9859 0.0000
vn -0.2326 0.9726 0.0000
vn 0.2237 -0.9718 -0.0750
vn 0.2290 -0.9661 -0.1195
vn 0.1779 -0.9840 -0.0089
vn 0.1794 -0.9798 -0.0885
vn 0.1552 -0.9862 -0.0583
vn 0.2308 -0.9730 -0.0000
vn -0.9952 0.0803 0.0568
vn -0.9940 0.0954 0.0530
vn -0.9950 0.0777 0.0621
vn -0.9944 0.0728 0.0770
vn -0.0451 0.1389 -0.9893
vn 0.2422 0.1391 -0.9602
vn -0.0180 0.0667 -0.9976
vn 0.2479 0.0801 -0.9655
vn -0.1235 -0.0021 -0.9923
vn 0.0651 0.0701 -0.9954
vn -0.1475 -0.0505 -0.9878
vn 0.0633 0.0275 -0.9976
vn 0.2678 0.0864 -0.9596
vn -0.1411 -0.0510 -0.9887
vn -0.2428 0.0196 -0.9699
vn -0.2244 -0.0275 -0.9741
vn -0.3078 0.0073 -0.9514
vn -0.3178 -0.0232 -0.9479
vn -0.3202 0.0201 -0.9471
vn -0.2672 -0.0101 -0.9636
vn -0.2650 0.0001 -0.9643
vn -0.2618 -0.0428 -0.9642
vn -0.9885 0.1480 -0.0320
vn -0.9904 0.1331 -0.0370
vn -0.9913 0.1261 -0.0377
vn -0.9927 0.1137 -0.0395
vn -0.9915 0.1218 -0.0456
vn -0.9930 0.1151 -0.0247
vn -0.9920 0.1253 -0.0144
vn -0.9965 0.0839 0.0022
vn -0.9965 0.0836 0.0053
vn -0.9940 0.1051 -0.0302
vn -0.9935 0.1071 -0.0375
vn -0.9878 0.1487 -0.0451
usemtl noname.001
s 1
f 567/567/300 568/568/300 569/569/300
f 570/570/300 571/571/300 572/572/300
f 573/573/301 574/574/302 575/575/303
f 576/576/304 577/577/304 578/578/304
f 579/579/305 580/580/305 581/581/305
f 582/582/306 583/583/306 584/584/306
f 585/585/307 586/586/307 587/587/307
f 588/588/308 589/589/308 590/590/308
f 591/591/309 592/592/309 593/593/309
f 594/594/310 595/595/310 596/596/310
f 597/597/311 598/598/311 599/599/311
f 600/600/312 601/601/312 602/602/312
f 603/603/313 604/604/313 605/605/313
f 606/606/314 607/607/314 608/608/314
f 609/609/315 610/610/315 611/611/315
f 612/612/316 613/613/316 614/614/316
f 615/615/317 616/616/317 617/617/317
f 618/618/317 619/619/317 620/620/317
f 621/621/318 622/622/318 623/623/318
f 624/624/319 625/625/319 626/626/319
f 627/627/320 628/628/320 629/629/320
f 630/630/321 631/631/321 632/632/321
f 633/633/322 634/634/322 635/635/322
f 636/636/323 637/637/323 638/638/323
f 639/639/324 640/640/324 641/641/324
f 642/642/325 643/643/325 644/644/325
f 645/645/326 646/646/326 647/647/326
f 648/648/327 649/649/327 650/650/327
f 651/651/328 652/652/328 653/653/328
f 654/654/329 655/655/329 656/656/329
f 657/657/330 658/658/330 659/659/330
f 660/660/331 661/661/331 662/662/331
f 663/663/332 664/664/332 665/665/332
f 666/666/333 667/667/333 668/668/333
f 669/669/334 670/670/334 671/671/334
f 672/672/335 673/673/335 674/674/335
f 675/675/335 676/676/335 677/677/335
f 678/678/336 679/679/336 680/680/336
f 681/681/337 682/682/337 683/683/337
f 684/684/338 685/685/338 686/686/338
f 687/687/339 688/688/339 689/689/339
f 690/690/340 691/691/340 692/692/340
f 693/693/341 694/694/341 695/695/341
f 696/696/342 697/697/342 698/698/342
f 699/699/343 700/700/343 701/701/343
f 702/702/344 703/703/344 704/704/344
f 705/705/345 706/706/345 707/707/345
f 708/708/346 709/709/346 710/710/346
f 711/711/347 712/712/347 713/713/347
f 714/714/347 715/715/347 716/716/347
f 717/717/348 718/718/348 719/719/348
f 720/720/349 721/721/349 722/722/349
f 723/723/350 724/724/350 725/725/350
f 726/726/351 727/727/351 728/728/351
f 729/729/352 730/730/352 731/731/352
f 732/732/353 733/733/353 734/734/353
f 735/735/354 736/736/354 737/737/354
f 738/738/355 739/739/355 740/740/355
f 741/741/355 742/742/355 743/743/355
f 744/744/356 745/745/356 746/746/356
f 747/747/356 748/748/356 749/749/356
f 750/750/357 751/751/357 752/752/357
f 753/753/358 754/754/358 755/755/358
f 756/756/359 757/757/359 758/758/359
f 759/759/359 760/760/359 761/761/359
f 762/762/360 763/763/360 764/764/360
f 765/765/360 766/766/360 767/767/360
f 768/768/361 769/769/361 770/770/361
f 771/771/361 772/772/361 773/773/361
f 774/774/362 775/775/362 776/776/362
f 777/777/362 778/778/362 779/779/362
f 780/780/300 781/781/300 782/782/300
f 783/783/300 784/784/300 780/780/300
f 780/780/300 784/784/300 781/781/300
f 784/784/300 785/785/300 781/781/300
f 786/786/363 787/787/364 788/788/365
f 787/787/364 789/789/365 788/788/365
f 790/790/366 791/791/367 792/792/368
f 791/791/367 793/793/369 792/792/368
f 794/794/370 795/795/371 796/796/372
f 795/795/371 797/797/372 796/796/372
f 798/798/373 799/799/364 800/800/373
f 799/799/364 801/801/363 800/800/373
f 802/802/374 803/803/375 804/804/374
f 803/803/375 805/805/366 804/804/374
f 806/806/376 807/807/371 808/808/376
f 807/807/371 809/809/377 808/808/376
f 810/810/378 811/811/378 812/812/379
f 811/811/378 813/813/379 812/812/379
f 814/814/380 815/815/380 816/816/381
f 815/815/380 817/817/381 816/816/381
f 818/818/382 819/819/382 820/820/383
f 819/819/382 821/821/383 820/820/383
f 822/822/384 823/823/384 824/824/385
f 823/823/384 825/825/385 824/824/385
f 826/826/386 827/827/387 828/828/386
f 827/827/387 829/829/387 828/828/386
f 830/830/388 831/831/389 832/832/390
f 831/831/389 833/833/391 832/832/390
f 834/834/392 835/835/393 836/836/394
f 835/835/393 837/837/395 836/836/394
f 838/838/396 839/839/397 840/840/398
f 839/839/397 841/841/399 840/840/398
f 842/842/395 843/843/400 844/844/394
f 843/843/400 845/845/400 844/844/394
f 846/846/401 847/847/402 848/848/403
f 847/847/402 849/849/404 848/848/403
f 850/850/405 851/851/406 852/852/407
f 851/851/406 853/853/406 852/852/407
f 854/854/408 855/855/409 856/856/410
f 855/855/409 857/857/411 856/856/410
f 858/858/412 859/859/413 860/860/414
f 859/859/413 861/861/415 860/860/414
f 862/862/416 863/863/417 864/864/404
f 863/863/417 865/865/418 864/864/404
f 866/866/399 867/867/419 868/868/420
f 867/867/419 869/869/421 868/868/420
f 870/870/422 871/871/423 872/872/424
f 871/871/423 873/873/425 872/872/424
f 874/874/426 875/875/427 876/876/428
f 875/875/427 877/877/429 876/876/428
f 878/878/430 879/879/431 880/880/432
f 879/879/431 881/881/433 880/880/432
f 882/882/434 883/883/435 884/884/436
f 883/883/435 885/885/437 884/884/436
f 886/886/438 887/887/439 888/888/411
f 887/887/439 889/889/410 888/888/411
f 890/890/440 891/891/441 892/892/442
f 891/891/441 893/893/443 892/892/442
f 894/894/444 895/895/408 896/896/445
f 895/895/408 897/897/410 896/896/445
f 898/898/446 899/899/447 900/900/448
f 899/899/447 901/901/447 900/900/448
f 902/902/449 903/903/450 904/904/451
f 903/903/450 905/905/452 904/904/451
f 906/906/453 907/907/454 908/908/455
f 907/907/454 909/909/456 908/908/455
f 910/910/457 911/911/458 912/912/459
f 911/911/458 913/913/460 912/912/459
f 914/914/461 915/915/462 916/916/463
f 915/915/462 917/917/462 916/916/463
f 918/918/464 919/919/465 920/920/466
f 919/919/465 921/921/467 920/920/466
f 922/922/391 923/923/468 924/924/390
f 923/923/468 925/925/468 924/924/390
f 926/926/469 927/927/470 928/928/437
f 927/927/470 929/929/436 928/928/437
f 930/930/465 931/931/471 932/932/467
f 931/931/471 933/933/472 932/932/467
f 934/934/473 935/935/474 936/936/459
f 935/935/474 937/937/475 936/936/459
f 938/938/476 939/939/477 940/940/478
f 939/939/477 941/941/479 940/940/478
f 942/942/480 943/943/481 944/944/482
f 943/943/481 945/945/483 944/944/482
f 946/946/409 947/947/484 948/948/485
f 947/947/484 949/949/486 948/948/485
f 950/950/487 951/951/469 952/952/488
f 951/951/469 953/953/489 952/952/488
f 954/954/490 955/955/491 956/956/492
f 955/955/491 957/957/493 956/956/492
f 958/958/494 959/959/495 960/960/433
f 959/959/495 961/961/396 960/960/433
f 962/962/441 963/963/401 964/964/443
f 963/963/401 965/965/403 964/964/443
f 966/966/496 967/967/444 968/968/422
f 967/967/444 969/969/445 968/968/422
f 970/970/497 971/971/449 972/972/498
f 971/971/449 973/973/451 972/972/498
f 974/974/481 975/975/499 976/976/483
f 975/975/499 977/977/500 976/976/483
f 978/978/484 979/979/464 980/980/501
f 979/979/464 981/981/466 980/980/501
f 982/982/478 983/983/487 984/984/415
f 983/983/487 985/985/502 984/984/415
f 986/986/503 987/987/490 988/988/504
f 987/987/490 989/989/492 988/988/504
f 990/990/407 991/991/389 992/992/405
f 991/991/389 993/993/388 992/992/405
f 994/994/505 995/995/393 996/996/506
f 995/995/393 997/997/392 996/996/506
f 998/998/418 999/999/412 1000/1000/404
f 999/999/412 1001/1001/414 1000/1000/404
f 1002/1002/507 1003/1003/426 1004/1004/467
f 1003/1003/426 1005/1005/428 1004/1004/467
f 1006/1006/443 1007/1007/435 1008/1008/442
f 1007/1007/435 1009/1009/434 1008/1008/442
f 1010/1010/486 1011/1011/439 1012/1012/508
f 1011/1011/439 1013/1013/438 1012/1012/508
f 1014/1014/509 1015/1015/446 1016/1016/510
f 1015/1015/446 1017/1017/448 1016/1016/510
f 1018/1018/511 1019/1019/453 1020/1020/511
f 1019/1019/453 1021/1021/455 1020/1020/511
f 1022/1022/512 1023/1023/513 1024/1024/514
f 1023/1023/513 1025/1025/515 1024/1024/514
f 1026/1026/516 1027/1027/517 1028/1028/518
f 1027/1027/517 1029/1029/519 1028/1028/518
f 1030/1030/515 1031/1031/520 1032/1032/514
f 1031/1031/520 1033/1033/520 1032/1032/514
f 1034/1034/521 1035/1035/522 1036/1036/523
f 1035/1035/522 1037/1037/524 1036/1036/523
f 1038/1038/525 1039/1039/526 1040/1040/527
f 1039/1039/526 1041/1041/528 1040/1040/527
f 1042/1042/529 1043/1043/530 1044/1044/524
f 1043/1043/530 1045/1045/531 1044/1044/524
f 1046/1046/519 1047/1047/532 1048/1048/533
f 1047/1047/532 1049/1049/534 1048/1048/533
f 1050/1050/535 1051/1051/536 1052/1052/537
f 1051/1051/536 1053/1053/538 1052/1052/537
f 1054/1054/539 1055/1055/540 1056/1056/541
f 1055/1055/540 1057/1057/535 1056/1056/541
f 1058/1058/542 1059/1059/543 1060/1060/544
f 1059/1059/543 1061/1061/543 1060/1060/544
f 1062/1062/545 1063/1063/546 1064/1064/547
f 1063/1063/546 1065/1065/548 1064/1064/547
f 1066/1066/549 1067/1067/550 1068/1068/551
f 1067/1067/550 1069/1069/552 1068/1068/551
f 1070/1070/553 1071/1071/554 1072/1072/555
f 1071/1071/554 1073/1073/554 1072/1072/555
f 1074/1074/556 1075/1075/557 1076/1076/556
f 1075/1075/557 1077/1077/558 1076/1076/556
f 1078/1078/557 1079/1079/559 1080/1080/558
f 1079/1079/559 1081/1081/560 1080/1080/558
f 1082/1082/552 1083/1083/561 1084/1084/551
f 1083/1083/561 1085/1085/562 1084/1084/551
f 1086/1086/563 1087/1087/526 1088/1088/564
f 1087/1087/526 1089/1089/565 1088/1088/564
f 1090/1090/537 1091/1091/566 1092/1092/567
f 1091/1091/566 1093/1093/566 1092/1092/567
f 1094/1094/564 1095/1095/568 1096/1096/528
f 1095/1095/568 1097/1097/569 1096/1096/528
f 1098/1098/570 1099/1099/571 1100/1100/572
f 1099/1099/571 1101/1101/573 1100/1100/572
f 1102/1102/555 1103/1103/513 1104/1104/553
f 1103/1103/513 1105/1105/574 1104/1104/553
f 1106/1106/531 1107/1107/525 1108/1108/524
f 1107/1107/525 1109/1109/527 1108/1108/524
f 1110/1110/560 1111/1111/539 1112/1112/558
f 1111/1111/539 1113/1113/541 1112/1112/558
f 1114/1114/575 1115/1115/542 1116/1116/576
f 1115/1115/542 1117/1117/544 1116/1116/576
f 1118/1118/577 1119/1119/578 1120/1120/579
f 1119/1119/578 1121/1121/580 1120/1120/579
f 1122/1122/581 1123/1123/582 1124/1124/583
f 1123/1123/582 1125/1125/584 1124/1124/583
f 1126/1126/585 1127/1127/586 1128/1128/587
f 1127/1127/586 1129/1129/588 1128/1128/587
f 1130/1130/589 1131/1131/590 1132/1132/583
f 1131/1131/590 1133/1133/581 1132/1132/583
f 1134/1134/591 1135/1135/592 1136/1136/593
f 1135/1135/592 1137/1137/594 1136/1136/593
f 1138/1138/595 1139/1139/596 1140/1140/597
f 1139/1139/596 1141/1141/598 1140/1140/597
f 1142/1142/599 1143/1143/600 1144/1144/601
f 1143/1143/600 1145/1145/602 1144/1144/601
f 1146/1146/603 1147/1147/604 1148/1148/605
f 1147/1147/604 1149/1149/606 1148/1148/605
f 1150/1150/607 1151/1151/608 1152/1152/609
f 1151/1151/608 1153/1153/592 1152/1152/609
f 1154/1154/610 1155/1155/611 1156/1156/587
f 1155/1155/611 1157/1157/585 1156/1156/587
f 1158/1158/612 1159/1159/613 1160/1160/614
f 1159/1159/613 1161/1161/615 1160/1160/614
f 1162/1162/616 1163/1163/613 1164/1164/617
f 1163/1163/613 1165/1165/618 1164/1164/617
f 1166/1166/619 1167/1167/620 1168/1168/621
f 1167/1167/620 1169/1169/622 1168/1168/621
f 1170/1170/623 1171/1171/624 1172/1172/625
f 1171/1171/624 1173/1173/626 1172/1172/625
f 1174/1174/627 1175/1175/628 1176/1176/599
f 1175/1175/628 1177/1177/629 1176/1176/599
f 1178/1178/630 1179/1179/631 1180/1180/632
f 1179/1179/631 1181/1181/633 1180/1180/632
f 1182/1182/627 1183/1183/602 1184/1184/634
f 1183/1183/602 1185/1185/635 1184/1184/634
f 1186/1186/636 1187/1187/637 1188/1188/638
f 1187/1187/637 1189/1189/639 1188/1188/638
f 1190/1190/640 1191/1191/641 1192/1192/642
f 1191/1191/641 1193/1193/643 1192/1192/642
f 1194/1194/644 1195/1195/645 1196/1196/646
f 1195/1195/645 1197/1197/647 1196/1196/646
f 1198/1198/648 1199/1199/649 1200/1200/650
f 1199/1199/649 1201/1201/651 1200/1200/650
f 1202/1202/652 1203/1203/653 1204/1204/654
f 1203/1203/653 1205/1205/655 1204/1204/654
f 1206/1206/656 1207/1207/657 1208/1208/658
f 1207/1207/657 1209/1209/659 1208/1208/658
f 1210/1210/660 1211/1211/660 1212/1212/661
f 1211/1211/660 1213/1213/577 1212/1212/661
f 1214/1214/625 1215/1215/662 1216/1216/623
f 1215/1215/662 1217/1217/663 1216/1216/623
f 1218/1218/664 1219/1219/665 1220/1220/656
f 1219/1219/665 1221/1221/657 1220/1220/656
f 1222/1222/666 1223/1223/667 1224/1224/650
f 1223/1223/667 1225/1225/648 1224/1224/650
f 1226/1226/668 1227/1227/604 1228/1228/669
f 1227/1227/604 1229/1229/603 1228/1228/669
f 1230/1230/670 1231/1231/671 1232/1232/672
f 1231/1231/671 1233/1233/672 1232/1232/672
f 1234/1234/673 1235/1235/674 1236/1236/675
f 1235/1235/674 1237/1237/676 1236/1236/675
f 1238/1238/623 1239/1239/663 1240/1240/677
f 1239/1239/663 1241/1241/678 1240/1240/677
f 1242/1242/679 1243/1243/680 1244/1244/681
f 1243/1243/680 1245/1245/682 1244/1244/681
f 1246/1246/588 1247/1247/586 1248/1248/619
f 1247/1247/586 1249/1249/683 1248/1248/619
f 1250/1250/684 1251/1251/594 1252/1252/630
f 1251/1251/594 1253/1253/631 1252/1252/630
f 1254/1254/634 1255/1255/635 1256/1256/616
f 1255/1255/635 1257/1257/614 1256/1256/616
f 1258/1258/685 1259/1259/643 1260/1260/686
f 1259/1259/643 1261/1261/687 1260/1260/686
f 1262/1262/651 1263/1263/688 1264/1264/670
f 1263/1263/688 1265/1265/689 1264/1264/670
f 1266/1266/690 1267/1267/691 1268/1268/673
f 1267/1267/691 1269/1269/692 1268/1268/673
f 1270/1270/693 1271/1271/678 1272/1272/603
f 1271/1271/678 1273/1273/694 1272/1272/603
f 1274/1274/681 1275/1275/682 1276/1276/695
f 1275/1275/682 1277/1277/696 1276/1276/695
f 1278/1278/580 1279/1279/697 1280/1280/598
f 1279/1279/697 1281/1281/698 1280/1280/598
f 1282/1282/699 1283/1283/582 1284/1284/655
f 1283/1283/582 1285/1285/654 1284/1284/655
f 1286/1286/605 1287/1287/606 1288/1288/609
f 1287/1287/606 1289/1289/607 1288/1288/609
f 1290/1290/617 1291/1291/700 1292/1292/656
f 1291/1291/700 1293/1293/664 1292/1292/656
f 1294/1294/701 1295/1295/702 1296/1296/703
f 1295/1295/702 1297/1297/630 1296/1296/703
f 1298/1298/629 1299/1299/704 1300/1300/675
f 1299/1299/704 1301/1301/705 1300/1300/675
f 1302/1302/638 1303/1303/639 1304/1304/706
f 1303/1303/639 1305/1305/707 1304/1304/706
f 1306/1306/646 1307/1307/647 1308/1308/708
f 1307/1307/647 1309/1309/708 1308/1308/708
f 1310/1310/709 1311/1311/710 1312/1312/711
f 1311/1311/710 1313/1313/712 1312/1312/711
f 1314/1314/713 1315/1315/714 1316/1316/715
f 1315/1315/714 1317/1317/716 1316/1316/715
f 1318/1318/717 1319/1319/718 1320/1320/719
f 1319/1319/718 1321/1321/720 1320/1320/719
f 1322/1322/716 1323/1323/721 1324/1324/715
f 1323/1323/721 1325/1325/722 1324/1324/715
f 1326/1326/723 1327/1327/724 1328/1328/725
f 1327/1327/724 1329/1329/726 1328/1328/725
f 1330/1330/727 1331/1331/728 1332/1332/729
f 1331/1331/728 1333/1333/730 1332/1332/729
f 1334/1334/731 1335/1335/732 1336/1336/733
f 1335/1335/732 1337/1337/734 1336/1336/733
f 1338/1338/735 1339/1339/736 1340/1340/737
f 1339/1339/736 1341/1341/738 1340/1340/737
f 1342/1342/724 1343/1343/739 1344/1344/726
f 1343/1343/739 1345/1345/740 1344/1344/726
f 1346/1346/720 1347/1347/741 1348/1348/719
f 1347/1347/741 1349/1349/742 1348/1348/719
f 1350/1350/743 1351/1351/744 1352/1352/745
f 1351/1351/744 1353/1353/746 1352/1352/745
f 1354/1354/747 1355/1355/748 1356/1356/749
f 1355/1355/748 1357/1357/743 1356/1356/749
f 1358/1358/750 1359/1359/751 1360/1360/752
f 1359/1359/751 1361/1361/753 1360/1360/752
f 1362/1362/754 1363/1363/755 1364/1364/756
f 1363/1363/755 1365/1365/757 1364/1364/756
f 1366/1366/758 1367/1367/759 1368/1368/760
f 1367/1367/759 1369/1369/761 1368/1368/760
f 1370/1370/762 1371/1371/763 1372/1372/764
f 1371/1371/763 1373/1373/765 1372/1372/764
f 1374/1374/766 1375/1375/767 1376/1376/768
f 1375/1375/767 1377/1377/761 1376/1376/768
f 1378/1378/769 1379/1379/770 1380/1380/771
f 1379/1379/770 1381/1381/772 1380/1380/771
f 1382/1382/773 1383/1383/774 1384/1384/775
f 1383/1383/774 1385/1385/776 1384/1384/775
f 1386/1386/777 1387/1387/778 1388/1388/779
f 1387/1387/778 1389/1389/780 1388/1388/779
f 1390/1390/781 1391/1391/782 1392/1392/783
f 1391/1391/782 1393/1393/784 1392/1392/783
f 1394/1394/785 1395/1395/786 1396/1396/787
f 1395/1395/786 1397/1397/788 1396/1396/787
f 1398/1398/789 1399/1399/790 1400/1400/791
f 1399/1399/790 1401/1401/792 1400/1400/791
f 1402/1402/793 1403/1403/794 1404/1404/795
f 1403/1403/794 1405/1405/796 1404/1404/795
f 1406/1406/797 1407/1407/798 1408/1408/757
f 1407/1407/798 1409/1409/756 1408/1408/757
f 1410/1410/799 1411/1411/800 1412/1412/792
f 1411/1411/800 1413/1413/801 1412/1412/792
f 1414/1414/784 1415/1415/802 1416/1416/783
f 1415/1415/802 1417/1417/802 1416/1416/783
f 1418/1418/738 1419/1419/803 1420/1420/804
f 1419/1419/803 1421/1421/805 1420/1420/804
f 1422/1422/806 1423/1423/807 1424/1424/808
f 1423/1423/807 1425/1425/809 1424/1424/808
f 1426/1426/810 1427/1427/811 1428/1428/812
f 1427/1427/811 1429/1429/813 1428/1428/812
f 1430/1430/814 1431/1431/797 1432/1432/815
f 1431/1431/797 1433/1433/757 1432/1432/815
f 1434/1434/816 1435/1435/817 1436/1436/818
f 1435/1435/817 1437/1437/817 1436/1436/818
f 1438/1438/751 1439/1439/718 1440/1440/753
f 1439/1439/718 1441/1441/717 1440/1440/753
f 1442/1442/763 1443/1443/723 1444/1444/819
f 1443/1443/723 1445/1445/820 1444/1444/819
f 1446/1446/745 1447/1447/821 1448/1448/822
f 1447/1447/821 1449/1449/823 1448/1448/822
f 1450/1450/824 1451/1451/773 1452/1452/825
f 1451/1451/773 1453/1453/826 1452/1452/825
f 1454/1454/807 1455/1455/782 1456/1456/809
f 1455/1455/782 1457/1457/781 1456/1456/809
f 1458/1458/811 1459/1459/789 1460/1460/813
f 1459/1459/789 1461/1461/827 1460/1460/813
f 1462/1462/804 1463/1463/814 1464/1464/828
f 1463/1463/814 1465/1465/815 1464/1464/828
f 1466/1466/829 1467/1467/816 1468/1468/830
f 1467/1467/816 1469/1469/818 1468/1468/830
f 1470/1470/729 1471/1471/710 1472/1472/831
f 1471/1471/710 1473/1473/709 1472/1472/831
f 1474/1474/832 1475/1475/714 1476/1476/785
f 1475/1475/714 1477/1477/713 1476/1476/785
f 1478/1478/833 1479/1479/735 1480/1480/726
f 1479/1479/735 1481/1481/737 1480/1480/726
f 1482/1482/834 1483/1483/747 1484/1484/792
f 1483/1483/747 1485/1485/749 1484/1484/792
f 1486/1486/765 1487/1487/755 1488/1488/764
f 1487/1487/755 1489/1489/835 1488/1488/764
f 1490/1490/813 1491/1491/759 1492/1492/836
f 1491/1491/759 1493/1493/758 1492/1492/836
f 1494/1494/837 1495/1495/769 1496/1496/838
f 1495/1495/769 1497/1497/771 1496/1496/838
f 1498/1498/839 1499/1499/777 1500/1500/839
f 1499/1499/777 1501/1501/779 1500/1500/839
f 1502/1502/840 1503/1503/841 1504/1504/842
f 1503/1503/841 1505/1505/843 1504/1504/842
f 1506/1506/844 1507/1507/845 1508/1508/846
f 1507/1507/845 1509/1509/847 1508/1508/846
f 1510/1510/848 1511/1511/849 1512/1512/850
f 1511/1511/849 1513/1513/851 1512/1512/850
f 1514/1514/852 1515/1515/844 1516/1516/853
f 1515/1515/844 1517/1517/846 1516/1516/853
f 1518/1518/854 1519/1519/855 1520/1520/856
f 1519/1519/855 1521/1521/857 1520/1520/856
f 1522/1522/858 1523/1523/859 1524/1524/860
f 1523/1523/859 1525/1525/861 1524/1524/860
f 1526/1526/862 1527/1527/863 1528/1528/864
f 1527/1527/863 1529/1529/865 1528/1528/864
f 1530/1530/866 1531/1531/867 1532/1532/868
f 1531/1531/867 1533/1533/869 1532/1532/868
f 1534/1534/870 1535/1535/862 1536/1536/871
f 1535/1535/862 1537/1537/864 1536/1536/871
f 1538/1538/872 1539/1539/873 1540/1540/874
f 1539/1539/873 1541/1541/875 1540/1540/874
f 1542/1542/876 1543/1543/877 1544/1544/861
f 1543/1543/877 1545/1545/878 1544/1544/861
f 1546/1546/879 1547/1547/880 1548/1548/862
f 1547/1547/880 1549/1549/872 1548/1548/862
f 1550/1550/878 1551/1551/877 1552/1552/881
f 1551/1551/877 1553/1553/882 1552/1552/881
f 1554/1554/844 1555/1555/883 1556/1556/884
f 1555/1555/883 1557/1557/885 1556/1556/884
f 1558/1558/884 1559/1559/885 1560/1560/886
f 1559/1559/885 1561/1561/887 1560/1560/886
f 1562/1562/888 1563/1563/889 1564/1564/890
f 1563/1563/889 1565/1565/891 1564/1564/890
f 1566/1566/892 1567/1567/891 1568/1568/860
f 1567/1567/891 1569/1569/893 1568/1568/860
f 1570/1570/894 1571/1571/894 1572/1572/894
f 1571/1571/894 1573/1573/894 1572/1572/894
f 1574/1574/895 1575/1575/896 1576/1576/897
f 1575/1575/896 1577/1577/897 1576/1576/897
f 1578/1578/848 1579/1579/898 1580/1580/849
f 1579/1579/898 1581/1581/899 1580/1580/849
f 1582/1582/840 1583/1583/896 1584/1584/900
f 1583/1583/896 1585/1585/901 1584/1584/900
f 1586/1586/902 1587/1587/898 1588/1588/903
f 1587/1587/898 1589/1589/903 1588/1588/903
f 1590/1590/904 1591/1591/905 1592/1592/906
f 1591/1591/905 1593/1593/907 1592/1592/906
f 1594/1594/906 1595/1595/907 1596/1596/908
f 1595/1595/907 1597/1597/908 1596/1596/908
f 1598/1598/909 1599/1599/909 1600/1600/910
f 1599/1599/909 1601/1601/911 1600/1600/910
f 1602/1602/912 1603/1603/913 1604/1604/914
f 1603/1603/913 1605/1605/915 1604/1604/914
f 1606/1606/916 1607/1607/916 1608/1608/916
f 1607/1607/916 1609/1609/916 1608/1608/916
f 1610/1610/917 1611/1611/918 1612/1612/919
f 1611/1611/918 1613/1613/920 1612/1612/919
f 1614/1614/921 1615/1615/922 1616/1616/923
f 1615/1615/922 1617/1617/924 1616/1616/923
f 1618/1618/925 1619/1619/926 1620/1620/927
f 1619/1619/926 1621/1621/928 1620/1620/927
f 1622/1622/923 1623/1623/929 1624/1624/930
f 1623/1623/929 1625/1625/931 1624/1624/930
f 1626/1626/932 1627/1627/933 1628/1628/934
f 1627/1627/933 1629/1629/935 1628/1628/934
f 1630/1630/936 1631/1631/937 1632/1632/938
f 1631/1631/937 1633/1633/939 1632/1632/938
f 1634/1634/940 1635/1635/941 1636/1636/938
f 1635/1635/941 1637/1637/942 1636/1636/938
f 1638/1638/943 1639/1639/944 1640/1640/945
f 1639/1639/944 1641/1641/944 1640/1640/945
f 1642/1642/946 1643/1643/947 1644/1644/948
f 1643/1643/947 1645/1645/949 1644/1644/948
f 1646/1646/950 1647/1647/951 1648/1648/952
f 1647/1647/951 1649/1649/953 1648/1648/952
f 1650/1650/954 1651/1651/955 1652/1652/956
f 1651/1651/955 1653/1653/957 1652/1652/956
f 1654/1654/958 1655/1655/959 1656/1656/960
f 1655/1655/959 1657/1657/961 1656/1656/960
f 1658/1658/962 1659/1659/963 1660/1660/964
f 1659/1659/963 1661/1661/963 1660/1660/964
f 1662/1662/965 1663/1663/966 1664/1664/967
f 1663/1663/966 1665/1665/966 1664/1664/967
f 1666/1666/968 1667/1667/969 1668/1668/968
f 1667/1667/969 1669/1669/969 1668/1668/968
f 1670/1670/935 1671/1671/970 1672/1672/934
f 1671/1671/970 1673/1673/970 1672/1672/934
f 1674/1674/971 1675/1675/933 1676/1676/943
f 1675/1675/933 1677/1677/932 1676/1676/943
f 1678/1678/968 1679/1679/937 1680/1680/968
f 1679/1679/937 1681/1681/936 1680/1680/968
f 1682/1682/972 1683/1683/973 1684/1684/974
f 1683/1683/973 1685/1685/975 1684/1684/974
f 1686/1686/976 1687/1687/950 1688/1688/977
f 1687/1687/950 1689/1689/978 1688/1688/977
f 1690/1690/979 1691/1691/980 1692/1692/981
f 1691/1691/980 1693/1693/954 1692/1692/981
f 1694/1694/982 1695/1695/959 1696/1696/983
f 1695/1695/959 1697/1697/958 1696/1696/983
f 1698/1698/984 1699/1699/962 1700/1700/985
f 1699/1699/962 1701/1701/986 1700/1700/985
f 1702/1702/987 1703/1703/988 1704/1704/987
f 1703/1703/988 1705/1705/967 1704/1704/987
f 1706/1706/989 1707/1707/990 1708/1708/989
f 1707/1707/990 1709/1709/990 1708/1708/989
f 1710/1710/840 1711/1711/842 1712/1712/991
f 1711/1711/842 1713/1713/992 1712/1712/991
f 1714/1714/993 1715/1715/993 1716/1716/994
f 1715/1715/993 1717/1717/994 1716/1716/994
f 1718/1718/995 1719/1719/996 1720/1720/997
f 1719/1719/996 1721/1721/998 1720/1720/997
f 1722/1722/999 1723/1723/999 1724/1724/999
f 1723/1723/999 1725/1725/1000 1724/1724/999
f 1726/1726/1001 1727/1727/1002 1728/1728/1003
f 1727/1727/1002 1729/1729/1004 1728/1728/1003
f 1730/1730/1005 1731/1731/1006 1732/1732/1007
f 1731/1731/1006 1733/1733/1008 1732/1732/1007
f 1734/1734/1009 1735/1735/1010 1736/1736/1011
f 1735/1735/1010 1737/1737/1012 1736/1736/1011
f 1738/1738/1013 1739/1739/1014 1740/1740/1015
f 1739/1739/1014 1741/1741/1016 1740/1740/1015
f 1742/1742/1017 1743/1743/1001 1744/1744/1018
f 1743/1743/1001 1745/1745/1019 1744/1744/1018
f 1746/1746/1020 1747/1747/1021 1748/1748/1022
f 1747/1747/1021 1749/1749/1023 1748/1748/1022
f 1750/1750/1024 1751/1751/1025 1752/1752/1026
f 1751/1751/1025 1753/1753/1027 1752/1752/1026
f 1754/1754/1028 1755/1755/1029 1756/1756/1030
f 1755/1755/1029 1757/1757/1031 1756/1756/1030
f 1758/1758/1032 1759/1759/1033 1760/1760/1034
f 1759/1759/1033 1761/1761/1035 1760/1760/1034
f 1762/1762/1024 1763/1763/1029 1764/1764/1025
f 1763/1763/1029 1765/1765/1036 1764/1764/1025
f 1766/1766/1035 1767/1767/1033 1768/1768/1037
f 1767/1767/1033 1769/1769/1038 1768/1768/1037
f 1770/1770/1039 1771/1771/1040 1772/1772/1041
f 1771/1771/1040 1773/1773/1042 1772/1772/1041
f 1774/1774/1041 1775/1775/1043 1776/1776/1044
f 1775/1775/1043 1777/1777/1045 1776/1776/1044
f 1778/1778/1046 1779/1779/1047 1780/1780/1048
f 1779/1779/1047 1781/1781/1049 1780/1780/1048
f 1782/1782/1048 1783/1783/1049 1784/1784/1015
f 1783/1783/1049 1785/1785/1050 1784/1784/1015
f 1786/1786/1051 1787/1787/1052 1788/1788/1052
f 1787/1787/1052 1789/1789/1053 1788/1788/1052
f 1790/1790/1054 1791/1791/1055 1792/1792/1056
f 1791/1791/1055 1793/1793/1056 1792/1792/1056
f 1794/1794/1009 1795/1795/1057 1796/1796/1010
f 1795/1795/1057 1797/1797/1058 1796/1796/1010
f 1798/1798/1001 1799/1799/1055 1800/1800/1002
f 1799/1799/1055 1801/1801/1059 1800/1800/1002
f 1802/1802/1058 1803/1803/1057 1804/1804/1060
f 1803/1803/1057 1805/1805/1060 1804/1804/1060
f 1806/1806/1061 1807/1807/1062 1808/1808/1063
f 1807/1807/1062 1809/1809/1064 1808/1808/1063
f 1810/1810/1063 1811/1811/1064 1812/1812/1065
f 1811/1811/1064 1813/1813/1065 1812/1812/1065
f 1814/1814/1066 1815/1815/1066 1816/1816/1067
f 1815/1815/1066 1817/1817/1068 1816/1816/1067
f 1818/1818/1067 1819/1819/1068 1820/1820/1069
f 1819/1819/1068 1821/1821/1070 1820/1820/1069
f 1822/1822/1071 1823/1823/1071 1824/1824/1071
f 1823/1823/1071 1825/1825/1071 1824/1824/1071
f 1826/1826/1072 1827/1827/1073 1828/1828/1074
f 1827/1827/1073 1829/1829/1074 1828/1828/1074
f 1830/1830/1075 1831/1831/1076 1832/1832/1077
f 1831/1831/1076 1833/1833/1078 1832/1832/1077
f 1834/1834/1079 1835/1835/1080 1836/1836/991
f 1835/1835/1080 1837/1837/1081 1836/1836/991
f 1838/1838/1078 1839/1839/1076 1840/1840/1082
f 1839/1839/1076 1841/1841/1082 1840/1840/1082
f 1842/1842/1083 1843/1843/1084 1844/1844/1085
f 1843/1843/1084 1845/1845/1086 1844/1844/1085
f 1846/1846/1085 1847/1847/1086 1848/1848/1087
f 1847/1847/1086 1849/1849/1087 1848/1848/1087
f 1850/1850/1088 1851/1851/1088 1852/1852/1089
f 1851/1851/1088 1853/1853/1090 1852/1852/1089
f 1854/1854/1091 1855/1855/1090 1856/1856/1092
f 1855/1855/1090 1857/1857/1093 1856/1856/1092
f 1858/1858/1071 1859/1859/1094 1860/1860/1094
f 1859/1859/1094 1861/1861/1094 1860/1860/1094
f 1862/1862/1095 1863/1863/1096 1864/1864/1097
f 1863/1863/1096 1865/1865/1098 1864/1864/1097
f 1866/1866/1099 1867/1867/1100 1868/1868/1101
f 1867/1867/1100 1869/1869/1102 1868/1868/1101
f 1870/1870/1103 1871/1871/1104 1872/1872/1105
f 1871/1871/1104 1873/1873/1106 1872/1872/1105
f 1874/1874/1107 1875/1875/1108 1876/1876/1109
f 1875/1875/1108 1877/1877/1109 1876/1876/1109
f 1878/1878/1110 1879/1879/1111 1880/1880/1014
f 1879/1879/1111 1881/1881/1112 1880/1880/1014
f 1882/1882/863 1883/1883/1113 1884/1884/1114
f 1883/1883/1113 1885/1885/1115 1884/1884/1114
f 1886/1886/1116 1887/1887/1110 1888/1888/1117
f 1887/1887/1110 1889/1889/1117 1888/1888/1117
f 1890/1890/1118 1891/1891/1119 1892/1892/1120
f 1891/1891/1119 1893/1893/1121 1892/1892/1120
f 1894/1894/1122 1895/1895/1121 1896/1896/1123
f 1895/1895/1121 1897/1897/1123 1896/1896/1123
f 1898/1898/1124 1899/1899/1124 1900/1900/1125
f 1899/1899/1124 1901/1901/1126 1900/1900/1125
f 1902/1902/1125 1903/1903/1126 1904/1904/1127
f 1903/1903/1126 1905/1905/1128 1904/1904/1127
f 1906/1906/1129 1907/1907/1129 1908/1908/1129
f 1907/1907/1129 1909/1909/1129 1908/1908/1129
f 1910/1910/1130 1911/1911/865 1912/1912/1131
f 1911/1911/865 1913/1913/863 1912/1912/1131
f 1914/1914/1132 1915/1915/1133 1916/1916/1134
f 1915/1915/1133 1917/1917/1135 1916/1916/1134
f 1918/1918/1136 1919/1919/1137 1920/1920/1138
f 1919/1919/1137 1921/1921/1139 1920/1920/1138
f 1922/1922/1132 1923/1923/1140 1924/1924/1133
f 1923/1923/1140 1925/1925/1140 1924/1924/1133
f 1926/1926/1141 1927/1927/1142 1928/1928/1143
f 1927/1927/1142 1929/1929/1144 1928/1928/1143
f 1930/1930/1145 1931/1931/1146 1932/1932/1147
f 1931/1931/1146 1933/1933/1148 1932/1932/1147
f 1934/1934/1149 1935/1935/1150 1936/1936/1149
f 1935/1935/1150 1937/1937/1151 1936/1936/1149
f 1938/1938/1152 1939/1939/1153 1940/1940/1154
f 1939/1939/1153 1941/1941/1155 1940/1940/1154
f 1942/1942/1156 1943/1943/1157 1944/1944/1152
f 1943/1943/1157 1945/1945/1158 1944/1944/1152
f 1946/1946/1159 1947/1947/1160 1948/1948/1159
f 1947/1947/1160 1949/1949/1161 1948/1948/1159
f 1950/1950/1162 1951/1951/1163 1952/1952/1162
f 1951/1951/1163 1953/1953/1163 1952/1952/1162
f 1954/1954/1164 1955/1955/1165 1956/1956/1166
f 1955/1955/1165 1957/1957/1165 1956/1956/1166
f 1958/1958/1135 1959/1959/1167 1960/1960/1134
f 1959/1959/1167 1961/1961/1167 1960/1960/1134
f 1962/1962/1168 1963/1963/1169 1964/1964/1155
f 1963/1963/1169 1965/1965/1170 1964/1964/1155
f 1966/1966/1171 1967/1967/1172 1968/1968/1171
f 1967/1967/1172 1969/1969/1173 1968/1968/1171
f 1970/1970/1174 1971/1971/1175 1972/1972/1176
f 1971/1971/1175 1973/1973/1177 1972/1972/1176
f 1974/1974/1178 1975/1975/1179 1976/1976/1180
f 1975/1975/1179 1977/1977/1181 1976/1976/1180
f 1978/1978/1166 1979/1979/1136 1980/1980/1164
f 1979/1979/1136 1981/1981/1138 1980/1980/1164
f 1982/1982/1182 1983/1983/1183 1984/1984/1184
f 1983/1983/1183 1985/1985/1185 1984/1984/1184
f 1986/1986/1177 1987/1987/1143 1988/1988/1186
f 1987/1987/1143 1989/1989/1144 1988/1988/1186
f 1990/1990/1187 1991/1991/1188 1992/1992/1189
f 1991/1991/1188 1993/1993/1188 1992/1992/1189
f 1994/1994/1190 1995/1995/1190 1996/1996/1190
f 1995/1995/1190 1997/1997/1190 1996/1996/1190
f 1998/1998/1191 1999/1999/1191 2000/2000/1191
f 1999/1999/1191 2001/2001/1191 2000/2000/1191
f 2002/2002/1192 2003/2003/1192 2004/2004/1192
f 2003/2003/1192 2005/2005/1192 2004/2004/1192
f 2006/2006/1193 2007/2007/1193 2008/2008/1193
f 2007/2007/1193 2009/2009/1193 2008/2008/1193
f 2010/2010/1194 2011/2011/1194 2012/2012/1194
f 2011/2011/1194 2013/2013/1194 2012/2012/1194
f 2014/2014/1193 2015/2015/1193 2016/2016/1193
f 2015/2015/1193 2017/2017/1193 2016/2016/1193
f 2018/2018/1191 2019/2019/1191 2020/2020/1191
f 2019/2019/1191 2021/2021/1191 2020/2020/1191
f 2022/2022/1192 2023/2023/1192 2024/2024/1192
f 2023/2023/1192 2025/2025/1192 2024/2024/1192
f 2026/2026/1190 2027/2027/1190 2028/2028/1190
f 2027/2027/1190 2029/2029/1190 2028/2028/1190
f 2030/2030/1194 2031/2031/1194 2032/2032/1194
f 2031/2031/1194 2033/2033/1194 2032/2032/1194
f 2034/2034/1195 2035/2035/1196 2036/2036/1196
f 2035/2035/1196 2037/2037/1196 2036/2036/1196
f 2038/2038/1197 2039/2039/1197 2040/2040/1197
f 2039/2039/1197 2041/2041/1197 2040/2040/1197
f 2042/2042/1196 2043/2043/1196 2044/2044/1196
f 2043/2043/1196 2045/2045/1198 2044/2044/1196
f 2046/2046/1197 2047/2047/1197 2048/2048/1197
f 2047/2047/1197 2049/2049/1197 2048/2048/1197
f 2050/2050/1199 2051/2051/1199 2052/2052/1200
f 2051/2051/1199 2053/2053/1200 2052/2052/1200
f 2054/2054/1201 2055/2055/1201 2056/2056/1201
f 2055/2055/1201 2057/2057/1201 2056/2056/1201
f 2058/2058/1202 2059/2059/1202 2060/2060/1202
f 2059/2059/1202 2061/2061/1202 2060/2060/1202
f 2062/2062/1203 2063/2063/1203 2064/2064/1203
f 2063/2063/1203 2065/2065/1203 2064/2064/1203
f 2066/2066/1204 2067/2067/1204 2068/2068/1204
f 2067/2067/1204 2069/2069/1204 2068/2068/1204
f 2070/2070/1205 2071/2071/1205 2072/2072/1205
f 2071/2071/1205 2073/2073/1205 2072/2072/1205
f 2074/2074/1201 2075/2075/1201 2076/2076/1201
f 2075/2075/1201 2077/2077/1201 2076/2076/1201
f 2078/2078/1202 2079/2079/1202 2080/2080/1202
f 2079/2079/1202 2081/2081/1202 2080/2080/1202
f 2082/2082/1206 2083/2083/1206 2084/2084/1206
f 2083/2083/1206 2085/2085/1206 2084/2084/1206
f 2086/2086/1204 2087/2087/1204 2088/2088/1204
f 2087/2087/1204 2089/2089/1204 2088/2088/1204
f 2090/2090/1207 2091/2091/1207 2092/2092/1207
f 2091/2091/1207 2093/2093/1207 2092/2092/1207
f 2094/2094/1208 2095/2095/1208 2096/2096/1208
f 2095/2095/1208 2097/2097/1208 2096/2096/1208
f 2098/2098/1209 2099/2099/1209 2100/2100/1209
f 2099/2099/1209 2101/2101/1209 2100/2100/1209
f 2102/2102/1210 2103/2103/1210 2104/2104/1210
f 2103/2103/1210 2105/2105/1210 2104/2104/1210
f 2106/2106/1211 2107/2107/1211 2108/2108/1211
f 2107/2107/1211 2109/2109/1211 2108/2108/1211
f 2110/2110/1212 2111/2111/1212 2112/2112/1212
f 2111/2111/1212 2113/2113/1212 2112/2112/1212
f 2114/2114/1208 2115/2115/1208 2116/2116/1208
f 2115/2115/1208 2117/2117/1208 2116/2116/1208
f 2118/2118/1209 2119/2119/1209 2120/2120/1209
f 2119/2119/1209 2121/2121/1209 2120/2120/1209
f 2122/2122/1213 2123/2123/1213 2124/2124/1213
f 2123/2123/1213 2125/2125/1213 2124/2124/1213
f 2126/2126/1211 2127/2127/1211 2128/2128/1211
f 2127/2127/1211 2129/2129/1211 2128/2128/1211
f 2130/2130/1214 2131/2131/1215 2132/2132/1216
f 2131/2131/1215 2133/2133/1217 2132/2132/1216
f 2134/2134/1218 2135/2135/1219 2136/2136/1218
f 2135/2135/1219 2137/2137/1220 2136/2136/1218
f 2138/2138/1221 2139/2139/1222 2140/2140/1223
f 2139/2139/1222 2141/2141/1224 2140/2140/1223
f 2142/2142/1225 2143/2143/1226 2144/2144/1227
f 2143/2143/1226 2145/2145/1228 2144/2144/1227
f 2146/2146/1229 2147/2147/1230 2148/2148/1225
f 2147/2147/1230 2149/2149/1226 2148/2148/1225
f 2150/2150/1231 2151/2151/1232 2152/2152/1233
f 2151/2151/1232 2153/2153/1230 2152/2152/1233
f 2154/2154/1234 2155/2155/1235 2156/2156/1236
f 2155/2155/1235 2157/2157/1235 2156/2156/1236
f 2158/2158/1237 2159/2159/1238 2160/2160/1239
f 2159/2159/1238 2161/2161/1234 2160/2160/1239
f 2162/2162/1240 2163/2163/1240 2164/2164/1237
f 2163/2163/1240 2165/2165/1241 2164/2164/1237
f 2166/2166/1242 2167/2167/1243 2168/2168/1243
f 2167/2167/1243 2169/2169/1243 2168/2168/1243
f 2170/2170/1244 2171/2171/1245 2172/2172/1246
f 2171/2171/1245 2173/2173/1246 2172/2172/1246
f 2174/2174/1247 2175/2175/1248 2176/2176/1249
f 2175/2175/1248 2177/2177/1250 2176/2176/1249
f 2178/2178/1251 2179/2179/1245 2180/2180/1252
f 2179/2179/1245 2181/2181/1244 2180/2180/1252
f 2182/2182/1250 2183/2183/1248 2184/2184/1253
f 2183/2183/1248 2185/2185/1254 2184/2184/1253
f 2186/2186/1255 2187/2187/1256 2188/2188/1257
f 2187/2187/1256 2189/2189/1258 2188/2188/1257
f 2190/2190/1259 2191/2191/1258 2192/2192/1260
f 2191/2191/1258 2193/2193/1260 2192/2192/1260
f 2194/2194/1261 2195/2195/1262 2196/2196/1263
f 2195/2195/1262 2197/2197/1264 2196/2196/1263
f 2198/2198/1263 2199/2199/1265 2200/2200/1266
f 2199/2199/1265 2201/2201/1267 2200/2200/1266
f 2202/2202/1268 2203/2203/1268 2204/2204/1268
f 2203/2203/1268 2205/2205/1268 2204/2204/1268
f 2206/2206/1269 2207/2207/1270 2208/2208/1271
f 2207/2207/1270 2209/2209/1272 2208/2208/1271
f 2210/2210/1273 2211/2211/1274 2212/2212/1275
f 2211/2211/1274 2213/2213/1276 2212/2212/1275
f 2214/2214/1277 2215/2215/1270 2216/2216/1278
f 2215/2215/1270 2217/2217/1269 2216/2216/1278
f 2218/2218/1276 2219/2219/1274 2220/2220/1279
f 2219/2219/1274 2221/2221/1280 2220/2220/1279
f 2222/2222/1281 2223/2223/1282 2224/2224/1283
f 2223/2223/1282 2225/2225/1284 2224/2224/1283
f 2226/2226/1283 2227/2227/1284 2228/2228/1285
f 2227/2227/1284 2229/2229/1286 2228/2228/1285
f 2230/2230/1287 2231/2231/1288 2232/2232/1289
f 2231/2231/1288 2233/2233/1290 2232/2232/1289
f 2234/2234/1289 2235/2235/1291 2236/2236/1292
f 2235/2235/1291 2237/2237/1293 2236/2236/1292
f 2238/2238/1294 2239/2239/1295 2240/2240/1296
f 2239/2239/1295 2241/2241/1297 2240/2240/1296
f 2242/2242/1298 2243/2243/1299 2244/2244/1300
f 2243/2243/1299 2245/2245/1300 2244/2244/1300
f 2246/2246/1301 2247/2247/1302 2248/2248/1303
f 2247/2247/1302 2249/2249/1304 2248/2248/1303
f 2250/2250/1305 2251/2251/1299 2252/2252/1306
f 2251/2251/1299 2253/2253/1307 2252/2252/1306
f 2254/2254/1304 2255/2255/1302 2256/2256/1308
f 2255/2255/1302 2257/2257/1309 2256/2256/1308
f 2258/2258/1310 2259/2259/1311 2260/2260/1312
f 2259/2259/1311 2261/2261/1313 2260/2260/1312
f 2262/2262/1312 2263/2263/1313 2264/2264/1314
f 2263/2263/1313 2265/2265/1314 2264/2264/1314
f 2266/2266/1315 2267/2267/1316 2268/2268/1317
f 2267/2267/1316 2269/2269/1318 2268/2268/1317
f 2270/2270/1319 2271/2271/1320 2272/2272/1321
f 2271/2271/1320 2273/2273/1321 2272/2272/1321
f 2274/2274/1322 2275/2275/1322 2276/2276/1322
f 2275/2275/1322 2277/2277/1322 2276/2276/1322
f 2278/2278/1323 2279/2279/1324 2280/2280/1325
f 2279/2279/1324 2281/2281/1325 2280/2280/1325
f 2282/2282/859 2283/2283/1326 2284/2284/1327
f 2283/2283/1326 2285/2285/1328 2284/2284/1327
f 2286/2286/1329 2287/2287/1324 2288/2288/1330
f 2287/2287/1324 2289/2289/1323 2288/2288/1330
f 2290/2290/1331 2291/2291/1326 2292/2292/1332
f 2291/2291/1326 2293/2293/1332 2292/2292/1332
f 2294/2294/1333 2295/2295/1334 2296/2296/1335
f 2295/2295/1334 2297/2297/1336 2296/2296/1335
f 2298/2298/1337 2299/2299/1336 2300/2300/1338
f 2299/2299/1336 2301/2301/1338 2300/2300/1338
f 2302/2302/1339 2303/2303/1339 2304/2304/1340
f 2303/2303/1339 2305/2305/1341 2304/2304/1340
f 2306/2306/1342 2307/2307/1341 2308/2308/1222
f 2307/2307/1341 2309/2309/1343 2308/2308/1222
f 2310/2310/1344 2311/2311/1344 2312/2312/1344
f 2311/2311/1344 2313/2313/1344 2312/2312/1344
f 2314/2314/1345 2315/2315/1346 2316/2316/1347
f 2315/2315/1346 2317/2317/1348 2316/2316/1347
f 2318/2318/1349 2319/2319/1350 2320/2320/1351
f 2319/2319/1350 2321/2321/1352 2320/2320/1351
f 2322/2322/1353 2323/2323/1354 2324/2324/1355
f 2323/2323/1354 2325/2325/1356 2324/2324/1355
f 2326/2326/1357 2327/2327/1358 2328/2328/1359
f 2327/2327/1358 2329/2329/1360 2328/2328/1359
f 2330/2330/1361 2331/2331/1362 2332/2332/1363
f 2331/2331/1362 2333/2333/1364 2332/2332/1363
f 2334/2334/1363 2335/2335/1364 2336/2336/1365
f 2335/2335/1364 2337/2337/1366 2336/2336/1365
f 2338/2338/1367 2339/2339/1368 2340/2340/1369
f 2339/2339/1368 2341/2341/1370 2340/2340/1369
f 2342/2342/1371 2343/2343/1369 2344/2344/1372
f 2343/2343/1369 2345/2345/1373 2344/2344/1372
f 2346/2346/1374 2347/2347/1375 2348/2348/1375
f 2347/2347/1375 2349/2349/1376 2348/2348/1375
f 2350/2350/1377 2351/2351/1378 2352/2352/1379
f 2351/2351/1378 2353/2353/1379 2352/2352/1379
f 2354/2354/1380 2355/2355/1381 2356/2356/1382
f 2355/2355/1381 2357/2357/1383 2356/2356/1382
f 2358/2358/1384 2359/2359/1378 2360/2360/1385
f 2359/2359/1378 2361/2361/1377 2360/2360/1385
f 2362/2362/1383 2363/2363/1386 2364/2364/1387
f 2363/2363/1386 2365/2365/1387 2364/2364/1387
f 2366/2366/1388 2367/2367/1389 2368/2368/1390
f 2367/2367/1389 2369/2369/1391 2368/2368/1390
f 2370/2370/1390 2371/2371/1392 2372/2372/1393
f 2371/2371/1392 2373/2373/1393 2372/2372/1393
f 2374/2374/1394 2375/2375/1395 2376/2376/1396
f 2375/2375/1395 2377/2377/1396 2376/2376/1396
f 2378/2378/1396 2379/2379/1396 2380/2380/1397
f 2379/2379/1396 2381/2381/1398 2380/2380/1397
f 2382/2382/1399 2383/2383/1399 2384/2384/1399
f 2383/2383/1399 2385/2385/1399 2384/2384/1399
f 2386/2386/1400 2387/2387/1401 2388/2388/1402
f 2387/2387/1401 2389/2389/1402 2388/2388/1402
f 2390/2390/1403 2391/2391/1219 2392/2392/1404
f 2391/2391/1219 2393/2393/1405 2392/2392/1404
f 2394/2394/1217 2395/2395/1406 2396/2396/1407
f 2395/2395/1406 2397/2397/1407 2396/2396/1407
f 2398/2398/1408 2399/2399/1401 2400/2400/1409
f 2399/2399/1401 2401/2401/1400 2400/2400/1409
f 2402/2402/300 2403/2403/300 2404/2404/300
f 2403/2403/300 2405/2405/300 2404/2404/300
f 2406/2406/300 2407/2407/300 2408/2408/300
f 2407/2407/300 2403/2403/300 2408/2408/300
f 2408/2408/300 2403/2403/300 2409/2409/300
f 2403/2403/300 2402/2402/300 2409/2409/300
f 2409/2409/300 2402/2402/300 2410/2410/300
f 2411/2411/1410 2412/2412/1411 2413/2413/1412
f 2412/2412/1411 2414/2414/1413 2413/2413/1412
f 2413/2413/1412 2414/2414/1413 2415/2415/1414
f 2416/2416/1415 2417/2417/1416 2418/2418/1417
f 2417/2417/1416 2419/2419/1418 2418/2418/1417
f 2418/2418/1417 2419/2419/1418 2420/2420/1419
f 2421/2421/1389 2422/2422/1388 2423/2423/1420
f 2422/2422/1388 2424/2424/1362 2423/2423/1420
f 2423/2423/1420 2424/2424/1362 2425/2425/1361
f 2426/2426/1334 2427/2427/1421 2428/2428/1422
f 2427/2427/1421 2429/2429/1311 2428/2428/1422
f 2428/2428/1422 2429/2429/1311 2430/2430/1310
f 2431/2431/1423 2432/2432/1424 2433/2433/1425
f 2432/2432/1424 2434/2434/1426 2433/2433/1425
f 2433/2433/1425 2434/2434/1426 2435/2435/1427
f 2436/2436/1428 2437/2437/1429 2438/2438/1430
f 2437/2437/1429 2439/2439/1431 2438/2438/1430
f 2438/2438/1430 2439/2439/1431 2440/2440/1432
f 2441/2441/300 2442/2442/300 2443/2443/300
f 2442/2442/300 2444/2444/300 2443/2443/300
f 2443/2443/300 2444/2444/300 2445/2445/300
f 2446/2446/300 2444/2444/300 2447/2447/300
f 2444/2444/300 2442/2442/300 2447/2447/300
f 2447/2447/300 2442/2442/300 2448/2448/300
f 2449/2449/1433 2450/2450/1434 2451/2451/1435
f 2450/2450/1434 2452/2452/1436 2451/2451/1435
f 2451/2451/1435 2452/2452/1436 2453/2453/1437
f 2454/2454/1438 2455/2455/1439 2456/2456/1440
f 2455/2455/1439 2452/2452/1436 2456/2456/1440
f 2452/2452/1436 2450/2450/1434 2456/2456/1440
f 2450/2450/1434 2457/2457/1441 2456/2456/1440
f 2456/2456/1440 2457/2457/1441 2454/2454/1438
f 2458/2458/300 2459/2459/300 2460/2460/300
f 2459/2459/300 2461/2461/300 2460/2460/300
f 2460/2460/300 2461/2461/300 2462/2462/300
f 2463/2463/300 2461/2461/300 2464/2464/300
f 2461/2461/300 2459/2459/300 2464/2464/300
f 2464/2464/300 2459/2459/300 2465/2465/300
f 2466/2466/1442 2467/2467/1442 2468/2468/1443
f 2467/2467/1442 2469/2469/1444 2468/2468/1443
f 2468/2468/1443 2469/2469/1444 2470/2470/1445
f 2469/2469/1444 2471/2471/1445 2470/2470/1445
f 2472/2472/1446 2473/2473/1446 2474/2474/1447
f 2473/2473/1446 2475/2475/1448 2474/2474/1447
f 2474/2474/1447 2475/2475/1448 2476/2476/1449
f 2475/2475/1448 2477/2477/1450 2476/2476/1449
f 2478/2478/1079 2479/2479/991 2480/2480/1451
f 2479/2479/991 2481/2481/1452 2480/2480/1451
f 2480/2480/1451 2481/2481/1452 2482/2482/1061
f 2481/2481/1452 2483/2483/1062 2482/2482/1061
f 2484/2484/1453 2485/2485/1453 2486/2486/1454
f 2485/2485/1453 2487/2487/1455 2486/2486/1454
f 2486/2486/1454 2487/2487/1455 2488/2488/1456
f 2487/2487/1455 2489/2489/1456 2488/2488/1456
f 2490/2490/1457 2491/2491/1457 2492/2492/1458
f 2491/2491/1457 2493/2493/1459 2492/2492/1458
f 2492/2492/1458 2493/2493/1459 2494/2494/1460
f 2493/2493/1459 2495/2495/1460 2494/2494/1460
f 2496/2496/1461 2497/2497/1461 2498/2498/1462
f 2497/2497/1461 2499/2499/1462 2498/2498/1462
f 2498/2498/1462 2499/2499/1462 2500/2500/1463
f 2499/2499/1462 2501/2501/1463 2500/2500/1463
f 2502/2502/1464 2503/2503/1465 2504/2504/1466
f 2503/2503/1465 2505/2505/1467 2504/2504/1466
f 2504/2504/1466 2505/2505/1467 2506/2506/1468
f 2505/2505/1467 2507/2507/905 2506/2506/1468
f 2508/2508/1469 2509/2509/1470 2510/2510/1471
f 2509/2509/1470 2511/2511/1472 2510/2510/1471
f 2510/2510/1471 2511/2511/1472 2512/2512/1473
f 2511/2511/1472 2513/2513/1474 2512/2512/1473
f 2514/2514/1475 2515/2515/1476 2516/2516/1477
f 2516/2516/1477 2515/2515/1476 2517/2517/1351
f 2515/2515/1476 2518/2518/1478 2517/2517/1351
f 2517/2517/1351 2518/2518/1478 2519/2519/1349
f 2520/2520/1479 2521/2521/1480 2522/2522/1481
f 2522/2522/1481 2521/2521/1480 2523/2523/1273
f 2521/2521/1480 2524/2524/1482 2523/2523/1273
f 2523/2523/1273 2524/2524/1482 2525/2525/1483
f 2526/2526/1484 2527/2527/1485 2528/2528/1486
f 2528/2528/1486 2527/2527/1485 2529/2529/1281
f 2527/2527/1485 2530/2530/1487 2529/2529/1281
f 2529/2529/1281 2530/2530/1487 2531/2531/1487
f 2532/2532/1488 2533/2533/1489 2534/2534/1249
f 2534/2534/1249 2533/2533/1489 2535/2535/1247
f 2533/2533/1489 2536/2536/1490 2535/2535/1247
f 2535/2535/1247 2536/2536/1490 2537/2537/1491
f 2538/2538/1490 2539/2539/1492 2540/2540/1493
f 2540/2540/1493 2539/2539/1492 2541/2541/1494
f 2539/2539/1492 2542/2542/1475 2541/2541/1494
f 2541/2541/1494 2542/2542/1475 2543/2543/1495
f 2544/2544/1496 2545/2545/1497 2546/2546/1498
f 2546/2546/1498 2545/2545/1497 2547/2547/1301
f 2545/2545/1497 2548/2548/1499 2547/2547/1301
f 2547/2547/1301 2548/2548/1499 2549/2549/1481
f 2550/2550/1500 2551/2551/1501 2552/2552/1349
f 2552/2552/1349 2551/2551/1501 2553/2553/1502
f 2551/2551/1501 2554/2554/851 2553/2553/1502
f 2553/2553/1502 2554/2554/851 2555/2555/849
f 2556/2556/1503 2557/2557/1504 2558/2558/1505
f 2558/2558/1505 2557/2557/1504 2559/2559/1506
f 2557/2557/1504 2560/2560/1507 2559/2559/1506
f 2559/2559/1506 2560/2560/1507 2561/2561/1507
f 2562/2562/1508 2563/2563/1509 2564/2564/1510
f 2564/2564/1510 2563/2563/1509 2565/2565/1511
f 2563/2563/1509 2566/2566/1512 2565/2565/1511
f 2565/2565/1511 2566/2566/1512 2567/2567/1513
f 2568/2568/1514 2569/2569/1514 2570/2570/1255
f 2569/2569/1514 2571/2571/1515 2570/2570/1255
f 2571/2571/1515 2572/2572/1484 2570/2570/1255
f 2570/2570/1255 2572/2572/1484 2573/2573/1256
f 2574/2574/1516 2575/2575/1517 2576/2576/1075
f 2576/2576/1075 2575/2575/1517 2577/2577/1518
f 2575/2575/1517 2578/2578/1012 2577/2577/1518
f 2577/2577/1518 2578/2578/1012 2579/2579/1010
f 2580/2580/1519 2581/2581/1150 2582/2582/1520
f 2581/2581/1150 2583/2583/1521 2582/2582/1520
f 2583/2583/1521 2584/2584/1522 2582/2582/1520
f 2582/2582/1520 2584/2584/1522 2585/2585/1523
f 2586/2586/1524 2587/2587/1525 2588/2588/1153
f 2588/2588/1153 2587/2587/1525 2589/2589/1147
f 2587/2587/1525 2590/2590/1526 2589/2589/1147
f 2589/2589/1147 2590/2590/1526 2591/2591/1145
f 2592/2592/1527 2593/2593/1528 2594/2594/1529
f 2594/2594/1529 2593/2593/1528 2595/2595/1185
f 2593/2593/1528 2596/2596/1530 2595/2595/1185
f 2595/2595/1185 2596/2596/1530 2597/2597/1143
f 2598/2598/1173 2599/2599/1531 2600/2600/1532
f 2599/2599/1531 2601/2601/1533 2600/2600/1532
f 2601/2601/1533 2602/2602/1534 2600/2600/1532
f 2600/2600/1532 2602/2602/1534 2603/2603/1535
f 2604/2604/1175 2605/2605/1536 2606/2606/1537
f 2606/2606/1537 2605/2605/1536 2607/2607/1538
f 2605/2605/1536 2608/2608/1539 2607/2607/1538
f 2607/2607/1538 2608/2608/1539 2609/2609/1540
f 2610/2610/1541 2611/2611/1542 2612/2612/1543
f 2612/2612/1543 2611/2611/1542 2613/2613/1148
f 2611/2611/1542 2614/2614/1168 2613/2613/1148
f 2613/2613/1148 2614/2614/1168 2615/2615/1155
f 2616/2616/1544 2617/2617/1545 2618/2618/1546
f 2617/2617/1545 2619/2619/1547 2618/2618/1546
f 2619/2619/1547 2620/2620/1548 2618/2618/1546
f 2618/2618/1546 2620/2620/1548 2621/2621/1549
f 2622/2622/1548 2623/2623/1550 2624/2624/1549
f 2624/2624/1549 2623/2623/1550 2625/2625/1551
f 2623/2623/1550 2626/2626/1552 2625/2625/1551
f 2625/2625/1551 2626/2626/1552 2627/2627/1553
f 2628/2628/1470 2629/2629/1469 2630/2630/1554
f 2629/2629/1469 2631/2631/1555 2630/2630/1554
f 2631/2631/1555 2632/2632/1556 2630/2630/1554
f 2630/2630/1554 2632/2632/1556 2633/2633/1557
f 2634/2634/1558 2635/2635/1559 2636/2636/1560
f 2636/2636/1560 2635/2635/1559 2637/2637/1561
f 2635/2635/1559 2638/2638/1562 2637/2637/1561
f 2637/2637/1561 2638/2638/1562 2639/2639/1563
f 2640/2640/1442 2641/2641/1443 2642/2642/1442
f 2642/2642/1442 2641/2641/1443 2643/2643/1444
f 2641/2641/1443 2644/2644/1564 2643/2643/1444
f 2643/2643/1444 2644/2644/1564 2645/2645/1564
f 2646/2646/1565 2647/2647/1566 2648/2648/1565
f 2648/2648/1565 2647/2647/1566 2649/2649/1567
f 2647/2647/1566 2650/2650/1568 2649/2649/1567
f 2649/2649/1567 2650/2650/1568 2651/2651/1569
f 2652/2652/1570 2653/2653/1570 2654/2654/1571
f 2653/2653/1570 2655/2655/1572 2654/2654/1571
f 2655/2655/1572 2656/2656/1573 2654/2654/1571
f 2654/2654/1571 2656/2656/1573 2657/2657/1573
f 2658/2658/1574 2659/2659/1574 2660/2660/1575
f 2659/2659/1574 2661/2661/1576 2660/2660/1575
f 2661/2661/1576 2662/2662/1577 2660/2660/1575
f 2660/2660/1575 2662/2662/1577 2663/2663/1577
f 2664/2664/1453 2665/2665/1454 2666/2666/1453
f 2666/2666/1453 2665/2665/1454 2667/2667/1455
f 2665/2665/1454 2668/2668/1456 2667/2667/1455
f 2667/2667/1455 2668/2668/1456 2669/2669/1456
f 2670/2670/1457 2671/2671/1458 2672/2672/1457
f 2672/2672/1457 2671/2671/1458 2673/2673/1459
f 2671/2671/1458 2674/2674/1460 2673/2673/1459
f 2673/2673/1459 2674/2674/1460 2675/2675/1460
f 2676/2676/1578 2677/2677/1579 2678/2678/1578
f 2678/2678/1578 2677/2677/1579 2679/2679/1580
f 2677/2677/1579 2680/2680/1581 2679/2679/1580
f 2679/2679/1580 2680/2680/1581 2681/2681/1581
f 2682/2682/1573 2683/2683/1573 2684/2684/1571
f 2683/2683/1573 2685/2685/1572 2684/2684/1571
f 2685/2685/1572 2686/2686/1570 2684/2684/1571
f 2684/2684/1571 2686/2686/1570 2687/2687/1570
f 2688/2688/1582 2689/2689/1582 2690/2690/1583
f 2689/2689/1582 2691/2691/1583 2690/2690/1583
f 2691/2691/1583 2692/2692/1584 2690/2690/1583
f 2690/2690/1583 2692/2692/1584 2693/2693/1584
f 2694/2694/1585 2695/2695/1586 2696/2696/1587
f 2695/2695/1586 2697/2697/1588 2696/2696/1587
f 2696/2696/1587 2697/2697/1588 2698/2698/1589
f 2697/2697/1588 2699/2699/1590 2698/2698/1589
f 2700/2700/1591 2701/2701/1592 2702/2702/1593
f 2701/2701/1592 2703/2703/1594 2702/2702/1593
f 2702/2702/1593 2703/2703/1594 2704/2704/1595
f 2705/2705/1596 2706/2706/1597 2707/2707/1598
f 2707/2707/1598 2706/2706/1597 2708/2708/1599
f 2706/2706/1597 2709/2709/1600 2708/2708/1599
f 2708/2708/1599 2709/2709/1600 2710/2710/1601
f 2709/2709/1600 2711/2711/1602 2710/2710/1601
f 2710/2710/1601 2711/2711/1602 2712/2712/1603
f 2712/2712/1603 2711/2711/1602 2713/2713/1604
f 2711/2711/1602 2714/2714/1605 2713/2713/1604
f 2713/2713/1604 2714/2714/1605 2715/2715/1606
f 2715/2715/1606 2714/2714/1605 2716/2716/1607
f 2716/2716/1607 2714/2714/1605 2700/2700/1591
f 2714/2714/1605 2711/2711/1602 2700/2700/1591
f 2700/2700/1591 2711/2711/1602 2701/2701/1592
f 2711/2711/1602 2709/2709/1600 2701/2701/1592
f 2701/2701/1592 2709/2709/1600 2703/2703/1594
f 2709/2709/1600 2706/2706/1597 2703/2703/1594
f 2703/2703/1594 2706/2706/1597 2704/2704/1595
f 2706/2706/1597 2705/2705/1596 2704/2704/1595
f 2717/2717/300 2718/2718/300 2719/2719/300
f 2718/2718/300 2720/2720/300 2719/2719/300
f 2719/2719/300 2720/2720/300 2721/2721/300
f 2720/2720/300 2722/2722/300 2721/2721/300
f 2721/2721/300 2722/2722/300 2723/2723/300
f 2724/2724/1608 2725/2725/1609 2726/2726/1610
f 2725/2725/1609 2727/2727/1611 2726/2726/1610
f 2727/2727/1611 2728/2728/1612 2726/2726/1610
f 2726/2726/1610 2728/2728/1612 2724/2724/1608
f 2729/2729/1613 2730/2730/1614 2731/2731/1615
f 2730/2730/1614 2732/2732/1616 2731/2731/1615
f 2732/2732/1616 2733/2733/1617 2731/2731/1615
f 2731/2731/1615 2733/2733/1617 2729/2729/1613
f 2734/2734/300 2735/2735/300 2736/2736/300
f 2735/2735/300 2737/2737/300 2736/2736/300
f 2737/2737/300 2738/2738/300 2736/2736/300
f 2736/2736/300 2738/2738/300 2739/2739/300
f 2738/2738/300 2740/2740/300 2739/2739/300
f 2741/2741/1618 2742/2742/1618 2743/2743/1619
f 2742/2742/1618 2744/2744/1620 2743/2743/1619
f 2743/2743/1619 2744/2744/1620 2745/2745/1621
f 2744/2744/1620 2746/2746/1622 2745/2745/1621
f 2745/2745/1621 2746/2746/1622 2747/2747/1623
f 2746/2746/1622 2748/2748/1624 2747/2747/1623
f 2749/2749/300 2750/2750/300 2751/2751/300
f 2750/2750/300 2752/2752/300 2751/2751/300
f 2751/2751/300 2752/2752/300 2753/2753/300
f 2753/2753/300 2752/2752/300 2754/2754/300
f 2754/2754/300 2752/2752/300 2755/2755/300
f 2752/2752/300 2756/2756/300 2755/2755/300
f 2757/2757/1625 2758/2758/1626 2759/2759/1625
f 2759/2759/1625 2758/2758/1626 2760/2760/1627
f 2758/2758/1626 2761/2761/1628 2760/2760/1627
f 2760/2760/1627 2761/2761/1628 2762/2762/1629
f 2761/2761/1628 2763/2763/1449 2762/2762/1629
f 2762/2762/1629 2763/2763/1449 2764/2764/1630
f 2765/2765/1631 2766/2766/1632 2767/2767/1633
f 2766/2766/1632 2768/2768/1634 2767/2767/1633
f 2768/2768/1634 2769/2769/1635 2767/2767/1633
f 2769/2769/1635 2770/2770/1636 2767/2767/1633
f 2767/2767/1633 2770/2770/1636 2771/2771/1637
f 2772/2772/1638 2773/2773/1639 2766/2766/1632
f 2766/2766/1632 2773/2773/1639 2768/2768/1634
f 2773/2773/1639 2774/2774/1640 2768/2768/1634
f 2768/2768/1634 2774/2774/1640 2769/2769/1635
f 2774/2774/1640 2775/2775/1641 2769/2769/1635
f 2775/2775/1641 2776/2776/1642 2769/2769/1635
f 2769/2769/1635 2776/2776/1642 2770/2770/1636
f 2770/2770/1636 2776/2776/1642 2771/2771/1637
f 2776/2776/1642 2777/2777/1643 2771/2771/1637
f 2778/2778/1644 2779/2779/1645 2780/2780/1646
f 2779/2779/1645 2781/2781/1647 2780/2780/1646
f 2780/2780/1646 2781/2781/1647 2782/2782/1648
f 2781/2781/1647 2783/2783/1649 2782/2782/1648
f 2784/2784/1650 2785/2785/1651 2782/2782/1648
f 2785/2785/1651 2786/2786/1652 2782/2782/1648
f 2782/2782/1648 2786/2786/1652 2780/2780/1646
f 2786/2786/1652 2787/2787/1653 2780/2780/1646
f 2787/2787/1653 2788/2788/1654 2780/2780/1646
f 2780/2780/1646 2788/2788/1654 2778/2778/1644
f 2788/2788/1654 2789/2789/1655 2778/2778/1644
f 2789/2789/1655 2790/2790/1656 2778/2778/1644
f 2790/2790/1656 2791/2791/1657 2778/2778/1644
f 2778/2778/1644 2791/2791/1657 2779/2779/1645
f 2791/2791/1657 2792/2792/1658 2779/2779/1645
f 2779/2779/1645 2792/2792/1658 2781/2781/1647
f 2792/2792/1658 2793/2793/1659 2781/2781/1647
f 2781/2781/1647 2793/2793/1659 2783/2783/1649
f 2793/2793/1659 2794/2794/1660 2783/2783/1649
f 2783/2783/1649 2794/2794/1660 2782/2782/1648
f 2794/2794/1660 2784/2784/1650 2782/2782/1648
f 2795/2795/956 2796/2796/957 2797/2797/1661
f 2797/2797/1661 2796/2796/957 2798/2798/1662
f 2796/2796/957 2799/2799/1663 2798/2798/1662
f 2798/2798/1662 2799/2799/1663 2800/2800/1664
f 2799/2799/1663 2801/2801/949 2800/2800/1664
f 2800/2800/1664 2801/2801/949 2802/2802/1665
f 2801/2801/949 2803/2803/947 2802/2802/1665
f 2802/2802/1665 2803/2803/947 2804/2804/1666
f 2805/2805/1667 2806/2806/1668 2807/2807/1669
f 2807/2807/1669 2806/2806/1668 2808/2808/1670
f 2808/2808/1670 2806/2806/1668 2809/2809/1671
f 2806/2806/1668 2810/2810/1672 2809/2809/1671
f 2810/2810/1672 2811/2811/1673 2809/2809/1671
f 2809/2809/1671 2811/2811/1673 2812/2812/1674
f 2811/2811/1673 2813/2813/1675 2812/2812/1674
f 2812/2812/1674 2813/2813/1675 2814/2814/1676
f 2815/2815/1677 2816/2816/1678 2817/2817/1679
f 2817/2817/1679 2816/2816/1678 2818/2818/1680
f 2818/2818/1680 2816/2816/1678 2819/2819/1681
f 2816/2816/1678 2820/2820/1682 2819/2819/1681
f 2820/2820/1682 2821/2821/1683 2819/2819/1681
f 2819/2819/1681 2821/2821/1683 2822/2822/1684
f 2821/2821/1683 2823/2823/1685 2822/2822/1684
f 2822/2822/1684 2823/2823/1685 2824/2824/1686
f 2825/2825/1687 2826/2826/961 2827/2827/1688
f 2827/2827/1688 2826/2826/961 2828/2828/1689
f 2826/2826/961 2829/2829/1690 2828/2828/1689
f 2828/2828/1689 2829/2829/1690 2830/2830/1691
f 2829/2829/1690 2831/2831/953 2830/2830/1691
f 2830/2830/1691 2831/2831/953 2832/2832/1692
f 2831/2831/953 2833/2833/951 2832/2832/1692
f 2832/2832/1692 2833/2833/951 2834/2834/1693
f 2835/2835/976 2836/2836/977 2837/2837/1694
f 2837/2837/1694 2836/2836/977 2838/2838/1695
f 2836/2836/977 2839/2839/1696 2838/2838/1695
f 2838/2838/1695 2839/2839/1696 2840/2840/1697
f 2839/2839/1696 2841/2841/982 2840/2840/1697
f 2840/2840/1697 2841/2841/982 2842/2842/1698
f 2841/2841/982 2843/2843/983 2842/2842/1698
f 2842/2842/1698 2843/2843/983 2844/2844/1699
f 2845/2845/1700 2846/2846/972 2847/2847/1701
f 2846/2846/972 2848/2848/974 2847/2847/1701
f 2848/2848/974 2849/2849/1702 2847/2847/1701
f 2847/2847/1701 2849/2849/1702 2850/2850/1703
f 2849/2849/1702 2851/2851/979 2850/2850/1703
f 2850/2850/1703 2851/2851/979 2852/2852/1704
f 2851/2851/979 2853/2853/981 2852/2852/1704
f 2852/2852/1704 2853/2853/981 2854/2854/1705
f 2855/2855/1631 2856/2856/1706 2857/2857/1632
f 2857/2857/1632 2856/2856/1706 2858/2858/1638
f 2858/2858/1638 2856/2856/1706 2859/2859/1707
f 2856/2856/1706 2860/2860/1708 2859/2859/1707
f 2859/2859/1707 2860/2860/1708 2861/2861/1441
f 2861/2861/1441 2860/2860/1708 2862/2862/1438
f 2862/2862/1438 2860/2860/1708 2863/2863/1709
f 2860/2860/1708 2856/2856/1706 2863/2863/1709
f 2864/2864/1710 2865/2865/1711 2866/2866/1712
f 2865/2865/1711 2867/2867/1713 2866/2866/1712
f 2866/2866/1712 2867/2867/1713 2868/2868/1714
f 2867/2867/1713 2869/2869/1715 2868/2868/1714
f 2868/2868/1714 2869/2869/1715 2870/2870/1716
f 2870/2870/1716 2869/2869/1715 2871/2871/1717
f 2871/2871/1717 2869/2869/1715 2872/2872/1718
f 2869/2869/1715 2867/2867/1713 2872/2872/1718
f 2873/2873/1719 2874/2874/1720 2875/2875/1721
f 2874/2874/1720 2876/2876/1722 2875/2875/1721
f 2875/2875/1721 2876/2876/1722 2877/2877/1723
f 2877/2877/1723 2876/2876/1722 2878/2878/1724
f 2876/2876/1722 2879/2879/1725 2878/2878/1724
f 2878/2878/1724 2879/2879/1725 2880/2880/1726
f 2880/2880/1726 2879/2879/1725 2881/2881/1727
f 2881/2881/1727 2879/2879/1725 2870/2870/1716
f 2870/2870/1716 2879/2879/1725 2868/2868/1714
f 2879/2879/1725 2876/2876/1722 2868/2868/1714
f 2868/2868/1714 2876/2876/1722 2866/2866/1712
f 2876/2876/1722 2874/2874/1720 2866/2866/1712
f 2866/2866/1712 2874/2874/1720 2864/2864/1710
f 2874/2874/1720 2873/2873/1719 2864/2864/1710
f 2882/2882/1728 2883/2883/1729 2884/2884/1730
f 2883/2883/1729 2885/2885/1731 2884/2884/1730
f 2885/2885/1731 2886/2886/1732 2884/2884/1730
f 2884/2884/1730 2886/2886/1732 2887/2887/1733
f 2886/2886/1732 2888/2888/1734 2887/2887/1733
f 2888/2888/1734 2889/2889/1735 2887/2887/1733
f 2887/2887/1733 2889/2889/1735 2890/2890/1736
f 2889/2889/1735 2891/2891/1737 2890/2890/1736
f 2890/2890/1736 2891/2891/1737 2892/2892/1738
f 2892/2892/1738 2891/2891/1737 2886/2886/1732
f 2891/2891/1737 2893/2893/1739 2886/2886/1732
f 2886/2886/1732 2893/2893/1739 2888/2888/1734
f 2893/2893/1739 2891/2891/1737 2888/2888/1734
f 2888/2888/1734 2891/2891/1737 2889/2889/1735
o MegatonBurkessHouse:6
v -27.852522 34.374222 25.947153
v -17.212988 34.714840 22.434610
v -31.666069 39.510048 15.413860
v -21.026539 39.850662 11.901319
v -31.666069 39.510048 15.413860
v -21.026539 39.850662 11.901319
v -27.852522 34.374222 25.947153
v -17.212988 34.714840 22.434610
v -21.026543 39.850674 -11.901307
v -17.212996 34.714851 -22.434601
v -31.666075 39.510056 -15.413844
v -27.852530 34.374233 -25.947138
v -17.212996 34.714851 -22.434601
v -21.026543 39.850674 -11.901307
v -27.852530 34.374233 -25.947138
v -31.666075 39.510056 -15.413844
v 2.225203 17.425201 24.204287
v 9.778235 22.293053 20.046640
v -5.764689 26.294737 20.073973
v 1.788344 31.162586 15.916327
v -5.764689 26.294737 20.073973
v 1.788344 31.162586 15.916327
v 2.225203 17.425201 24.204287
v 9.778235 22.293053 20.046640
v 11.576127 29.547638 -15.006822
v 11.576129 19.543858 -19.958334
v -3.118363 32.367916 -15.387154
v -3.118359 20.322472 -21.250340
v -3.118359 20.322472 -21.250340
v 11.576129 19.543858 -19.958334
v -3.118363 32.367916 -15.387154
v 11.576127 29.547638 -15.006822
v -35.302212 37.957134 -16.729015
v -26.594723 41.860332 -5.725543
v -31.800409 37.575474 -19.518274
v -20.166035 39.801670 -11.519801
v -28.704845 34.559937 -23.891239
v -16.651310 36.489334 -16.450132
v -27.647518 37.694794 -13.666124
v -22.127316 33.507153 -21.631962
v -31.339514 38.181740 -17.227947
v -24.471321 33.958916 -24.924458
v -36.295601 36.908791 -20.952219
v -29.391865 32.994503 -28.786304
v -27.349138 36.586521 20.612717
v -15.683878 36.167305 18.091360
v -27.072853 35.936565 21.999039
v -15.133137 34.871704 20.854820
v -25.667877 31.383564 30.093050
v -14.051846 30.536976 27.381138
v -27.985291 38.858746 15.270770
v -21.856485 34.185333 23.330112
v -33.232719 37.771160 18.637867
v -27.068373 33.406292 26.834784
v -36.102875 35.604946 20.537527
v -31.300442 31.320196 28.906586
v 10.794250 20.475630 -22.268883
v 10.768900 30.950338 -15.565390
v -3.511519 22.002615 -23.328190
v -4.206917 36.950077 -15.669129
v -18.479719 22.575783 -18.713419
v -18.272322 41.473118 -14.773669
v -18.479719 22.575783 -18.713419
v -18.272322 41.473118 -14.773669
v -3.511519 22.002615 -23.328190
v -4.206917 36.950077 -15.669129
v 10.794250 20.475630 -22.268883
v 10.768900 30.950338 -15.565390
v -16.651308 36.489326 16.450144
v -28.704838 34.559929 23.891251
v -20.166031 39.801662 11.519813
v -31.800404 37.575462 19.518290
v -35.302212 37.957127 16.729031
v -26.594723 41.860325 5.725556
v -35.302212 37.957127 16.729031
v -31.800404 37.575462 19.518290
v -26.594723 41.860325 5.725556
v -20.166031 39.801662 11.519813
v -28.704838 34.559929 23.891251
v -16.651308 36.489326 16.450144
v -25.667877 31.383564 30.093050
v -14.051846 30.536976 27.381138
v -27.072853 35.936565 21.999039
v -15.133137 34.871704 20.854820
v -15.683878 36.167305 18.091360
v -27.349138 36.586521 20.612717
v -31.300442 31.320196 28.906586
v -27.068373 33.406292 26.834784
v -36.102875 35.604946 20.537527
v -33.232719 37.771160 18.637867
v -21.856485 34.185333 23.330112
v -27.985291 38.858746 15.270770
v -27.349142 36.586529 -20.612705
v -27.072861 35.936581 -21.999022
v -15.683884 36.167313 -18.091347
v -15.133143 34.871716 -20.854807
v -25.667885 31.383574 -30.093037
v -14.051854 30.536985 -27.381124
v -27.349142 36.586529 -20.612705
v -15.683884 36.167313 -18.091347
v -27.072861 35.936581 -21.999022
v -15.133143 34.871716 -20.854807
v -14.051854 30.536985 -27.381124
v -25.667885 31.383574 -30.093037
v -29.391865 32.994503 -28.786304
v -24.471321 33.958916 -24.924458
v -36.295601 36.908791 -20.952219
v -31.339514 38.181740 -17.227947
v -22.127316 33.507153 -21.631962
v -27.647518 37.694794 -13.666124
v -26.594723 41.860332 -5.725543
v -35.302212 37.957134 -16.729015
v -20.166035 39.801670 -11.519801
v -31.800409 37.575474 -19.518274
v -28.704845 34.559937 -23.891239
v -16.651310 36.489334 -16.450132
v 11.296219 22.393314 20.995447
v -4.022569 22.531309 23.451929
v 10.646862 30.968328 14.548537
v -5.100809 36.309086 15.834150
v -17.997988 22.760656 20.190186
v -18.272316 41.473125 15.647121
v -17.997988 22.760656 20.190186
v -4.022569 22.531309 23.451929
v -18.272316 41.473125 15.647121
v -5.100809 36.309086 15.834150
v 11.296219 22.393314 20.995447
v 10.646862 30.968328 14.548537
v -23.757917 43.843437 8.942428
v -28.279999 45.367519 8.776518
v -23.447884 43.705399 -0.775961
v -27.969965 45.229485 -0.941871
v -20.667416 42.222866 9.064036
v -20.357378 42.084827 -0.654351
v -20.041361 41.944130 -10.560465
v -23.131861 43.564693 -10.682075
v -27.653942 45.088783 -10.847984
v -30.886568 45.474056 8.691851
v -30.576536 45.336021 -1.026538
v -30.260511 45.195320 -10.932652
v -30.185375 45.161865 -13.287965
v -27.970436 44.175713 -13.203298
v -23.630154 42.243294 -13.037387
v -20.448772 40.826851 -12.915778
v -18.174854 39.814434 -12.828856
v -17.858368 40.727512 -10.473543
v -18.174385 40.868210 -0.567429
v -18.484419 41.006248 9.150955
v -21.231089 41.175163 11.607074
v -18.957176 40.162750 11.693995
v -24.412476 42.591606 11.485464
v -28.752754 44.524025 11.319554
v -30.967693 45.510178 11.234886
v -24.689814 43.543758 -11.039762
v -25.003881 43.683590 -1.194853
v -27.607845 44.842949 -11.151305
v -26.762228 44.466454 -1.262067
v -31.589186 44.680294 -1.419091
v -32.434803 45.056789 -11.308331
v -33.916286 45.716389 -1.508046
v -33.602219 45.576553 -11.352954
v -35.562576 46.322796 8.561161
v -31.440634 45.083218 8.710265
v -35.254635 46.185688 -1.091637
v -31.132690 44.946110 -0.942533
v -27.287609 44.700375 8.848192
v -26.979670 44.563267 -0.804606
v -25.890640 44.078400 8.901591
v -25.582697 43.941296 -0.751206
v -26.826292 44.708328 3.680973
v -18.662874 40.082832 8.135457
v -27.356525 44.944405 4.897833
v -19.719830 40.553417 10.561120
v -30.111553 44.138309 9.109738
v -22.474859 39.747326 14.773025
v -31.436907 44.728394 12.151357
v -23.273491 40.102901 16.605844
v -33.602219 45.576553 -11.352954
v -33.916286 45.716389 -1.508046
v -32.434803 45.056789 -11.308331
v -31.589186 44.680294 -1.419091
v -27.607845 44.842949 -11.151305
v -26.762228 44.466454 -1.262067
v -24.689814 43.543758 -11.039762
v -25.003881 43.683590 -1.194853
v -26.266788 44.274956 -2.544537
v -28.707695 44.597168 -7.494344
v -16.044039 39.723507 -7.881984
v -18.484949 40.045715 -12.831792
v -31.402147 43.914791 -12.073098
v -21.179396 39.363338 -17.410547
v -32.174591 44.258705 -13.845823
v -21.951841 39.707253 -19.183271
v -31.436907 44.728394 12.151357
v -23.273491 40.102901 16.605844
v -30.111553 44.138309 9.109738
v -22.474859 39.747326 14.773025
v -19.719830 40.553417 10.561120
v -27.356525 44.944405 4.897833
v -18.662874 40.082832 8.135457
v -26.826292 44.708328 3.680973
v -21.951841 39.707253 -19.183271
v -32.174591 44.258705 -13.845823
v -21.179396 39.363338 -17.410547
v -31.402147 43.914791 -12.073098
v -18.484949 40.045715 -12.831792
v -28.707695 44.597168 -7.494344
v -16.044039 39.723507 -7.881984
v -26.266788 44.274956 -2.544537
v -25.582697 43.941296 -0.751206
v -25.890640 44.078400 8.901591
v -26.979670 44.563267 -0.804606
v -27.287609 44.700375 8.848192
v -31.132690 44.946110 -0.942533
v -31.440634 45.083218 8.710265
v -35.254635 46.185688 -1.091637
v -35.562576 46.322796 8.561161
v -18.174854 39.814434 -12.828856
v -20.448772 40.826851 -12.915778
v -17.858368 40.727512 -10.473543
v -20.041361 41.944130 -10.560465
v -18.174385 40.868210 -0.567429
v -20.357378 42.084827 -0.654351
v -18.484419 41.006248 9.150955
v -20.667412 42.222866 9.064036
v -18.957176 40.162750 11.693995
v -21.231089 41.175163 11.607074
v -24.412476 42.591606 11.485464
v -23.757917 43.843437 8.942426
v -23.447884 43.705399 -0.775963
v -23.131861 43.564693 -10.682075
v -23.630154 42.243294 -13.037387
v -27.970436 44.175713 -13.203298
v -27.653942 45.088783 -10.847984
v -30.185375 45.161865 -13.287965
v -30.260511 45.195320 -10.932652
v -30.576536 45.336021 -1.026538
v -27.969965 45.229485 -0.941871
v -30.886568 45.474056 8.691851
v -28.279999 45.367519 8.776517
v -30.967693 45.510178 11.234886
v -28.752754 44.524025 11.319554
vt 0.767556 0.189667
vt 0.767556 0.006028
vt 0.505786 0.189667
vt 0.505786 0.006028
vt 0.505786 0.189667
vt 0.505786 0.006028
vt 0.767556 0.189667
vt 0.767556 0.006028
vt 0.505786 0.006028
vt 0.767556 0.006028
vt 0.505786 0.189667
vt 0.767556 0.189667
vt 0.767556 0.006028
vt 0.505786 0.006028
vt 0.767556 0.189667
vt 0.505786 0.189667
vt 0.991081 0.677422
vt 0.991081 0.506651
vt 0.772174 0.677422
vt 0.772174 0.506651
vt 0.772174 0.677422
vt 0.772174 0.506651
vt 0.991081 0.677422
vt 0.991081 0.506651
vt 0.504404 0.508608
vt 0.504404 0.687706
vt 0.766173 0.508608
vt 0.766173 0.686457
vt 0.766173 0.686457
vt 0.504404 0.687706
vt 0.766173 0.508608
vt 0.504404 0.508608
vt 0.773557 0.174842
vt 0.773557 0.004071
vt 0.883010 0.174842
vt 0.883010 0.004071
vt 0.992464 0.174842
vt 0.992464 0.004071
vt 0.992464 0.174842
vt 0.992464 0.004071
vt 0.897020 0.174842
vt 0.897020 0.004071
vt 0.773557 0.174842
vt 0.773557 0.004071
vt 0.505786 0.006028
vt 0.505786 0.189667
vt 0.538127 0.006028
vt 0.570253 0.189667
vt 0.767556 0.006028
vt 0.767556 0.189667
vt 0.773557 0.004071
vt 0.773557 0.174842
vt 0.897020 0.004071
vt 0.897020 0.174842
vt 0.992464 0.004071
vt 0.992464 0.174842
vt 0.997332 1.000000
vt 0.997332 0.692247
vt 0.748666 1.000000
vt 0.748666 0.692247
vt 0.500000 1.000000
vt 0.500000 0.692247
vt 0.500000 1.000000
vt 0.500000 0.692247
vt 0.748666 1.000000
vt 0.748666 0.692247
vt 0.997332 1.000000
vt 0.997332 0.692247
vt 0.992464 0.004071
vt 0.992464 0.174842
vt 0.883010 0.004071
vt 0.883010 0.174842
vt 0.773557 0.174842
vt 0.773557 0.004071
vt 0.773557 0.174842
vt 0.883010 0.174842
vt 0.773557 0.004071
vt 0.883010 0.004071
vt 0.992464 0.174842
vt 0.992464 0.004071
vt 0.767556 0.006028
vt 0.767556 0.189667
vt 0.538127 0.006028
vt 0.570253 0.189667
vt 0.505786 0.189667
vt 0.505786 0.006028
vt 0.992464 0.174842
vt 0.897020 0.174842
vt 0.992464 0.004071
vt 0.897020 0.004071
vt 0.773557 0.174842
vt 0.773557 0.004071
vt 0.505786 0.006028
vt 0.538127 0.006028
vt 0.505786 0.189667
vt 0.570253 0.189667
vt 0.767556 0.006028
vt 0.767556 0.189667
vt 0.505786 0.006028
vt 0.505786 0.189667
vt 0.538127 0.006028
vt 0.570253 0.189667
vt 0.767556 0.189667
vt 0.767556 0.006028
vt 0.773557 0.004071
vt 0.897020 0.004071
vt 0.773557 0.174842
vt 0.897020 0.174842
vt 0.992464 0.004071
vt 0.992464 0.174842
vt 0.773557 0.004071
vt 0.773557 0.174842
vt 0.883010 0.004071
vt 0.883010 0.174842
vt 0.992464 0.174842
vt 0.992464 0.004071
vt 0.997332 1.000000
vt 0.748666 1.000000
vt 0.997332 0.692247
vt 0.748666 0.692247
vt 0.500000 1.000000
vt 0.500000 0.692247
vt 0.500000 1.000000
vt 0.748666 1.000000
vt 0.500000 0.692247
vt 0.748666 0.692247
vt 0.997332 1.000000
vt 0.997332 0.692247
vt 0.948152 0.338946
vt 0.948152 0.445279
vt 0.750009 0.338946
vt 0.750009 0.445279
vt 0.948152 0.251891
vt 0.750009 0.251891
vt 0.548039 0.251891
vt 0.548039 0.338946
vt 0.548039 0.445279
vt 0.948152 0.497420
vt 0.750009 0.497420
vt 0.548039 0.497420
vt 0.501382 0.497420
vt 0.501382 0.445279
vt 0.501382 0.338946
vt 0.501382 0.251891
vt 0.501382 0.189667
vt 0.548039 0.189667
vt 0.750009 0.189667
vt 0.948152 0.189667
vt 0.998715 0.251891
vt 0.998715 0.189667
vt 0.998715 0.338946
vt 0.998715 0.445279
vt 0.998715 0.497420
vt 0.767556 0.006028
vt 0.767556 0.189667
vt 0.686718 0.006028
vt 0.718845 0.189667
vt 0.570253 0.189667
vt 0.538127 0.006028
vt 0.505786 0.189667
vt 0.505786 0.006028
vt 0.992464 0.174842
vt 0.897020 0.174842
vt 0.992464 0.004071
vt 0.897020 0.004071
vt 0.804887 0.174842
vt 0.804887 0.004071
vt 0.773557 0.174842
vt 0.773557 0.004071
vt 0.505786 0.006028
vt 0.505786 0.189667
vt 0.538127 0.006028
vt 0.570253 0.189667
vt 0.686718 0.006028
vt 0.718845 0.189667
vt 0.767556 0.006028
vt 0.767556 0.189667
vt 0.505786 0.006028
vt 0.505786 0.189667
vt 0.538127 0.006028
vt 0.570253 0.189667
vt 0.686718 0.006028
vt 0.718845 0.189667
vt 0.767556 0.006028
vt 0.767556 0.189667
vt 0.992464 0.174842
vt 0.897020 0.174842
vt 0.992464 0.004071
vt 0.897020 0.004071
vt 0.804887 0.174842
vt 0.804887 0.004071
vt 0.773557 0.174842
vt 0.773557 0.004071
vt 0.767556 0.006028
vt 0.767556 0.189667
vt 0.686718 0.006028
vt 0.718845 0.189667
vt 0.570253 0.189667
vt 0.538127 0.006028
vt 0.505786 0.189667
vt 0.505786 0.006028
vt 0.773557 0.004071
vt 0.773557 0.174842
vt 0.804887 0.004071
vt 0.804887 0.174842
vt 0.897020 0.004071
vt 0.897020 0.174842
vt 0.992464 0.004071
vt 0.992464 0.174842
vt 0.773557 0.004071
vt 0.773557 0.174842
vt 0.804887 0.004071
vt 0.804887 0.174842
vt 0.897020 0.004071
vt 0.897020 0.174842
vt 0.992464 0.004071
vt 0.992464 0.174842
vt 0.501382 0.189667
vt 0.501382 0.251891
vt 0.548039 0.189667
vt 0.548039 0.251891
vt 0.750009 0.189667
vt 0.750009 0.251891
vt 0.948152 0.189667
vt 0.948152 0.251891
vt 0.998715 0.189667
vt 0.998715 0.251891
vt 0.998715 0.338946
vt 0.948152 0.338946
vt 0.750009 0.338946
vt 0.548039 0.338946
vt 0.501382 0.338946
vt 0.501382 0.445279
vt 0.548039 0.445279
vt 0.501382 0.497420
vt 0.548039 0.497420
vt 0.750009 0.497420
vt 0.750009 0.445279
vt 0.948152 0.497420
vt 0.948152 0.445279
vt 0.998715 0.497420
vt 0.998715 0.445279
vn 0.1046 0.9083 0.4050
vn -0.1046 -0.9083 -0.4050
vn 0.1046 0.9083 -0.4050
vn -0.1046 -0.9083 0.4050
vn 0.1341 0.5150 0.8466
vn -0.1341 -0.5150 -0.8466
vn 0.1077 0.4410 -0.8910
vn 0.1049 0.4384 -0.8926
vn 0.1042 0.4377 -0.8931
vn 0.1017 0.4354 -0.8945
vn -0.1017 -0.4354 0.8945
vn -0.1049 -0.4384 0.8926
vn -0.1042 -0.4377 0.8931
vn -0.1077 -0.4410 0.8910
vn -0.1022 0.9603 -0.2597
vn 0.0018 0.9548 -0.2973
vn 0.0459 0.9256 -0.3756
vn 0.0958 0.9128 -0.3969
vn 0.1610 0.8639 -0.4772
vn 0.1534 0.8674 -0.4734
vn 0.3475 0.9074 -0.2362
vn 0.3783 0.9092 -0.1737
vn 0.2240 0.9194 -0.3234
vn 0.2403 0.9295 -0.2796
vn 0.0917 0.9105 -0.4032
vn 0.1071 0.9239 -0.3672
vn -0.1195 -0.9079 -0.4018
vn -0.1212 -0.8928 -0.4338
vn -0.1404 -0.8788 -0.4561
vn -0.1454 -0.8594 -0.4903
vn -0.1827 -0.8327 -0.5228
vn -0.0988 -0.8916 -0.4419
vn -0.1173 -0.9056 -0.4076
vn 0.0439 -0.8611 -0.5065
vn 0.0227 -0.8827 -0.4694
vn 0.1981 -0.8016 -0.5641
vn 0.1587 -0.8389 -0.5206
vn -0.1191 -0.5354 0.8362
vn -0.1560 -0.4934 0.8557
vn 0.0258 -0.4746 0.8798
vn -0.0054 -0.3688 0.9295
vn 0.1388 -0.3351 0.9319
vn -0.0033 -0.2041 0.9790
vn -0.2818 0.1988 -0.9387
vn -0.0967 0.3380 -0.9362
vn 0.0021 0.3958 -0.9183
vn 0.1175 0.4701 -0.8748
vn 0.1630 0.4912 -0.8557
vn 0.2167 0.5266 -0.8220
vn -0.1534 -0.8674 -0.4734
vn -0.1610 -0.8639 -0.4772
vn -0.0775 -0.9139 -0.3984
vn -0.0508 -0.9406 -0.3357
vn 0.0326 -0.9682 -0.2481
vn -0.0003 -0.9424 -0.3345
vn -0.1022 0.9603 0.2597
vn 0.0459 0.9256 0.3756
vn 0.0018 0.9548 0.2973
vn 0.0958 0.9128 0.3969
vn 0.1610 0.8639 0.4772
vn 0.1534 0.8674 0.4734
vn 0.1710 0.8711 0.4603
vn 0.1450 0.8517 0.5036
vn 0.1357 0.8864 0.4426
vn 0.1232 0.8716 0.4744
vn 0.1195 0.9079 0.4018
vn -0.1587 0.8389 0.5206
vn -0.0227 0.8827 0.4694
vn -0.1981 0.8016 0.5641
vn -0.0439 0.8611 0.5065
vn 0.1173 0.9056 0.4076
vn 0.0988 0.8916 0.4419
vn -0.1195 -0.9079 0.4018
vn -0.1212 -0.8928 0.4338
vn -0.1404 -0.8788 0.4561
vn -0.1454 -0.8594 0.4903
vn -0.1827 -0.8327 0.5228
vn 0.1195 0.9079 -0.4018
vn 0.1357 0.8864 -0.4426
vn 0.1232 0.8716 -0.4744
vn 0.1450 0.8517 -0.5036
vn 0.1710 0.8711 -0.4603
vn -0.1071 -0.9239 0.3672
vn -0.2403 -0.9295 0.2796
vn -0.0917 -0.9105 0.4032
vn -0.2240 -0.9194 0.3234
vn -0.3783 -0.9092 0.1737
vn -0.3475 -0.9074 0.2362
vn -0.0003 -0.9424 0.3345
vn 0.0326 -0.9682 0.2481
vn -0.0775 -0.9139 0.3984
vn -0.0508 -0.9406 0.3357
vn -0.1610 -0.8639 0.4772
vn -0.1534 -0.8674 0.4734
vn -0.1317 -0.6021 -0.7875
vn -0.0135 -0.5091 -0.8606
vn -0.1819 -0.5465 -0.8175
vn -0.0711 -0.3974 -0.9149
vn 0.0739 -0.3683 -0.9268
vn -0.0789 -0.2363 -0.9685
vn -0.2178 0.2272 0.9492
vn 0.0447 0.4205 0.9062
vn -0.0182 0.3692 0.9292
vn 0.1831 0.5038 0.8442
vn 0.2044 0.5430 0.8145
vn 0.2631 0.5924 0.7615
vn -0.3870 -0.8914 -0.2359
vn -0.2184 -0.9674 -0.1286
vn -0.3931 -0.9195 0.0005
vn -0.1822 -0.9832 0.0082
vn -0.4489 -0.8647 -0.2255
vn -0.4756 -0.8797 -0.0027
vn -0.4621 -0.8595 0.2185
vn -0.3810 -0.8883 0.2564
vn -0.2431 -0.9556 0.1665
vn -0.0413 -0.9991 0.0129
vn -0.2199 -0.9549 0.1995
vn -0.3886 -0.8403 0.3780
vn -0.3441 -0.7988 0.4935
vn -0.3902 -0.7962 0.4625
vn -0.4194 -0.8081 0.4136
vn -0.4837 -0.8542 0.1909
vn -0.4867 -0.8736 -0.0031
vn -0.4528 -0.8680 -0.2037
vn -0.3765 -0.8332 -0.4050
vn -0.3691 -0.8594 -0.3537
vn -0.3582 -0.8058 -0.4716
vn -0.3383 -0.8627 -0.3759
vn -0.2168 -0.9592 -0.1814
vn -0.4067 -0.9135 0.0000
vn -0.2143 -0.9766 -0.0189
vn -0.2435 -0.9698 -0.0161
vn 0.2881 0.9576 -0.0044
vn 0.1911 0.9815 -0.0078
vn 0.2528 0.9675 -0.0057
vn 0.4067 0.9135 -0.0000
vn -0.4771 -0.8781 -0.0375
vn -0.3851 -0.9047 -0.1821
vn -0.3680 -0.9066 -0.2067
vn 0.2435 0.9698 0.0161
vn 0.2143 0.9766 0.0189
vn -0.3538 -0.9283 0.1140
vn -0.3079 -0.9295 0.2029
vn -0.3373 -0.9299 0.1468
vn 0.4771 0.8781 0.0375
vn 0.3680 0.9066 0.2067
vn 0.3851 0.9047 0.1821
vn 0.3373 0.9299 -0.1468
vn 0.3079 0.9295 -0.2029
vn 0.3538 0.9283 -0.1140
vn -0.2528 -0.9675 0.0057
vn -0.1911 -0.9815 0.0078
vn -0.2881 -0.9576 0.0044
vn 0.3886 0.8403 -0.3780
vn 0.3986 0.8097 -0.4308
vn 0.4641 0.8600 -0.2123
vn 0.4618 0.8552 -0.2355
vn 0.4867 0.8736 0.0031
vn 0.4756 0.8797 0.0027
vn 0.4729 0.8617 0.1840
vn 0.4417 0.8707 0.2161
vn 0.3970 0.8299 0.3919
vn 0.3552 0.8340 0.4223
vn 0.3382 0.8267 0.4496
vn 0.3732 0.8944 0.2466
vn 0.3931 0.9195 -0.0005
vn 0.4011 0.8808 -0.2517
vn 0.3828 0.7771 -0.4995
vn 0.3586 0.8425 -0.4020
vn 0.2287 0.9613 -0.1537
vn 0.2199 0.9549 -0.1995
vn 0.0413 0.9991 -0.0129
vn 0.1822 0.9832 -0.0082
vn 0.2317 0.9623 0.1424
vn 0.2168 0.9592 0.1814
vn 0.3691 0.8594 0.3537
usemtl noname.002
s 1
f 2894/2894/1740 2895/2895/1740 2896/2896/1740
f 2895/2895/1740 2897/2897/1740 2896/2896/1740
f 2898/2898/1741 2899/2899/1741 2900/2900/1741
f 2899/2899/1741 2901/2901/1741 2900/2900/1741
f 2902/2902/1742 2903/2903/1742 2904/2904/1742
f 2903/2903/1742 2905/2905/1742 2904/2904/1742
f 2906/2906/1743 2907/2907/1743 2908/2908/1743
f 2907/2907/1743 2909/2909/1743 2908/2908/1743
f 2910/2910/1744 2911/2911/1744 2912/2912/1744
f 2911/2911/1744 2913/2913/1744 2912/2912/1744
f 2914/2914/1745 2915/2915/1745 2916/2916/1745
f 2915/2915/1745 2917/2917/1745 2916/2916/1745
f 2918/2918/1746 2919/2919/1747 2920/2920/1748
f 2919/2919/1747 2921/2921/1749 2920/2920/1748
f 2922/2922/1750 2923/2923/1751 2924/2924/1752
f 2923/2923/1751 2925/2925/1753 2924/2924/1752
f 2926/2926/1754 2927/2927/1755 2928/2928/1756
f 2927/2927/1755 2929/2929/1757 2928/2928/1756
f 2928/2928/1756 2929/2929/1757 2930/2930/1758
f 2929/2929/1757 2931/2931/1759 2930/2930/1758
f 2932/2932/1760 2933/2933/1761 2934/2934/1762
f 2933/2933/1761 2935/2935/1763 2934/2934/1762
f 2934/2934/1762 2935/2935/1763 2936/2936/1764
f 2935/2935/1763 2937/2937/1765 2936/2936/1764
f 2938/2938/1766 2939/2939/1766 2940/2940/1767
f 2939/2939/1766 2941/2941/1768 2940/2940/1767
f 2940/2940/1767 2941/2941/1768 2942/2942/1769
f 2941/2941/1768 2943/2943/1770 2942/2942/1769
f 2944/2944/1771 2945/2945/1772 2946/2946/1773
f 2945/2945/1772 2947/2947/1774 2946/2946/1773
f 2946/2946/1773 2947/2947/1774 2948/2948/1775
f 2947/2947/1774 2949/2949/1776 2948/2948/1775
f 2950/2950/1777 2951/2951/1778 2952/2952/1779
f 2951/2951/1778 2953/2953/1780 2952/2952/1779
f 2952/2952/1779 2953/2953/1780 2954/2954/1781
f 2953/2953/1780 2955/2955/1782 2954/2954/1781
f 2956/2956/1783 2957/2957/1784 2958/2958/1785
f 2957/2957/1784 2959/2959/1786 2958/2958/1785
f 2958/2958/1785 2959/2959/1786 2960/2960/1787
f 2959/2959/1786 2961/2961/1788 2960/2960/1787
f 2962/2962/1789 2963/2963/1790 2964/2964/1791
f 2963/2963/1790 2965/2965/1792 2964/2964/1791
f 2965/2965/1792 2966/2966/1793 2964/2964/1791
f 2964/2964/1791 2966/2966/1793 2967/2967/1794
f 2968/2968/1795 2969/2969/1796 2970/2970/1797
f 2970/2970/1797 2969/2969/1796 2971/2971/1798
f 2969/2969/1796 2972/2972/1799 2971/2971/1798
f 2971/2971/1798 2972/2972/1799 2973/2973/1800
f 2974/2974/1801 2975/2975/1802 2976/2976/1803
f 2975/2975/1802 2977/2977/1804 2976/2976/1803
f 2977/2977/1804 2978/2978/1805 2976/2976/1803
f 2976/2976/1803 2978/2978/1805 2979/2979/1805
f 2980/2980/1806 2981/2981/1807 2982/2982/1808
f 2982/2982/1808 2981/2981/1807 2983/2983/1809
f 2981/2981/1807 2984/2984/1810 2983/2983/1809
f 2983/2983/1809 2984/2984/1810 2985/2985/1811
f 2986/2986/1812 2987/2987/1813 2988/2988/1812
f 2988/2988/1812 2987/2987/1813 2989/2989/1814
f 2987/2987/1813 2990/2990/1815 2989/2989/1814
f 2989/2989/1814 2990/2990/1815 2991/2991/1816
f 2992/2992/1817 2993/2993/1817 2994/2994/1818
f 2993/2993/1817 2995/2995/1819 2994/2994/1818
f 2995/2995/1819 2996/2996/1820 2994/2994/1818
f 2994/2994/1818 2996/2996/1820 2997/2997/1821
f 2998/2998/1822 2999/2999/1823 3000/3000/1824
f 3000/3000/1824 2999/2999/1823 3001/3001/1825
f 2999/2999/1823 3002/3002/1826 3001/3001/1825
f 3001/3001/1825 3002/3002/1826 3003/3003/1827
f 3004/3004/1828 3005/3005/1829 3006/3006/1830
f 3005/3005/1829 3007/3007/1831 3006/3006/1830
f 3007/3007/1831 3008/3008/1832 3006/3006/1830
f 3006/3006/1830 3008/3008/1832 3009/3009/1833
f 3010/3010/1834 3011/3011/1835 3012/3012/1836
f 3012/3012/1836 3011/3011/1835 3013/3013/1837
f 3011/3011/1835 3014/3014/1838 3013/3013/1837
f 3013/3013/1837 3014/3014/1838 3015/3015/1839
f 3016/3016/1840 3017/3017/1841 3018/3018/1842
f 3018/3018/1842 3017/3017/1841 3019/3019/1843
f 3017/3017/1841 3020/3020/1844 3019/3019/1843
f 3019/3019/1843 3020/3020/1844 3021/3021/1845
f 3022/3022/1846 3023/3023/1847 3024/3024/1848
f 3023/3023/1847 3025/3025/1849 3024/3024/1848
f 3026/3026/1850 3022/3022/1846 3027/3027/1851
f 3022/3022/1846 3024/3024/1848 3027/3027/1851
f 3027/3027/1851 3024/3024/1848 3028/3028/1852
f 3028/3028/1852 3024/3024/1848 3029/3029/1853
f 3024/3024/1848 3025/3025/1849 3029/3029/1853
f 3029/3029/1853 3025/3025/1849 3030/3030/1854
f 3031/3031/1855 3032/3032/1855 3023/3023/1847
f 3023/3023/1847 3032/3032/1855 3025/3025/1849
f 3032/3032/1855 3033/3033/1855 3025/3025/1849
f 3025/3025/1849 3033/3033/1855 3030/3030/1854
f 3033/3033/1855 3034/3034/1856 3030/3030/1854
f 3034/3034/1856 3035/3035/1857 3030/3030/1854
f 3035/3035/1857 3036/3036/1858 3030/3030/1854
f 3030/3030/1854 3036/3036/1858 3029/3029/1853
f 3036/3036/1858 3037/3037/1859 3029/3029/1853
f 3029/3029/1853 3037/3037/1859 3028/3028/1852
f 3037/3037/1859 3038/3038/1860 3028/3028/1852
f 3038/3038/1860 3039/3039/1861 3028/3028/1852
f 3028/3028/1852 3039/3039/1861 3027/3027/1851
f 3039/3039/1861 3040/3040/1862 3027/3027/1851
f 3027/3027/1851 3040/3040/1862 3026/3026/1850
f 3040/3040/1862 3041/3041/1863 3026/3026/1850
f 3026/3026/1850 3041/3041/1863 3042/3042/1864
f 3041/3041/1863 3043/3043/1865 3042/3042/1864
f 3042/3042/1864 3044/3044/1866 3026/3026/1850
f 3026/3026/1850 3044/3044/1866 3022/3022/1846
f 3044/3044/1866 3045/3045/1867 3022/3022/1846
f 3022/3022/1846 3045/3045/1867 3023/3023/1847
f 3045/3045/1867 3046/3046/1868 3023/3023/1847
f 3046/3046/1868 3031/3031/1855 3023/3023/1847
f 3047/3047/1869 3048/3048/1869 3049/3049/1870
f 3048/3048/1869 3050/3050/1871 3049/3049/1870
f 3050/3050/1871 3051/3051/1870 3049/3049/1870
f 3049/3049/1870 3051/3051/1870 3052/3052/1871
f 3051/3051/1870 3053/3053/1869 3052/3052/1871
f 3052/3052/1871 3053/3053/1869 3054/3054/1869
f 3055/3055/1872 3056/3056/1873 3057/3057/1872
f 3057/3057/1872 3056/3056/1873 3058/3058/1873
f 3056/3056/1873 3059/3059/1874 3058/3058/1873
f 3058/3058/1873 3059/3059/1874 3060/3060/1874
f 3059/3059/1874 3061/3061/1875 3060/3060/1874
f 3060/3060/1874 3061/3061/1875 3062/3062/1875
f 3063/3063/1876 3064/3064/1876 3065/3065/1877
f 3064/3064/1876 3066/3066/1878 3065/3065/1877
f 3065/3065/1877 3066/3066/1878 3067/3067/1878
f 3066/3066/1878 3068/3068/1877 3067/3067/1878
f 3067/3067/1878 3068/3068/1877 3069/3069/1876
f 3068/3068/1877 3070/3070/1876 3069/3069/1876
f 3071/3071/1875 3072/3072/1875 3073/3073/1879
f 3072/3072/1875 3074/3074/1880 3073/3073/1879
f 3073/3073/1879 3074/3074/1880 3075/3075/1880
f 3074/3074/1880 3076/3076/1879 3075/3075/1880
f 3075/3075/1880 3076/3076/1879 3077/3077/1875
f 3076/3076/1879 3078/3078/1875 3077/3077/1875
f 3079/3079/1881 3080/3080/1882 3081/3081/1881
f 3081/3081/1881 3080/3080/1882 3082/3082/1882
f 3080/3080/1882 3083/3083/1883 3082/3082/1882
f 3082/3082/1882 3083/3083/1883 3084/3084/1883
f 3083/3083/1883 3085/3085/1869 3084/3084/1883
f 3084/3084/1883 3085/3085/1869 3086/3086/1869
f 3087/3087/1884 3088/3088/1884 3089/3089/1885
f 3088/3088/1884 3090/3090/1886 3089/3089/1885
f 3090/3090/1886 3091/3091/1885 3089/3089/1885
f 3089/3089/1885 3091/3091/1885 3092/3092/1886
f 3091/3091/1885 3093/3093/1884 3092/3092/1886
f 3092/3092/1886 3093/3093/1884 3094/3094/1884
f 3095/3095/1875 3096/3096/1875 3097/3097/1887
f 3096/3096/1875 3098/3098/1887 3097/3097/1887
f 3097/3097/1887 3098/3098/1887 3099/3099/1888
f 3098/3098/1887 3100/3100/1888 3099/3099/1888
f 3099/3099/1888 3100/3100/1888 3101/3101/1889
f 3100/3100/1888 3102/3102/1889 3101/3101/1889
f 3103/3103/1869 3104/3104/1869 3105/3105/1890
f 3104/3104/1869 3106/3106/1890 3105/3105/1890
f 3105/3105/1890 3106/3106/1890 3107/3107/1891
f 3106/3106/1890 3108/3108/1891 3107/3107/1891
f 3107/3107/1891 3108/3108/1891 3109/3109/1892
f 3108/3108/1891 3110/3110/1892 3109/3109/1892
f 3111/3111/1893 3112/3112/1894 3113/3113/1895
f 3112/3112/1894 3114/3114/1896 3113/3113/1895
f 3113/3113/1895 3114/3114/1896 3115/3115/1897
f 3114/3114/1896 3116/3116/1898 3115/3115/1897
f 3115/3115/1897 3116/3116/1898 3117/3117/1899
f 3116/3116/1898 3118/3118/1900 3117/3117/1899
f 3117/3117/1899 3118/3118/1900 3119/3119/1901
f 3119/3119/1901 3118/3118/1900 3120/3120/1902
f 3120/3120/1902 3118/3118/1900 3121/3121/1903
f 3121/3121/1903 3118/3118/1900 3122/3122/1904
f 3118/3118/1900 3116/3116/1898 3122/3122/1904
f 3122/3122/1904 3116/3116/1898 3123/3123/1905
f 3116/3116/1898 3114/3114/1896 3123/3123/1905
f 3123/3123/1905 3114/3114/1896 3124/3124/1906
f 3124/3124/1906 3114/3114/1896 3125/3125/1907
f 3114/3114/1896 3112/3112/1894 3125/3125/1907
f 3125/3125/1907 3126/3126/1908 3124/3124/1906
f 3124/3124/1906 3126/3126/1908 3127/3127/1909
f 3126/3126/1908 3128/3128/1910 3127/3127/1909
f 3128/3128/1910 3129/3129/1911 3127/3127/1909
f 3129/3129/1911 3130/3130/1911 3127/3127/1909
f 3127/3127/1909 3130/3130/1911 3131/3131/1912
f 3130/3130/1911 3132/3132/1911 3131/3131/1912
f 3131/3131/1912 3132/3132/1911 3133/3133/1913
f 3132/3132/1911 3134/3134/1914 3133/3133/1913
f 3134/3134/1914 3135/3135/1915 3133/3133/1913
f 3135/3135/1915 3121/3121/1903 3133/3133/1913
f 3121/3121/1903 3122/3122/1904 3133/3133/1913
f 3133/3133/1913 3122/3122/1904 3131/3131/1912
f 3122/3122/1904 3123/3123/1905 3131/3131/1912
f 3131/3131/1912 3123/3123/1905 3127/3127/1909
f 3123/3123/1905 3124/3124/1906 3127/3127/1909
o MegatonBurkessHouse:27
v -46.868675 21.455374 -0.664908
v -34.997868 23.917494 -4.234831
v -35.174530 18.466337 -3.826579
v -32.338142 19.215656 -13.538655
v -33.086487 1.321028 -15.352728
v -35.174530 18.466337 -3.826579
v -37.147076 1.263458 -3.756080
v -37.147076 1.263458 -3.756080
v -49.079857 1.318462 -2.038652
v -35.174530 18.466337 -3.826579
v -46.868675 21.455374 -0.664908
v -12.598862 1.333670 -18.351019
v -16.695976 1.424883 -14.414591
v -12.152053 25.607183 -16.071749
v -16.278828 27.858606 -14.304636
vt 0.815020 0.994882
vt 0.813843 0.993706
vt 0.815020 0.993706
vt 0.815020 0.993706
vt 0.815020 0.994882
vt 0.813843 0.993706
vt 0.813843 0.994882
vt 0.815020 0.993706
vt 0.815020 0.994882
vt 0.813843 0.993706
vt 0.813843 0.994882
vt 0.815020 0.994882
vt 0.813843 0.994882
vt 0.815020 0.993706
vt 0.813843 0.993706
vn -0.2473 0.0556 -0.9673
vn -0.2754 -0.0629 -0.9593
vn -0.5559 0.0389 -0.8304
vn -0.9591 0.0680 -0.2749
vn -0.9461 0.0933 -0.3101
vn -0.5559 0.0389 -0.8303
vn -0.6098 0.0667 -0.7897
vn -0.6099 0.0667 -0.7897
vn -0.1808 0.0442 -0.9825
vn -0.6897 0.0803 -0.7197
vn -0.6594 0.0726 -0.7482
vn -0.4256 0.0180 -0.9047
vn -0.3890 0.0100 -0.9212
usemtl noname.004
s 1
f 3136/3136/1916 3137/3137/1917 3138/3138/1918
f 3139/3139/1919 3140/3140/1920 3141/3141/1921
f 3140/3140/1920 3142/3142/1922 3141/3141/1921
f 3143/3143/1923 3144/3144/1924 3145/3145/1921
f 3144/3144/1924 3146/3146/1916 3145/3145/1921
f 3147/3147/1925 3148/3148/1926 3149/3149/1927
f 3148/3148/1926 3150/3150/1928 3149/3149/1927
o MegatonBurkessHouse:42
v 15.870289 0.000004 -5.238116
v 15.870289 15.933408 -5.238116
v 15.870294 0.000002 5.256548
v 15.870294 15.933408 5.256548
vt 0.149244 0.000500
vt 0.149245 0.839913
vt 0.999500 0.000499
vt 0.999501 0.839913
vn 1.0000 0.0000 -0.0000
usemtl noname.005
s 1
f 3151/3151/1929 3152/3152/1929 3153/3153/1929
f 3152/3152/1929 3154/3154/1929 3153/3153/1929
o MegatonBurkessHouse:55
v -16.197525 3.763670 19.250332
v -17.183960 1.391707 19.376995
v -16.074343 1.391624 19.293415
v -18.326969 1.391784 -15.613581
v -17.129871 3.764142 -15.903845
v -17.252483 1.391711 -15.603702
v -13.755956 33.517857 -15.959483
v -13.722562 38.564556 -13.983511
v -10.404833 33.909874 -15.676632
v -2.205709 34.807430 -14.997029
v -11.970298 13.427014 20.781322
v -7.839401 24.327421 18.178595
v -11.848782 25.326523 18.983431
v -0.840774 22.568857 16.762648
v -8.135318 13.400393 20.147339
v -12.017562 9.078288 21.352173
v -12.107889 3.761286 22.000841
v -7.698334 3.758090 21.552990
v -7.988863 9.134618 20.792789
v 0.847168 13.313855 18.672293
v 11.446117 19.341661 16.648424
v 11.601931 13.157453 17.789684
v 1.645735 9.252306 19.464930
v 11.891640 7.966561 18.630611
v 2.898505 3.747379 20.484987
v -12.472538 33.629620 16.345207
v -9.631972 34.137222 15.872045
v -3.734876 35.160202 14.906210
v 12.005005 27.873663 14.766628
v 14.163315 26.869766 14.754964
v 14.430297 18.561218 16.618084
v 14.815416 13.097835 17.526829
v 15.290995 7.546634 18.352888
v 12.281857 3.733766 19.061287
v 3.523464 1.389183 20.901159
v -12.162411 1.391293 22.237850
v 14.147016 29.319822 14.170380
v 15.672444 1.386515 18.651728
v 15.529825 3.728040 18.571686
v -3.734876 35.160202 14.906210
v -12.446862 37.484589 15.381027
v -9.631972 34.137222 15.872045
v -12.472538 33.629620 16.345207
v -18.842169 41.860874 0.186530
v -17.751284 37.732178 -11.894705
v -17.805708 38.040676 0.290689
v -16.814407 32.645603 -15.922060
v -16.918140 32.870827 -12.176825
v -17.269840 33.441769 0.434329
v -17.857023 38.331951 11.768602
v -19.045942 41.860950 7.380661
v -18.409595 43.399040 0.125024
v -18.634829 41.860748 -7.130185
v -18.115894 40.514675 -14.319125
v -17.601807 34.358414 12.328620
v -17.712021 34.598782 16.252779
v -17.983692 41.153866 15.108542
v 15.672436 1.386515 -19.521318
v 15.848789 3.727449 -19.545301
v 16.163832 3.726859 -13.318918
v 16.068649 7.903903 -19.452211
v 17.050758 1.386147 -5.202515
v 16.401886 3.726408 -8.615378
v 16.575666 3.726079 -5.202515
v 15.791795 7.776822 -5.202515
v 15.859382 7.807861 -8.625532
v 15.947924 7.848508 -13.206730
v 15.838387 13.077499 -12.966092
v 16.026791 13.073680 -19.008055
v 15.798166 18.513329 -12.629737
v 16.053980 18.504120 -18.420628
v 13.295514 27.179464 -11.169530
v 12.735868 26.937204 -16.390535
v 11.377060 30.389292 -15.031075
v 12.318367 30.229218 -10.613648
v 14.410941 27.660223 -0.813702
v 14.403789 29.867908 -0.803948
v 15.242192 18.533072 -0.044642
v 15.634523 16.763294 -8.250890
v 15.696828 13.080353 -8.426285
v 15.590343 13.082492 -5.202515
v 15.519000 15.469551 -5.202515
v 15.332949 15.474490 0.146893
v 15.284911 16.955954 0.053147
v -13.755956 33.517857 -15.959483
v -15.287212 33.082104 -15.940445
v -13.722562 38.564556 -13.983511
v -15.922823 39.545074 -14.148870
v -16.814407 32.645603 -15.922060
v -18.115894 40.514675 -14.319125
v 3.523463 1.389183 -21.903627
v -12.896015 1.391360 -19.521338
v -8.164828 3.758461 -19.984352
v -13.940863 3.762419 -19.294159
v -13.890812 8.762568 -18.730440
v -13.755956 33.517857 -15.959483
v -10.404833 33.909874 -15.676632
v -13.137613 24.255133 -16.842695
v -8.375744 22.845938 -17.265020
v -13.652495 13.436965 -18.222080
v -8.277738 13.401484 -18.715258
v -8.221520 8.741012 -19.387217
v 2.961211 3.747302 -21.481174
v 11.789227 3.734587 -20.152323
v 15.672436 1.386515 -19.521318
v 15.848789 3.727449 -19.545301
v 16.068649 7.903903 -19.452211
v 11.688234 8.147538 -19.793411
v 11.649588 13.156611 -19.181501
v 8.224938 12.896930 -19.343164
v 12.118174 18.954397 -18.328835
v 8.383358 19.687490 -18.220043
v -2.205709 34.807430 -14.997029
v 0.994129 19.675695 -18.057930
v 1.118826 12.996486 -19.591166
v 1.944937 8.687165 -20.555037
v 9.779736 28.490091 -16.097349
v 11.377060 30.389292 -15.031075
v 12.735868 26.937204 -16.390535
v 16.053980 18.504120 -18.420628
v 16.026791 13.073680 -19.008055
v 1.928826 18.883066 -18.339951
v 1.928826 13.834826 -19.351629
v 7.192742 13.824887 -19.304867
v 7.192742 18.873129 -18.293192
v -17.983692 41.153866 15.108542
v -17.712021 34.598782 16.252779
v -15.220476 39.328384 15.233558
v -15.097931 34.119167 16.298420
v -12.446862 37.484589 15.381027
v -12.472538 33.629620 16.345207
v 15.069581 13.092844 10.340876
v 15.451897 7.620641 11.032290
v 15.514044 7.649209 8.205709
v 16.325098 3.726555 8.593771
v 16.098558 3.726981 11.435163
v 14.403789 29.867908 -0.803948
v 14.248230 29.536060 8.245541
v 14.410941 27.660223 -0.813702
v 14.261918 27.185246 8.516077
v 15.242192 18.533072 -0.044642
v 14.771962 18.549467 9.605851
v 14.937339 17.113241 7.452543
v 15.159811 13.091060 7.789972
v 15.581675 7.680295 5.210410
v 16.597134 3.726038 5.210410
v 17.306028 1.386078 5.210410
v 15.672444 1.386515 18.651728
v 15.529825 3.728040 18.571686
v 15.290995 7.546634 18.352888
v 14.147016 29.319822 14.170380
v 14.163315 26.869766 14.754964
v 14.430297 18.561218 16.618084
v 14.815416 13.097835 17.526829
v 15.284911 16.955954 0.053147
v 15.332949 15.474490 0.146893
v 15.135698 15.479698 5.210410
v 15.258111 13.089116 5.210410
v -17.252483 1.391711 -15.603702
v -17.129871 3.764142 -15.903845
v -15.614704 1.391589 -17.562531
v -15.536658 3.763321 -17.598997
v -13.974601 1.391456 -19.521332
v -13.940863 3.762419 -19.294159
v -12.896015 1.391360 -19.521338
v -16.978483 7.319297 -16.203512
v -15.432878 8.041650 -17.471657
v -13.890812 8.762568 -18.730440
v -15.204108 13.445262 -17.205498
v -13.652495 13.436965 -18.222080
v -13.137613 24.255133 -16.842695
v -14.752187 25.327385 -16.310678
v -13.755956 33.517857 -15.959483
v -15.287212 33.082104 -15.940445
v -16.359943 26.399137 -15.785513
v -16.814407 32.645603 -15.922060
v -16.752359 13.452743 -16.188900
v -17.531454 30.925440 16.541830
v -17.286486 26.075663 16.999619
v -14.573935 25.704453 17.989460
v -16.646919 13.452258 18.546045
v -14.312338 13.440590 19.663685
v -16.370655 7.656132 19.080536
v -14.274738 8.390277 20.245678
v -14.506259 3.762747 20.625586
v -16.197525 3.763670 19.250332
v -16.074343 1.391624 19.293415
v -14.658903 1.391512 20.765619
v -17.712021 34.598782 16.252779
v -15.097931 34.119167 16.298420
v -12.472538 33.629620 16.345207
v -11.848782 25.326523 18.983431
v -11.970298 13.427014 20.781322
v -12.017562 9.078288 21.352173
v -12.107889 3.761286 22.000841
v -13.241675 1.391389 22.237850
v -12.162411 1.391293 22.237850
vt 0.481654 0.542208
vt 0.461195 0.502190
vt 0.477268 0.502190
vt 0.045392 0.504214
vt 0.027258 0.539960
vt 0.033269 0.504214
vt 1.930208 0.502491
vt 1.904445 0.561671
vt 1.880353 0.502491
vt 1.759286 0.502491
vt 1.600868 1.691336
vt 1.664563 1.852350
vt 1.603227 1.866085
vt 1.770779 1.828563
vt 1.658636 1.691336
vt 1.600000 1.627048
vt 1.598658 1.548511
vt 1.663492 1.548511
vt 1.660104 1.628102
vt 1.793040 1.691336
vt 1.955075 1.785508
vt 1.952781 1.691336
vt 1.802892 1.630605
vt 1.952223 1.612290
vt 1.818104 1.548511
vt 1.593412 1.997865
vt 1.637030 1.997865
vt 1.727042 1.997865
vt 1.966782 1.911718
vt 1.999463 1.899974
vt 1.999463 1.775138
vt 2.000356 1.691336
vt 2.001263 1.606275
vt 1.953610 1.548511
vt 1.827596 1.507530
vt 1.597958 1.507530
vt 1.999463 1.935708
vt 1.999463 1.507530
vt 2.000210 1.548510
vt 1.727042 1.502000
vt 1.593412 1.544348
vt 1.637030 1.502000
vt 1.593412 1.502000
vt 0.246573 1.604115
vt 0.059063 1.553169
vt 0.248166 1.557151
vt 0.001597 1.502394
vt 0.058335 1.502394
vt 0.250278 1.502394
vt 0.426616 1.560908
vt 0.359287 1.601974
vt 0.245612 1.625880
vt 0.131939 1.606293
vt 0.019820 1.588984
vt 0.432546 1.502394
vt 0.492929 1.502394
vt 0.480101 1.597153
vt 0.814510 0.508897
vt 0.815792 0.553683
vt 0.722121 0.553683
vt 0.817773 0.622871
vt 0.604199 0.508897
vt 0.651360 0.553683
vt 0.599716 0.553683
vt 0.592696 0.620713
vt 0.647638 0.621239
vt 0.719615 0.621930
vt 0.718795 0.709772
vt 0.817590 0.709772
vt 0.717959 0.801357
vt 0.817397 0.801357
vt 0.698574 0.942023
vt 0.797290 0.937678
vt 0.777976 0.991299
vt 0.692133 0.989563
vt 0.501853 0.950681
vt 0.501853 0.985716
vt 0.501853 0.801357
vt 0.642274 0.771853
vt 0.644563 0.709772
vt 0.588722 0.709772
vt 0.586241 0.750010
vt 0.501853 0.749994
vt 0.501853 0.774905
vt 1.439269 0.502491
vt 1.462120 0.502491
vt 1.413506 0.561671
vt 1.446456 0.575098
vt 1.484972 0.502491
vt 1.479406 0.588524
vt 1.686456 0.527750
vt 1.917067 0.527750
vt 1.849932 0.567372
vt 1.932153 0.567372
vt 1.931810 0.638715
vt 1.930208 0.998265
vt 1.880353 0.998265
vt 1.920745 0.859125
vt 1.850313 0.840087
vt 1.928459 0.705462
vt 1.850078 0.705462
vt 1.850000 0.638670
vt 1.692919 0.567372
vt 1.568933 0.567372
vt 1.512297 0.527750
vt 1.512297 0.567372
vt 1.512297 0.628581
vt 1.571612 0.631670
vt 1.571361 0.705462
vt 1.617633 0.700857
vt 1.564849 0.791150
vt 1.614774 0.799887
vt 1.759286 0.998265
vt 1.713635 0.797749
vt 1.714058 0.701114
vt 1.704537 0.638591
vt 1.582685 0.925034
vt 1.559190 0.954526
vt 1.539410 0.907088
vt 1.512297 0.786486
vt 1.512297 0.705462
vt 1.701672 0.786274
vt 1.702799 0.713499
vt 1.631629 0.714118
vt 1.630979 0.788251
vt 1.009061 1.596286
vt 1.004867 1.502000
vt 1.047517 1.570317
vt 1.045420 1.502000
vt 1.085973 1.544348
vt 1.085973 1.502000
vt 0.830017 0.709772
vt 0.825148 0.618065
vt 0.872154 0.618549
vt 0.873426 0.553683
vt 0.824853 0.553683
vt 0.997727 0.985716
vt 0.843046 0.980344
vt 0.997727 0.950681
vt 0.840053 0.942939
vt 0.997727 0.801357
vt 0.834796 0.801357
vt 0.873643 0.777372
vt 0.872630 0.709772
vt 0.923325 0.619076
vt 0.931740 0.553683
vt 0.937816 0.508897
vt 0.702437 0.508897
vt 0.702856 0.553683
vt 0.703448 0.616812
vt 0.742076 0.976838
vt 0.735103 0.937785
vt 0.716406 0.801357
vt 0.709975 0.709772
vt 0.997727 0.774905
vt 0.997727 0.749994
vt 0.917976 0.750000
vt 0.919049 0.709772
vt 1.497537 0.527750
vt 1.492214 0.567372
vt 1.469471 0.527750
vt 1.466714 0.567372
vt 1.441405 0.527750
vt 1.441214 0.567372
vt 1.426129 0.527750
vt 1.485408 0.618028
vt 1.463140 0.628371
vt 1.440871 0.638715
vt 1.460248 0.705462
vt 1.437520 0.705462
vt 1.429807 0.859125
vt 1.453840 0.873992
vt 1.439269 0.998265
vt 1.462120 0.998265
vt 1.477874 0.888859
vt 1.484972 0.998265
vt 1.482976 0.705462
vt 1.007905 1.945679
vt 1.011948 1.876221
vt 1.053869 1.871153
vt 1.022600 1.691336
vt 1.058015 1.691336
vt 1.027523 1.605886
vt 1.058814 1.616787
vt 1.055834 1.548511
vt 1.030829 1.548511
vt 1.033190 1.507530
vt 1.053956 1.507530
vt 1.004867 1.997865
vt 1.045420 1.997865
vt 1.085973 1.997865
vt 1.095789 1.866085
vt 1.093430 1.691336
vt 1.092562 1.627048
vt 1.091220 1.548511
vt 1.074723 1.507530
vt 1.090519 1.507530
vn -0.0316 0.0495 0.9983
vn -0.0047 0.0552 0.9985
vn 0.0751 0.0220 0.9969
vn -0.1411 -0.0510 -0.9887
vn -0.2244 -0.0275 -0.9741
vn 0.0091 -0.1260 -0.9920
vn -0.0200 0.2295 -0.9731
vn 0.1086 0.3217 -0.9406
vn 0.0443 0.2497 -0.9673
vn 0.0316 0.2248 -0.9739
vn -0.1377 0.1404 0.9805
vn 0.2251 0.1940 0.9548
vn -0.0404 0.2099 0.9769
vn 0.1447 0.1931 0.9705
vn 0.1658 0.1661 0.9721
vn -0.1759 0.1311 0.9756
vn -0.1942 0.1384 0.9712
vn 0.1092 0.1229 0.9864
vn 0.1386 0.1536 0.9784
vn 0.1124 0.2085 0.9715
vn 0.0687 0.2027 0.9768
vn 0.0861 0.1723 0.9813
vn 0.1067 0.1990 0.9742
vn 0.1090 0.1464 0.9832
vn 0.1098 0.1938 0.9749
vn 0.0481 0.2520 0.9665
vn 0.1230 0.2557 0.9589
vn 0.1305 0.2113 0.9687
vn 0.0992 0.2137 0.9719
vn 0.1019 0.2178 0.9707
vn 0.0661 0.1957 0.9784
vn 0.0834 0.1610 0.9834
vn 0.1072 0.1219 0.9867
vn 0.1542 0.0955 0.9834
vn 0.1228 0.1936 0.9734
vn 0.5806 0.0602 0.8120
vn 0.1137 0.2301 0.9665
vn 0.3265 -0.2713 -0.9054
vn 0.1489 0.0539 0.9874
vn 0.0855 0.2239 0.9709
vn -0.9999 0.0040 -0.0161
vn -0.9857 -0.1663 -0.0263
vn -0.9819 -0.1893 0.0004
vn -0.3869 0.0331 -0.9215
vn -0.9856 -0.1678 -0.0184
vn -0.9931 -0.1171 -0.0060
vn -0.9918 -0.1255 0.0231
vn -0.9596 -0.2814 -0.0006
vn -0.9626 0.2696 -0.0273
vn -0.9888 -0.1463 -0.0301
vn -0.8577 -0.0424 -0.5124
vn -0.9975 -0.0673 -0.0233
vn -0.9984 -0.0551 -0.0136
vn -0.9933 -0.1039 0.0501
vn 0.9970 -0.0481 -0.0608
vn 0.9967 -0.0635 -0.0504
vn 0.9977 0.0479 -0.0481
vn 1.0000 -0.0009 -0.0000
vn 0.9835 0.1715 -0.0581
vn 0.9839 0.1736 -0.0420
vn 0.9797 0.1943 -0.0499
vn 0.9954 0.0956 0.0070
vn 0.9974 0.0718 0.0105
vn 0.9991 0.0372 0.0209
vn 0.9995 0.0120 0.0307
vn 0.9994 0.0017 0.0343
vn 0.9896 0.1382 0.0409
vn 0.9907 0.1344 0.0196
vn 0.9483 0.3051 -0.0876
vn 0.9118 0.3939 -0.1160
vn 0.9152 0.3775 -0.1409
vn 0.9393 0.3056 -0.1559
vn 0.9958 0.0601 -0.0691
vn 0.9952 0.0037 -0.0982
vn 0.9969 0.0758 0.0211
vn 0.9991 0.0143 0.0410
vn 0.9992 0.0240 0.0311
vn 0.9989 0.0339 0.0330
vn 0.9993 0.0049 0.0365
vn 0.9985 0.0354 0.0430
vn 0.9985 0.0324 0.0437
vn -0.0516 0.1603 -0.9857
vn 0.1635 0.2465 -0.9552
vn -0.8577 -0.0423 -0.5124
vn 0.0310 0.1659 -0.9857
vn -0.1564 0.0304 -0.9872
vn -0.1314 0.1023 -0.9860
vn -0.4350 0.0798 -0.8969
vn -0.3941 0.1050 -0.9131
vn -0.1553 0.1069 -0.9821
vn -0.0301 0.1535 -0.9877
vn -0.3226 0.1301 -0.9376
vn -0.0868 0.1539 -0.9843
vn -0.1165 0.1315 -0.9844
vn -0.0031 0.1673 -0.9859
vn 0.1560 0.0609 -0.9859
vn 0.6244 -0.3093 0.7173
vn 0.1479 -0.0028 -0.9890
vn 0.0894 0.0772 -0.9930
vn 0.0910 0.1171 -0.9889
vn 0.0437 0.1274 -0.9909
vn 0.0560 0.1478 -0.9874
vn 0.0105 0.1843 -0.9828
vn -0.0003 0.1942 -0.9810
vn -0.0430 0.2097 -0.9768
vn -0.0271 0.2163 -0.9760
vn -0.0177 0.1861 -0.9824
vn 0.0771 0.3196 -0.9444
vn 0.1259 0.4030 -0.9065
vn 0.0545 0.2844 -0.9572
vn -0.0033 0.1567 -0.9876
vn 0.0317 0.1073 -0.9937
vn -0.0563 0.2615 -0.9636
vn 0.0483 0.2310 -0.9718
vn 0.0624 0.1269 -0.9900
vn -0.0293 0.1318 -0.9908
vn 0.0708 0.1744 0.9821
vn 0.0185 0.1443 0.9894
vn 0.0661 0.1869 0.9801
vn 0.0048 0.1850 0.9827
vn 0.0482 0.2521 0.9665
vn 0.9972 0.0665 0.0327
vn 0.9916 0.1264 0.0288
vn 0.9902 0.1372 0.0244
vn 0.9664 0.2483 0.0664
vn 0.9818 0.1704 0.0840
vn 0.9998 0.0074 0.0169
vn 0.9990 0.0367 0.0251
vn 0.9971 0.0624 0.0447
vn 0.9977 0.0515 0.0433
vn 0.9975 0.0606 0.0362
vn 0.9888 0.1446 0.0378
vn 0.9601 0.2689 0.0772
vn 0.9601 0.2658 0.0865
vn 0.9922 0.0891 0.0875
vn 0.9947 0.0650 0.0793
vn 0.9947 0.0912 0.0469
vn 0.9998 0.0100 0.0166
vn 0.9995 0.0256 0.0171
vn 0.9968 0.0674 0.0431
vn 0.9959 0.0813 0.0386
vn 0.9985 0.0325 0.0438
vn 0.9984 0.0354 0.0430
vn 0.9972 0.0623 0.0405
vn 0.9977 0.0554 0.0380
vn -0.8478 -0.0345 0.5292
vn -0.7395 -0.0206 -0.6728
vn -0.7575 0.0002 -0.6528
vn -0.7271 0.0228 -0.6862
vn -0.7499 0.0310 -0.6609
vn -0.6599 0.0213 -0.7510
vn -0.6492 0.0536 -0.7587
vn -0.3940 0.1050 -0.9131
vn -0.5411 0.0859 -0.8366
vn -0.3226 0.1301 -0.9375
vn -0.2610 0.0701 -0.9628
vn -0.0516 0.1602 -0.9857
vn -0.2772 0.0385 -0.9600
vn -0.5587 0.0493 -0.8279
vn -0.1444 0.1458 0.9787
vn -0.3315 0.0834 0.9398
vn -0.2962 0.1535 0.9427
vn -0.4226 0.0884 0.9020
vn -0.4299 0.1053 0.8967
vn -0.5187 0.0771 0.8515
vn -0.4830 0.0992 0.8700
vn -0.5630 0.0651 0.8239
vn -0.6309 -0.0060 0.7759
vn 0.1937 0.4719 0.8601
vn -0.5287 0.6166 0.5834
vn -0.1941 0.1384 0.9712
vn -0.6888 0.5015 0.5235
usemtl noname.006
s 1
f 3155/3155/1930 3156/3156/1931 3157/3157/1932
f 3158/3158/1933 3159/3159/1934 3160/3160/1935
f 3161/3161/1936 3162/3162/1937 3163/3163/1938
f 3162/3162/1937 3164/3164/1939 3163/3163/1938
f 3165/3165/1940 3166/3166/1941 3167/3167/1942
f 3168/3168/1943 3166/3166/1941 3169/3169/1944
f 3166/3166/1941 3165/3165/1940 3169/3169/1944
f 3169/3169/1944 3165/3165/1940 3170/3170/1945
f 3171/3171/1946 3172/3172/1947 3170/3170/1945
f 3172/3172/1947 3173/3173/1948 3170/3170/1945
f 3170/3170/1945 3173/3173/1948 3169/3169/1944
f 3173/3173/1948 3174/3174/1949 3169/3169/1944
f 3169/3169/1944 3174/3174/1949 3168/3168/1943
f 3168/3168/1943 3174/3174/1949 3175/3175/1950
f 3175/3175/1950 3174/3174/1949 3176/3176/1951
f 3174/3174/1949 3177/3177/1952 3176/3176/1951
f 3176/3176/1951 3177/3177/1952 3178/3178/1953
f 3178/3178/1953 3177/3177/1952 3179/3179/1954
f 3179/3179/1954 3177/3177/1952 3172/3172/1947
f 3172/3172/1947 3177/3177/1952 3173/3173/1948
f 3177/3177/1952 3174/3174/1949 3173/3173/1948
f 3180/3180/1955 3167/3167/1942 3181/3181/1956
f 3167/3167/1942 3166/3166/1941 3181/3181/1956
f 3181/3181/1956 3166/3166/1941 3182/3182/1957
f 3166/3166/1941 3168/3168/1943 3182/3182/1957
f 3182/3182/1957 3168/3168/1943 3183/3183/1958
f 3168/3168/1943 3175/3175/1950 3183/3183/1958
f 3183/3183/1958 3175/3175/1950 3184/3184/1959
f 3184/3184/1959 3175/3175/1950 3185/3185/1960
f 3175/3175/1950 3176/3176/1951 3185/3185/1960
f 3185/3185/1960 3176/3176/1951 3186/3186/1961
f 3186/3186/1961 3176/3176/1951 3187/3187/1962
f 3176/3176/1951 3178/3178/1953 3187/3187/1962
f 3187/3187/1962 3178/3178/1953 3188/3188/1963
f 3178/3178/1953 3179/3179/1954 3188/3188/1963
f 3188/3188/1963 3179/3179/1954 3189/3189/1964
f 3189/3189/1964 3179/3179/1954 3190/3190/1965
f 3179/3179/1954 3172/3172/1947 3190/3190/1965
f 3190/3190/1965 3172/3172/1947 3171/3171/1946
f 3184/3184/1959 3191/3191/1966 3183/3183/1958
f 3191/3191/1966 3182/3182/1957 3183/3183/1958
f 3189/3189/1964 3192/3192/1967 3188/3188/1963
f 3192/3192/1967 3193/3193/1968 3188/3188/1963
f 3188/3188/1963 3193/3193/1968 3187/3187/1962
f 3194/3194/1957 3195/3195/1969 3196/3196/1956
f 3195/3195/1969 3197/3197/1955 3196/3196/1956
f 3198/3198/1970 3199/3199/1971 3200/3200/1972
f 3201/3201/1973 3202/3202/1974 3199/3199/1971
f 3202/3202/1974 3203/3203/1975 3199/3199/1971
f 3199/3199/1971 3203/3203/1975 3200/3200/1972
f 3203/3203/1975 3204/3204/1976 3200/3200/1972
f 3200/3200/1972 3204/3204/1976 3198/3198/1970
f 3204/3204/1976 3205/3205/1977 3198/3198/1970
f 3205/3205/1977 3206/3206/1978 3198/3198/1970
f 3206/3206/1978 3207/3207/1979 3198/3198/1970
f 3198/3198/1970 3207/3207/1979 3199/3199/1971
f 3207/3207/1979 3208/3208/1980 3199/3199/1971
f 3199/3199/1971 3208/3208/1980 3201/3201/1973
f 3203/3203/1975 3209/3209/1981 3204/3204/1976
f 3209/3209/1981 3210/3210/1982 3204/3204/1976
f 3210/3210/1982 3211/3211/1983 3204/3204/1976
f 3204/3204/1976 3211/3211/1983 3205/3205/1977
f 3212/3212/1984 3213/3213/1985 3214/3214/1986
f 3213/3213/1985 3215/3215/1987 3214/3214/1986
f 3212/3212/1984 3214/3214/1986 3216/3216/1988
f 3214/3214/1986 3217/3217/1989 3216/3216/1988
f 3216/3216/1988 3217/3217/1989 3218/3218/1990
f 3218/3218/1990 3217/3217/1989 3219/3219/1991
f 3219/3219/1991 3217/3217/1989 3220/3220/1992
f 3217/3217/1989 3214/3214/1986 3220/3220/1992
f 3220/3220/1992 3214/3214/1986 3221/3221/1993
f 3214/3214/1986 3215/3215/1987 3221/3221/1993
f 3221/3221/1993 3215/3215/1987 3222/3222/1994
f 3215/3215/1987 3223/3223/1995 3222/3222/1994
f 3222/3222/1994 3223/3223/1995 3224/3224/1996
f 3223/3223/1995 3225/3225/1997 3224/3224/1996
f 3224/3224/1996 3225/3225/1997 3226/3226/1998
f 3225/3225/1997 3227/3227/1999 3226/3226/1998
f 3227/3227/1999 3228/3228/2000 3226/3226/1998
f 3228/3228/2000 3229/3229/2001 3226/3226/1998
f 3226/3226/1998 3229/3229/2001 3230/3230/2002
f 3229/3229/2001 3231/3231/2003 3230/3230/2002
f 3230/3230/2002 3232/3232/2004 3226/3226/1998
f 3226/3226/1998 3232/3232/2004 3224/3224/1996
f 3232/3232/2004 3233/3233/2005 3224/3224/1996
f 3224/3224/1996 3233/3233/2005 3222/3222/1994
f 3233/3233/2005 3234/3234/2006 3222/3222/1994
f 3222/3222/1994 3234/3234/2006 3221/3221/1993
f 3221/3221/1993 3234/3234/2006 3220/3220/1992
f 3220/3220/1992 3234/3234/2006 3219/3219/1991
f 3219/3219/1991 3234/3234/2006 3235/3235/2007
f 3235/3235/2007 3234/3234/2006 3236/3236/2008
f 3234/3234/2006 3233/3233/2005 3236/3236/2008
f 3236/3236/2008 3233/3233/2005 3237/3237/2009
f 3237/3237/2009 3233/3233/2005 3238/3238/2010
f 3233/3233/2005 3232/3232/2004 3238/3238/2010
f 3239/3239/1936 3240/3240/2011 3241/3241/1937
f 3241/3241/1937 3240/3240/2011 3242/3242/2012
f 3240/3240/2011 3243/3243/1973 3242/3242/2012
f 3242/3242/2012 3243/3243/1973 3244/3244/2013
f 3245/3245/2014 3246/3246/2015 3247/3247/2016
f 3246/3246/2015 3248/3248/2017 3247/3247/2016
f 3247/3247/2016 3248/3248/2017 3249/3249/2018
f 3250/3250/1936 3251/3251/1938 3252/3252/2019
f 3251/3251/1938 3253/3253/2020 3252/3252/2019
f 3252/3252/2019 3253/3253/2020 3254/3254/2021
f 3253/3253/2020 3255/3255/2022 3254/3254/2021
f 3254/3254/2021 3255/3255/2022 3249/3249/2018
f 3255/3255/2022 3256/3256/2023 3249/3249/2018
f 3249/3249/2018 3256/3256/2023 3247/3247/2016
f 3256/3256/2023 3257/3257/2024 3247/3247/2016
f 3247/3247/2016 3257/3257/2024 3245/3245/2014
f 3257/3257/2024 3258/3258/2025 3245/3245/2014
f 3245/3245/2014 3258/3258/2025 3259/3259/2026
f 3259/3259/2026 3258/3258/2025 3260/3260/2027
f 3260/3260/2027 3258/3258/2025 3261/3261/2028
f 3258/3258/2025 3262/3262/2029 3261/3261/2028
f 3261/3261/2028 3262/3262/2029 3263/3263/2030
f 3262/3262/2029 3264/3264/2031 3263/3263/2030
f 3263/3263/2030 3264/3264/2031 3265/3265/2032
f 3264/3264/2031 3266/3266/2033 3265/3265/2032
f 3251/3251/1938 3267/3267/1939 3253/3253/2020
f 3267/3267/1939 3268/3268/2034 3253/3253/2020
f 3253/3253/2020 3268/3268/2034 3255/3255/2022
f 3268/3268/2034 3269/3269/2035 3255/3255/2022
f 3255/3255/2022 3269/3269/2035 3270/3270/2036
f 3269/3269/2035 3264/3264/2031 3270/3270/2036
f 3264/3264/2031 3262/3262/2029 3270/3270/2036
f 3270/3270/2036 3262/3262/2029 3257/3257/2024
f 3262/3262/2029 3258/3258/2025 3257/3257/2024
f 3265/3265/2032 3266/3266/2033 3271/3271/2037
f 3266/3266/2033 3267/3267/1939 3271/3271/2037
f 3267/3267/1939 3272/3272/2038 3271/3271/2037
f 3272/3272/2038 3273/3273/2039 3271/3271/2037
f 3273/3273/2039 3274/3274/2040 3271/3271/2037
f 3271/3271/2037 3274/3274/2040 3265/3265/2032
f 3274/3274/2040 3275/3275/2041 3265/3265/2032
f 3265/3265/2032 3275/3275/2041 3263/3263/2030
f 3275/3275/2041 3261/3261/2028 3263/3263/2030
f 3267/3267/1939 3266/3266/2033 3268/3268/2034
f 3266/3266/2033 3276/3276/2042 3268/3268/2034
f 3268/3268/2034 3276/3276/2042 3269/3269/2035
f 3276/3276/2042 3277/3277/2043 3269/3269/2035
f 3277/3277/2043 3278/3278/2044 3269/3269/2035
f 3269/3269/2035 3278/3278/2044 3264/3264/2031
f 3264/3264/2031 3278/3278/2044 3266/3266/2033
f 3278/3278/2044 3279/3279/2045 3266/3266/2033
f 3266/3266/2033 3279/3279/2045 3276/3276/2042
f 3255/3255/2022 3270/3270/2036 3256/3256/2023
f 3270/3270/2036 3257/3257/2024 3256/3256/2023
f 3280/3280/2046 3281/3281/2047 3282/3282/2048
f 3281/3281/2047 3283/3283/2049 3282/3282/2048
f 3282/3282/2048 3283/3283/2049 3284/3284/1969
f 3283/3283/2049 3285/3285/2050 3284/3284/1969
f 3286/3286/2051 3287/3287/2052 3288/3288/2053
f 3288/3288/2053 3287/3287/2052 3289/3289/2054
f 3287/3287/2052 3290/3290/2055 3289/3289/2054
f 3291/3291/2003 3292/3292/2056 3293/3293/2002
f 3292/3292/2056 3294/3294/2057 3293/3293/2002
f 3293/3293/2002 3294/3294/2057 3295/3295/2004
f 3294/3294/2057 3296/3296/2058 3295/3295/2004
f 3295/3295/2004 3296/3296/2058 3297/3297/2059
f 3296/3296/2058 3286/3286/2051 3297/3297/2059
f 3297/3297/2059 3286/3286/2051 3298/3298/2060
f 3286/3286/2051 3288/3288/2053 3298/3298/2060
f 3298/3298/2060 3288/3288/2053 3299/3299/2061
f 3288/3288/2053 3289/3289/2054 3299/3299/2061
f 3299/3299/2061 3289/3289/2054 3300/3300/2062
f 3300/3300/2062 3289/3289/2054 3301/3301/2063
f 3289/3289/2054 3290/3290/2055 3301/3301/2063
f 3301/3301/2063 3290/3290/2055 3302/3302/2064
f 3302/3302/2064 3290/3290/2055 3303/3303/2065
f 3303/3303/2065 3290/3290/2055 3304/3304/2066
f 3290/3290/2055 3287/3287/2052 3304/3304/2066
f 3304/3304/2066 3287/3287/2052 3286/3286/2051
f 3292/3292/2056 3305/3305/2067 3294/3294/2057
f 3305/3305/2067 3306/3306/2068 3294/3294/2057
f 3306/3306/2068 3307/3307/2069 3294/3294/2057
f 3294/3294/2057 3307/3307/2069 3296/3296/2058
f 3307/3307/2069 3308/3308/2070 3296/3296/2058
f 3296/3296/2058 3308/3308/2070 3286/3286/2051
f 3308/3308/2070 3304/3304/2066 3286/3286/2051
f 3295/3295/2004 3297/3297/2059 3309/3309/2071
f 3309/3309/2071 3297/3297/2059 3310/3310/2072
f 3310/3310/2072 3297/3297/2059 3311/3311/2073
f 3297/3297/2059 3298/3298/2060 3311/3311/2073
f 3311/3311/2073 3298/3298/2060 3312/3312/2074
f 3298/3298/2060 3299/3299/2061 3312/3312/2074
f 3313/3313/2075 3314/3314/2076 3315/3315/2077
f 3314/3314/2076 3316/3316/2078 3315/3315/2077
f 3315/3315/2077 3316/3316/2078 3317/3317/2079
f 3316/3316/2078 3318/3318/2017 3317/3317/2079
f 3317/3317/2079 3318/3318/2017 3319/3319/2015
f 3314/3314/2076 3320/3320/2080 3316/3316/2078
f 3320/3320/2080 3321/3321/2081 3316/3316/2078
f 3316/3316/2078 3321/3321/2081 3318/3318/2017
f 3318/3318/2017 3321/3321/2081 3322/3322/2082
f 3321/3321/2081 3323/3323/2083 3322/3322/2082
f 3322/3322/2082 3323/3323/2083 3324/3324/2084
f 3324/3324/2084 3323/3323/2083 3325/3325/2019
f 3323/3323/2083 3326/3326/2085 3325/3325/2019
f 3325/3325/2019 3326/3326/2085 3327/3327/1936
f 3327/3327/1936 3326/3326/2085 3328/3328/2086
f 3326/3326/2085 3329/3329/2087 3328/3328/2086
f 3328/3328/2086 3329/3329/2087 3330/3330/1973
f 3326/3326/2085 3323/3323/2083 3329/3329/2087
f 3329/3329/2087 3323/3323/2083 3331/3331/2088
f 3323/3323/2083 3321/3321/2081 3331/3331/2088
f 3331/3331/2088 3321/3321/2081 3320/3320/2080
f 3332/3332/2089 3333/3333/2090 3334/3334/2091
f 3333/3333/2090 3335/3335/2092 3334/3334/2091
f 3334/3334/2091 3335/3335/2092 3336/3336/2093
f 3335/3335/2092 3337/3337/2094 3336/3336/2093
f 3336/3336/2093 3337/3337/2094 3338/3338/2095
f 3338/3338/2095 3337/3337/2094 3339/3339/2096
f 3337/3337/2094 3340/3340/2097 3339/3339/2096
f 3340/3340/2097 3341/3341/2098 3339/3339/2096
f 3339/3339/2096 3341/3341/2098 3342/3342/2099
f 3343/3343/2047 3332/3332/2089 3344/3344/2049
f 3332/3332/2089 3334/3334/2091 3344/3344/2049
f 3344/3344/2049 3334/3334/2091 3345/3345/2050
f 3345/3345/2050 3334/3334/2091 3346/3346/1942
f 3334/3334/2091 3336/3336/2093 3346/3346/1942
f 3346/3346/1942 3336/3336/2093 3347/3347/1940
f 3336/3336/2093 3338/3338/2095 3347/3347/1940
f 3347/3347/1940 3338/3338/2095 3348/3348/1945
f 3338/3338/2095 3339/3339/2096 3348/3348/1945
f 3348/3348/1945 3339/3339/2096 3349/3349/2100
f 3339/3339/2096 3342/3342/2099 3349/3349/2100
f 3342/3342/2099 3350/3350/2101 3349/3349/2100
f 3349/3349/2100 3350/3350/2101 3351/3351/1965
