# Blender 3.6.1
# www.blender.org
mtllib Egyptian Boat.mtl
o Egyptian_Boat
v 0.053027 0.778253 1.770889
v -0.053027 0.778253 1.770889
v -0.186905 -0.001120 0.333333
v 0.186905 -0.001120 0.333333
v 0.080695 0.592158 1.549512
v 0.101937 0.430375 1.342892
v 0.123179 0.280145 1.141076
v 0.144421 0.149370 0.918361
v 0.165663 0.051068 0.653902
v -0.165663 0.051068 0.653902
v -0.144421 0.149370 0.918361
v -0.123179 0.280145 1.141076
v -0.101937 0.430375 1.342892
v -0.080695 0.592158 1.549512
v -0.087861 0.815736 1.750655
v -0.111740 0.853219 1.730421
v 0.111740 0.853219 1.730421
v 0.087861 0.815736 1.750655
v 0.393849 0.299151 0.333333
v 0.309681 0.149016 0.333333
v -0.393849 0.299151 0.333333
v -0.309681 0.149016 0.333333
v 0.274486 0.182130 0.630857
v 0.349087 0.313192 0.607811
v 0.239290 0.258363 0.878630
v 0.304326 0.367357 0.838899
v 0.204094 0.367634 1.094858
v 0.259564 0.455123 1.048640
v 0.168899 0.500068 1.299906
v 0.214803 0.569760 1.256920
v 0.133703 0.647496 1.515757
v 0.170042 0.702834 1.482003
v -0.349087 0.313192 0.607811
v -0.274486 0.182130 0.630857
v -0.304326 0.367357 0.838899
v -0.239290 0.258363 0.878630
v -0.259564 0.455123 1.048640
v -0.204094 0.367634 1.094858
v -0.214803 0.569760 1.256920
v -0.168899 0.500068 1.299906
v -0.170042 0.702834 1.482002
v -0.133703 0.647496 1.515757
v 0.112172 0.877688 1.717212
v 0.097614 0.890702 1.710187
v -0.097614 0.890702 1.710187
v -0.112172 0.877688 1.717212
v 0.379619 0.449287 0.333333
v 0.395930 0.433320 0.333333
v -0.379619 0.449287 0.333333
v -0.395930 0.433320 0.333333
v -0.154466 0.758171 1.448248
v -0.170789 0.743949 1.456923
v -0.199487 0.639453 1.213934
v -0.215814 0.625244 1.222698
v -0.244510 0.542612 1.002422
v -0.260841 0.527894 1.010197
v -0.289539 0.476351 0.799168
v -0.305870 0.460867 0.804812
v -0.350900 0.428277 0.587575
v -0.334576 0.444254 0.584765
v 0.170789 0.743949 1.456923
v 0.154466 0.758171 1.448248
v 0.215814 0.625244 1.222698
v 0.199487 0.639453 1.213934
v 0.260841 0.527894 1.010197
v 0.244510 0.542612 1.002422
v 0.305870 0.460867 0.804812
v 0.289539 0.476351 0.799168
v 0.334576 0.444254 0.584765
v 0.350900 0.428277 0.587575
v 0.053027 0.778253 -1.770889
v -0.053027 0.778253 -1.770889
v -0.186905 -0.001120 -0.333333
v 0.186905 -0.001120 -0.333333
v 0.080695 0.592158 -1.549512
v 0.101937 0.430375 -1.342892
v 0.123179 0.280145 -1.141076
v 0.144421 0.149370 -0.918361
v 0.165663 0.051068 -0.653902
v -0.165663 0.051068 -0.653902
v -0.144421 0.149370 -0.918361
v -0.123179 0.280145 -1.141076
v -0.101937 0.430375 -1.342892
v -0.080695 0.592158 -1.549512
v -0.186905 -0.001120 0.000000
v 0.186905 -0.001120 0.000000
v -0.087861 0.815736 -1.750655
v -0.111740 0.853219 -1.730421
v 0.111740 0.853219 -1.730421
v 0.087861 0.815736 -1.750655
v 0.393849 0.299151 -0.333333
v 0.309681 0.149016 -0.333333
v -0.393849 0.299151 -0.333333
v -0.309681 0.149016 -0.333333
v 0.274486 0.182130 -0.630857
v 0.349087 0.313192 -0.607811
v 0.239290 0.258363 -0.878630
v 0.304326 0.367357 -0.838899
v 0.204094 0.367634 -1.094858
v 0.259564 0.455123 -1.048640
v 0.168899 0.500068 -1.299906
v 0.214803 0.569760 -1.256920
v 0.133703 0.647496 -1.515757
v 0.170042 0.702834 -1.482003
v -0.349087 0.313192 -0.607811
v -0.274486 0.182130 -0.630857
v -0.304326 0.367357 -0.838899
v -0.239290 0.258363 -0.878630
v -0.259564 0.455123 -1.048640
v -0.204094 0.367634 -1.094858
v -0.214803 0.569760 -1.256920
v -0.168899 0.500068 -1.299906
v -0.170042 0.702834 -1.482002
v -0.133703 0.647496 -1.515757
v -0.393849 0.299151 0.000000
v -0.309681 0.149016 0.000000
v 0.393849 0.299151 0.000000
v 0.309681 0.149016 0.000000
v 0.112172 0.877688 -1.717212
v 0.097614 0.890702 -1.710187
v -0.097614 0.890702 -1.710187
v -0.112172 0.877688 -1.717212
v 0.379619 0.449287 -0.333333
v 0.395930 0.433320 -0.333333
v -0.379619 0.449287 -0.333333
v -0.395930 0.433320 -0.333333
v -0.154466 0.758171 -1.448248
v -0.170789 0.743949 -1.456923
v -0.199487 0.639453 -1.213934
v -0.215814 0.625244 -1.222698
v -0.244510 0.542612 -1.002422
v -0.260841 0.527894 -1.010197
v -0.289539 0.476351 -0.799168
v -0.305870 0.460867 -0.804812
v -0.350900 0.428277 -0.587575
v -0.334576 0.444254 -0.584765
v 0.170789 0.743949 -1.456923
v 0.154466 0.758171 -1.448248
v 0.215814 0.625244 -1.222698
v 0.199487 0.639453 -1.213934
v 0.260841 0.527894 -1.010197
v 0.244510 0.542612 -1.002422
v 0.305870 0.460867 -0.804812
v 0.289539 0.476351 -0.799168
v 0.334576 0.444254 -0.584765
v 0.350900 0.428277 -0.587575
v 0.379627 0.449287 0.000000
v 0.395930 0.433306 0.000000
v -0.395930 0.433306 0.000000
v -0.379627 0.449287 0.000000
v 0.268591 0.375337 0.497769
v 0.268591 1.310054 0.497769
v 0.275314 0.375337 0.499571
v 0.275314 1.310054 0.499571
v 0.280237 0.375337 0.504493
v 0.280237 1.310054 0.504493
v 0.282038 0.375337 0.511217
v 0.282038 1.310054 0.511217
v 0.280237 0.375337 0.517941
v 0.280237 1.310054 0.517941
v 0.275314 0.375337 0.522863
v 0.275314 1.310054 0.522863
v 0.268591 0.375337 0.524665
v 0.268591 1.310054 0.524665
v 0.261867 0.375337 0.522863
v 0.261867 1.310054 0.522863
v 0.256944 0.375337 0.517941
v 0.256944 1.310054 0.517941
v 0.255143 0.375337 0.511217
v 0.255143 1.310054 0.511217
v 0.256944 0.375337 0.504493
v 0.256944 1.310054 0.504493
v 0.261867 0.375337 0.499571
v 0.261867 1.310054 0.499571
v 0.268591 0.842695 0.531392
v 0.251119 0.842695 0.501130
v 0.258503 0.842695 0.528689
v 0.258503 0.842695 0.493745
v 0.251119 0.842695 0.521305
v 0.248416 0.842695 0.511217
v 0.286062 0.842695 0.521305
v 0.268591 0.842695 0.491043
v 0.278678 0.842695 0.493745
v 0.286062 0.842695 0.501130
v 0.288765 0.842695 0.511217
v 0.278678 0.842695 0.528689
v 0.259108 0.642082 0.494793
v 0.259108 1.043308 0.494793
v 0.252167 0.642082 0.501735
v 0.252167 1.043308 0.501735
v 0.249626 0.642082 0.511217
v 0.249626 1.043308 0.511217
v 0.252167 0.642082 0.520699
v 0.252167 1.043308 0.520699
v 0.259108 0.642082 0.527641
v 0.259108 1.043308 0.527641
v 0.268591 0.642082 0.530182
v 0.268591 1.043308 0.530182
v 0.278073 0.642082 0.527641
v 0.278073 1.043308 0.527641
v 0.285014 0.642082 0.520699
v 0.285014 1.043308 0.520699
v 0.287555 0.642082 0.511217
v 0.287555 1.043308 0.511217
v 0.285014 0.642082 0.501735
v 0.285014 1.043308 0.501735
v 0.278073 0.642082 0.494793
v 0.278073 1.043308 0.494793
v 0.268591 1.043308 0.492253
v 0.268591 0.642082 0.492253
v 0.268591 1.393231 0.494413
v 0.276993 1.393231 0.496664
v 0.283143 1.393231 0.502815
v 0.285395 1.393231 0.511217
v 0.283143 1.393231 0.519619
v 0.276993 1.393231 0.525770
v 0.268591 1.393231 0.528022
v 0.260188 1.393231 0.525770
v 0.254038 1.393231 0.519619
v 0.251786 1.393231 0.511217
v 0.254038 1.393231 0.502815
v 0.260188 1.393231 0.496664
v 0.258686 1.332872 0.528372
v 0.268591 1.332872 0.531026
v 0.278495 1.332872 0.528372
v 0.285746 1.332872 0.521122
v 0.288399 1.332872 0.511217
v 0.268591 1.332872 0.491408
v 0.258686 1.332872 0.494062
v 0.278495 1.332872 0.494062
v 0.285746 1.332872 0.501313
v 0.251435 1.332872 0.501313
v 0.248782 1.332872 0.511217
v 0.251435 1.332872 0.521122
v 0.268591 1.358083 0.548296
v 0.287130 1.358083 0.543329
v 0.300702 1.358083 0.529757
v 0.305670 1.358083 0.511217
v 0.250051 1.358083 0.479106
v 0.300702 1.358083 0.492678
v 0.236479 1.358083 0.492678
v 0.231511 1.358083 0.511217
v 0.236479 1.358083 0.529757
v 0.250051 1.358083 0.543329
v 0.268591 1.358083 0.474138
v 0.287130 1.358083 0.479106
v 0.282911 1.384173 0.536021
v 0.293394 1.384173 0.525538
v 0.268591 1.384173 0.482576
v 0.254270 1.384173 0.486413
v 0.293394 1.384173 0.496897
v 0.282911 1.384173 0.486413
v 0.239949 1.384173 0.511217
v 0.243787 1.384173 0.525538
v 0.268591 1.384173 0.539858
v 0.297232 1.384173 0.511217
v 0.243787 1.384173 0.496897
v 0.254270 1.384173 0.536021
v 0.268591 1.369064 0.459521
v 0.268591 1.376804 0.460830
v 0.268591 1.373414 0.457132
v 0.293784 1.376804 0.467580
v 0.294438 1.369064 0.466447
v 0.295633 1.373414 0.464378
v 0.312227 1.376804 0.486023
v 0.313360 1.369064 0.485369
v 0.315430 1.373414 0.484175
v 0.318978 1.376804 0.511217
v 0.320286 1.369064 0.511217
v 0.322676 1.373414 0.511217
v 0.312227 1.376804 0.536411
v 0.313360 1.369064 0.537065
v 0.315430 1.373414 0.538260
v 0.293784 1.376804 0.554854
v 0.294438 1.369064 0.555987
v 0.295633 1.373414 0.558056
v 0.268591 1.376804 0.561605
v 0.268591 1.369064 0.562913
v 0.268591 1.373414 0.565302
v 0.243397 1.376804 0.554854
v 0.242743 1.369064 0.555987
v 0.241548 1.373414 0.558056
v 0.224954 1.376804 0.536411
v 0.223821 1.369064 0.537065
v 0.221751 1.373414 0.538260
v 0.218203 1.376804 0.511217
v 0.216895 1.369064 0.511217
v 0.214505 1.373414 0.511217
v 0.224954 1.376804 0.486023
v 0.223821 1.369064 0.485369
v 0.221751 1.373414 0.484175
v 0.243397 1.376804 0.467580
v 0.242743 1.369064 0.466447
v 0.241548 1.373414 0.464378
v 0.268591 1.419016 0.494413
v 0.276993 1.419016 0.496664
v 0.283143 1.419016 0.502815
v 0.285395 1.419016 0.511217
v 0.283143 1.419016 0.519619
v 0.276993 1.419016 0.525770
v 0.268591 1.419016 0.528022
v 0.260188 1.419016 0.525770
v 0.254038 1.419016 0.519619
v 0.251786 1.419016 0.511217
v 0.254038 1.419016 0.502815
v 0.260188 1.419016 0.496664
v 0.224475 0.175502 2.149159
v 0.224475 0.147421 2.130584
v 0.221596 0.465159 1.745876
v 0.221596 0.405217 1.706226
v 0.224475 0.446008 1.883951
v 0.224475 0.396782 2.017116
v 0.224475 0.346014 2.085662
v 0.224475 0.269438 2.138273
v 0.224475 0.120685 2.039879
v 0.224475 0.139139 1.948823
v 0.224475 0.182356 1.875281
v 0.224475 0.285644 1.777876
v 0.203860 0.175502 2.149159
v 0.203860 0.147421 2.130584
v 0.206739 0.465159 1.745876
v 0.206739 0.405217 1.706226
v 0.203860 0.446008 1.883951
v 0.203860 0.396782 2.017116
v 0.203860 0.346014 2.085662
v 0.203860 0.269438 2.138273
v 0.203860 0.120685 2.039879
v 0.203860 0.139139 1.948823
v 0.203860 0.182356 1.875281
v 0.203861 0.285644 1.777876
v 0.214168 0.268962 2.143984
v 0.214168 0.347902 2.089749
v 0.214168 0.450985 1.881808
v 0.214168 0.469864 1.740775
v 0.214168 0.285668 1.772458
v 0.214168 0.179191 1.872871
v 0.214168 0.143177 2.136058
v 0.214168 0.172126 2.155207
v 0.214168 0.115615 2.042552
v 0.214168 0.400239 2.019086
v 0.214168 0.408070 1.699901
v 0.214168 0.134639 1.948684
v 0.243912 0.435172 1.694947
v 0.243912 0.463818 1.713896
v 0.184423 0.435172 1.694947
v 0.184423 0.463818 1.713896
v 0.214168 0.478141 1.723370
v 0.214168 0.420849 1.685473
v 0.248513 0.449495 1.704421
v 0.179822 0.449495 1.704421
v 0.231340 0.474303 1.720831
v 0.196995 0.424687 1.688012
v 0.196995 0.474303 1.720831
v 0.231340 0.424687 1.688012
v 0.214168 1.187679 0.588431
v 0.234073 1.175564 0.585916
v 0.243912 1.160807 0.597929
v 0.241030 1.167962 0.590128
v 0.234073 1.194734 0.598596
v 0.243912 1.189453 0.616877
v 0.241030 1.193832 0.607240
v 0.194262 1.175564 0.585916
v 0.184423 1.160807 0.597929
v 0.187305 1.167962 0.590128
v 0.194262 1.194734 0.598596
v 0.184423 1.189453 0.616877
v 0.187305 1.193832 0.607240
v 0.214168 1.204319 0.604936
v 0.214168 1.203776 0.626351
v 0.214168 1.206768 0.615797
v 0.214168 1.165979 0.579575
v 0.214168 1.146484 0.588455
v 0.214168 1.155026 0.581572
v 0.248514 1.175130 0.607403
v 0.237152 1.185149 0.592256
v 0.245186 1.180897 0.598684
v 0.179822 1.175130 0.607403
v 0.191183 1.185149 0.592256
v 0.183149 1.180897 0.598684
v 0.231341 1.199938 0.623813
v 0.225660 1.201751 0.603238
v 0.229677 1.203302 0.613504
v 0.196995 1.150321 0.590994
v 0.202675 1.168547 0.581274
v 0.198659 1.158492 0.583864
v 0.196995 1.199938 0.623813
v 0.202675 1.201751 0.603238
v 0.198659 1.203302 0.613504
v 0.231341 1.150321 0.590994
v 0.225660 1.168547 0.581274
v 0.229677 1.158492 0.583864
v -0.217068 0.175502 2.149159
v -0.217068 0.147421 2.130584
v -0.219946 0.465159 1.745876
v -0.219946 0.405217 1.706226
v -0.217068 0.446008 1.883951
v -0.217068 0.396782 2.017116
v -0.217068 0.346014 2.085662
v -0.217068 0.269438 2.138273
v -0.217068 0.120685 2.039879
v -0.217068 0.139139 1.948823
v -0.217068 0.182356 1.875281
v -0.217068 0.285644 1.777876
v -0.237682 0.175502 2.149159
v -0.237682 0.147421 2.130584
v -0.234804 0.465159 1.745876
v -0.234804 0.405217 1.706226
v -0.237682 0.446008 1.883951
v -0.237682 0.396782 2.017116
v -0.237682 0.346014 2.085662
v -0.237682 0.269438 2.138273
v -0.237682 0.120685 2.039879
v -0.237682 0.139139 1.948823
v -0.237682 0.182356 1.875281
v -0.237682 0.285644 1.777876
v -0.227375 0.268962 2.143984
v -0.227375 0.347902 2.089749
v -0.227375 0.450985 1.881808
v -0.227375 0.469864 1.740775
v -0.227375 0.285668 1.772458
v -0.227375 0.179191 1.872871
v -0.227375 0.143177 2.136058
v -0.227375 0.172126 2.155207
v -0.227375 0.115615 2.042552
v -0.227375 0.400239 2.019086
v -0.227375 0.408070 1.699901
v -0.227375 0.134639 1.948684
v -0.197630 0.435172 1.694947
v -0.197630 0.463818 1.713896
v -0.257119 0.435172 1.694947
v -0.257119 0.463818 1.713896
v -0.227375 0.478141 1.723370
v -0.227375 0.420849 1.685473
v -0.193029 0.449495 1.704421
v -0.261721 0.449495 1.704421
v -0.210202 0.474303 1.720831
v -0.244548 0.424687 1.688012
v -0.244548 0.474303 1.720831
v -0.210202 0.424687 1.688012
v -0.227375 1.187679 0.588431
v -0.207469 1.175564 0.585916
v -0.197630 1.160807 0.597929
v -0.200512 1.167962 0.590128
v -0.207469 1.194734 0.598596
v -0.197630 1.189453 0.616877
v -0.200512 1.193832 0.607240
v -0.247280 1.175564 0.585916
v -0.257119 1.160807 0.597929
v -0.254237 1.167962 0.590128
v -0.247280 1.194734 0.598596
v -0.257119 1.189453 0.616877
v -0.254237 1.193832 0.607240
v -0.227375 1.204319 0.604936
v -0.227375 1.203776 0.626351
v -0.227375 1.206768 0.615797
v -0.227375 1.165979 0.579575
v -0.227375 1.146484 0.588455
v -0.227375 1.155026 0.581572
v -0.193029 1.175130 0.607403
v -0.204390 1.185149 0.592256
v -0.196356 1.180897 0.598684
v -0.261720 1.175130 0.607403
v -0.250359 1.185149 0.592256
v -0.258393 1.180897 0.598684
v -0.210202 1.199938 0.623813
v -0.215882 1.201751 0.603238
v -0.211866 1.203302 0.613504
v -0.244548 1.150321 0.590994
v -0.238867 1.168547 0.581274
v -0.242884 1.158492 0.583864
v -0.244548 1.199938 0.623813
v -0.238867 1.201751 0.603238
v -0.242884 1.203302 0.613504
v -0.210202 1.150321 0.590994
v -0.215882 1.168547 0.581274
v -0.211866 1.158492 0.583864
v 0.153332 0.478519 0.884973
v 0.153332 1.493095 0.730303
v 0.169841 0.479186 0.889346
v 0.169841 1.493762 0.734676
v 0.181927 0.481007 0.901294
v 0.181927 1.495583 0.746624
v 0.186351 0.483496 0.917615
v 0.186351 1.498071 0.762945
v 0.181927 0.485984 0.933936
v 0.181927 1.500559 0.779265
v 0.169841 0.487805 0.945883
v 0.169841 1.502381 0.791213
v 0.153332 0.488472 0.950256
v 0.153332 1.503047 0.795586
v 0.136823 0.487805 0.945883
v 0.136823 1.502381 0.791213
v 0.124737 0.485984 0.933936
v 0.124737 1.500559 0.779265
v 0.120313 0.483496 0.917615
v 0.120313 1.498071 0.762945
v 0.124737 0.481007 0.901294
v 0.124737 1.495583 0.746624
v 0.136823 0.479186 0.889346
v 0.136823 1.493762 0.734676
v 0.174161 1.508341 0.724885
v 0.153332 1.507500 0.719367
v 0.189409 1.510639 0.739959
v 0.194990 1.513778 0.760550
v 0.189409 1.516917 0.781141
v 0.174161 1.519216 0.796215
v 0.153332 1.520057 0.801733
v 0.132503 1.519216 0.796215
v 0.117255 1.516917 0.781141
v 0.111674 1.513778 0.760550
v 0.117255 1.510639 0.739959
v 0.132503 1.508341 0.724885
v 0.174161 1.554577 0.717836
v 0.153332 1.553736 0.712319
v 0.189409 1.556875 0.732910
v 0.194990 1.560014 0.753501
v 0.189409 1.563153 0.774093
v 0.174161 1.565451 0.789167
v 0.153332 1.566292 0.794684
v 0.132503 1.565451 0.789167
v 0.117255 1.563153 0.774093
v 0.111674 1.560014 0.753501
v 0.117255 1.556875 0.732910
v 0.132503 1.554577 0.717836
v 0.169049 1.571399 0.724229
v 0.153332 1.570765 0.720065
v 0.180555 1.573133 0.735603
v 0.184766 1.575502 0.751140
v 0.180555 1.577870 0.766678
v 0.169049 1.579604 0.778052
v 0.153332 1.580239 0.782215
v 0.137615 1.579604 0.778052
v 0.126109 1.577870 0.766678
v 0.121898 1.575502 0.751140
v 0.126109 1.573133 0.735603
v 0.137615 1.571399 0.724229
v -0.163983 0.478519 0.884973
v -0.163983 1.493095 0.730303
v -0.147473 0.479186 0.889346
v -0.147473 1.493762 0.734676
v -0.135388 0.481007 0.901294
v -0.135388 1.495583 0.746624
v -0.130964 0.483496 0.917615
v -0.130964 1.498071 0.762945
v -0.135388 0.485984 0.933936
v -0.135388 1.500559 0.779265
v -0.147473 0.487805 0.945883
v -0.147473 1.502381 0.791213
v -0.163983 0.488472 0.950256
v -0.163983 1.503047 0.795586
v -0.180492 0.487805 0.945883
v -0.180492 1.502381 0.791213
v -0.192578 0.485984 0.933936
v -0.192578 1.500559 0.779265
v -0.197001 0.483496 0.917615
v -0.197001 1.498071 0.762945
v -0.192578 0.481007 0.901294
v -0.192578 1.495583 0.746624
v -0.180492 0.479186 0.889346
v -0.180492 1.493762 0.734676
v -0.143153 1.508341 0.724885
v -0.163983 1.507500 0.719367
v -0.127905 1.510639 0.739959
v -0.122324 1.513778 0.760550
v -0.127905 1.516917 0.781141
v -0.143153 1.519216 0.796215
v -0.163983 1.520057 0.801733
v -0.184812 1.519216 0.796215
v -0.200060 1.516917 0.781141
v -0.205641 1.513778 0.760550
v -0.200060 1.510639 0.739959
v -0.184812 1.508341 0.724885
v -0.143153 1.554577 0.717836
v -0.163983 1.553736 0.712319
v -0.127905 1.556875 0.732910
v -0.122324 1.560014 0.753501
v -0.127905 1.563153 0.774093
v -0.143153 1.565451 0.789167
v -0.163983 1.566292 0.794684
v -0.184812 1.565451 0.789167
v -0.200060 1.563153 0.774093
v -0.205641 1.560014 0.753501
v -0.200060 1.556875 0.732910
v -0.184812 1.554577 0.717836
v -0.148266 1.571399 0.724229
v -0.163983 1.570765 0.720065
v -0.136760 1.573133 0.735603
v -0.132549 1.575502 0.751140
v -0.136760 1.577870 0.766678
v -0.148266 1.579604 0.778052
v -0.163983 1.580239 0.782215
v -0.179700 1.579604 0.778052
v -0.191205 1.577870 0.766678
v -0.195417 1.575502 0.751140
v -0.191205 1.573133 0.735603
v -0.179700 1.571399 0.724229
v -0.002445 0.913815 -1.684307
v -0.002445 1.167655 -1.510409
v 0.052867 0.906404 -1.671471
v 0.041027 1.161831 -1.500321
v 0.093358 0.886159 -1.636405
v 0.072852 1.145919 -1.472761
v 0.108179 0.858503 -1.588503
v 0.084500 1.124183 -1.435112
v 0.093358 0.830846 -1.540601
v 0.072852 1.102447 -1.397464
v 0.052867 0.810601 -1.505535
v 0.041027 1.086535 -1.369904
v -0.002445 0.803190 -1.492699
v -0.002445 1.080710 -1.359816
v -0.057757 0.810601 -1.505535
v -0.045918 1.086535 -1.369904
v -0.098249 0.830846 -1.540601
v -0.077742 1.102447 -1.397464
v -0.113070 0.858503 -1.588503
v -0.089390 1.124183 -1.435112
v -0.098249 0.886159 -1.636405
v -0.077742 1.145919 -1.472761
v -0.057757 0.906404 -1.671471
v -0.045918 1.161831 -1.500321
v -0.057757 0.871891 -1.691397
v -0.098249 0.851646 -1.656331
v -0.113070 0.823990 -1.608429
v -0.098249 0.796334 -1.560527
v -0.057757 0.776088 -1.525461
v -0.002445 0.768677 -1.512625
v 0.052867 0.776088 -1.525461
v 0.093358 0.796334 -1.560527
v 0.108179 0.823990 -1.608429
v 0.093358 0.851646 -1.656331
v 0.052867 0.871891 -1.691397
v -0.002445 0.879302 -1.704233
v -0.002445 1.161934 -1.413316
v -0.041224 1.195517 -1.471484
v -0.045918 1.191729 -1.483059
v -0.077742 1.175817 -1.455499
v -0.069611 1.181324 -1.446900
v -0.089390 1.154081 -1.417851
v -0.080002 1.161934 -1.413316
v -0.069611 1.142545 -1.379733
v -0.077742 1.132345 -1.380202
v -0.045918 1.116433 -1.352642
v -0.041224 1.128351 -1.355149
v -0.002445 1.110608 -1.342554
v -0.002445 1.123156 -1.346150
v 0.036333 1.128351 -1.355149
v 0.041027 1.116433 -1.352642
v 0.072852 1.132345 -1.380202
v 0.064721 1.142545 -1.379733
v 0.084500 1.154081 -1.417851
v 0.075112 1.161934 -1.413316
v 0.064721 1.181324 -1.446900
v 0.072852 1.175817 -1.455499
v 0.041027 1.191729 -1.483059
v 0.036333 1.195517 -1.471484
v -0.002445 1.197554 -1.493147
v -0.002445 1.200713 -1.480483
v -0.002445 0.792051 1.485300
v -0.002445 1.223229 1.332522
v 0.052867 0.799461 1.498136
v 0.041027 1.223158 1.344171
v 0.093358 0.819707 1.533202
v 0.072852 1.222965 1.375994
v 0.108179 0.847363 1.581104
v 0.084500 1.222699 1.419466
v 0.093358 0.875019 1.629006
v 0.072852 1.222434 1.462937
v 0.052867 0.895265 1.664072
v 0.041027 1.222240 1.494761
v -0.002445 0.902675 1.676908
v -0.002445 1.222169 1.506409
v -0.057757 0.895265 1.664072
v -0.045918 1.222240 1.494761
v -0.098249 0.875019 1.629006
v -0.077742 1.222434 1.462937
v -0.113070 0.847363 1.581104
v -0.089390 1.222699 1.419466
v -0.098249 0.819707 1.533202
v -0.077742 1.222965 1.375994
v -0.057757 0.799461 1.498136
v -0.045918 1.223158 1.344171
v -0.057757 0.764948 1.518062
v -0.098249 0.785194 1.553128
v -0.113070 0.812850 1.601030
v -0.098249 0.840506 1.648932
v -0.057757 0.860752 1.683998
v -0.002445 0.868162 1.696834
v 0.052867 0.860752 1.683998
v 0.093358 0.840506 1.648932
v 0.108179 0.812850 1.601030
v 0.093358 0.785194 1.553128
v 0.052867 0.764948 1.518062
v -0.002445 0.757538 1.505226
v -0.032048 0.923236 1.478093
v -0.032048 1.145615 1.376387
v -0.053719 0.934071 1.496861
v -0.053719 1.147323 1.397990
v -0.061651 0.948873 1.522497
v -0.061651 1.149657 1.427501
v -0.053719 0.963674 1.548134
v -0.053719 1.151991 1.457011
v -0.032048 0.974510 1.566901
v -0.032048 1.153700 1.478614
v -0.002445 0.978476 1.573771
v -0.002445 1.154325 1.486522
v 0.027158 0.974510 1.566901
v 0.027158 1.153700 1.478614
v 0.048828 0.963674 1.548134
v 0.048828 1.151991 1.457011
v 0.056760 0.948873 1.522497
v 0.056760 1.149657 1.427501
v 0.048828 0.934071 1.496861
v 0.048828 1.147323 1.397990
v 0.027158 0.923236 1.478093
v 0.027158 1.145615 1.376387
v -0.002445 1.144990 1.368479
v -0.002445 0.919270 1.471224
v -0.002445 1.266290 1.419731
v -0.041224 1.266700 1.352566
v -0.045918 1.257681 1.344381
v -0.077742 1.257487 1.376204
v -0.069611 1.266527 1.380954
v -0.089390 1.257222 1.419676
v -0.080002 1.266290 1.419731
v -0.069611 1.266054 1.458509
v -0.077742 1.256957 1.463148
v -0.045918 1.256763 1.494972
v -0.041224 1.265881 1.486897
v -0.002445 1.256692 1.506620
v -0.002445 1.265818 1.497287
v 0.036333 1.265881 1.486897
v 0.041027 1.256763 1.494972
v 0.072852 1.256957 1.463148
v 0.064721 1.266054 1.458509
v 0.084500 1.257222 1.419676
v 0.075112 1.266290 1.419732
v 0.064721 1.266527 1.380954
v 0.072852 1.257487 1.376204
v 0.041027 1.257681 1.344381
v 0.036333 1.266700 1.352566
v -0.002445 1.257752 1.332733
v -0.002445 1.266763 1.342176
v 0.027158 1.104907 1.496253
v 0.027158 1.059269 1.514905
v 0.027158 1.007052 1.545842
v 0.056760 1.092787 1.446433
v 0.056760 1.041733 1.466724
v 0.056760 0.985383 1.499372
v 0.048828 1.085790 1.417669
v 0.048828 1.031608 1.438907
v 0.048828 0.972872 1.472543
v 0.027158 1.080667 1.396612
v 0.027158 1.024196 1.418543
v 0.027158 0.963714 1.452903
v -0.002445 0.960362 1.445714
v -0.002445 1.021483 1.411089
v -0.002445 1.078792 1.388905
v 0.048828 1.099784 1.475196
v 0.048828 1.051857 1.494542
v 0.048828 0.997894 1.526201
v -0.061651 1.092787 1.446433
v -0.061651 1.041733 1.466724
v -0.061651 0.985383 1.499372
v -0.053719 1.099784 1.475196
v -0.053719 1.051857 1.494542
v -0.053719 0.997894 1.526201
v -0.032048 1.080667 1.396612
v -0.032048 1.024196 1.418543
v -0.032048 0.963714 1.452903
v -0.032048 1.104907 1.496253
v -0.032048 1.059269 1.514905
v -0.032048 1.007052 1.545842
v -0.053719 1.085790 1.417669
v -0.053719 1.031608 1.438907
v -0.053719 0.972872 1.472543
v -0.002445 1.106782 1.503960
v -0.002445 1.061982 1.522359
v -0.002445 1.010404 1.553031
v 0.268591 0.375337 -0.548270
v 0.268591 1.310054 -0.548270
v 0.275314 0.375337 -0.546469
v 0.275314 1.310054 -0.546469
v 0.280237 0.375337 -0.541546
v 0.280237 1.310054 -0.541546
v 0.282038 0.375337 -0.534823
v 0.282038 1.310054 -0.534823
v 0.280237 0.375337 -0.528099
v 0.280237 1.310054 -0.528099
v 0.275314 0.375337 -0.523176
v 0.275314 1.310054 -0.523176
v 0.268591 0.375337 -0.521375
v 0.268591 1.310054 -0.521375
v 0.261867 0.375337 -0.523176
v 0.261867 1.310054 -0.523176
v 0.256944 0.375337 -0.528099
v 0.256944 1.310054 -0.528099
v 0.255143 0.375337 -0.534823
v 0.255143 1.310054 -0.534823
v 0.256944 0.375337 -0.541546
v 0.256944 1.310054 -0.541546
v 0.261867 0.375337 -0.546469
v 0.261867 1.310054 -0.546469
v 0.268591 0.842695 -0.514648
v 0.251119 0.842695 -0.544910
v 0.258503 0.842695 -0.517351
v 0.258503 0.842695 -0.552294
v 0.251119 0.842695 -0.524735
v 0.248416 0.842695 -0.534823
v 0.286062 0.842695 -0.524735
v 0.268591 0.842695 -0.554997
v 0.278678 0.842695 -0.552294
v 0.286062 0.842695 -0.544910
v 0.288765 0.842695 -0.534823
v 0.278678 0.842695 -0.517351
v 0.259108 0.642082 -0.551246
v 0.259108 1.043308 -0.551246
v 0.252167 0.642082 -0.544305
v 0.252167 1.043308 -0.544305
v 0.249626 0.642082 -0.534823
v 0.249626 1.043308 -0.534823
v 0.252167 0.642082 -0.525340
v 0.252167 1.043308 -0.525340
v 0.259108 0.642082 -0.518399
v 0.259108 1.043308 -0.518399
v 0.268591 0.642082 -0.515858
v 0.268591 1.043308 -0.515858
v 0.278073 0.642082 -0.518399
v 0.278073 1.043308 -0.518399
v 0.285014 0.642082 -0.525340
v 0.285014 1.043308 -0.525340
v 0.287555 0.642082 -0.534823
v 0.287555 1.043308 -0.534823
v 0.285014 0.642082 -0.544305
v 0.285014 1.043308 -0.544305
v 0.278073 0.642082 -0.551246
v 0.278073 1.043308 -0.551246
v 0.268591 1.043308 -0.553787
v 0.268591 0.642082 -0.553787
v 0.268591 1.393231 -0.551627
v 0.276993 1.393231 -0.549376
v 0.283143 1.393231 -0.543225
v 0.285395 1.393231 -0.534823
v 0.283143 1.393231 -0.526420
v 0.276993 1.393231 -0.520270
v 0.268591 1.393231 -0.518018
v 0.260188 1.393231 -0.520270
v 0.254038 1.393231 -0.526420
v 0.251786 1.393231 -0.534823
v 0.254038 1.393231 -0.543225
v 0.260188 1.393231 -0.549376
v 0.258686 1.332872 -0.517668
v 0.268591 1.332872 -0.515014
v 0.278495 1.332872 -0.517668
v 0.285746 1.332872 -0.524918
v 0.288399 1.332872 -0.534823
v 0.268591 1.332872 -0.554631
v 0.258686 1.332872 -0.551978
v 0.278495 1.332872 -0.551978
v 0.285746 1.332872 -0.544727
v 0.251435 1.332872 -0.544727
v 0.248782 1.332872 -0.534823
v 0.251435 1.332872 -0.524918
v 0.268591 1.358083 -0.497743
v 0.287130 1.358083 -0.502711
v 0.300702 1.358083 -0.516283
v 0.305670 1.358083 -0.534823
v 0.250051 1.358083 -0.566934
v 0.300702 1.358083 -0.553362
v 0.236479 1.358083 -0.553362
v 0.231511 1.358083 -0.534823
v 0.236479 1.358083 -0.516283
v 0.250051 1.358083 -0.502711
v 0.268591 1.358083 -0.571902
v 0.287130 1.358083 -0.566934
v 0.282911 1.384173 -0.510019
v 0.293394 1.384173 -0.520502
v 0.268591 1.384173 -0.563464
v 0.254270 1.384173 -0.559626
v 0.293394 1.384173 -0.549143
v 0.282911 1.384173 -0.559626
v 0.239949 1.384173 -0.534823
v 0.243787 1.384173 -0.520502
v 0.268591 1.384173 -0.506181
v 0.297232 1.384173 -0.534823
v 0.243787 1.384173 -0.549143
v 0.254270 1.384173 -0.510019
v 0.268591 1.369064 -0.586518
v 0.268591 1.376804 -0.585210
v 0.268591 1.373414 -0.588908
v 0.293784 1.376804 -0.578460
v 0.294438 1.369064 -0.579592
v 0.295633 1.373414 -0.581662
v 0.312227 1.376804 -0.560016
v 0.313360 1.369064 -0.560670
v 0.315430 1.373414 -0.561865
v 0.318978 1.376804 -0.534823
v 0.320286 1.369064 -0.534823
v 0.322676 1.373414 -0.534823
v 0.312227 1.376804 -0.509629
v 0.313360 1.369064 -0.508975
v 0.315430 1.373414 -0.507780
v 0.293784 1.376804 -0.491186
v 0.294438 1.369064 -0.490053
v 0.295633 1.373414 -0.487983
v 0.268591 1.376804 -0.484435
v 0.268591 1.369064 -0.483127
v 0.268591 1.373414 -0.480737
v 0.243397 1.376804 -0.491186
v 0.242743 1.369064 -0.490053
v 0.241548 1.373414 -0.487983
v 0.224954 1.376804 -0.509629
v 0.223821 1.369064 -0.508975
v 0.221751 1.373414 -0.507780
v 0.218203 1.376804 -0.534823
v 0.216895 1.369064 -0.534823
v 0.214505 1.373414 -0.534823
v 0.224954 1.376804 -0.560016
v 0.223821 1.369064 -0.560670
v 0.221751 1.373414 -0.561865
v 0.243397 1.376804 -0.578460
v 0.242743 1.369064 -0.579592
v 0.241548 1.373414 -0.581662
v 0.268591 1.405113 -0.551627
v 0.276993 1.405113 -0.549376
v 0.283143 1.405113 -0.543225
v 0.285395 1.405113 -0.534823
v 0.283143 1.405113 -0.526420
v 0.276993 1.405113 -0.520270
v 0.268591 1.405113 -0.518018
v 0.260188 1.405113 -0.520270
v 0.254038 1.405113 -0.526420
v 0.251786 1.405113 -0.534823
v 0.254038 1.405113 -0.543225
v 0.260188 1.405113 -0.549376
v -0.268737 0.375337 0.497769
v -0.268737 1.310054 0.497769
v -0.262013 0.375337 0.499571
v -0.262013 1.310054 0.499571
v -0.257091 0.375337 0.504493
v -0.257091 1.310054 0.504493
v -0.255289 0.375337 0.511217
v -0.255289 1.310054 0.511217
v -0.257091 0.375337 0.517941
v -0.257091 1.310054 0.517941
v -0.262013 0.375337 0.522863
v -0.262013 1.310054 0.522863
v -0.268737 0.375337 0.524665
v -0.268737 1.310054 0.524665
v -0.275461 0.375337 0.522863
v -0.275461 1.310054 0.522863
v -0.280383 0.375337 0.517941
v -0.280383 1.310054 0.517941
v -0.282185 0.375337 0.511217
v -0.282185 1.310054 0.511217
v -0.280383 0.375337 0.504493
v -0.280383 1.310054 0.504493
v -0.275461 0.375337 0.499571
v -0.275461 1.310054 0.499571
v -0.268737 0.842695 0.531392
v -0.286209 0.842695 0.501130
v -0.278824 0.842695 0.528689
v -0.278824 0.842695 0.493745
v -0.286209 0.842695 0.521305
v -0.288912 0.842695 0.511217
v -0.251265 0.842695 0.521305
v -0.268737 0.842695 0.491043
v -0.258650 0.842695 0.493745
v -0.251265 0.842695 0.501130
v -0.248562 0.842695 0.511217
v -0.258650 0.842695 0.528689
v -0.278219 0.642082 0.494793
v -0.278219 1.043308 0.494793
v -0.285161 0.642082 0.501735
v -0.285161 1.043308 0.501735
v -0.287702 0.642082 0.511217
v -0.287702 1.043308 0.511217
v -0.285161 0.642082 0.520699
v -0.285161 1.043308 0.520699
v -0.278219 0.642082 0.527641
v -0.278219 1.043308 0.527641
v -0.268737 0.642082 0.530182
v -0.268737 1.043308 0.530182
v -0.259255 0.642082 0.527641
v -0.259255 1.043308 0.527641
v -0.252313 0.642082 0.520699
v -0.252313 1.043308 0.520699
v -0.249773 0.642082 0.511217
v -0.249773 1.043308 0.511217
v -0.252313 0.642082 0.501735
v -0.252313 1.043308 0.501735
v -0.259255 0.642082 0.494793
v -0.259255 1.043308 0.494793
v -0.268737 1.043308 0.492253
v -0.268737 0.642082 0.492253
v -0.268737 1.393231 0.494413
v -0.260335 1.393231 0.496664
v -0.254184 1.393231 0.502815
v -0.251933 1.393231 0.511217
v -0.254184 1.393231 0.519619
v -0.260335 1.393231 0.525770
v -0.268737 1.393231 0.528022
v -0.277139 1.393231 0.525770
v -0.283290 1.393231 0.519619
v -0.285541 1.393231 0.511217
v -0.283290 1.393231 0.502815
v -0.277139 1.393231 0.496664
v -0.278642 1.332872 0.528372
v -0.268737 1.332872 0.531026
v -0.258833 1.332872 0.528372
v -0.251582 1.332872 0.521122
v -0.248928 1.332872 0.511217
v -0.268737 1.332872 0.491408
v -0.278642 1.332872 0.494062
v -0.258833 1.332872 0.494062
v -0.251582 1.332872 0.501313
v -0.285892 1.332872 0.501313
v -0.288546 1.332872 0.511217
v -0.285892 1.332872 0.521122
v -0.268737 1.358083 0.548296
v -0.250198 1.358083 0.543329
v -0.236626 1.358083 0.529757
v -0.231658 1.358083 0.511217
v -0.287277 1.358083 0.479106
v -0.236626 1.358083 0.492678
v -0.300849 1.358083 0.492678
v -0.305816 1.358083 0.511217
v -0.300849 1.358083 0.529757
v -0.287277 1.358083 0.543329
v -0.268737 1.358083 0.474138
v -0.250198 1.358083 0.479106
v -0.254417 1.384173 0.536021
v -0.243933 1.384173 0.525538
v -0.268737 1.384173 0.482576
v -0.283058 1.384173 0.486413
v -0.243933 1.384173 0.496897
v -0.254417 1.384173 0.486413
v -0.297378 1.384173 0.511217
v -0.293541 1.384173 0.525538
v -0.268737 1.384173 0.539858
v -0.240096 1.384173 0.511217
v -0.293541 1.384173 0.496897
v -0.283058 1.384173 0.536021
v -0.268737 1.369064 0.459521
v -0.268737 1.376804 0.460830
v -0.268737 1.373414 0.457132
v -0.243543 1.376804 0.467580
v -0.242889 1.369064 0.466447
v -0.241695 1.373414 0.464378
v -0.225100 1.376804 0.486023
v -0.223967 1.369064 0.485369
v -0.221898 1.373414 0.484175
v -0.218350 1.376804 0.511217
v -0.217041 1.369064 0.511217
v -0.214652 1.373414 0.511217
v -0.225100 1.376804 0.536411
v -0.223967 1.369064 0.537065
v -0.221898 1.373414 0.538260
v -0.243543 1.376804 0.554854
v -0.242889 1.369064 0.555987
v -0.241695 1.373414 0.558056
v -0.268737 1.376804 0.561605
v -0.268737 1.369064 0.562913
v -0.268737 1.373414 0.565302
v -0.293931 1.376804 0.554854
v -0.294585 1.369064 0.555987
v -0.295780 1.373414 0.558056
v -0.312374 1.376804 0.536411
v -0.313507 1.369064 0.537065
v -0.315576 1.373414 0.538260
v -0.319125 1.376804 0.511217
v -0.320433 1.369064 0.511217
v -0.322822 1.373414 0.511217
v -0.312374 1.376804 0.486023
v -0.313507 1.369064 0.485369
v -0.315576 1.373414 0.484175
v -0.293931 1.376804 0.467580
v -0.294585 1.369064 0.466447
v -0.295780 1.373414 0.464378
v -0.268737 1.419016 0.494413
v -0.260335 1.419016 0.496664
v -0.254184 1.419016 0.502815
v -0.251933 1.419016 0.511217
v -0.254184 1.419016 0.519619
v -0.260335 1.419016 0.525770
v -0.268737 1.419016 0.528022
v -0.277139 1.419016 0.525770
v -0.283290 1.419016 0.519619
v -0.285541 1.419016 0.511217
v -0.283290 1.419016 0.502815
v -0.277139 1.419016 0.496664
v -0.268737 0.375337 -0.548270
v -0.268737 1.310054 -0.548270
v -0.262013 0.375337 -0.546469
v -0.262013 1.310054 -0.546469
v -0.257091 0.375337 -0.541546
v -0.257091 1.310054 -0.541546
v -0.255289 0.375337 -0.534823
v -0.255289 1.310054 -0.534823
v -0.257091 0.375337 -0.528099
v -0.257091 1.310054 -0.528099
v -0.262013 0.375337 -0.523176
v -0.262013 1.310054 -0.523176
v -0.268737 0.375337 -0.521375
v -0.268737 1.310054 -0.521375
v -0.275461 0.375337 -0.523176
v -0.275461 1.310054 -0.523176
v -0.280383 0.375337 -0.528099
v -0.280383 1.310054 -0.528099
v -0.282185 0.375337 -0.534823
v -0.282185 1.310054 -0.534823
v -0.280383 0.375337 -0.541546
v -0.280383 1.310054 -0.541546
v -0.275461 0.375337 -0.546469
v -0.275461 1.310054 -0.546469
v -0.268737 0.842695 -0.514648
v -0.286209 0.842695 -0.544910
v -0.278824 0.842695 -0.517351
v -0.278824 0.842695 -0.552294
v -0.286209 0.842695 -0.524735
v -0.288912 0.842695 -0.534823
v -0.251265 0.842695 -0.524735
v -0.268737 0.842695 -0.554997
v -0.258650 0.842695 -0.552294
v -0.251265 0.842695 -0.544910
v -0.248562 0.842695 -0.534823
v -0.258650 0.842695 -0.517351
v -0.278219 0.642082 -0.551246
v -0.278219 1.043308 -0.551246
v -0.285161 0.642082 -0.544305
v -0.285161 1.043308 -0.544305
v -0.287702 0.642082 -0.534823
v -0.287702 1.043308 -0.534823
v -0.285161 0.642082 -0.525340
v -0.285161 1.043308 -0.525340
v -0.278219 0.642082 -0.518399
v -0.278219 1.043308 -0.518399
v -0.268737 0.642082 -0.515858
v -0.268737 1.043308 -0.515858
v -0.259255 0.642082 -0.518399
v -0.259255 1.043308 -0.518399
v -0.252313 0.642082 -0.525340
v -0.252313 1.043308 -0.525340
v -0.249773 0.642082 -0.534823
v -0.249773 1.043308 -0.534823
v -0.252313 0.642082 -0.544305
v -0.252313 1.043308 -0.544305
v -0.259255 0.642082 -0.551246
v -0.259255 1.043308 -0.551246
v -0.268737 1.043308 -0.553787
v -0.268737 0.642082 -0.553787
v -0.268737 1.393231 -0.551627
v -0.260335 1.393231 -0.549376
v -0.254184 1.393231 -0.543225
v -0.251933 1.393231 -0.534823
v -0.254184 1.393231 -0.526420
v -0.260335 1.393231 -0.520270
v -0.268737 1.393231 -0.518018
v -0.277139 1.393231 -0.520270
v -0.283290 1.393231 -0.526420
v -0.285541 1.393231 -0.534823
v -0.283290 1.393231 -0.543225
v -0.277139 1.393231 -0.549376
v -0.278642 1.332872 -0.517668
v -0.268737 1.332872 -0.515014
v -0.258833 1.332872 -0.517668
v -0.251582 1.332872 -0.524918
v -0.248928 1.332872 -0.534823
v -0.268737 1.332872 -0.554631
v -0.278642 1.332872 -0.551978
v -0.258833 1.332872 -0.551978
v -0.251582 1.332872 -0.544727
v -0.285892 1.332872 -0.544727
v -0.288546 1.332872 -0.534823
v -0.285892 1.332872 -0.524918
v -0.268737 1.358083 -0.497743
v -0.250198 1.358083 -0.502711
v -0.236626 1.358083 -0.516283
v -0.231658 1.358083 -0.534823
v -0.287277 1.358083 -0.566934
v -0.236626 1.358083 -0.553362
v -0.300849 1.358083 -0.553362
v -0.305816 1.358083 -0.534823
v -0.300849 1.358083 -0.516283
v -0.287277 1.358083 -0.502711
v -0.268737 1.358083 -0.571902
v -0.250198 1.358083 -0.566934
v -0.254417 1.384173 -0.510019
v -0.243933 1.384173 -0.520502
v -0.268737 1.384173 -0.563464
v -0.283058 1.384173 -0.559626
v -0.243933 1.384173 -0.549143
v -0.254417 1.384173 -0.559626
v -0.297378 1.384173 -0.534823
v -0.293541 1.384173 -0.520502
v -0.268737 1.384173 -0.506181
v -0.240096 1.384173 -0.534823
v -0.293541 1.384173 -0.549143
v -0.283058 1.384173 -0.510019
v -0.268737 1.369064 -0.586518
v -0.268737 1.376804 -0.585210
v -0.268737 1.373414 -0.588908
v -0.243543 1.376804 -0.578460
v -0.242889 1.369064 -0.579592
v -0.241695 1.373414 -0.581662
v -0.225100 1.376804 -0.560016
v -0.223967 1.369064 -0.560670
v -0.221898 1.373414 -0.561865
v -0.218350 1.376804 -0.534823
v -0.217041 1.369064 -0.534823
v -0.214652 1.373414 -0.534823
v -0.225100 1.376804 -0.509629
v -0.223967 1.369064 -0.508975
v -0.221898 1.373414 -0.507780
v -0.243543 1.376804 -0.491186
v -0.242889 1.369064 -0.490053
v -0.241695 1.373414 -0.487983
v -0.268737 1.376804 -0.484435
v -0.268737 1.369064 -0.483127
v -0.268737 1.373414 -0.480737
v -0.293931 1.376804 -0.491186
v -0.294585 1.369064 -0.490053
v -0.295780 1.373414 -0.487983
v -0.312374 1.376804 -0.509629
v -0.313507 1.369064 -0.508975
v -0.315576 1.373414 -0.507780
v -0.319125 1.376804 -0.534823
v -0.320433 1.369064 -0.534823
v -0.322822 1.373414 -0.534823
v -0.312374 1.376804 -0.560016
v -0.313507 1.369064 -0.560670
v -0.315576 1.373414 -0.561865
v -0.293931 1.376804 -0.578460
v -0.294585 1.369064 -0.579592
v -0.295780 1.373414 -0.581662
v -0.268737 1.405113 -0.551627
v -0.260335 1.405113 -0.549376
v -0.254184 1.405113 -0.543225
v -0.251933 1.405113 -0.534823
v -0.254184 1.405113 -0.526420
v -0.260335 1.405113 -0.520270
v -0.268737 1.405113 -0.518018
v -0.277139 1.405113 -0.520270
v -0.283290 1.405113 -0.526420
v -0.285541 1.405113 -0.534823
v -0.283290 1.405113 -0.543225
v -0.277139 1.405113 -0.549376
v -0.000000 0.854240 1.754241
v 0.057387 0.868504 1.740588
v 0.044950 0.836809 1.757697
v 0.027129 0.817633 1.768049
v -0.027129 0.817633 1.768049
v -0.044950 0.836809 1.757697
v -0.057166 0.855985 1.747345
v 0.057166 0.855985 1.747345
v -0.057387 0.868504 1.740588
v -0.049939 0.875162 1.736994
v 0.049939 0.875162 1.736994
v 0.034409 0.805966 -1.767741
v -0.034409 0.805966 -1.767741
v -0.055679 0.830918 -1.754783
v -0.059616 0.855068 -1.745117
v -0.056758 0.867559 -1.739301
v -0.052401 0.875177 -1.734151
v 0.052401 0.875177 -1.734151
v 0.056758 0.867559 -1.739301
v 0.059616 0.855068 -1.745117
v 0.055679 0.830918 -1.754783
v -0.350000 1.429293 0.561704
v 0.350000 1.429293 0.561704
v -0.350000 1.446013 0.502603
v 0.350000 1.446013 0.502604
v -0.350000 1.462035 0.445022
v 0.350000 1.462035 0.445022
v -0.350000 1.477337 0.389034
v 0.350000 1.477337 0.389034
v -0.350000 1.491920 0.334639
v 0.350000 1.491921 0.334639
v -0.350000 1.505783 0.281836
v 0.350000 1.505783 0.281836
v -0.350000 1.518928 0.230623
v 0.350000 1.518928 0.230623
v -0.350000 1.531352 0.180999
v 0.350000 1.531352 0.180999
v -0.350000 1.543058 0.132961
v 0.350000 1.543058 0.132961
v -0.350000 1.554044 0.086510
v 0.350000 1.554044 0.086510
v -0.350000 1.564311 0.041641
v 0.350000 1.564312 0.041641
v -0.350000 1.573860 -0.001646
v 0.350000 1.573860 -0.001646
v -0.350000 1.582690 -0.043356
v 0.350000 1.582690 -0.043356
v -0.350000 1.590800 -0.083491
v 0.350000 1.590801 -0.083491
v -0.350000 1.598193 -0.122054
v 0.350000 1.598193 -0.122054
v -0.350000 1.604865 -0.159054
v 0.350000 1.604866 -0.159054
v -0.350000 1.610818 -0.194491
v 0.350000 1.610818 -0.194491
v -0.350000 1.616057 -0.228422
v 0.350000 1.616057 -0.228422
v -0.350000 1.620532 -0.261132
v 0.350000 1.620532 -0.261132
v -0.350000 1.623699 -0.292483
v 0.350000 1.623699 -0.292483
v -0.350000 1.625406 -0.322221
v 0.350000 1.625406 -0.322221
v -0.350000 1.625615 -0.350339
v 0.350000 1.625616 -0.350339
v -0.350000 1.624279 -0.376889
v 0.350000 1.624279 -0.376889
v -0.350000 1.621325 -0.401916
v 0.350000 1.621325 -0.401916
v -0.350000 1.616657 -0.425458
v 0.350000 1.616657 -0.425458
v -0.350000 1.610148 -0.447531
v 0.350000 1.610148 -0.447531
v -0.350000 1.601642 -0.468092
v 0.350000 1.601642 -0.468092
v -0.350000 1.590988 -0.487020
v 0.350000 1.590988 -0.487020
v -0.350000 1.578086 -0.504086
v 0.350000 1.578087 -0.504086
v -0.350000 1.562957 -0.518982
v 0.350000 1.562957 -0.518982
v -0.350000 1.545784 -0.531393
v 0.350000 1.545784 -0.531393
v -0.350000 1.526881 -0.541105
v 0.350000 1.526881 -0.541105
v -0.350000 1.506599 -0.548064
v 0.350000 1.506599 -0.548065
v -0.350000 1.485223 -0.552362
v 0.350000 1.485223 -0.552362
v -0.350000 1.462918 -0.554169
v 0.350000 1.462918 -0.554169
v -0.350000 1.441419 -0.553737
v 0.350000 1.441419 -0.553737
v -0.350000 1.392728 0.551360
v 0.350000 1.392729 0.551360
v -0.350000 1.409427 0.492338
v 0.350000 1.409427 0.492338
v -0.350000 1.425403 0.434920
v 0.350000 1.425403 0.434920
v -0.350000 1.440658 0.379106
v 0.350000 1.440658 0.379106
v -0.350000 1.455192 0.324895
v 0.350000 1.455192 0.324895
v -0.350000 1.469003 0.272288
v 0.350000 1.469003 0.272288
v -0.350000 1.482093 0.221285
v 0.350000 1.482093 0.221285
v -0.350000 1.494462 0.171886
v 0.350000 1.494462 0.171886
v -0.350000 1.506108 0.124091
v 0.350000 1.506108 0.124091
v -0.350000 1.517033 0.077899
v 0.350000 1.517034 0.077899
v -0.350000 1.527237 0.033311
v 0.350000 1.527237 0.033311
v -0.350000 1.536718 -0.009673
v 0.350000 1.536719 -0.009673
v -0.350000 1.545479 -0.051054
v 0.350000 1.545479 -0.051054
v -0.350000 1.553517 -0.090830
v 0.350000 1.553517 -0.090830
v -0.350000 1.560834 -0.129003
v 0.350000 1.560834 -0.129003
v -0.350000 1.567429 -0.165573
v 0.350000 1.567429 -0.165573
v -0.350000 1.573303 -0.200538
v 0.350000 1.573303 -0.200538
v -0.350000 1.578454 -0.233900
v 0.350000 1.578455 -0.233900
v -0.350000 1.582799 -0.265621
v 0.350000 1.582799 -0.265621
v -0.350000 1.585818 -0.295486
v 0.350000 1.585818 -0.295485
v -0.350000 1.587427 -0.323456
v 0.350000 1.587427 -0.323456
v -0.350000 1.587625 -0.349532
v 0.350000 1.587625 -0.349532
v -0.350000 1.586412 -0.373715
v 0.350000 1.586412 -0.373715
v -0.350000 1.583789 -0.396003
v 0.350000 1.583789 -0.396003
v -0.350000 1.579754 -0.416398
v 0.350000 1.579754 -0.416398
v -0.350000 1.574309 -0.434899
v 0.350000 1.574310 -0.434899
v -0.350000 1.567454 -0.451506
v 0.350000 1.567454 -0.451506
v -0.350000 1.559187 -0.466220
v 0.350000 1.559187 -0.466220
v -0.350000 1.549510 -0.479039
v 0.350000 1.549510 -0.479039
v -0.350000 1.538422 -0.489965
v 0.350000 1.538422 -0.489965
v -0.350000 1.525924 -0.498996
v 0.350000 1.525924 -0.498996
v -0.350000 1.512014 -0.506134
v 0.350000 1.512014 -0.506134
v -0.350000 1.496694 -0.511378
v 0.350000 1.496694 -0.511378
v -0.350000 1.479963 -0.514728
v 0.350000 1.479963 -0.514729
v -0.350000 1.461822 -0.516185
v 0.350000 1.461822 -0.516185
v -0.350000 1.442269 -0.515747
v 0.350000 1.442270 -0.515747
v -0.353925 1.449741 -0.503623
v -0.353925 1.449741 -0.564235
v 0.353925 1.449741 -0.503623
v 0.353925 1.449741 -0.564235
v -0.353925 1.431229 -0.503623
v -0.353925 1.431229 -0.564235
v 0.353925 1.431229 -0.564235
v 0.353925 1.431229 -0.503623
v -0.336332 1.389225 -0.512998
v -0.336332 1.389225 -0.554859
v 0.336332 1.389225 -0.554859
v 0.336332 1.389225 -0.512998
v -0.336332 1.413646 -0.512998
v -0.341979 1.424579 -0.509989
v -0.341979 1.424579 -0.557869
v -0.336332 1.413646 -0.554859
v 0.341979 1.424579 -0.557869
v 0.336332 1.413646 -0.554859
v 0.341979 1.424579 -0.509989
v 0.336332 1.413646 -0.512998
v -0.032048 1.005173 -1.563028
v -0.036601 0.971615 -1.591509
v -0.032048 1.066770 -1.527465
v -0.036052 1.108101 -1.511611
v -0.053719 0.994338 -1.544261
v -0.061605 0.959113 -1.569855
v -0.060654 1.095800 -1.490305
v -0.053719 1.055935 -1.508698
v -0.061651 0.979536 -1.518624
v -0.070757 0.942035 -1.540275
v -0.069659 1.078997 -1.461200
v -0.061651 1.041134 -1.483061
v -0.061605 0.924958 -1.510695
v -0.053719 0.964735 -1.492987
v -0.053719 1.026332 -1.457424
v -0.060654 1.062193 -1.432096
v -0.032048 0.953900 -1.474220
v -0.036601 0.912456 -1.489042
v -0.036052 1.049892 -1.410790
v -0.032048 1.015497 -1.438657
v -0.002445 0.907880 -1.481116
v -0.002445 0.949934 -1.467350
v -0.002445 1.045390 -1.402992
v -0.002445 1.011531 -1.431787
v 0.031711 0.912456 -1.489042
v 0.027158 0.953900 -1.474220
v 0.027158 1.015497 -1.438657
v 0.031162 1.049892 -1.410790
v 0.048828 0.964735 -1.492987
v 0.056714 0.924958 -1.510695
v 0.048828 1.026332 -1.457424
v 0.055764 1.062193 -1.432096
v 0.065866 0.942035 -1.540275
v 0.056760 0.979536 -1.518624
v 0.064768 1.078997 -1.461200
v 0.056760 1.041134 -1.483061
v 0.056714 0.959113 -1.569855
v 0.048828 0.994338 -1.544261
v 0.048828 1.055935 -1.508698
v 0.055764 1.095800 -1.490305
v 0.027158 1.005173 -1.563028
v 0.031711 0.971615 -1.591509
v 0.027158 1.066770 -1.527465
v 0.031162 1.108101 -1.511611
v -0.002445 1.070736 -1.534334
v -0.002445 1.112604 -1.519409
v -0.002445 0.976191 -1.599435
v -0.002445 1.009139 -1.569897
v 0.134241 0.528985 0.366543
v 0.134241 0.528985 -0.471655
v 0.148895 0.666678 -0.521929
v 0.148895 0.666678 0.416816
v 0.144236 0.660997 -0.505944
v 0.144236 0.660997 0.400831
v 0.139205 0.643573 -0.488685
v 0.139205 0.643573 0.383572
v 0.142931 0.694842 0.410852
v 0.148895 0.688878 0.416816
v 0.147148 0.693095 0.415070
v 0.142931 0.694842 -0.515965
v 0.148895 0.688878 -0.521929
v 0.147148 0.693095 -0.520182
v 0.114157 0.431251 0.388348
v 0.066299 0.536638 0.361927
v 0.113788 0.431251 0.345766
v 0.066299 0.536638 0.277022
v 0.139811 0.431251 0.388348
v 0.128499 0.536638 0.361927
v 0.139811 0.431251 0.342630
v 0.128499 0.536638 0.277022
v 0.114157 0.431251 -0.494497
v 0.066299 0.536638 -0.468075
v 0.113788 0.431251 -0.451914
v 0.066299 0.536638 -0.383170
v 0.139811 0.431251 -0.494497
v 0.128499 0.536638 -0.468075
v 0.139811 0.431251 -0.448778
v 0.128499 0.536638 -0.383170
v -0.134241 0.528985 0.366543
v -0.134241 0.528985 -0.471655
v -0.148895 0.666678 -0.521929
v -0.148895 0.666678 0.416816
v -0.144236 0.660997 -0.505944
v -0.144236 0.660997 0.400831
v -0.139205 0.643573 -0.488685
v -0.139205 0.643573 0.383572
v -0.142931 0.694842 0.410852
v -0.148895 0.688878 0.416816
v -0.147148 0.693095 0.415070
v -0.142931 0.694842 -0.515965
v -0.148895 0.688878 -0.521929
v -0.147148 0.693095 -0.520182
v -0.114157 0.431251 0.388348
v -0.066299 0.536638 0.361927
v -0.113788 0.431251 0.345766
v -0.066299 0.536638 0.277022
v -0.139811 0.431251 0.388348
v -0.128499 0.536638 0.361927
v -0.139811 0.431251 0.342630
v -0.128499 0.536638 0.277022
v -0.114157 0.431251 -0.494497
v -0.066299 0.536638 -0.468075
v -0.113788 0.431251 -0.451914
v -0.066299 0.536638 -0.383170
v -0.139811 0.431251 -0.494497
v -0.128499 0.536638 -0.468075
v -0.139811 0.431251 -0.448778
v -0.128499 0.536638 -0.383170
v -0.288091 0.679705 1.244880
v -0.271734 0.679705 1.232081
v -0.285900 0.679705 1.238481
v -0.279912 0.679705 1.233796
v 0.288091 0.679705 1.244880
v 0.271734 0.679705 1.232081
v 0.285899 0.679705 1.238481
v 0.279912 0.679705 1.233796
v -0.288091 0.675165 1.246096
v -0.271734 0.668765 1.235013
v -0.285900 0.671965 1.240555
v -0.279912 0.669623 1.236498
v 0.288091 0.675165 1.246096
v 0.271734 0.668765 1.235013
v 0.285899 0.671965 1.240555
v 0.279912 0.669623 1.236498
v -0.288091 0.671841 1.249421
v -0.271734 0.660757 1.243021
v -0.285900 0.666299 1.246221
v -0.279912 0.662242 1.243879
v 0.288091 0.671841 1.249421
v 0.271734 0.660757 1.243021
v 0.285899 0.666299 1.246221
v 0.279912 0.662242 1.243879
v -0.288091 0.670624 1.253961
v -0.271734 0.657825 1.253961
v -0.285900 0.664225 1.253961
v -0.279912 0.659540 1.253961
v 0.288091 0.670624 1.253961
v 0.271734 0.657825 1.253961
v 0.285899 0.664225 1.253961
v 0.279912 0.659540 1.253961
v -0.288091 0.671841 1.258502
v -0.271734 0.660757 1.264901
v -0.285900 0.666299 1.261702
v -0.279912 0.662242 1.264044
v 0.288091 0.671841 1.258502
v 0.271734 0.660757 1.264901
v 0.285899 0.666299 1.261702
v 0.279912 0.662242 1.264044
v -0.288091 0.675165 1.261826
v -0.271734 0.668765 1.272910
v -0.285900 0.671965 1.267368
v -0.279912 0.669623 1.271425
v 0.288091 0.675165 1.261826
v 0.271734 0.668765 1.272910
v 0.285899 0.671965 1.267368
v 0.279912 0.669623 1.271425
v -0.288091 0.679705 1.263043
v -0.271734 0.679705 1.275841
v -0.285900 0.679705 1.269442
v -0.279912 0.679705 1.274126
v 0.288091 0.679705 1.263043
v 0.271734 0.679705 1.275841
v 0.285899 0.679705 1.269442
v 0.279912 0.679705 1.274126
v -0.288091 0.684246 1.261826
v -0.271734 0.690645 1.272910
v -0.285900 0.687446 1.267368
v -0.279912 0.689788 1.271425
v 0.288091 0.684246 1.261826
v 0.271734 0.690645 1.272910
v 0.285899 0.687446 1.267368
v 0.279912 0.689788 1.271425
v -0.288091 0.687570 1.258502
v -0.271734 0.698654 1.264901
v -0.285900 0.693112 1.261702
v -0.279912 0.697169 1.264044
v 0.288091 0.687570 1.258502
v 0.271734 0.698654 1.264901
v 0.285899 0.693112 1.261702
v 0.279912 0.697169 1.264044
v -0.288091 0.688787 1.253961
v -0.271734 0.701585 1.253961
v -0.285900 0.695186 1.253961
v -0.279912 0.699871 1.253961
v 0.288091 0.688787 1.253961
v 0.271734 0.701585 1.253961
v 0.285899 0.695186 1.253961
v 0.279912 0.699871 1.253961
v -0.288091 0.687570 1.249421
v -0.271734 0.698654 1.243021
v -0.285900 0.693112 1.246221
v -0.279912 0.697169 1.243879
v 0.288091 0.687570 1.249421
v 0.271734 0.698654 1.243021
v 0.285899 0.693112 1.246221
v 0.279912 0.697169 1.243879
v -0.288091 0.684246 1.246096
v -0.271734 0.690645 1.235013
v -0.285900 0.687446 1.240555
v -0.279912 0.689788 1.236498
v 0.288091 0.684246 1.246096
v 0.271734 0.690645 1.235013
v 0.285899 0.687446 1.240555
v 0.279912 0.689788 1.236498
vn -0.9506 -0.1289 0.2824
vn -0.9802 0.0814 0.1806
vn -0.9833 0.0815 0.1629
vn -0.9623 -0.2580 0.0856
vn -0.9834 0.0119 0.1809
vn -0.9961 -0.0155 0.0868
vn -0.0000 -1.0000 -0.0000
vn -0.0000 -0.9969 0.0789
vn -0.0000 1.0000 0.0094
vn -0.0000 0.9985 -0.0539
vn -0.0000 -0.9679 0.2515
vn 0.9999 -0.0155 -0.0000
vn 0.9623 -0.2580 0.0856
vn 0.9656 -0.2602 -0.0000
vn 0.9834 0.0119 0.1809
vn 0.9501 -0.2384 0.2010
vn -0.7732 -0.6295 0.0767
vn -0.8182 -0.5327 0.2162
vn -0.8240 -0.5608 0.0806
vn 0.9519 -0.1372 0.2741
vn 0.9833 0.0815 0.1629
vn 0.9506 -0.1289 0.2824
vn -0.9501 -0.2384 0.2010
vn -0.9806 0.0477 0.1902
vn -0.9477 -0.1947 0.2527
vn -0.9813 0.0729 0.1783
vn -0.9487 -0.1554 0.2754
vn -0.9840 0.0789 0.1596
vn 0.9802 0.0814 0.1806
vn 0.9453 -0.1275 0.3002
vn -0.1589 0.1746 0.9717
vn -0.1947 0.3426 0.9191
vn -0.2871 0.2783 0.9166
vn 0.9806 0.0477 0.1902
vn 0.9477 -0.1947 0.2527
vn 0.9813 0.0729 0.1783
vn 0.9487 -0.1554 0.2754
vn 0.9840 0.0789 0.1596
vn 0.1589 0.1746 0.9717
vn -0.0999 0.2406 0.9655
vn -0.0000 -0.9052 0.4250
vn -0.0000 -0.8351 0.5501
vn -0.0000 -0.7952 0.6063
vn -0.0000 -0.7771 0.6293
vn -0.0000 -0.7655 0.6435
vn -0.7711 -0.5987 0.2168
vn -0.8167 -0.4821 0.3171
vn -0.7697 -0.5471 0.3290
vn -0.8168 -0.4319 0.3825
vn -0.7684 -0.4949 0.4057
vn -0.8183 -0.4067 0.4062
vn -0.7679 -0.4682 0.4372
vn -0.8161 -0.3948 0.4221
vn -0.7592 -0.4497 0.4705
vn -0.8102 -0.3901 0.4375
vn -0.9519 -0.1372 0.2741
vn -0.7741 -0.6330 -0.0000
vn -0.8263 -0.5632 -0.0000
vn -0.0000 1.0000 -0.0000
vn -0.9453 -0.1275 0.3002
vn -0.0000 0.9018 -0.4322
vn -0.0000 0.8921 -0.4517
vn -0.0000 0.9341 -0.3570
vn -0.0000 0.9757 -0.2191
vn 0.8161 -0.3948 0.4221
vn 0.7592 -0.4497 0.4705
vn 0.7651 -0.4550 0.4556
vn 0.8102 -0.3901 0.4375
vn 0.7679 -0.4682 0.4372
vn 0.8183 -0.4067 0.4062
vn 0.7684 -0.4949 0.4057
vn 0.8168 -0.4319 0.3825
vn 0.7697 -0.5471 0.3290
vn 0.8167 -0.4821 0.3171
vn 0.7711 -0.5987 0.2168
vn 0.8182 -0.5327 0.2162
vn -0.9999 -0.0155 -0.0000
vn -0.9656 -0.2602 -0.0000
vn 0.7732 -0.6295 0.0767
vn 0.8240 -0.5608 0.0806
vn 0.8263 -0.5632 -0.0000
vn 0.7741 -0.6330 -0.0000
vn -0.1622 0.7008 0.6947
vn 0.0663 0.7175 0.6934
vn 0.1622 0.7008 0.6947
vn -0.1858 0.5331 0.8254
vn -0.0663 0.7175 0.6934
vn 0.7000 0.7141 -0.0000
vn 0.6980 0.7130 0.0660
vn 0.6974 0.7131 0.0709
vn 0.6893 0.7191 0.0885
vn -0.6893 0.7191 0.0885
vn -0.6974 0.7131 0.0709
vn -0.6980 0.7130 0.0660
vn -0.7022 0.6829 -0.2015
vn -0.7039 0.6835 -0.1930
vn -0.7041 0.6834 -0.1930
vn -0.7006 0.6877 -0.1904
vn -0.7022 0.6826 -0.2022
vn -0.6965 0.7063 -0.1269
vn -0.7006 0.6881 -0.1890
vn -0.6919 0.7216 -0.0246
vn -0.6965 0.7068 -0.1234
vn -0.6890 0.7198 0.0847
vn -0.6920 0.7216 -0.0199
vn 0.7039 0.6835 -0.1930
vn 0.7022 0.6829 -0.2015
vn 0.7041 0.6834 -0.1930
vn 0.7022 0.6826 -0.2022
vn 0.7006 0.6877 -0.1904
vn 0.7006 0.6881 -0.1890
vn 0.6965 0.7063 -0.1269
vn 0.6965 0.7068 -0.1234
vn 0.6919 0.7216 -0.0246
vn 0.6920 0.7216 -0.0199
vn 0.6890 0.7198 0.0847
vn -0.7000 0.7141 -0.0000
vn -0.0000 0.8923 -0.4515
vn -0.9802 0.0814 -0.1806
vn -0.9506 -0.1289 -0.2824
vn -0.9833 0.0815 -0.1629
vn -0.9834 0.0119 -0.1809
vn -0.9623 -0.2580 -0.0856
vn -0.9961 -0.0155 -0.0868
vn -0.0000 -0.9969 -0.0789
vn -0.0000 1.0000 -0.0094
vn -0.0000 0.9985 0.0539
vn -0.0000 -0.9679 -0.2515
vn 0.9623 -0.2580 -0.0856
vn 0.9834 0.0119 -0.1809
vn 0.9961 -0.0155 -0.0868
vn -0.8182 -0.5327 -0.2162
vn -0.7732 -0.6295 -0.0767
vn -0.8240 -0.5608 -0.0806
vn 0.9519 -0.1372 -0.2741
vn 0.9833 0.0815 -0.1629
vn 0.9840 0.0789 -0.1596
vn -0.9806 0.0477 -0.1902
vn -0.9501 -0.2384 -0.2010
vn -0.9813 0.0729 -0.1783
vn -0.9477 -0.1947 -0.2527
vn -0.9840 0.0789 -0.1596
vn -0.9487 -0.1554 -0.2754
vn 0.9506 -0.1289 -0.2824
vn 0.9802 0.0814 -0.1806
vn -0.2612 0.4068 -0.8754
vn -0.2243 0.5407 -0.8107
vn -0.0319 0.4019 -0.9151
vn 0.9501 -0.2384 -0.2010
vn 0.9806 0.0477 -0.1902
vn 0.9477 -0.1947 -0.2527
vn 0.9813 0.0729 -0.1783
vn 0.9487 -0.1554 -0.2754
vn -0.1436 0.2064 -0.9679
vn 0.0752 0.2893 -0.9543
vn 0.1436 0.2064 -0.9679
vn -0.0000 -0.9052 -0.4250
vn -0.0000 -0.8351 -0.5501
vn -0.0000 -0.7952 -0.6063
vn -0.0000 -0.7771 -0.6293
vn -0.0000 -0.7655 -0.6435
vn -0.8167 -0.4821 -0.3171
vn -0.7711 -0.5987 -0.2168
vn -0.8168 -0.4319 -0.3825
vn -0.7697 -0.5471 -0.3290
vn -0.8183 -0.4067 -0.4062
vn -0.7684 -0.4949 -0.4057
vn -0.8161 -0.3948 -0.4221
vn -0.7679 -0.4682 -0.4372
vn -0.7592 -0.4497 -0.4705
vn -0.7651 -0.4550 -0.4556
vn -0.9519 -0.1372 -0.2741
vn -0.9453 -0.1275 -0.3002
vn -0.0000 0.9018 0.4322
vn -0.0000 0.8921 0.4517
vn -0.0000 0.9341 0.3570
vn -0.0000 0.9757 0.2191
vn 0.7592 -0.4497 -0.4705
vn 0.8161 -0.3948 -0.4221
vn 0.7651 -0.4550 -0.4556
vn 0.9453 -0.1275 -0.3002
vn 0.7679 -0.4682 -0.4372
vn 0.8183 -0.4067 -0.4062
vn 0.7684 -0.4949 -0.4057
vn 0.8168 -0.4319 -0.3825
vn 0.7697 -0.5471 -0.3290
vn 0.8167 -0.4821 -0.3171
vn 0.7711 -0.5987 -0.2168
vn 0.8182 -0.5327 -0.2162
vn 0.7732 -0.6295 -0.0767
vn 0.8240 -0.5608 -0.0806
vn 0.1465 0.6810 -0.7175
vn 0.2243 0.5407 -0.8107
vn 0.0751 0.7663 -0.6381
vn 0.6980 0.7130 -0.0660
vn 0.6974 0.7131 -0.0709
vn 0.6893 0.7191 -0.0885
vn 0.6890 0.7198 -0.0847
vn -0.6974 0.7131 -0.0709
vn -0.6893 0.7191 -0.0885
vn -0.6980 0.7130 -0.0660
vn -0.7039 0.6835 0.1930
vn -0.7022 0.6829 0.2015
vn -0.7041 0.6834 0.1930
vn -0.7022 0.6826 0.2022
vn -0.7006 0.6877 0.1904
vn -0.7006 0.6881 0.1890
vn -0.6965 0.7063 0.1269
vn -0.6965 0.7068 0.1234
vn -0.6919 0.7216 0.0246
vn -0.6920 0.7216 0.0199
vn -0.6890 0.7198 -0.0847
vn 0.7039 0.6835 0.1930
vn 0.7022 0.6829 0.2015
vn 0.7022 0.6826 0.2022
vn 0.7006 0.6877 0.1904
vn 0.7006 0.6881 0.1890
vn 0.6965 0.7063 0.1269
vn 0.6965 0.7068 0.1234
vn 0.6919 0.7216 0.0246
vn 0.6920 0.7216 0.0199
vn -0.0000 0.8923 0.4515
vn -0.0000 -0.1284 -0.9917
vn 0.5000 0.0133 -0.8659
vn -0.0000 0.0133 -0.9999
vn 0.4959 -0.1284 -0.8589
vn 0.8659 0.0133 -0.5000
vn 0.8589 -0.1284 -0.4959
vn 0.9999 0.0133 -0.0000
vn 0.9917 -0.1284 -0.0000
vn 0.8659 0.0133 0.5000
vn 0.8589 -0.1284 0.4959
vn 0.5000 0.0133 0.8659
vn 0.4959 -0.1284 0.8589
vn -0.0000 0.0133 0.9999
vn -0.0000 -0.1284 0.9917
vn -0.5000 0.0133 0.8659
vn -0.4959 -0.1284 0.8589
vn -0.8659 0.0133 0.5000
vn -0.8589 -0.1284 0.4959
vn -0.9999 0.0133 -0.0000
vn -0.9917 -0.1284 -0.0000
vn -0.8659 0.0133 -0.5000
vn 1.0000 -0.0000 -0.0000
vn 0.8660 -0.0000 -0.5000
vn -0.8589 -0.1284 -0.4959
vn -0.5000 0.0133 -0.8659
vn -0.4959 -0.1284 -0.8589
vn -1.0000 -0.0000 -0.0000
vn -0.8659 -0.0133 -0.5000
vn -0.9999 -0.0133 -0.0000
vn 0.5000 -0.0000 -0.8660
vn -0.0000 -0.0000 -1.0000
vn -0.5000 -0.0000 0.8660
vn -0.8659 -0.0133 0.5000
vn -0.5000 -0.0133 0.8659
vn -0.8660 -0.0000 -0.5000
vn -0.5000 -0.0133 -0.8659
vn 0.8660 -0.0000 0.5000
vn 0.5000 -0.0133 0.8659
vn 0.8660 -0.0133 0.5000
vn 0.9999 -0.0133 -0.0000
vn 0.8659 -0.0133 -0.5000
vn -0.8660 -0.0000 0.5000
vn -0.0000 -0.0000 1.0000
vn 0.5000 -0.0000 0.8660
vn 0.5000 -0.0133 -0.8659
vn -0.0000 -0.0133 -0.9999
vn -0.8658 -0.0207 -0.4999
vn -0.9998 -0.0207 -0.0000
vn -0.0000 -0.0133 0.9999
vn 0.9998 -0.0207 -0.0000
vn 0.8658 -0.0207 -0.4999
vn -0.5000 -0.0000 -0.8660
vn 0.8658 -0.0207 0.4999
vn 0.4999 -0.0207 -0.8658
vn -0.0000 -0.0207 -0.9998
vn 0.4999 -0.0207 0.8658
vn -0.4623 0.8456 0.2669
vn -0.2245 0.8935 0.3889
vn -0.3889 0.8935 0.2245
vn -0.4999 -0.0207 -0.8658
vn -0.4999 -0.0207 0.8658
vn -0.0000 -0.0207 0.9998
vn -0.8658 -0.0207 0.4999
vn -0.2669 0.8456 0.4623
vn -0.0000 0.8935 0.4490
vn 0.2669 0.8456 0.4623
vn -0.0000 0.8456 0.5338
vn 0.4623 0.8456 0.2669
vn 0.2245 0.8935 0.3889
vn -0.0000 -0.7052 -0.7090
vn 0.3849 -0.6384 -0.6666
vn 0.3545 -0.7052 -0.6140
vn -0.2669 0.8456 -0.4623
vn -0.0000 0.8935 -0.4490
vn -0.0000 0.8456 -0.5338
vn 0.5338 0.8456 -0.0000
vn 0.3889 0.8935 0.2245
vn 0.4623 0.8456 -0.2669
vn 0.4490 0.8935 -0.0000
vn -0.3889 0.8935 -0.2245
vn -0.2245 0.8935 -0.3889
vn -0.5338 0.8456 -0.0000
vn -0.4623 0.8456 -0.2669
vn -0.4490 0.8935 -0.0000
vn 0.5263 0.7942 0.3039
vn 0.3039 0.7942 0.5263
vn -0.0000 0.7942 -0.6077
vn 0.2245 0.8935 -0.3889
vn 0.5263 0.7942 -0.3039
vn 0.3889 0.8935 -0.2245
vn -0.6077 0.7942 -0.0000
vn -0.0000 0.7942 0.6077
vn 0.6077 0.7942 -0.0000
vn -0.5263 0.7942 -0.3039
vn -0.3039 0.7942 0.5263
vn -0.3039 0.7942 -0.5263
vn 0.3039 0.7942 -0.5263
vn -0.5263 0.7942 0.3039
vn -0.7805 -0.4332 0.4506
vn -0.9013 -0.4332 -0.0000
vn -0.7805 -0.4332 -0.4506
vn 0.7805 -0.4332 -0.4506
vn -0.4506 -0.4332 -0.7805
vn 0.9013 -0.4332 -0.0000
vn 0.4506 -0.4332 -0.7805
vn -0.0000 -0.4332 -0.9013
vn 0.7805 -0.4332 0.4506
vn 0.4506 -0.4332 0.7805
vn -0.0000 -0.4332 0.9013
vn -0.4506 -0.4332 0.7805
vn -0.3545 -0.7052 0.6140
vn -0.6140 -0.7052 0.3545
vn -0.7090 -0.7052 -0.0000
vn -0.6140 -0.7052 -0.3545
vn 0.6140 -0.7052 -0.3545
vn -0.3545 -0.7052 -0.6140
vn 0.7090 -0.7052 -0.0000
vn 0.6140 -0.7052 0.3545
vn 0.3545 -0.7052 0.6140
vn -0.0000 -0.7052 0.7090
vn -0.3849 -0.6384 0.6666
vn -0.6666 -0.6384 0.3848
vn -0.3849 -0.6384 -0.6666
vn -0.0000 -0.6384 -0.7697
vn 0.6666 -0.6384 0.3849
vn -0.6666 -0.6384 -0.3848
vn 0.7697 -0.6384 -0.0000
vn 0.3849 -0.6384 0.6666
vn -0.0000 -0.6384 0.7697
vn -0.7697 -0.6384 -0.0000
vn 0.6666 -0.6384 -0.3848
vn -0.0000 -0.4815 -0.8765
vn 0.4383 -0.4814 -0.7590
vn 0.3379 0.7371 -0.5853
vn 0.2669 0.8456 -0.4623
vn 0.7590 -0.4815 -0.4382
vn 0.5853 0.7371 -0.3379
vn 0.8765 -0.4815 -0.0000
vn 0.6758 0.7371 -0.0000
vn 0.7590 -0.4815 0.4382
vn 0.5853 0.7371 0.3379
vn 0.4382 -0.4814 0.7590
vn 0.3379 0.7371 0.5853
vn -0.0000 -0.4814 0.8765
vn -0.0000 0.7371 0.6758
vn -0.4382 -0.4814 0.7590
vn -0.3379 0.7371 0.5853
vn -0.7590 -0.4815 0.4382
vn -0.5853 0.7371 0.3379
vn -0.8765 -0.4815 -0.0000
vn -0.6758 0.7371 -0.0000
vn -0.7591 -0.4814 -0.4382
vn -0.5853 0.7371 -0.3379
vn -0.4382 -0.4814 -0.7591
vn -0.3379 0.7371 -0.5853
vn -0.0000 0.7371 -0.6758
vn 1.0000 0.0049 -0.0073
vn 0.9997 0.0126 -0.0191
vn -0.9997 0.0126 -0.0191
vn -1.0000 0.0049 -0.0073
vn -0.3828 0.6328 0.6731
vn -0.4428 0.3445 0.8278
vn -0.4539 0.2883 0.8431
vn -0.4021 0.8865 0.2291
vn -0.3927 0.8972 0.2023
vn -0.0000 0.9360 0.3520
vn -0.3600 -0.7299 -0.5810
vn -0.3810 -0.5709 -0.7273
vn -0.3927 -0.5372 -0.7465
vn -0.5567 -0.4583 0.6929
vn -0.4786 -0.8422 0.2482
vn -0.4539 -0.8887 0.0645
vn -0.3810 0.8927 0.2408
vn -0.3600 0.8203 0.4444
vn -0.4021 -0.5577 -0.7262
vn -0.0000 -0.6902 -0.7236
vn -0.4428 -0.8966 0.0069
vn -0.3828 -0.8670 -0.3190
vn -0.3797 0.6522 0.6562
vn -0.5299 0.7042 0.4726
vn -0.8396 0.4424 0.3152
vn -0.7038 0.5338 0.4687
vn -0.3797 -0.8590 -0.3434
vn -0.4786 0.1011 0.8722
vn 0.4539 0.2883 0.8431
vn 0.4786 0.1011 0.8722
vn 0.4428 0.3445 0.8278
vn 0.3797 -0.8590 -0.3434
vn 0.3600 -0.7299 -0.5810
vn 0.3600 -0.7291 -0.5821
vn -0.5299 -0.7105 -0.4632
vn -0.0000 -0.7928 -0.6095
vn 0.3600 0.8203 0.4444
vn 0.3797 0.6522 0.6562
vn 0.3600 0.8209 0.4432
vn 0.4428 -0.8966 0.0069
vn 0.3828 -0.8670 -0.3190
vn 0.3927 -0.5372 -0.7465
vn 0.4021 -0.5577 -0.7262
vn 0.3810 -0.5709 -0.7273
vn 0.3810 0.8927 0.2408
vn 0.4786 -0.8422 0.2482
vn 0.4539 -0.8887 0.0645
vn 0.5567 -0.4583 0.6929
vn 0.4021 0.8865 0.2291
vn 0.3927 0.8972 0.2023
vn 0.3828 0.6328 0.6731
vn -0.0000 -0.7420 -0.6704
vn 0.5299 -0.7105 -0.4632
vn -0.0978 0.6824 -0.7244
vn -0.0000 0.5517 -0.8340
vn -0.1695 0.6226 -0.7640
vn 0.7602 -0.3585 0.5419
vn 0.8121 -0.1172 0.5716
vn 0.7304 -0.3290 0.5986
vn 0.8396 -0.4632 -0.2838
vn 0.7038 -0.6402 -0.3078
vn -0.7602 -0.3585 0.5419
vn -0.8121 -0.4802 0.3315
vn -0.7304 -0.4221 0.5370
vn 0.5299 0.7042 0.4726
vn -0.0000 0.8711 0.4911
vn 0.0978 0.6824 -0.7244
vn -0.0000 0.7042 -0.7100
vn -0.4944 0.7968 0.3475
vn 0.8396 0.4424 0.3152
vn 0.4944 0.7968 0.3475
vn 0.8563 -0.3297 -0.3977
vn -0.1957 0.5410 -0.8179
vn -0.1695 0.4594 -0.8719
vn -0.8563 -0.3297 -0.3977
vn -0.8396 -0.4632 -0.2838
vn -0.0978 0.3997 -0.9114
vn -0.0000 0.3778 -0.9259
vn 0.0978 0.3997 -0.9114
vn 0.1695 0.4594 -0.8719
vn 0.1957 0.5410 -0.8179
vn 0.1695 0.6226 -0.7640
vn -0.9887 0.0826 -0.1249
vn 0.9887 0.0826 -0.1249
vn 0.7443 -0.0763 -0.6635
vn 0.5996 0.1094 -0.7928
vn 0.8594 0.2821 -0.4264
vn 0.3462 -0.1020 -0.9326
vn -0.0000 -0.4347 -0.9006
vn -0.0000 -0.1793 -0.9838
vn 0.4944 -0.6315 -0.5973
vn 0.4297 -0.3387 -0.8370
vn -0.4297 0.9028 -0.0158
vn -0.0000 0.9755 -0.2199
vn -0.3461 0.8982 -0.2711
vn -0.0000 0.9073 0.4206
vn -0.0000 0.9989 0.0477
vn -0.4297 -0.3387 -0.8370
vn -0.5996 0.1094 -0.7928
vn -0.3462 -0.1020 -0.9326
vn -0.4944 -0.6315 -0.5973
vn -0.7443 -0.0763 -0.6635
vn 0.4297 0.9028 -0.0158
vn 0.5996 0.6868 -0.4109
vn 0.3461 0.8982 -0.2711
vn 0.7443 0.6405 -0.1894
vn -0.6923 0.3981 -0.6019
vn -0.7443 0.6405 -0.1894
vn -0.5995 0.6868 -0.4109
vn -0.8594 0.2821 -0.4264
vn -0.8563 0.4949 0.1478
vn 0.8563 0.4949 0.1478
vn 0.6923 0.3981 -0.6019
vn -0.1695 0.6226 -0.7639
vn 0.1695 0.6226 -0.7639
vn -0.0000 -0.3995 -0.9167
vn 0.5000 -0.1305 -0.8561
vn -0.0000 -0.1507 -0.9886
vn 0.8370 -0.3266 -0.4390
vn 0.8660 -0.0754 -0.4943
vn 0.9665 -0.2538 0.0387
vn 0.8660 0.0754 0.4943
vn 0.4832 -0.1277 0.8661
vn 0.5000 0.1305 0.8561
vn -0.0000 -0.1082 0.9941
vn -0.0000 0.1507 0.9886
vn -0.5000 0.1305 0.8561
vn -0.4832 -0.1277 0.8661
vn -0.8660 0.0754 0.4943
vn -0.8370 -0.1810 0.5164
vn -0.8370 -0.3266 -0.4390
vn -0.8660 -0.0754 -0.4943
vn -0.8413 -0.1614 0.5159
vn -0.5000 -0.1305 -0.8561
vn 0.4857 -0.1078 0.8674
vn -0.0000 -0.0882 0.9961
vn -0.4857 -0.1078 0.8674
vn 0.8413 -0.1614 0.5159
vn 0.8370 -0.1810 0.5164
vn -0.4832 -0.3800 -0.7887
vn -0.0000 -0.3810 -0.9246
vn 0.4832 -0.3800 -0.7887
vn 0.4857 -0.3613 -0.7959
vn 0.9714 -0.2346 0.0358
vn -0.4857 -0.3613 -0.7959
vn 0.8413 -0.3078 -0.4444
vn -0.9714 -0.2346 0.0358
vn -0.8413 -0.3078 -0.4444
vn -0.9665 -0.2538 0.0387
vn -0.4187 0.6496 0.6346
vn -0.7252 0.6034 0.3316
vn -0.0000 0.9886 -0.1507
vn 0.4187 0.6496 0.6346
vn 0.7252 0.6034 0.3316
vn -0.4187 0.4310 -0.7993
vn -0.0000 0.4141 -0.9102
vn 0.7252 0.4772 -0.4963
vn 0.4187 0.4310 -0.7993
vn -0.8374 0.5403 -0.0824
vn -0.0000 0.6665 0.7455
vn 0.8374 0.5403 -0.0824
vn -0.7252 0.4772 -0.4963
vn -0.0000 0.7441 -0.6680
vn 0.4900 0.5965 -0.6357
vn -0.0000 0.6621 -0.7494
vn 0.4753 0.6805 -0.5577
vn 0.8487 0.4171 -0.3250
vn 0.8232 0.5065 -0.2564
vn 0.9801 0.1721 0.0994
vn 0.8232 0.0312 0.5668
vn 0.8487 -0.0729 0.5237
vn 0.4900 -0.2523 0.8344
vn 0.4753 -0.1428 0.8682
vn -0.0000 -0.3179 0.9481
vn -0.4753 -0.1428 0.8682
vn -0.4900 -0.2523 0.8344
vn -0.8232 0.0312 0.5668
vn -0.8487 -0.0729 0.5237
vn -0.9801 0.1721 0.0994
vn 0.8334 0.0051 -0.5527
vn 0.9846 -0.1513 -0.0874
vn 0.9623 -0.2355 -0.1360
vn -0.8232 0.5065 -0.2564
vn -0.8487 0.4171 -0.3250
vn -0.8527 0.0948 -0.5137
vn -0.4812 0.1812 -0.8577
vn -0.8334 0.0051 -0.5527
vn 0.8660 0.2500 -0.4330
vn -0.0000 0.8660 0.5000
vn 0.4812 0.1812 -0.8577
vn 0.8527 0.0948 -0.5137
vn -0.0000 0.2456 -0.9694
vn 0.4923 0.2750 -0.8258
vn -0.0000 -0.6437 0.7653
vn 0.5000 -0.4330 0.7500
vn -0.0000 -0.5000 0.8660
vn 0.4923 -0.5777 0.6511
vn -0.0000 -0.7167 0.6974
vn 0.4812 -0.6522 0.5858
vn 0.8334 -0.4761 0.2807
vn 0.8527 -0.3975 0.3390
vn -0.9958 -0.0795 -0.0459
vn -0.8612 0.3398 -0.3780
vn -0.9944 0.0911 0.0526
vn -0.4923 0.2750 -0.8258
vn -0.0000 0.5000 -0.8660
vn -0.0000 0.3410 -0.9401
vn 0.8612 0.3398 -0.3780
vn 0.9958 -0.0795 -0.0459
vn 0.9944 0.0911 0.0526
vn 0.8624 -0.3285 0.3853
vn 0.8612 -0.1575 0.4832
vn -0.0000 0.5884 -0.8086
vn 0.4979 0.3517 -0.7927
vn 0.4972 0.5218 -0.6932
vn 0.4979 -0.5107 0.7009
vn 0.4972 -0.3395 0.7985
vn 0.5000 0.4330 -0.7500
vn 0.8624 0.1694 -0.4771
vn -0.4979 0.3517 -0.7927
vn -0.4972 0.5218 -0.6932
vn -0.8527 -0.3975 0.3390
vn -0.9623 -0.2355 -0.1360
vn -0.8334 -0.4761 0.2807
vn -0.0000 -0.4061 0.9138
vn -0.4979 -0.5107 0.7009
vn -0.4972 -0.3395 0.7985
vn -0.4923 -0.5777 0.6511
vn -0.4812 -0.6522 0.5858
vn -0.4900 0.5965 -0.6357
vn -0.8612 -0.1575 0.4832
vn -0.8624 0.1694 -0.4771
vn -0.9846 -0.1513 -0.0874
vn 0.8660 -0.2500 0.4330
vn -0.5000 0.4330 -0.7500
vn -0.8660 0.2500 -0.4330
vn -0.5000 -0.4330 0.7500
vn -0.8660 -0.2500 0.4330
vn -0.3474 0.9237 -0.1614
vn -0.6017 0.7966 0.0588
vn -0.6017 0.4492 0.6605
vn -0.3474 0.3221 0.8807
vn 0.6017 0.4492 0.6605
vn 0.3474 0.3221 0.8807
vn 0.3474 0.9237 -0.1614
vn 0.6017 0.7966 0.0588
vn -0.0000 0.9703 -0.2420
vn 0.6947 0.6229 0.3596
vn -0.0000 0.2755 0.9613
vn -0.6947 0.6229 0.3596
vn -0.0000 -0.3614 -0.9324
vn 0.4868 -0.1996 -0.8504
vn 0.4729 -0.3414 -0.8123
vn 0.8474 -0.1890 -0.4962
vn 0.8321 -0.2826 -0.4772
vn 0.9847 -0.1739 -0.0071
vn 0.9812 -0.1929 -0.0041
vn 0.8583 -0.1578 0.4883
vn 0.8681 -0.0904 0.4880
vn 0.4977 -0.1455 0.8550
vn 0.5092 -0.0051 0.8606
vn -0.0000 -0.1410 0.9900
vn -0.0000 -0.2813 0.9596
vn -0.5092 -0.0051 0.8606
vn -0.4977 -0.1455 0.8550
vn -0.8681 -0.0904 0.4880
vn -0.8583 -0.1578 0.4883
vn -0.9812 -0.1929 -0.0041
vn -0.9847 -0.1739 -0.0071
vn -0.8321 -0.2826 -0.4772
vn 0.8626 -0.1698 -0.4764
vn 1.0000 -0.0010 -0.0038
vn -0.8474 -0.1890 -0.4962
vn -0.4729 -0.3414 -0.8123
vn -0.4868 -0.1996 -0.8504
vn 0.9801 0.1721 -0.0994
vn 0.8660 -0.2500 -0.4330
vn 0.8487 -0.0729 -0.5237
vn -0.0000 1.0000 0.0061
vn 0.4954 -0.2871 -0.8198
vn -0.0000 -0.3285 -0.9445
vn 0.5000 -0.0053 0.8660
vn -0.0000 -0.0061 1.0000
vn 0.4986 0.3118 0.8088
vn -0.0000 0.3414 0.9399
vn -0.0000 0.3621 0.9322
vn 0.8658 0.1769 0.4680
vn -0.9771 0.1860 -0.1033
vn -0.8487 -0.0729 -0.5237
vn -0.9801 0.1721 -0.0994
vn -0.0000 0.0061 -1.0000
vn -0.0000 -0.2036 -0.9791
vn 0.9771 0.1860 -0.1033
vn 0.8487 0.4171 0.3250
vn -0.0000 -0.3202 -0.9473
vn 0.4900 -0.2523 -0.8344
vn -0.0000 -0.3179 -0.9481
vn 0.4842 0.6242 0.6132
vn 0.4900 0.5965 0.6357
vn 0.8660 0.0030 -0.5000
vn 0.8491 -0.0676 -0.5239
vn -0.4900 -0.2523 -0.8344
vn -1.0000 -0.0010 -0.0038
vn -0.8658 0.1769 0.4680
vn -0.0000 0.6621 0.7494
vn -0.4842 0.6242 0.6132
vn -0.4900 0.5965 0.6357
vn -0.4986 0.3118 0.8088
vn -0.4954 -0.2871 -0.8198
vn -0.8626 -0.1698 -0.4764
vn -0.8487 0.4171 0.3250
vn -0.8491 -0.0676 -0.5239
vn 0.5000 0.0053 -0.8660
vn 0.8660 -0.0030 0.5000
vn -0.8660 0.0030 -0.5000
vn -0.5000 0.0053 -0.8660
vn -0.5000 -0.0053 0.8660
vn -0.8660 -0.0031 0.5000
vn -0.3474 0.7229 -0.5973
vn -0.6017 0.7214 -0.3430
vn -0.6017 0.7171 0.3518
vn -0.3474 0.7156 0.6060
vn 0.6017 0.7171 0.3518
vn 0.3474 0.7156 0.6060
vn 0.3474 0.7229 -0.5973
vn 0.6017 0.7214 -0.3430
vn -0.0000 0.7235 -0.6904
vn 0.6947 0.7192 0.0044
vn -0.0000 0.7150 0.6991
vn -0.6947 0.7192 0.0044
vn -0.8660 -0.2500 -0.4330
vn 0.5000 -0.4330 -0.7500
vn -0.8660 0.2500 0.4330
vn -0.5000 0.4330 0.7500
vn -0.0000 0.5000 0.8660
vn 0.5000 0.4330 0.7500
vn 0.8660 0.2500 0.4330
vn -0.0000 -0.5000 -0.8660
vn -0.5000 -0.4330 -0.7500
vn -0.4967 -0.4438 -0.7458
vn -0.4910 -0.2527 -0.8337
vn -0.4933 -0.3730 -0.7858
vn -0.0000 -0.5104 -0.8599
vn -0.0000 -0.4274 -0.9040
vn -1.0000 -0.0014 -0.0025
vn -0.9999 -0.0058 -0.0103
vn -0.8637 -0.2592 -0.4323
vn -0.8600 -0.2209 -0.4601
vn -0.4993 0.4562 0.7366
vn -0.8421 0.4394 0.3126
vn -0.5034 0.3851 0.7735
vn -0.8661 0.2615 0.4260
vn -0.8701 0.2173 0.4424
vn -0.0000 0.5279 0.8493
vn -0.0000 0.6916 0.7223
vn -0.0000 0.4474 0.8943
vn 0.8661 0.2615 0.4260
vn 0.8421 0.4394 0.3126
vn 1.0000 -0.0014 -0.0025
vn 0.8701 0.2173 0.4424
vn 0.9999 -0.0058 -0.0103
vn 0.4993 0.4562 0.7366
vn 0.5034 0.3851 0.7735
vn 0.4967 -0.4438 -0.7458
vn 0.4910 -0.2527 -0.8337
vn 0.4933 -0.3730 -0.7858
vn 0.8637 -0.2592 -0.4324
vn 0.8600 -0.2209 -0.4601
vn -0.8660 0.0133 0.5000
vn -0.5000 0.0133 -0.8660
vn 0.4999 -0.0133 -0.8660
vn -0.3038 0.7942 0.5263
vn -0.6666 -0.6384 0.3849
vn -0.6666 -0.6384 -0.3849
vn 0.6666 -0.6384 -0.3849
vn -0.0000 -0.4814 -0.8765
vn 0.4382 -0.4814 -0.7590
vn 0.7590 -0.4814 0.4382
vn 0.4382 -0.4815 0.7590
vn -0.4382 -0.4815 0.7590
vn -0.4382 -0.4815 -0.7590
vn 0.8660 0.0133 0.5000
vn 0.8659 -0.0133 0.5000
vn 0.4382 -0.4815 -0.7590
vn 0.7591 -0.4814 -0.4382
vn 0.5000 0.0133 -0.8660
vn -0.8660 -0.0133 0.5000
vn -0.5000 -0.0133 -0.8660
vn 0.5000 -0.0133 -0.8660
vn -0.3848 -0.6384 -0.6666
vn -0.3848 -0.6384 0.6666
vn 0.3848 -0.6384 0.6666
vn -0.8765 -0.4814 -0.0000
vn 0.2612 0.4068 -0.8754
vn 0.2252 0.5385 -0.8120
vn -0.2593 0.3001 -0.9180
vn -0.1421 0.3584 -0.9227
vn -0.0752 0.2893 -0.9543
vn -0.1465 0.6810 -0.7175
vn -0.2252 0.5385 -0.8120
vn -0.0751 0.7663 -0.6381
vn 0.1421 0.3584 -0.9227
vn 0.2593 0.3001 -0.9180
vn 0.1858 0.5331 0.8254
vn 0.2506 0.5438 0.8009
vn -0.2094 0.4040 0.8905
vn -0.2902 0.3969 0.8708
vn 0.2902 0.3969 0.8708
vn 0.2094 0.4040 0.8905
vn 0.1947 0.3426 0.9191
vn 0.0999 0.2406 0.9655
vn 0.2871 0.2783 0.9166
vn -0.2506 0.5438 0.8009
vn -0.0000 0.4950 0.8689
vn -0.0706 0.4119 -0.9085
vn 0.0319 0.4019 -0.9151
vn -0.0000 0.9628 0.2701
vn -0.0000 0.9622 0.2722
vn -0.0000 0.9640 0.2659
vn -0.0000 0.9653 0.2613
vn -0.0000 0.9666 0.2564
vn -0.0000 0.9679 0.2513
vn -0.0000 0.9693 0.2457
vn -0.0000 0.9708 0.2398
vn -0.0000 0.9724 0.2335
vn -0.0000 0.9740 0.2266
vn -0.0000 0.9757 0.2192
vn -0.0000 0.9774 0.2113
vn -0.0000 0.9793 0.2026
vn -0.0000 0.9812 0.1932
vn -0.0000 0.9831 0.1829
vn -0.0000 0.9852 0.1716
vn -0.0000 0.9873 0.1591
vn -0.0000 0.9896 0.1441
vn -0.0000 0.9930 0.1180
vn -0.0000 0.9969 0.0789
vn -0.0000 0.9995 0.0324
vn -0.0000 0.9998 -0.0214
vn -0.0000 0.9965 -0.0838
vn -0.0000 0.9878 -0.1560
vn -0.0000 0.9710 -0.2389
vn -0.0000 0.9429 -0.3330
vn -0.0000 0.8994 -0.4372
vn -0.0000 0.8365 -0.5480
vn -0.0000 0.7516 -0.6596
vn -0.0000 0.6455 -0.7638
vn -0.0000 0.5229 -0.8524
vn -0.0000 0.3918 -0.9200
vn -0.0000 0.2614 -0.9652
vn -0.0000 0.3918 -0.9201
vn -0.0000 0.1392 -0.9903
vn -0.0000 0.0304 -0.9995
vn -0.0000 -0.0201 -0.9998
vn -0.0000 -0.9622 -0.2722
vn -0.0000 -0.9628 -0.2701
vn -0.0000 -0.9628 -0.2702
vn -0.0000 -0.9640 -0.2659
vn -0.0000 -0.9653 -0.2613
vn -0.0000 -0.9666 -0.2564
vn -0.0000 -0.9679 -0.2513
vn -0.0000 -0.9693 -0.2457
vn -0.0000 -0.9708 -0.2398
vn -0.0000 -0.9724 -0.2335
vn -0.0000 -0.9740 -0.2266
vn -0.0000 -0.9757 -0.2192
vn -0.0000 -0.9774 -0.2113
vn -0.0000 -0.9793 -0.2026
vn -0.0000 -0.9812 -0.1932
vn -0.0000 -0.9831 -0.1829
vn -0.0000 -0.9852 -0.1716
vn -0.0000 -0.9873 -0.1591
vn -0.0000 -0.9896 -0.1442
vn -0.0000 -0.9930 -0.1182
vn -0.0000 -0.9969 -0.0790
vn -0.0000 -0.9995 -0.0325
vn -0.0000 -0.9998 0.0213
vn -0.0000 -0.9965 0.0835
vn -0.0000 -0.9878 0.1556
vn -0.0000 -0.9712 0.2384
vn -0.0000 -0.9431 0.3324
vn -0.0000 -0.8997 0.4365
vn -0.0000 -0.8369 0.5474
vn -0.0000 -0.7520 0.6592
vn -0.0000 -0.6457 0.7636
vn -0.0000 -0.5226 0.8526
vn -0.0000 -0.3912 0.9203
vn -0.0000 -0.2607 0.9654
vn -0.0000 -0.1384 0.9904
vn -0.0000 -0.0289 0.9996
vn -0.0000 0.0224 0.9997
vn -0.0000 -0.2722 0.9622
vn -0.0000 -0.9997 0.0224
vn -0.0000 -0.6915 -0.7224
vn -0.0000 -0.6915 0.7224
vn 0.4864 -0.8737 -0.0000
vn -0.8885 -0.4589 -0.0000
vn -0.0000 -0.2654 -0.9641
vn 0.8885 -0.4589 -0.0000
vn -0.0000 -0.2654 0.9641
vn -0.4864 -0.8737 -0.0000
vn 0.9506 0.2688 0.1552
vn -0.0000 -0.5774 0.8165
vn -0.0000 -0.2065 0.9785
vn -0.9506 0.2688 0.1552
vn -0.4753 0.6805 -0.5577
vn -0.0000 0.4184 -0.9083
vn -0.8624 -0.3285 0.3853
vn -0.0000 -0.1470 -0.9891
vn -0.0000 -0.9423 -0.3349
vn 0.7732 -0.6341 -0.0000
vn -0.0000 -0.9423 0.3349
vn 0.9608 -0.2774 -0.0000
vn 0.9991 -0.0433 -0.0000
vn -0.0000 -0.7037 0.7105
vn 0.3827 0.9239 -0.0000
vn 0.9239 0.3827 -0.0000
vn -0.9112 -0.4118 0.0079
vn -0.1012 -0.5336 -0.8397
vn 0.9943 0.1067 -0.0000
vn -0.0000 0.2432 0.9700
vn -0.9112 -0.4118 -0.0079
vn -0.0000 -0.5463 0.8376
vn -0.0000 0.2432 -0.9700
vn -0.0000 0.9239 0.3827
vn -0.0000 0.3827 -0.9239
vn -0.0000 0.9239 -0.3827
vn -0.0000 -0.7037 -0.7105
vn -0.0000 -0.1470 0.9891
vn -0.7732 -0.6341 -0.0000
vn -0.9608 -0.2774 -0.0000
vn -0.9991 -0.0433 -0.0000
vn -0.3827 0.9239 -0.0000
vn -0.9239 0.3827 -0.0000
vn 0.9112 -0.4118 0.0079
vn -0.0000 -0.5463 -0.8376
vn -0.9943 0.1067 -0.0000
vn 0.9112 -0.4118 -0.0079
vn 0.1012 -0.5336 0.8397
vn -0.0000 0.3827 0.9239
vn 0.1014 0.4974 -0.8616
vn -0.1014 -0.0000 -0.9948
vn -0.1014 0.4974 -0.8616
vn 0.1014 -0.8616 -0.4974
vn -0.1014 -0.9948 -0.0000
vn -0.1014 -0.8616 -0.4974
vn 0.1014 -0.9948 -0.0000
vn -0.1014 -0.8616 0.4974
vn 0.1014 -0.8616 0.4974
vn -0.1014 -0.4974 0.8616
vn 0.1014 -0.4974 0.8616
vn -0.1014 -0.0000 0.9948
vn 0.1014 -0.0000 0.9948
vn -0.1014 0.4974 0.8616
vn 0.1014 0.4974 0.8616
vn -0.1014 0.8616 0.4974
vn 0.1014 0.8616 0.4974
vn -0.1014 0.9948 -0.0000
vn 0.1014 0.9948 -0.0000
vn -0.1014 0.8616 -0.4974
vn 0.1014 0.8616 -0.4974
vn 0.1014 -0.4974 -0.8616
vn -0.1014 -0.4974 -0.8616
vn 0.9817 0.1651 -0.0953
vn 0.9817 -0.0000 0.1906
vn 0.9817 -0.1651 -0.0953
vn 0.1014 -0.0000 -0.9948
vn -0.4080 -0.0000 -0.9130
vn -0.6162 -0.3938 -0.6821
vn -0.6162 -0.0000 -0.7876
vn -0.9461 -0.1620 -0.2806
vn -0.9817 -0.0000 -0.1906
vn -0.9461 -0.0000 -0.3240
vn 0.4080 -0.0000 -0.9130
vn 0.4080 -0.4565 -0.7907
vn 0.6162 -0.3938 -0.6821
vn 0.9461 -0.1620 -0.2806
vn 0.9817 -0.0000 -0.1906
vn 0.9817 -0.0953 -0.1651
vn -0.4080 -0.4565 -0.7907
vn -0.4080 -0.7907 -0.4565
vn -0.9461 -0.2806 -0.1620
vn -0.9817 -0.0953 -0.1651
vn 0.4080 -0.7907 -0.4565
vn 0.6162 -0.6821 -0.3938
vn 0.9461 -0.2806 -0.1620
vn -0.6162 -0.7876 -0.0000
vn -0.6162 -0.6821 -0.3938
vn -0.9461 -0.3240 -0.0000
vn -0.9817 -0.1651 -0.0953
vn 0.4080 -0.9130 -0.0000
vn 0.6162 -0.7876 -0.0000
vn 0.9461 -0.3240 -0.0000
vn 0.9817 -0.1906 -0.0000
vn -0.4080 -0.7907 0.4565
vn -0.4080 -0.9130 -0.0000
vn -0.9817 -0.1651 0.0953
vn -0.9817 -0.1906 -0.0000
vn 0.4080 -0.7907 0.4565
vn 0.6162 -0.6821 0.3938
vn 0.9817 -0.1651 0.0953
vn 0.9461 -0.2806 0.1620
vn -0.4080 -0.4565 0.7907
vn -0.6162 -0.3938 0.6821
vn -0.6162 -0.6821 0.3938
vn -0.9461 -0.1620 0.2806
vn -0.9461 -0.2806 0.1620
vn 0.4080 -0.4565 0.7907
vn 0.6162 -0.3938 0.6821
vn 0.9461 -0.1620 0.2806
vn 0.9817 -0.0953 0.1651
vn -0.4080 -0.0000 0.9130
vn -0.9461 -0.0000 0.3240
vn -0.9817 -0.0953 0.1651
vn 0.4080 -0.0000 0.9130
vn 0.6162 -0.0000 0.7876
vn 0.9461 -0.0000 0.3240
vn -0.6162 0.3938 0.6821
vn -0.6162 -0.0000 0.7876
vn -0.9461 0.1620 0.2806
vn -0.9817 -0.0000 0.1906
vn 0.4080 0.4565 0.7907
vn 0.6162 0.3938 0.6821
vn 0.9461 0.1620 0.2806
vn 0.9817 0.0953 0.1651
vn -0.4080 0.4565 0.7907
vn -0.4080 0.7907 0.4565
vn -0.9461 0.2806 0.1620
vn -0.9817 0.0953 0.1651
vn 0.4080 0.7907 0.4565
vn 0.6162 0.6821 0.3938
vn 0.9461 0.2806 0.1620
vn 0.9817 0.1651 0.0953
vn -0.6162 0.7876 -0.0000
vn -0.6162 0.6821 0.3938
vn -0.9461 0.3240 -0.0000
vn -0.9817 0.1651 0.0953
vn 0.4080 0.9130 -0.0000
vn 0.6162 0.7876 -0.0000
vn 0.9461 0.3240 -0.0000
vn 0.9817 0.1906 -0.0000
vn -0.4080 0.7907 -0.4565
vn -0.4080 0.9130 -0.0000
vn -0.9817 0.1651 -0.0953
vn -0.9817 0.1906 -0.0000
vn 0.4080 0.7907 -0.4565
vn 0.6162 0.6821 -0.3938
vn 0.9461 0.2806 -0.1620
vn -0.4080 0.4565 -0.7907
vn -0.6162 0.3938 -0.6821
vn -0.6162 0.6821 -0.3938
vn -0.9461 0.2806 -0.1620
vn -0.9817 0.0953 -0.1651
vn 0.4080 0.4565 -0.7907
vn 0.6162 0.3938 -0.6821
vn 0.9461 0.1620 -0.2806
vn 0.9817 0.0953 -0.1651
vn -0.9461 0.1620 -0.2806
vn 0.6162 -0.0000 -0.7876
vn 0.9461 -0.0000 -0.3240
vn 0.9961 -0.0155 0.0868
vn -0.7651 -0.4550 0.4556
vn -0.8102 -0.3901 -0.4375
vn 0.8102 -0.3901 -0.4375
vn 0.7041 0.6834 0.1930
vn -0.3600 -0.7291 -0.5821
vn -0.3600 0.8209 0.4432
vn -0.7038 -0.6402 -0.3078
vn 0.7304 -0.4221 0.5370
vn 0.8121 -0.4802 0.3315
vn -0.7304 -0.3290 0.5986
vn -0.8121 -0.1172 0.5716
vn 0.7038 0.5338 0.4687
vn 0.0706 0.4119 -0.9085
vn 0.5034 0.2674 -0.8216
vn -0.5034 0.2674 -0.8216
vn -0.4864 -0.8738 -0.0000
vn -0.9117 -0.4108 -0.0000
vn -0.1012 -0.5336 0.8397
vn 0.9117 -0.4108 -0.0000
vn 0.1012 -0.5336 -0.8397
vt 0.282989 0.068388
vt 0.305786 0.026922
vt 0.290883 0.071824
vt 0.228465 0.280520
vt 0.249674 0.235355
vt 0.251189 0.280206
vt 0.626811 0.347064
vt 0.688150 0.292367
vt 0.688150 0.347064
vt 0.459238 0.284761
vt 0.328888 0.238863
vt 0.451017 0.238863
vt 0.626811 0.292367
vt 0.684664 0.239072
vt 0.095382 0.340272
vt 0.071258 0.398650
vt 0.071261 0.340272
vt 0.092642 0.444877
vt 0.071832 0.447436
vt 0.164950 0.277988
vt 0.203234 0.227416
vt 0.199010 0.279546
vt 0.106987 0.571489
vt 0.133747 0.612387
vt 0.125651 0.615851
vt 0.229332 0.232729
vt 0.253217 0.195706
vt 0.236205 0.190989
vt 0.261929 0.157158
vt 0.248265 0.151700
vt 0.275085 0.116526
vt 0.148702 0.658407
vt 0.144627 0.659847
vt 0.288489 0.014426
vt 0.299913 0.013426
vt 0.295837 0.020869
vt 0.096017 0.485443
vt 0.078590 0.490159
vt 0.104681 0.524923
vt 0.090671 0.530418
vt 0.117876 0.566565
vt 0.648779 0.018595
vt 0.661932 0.012116
vt 0.666182 0.018595
vt 0.633782 0.192776
vt 0.681179 0.192776
vt 0.637268 0.150396
vt 0.677693 0.150396
vt 0.674207 0.109112
vt 0.640754 0.109112
vt 0.670722 0.066051
vt 0.644239 0.066051
vt 0.173657 0.220875
vt 0.214182 0.182883
vt 0.189486 0.173245
vt 0.230207 0.142671
vt 0.210115 0.132080
vt 0.249842 0.103413
vt 0.233684 0.093756
vt 0.271475 0.062023
vt 0.264469 0.111645
vt 0.163658 0.337605
vt 0.198202 0.337662
vt 0.320666 0.345599
vt 0.459240 0.345599
vt 0.301811 0.025489
vt 0.426361 0.117820
vt 0.361760 0.069879
vt 0.418144 0.069878
vt 0.434579 0.160277
vt 0.353544 0.117820
vt 0.442797 0.199295
vt 0.345326 0.160277
vt 0.337108 0.199295
vt 0.113834 0.622287
vt 0.130931 0.671077
vt 0.101192 0.629978
vt 0.138487 0.664535
vt 0.075386 0.589589
vt 0.091973 0.579815
vt 0.051525 0.550240
vt 0.072143 0.539536
vt 0.030691 0.508002
vt 0.056013 0.498306
vt 0.014812 0.459177
vt 0.045110 0.452692
vt 0.252075 0.337750
vt 0.228488 0.337711
vt 0.006319 0.400681
vt 0.041157 0.399374
vt 0.040546 0.340272
vt 0.005696 0.340272
vt 0.372137 0.016300
vt 0.399067 0.010645
vt 0.407768 0.016300
vt 0.309273 0.026431
vt 0.305915 0.016959
vt 0.307636 0.016036
vt 0.099510 0.340272
vt 0.094423 0.399047
vt 0.098441 0.399385
vt 0.255122 0.279886
vt 0.294906 0.072861
vt 0.279110 0.117656
vt 0.266009 0.158025
vt 0.257323 0.196097
vt 0.253709 0.235237
vt 0.137868 0.611352
vt 0.152266 0.658932
vt 0.121999 0.565435
vt 0.108859 0.524063
vt 0.100219 0.485068
vt 0.096767 0.445021
vt 0.256117 0.337756
vt 0.304654 0.648654
vt 0.282107 0.607186
vt 0.290013 0.603779
vt 0.249338 0.440135
vt 0.228278 0.394901
vt 0.251001 0.395290
vt 0.688150 0.401761
vt 0.459238 0.406437
vt 0.328888 0.452336
vt 0.320667 0.406437
vt 0.684664 0.455056
vt 0.626811 0.401761
vt 0.071259 0.281895
vt 0.092643 0.235667
vt 0.094424 0.281498
vt 0.202874 0.447922
vt 0.164755 0.397226
vt 0.198820 0.395780
vt 0.106981 0.109050
vt 0.133713 0.068107
vt 0.117873 0.113972
vt 0.252751 0.479795
vt 0.228989 0.442695
vt 0.261338 0.518371
vt 0.235725 0.484457
vt 0.274361 0.559043
vt 0.247656 0.523784
vt 0.125604 0.064647
vt 0.148686 0.021930
vt 0.300645 0.650038
vt 0.304474 0.658460
vt 0.302006 0.658516
vt 0.071833 0.233108
vt 0.096019 0.195101
vt 0.078591 0.190385
vt 0.104683 0.155620
vt 0.090672 0.150125
vt 0.666182 0.675533
vt 0.651834 0.680110
vt 0.648779 0.675533
vt 0.633782 0.501352
vt 0.630297 0.455056
vt 0.681179 0.501352
vt 0.637268 0.543732
vt 0.674208 0.585016
vt 0.677693 0.543732
vt 0.670722 0.628077
vt 0.640754 0.585016
vt 0.644239 0.628077
vt 0.213676 0.492491
vt 0.173275 0.454366
vt 0.229569 0.532753
vt 0.188949 0.502047
vt 0.249075 0.572073
vt 0.209443 0.543279
vt 0.270569 0.613524
vt 0.232888 0.581680
vt 0.287495 0.661092
vt 0.258249 0.621086
vt 0.263730 0.563889
vt 0.426362 0.573379
vt 0.361761 0.621320
vt 0.353544 0.573379
vt 0.434579 0.530921
vt 0.345327 0.530921
vt 0.442798 0.491903
vt 0.337108 0.491903
vt 0.451018 0.452336
vt 0.130659 0.009603
vt 0.113796 0.058235
vt 0.101169 0.050584
vt 0.144592 0.020403
vt 0.075387 0.090958
vt 0.091969 0.100726
vt 0.051527 0.130304
vt 0.072144 0.141007
vt 0.030692 0.172541
vt 0.056014 0.182238
vt 0.014813 0.221367
vt 0.045111 0.227852
vt 0.006319 0.279862
vt 0.041158 0.281170
vt 0.152266 0.021482
vt 0.149166 0.011306
vt 0.151125 0.011250
vt 0.098441 0.281159
vt 0.096768 0.235523
vt 0.254932 0.395623
vt 0.294038 0.602759
vt 0.308156 0.649224
vt 0.278388 0.557926
vt 0.265420 0.517517
vt 0.256859 0.479418
vt 0.253373 0.440267
vt 0.137844 0.069142
vt 0.121998 0.115101
vt 0.108861 0.156480
vt 0.100221 0.195475
vt 0.418145 0.621320
vt 0.372137 0.674898
vt 0.920181 0.309448
vt 0.927182 0.347663
vt 0.920181 0.347663
vt 0.927182 0.309448
vt 0.934184 0.347663
vt 0.934184 0.309448
vt 0.941185 0.347663
vt 0.941185 0.309448
vt 0.948187 0.347663
vt 0.948187 0.309448
vt 0.955188 0.347663
vt 0.955188 0.309448
vt 0.962190 0.347663
vt 0.878172 0.309448
vt 0.885173 0.347663
vt 0.878172 0.347663
vt 0.885173 0.309448
vt 0.892175 0.347663
vt 0.892175 0.309448
vt 0.899176 0.347663
vt 0.899176 0.309448
vt 0.906178 0.347663
vt 0.941185 0.376403
vt 0.934184 0.376403
vt 0.906178 0.309448
vt 0.913179 0.347663
vt 0.913179 0.309448
vt 0.899176 0.376403
vt 0.906178 0.405144
vt 0.899176 0.405144
vt 0.927182 0.376403
vt 0.920181 0.376403
vt 0.885173 0.376403
vt 0.892175 0.405144
vt 0.885173 0.405144
vt 0.906178 0.376403
vt 0.913179 0.405144
vt 0.948187 0.376403
vt 0.955188 0.405144
vt 0.948187 0.405144
vt 0.941185 0.405144
vt 0.934184 0.405144
vt 0.892175 0.376403
vt 0.962190 0.376403
vt 0.955188 0.376403
vt 0.927182 0.405144
vt 0.920181 0.405144
vt 0.906178 0.443359
vt 0.899176 0.443359
vt 0.962190 0.405144
vt 0.941185 0.443359
vt 0.934184 0.443359
vt 0.913179 0.376403
vt 0.948187 0.443359
vt 0.927182 0.443359
vt 0.920181 0.443359
vt 0.878172 0.376403
vt 0.878172 0.405144
vt 0.955188 0.443359
vt 0.892175 0.299885
vt 0.885173 0.298829
vt 0.892175 0.298829
vt 0.913179 0.443359
vt 0.885173 0.443359
vt 0.878172 0.443359
vt 0.892175 0.443359
vt 0.962190 0.443359
vt 0.885173 0.299885
vt 0.878172 0.298829
vt 0.955188 0.299885
vt 0.962190 0.298829
vt 0.962190 0.299885
vt 0.948187 0.299885
vt 0.955188 0.298829
vt 0.920181 0.302567
vt 0.927182 0.300994
vt 0.927182 0.302567
vt 0.913179 0.299885
vt 0.920181 0.298829
vt 0.920181 0.299885
vt 0.941185 0.299885
vt 0.948187 0.298829
vt 0.934184 0.299885
vt 0.941185 0.298829
vt 0.906178 0.298829
vt 0.913179 0.298829
vt 0.899176 0.299885
vt 0.906178 0.299885
vt 0.899176 0.298829
vt 0.948187 0.297532
vt 0.955188 0.297531
vt 0.920181 0.297532
vt 0.927182 0.298829
vt 0.934184 0.297532
vt 0.934184 0.298829
vt 0.899176 0.297532
vt 0.962190 0.297531
vt 0.941185 0.297532
vt 0.906178 0.297532
vt 0.878172 0.297532
vt 0.885173 0.297532
vt 0.913179 0.297532
vt 0.927182 0.297532
vt 0.892175 0.297532
vt 0.892175 0.306179
vt 0.899176 0.306179
vt 0.906178 0.306179
vt 0.934184 0.306179
vt 0.913179 0.306179
vt 0.941185 0.306179
vt 0.927182 0.306179
vt 0.920181 0.306179
vt 0.948187 0.306179
vt 0.955188 0.306179
vt 0.962190 0.309448
vt 0.962190 0.306179
vt 0.885173 0.306179
vt 0.885173 0.302567
vt 0.892175 0.302567
vt 0.899176 0.302567
vt 0.906178 0.302567
vt 0.934184 0.302567
vt 0.913179 0.302567
vt 0.941185 0.302567
vt 0.948187 0.302567
vt 0.955188 0.302567
vt 0.962190 0.302567
vt 0.878172 0.306179
vt 0.885173 0.300994
vt 0.892175 0.300994
vt 0.913179 0.300994
vt 0.920181 0.300994
vt 0.948187 0.300994
vt 0.878172 0.302567
vt 0.906178 0.300994
vt 0.941185 0.300994
vt 0.955188 0.300994
vt 0.962190 0.300994
vt 0.899176 0.300994
vt 0.934184 0.300994
vt 0.920181 0.300371
vt 0.927182 0.300371
vt 0.927182 0.299885
vt 0.934184 0.300371
vt 0.941185 0.300371
vt 0.948187 0.300371
vt 0.955188 0.300370
vt 0.962190 0.300370
vt 0.878172 0.300371
vt 0.885173 0.300371
vt 0.892175 0.300371
vt 0.899176 0.300371
vt 0.906178 0.300371
vt 0.913179 0.300371
vt 0.948187 0.293837
vt 0.913179 0.293837
vt 0.927182 0.293837
vt 0.892175 0.293837
vt 0.955188 0.293837
vt 0.920181 0.293837
vt 0.934184 0.293837
vt 0.899176 0.293837
vt 0.962190 0.293837
vt 0.941185 0.293837
vt 0.906178 0.293837
vt 0.885173 0.293837
vt 0.602414 0.187138
vt 0.568696 0.219327
vt 0.559224 0.184128
vt 0.583394 0.103762
vt 0.604522 0.118778
vt 0.567046 0.115439
vt 0.557936 0.133499
vt 0.610865 0.137911
vt 0.555272 0.152269
vt 0.610787 0.156721
vt 0.021675 0.863951
vt 0.055428 0.896127
vt 0.012223 0.899169
vt 0.036052 0.979477
vt 0.057483 0.964533
vt 0.043051 0.978787
vt 0.010951 0.949803
vt 0.019998 0.967822
vt 0.008289 0.931040
vt 0.063899 0.945373
vt 0.063823 0.926550
vt 0.008611 0.950895
vt 0.018344 0.969928
vt 0.009836 0.897918
vt 0.019812 0.862203
vt 0.066366 0.926228
vt 0.057552 0.894556
vt 0.035700 0.982228
vt 0.043832 0.981604
vt 0.059449 0.966399
vt 0.005696 0.931089
vt 0.040569 0.863523
vt 0.042204 0.861557
vt 0.066366 0.946115
vt 0.023319 0.857162
vt 0.027046 0.856311
vt 0.565384 0.113304
vt 0.613328 0.157042
vt 0.038416 0.856775
vt 0.042462 0.857159
vt 0.552679 0.152220
vt 0.613328 0.137174
vt 0.604538 0.188706
vt 0.587584 0.219741
vt 0.590443 0.104476
vt 0.606486 0.116945
vt 0.583133 0.100836
vt 0.556838 0.185380
vt 0.555591 0.132403
vt 0.699542 0.294109
vt 0.706036 0.666122
vt 0.699542 0.666145
vt 0.316939 0.917373
vt 0.328832 0.920104
vt 0.317319 0.923646
vt 0.577826 0.227257
vt 0.574071 0.226960
vt 0.585436 0.226488
vt 0.581654 0.227149
vt 0.030803 0.856011
vt 0.034632 0.856116
vt 0.570345 0.226112
vt 0.566305 0.225476
vt 0.566835 0.221075
vt 0.325317 0.908376
vt 0.319918 0.911771
vt 0.738503 0.666009
vt 0.744997 0.293951
vt 0.744997 0.665986
vt 0.725516 0.666054
vt 0.732010 0.293996
vt 0.732010 0.666031
vt 0.712529 0.294064
vt 0.719023 0.666077
vt 0.712529 0.666099
vt 0.320533 0.929068
vt 0.326154 0.931931
vt 0.764477 0.293883
vt 0.770971 0.665895
vt 0.764477 0.665918
vt 0.332362 0.931647
vt 0.337497 0.928295
vt 0.340520 0.922952
vt 0.340452 0.916731
vt 0.337261 0.911312
vt 0.331724 0.908138
vt 0.751490 0.665963
vt 0.757984 0.293905
vt 0.757984 0.665941
vt 0.719023 0.294041
vt 0.777464 0.293837
vt 0.777464 0.665873
vt 0.346406 0.914856
vt 0.347063 0.901475
vt 0.353733 0.913084
vt 0.341543 0.906694
vt 0.342016 0.932547
vt 0.353733 0.926376
vt 0.346565 0.924290
vt 0.310649 0.915754
vt 0.309547 0.901640
vt 0.315467 0.907312
vt 0.334073 0.937658
vt 0.336186 0.944400
vt 0.324653 0.937963
vt 0.323655 0.902204
vt 0.321749 0.894592
vt 0.333256 0.902008
vt 0.311289 0.925488
vt 0.316263 0.933645
vt 0.303521 0.927942
vt 0.335438 0.894653
vt 0.311295 0.939518
vt 0.303233 0.914052
vt 0.970053 0.928307
vt 0.936352 0.960481
vt 0.926884 0.925299
vt 0.951042 0.844970
vt 0.972161 0.859980
vt 0.934703 0.856642
vt 0.925596 0.874693
vt 0.978501 0.879104
vt 0.922934 0.893455
vt 0.978423 0.897905
vt 0.247171 0.863947
vt 0.280908 0.896108
vt 0.237723 0.899149
vt 0.261541 0.979419
vt 0.282961 0.964482
vt 0.268537 0.978729
vt 0.236452 0.949759
vt 0.245495 0.967769
vt 0.233791 0.931004
vt 0.289375 0.945331
vt 0.289299 0.926517
vt 0.234113 0.950850
vt 0.243842 0.969874
vt 0.235337 0.897899
vt 0.245308 0.862200
vt 0.291841 0.926195
vt 0.283031 0.894538
vt 0.261189 0.982169
vt 0.269317 0.981545
vt 0.284927 0.966347
vt 0.231199 0.931054
vt 0.266056 0.863519
vt 0.267690 0.861555
vt 0.291841 0.946073
vt 0.248814 0.857162
vt 0.252539 0.856310
vt 0.933041 0.854508
vt 0.980963 0.898226
vt 0.263904 0.856774
vt 0.267947 0.857159
vt 0.920342 0.893406
vt 0.980963 0.878366
vt 0.972176 0.929875
vt 0.955230 0.960895
vt 0.958088 0.845684
vt 0.974124 0.858147
vt 0.950782 0.842046
vt 0.924499 0.926550
vt 0.923253 0.873598
vt 0.866779 0.665873
vt 0.860285 0.293860
vt 0.866779 0.293837
vt 0.110988 0.872726
vt 0.102629 0.881736
vt 0.105293 0.869918
vt 0.945477 0.968408
vt 0.941724 0.968111
vt 0.953084 0.967639
vt 0.949303 0.968300
vt 0.256294 0.856011
vt 0.260121 0.856116
vt 0.937999 0.967263
vt 0.933962 0.966627
vt 0.934491 0.962229
vt 0.114533 0.884551
vt 0.114209 0.878217
vt 0.827818 0.293973
vt 0.821324 0.666031
vt 0.821324 0.293996
vt 0.840805 0.293928
vt 0.834311 0.665986
vt 0.834311 0.293951
vt 0.853792 0.665918
vt 0.847298 0.293905
vt 0.853792 0.293883
vt 0.098979 0.870066
vt 0.093722 0.873551
vt 0.801844 0.666099
vt 0.795350 0.294087
vt 0.801844 0.294064
vt 0.090910 0.879084
vt 0.091227 0.885187
vt 0.094353 0.890434
vt 0.099757 0.893463
vt 0.106030 0.893417
vt 0.111548 0.890221
vt 0.814831 0.294019
vt 0.808337 0.666077
vt 0.808337 0.294041
vt 0.847299 0.665941
vt 0.788857 0.666145
vt 0.788857 0.294110
vt 0.098406 0.899519
vt 0.109589 0.906811
vt 0.096276 0.906674
vt 0.107870 0.899426
vt 0.085244 0.887003
vt 0.084970 0.900060
vt 0.090218 0.894976
vt 0.120341 0.876388
vt 0.115329 0.868041
vt 0.128410 0.873963
vt 0.084946 0.877611
vt 0.083467 0.864527
vt 0.089217 0.869281
vt 0.120755 0.886169
vt 0.128410 0.888344
vt 0.116096 0.894623
vt 0.106664 0.863657
vt 0.097084 0.864110
vt 0.107971 0.856011
vt 0.121381 0.900239
vt 0.094438 0.857001
vt 0.077759 0.876306
vt 0.120467 0.861972
vt 0.798550 0.898651
vt 0.790299 0.677537
vt 0.798550 0.677537
vt 0.782049 0.898651
vt 0.782049 0.677537
vt 0.773798 0.677537
vt 0.773798 0.898651
vt 0.765547 0.677537
vt 0.757297 0.898651
vt 0.757297 0.677537
vt 0.749046 0.898651
vt 0.749046 0.677537
vt 0.740795 0.677537
vt 0.740795 0.898651
vt 0.732545 0.677537
vt 0.732545 0.898651
vt 0.724294 0.677537
vt 0.716044 0.898651
vt 0.716044 0.677537
vt 0.732545 0.906496
vt 0.707793 0.677537
vt 0.699542 0.898651
vt 0.699542 0.677537
vt 0.757297 0.906496
vt 0.765547 0.924955
vt 0.757297 0.924955
vt 0.749046 0.906496
vt 0.740795 0.906496
vt 0.765547 0.906496
vt 0.765547 0.898651
vt 0.707793 0.898651
vt 0.699542 0.906496
vt 0.790299 0.898651
vt 0.798550 0.906496
vt 0.790299 0.906496
vt 0.773798 0.906496
vt 0.707793 0.906496
vt 0.782049 0.906496
vt 0.724294 0.906496
vt 0.716044 0.906496
vt 0.724294 0.898651
vt 0.740795 0.924955
vt 0.732545 0.931415
vt 0.732545 0.924955
vt 0.699542 0.924955
vt 0.790299 0.924955
vt 0.782049 0.924955
vt 0.724294 0.924955
vt 0.749046 0.924955
vt 0.773798 0.924955
vt 0.716044 0.924955
vt 0.707793 0.924955
vt 0.798550 0.924955
vt 0.739297 0.982562
vt 0.716344 0.988712
vt 0.705692 0.948958
vt 0.765547 0.931415
vt 0.757297 0.931415
vt 0.699542 0.931415
vt 0.790299 0.931415
vt 0.782049 0.931415
vt 0.724294 0.931415
vt 0.749046 0.931415
vt 0.773798 0.931415
vt 0.716044 0.931415
vt 0.740795 0.931415
vt 0.707793 0.931415
vt 0.798550 0.931415
vt 0.908950 0.898652
vt 0.900699 0.677537
vt 0.908950 0.677537
vt 0.892449 0.898652
vt 0.892449 0.677537
vt 0.884198 0.677537
vt 0.884198 0.898652
vt 0.875947 0.677537
vt 0.867697 0.898652
vt 0.867697 0.677537
vt 0.859446 0.898652
vt 0.859446 0.677537
vt 0.851195 0.677537
vt 0.851195 0.898652
vt 0.842945 0.677537
vt 0.842945 0.898652
vt 0.834694 0.677537
vt 0.826444 0.898652
vt 0.826444 0.677537
vt 0.842945 0.906496
vt 0.818193 0.677537
vt 0.809942 0.898652
vt 0.809942 0.677537
vt 0.867697 0.906496
vt 0.875947 0.924955
vt 0.867697 0.924955
vt 0.859446 0.906496
vt 0.851195 0.906496
vt 0.875947 0.906496
vt 0.875947 0.898652
vt 0.818193 0.898652
vt 0.809942 0.906496
vt 0.900699 0.898652
vt 0.908950 0.906496
vt 0.900699 0.906496
vt 0.884198 0.906496
vt 0.826444 0.906496
vt 0.818193 0.906496
vt 0.892449 0.906496
vt 0.834694 0.906496
vt 0.834694 0.898652
vt 0.851195 0.924955
vt 0.842945 0.931415
vt 0.842945 0.924955
vt 0.809942 0.924955
vt 0.900699 0.924955
vt 0.892449 0.924955
vt 0.834694 0.924955
vt 0.859446 0.924955
vt 0.884198 0.924955
vt 0.826444 0.924955
vt 0.818193 0.924955
vt 0.908950 0.924955
vt 0.866252 0.939904
vt 0.883055 0.956707
vt 0.853952 0.985809
vt 0.875947 0.931415
vt 0.867697 0.931415
vt 0.809942 0.931415
vt 0.900699 0.931415
vt 0.892449 0.931415
vt 0.834694 0.931415
vt 0.859446 0.931415
vt 0.884198 0.931415
vt 0.826444 0.931415
vt 0.851195 0.931415
vt 0.818193 0.931415
vt 0.908950 0.931415
vt 0.859558 0.166610
vt 0.839095 0.174861
vt 0.839095 0.166610
vt 0.859558 0.174861
vt 0.839095 0.183111
vt 0.859558 0.183111
vt 0.839095 0.191362
vt 0.859558 0.199613
vt 0.839095 0.199613
vt 0.839095 0.207863
vt 0.859558 0.207863
vt 0.839095 0.216114
vt 0.859558 0.224365
vt 0.839095 0.224365
vt 0.859558 0.232615
vt 0.839095 0.232615
vt 0.839095 0.240866
vt 0.896008 0.183111
vt 0.913696 0.191362
vt 0.896008 0.191362
vt 0.859558 0.249116
vt 0.839095 0.249116
vt 0.913696 0.249116
vt 0.896008 0.257367
vt 0.896008 0.249116
vt 0.831861 0.191362
vt 0.831861 0.183111
vt 0.884225 0.625314
vt 0.894775 0.619224
vt 0.900866 0.641955
vt 0.896008 0.174861
vt 0.913696 0.183111
vt 0.896008 0.166610
vt 0.913696 0.174861
vt 0.906957 0.619224
vt 0.917507 0.625314
vt 0.913696 0.216114
vt 0.927068 0.207863
vt 0.927068 0.216114
vt 0.884225 0.658596
vt 0.878134 0.648046
vt 0.906957 0.664687
vt 0.894775 0.664687
vt 0.923598 0.648046
vt 0.917507 0.658596
vt 0.913696 0.207863
vt 0.896008 0.216114
vt 0.896008 0.207863
vt 0.896008 0.199613
vt 0.913696 0.199613
vt 0.884005 0.240866
vt 0.868786 0.249116
vt 0.868786 0.240866
vt 0.913696 0.257367
vt 0.927068 0.265618
vt 0.913696 0.265618
vt 0.868786 0.183111
vt 0.884005 0.191362
vt 0.868786 0.191362
vt 0.878134 0.635864
vt 0.927068 0.183111
vt 0.927068 0.191362
vt 0.884005 0.199613
vt 0.868786 0.199613
vt 0.868786 0.166610
vt 0.884005 0.174861
vt 0.868786 0.174861
vt 0.923598 0.635864
vt 0.884005 0.207863
vt 0.868786 0.207863
vt 0.927068 0.174861
vt 0.884005 0.183111
vt 0.884005 0.257367
vt 0.868786 0.265618
vt 0.868786 0.257367
vt 0.913696 0.232615
vt 0.896008 0.240866
vt 0.896008 0.232615
vt 0.868786 0.216114
vt 0.884005 0.224365
vt 0.868786 0.224365
vt 0.913696 0.224365
vt 0.896008 0.224365
vt 0.839095 0.257367
vt 0.859558 0.265618
vt 0.839095 0.265618
vt 0.868786 0.232615
vt 0.884005 0.249116
vt 0.913696 0.240866
vt 0.896008 0.265618
vt 0.927068 0.166610
vt 0.927068 0.199613
vt 0.927068 0.257367
vt 0.927068 0.249116
vt 0.927068 0.224365
vt 0.927068 0.232615
vt 0.927068 0.240866
vt 0.920519 0.250007
vt 0.920519 0.257367
vt 0.920519 0.225255
vt 0.920519 0.232615
vt 0.920519 0.207863
vt 0.920519 0.183111
vt 0.920519 0.174861
vt 0.920519 0.199613
vt 0.920519 0.217005
vt 0.920519 0.224365
vt 0.920519 0.241757
vt 0.920519 0.249116
vt 0.920519 0.233506
vt 0.920519 0.240866
vt 0.920519 0.216114
vt 0.920519 0.191362
vt 0.920519 0.258258
vt 0.920519 0.265618
vt 0.831861 0.249116
vt 0.831861 0.174861
vt 0.831861 0.240866
vt 0.831861 0.232615
vt 0.831861 0.224365
vt 0.831861 0.216114
vt 0.831861 0.207863
vt 0.831861 0.199613
vt 0.831861 0.257367
vt 0.831861 0.166610
vt 0.666337 0.846367
vt 0.658086 0.889859
vt 0.658086 0.846367
vt 0.649836 0.889859
vt 0.649836 0.846367
vt 0.641585 0.889859
vt 0.641585 0.846367
vt 0.633335 0.889859
vt 0.633335 0.846367
vt 0.625084 0.889859
vt 0.625084 0.846367
vt 0.616833 0.889859
vt 0.616833 0.846367
vt 0.608583 0.846367
vt 0.608583 0.889859
vt 0.600332 0.846367
vt 0.600332 0.889859
vt 0.592081 0.846367
vt 0.592081 0.889859
vt 0.583831 0.846367
vt 0.649836 0.835494
vt 0.641585 0.835494
vt 0.583831 0.889859
vt 0.575580 0.846367
vt 0.575580 0.889859
vt 0.567330 0.846367
vt 0.641585 0.759382
vt 0.649836 0.726242
vt 0.649836 0.759382
vt 0.482325 0.165143
vt 0.488886 0.161354
vt 0.492675 0.175493
vt 0.658086 0.835494
vt 0.666337 0.835494
vt 0.496463 0.161354
vt 0.503025 0.165143
vt 0.625084 0.895719
vt 0.616833 0.895719
vt 0.482325 0.185843
vt 0.478536 0.179281
vt 0.496463 0.189632
vt 0.488886 0.189632
vt 0.506814 0.179281
vt 0.503025 0.185843
vt 0.625084 0.835494
vt 0.616833 0.835494
vt 0.633335 0.835494
vt 0.592081 0.802874
vt 0.583831 0.759382
vt 0.592081 0.759382
vt 0.567330 0.895720
vt 0.567330 0.889859
vt 0.641585 0.802874
vt 0.478536 0.171704
vt 0.641585 0.895719
vt 0.633335 0.759382
vt 0.666337 0.802874
vt 0.658086 0.759382
vt 0.666337 0.759382
vt 0.506814 0.171704
vt 0.625084 0.802874
vt 0.625084 0.759382
vt 0.649836 0.895719
vt 0.649836 0.802874
vt 0.575580 0.759382
vt 0.567330 0.802874
vt 0.567330 0.759382
vt 0.592081 0.835494
vt 0.600332 0.835494
vt 0.616833 0.759382
vt 0.608583 0.802874
vt 0.608583 0.759382
vt 0.608583 0.835494
vt 0.575580 0.835494
vt 0.583831 0.835494
vt 0.600332 0.759382
vt 0.583831 0.802874
vt 0.567330 0.835494
vt 0.666337 0.895719
vt 0.658086 0.895719
vt 0.633335 0.895719
vt 0.583831 0.895720
vt 0.575580 0.895720
vt 0.592081 0.895720
vt 0.608583 0.895719
vt 0.600332 0.895720
vt 0.582940 0.902088
vt 0.575580 0.902088
vt 0.607692 0.902088
vt 0.600332 0.902088
vt 0.625084 0.902088
vt 0.649836 0.902088
vt 0.665446 0.902088
vt 0.658086 0.902088
vt 0.633335 0.902088
vt 0.615942 0.902088
vt 0.608583 0.902088
vt 0.591191 0.902088
vt 0.583831 0.902088
vt 0.599441 0.902088
vt 0.592081 0.902088
vt 0.616833 0.902088
vt 0.648945 0.902088
vt 0.641585 0.902088
vt 0.567330 0.902088
vt 0.583831 0.726242
vt 0.658086 0.726242
vt 0.592081 0.726242
vt 0.600332 0.726242
vt 0.608583 0.726242
vt 0.616833 0.726242
vt 0.625084 0.726242
vt 0.633335 0.726242
vt 0.641585 0.726242
vt 0.567330 0.726242
vt 0.575580 0.726242
vt 0.666337 0.726242
vt 0.575580 0.813747
vt 0.575580 0.802874
vt 0.575580 0.824621
vt 0.567330 0.813747
vt 0.567330 0.824621
vt 0.592081 0.813747
vt 0.592081 0.824621
vt 0.583831 0.813747
vt 0.583831 0.824621
vt 0.608583 0.813747
vt 0.600332 0.802874
vt 0.608583 0.824620
vt 0.600332 0.813747
vt 0.600332 0.824621
vt 0.616833 0.813747
vt 0.616833 0.802874
vt 0.616833 0.824620
vt 0.633335 0.813747
vt 0.633335 0.802874
vt 0.641585 0.813747
vt 0.633335 0.824620
vt 0.641585 0.824620
vt 0.625084 0.813747
vt 0.625084 0.824620
vt 0.658086 0.813747
vt 0.658086 0.802874
vt 0.666337 0.813747
vt 0.658086 0.824620
vt 0.666337 0.824620
vt 0.649836 0.813747
vt 0.649836 0.824620
vt 0.513285 0.729693
vt 0.520393 0.779349
vt 0.513285 0.779349
vt 0.520393 0.729693
vt 0.527502 0.779349
vt 0.527502 0.729693
vt 0.534611 0.779349
vt 0.534611 0.729693
vt 0.541720 0.779349
vt 0.541720 0.729693
vt 0.548828 0.779349
vt 0.548828 0.729693
vt 0.555937 0.779349
vt 0.470632 0.729693
vt 0.477741 0.779349
vt 0.470632 0.779349
vt 0.477741 0.729693
vt 0.484850 0.779349
vt 0.484850 0.729693
vt 0.491958 0.779349
vt 0.491958 0.729693
vt 0.499067 0.779349
vt 0.527502 0.816694
vt 0.534611 0.816694
vt 0.499067 0.729693
vt 0.506176 0.779349
vt 0.506176 0.729693
vt 0.491958 0.854038
vt 0.499067 0.816694
vt 0.499067 0.854038
vt 0.520393 0.816694
vt 0.513285 0.816694
vt 0.477741 0.816694
vt 0.484850 0.854038
vt 0.477741 0.854038
vt 0.506176 0.854038
vt 0.541720 0.816694
vt 0.548828 0.854038
vt 0.541720 0.854038
vt 0.534611 0.854038
vt 0.527502 0.854038
vt 0.484850 0.816694
vt 0.555937 0.816694
vt 0.548828 0.816694
vt 0.520393 0.854038
vt 0.513285 0.854038
vt 0.499067 0.903694
vt 0.491958 0.903694
vt 0.555937 0.854038
vt 0.534611 0.903694
vt 0.527502 0.903694
vt 0.506176 0.816694
vt 0.541720 0.903694
vt 0.520394 0.903694
vt 0.513285 0.903694
vt 0.470632 0.816694
vt 0.470632 0.854038
vt 0.548828 0.903694
vt 0.477741 0.717267
vt 0.484850 0.715895
vt 0.484850 0.717267
vt 0.506176 0.903694
vt 0.491958 0.816694
vt 0.477741 0.903694
vt 0.470632 0.903694
vt 0.484850 0.903694
vt 0.555937 0.903694
vt 0.470632 0.717267
vt 0.477741 0.715895
vt 0.555937 0.717267
vt 0.548828 0.715895
vt 0.555937 0.715895
vt 0.541720 0.717267
vt 0.548828 0.717267
vt 0.513285 0.720752
vt 0.520393 0.718708
vt 0.520393 0.720752
vt 0.513285 0.717267
vt 0.506176 0.715895
vt 0.513285 0.715895
vt 0.534611 0.715895
vt 0.541720 0.715895
vt 0.527502 0.717267
vt 0.534611 0.717267
vt 0.499067 0.717267
vt 0.506176 0.717267
vt 0.491958 0.715895
vt 0.499067 0.715895
vt 0.491958 0.717267
vt 0.548828 0.714209
vt 0.513285 0.714209
vt 0.520393 0.715895
vt 0.527502 0.714209
vt 0.527502 0.715895
vt 0.484850 0.714209
vt 0.491958 0.714209
vt 0.555937 0.714209
vt 0.534611 0.714209
vt 0.499067 0.714209
vt 0.470632 0.715895
vt 0.477741 0.714209
vt 0.541720 0.714209
vt 0.506176 0.714209
vt 0.520393 0.714209
vt 0.477741 0.725445
vt 0.484850 0.725445
vt 0.491958 0.725445
vt 0.499067 0.725445
vt 0.520393 0.725445
vt 0.527502 0.725445
vt 0.506176 0.725445
vt 0.534611 0.725445
vt 0.513285 0.725445
vt 0.541720 0.725445
vt 0.548828 0.725445
vt 0.555937 0.729693
vt 0.555937 0.725445
vt 0.477741 0.720752
vt 0.484850 0.720752
vt 0.491958 0.720752
vt 0.499067 0.720752
vt 0.527502 0.720752
vt 0.506176 0.720752
vt 0.534611 0.720752
vt 0.541720 0.720752
vt 0.548828 0.720752
vt 0.555937 0.720752
vt 0.470632 0.725445
vt 0.484850 0.718708
vt 0.506176 0.718708
vt 0.513285 0.718708
vt 0.499067 0.718708
vt 0.534611 0.718708
vt 0.541720 0.718708
vt 0.470632 0.720752
vt 0.477741 0.718708
vt 0.527502 0.718708
vt 0.548828 0.718708
vt 0.555937 0.718708
vt 0.491958 0.718708
vt 0.513285 0.717898
vt 0.520393 0.717898
vt 0.520393 0.717267
vt 0.527502 0.717898
vt 0.534611 0.717898
vt 0.541720 0.717898
vt 0.548828 0.717898
vt 0.555937 0.717898
vt 0.470632 0.717898
vt 0.477741 0.717898
vt 0.484850 0.717898
vt 0.491958 0.717898
vt 0.499067 0.717898
vt 0.506176 0.717898
vt 0.541720 0.711997
vt 0.506176 0.711997
vt 0.520393 0.711997
vt 0.484850 0.711997
vt 0.548828 0.711997
vt 0.513285 0.711997
vt 0.527502 0.711997
vt 0.491958 0.711997
vt 0.555937 0.711997
vt 0.534611 0.711997
vt 0.499067 0.711997
vt 0.470632 0.714209
vt 0.477741 0.711997
vt 0.869944 0.021307
vt 0.876945 0.059522
vt 0.869944 0.059522
vt 0.876945 0.021307
vt 0.883947 0.059522
vt 0.883947 0.021307
vt 0.890948 0.059522
vt 0.890948 0.021307
vt 0.897950 0.059522
vt 0.897950 0.021307
vt 0.904952 0.059522
vt 0.904951 0.021307
vt 0.911953 0.059522
vt 0.827935 0.021307
vt 0.834936 0.059522
vt 0.827935 0.059522
vt 0.834936 0.021307
vt 0.841938 0.059522
vt 0.841938 0.021307
vt 0.848939 0.059522
vt 0.855941 0.021307
vt 0.855941 0.059522
vt 0.890948 0.088262
vt 0.883947 0.088262
vt 0.862942 0.059522
vt 0.862942 0.021307
vt 0.848939 0.088262
vt 0.855941 0.117003
vt 0.848939 0.117003
vt 0.876945 0.088262
vt 0.869944 0.088262
vt 0.834936 0.088262
vt 0.841938 0.117003
vt 0.834936 0.117003
vt 0.855941 0.088262
vt 0.862942 0.117003
vt 0.897950 0.088262
vt 0.904951 0.117003
vt 0.897950 0.117003
vt 0.890948 0.117003
vt 0.883947 0.117003
vt 0.841938 0.088262
vt 0.904952 0.088262
vt 0.911953 0.088262
vt 0.869944 0.117003
vt 0.876945 0.117003
vt 0.855941 0.155218
vt 0.848939 0.155218
vt 0.911953 0.117003
vt 0.883947 0.155218
vt 0.890948 0.155218
vt 0.862942 0.088262
vt 0.897950 0.155218
vt 0.876945 0.155218
vt 0.869944 0.155218
vt 0.827935 0.117003
vt 0.904951 0.155218
vt 0.834936 0.011744
vt 0.841938 0.010688
vt 0.841938 0.011744
vt 0.862942 0.155218
vt 0.834936 0.155218
vt 0.827935 0.155218
vt 0.827935 0.088262
vt 0.841938 0.155218
vt 0.911953 0.155218
vt 0.827935 0.010688
vt 0.834936 0.010688
vt 0.904952 0.011744
vt 0.911953 0.010688
vt 0.911953 0.011744
vt 0.897950 0.011744
vt 0.904951 0.010688
vt 0.869944 0.014426
vt 0.876945 0.012853
vt 0.876945 0.014426
vt 0.869944 0.011744
vt 0.862942 0.010688
vt 0.869944 0.010688
vt 0.890948 0.011744
vt 0.897950 0.010688
vt 0.883947 0.011744
vt 0.890948 0.010688
vt 0.862942 0.011744
vt 0.855941 0.010688
vt 0.848939 0.011744
vt 0.855941 0.011744
vt 0.848939 0.010688
vt 0.897950 0.009390
vt 0.904951 0.009390
vt 0.869944 0.009390
vt 0.876945 0.010688
vt 0.883947 0.009390
vt 0.883947 0.010688
vt 0.848939 0.009390
vt 0.911953 0.009390
vt 0.890948 0.009390
vt 0.855941 0.009390
vt 0.827935 0.009390
vt 0.834936 0.009390
vt 0.862942 0.009390
vt 0.876945 0.009390
vt 0.841938 0.009390
vt 0.841938 0.018037
vt 0.848939 0.018037
vt 0.848939 0.021307
vt 0.855941 0.018038
vt 0.883947 0.018038
vt 0.862942 0.018038
vt 0.890948 0.018038
vt 0.876945 0.018038
vt 0.869944 0.018038
vt 0.897950 0.018038
vt 0.904951 0.018038
vt 0.911953 0.021307
vt 0.911953 0.018038
vt 0.834936 0.018037
vt 0.834936 0.014426
vt 0.841938 0.014426
vt 0.848939 0.014426
vt 0.855941 0.014426
vt 0.883947 0.014426
vt 0.862942 0.014426
vt 0.890948 0.014426
vt 0.897950 0.014426
vt 0.904952 0.014426
vt 0.911953 0.014426
vt 0.827935 0.018037
vt 0.841938 0.012853
vt 0.862942 0.012853
vt 0.869944 0.012853
vt 0.890948 0.012853
vt 0.897950 0.012853
vt 0.827935 0.014426
vt 0.834936 0.012853
vt 0.855941 0.012853
vt 0.904952 0.012853
vt 0.911953 0.012853
vt 0.848939 0.012853
vt 0.883947 0.012853
vt 0.869944 0.012229
vt 0.876945 0.012229
vt 0.876945 0.011744
vt 0.883947 0.012229
vt 0.890948 0.012229
vt 0.897950 0.012229
vt 0.904952 0.012229
vt 0.911953 0.012229
vt 0.827935 0.012229
vt 0.834936 0.012229
vt 0.841938 0.012229
vt 0.848939 0.012229
vt 0.855941 0.012229
vt 0.862942 0.012229
vt 0.897950 0.005696
vt 0.862942 0.005696
vt 0.876945 0.005696
vt 0.841938 0.005696
vt 0.904951 0.005696
vt 0.869944 0.005696
vt 0.883947 0.005696
vt 0.848939 0.005696
vt 0.911953 0.005696
vt 0.890948 0.005696
vt 0.855941 0.005696
vt 0.834936 0.005696
vt 0.345886 0.865503
vt 0.338777 0.815848
vt 0.345886 0.815848
vt 0.338777 0.865503
vt 0.331668 0.815848
vt 0.331668 0.865503
vt 0.324559 0.815848
vt 0.324559 0.865503
vt 0.317451 0.815848
vt 0.317451 0.865503
vt 0.310342 0.815848
vt 0.310342 0.865503
vt 0.303233 0.815848
vt 0.388538 0.865503
vt 0.381430 0.815848
vt 0.388538 0.815848
vt 0.381430 0.865503
vt 0.374321 0.815848
vt 0.374321 0.865503
vt 0.367212 0.815848
vt 0.367212 0.865503
vt 0.360103 0.815848
vt 0.331668 0.778503
vt 0.324559 0.778503
vt 0.360103 0.865503
vt 0.352994 0.815848
vt 0.352994 0.865503
vt 0.367212 0.741158
vt 0.360103 0.778503
vt 0.360103 0.741158
vt 0.338777 0.778503
vt 0.345886 0.778503
vt 0.381430 0.778503
vt 0.374321 0.741158
vt 0.381429 0.741158
vt 0.352994 0.741158
vt 0.317451 0.778503
vt 0.310342 0.741158
vt 0.317451 0.741158
vt 0.324559 0.741158
vt 0.331668 0.741158
vt 0.374321 0.778503
vt 0.310342 0.778503
vt 0.303233 0.778503
vt 0.345886 0.741158
vt 0.338777 0.741158
vt 0.360103 0.691502
vt 0.367212 0.691502
vt 0.303233 0.741158
vt 0.324559 0.691502
vt 0.331668 0.691502
vt 0.352994 0.778503
vt 0.317451 0.691502
vt 0.338777 0.691502
vt 0.345886 0.691502
vt 0.388538 0.741158
vt 0.310342 0.691502
vt 0.381429 0.877929
vt 0.374321 0.879301
vt 0.374321 0.877929
vt 0.352994 0.691502
vt 0.367212 0.778503
vt 0.381429 0.691502
vt 0.388538 0.691502
vt 0.388538 0.778503
vt 0.374321 0.691502
vt 0.303233 0.691502
vt 0.388538 0.879301
vt 0.381429 0.879301
vt 0.310342 0.877929
vt 0.303233 0.879301
vt 0.303233 0.877929
vt 0.317451 0.877929
vt 0.310342 0.879301
vt 0.345886 0.874444
vt 0.338777 0.876489
vt 0.338777 0.874444
vt 0.345886 0.877929
vt 0.352994 0.879301
vt 0.345886 0.879301
vt 0.324559 0.879301
vt 0.317451 0.879301
vt 0.331668 0.877929
vt 0.324559 0.877929
vt 0.360103 0.877929
vt 0.352994 0.877929
vt 0.367212 0.879301
vt 0.360103 0.879301
vt 0.367212 0.877929
vt 0.310342 0.880987
vt 0.345886 0.880987
vt 0.338777 0.879301
vt 0.331668 0.880987
vt 0.331668 0.879301
vt 0.367212 0.880987
vt 0.303233 0.880987
vt 0.324559 0.880987
vt 0.360103 0.880987
vt 0.381429 0.880987
vt 0.317451 0.880987
vt 0.352994 0.880987
vt 0.338777 0.880987
vt 0.374321 0.880987
vt 0.374321 0.869751
vt 0.367212 0.869751
vt 0.360103 0.869751
vt 0.331668 0.869751
vt 0.352994 0.869751
vt 0.324559 0.869751
vt 0.345886 0.869751
vt 0.338777 0.869751
vt 0.317451 0.869751
vt 0.310342 0.869751
vt 0.303233 0.865503
vt 0.303233 0.869751
vt 0.381429 0.869751
vt 0.381429 0.874444
vt 0.374321 0.874444
vt 0.367212 0.874444
vt 0.360103 0.874444
vt 0.331668 0.874444
vt 0.352994 0.874444
vt 0.324559 0.874444
vt 0.317451 0.874444
vt 0.310342 0.874444
vt 0.303233 0.874444
vt 0.388538 0.869751
vt 0.374321 0.876488
vt 0.352994 0.876488
vt 0.345886 0.876488
vt 0.324559 0.876489
vt 0.317451 0.876489
vt 0.388538 0.874444
vt 0.381429 0.876488
vt 0.360103 0.876488
vt 0.310342 0.876489
vt 0.303233 0.876489
vt 0.367212 0.876488
vt 0.331668 0.876489
vt 0.345886 0.877298
vt 0.338777 0.877298
vt 0.338777 0.877929
vt 0.331668 0.877298
vt 0.324559 0.877298
vt 0.317451 0.877298
vt 0.310342 0.877298
vt 0.303233 0.877298
vt 0.388538 0.877298
vt 0.381429 0.877298
vt 0.374321 0.877298
vt 0.367212 0.877298
vt 0.360103 0.877298
vt 0.352994 0.877298
vt 0.317451 0.883199
vt 0.352994 0.883199
vt 0.338777 0.883199
vt 0.374321 0.883199
vt 0.310342 0.883199
vt 0.345886 0.883199
vt 0.331668 0.883199
vt 0.367212 0.883199
vt 0.303233 0.883199
vt 0.324559 0.883199
vt 0.360103 0.883199
vt 0.388538 0.880987
vt 0.381429 0.883199
vt 0.294656 0.654680
vt 0.297629 0.660149
vt 0.292938 0.664466
vt 0.407769 0.674898
vt 0.380389 0.680110
vt 0.141256 0.009695
vt 0.138405 0.015677
vt 0.148770 0.668598
vt 0.303408 0.016302
vt 0.146202 0.669254
vt 0.142608 0.672173
vt 0.138880 0.676066
vt 0.147457 0.680110
vt 0.657480 0.005696
vt 0.653029 0.012116
vt 0.304702 0.005696
vt 0.296292 0.009597
vt 0.150524 0.669553
vt 0.389952 0.005696
vt 0.380838 0.010645
vt 0.300438 0.680108
vt 0.309273 0.678097
vt 0.305309 0.680110
vt 0.146403 0.011045
vt 0.477447 0.677255
vt 0.594473 0.691680
vt 0.477425 0.691680
vt 0.594440 0.663210
vt 0.594450 0.677247
vt 0.477463 0.649593
vt 0.477458 0.663222
vt 0.594432 0.636354
vt 0.594435 0.649580
vt 0.477468 0.623548
vt 0.477466 0.636368
vt 0.594426 0.611114
vt 0.594429 0.623532
vt 0.477474 0.599115
vt 0.477471 0.611130
vt 0.594419 0.587485
vt 0.594423 0.599098
vt 0.477481 0.576292
vt 0.477477 0.587503
vt 0.477485 0.565481
vt 0.594415 0.576273
vt 0.594404 0.555048
vt 0.594410 0.565461
vt 0.477496 0.545055
vt 0.477490 0.555070
vt 0.477503 0.535435
vt 0.594398 0.545031
vt 0.594378 0.526179
vt 0.594390 0.535409
vt 0.477531 0.517369
vt 0.477514 0.526207
vt 0.477562 0.508918
vt 0.594360 0.517337
vt 0.477617 0.500843
vt 0.594327 0.508880
vt 0.477707 0.493086
vt 0.594268 0.500795
vt 0.594080 0.485598
vt 0.594175 0.493017
vt 0.477899 0.478680
vt 0.477800 0.485681
vt 0.478012 0.472070
vt 0.593978 0.478583
vt 0.478144 0.465823
vt 0.593861 0.471958
vt 0.478295 0.459910
vt 0.593723 0.465697
vt 0.478460 0.454291
vt 0.593567 0.459768
vt 0.478629 0.448921
vt 0.593396 0.454133
vt 0.478791 0.443748
vt 0.593221 0.448749
vt 0.478930 0.438714
vt 0.593053 0.443562
vt 0.479034 0.433762
vt 0.592909 0.438517
vt 0.479097 0.428838
vt 0.592800 0.433557
vt 0.479040 0.423930
vt 0.592735 0.428629
vt 0.478924 0.419020
vt 0.592789 0.423726
vt 0.478736 0.414050
vt 0.592901 0.418826
vt 0.478468 0.408949
vt 0.593084 0.413873
vt 0.478108 0.403618
vt 0.593347 0.408793
vt 0.477678 0.398331
vt 0.593702 0.403493
vt 0.699542 0.282445
vt 0.816542 0.268045
vt 0.816542 0.282444
vt 0.699542 0.268045
vt 0.816542 0.254053
vt 0.699542 0.254053
vt 0.816542 0.240469
vt 0.699542 0.227293
vt 0.816542 0.227293
vt 0.816542 0.214524
vt 0.699542 0.202162
vt 0.816542 0.202162
vt 0.816542 0.190207
vt 0.699542 0.178658
vt 0.816542 0.178658
vt 0.816542 0.167515
vt 0.699542 0.167515
vt 0.816542 0.156776
vt 0.699542 0.156776
vt 0.816542 0.146443
vt 0.699542 0.146443
vt 0.816542 0.136513
vt 0.699542 0.136513
vt 0.816542 0.126986
vt 0.699542 0.117861
vt 0.816542 0.117861
vt 0.816542 0.109137
vt 0.699542 0.109137
vt 0.816542 0.100813
vt 0.699542 0.100813
vt 0.816542 0.092888
vt 0.699542 0.092888
vt 0.816542 0.085372
vt 0.699542 0.085372
vt 0.816542 0.078325
vt 0.699542 0.078325
vt 0.816542 0.071748
vt 0.699542 0.071748
vt 0.816542 0.065626
vt 0.699542 0.065626
vt 0.816542 0.059941
vt 0.699542 0.059941
vt 0.816542 0.054673
vt 0.699542 0.054672
vt 0.816542 0.049792
vt 0.699542 0.049792
vt 0.816542 0.045265
vt 0.699542 0.045264
vt 0.816542 0.041047
vt 0.699542 0.041046
vt 0.816542 0.037084
vt 0.699542 0.037084
vt 0.816542 0.033314
vt 0.699542 0.033313
vt 0.816542 0.029659
vt 0.699542 0.029659
vt 0.816542 0.026039
vt 0.699542 0.026039
vt 0.816542 0.022368
vt 0.699542 0.022368
vt 0.816542 0.018567
vt 0.699542 0.018567
vt 0.816542 0.014561
vt 0.699542 0.014561
vt 0.816542 0.010288
vt 0.699542 0.010288
vt 0.816542 0.005696
vt 0.477425 0.700605
vt 0.471091 0.677241
vt 0.600809 0.677232
vt 0.600835 0.691658
vt 0.471098 0.663217
vt 0.600801 0.663206
vt 0.471100 0.649592
vt 0.600799 0.649578
vt 0.471101 0.636368
vt 0.600797 0.636353
vt 0.471102 0.623547
vt 0.600796 0.623531
vt 0.471103 0.611129
vt 0.600795 0.611113
vt 0.471104 0.599114
vt 0.600793 0.599097
vt 0.471105 0.587502
vt 0.600791 0.587483
vt 0.471107 0.576290
vt 0.600789 0.576271
vt 0.471109 0.565479
vt 0.600787 0.565458
vt 0.471111 0.555067
vt 0.600784 0.555044
vt 0.471112 0.545051
vt 0.600783 0.545027
vt 0.471114 0.535430
vt 0.600781 0.535404
vt 0.471115 0.526197
vt 0.600780 0.526168
vt 0.471117 0.517346
vt 0.600778 0.517313
vt 0.471127 0.508864
vt 0.600769 0.508823
vt 0.471155 0.500733
vt 0.600741 0.500681
vt 0.471213 0.492943
vt 0.600683 0.492872
vt 0.471254 0.485532
vt 0.600641 0.485445
vt 0.471289 0.478500
vt 0.600603 0.478397
vt 0.471331 0.471835
vt 0.600559 0.471715
vt 0.471387 0.465515
vt 0.600500 0.465377
vt 0.471458 0.459522
vt 0.600424 0.459365
vt 0.471542 0.453835
vt 0.600334 0.453658
vt 0.471630 0.448428
vt 0.600238 0.448234
vt 0.471710 0.443273
vt 0.600149 0.443064
vt 0.471763 0.438326
vt 0.600086 0.438106
vt 0.471770 0.433527
vt 0.600070 0.433301
vt 0.471717 0.428793
vt 0.600113 0.428566
vt 0.471816 0.424112
vt 0.471831 0.419474
vt 0.600004 0.423886
vt 0.471752 0.414787
vt 0.599978 0.419255
vt 0.471562 0.409988
vt 0.600044 0.414581
vt 0.471223 0.405035
vt 0.600220 0.409801
vt 0.470632 0.399942
vt 0.594118 0.389396
vt 0.594120 0.398274
vt 0.600541 0.404876
vt 0.529659 0.318087
vt 0.522269 0.315831
vt 0.529658 0.315830
vt 0.515223 0.312333
vt 0.517493 0.225529
vt 0.517493 0.312333
vt 0.522259 0.219286
vt 0.529649 0.221542
vt 0.522260 0.221543
vt 0.536695 0.225040
vt 0.534425 0.311844
vt 0.534425 0.225040
vt 0.536875 0.219285
vt 0.544422 0.307422
vt 0.536875 0.307422
vt 0.518983 0.226999
vt 0.518991 0.310406
vt 0.523403 0.224709
vt 0.528506 0.227686
vt 0.523403 0.227686
vt 0.520435 0.309687
vt 0.523412 0.309687
vt 0.531483 0.227685
vt 0.528515 0.309686
vt 0.532935 0.310373
vt 0.532927 0.226966
vt 0.528873 0.223209
vt 0.523036 0.223209
vt 0.528515 0.312663
vt 0.523045 0.314164
vt 0.528882 0.314164
vt 0.859558 0.191362
vt 0.884005 0.216114
vt 0.859558 0.216114
vt 0.859558 0.240866
vt 0.859558 0.257367
vt 0.884005 0.166610
vt 0.884005 0.265618
vt 0.884005 0.232615
vt 0.451831 0.691503
vt 0.446671 0.844617
vt 0.446733 0.691502
vt 0.291841 0.699037
vt 0.207978 0.839636
vt 0.207978 0.696485
vt 0.190224 0.842223
vt 0.177943 0.691502
vt 0.190224 0.693898
vt 0.442974 0.841991
vt 0.442956 0.697191
vt 0.041460 0.842223
vt 0.029179 0.691502
vt 0.041460 0.693898
vt 0.177943 0.844619
vt 0.161872 0.691502
vt 0.438879 0.699947
vt 0.438896 0.839235
vt 0.413093 0.702668
vt 0.413109 0.836517
vt 0.059214 0.839636
vt 0.059214 0.696485
vt 0.459240 0.692422
vt 0.455525 0.843599
vt 0.455568 0.691766
vt 0.947764 0.269212
vt 0.972516 0.244461
vt 0.972516 0.269212
vt 0.947764 0.219709
vt 0.972516 0.219709
vt 0.947764 0.194957
vt 0.972516 0.194957
vt 0.972516 0.170205
vt 0.437845 0.930267
vt 0.413093 0.955018
vt 0.437845 0.955018
vt 0.413093 0.905515
vt 0.413093 0.930267
vt 0.437845 0.905515
vt 0.413093 0.880763
vt 0.437845 0.856011
vt 0.437845 0.880763
vt 0.009364 0.692514
vt 0.005705 0.841545
vt 0.005696 0.694913
vt 0.161872 0.844619
vt 0.158132 0.692519
vt 0.158134 0.843726
vt 0.154469 0.694923
vt 0.029179 0.844619
vt 0.013108 0.691502
vt 0.143077 0.837084
vt 0.143077 0.699037
vt 0.947222 0.454751
vt 0.878171 0.607868
vt 0.878172 0.454751
vt 0.956923 0.005696
vt 0.961959 0.158812
vt 0.956861 0.158811
vt 0.953222 0.011410
vt 0.953238 0.156275
vt 0.949158 0.153518
vt 0.923360 0.150799
vt 0.949143 0.014168
vt 0.969490 0.155423
vt 0.965776 0.006004
vt 0.969490 0.006710
vt 0.965732 0.157826
vt 0.595266 0.328921
vt 0.570514 0.353673
vt 0.595266 0.353673
vt 0.570514 0.304169
vt 0.570514 0.328921
vt 0.595266 0.304169
vt 0.570514 0.279417
vt 0.595266 0.254666
vt 0.595266 0.279417
vt 0.154469 0.955019
vt 0.179221 0.930267
vt 0.179221 0.955019
vt 0.154469 0.905515
vt 0.179221 0.905515
vt 0.154469 0.880763
vt 0.179221 0.880763
vt 0.179221 0.856011
vt 0.009367 0.843715
vt 0.920342 0.830654
vt 0.986833 0.677537
vt 0.986833 0.830654
vt 0.961589 0.621400
vt 0.958615 0.457480
vt 0.961589 0.457480
vt 0.988356 0.621400
vt 0.985381 0.457480
vt 0.988356 0.457480
vt 0.985381 0.621400
vt 0.982407 0.457480
vt 0.982407 0.621400
vt 0.979433 0.457480
vt 0.979433 0.621400
vt 0.976459 0.457480
vt 0.976459 0.621400
vt 0.973485 0.457480
vt 0.973485 0.621400
vt 0.970511 0.457480
vt 0.970511 0.621400
vt 0.967537 0.457480
vt 0.967537 0.621400
vt 0.964563 0.457480
vt 0.964563 0.621400
vt 0.991330 0.621400
vt 0.991330 0.457480
vt 0.628170 0.692861
vt 0.630589 0.693509
vt 0.628818 0.695280
vt 0.994304 0.621400
vt 0.994304 0.457480
vt 0.994187 0.456116
vt 0.991765 0.454751
vt 0.993869 0.454751
vt 0.643604 0.695627
vt 0.643950 0.694258
vt 0.642966 0.694521
vt 0.994187 0.622765
vt 0.991446 0.622765
vt 0.991765 0.624129
vt 0.627449 0.695627
vt 0.627795 0.694258
vt 0.628170 0.694906
vt 0.991213 0.456116
vt 0.988472 0.456116
vt 0.990895 0.454751
vt 0.644709 0.696265
vt 0.644324 0.694906
vt 0.991213 0.622765
vt 0.988472 0.622765
vt 0.990895 0.624129
vt 0.988791 0.624129
vt 0.628554 0.696265
vt 0.988239 0.456116
vt 0.985816 0.454751
vt 0.987921 0.454751
vt 0.645985 0.696265
vt 0.644973 0.695280
vt 0.988239 0.622765
vt 0.985498 0.622765
vt 0.985816 0.624129
vt 0.629830 0.696265
vt 0.629567 0.695280
vt 0.982524 0.456116
vt 0.985265 0.456116
vt 0.984947 0.454751
vt 0.646369 0.694906
vt 0.645721 0.695280
vt 0.982524 0.622765
vt 0.984947 0.624129
vt 0.982842 0.624129
vt 0.630215 0.694906
vt 0.630935 0.695627
vt 0.979550 0.456116
vt 0.982291 0.456116
vt 0.979868 0.454751
vt 0.981973 0.454751
vt 0.647728 0.694522
vt 0.647090 0.695627
vt 0.979550 0.622765
vt 0.982291 0.622765
vt 0.979868 0.624129
vt 0.631573 0.694522
vt 0.630589 0.694258
vt 0.976576 0.456116
vt 0.979317 0.456116
vt 0.978998 0.454751
vt 0.647728 0.693245
vt 0.646744 0.694258
vt 0.976576 0.622765
vt 0.978998 0.624129
vt 0.976894 0.624129
vt 0.631573 0.693246
vt 0.976343 0.456116
vt 0.973920 0.454751
vt 0.976024 0.454751
vt 0.647090 0.692140
vt 0.646744 0.693509
vt 0.976343 0.622765
vt 0.973602 0.622765
vt 0.973920 0.624129
vt 0.630935 0.692140
vt 0.630215 0.692861
vt 0.973369 0.456116
vt 0.970627 0.456116
vt 0.973050 0.454751
vt 0.645985 0.691502
vt 0.646370 0.692861
vt 0.973369 0.622765
vt 0.970627 0.622765
vt 0.973050 0.624129
vt 0.970946 0.624129
vt 0.629830 0.691502
vt 0.629567 0.692487
vt 0.970394 0.456116
vt 0.967972 0.454751
vt 0.970076 0.454751
vt 0.644709 0.691502
vt 0.645721 0.692487
vt 0.970394 0.622765
vt 0.967653 0.622765
vt 0.967972 0.624129
vt 0.628554 0.691502
vt 0.628818 0.692487
vt 0.964679 0.456116
vt 0.967420 0.456116
vt 0.967102 0.454751
vt 0.644324 0.692861
vt 0.644973 0.692487
vt 0.964679 0.622765
vt 0.967102 0.624129
vt 0.964998 0.624129
vt 0.627449 0.692140
vt 0.961705 0.456116
vt 0.964446 0.456116
vt 0.962024 0.454751
vt 0.964128 0.454751
vt 0.643604 0.692140
vt 0.643950 0.693509
vt 0.961705 0.622765
vt 0.964446 0.622765
vt 0.962024 0.624129
vt 0.626811 0.693245
vt 0.627795 0.693509
vt 0.958731 0.456116
vt 0.961472 0.456116
vt 0.961154 0.454751
vt 0.642966 0.693245
vt 0.958731 0.622765
vt 0.958615 0.621400
vt 0.961154 0.624129
vt 0.959049 0.624129
vt 0.626811 0.694521
vt 0.320667 0.284762
vt 0.630297 0.239072
vt 0.259162 0.054426
vt 0.663127 0.680110
vt 0.878172 0.299885
vt 0.878172 0.300994
vt 0.878172 0.293837
vt 0.019279 0.857801
vt 0.589220 0.221705
vt 0.591288 0.101811
vt 0.706036 0.294087
vt 0.589480 0.226101
vt 0.738503 0.293973
vt 0.725516 0.294019
vt 0.770971 0.293860
vt 0.751490 0.293928
vt 0.347184 0.937774
vt 0.323344 0.945258
vt 0.244776 0.857800
vt 0.956865 0.962858
vt 0.958933 0.843020
vt 0.860285 0.665895
vt 0.957126 0.967252
vt 0.827818 0.666009
vt 0.840805 0.665963
vt 0.795350 0.666122
vt 0.814831 0.666054
vt 0.078520 0.889045
vt 0.745447 0.959610
vt 0.745447 0.971910
vt 0.728644 0.988712
vt 0.705692 0.982562
vt 0.699542 0.971910
vt 0.699542 0.959610
vt 0.716345 0.942807
vt 0.728644 0.942807
vt 0.739297 0.948957
vt 0.843300 0.979659
vt 0.837150 0.969007
vt 0.837150 0.956707
vt 0.843300 0.946054
vt 0.853952 0.939904
vt 0.876905 0.946054
vt 0.883055 0.969007
vt 0.876905 0.979659
vt 0.866253 0.985809
vt 0.913696 0.166610
vt 0.920519 0.200504
vt 0.920519 0.175752
vt 0.920519 0.167501
vt 0.920519 0.192253
vt 0.920519 0.208754
vt 0.920519 0.184002
vt 0.831861 0.265618
vt 0.666337 0.889859
vt 0.632444 0.902088
vt 0.657196 0.902088
vt 0.640694 0.902088
vt 0.624193 0.902088
vt 0.574689 0.902088
vt 0.470632 0.718708
vt 0.470632 0.711997
vt 0.827935 0.011744
vt 0.827935 0.012853
vt 0.827935 0.005696
vt 0.388538 0.877929
vt 0.388538 0.876488
vt 0.388538 0.883199
vt 0.306246 0.658931
vt 0.399517 0.680110
vt 0.135786 0.005696
vt 0.294761 0.676983
vt 0.307755 0.679212
vt 0.699542 0.240469
vt 0.699542 0.214524
vt 0.699542 0.190207
vt 0.699542 0.126986
vt 0.699542 0.005697
vt 0.594473 0.700605
vt 0.471066 0.691659
vt 0.477676 0.389452
vt 0.601109 0.399824
vt 0.522270 0.318088
vt 0.515223 0.225529
vt 0.529648 0.219285
vt 0.536695 0.311844
vt 0.544422 0.219285
vt 0.528506 0.224709
vt 0.520426 0.227687
vt 0.531492 0.309686
vt 0.523412 0.312664
vt 0.451769 0.844619
vt 0.291841 0.837084
vt 0.459240 0.841162
vt 0.947764 0.244460
vt 0.947764 0.170205
vt 0.413093 0.856011
vt 0.154477 0.841567
vt 0.013108 0.844619
vt 0.947222 0.607868
vt 0.962021 0.005697
vt 0.923346 0.016890
vt 0.570514 0.254666
vt 0.154469 0.930267
vt 0.154469 0.856011
vt 0.920342 0.677537
vt 0.991446 0.456116
vt 0.993869 0.624129
vt 0.988791 0.454751
vt 0.985498 0.456116
vt 0.987921 0.624129
vt 0.982842 0.454751
vt 0.985265 0.622765
vt 0.981973 0.624129
vt 0.976894 0.454751
vt 0.979317 0.622765
vt 0.973602 0.456116
vt 0.976024 0.624129
vt 0.970946 0.454751
vt 0.967653 0.456116
vt 0.970076 0.624129
vt 0.964998 0.454751
vt 0.967420 0.622765
vt 0.964128 0.624129
vt 0.959049 0.454751
vt 0.961472 0.622765
s 1
usemtl Egyptian_Boat
f 41/1/1 46/2/2 52/3/3
f 21/4/4 59/5/5 50/6/6
f 86/7/7 3/8/8 85/9/7
f 47/10/9 60/11/10 69/12/10
f 4/13/8 10/14/11 3/8/8
f 148/15/12 19/16/13 117/17/14
f 19/16/13 70/18/15 24/19/16
f 3/20/17 34/21/18 22/22/19
f 30/23/20 61/24/21 32/25/22
f 33/26/23 58/27/24 59/5/5
f 35/28/25 56/29/26 58/27/24
f 37/30/27 54/31/28 56/29/26
f 32/25/22 43/32/29 17/33/30
f 2/34/31 1252/35/32 15/36/33
f 24/19/16 67/37/34 26/38/35
f 26/38/35 65/39/36 28/40/37
f 28/40/37 63/41/38 30/23/20
f 1/42/39 1251/43/40 2/44/31
f 10/14/11 8/45/41 11/46/41
f 11/46/41 7/47/42 12/48/42
f 7/47/42 13/49/43 12/48/42
f 6/50/43 14/51/44 13/49/43
f 5/52/44 2/44/45 14/51/44
f 10/53/46 36/54/47 34/21/18
f 11/55/48 38/56/49 36/54/47
f 12/57/50 40/58/51 38/56/49
f 13/59/52 42/60/53 40/58/51
f 42/60/53 2/34/54 15/36/55
f 39/61/56 52/3/3 54/31/28
f 22/22/19 85/62/57 3/20/17
f 21/4/4 116/63/58 22/22/19
f 150/64/59 47/10/9 147/65/59
f 42/60/53 16/66/60 41/1/1
f 64/67/61 51/68/62 62/69/62
f 40/58/51 41/1/1 39/61/56
f 66/70/63 53/71/61 64/67/61
f 38/56/49 39/61/56 37/30/27
f 68/72/64 55/73/63 66/70/63
f 36/54/47 37/30/27 35/28/25
f 69/12/10 57/74/64 68/72/64
f 34/21/18 35/28/25 33/26/23
f 31/75/65 1/76/66 5/77/67
f 31/75/65 17/33/30 18/78/68
f 6/79/69 31/75/65 5/77/67
f 29/80/70 32/25/22 31/75/65
f 7/81/71 29/80/70 6/79/69
f 27/82/72 30/23/20 29/80/70
f 8/83/73 27/82/72 7/81/71
f 25/84/74 28/40/37 27/82/72
f 9/85/75 25/84/74 8/83/73
f 23/86/76 26/38/35 25/84/74
f 21/4/4 149/87/77 115/88/78
f 22/22/19 33/26/23 21/4/4
f 4/89/79 23/86/76 9/85/75
f 20/90/80 24/19/16 23/86/76
f 118/91/81 4/89/79 86/92/82
f 117/17/14 20/90/80 118/91/81
f 45/93/83 1257/94/84 44/95/85
f 45/96/83 1255/97/86 1256/98/87
f 147/99/88 48/100/89 148/15/88
f 47/101/90 70/18/91 48/100/89
f 59/5/92 49/102/93 50/6/94
f 51/103/95 46/2/96 45/96/97
f 53/104/98 52/3/99 51/103/95
f 55/105/100 54/31/101 53/104/98
f 57/106/102 56/29/103 55/105/100
f 60/107/104 58/27/105 57/106/102
f 43/32/106 62/108/107 44/109/108
f 61/24/109 64/110/110 62/108/107
f 63/41/111 66/111/112 64/110/110
f 65/39/113 68/112/114 66/111/112
f 67/37/115 69/113/116 68/112/114
f 150/114/117 50/6/94 49/102/93
f 62/69/62 45/93/118 44/95/118
f 122/115/119 113/116/120 128/117/121
f 135/118/122 93/119/123 126/120/124
f 73/121/125 86/7/7 85/9/7
f 123/122/126 136/123/127 125/124/126
f 80/125/128 74/126/125 73/121/125
f 91/127/129 148/15/12 117/17/14
f 91/127/129 146/128/130 124/129/131
f 106/130/132 73/131/133 94/132/134
f 102/133/135 137/134/136 139/135/137
f 134/136/138 105/137/139 135/118/122
f 132/138/140 107/139/141 134/136/138
f 130/140/142 109/141/143 132/138/140
f 104/142/144 119/143/145 137/134/136
f 88/144/146 1262/145/147 1261/146/148
f 96/147/149 143/148/150 146/128/130
f 98/149/151 141/150/152 143/148/150
f 100/151/153 139/135/137 141/150/152
f 72/152/154 1258/153/155 71/154/156
f 80/125/128 78/155/157 79/156/128
f 81/157/157 77/158/158 78/155/157
f 83/159/159 77/158/158 82/160/158
f 84/161/160 76/162/159 83/159/159
f 72/152/161 75/163/160 84/161/160
f 108/164/162 80/165/163 106/130/132
f 110/166/164 81/167/165 108/164/162
f 112/168/166 82/169/167 110/166/164
f 114/170/168 83/171/169 112/168/166
f 114/170/168 72/172/170 84/173/171
f 128/117/121 111/174/172 130/140/142
f 85/62/57 94/132/134 73/131/133
f 116/63/58 93/119/123 94/132/134
f 123/122/126 150/64/59 147/65/59
f 88/144/173 114/170/168 113/116/120
f 140/175/174 127/176/175 129/177/174
f 113/116/120 112/168/166 111/174/172
f 142/178/176 129/177/174 131/179/176
f 111/174/172 110/166/164 109/141/143
f 144/180/177 131/179/176 133/181/177
f 109/141/143 108/164/162 107/139/141
f 145/182/127 133/181/177 136/123/127
f 107/139/141 106/130/132 105/137/139
f 71/183/178 103/184/179 75/185/180
f 103/184/179 89/186/181 104/142/144
f 76/187/182 103/184/179 101/188/183
f 101/188/183 104/142/144 102/133/135
f 77/189/184 101/188/183 99/190/185
f 99/190/185 102/133/135 100/151/153
f 78/191/186 99/190/185 97/192/187
f 97/192/187 100/151/153 98/149/151
f 79/193/188 97/192/187 95/194/189
f 95/194/189 98/149/151 96/147/149
f 93/119/123 149/87/77 126/120/124
f 105/137/139 94/132/134 93/119/123
f 74/195/190 95/194/189 92/196/191
f 92/196/191 96/147/149 91/127/129
f 74/195/190 118/91/81 86/92/82
f 92/196/191 117/17/14 118/91/81
f 120/197/192 1265/198/193 1264/199/194
f 147/99/88 124/129/195 123/200/196
f 123/200/196 146/128/197 145/201/198
f 125/202/199 135/118/200 126/120/201
f 122/115/202 127/203/203 121/204/204
f 128/117/205 129/205/206 127/203/203
f 130/140/207 131/206/208 129/205/206
f 132/138/209 133/207/210 131/206/208
f 134/136/211 136/208/212 133/207/210
f 119/143/213 138/209/214 137/134/215
f 137/134/215 140/210/216 139/135/217
f 139/135/217 142/211/218 141/150/219
f 141/150/219 144/212/220 143/148/221
f 143/148/221 145/201/198 146/128/197
f 126/120/201 150/114/117 125/202/199
f 138/213/175 121/214/222 127/176/175
f 152/215/223 208/216/224 209/217/225
f 154/218/226 206/219/227 208/216/224
f 156/220/228 204/221/229 206/219/227
f 158/222/230 202/223/231 204/221/229
f 160/224/232 200/225/233 202/223/231
f 162/226/234 198/227/235 200/225/233
f 164/228/236 196/229/237 198/230/235
f 166/231/238 194/232/239 196/229/237
f 168/233/240 192/234/241 194/232/239
f 170/235/242 190/236/243 192/234/241
f 206/219/227 185/237/244 184/238/245
f 172/239/246 188/240/247 190/236/243
f 174/241/248 209/217/225 188/240/247
f 180/242/249 189/243/250 191/244/251
f 208/216/224 184/238/245 183/245/252
f 209/217/225 183/245/252 182/246/253
f 177/247/254 193/248/255 195/249/256
f 176/250/257 187/251/258 189/243/250
f 181/252/259 199/253/260 201/254/261
f 184/238/245 203/255/262 205/256/263
f 179/257/264 191/244/251 193/248/255
f 200/225/233 175/258/265 186/259/266
f 182/246/253 207/260/267 210/261/268
f 202/223/231 186/259/266 181/252/259
f 204/221/229 181/252/259 185/237/244
f 191/244/251 171/262/269 169/263/270
f 186/259/266 197/264/271 199/253/260
f 183/245/252 205/256/263 207/260/267
f 205/256/263 157/265/272 155/266/273
f 178/267/274 210/261/268 187/251/258
f 185/237/244 201/254/261 203/255/262
f 203/255/262 159/268/275 157/265/272
f 210/261/268 153/269/276 151/270/277
f 175/271/265 195/249/256 197/272/271
f 201/254/261 161/273/278 159/268/275
f 283/274/279 258/275/280 254/276/281
f 207/260/267 155/266/273 153/269/276
f 187/251/258 151/270/277 173/277/282
f 194/232/239 180/242/249 179/257/264
f 197/272/271 165/278/283 163/279/284
f 198/230/235 177/247/254 175/271/265
f 190/236/243 178/267/274 176/250/257
f 193/248/255 169/263/270 167/280/285
f 196/229/237 179/257/264 177/247/254
f 189/243/250 173/277/282 171/262/269
f 192/234/241 176/250/257 180/242/249
f 195/249/256 167/280/285 165/278/283
f 188/240/247 182/246/253 178/267/274
f 199/253/260 163/281/284 161/273/278
f 280/282/286 255/283/287 258/275/280
f 274/284/288 255/285/287 277/286/289
f 271/287/290 247/288/291 274/284/288
f 245/289/292 263/290/293 246/291/294
f 292/292/295 249/293/296 260/294/297
f 268/295/298 248/296/299 271/287/290
f 265/297/300 256/298/301 268/295/298
f 292/292/295 257/299/302 250/300/303
f 286/301/304 257/299/302 289/302/305
f 283/274/279 253/303/306 286/301/304
f 247/288/291 215/304/307 216/305/308
f 250/300/303 211/306/309 249/293/296
f 252/307/310 213/308/311 251/309/312
f 254/276/281 220/310/313 253/303/306
f 247/288/291 217/311/314 255/285/287
f 251/309/312 214/312/315 256/298/301
f 257/299/302 220/310/313 221/313/316
f 258/275/280 217/314/314 218/315/317
f 248/296/299 214/312/315 215/304/307
f 250/300/303 221/313/316 222/316/318
f 252/307/310 211/306/309 212/317/319
f 258/275/280 219/318/320 254/276/281
f 166/231/238 234/319/321 168/233/240
f 168/233/240 233/320/322 170/235/242
f 172/239/246 233/320/322 232/321/323
f 154/218/226 231/322/324 156/220/228
f 172/239/246 229/323/325 174/241/248
f 156/220/228 227/324/326 158/222/230
f 152/215/223 230/325/327 154/218/226
f 152/215/223 229/323/325 228/326/328
f 160/224/232 227/324/326 226/327/329
f 162/226/234 226/327/329 225/328/330
f 164/329/236 225/328/330 224/330/331
f 164/228/236 223/331/332 166/231/238
f 234/319/321 244/332/333 243/333/334
f 233/320/322 243/333/334 242/334/335
f 233/320/322 241/335/336 232/321/323
f 231/322/324 246/291/294 240/336/337
f 229/323/325 241/335/336 239/337/338
f 231/322/324 238/338/339 227/324/326
f 228/326/328 246/291/294 230/325/327
f 228/326/328 239/337/338 245/289/292
f 227/324/326 237/339/340 226/327/329
f 226/327/329 236/340/341 225/328/330
f 224/330/331 236/340/341 235/341/342
f 224/342/331 244/332/333 223/331/332
f 243/333/334 281/343/343 284/344/344
f 245/289/292 293/345/345 259/346/346
f 241/335/336 293/345/345 239/337/338
f 238/338/339 272/347/347 237/339/340
f 235/348/342 281/343/343 244/332/333
f 242/334/335 290/349/348 241/335/336
f 240/336/337 269/350/349 238/338/339
f 235/341/342 275/351/350 278/352/351
f 242/334/335 284/344/344 287/353/352
f 240/336/337 263/290/293 266/354/353
f 265/297/300 252/307/310 251/309/312
f 236/340/341 272/347/347 275/351/350
f 263/290/293 261/355/354 264/356/355
f 264/356/356 260/294/297 262/357/357
f 263/290/293 267/358/358 266/354/353
f 267/358/359 262/357/357 265/297/300
f 269/350/349 267/358/358 270/359/360
f 267/358/359 268/295/298 270/359/361
f 272/347/347 270/359/360 273/360/362
f 273/360/363 268/295/298 271/287/290
f 275/351/350 273/360/362 276/361/364
f 273/360/363 274/284/288 276/361/365
f 278/352/351 276/361/364 279/362/366
f 276/361/365 277/286/289 279/362/367
f 281/343/343 279/363/366 282/364/368
f 279/363/367 280/282/286 282/364/369
f 281/343/343 285/365/370 284/344/344
f 285/365/371 280/282/286 283/274/279
f 284/344/344 288/366/372 287/353/352
f 288/366/373 283/274/279 286/301/304
f 287/353/352 291/367/374 290/349/348
f 291/367/375 286/301/304 289/302/305
f 290/349/348 294/368/376 293/345/345
f 294/368/377 289/302/305 292/292/295
f 259/346/346 294/368/376 261/355/354
f 294/368/377 260/294/297 261/355/378
f 260/294/297 252/307/310 262/357/357
f 214/312/244 299/369/259 215/304/259
f 221/313/257 306/370/274 222/316/274
f 211/306/253 296/371/252 212/317/252
f 218/315/254 303/372/264 219/318/264
f 215/304/259 300/373/266 216/305/266
f 222/316/274 295/374/253 211/306/253
f 212/317/252 297/375/245 213/308/245
f 219/318/264 304/376/249 220/310/249
f 216/305/266 301/377/265 217/311/265
f 213/308/245 298/378/244 214/312/244
f 220/310/249 305/379/257 221/313/257
f 217/314/265 302/380/254 218/315/254
f 318/381/379 309/382/380 311/383/379
f 307/384/244 315/385/244 314/386/244
f 315/385/244 313/387/244 314/386/244
f 316/388/244 312/389/244 313/387/244
f 317/390/244 311/383/379 312/389/244
f 321/391/381 330/392/382 323/393/382
f 319/394/249 327/395/249 320/396/249
f 325/397/249 327/395/249 326/398/249
f 324/399/249 328/400/249 325/397/249
f 323/393/382 329/401/249 324/399/249
f 332/402/383 326/398/384 331/403/385
f 321/391/386 333/404/387 334/405/388
f 336/406/389 330/392/390 335/407/391
f 338/408/392 320/396/392 337/409/392
f 320/396/393 339/410/394 337/409/393
f 323/393/395 340/411/396 333/404/387
f 335/407/391 322/412/397 341/413/398
f 327/395/399 342/414/400 339/410/394
f 340/411/396 325/397/401 332/402/383
f 353/415/402 346/416/403 321/391/404
f 328/400/405 336/406/389 342/414/400
f 331/403/385 319/394/406 338/408/406
f 331/417/407 307/384/408 314/386/409
f 316/388/410 336/418/411 317/390/412
f 352/419/413 348/420/414 341/413/398
f 340/421/415 313/387/416 312/389/417
f 315/385/418 342/422/419 316/388/410
f 335/423/420 310/424/421 318/381/422
f 311/383/423 340/421/415 312/389/417
f 308/425/424 339/426/425 315/385/418
f 338/427/426 308/425/426 307/384/426
f 336/418/411 318/381/422 317/390/412
f 309/382/427 333/428/428 311/383/423
f 332/429/429 314/386/409 313/387/416
f 372/430/430 354/431/431 348/432/414
f 387/433/432 355/434/433 365/435/434
f 349/436/435 344/437/436 309/382/437
f 354/438/431 343/439/438 310/424/439
f 350/440/440 345/441/441 322/412/442
f 351/442/443 347/443/444 334/444/388
f 381/445/445 355/434/433 368/446/446
f 347/447/444 386/448/447 353/449/402
f 344/450/448 380/451/449 351/452/443
f 357/453/450 349/454/244 343/455/438
f 378/456/451 355/434/433 362/457/452
f 363/458/453 352/459/413 345/460/454
f 384/461/455 355/434/433 371/462/456
f 390/463/457 355/434/433 356/464/458
f 375/465/459 355/434/433 359/466/460
f 346/467/403 377/468/461 350/469/249
f 354/431/431 357/453/450 343/455/438
f 362/457/452 355/434/433 384/461/455
f 377/468/461 345/460/454 350/469/249
f 368/446/446 355/434/433 387/433/432
f 365/435/434 355/434/433 378/456/451
f 374/470/462 344/450/448 349/454/244
f 359/466/460 355/434/433 381/445/445
f 352/459/413 372/471/430 348/472/414
f 371/462/456 355/434/433 390/463/457
f 386/448/447 346/467/403 353/449/402
f 380/451/449 347/447/444 351/452/443
f 358/473/463 374/474/462 357/475/450
f 356/464/464 376/476/465 358/473/463
f 390/463/466 373/477/467 371/462/468
f 389/478/469 373/477/467 391/479/470
f 388/480/471 368/446/472 387/433/473
f 388/480/471 369/481/474 370/482/475
f 385/483/476 362/457/477 384/461/478
f 383/484/479 364/485/480 385/483/476
f 382/486/481 359/466/482 381/445/483
f 380/487/449 361/488/484 382/486/481
f 378/456/485 367/489/486 365/435/487
f 379/490/488 366/491/489 367/489/486
f 376/476/465 360/492/490 374/474/462
f 375/465/491 361/488/484 376/476/465
f 362/457/477 379/490/488 378/456/485
f 364/485/480 377/493/461 379/490/488
f 368/446/472 382/486/481 381/445/483
f 369/481/474 382/486/481 370/482/475
f 373/477/467 384/461/478 371/462/468
f 373/477/467 383/484/479 385/483/476
f 367/489/486 387/433/473 365/435/487
f 367/489/486 386/494/447 388/480/471
f 356/464/464 391/479/470 390/463/466
f 357/475/450 391/479/470 358/473/463
f 356/464/458 355/434/433 375/465/459
f 403/495/379 394/496/380 396/497/379
f 392/498/244 400/499/244 399/500/244
f 400/499/244 398/501/244 399/500/244
f 401/502/244 397/503/244 398/501/244
f 402/504/244 396/497/379 397/503/244
f 406/505/381 415/506/382 408/507/382
f 404/508/249 412/509/249 405/510/249
f 410/511/249 412/509/249 411/512/249
f 409/513/249 413/514/249 410/511/249
f 408/507/382 414/515/249 409/513/249
f 417/516/383 411/512/384 416/517/385
f 406/505/386 418/518/387 419/519/388
f 421/520/389 415/506/390 420/521/391
f 423/522/392 405/510/392 422/523/392
f 405/510/393 424/524/394 422/523/393
f 408/507/395 425/525/396 418/518/387
f 420/521/391 407/526/397 426/527/398
f 412/509/399 427/528/400 424/524/394
f 425/525/396 410/511/401 417/516/383
f 438/529/402 431/530/403 406/505/404
f 413/514/405 421/520/389 427/528/400
f 416/517/385 404/508/406 423/522/406
f 416/531/407 392/498/408 399/500/409
f 401/502/410 421/532/411 402/504/412
f 437/533/413 433/534/414 426/527/398
f 425/535/415 398/501/416 397/503/417
f 400/499/418 427/536/419 401/502/410
f 420/537/420 395/538/421 403/495/422
f 396/497/423 425/535/415 397/503/417
f 393/539/424 424/540/425 400/499/418
f 423/541/426 393/539/426 392/498/426
f 421/532/411 403/495/422 402/504/412
f 394/496/427 418/542/428 396/497/423
f 417/543/429 399/500/409 398/501/416
f 457/544/430 439/545/431 433/546/414
f 472/547/432 440/548/433 450/549/492
f 434/550/435 429/551/436 394/496/437
f 439/552/431 428/553/438 395/538/439
f 435/554/440 430/555/441 407/526/442
f 436/556/443 432/557/444 419/558/388
f 466/559/445 440/548/433 453/560/446
f 432/561/444 471/562/447 438/563/402
f 429/564/448 465/565/449 436/566/443
f 442/567/450 434/568/244 428/569/438
f 463/570/451 440/548/433 447/571/452
f 448/572/453 437/573/413 430/574/454
f 469/575/455 440/548/433 456/576/456
f 475/577/457 440/548/433 441/578/458
f 460/579/459 440/548/433 444/580/493
f 431/581/403 462/582/461 435/583/249
f 439/545/431 442/567/450 428/569/438
f 447/571/452 440/548/433 469/575/455
f 462/582/461 430/574/454 435/583/249
f 453/560/446 440/548/433 472/547/432
f 450/549/492 440/548/433 463/570/451
f 459/584/462 429/564/448 434/568/244
f 444/580/493 440/548/433 466/559/445
f 437/573/413 457/585/430 433/586/414
f 456/576/456 440/548/433 475/577/457
f 471/562/447 431/581/403 438/563/402
f 465/565/449 432/561/444 436/566/443
f 443/587/463 459/588/462 442/589/450
f 441/578/464 461/590/465 443/587/463
f 475/577/466 458/591/467 456/576/468
f 474/592/469 458/591/467 476/593/470
f 472/547/473 455/594/475 453/560/472
f 473/595/471 454/596/474 455/594/475
f 470/597/476 447/571/477 469/575/478
f 470/597/476 448/598/453 449/599/480
f 467/600/481 444/580/482 466/559/483
f 465/601/449 446/602/484 467/600/481
f 463/570/485 452/603/486 450/549/487
f 464/604/488 451/605/489 452/603/486
f 461/590/465 445/606/490 459/588/462
f 460/579/491 446/602/484 461/590/465
f 447/571/477 464/604/488 463/570/485
f 449/599/480 462/607/461 464/604/488
f 453/560/472 467/600/481 466/559/483
f 454/596/474 467/600/481 455/594/475
f 458/591/467 469/575/478 456/576/468
f 458/591/467 468/608/479 470/597/476
f 452/603/486 472/547/473 450/549/487
f 452/603/486 471/609/447 473/595/471
f 441/578/464 476/593/470 475/577/466
f 442/589/450 476/593/470 443/587/463
f 441/578/458 440/548/433 460/579/459
f 478/610/494 479/611/495 477/612/496
f 479/611/495 482/613/497 481/614/498
f 482/613/497 483/615/244 481/614/498
f 484/616/499 485/617/500 483/615/244
f 485/617/500 488/618/501 487/619/502
f 487/619/502 490/620/503 489/621/504
f 490/620/503 491/622/505 489/621/504
f 492/623/506 493/624/507 491/622/505
f 494/625/508 495/626/249 493/624/507
f 495/626/249 498/627/509 497/628/510
f 492/623/506 509/629/511 494/625/508
f 498/627/509 499/630/512 497/628/510
f 499/630/512 478/631/494 477/632/496
f 506/633/513 517/634/500 518/635/502
f 492/623/506 507/636/514 508/637/515
f 488/618/501 507/636/514 490/620/503
f 488/618/501 505/638/516 506/633/513
f 484/616/499 505/638/516 486/639/517
f 500/640/518 502/641/519 478/631/494
f 480/642/520 502/643/519 501/644/521
f 482/613/497 504/645/522 484/616/499
f 498/627/509 512/646/523 500/640/518
f 480/642/520 503/647/524 482/613/497
f 498/627/509 510/648/525 511/649/526
f 496/650/527 509/629/511 510/648/525
f 520/651/528 533/652/529 521/653/529
f 512/646/523 514/654/496 502/641/519
f 503/647/524 513/655/495 515/656/498
f 510/648/525 521/653/507 522/657/249
f 507/636/514 518/635/502 519/658/504
f 503/647/524 516/659/244 504/645/522
f 511/649/526 522/657/249 523/660/510
f 508/637/515 519/658/504 520/651/505
f 504/645/522 517/634/500 505/638/516
f 511/649/526 524/661/512 512/646/523
f 501/644/521 514/662/496 513/655/495
f 508/637/515 521/653/507 509/629/511
f 526/663/530 535/664/530 531/665/530
f 518/635/531 529/666/532 530/667/531
f 524/661/533 526/668/534 514/654/534
f 515/656/535 525/669/536 527/670/535
f 521/653/529 534/671/537 522/657/537
f 518/635/531 531/672/538 519/658/538
f 515/656/535 528/673/539 516/659/539
f 523/660/540 534/671/537 535/674/540
f 519/658/538 532/675/528 520/651/528
f 517/634/532 528/673/539 529/666/532
f 523/660/540 536/676/533 524/661/533
f 513/655/536 526/677/534 525/669/536
f 538/678/494 539/679/495 537/680/496
f 539/679/495 542/681/497 541/682/498
f 542/681/497 543/683/244 541/682/498
f 544/684/499 545/685/500 543/683/244
f 545/685/500 548/686/501 547/687/502
f 547/687/502 550/688/503 549/689/504
f 550/688/503 551/690/505 549/689/504
f 552/691/506 553/692/507 551/690/505
f 554/693/508 555/694/249 553/692/507
f 555/694/249 558/695/509 557/696/510
f 552/691/506 569/697/511 554/693/508
f 558/695/509 559/698/512 557/696/510
f 559/698/512 538/699/494 537/700/496
f 566/701/513 577/702/500 578/703/502
f 552/691/506 567/704/514 568/705/515
f 548/686/501 567/704/514 550/688/503
f 548/686/501 565/706/516 566/701/513
f 544/684/499 565/706/516 546/707/517
f 560/708/518 562/709/519 538/699/494
f 540/710/520 562/711/519 561/712/521
f 542/681/497 564/713/522 544/684/499
f 560/708/518 571/714/526 572/715/523
f 540/710/520 563/716/524 542/681/497
f 558/695/509 570/717/525 571/714/526
f 556/718/527 569/697/511 570/717/525
f 580/719/528 593/720/529 581/721/529
f 572/715/523 574/722/496 562/709/519
f 563/716/524 573/723/495 575/724/498
f 570/717/525 581/721/507 582/725/249
f 567/704/514 578/703/502 579/726/504
f 563/716/524 576/727/244 564/713/522
f 571/714/526 582/725/249 583/728/510
f 567/704/514 580/719/505 568/705/515
f 564/713/522 577/702/500 565/706/516
f 571/714/526 584/729/512 572/715/523
f 561/712/521 574/730/496 573/723/495
f 568/705/515 581/721/507 569/697/511
f 593/731/530 591/732/530 587/733/530
f 578/703/531 589/734/532 590/735/531
f 584/729/533 586/736/534 574/722/534
f 575/724/535 585/737/536 587/738/535
f 581/721/529 594/739/537 582/725/537
f 578/703/531 591/740/538 579/726/538
f 575/724/535 588/741/539 576/727/539
f 583/728/540 594/739/537 595/742/540
f 580/719/528 591/740/538 592/743/528
f 577/702/532 588/741/539 589/734/532
f 584/729/533 595/742/540 596/744/533
f 573/723/536 586/745/534 585/737/536
f 1478/746/541 599/747/542 597/748/543
f 1473/749/544 601/750/545 599/747/542
f 1468/751/546 603/752/547 601/750/545
f 603/752/547 1461/753/548 605/754/549
f 1461/753/548 607/755/550 605/754/549
f 1456/756/551 609/757/552 607/755/550
f 609/757/552 1449/758/553 611/759/554
f 611/759/554 1444/760/555 613/761/556
f 1444/760/555 615/762/557 613/761/556
f 1471/763/558 604/764/559 1466/765/560
f 615/762/557 1437/766/561 617/767/562
f 618/768/563 1435/769/564 1438/770/565
f 601/750/545 629/771/244 630/772/566
f 639/773/567 640/774/567 633/775/567
f 1475/776/568 602/777/569 1471/763/558
f 1477/778/570 600/779/571 1475/776/568
f 643/780/567 645/781/567 633/775/567
f 610/782/572 647/783/573 644/784/574
f 657/785/567 634/786/567 633/775/567
f 652/787/567 655/788/567 633/775/567
f 649/789/567 651/790/567 633/775/567
f 608/791/575 1454/792/576 1459/793/577
f 651/790/567 652/787/567 633/775/567
f 1463/794/578 608/791/575 1459/793/577
f 1466/765/560 606/795/579 1463/794/578
f 1443/796/580 1436/797/581 1440/798/582
f 655/788/567 657/785/567 633/775/567
f 620/799/583 656/800/584 598/801/585
f 1469/802/586 1467/803/587 1465/804/588
f 637/805/567 639/773/567 633/775/567
f 604/764/559 653/806/566 650/807/244
f 1465/804/588 1462/808/589 1460/809/590
f 1479/810/591 1474/811/592 1472/812/593
f 645/781/567 646/813/567 633/775/567
f 1460/809/590 1458/814/594 1457/815/595
f 602/777/569 654/816/596 653/806/566
f 1472/812/593 1470/817/597 1469/802/586
f 1434/818/598 1479/819/591 1432/820/599
f 614/821/600 1442/822/601 1447/823/602
f 1453/824/603 1451/825/604 1448/826/605
f 1454/792/576 612/827/606 1450/828/607
f 619/829/608 1478/830/541 597/831/543
f 1445/832/609 1443/796/580 1440/798/582
f 612/827/606 1447/823/602 1450/828/607
f 1439/833/610 1432/820/599 1436/797/581
f 616/834/611 1438/770/565 1442/822/601
f 1451/825/604 1445/832/609 1448/826/605
f 620/799/583 1477/835/570 1435/769/564
f 1458/814/594 1453/824/603 1457/815/595
f 600/779/571 656/836/584 654/816/596
f 606/795/579 650/807/244 648/837/612
f 618/768/563 635/838/613 620/799/583
f 616/834/611 636/839/614 618/768/563
f 610/782/572 642/840/615 612/827/606
f 612/827/606 641/841/616 614/821/600
f 640/774/567 643/780/567 633/775/567
f 614/821/600 638/842/249 616/834/611
f 608/791/575 648/837/612 647/783/573
f 646/813/567 649/789/567 633/775/567
f 635/838/617 637/843/618 634/844/617
f 641/841/619 643/845/620 640/846/619
f 648/837/621 646/847/622 647/783/622
f 654/816/623 652/848/624 653/806/624
f 656/836/625 655/849/623 654/816/623
f 650/807/626 649/850/621 648/837/621
f 642/840/620 645/851/627 643/852/620
f 636/839/618 639/853/628 637/854/618
f 638/842/628 640/855/619 639/856/628
f 647/783/622 645/857/627 644/784/627
f 653/806/624 651/858/626 650/807/626
f 656/800/625 634/859/617 657/860/625
f 634/786/567 637/805/567 633/775/567
f 619/829/608 622/861/614 617/767/562
f 599/747/542 630/772/566 631/862/596
f 617/767/562 623/863/249 615/762/557
f 615/762/557 624/864/616 613/761/556
f 613/761/556 625/865/615 611/759/554
f 609/757/552 625/865/615 626/866/574
f 609/757/552 627/867/573 607/755/550
f 607/755/550 628/868/612 605/754/549
f 605/754/549 629/771/244 603/752/547
f 597/831/543 621/869/613 619/829/608
f 597/748/543 631/862/596 632/870/584
f 716/871/629 661/872/630 715/873/631
f 715/873/631 663/874/632 713/875/633
f 713/875/633 665/876/634 711/877/635
f 711/877/635 667/878/636 709/879/637
f 709/879/637 669/880/638 707/881/639
f 707/881/639 671/882/640 705/883/641
f 671/882/640 703/884/642 705/883/641
f 673/885/643 701/886/644 703/884/642
f 675/887/645 699/888/646 701/886/644
f 677/889/647 697/890/648 699/888/646
f 749/891/649 711/877/635 746/892/650
f 679/893/651 695/894/652 697/890/648
f 681/895/653 716/896/629 695/894/652
f 664/897/654 691/898/655 662/899/656
f 724/900/657 725/901/657 718/902/657
f 752/903/658 713/875/633 749/891/649
f 757/904/659 715/873/631 752/903/658
f 728/905/657 730/906/657 718/902/657
f 671/882/640 732/907/660 729/908/661
f 742/909/657 719/910/657 718/902/657
f 737/911/657 740/912/657 718/902/657
f 734/913/657 736/914/657 718/902/657
f 743/915/662 705/883/663 776/916/664
f 736/914/657 737/911/657 718/902/657
f 758/917/665 707/881/639 743/915/662
f 746/892/650 709/879/637 758/917/665
f 698/918/666 678/919/667 676/920/668
f 740/912/657 742/909/657 718/902/657
f 681/895/653 741/921/669 659/922/670
f 662/899/656 710/923/671 664/897/654
f 722/924/657 724/900/657 718/902/657
f 663/874/632 735/925/244 665/876/634
f 710/923/671 666/926/672 664/897/654
f 717/927/673 660/928/674 658/929/675
f 730/906/657 731/930/657 718/902/657
f 666/926/672 706/931/676 668/932/677
f 661/872/630 738/933/678 663/874/632
f 660/928/674 712/934/679 662/899/656
f 680/935/680 717/936/673 658/937/675
f 701/886/644 761/938/681 764/939/682
f 670/940/683 702/941/684 672/942/685
f 705/883/663 770/943/686 776/916/664
f 697/890/648 767/944/687 773/945/688
f 674/946/689 698/918/666 676/920/668
f 703/884/642 764/939/682 770/943/686
f 696/947/690 680/935/680 678/919/667
f 699/888/646 773/945/688 761/938/681
f 702/941/684 674/946/689 672/942/685
f 695/894/652 757/948/659 767/944/687
f 706/931/676 670/940/683 668/932/677
f 661/872/630 741/949/669 739/950/691
f 667/878/636 735/925/244 733/951/692
f 681/895/653 721/952/693 720/953/694
f 679/893/651 723/954/249 721/952/693
f 671/882/640 727/955/695 673/885/643
f 673/885/643 726/956/696 675/887/645
f 725/901/657 728/905/657 718/902/657
f 675/887/645 723/954/249 677/889/647
f 669/880/638 733/951/692 732/907/660
f 731/930/657 734/913/657 718/902/657
f 720/953/697 722/957/698 719/958/697
f 726/956/699 728/959/700 725/960/699
f 733/951/701 731/961/702 732/907/702
f 739/950/703 737/962/704 738/933/704
f 739/950/703 742/963/705 740/964/703
f 735/925/706 734/965/701 733/951/701
f 727/955/700 730/966/707 728/967/700
f 721/952/698 724/968/708 722/969/698
f 723/954/708 725/970/699 724/971/708
f 732/907/702 730/972/707 729/908/707
f 735/925/706 737/973/704 736/974/706
f 720/953/697 742/975/705 741/921/705
f 719/910/657 722/924/657 718/902/657
f 680/935/680 683/976/709 678/919/667
f 660/928/674 691/898/655 692/977/710
f 676/920/668 683/976/709 684/978/249
f 674/946/689 684/978/249 685/979/711
f 672/942/685 685/979/711 686/980/712
f 670/940/683 686/980/712 687/981/713
f 670/940/683 688/982/714 668/932/677
f 668/932/677 689/983/715 666/926/672
f 666/926/672 690/984/244 664/897/654
f 680/935/680 693/985/716 682/986/717
f 660/928/674 693/987/716 658/929/675
f 769/988/718 717/936/673 694/989/719
f 768/990/720 755/991/721 769/988/718
f 767/944/687 756/992/722 768/990/720
f 763/993/723 696/947/690 698/918/666
f 762/994/724 775/995/725 763/993/723
f 761/938/681 774/996/726 762/994/724
f 772/997/727 700/998/728 702/941/684
f 771/999/729 766/1000/730 772/997/727
f 770/943/686 765/1001/731 771/999/729
f 775/995/725 694/989/719 696/947/690
f 774/996/726 769/988/718 775/995/725
f 773/945/688 768/990/720 774/996/726
f 778/1002/732 702/941/684 704/1003/733
f 777/1004/734 772/997/727 778/1002/732
f 776/916/664 771/999/729 777/1004/734
f 766/1000/730 698/918/666 700/998/728
f 765/1001/731 763/993/723 766/1000/730
f 764/939/682 762/994/724 765/1001/731
f 710/923/671 760/1005/735 708/1006/736
f 748/1007/737 759/1008/738 760/1005/735
f 747/1009/739 758/917/665 759/1008/738
f 708/1006/736 745/1010/740 706/931/676
f 760/1005/735 744/1011/741 745/1010/740
f 759/1008/738 743/915/662 744/1011/741
f 706/931/676 778/1002/732 704/1003/733
f 745/1010/740 777/1004/734 778/1002/732
f 744/1011/741 776/916/664 777/1004/734
f 717/927/673 754/1012/742 714/1013/743
f 755/1014/721 753/1015/744 754/1012/742
f 756/1016/722 752/903/658 753/1015/744
f 714/1013/743 751/1017/745 712/934/679
f 754/1012/742 750/1018/746 751/1017/745
f 753/1015/744 749/891/649 750/1018/746
f 712/934/679 748/1007/737 710/923/671
f 751/1017/745 747/1009/739 748/1007/737
f 750/1018/746 746/892/650 747/1009/739
f 780/1019/223 836/1020/224 837/1021/225
f 782/1022/226 834/1023/227 836/1020/224
f 784/1024/228 832/1025/229 834/1023/227
f 786/1026/230 830/1027/231 832/1025/229
f 788/1028/232 828/1029/233 830/1027/231
f 790/1030/234 826/1031/235 828/1029/233
f 792/1032/236 824/1033/237 826/1034/235
f 794/1035/238 822/1036/747 824/1033/237
f 796/1037/240 820/1038/241 822/1036/747
f 798/1039/242 818/1040/243 820/1038/241
f 812/1041/245 832/1025/229 813/1042/244
f 800/1043/246 816/1044/748 818/1040/243
f 802/1045/248 837/1021/225 816/1044/748
f 819/1046/251 804/1047/257 817/1048/250
f 836/1020/224 812/1041/245 811/1049/252
f 837/1021/225 811/1049/252 810/1050/253
f 805/1051/254 821/1052/255 823/1053/256
f 804/1047/257 815/1054/258 817/1048/250
f 809/1055/259 827/1056/260 829/1057/261
f 812/1041/245 831/1058/262 833/1059/263
f 807/1060/264 819/1046/251 821/1052/255
f 828/1029/233 803/1061/265 814/1062/266
f 810/1050/253 835/1063/749 838/1064/268
f 830/1027/231 814/1062/266 809/1055/259
f 832/1025/229 809/1055/259 813/1042/244
f 819/1046/251 799/1065/269 797/1066/270
f 814/1062/266 825/1067/271 827/1056/260
f 811/1049/252 833/1059/263 835/1063/749
f 833/1059/263 785/1068/272 783/1069/273
f 806/1070/274 838/1064/268 815/1054/258
f 813/1042/244 829/1057/261 831/1058/262
f 831/1058/262 787/1071/275 785/1068/272
f 838/1064/268 781/1072/276 779/1073/277
f 803/1074/265 823/1053/256 825/1075/271
f 829/1057/261 789/1076/278 787/1071/275
f 908/1077/286 882/1078/281 911/1079/279
f 835/1063/749 783/1069/273 781/1072/276
f 815/1054/258 779/1073/277 801/1080/282
f 822/1036/747 808/1081/249 807/1060/264
f 825/1075/271 793/1082/283 791/1083/284
f 826/1034/235 805/1051/254 803/1074/265
f 818/1040/243 806/1070/274 804/1047/257
f 821/1052/255 797/1066/270 795/1084/285
f 824/1033/237 807/1060/264 805/1051/254
f 817/1048/250 801/1080/282 799/1065/269
f 820/1038/241 804/1047/257 808/1081/249
f 823/1053/256 795/1084/285 793/1082/283
f 816/1044/748 810/1050/253 806/1070/274
f 827/1056/260 791/1085/284 789/1076/278
f 905/1086/289 886/1087/280 908/1077/286
f 905/1088/289 875/1089/291 883/1090/287
f 899/1091/290 875/1089/291 902/1092/288
f 873/1093/292 891/1094/293 874/1095/294
f 888/1096/297 878/1097/303 877/1098/296
f 899/1091/290 884/1099/301 876/1100/299
f 893/1101/300 884/1099/301 896/1102/298
f 917/1103/305 878/1097/303 920/1104/295
f 917/1103/305 881/1105/306 885/1106/302
f 914/1107/304 882/1078/281 881/1105/306
f 876/1100/299 844/1108/308 875/1089/291
f 878/1097/303 839/1109/309 877/1098/296
f 880/1110/310 841/1111/311 879/1112/312
f 881/1105/306 847/1113/320 848/1114/313
f 883/1090/287 844/1108/308 845/1115/314
f 879/1112/312 842/1116/315 884/1099/301
f 885/1106/302 848/1114/313 849/1117/316
f 883/1118/287 846/1119/750 886/1087/280
f 876/1100/299 842/1116/315 843/1120/307
f 878/1097/303 849/1117/316 850/1121/318
f 880/1110/310 839/1109/309 840/1122/319
f 886/1087/280 847/1113/320 882/1078/281
f 796/1037/240 851/1123/332 862/1124/321
f 796/1037/240 861/1125/322 798/1039/242
f 798/1039/242 860/1126/323 800/1043/246
f 784/1024/228 858/1127/327 859/1128/324
f 800/1043/246 857/1129/325 802/1045/248
f 786/1026/230 859/1128/324 855/1130/326
f 782/1022/226 856/1131/328 858/1127/327
f 802/1045/248 856/1131/328 780/1019/223
f 788/1028/232 855/1130/326 854/1132/329
f 788/1028/232 853/1133/330 790/1030/234
f 792/1134/236 853/1133/330 852/1135/331
f 792/1032/236 851/1123/332 794/1035/238
f 862/1124/321 872/1136/333 871/1137/334
f 862/1124/321 870/1138/335 861/1125/322
f 861/1125/322 869/1139/336 860/1126/323
f 858/1127/327 868/1140/337 859/1128/324
f 857/1129/325 869/1139/336 867/1141/338
f 855/1130/326 868/1140/337 866/1142/339
f 858/1127/327 873/1093/292 874/1095/294
f 857/1129/325 873/1093/292 856/1131/328
f 854/1132/329 866/1142/339 865/1143/340
f 854/1132/329 864/1144/341 853/1133/330
f 852/1135/331 864/1144/341 863/1145/342
f 852/1146/331 872/1136/333 851/1123/332
f 872/1136/333 912/1147/751 871/1137/334
f 873/1093/292 921/1148/345 887/1149/346
f 867/1141/338 918/1150/752 921/1148/345
f 865/1143/340 897/1151/349 900/1152/347
f 863/1153/342 909/1154/343 872/1136/333
f 870/1138/335 918/1150/752 869/1139/336
f 866/1142/339 894/1155/753 897/1151/349
f 863/1145/342 903/1156/350 906/1157/351
f 871/1137/334 915/1158/352 870/1138/335
f 874/1095/294 894/1155/753 868/1140/337
f 893/1101/300 880/1110/310 879/1112/312
f 864/1144/341 900/1152/347 903/1156/350
f 891/1094/293 889/1159/754 892/1160/755
f 889/1159/378 890/1161/357 892/1160/356
f 891/1094/293 895/1162/358 894/1155/753
f 895/1162/359 890/1161/357 893/1101/300
f 894/1155/753 898/1163/360 897/1151/349
f 898/1163/361 893/1101/300 896/1102/298
f 897/1151/349 901/1164/756 900/1152/347
f 901/1164/363 896/1102/298 899/1091/290
f 903/1156/350 901/1164/756 904/1165/757
f 901/1164/363 902/1092/288 904/1165/365
f 906/1157/351 904/1165/757 907/1166/366
f 904/1165/365 905/1088/289 907/1166/367
f 909/1154/343 907/1167/366 910/1168/758
f 910/1168/369 905/1086/289 908/1077/286
f 909/1154/343 913/1169/370 912/1147/751
f 913/1169/371 908/1077/286 911/1079/279
f 915/1158/352 913/1169/370 916/1170/372
f 913/1169/371 914/1107/304 916/1170/373
f 915/1158/352 919/1171/374 918/1150/752
f 919/1171/375 914/1107/304 917/1103/305
f 921/1148/345 919/1171/374 922/1172/759
f 922/1172/377 917/1103/305 920/1104/295
f 921/1148/345 889/1159/754 887/1149/346
f 889/1159/378 920/1104/295 888/1096/297
f 888/1096/297 880/1110/310 890/1161/357
f 842/1116/244 927/1173/259 843/1120/259
f 849/1117/257 934/1174/274 850/1121/274
f 839/1109/253 924/1175/252 840/1122/252
f 846/1119/254 931/1176/264 847/1113/264
f 843/1120/259 928/1177/266 844/1108/266
f 850/1121/274 923/1178/253 839/1109/253
f 840/1122/252 925/1179/245 841/1111/245
f 847/1113/264 932/1180/249 848/1114/249
f 844/1108/266 929/1181/265 845/1115/265
f 841/1111/245 926/1182/244 842/1116/244
f 848/1114/249 933/1183/257 849/1117/257
f 845/1184/265 930/1185/254 846/1119/254
f 936/1186/223 992/1187/224 993/1188/225
f 938/1189/226 990/1190/227 992/1187/224
f 940/1191/228 988/1192/229 990/1190/227
f 942/1193/230 986/1194/760 988/1192/229
f 944/1195/232 984/1196/233 986/1194/760
f 946/1197/234 982/1198/235 984/1196/233
f 948/1199/236 980/1200/237 982/1201/235
f 950/1202/238 978/1203/239 980/1200/237
f 952/1204/240 976/1205/241 978/1203/239
f 976/1205/241 956/1206/246 974/1207/243
f 990/1190/227 969/1208/244 968/1209/245
f 956/1206/246 972/1210/247 974/1207/243
f 958/1211/248 993/1188/225 972/1210/247
f 964/1212/249 973/1213/250 975/1214/251
f 992/1187/224 968/1209/245 967/1215/252
f 993/1188/225 967/1215/252 966/1216/253
f 961/1217/254 977/1218/255 979/1219/256
f 960/1220/257 971/1221/258 973/1213/250
f 965/1222/259 983/1223/260 985/1224/761
f 968/1209/245 987/1225/262 989/1226/263
f 963/1227/264 975/1214/251 977/1218/255
f 970/1228/266 982/1198/235 959/1229/265
f 994/1230/268 967/1215/252 991/1231/267
f 986/1194/760 970/1228/266 965/1222/259
f 988/1192/229 965/1222/259 969/1208/244
f 975/1214/251 955/1232/269 953/1233/270
f 970/1228/266 981/1234/271 983/1223/260
f 967/1215/252 989/1226/263 991/1231/267
f 939/1235/273 987/1225/262 941/1236/272
f 962/1237/274 994/1230/268 971/1221/258
f 969/1208/244 985/1224/761 987/1225/262
f 987/1225/262 943/1238/275 941/1236/272
f 994/1230/268 937/1239/276 935/1240/277
f 981/1241/271 961/1217/254 979/1219/256
f 985/1224/761 945/1242/278 943/1238/275
f 1064/1243/286 1038/1244/281 1067/1245/279
f 991/1231/267 939/1235/273 937/1239/276
f 971/1221/258 935/1240/277 957/1246/282
f 978/1203/239 964/1212/249 963/1227/264
f 981/1241/271 949/1247/283 947/1248/284
f 982/1201/235 961/1217/254 959/1249/265
f 974/1207/243 962/1237/274 960/1220/257
f 977/1218/255 953/1233/270 951/1250/285
f 980/1200/237 963/1227/264 961/1217/254
f 973/1213/250 957/1246/282 955/1232/269
f 976/1205/241 960/1220/257 964/1212/249
f 979/1219/256 951/1250/285 949/1247/283
f 962/1237/274 993/1188/225 966/1216/253
f 983/1223/260 947/1251/284 945/1242/278
f 1064/1243/286 1039/1252/287 1042/1253/280
f 1058/1254/288 1039/1255/287 1061/1256/289
f 1055/1257/290 1031/1258/291 1058/1254/288
f 1029/1259/292 1047/1260/293 1030/1261/294
f 1044/1262/297 1034/1263/303 1033/1264/296
f 1052/1265/298 1032/1266/299 1055/1257/290
f 1049/1267/300 1040/1268/301 1052/1265/298
f 1076/1269/295 1041/1270/302 1034/1263/303
f 1070/1271/304 1041/1270/302 1073/1272/305
f 1067/1245/279 1037/1273/306 1070/1271/304
f 1031/1258/291 999/1274/307 1000/1275/308
f 1034/1263/303 995/1276/309 1033/1264/296
f 1036/1277/310 997/1278/311 1035/1279/312
f 1038/1244/281 1004/1280/313 1037/1273/306
f 1031/1258/291 1001/1281/314 1039/1255/287
f 1035/1279/312 998/1282/315 1040/1268/301
f 1041/1270/302 1004/1280/313 1005/1283/316
f 1042/1253/280 1001/1284/314 1002/1285/317
f 1032/1266/299 998/1282/315 999/1274/307
f 1034/1263/303 1005/1283/316 1006/1286/318
f 1036/1277/310 995/1276/309 996/1287/319
f 1042/1253/280 1003/1288/320 1038/1244/281
f 950/1202/238 1018/1289/321 952/1204/240
f 952/1204/240 1017/1290/322 954/1291/242
f 956/1206/246 1017/1290/322 1016/1292/323
f 938/1189/226 1015/1293/324 940/1191/228
f 958/1211/248 1016/1292/323 1013/1294/325
f 940/1191/228 1011/1295/326 942/1193/230
f 936/1186/223 1014/1296/327 938/1189/226
f 936/1186/223 1013/1294/325 1012/1297/328
f 944/1195/232 1011/1295/326 1010/1298/329
f 946/1197/234 1010/1298/329 1009/1299/330
f 948/1300/236 1009/1299/330 1008/1301/331
f 948/1199/236 1007/1302/332 950/1202/238
f 1018/1289/321 1028/1303/333 1027/1304/334
f 1018/1289/321 1026/1305/335 1017/1290/322
f 1016/1292/323 1026/1305/335 1025/1306/336
f 1015/1293/324 1030/1261/294 1024/1307/337
f 1016/1292/323 1023/1308/338 1013/1294/325
f 1015/1293/324 1022/1309/339 1011/1295/326
f 1012/1297/328 1030/1261/294 1014/1296/327
f 1012/1297/328 1023/1308/338 1029/1259/292
f 1010/1298/329 1022/1309/339 1021/1310/340
f 1010/1298/329 1020/1311/341 1009/1299/330
f 1008/1301/331 1020/1311/341 1019/1312/342
f 1008/1313/331 1028/1303/333 1007/1302/332
f 1028/1303/333 1068/1314/751 1027/1304/334
f 1029/1259/292 1077/1315/345 1043/1316/346
f 1025/1306/336 1077/1315/345 1023/1308/338
f 1021/1310/340 1053/1317/349 1056/1318/347
f 1019/1319/342 1065/1320/343 1028/1303/333
f 1026/1305/335 1074/1321/348 1025/1306/336
f 1024/1307/337 1053/1317/349 1022/1309/339
f 1019/1312/342 1059/1322/350 1062/1323/351
f 1026/1305/335 1068/1314/751 1071/1324/352
f 1024/1307/337 1047/1260/293 1050/1325/353
f 1049/1267/300 1036/1277/310 1035/1279/312
f 1021/1310/340 1059/1322/350 1020/1311/341
f 1047/1260/293 1045/1326/354 1048/1327/762
f 1045/1326/378 1046/1328/357 1048/1327/356
f 1050/1325/353 1048/1327/762 1051/1329/763
f 1048/1327/356 1049/1267/300 1051/1329/359
f 1053/1317/349 1051/1329/763 1054/1330/360
f 1051/1329/359 1052/1265/298 1054/1330/361
f 1056/1318/347 1054/1330/360 1057/1331/362
f 1057/1331/363 1052/1265/298 1055/1257/290
f 1059/1322/350 1057/1331/362 1060/1332/364
f 1060/1332/365 1055/1257/290 1058/1254/288
f 1059/1322/350 1063/1333/366 1062/1323/351
f 1063/1333/367 1058/1254/288 1061/1256/289
f 1065/1320/343 1063/1334/366 1066/1335/368
f 1063/1334/367 1064/1243/286 1066/1335/369
f 1065/1320/343 1069/1336/370 1068/1314/751
f 1066/1335/369 1067/1245/279 1069/1336/371
f 1068/1314/751 1072/1337/372 1071/1324/352
f 1072/1337/373 1067/1245/279 1070/1271/304
f 1071/1324/352 1075/1338/374 1074/1321/348
f 1075/1338/375 1070/1271/304 1073/1272/305
f 1074/1321/348 1078/1339/759 1077/1315/345
f 1075/1338/375 1076/1269/295 1078/1339/377
f 1077/1315/345 1045/1326/354 1043/1316/346
f 1078/1339/377 1044/1262/297 1045/1326/378
f 1046/1328/357 1033/1264/296 1036/1277/310
f 998/1282/244 1083/1340/259 999/1274/259
f 1005/1283/257 1090/1341/274 1006/1286/274
f 995/1276/253 1080/1342/252 996/1287/252
f 1002/1285/254 1087/1343/264 1003/1288/264
f 999/1274/259 1084/1344/266 1000/1275/266
f 1006/1286/274 1079/1345/253 995/1276/253
f 996/1287/252 1081/1346/245 997/1278/245
f 1003/1288/264 1088/1347/249 1004/1280/249
f 1000/1275/266 1085/1348/265 1001/1281/265
f 997/1278/245 1082/1349/244 998/1282/244
f 1004/1280/249 1089/1350/257 1005/1283/257
f 1001/1284/265 1086/1351/254 1002/1285/254
f 1092/1352/223 1148/1353/764 1149/1354/225
f 1094/1355/226 1146/1356/227 1148/1353/764
f 1096/1357/228 1144/1358/229 1146/1356/227
f 1098/1359/230 1142/1360/760 1144/1358/229
f 1100/1361/232 1140/1362/233 1142/1360/760
f 1102/1363/234 1138/1364/235 1140/1362/233
f 1104/1365/236 1136/1366/237 1138/1367/235
f 1106/1368/238 1134/1369/747 1136/1366/237
f 1108/1370/240 1132/1371/241 1134/1369/747
f 1110/1372/242 1130/1373/243 1132/1371/241
f 1124/1374/245 1144/1358/229 1125/1375/244
f 1112/1376/246 1128/1377/748 1130/1373/243
f 1114/1378/248 1149/1354/225 1128/1377/748
f 1131/1379/251 1116/1380/257 1129/1381/250
f 1148/1353/764 1124/1374/245 1123/1382/252
f 1149/1354/225 1123/1382/252 1122/1383/253
f 1117/1384/254 1133/1385/765 1135/1386/256
f 1116/1380/257 1127/1387/766 1129/1381/250
f 1121/1388/259 1139/1389/260 1141/1390/261
f 1124/1374/245 1143/1391/262 1145/1392/263
f 1119/1393/264 1131/1379/251 1133/1385/765
f 1126/1394/266 1138/1364/235 1115/1395/265
f 1150/1396/268 1123/1382/252 1147/1397/767
f 1142/1360/760 1126/1394/266 1121/1388/259
f 1144/1358/229 1121/1388/259 1125/1375/244
f 1131/1379/251 1111/1398/269 1109/1399/270
f 1126/1394/266 1137/1400/271 1139/1389/260
f 1123/1382/252 1145/1392/263 1147/1397/767
f 1145/1392/263 1097/1401/272 1095/1402/273
f 1118/1403/274 1150/1396/268 1127/1387/766
f 1125/1375/244 1141/1390/261 1143/1391/262
f 1143/1391/262 1099/1404/275 1097/1401/272
f 1150/1396/268 1093/1405/276 1091/1406/277
f 1137/1407/271 1117/1384/254 1135/1386/256
f 1141/1390/261 1101/1408/278 1099/1404/275
f 1220/1409/286 1194/1410/281 1223/1411/279
f 1147/1397/767 1095/1402/273 1093/1405/276
f 1127/1387/766 1091/1406/277 1113/1412/282
f 1134/1369/747 1120/1413/249 1119/1393/264
f 1137/1407/271 1105/1414/283 1103/1415/284
f 1138/1367/235 1117/1384/254 1115/1416/265
f 1130/1373/243 1118/1403/274 1116/1380/257
f 1133/1385/765 1109/1399/270 1107/1417/285
f 1136/1366/237 1119/1393/264 1117/1384/254
f 1129/1381/250 1113/1412/282 1111/1398/269
f 1132/1371/241 1116/1380/257 1120/1413/249
f 1135/1386/256 1107/1417/285 1105/1414/283
f 1118/1403/274 1149/1354/225 1122/1383/253
f 1139/1389/260 1103/1418/284 1101/1408/278
f 1220/1409/286 1195/1419/287 1198/1420/280
f 1214/1421/288 1195/1422/287 1217/1423/289
f 1211/1424/290 1187/1425/291 1214/1421/288
f 1185/1426/292 1203/1427/293 1186/1428/294
f 1200/1429/297 1190/1430/303 1189/1431/296
f 1211/1424/290 1196/1432/301 1188/1433/299
f 1205/1434/300 1196/1432/301 1208/1435/298
f 1229/1436/305 1190/1430/303 1232/1437/295
f 1229/1436/305 1193/1438/306 1197/1439/302
f 1226/1440/304 1194/1410/281 1193/1438/306
f 1188/1433/299 1156/1441/308 1187/1425/291
f 1190/1430/303 1151/1442/309 1189/1431/296
f 1192/1443/310 1153/1444/311 1191/1445/312
f 1194/1410/281 1160/1446/313 1193/1438/306
f 1195/1422/287 1156/1441/308 1157/1447/314
f 1191/1445/312 1154/1448/315 1196/1432/301
f 1197/1439/302 1160/1446/313 1161/1449/316
f 1195/1419/287 1158/1450/317 1198/1420/280
f 1188/1433/299 1154/1448/315 1155/1451/307
f 1190/1430/303 1161/1449/316 1162/1452/318
f 1192/1443/310 1151/1442/309 1152/1453/319
f 1194/1410/281 1158/1450/317 1159/1454/320
f 1106/1368/238 1174/1455/321 1108/1370/240
f 1108/1370/240 1173/1456/322 1110/1372/242
f 1110/1372/242 1172/1457/323 1112/1376/246
f 1094/1355/226 1171/1458/324 1096/1357/228
f 1112/1376/246 1169/1459/325 1114/1378/248
f 1098/1359/230 1171/1458/324 1167/1460/326
f 1094/1355/226 1168/1461/328 1170/1462/327
f 1114/1378/248 1168/1461/328 1092/1352/223
f 1100/1361/232 1167/1460/326 1166/1463/329
f 1100/1361/232 1165/1464/330 1102/1363/234
f 1104/1465/236 1165/1464/330 1164/1466/331
f 1104/1365/236 1163/1467/332 1106/1368/238
f 1174/1455/321 1184/1468/333 1183/1469/334
f 1174/1455/321 1182/1470/335 1173/1456/322
f 1172/1457/323 1182/1470/335 1181/1471/336
f 1170/1462/327 1180/1472/337 1171/1458/324
f 1169/1459/325 1181/1471/336 1179/1473/338
f 1171/1458/324 1178/1474/339 1167/1460/326
f 1170/1462/327 1185/1426/292 1186/1428/294
f 1169/1459/325 1185/1426/292 1168/1461/328
f 1166/1463/329 1178/1474/339 1177/1475/340
f 1166/1463/329 1176/1476/341 1165/1464/330
f 1164/1466/331 1176/1476/341 1175/1477/342
f 1164/1478/331 1184/1468/333 1163/1467/332
f 1184/1468/333 1224/1479/751 1183/1469/334
f 1185/1426/292 1233/1480/768 1199/1481/346
f 1181/1471/336 1233/1480/768 1179/1473/338
f 1177/1475/340 1209/1482/349 1212/1483/347
f 1175/1484/342 1221/1485/769 1184/1468/333
f 1182/1470/335 1230/1486/348 1181/1471/336
f 1180/1472/337 1209/1482/349 1178/1474/339
f 1175/1477/342 1215/1487/770 1218/1488/351
f 1183/1469/334 1227/1489/352 1182/1470/335
f 1186/1428/294 1206/1490/753 1180/1472/337
f 1205/1434/300 1192/1443/310 1191/1445/312
f 1176/1476/341 1212/1483/347 1215/1487/770
f 1203/1427/293 1201/1491/754 1204/1492/762
f 1201/1491/378 1202/1493/357 1204/1492/356
f 1203/1427/293 1207/1494/358 1206/1490/753
f 1207/1494/359 1202/1493/357 1205/1434/300
f 1206/1490/753 1210/1495/360 1209/1482/349
f 1210/1495/361 1205/1434/300 1208/1435/298
f 1209/1482/349 1213/1496/362 1212/1483/347
f 1213/1496/363 1208/1435/298 1211/1424/290
f 1212/1483/347 1216/1497/757 1215/1487/770
f 1213/1496/363 1214/1421/288 1216/1497/365
f 1215/1487/770 1219/1498/366 1218/1488/351
f 1219/1498/367 1214/1421/288 1217/1423/289
f 1221/1485/769 1219/1499/366 1222/1500/758
f 1219/1499/367 1220/1409/286 1222/1500/369
f 1224/1479/751 1222/1500/758 1225/1501/370
f 1225/1501/371 1220/1409/286 1223/1411/279
f 1227/1489/352 1225/1501/370 1228/1502/771
f 1228/1502/373 1223/1411/279 1226/1440/304
f 1227/1489/352 1231/1503/374 1230/1486/348
f 1231/1503/375 1226/1440/304 1229/1436/305
f 1230/1486/348 1234/1504/759 1233/1480/768
f 1234/1504/377 1229/1436/305 1232/1437/295
f 1233/1480/768 1201/1491/754 1199/1481/346
f 1201/1491/378 1232/1437/295 1200/1429/297
f 1202/1493/357 1189/1431/296 1192/1443/310
f 1154/1448/244 1239/1505/259 1155/1451/259
f 1161/1449/257 1246/1506/274 1162/1452/274
f 1151/1442/253 1236/1507/252 1152/1453/252
f 1158/1450/254 1243/1508/264 1159/1454/264
f 1155/1451/259 1240/1509/266 1156/1441/266
f 1162/1452/274 1235/1510/253 1151/1442/253
f 1152/1453/252 1237/1511/245 1153/1444/245
f 1159/1454/264 1244/1512/249 1160/1446/249
f 1156/1441/266 1241/1513/265 1157/1447/265
f 1153/1444/245 1238/1514/244 1154/1448/244
f 1160/1446/249 1245/1515/257 1161/1449/257
f 1157/1516/265 1242/1517/254 1158/1450/254
f 89/186/772 1265/198/193 119/143/773
f 87/1518/774 1261/146/148 1260/1519/775
f 72/172/154 1260/1519/775 1259/1520/776
f 121/204/777 1262/145/147 122/115/778
f 120/1521/192 1263/1522/779 121/214/777
f 71/183/156 1267/1523/780 90/1524/781
f 44/109/85 1248/1525/782 43/32/783
f 15/36/33 1253/1526/784 16/66/785
f 17/33/786 1248/1525/782 1254/1527/787
f 1/76/39 1249/1528/788 1250/1529/789
f 18/78/790 1254/1527/787 1249/1528/788
f 16/66/785 1255/97/86 46/2/791
f 1247/1530/792 1250/1529/789 1249/1528/788
f 1247/1531/792 1251/43/40 1250/1532/789
f 1247/1533/792 1252/35/32 1251/1534/40
f 1247/1533/792 1253/1526/784 1252/35/32
f 1247/1530/792 1249/1528/788 1254/1527/787
f 1247/1533/792 1256/98/87 1255/97/86
f 1247/1530/792 1248/1525/782 1257/1535/84
f 1247/1536/792 1257/94/84 1256/1537/87
f 1247/1530/792 1254/1527/787 1248/1525/782
f 1247/1533/792 1255/97/86 1253/1526/784
f 1267/1538/780 1264/1539/793 1266/1540/794
f 90/1524/781 1266/1541/794 89/186/772
f 1271/1542/795 1268/1543/796 1269/1544/796
f 1271/1542/795 1272/1545/797 1270/1546/795
f 1275/1547/798 1272/1545/797 1273/1548/797
f 1275/1547/798 1276/1549/799 1274/1550/798
f 1279/1551/800 1276/1549/799 1277/1552/799
f 1279/1551/800 1280/1553/801 1278/1554/800
f 1283/1555/802 1280/1553/801 1281/1556/801
f 1283/1555/802 1284/1557/803 1282/1558/802
f 1287/1559/804 1284/1557/803 1285/1560/803
f 1289/1561/805 1286/1562/804 1287/1559/804
f 1289/1561/805 1290/1563/806 1288/1564/805
f 1293/1565/807 1290/1563/806 1291/1566/806
f 1295/1567/808 1292/1568/807 1293/1565/807
f 1295/1567/808 1296/1569/809 1294/1570/808
f 1299/1571/810 1296/1569/809 1297/1572/809
f 1301/1573/811 1298/1574/810 1299/1571/810
f 1303/1575/812 1300/1576/811 1301/1573/811
f 1305/1577/813 1302/1578/812 1303/1575/812
f 1305/1577/813 1306/1579/814 1304/1580/813
f 1309/1581/815 1306/1579/814 1307/1582/814
f 1311/1583/816 1308/1584/815 1309/1581/815
f 1313/1585/817 1310/1586/816 1311/1583/816
f 1315/1587/818 1312/1588/817 1313/1585/817
f 1317/1589/819 1314/1590/818 1315/1587/818
f 1319/1591/820 1316/1592/819 1317/1589/819
f 1321/1593/821 1318/1594/820 1319/1591/820
f 1323/1595/822 1320/1596/821 1321/1593/821
f 1325/1597/823 1322/1598/822 1323/1595/822
f 1327/1599/824 1324/1600/823 1325/1597/823
f 1329/1601/825 1326/1602/824 1327/1599/824
f 1331/1603/826 1328/1604/825 1329/1601/825
f 1333/1605/827 1330/1606/828 1331/1603/826
f 1335/1607/829 1332/1608/827 1333/1605/827
f 1337/1609/830 1334/1610/829 1335/1607/829
f 1339/1611/831 1336/1612/830 1337/1609/830
f 1340/1613/832 1343/1614/833 1341/1615/832
f 1342/1616/834 1345/1617/835 1343/1614/833
f 1344/1618/835 1347/1619/836 1345/1617/835
f 1347/1619/836 1348/1620/837 1349/1621/837
f 1348/1620/837 1351/1622/838 1349/1621/837
f 1351/1622/838 1352/1623/839 1353/1624/839
f 1352/1623/839 1355/1625/840 1353/1624/839
f 1355/1625/840 1356/1626/841 1357/1627/841
f 1356/1626/841 1359/1628/842 1357/1627/841
f 1358/1629/842 1361/1630/843 1359/1628/842
f 1360/1631/843 1363/1632/844 1361/1630/843
f 1362/1633/844 1365/1634/845 1363/1632/844
f 1364/1635/845 1367/1636/846 1365/1634/845
f 1367/1636/846 1368/1637/847 1369/1638/847
f 1368/1637/847 1371/1639/848 1369/1638/847
f 1370/1640/848 1373/1641/849 1371/1639/848
f 1372/1642/849 1375/1643/850 1373/1641/849
f 1374/1644/850 1377/1645/851 1375/1643/850
f 1376/1646/851 1379/1647/852 1377/1645/851
f 1378/1648/852 1381/1649/853 1379/1647/852
f 1380/1650/853 1383/1651/854 1381/1649/853
f 1382/1652/854 1385/1653/855 1383/1651/854
f 1384/1654/855 1387/1655/856 1385/1653/855
f 1386/1656/856 1389/1657/857 1387/1655/856
f 1388/1658/857 1391/1659/858 1389/1657/857
f 1390/1660/858 1393/1661/859 1391/1659/858
f 1392/1662/859 1395/1663/860 1393/1661/859
f 1394/1664/860 1397/1665/861 1395/1663/860
f 1396/1666/861 1399/1667/862 1397/1665/861
f 1398/1668/862 1401/1669/863 1399/1667/862
f 1400/1670/863 1403/1671/864 1401/1669/863
f 1402/1672/864 1405/1673/865 1403/1671/864
f 1404/1674/865 1407/1675/866 1405/1673/865
f 1406/1676/866 1409/1677/867 1407/1675/866
f 1408/1678/867 1411/1679/868 1409/1677/867
f 1268/1543/869 1341/1680/869 1269/1544/869
f 1269/1544/244 1343/1681/244 1271/1542/244
f 1268/1543/249 1342/1682/249 1340/1683/249
f 1271/1542/244 1345/1684/244 1273/1548/244
f 1270/1546/249 1344/1685/249 1342/1682/249
f 1273/1548/244 1347/1686/244 1275/1547/244
f 1272/1545/249 1346/1687/249 1344/1685/249
f 1275/1547/244 1349/1688/244 1277/1552/244
f 1274/1550/249 1348/1689/249 1346/1687/249
f 1277/1552/244 1351/1690/244 1279/1551/244
f 1276/1549/249 1350/1691/249 1348/1689/249
f 1279/1551/244 1353/1692/244 1281/1556/244
f 1278/1554/249 1352/1693/249 1350/1691/249
f 1281/1556/244 1355/1694/244 1283/1555/244
f 1280/1553/249 1354/1695/249 1352/1693/249
f 1283/1555/244 1357/1696/244 1285/1560/244
f 1282/1558/249 1356/1697/249 1354/1695/249
f 1285/1560/244 1359/1698/244 1287/1559/244
f 1284/1557/249 1358/1699/249 1356/1697/249
f 1287/1559/244 1361/1700/244 1289/1561/244
f 1286/1562/249 1360/1701/249 1358/1699/249
f 1289/1561/244 1363/1702/244 1291/1566/244
f 1288/1564/249 1362/1703/249 1360/1701/249
f 1291/1566/244 1365/1704/244 1293/1565/244
f 1290/1563/249 1364/1705/249 1362/1703/249
f 1293/1565/244 1367/1706/244 1295/1567/244
f 1292/1568/249 1366/1707/249 1364/1705/249
f 1295/1567/244 1369/1708/244 1297/1572/244
f 1294/1570/249 1368/1709/249 1366/1707/249
f 1297/1572/244 1371/1710/244 1299/1571/244
f 1296/1569/249 1370/1711/249 1368/1709/249
f 1299/1571/244 1373/1712/244 1301/1573/244
f 1298/1574/249 1372/1713/249 1370/1711/249
f 1301/1573/244 1375/1714/244 1303/1575/244
f 1300/1576/249 1374/1715/249 1372/1713/249
f 1303/1575/244 1377/1716/244 1305/1577/244
f 1302/1578/249 1376/1717/249 1374/1715/249
f 1305/1577/244 1379/1718/244 1307/1582/244
f 1304/1580/249 1378/1719/249 1376/1717/249
f 1307/1582/244 1381/1720/244 1309/1581/244
f 1306/1579/249 1380/1721/249 1378/1719/249
f 1309/1581/244 1383/1722/244 1311/1583/244
f 1308/1584/249 1382/1723/249 1380/1721/249
f 1311/1583/244 1385/1724/244 1313/1585/244
f 1310/1586/249 1384/1725/249 1382/1723/249
f 1313/1585/244 1387/1726/244 1315/1587/244
f 1312/1588/249 1386/1727/249 1384/1725/249
f 1315/1587/244 1389/1728/244 1317/1589/244
f 1314/1590/249 1388/1729/249 1386/1727/249
f 1317/1589/244 1391/1730/244 1319/1591/244
f 1316/1592/249 1390/1731/249 1388/1729/249
f 1319/1591/244 1393/1732/244 1321/1593/244
f 1318/1594/249 1392/1733/249 1390/1731/249
f 1321/1593/244 1395/1734/244 1323/1595/244
f 1320/1596/249 1394/1735/249 1392/1733/249
f 1323/1595/244 1397/1736/244 1325/1597/244
f 1322/1598/249 1396/1737/249 1394/1735/249
f 1325/1597/244 1399/1738/244 1327/1599/244
f 1324/1600/249 1398/1739/249 1396/1737/249
f 1329/1601/244 1399/1738/244 1401/1740/244
f 1328/1604/249 1398/1739/249 1326/1602/249
f 1331/1603/244 1401/1740/244 1403/1741/244
f 1330/1606/249 1400/1742/249 1328/1604/249
f 1333/1605/244 1403/1741/244 1405/1743/244
f 1332/1608/249 1402/1744/249 1330/1606/249
f 1335/1607/244 1405/1743/244 1407/1745/244
f 1334/1610/249 1404/1746/249 1332/1608/249
f 1337/1609/244 1407/1745/244 1409/1747/244
f 1336/1612/249 1406/1748/249 1334/1610/249
f 1339/1611/244 1409/1747/244 1411/1749/244
f 1339/1611/870 1410/1750/870 1338/1751/870
f 1338/1751/249 1408/1752/249 1336/1612/249
s 0
f 1412/1753/249 1417/1754/249 1416/1755/249
f 1413/1756/253 1418/1757/253 1417/1758/253
f 1415/1759/244 1419/1760/244 1418/1761/244
f 1414/1762/265 1416/1763/265 1419/1764/265
f 1413/1765/59 1414/1766/59 1415/1767/59
f 1417/1758/871 1428/1768/871 1426/1769/871
f 1429/1770/244 1423/1771/244 1422/1772/244
f 1427/1773/253 1422/1772/253 1421/1774/253
f 1431/1775/265 1420/1776/265 1423/1771/265
f 1419/1764/872 1425/1777/872 1430/1778/872
f 1418/1761/873 1430/1779/873 1428/1780/873
f 1421/1774/7 1423/1771/7 1420/1776/7
f 1424/1781/249 1421/1774/249 1420/1776/249
f 1426/1782/874 1424/1781/874 1425/1783/874
f 1428/1768/875 1427/1773/875 1426/1769/875
f 1430/1779/876 1429/1770/876 1428/1780/876
f 1425/1777/877 1431/1775/877 1430/1778/877
f 1425/1783/878 1417/1754/878 1426/1782/878
s 1
f 1472/812/593 1478/746/541 1479/810/591
f 1471/763/558 1467/803/587 1470/817/597
f 1465/804/588 1461/753/548 1464/1784/879
f 1475/776/568 1470/817/597 1474/811/592
f 1459/793/577 1455/1785/880 1458/814/594
f 1459/793/577 1462/808/589 1463/794/578
f 1469/802/586 1464/1784/879 1468/751/546
f 1450/828/607 1455/1785/880 1454/792/576
f 1448/826/605 1452/1786/881 1453/824/603
f 1440/798/582 1444/760/555 1445/832/609
f 1436/797/581 1441/1787/882 1440/798/582
f 1436/797/581 1433/1788/883 1437/766/561
f 1432/820/599 1478/830/541 1433/1788/883
f 1445/832/609 1449/758/553 1448/826/605
f 1457/815/595 1452/1786/881 1456/756/551
f 1469/802/586 1473/749/544 1472/812/593
f 1466/765/560 1462/808/589 1467/803/587
f 1460/809/590 1456/756/551 1461/753/548
f 1475/776/568 1476/1789/884 1477/778/570
f 1435/769/564 1476/1790/884 1434/818/598
f 1442/822/601 1446/1791/885 1447/823/602
f 1450/828/607 1446/1791/885 1451/825/604
f 1438/770/565 1443/796/580 1442/822/601
f 1435/769/564 1439/833/610 1438/770/565
f 617/767/562 1433/1788/883 619/829/608
s 0
f 1492/1792/244 1483/1793/244 1482/1794/244
f 1481/1795/886 1516/1796/886 1486/1797/886
f 1514/1798/887 1482/1799/887 1484/1800/887
f 1482/1794/888 1485/1801/888 1484/1802/888
f 1485/1803/889 1513/1804/889 1515/1805/889
f 1512/1806/253 1492/1807/253 1482/1799/253
f 1486/1808/890 1485/1801/890 1487/1809/890
f 1481/1810/891 1487/1809/891 1480/1811/891
f 1487/1812/892 1515/1805/892 1517/1813/892
f 1491/1814/893 1490/1815/893 1493/1816/893
f 1490/1815/894 1492/1792/894 1493/1816/894
f 1495/1817/895 1496/1818/895 1494/1819/895
f 1496/1818/896 1501/1820/896 1500/1821/896
f 1500/1821/897 1499/1822/897 1498/1823/897
f 1499/1822/898 1494/1824/898 1498/1823/898
f 1504/1825/899 1503/1826/899 1502/1827/899
f 1504/1825/900 1509/1828/900 1505/1829/900
f 1508/1830/897 1507/1831/897 1509/1828/897
f 1502/1832/901 1507/1831/901 1506/1833/901
f 1520/1834/902 1488/1835/902 1518/1836/902
f 1522/1837/903 1493/1838/903 1492/1807/903
f 1523/1839/904 1491/1840/904 1493/1838/904
f 1516/1796/905 1484/1800/905 1486/1797/905
f 1483/1841/265 1519/1842/265 1513/1804/265
f 1480/1843/906 1517/1813/906 1510/1844/906
f 1510/1845/7 1481/1846/7 1480/1847/7
f 1513/1848/249 1522/1849/249 1512/1850/249
f 1515/1851/907 1512/1850/907 1514/1852/907
f 1516/1853/908 1515/1851/908 1514/1852/908
f 1511/1854/909 1517/1855/909 1516/1853/909
f 1521/1856/910 1520/1857/910 1518/1858/910
f 1522/1849/911 1520/1857/911 1523/1859/911
f 1526/1860/912 1525/1861/912 1524/1862/912
f 1526/1860/913 1531/1863/913 1527/1864/913
f 1530/1865/914 1529/1866/914 1531/1863/914
f 1524/1867/898 1529/1866/898 1528/1868/898
f 1533/1869/915 1534/1870/915 1532/1871/915
f 1534/1870/916 1539/1872/916 1538/1873/916
f 1538/1873/914 1537/1874/914 1536/1875/914
f 1537/1874/901 1532/1876/901 1536/1875/901
f 1519/1842/917 1490/1877/917 1520/1834/917
f 1488/1878/59 1521/1879/59 1518/1880/59
s 1
f 1633/1881/918 1541/1882/919 1629/1883/920
f 1561/1884/921 1565/1885/922 1557/1886/923
f 1569/1887/924 1573/1888/925 1565/1885/922
f 1577/1889/926 1581/1890/927 1573/1888/925
f 1585/1891/928 1589/1892/929 1581/1890/927
f 1593/1893/930 1597/1894/931 1589/1892/929
f 1601/1895/932 1605/1896/933 1597/1894/931
f 1609/1897/934 1613/1898/935 1605/1896/933
f 1617/1899/936 1621/1900/937 1613/1898/935
f 1625/1901/938 1629/1883/920 1621/1900/937
f 1553/1902/939 1557/1886/923 1549/1903/940
f 1624/1904/941 1592/1905/942 1560/1906/943
f 1545/1907/944 1549/1903/940 1541/1908/919
f 1549/1903/940 1543/1909/945 1541/1908/919
f 1543/1909/945 1550/1910/946 1542/1911/947
f 1550/1912/948 1540/1913/949 1542/1914/950
f 1553/1902/939 1547/1915/951 1555/1916/952
f 1547/1915/951 1554/1917/953 1555/1916/952
f 1554/1918/954 1544/1919/955 1552/1920/956
f 1557/1886/923 1551/1921/957 1549/1903/940
f 1559/1922/958 1550/1923/946 1551/1921/957
f 1558/1924/959 1548/1925/960 1550/1912/948
f 1561/1884/921 1555/1926/952 1563/1927/961
f 1563/1927/961 1554/1928/953 1562/1929/962
f 1562/1930/963 1552/1920/956 1560/1906/943
f 1565/1885/922 1559/1931/958 1557/1886/923
f 1559/1931/958 1566/1932/964 1558/1933/965
f 1566/1934/966 1556/1935/967 1558/1924/959
f 1569/1887/924 1563/1936/961 1571/1937/968
f 1563/1936/961 1570/1938/969 1571/1937/968
f 1570/1939/970 1560/1906/943 1568/1940/971
f 1565/1885/922 1575/1941/972 1567/1942/973
f 1575/1941/972 1566/1943/964 1567/1942/973
f 1566/1934/966 1572/1944/974 1564/1945/975
f 1569/1887/924 1579/1946/976 1577/1889/926
f 1579/1946/976 1570/1947/969 1578/1948/977
f 1570/1939/970 1576/1949/978 1578/1950/979
f 1573/1888/925 1583/1951/980 1575/1952/972
f 1575/1952/972 1582/1953/981 1574/1954/982
f 1582/1955/983 1572/1944/974 1574/1956/984
f 1577/1889/926 1587/1957/985 1585/1891/928
f 1579/1958/976 1586/1959/986 1587/1957/985
f 1586/1960/987 1576/1949/978 1584/1961/988
f 1581/1890/927 1591/1962/989 1583/1963/980
f 1591/1962/989 1582/1964/981 1583/1963/980
f 1590/1965/990 1580/1966/991 1582/1955/983
f 1585/1891/928 1595/1967/992 1593/1893/930
f 1595/1967/992 1586/1968/986 1594/1969/993
f 1594/1970/994 1584/1961/988 1592/1905/942
f 1597/1894/931 1591/1971/989 1589/1892/929
f 1591/1971/989 1598/1972/995 1590/1973/996
f 1598/1974/997 1588/1975/998 1590/1965/990
f 1601/1895/932 1595/1976/992 1603/1977/999
f 1595/1976/992 1602/1978/1000 1603/1977/999
f 1602/1979/1001 1592/1905/942 1600/1980/1002
f 1605/1896/933 1599/1981/1003 1597/1894/931
f 1607/1982/1004 1598/1983/995 1599/1981/1003
f 1606/1984/1005 1596/1985/1006 1598/1974/997
f 1609/1897/934 1603/1986/999 1611/1987/1007
f 1611/1987/1007 1602/1988/1000 1610/1989/1008
f 1610/1990/1009 1600/1980/1002 1608/1991/1010
f 1613/1898/935 1607/1992/1004 1605/1896/933
f 1607/1992/1004 1614/1993/1011 1606/1994/1012
f 1614/1995/1013 1604/1996/1014 1606/1984/1005
f 1617/1899/936 1611/1997/1007 1619/1998/1015
f 1611/1997/1007 1618/1999/1016 1619/1998/1015
f 1618/2000/1017 1608/1991/1010 1616/2001/1018
f 1613/1898/935 1623/2002/1019 1615/2003/1020
f 1623/2002/1019 1614/2004/1011 1615/2003/1020
f 1614/1995/1013 1620/2005/1021 1612/2006/1022
f 1617/1899/936 1627/2007/1023 1625/1901/938
f 1627/2007/1023 1618/2008/1016 1626/2009/1024
f 1618/2000/1017 1624/1904/941 1626/2010/1025
f 1621/1900/937 1631/2011/1026 1623/2012/1019
f 1623/2012/1019 1630/2013/1027 1622/2014/1028
f 1622/2015/1029 1628/2016/1030 1620/2005/1021
f 1625/1901/938 1635/2017/1031 1633/1881/918
f 1627/2018/1023 1634/2019/1032 1635/2017/1031
f 1634/2020/1033 1624/1904/941 1632/2021/1034
f 1629/1883/920 1543/2022/945 1631/2023/1026
f 1543/2022/945 1630/2024/1027 1631/2023/1026
f 1630/2025/1035 1540/1913/949 1628/2016/1030
f 1633/1881/918 1547/2026/951 1545/2027/944
f 1547/2026/951 1634/2028/1032 1546/2029/1036
f 1546/2030/1037 1632/2021/1034 1544/1919/955
f 1596/1985/1006 1612/2006/1022 1628/2016/1030
f 41/1/1 16/66/60 46/2/2
f 21/4/4 33/26/23 59/5/5
f 86/7/7 4/13/8 3/8/8
f 47/10/9 49/2031/9 60/11/10
f 4/13/8 9/2032/11 10/14/11
f 148/15/12 48/100/1038 19/16/13
f 19/16/13 48/100/1038 70/18/15
f 3/20/17 10/53/46 34/21/18
f 30/23/20 63/41/38 61/24/21
f 33/26/23 35/28/25 58/27/24
f 35/28/25 37/30/27 56/29/26
f 37/30/27 39/61/56 54/31/28
f 32/25/22 61/24/21 43/32/29
f 2/34/31 1251/1534/40 1252/35/32
f 24/19/16 70/18/15 67/37/34
f 26/38/35 67/37/34 65/39/36
f 28/40/37 65/39/36 63/41/38
f 1/42/39 1250/1532/789 1251/43/40
f 10/14/11 9/2032/11 8/45/41
f 11/46/41 8/45/41 7/47/42
f 7/47/42 6/50/43 13/49/43
f 6/50/43 5/52/44 14/51/44
f 5/52/44 1/42/45 2/44/45
f 10/53/46 11/55/48 36/54/47
f 11/55/48 12/57/50 38/56/49
f 12/57/50 13/59/52 40/58/51
f 13/59/52 14/2033/1039 42/60/53
f 42/60/53 14/2033/1039 2/34/54
f 39/61/56 41/1/1 52/3/3
f 22/22/19 116/63/58 85/62/57
f 21/4/4 115/88/78 116/63/58
f 150/64/59 49/2031/9 47/10/9
f 42/60/53 15/36/55 16/66/60
f 64/67/61 53/71/61 51/68/62
f 40/58/51 42/60/53 41/1/1
f 66/70/63 55/73/63 53/71/61
f 38/56/49 40/58/51 39/61/56
f 68/72/64 57/74/64 55/73/63
f 36/54/47 38/56/49 37/30/27
f 69/12/10 60/11/10 57/74/64
f 34/21/18 36/54/47 35/28/25
f 31/75/65 18/78/68 1/76/66
f 31/75/65 32/25/22 17/33/30
f 6/79/69 29/80/70 31/75/65
f 29/80/70 30/23/20 32/25/22
f 7/81/71 27/82/72 29/80/70
f 27/82/72 28/40/37 30/23/20
f 8/83/73 25/84/74 27/82/72
f 25/84/74 26/38/35 28/40/37
f 9/85/75 23/86/76 25/84/74
f 23/86/76 24/19/16 26/38/35
f 21/4/4 50/6/6 149/87/77
f 22/22/19 34/21/18 33/26/23
f 4/89/79 20/90/80 23/86/76
f 20/90/80 19/16/13 24/19/16
f 118/91/81 20/90/80 4/89/79
f 117/17/14 19/16/13 20/90/80
f 45/93/83 1256/1537/87 1257/94/84
f 45/96/83 46/2/791 1255/97/86
f 147/99/88 47/101/90 48/100/89
f 47/101/90 69/113/116 70/18/91
f 59/5/92 60/107/104 49/102/93
f 51/103/95 52/3/99 46/2/96
f 53/104/98 54/31/101 52/3/99
f 55/105/100 56/29/103 54/31/101
f 57/106/102 58/27/105 56/29/103
f 60/107/104 59/5/92 58/27/105
f 43/32/106 61/24/109 62/108/107
f 61/24/109 63/41/111 64/110/110
f 63/41/111 65/39/113 66/111/112
f 65/39/113 67/37/115 68/112/114
f 67/37/115 70/18/91 69/113/116
f 150/114/117 149/87/117 50/6/94
f 62/69/62 51/68/62 45/93/118
f 122/115/119 88/144/173 113/116/120
f 135/118/122 105/137/139 93/119/123
f 73/121/125 74/126/125 86/7/7
f 123/122/126 145/182/127 136/123/127
f 80/125/128 79/156/128 74/126/125
f 91/127/129 124/129/131 148/15/12
f 91/127/129 96/147/149 146/128/130
f 106/130/132 80/165/163 73/131/133
f 102/133/135 104/142/144 137/134/136
f 134/136/138 107/139/141 105/137/139
f 132/138/140 109/141/143 107/139/141
f 130/140/142 111/174/172 109/141/143
f 104/142/144 89/186/181 119/143/145
f 88/144/146 122/115/778 1262/145/147
f 96/147/149 98/149/151 143/148/150
f 98/149/151 100/151/153 141/150/152
f 100/151/153 102/133/135 139/135/137
f 72/152/154 1259/2034/776 1258/153/155
f 80/125/128 81/157/157 78/155/157
f 81/157/157 82/160/158 77/158/158
f 83/159/159 76/162/159 77/158/158
f 84/161/160 75/163/160 76/162/159
f 72/152/161 71/154/161 75/163/160
f 108/164/162 81/167/165 80/165/163
f 110/166/164 82/169/167 81/167/165
f 112/168/166 83/171/169 82/169/167
f 114/170/168 84/173/171 83/171/169
f 114/170/168 87/1518/1040 72/172/170
f 128/117/121 113/116/120 111/174/172
f 85/62/57 116/63/58 94/132/134
f 116/63/58 115/88/78 93/119/123
f 123/122/126 125/124/126 150/64/59
f 88/144/173 87/1518/1040 114/170/168
f 140/175/174 138/213/175 127/176/175
f 113/116/120 114/170/168 112/168/166
f 142/178/176 140/175/174 129/177/174
f 111/174/172 112/168/166 110/166/164
f 144/180/177 142/178/176 131/179/176
f 109/141/143 110/166/164 108/164/162
f 145/182/127 144/180/177 133/181/177
f 107/139/141 108/164/162 106/130/132
f 71/183/178 90/1524/1041 103/184/179
f 103/184/179 90/1524/1041 89/186/181
f 76/187/182 75/185/180 103/184/179
f 101/188/183 103/184/179 104/142/144
f 77/189/184 76/187/182 101/188/183
f 99/190/185 101/188/183 102/133/135
f 78/191/186 77/189/184 99/190/185
f 97/192/187 99/190/185 100/151/153
f 79/193/188 78/191/186 97/192/187
f 95/194/189 97/192/187 98/149/151
f 93/119/123 115/88/78 149/87/77
f 105/137/139 106/130/132 94/132/134
f 74/195/190 79/193/188 95/194/189
f 92/196/191 95/194/189 96/147/149
f 74/195/190 92/196/191 118/91/81
f 92/196/191 91/127/129 117/17/14
f 120/197/192 119/143/773 1265/198/193
f 147/99/88 148/15/88 124/129/195
f 123/200/196 124/129/195 146/128/197
f 125/202/199 136/208/212 135/118/200
f 122/115/202 128/117/205 127/203/203
f 128/117/205 130/140/207 129/205/206
f 130/140/207 132/138/209 131/206/208
f 132/138/209 134/136/211 133/207/210
f 134/136/211 135/118/200 136/208/212
f 119/143/213 120/197/1042 138/209/214
f 137/134/215 138/209/214 140/210/216
f 139/135/217 140/210/216 142/211/218
f 141/150/219 142/211/218 144/212/220
f 143/148/221 144/212/220 145/201/198
f 126/120/201 149/87/117 150/114/117
f 138/213/175 120/1521/222 121/214/222
f 152/215/223 154/218/226 208/216/224
f 154/218/226 156/220/228 206/219/227
f 156/220/228 158/222/230 204/221/229
f 158/222/230 160/224/232 202/223/231
f 160/224/232 162/226/234 200/225/233
f 162/226/234 164/329/236 198/227/235
f 164/228/236 166/231/238 196/229/237
f 166/231/238 168/233/240 194/232/239
f 168/233/240 170/235/242 192/234/241
f 170/235/242 172/239/246 190/236/243
f 206/219/227 204/221/229 185/237/244
f 172/239/246 174/241/248 188/240/247
f 174/241/248 152/215/223 209/217/225
f 180/242/249 176/250/257 189/243/250
f 208/216/224 206/219/227 184/238/245
f 209/217/225 208/216/224 183/245/252
f 177/247/254 179/257/264 193/248/255
f 176/250/257 178/267/274 187/251/258
f 181/252/259 186/259/266 199/253/260
f 184/238/245 185/237/244 203/255/262
f 179/257/264 180/242/249 191/244/251
f 200/225/233 198/227/235 175/258/265
f 182/246/253 183/245/252 207/260/267
f 202/223/231 200/225/233 186/259/266
f 204/221/229 202/223/231 181/252/259
f 191/244/251 189/243/250 171/262/269
f 186/259/266 175/258/265 197/264/271
f 183/245/252 184/238/245 205/256/263
f 205/256/263 203/255/262 157/265/272
f 178/267/274 182/246/253 210/261/268
f 185/237/244 181/252/259 201/254/261
f 203/255/262 201/254/261 159/268/275
f 210/261/268 207/260/267 153/269/276
f 175/271/265 177/247/254 195/249/256
f 201/254/261 199/253/260 161/273/278
f 283/274/279 280/282/286 258/275/280
f 207/260/267 205/256/263 155/266/273
f 187/251/258 210/261/268 151/270/277
f 194/232/239 192/234/241 180/242/249
f 197/272/271 195/249/256 165/278/283
f 198/230/235 196/229/237 177/247/254
f 190/236/243 188/240/247 178/267/274
f 193/248/255 191/244/251 169/263/270
f 196/229/237 194/232/239 179/257/264
f 189/243/250 187/251/258 173/277/282
f 192/234/241 190/236/243 176/250/257
f 195/249/256 193/248/255 167/280/285
f 188/240/247 209/217/225 182/246/253
f 199/253/260 197/264/271 163/281/284
f 280/282/286 277/2035/289 255/283/287
f 274/284/288 247/288/291 255/285/287
f 271/287/290 248/296/299 247/288/291
f 245/289/292 259/346/346 263/290/293
f 292/292/295 250/300/303 249/293/296
f 268/295/298 256/298/301 248/296/299
f 265/297/300 251/309/312 256/298/301
f 292/292/295 289/302/305 257/299/302
f 286/301/304 253/303/306 257/299/302
f 283/274/279 254/276/281 253/303/306
f 247/288/291 248/296/299 215/304/307
f 250/300/303 222/316/318 211/306/309
f 252/307/310 212/317/319 213/308/311
f 254/276/281 219/318/320 220/310/313
f 247/288/291 216/305/308 217/311/314
f 251/309/312 213/308/311 214/312/315
f 257/299/302 253/303/306 220/310/313
f 258/275/280 255/283/287 217/314/314
f 248/296/299 256/298/301 214/312/315
f 250/300/303 257/299/302 221/313/316
f 252/307/310 249/293/296 211/306/309
f 258/275/280 218/315/317 219/318/320
f 166/231/238 223/331/332 234/319/321
f 168/233/240 234/319/321 233/320/322
f 172/239/246 170/235/242 233/320/322
f 154/218/226 230/325/327 231/322/324
f 172/239/246 232/321/323 229/323/325
f 156/220/228 231/322/324 227/324/326
f 152/215/223 228/326/328 230/325/327
f 152/215/223 174/241/248 229/323/325
f 160/224/232 158/222/230 227/324/326
f 162/226/234 160/224/232 226/327/329
f 164/329/236 162/226/234 225/328/330
f 164/228/236 224/342/331 223/331/332
f 234/319/321 223/331/332 244/332/333
f 233/320/322 234/319/321 243/333/334
f 233/320/322 242/334/335 241/335/336
f 231/322/324 230/325/327 246/291/294
f 229/323/325 232/321/323 241/335/336
f 231/322/324 240/336/337 238/338/339
f 228/326/328 245/289/292 246/291/294
f 228/326/328 229/323/325 239/337/338
f 227/324/326 238/338/339 237/339/340
f 226/327/329 237/339/340 236/340/341
f 224/330/331 225/328/330 236/340/341
f 224/342/331 235/348/342 244/332/333
f 243/333/334 244/332/333 281/343/343
f 245/289/292 239/337/338 293/345/345
f 241/335/336 290/349/348 293/345/345
f 238/338/339 269/350/349 272/347/347
f 235/348/342 278/2036/351 281/343/343
f 242/334/335 287/353/352 290/349/348
f 240/336/337 266/354/353 269/350/349
f 235/341/342 236/340/341 275/351/350
f 242/334/335 243/333/334 284/344/344
f 240/336/337 246/291/294 263/290/293
f 265/297/300 262/357/357 252/307/310
f 236/340/341 237/339/340 272/347/347
f 263/290/293 259/346/346 261/355/354
f 264/356/356 261/355/378 260/294/297
f 263/290/293 264/356/355 267/358/358
f 267/358/359 264/356/356 262/357/357
f 269/350/349 266/354/353 267/358/358
f 267/358/359 265/297/300 268/295/298
f 272/347/347 269/350/349 270/359/360
f 273/360/363 270/359/361 268/295/298
f 275/351/350 272/347/347 273/360/362
f 273/360/363 271/287/290 274/284/288
f 278/352/351 275/351/350 276/361/364
f 276/361/365 274/284/288 277/286/289
f 281/343/343 278/2036/351 279/363/366
f 279/363/367 277/2035/289 280/282/286
f 281/343/343 282/364/368 285/365/370
f 285/365/371 282/364/369 280/282/286
f 284/344/344 285/365/370 288/366/372
f 288/366/373 285/365/371 283/274/279
f 287/353/352 288/366/372 291/367/374
f 291/367/375 288/366/373 286/301/304
f 290/349/348 291/367/374 294/368/376
f 294/368/377 291/367/375 289/302/305
f 259/346/346 293/345/345 294/368/376
f 294/368/377 292/292/295 260/294/297
f 260/294/297 249/293/296 252/307/310
f 214/312/244 298/378/244 299/369/259
f 221/313/257 305/379/257 306/370/274
f 211/306/253 295/374/253 296/371/252
f 218/315/254 302/380/254 303/372/264
f 215/304/259 299/369/259 300/373/266
f 222/316/274 306/370/274 295/374/253
f 212/317/252 296/371/252 297/375/245
f 219/318/264 303/372/264 304/376/249
f 216/305/266 300/373/266 301/377/265
f 213/308/245 297/375/245 298/378/244
f 220/310/249 304/376/249 305/379/257
f 217/314/265 301/2037/265 302/380/254
f 318/381/379 310/424/380 309/382/380
f 307/384/244 308/425/244 315/385/244
f 315/385/244 316/388/244 313/387/244
f 316/388/244 317/390/244 312/389/244
f 317/390/244 318/381/379 311/383/379
f 321/391/381 322/412/381 330/392/382
f 319/394/249 326/398/249 327/395/249
f 325/397/249 328/400/249 327/395/249
f 324/399/249 329/401/249 328/400/249
f 323/393/382 330/392/382 329/401/249
f 332/402/383 325/397/401 326/398/384
f 321/391/386 323/393/395 333/404/387
f 336/406/389 329/401/1043 330/392/390
f 338/408/392 319/394/392 320/396/392
f 320/396/393 327/395/399 339/410/394
f 323/393/395 324/399/1044 340/411/396
f 335/407/391 330/392/390 322/412/397
f 327/395/399 328/400/405 342/414/400
f 340/411/396 324/399/1044 325/397/401
f 321/391/386 334/405/388 353/415/402
f 334/405/388 347/2038/444 353/415/402
f 328/400/405 329/401/1043 336/406/389
f 331/403/385 326/398/384 319/394/406
f 331/417/407 338/427/408 307/384/408
f 316/388/410 342/422/419 336/418/411
f 341/413/398 322/412/397 352/419/413
f 322/412/1045 345/441/454 352/419/413
f 340/421/415 332/429/429 313/387/416
f 315/385/418 339/426/425 342/422/419
f 335/423/420 341/2039/398 310/424/421
f 311/383/423 333/428/428 340/421/415
f 308/425/424 337/2040/424 339/426/425
f 338/427/426 337/2040/426 308/425/426
f 336/418/411 335/423/420 318/381/422
f 309/382/427 334/444/388 333/428/428
f 332/429/429 331/417/407 314/386/409
f 372/430/430 389/2041/469 354/431/431
f 309/382/437 310/424/1046 349/436/435
f 310/424/1046 343/439/1047 349/436/435
f 310/424/421 341/2039/398 354/438/431
f 341/2039/398 348/2042/414 354/438/431
f 322/412/442 321/391/1048 350/440/440
f 321/391/1048 346/416/1049 350/440/440
f 334/444/388 309/382/427 351/442/443
f 309/382/1050 344/437/448 351/442/443
f 347/447/444 369/2043/474 386/448/447
f 344/450/448 360/2044/490 380/451/449
f 357/453/450 374/470/462 349/454/244
f 363/458/453 383/2045/479 352/459/413
f 346/467/403 366/2046/489 377/468/461
f 354/431/431 389/2041/469 357/453/450
f 377/468/461 363/458/453 345/460/454
f 374/470/462 360/2044/490 344/450/448
f 352/459/413 383/2045/479 372/471/430
f 386/448/447 366/2046/489 346/467/403
f 380/451/449 369/2043/474 347/447/444
f 358/473/463 376/476/465 374/474/462
f 356/464/464 375/465/491 376/476/465
f 390/463/466 391/479/470 373/477/467
f 389/478/469 372/2047/430 373/477/467
f 388/480/471 370/482/475 368/446/472
f 388/480/471 386/494/447 369/481/474
f 385/483/476 364/485/480 362/457/477
f 383/484/479 363/2048/453 364/485/480
f 382/486/481 361/488/484 359/466/482
f 380/487/449 360/492/490 361/488/484
f 378/456/485 379/490/488 367/489/486
f 379/490/488 377/493/461 366/491/489
f 376/476/465 361/488/484 360/492/490
f 375/465/491 359/466/482 361/488/484
f 362/457/477 364/485/480 379/490/488
f 364/485/480 363/2048/453 377/493/461
f 368/446/472 370/482/475 382/486/481
f 369/481/474 380/487/449 382/486/481
f 373/477/467 385/483/476 384/461/478
f 373/477/467 372/2047/430 383/484/479
f 367/489/486 388/480/471 387/433/473
f 367/489/486 366/491/489 386/494/447
f 356/464/464 358/473/463 391/479/470
f 357/475/450 389/478/469 391/479/470
f 403/495/379 395/538/380 394/496/380
f 392/498/244 393/539/244 400/499/244
f 400/499/244 401/502/244 398/501/244
f 401/502/244 402/504/244 397/503/244
f 402/504/244 403/495/379 396/497/379
f 406/505/381 407/526/381 415/506/382
f 404/508/249 411/512/249 412/509/249
f 410/511/249 413/514/249 412/509/249
f 409/513/249 414/515/249 413/514/249
f 408/507/382 415/506/382 414/515/249
f 417/516/383 410/511/401 411/512/384
f 406/505/386 408/507/395 418/518/387
f 421/520/389 414/515/1043 415/506/390
f 423/522/392 404/508/392 405/510/392
f 405/510/393 412/509/399 424/524/394
f 408/507/395 409/513/1044 425/525/396
f 420/521/391 415/506/390 407/526/397
f 412/509/399 413/514/405 427/528/400
f 425/525/396 409/513/1044 410/511/401
f 406/505/386 419/519/388 438/529/402
f 419/519/388 432/2049/444 438/529/402
f 413/514/405 414/515/1043 421/520/389
f 416/517/385 411/512/384 404/508/406
f 416/531/407 423/541/408 392/498/408
f 401/502/410 427/536/419 421/532/411
f 426/527/398 407/526/397 437/533/413
f 407/526/1045 430/555/454 437/533/413
f 425/535/415 417/543/429 398/501/416
f 400/499/418 424/540/425 427/536/419
f 420/537/420 426/2050/398 395/538/421
f 396/497/423 418/542/428 425/535/415
f 393/539/424 422/2051/424 424/540/425
f 423/541/426 422/2051/426 393/539/426
f 421/532/411 420/537/420 403/495/422
f 394/496/427 419/558/388 418/542/428
f 417/543/429 416/531/407 399/500/409
f 457/544/430 474/2052/469 439/545/431
f 394/496/437 395/538/1046 434/550/435
f 395/538/1046 428/553/1047 434/550/435
f 395/538/421 426/2050/398 439/552/431
f 426/2050/398 433/2053/414 439/552/431
f 407/526/442 406/505/1048 435/554/440
f 406/505/1048 431/530/1049 435/554/440
f 419/558/388 394/496/427 436/556/443
f 394/496/1050 429/551/448 436/556/443
f 432/561/444 454/2054/474 471/562/447
f 429/564/448 445/2055/490 465/565/449
f 442/567/450 459/584/462 434/568/244
f 448/572/453 468/2056/479 437/573/413
f 431/581/403 451/2057/489 462/582/461
f 439/545/431 474/2052/469 442/567/450
f 462/582/461 448/572/453 430/574/454
f 459/584/462 445/2055/490 429/564/448
f 437/573/413 468/2056/479 457/585/430
f 471/562/447 451/2057/489 431/581/403
f 465/565/449 454/2054/474 432/561/444
f 443/587/463 461/590/465 459/588/462
f 441/578/464 460/579/491 461/590/465
f 475/577/466 476/593/470 458/591/467
f 474/592/469 457/2058/430 458/591/467
f 472/547/473 473/595/471 455/594/475
f 473/595/471 471/609/447 454/596/474
f 470/597/476 449/599/480 447/571/477
f 470/597/476 468/608/479 448/598/453
f 467/600/481 446/602/484 444/580/482
f 465/601/449 445/606/490 446/602/484
f 463/570/485 464/604/488 452/603/486
f 464/604/488 462/607/461 451/605/489
f 461/590/465 446/602/484 445/606/490
f 460/579/491 444/580/482 446/602/484
f 447/571/477 449/599/480 464/604/488
f 449/599/480 448/598/453 462/607/461
f 453/560/472 455/594/475 467/600/481
f 454/596/474 465/601/449 467/600/481
f 458/591/467 470/597/476 469/575/478
f 458/591/467 457/2058/430 468/608/479
f 452/603/486 473/595/471 472/547/473
f 452/603/486 451/605/489 471/609/447
f 441/578/464 443/587/463 476/593/470
f 442/589/450 474/592/469 476/593/470
f 478/610/494 480/642/520 479/611/495
f 479/611/495 480/642/520 482/613/497
f 482/613/497 484/616/499 483/615/244
f 484/616/499 486/639/517 485/617/500
f 485/617/500 486/639/517 488/618/501
f 487/619/502 488/618/501 490/620/503
f 490/620/503 492/623/506 491/622/505
f 492/623/506 494/625/508 493/624/507
f 494/625/508 496/650/527 495/626/249
f 495/626/249 496/650/527 498/627/509
f 492/623/506 508/637/515 509/629/511
f 498/627/509 500/640/518 499/630/512
f 499/630/512 500/640/518 478/631/494
f 506/633/513 505/638/516 517/634/500
f 492/623/506 490/620/503 507/636/514
f 488/618/501 506/633/513 507/636/514
f 488/618/501 486/639/517 505/638/516
f 484/616/499 504/645/522 505/638/516
f 500/640/518 512/646/523 502/641/519
f 480/642/520 478/610/494 502/643/519
f 482/613/497 503/647/524 504/645/522
f 498/627/509 511/649/526 512/646/523
f 480/642/520 501/644/521 503/647/524
f 498/627/509 496/650/527 510/648/525
f 496/650/527 494/625/508 509/629/511
f 520/651/528 532/675/528 533/652/529
f 512/646/523 524/661/512 514/654/496
f 503/647/524 501/644/521 513/655/495
f 510/648/525 509/629/511 521/653/507
f 507/636/514 506/633/513 518/635/502
f 503/647/524 515/656/498 516/659/244
f 511/649/526 510/648/525 522/657/249
f 508/637/515 507/636/514 519/658/504
f 504/645/522 516/659/244 517/634/500
f 511/649/526 523/660/510 524/661/512
f 501/644/521 502/643/519 514/662/496
f 508/637/515 520/651/505 521/653/507
f 527/2059/530 525/2060/530 526/663/530
f 526/663/530 536/2061/530 535/664/530
f 535/664/530 534/2062/530 531/665/530
f 534/2062/530 533/2063/530 531/665/530
f 533/2063/530 532/2064/530 531/665/530
f 531/665/530 530/2065/530 529/2066/530
f 529/2066/530 528/2067/530 531/665/530
f 528/2067/530 527/2059/530 531/665/530
f 527/2059/530 526/663/530 531/665/530
f 518/635/531 517/634/532 529/666/532
f 524/661/533 536/676/533 526/668/534
f 515/656/535 513/655/536 525/669/536
f 521/653/529 533/652/529 534/671/537
f 518/635/531 530/667/531 531/672/538
f 515/656/535 527/670/535 528/673/539
f 523/660/540 522/657/537 534/671/537
f 519/658/538 531/672/538 532/675/528
f 517/634/532 516/659/539 528/673/539
f 523/660/540 535/674/540 536/676/533
f 513/655/536 514/662/534 526/677/534
f 538/678/494 540/710/520 539/679/495
f 539/679/495 540/710/520 542/681/497
f 542/681/497 544/684/499 543/683/244
f 544/684/499 546/707/517 545/685/500
f 545/685/500 546/707/517 548/686/501
f 547/687/502 548/686/501 550/688/503
f 550/688/503 552/691/506 551/690/505
f 552/691/506 554/693/508 553/692/507
f 554/693/508 556/718/527 555/694/249
f 555/694/249 556/718/527 558/695/509
f 552/691/506 568/705/515 569/697/511
f 558/695/509 560/708/518 559/698/512
f 559/698/512 560/708/518 538/699/494
f 566/701/513 565/706/516 577/702/500
f 552/691/506 550/688/503 567/704/514
f 548/686/501 566/701/513 567/704/514
f 548/686/501 546/707/517 565/706/516
f 544/684/499 564/713/522 565/706/516
f 560/708/518 572/715/523 562/709/519
f 540/710/520 538/678/494 562/711/519
f 542/681/497 563/716/524 564/713/522
f 560/708/518 558/695/509 571/714/526
f 540/710/520 561/712/521 563/716/524
f 558/695/509 556/718/527 570/717/525
f 556/718/527 554/693/508 569/697/511
f 580/719/528 592/743/528 593/720/529
f 572/715/523 584/729/512 574/722/496
f 563/716/524 561/712/521 573/723/495
f 570/717/525 569/697/511 581/721/507
f 567/704/514 566/701/513 578/703/502
f 563/716/524 575/724/498 576/727/244
f 571/714/526 570/717/525 582/725/249
f 567/704/514 579/726/504 580/719/505
f 564/713/522 576/727/244 577/702/500
f 571/714/526 583/728/510 584/729/512
f 561/712/521 562/711/519 574/730/496
f 568/705/515 580/719/505 581/721/507
f 587/733/530 585/2068/530 586/2069/530
f 586/2069/530 596/2070/530 587/733/530
f 596/2070/530 595/2071/530 587/733/530
f 595/2071/530 594/2072/530 593/731/530
f 593/731/530 592/2073/530 591/732/530
f 591/732/530 590/2074/530 587/733/530
f 590/2074/530 589/2075/530 587/733/530
f 589/2075/530 588/2076/530 587/733/530
f 595/2071/530 593/731/530 587/733/530
f 578/703/531 577/702/532 589/734/532
f 584/729/533 596/744/533 586/736/534
f 575/724/535 573/723/536 585/737/536
f 581/721/529 593/720/529 594/739/537
f 578/703/531 590/735/531 591/740/538
f 575/724/535 587/738/535 588/741/539
f 583/728/540 582/725/537 594/739/537
f 580/719/528 579/726/538 591/740/538
f 577/702/532 576/727/539 588/741/539
f 584/729/533 583/728/540 595/742/540
f 573/723/536 574/730/534 586/745/534
f 1478/746/541 1473/749/544 599/747/542
f 1473/749/544 1468/751/546 601/750/545
f 1468/751/546 1464/1784/879 603/752/547
f 603/752/547 1464/1784/879 1461/753/548
f 1461/753/548 1456/756/551 607/755/550
f 1456/756/551 1452/1786/881 609/757/552
f 609/757/552 1452/1786/881 1449/758/553
f 611/759/554 1449/758/553 1444/760/555
f 1444/760/555 1441/1787/882 615/762/557
f 1471/763/558 602/777/569 604/764/559
f 615/762/557 1441/1787/882 1437/766/561
f 618/768/563 620/799/583 1435/769/564
f 601/750/545 603/752/547 629/771/244
f 1475/776/568 600/779/571 602/777/569
f 1477/778/570 598/2077/585 600/779/571
f 610/782/572 608/791/575 647/783/573
f 608/791/575 610/782/572 1454/792/576
f 1463/794/578 606/795/579 608/791/575
f 1466/765/560 604/764/559 606/795/579
f 1443/796/580 1439/833/610 1436/797/581
f 620/799/583 635/838/613 656/800/584
f 1469/802/586 1470/817/597 1467/803/587
f 604/764/559 602/777/569 653/806/566
f 1465/804/588 1467/803/587 1462/808/589
f 1479/810/591 1476/1789/884 1474/811/592
f 1460/809/590 1462/808/589 1458/814/594
f 602/777/569 600/779/571 654/816/596
f 1472/812/593 1474/811/592 1470/817/597
f 1434/818/598 1476/1790/884 1479/819/591
f 614/821/600 616/834/611 1442/822/601
f 1453/824/603 1455/1785/880 1451/825/604
f 1454/792/576 610/782/572 612/827/606
f 619/829/608 1433/1788/883 1478/830/541
f 1445/832/609 1446/1791/885 1443/796/580
f 612/827/606 614/821/600 1447/823/602
f 1439/833/610 1434/818/598 1432/820/599
f 616/834/611 618/768/563 1438/770/565
f 1451/825/604 1446/1791/885 1445/832/609
f 620/799/583 598/801/585 1477/835/570
f 1458/814/594 1455/1785/880 1453/824/603
f 600/779/571 598/2077/585 656/836/584
f 606/795/579 604/764/559 650/807/244
f 618/768/563 636/839/614 635/838/613
f 616/834/611 638/842/249 636/839/614
f 610/782/572 644/784/574 642/840/615
f 612/827/606 642/840/615 641/841/616
f 614/821/600 641/841/616 638/842/249
f 608/791/575 606/795/579 648/837/612
f 635/838/617 636/839/618 637/843/618
f 641/841/619 642/840/620 643/845/620
f 648/837/621 649/2078/621 646/847/622
f 654/816/623 655/2079/623 652/848/624
f 656/836/625 657/2080/625 655/849/623
f 650/807/626 651/2081/626 649/850/621
f 642/840/620 644/784/627 645/851/627
f 636/839/618 638/842/628 639/853/628
f 638/842/628 641/841/619 640/855/619
f 647/783/622 646/2082/622 645/857/627
f 653/806/624 652/2083/624 651/858/626
f 656/800/625 635/838/617 634/859/617
f 619/829/608 621/869/613 622/861/614
f 599/747/542 601/750/545 630/772/566
f 617/767/562 622/861/614 623/863/249
f 615/762/557 623/863/249 624/864/616
f 613/761/556 624/864/616 625/865/615
f 609/757/552 611/759/554 625/865/615
f 609/757/552 626/866/574 627/867/573
f 607/755/550 627/867/573 628/868/612
f 605/754/549 628/868/612 629/771/244
f 597/831/543 632/2084/584 621/869/613
f 597/748/543 599/747/542 631/862/596
f 716/871/629 659/2085/670 661/872/630
f 715/873/631 661/872/630 663/874/632
f 713/875/633 663/874/632 665/876/634
f 711/877/635 665/876/634 667/878/636
f 709/879/637 667/878/636 669/880/638
f 707/881/639 669/880/638 671/882/640
f 671/882/640 673/885/643 703/884/642
f 673/885/643 675/887/645 701/886/644
f 675/887/645 677/889/647 699/888/646
f 677/889/647 679/893/651 697/890/648
f 749/891/649 713/875/633 711/877/635
f 679/893/651 681/895/653 695/894/652
f 681/895/653 659/922/670 716/896/629
f 664/897/654 690/984/244 691/898/655
f 752/903/658 715/873/631 713/875/633
f 757/904/659 716/871/629 715/873/631
f 671/882/640 669/880/638 732/907/660
f 743/915/662 707/881/639 705/883/663
f 758/917/665 709/879/637 707/881/639
f 746/892/650 711/877/635 709/879/637
f 698/918/666 696/947/690 678/919/667
f 681/895/653 720/953/694 741/921/669
f 662/899/656 712/934/679 710/923/671
f 663/874/632 738/933/678 735/925/244
f 710/923/671 708/1006/736 666/926/672
f 717/927/673 714/1013/743 660/928/674
f 666/926/672 708/1006/736 706/931/676
f 661/872/630 739/950/691 738/933/678
f 660/928/674 714/1013/743 712/934/679
f 680/935/680 694/989/719 717/936/673
f 701/886/644 699/888/646 761/938/681
f 670/940/683 704/1003/733 702/941/684
f 705/883/663 703/884/642 770/943/686
f 697/890/648 695/894/652 767/944/687
f 674/946/689 700/998/728 698/918/666
f 703/884/642 701/886/644 764/939/682
f 696/947/690 694/989/719 680/935/680
f 699/888/646 697/890/648 773/945/688
f 702/941/684 700/998/728 674/946/689
f 695/894/652 716/896/629 757/948/659
f 706/931/676 704/1003/733 670/940/683
f 661/872/630 659/2085/670 741/949/669
f 667/878/636 665/876/634 735/925/244
f 681/895/653 679/893/651 721/952/693
f 679/893/651 677/889/647 723/954/249
f 671/882/640 729/908/661 727/955/695
f 673/885/643 727/955/695 726/956/696
f 675/887/645 726/956/696 723/954/249
f 669/880/638 667/878/636 733/951/692
f 720/953/697 721/952/698 722/957/698
f 726/956/699 727/955/700 728/959/700
f 733/951/701 734/2086/701 731/961/702
f 739/950/703 740/2087/703 737/962/704
f 739/950/703 741/949/705 742/963/705
f 735/925/706 736/2088/706 734/965/701
f 727/955/700 729/908/707 730/966/707
f 721/952/698 723/954/708 724/968/708
f 723/954/708 726/956/699 725/970/699
f 732/907/702 731/2089/702 730/972/707
f 735/925/706 738/933/704 737/973/704
f 720/953/697 719/2090/697 742/975/705
f 680/935/680 682/986/717 683/976/709
f 660/928/674 662/899/656 691/898/655
f 676/920/668 678/919/667 683/976/709
f 674/946/689 676/920/668 684/978/249
f 672/942/685 674/946/689 685/979/711
f 670/940/683 672/942/685 686/980/712
f 670/940/683 687/981/713 688/982/714
f 668/932/677 688/982/714 689/983/715
f 666/926/672 689/983/715 690/984/244
f 680/935/680 658/937/675 693/985/716
f 660/928/674 692/977/710 693/987/716
f 769/988/718 755/991/721 717/936/673
f 768/990/720 756/992/722 755/991/721
f 767/944/687 757/948/659 756/992/722
f 763/993/723 775/995/725 696/947/690
f 762/994/724 774/996/726 775/995/725
f 761/938/681 773/945/688 774/996/726
f 772/997/727 766/1000/730 700/998/728
f 771/999/729 765/1001/731 766/1000/730
f 770/943/686 764/939/682 765/1001/731
f 775/995/725 769/988/718 694/989/719
f 774/996/726 768/990/720 769/988/718
f 773/945/688 767/944/687 768/990/720
f 778/1002/732 772/997/727 702/941/684
f 777/1004/734 771/999/729 772/997/727
f 776/916/664 770/943/686 771/999/729
f 766/1000/730 763/993/723 698/918/666
f 765/1001/731 762/994/724 763/993/723
f 764/939/682 761/938/681 762/994/724
f 710/923/671 748/1007/737 760/1005/735
f 748/1007/737 747/1009/739 759/1008/738
f 747/1009/739 746/892/650 758/917/665
f 708/1006/736 760/1005/735 745/1010/740
f 760/1005/735 759/1008/738 744/1011/741
f 759/1008/738 758/917/665 743/915/662
f 706/931/676 745/1010/740 778/1002/732
f 745/1010/740 744/1011/741 777/1004/734
f 744/1011/741 743/915/662 776/916/664
f 717/927/673 755/1014/721 754/1012/742
f 755/1014/721 756/1016/722 753/1015/744
f 756/1016/722 757/904/659 752/903/658
f 714/1013/743 754/1012/742 751/1017/745
f 754/1012/742 753/1015/744 750/1018/746
f 753/1015/744 752/903/658 749/891/649
f 712/934/679 751/1017/745 748/1007/737
f 751/1017/745 750/1018/746 747/1009/739
f 750/1018/746 749/891/649 746/892/650
f 780/1019/223 782/1022/226 836/1020/224
f 782/1022/226 784/1024/228 834/1023/227
f 784/1024/228 786/1026/230 832/1025/229
f 786/1026/230 788/1028/232 830/1027/231
f 788/1028/232 790/1030/234 828/1029/233
f 790/1030/234 792/1134/236 826/1031/235
f 792/1032/236 794/1035/238 824/1033/237
f 794/1035/238 796/1037/240 822/1036/747
f 796/1037/240 798/1039/242 820/1038/241
f 798/1039/242 800/1043/246 818/1040/243
f 812/1041/245 834/1023/227 832/1025/229
f 800/1043/246 802/1045/248 816/1044/748
f 802/1045/248 780/1019/223 837/1021/225
f 819/1046/251 808/1081/249 804/1047/257
f 836/1020/224 834/1023/227 812/1041/245
f 837/1021/225 836/1020/224 811/1049/252
f 805/1051/254 807/1060/264 821/1052/255
f 804/1047/257 806/1070/274 815/1054/258
f 809/1055/259 814/1062/266 827/1056/260
f 812/1041/245 813/1042/244 831/1058/262
f 807/1060/264 808/1081/249 819/1046/251
f 828/1029/233 826/1031/235 803/1061/265
f 810/1050/253 811/1049/252 835/1063/749
f 830/1027/231 828/1029/233 814/1062/266
f 832/1025/229 830/1027/231 809/1055/259
f 819/1046/251 817/1048/250 799/1065/269
f 814/1062/266 803/1061/265 825/1067/271
f 811/1049/252 812/1041/245 833/1059/263
f 833/1059/263 831/1058/262 785/1068/272
f 806/1070/274 810/1050/253 838/1064/268
f 813/1042/244 809/1055/259 829/1057/261
f 831/1058/262 829/1057/261 787/1071/275
f 838/1064/268 835/1063/749 781/1072/276
f 803/1074/265 805/1051/254 823/1053/256
f 829/1057/261 827/1056/260 789/1076/278
f 908/1077/286 886/1087/280 882/1078/281
f 835/1063/749 833/1059/263 783/1069/273
f 815/1054/258 838/1064/268 779/1073/277
f 822/1036/747 820/1038/241 808/1081/249
f 825/1075/271 823/1053/256 793/1082/283
f 826/1034/235 824/1033/237 805/1051/254
f 818/1040/243 816/1044/748 806/1070/274
f 821/1052/255 819/1046/251 797/1066/270
f 824/1033/237 822/1036/747 807/1060/264
f 817/1048/250 815/1054/258 801/1080/282
f 820/1038/241 818/1040/243 804/1047/257
f 823/1053/256 821/1052/255 795/1084/285
f 816/1044/748 837/1021/225 810/1050/253
f 827/1056/260 825/1067/271 791/1085/284
f 905/1086/289 883/1118/287 886/1087/280
f 905/1088/289 902/1092/288 875/1089/291
f 899/1091/290 876/1100/299 875/1089/291
f 873/1093/292 887/1149/346 891/1094/293
f 888/1096/297 920/1104/295 878/1097/303
f 899/1091/290 896/1102/298 884/1099/301
f 893/1101/300 879/1112/312 884/1099/301
f 917/1103/305 885/1106/302 878/1097/303
f 917/1103/305 914/1107/304 881/1105/306
f 914/1107/304 911/1079/279 882/1078/281
f 876/1100/299 843/1120/307 844/1108/308
f 878/1097/303 850/1121/318 839/1109/309
f 880/1110/310 840/1122/319 841/1111/311
f 881/1105/306 882/1078/281 847/1113/320
f 883/1090/287 875/1089/291 844/1108/308
f 879/1112/312 841/1111/311 842/1116/315
f 885/1106/302 881/1105/306 848/1114/313
f 883/1118/287 845/1184/314 846/1119/750
f 876/1100/299 884/1099/301 842/1116/315
f 878/1097/303 885/1106/302 849/1117/316
f 880/1110/310 877/1098/296 839/1109/309
f 886/1087/280 846/1119/750 847/1113/320
f 796/1037/240 794/1035/238 851/1123/332
f 796/1037/240 862/1124/321 861/1125/322
f 798/1039/242 861/1125/322 860/1126/323
f 784/1024/228 782/1022/226 858/1127/327
f 800/1043/246 860/1126/323 857/1129/325
f 786/1026/230 784/1024/228 859/1128/324
f 782/1022/226 780/1019/223 856/1131/328
f 802/1045/248 857/1129/325 856/1131/328
f 788/1028/232 786/1026/230 855/1130/326
f 788/1028/232 854/1132/329 853/1133/330
f 792/1134/236 790/1030/234 853/1133/330
f 792/1032/236 852/1146/331 851/1123/332
f 862/1124/321 851/1123/332 872/1136/333
f 862/1124/321 871/1137/334 870/1138/335
f 861/1125/322 870/1138/335 869/1139/336
f 858/1127/327 874/1095/294 868/1140/337
f 857/1129/325 860/1126/323 869/1139/336
f 855/1130/326 859/1128/324 868/1140/337
f 858/1127/327 856/1131/328 873/1093/292
f 857/1129/325 867/1141/338 873/1093/292
f 854/1132/329 855/1130/326 866/1142/339
f 854/1132/329 865/1143/340 864/1144/341
f 852/1135/331 853/1133/330 864/1144/341
f 852/1146/331 863/1153/342 872/1136/333
f 872/1136/333 909/1154/343 912/1147/751
f 873/1093/292 867/1141/338 921/1148/345
f 867/1141/338 869/1139/336 918/1150/752
f 865/1143/340 866/1142/339 897/1151/349
f 863/1153/342 906/2091/351 909/1154/343
f 870/1138/335 915/1158/352 918/1150/752
f 866/1142/339 868/1140/337 894/1155/753
f 863/1145/342 864/1144/341 903/1156/350
f 871/1137/334 912/1147/751 915/1158/352
f 874/1095/294 891/1094/293 894/1155/753
f 893/1101/300 890/1161/357 880/1110/310
f 864/1144/341 865/1143/340 900/1152/347
f 891/1094/293 887/1149/346 889/1159/754
f 889/1159/378 888/1096/297 890/1161/357
f 891/1094/293 892/1160/755 895/1162/358
f 895/1162/359 892/1160/356 890/1161/357
f 894/1155/753 895/1162/358 898/1163/360
f 898/1163/361 895/1162/359 893/1101/300
f 897/1151/349 898/1163/360 901/1164/756
f 901/1164/363 898/1163/361 896/1102/298
f 903/1156/350 900/1152/347 901/1164/756
f 901/1164/363 899/1091/290 902/1092/288
f 906/1157/351 903/1156/350 904/1165/757
f 904/1165/365 902/1092/288 905/1088/289
f 909/1154/343 906/2091/351 907/1167/366
f 910/1168/369 907/1167/367 905/1086/289
f 909/1154/343 910/1168/758 913/1169/370
f 913/1169/371 910/1168/369 908/1077/286
f 915/1158/352 912/1147/751 913/1169/370
f 913/1169/371 911/1079/279 914/1107/304
f 915/1158/352 916/1170/372 919/1171/374
f 919/1171/375 916/1170/373 914/1107/304
f 921/1148/345 918/1150/752 919/1171/374
f 922/1172/377 919/1171/375 917/1103/305
f 921/1148/345 922/1172/759 889/1159/754
f 889/1159/378 922/1172/377 920/1104/295
f 888/1096/297 877/1098/296 880/1110/310
f 842/1116/244 926/1182/244 927/1173/259
f 849/1117/257 933/1183/257 934/1174/274
f 839/1109/253 923/1178/253 924/1175/252
f 846/1119/254 930/1185/254 931/1176/264
f 843/1120/259 927/1173/259 928/1177/266
f 850/1121/274 934/1174/274 923/1178/253
f 840/1122/252 924/1175/252 925/1179/245
f 847/1113/264 931/1176/264 932/1180/249
f 844/1108/266 928/1177/266 929/1181/265
f 841/1111/245 925/1179/245 926/1182/244
f 848/1114/249 932/1180/249 933/1183/257
f 845/1184/265 929/2092/265 930/1185/254
f 936/1186/223 938/1189/226 992/1187/224
f 938/1189/226 940/1191/228 990/1190/227
f 940/1191/228 942/1193/230 988/1192/229
f 942/1193/230 944/1195/232 986/1194/760
f 944/1195/232 946/1197/234 984/1196/233
f 946/1197/234 948/1300/236 982/1198/235
f 948/1199/236 950/1202/238 980/1200/237
f 950/1202/238 952/1204/240 978/1203/239
f 952/1204/240 954/1291/242 976/1205/241
f 976/1205/241 954/1291/242 956/1206/246
f 990/1190/227 988/1192/229 969/1208/244
f 956/1206/246 958/1211/248 972/1210/247
f 958/1211/248 936/1186/223 993/1188/225
f 964/1212/249 960/1220/257 973/1213/250
f 992/1187/224 990/1190/227 968/1209/245
f 993/1188/225 992/1187/224 967/1215/252
f 961/1217/254 963/1227/264 977/1218/255
f 960/1220/257 962/1237/274 971/1221/258
f 965/1222/259 970/1228/266 983/1223/260
f 968/1209/245 969/1208/244 987/1225/262
f 963/1227/264 964/1212/249 975/1214/251
f 970/1228/266 984/1196/233 982/1198/235
f 994/1230/268 966/1216/253 967/1215/252
f 986/1194/760 984/1196/233 970/1228/266
f 988/1192/229 986/1194/760 965/1222/259
f 975/1214/251 973/1213/250 955/1232/269
f 970/1228/266 959/1229/265 981/1234/271
f 967/1215/252 968/1209/245 989/1226/263
f 939/1235/273 989/1226/263 987/1225/262
f 962/1237/274 966/1216/253 994/1230/268
f 969/1208/244 965/1222/259 985/1224/761
f 987/1225/262 985/1224/761 943/1238/275
f 994/1230/268 991/1231/267 937/1239/276
f 981/1241/271 959/1249/265 961/1217/254
f 985/1224/761 983/1223/260 945/1242/278
f 1064/1243/286 1042/1253/280 1038/1244/281
f 991/1231/267 989/1226/263 939/1235/273
f 971/1221/258 994/1230/268 935/1240/277
f 978/1203/239 976/1205/241 964/1212/249
f 981/1241/271 979/1219/256 949/1247/283
f 982/1201/235 980/1200/237 961/1217/254
f 974/1207/243 972/1210/247 962/1237/274
f 977/1218/255 975/1214/251 953/1233/270
f 980/1200/237 978/1203/239 963/1227/264
f 973/1213/250 971/1221/258 957/1246/282
f 976/1205/241 974/1207/243 960/1220/257
f 979/1219/256 977/1218/255 951/1250/285
f 962/1237/274 972/1210/247 993/1188/225
f 983/1223/260 981/1234/271 947/1251/284
f 1064/1243/286 1061/2093/289 1039/1252/287
f 1058/1254/288 1031/1258/291 1039/1255/287
f 1055/1257/290 1032/1266/299 1031/1258/291
f 1029/1259/292 1043/1316/346 1047/1260/293
f 1044/1262/297 1076/1269/295 1034/1263/303
f 1052/1265/298 1040/1268/301 1032/1266/299
f 1049/1267/300 1035/1279/312 1040/1268/301
f 1076/1269/295 1073/1272/305 1041/1270/302
f 1070/1271/304 1037/1273/306 1041/1270/302
f 1067/1245/279 1038/1244/281 1037/1273/306
f 1031/1258/291 1032/1266/299 999/1274/307
f 1034/1263/303 1006/1286/318 995/1276/309
f 1036/1277/310 996/1287/319 997/1278/311
f 1038/1244/281 1003/1288/320 1004/1280/313
f 1031/1258/291 1000/1275/308 1001/1281/314
f 1035/1279/312 997/1278/311 998/1282/315
f 1041/1270/302 1037/1273/306 1004/1280/313
f 1042/1253/280 1039/1252/287 1001/1284/314
f 1032/1266/299 1040/1268/301 998/1282/315
f 1034/1263/303 1041/1270/302 1005/1283/316
f 1036/1277/310 1033/1264/296 995/1276/309
f 1042/1253/280 1002/1285/317 1003/1288/320
f 950/1202/238 1007/1302/332 1018/1289/321
f 952/1204/240 1018/1289/321 1017/1290/322
f 956/1206/246 954/1291/242 1017/1290/322
f 938/1189/226 1014/1296/327 1015/1293/324
f 958/1211/248 956/1206/246 1016/1292/323
f 940/1191/228 1015/1293/324 1011/1295/326
f 936/1186/223 1012/1297/328 1014/1296/327
f 936/1186/223 958/1211/248 1013/1294/325
f 944/1195/232 942/1193/230 1011/1295/326
f 946/1197/234 944/1195/232 1010/1298/329
f 948/1300/236 946/1197/234 1009/1299/330
f 948/1199/236 1008/1313/331 1007/1302/332
f 1018/1289/321 1007/1302/332 1028/1303/333
f 1018/1289/321 1027/1304/334 1026/1305/335
f 1016/1292/323 1017/1290/322 1026/1305/335
f 1015/1293/324 1014/1296/327 1030/1261/294
f 1016/1292/323 1025/1306/336 1023/1308/338
f 1015/1293/324 1024/1307/337 1022/1309/339
f 1012/1297/328 1029/1259/292 1030/1261/294
f 1012/1297/328 1013/1294/325 1023/1308/338
f 1010/1298/329 1011/1295/326 1022/1309/339
f 1010/1298/329 1021/1310/340 1020/1311/341
f 1008/1301/331 1009/1299/330 1020/1311/341
f 1008/1313/331 1019/1319/342 1028/1303/333
f 1028/1303/333 1065/1320/343 1068/1314/751
f 1029/1259/292 1023/1308/338 1077/1315/345
f 1025/1306/336 1074/1321/348 1077/1315/345
f 1021/1310/340 1022/1309/339 1053/1317/349
f 1019/1319/342 1062/2094/351 1065/1320/343
f 1026/1305/335 1071/1324/352 1074/1321/348
f 1024/1307/337 1050/1325/353 1053/1317/349
f 1019/1312/342 1020/1311/341 1059/1322/350
f 1026/1305/335 1027/1304/334 1068/1314/751
f 1024/1307/337 1030/1261/294 1047/1260/293
f 1049/1267/300 1046/1328/357 1036/1277/310
f 1021/1310/340 1056/1318/347 1059/1322/350
f 1047/1260/293 1043/1316/346 1045/1326/354
f 1045/1326/378 1044/1262/297 1046/1328/357
f 1050/1325/353 1047/1260/293 1048/1327/762
f 1048/1327/356 1046/1328/357 1049/1267/300
f 1053/1317/349 1050/1325/353 1051/1329/763
f 1051/1329/359 1049/1267/300 1052/1265/298
f 1056/1318/347 1053/1317/349 1054/1330/360
f 1057/1331/363 1054/1330/361 1052/1265/298
f 1059/1322/350 1056/1318/347 1057/1331/362
f 1060/1332/365 1057/1331/363 1055/1257/290
f 1059/1322/350 1060/1332/364 1063/1333/366
f 1063/1333/367 1060/1332/365 1058/1254/288
f 1065/1320/343 1062/2094/351 1063/1334/366
f 1063/1334/367 1061/2093/289 1064/1243/286
f 1065/1320/343 1066/1335/368 1069/1336/370
f 1066/1335/369 1064/1243/286 1067/1245/279
f 1068/1314/751 1069/1336/370 1072/1337/372
f 1072/1337/373 1069/1336/371 1067/1245/279
f 1071/1324/352 1072/1337/372 1075/1338/374
f 1075/1338/375 1072/1337/373 1070/1271/304
f 1074/1321/348 1075/1338/374 1078/1339/759
f 1075/1338/375 1073/1272/305 1076/1269/295
f 1077/1315/345 1078/1339/759 1045/1326/354
f 1078/1339/377 1076/1269/295 1044/1262/297
f 1046/1328/357 1044/1262/297 1033/1264/296
f 998/1282/244 1082/1349/244 1083/1340/259
f 1005/1283/257 1089/1350/257 1090/1341/274
f 995/1276/253 1079/1345/253 1080/1342/252
f 1002/1285/254 1086/1351/254 1087/1343/264
f 999/1274/259 1083/1340/259 1084/1344/266
f 1006/1286/274 1090/1341/274 1079/1345/253
f 996/1287/252 1080/1342/252 1081/1346/245
f 1003/1288/264 1087/1343/264 1088/1347/249
f 1000/1275/266 1084/1344/266 1085/1348/265
f 997/1278/245 1081/1346/245 1082/1349/244
f 1004/1280/249 1088/1347/249 1089/1350/257
f 1001/1284/265 1085/2095/265 1086/1351/254
f 1092/1352/223 1094/1355/226 1148/1353/764
f 1094/1355/226 1096/1357/228 1146/1356/227
f 1096/1357/228 1098/1359/230 1144/1358/229
f 1098/1359/230 1100/1361/232 1142/1360/760
f 1100/1361/232 1102/1363/234 1140/1362/233
f 1102/1363/234 1104/1465/236 1138/1364/235
f 1104/1365/236 1106/1368/238 1136/1366/237
f 1106/1368/238 1108/1370/240 1134/1369/747
f 1108/1370/240 1110/1372/242 1132/1371/241
f 1110/1372/242 1112/1376/246 1130/1373/243
f 1124/1374/245 1146/1356/227 1144/1358/229
f 1112/1376/246 1114/1378/248 1128/1377/748
f 1114/1378/248 1092/1352/223 1149/1354/225
f 1131/1379/251 1120/1413/249 1116/1380/257
f 1148/1353/764 1146/1356/227 1124/1374/245
f 1149/1354/225 1148/1353/764 1123/1382/252
f 1117/1384/254 1119/1393/264 1133/1385/765
f 1116/1380/257 1118/1403/274 1127/1387/766
f 1121/1388/259 1126/1394/266 1139/1389/260
f 1124/1374/245 1125/1375/244 1143/1391/262
f 1119/1393/264 1120/1413/249 1131/1379/251
f 1126/1394/266 1140/1362/233 1138/1364/235
f 1150/1396/268 1122/1383/253 1123/1382/252
f 1142/1360/760 1140/1362/233 1126/1394/266
f 1144/1358/229 1142/1360/760 1121/1388/259
f 1131/1379/251 1129/1381/250 1111/1398/269
f 1126/1394/266 1115/1395/265 1137/1400/271
f 1123/1382/252 1124/1374/245 1145/1392/263
f 1145/1392/263 1143/1391/262 1097/1401/272
f 1118/1403/274 1122/1383/253 1150/1396/268
f 1125/1375/244 1121/1388/259 1141/1390/261
f 1143/1391/262 1141/1390/261 1099/1404/275
f 1150/1396/268 1147/1397/767 1093/1405/276
f 1137/1407/271 1115/1416/265 1117/1384/254
f 1141/1390/261 1139/1389/260 1101/1408/278
f 1220/1409/286 1198/1420/280 1194/1410/281
f 1147/1397/767 1145/1392/263 1095/1402/273
f 1127/1387/766 1150/1396/268 1091/1406/277
f 1134/1369/747 1132/1371/241 1120/1413/249
f 1137/1407/271 1135/1386/256 1105/1414/283
f 1138/1367/235 1136/1366/237 1117/1384/254
f 1130/1373/243 1128/1377/748 1118/1403/274
f 1133/1385/765 1131/1379/251 1109/1399/270
f 1136/1366/237 1134/1369/747 1119/1393/264
f 1129/1381/250 1127/1387/766 1113/1412/282
f 1132/1371/241 1130/1373/243 1116/1380/257
f 1135/1386/256 1133/1385/765 1107/1417/285
f 1118/1403/274 1128/1377/748 1149/1354/225
f 1139/1389/260 1137/1400/271 1103/1418/284
f 1220/1409/286 1217/2096/289 1195/1419/287
f 1214/1421/288 1187/1425/291 1195/1422/287
f 1211/1424/290 1188/1433/299 1187/1425/291
f 1185/1426/292 1199/1481/346 1203/1427/293
f 1200/1429/297 1232/1437/295 1190/1430/303
f 1211/1424/290 1208/1435/298 1196/1432/301
f 1205/1434/300 1191/1445/312 1196/1432/301
f 1229/1436/305 1197/1439/302 1190/1430/303
f 1229/1436/305 1226/1440/304 1193/1438/306
f 1226/1440/304 1223/1411/279 1194/1410/281
f 1188/1433/299 1155/1451/307 1156/1441/308
f 1190/1430/303 1162/1452/318 1151/1442/309
f 1192/1443/310 1152/1453/319 1153/1444/311
f 1194/1410/281 1159/1454/320 1160/1446/313
f 1195/1422/287 1187/1425/291 1156/1441/308
f 1191/1445/312 1153/1444/311 1154/1448/315
f 1197/1439/302 1193/1438/306 1160/1446/313
f 1195/1419/287 1157/1516/314 1158/1450/317
f 1188/1433/299 1196/1432/301 1154/1448/315
f 1190/1430/303 1197/1439/302 1161/1449/316
f 1192/1443/310 1189/1431/296 1151/1442/309
f 1194/1410/281 1198/1420/280 1158/1450/317
f 1106/1368/238 1163/1467/332 1174/1455/321
f 1108/1370/240 1174/1455/321 1173/1456/322
f 1110/1372/242 1173/1456/322 1172/1457/323
f 1094/1355/226 1170/1462/327 1171/1458/324
f 1112/1376/246 1172/1457/323 1169/1459/325
f 1098/1359/230 1096/1357/228 1171/1458/324
f 1094/1355/226 1092/1352/223 1168/1461/328
f 1114/1378/248 1169/1459/325 1168/1461/328
f 1100/1361/232 1098/1359/230 1167/1460/326
f 1100/1361/232 1166/1463/329 1165/1464/330
f 1104/1465/236 1102/1363/234 1165/1464/330
f 1104/1365/236 1164/1478/331 1163/1467/332
f 1174/1455/321 1163/1467/332 1184/1468/333
f 1174/1455/321 1183/1469/334 1182/1470/335
f 1172/1457/323 1173/1456/322 1182/1470/335
f 1170/1462/327 1186/1428/294 1180/1472/337
f 1169/1459/325 1172/1457/323 1181/1471/336
f 1171/1458/324 1180/1472/337 1178/1474/339
f 1170/1462/327 1168/1461/328 1185/1426/292
f 1169/1459/325 1179/1473/338 1185/1426/292
f 1166/1463/329 1167/1460/326 1178/1474/339
f 1166/1463/329 1177/1475/340 1176/1476/341
f 1164/1466/331 1165/1464/330 1176/1476/341
f 1164/1478/331 1175/1484/342 1184/1468/333
f 1184/1468/333 1221/1485/769 1224/1479/751
f 1185/1426/292 1179/1473/338 1233/1480/768
f 1181/1471/336 1230/1486/348 1233/1480/768
f 1177/1475/340 1178/1474/339 1209/1482/349
f 1175/1484/342 1218/2097/351 1221/1485/769
f 1182/1470/335 1227/1489/352 1230/1486/348
f 1180/1472/337 1206/1490/753 1209/1482/349
f 1175/1477/342 1176/1476/341 1215/1487/770
f 1183/1469/334 1224/1479/751 1227/1489/352
f 1186/1428/294 1203/1427/293 1206/1490/753
f 1205/1434/300 1202/1493/357 1192/1443/310
f 1176/1476/341 1177/1475/340 1212/1483/347
f 1203/1427/293 1199/1481/346 1201/1491/754
f 1201/1491/378 1200/1429/297 1202/1493/357
f 1203/1427/293 1204/1492/762 1207/1494/358
f 1207/1494/359 1204/1492/356 1202/1493/357
f 1206/1490/753 1207/1494/358 1210/1495/360
f 1210/1495/361 1207/1494/359 1205/1434/300
f 1209/1482/349 1210/1495/360 1213/1496/362
f 1213/1496/363 1210/1495/361 1208/1435/298
f 1212/1483/347 1213/1496/362 1216/1497/757
f 1213/1496/363 1211/1424/290 1214/1421/288
f 1215/1487/770 1216/1497/757 1219/1498/366
f 1219/1498/367 1216/1497/365 1214/1421/288
f 1221/1485/769 1218/2097/351 1219/1499/366
f 1219/1499/367 1217/2096/289 1220/1409/286
f 1224/1479/751 1221/1485/769 1222/1500/758
f 1225/1501/371 1222/1500/369 1220/1409/286
f 1227/1489/352 1224/1479/751 1225/1501/370
f 1228/1502/373 1225/1501/371 1223/1411/279
f 1227/1489/352 1228/1502/771 1231/1503/374
f 1231/1503/375 1228/1502/373 1226/1440/304
f 1230/1486/348 1231/1503/374 1234/1504/759
f 1234/1504/377 1231/1503/375 1229/1436/305
f 1233/1480/768 1234/1504/759 1201/1491/754
f 1201/1491/378 1234/1504/377 1232/1437/295
f 1202/1493/357 1200/1429/297 1189/1431/296
f 1154/1448/244 1238/1514/244 1239/1505/259
f 1161/1449/257 1245/1515/257 1246/1506/274
f 1151/1442/253 1235/1510/253 1236/1507/252
f 1158/1450/254 1242/1517/254 1243/1508/264
f 1155/1451/259 1239/1505/259 1240/1509/266
f 1162/1452/274 1246/1506/274 1235/1510/253
f 1152/1453/252 1236/1507/252 1237/1511/245
f 1159/1454/264 1243/1508/264 1244/1512/249
f 1156/1441/266 1240/1509/266 1241/1513/265
f 1153/1444/245 1237/1511/245 1238/1514/244
f 1160/1446/249 1244/1512/249 1245/1515/257
f 1157/1516/265 1241/2098/265 1242/1517/254
f 89/186/772 1266/1541/794 1265/198/193
f 87/1518/774 88/144/146 1261/146/148
f 72/172/154 87/1518/774 1260/1519/775
f 121/204/777 1263/2099/779 1262/145/147
f 120/1521/192 1264/2100/194 1263/1522/779
f 71/183/156 1258/2101/155 1267/1523/780
f 44/109/85 1257/1535/84 1248/1525/782
f 15/36/33 1252/35/32 1253/1526/784
f 17/33/786 43/32/783 1248/1525/782
f 1/76/39 18/78/790 1249/1528/788
f 18/78/790 17/33/786 1254/1527/787
f 16/66/785 1253/1526/784 1255/97/86
f 1267/1538/780 1258/2102/155 1259/1520/776
f 1259/1520/776 1260/1519/775 1267/1538/780
f 1260/1519/775 1261/146/148 1263/2099/1051
f 1267/1538/780 1260/1519/775 1263/2099/1051
f 1261/146/148 1262/145/1052 1263/2099/1051
f 1263/2099/1051 1264/1539/793 1267/1538/780
f 1264/1539/793 1265/2103/1053 1266/1540/794
f 90/1524/781 1267/1523/780 1266/1541/794
f 1271/1542/795 1270/1546/795 1268/1543/796
f 1271/1542/795 1273/1548/797 1272/1545/797
f 1275/1547/798 1274/1550/798 1272/1545/797
f 1275/1547/798 1277/1552/799 1276/1549/799
f 1279/1551/800 1278/1554/800 1276/1549/799
f 1279/1551/800 1281/1556/801 1280/1553/801
f 1283/1555/802 1282/1558/802 1280/1553/801
f 1283/1555/802 1285/1560/803 1284/1557/803
f 1287/1559/804 1286/1562/804 1284/1557/803
f 1289/1561/805 1288/1564/805 1286/1562/804
f 1289/1561/805 1291/1566/806 1290/1563/806
f 1293/1565/807 1292/1568/807 1290/1563/806
f 1295/1567/808 1294/1570/808 1292/1568/807
f 1295/1567/808 1297/1572/809 1296/1569/809
f 1299/1571/810 1298/1574/810 1296/1569/809
f 1301/1573/811 1300/1576/811 1298/1574/810
f 1303/1575/812 1302/1578/812 1300/1576/811
f 1305/1577/813 1304/1580/813 1302/1578/812
f 1305/1577/813 1307/1582/814 1306/1579/814
f 1309/1581/815 1308/1584/815 1306/1579/814
f 1311/1583/816 1310/1586/816 1308/1584/815
f 1313/1585/817 1312/1588/817 1310/1586/816
f 1315/1587/818 1314/1590/818 1312/1588/817
f 1317/1589/819 1316/1592/819 1314/1590/818
f 1319/1591/820 1318/1594/820 1316/1592/819
f 1321/1593/821 1320/1596/821 1318/1594/820
f 1323/1595/822 1322/1598/822 1320/1596/821
f 1325/1597/823 1324/1600/823 1322/1598/822
f 1327/1599/824 1326/1602/824 1324/1600/823
f 1329/1601/825 1328/1604/825 1326/1602/824
f 1331/1603/826 1330/1606/828 1328/1604/825
f 1333/1605/827 1332/1608/827 1330/1606/828
f 1335/1607/829 1334/1610/829 1332/1608/827
f 1337/1609/830 1336/1612/830 1334/1610/829
f 1339/1611/831 1338/1751/831 1336/1612/830
f 1340/1613/832 1342/1616/834 1343/1614/833
f 1342/1616/834 1344/1618/835 1345/1617/835
f 1344/1618/835 1346/2104/836 1347/1619/836
f 1347/1619/836 1346/2104/836 1348/1620/837
f 1348/1620/837 1350/2105/838 1351/1622/838
f 1351/1622/838 1350/2105/838 1352/1623/839
f 1352/1623/839 1354/2106/840 1355/1625/840
f 1355/1625/840 1354/2106/840 1356/1626/841
f 1356/1626/841 1358/1629/842 1359/1628/842
f 1358/1629/842 1360/1631/843 1361/1630/843
f 1360/1631/843 1362/1633/844 1363/1632/844
f 1362/1633/844 1364/1635/845 1365/1634/845
f 1364/1635/845 1366/2107/846 1367/1636/846
f 1367/1636/846 1366/2107/846 1368/1637/847
f 1368/1637/847 1370/1640/848 1371/1639/848
f 1370/1640/848 1372/1642/849 1373/1641/849
f 1372/1642/849 1374/1644/850 1375/1643/850
f 1374/1644/850 1376/1646/851 1377/1645/851
f 1376/1646/851 1378/1648/852 1379/1647/852
f 1378/1648/852 1380/1650/853 1381/1649/853
f 1380/1650/853 1382/1652/854 1383/1651/854
f 1382/1652/854 1384/1654/855 1385/1653/855
f 1384/1654/855 1386/1656/856 1387/1655/856
f 1386/1656/856 1388/1658/857 1389/1657/857
f 1388/1658/857 1390/1660/858 1391/1659/858
f 1390/1660/858 1392/1662/859 1393/1661/859
f 1392/1662/859 1394/1664/860 1395/1663/860
f 1394/1664/860 1396/1666/861 1397/1665/861
f 1396/1666/861 1398/1668/862 1399/1667/862
f 1398/1668/862 1400/1670/863 1401/1669/863
f 1400/1670/863 1402/1672/864 1403/1671/864
f 1402/1672/864 1404/1674/865 1405/1673/865
f 1404/1674/865 1406/1676/866 1407/1675/866
f 1406/1676/866 1408/1678/867 1409/1677/867
f 1408/1678/867 1410/2108/868 1411/1679/868
f 1268/1543/869 1340/2109/869 1341/1680/869
f 1269/1544/244 1341/2110/244 1343/1681/244
f 1268/1543/249 1270/1546/249 1342/1682/249
f 1271/1542/244 1343/1681/244 1345/1684/244
f 1270/1546/249 1272/1545/249 1344/1685/249
f 1273/1548/244 1345/1684/244 1347/1686/244
f 1272/1545/249 1274/1550/249 1346/1687/249
f 1275/1547/244 1347/1686/244 1349/1688/244
f 1274/1550/249 1276/1549/249 1348/1689/249
f 1277/1552/244 1349/1688/244 1351/1690/244
f 1276/1549/249 1278/1554/249 1350/1691/249
f 1279/1551/244 1351/1690/244 1353/1692/244
f 1278/1554/249 1280/1553/249 1352/1693/249
f 1281/1556/244 1353/1692/244 1355/1694/244
f 1280/1553/249 1282/1558/249 1354/1695/249
f 1283/1555/244 1355/1694/244 1357/1696/244
f 1282/1558/249 1284/1557/249 1356/1697/249
f 1285/1560/244 1357/1696/244 1359/1698/244
f 1284/1557/249 1286/1562/249 1358/1699/249
f 1287/1559/244 1359/1698/244 1361/1700/244
f 1286/1562/249 1288/1564/249 1360/1701/249
f 1289/1561/244 1361/1700/244 1363/1702/244
f 1288/1564/249 1290/1563/249 1362/1703/249
f 1291/1566/244 1363/1702/244 1365/1704/244
f 1290/1563/249 1292/1568/249 1364/1705/249
f 1293/1565/244 1365/1704/244 1367/1706/244
f 1292/1568/249 1294/1570/249 1366/1707/249
f 1295/1567/244 1367/1706/244 1369/1708/244
f 1294/1570/249 1296/1569/249 1368/1709/249
f 1297/1572/244 1369/1708/244 1371/1710/244
f 1296/1569/249 1298/1574/249 1370/1711/249
f 1299/1571/244 1371/1710/244 1373/1712/244
f 1298/1574/249 1300/1576/249 1372/1713/249
f 1301/1573/244 1373/1712/244 1375/1714/244
f 1300/1576/249 1302/1578/249 1374/1715/249
f 1303/1575/244 1375/1714/244 1377/1716/244
f 1302/1578/249 1304/1580/249 1376/1717/249
f 1305/1577/244 1377/1716/244 1379/1718/244
f 1304/1580/249 1306/1579/249 1378/1719/249
f 1307/1582/244 1379/1718/244 1381/1720/244
f 1306/1579/249 1308/1584/249 1380/1721/249
f 1309/1581/244 1381/1720/244 1383/1722/244
f 1308/1584/249 1310/1586/249 1382/1723/249
f 1311/1583/244 1383/1722/244 1385/1724/244
f 1310/1586/249 1312/1588/249 1384/1725/249
f 1313/1585/244 1385/1724/244 1387/1726/244
f 1312/1588/249 1314/1590/249 1386/1727/249
f 1315/1587/244 1387/1726/244 1389/1728/244
f 1314/1590/249 1316/1592/249 1388/1729/249
f 1317/1589/244 1389/1728/244 1391/1730/244
f 1316/1592/249 1318/1594/249 1390/1731/249
f 1319/1591/244 1391/1730/244 1393/1732/244
f 1318/1594/249 1320/1596/249 1392/1733/249
f 1321/1593/244 1393/1732/244 1395/1734/244
f 1320/1596/249 1322/1598/249 1394/1735/249
f 1323/1595/244 1395/1734/244 1397/1736/244
f 1322/1598/249 1324/1600/249 1396/1737/249
f 1325/1597/244 1397/1736/244 1399/1738/244
f 1324/1600/249 1326/1602/249 1398/1739/249
f 1329/1601/244 1327/1599/244 1399/1738/244
f 1328/1604/249 1400/1742/249 1398/1739/249
f 1331/1603/244 1329/1601/244 1401/1740/244
f 1330/1606/249 1402/1744/249 1400/1742/249
f 1333/1605/244 1331/1603/244 1403/1741/244
f 1332/1608/249 1404/1746/249 1402/1744/249
f 1335/1607/244 1333/1605/244 1405/1743/244
f 1334/1610/249 1406/1748/249 1404/1746/249
f 1337/1609/244 1335/1607/244 1407/1745/244
f 1336/1612/249 1408/1752/249 1406/1748/249
f 1339/1611/244 1337/1609/244 1409/1747/244
f 1339/1611/870 1411/2111/870 1410/1750/870
f 1338/1751/249 1410/2112/249 1408/1752/249
s 0
f 1412/1753/249 1413/2113/249 1417/1754/249
f 1413/1756/253 1415/2114/253 1418/1757/253
f 1415/1759/244 1414/2115/244 1419/1760/244
f 1414/1762/265 1412/2116/265 1416/1763/265
f 1413/1765/59 1412/2117/59 1414/1766/59
f 1417/1758/871 1418/1757/871 1428/1768/871
f 1429/1770/244 1431/2118/244 1423/1771/244
f 1427/1773/253 1429/2119/253 1422/1772/253
f 1431/1775/265 1424/2120/265 1420/1776/265
f 1419/1764/872 1416/1763/872 1425/1777/872
f 1418/1761/873 1419/1760/873 1430/1779/873
f 1421/1774/7 1422/1772/7 1423/1771/7
f 1424/1781/249 1427/2121/249 1421/1774/249
f 1426/1782/874 1427/2121/874 1424/1781/874
f 1428/1768/875 1429/2119/875 1427/1773/875
f 1430/1779/876 1431/2118/876 1429/1770/876
f 1425/1777/877 1424/2120/877 1431/1775/877
f 1425/1783/1054 1416/1755/1054 1417/1754/1054
s 1
f 1472/812/593 1473/749/544 1478/746/541
f 1471/763/558 1466/765/560 1467/803/587
f 1465/804/588 1460/809/590 1461/753/548
f 1475/776/568 1471/763/558 1470/817/597
f 1459/793/577 1454/792/576 1455/1785/880
f 1459/793/577 1458/814/594 1462/808/589
f 1469/802/586 1465/804/588 1464/1784/879
f 1450/828/607 1451/825/604 1455/1785/880
f 1448/826/605 1449/758/553 1452/1786/881
f 1440/798/582 1441/1787/882 1444/760/555
f 1436/797/581 1437/766/561 1441/1787/882
f 1436/797/581 1432/820/599 1433/1788/883
f 1432/820/599 1479/819/591 1478/830/541
f 1445/832/609 1444/760/555 1449/758/553
f 1457/815/595 1453/824/603 1452/1786/881
f 1469/802/586 1468/751/546 1473/749/544
f 1466/765/560 1463/794/578 1462/808/589
f 1460/809/590 1457/815/595 1456/756/551
f 1475/776/568 1474/811/592 1476/1789/884
f 1435/769/564 1477/835/570 1476/1790/884
f 1442/822/601 1443/796/580 1446/1791/885
f 1450/828/607 1447/823/602 1446/1791/885
f 1438/770/565 1439/833/610 1443/796/580
f 1435/769/564 1434/818/598 1439/833/610
f 617/767/562 1437/766/561 1433/1788/883
s 0
f 1492/1792/244 1489/2122/244 1483/1793/244
f 1481/1795/886 1511/2123/886 1516/1796/886
f 1514/1798/887 1512/1806/887 1482/1799/887
f 1482/1794/888 1483/1793/888 1485/1801/888
f 1485/1803/889 1483/1841/889 1513/1804/889
f 1512/1806/253 1522/1837/253 1492/1807/253
f 1486/1808/890 1484/1802/890 1485/1801/890
f 1481/1810/891 1486/1808/891 1487/1809/891
f 1487/1812/892 1485/1803/892 1515/1805/892
f 1491/1814/893 1488/2124/893 1490/1815/893
f 1490/1815/894 1489/2122/894 1492/1792/894
f 1495/1817/1055 1497/2125/1055 1496/1818/1055
f 1496/1818/913 1497/2125/913 1501/1820/913
f 1500/1821/897 1501/1820/897 1499/1822/897
f 1499/1822/898 1495/2126/898 1494/1824/898
f 1504/1825/1055 1505/1829/1055 1503/1826/1055
f 1504/1825/1056 1508/1830/1056 1509/1828/1056
f 1508/1830/897 1506/1833/897 1507/1831/897
f 1502/1832/901 1503/2127/901 1507/1831/901
f 1520/1834/902 1490/1877/902 1488/1835/902
f 1522/1837/903 1523/1839/903 1493/1838/903
f 1523/1839/904 1521/2128/904 1491/1840/904
f 1516/1796/905 1514/1798/905 1484/1800/905
f 1483/1841/265 1489/2129/265 1519/1842/265
f 1480/1843/906 1487/1812/906 1517/1813/906
f 1510/1845/7 1511/2130/7 1481/1846/7
f 1513/1848/249 1519/2131/249 1522/1849/249
f 1515/1851/907 1513/1848/907 1512/1850/907
f 1516/1853/908 1517/1855/908 1515/1851/908
f 1511/1854/909 1510/2132/909 1517/1855/909
f 1521/1856/910 1523/1859/910 1520/1857/910
f 1522/1849/911 1519/2131/911 1520/1857/911
f 1526/1860/1057 1527/1864/1057 1525/1861/1057
f 1526/1860/1058 1530/1865/1058 1531/1863/1058
f 1530/1865/914 1528/1868/914 1529/1866/914
f 1524/1867/898 1525/2133/898 1529/1866/898
f 1533/1869/1057 1535/2134/1057 1534/1870/1057
f 1534/1870/900 1535/2134/900 1539/1872/900
f 1538/1873/914 1539/1872/914 1537/1874/914
f 1537/1874/901 1533/2135/901 1532/1876/901
f 1519/1842/917 1489/2129/917 1490/1877/917
f 1488/1878/59 1491/2136/59 1521/1879/59
s 1
f 1633/1881/918 1545/2027/944 1541/1882/919
f 1561/1884/921 1569/1887/924 1565/1885/922
f 1569/1887/924 1577/1889/926 1573/1888/925
f 1577/1889/926 1585/1891/928 1581/1890/927
f 1585/1891/928 1593/1893/930 1589/1892/929
f 1593/1893/930 1601/1895/932 1597/1894/931
f 1601/1895/932 1609/1897/934 1605/1896/933
f 1609/1897/934 1617/1899/936 1613/1898/935
f 1617/1899/936 1625/1901/938 1621/1900/937
f 1625/1901/938 1633/1881/918 1629/1883/920
f 1553/1902/939 1561/1884/921 1557/1886/923
f 1560/1906/943 1552/1920/956 1544/1919/955
f 1544/1919/955 1632/2021/1034 1560/1906/943
f 1632/2021/1034 1624/1904/941 1560/1906/943
f 1624/1904/941 1616/2001/1018 1608/1991/1010
f 1608/1991/1010 1600/1980/1002 1624/1904/941
f 1600/1980/1002 1592/1905/942 1624/1904/941
f 1592/1905/942 1584/1961/988 1560/1906/943
f 1584/1961/988 1576/1949/978 1560/1906/943
f 1576/1949/978 1568/1940/971 1560/1906/943
f 1545/1907/944 1553/1902/939 1549/1903/940
f 1549/1903/940 1551/2137/957 1543/1909/945
f 1543/1909/945 1551/2137/957 1550/1910/946
f 1550/1912/948 1548/1925/960 1540/1913/949
f 1553/1902/939 1545/1907/944 1547/1915/951
f 1547/1915/951 1546/2138/1036 1554/1917/953
f 1554/1918/954 1546/2030/1037 1544/1919/955
f 1557/1886/923 1559/1922/958 1551/1921/957
f 1559/1922/958 1558/2139/965 1550/1923/946
f 1558/1924/959 1556/1935/967 1548/1925/960
f 1561/1884/921 1553/1902/939 1555/1926/952
f 1563/1927/961 1555/1926/952 1554/1928/953
f 1562/1930/963 1554/1918/954 1552/1920/956
f 1565/1885/922 1567/2140/973 1559/1931/958
f 1559/1931/958 1567/2140/973 1566/1932/964
f 1566/1934/966 1564/1945/975 1556/1935/967
f 1569/1887/924 1561/1884/921 1563/1936/961
f 1563/1936/961 1562/2141/962 1570/1938/969
f 1570/1939/970 1562/1930/963 1560/1906/943
f 1565/1885/922 1573/1888/925 1575/1941/972
f 1575/1941/972 1574/2142/982 1566/1943/964
f 1566/1934/966 1574/1956/984 1572/1944/974
f 1569/1887/924 1571/2143/968 1579/1946/976
f 1579/1946/976 1571/2143/968 1570/1947/969
f 1570/1939/970 1568/1940/971 1576/1949/978
f 1573/1888/925 1581/1890/927 1583/1951/980
f 1575/1952/972 1583/1951/980 1582/1953/981
f 1582/1955/983 1580/1966/991 1572/1944/974
f 1577/1889/926 1579/1958/976 1587/1957/985
f 1579/1958/976 1578/2144/977 1586/1959/986
f 1586/1960/987 1578/1950/979 1576/1949/978
f 1581/1890/927 1589/1892/929 1591/1962/989
f 1591/1962/989 1590/2145/996 1582/1964/981
f 1590/1965/990 1588/1975/998 1580/1966/991
f 1585/1891/928 1587/2146/985 1595/1967/992
f 1595/1967/992 1587/2146/985 1586/1968/986
f 1594/1970/994 1586/1960/987 1584/1961/988
f 1597/1894/931 1599/2147/1003 1591/1971/989
f 1591/1971/989 1599/2147/1003 1598/1972/995
f 1598/1974/997 1596/1985/1006 1588/1975/998
f 1601/1895/932 1593/1893/930 1595/1976/992
f 1595/1976/992 1594/2148/993 1602/1978/1000
f 1602/1979/1001 1594/1970/994 1592/1905/942
f 1605/1896/933 1607/1982/1004 1599/1981/1003
f 1607/1982/1004 1606/2149/1012 1598/1983/995
f 1606/1984/1005 1604/1996/1014 1596/1985/1006
f 1609/1897/934 1601/1895/932 1603/1986/999
f 1611/1987/1007 1603/1986/999 1602/1988/1000
f 1610/1990/1009 1602/1979/1001 1600/1980/1002
f 1613/1898/935 1615/2150/1020 1607/1992/1004
f 1607/1992/1004 1615/2150/1020 1614/1993/1011
f 1614/1995/1013 1612/2006/1022 1604/1996/1014
f 1617/1899/936 1609/1897/934 1611/1997/1007
f 1611/1997/1007 1610/2151/1008 1618/1999/1016
f 1618/2000/1017 1610/1990/1009 1608/1991/1010
f 1613/1898/935 1621/1900/937 1623/2002/1019
f 1623/2002/1019 1622/2152/1028 1614/2004/1011
f 1614/1995/1013 1622/2015/1029 1620/2005/1021
f 1617/1899/936 1619/2153/1015 1627/2007/1023
f 1627/2007/1023 1619/2153/1015 1618/2008/1016
f 1618/2000/1017 1616/2001/1018 1624/1904/941
f 1621/1900/937 1629/1883/920 1631/2011/1026
f 1623/2012/1019 1631/2011/1026 1630/2013/1027
f 1622/2015/1029 1630/2025/1035 1628/2016/1030
f 1625/1901/938 1627/2018/1023 1635/2017/1031
f 1627/2018/1023 1626/2154/1024 1634/2019/1032
f 1634/2020/1033 1626/2010/1025 1624/1904/941
f 1629/1883/920 1541/1882/919 1543/2022/945
f 1543/2022/945 1542/2155/947 1630/2024/1027
f 1630/2025/1035 1542/1914/950 1540/1913/949
f 1633/1881/918 1635/2156/1031 1547/2026/951
f 1547/2026/951 1635/2156/1031 1634/2028/1032
f 1546/2030/1037 1634/2020/1033 1632/2021/1034
f 1628/2016/1030 1540/1913/949 1548/1925/960
f 1548/1925/960 1556/1935/967 1628/2016/1030
f 1556/1935/967 1564/1945/975 1628/2016/1030
f 1564/1945/975 1572/1944/974 1580/1966/991
f 1580/1966/991 1588/1975/998 1596/1985/1006
f 1596/1985/1006 1604/1996/1014 1612/2006/1022
f 1612/2006/1022 1620/2005/1021 1628/2016/1030
f 1564/1945/975 1580/1966/991 1628/2016/1030
f 1580/1966/991 1596/1985/1006 1628/2016/1030
