# Blender 3.4.1
# www.blender.org
mtllib Queen Statue A.mtl
o QStatuesA
v -0.325743 2.669309 0.382704
v -0.303220 2.708933 0.350795
v -0.312277 2.797010 0.274569
v -0.286984 2.717885 0.308220
v 0.225673 3.558046 -0.785258
v 0.235843 3.548831 -0.791903
v 0.195443 3.593647 -0.930470
v 0.315546 3.491437 -0.636004
v 0.074256 3.535285 -0.845649
v 0.335885 3.473005 -0.649293
v 0.561081 3.640609 -0.651654
v -0.016670 3.399548 -0.756579
v 0.325981 3.448427 -0.629375
v 0.304302 3.463910 -0.613173
v -0.016672 3.418256 -0.731410
v -0.016683 3.445914 -0.756785
v 0.074261 3.524473 -0.856540
v 0.191699 3.597633 -0.927784
v -0.016673 3.424290 -0.778568
v 0.441443 3.583544 -0.345943
v -0.580693 3.687570 -0.679850
v -0.495865 3.645534 -0.360144
v -0.349210 3.502349 -0.642256
v -0.477208 3.605859 -0.342784
v -0.347894 3.726761 -0.078489
v -0.361616 3.774051 -0.084737
v -0.013628 3.776809 0.034241
v -0.011867 3.824975 0.034601
v 0.313689 3.707897 -0.078782
v 0.327564 3.749102 -0.089740
v 0.458755 3.615263 -0.367578
v 0.556300 3.644778 -0.651459
v 0.615189 3.880891 -0.389537
v 0.279254 4.084499 0.104837
v 0.487948 3.603066 -0.361726
v 0.623470 3.877885 -0.386868
v 0.349268 3.746573 -0.065212
v 0.284861 4.082690 0.121670
v -0.011277 3.826367 0.069581
v -0.220619 4.204394 0.122265
v -0.216093 4.207141 0.110049
v -0.383201 3.770161 -0.060527
v -0.664408 3.966363 -0.250017
v -0.655444 3.972124 -0.255289
v -0.524984 3.632736 -0.354799
v -0.585444 3.683199 -0.679870
v -0.369435 3.482264 -0.654911
v -0.184977 3.508235 -0.967812
v -0.186582 3.515822 -0.964478
v -0.016683 3.445914 -0.756785
v -0.337775 3.470428 -0.617115
v -0.508070 3.596659 -0.339096
v -0.016673 3.424290 -0.778568
v -0.359391 3.453518 -0.632612
v -0.016672 3.418256 -0.731410
v -0.016670 3.399548 -0.756579
v -0.370575 3.726772 -0.054909
v -0.013081 3.781915 0.068441
v 0.336496 3.708590 -0.055328
v 0.472336 3.574417 -0.341971
v -0.099776 1.160843 -0.254383
v -0.085653 1.279068 -0.274013
v -0.055341 1.275885 -0.199106
v -0.077489 1.153878 -0.152090
v -0.178762 1.158935 -0.267793
v -0.139269 1.159889 -0.278435
v -0.144204 1.043759 -0.233649
v -0.132237 1.275940 -0.299537
v -0.094934 1.396917 -0.313807
v -0.032112 1.395388 -0.259136
v 0.062570 1.400220 -0.161077
v -0.139081 1.409468 -0.337578
v -0.178821 1.272812 -0.290367
v -0.213846 1.260026 -0.243540
v -0.210181 1.156117 -0.223201
v -0.183229 1.422019 -0.326654
v -0.216164 1.389630 -0.272320
v -0.306662 1.275871 -0.293897
v -0.288244 1.123244 -0.232734
v -0.206517 1.052208 -0.190036
v -0.178702 1.045058 -0.232394
v -0.340501 1.131479 -0.243484
v -0.068513 1.034817 -0.158615
v -0.113899 1.042618 -0.234752
v -0.153931 0.970526 -0.234721
v -0.197389 0.981773 -0.232380
v -0.256864 1.029815 -0.199235
v -0.277594 1.020077 -0.254163
v -0.221543 0.940989 -0.259148
v -0.312775 0.996872 -0.236572
v -0.256137 0.910346 -0.230275
v -0.326749 0.833103 -0.160696
v -0.146565 0.832866 -0.240480
v -0.097045 0.891402 -0.262346
v -0.117018 0.960972 -0.236710
v -0.078280 0.949515 -0.187236
v -0.400745 0.956705 -0.152641
v -0.339357 0.833579 -0.128289
v -0.339696 0.835134 0.002742
v -0.033527 0.837390 0.248814
v 0.278476 0.834374 0.253969
v 0.150532 1.185715 0.324757
v -0.024271 1.170693 0.334929
v -0.199216 1.155062 0.324969
v -0.336760 0.833024 0.248027
v -0.452666 1.118830 0.306375
v -0.423165 1.002290 -0.019208
v -0.430036 1.017382 -0.177326
v 0.098604 1.437074 0.366030
v 0.188176 1.522982 0.366357
v 0.413704 1.447681 0.300757
v 0.407938 1.188661 0.315314
v 0.435439 1.261093 0.144834
v 0.430478 1.149879 0.112432
v 0.363599 1.228903 -0.004410
v 0.414958 1.422780 0.197687
v 0.421562 1.316207 0.012487
v 0.328979 1.322493 -0.086935
v 0.281238 1.230161 -0.097728
v 0.341416 1.140885 -0.024535
v 0.393326 1.050043 0.086609
v 0.437361 1.406853 0.009446
v 0.236353 1.121597 -0.086627
v 0.326214 1.052899 -0.047389
v 0.338163 0.943548 0.046171
v 0.255446 0.832540 -0.020579
v 0.251946 0.834461 -0.078708
v 0.330973 1.008860 -0.084718
v 0.240402 1.049633 -0.109628
v 0.531313 1.793426 0.069116
v 0.605386 1.801263 -0.186329
v 0.347505 1.871105 -0.169520
v 0.540519 1.636669 -0.024467
v 0.488870 1.623254 0.254325
v 0.492459 1.529875 0.133737
v 0.519640 1.497723 -0.114441
v 0.431333 1.393912 -0.078938
v 0.428494 1.428654 -0.142044
v 0.366351 1.383327 -0.126942
v 0.602925 1.654832 -0.198148
v 0.394210 1.435457 -0.248361
v 0.399019 1.413754 -0.218112
v 0.437319 1.421287 -0.159741
v 0.492250 1.445062 -0.163692
v 0.567479 1.496088 -0.211332
v 0.605261 1.685009 -0.322731
v 0.490524 1.751241 -0.327928
v 0.319519 1.793185 -0.327303
v 0.536976 1.497949 -0.326258
v 0.316848 1.864325 -0.165457
v 0.336821 1.879615 0.051412
v 0.259674 1.728756 0.285061
v 0.323351 1.854716 0.040561
v 0.206277 1.859374 0.134980
v 0.238039 1.709427 0.249740
v 0.173238 1.528315 0.332206
v 0.090058 1.455879 0.339917
v -0.031134 1.423649 0.377499
v -0.160969 1.446572 0.366377
v 0.113096 2.185511 0.670971
v 0.097324 2.133736 0.409489
v 0.188863 2.127816 0.377710
v 0.085588 2.099223 0.354035
v 0.201006 2.116666 0.203994
v 0.173903 2.024893 0.189074
v 0.188051 2.080694 0.073096
v 0.243534 1.933847 0.068821
v 0.250462 1.914101 0.027162
v 0.267846 1.868176 0.031064
v 0.248613 1.932775 -0.004123
v 0.093226 1.745799 0.253983
v 0.091075 1.567406 0.306523
v 0.079991 1.960934 0.345453
v -0.034367 1.947828 0.392845
v -0.034352 2.097431 0.383375
v -0.158815 2.088908 0.350439
v -0.168667 2.137731 0.427935
v -0.372572 2.163712 0.189299
v -0.296709 2.074423 0.169301
v -0.292528 2.138028 0.390789
v -0.315270 1.802929 0.236837
v -0.162804 1.745871 0.253860
v -0.301814 1.882739 0.167032
v -0.152517 1.950238 0.362359
v -0.034242 1.724919 0.272465
v -0.685954 1.642532 0.323300
v -0.247352 1.537540 0.376234
v -0.341819 1.848161 0.266162
v -0.226016 1.553454 0.339630
v -0.157834 1.564697 0.310292
v -0.033413 1.564589 0.318506
v -0.032788 1.443915 0.353711
v -0.155200 1.468015 0.340436
v -0.506633 1.169445 -0.028332
v -0.602324 1.403418 -0.037609
v -0.530462 1.209504 -0.327906
v -0.603976 1.378968 -0.385779
v -0.375596 1.396200 -0.360798
v -0.406488 1.526458 -0.385996
v -0.371477 1.515617 -0.321296
v -0.193537 1.544013 -0.295393
v -0.265434 1.483431 -0.290305
v -0.339069 1.395744 -0.310562
v -0.344705 1.265942 -0.329290
v -0.354480 1.103604 -0.269993
v -0.303600 1.092267 -0.259529
v -0.147875 1.512461 -0.367460
v -0.104153 1.509550 -0.377277
v -0.060431 1.506640 -0.352400
v -0.028858 1.493973 -0.299351
v -0.032739 1.593779 -0.383246
v -0.029888 1.669888 -0.380042
v -0.069122 1.630914 -0.374977
v -0.126609 1.644771 -0.366641
v -0.171339 1.636842 -0.285857
v 0.161523 1.767043 -0.371166
v 0.184043 1.657917 -0.380830
v -0.088183 1.755878 -0.374162
v -0.139744 1.720724 -0.359447
v -0.195965 1.690563 -0.284135
v -0.355248 1.682524 -0.314094
v -0.369970 1.691535 -0.340927
v -0.315478 1.717245 -0.293430
v -0.317020 1.748071 -0.363104
v -0.323489 1.784946 -0.379444
v -0.309384 1.851822 -0.345531
v -0.399705 1.709736 -0.395125
v -0.687112 1.887686 0.253015
v -0.713607 1.999313 0.048104
v -0.698014 1.637390 -0.046887
v -0.677489 1.548432 -0.409058
v -0.688059 1.721348 -0.401186
v -0.390212 1.867012 -0.348846
v -0.698629 1.891302 -0.370783
v -0.716164 1.986166 -0.195186
v -0.415632 1.983604 0.048209
v -0.415290 1.965479 -0.176709
v -0.387575 1.959281 0.042215
v -0.345496 1.938634 0.042451
v -0.392857 2.105800 -0.094656
v -0.399999 1.925899 -0.145521
v -0.260374 0.348248 -0.194391
v -0.240596 0.244614 -0.213042
v -0.245842 0.242096 0.213585
v 0.234299 0.593134 -0.080372
v 0.275536 0.835907 -0.072292
v 0.283217 0.838226 0.259561
v 0.222435 0.502991 0.234653
v -0.299218 0.537971 0.237815
v -0.277115 0.437028 -0.209006
v -0.142485 0.295278 -0.216213
v 0.115966 0.240918 -0.218102
v 0.120765 0.111112 -0.307173
v -0.316697 0.108554 -0.316088
v -0.350110 0.838226 0.259573
v -0.349675 0.838292 -0.162889
v 0.074253 0.739697 -0.251820
v 0.164844 0.755602 -0.152494
v 0.140077 0.620107 -0.165557
v 0.029451 0.838116 -0.264579
v -0.051853 0.755129 -0.260534
v -0.091609 0.838176 -0.266770
v -0.296657 0.539124 -0.182151
v -0.085906 0.478025 -0.235603
v 0.275536 0.835907 -0.072292
v 0.109003 0.425144 -0.224342
v 0.138184 0.301836 -0.199728
v 0.152901 0.415347 -0.156273
v 0.051467 0.647086 -0.254249
v -0.021367 0.624508 -0.251305
v -0.091609 0.838176 -0.266770
v -0.349675 0.838292 -0.162889
v 0.029451 0.838116 -0.264579
v -0.350110 0.838226 0.259573
v 0.283217 0.838226 0.259561
v 0.275536 0.835907 -0.072292
v -0.529314 2.961288 -0.135705
v -0.523724 3.257501 -0.221805
v -0.441742 3.134920 -0.225375
v -0.439314 3.269643 -0.273850
v -0.401974 3.389510 -0.413503
v -0.432209 3.457029 -0.420439
v -0.378732 3.484373 -0.420047
v -0.372023 3.451329 -0.394725
v -0.342271 3.390132 -0.391632
v -0.298808 3.301304 -0.371462
v -0.351094 3.274588 -0.387241
v -0.379005 3.107526 -0.283053
v -0.445006 2.953808 -0.160207
v -0.306291 3.414287 -0.499959
v -0.343432 3.464258 -0.484489
v -0.395109 3.472828 -0.539045
v -0.360808 3.425009 -0.554689
v -0.297079 3.388393 -0.462345
v -0.347859 3.406956 -0.560595
v -0.250236 3.414607 -0.666947
v -0.225637 3.613192 -0.678649
v -0.389660 3.571859 -0.543778
v -0.441039 3.505594 -0.456715
v -0.337534 3.374973 -0.509870
v -0.467739 3.474171 -0.381465
v -0.486643 3.538128 -0.374969
v -0.333656 3.744714 -0.463568
v -0.033428 3.781390 -0.596077
v -0.009109 3.540962 -0.740071
v 0.307213 3.533990 -0.619925
v 0.087728 3.350007 -0.742917
v 0.348290 3.324474 -0.629031
v 0.091334 3.158029 -0.789381
v 0.233890 3.747133 -0.514936
v -0.525250 3.298805 -0.097271
v -0.491972 3.562030 -0.149889
v -0.502551 3.429466 -0.264594
v -0.413279 3.700871 -0.321616
v -0.253923 3.824330 -0.270398
v -0.033320 3.861480 -0.260565
v 0.187283 3.823903 -0.264561
v 0.349570 3.718059 -0.279052
v -0.490177 3.389924 -0.309756
v -0.544997 2.996507 -0.019732
v -0.587531 2.712560 0.099424
v -0.451275 2.738133 0.263972
v -0.556040 2.618182 -0.140832
v -0.523252 2.608965 -0.192241
v -0.428291 2.367243 -0.343166
v -0.495797 2.222311 -0.234624
v -0.410503 2.188913 -0.374273
v -0.342129 2.056980 -0.239298
v -0.303857 2.060983 -0.306189
v -0.243062 1.999756 -0.313844
v -0.201701 1.999547 -0.413869
v -0.100465 1.962901 -0.365641
v -0.252977 1.955818 -0.242327
v -0.325417 2.350219 -0.493967
v -0.397345 2.348612 -0.421857
v -0.392857 2.105800 -0.094656
v -0.308426 1.962765 -0.145510
v -0.281181 1.909697 -0.305745
v -0.075498 1.898293 -0.287788
v 0.040376 1.936255 -0.395331
v -0.345496 1.938634 0.042451
v -0.399999 1.925899 -0.145521
v -0.387575 1.959281 0.042215
v 0.393041 2.148526 -0.319599
v 0.198401 1.986828 -0.258862
v 0.267461 1.998210 -0.363878
v 0.071723 1.910473 -0.278657
v -0.081840 1.832962 -0.342234
v -0.309384 1.851822 -0.345531
v -0.390212 1.867012 -0.348846
v -0.088183 1.755878 -0.374162
v 0.116623 1.844635 -0.334133
v 0.161523 1.767043 -0.371166
v 0.100069 1.961220 -0.506609
v 0.360520 2.060444 -0.477671
v -0.126486 1.999339 -0.489714
v 0.011431 1.969103 -0.560466
v 0.182737 2.043436 -0.632558
v 0.270348 2.253426 -0.738670
v 0.443009 2.281061 -0.572227
v 0.197258 2.592524 -0.747608
v 0.059573 2.285057 -0.745853
v -0.017514 2.129841 -0.683411
v -0.152507 2.158586 -0.585520
v -0.245109 2.109784 -0.457944
v -0.252759 2.112708 -0.309579
v -0.318933 2.166883 -0.336314
v -0.262196 2.337111 -0.461934
v -0.197551 2.155959 -0.433427
v -0.179124 2.450747 -0.566709
v -0.106705 2.280096 -0.563839
v -0.108489 2.199210 -0.533096
v -0.139496 2.226762 -0.652979
v -0.150177 2.315379 -0.654693
v -0.087206 2.394027 -0.601007
v -0.111763 2.383233 -0.676350
v -0.021750 2.474521 -0.764454
v 0.037979 2.655357 -0.799692
v 0.094865 2.970055 -0.793033
v -0.123650 2.708693 -0.777388
v -0.198607 3.010385 -0.748491
v -0.168604 2.474325 -0.666104
v -0.122820 2.449021 -0.584845
v -0.240331 2.511525 -0.613661
v -0.332321 2.443909 -0.514125
v -0.267297 2.539206 -0.606393
v -0.273774 2.590349 -0.601630
v -0.351032 2.478795 -0.472398
v -0.381654 2.482591 -0.342761
v -0.425175 2.595322 -0.257228
v -0.381491 2.545608 -0.321754
v -0.355940 2.631716 -0.414700
v -0.305656 2.603924 -0.547538
v -0.250857 2.763799 -0.698671
v -0.261930 2.796161 -0.617800
v -0.291555 2.876203 -0.503722
v -0.299250 2.632365 -0.336055
v -0.340520 2.590842 -0.240303
v -0.294895 2.935231 -0.195643
v -0.356133 3.099854 -0.306524
v -0.254777 3.071347 -0.291117
v -0.184109 2.885539 -0.369884
v -0.278408 3.006871 -0.536231
v -0.221933 3.026021 -0.677350
v -0.191979 3.135666 -0.695886
v -0.258033 3.154420 -0.535557
v -0.272768 3.211526 -0.504831
v -0.209256 3.247491 -0.657340
v -0.193532 3.026623 -0.373479
v -0.221096 3.171526 -0.447661
v -0.226636 3.196251 -0.444518
v -0.199074 3.279237 -0.711722
v -0.252750 3.325205 -0.654570
v -0.234077 3.293759 -0.606729
v -0.163585 3.145865 -0.752518
v -0.100581 3.389595 -0.728510
v -0.271238 3.304611 -0.412064
v -0.307800 3.273029 -0.464926
v -0.301621 3.239465 -0.453766
v -0.238933 3.221148 -0.422515
v -0.260573 3.200943 -0.392014
v -0.325232 3.207822 -0.391570
v -0.364655 2.947337 -0.159997
v 0.059287 1.522942 -0.355412
v 0.026285 1.518529 -0.313185
v 0.003644 1.556645 -0.356822
v 0.031463 1.579392 -0.373341
v 0.206564 1.545828 -0.361874
v 0.020787 1.514116 -0.251248
v 0.331488 1.675263 -0.373107
v 0.343458 1.554380 -0.368977
v 0.467830 1.644734 -0.369760
v 0.445137 1.535263 -0.354631
v 0.394210 1.435457 -0.248361
v 0.429965 1.440050 -0.289949
v 0.536976 1.497949 -0.326258
v 0.605261 1.685009 -0.322731
v 0.490524 1.751241 -0.327928
v 0.319519 1.793185 -0.327303
v 0.399019 1.413754 -0.218112
v 0.071304 1.401298 -0.243940
v 0.107541 1.402376 -0.291110
v 0.238020 1.405582 -0.272813
v 0.328207 1.423061 -0.274260
v 0.328979 1.322493 -0.086935
v 0.366351 1.383327 -0.126942
v 0.185566 1.255420 -0.243131
v 0.146823 1.263011 -0.236751
v 0.281238 1.230161 -0.097728
v 0.236353 1.121597 -0.086627
v 0.150446 1.117153 -0.187357
v 0.240402 1.049633 -0.109628
v 0.118020 1.007890 -0.184368
v 0.111591 1.115693 -0.186787
v 0.053867 1.009426 -0.170196
v 0.072271 1.109517 -0.153990
v 0.095370 1.263908 -0.191190
v 0.088654 1.264805 -0.109936
v 0.060454 1.103342 -0.101483
v -0.001674 1.021829 -0.152375
v -0.028960 0.939744 -0.179074
v 0.031055 0.932619 -0.212115
v 0.025051 0.839278 -0.250480
v -0.019741 0.858400 -0.223111
v 0.026675 0.832530 -0.250563
v 0.029798 0.837158 -0.248121
v 0.133154 0.983609 -0.201880
v 0.069945 0.834095 -0.208552
v -0.262513 2.660313 0.263294
v -0.289142 2.667968 0.276814
v -0.261135 2.681526 0.283757
v -0.240276 2.667796 0.265396
v -0.213229 2.690886 0.286139
v -0.231344 2.704688 0.307230
v -0.199707 2.702440 0.296586
v -0.281268 2.650320 0.215015
v -0.304221 2.662717 0.231636
v -0.274359 2.571438 0.332331
v -0.220447 2.631988 0.370636
v -0.216448 2.745666 0.317412
v -0.164526 2.783995 0.335673
v -0.156366 2.771701 0.308058
v -0.145631 2.703057 0.375080
v -0.312035 2.589576 0.263678
v -0.130492 2.773387 0.316657
v -0.128103 2.783995 0.346188
v -0.085036 2.767978 0.394222
v -0.110029 2.830052 0.371871
v -0.060043 2.856828 0.360182
v -0.063518 2.846248 0.330731
v 0.068928 2.836566 0.332929
v 0.074742 2.847023 0.362035
v 0.107363 2.843960 0.343053
v -0.108859 2.819533 0.342593
v 0.099207 2.759168 0.384525
v 0.139984 2.813103 0.331399
v 0.194357 2.727451 0.275686
v 0.166605 2.719051 0.266129
v 0.118255 2.800943 0.312698
v 0.091679 2.832717 0.318304
v 0.196451 2.624122 0.327881
v 0.218499 2.639562 0.251519
v 0.209548 2.713451 0.221555
v 0.182242 2.703292 0.211160
v 0.399449 2.312646 0.085633
v 0.379886 2.299848 0.034546
v 0.381761 2.508858 0.043130
v 0.239122 2.199279 0.626880
v 0.282425 2.190487 0.424935
v 0.350031 2.280749 0.411487
v 0.287007 2.174720 0.215304
v 0.413620 2.309210 0.225380
v 0.366076 2.252713 0.069650
v 0.346908 2.243923 -0.015267
v 0.343108 2.275787 -0.061497
v 0.324970 2.440499 -0.210117
v 0.201006 2.116666 0.203994
v 0.188051 2.080694 0.073096
v 0.263643 2.211830 -0.029561
v 0.274586 2.228174 -0.059504
v 0.243534 1.933847 0.068821
v 0.164013 1.953950 0.041258
v 0.166034 2.084655 0.026585
v 0.253782 2.218970 0.028330
v 0.201132 2.095838 -0.031666
v 0.263643 2.211830 -0.029561
v 0.202620 1.958448 -0.011909
v -0.109255 3.004356 0.343838
v -0.090905 2.885999 0.363792
v -0.004028 2.919944 0.369798
v 0.012264 3.018277 0.350118
v 0.024849 2.898783 0.362528
v 0.105964 2.910754 0.311662
v 0.121348 2.987996 0.281920
v 0.136733 2.869881 0.282696
v 0.154001 2.874403 0.267075
v 0.182783 2.914198 0.224040
v 0.182783 2.856799 0.234169
v 0.134062 2.876215 0.238951
v 0.116412 2.869675 0.257115
v 0.085162 2.908076 0.289845
v 0.018770 2.895388 0.334876
v -0.010109 2.916147 0.338868
v 0.162843 2.858561 0.208408
v -0.084825 2.882642 0.336441
v -0.133381 2.886377 0.359505
v -0.177785 2.970178 0.314724
v -0.166246 2.882650 0.340059
v -0.189322 2.881079 0.316546
v -0.149183 2.879881 0.317506
v -0.168521 2.878437 0.294913
v -0.199772 2.838697 0.262048
v -0.127301 2.882863 0.330882
v -0.220092 2.838871 0.285733
v -0.223177 2.845268 0.239188
v -0.243117 2.843782 0.264716
v -0.246203 2.829409 0.211159
v -0.266142 2.829458 0.233959
v -0.266142 2.882677 0.230670
v -0.231604 2.933697 0.259989
v 0.487948 3.603066 -0.361726
v 0.335885 3.473005 -0.649293
v 0.561081 3.640609 -0.651654
v 0.490208 3.585752 -0.350361
v 0.350364 3.727892 -0.052383
v 0.349268 3.746573 -0.065212
v -0.012017 3.805874 0.080421
v -0.011277 3.826367 0.069581
v -0.384338 3.748397 -0.050005
v -0.383201 3.770161 -0.060527
v -0.526558 3.611644 -0.345713
v -0.524984 3.632736 -0.354799
v -0.371416 3.462367 -0.648773
v -0.369435 3.482264 -0.654911
v -0.585444 3.683199 -0.679870
v 0.284861 4.082690 0.121670
v -0.664408 3.966363 -0.250017
v -0.220619 4.204394 0.122265
v -0.013081 3.781915 0.068441
v 0.336496 3.708590 -0.055328
v -0.370575 3.726772 -0.054909
v -0.508070 3.596659 -0.339096
v -0.359391 3.453518 -0.632612
v -0.016670 3.399548 -0.756579
v -0.016670 3.405861 -0.775805
v -0.016673 3.424290 -0.778568
v -0.184977 3.508235 -0.967812
v 0.111475 0.107058 0.452828
v 0.113449 0.097117 0.459964
v 0.245423 0.097133 0.401060
v -0.031736 0.106646 0.472822
v -0.017788 0.121447 -0.014609
v 0.241455 0.107074 0.394792
v 0.344977 0.105161 0.300577
v 0.417114 0.103508 0.182670
v 0.447701 0.104303 0.053601
v 0.445011 0.106179 -0.074918
v 0.419168 0.107766 -0.195343
v 0.363093 0.109098 -0.300587
v 0.452269 0.096221 -0.075864
v 0.425978 0.097828 -0.198160
v 0.454980 0.094321 0.054667
v 0.423856 0.093518 0.185728
v 0.350559 0.095195 0.305425
v 0.247594 0.000766 0.404487
v 0.353594 -0.000512 0.308063
v 0.427493 -0.001396 0.187379
v 0.458875 -0.000609 0.055238
v 0.456143 0.000650 -0.076369
v 0.429640 0.001182 -0.199674
v 0.368988 0.099179 -0.305013
v 0.022087 0.111283 -0.487867
v 0.022704 0.101391 -0.495186
v -0.121837 0.101108 -0.492108
v 0.158265 0.110980 -0.460371
v 0.160983 0.101084 -0.467253
v 0.275076 0.110210 -0.392846
v 0.279594 0.100306 -0.398681
v 0.372179 0.001360 -0.307410
v 0.282051 0.001557 -0.401853
v 0.162460 0.001878 -0.470992
v 0.023038 0.002431 -0.499156
v -0.122696 0.002715 -0.496051
v -0.264564 0.100116 -0.447032
v -0.505907 0.108687 -0.106630
v -0.513212 0.098770 -0.108007
v -0.519745 0.098770 0.039218
v -0.459840 0.108687 -0.241878
v -0.466450 0.098770 -0.245277
v -0.379178 0.109020 -0.358237
v -0.384597 0.099106 -0.363388
v -0.260878 0.110020 -0.440574
v -0.120262 0.111002 -0.484882
v -0.266600 0.002226 -0.450601
v -0.387624 0.001570 -0.366267
v -0.470152 0.001351 -0.247180
v -0.517301 0.001351 -0.108778
v -0.523887 0.001351 0.039663
v -0.486631 0.098770 0.181870
v -0.174977 0.107380 0.452918
v -0.177345 0.097446 0.459963
v -0.031948 0.096700 0.480233
v -0.305034 0.108360 0.394947
v -0.309319 0.098439 0.401059
v -0.408646 0.108686 0.300739
v -0.414451 0.098770 0.305422
v -0.479755 0.108686 0.178989
v -0.512356 0.108687 0.038426
v -0.490499 0.001351 0.183492
v -0.417724 0.001351 0.308063
v -0.311725 0.001321 0.404487
v -0.178661 0.001234 0.463875
v -0.032065 0.001157 0.484310
v 0.114531 0.001162 0.463875
v 0.239657 1.104551 -0.176927
v 0.231934 1.102042 -0.204951
v 0.283645 1.216189 -0.209780
v 0.289520 1.216947 -0.179815
v 0.211811 1.106507 -0.215251
v 0.258186 1.221255 -0.221520
v 0.301451 1.329744 -0.234746
v 0.349459 1.340612 -0.209700
v 0.351210 1.331530 -0.174258
v 0.208247 1.111318 -0.156437
v 0.118020 1.007890 -0.184368
v 0.212038 0.999366 -0.178758
v 0.269888 1.224480 -0.162085
v 0.323408 1.329331 -0.164589
v 0.366351 1.383327 -0.126942
v 0.428494 1.428654 -0.142044
v 0.394210 1.435457 -0.248361
v 0.208343 0.878538 -0.198495
v 0.168613 0.841710 -0.186376
v 0.328207 1.423061 -0.274260
v 0.272992 1.334898 -0.221316
v 0.240001 1.227142 -0.200439
v 0.194837 1.112928 -0.188698
v 0.133154 0.983609 -0.201880
v 0.118020 1.007890 -0.184368
v 0.208247 1.111318 -0.156437
v 0.238020 1.405582 -0.272813
v 0.269888 1.224480 -0.162085
v 0.323408 1.329331 -0.164589
v 0.366351 1.383327 -0.126942
v 0.192553 0.979277 -0.202802
v 0.165800 0.977455 -0.213533
v 0.119383 0.836911 -0.186495
v 0.069945 0.834095 -0.208552
v 0.181163 0.305862 -0.165403
v 0.168423 0.301798 -0.154268
v 0.172598 0.239155 -0.144031
v 0.199429 0.238473 -0.157934
v 0.238042 0.106765 -0.133363
v 0.251022 0.108750 -0.191465
v 0.120765 0.111112 -0.307173
v 0.139302 0.228318 -0.227115
v 0.184876 0.233725 -0.278704
v 0.184020 0.112932 -0.339775
v 0.272985 0.111629 -0.297404
v 0.230838 0.233193 -0.255836
v 0.210233 0.236657 -0.191610
v 0.193881 0.307052 -0.188592
v 0.167238 0.521248 -0.176170
v 0.208343 0.878538 -0.198495
v 0.249479 0.859047 -0.182406
v 0.207012 0.704086 -0.197103
v 0.213681 0.695906 -0.158673
v 0.196137 0.540208 -0.171338
v 0.199750 0.540741 -0.204875
v 0.206085 0.304589 -0.231424
v 0.185379 0.304667 -0.242838
v 0.180953 0.677746 -0.162921
v 0.212397 0.835460 -0.122155
v 0.251275 0.849702 -0.129664
v 0.251946 0.834461 -0.078708
v 0.168613 0.841710 -0.186376
v 0.184613 0.705865 -0.206235
v 0.168532 0.684495 -0.188067
v 0.182729 0.541293 -0.212778
v 0.166365 0.525496 -0.189152
v 0.148287 0.302334 -0.206462
v 0.138184 0.301836 -0.199728
v 0.115966 0.240918 -0.218102
v 0.168423 0.301798 -0.154268
v 0.181163 0.305862 -0.165403
v 0.167238 0.521248 -0.176170
v 0.180953 0.677746 -0.162921
v 0.212397 0.835460 -0.122155
v 0.119383 0.836911 -0.186495
v -0.034330 2.538669 0.215915
v 0.066207 2.541790 0.223065
v -0.033460 2.497249 0.038548
v 0.168707 2.498121 0.219381
v 0.229086 2.519889 0.313010
v 0.256078 2.533612 0.291316
v 0.259735 2.553258 0.185468
v 0.231736 2.751112 0.065069
v 0.129824 2.894160 -0.032691
v -0.034330 2.906486 -0.041705
v -0.193715 2.861225 -0.001330
v -0.299719 2.749918 0.065215
v -0.326368 2.550806 0.185770
v -0.321587 2.529944 0.291766
v -0.295316 2.516907 0.313228
v -0.237138 2.497568 0.219449
v -0.134234 2.545884 0.222563
v -0.030028 0.903940 0.351632
v -0.026197 0.398443 0.277493
v 0.190430 0.908221 0.340519
v -0.346247 1.076628 0.376484
v -0.324385 1.229576 0.398878
v -0.328269 1.241351 0.340699
v -0.349983 1.085968 0.317993
v -0.249871 0.896891 0.338860
v -0.254159 0.906001 0.280304
v -0.026115 0.395354 0.217071
v 0.194848 0.917608 0.282001
v 0.282685 1.088550 0.378227
v -0.036308 1.154750 0.387945
v -0.128183 1.306977 0.410422
v -0.217068 1.325585 0.413135
v -0.127348 1.322086 0.352721
v -0.218129 1.340257 0.355377
v 0.147067 1.347722 0.356467
v 0.055249 1.325818 0.353266
v 0.056321 1.310880 0.410990
v -0.036579 1.172570 0.330648
v 0.258770 1.241519 0.400623
v 0.146172 1.333020 0.414222
v 0.262629 1.253428 0.342465
v 0.286437 1.098046 0.319758
v 0.623470 3.877885 -0.386868
v 0.303496 2.158737 -0.078569
v 0.297036 2.156476 -0.131575
v 0.312962 2.211446 -0.147272
v 0.316683 2.221797 -0.075468
v 0.246501 2.057492 -0.063916
v 0.259417 2.060903 -0.111811
v 0.235468 1.950774 -0.105832
v 0.273002 2.148166 -0.139318
v 0.283771 2.052168 -0.109246
v 0.287273 2.053917 -0.068531
v 0.261602 2.162357 -0.072678
v 0.274586 2.228174 -0.059504
v 0.343108 2.275787 -0.061497
v 0.222775 1.933236 -0.109500
v 0.272238 1.942307 -0.105653
v 0.275417 1.941893 -0.048725
v 0.233932 1.950315 -0.038811
v 0.246501 2.057492 -0.063916
v 0.241413 1.890978 -0.032109
v 0.238185 1.889517 -0.109621
v 0.207721 1.931691 -0.114882
v 0.198467 1.926554 -0.030841
v 0.219192 1.928076 -0.033693
v 0.233932 1.950315 -0.038811
v 0.219192 1.928076 -0.033693
v 0.198467 1.926554 -0.030841
v 0.334437 2.271561 -0.173431
v 0.286333 2.211968 -0.165691
v 0.261602 2.162357 -0.072678
v 0.274586 2.228174 -0.059504
v 0.247912 1.961848 0.063358
v 0.247638 1.962693 0.003282
v 0.282060 2.087246 0.000573
v 0.288048 2.089531 0.051724
v 0.335208 2.203281 -0.004074
v 0.329168 2.211953 0.055406
v 0.258812 2.200633 0.034404
v 0.237685 2.103161 0.039229
v 0.193622 1.979096 0.050728
v 0.164013 1.953950 0.041258
v 0.243534 1.933847 0.068821
v 0.248613 1.932775 -0.004123
v 0.366076 2.252713 0.069650
v 0.253782 2.218970 0.028330
v 0.263643 2.211830 -0.029561
v 0.270613 2.185310 -0.012733
v 0.258737 2.105386 -0.005481
v 0.226360 1.978201 0.000878
v 0.202620 1.958448 -0.011909
v 0.202620 1.958448 -0.011909
v 0.226360 1.978201 0.000878
v 0.258737 2.105386 -0.005481
v 0.270613 2.185310 -0.012733
v 0.263643 2.211830 -0.029561
v 0.346908 2.243923 -0.015267
v -0.198637 2.517491 0.619828
v -0.179545 2.406864 0.723744
v -0.034436 2.423629 0.711197
v -0.034330 2.533394 0.631591
v -0.033827 2.621823 0.558607
v -0.181359 2.603756 0.520878
v 0.125970 2.517021 0.626399
v 0.106950 2.407535 0.723730
v -0.034357 2.325732 0.714820
v 0.108423 2.297231 0.735629
v -0.034336 2.223881 0.635010
v 0.118090 2.607349 0.525933
v 0.088625 2.702729 0.453847
v -0.033914 2.711530 0.461140
v 0.201761 2.302893 0.705518
v 0.228454 2.389666 0.679718
v 0.331282 2.342536 0.574399
v 0.243689 2.493105 0.576828
v 0.240520 2.576797 0.479065
v 0.309065 2.471835 0.533023
v 0.355279 2.457804 0.393883
v 0.454612 2.472922 0.304181
v 0.457600 2.516326 0.105138
v 0.429685 2.721764 0.054012
v 0.411250 2.742713 0.248683
v 0.435389 2.595068 0.299764
v 0.291197 2.587365 0.408461
v 0.312044 2.801487 0.289457
v 0.289909 2.685492 0.357108
v 0.212669 2.671430 0.429136
v 0.224563 2.718188 0.398251
v 0.253790 2.719272 0.352247
v 0.256451 2.807391 0.273294
v 0.212249 2.907360 0.270175
v 0.253578 3.000541 0.281892
v 0.371454 3.025359 0.176852
v 0.452245 2.984963 -0.017419
v 0.213445 2.721635 0.358387
v 0.152250 2.794889 0.378486
v 0.237408 2.729618 0.321167
v 0.236703 2.794896 0.268479
v 0.188738 2.881096 0.271766
v 0.167772 2.972278 0.312208
v 0.161565 3.054847 0.287351
v 0.145643 2.918941 0.316951
v 0.208101 3.230566 0.237408
v 0.345687 3.267869 0.093819
v 0.426624 3.208302 -0.022705
v 0.458411 3.072392 -0.102232
v 0.371010 3.393695 -0.006961
v 0.295908 3.445193 0.075557
v 0.199876 3.422567 0.126354
v 0.462637 3.302011 -0.099345
v 0.441575 3.577839 -0.150907
v 0.398706 3.541089 -0.013289
v 0.257868 3.581629 0.109653
v 0.174291 3.621753 0.140042
v 0.477427 3.316370 -0.373018
v 0.448700 3.557905 -0.336547
v 0.349570 3.718059 -0.279052
v 0.326532 3.709227 -0.100654
v 0.289899 3.657809 0.055824
v 0.164858 3.699753 0.143205
v 0.065821 3.690992 0.192638
v -0.155011 3.749280 0.074811
v -0.238331 3.775572 -0.007651
v -0.233478 3.700949 0.130704
v -0.134480 3.691676 0.185547
v -0.034589 3.762615 0.079299
v -0.034325 3.694500 0.161989
v 0.080475 3.743345 0.097231
v 0.170263 3.774066 0.008254
v 0.187283 3.823903 -0.264561
v -0.033320 3.861480 -0.260565
v -0.034101 3.801860 0.005321
v -0.253923 3.824330 -0.270398
v -0.393743 3.703907 -0.167117
v -0.276064 3.228392 0.224360
v -0.425459 3.024951 0.189859
v -0.321700 2.990231 0.273827
v -0.403858 3.267314 0.093784
v -0.430984 3.391558 -0.005327
v -0.425731 3.539093 0.002396
v -0.358137 3.659195 0.052685
v -0.363187 3.444315 0.070150
v -0.326493 3.582685 0.110392
v -0.242944 3.622499 0.131226
v -0.155741 3.606541 0.155494
v -0.268452 3.422543 0.126264
v -0.136694 3.513209 0.162117
v -0.134964 3.424438 0.219612
v -0.175536 3.204090 0.262325
v -0.231432 3.044218 0.288925
v -0.145919 3.138933 0.311175
v -0.150583 3.090126 0.324931
v -0.034457 3.105698 0.368939
v -0.034605 3.089231 0.367417
v 0.081516 3.093286 0.324549
v 0.077241 3.138604 0.311852
v 0.078167 3.037699 0.382542
v -0.034764 3.025932 0.425489
v -0.147443 3.034550 0.382930
v -0.237437 2.963206 0.313373
v -0.279977 2.898206 0.271217
v 0.107356 3.204314 0.262343
v 0.072280 2.968129 0.378706
v -0.034810 2.954089 0.407800
v -0.141461 2.958150 0.379930
v -0.213961 2.911834 0.317913
v -0.255043 2.872858 0.272862
v -0.286984 2.717885 0.308220
v -0.291280 2.784198 0.269792
v -0.312277 2.797010 0.274569
v -0.364499 2.790996 0.296959
v -0.325743 2.669309 0.382704
v -0.352713 2.578702 0.411565
v -0.263736 2.664889 0.434914
v -0.289418 2.569520 0.492863
v -0.384014 2.471115 0.532343
v -0.273373 2.706443 0.401098
v -0.303220 2.708933 0.350795
v -0.207756 2.791185 0.386243
v -0.262372 2.717226 0.359819
v -0.148455 2.692273 0.461876
v -0.208730 2.768235 0.425879
v -0.117995 2.806766 0.469058
v -0.115424 2.832875 0.417052
v -0.034614 2.822120 0.485421
v -0.035099 2.847972 0.427091
v 0.052841 2.824924 0.466569
v 0.154196 2.774098 0.424723
v 0.049612 2.848833 0.407893
v 0.337966 3.455676 -0.644564
v 0.074261 3.524473 -0.856540
v 0.195443 3.593647 -0.930470
v 0.235843 3.548831 -0.791903
v -0.016673 3.424290 -0.778568
v -0.016670 3.405861 -0.775805
v 0.325981 3.448427 -0.629375
v 0.472336 3.574417 -0.341971
v -0.016670 3.399548 -0.756579
v 0.326214 1.052899 -0.047389
v 0.330973 1.008860 -0.084718
v 0.337447 1.065690 -0.081096
v 0.251946 0.834461 -0.078708
v 0.251275 0.849702 -0.129664
v 0.437319 1.421287 -0.159741
v 0.399019 1.413754 -0.218112
v 0.344833 1.258874 -0.178228
v 0.378770 1.264342 -0.151146
v 0.404683 1.256182 -0.156204
v 0.329392 1.096901 -0.103050
v 0.338296 1.062279 -0.115066
v 0.327950 1.024395 -0.132876
v 0.310500 1.024447 -0.177765
v 0.282140 1.103363 -0.113886
v 0.249479 0.859047 -0.182406
v 0.208343 0.878538 -0.198495
v 0.267102 1.047048 -0.177179
v 0.212038 0.999366 -0.178758
v 0.240402 1.049633 -0.109628
v 0.118020 1.007890 -0.184368
v 0.282140 1.103363 -0.113886
v 0.492250 1.445062 -0.163692
v 0.426542 1.254030 -0.186950
v 0.418250 1.253043 -0.234559
v 0.356467 1.260455 -0.226200
v 0.344833 1.258874 -0.178228
v 0.429965 1.440050 -0.289949
v 0.399019 1.413754 -0.218112
v 0.567479 1.496088 -0.211332
v 0.536976 1.497949 -0.326258
v 0.324970 2.440499 -0.210117
v 0.343108 2.275787 -0.061497
v 0.334437 2.271561 -0.173431
v 0.371274 3.063644 -0.337123
v 0.343115 2.879607 -0.296705
v 0.341328 2.967607 -0.490168
v 0.425880 2.670333 -0.441080
v 0.330675 2.693933 -0.245664
v 0.444198 2.330510 -0.368697
v 0.286333 2.211968 -0.165691
v 0.208828 2.069420 -0.137800
v 0.424402 2.648996 -0.601328
v 0.384641 2.966910 -0.664087
v 0.365458 3.155598 -0.666509
v 0.342650 3.686552 -0.420912
v 0.378289 3.550206 -0.474906
v 0.477427 3.316370 -0.373018
v 0.434773 3.109471 -0.343632
v 0.448700 3.557905 -0.336547
v 0.016312 3.165302 0.641998
v 0.023644 3.099037 0.596476
v 0.054079 3.115320 0.457572
v 0.041975 3.264370 0.503050
v -0.034330 3.294391 0.544227
v -0.034337 3.082345 0.612540
v -0.034499 3.082571 0.477141
v -0.034457 3.105698 0.368939
v 0.077241 3.138604 0.311852
v 0.107356 3.204314 0.262343
v 0.015274 3.483602 0.405315
v -0.034330 3.497875 0.439580
v -0.034499 3.082571 0.477141
v -0.092304 3.099037 0.596476
v -0.084971 3.165302 0.641998
v -0.034330 3.166156 0.670861
v -0.034330 3.607829 0.237732
v -0.082817 3.590982 0.221574
v -0.083934 3.483601 0.405315
v -0.110634 3.264370 0.503050
v -0.134964 3.424438 0.219612
v -0.136694 3.513209 0.162117
v -0.155741 3.606541 0.155494
v -0.134480 3.691676 0.185547
v -0.034325 3.694500 0.161989
v 0.013363 3.590807 0.223598
v 0.062414 3.424438 0.219613
v 0.065821 3.690992 0.192638
v 0.087084 3.605996 0.161674
v 0.067917 3.512796 0.164480
v -0.413466 2.248224 0.397658
v -0.467708 2.265496 0.198693
v -0.372572 2.163712 0.189299
v -0.587814 2.397450 0.196518
v -0.441564 2.387824 0.412793
v -0.483146 2.555566 0.380200
v -0.566765 2.266985 -0.024294
v -0.319001 2.192514 0.632785
v -0.399193 2.344298 0.583953
v -0.034342 2.160397 0.416346
v -0.181709 2.184492 0.670801
v -0.270650 2.302673 0.705222
v -0.296213 2.388662 0.681333
v -0.303491 2.496646 0.580309
v -0.176928 2.297234 0.735360
v 0.267846 1.868176 0.031064
v 0.275576 1.866216 -0.146194
v 0.238185 1.889517 -0.109621
v 0.241413 1.890978 -0.032109
v 0.250462 1.914101 0.027162
v 0.248613 1.932775 -0.004123
v 0.198467 1.926554 -0.030841
v 0.202620 1.958448 -0.011909
v 0.201132 2.095838 -0.031666
v 0.202397 2.082414 -0.090498
v 0.274586 2.228174 -0.059504
v 0.263643 2.211830 -0.029561
v 0.207721 1.931691 -0.114882
v 0.174389 1.929535 -0.224683
v 0.207948 1.873812 -0.238376
v 0.316848 1.864325 -0.165457
v 0.323351 1.854716 0.040561
v 0.257024 1.843944 -0.277492
v 0.319519 1.793185 -0.327303
v 0.023038 0.002431 -0.499156
v 0.162460 0.001878 -0.470992
v -0.017788 -0.003151 -0.014609
v 0.282051 0.001557 -0.401853
v 0.372179 0.001360 -0.307410
v 0.429640 0.001182 -0.199674
v 0.456143 0.000650 -0.076369
v 0.458875 -0.000609 0.055238
v 0.427493 -0.001396 0.187379
v 0.353594 -0.000512 0.308063
v 0.247594 0.000766 0.404487
v 0.114531 0.001162 0.463875
v -0.032065 0.001157 0.484310
v -0.178661 0.001234 0.463875
v -0.311725 0.001321 0.404487
v -0.417724 0.001351 0.308063
v -0.490499 0.001351 0.183492
v -0.523887 0.001351 0.039663
v -0.517301 0.001351 -0.108778
v -0.470152 0.001351 -0.247180
v -0.387624 0.001570 -0.366267
v -0.266600 0.002226 -0.450601
v -0.122696 0.002715 -0.496051
v 0.282140 1.103363 -0.113886
v 0.240402 1.049633 -0.109628
v 0.328055 1.167095 -0.063830
v 0.328959 1.171379 -0.089256
v 0.346878 1.167736 -0.086709
v 0.355859 1.298938 -0.042554
v 0.373567 1.327716 -0.079999
v 0.328979 1.322493 -0.086935
v 0.366351 1.383327 -0.126942
v 0.431333 1.393912 -0.078938
v 0.425472 1.340827 -0.070234
v 0.433399 1.317645 -0.022797
v 0.368441 1.164908 -0.063513
v 0.385746 1.296608 -0.025099
v 0.356913 1.165248 -0.050347
v 0.437361 1.406853 0.009446
v 0.421562 1.316207 0.012487
v 0.328979 1.322493 -0.086935
v 0.355859 1.298938 -0.042554
v 0.328055 1.167095 -0.063830
v 0.326214 1.052899 -0.047389
v 0.337447 1.065690 -0.081096
v 0.329392 1.096901 -0.103050
v 0.240402 1.049633 -0.109628
v -0.316891 0.105150 0.299633
v 0.176368 0.242096 0.213585
v 0.202358 0.405555 -0.091678
v 0.152901 0.415347 -0.156273
v 0.140077 0.620107 -0.165557
v 0.164844 0.755602 -0.152494
v 0.245139 0.105150 0.299633
v 0.238042 0.106765 -0.133363
v 0.172598 0.239155 -0.144031
v 0.168423 0.301798 -0.154268
v 0.138184 0.301836 -0.199728
v -0.122750 3.109141 0.471139
v -0.175536 3.204090 0.262325
v -0.145919 3.138933 0.311175
v -0.034457 3.105698 0.368939
v 0.213445 2.721635 0.358387
v 0.229086 2.519889 0.313010
v 0.168707 2.498121 0.219381
v 0.152250 2.794889 0.378486
v 0.049612 2.848833 0.407893
v 0.066207 2.541790 0.223065
v 0.129824 2.894160 -0.032691
v 0.072280 2.968129 0.378706
v -0.034810 2.954089 0.407800
v 0.145643 2.918941 0.316951
v 0.231736 2.751112 0.065069
v 0.188738 2.881096 0.271766
v 0.236703 2.794896 0.268479
v 0.259735 2.553258 0.185468
v 0.237408 2.729618 0.321167
v 0.256078 2.533612 0.291316
v -0.286984 2.717885 0.308220
v -0.321587 2.529944 0.291766
v -0.326368 2.550806 0.185770
v -0.291280 2.784198 0.269792
v -0.299719 2.749918 0.065215
v -0.255043 2.872858 0.272862
v -0.193715 2.861225 -0.001330
v -0.213961 2.911834 0.317913
v -0.141461 2.958150 0.379930
v -0.034330 2.906486 -0.041705
v -0.034330 2.538669 0.215915
v -0.035099 2.847972 0.427091
v -0.115424 2.832875 0.417052
v -0.134234 2.545884 0.222563
v -0.237138 2.497568 0.219449
v -0.207756 2.791185 0.386243
v -0.262372 2.717226 0.359819
v -0.295316 2.516907 0.313228
v 0.359296 2.716096 -0.007016
v 0.385660 2.980473 -0.099798
v 0.388228 3.039837 -0.173660
v 0.456569 3.117143 -0.192130
v 0.330675 2.693933 -0.245664
v 0.343115 2.879607 -0.296705
v 0.371274 3.063644 -0.337123
v 0.434773 3.109471 -0.343632
v 0.087084 3.605996 0.161674
v 0.067917 3.512796 0.164480
v 0.062414 3.424438 0.219613
vn -0.4024 0.5366 0.7417
vn -0.0866 0.8895 0.4487
vn 0.2835 0.2914 0.9136
vn 0.9269 0.3535 0.1257
vn 0.3476 0.9166 0.1975
vn 0.9030 0.2199 -0.3691
vn 0.2277 0.5182 -0.8244
vn -0.3547 0.9302 0.0946
vn -0.6427 0.7603 -0.0941
vn 0.6680 -0.2750 -0.6915
vn 0.4866 0.1334 -0.8634
vn -0.0781 -0.9834 0.1639
vn 0.1564 -0.9697 0.1877
vn -0.5013 -0.3838 0.7755
vn -0.0630 -0.1024 0.9927
vn 0.0316 0.9857 0.1656
vn -0.3903 -0.2888 -0.8742
vn -0.0708 0.9517 -0.2989
vn 0.0862 -0.2820 -0.9555
vn -0.9526 -0.2655 0.1484
vn 0.1492 0.6833 -0.7147
vn 0.5059 0.7747 -0.3794
vn 0.3705 0.9223 -0.1104
vn 0.8880 -0.3850 0.2515
vn 0.6496 -0.6653 -0.3679
vn 0.4237 0.6042 -0.6748
vn 0.0312 -0.7805 -0.6244
vn 0.1495 0.4641 -0.8731
vn -0.5833 -0.6999 -0.4122
vn -0.3217 0.5414 -0.7768
vn -0.5318 0.5708 -0.6256
vn 0.1489 0.9565 -0.2509
vn -0.2442 0.9057 -0.3466
vn -0.2508 0.9015 -0.3527
vn 0.9892 0.1414 0.0392
vn 0.8085 0.0942 -0.5809
vn 0.6134 0.4876 0.6213
vn 0.7499 0.6314 0.1973
vn -0.1570 0.4790 0.8637
vn 0.3542 0.6453 0.6768
vn -0.2272 0.7520 -0.6188
vn -0.8098 0.3380 0.4796
vn -0.5426 0.6605 0.5190
vn -0.0548 0.6492 -0.7587
vn -0.9597 -0.0000 -0.2809
vn -0.8603 0.4301 -0.2737
vn -0.4917 -0.2185 -0.8429
vn -0.0940 0.3289 -0.9397
vn 0.0551 0.8576 -0.5114
vn 0.0315 0.9857 0.1656
vn 0.5521 -0.1499 0.8202
vn -0.2105 -0.8497 0.4834
vn 0.0862 -0.2819 -0.9556
vn -0.2113 -0.9311 0.2973
vn -0.0631 -0.1024 0.9927
vn -0.0780 -0.9834 0.1639
vn -0.0859 -0.8118 0.5776
vn 0.0548 -0.8072 0.5877
vn 0.1807 -0.8406 0.5106
vn 0.0625 -0.9217 0.3828
vn 0.7127 -0.1958 -0.6736
vn 0.6999 -0.2516 -0.6684
vn 0.7000 -0.3067 -0.6449
vn 0.7269 -0.1407 -0.6722
vn -0.5230 -0.2341 -0.8196
vn 0.0704 -0.2658 -0.9615
vn 0.0156 -0.1946 -0.9808
vn 0.2651 -0.2339 -0.9354
vn 0.4765 -0.3359 -0.8125
vn 0.7147 -0.3377 -0.6126
vn -0.0782 -0.5548 -0.8283
vn -0.0467 -0.3112 -0.9492
vn -0.4286 -0.2026 -0.8805
vn -0.3752 -0.2267 -0.8988
vn -0.4780 -0.2351 -0.8463
vn -0.5697 -0.2575 -0.7804
vn -0.1011 -0.2100 -0.9725
vn 0.4527 -0.2107 -0.8664
vn 0.4220 0.0156 -0.9065
vn -0.3045 -0.0000 -0.9525
vn -0.4828 -0.0779 -0.8722
vn 0.5986 -0.0945 -0.7955
vn 0.6040 0.1412 -0.7844
vn 0.3595 -0.0781 -0.9299
vn 0.0079 0.1961 -0.9805
vn -0.1880 0.3916 -0.9007
vn 0.4405 0.3697 -0.8181
vn 0.4301 0.0782 -0.8994
vn -0.0468 0.1248 -0.9911
vn -0.4206 -0.3583 -0.8335
vn -0.3962 -0.3729 -0.8390
vn -0.5786 -0.3988 -0.7115
vn -0.1559 -0.2027 -0.9667
vn 0.3048 0.2658 -0.9146
vn 0.5476 0.1956 -0.8136
vn 0.5418 0.4162 -0.7302
vn -0.8172 -0.4747 -0.3269
vn -0.8697 -0.4659 -0.1631
vn -0.9035 -0.4284 0.0156
vn -0.0000 -0.2370 0.9715
vn 0.6934 -0.4728 0.5437
vn 0.0788 -0.1498 0.9856
vn 0.0078 -0.1885 0.9820
vn -0.0392 -0.1884 0.9813
vn -0.4169 -0.3618 0.8338
vn -0.7137 -0.3922 0.5804
vn -0.8957 -0.4440 0.0234
vn -0.7086 -0.5607 -0.4283
vn -0.0706 0.2197 0.9730
vn -0.1882 0.3293 0.9253
vn 0.7406 -0.0552 0.6697
vn 0.8131 -0.2052 0.5447
vn 0.9947 -0.0395 -0.0947
vn 0.9530 -0.1418 -0.2678
vn 0.8033 -0.2047 -0.5592
vn 0.9708 -0.2131 0.1105
vn 0.8575 -0.4720 0.2045
vn 0.5546 -0.5312 -0.6405
vn 0.7068 -0.2749 -0.6518
vn 0.7389 -0.0865 -0.6682
vn 0.9319 -0.3054 -0.1958
vn 0.9278 -0.3538 0.1180
vn 0.6565 -0.0782 -0.7503
vn 0.9968 0.0157 -0.0785
vn 0.9119 -0.3852 -0.1415
vn 0.8164 -0.5731 -0.0707
vn 0.7603 -0.6193 -0.1960
vn 0.9696 -0.2365 -0.0631
vn -0.1954 0.7424 -0.6408
vn 0.6721 0.6405 0.3716
vn 0.7726 0.6150 -0.1577
vn 0.0862 0.9798 -0.1803
vn 0.9595 -0.1652 0.2281
vn 0.8121 -0.0000 0.5835
vn 0.9035 -0.3850 0.1885
vn 0.8083 -0.5493 0.2119
vn 0.7546 -0.4795 -0.4480
vn 0.4619 -0.8769 0.1331
vn 0.4302 -0.8917 -0.1408
vn 0.9616 -0.1734 0.2128
vn -0.1171 -0.6865 -0.7176
vn -0.9672 -0.2418 0.0780
vn -0.2440 -0.2518 0.9365
vn 0.5285 -0.5206 0.6705
vn 0.8935 -0.4311 0.1254
vn 0.8169 0.0628 -0.5734
vn 0.2189 0.5394 -0.8131
vn 0.1254 0.6897 -0.7132
vn 0.4224 -0.3833 -0.8214
vn -0.0549 0.9873 -0.1489
vn -0.3455 0.9265 0.1492
vn -0.4569 0.6853 0.5671
vn -0.3547 0.9066 0.2286
vn 0.7168 0.3702 0.5908
vn -0.2120 0.6831 0.6988
vn -0.4720 0.4799 0.7395
vn -0.1883 0.5804 0.7922
vn 0.0158 0.5214 0.8532
vn 0.1178 0.1962 0.9735
vn 0.0313 -0.8144 0.5795
vn -0.0470 -0.8934 0.4467
vn 0.3129 -0.9310 0.1878
vn 0.4809 -0.5361 0.6938
vn 0.6746 -0.7138 0.1882
vn 0.8973 -0.0866 0.4329
vn 0.8957 -0.3771 -0.2357
vn 0.9759 0.0944 0.1968
vn 0.9895 0.1099 0.0942
vn 0.5536 0.8304 0.0633
vn 0.8156 0.2588 -0.5176
vn 0.3381 0.1573 0.9279
vn -0.0157 0.2830 0.9590
vn 0.5843 -0.2448 0.7738
vn 0.0471 -0.1413 0.9888
vn 0.0236 -0.4721 0.8812
vn -0.4384 -0.5480 0.7124
vn -0.0156 -0.8990 0.4377
vn -0.6377 -0.7388 0.2178
vn -0.8599 -0.2189 0.4612
vn -0.3998 -0.8937 0.2038
vn 0.4497 0.6075 0.6548
vn -0.0942 0.1649 0.9818
vn -0.5200 0.4255 0.7406
vn -0.5412 -0.2040 0.8158
vn 0.0235 -0.0863 0.9960
vn -0.7852 -0.1335 0.6046
vn 0.3786 0.2761 0.8834
vn 0.5067 0.6175 0.6017
vn 0.4174 0.4095 0.8112
vn 0.0866 0.2913 0.9527
vn 0.0079 0.2830 0.9591
vn 0.0237 0.5454 0.8379
vn 0.2446 0.5287 0.8128
vn -0.9061 -0.4218 0.0312
vn -0.9231 -0.3833 0.0313
vn -0.5046 -0.5279 -0.6832
vn -0.4351 -0.3807 -0.8159
vn 0.5169 -0.0626 -0.8537
vn 0.5409 -0.0627 -0.8388
vn 0.6283 -0.0235 -0.7776
vn -0.1957 0.1409 -0.9705
vn -0.1865 -0.0777 -0.9794
vn 0.5472 0.0313 -0.8364
vn 0.6030 -0.1879 -0.7753
vn 0.1413 -0.1334 -0.9809
vn 0.4246 0.2673 -0.8650
vn -0.4932 0.0392 -0.8690
vn 0.1015 -0.2578 -0.9609
vn 0.4701 -0.5093 -0.7209
vn 0.6453 -0.5744 -0.5036
vn 0.0861 -0.2269 -0.9701
vn -0.0234 0.0234 -0.9995
vn -0.1719 0.0313 -0.9846
vn -0.6068 -0.0467 -0.7935
vn -0.5139 0.0467 -0.8566
vn 0.1019 0.3450 -0.9331
vn 0.0546 0.0312 -0.9980
vn -0.0391 0.1643 -0.9856
vn -0.2572 -0.3196 -0.9120
vn -0.3513 -0.3904 -0.8510
vn 0.4061 -0.0000 -0.9138
vn 0.7770 -0.3689 -0.5101
vn 0.4219 -0.5625 -0.7110
vn 0.2266 -0.7267 -0.6485
vn 0.0312 -0.0390 -0.9988
vn -0.0707 0.5731 -0.8164
vn 0.2572 -0.0078 -0.9663
vn -0.5561 0.5718 0.6031
vn -0.7203 0.6655 0.1957
vn -0.9911 -0.1327 0.0078
vn -0.6519 -0.2328 -0.7217
vn -0.5240 0.1095 -0.8447
vn 0.2586 0.6427 -0.7211
vn -0.7089 0.3583 -0.6076
vn -0.4079 0.8708 -0.2746
vn 0.2826 0.9421 0.1806
vn 0.6287 0.7544 -0.1886
vn 0.6084 0.7822 0.1343
vn -0.6975 0.6975 0.1646
vn -0.8268 -0.5616 0.0312
vn 0.2277 0.9342 -0.2748
vn -0.7632 -0.1402 -0.6308
vn -0.5701 0.3983 -0.7185
vn -0.8109 0.0551 0.5826
vn 0.8818 -0.1181 -0.4566
vn 0.7870 0.2440 -0.5667
vn 0.5285 0.6705 0.5206
vn 0.6953 -0.1817 0.6953
vn -0.7886 -0.1874 0.5856
vn -0.7640 -0.1325 -0.6314
vn -0.0862 -0.0548 -0.9948
vn 0.0706 0.2511 -0.9654
vn -0.2342 0.5465 -0.8041
vn -0.5412 0.6746 -0.5020
vn -0.6230 0.4731 0.6229
vn -0.6577 0.5951 -0.4619
vn 0.4782 -0.0235 -0.8780
vn 0.6711 -0.0078 -0.7413
vn 0.7225 -0.0235 -0.6910
vn 0.2902 0.6195 -0.7294
vn -0.1092 -0.0858 -0.9903
vn -0.1713 0.3348 -0.9266
vn -0.6016 -0.0547 -0.7969
vn -0.0862 -0.0392 -0.9955
vn 0.4843 -0.0156 -0.8748
vn 0.2821 0.5955 -0.7522
vn 0.7946 0.0393 -0.6058
vn 0.2586 -0.0627 -0.9639
vn -0.1246 -0.0779 -0.9891
vn -0.6577 0.5950 -0.4620
vn 0.2902 0.6196 -0.7294
vn -0.6229 0.4731 0.6230
vn 0.5286 0.6705 0.5206
vn -0.8366 -0.0234 -0.5473
vn -0.7815 -0.1329 -0.6096
vn -0.5301 -0.2728 -0.8029
vn -0.7166 -0.3427 -0.6075
vn -0.0155 -0.1555 -0.9877
vn -0.3432 -0.4601 -0.8189
vn -0.2493 -0.8723 -0.4206
vn -0.3434 -0.3980 -0.8507
vn -0.4694 -0.4381 -0.7667
vn -0.2738 0.3599 -0.8919
vn -0.6720 -0.0938 -0.7346
vn -0.6544 -0.3506 -0.6700
vn -0.3356 -0.1015 -0.9365
vn -0.8617 -0.5014 0.0784
vn -0.7151 -0.6917 0.1010
vn -0.7823 -0.5085 -0.3598
vn -0.8041 -0.5933 0.0390
vn -0.9780 -0.0469 0.2034
vn -0.9639 -0.2586 -0.0627
vn -0.6065 -0.1244 -0.7853
vn -0.4611 0.2736 -0.8441
vn -0.7939 0.1946 -0.5760
vn -0.7235 -0.4434 -0.5290
vn -0.9822 -0.1403 0.1247
vn -0.8171 -0.3035 -0.4902
vn -0.9388 0.1252 -0.3208
vn -0.6131 0.6760 -0.4088
vn 0.0157 0.8246 -0.5654
vn 0.0548 0.2660 -0.9624
vn 0.5721 0.3605 -0.7367
vn 0.2120 0.1492 -0.9658
vn 0.6736 0.1958 -0.7127
vn 0.1486 0.1486 -0.9777
vn 0.5041 0.7561 -0.4174
vn -0.9554 0.1566 0.2506
vn -0.9341 0.2983 0.1962
vn -0.9780 -0.0469 -0.2034
vn -0.7759 0.6270 -0.0705
vn -0.4088 0.9121 -0.0315
vn -0.0079 0.9985 0.0550
vn 0.3630 0.9312 -0.0316
vn 0.7021 0.7100 -0.0552
vn -0.8749 -0.2968 -0.3828
vn -0.9529 0.1718 0.2499
vn -0.9765 0.1562 0.1484
vn -0.6043 0.3532 0.7142
vn -0.9274 0.0078 -0.3741
vn -0.6168 0.1483 -0.7730
vn -0.8356 0.1406 -0.5310
vn -0.8667 -0.3826 -0.3201
vn -0.4835 -0.3977 -0.7798
vn -0.7187 -0.6250 -0.3047
vn -0.7005 -0.4515 -0.5527
vn -0.5603 -0.7393 -0.3736
vn -0.5533 -0.7481 -0.3663
vn -0.3048 -0.8754 -0.3752
vn -0.6454 -0.2877 -0.7076
vn -0.2336 -0.5139 -0.8254
vn -0.8389 -0.0233 -0.5437
vn -0.9036 0.2570 -0.3427
vn -0.2195 0.7603 -0.6114
vn -0.1095 -0.1329 -0.9851
vn 0.0467 -0.9731 -0.2258
vn -0.6975 0.6975 0.1645
vn 0.2276 0.9342 -0.2747
vn 0.7881 -0.4729 0.3941
vn 0.6585 -0.7526 -0.0078
vn 0.4708 -0.8788 0.0785
vn 0.3901 0.0156 -0.9206
vn 0.0312 0.5381 -0.8423
vn -0.0706 0.5731 -0.8165
vn 0.2587 0.6427 -0.7211
vn 0.1485 0.6253 -0.7661
vn 0.1019 0.3450 -0.9330
vn 0.2490 -0.9338 -0.2568
vn 0.7216 -0.6511 -0.2353
vn -0.4370 -0.7726 -0.4604
vn -0.2110 -0.8204 -0.5314
vn 0.1947 -0.6698 -0.7165
vn 0.4217 -0.3124 -0.8512
vn 0.8637 -0.1570 -0.4789
vn 0.3601 -0.0470 -0.9317
vn -0.2262 -0.2418 -0.9436
vn -0.3123 -0.4373 -0.8433
vn -0.8605 -0.0313 -0.5085
vn -0.8866 0.1555 -0.4355
vn -0.4464 0.1331 -0.8849
vn -0.0625 -0.5464 -0.8352
vn -0.3120 -0.5070 -0.8035
vn -0.8099 0.1090 -0.5763
vn -0.2565 -0.4508 -0.8550
vn -0.9668 -0.0546 -0.2495
vn -0.9254 0.3451 -0.1568
vn -0.8909 -0.2031 -0.4063
vn -0.9634 0.1645 -0.2115
vn -0.9859 -0.1017 -0.1330
vn -0.8233 -0.1631 -0.5437
vn -0.2805 -0.1792 -0.9430
vn -0.0940 -0.1331 -0.9866
vn 0.1173 0.0156 -0.9930
vn -0.4521 -0.1403 -0.8809
vn -0.7414 0.1015 -0.6633
vn -0.7062 -0.5045 -0.4967
vn -0.5766 -0.6857 -0.4442
vn -0.4683 -0.6009 -0.6478
vn -0.7481 -0.1091 -0.6546
vn -0.7398 -0.1869 -0.6464
vn -0.8378 -0.0783 -0.5403
vn -0.8964 0.1793 -0.4053
vn -0.8926 0.1566 -0.4228
vn -0.3365 0.3443 -0.8765
vn -0.7372 0.6274 -0.2510
vn -0.9618 0.2737 0.0078
vn -0.9301 -0.0078 -0.3673
vn -0.8507 -0.0546 -0.5229
vn -0.9549 0.0939 -0.2818
vn -0.9629 0.2349 0.1331
vn -0.8001 0.5334 0.2745
vn -0.5481 0.5715 -0.6107
vn -0.4675 -0.1403 -0.8728
vn -0.3647 -0.5587 -0.7449
vn -0.6394 -0.3898 -0.6628
vn -0.9853 0.1642 -0.0469
vn -0.9912 0.0937 0.0936
vn -0.9244 0.1253 -0.3603
vn -0.9256 0.0622 -0.3734
vn -0.9986 -0.0468 0.0234
vn -0.9048 -0.3744 -0.2028
vn -0.9296 -0.1953 -0.3125
vn -0.9938 -0.0861 0.0704
vn -0.9609 -0.2109 -0.1797
vn -0.7967 -0.5390 0.2734
vn -0.7876 -0.0156 -0.6160
vn -0.7790 -0.2804 -0.5609
vn -0.8423 -0.4602 -0.2808
vn -0.4765 0.0859 -0.8750
vn -0.2815 0.1017 -0.9541
vn -0.9999 0.0078 -0.0078
vn -0.9596 0.0936 -0.2653
vn -0.5695 -0.7879 -0.2341
vn -0.7493 -0.5848 -0.3106
vn -0.3590 -0.6321 -0.6867
vn -0.6075 -0.4828 -0.6308
vn -0.3674 -0.2658 -0.8913
vn -0.2035 -0.5322 -0.8218
vn -0.2802 -0.8252 -0.4904
vn -0.0078 -0.5849 -0.8111
vn -0.0078 -0.2572 -0.9663
vn 0.0234 -0.3348 -0.9420
vn -0.3030 -0.8702 -0.3885
vn 0.0390 0.1402 -0.9894
vn 0.0705 -0.3759 -0.9240
vn 0.1720 0.0234 -0.9848
vn -0.0860 -0.4299 -0.8988
vn -0.1170 -0.6865 -0.7177
vn -0.5770 -0.2885 -0.7641
vn -0.8311 -0.4194 -0.3651
vn -0.3890 -0.5056 -0.7701
vn 0.0155 -0.5438 -0.8390
vn 0.1484 -0.5157 -0.8438
vn 0.4863 -0.3686 -0.7922
vn -0.3499 -0.3032 -0.8864
vn 0.3288 -0.1957 -0.9239
vn -0.1255 0.3766 -0.9178
vn -0.3894 -0.0623 -0.9190
vn -0.3292 0.3056 -0.8934
vn -0.8102 0.2337 -0.5375
vn -0.8788 -0.1555 -0.4511
vn -0.6796 -0.1016 -0.7265
vn -0.1255 0.1961 -0.9725
vn -0.2190 0.4301 -0.8758
vn 0.0235 0.4627 -0.8862
vn -0.2746 0.4394 -0.8553
vn -0.0000 0.1871 -0.9823
vn -0.1247 0.2571 -0.9583
vn 0.1794 0.1794 -0.9673
vn 0.4526 0.0624 -0.8895
vn -0.2728 0.2260 -0.9352
vn 0.4083 -0.1335 -0.9030
vn 0.0314 0.8639 -0.5026
vn -0.5340 0.8402 0.0943
vn -0.5178 0.8395 -0.1648
vn -0.1416 0.7078 -0.6921
vn -0.1334 0.7536 -0.6437
vn -0.6274 0.6980 -0.3451
vn -0.3133 0.5483 -0.7754
vn 0.2757 0.9135 -0.2992
vn -0.4959 0.8580 0.1338
vn -0.7693 0.2826 0.5730
vn -0.7290 0.3371 0.5957
vn -0.7855 0.6127 0.0864
vn -0.3544 0.9295 -0.1024
vn -0.3691 0.8011 -0.4712
vn -0.4635 0.3613 0.8091
vn -0.7994 0.3056 0.5173
vn -0.4783 0.8233 -0.3058
vn -0.6743 0.5489 0.4940
vn -0.3624 0.2757 0.8903
vn -0.7748 0.6105 0.1644
vn -0.0631 0.8830 0.4651
vn -0.3446 0.8849 -0.3133
vn -0.0079 0.9353 -0.3537
vn 0.1740 0.9018 0.3955
vn 0.4251 0.8974 -0.1181
vn -0.7047 0.6577 -0.2662
vn 0.3787 0.2998 0.8756
vn 0.7379 0.6672 -0.1020
vn 0.7810 0.6232 -0.0394
vn -0.0000 0.8121 -0.5835
vn 0.3859 0.5906 -0.7087
vn 0.2510 0.8078 -0.5333
vn 0.8434 0.2049 0.4966
vn 0.9468 0.1894 0.2604
vn 0.2530 0.9487 -0.1897
vn -0.2197 0.9182 -0.3296
vn 0.9071 -0.2815 -0.3128
vn 0.9325 -0.1489 -0.3291
vn 0.8541 -0.0549 -0.5172
vn 0.6204 -0.6597 0.4241
vn 0.6661 -0.7366 0.1175
vn 0.8754 -0.4022 0.2682
vn 0.6520 -0.7541 0.0785
vn 0.8860 -0.4626 0.0314
vn 0.7558 -0.6455 -0.1102
vn 0.7708 -0.5349 -0.3461
vn 0.9429 -0.3143 -0.1100
vn 0.9964 0.0316 0.0791
vn 0.6746 -0.7138 0.1883
vn 0.1947 -0.8256 -0.5296
vn 0.6213 -0.6684 0.4089
vn 0.5998 0.6392 0.4813
vn 0.9530 -0.2993 -0.0473
vn 0.2119 -0.6671 0.7142
vn 0.9425 -0.2906 0.1649
vn 0.5797 0.5954 -0.5562
vn -0.1974 0.1816 0.9634
vn 0.0315 -0.5832 0.8117
vn 0.0785 -0.5494 0.8319
vn 0.3397 0.1738 0.9243
vn -0.0235 -0.7147 0.6990
vn 0.4262 -0.5603 0.7102
vn 0.6855 0.1261 0.7171
vn 0.1807 -0.7071 0.6836
vn 0.5626 -0.6642 0.4923
vn 0.7693 0.1178 0.6280
vn 0.0393 -0.8637 0.5025
vn -0.1867 -0.9799 0.0700
vn -0.0701 -0.9968 0.0389
vn -0.2972 -0.8994 0.3207
vn -0.0706 -0.9938 0.0859
vn -0.2576 -0.9523 0.1639
vn -0.3446 -0.9164 0.2037
vn 0.1799 -0.9776 0.1095
vn -0.2193 -0.7205 0.6579
vn -0.6206 0.1492 0.7698
vn -0.4539 -0.6182 0.6417
vn -0.2895 -0.6807 0.6729
vn -0.0000 -0.9940 0.1095
vn 0.2028 -0.9282 0.3120
vn 0.2894 -0.9073 0.3050
vn 0.0156 -0.9930 0.1173
vn -0.3590 -0.7884 0.4996
vn 0.0312 -0.9994 -0.0156
vn -0.4388 -0.6660 0.6033
vn 0.3056 -0.9246 0.2273
vn -0.4088 -0.6760 0.6131
vn -0.7823 0.0782 0.6180
vn -0.7298 0.1099 0.6748
vn 0.9892 0.1413 0.0393
vn 0.6679 -0.2751 -0.6915
vn 0.8826 -0.4570 0.1103
vn 0.6700 -0.0473 0.7409
vn 0.0315 0.0315 0.9990
vn -0.6222 -0.0709 0.7797
vn -0.8098 0.3381 0.4796
vn -0.9192 -0.3506 0.1792
vn -0.6546 -0.6001 -0.4598
vn -0.8602 0.4301 -0.2738
vn 0.7499 0.6315 0.1973
vn -0.5426 0.6605 0.5189
vn 0.0549 -0.8072 0.5878
vn 0.1807 -0.8406 0.5107
vn -0.2105 -0.8498 0.4833
vn -0.2112 -0.9311 0.2973
vn -0.0312 -0.6708 -0.7410
vn 0.1742 0.8395 0.5148
vn 0.2138 0.3326 0.9185
vn 0.4747 0.3323 0.8150
vn 0.0237 0.8378 0.5454
vn -0.0000 1.0000 -0.0000
vn 0.3226 0.8418 0.4327
vn 0.4431 0.8387 0.3165
vn 0.5140 0.8383 0.1819
vn 0.5451 0.8374 0.0395
vn 0.5442 0.8360 -0.0710
vn 0.5058 0.8378 -0.2055
vn 0.4241 0.8403 -0.3377
vn 0.9400 0.3318 -0.0790
vn 0.8997 0.3315 -0.2841
vn 0.9325 0.3319 0.1423
vn 0.8531 0.3317 0.4028
vn 0.7017 0.3312 0.6308
vn 0.4956 -0.5349 0.6843
vn 0.6747 -0.5335 0.5100
vn 0.7938 -0.5423 0.2751
vn 0.8430 -0.5358 0.0473
vn 0.8341 -0.5351 -0.1338
vn 0.7781 -0.5344 -0.3301
vn 0.7876 0.3308 -0.5198
vn 0.0234 0.8366 -0.5473
vn 0.1171 0.3281 -0.9374
vn -0.1172 0.3281 -0.9374
vn 0.1648 0.8395 -0.5178
vn 0.3775 0.3303 -0.8651
vn 0.3144 0.8411 -0.4402
vn 0.6142 0.3307 -0.7165
vn 0.6579 -0.5326 -0.5325
vn 0.4869 -0.5340 -0.6912
vn 0.2510 -0.5333 -0.8078
vn 0.0392 -0.5324 -0.8456
vn -0.1797 -0.5312 -0.8280
vn -0.3749 0.3281 -0.8671
vn -0.5403 0.8378 -0.0783
vn -0.9182 0.3296 -0.2197
vn -0.9431 0.3301 0.0393
vn -0.5000 0.8359 -0.2265
vn -0.8232 0.3293 -0.4626
vn -0.4077 0.8389 -0.3606
vn -0.6257 0.3363 -0.7039
vn -0.2744 0.8387 -0.4703
vn -0.1175 0.8381 -0.5326
vn -0.4131 -0.5300 -0.7405
vn -0.6331 -0.5315 -0.5628
vn -0.7719 -0.5302 -0.3509
vn -0.8381 -0.5327 -0.1175
vn -0.8412 -0.5296 0.1090
vn -0.8932 0.3369 0.2977
vn -0.1257 0.8408 0.5265
vn -0.3078 0.3315 0.8918
vn -0.0471 0.3300 0.9428
vn -0.2754 0.8418 0.4642
vn -0.5594 0.3388 0.7565
vn -0.4077 0.8389 0.3607
vn -0.7631 0.3383 0.5507
vn -0.4949 0.8406 0.2200
vn -0.5406 0.8383 0.0705
vn -0.7740 -0.5316 0.3440
vn -0.6331 -0.5315 0.5627
vn -0.4308 -0.5327 0.7285
vn -0.1960 -0.5330 0.8231
vn 0.0315 -0.5361 0.8436
vn 0.2673 -0.5345 0.8018
vn 0.8679 -0.3393 0.3629
vn 0.7032 -0.2735 -0.6563
vn 0.7147 -0.3770 -0.5891
vn 0.8241 -0.4160 0.3846
vn -0.2343 0.0859 -0.9684
vn -0.1477 -0.0622 -0.9871
vn 0.1013 -0.2651 -0.9589
vn 0.7211 -0.4938 -0.4860
vn 0.6760 -0.6131 0.4087
vn -0.3298 0.1806 0.9266
vn 0.6617 0.2442 -0.7089
vn -0.1101 0.0786 0.9908
vn -0.2200 -0.1336 0.9663
vn 0.0234 0.0546 -0.9982
vn -0.4136 -0.2809 -0.8661
vn -0.9356 0.0390 -0.3509
vn -0.9325 0.3526 -0.0784
vn -0.8444 0.4457 -0.2971
vn -0.1255 0.3765 -0.9179
vn 0.0155 -0.5438 -0.8391
vn -0.1101 0.0787 0.9908
vn -0.2200 -0.1335 0.9663
vn 0.5962 -0.2039 -0.7765
vn 0.0936 -0.1014 -0.9904
vn 0.2024 -0.5839 -0.7862
vn 0.3720 0.5856 0.7202
vn 0.9603 0.2676 -0.0787
vn 0.7827 0.2688 0.5613
vn 0.8017 0.2829 0.5266
vn 0.8697 0.4032 0.2846
vn 0.9276 0.2830 0.2437
vn -0.4998 0.3905 -0.7731
vn -0.1253 0.4778 -0.8695
vn -0.0235 0.4471 -0.8942
vn 0.6936 0.4335 -0.5753
vn 0.8408 0.4165 -0.3458
vn 0.9297 0.2442 0.2757
vn 0.8783 0.1029 0.4668
vn -0.5510 0.0158 0.8344
vn 0.8239 -0.2119 -0.5257
vn 0.7402 -0.0630 -0.6694
vn 0.7557 -0.2834 0.5904
vn 0.6545 -0.1025 0.7491
vn 0.9437 0.0157 -0.3303
vn 0.8973 0.2283 -0.3778
vn -0.2965 0.3044 -0.9052
vn -0.6492 -0.0547 0.7587
vn -0.0550 -0.7625 0.6446
vn 0.8639 -0.5026 -0.0314
vn 0.7604 -0.6192 -0.1960
vn -0.4135 -0.2809 -0.8661
vn -0.2736 0.0313 -0.9613
vn -0.9724 0.0078 -0.2334
vn -0.1410 0.0705 -0.9875
vn -0.9739 0.0623 -0.2181
vn -0.8580 0.3822 -0.3432
vn 0.2820 0.5955 -0.7522
vn 0.0706 0.2512 -0.9654
vn 0.3720 0.5857 0.7202
vn -0.5510 0.0157 0.8344
vn -0.6492 -0.0548 0.7587
vn 0.2024 -0.5838 -0.7862
vn 0.0157 0.9736 -0.2277
vn 0.1658 0.9315 -0.3237
vn -0.0000 0.7990 0.6013
vn -0.5609 0.5530 0.6161
vn -0.7291 0.1176 0.6742
vn -0.2915 0.9377 0.1891
vn -0.4100 0.7491 0.5204
vn -0.4326 0.3618 0.8258
vn -0.2216 0.2532 0.9417
vn 0.0711 0.1896 0.9793
vn 0.2518 0.2124 0.9442
vn 0.3945 0.3235 0.8601
vn 0.4018 0.7483 0.5278
vn 0.2750 0.9428 0.1885
vn 0.7239 0.0865 0.6845
vn -0.5608 -0.5452 -0.6231
vn -0.1726 0.9255 -0.3373
vn -0.0000 -0.1809 0.9835
vn 0.3458 -0.5579 0.7544
vn 0.6373 -0.4091 0.6530
vn -0.6765 -0.1731 0.7158
vn -0.5446 0.2605 0.7972
vn -0.9331 0.3371 0.1255
vn -0.9576 -0.2879 0.0146
vn -0.7893 -0.4533 0.4142
vn -0.8990 -0.4378 -0.0078
vn -0.5986 -0.8007 0.0233
vn 0.9052 -0.4250 -0.0000
vn 0.6546 -0.2997 0.6940
vn -0.1342 0.0869 0.9871
vn 0.5361 0.4573 0.7096
vn -0.0943 0.8247 0.5577
vn 0.4518 0.8641 0.2220
vn -0.4259 0.8754 0.2287
vn 0.0550 0.9663 0.2514
vn -0.7061 0.6826 0.1883
vn -0.3783 0.5754 0.7251
vn 0.4825 0.8385 0.2531
vn 0.6084 0.1343 0.7822
vn 0.3397 0.7664 0.5452
vn 0.7981 0.5769 0.1738
vn 0.9966 -0.0627 0.0541
vn 0.7789 -0.2124 0.5901
vn 0.7913 -0.3134 -0.5249
vn 0.8537 -0.3760 -0.3603
vn 0.8334 -0.3538 0.4246
vn -0.9296 0.1953 0.3125
vn -0.6020 -0.0391 -0.7975
vn -0.6945 0.2965 -0.6555
vn -0.5382 -0.1638 -0.8268
vn 0.6287 -0.1886 -0.7544
vn 0.7031 0.0079 0.7110
vn -0.7222 0.1099 0.6829
vn 0.6416 -0.2426 -0.7277
vn 0.8791 -0.1413 0.4553
vn -0.2512 0.3061 0.9183
vn 0.9480 0.1264 0.2923
vn 0.7324 0.5119 -0.4489
vn 0.8181 0.4405 -0.3697
vn 0.8345 0.5436 -0.0896
vn -0.4251 0.6928 0.5826
vn -0.4251 0.6928 0.5825
vn 0.8349 0.5435 -0.0866
vn 0.9530 -0.2756 0.1260
vn 0.6815 -0.6816 -0.2663
vn 0.6212 -0.6685 0.4089
vn 0.6177 -0.1267 0.7761
vn 0.7847 0.0079 -0.6199
vn 0.6894 -0.2663 -0.6737
vn 0.4401 -0.1336 0.8880
vn 0.6653 -0.3679 -0.6496
vn 0.4805 -0.2679 0.8351
vn -0.8461 -0.0157 0.5327
vn -0.9701 0.2347 0.0626
vn -0.6858 0.5597 0.4651
vn 0.5997 0.6392 0.4814
vn 0.7557 -0.6455 -0.1102
vn -0.6555 -0.1795 -0.7336
vn -0.3279 -0.0078 -0.9447
vn -0.3515 0.2890 -0.8905
vn 0.5798 0.5954 -0.5562
vn -0.6555 -0.1795 -0.7335
vn -0.2517 0.6764 0.6922
vn -0.1817 0.3950 0.9005
vn 0.0079 0.4025 0.9154
vn -0.0158 0.6149 0.7884
vn -0.0237 0.6950 0.7187
vn -0.3227 0.6533 0.6848
vn 0.2442 0.6617 0.7089
vn 0.1419 0.2917 0.9459
vn -0.0236 -0.2277 0.9735
vn -0.0237 -0.2996 0.9538
vn -0.0313 -0.7911 0.6109
vn 0.3084 0.6485 0.6959
vn 0.2603 0.3708 0.8915
vn 0.0158 0.1657 0.9861
vn 0.4809 -0.1735 0.8594
vn 0.5527 0.3790 0.7422
vn 0.8843 -0.0316 0.4659
vn 0.4899 0.6243 0.6085
vn 0.5066 0.6253 0.5936
vn 0.7387 0.4766 0.4766
vn 0.8348 0.1811 0.5198
vn 0.9210 -0.0551 0.3857
vn 0.9532 -0.0794 -0.2916
vn 0.9217 -0.0394 -0.3860
vn 0.8143 0.2372 0.5297
vn 0.8280 0.2444 0.5047
vn 0.6607 0.4326 0.6135
vn 0.1741 0.2295 0.9576
vn 0.4799 0.4720 0.7395
vn 0.4897 0.4818 0.7267
vn 0.5615 0.6485 0.5140
vn 0.1181 0.8818 0.4566
vn -0.2283 0.3150 0.9212
vn 0.0631 -0.1500 0.9867
vn 0.3235 0.1183 0.9388
vn 0.7262 0.2526 0.6394
vn 0.9826 -0.1493 -0.1101
vn 0.1101 0.7942 -0.5976
vn 0.5592 0.8034 -0.2048
vn -0.8920 0.4147 0.1800
vn -0.8953 -0.0707 0.4398
vn -0.0548 -0.4149 0.9082
vn 0.5214 0.0158 0.8532
vn 0.3305 0.2676 0.9051
vn 0.0470 -0.6661 0.7444
vn 0.4245 0.3144 0.8491
vn 0.7964 0.2287 0.5598
vn 0.9249 0.1107 0.3637
vn 0.9534 -0.2521 -0.1655
vn 0.8343 0.0944 0.5431
vn 0.6298 0.1417 0.7637
vn 0.3955 0.1740 0.9018
vn 0.9598 0.0551 0.2753
vn 0.9166 0.3160 0.2450
vn 0.8109 0.1732 0.5590
vn 0.5296 0.0632 0.8459
vn 0.3300 -0.0627 0.9419
vn 0.9710 0.0316 -0.2368
vn 0.9313 0.3157 -0.1815
vn 0.6708 0.6945 0.2604
vn 0.6632 0.5132 0.5448
vn 0.4272 0.5143 0.7437
vn 0.2054 0.4345 0.8769
vn -0.1571 0.8720 0.4635
vn -0.3470 0.8832 0.3154
vn -0.4179 0.5362 0.7333
vn -0.2518 0.4485 0.8576
vn -0.0238 0.8473 0.5306
vn -0.0236 0.6283 0.7776
vn 0.1180 0.8736 0.4722
vn 0.3163 0.8856 0.3400
vn -0.0157 0.9289 0.3700
vn -0.7229 0.6600 0.2043
vn -0.4630 0.3061 0.8318
vn -0.7284 0.2585 0.6345
vn -0.2989 0.1416 0.9437
vn -0.7398 0.2755 0.6139
vn -0.8228 0.1489 0.5485
vn -0.8331 0.2122 0.5108
vn -0.7406 0.4255 0.5200
vn -0.6848 0.1338 0.7163
vn -0.5169 0.0627 0.8537
vn -0.3137 -0.0314 0.9490
vn -0.4549 -0.0863 0.8863
vn -0.4088 0.1729 0.8961
vn -0.6267 0.1724 0.7599
vn -0.7894 0.3204 0.5236
vn -0.7823 0.1252 0.6102
vn -0.4257 0.2838 0.8592
vn -0.7351 -0.1330 0.6647
vn -0.4561 0.3853 0.8022
vn 0.0078 -0.7598 0.6501
vn 0.0395 0.4182 0.9075
vn 0.4991 0.3327 0.8001
vn 0.7727 -0.2839 0.5677
vn 0.4659 0.2053 0.8607
vn -0.1022 0.2909 0.9513
vn -0.5429 0.1888 0.8183
vn -0.2125 -0.1338 0.9680
vn 0.7764 0.1585 0.6100
vn 0.1883 -0.6905 0.6984
vn 0.0860 -0.7351 0.6725
vn -0.1254 -0.7132 0.6897
vn -0.2195 -0.6114 0.7603
vn 0.2839 -0.4968 0.8201
vn 0.9165 -0.0632 0.3950
vn -0.0944 0.3383 0.9363
vn -0.4863 0.5648 0.6667
vn -0.4709 0.5179 0.7141
vn -0.4807 0.6619 0.5752
vn -0.6838 0.4794 0.5501
vn -0.5912 0.6228 0.5124
vn -0.5871 0.7985 -0.1331
vn -0.1967 0.7946 -0.5743
vn 0.9270 0.3535 0.1257
vn -0.2908 0.3930 0.8724
vn -0.5884 0.4079 0.6982
vn -0.3697 0.4405 0.8181
vn -0.2196 0.8863 -0.4078
vn -0.0630 0.6694 0.7402
vn -0.1105 0.9547 -0.2762
vn 0.3636 0.4664 0.8064
vn 0.5615 0.4350 0.7039
vn 0.1259 0.8889 -0.4405
vn 0.5864 -0.5239 -0.6178
vn 0.2278 0.5182 -0.8244
vn 0.9030 0.2198 -0.3690
vn 0.9838 -0.1416 0.1102
vn -0.2440 -0.2519 0.9365
vn -0.9048 0.3744 0.2028
vn -0.2127 0.2757 0.9374
vn 0.4958 -0.0708 0.8656
vn 0.9764 0.1811 0.1181
vn 0.9605 -0.1181 0.2519
vn 0.9098 -0.3843 -0.1569
vn 0.5869 -0.2817 -0.7591
vn -0.7806 0.6010 -0.1717
vn -0.4754 0.2806 -0.8339
vn -0.1255 0.3766 -0.9179
vn 0.8714 -0.3768 0.3140
vn 0.4538 -0.4538 -0.7668
vn -0.7786 0.1246 -0.6151
vn 0.8936 -0.4311 0.1254
vn 0.9530 -0.2757 0.1260
vn 0.8404 -0.5419 0.0079
vn 0.9985 -0.0550 0.0079
vn 0.9962 -0.0079 0.0870
vn 0.9694 0.1655 0.1813
vn 0.9835 -0.0079 0.1810
vn 0.9651 -0.0392 0.2589
vn 0.6816 -0.6816 -0.2664
vn 0.9434 -0.2673 0.1965
vn 0.9539 0.0709 -0.2917
vn 0.8935 -0.2195 -0.3919
vn 0.6365 0.1179 -0.7622
vn 0.7665 0.5294 -0.3635
vn 0.8559 0.2591 -0.4476
vn 0.9710 0.0316 -0.2369
vn 0.8176 -0.5739 -0.0472
vn 0.7595 0.0475 0.6487
vn 0.5942 -0.7505 0.2893
vn 0.8227 -0.5641 0.0705
vn 0.8679 0.2682 0.4181
vn 0.0949 0.6248 0.7750
vn -0.0079 -0.7952 0.6063
vn 0.0078 -0.9969 -0.0779
vn 0.0079 -0.7598 0.6501
vn 0.7764 0.1584 0.6100
vn 0.7662 0.4661 0.4423
vn -0.1421 0.6552 0.7420
vn -0.7348 -0.6097 0.2971
vn -0.6818 0.0627 0.7288
vn -0.0079 0.0870 0.9962
vn -0.0079 0.8121 0.5835
vn -0.6435 0.3610 0.6749
vn -0.7466 0.5187 0.4165
vn -0.8797 0.2435 0.4084
vn -0.6268 0.1724 0.7599
vn 0.6226 0.3468 0.7015
vn 0.7287 0.3406 0.5941
vn 0.4251 -0.1181 0.8974
vn 0.6077 0.1421 0.7813
vn -0.8082 -0.5440 0.2254
vn -0.7130 -0.6660 0.2194
vn -0.8988 -0.2814 0.3361
vn -0.9012 -0.0940 0.4232
vn -0.7222 0.3062 0.6202
vn -0.8908 -0.4532 0.0313
vn -0.5320 -0.7198 0.4459
vn -0.8724 -0.0393 0.4873
vn 0.0863 -0.8313 0.5490
vn 0.0235 -0.8082 0.5885
vn -0.4789 -0.1963 0.8557
vn -0.5041 0.3544 0.7876
vn -0.4643 0.6532 0.5981
vn -0.0315 -0.1809 0.9830
vn 0.2608 0.9642 -0.0474
vn 0.9479 0.1264 0.2923
vn 0.9425 -0.2906 0.1650
vn 0.9499 -0.2826 0.1335
vn 0.8874 0.1099 -0.4477
vn 0.3766 0.8317 -0.4080
vn -0.3548 0.9066 0.2286
vn 0.2526 0.8051 -0.5367
vn 0.0391 -0.5324 -0.8456
vn 0.2509 -0.5333 -0.8078
vn -0.0078 -0.9999 -0.0078
vn 0.4869 -0.5341 -0.6911
vn 0.6579 -0.5325 -0.5326
vn 0.7781 -0.5345 -0.3301
vn 0.8431 -0.5357 0.0473
vn 0.7939 -0.5423 0.2751
vn 0.6748 -0.5335 0.5100
vn -0.1960 -0.5331 0.8231
vn -0.6331 -0.5315 0.5628
vn -0.8412 -0.5297 0.1091
vn -0.8381 -0.5326 -0.1175
vn -0.6331 -0.5315 -0.5627
vn -0.1953 0.7424 -0.6408
vn -0.7687 0.2510 0.5883
vn -0.7029 0.3671 -0.6092
vn 0.3767 0.0235 -0.9260
vn -0.9151 -0.1252 0.3832
vn 0.1017 -0.3286 -0.9390
vn 0.6682 -0.2044 -0.7153
vn 0.9056 -0.3938 0.1575
vn 0.9414 -0.3373 -0.0000
vn -0.0472 -0.4561 0.8887
vn 0.4107 -0.2211 0.8845
vn -0.9151 -0.1251 0.3832
vn 0.9838 -0.1417 0.1102
vn -0.5656 0.6284 0.5341
vn 0.8485 0.2617 0.4599
vn 0.9520 -0.1338 -0.2754
vn 0.7225 -0.0236 -0.6910
vn 0.5760 0.6234 0.5287
vn -0.7481 -0.6624 0.0390
vn -0.7351 -0.1329 0.6648
vn 0.1017 0.2191 -0.9704
vn 0.3366 0.4305 -0.8375
vn 0.5592 0.8033 -0.2048
vn 0.1096 0.5091 -0.8537
vn -0.3441 -0.9306 0.1251
vn -0.8101 -0.5530 0.1947
vn -0.0548 -0.4150 0.9082
vn -0.9951 -0.0940 -0.0313
vn -0.8799 0.0078 -0.4750
vn 0.8895 -0.0866 -0.4487
vn 0.9848 -0.1339 -0.1103
vn 0.9177 -0.3922 0.0627
vn 0.5255 -0.8314 0.1804
vn 0.0545 -0.9897 0.1325
vn -0.0469 0.5469 -0.8359
vn -0.1329 0.5552 -0.8210
vn -0.3359 0.4765 -0.8125
vn -0.1099 0.2355 -0.9656
vn 0.8822 -0.1418 -0.4490
vn 0.9093 -0.2822 -0.3057
vn 0.7905 -0.5478 -0.2739
vn 0.9565 -0.2901 -0.0314
vn 0.6077 0.1421 0.7814
vt 0.467529 0.498535
vt 0.469482 0.508545
vt 0.481201 0.526123
vt 0.471436 0.513672
vt 0.936035 0.965607
vt 0.936035 0.965607
vt 0.951660 0.995403
vt 0.919922 0.935852
vt 0.967285 0.966217
vt 0.919922 0.935852
vt 0.889160 0.993202
vt 0.979980 0.928528
vt 0.918457 0.928101
vt 0.918457 0.928101
vt 0.979980 0.928528
vt 0.982910 0.937134
vt 0.967285 0.966217
vt 0.951660 0.993202
vt 0.982910 0.937134
vt 0.856934 0.926025
vt 0.577637 0.993202
vt 0.609375 0.933716
vt 0.546875 0.935730
vt 0.609863 0.926025
vt 0.671875 0.926636
vt 0.671387 0.934448
vt 0.733398 0.927734
vt 0.733398 0.935730
vt 0.795410 0.926636
vt 0.795898 0.934448
vt 0.857910 0.933716
vt 0.889160 0.993202
vt 0.829590 0.991501
vt 0.766602 0.991806
vt 0.857910 0.933716
vt 0.829590 0.991501
vt 0.795898 0.934448
vt 0.766602 0.991806
vt 0.733398 0.935730
vt 0.700684 0.991806
vt 0.700684 0.991806
vt 0.671387 0.934448
vt 0.637695 0.991501
vt 0.637695 0.991501
vt 0.609375 0.933716
vt 0.577637 0.993202
vt 0.546875 0.935730
vt 0.515625 0.995300
vt 0.515625 0.992901
vt 0.484375 0.937134
vt 0.548340 0.928040
vt 0.609863 0.926025
vt 0.484375 0.937134
vt 0.548340 0.928040
vt 0.487305 0.928528
vt 0.487305 0.928528
vt 0.671875 0.926636
vt 0.733398 0.927734
vt 0.795410 0.926636
vt 0.856934 0.926025
vt 0.230347 0.084961
vt 0.223999 0.107422
vt 0.214478 0.101562
vt 0.215332 0.076172
vt 0.240601 0.087891
vt 0.235596 0.086426
vt 0.241211 0.062988
vt 0.229492 0.109375
vt 0.218506 0.135254
vt 0.210693 0.127441
vt 0.187256 0.113281
vt 0.222290 0.139648
vt 0.234985 0.111328
vt 0.242554 0.108887
vt 0.247192 0.088867
vt 0.225952 0.144043
vt 0.235352 0.135254
vt 0.255615 0.116211
vt 0.261719 0.084961
vt 0.251953 0.068848
vt 0.246338 0.063965
vt 0.269775 0.088867
vt 0.222778 0.055664
vt 0.236694 0.062012
vt 0.248169 0.049316
vt 0.255371 0.053711
vt 0.260986 0.066406
vt 0.271484 0.062500
vt 0.265381 0.044922
vt 0.279785 0.059570
vt 0.274902 0.040527
vt 0.298584 0.029297
vt 0.260498 0.020020
vt 0.245728 0.029785
vt 0.242188 0.045410
vt 0.230591 0.041016
vt 0.314453 0.054199
vt 0.318604 0.028320
vt 0.372559 0.026367
vt 0.506836 0.053223
vt 0.568359 0.050293
vt 0.545898 0.125000
vt 0.513184 0.123535
vt 0.481689 0.119141
vt 0.443604 0.049316
vt 0.432373 0.104980
vt 0.367432 0.061035
vt 0.312744 0.068359
vt 0.539551 0.179688
vt 0.560547 0.191895
vt 0.606934 0.165039
vt 0.595703 0.118652
vt 0.632812 0.119141
vt 0.628418 0.095215
vt 0.659668 0.097656
vt 0.629883 0.153320
vt 0.662109 0.121094
vt 0.684570 0.104980
vt 0.680664 0.084473
vt 0.654785 0.078125
vt 0.623535 0.073730
vt 0.669922 0.144531
vt 0.673340 0.062500
vt 0.648926 0.059082
vt 0.618164 0.050781
vt 0.615234 0.020508
vt 0.625000 0.014648
vt 0.646973 0.046387
vt 0.667480 0.048340
vt 0.653320 0.226074
vt 0.699219 0.237305
vt 0.670898 0.281738
vt 0.677734 0.197754
vt 0.623535 0.194336
vt 0.646973 0.174805
vt 0.699219 0.170898
vt 0.691406 0.142578
vt 0.704590 0.147461
vt 0.704102 0.131836
vt 0.711426 0.211914
vt 0.720215 0.131836
vt 0.716797 0.135742
vt 0.709473 0.147949
vt 0.711426 0.160645
vt 0.721191 0.181152
vt 0.732422 0.229492
vt 0.726074 0.263672
vt 0.707520 0.298828
vt 0.746094 0.189453
vt 0.666992 0.287109
vt 0.630371 0.262207
vt 0.584961 0.229004
vt 0.624512 0.265625
vt 0.586426 0.270020
vt 0.576660 0.237305
vt 0.554688 0.201172
vt 0.536621 0.189453
vt 0.513672 0.178711
vt 0.488525 0.184570
vt 0.545898 0.392090
vt 0.550781 0.344238
vt 0.581055 0.348145
vt 0.550293 0.332031
vt 0.587891 0.320312
vt 0.582520 0.304199
vt 0.605469 0.306152
vt 0.603516 0.280762
vt 0.611328 0.277832
vt 0.612305 0.271973
vt 0.617676 0.281250
vt 0.545898 0.255371
vt 0.539062 0.215332
vt 0.542969 0.306152
vt 0.514160 0.308105
vt 0.515625 0.332520
vt 0.479248 0.335449
vt 0.482178 0.352539
vt 0.423584 0.338379
vt 0.433105 0.319336
vt 0.446045 0.365234
vt 0.440674 0.266602
vt 0.477783 0.261230
vt 0.433105 0.284180
vt 0.485352 0.310059
vt 0.512207 0.255859
vt 0.402344 0.202637
vt 0.475586 0.204102
vt 0.432861 0.266602
vt 0.475586 0.213867
vt 0.487305 0.219238
vt 0.512695 0.218262
vt 0.513184 0.188965
vt 0.489990 0.195312
vt 0.362305 0.095703
vt 0.356201 0.139648
vt 0.298828 0.110840
vt 0.296875 0.143555
vt 0.259521 0.143066
vt 0.257324 0.172363
vt 0.252930 0.168945
vt 0.225586 0.170410
vt 0.239380 0.157715
vt 0.254395 0.142578
vt 0.261963 0.114258
vt 0.276855 0.083496
vt 0.268799 0.078613
vt 0.213501 0.162109
vt 0.207397 0.160156
vt 0.201294 0.158203
vt 0.197388 0.148926
vt 0.190186 0.173828
vt 0.186768 0.189453
vt 0.195435 0.182617
vt 0.205078 0.188477
vt 0.220947 0.187500
vt 0.143799 0.198730
vt 0.143921 0.175781
vt 0.195557 0.209961
vt 0.208252 0.206055
vt 0.223389 0.197266
vt 0.250977 0.202148
vt 0.253662 0.207031
vt 0.243042 0.206055
vt 0.243652 0.220703
vt 0.247681 0.231445
vt 0.246460 0.246094
vt 0.261475 0.215820
vt 0.382812 0.234863
vt 0.355469 0.248535
vt 0.350098 0.184082
vt 0.294678 0.175781
vt 0.301758 0.204102
vt 0.264893 0.259277
vt 0.308594 0.232422
vt 0.327393 0.245117
vt 0.375000 0.292969
vt 0.316650 0.291504
vt 0.381104 0.294922
vt 0.396729 0.296875
vt 0.375977 0.321289
vt 0.315186 0.295410
vt 0.902344 0.460938
vt 0.934082 0.453613
vt 0.925781 0.594238
vt 0.841309 0.829590
vt 0.773926 0.840454
vt 0.758301 0.752319
vt 0.854004 0.735352
vt 0.838867 0.586670
vt 0.875977 0.458496
vt 0.922852 0.425781
vt 0.936035 0.355469
vt 0.974121 0.342285
vt 0.984863 0.451660
vt 0.752441 0.582275
vt 0.757812 0.466797
vt 0.810547 0.335449
vt 0.817383 0.298340
vt 0.851074 0.317383
vt 0.781250 0.339844
vt 0.798828 0.368164
vt 0.773926 0.372070
vt 0.844727 0.467773
vt 0.875000 0.396973
vt 0.799316 0.279785
vt 0.894531 0.354004
vt 0.927734 0.354492
vt 0.905273 0.333008
vt 0.833984 0.348633
vt 0.835938 0.370117
vt 0.049683 0.100098
vt 0.007500 0.083984
vt 0.069580 0.100098
vt 0.009094 0.012207
vt 0.113342 0.014648
vt 0.110840 0.069336
vt 0.394531 0.590576
vt 0.406250 0.653809
vt 0.391113 0.632568
vt 0.394775 0.660889
vt 0.383545 0.690918
vt 0.388916 0.704590
vt 0.379395 0.705322
vt 0.379883 0.699951
vt 0.374268 0.690918
vt 0.368164 0.673828
vt 0.370117 0.669189
vt 0.376953 0.634521
vt 0.383545 0.595459
vt 0.358887 0.700195
vt 0.367188 0.705078
vt 0.363525 0.714111
vt 0.355469 0.712402
vt 0.361084 0.694824
vt 0.351562 0.711426
vt 0.328369 0.718018
vt 0.337158 0.753052
vt 0.371826 0.735596
vt 0.384521 0.716797
vt 0.352295 0.698975
vt 0.398438 0.706787
vt 0.404297 0.720947
vt 0.385986 0.772583
vt 0.323242 0.794556
vt 0.294189 0.754395
vt 0.238770 0.784424
vt 0.261475 0.733398
vt 0.208984 0.753906
vt 0.245728 0.701416
vt 0.273682 0.819214
vt 0.427979 0.650391
vt 0.442627 0.704590
vt 0.414062 0.690430
vt 0.426758 0.759766
vt 0.402588 0.813232
vt 0.353271 0.852173
vt 0.292969 0.867188
vt 0.242798 0.859741
vt 0.405029 0.685791
vt 0.415771 0.587646
vt 0.408203 0.525391
vt 0.446045 0.519287
vt 0.361816 0.527344
vt 0.351318 0.531006
vt 0.299805 0.503418
vt 0.305908 0.465332
vt 0.279053 0.479004
vt 0.268311 0.437012
vt 0.255371 0.454590
vt 0.234253 0.440430
vt 0.221558 0.458984
vt 0.197388 0.450684
vt 0.230103 0.419434
vt 0.275879 0.517578
vt 0.287598 0.504883
vt 0.307373 0.421387
vt 0.260254 0.411133
vt 0.221680 0.403320
vt 0.182983 0.428223
vt 0.161987 0.460449
vt 0.289551 0.382812
vt 0.258057 0.397461
vt 0.284668 0.376465
vt 0.099487 0.526611
vt 0.113159 0.470703
vt 0.118042 0.492676
vt 0.144897 0.441406
vt 0.178101 0.414551
vt 0.213379 0.387207
vt 0.228027 0.382324
vt 0.173218 0.400391
vt 0.137573 0.424805
vt 0.130127 0.407715
vt 0.162231 0.483398
vt 0.124573 0.521729
vt 0.208984 0.477051
vt 0.179077 0.489258
vt 0.162598 0.515381
vt 0.160278 0.557373
vt 0.125000 0.566406
vt 0.187988 0.612061
vt 0.193726 0.550537
vt 0.196045 0.517822
vt 0.220581 0.503418
vt 0.235474 0.475586
vt 0.252197 0.465820
vt 0.264404 0.474609
vt 0.264893 0.512451
vt 0.240479 0.485840
vt 0.255859 0.541992
vt 0.235596 0.520264
vt 0.232056 0.506836
vt 0.223145 0.520264
vt 0.232056 0.534912
vt 0.241333 0.542480
vt 0.230591 0.552490
vt 0.213623 0.579834
vt 0.219360 0.610107
vt 0.230347 0.670410
vt 0.246948 0.609375
vt 0.284180 0.652344
vt 0.243530 0.563965
vt 0.249023 0.546875
vt 0.264893 0.556885
vt 0.279297 0.533203
vt 0.270996 0.561768
vt 0.275879 0.570801
vt 0.287842 0.537109
vt 0.310547 0.532715
vt 0.336670 0.541016
vt 0.315918 0.541748
vt 0.305664 0.562500
vt 0.282471 0.568848
vt 0.275635 0.608398
vt 0.285645 0.608154
vt 0.309326 0.610840
vt 0.319824 0.561279
vt 0.330566 0.548096
vt 0.364746 0.600342
vt 0.371826 0.632812
vt 0.358398 0.629150
vt 0.332031 0.606689
vt 0.315186 0.637207
vt 0.293701 0.656006
vt 0.295410 0.671143
vt 0.326416 0.661865
vt 0.338135 0.669678
vt 0.312988 0.690186
vt 0.340332 0.626953
vt 0.341797 0.655029
vt 0.343994 0.657715
vt 0.306641 0.701172
vt 0.324219 0.701172
vt 0.326172 0.691406
vt 0.289062 0.678223
vt 0.298096 0.724609
vt 0.362305 0.678223
vt 0.351074 0.676758
vt 0.351318 0.669678
vt 0.347656 0.659424
vt 0.354248 0.656006
vt 0.363281 0.659668
vt 0.374268 0.597412
vt 0.170898 0.153320
vt 0.178467 0.147949
vt 0.185059 0.164551
vt 0.177368 0.167480
vt 0.144043 0.152344
vt 0.185791 0.142578
vt 0.114197 0.172852
vt 0.116882 0.148438
vt 0.088440 0.162109
vt 0.097351 0.141602
vt 0.112976 0.112305
vt 0.102661 0.117188
vt 0.079956 0.129883
vt 0.059082 0.164062
vt 0.079590 0.182129
vt 0.111450 0.197266
vt 0.113953 0.104980
vt 0.176270 0.117676
vt 0.165283 0.122559
vt 0.144531 0.117188
vt 0.125366 0.117676
vt 0.121887 0.078613
vt 0.113892 0.092773
vt 0.162476 0.084473
vt 0.165649 0.088867
vt 0.138306 0.066406
vt 0.153198 0.047363
vt 0.175537 0.057129
vt 0.160889 0.034180
vt 0.190918 0.037109
vt 0.181885 0.059570
vt 0.201782 0.043457
vt 0.189941 0.061523
vt 0.177002 0.088867
vt 0.188599 0.088867
vt 0.197876 0.063477
vt 0.212036 0.049316
vt 0.222778 0.036133
vt 0.213013 0.028320
vt 0.223267 0.012207
vt 0.231079 0.019531
vt 0.222656 0.010254
vt 0.221680 0.011230
vt 0.190796 0.030273
vt 0.217651 0.012207
vt 0.442871 0.828613
vt 0.438477 0.818481
vt 0.450684 0.819702
vt 0.450195 0.831299
vt 0.463623 0.830933
vt 0.468018 0.820190
vt 0.470215 0.834229
vt 0.426025 0.838501
vt 0.423584 0.827515
vt 0.435059 0.778076
vt 0.467529 0.782715
vt 0.483154 0.824219
vt 0.504883 0.827026
vt 0.501953 0.836792
vt 0.504883 0.795532
vt 0.416016 0.799683
vt 0.511719 0.835449
vt 0.518555 0.825073
vt 0.536621 0.803223
vt 0.537598 0.828735
vt 0.555664 0.833252
vt 0.554688 0.844238
vt 0.604492 0.830566
vt 0.601074 0.819702
vt 0.612793 0.818726
vt 0.532715 0.837402
vt 0.604980 0.785522
vt 0.624512 0.809814
vt 0.660645 0.787476
vt 0.664062 0.798462
vt 0.631348 0.818604
vt 0.617188 0.828491
vt 0.654785 0.745117
vt 0.681152 0.758911
vt 0.682129 0.787720
vt 0.684570 0.798218
vt 0.673340 0.413574
vt 0.684570 0.411621
vt 0.684570 0.458984
vt 0.565430 0.394043
vt 0.596680 0.379395
vt 0.610840 0.404785
vt 0.638672 0.374023
vt 0.646973 0.413086
vt 0.674316 0.396484
vt 0.696289 0.400391
vt 0.705078 0.408691
vt 0.735840 0.448242
vt 0.634277 0.351074
vt 0.665527 0.345703
vt 0.709473 0.388184
vt 0.712402 0.394043
vt 0.654785 0.319336
vt 0.667480 0.318848
vt 0.673828 0.343262
vt 0.684082 0.372559
vt 0.687012 0.343262
vt 0.694824 0.368652
vt 0.680176 0.315918
vt 0.908691 0.908447
vt 0.904785 0.877014
vt 0.929199 0.877808
vt 0.940430 0.902405
vt 0.936035 0.872070
vt 0.960938 0.868774
vt 0.972168 0.888428
vt 0.972168 0.858032
vt 0.978027 0.857178
vt 0.992188 0.866943
vt 0.989258 0.851929
vt 0.975586 0.848145
vt 0.968750 0.851196
vt 0.957031 0.861450
vt 0.935547 0.865601
vt 0.926270 0.869507
vt 0.986816 0.843628
vt 0.904297 0.869995
vt 0.894531 0.880127
vt 0.886230 0.905640
vt 0.885254 0.881958
vt 0.876953 0.883423
vt 0.884766 0.874756
vt 0.876953 0.875000
vt 0.860352 0.872314
vt 0.892090 0.873291
vt 0.862305 0.878906
vt 0.853516 0.880859
vt 0.859375 0.884155
vt 0.852539 0.888123
vt 0.854004 0.890808
vt 0.858887 0.892456
vt 0.863281 0.903748
vt 0.857910 0.933716
vt 0.919922 0.935852
vt 0.889160 0.993202
vt 0.857422 0.929810
vt 0.795410 0.930542
vt 0.795898 0.934448
vt 0.733398 0.931702
vt 0.733398 0.935730
vt 0.671387 0.930542
vt 0.671387 0.934448
vt 0.609863 0.929810
vt 0.609375 0.933716
vt 0.547852 0.931946
vt 0.546875 0.935730
vt 0.577637 0.993202
vt 0.766602 0.991806
vt 0.637695 0.991501
vt 0.700684 0.991806
vt 0.733398 0.927734
vt 0.795410 0.926636
vt 0.671875 0.926636
vt 0.609863 0.926025
vt 0.548340 0.928040
vt 0.487305 0.928528
vt 0.485840 0.932800
vt 0.484375 0.937134
vt 0.515625 0.995300
vt 0.881836 0.032715
vt 0.882812 0.030762
vt 0.908691 0.042480
vt 0.854004 0.028809
vt 0.856934 0.124512
vt 0.907715 0.043945
vt 0.927734 0.062500
vt 0.942383 0.085449
vt 0.948242 0.110840
vt 0.947754 0.136230
vt 0.942871 0.160156
vt 0.931641 0.180664
vt 0.950195 0.136719
vt 0.944336 0.160645
vt 0.950684 0.110840
vt 0.943848 0.084961
vt 0.929688 0.061035
vt 0.918945 0.027344
vt 0.943848 0.049316
vt 0.960938 0.077637
vt 0.968750 0.107910
vt 0.968750 0.138672
vt 0.961914 0.167480
vt 0.933105 0.181641
vt 0.864746 0.217285
vt 0.864746 0.219727
vt 0.835938 0.218750
vt 0.891113 0.211914
vt 0.892090 0.213867
vt 0.914062 0.198730
vt 0.915527 0.200195
vt 0.948242 0.192871
vt 0.927246 0.215332
vt 0.898926 0.231445
vt 0.866699 0.238770
vt 0.832520 0.237305
vt 0.808105 0.209473
vt 0.760742 0.142578
vt 0.758789 0.143066
vt 0.757324 0.113770
vt 0.770020 0.168945
vt 0.768066 0.169922
vt 0.785645 0.191895
vt 0.784668 0.192871
vt 0.809082 0.208008
vt 0.836426 0.216797
vt 0.799316 0.226562
vt 0.771484 0.206055
vt 0.751465 0.178711
vt 0.740234 0.146484
vt 0.738770 0.111816
vt 0.764160 0.085449
vt 0.825684 0.032715
vt 0.825195 0.030762
vt 0.854004 0.026855
vt 0.800293 0.043945
vt 0.799316 0.042480
vt 0.779785 0.062500
vt 0.778320 0.061523
vt 0.766113 0.086426
vt 0.759766 0.114258
vt 0.747070 0.078613
vt 0.764160 0.049316
vt 0.789062 0.026855
vt 0.819824 0.013184
vt 0.854004 0.008301
vt 0.887695 0.013184
vt 0.385986 0.896301
vt 0.394287 0.898438
vt 0.389648 0.933655
vt 0.380127 0.930908
vt 0.402100 0.899902
vt 0.400146 0.934814
vt 0.397949 0.969604
vt 0.384766 0.968719
vt 0.374268 0.965424
vt 0.372070 0.893555
vt 0.379883 0.854980
vt 0.395020 0.867310
vt 0.370605 0.927917
vt 0.369141 0.962402
vt 0.350098 0.967407
vt 0.334473 0.988403
vt 0.369629 0.997601
vt 0.385986 0.833252
vt 0.395996 0.822876
vt 0.386475 0.992603
vt 0.409180 0.970612
vt 0.411133 0.935852
vt 0.413086 0.901001
vt 0.417480 0.860352
vt 0.426758 0.859619
vt 0.423096 0.903809
vt 0.403564 0.997101
vt 0.429199 0.937134
vt 0.435547 0.970413
vt 0.453125 0.981613
vt 0.400146 0.862061
vt 0.406250 0.860718
vt 0.406250 0.817993
vt 0.415283 0.814697
vt 0.044678 0.258789
vt 0.040283 0.261230
vt 0.028198 0.247559
vt 0.034790 0.241699
vt 0.015900 0.206543
vt 0.031982 0.201172
vt 0.104675 0.202637
vt 0.093384 0.241211
vt 0.076172 0.231934
vt 0.087952 0.194336
vt 0.060699 0.190918
vt 0.061676 0.230469
vt 0.043976 0.237793
vt 0.049072 0.257812
vt 0.035583 0.318359
vt 0.056671 0.419434
vt 0.041199 0.417969
vt 0.050293 0.372070
vt 0.039185 0.369629
vt 0.043182 0.324219
vt 0.052673 0.324219
vt 0.061890 0.254883
vt 0.069580 0.255371
vt 0.032288 0.361816
vt 0.017899 0.406250
vt 0.026489 0.414551
vt 0.013496 0.422852
vt 0.069153 0.411133
vt 0.057770 0.372559
vt 0.064697 0.367188
vt 0.057495 0.324707
vt 0.065674 0.321777
vt 0.083862 0.260742
vt 0.085449 0.260254
vt 0.098877 0.247070
vt 0.100098 0.262695
vt 0.098083 0.267090
vt 0.068970 0.320801
vt 0.072388 0.364746
vt 0.093079 0.407227
vt 0.084778 0.417969
vt 0.322510 0.299316
vt 0.306396 0.301270
vt 0.321289 0.330566
vt 0.288818 0.300781
vt 0.281738 0.310059
vt 0.276611 0.314941
vt 0.267090 0.327637
vt 0.275635 0.356445
vt 0.291504 0.379883
vt 0.318604 0.386230
vt 0.344971 0.378418
vt 0.362549 0.361328
vt 0.375977 0.333496
vt 0.368164 0.319824
vt 0.363770 0.314453
vt 0.355957 0.301758
vt 0.338867 0.302246
vt 0.101562 0.853149
vt 0.076477 0.728027
vt 0.163452 0.838501
vt 0.028992 0.915710
vt 0.038483 0.954315
vt 0.027298 0.964020
vt 0.011894 0.917114
vt 0.039093 0.860229
vt 0.025589 0.859009
vt 0.070374 0.708008
vt 0.174072 0.829590
vt 0.194702 0.881958
vt 0.115173 0.922729
vt 0.092590 0.967926
vt 0.070679 0.973907
vt 0.099976 0.980103
vt 0.068665 0.988304
vt 0.185791 0.964508
vt 0.153442 0.969315
vt 0.155396 0.955200
vt 0.117859 0.935242
vt 0.200684 0.921448
vt 0.178467 0.952118
vt 0.214844 0.925903
vt 0.209717 0.876709
vt 0.829590 0.991501
vt 0.029587 0.689209
vt 0.041290 0.688965
vt 0.042480 0.701904
vt 0.026886 0.703125
vt 0.054596 0.663086
vt 0.044800 0.666016
vt 0.045197 0.637939
vt 0.046783 0.686279
vt 0.038879 0.664795
vt 0.029999 0.665527
vt 0.020691 0.687988
vt 0.017487 0.700928
vt 0.023697 0.716064
vt 0.045288 0.631348
vt 0.035980 0.636719
vt 0.023285 0.639893
vt 0.014297 0.644287
vt 0.021088 0.666504
vt 0.015198 0.618164
vt 0.033295 0.613037
vt 0.046173 0.628662
vt 0.065063 0.630615
vt 0.062744 0.634521
vt 0.059998 0.640381
vt 0.010300 0.639404
vt 0.005600 0.640625
vt 0.045898 0.716064
vt 0.048798 0.701172
vt 0.061493 0.683350
vt 0.070251 0.694580
vt 0.472656 0.854004
vt 0.486572 0.852661
vt 0.483643 0.880615
vt 0.472900 0.882324
vt 0.487793 0.907349
vt 0.474609 0.910828
vt 0.459229 0.903748
vt 0.461182 0.882141
vt 0.458496 0.854248
vt 0.455322 0.846313
vt 0.472656 0.847534
vt 0.486816 0.845093
vt 0.476807 0.922729
vt 0.457275 0.907532
vt 0.445068 0.906006
vt 0.448730 0.900330
vt 0.450684 0.884033
vt 0.445557 0.857422
vt 0.443359 0.851562
vt 0.497314 0.851562
vt 0.491699 0.855469
vt 0.489746 0.882324
vt 0.497559 0.896606
vt 0.502930 0.900513
vt 0.491943 0.915527
vt 0.499512 0.458984
vt 0.503906 0.432617
vt 0.525879 0.435547
vt 0.528320 0.460938
vt 0.530762 0.480957
vt 0.501465 0.482422
vt 0.555664 0.455078
vt 0.545898 0.431152
vt 0.523438 0.416016
vt 0.543457 0.412598
vt 0.520508 0.389160
vt 0.561035 0.478027
vt 0.559082 0.500732
vt 0.533203 0.504395
vt 0.555664 0.413086
vt 0.563965 0.425293
vt 0.586914 0.418945
vt 0.577637 0.447754
vt 0.585938 0.470215
vt 0.590820 0.443848
vt 0.616699 0.443848
vt 0.636719 0.448730
vt 0.671875 0.459473
vt 0.676758 0.506592
vt 0.639160 0.503906
vt 0.634766 0.473145
vt 0.602051 0.472656
vt 0.620117 0.516113
vt 0.605957 0.493652
vt 0.584961 0.491699
vt 0.589355 0.501709
vt 0.601074 0.500977
vt 0.612305 0.520020
vt 0.600098 0.536865
vt 0.606445 0.553711
vt 0.636719 0.562256
vt 0.677734 0.565430
vt 0.593750 0.507812
vt 0.579590 0.522217
vt 0.601562 0.507324
vt 0.609375 0.519287
vt 0.597168 0.531006
vt 0.588379 0.547119
vt 0.588379 0.563721
vt 0.584961 0.536377
vt 0.597656 0.597900
vt 0.632324 0.614014
vt 0.662598 0.610352
vt 0.687988 0.587891
vt 0.643555 0.644531
vt 0.619141 0.647949
vt 0.598633 0.639893
vt 0.672363 0.634521
vt 0.659668 0.690918
vt 0.638184 0.673340
vt 0.602051 0.671143
vt 0.583984 0.675537
vt 0.722168 0.655029
vt 0.693359 0.704834
vt 0.653320 0.738037
vt 0.628906 0.713379
vt 0.608398 0.688477
vt 0.578125 0.687988
vt 0.558594 0.683105
vt 0.524414 0.710938
vt 0.505371 0.724609
vt 0.516113 0.698242
vt 0.533691 0.689941
vt 0.546875 0.710938
vt 0.545410 0.692627
vt 0.567383 0.701904
vt 0.588379 0.714844
vt 0.608887 0.764771
vt 0.550293 0.778931
vt 0.547363 0.724365
vt 0.488281 0.775024
vt 0.458496 0.735596
vt 0.496582 0.609375
vt 0.459229 0.576416
vt 0.482178 0.563721
vt 0.465088 0.627686
vt 0.456299 0.658936
vt 0.467529 0.685547
vt 0.489502 0.700195
vt 0.477783 0.661133
vt 0.494385 0.683350
vt 0.511230 0.686035
vt 0.526367 0.678223
vt 0.496826 0.650635
vt 0.526855 0.661865
vt 0.528320 0.643066
vt 0.516113 0.601562
vt 0.501465 0.570801
vt 0.522949 0.586182
vt 0.520996 0.576904
vt 0.545898 0.575195
vt 0.545898 0.571777
vt 0.570312 0.571289
vt 0.570801 0.579834
vt 0.565430 0.557373
vt 0.543945 0.555176
vt 0.523926 0.561768
vt 0.499512 0.555664
vt 0.486816 0.545166
vt 0.579102 0.593018
vt 0.565430 0.543701
vt 0.542480 0.541260
vt 0.520996 0.547119
vt 0.500977 0.544922
vt 0.490479 0.539795
vt 0.471436 0.513672
vt 0.484619 0.522217
vt 0.481201 0.526123
vt 0.468262 0.526611
vt 0.467529 0.498535
vt 0.463135 0.480957
vt 0.483887 0.497070
vt 0.479980 0.475586
vt 0.463135 0.451172
vt 0.481689 0.504883
vt 0.469482 0.508545
vt 0.493164 0.525635
vt 0.478271 0.512207
vt 0.508789 0.501953
vt 0.496582 0.517578
vt 0.517578 0.523438
vt 0.514648 0.534424
vt 0.534668 0.525391
vt 0.535156 0.537354
vt 0.552246 0.524658
vt 0.574219 0.513672
vt 0.556152 0.535889
vt 0.919434 0.931946
vt 0.967285 0.966217
vt 0.951660 0.995403
vt 0.936035 0.965607
vt 0.982910 0.937134
vt 0.981445 0.932800
vt 0.918457 0.928101
vt 0.856934 0.926025
vt 0.979980 0.928528
vt 0.687988 0.782837
vt 0.697754 0.773193
vt 0.695312 0.786621
vt 0.695801 0.725098
vt 0.708984 0.728760
vt 0.682617 0.886047
vt 0.664062 0.877136
vt 0.682617 0.834839
vt 0.692871 0.839355
vt 0.700195 0.840454
vt 0.699219 0.794067
vt 0.704590 0.786987
vt 0.709961 0.777588
vt 0.722168 0.776611
vt 0.688965 0.790894
vt 0.721680 0.730957
vt 0.735352 0.727539
vt 0.734863 0.776611
vt 0.739746 0.759033
vt 0.758301 0.768433
vt 0.746094 0.731934
vt 0.755859 0.788330
vt 0.690430 0.898315
vt 0.709961 0.843384
vt 0.723633 0.844116
vt 0.738281 0.837036
vt 0.749023 0.831177
vt 0.752441 0.889160
vt 0.765625 0.873901
vt 0.703125 0.914917
vt 0.734863 0.921814
vt 0.061493 0.589355
vt 0.036774 0.552002
vt 0.058594 0.549316
vt 0.128662 0.735107
vt 0.103394 0.697266
vt 0.143188 0.704102
vt 0.114746 0.645020
vt 0.074646 0.654053
vt 0.095459 0.571289
vt 0.064697 0.519531
vt 0.079468 0.483887
vt 0.147705 0.635010
vt 0.172485 0.692627
vt 0.191772 0.725098
vt 0.245483 0.831543
vt 0.221924 0.808228
vt 0.164551 0.787964
vt 0.135132 0.744873
vt 0.203979 0.831665
vt 0.180298 0.242676
vt 0.187500 0.232910
vt 0.211060 0.249512
vt 0.193115 0.272461
vt 0.175781 0.273438
vt 0.176025 0.223145
vt 0.210815 0.230469
vt 0.232422 0.239258
vt 0.236328 0.265625
vt 0.240845 0.286133
vt 0.184570 0.318359
vt 0.175781 0.316406
vt 0.140869 0.229492
vt 0.164307 0.232910
vt 0.171631 0.242676
vt 0.175903 0.240723
vt 0.176880 0.359863
vt 0.162231 0.358887
vt 0.166992 0.318359
vt 0.158569 0.272461
vt 0.131714 0.332031
vt 0.138428 0.354492
vt 0.146606 0.370605
vt 0.160522 0.380371
vt 0.175903 0.380859
vt 0.190674 0.358887
vt 0.220093 0.332031
vt 0.194824 0.381836
vt 0.207275 0.370117
vt 0.214111 0.353516
vt 0.428467 0.406738
vt 0.389404 0.423340
vt 0.381592 0.395020
vt 0.393066 0.460449
vt 0.434814 0.439453
vt 0.439453 0.475586
vt 0.347412 0.453613
vt 0.474854 0.399902
vt 0.461670 0.426758
vt 0.516602 0.344238
vt 0.496094 0.394531
vt 0.490479 0.416016
vt 0.486328 0.429199
vt 0.480469 0.454102
vt 0.502930 0.414551
vt 0.053986 0.438965
vt 0.088684 0.436523
vt 0.085266 0.445312
vt 0.068176 0.444336
vt 0.056000 0.447266
vt 0.060699 0.450195
vt 0.070557 0.449707
vt 0.066895 0.455566
vt 0.057281 0.480469
vt 0.068970 0.482910
vt 0.046783 0.507812
vt 0.043579 0.501709
vt 0.088867 0.453613
vt 0.115051 0.451660
vt 0.112000 0.436523
vt 0.088196 0.429199
vt 0.049988 0.428223
vt 0.109558 0.420410
vt 0.106445 0.400391
vt 0.939453 0.325684
vt 0.952148 0.324219
vt 0.938477 0.277832
vt 0.964355 0.318359
vt 0.975098 0.308105
vt 0.982422 0.295410
vt 0.985352 0.281250
vt 0.984863 0.268066
vt 0.980957 0.254883
vt 0.973633 0.244141
vt 0.963379 0.235352
vt 0.950684 0.229980
vt 0.937500 0.228516
vt 0.923828 0.229980
vt 0.910645 0.235840
vt 0.899414 0.245605
vt 0.891602 0.258789
vt 0.888672 0.272949
vt 0.889160 0.287109
vt 0.894043 0.300781
vt 0.902344 0.312500
vt 0.914062 0.320801
vt 0.926270 0.324707
vt 0.296387 0.890137
vt 0.313477 0.871460
vt 0.294434 0.915039
vt 0.287354 0.914001
vt 0.281738 0.914551
vt 0.299561 0.951416
vt 0.290771 0.964905
vt 0.309326 0.960205
vt 0.296875 0.985107
vt 0.275391 0.989204
vt 0.275146 0.970001
vt 0.259766 0.964020
vt 0.272705 0.915833
vt 0.250244 0.950500
vt 0.268799 0.914734
vt 0.252930 0.990303
vt 0.250244 0.965210
vt 0.229492 0.932800
vt 0.241943 0.943726
vt 0.260498 0.911255
vt 0.265869 0.880737
vt 0.274658 0.885132
vt 0.282715 0.892517
vt 0.235352 0.870605
vt 0.969238 0.596680
vt 0.931152 0.729736
vt 0.892578 0.822876
vt 0.895020 0.846069
vt 0.843750 0.866455
vt 0.805664 0.870361
vt 0.978027 0.728760
vt 0.970703 0.838745
vt 0.933105 0.836670
vt 0.922852 0.837891
vt 0.927734 0.852783
vt 0.142944 0.247559
vt 0.110962 0.286133
vt 0.115479 0.265625
vt 0.119080 0.238770
vt 0.295898 0.330566
vt 0.281738 0.310059
vt 0.288818 0.300781
vt 0.304199 0.337891
vt 0.314941 0.343750
vt 0.306396 0.301270
vt 0.291504 0.379883
vt 0.314697 0.345215
vt 0.320557 0.344727
vt 0.307617 0.343750
vt 0.275635 0.356445
vt 0.302002 0.341309
vt 0.294922 0.336914
vt 0.267090 0.327637
vt 0.293213 0.332520
vt 0.276611 0.314941
vt 0.350586 0.334961
vt 0.368164 0.319824
vt 0.375977 0.333496
vt 0.345459 0.339355
vt 0.362549 0.361328
vt 0.340576 0.341797
vt 0.344971 0.378418
vt 0.333496 0.344727
vt 0.326660 0.345215
vt 0.318604 0.386230
vt 0.322510 0.299316
vt 0.322021 0.344727
vt 0.328857 0.343262
vt 0.338867 0.302246
vt 0.355957 0.301758
vt 0.338379 0.338867
vt 0.346191 0.332031
vt 0.363770 0.314453
vt 0.689453 0.507324
vt 0.693848 0.568604
vt 0.703613 0.585205
vt 0.701660 0.602783
vt 0.738281 0.510010
vt 0.738281 0.555908
vt 0.733398 0.598389
vt 0.730957 0.608643
vt 0.567383 0.668457
vt 0.568359 0.651611
vt 0.566406 0.633057
s 1
usemtl QStatuesA_XHX_Mat_INST
f 1/1/1 2/2/2 3/3/3
f 3/3/3 2/2/2 4/4/4
f 5/5/5 6/6/6 7/7/7
f 8/8/8 5/5/5 9/9/9
f 6/6/6 5/5/5 8/8/8
f 8/8/8 10/10/10 6/6/6
f 11/11/11 10/10/10 8/8/8
f 12/12/12 13/13/13 14/14/14
f 14/14/14 15/15/15 12/12/12
f 15/15/15 14/14/14 8/8/8
f 8/8/8 16/16/16 15/15/15
f 9/9/9 16/16/16 8/8/8
f 16/16/16 9/9/9 17/17/17
f 7/7/7 17/17/17 9/9/9
f 9/9/9 18/18/18 7/7/7
f 7/7/7 18/18/18 5/5/5
f 18/18/18 9/9/9 5/5/5
f 17/17/17 19/19/19 16/16/16
f 8/8/8 14/14/14 20/20/20
f 21/21/21 22/22/22 23/23/23
f 23/23/23 22/22/22 24/24/24
f 25/25/25 24/24/24 22/22/22
f 22/22/22 26/26/26 25/25/25
f 27/27/27 25/25/25 26/26/26
f 26/26/26 28/28/28 27/27/27
f 29/29/29 27/27/27 28/28/28
f 28/28/28 30/30/30 29/29/29
f 20/20/20 29/29/29 30/30/30
f 30/30/30 31/31/31 20/20/20
f 20/20/20 31/31/31 8/8/8
f 32/32/32 8/8/8 31/31/31
f 33/33/33 31/31/31 30/30/30
f 34/34/34 30/30/30 28/28/28
f 8/8/8 32/32/32 11/11/11
f 35/35/35 11/11/11 32/32/32
f 32/32/32 31/31/31 35/35/35
f 36/36/36 35/35/35 31/31/31
f 31/31/31 33/33/33 36/36/36
f 37/37/37 36/36/36 33/33/33
f 33/33/33 30/30/30 37/37/37
f 38/38/38 37/37/37 30/30/30
f 30/30/30 34/34/34 38/38/38
f 39/39/39 38/38/38 34/34/34
f 34/34/34 28/28/28 39/39/39
f 40/40/40 39/39/39 28/28/28
f 28/28/28 41/41/41 40/40/40
f 42/42/42 40/40/40 41/41/41
f 41/41/41 26/26/26 42/42/42
f 43/43/43 42/42/42 26/26/26
f 26/26/26 44/44/44 43/43/43
f 45/45/45 43/43/43 44/44/44
f 44/44/44 22/22/22 45/45/45
f 46/46/46 45/45/45 22/22/22
f 41/41/41 28/28/28 26/26/26
f 44/44/44 26/26/26 22/22/22
f 22/22/22 21/21/21 46/46/46
f 47/47/47 46/46/46 21/21/21
f 21/21/21 23/23/23 47/47/47
f 48/48/48 47/47/47 23/23/23
f 23/23/23 49/49/49 48/48/48
f 48/48/48 49/49/49 50/50/50
f 49/49/49 23/23/23 50/50/50
f 50/50/50 23/23/23 51/51/51
f 24/24/24 51/51/51 23/23/23
f 51/51/51 24/24/24 52/52/52
f 50/50/50 53/53/53 48/48/48
f 52/52/52 54/54/54 51/51/51
f 55/55/55 51/51/51 54/54/54
f 51/51/51 55/55/55 50/50/50
f 54/54/54 56/56/56 55/55/55
f 57/57/57 52/52/52 24/24/24
f 24/24/24 25/25/25 57/57/57
f 58/58/58 57/57/57 25/25/25
f 25/25/25 27/27/27 58/58/58
f 59/59/59 58/58/58 27/27/27
f 27/27/27 29/29/29 59/59/59
f 60/60/60 59/59/59 29/29/29
f 29/29/29 20/20/20 60/60/60
f 13/13/13 60/60/60 20/20/20
f 20/20/20 14/14/14 13/13/13
f 61/61/61 62/62/62 63/63/63
f 63/63/63 64/64/64 61/61/61
f 65/65/65 66/66/66 67/67/67
f 67/67/67 66/66/66 61/61/61
f 61/61/61 66/66/66 68/68/68
f 68/68/68 62/62/62 61/61/61
f 69/69/69 62/62/62 68/68/68
f 62/62/62 69/69/69 70/70/70
f 63/63/63 62/62/62 70/70/70
f 70/70/70 71/71/71 63/63/63
f 68/68/68 72/72/72 69/69/69
f 72/72/72 68/68/68 73/73/73
f 73/73/73 68/68/68 66/66/66
f 66/66/66 65/65/65 73/73/73
f 74/74/74 73/73/73 65/65/65
f 65/65/65 75/75/75 74/74/74
f 73/73/73 76/76/76 72/72/72
f 76/76/76 73/73/73 74/74/74
f 74/74/74 77/77/77 76/76/76
f 77/77/77 74/74/74 78/78/78
f 78/78/78 74/74/74 79/79/79
f 74/74/74 75/75/75 79/79/79
f 79/79/79 75/75/75 80/80/80
f 81/81/81 80/80/80 75/75/75
f 75/75/75 65/65/65 81/81/81
f 67/67/67 81/81/81 65/65/65
f 79/79/79 82/82/82 78/78/78
f 83/83/83 84/84/84 61/61/61
f 61/61/61 84/84/84 67/67/67
f 85/85/85 67/67/67 84/84/84
f 81/81/81 67/67/67 85/85/85
f 85/85/85 86/86/86 81/81/81
f 80/80/80 81/81/81 86/86/86
f 86/86/86 87/87/87 80/80/80
f 80/80/80 87/87/87 79/79/79
f 79/79/79 87/87/87 88/88/88
f 89/89/89 88/88/88 87/87/87
f 87/87/87 86/86/86 89/89/89
f 89/89/89 86/86/86 85/85/85
f 90/90/90 88/88/88 89/89/89
f 89/89/89 91/91/91 90/90/90
f 91/91/91 92/92/92 90/90/90
f 93/93/93 92/92/92 91/91/91
f 93/93/93 91/91/91 89/89/89
f 89/89/89 94/94/94 93/93/93
f 94/94/94 89/89/89 85/85/85
f 85/85/85 95/95/95 94/94/94
f 84/84/84 95/95/95 85/85/85
f 95/95/95 84/84/84 83/83/83
f 95/95/95 96/96/96 94/94/94
f 92/92/92 97/97/97 90/90/90
f 92/92/92 98/98/98 97/97/97
f 97/97/97 98/98/98 99/99/99
f 100/100/100 101/101/101 102/102/102
f 102/102/102 103/103/103 100/100/100
f 100/100/100 103/103/103 104/104/104
f 104/104/104 105/105/105 100/100/100
f 105/105/105 104/104/104 106/106/106
f 99/99/99 105/105/105 106/106/106
f 106/106/106 107/107/107 99/99/99
f 99/99/99 107/107/107 97/97/97
f 97/97/97 107/107/107 108/108/108
f 90/90/90 97/97/97 108/108/108
f 103/103/103 102/102/102 109/109/109
f 102/102/102 110/110/110 109/109/109
f 111/111/111 110/110/110 102/102/102
f 102/102/102 112/112/112 111/111/111
f 111/111/111 112/112/112 113/113/113
f 114/114/114 113/113/113 112/112/112
f 115/115/115 113/113/113 114/114/114
f 116/116/116 113/113/113 117/117/117
f 115/115/115 117/117/117 113/113/113
f 118/118/118 117/117/117 115/115/115
f 115/115/115 119/119/119 118/118/118
f 119/119/119 115/115/115 120/120/120
f 114/114/114 120/120/120 115/115/115
f 120/120/120 114/114/114 121/121/121
f 121/121/121 114/114/114 112/112/112
f 121/121/121 112/112/112 101/101/101
f 101/101/101 112/112/112 102/102/102
f 117/117/117 122/122/122 116/116/116
f 120/120/120 123/123/123 119/119/119
f 123/123/123 120/120/120 124/124/124
f 121/121/121 124/124/124 120/120/120
f 124/124/124 121/121/121 125/125/125
f 101/101/101 125/125/125 121/121/121
f 101/101/101 126/126/126 125/125/125
f 125/125/125 126/126/126 127/127/127
f 127/127/127 128/128/128 125/125/125
f 125/125/125 128/128/128 124/124/124
f 124/124/124 129/129/129 123/123/123
f 130/130/130 131/131/131 132/132/132
f 131/131/131 130/130/130 133/133/133
f 133/133/133 130/130/130 134/134/134
f 134/134/134 135/135/135 133/133/133
f 116/116/116 135/135/135 134/134/134
f 116/116/116 122/122/122 135/135/135
f 135/135/135 122/122/122 136/136/136
f 136/136/136 122/122/122 137/137/137
f 137/137/137 138/138/138 136/136/136
f 138/138/138 137/137/137 139/139/139
f 133/133/133 140/140/140 131/131/131
f 140/140/140 133/133/133 136/136/136
f 136/136/136 133/133/133 135/135/135
f 138/138/138 141/141/141 142/142/142
f 142/142/142 143/143/143 138/138/138
f 138/138/138 143/143/143 144/144/144
f 144/144/144 136/136/136 138/138/138
f 145/145/145 136/136/136 144/144/144
f 136/136/136 145/145/145 140/140/140
f 146/146/146 140/140/140 145/145/145
f 146/146/146 131/131/131 140/140/140
f 131/131/131 146/146/146 147/147/147
f 131/131/131 147/147/147 148/148/148
f 145/145/145 149/149/149 146/146/146
f 148/148/148 132/132/132 131/131/131
f 148/148/148 150/150/150 132/132/132
f 151/151/151 132/132/132 150/150/150
f 132/132/132 151/151/151 130/130/130
f 130/130/130 151/151/151 152/152/152
f 152/152/152 134/134/134 130/130/130
f 134/134/134 152/152/152 110/110/110
f 110/110/110 111/111/111 134/134/134
f 134/134/134 111/111/111 116/116/116
f 113/113/113 116/116/116 111/111/111
f 150/150/150 153/153/153 151/151/151
f 152/152/152 151/151/151 153/153/153
f 154/154/154 155/155/155 153/153/153
f 153/153/153 155/155/155 152/152/152
f 152/152/152 155/155/155 156/156/156
f 156/156/156 110/110/110 152/152/152
f 110/110/110 156/156/156 157/157/157
f 157/157/157 109/109/109 110/110/110
f 158/158/158 109/109/109 157/157/157
f 109/109/109 158/158/158 103/103/103
f 103/103/103 158/158/158 159/159/159
f 159/159/159 104/104/104 103/103/103
f 160/160/160 161/161/161 162/162/162
f 162/162/162 161/161/161 163/163/163
f 164/164/164 162/162/162 163/163/163
f 163/163/163 165/165/165 164/164/164
f 164/164/164 165/165/165 166/166/166
f 167/167/167 166/166/166 165/165/165
f 165/165/165 154/154/154 167/167/167
f 168/168/168 167/167/167 154/154/154
f 154/154/154 169/169/169 168/168/168
f 153/153/153 169/169/169 154/154/154
f 168/168/168 170/170/170 167/167/167
f 171/171/171 172/172/172 156/156/156
f 156/156/156 155/155/155 171/171/171
f 171/171/171 155/155/155 154/154/154
f 171/171/171 154/154/154 165/165/165
f 165/165/165 173/173/173 171/171/171
f 163/163/163 173/173/173 165/165/165
f 174/174/174 173/173/173 163/163/163
f 163/163/163 175/175/175 174/174/174
f 174/174/174 175/175/175 176/176/176
f 177/177/177 176/176/176 175/175/175
f 178/178/178 179/179/179 176/176/176
f 176/176/176 180/180/180 178/178/178
f 181/181/181 182/182/182 183/183/183
f 183/183/183 182/182/182 184/184/184
f 184/184/184 179/179/179 183/183/183
f 179/179/179 184/184/184 176/176/176
f 176/176/176 184/184/184 174/174/174
f 185/185/185 174/174/174 184/184/184
f 173/173/173 174/174/174 185/185/185
f 185/185/185 171/171/171 173/173/173
f 172/172/172 171/171/171 185/185/185
f 184/184/184 182/182/182 185/185/185
f 186/186/186 187/187/187 188/188/188
f 181/181/181 188/188/188 187/187/187
f 187/187/187 189/189/189 181/181/181
f 182/182/182 181/181/181 189/189/189
f 189/189/189 190/190/190 182/182/182
f 185/185/185 182/182/182 190/190/190
f 190/190/190 191/191/191 185/185/185
f 185/185/185 191/191/191 172/172/172
f 157/157/157 172/172/172 191/191/191
f 172/172/172 157/157/157 156/156/156
f 157/157/157 192/192/192 158/158/158
f 158/158/158 192/192/192 193/193/193
f 193/193/193 159/159/159 158/158/158
f 187/187/187 159/159/159 193/193/193
f 193/193/193 189/189/189 187/187/187
f 189/189/189 193/193/193 190/190/190
f 191/191/191 190/190/190 193/193/193
f 193/193/193 192/192/192 191/191/191
f 191/191/191 192/192/192 157/157/157
f 159/159/159 187/187/187 104/104/104
f 106/106/106 104/104/104 187/187/187
f 187/187/187 186/186/186 106/106/106
f 194/194/194 106/106/106 186/186/186
f 194/194/194 186/186/186 195/195/195
f 196/196/196 194/194/194 195/195/195
f 195/195/195 197/197/197 196/196/196
f 196/196/196 197/197/197 198/198/198
f 199/199/199 198/198/198 197/197/197
f 198/198/198 199/199/199 200/200/200
f 201/201/201 202/202/202 200/200/200
f 203/203/203 200/200/200 202/202/202
f 200/200/200 203/203/203 198/198/198
f 204/204/204 198/198/198 203/203/203
f 198/198/198 204/204/204 196/196/196
f 196/196/196 204/204/204 205/205/205
f 108/108/108 196/196/196 205/205/205
f 194/194/194 196/196/196 108/108/108
f 108/108/108 107/107/107 194/194/194
f 106/106/106 194/194/194 107/107/107
f 108/108/108 205/205/205 90/90/90
f 88/88/88 90/90/90 205/205/205
f 205/205/205 206/206/206 88/88/88
f 88/88/88 206/206/206 79/79/79
f 79/79/79 206/206/206 205/205/205
f 205/205/205 82/82/82 79/79/79
f 82/82/82 205/205/205 204/204/204
f 204/204/204 78/78/78 82/82/82
f 203/203/203 78/78/78 204/204/204
f 77/77/77 78/78/78 203/203/203
f 202/202/202 77/77/77 203/203/203
f 77/77/77 202/202/202 76/76/76
f 207/207/207 76/76/76 202/202/202
f 72/72/72 76/76/76 207/207/207
f 207/207/207 208/208/208 72/72/72
f 69/69/69 72/72/72 208/208/208
f 208/208/208 209/209/209 69/69/69
f 70/70/70 69/69/69 209/209/209
f 209/209/209 210/210/210 70/70/70
f 71/71/71 70/70/70 210/210/210
f 209/209/209 208/208/208 211/211/211
f 212/212/212 211/211/211 213/213/213
f 213/213/213 211/211/211 208/208/208
f 208/208/208 207/207/207 213/213/213
f 213/213/213 207/207/207 214/214/214
f 215/215/215 214/214/214 207/207/207
f 207/207/207 201/201/201 215/215/215
f 202/202/202 201/201/201 207/207/207
f 216/216/216 217/217/217 212/212/212
f 218/218/218 216/216/216 212/212/212
f 218/218/218 212/212/212 213/213/213
f 219/219/219 218/218/218 213/213/213
f 213/213/213 214/214/214 219/219/219
f 220/220/220 219/219/219 214/214/214
f 214/214/214 215/215/215 220/220/220
f 221/221/221 220/220/220 215/215/215
f 221/221/221 215/215/215 201/201/201
f 200/200/200 221/221/221 201/201/201
f 222/222/222 200/200/200 199/199/199
f 222/222/222 221/221/221 200/200/200
f 223/223/223 221/221/221 222/222/222
f 221/221/221 223/223/223 220/220/220
f 220/220/220 223/223/223 224/224/224
f 224/224/224 219/219/219 220/220/220
f 219/219/219 224/224/224 225/225/225
f 225/225/225 218/218/218 219/219/219
f 225/225/225 226/226/226 218/218/218
f 226/226/226 225/225/225 227/227/227
f 227/227/227 225/225/225 224/224/224
f 228/228/228 229/229/229 230/230/230
f 230/230/230 186/186/186 228/228/228
f 186/186/186 230/230/230 195/195/195
f 195/195/195 230/230/230 231/231/231
f 231/231/231 197/197/197 195/195/195
f 197/197/197 231/231/231 199/199/199
f 227/227/227 199/199/199 231/231/231
f 199/199/199 227/227/227 222/222/222
f 224/224/224 222/222/222 227/227/227
f 222/222/222 224/224/224 223/223/223
f 230/230/230 232/232/232 231/231/231
f 231/231/231 232/232/232 227/227/227
f 227/227/227 233/233/233 226/226/226
f 233/233/233 227/227/227 232/232/232
f 232/232/232 234/234/234 233/233/233
f 230/230/230 234/234/234 232/232/232
f 230/230/230 235/235/235 234/234/234
f 229/229/229 235/235/235 230/230/230
f 235/235/235 229/229/229 236/236/236
f 236/236/236 229/229/229 228/228/228
f 228/228/228 188/188/188 236/236/236
f 188/188/188 228/228/228 186/186/186
f 233/233/233 234/234/234 235/235/235
f 235/235/235 237/237/237 233/233/233
f 236/236/236 237/237/237 235/235/235
f 237/237/237 236/236/236 238/238/238
f 238/238/238 236/236/236 188/188/188
f 188/188/188 181/181/181 238/238/238
f 238/238/238 181/181/181 183/183/183
f 183/183/183 239/239/239 238/238/238
f 239/239/239 183/183/183 179/179/179
f 179/179/179 240/240/240 239/239/239
f 240/240/240 179/179/179 178/178/178
f 238/238/238 241/241/241 237/237/237
f 237/237/237 241/241/241 233/233/233
f 242/242/242 243/243/243 244/244/244
f 245/245/245 246/246/246 247/247/247
f 247/247/247 248/248/248 245/245/245
f 249/249/249 248/248/248 247/247/247
f 244/244/244 248/248/248 249/249/249
f 244/244/244 249/249/249 250/250/250
f 250/250/250 242/242/242 244/244/244
f 251/251/251 242/242/242 250/250/250
f 242/242/242 251/251/251 243/243/243
f 252/252/252 243/243/243 251/251/251
f 243/243/243 252/252/252 253/253/253
f 253/253/253 254/254/254 243/243/243
f 247/247/247 255/255/255 249/249/249
f 249/249/249 255/255/255 256/256/256
f 257/257/257 258/258/258 259/259/259
f 258/258/258 257/257/257 260/260/260
f 260/260/260 257/257/257 261/261/261
f 261/261/261 262/262/262 260/260/260
f 256/256/256 262/262/262 261/261/261
f 263/263/263 256/256/256 261/261/261
f 256/256/256 263/263/263 249/249/249
f 250/250/250 249/249/249 263/263/263
f 264/264/264 250/250/250 263/263/263
f 250/250/250 264/264/264 251/251/251
f 260/260/260 265/265/246 258/258/258
f 264/264/264 266/266/265 251/251/251
f 252/252/252 251/251/251 266/266/265
f 266/266/265 267/267/266 252/252/252
f 267/267/266 266/266/265 268/268/267
f 259/259/259 268/268/267 266/266/265
f 266/266/265 269/269/268 259/259/259
f 259/259/259 269/269/268 257/257/257
f 261/261/261 257/257/257 269/269/268
f 269/269/268 270/270/269 261/261/261
f 261/261/261 270/270/269 263/263/263
f 263/263/263 270/270/269 264/264/264
f 264/264/264 270/270/269 269/269/268
f 269/269/268 266/266/265 264/264/264
f 271/271/262 272/272/270 273/273/271
f 272/272/270 274/274/272 275/275/273
f 272/272/270 275/275/273 273/273/271
f 275/275/273 276/276/246 273/273/271
f 277/277/274 278/278/275 279/279/276
f 278/278/275 280/280/277 279/279/276
f 281/281/278 280/280/277 282/282/279
f 283/283/280 284/284/281 282/282/279
f 281/281/278 282/282/279 284/284/281
f 284/284/281 285/285/282 281/281/278
f 281/281/278 285/285/282 286/286/283
f 286/286/283 287/287/284 281/281/278
f 280/280/277 281/281/278 287/287/284
f 280/280/277 287/287/284 288/288/285
f 288/288/285 279/279/276 280/280/277
f 289/289/286 279/279/276 288/288/285
f 277/277/274 279/279/276 289/289/286
f 285/285/282 284/284/281 290/290/287
f 291/291/288 290/290/287 284/284/281
f 284/284/281 283/283/280 291/291/288
f 292/292/289 291/291/288 283/283/280
f 291/291/288 292/292/289 293/293/290
f 293/293/290 290/290/287 291/291/288
f 290/290/287 294/294/291 285/285/282
f 294/294/291 290/290/287 295/295/292
f 293/293/290 295/295/292 290/290/287
f 296/296/293 295/295/292 293/293/290
f 293/293/290 292/292/289 296/296/293
f 297/297/294 296/296/293 292/292/289
f 292/292/289 298/298/295 297/297/294
f 298/298/295 292/292/289 299/299/296
f 283/283/280 299/299/296 292/292/289
f 282/282/279 299/299/296 283/283/280
f 295/295/292 300/300/297 294/294/291
f 301/301/298 302/302/299 299/299/296
f 298/298/295 299/299/296 302/302/299
f 303/303/300 298/298/295 302/302/299
f 297/297/294 298/298/295 303/303/300
f 297/297/294 303/303/300 304/304/301
f 304/304/301 305/305/302 297/297/294
f 306/306/303 305/305/302 304/304/301
f 307/307/304 305/305/302 306/306/303
f 306/306/303 308/308/305 307/307/304
f 309/309/306 307/307/304 308/308/305
f 304/304/301 310/310/307 306/306/303
f 311/311/308 312/312/309 313/313/310
f 313/313/310 312/312/309 302/302/299
f 314/314/311 302/302/299 312/312/309
f 302/302/299 314/314/311 303/303/300
f 303/303/300 314/314/311 315/315/312
f 304/304/301 303/303/300 315/315/312
f 315/315/312 316/316/313 304/304/301
f 304/304/301 316/316/313 317/317/314
f 317/317/314 310/310/307 304/304/301
f 310/310/307 317/317/314 318/318/315
f 319/319/316 313/313/310 302/302/299
f 302/302/299 301/301/298 319/319/316
f 320/320/317 321/321/318 322/322/319
f 321/321/318 320/320/317 277/277/274
f 277/277/274 320/320/317 311/311/308
f 311/311/308 278/278/275 277/277/274
f 313/313/310 278/278/275 311/311/308
f 280/280/277 278/278/275 313/313/310
f 313/313/310 319/319/316 280/280/277
f 280/280/277 319/319/316 282/282/279
f 319/319/316 301/301/298 282/282/279
f 299/299/296 282/282/279 301/301/298
f 277/277/274 323/323/320 321/321/318
f 324/324/321 277/277/274 289/289/286
f 324/324/321 323/323/320 277/277/274
f 323/323/320 324/324/321 325/325/322
f 325/325/322 326/326/323 323/323/320
f 325/325/322 327/327/324 326/326/323
f 328/328/325 326/326/323 327/327/324
f 327/327/324 329/329/326 328/328/325
f 329/329/326 330/330/327 328/328/325
f 331/331/328 330/330/327 329/329/326
f 332/332/329 330/330/327 331/331/328
f 328/328/325 330/330/327 333/333/330
f 333/333/330 330/330/327 332/332/329
f 334/334/331 327/327/324 335/335/332
f 325/325/322 335/335/332 327/327/324
f 336/336/240 328/328/325 337/337/333
f 333/333/330 337/337/333 328/328/325
f 337/337/333 333/333/330 338/338/334
f 338/338/334 333/333/330 339/339/335
f 332/332/329 339/339/335 333/333/330
f 332/332/329 340/340/336 339/339/335
f 337/337/333 341/341/337 336/336/240
f 341/341/337 337/337/333 342/342/338
f 342/342/338 337/337/333 338/338/334
f 342/342/338 343/343/238 341/341/337
f 344/344/339 345/345/340 346/346/341
f 346/346/341 345/345/340 340/340/336
f 347/347/342 340/340/336 345/345/340
f 347/347/342 339/339/335 340/340/336
f 348/348/343 339/339/335 347/347/342
f 339/339/335 348/348/343 338/338/334
f 349/349/344 338/338/334 348/348/343
f 338/338/334 349/349/344 342/342/338
f 350/350/345 342/342/338 349/349/344
f 348/348/343 351/351/218 349/349/344
f 351/351/218 348/348/343 352/352/346
f 347/347/342 352/352/346 348/348/343
f 352/352/346 353/353/347 351/351/218
f 340/340/336 354/354/348 346/346/341
f 355/355/349 346/346/341 354/354/348
f 331/331/328 356/356/350 332/332/329
f 340/340/336 332/332/329 356/356/350
f 356/356/350 357/357/351 340/340/336
f 354/354/348 340/340/336 357/357/351
f 358/358/352 354/354/348 357/357/351
f 354/354/348 358/358/352 355/355/349
f 355/355/349 358/358/352 359/359/353
f 359/359/353 360/360/354 355/355/349
f 360/360/354 359/359/353 361/361/355
f 361/361/355 359/359/353 362/362/356
f 362/362/356 359/359/353 358/358/352
f 358/358/352 363/363/357 362/362/356
f 357/357/351 363/363/357 358/358/352
f 364/364/358 363/363/357 357/357/351
f 357/357/351 356/356/350 364/364/358
f 365/365/359 364/364/358 356/356/350
f 356/356/350 331/331/328 365/365/359
f 329/329/326 365/365/359 331/331/328
f 365/365/359 329/329/326 366/366/360
f 366/366/360 329/329/326 327/327/324
f 367/367/361 368/368/362 369/369/363
f 369/369/363 366/366/360 367/367/361
f 366/366/360 369/369/363 365/365/359
f 364/364/358 365/365/359 369/369/363
f 327/327/324 367/367/361 366/366/360
f 367/367/361 327/327/324 334/334/331
f 334/334/331 368/368/362 367/367/361
f 370/370/364 368/368/362 334/334/331
f 368/368/362 370/370/364 371/371/365
f 369/369/363 368/368/362 371/371/365
f 371/371/365 372/372/366 369/369/363
f 369/369/363 372/372/366 364/364/358
f 364/364/358 372/372/366 371/371/365
f 371/371/365 373/373/367 364/364/358
f 374/374/368 373/373/367 371/371/365
f 362/362/356 373/373/367 374/374/368
f 364/364/358 373/373/367 362/362/356
f 362/362/356 363/363/357 364/364/358
f 375/375/369 371/371/365 370/370/364
f 374/374/368 371/371/365 375/375/369
f 375/375/369 376/376/370 374/374/368
f 374/374/368 376/376/370 362/362/356
f 376/376/370 377/377/371 362/362/356
f 362/362/356 377/377/371 361/361/355
f 378/378/372 361/361/355 377/377/371
f 361/361/355 378/378/372 379/379/373
f 379/379/373 378/378/372 380/380/374
f 381/381/375 379/379/373 380/380/374
f 382/382/376 380/380/374 378/378/372
f 378/378/372 377/377/371 382/382/376
f 376/376/370 382/382/376 377/377/371
f 382/382/376 376/376/370 375/375/369
f 375/375/369 383/383/377 382/382/376
f 370/370/364 383/383/377 375/375/369
f 383/383/377 370/370/364 384/384/378
f 334/334/331 384/384/378 370/370/364
f 384/384/378 334/334/331 385/385/379
f 335/335/332 385/385/379 334/334/331
f 380/380/374 386/386/380 387/387/381
f 386/386/380 380/380/374 382/382/376
f 382/382/376 384/384/378 386/386/380
f 384/384/378 382/382/376 383/383/377
f 385/385/379 386/386/380 384/384/378
f 386/386/380 385/385/379 388/388/382
f 388/388/382 387/387/381 386/386/380
f 387/387/381 388/388/382 389/389/383
f 388/388/382 385/385/379 335/335/332
f 335/335/332 325/325/322 388/388/382
f 388/388/382 325/325/322 389/389/383
f 390/390/384 389/389/383 325/325/322
f 391/391/385 389/389/383 390/390/384
f 392/392/386 389/389/383 391/391/385
f 389/389/383 392/392/386 393/393/387
f 389/389/383 393/393/387 387/387/381
f 394/394/388 387/387/381 393/393/387
f 387/387/381 394/394/388 380/380/374
f 380/380/374 394/394/388 381/381/375
f 381/381/375 394/394/388 395/395/389
f 393/393/387 395/395/389 394/394/388
f 396/396/390 395/395/389 393/393/387
f 393/393/387 392/392/386 396/396/390
f 396/396/390 392/392/386 397/397/391
f 391/391/385 397/397/391 392/392/386
f 397/397/391 391/391/385 398/398/392
f 390/390/384 398/398/392 391/391/385
f 399/399/393 398/398/392 390/390/384
f 400/400/394 401/401/395 399/399/393
f 402/402/396 399/399/393 401/401/395
f 398/398/392 399/399/393 402/402/396
f 402/402/396 397/397/391 398/398/392
f 397/397/391 402/402/396 396/396/390
f 403/403/397 396/396/390 402/402/396
f 395/395/389 396/396/390 403/403/397
f 403/403/397 404/404/398 395/395/389
f 395/395/389 404/404/398 381/381/375
f 381/381/375 404/404/398 405/405/399
f 406/406/400 407/407/401 408/408/402
f 408/408/402 405/405/399 406/406/400
f 406/406/400 405/405/399 404/404/398
f 404/404/398 403/403/397 406/406/400
f 406/406/400 403/403/397 409/409/403
f 402/402/396 409/409/403 403/403/397
f 401/401/395 409/409/403 402/402/396
f 410/410/404 409/409/403 401/401/395
f 409/409/403 410/410/404 406/406/400
f 406/406/400 410/410/404 411/411/405
f 411/411/405 407/407/401 406/406/400
f 405/405/399 408/408/402 412/412/406
f 413/413/407 412/412/406 408/408/402
f 408/408/402 414/414/408 413/413/407
f 405/405/399 415/415/409 381/381/375
f 412/412/406 415/415/409 405/405/399
f 412/412/406 416/416/410 415/415/409
f 416/416/410 412/412/406 413/413/407
f 413/413/407 296/296/293 416/416/410
f 295/295/292 296/296/293 413/413/407
f 295/295/292 413/413/407 414/414/408
f 414/414/408 300/300/297 295/295/292
f 300/300/297 414/414/408 407/407/401
f 414/414/408 408/408/402 407/407/401
f 379/379/373 381/381/375 415/415/409
f 415/415/409 309/309/306 379/379/373
f 309/309/306 415/415/409 416/416/410
f 416/416/410 307/307/304 309/309/306
f 307/307/304 416/416/410 305/305/302
f 297/297/294 305/305/302 416/416/410
f 416/416/410 296/296/293 297/297/294
f 417/417/411 294/294/291 300/300/297
f 300/300/297 418/418/412 417/417/411
f 407/407/401 418/418/412 300/300/297
f 407/407/401 419/419/413 418/418/412
f 419/419/413 407/407/401 411/411/405
f 411/411/405 420/420/414 419/419/413
f 420/420/414 411/411/405 410/410/404
f 410/410/404 421/421/415 420/420/414
f 401/401/395 421/421/415 410/410/404
f 421/421/415 401/401/395 400/400/394
f 419/419/413 420/420/414 421/421/415
f 418/418/412 419/419/413 422/422/416
f 421/421/415 422/422/416 419/419/413
f 400/400/394 422/422/416 421/421/415
f 390/390/384 423/423/417 399/399/393
f 399/399/393 423/423/417 400/400/394
f 288/288/285 400/400/394 423/423/417
f 422/422/416 400/400/394 288/288/285
f 288/288/285 287/287/284 422/422/416
f 422/422/416 287/287/284 418/418/412
f 418/418/412 287/287/284 286/286/283
f 286/286/283 417/417/411 418/418/412
f 417/417/411 286/286/283 285/285/282
f 285/285/282 294/294/291 417/417/411
f 325/325/322 324/324/321 390/390/384
f 390/390/384 324/324/321 289/289/286
f 289/289/286 423/423/417 390/390/384
f 423/423/417 289/289/286 288/288/285
f 424/424/418 425/425/419 426/426/420
f 426/426/420 427/427/421 424/424/418
f 428/428/422 424/424/418 427/427/421
f 425/425/419 429/429/423 210/210/210
f 425/425/419 210/210/210 209/209/209
f 209/209/209 426/426/420 425/425/419
f 211/211/211 426/426/420 209/209/209
f 427/427/421 426/426/420 211/211/211
f 212/212/212 427/427/421 211/211/211
f 217/217/217 427/427/421 212/212/212
f 427/427/421 217/217/217 428/428/422
f 428/428/422 217/217/217 430/430/424
f 430/430/424 431/431/425 428/428/422
f 431/431/425 430/430/424 432/432/426
f 432/432/426 433/433/427 431/431/425
f 431/431/425 433/433/427 434/434/428
f 434/434/428 433/433/427 435/435/429
f 435/435/429 433/433/427 436/436/149
f 436/436/149 433/433/427 432/432/426
f 432/432/426 437/437/146 436/436/149
f 438/438/147 437/437/146 432/432/426
f 438/438/147 432/432/426 430/430/424
f 430/430/424 439/439/148 438/438/147
f 439/439/148 430/430/424 217/217/217
f 217/217/217 216/216/216 439/439/148
f 440/440/142 434/434/428 435/435/429
f 210/210/210 429/429/423 71/71/71
f 441/441/430 71/71/71 429/429/423
f 429/429/423 425/425/419 441/441/430
f 442/442/431 441/441/430 425/425/419
f 425/425/419 424/424/418 442/442/431
f 443/443/432 442/442/431 424/424/418
f 424/424/418 428/428/422 443/443/432
f 444/444/433 443/443/432 428/428/422
f 428/428/422 431/431/425 444/444/433
f 434/434/428 444/444/433 431/431/425
f 445/445/118 443/443/432 446/446/139
f 443/443/432 447/447/434 448/448/435
f 447/447/434 443/443/432 445/445/118
f 445/445/118 449/449/119 447/447/434
f 447/447/434 449/449/119 450/450/123
f 450/450/123 451/451/436 447/447/434
f 451/451/436 450/450/123 452/452/129
f 452/452/129 453/453/437 451/451/436
f 454/454/438 451/451/436 453/453/437
f 453/453/437 455/455/439 454/454/438
f 456/456/440 454/454/438 455/455/439
f 448/448/435 447/447/434 451/451/436
f 451/451/436 454/454/438 448/448/435
f 457/457/441 448/448/435 454/454/438
f 454/454/438 456/456/440 457/457/441
f 458/458/442 457/457/441 456/456/440
f 456/456/440 459/459/443 458/458/442
f 448/448/435 442/442/431 443/443/432
f 441/441/430 442/442/431 448/448/435
f 448/448/435 457/457/441 441/441/430
f 71/71/71 441/441/430 457/457/441
f 457/457/441 458/458/442 71/71/71
f 458/458/442 63/63/63 71/71/71
f 63/63/63 458/458/442 459/459/443
f 459/459/443 64/64/64 63/63/63
f 459/459/443 83/83/83 64/64/64
f 61/61/61 64/64/64 83/83/83
f 455/455/439 460/460/444 456/456/440
f 459/459/443 456/456/440 460/460/444
f 460/460/444 83/83/83 459/459/443
f 83/83/83 460/460/444 461/461/445
f 460/460/444 455/455/439 461/461/445
f 462/462/446 461/461/445 455/455/439
f 455/455/439 453/453/437 462/462/446
f 463/463/447 462/462/446 453/453/437
f 462/462/446 463/463/447 464/464/448
f 464/464/448 461/461/445 462/462/446
f 83/83/83 96/96/96 95/95/95
f 461/461/445 96/96/96 83/83/83
f 94/94/94 96/96/96 461/461/445
f 461/461/445 464/464/448 94/94/94
f 93/93/93 94/94/94 464/464/448
f 465/465/449 93/93/93 464/464/448
f 464/464/448 463/463/447 465/465/449
f 465/465/449 463/463/447 466/466/450
f 453/453/437 466/466/450 463/463/447
f 466/466/450 453/453/437 467/467/451
f 467/467/451 468/468/452 466/466/450
f 468/468/452 465/465/449 466/466/450
f 469/469/453 470/470/454 471/471/455
f 471/471/455 472/472/456 469/469/453
f 473/473/457 472/472/456 471/471/455
f 471/471/455 474/474/458 473/473/457
f 475/475/459 473/473/457 474/474/458
f 469/469/453 476/476/460 477/477/461
f 477/477/461 470/470/454 469/469/453
f 478/478/462 470/470/454 477/477/461
f 471/471/455 470/470/454 478/478/462
f 471/471/455 478/478/462 479/479/463
f 479/479/463 474/474/458 471/471/455
f 480/480/464 474/474/458 479/479/463
f 474/474/458 480/480/464 475/475/459
f 475/475/459 480/480/464 481/481/465
f 481/481/465 482/482/466 475/475/459
f 483/483/467 481/481/465 480/480/464
f 480/480/464 479/479/463 483/483/467
f 477/477/461 484/484/468 478/478/462
f 485/485/469 482/482/466 481/481/465
f 481/481/465 486/486/470 485/485/469
f 486/486/470 481/481/465 483/483/467
f 486/486/470 483/483/467 487/487/471
f 487/487/471 488/488/472 486/486/470
f 489/489/473 488/488/472 487/487/471
f 488/488/472 489/489/473 490/490/474
f 491/491/475 490/490/474 489/489/473
f 489/489/473 492/492/476 491/491/475
f 491/491/475 492/492/476 493/493/477
f 490/490/474 494/494/478 488/488/472
f 488/488/472 494/494/478 485/485/469
f 485/485/469 486/486/470 488/488/472
f 495/495/479 492/492/476 489/489/473
f 489/489/473 487/487/471 495/495/479
f 496/496/480 497/497/481 498/498/482
f 498/498/482 499/499/483 496/496/480
f 493/493/477 496/496/480 499/499/483
f 499/499/483 500/500/484 493/493/477
f 493/493/477 500/500/484 491/491/475
f 495/495/479 493/493/477 492/492/476
f 495/495/479 496/496/480 493/493/477
f 496/496/480 495/495/479 501/501/485
f 501/501/485 497/497/481 496/496/480
f 497/497/481 501/501/485 502/502/486
f 502/502/486 503/503/487 497/497/481
f 498/498/482 497/497/481 503/503/487
f 503/503/487 504/504/488 498/498/482
f 505/505/489 506/506/490 507/507/491
f 508/508/492 509/509/493 510/510/494
f 510/510/494 509/509/493 511/511/495
f 511/511/495 512/512/496 510/510/494
f 512/512/496 511/511/495 513/513/497
f 513/513/497 505/505/489 512/512/496
f 505/505/489 513/513/497 514/514/498
f 514/514/498 506/506/490 505/505/489
f 514/514/498 515/515/499 506/506/490
f 507/507/491 506/506/490 515/515/499
f 515/515/499 516/516/500 507/507/491
f 511/511/495 509/509/493 162/162/162
f 162/162/162 517/517/501 511/511/495
f 511/511/495 517/517/501 518/518/166
f 511/511/495 518/518/166 513/513/497
f 514/514/498 519/519/502 520/520/503
f 520/520/503 515/515/499 514/514/498
f 518/518/166 521/521/167 522/522/504
f 522/522/504 523/523/505 518/518/166
f 513/513/497 518/518/166 523/523/505
f 523/523/505 524/524/506 513/513/497
f 524/524/506 523/523/505 525/525/507
f 525/525/507 526/526/502 524/524/506
f 523/523/505 522/522/504 527/527/508
f 527/527/508 525/525/507 523/523/505
f 528/528/509 529/529/510 530/530/511
f 530/530/511 531/531/512 528/528/509
f 531/531/512 530/530/511 532/532/513
f 531/531/512 532/532/513 533/533/514
f 533/533/514 534/534/515 531/531/512
f 534/534/515 533/533/514 535/535/516
f 534/534/515 535/535/516 536/536/517
f 536/536/517 537/537/518 534/534/515
f 536/536/517 538/538/519 537/537/518
f 538/538/519 536/536/517 539/539/520
f 540/540/521 539/539/520 536/536/517
f 536/536/517 535/535/516 540/540/521
f 541/541/522 540/540/521 535/535/516
f 535/535/516 533/533/514 541/541/522
f 542/542/523 541/541/522 533/533/514
f 533/533/514 532/532/513 542/542/523
f 543/543/524 542/542/523 532/532/513
f 532/532/513 530/530/511 543/543/524
f 539/539/520 544/544/525 538/538/519
f 545/545/526 543/543/524 530/530/511
f 530/530/511 529/529/510 545/545/526
f 545/545/526 529/529/510 546/546/527
f 546/546/527 529/529/510 528/528/509
f 546/546/527 528/528/509 547/547/528
f 547/547/528 548/548/529 546/546/527
f 549/549/530 548/548/529 547/547/528
f 550/550/531 548/548/529 549/549/530
f 549/549/530 551/551/532 550/550/531
f 552/552/533 551/551/532 549/549/530
f 546/546/527 548/548/529 550/550/531
f 550/550/531 553/553/534 546/546/527
f 546/546/527 553/553/534 545/545/526
f 549/549/530 554/554/535 552/552/533
f 555/555/536 552/552/533 554/554/535
f 554/554/535 556/556/537 555/555/536
f 557/557/538 555/555/536 556/556/537
f 556/556/537 558/558/539 557/557/538
f 556/556/537 559/559/540 558/558/539
f 556/556/537 560/560/541 559/559/540
f 556/556/537 554/554/535 560/560/541
f 560/560/541 554/554/535 549/549/530
f 549/549/530 547/547/528 560/560/541
f 561/561/542 562/562/543 563/563/11
f 562/562/543 561/561/542 564/564/544
f 565/565/545 564/564/544 561/561/542
f 561/561/542 566/566/37 565/565/545
f 567/567/546 565/565/545 566/566/37
f 566/566/37 568/568/39 567/567/546
f 569/569/547 567/567/546 568/568/39
f 568/568/39 570/570/548 569/569/547
f 571/571/549 569/569/547 570/570/548
f 570/570/548 572/572/45 571/571/549
f 573/573/550 571/571/549 572/572/45
f 572/572/45 574/574/47 573/573/550
f 574/574/47 572/572/45 575/575/551
f 568/568/39 566/566/37 576/576/552
f 572/572/45 570/570/548 577/577/553
f 570/570/548 568/568/39 578/578/40
f 579/579/554 580/580/555 565/565/545
f 565/565/545 567/567/546 579/579/554
f 581/581/57 579/579/554 567/567/546
f 567/567/546 569/569/547 581/581/57
f 582/582/556 581/581/57 569/569/547
f 569/569/547 571/571/549 582/582/556
f 583/583/557 582/582/556 571/571/549
f 571/571/549 573/573/550 583/583/557
f 584/584/56 583/583/557 573/573/550
f 573/573/550 585/585/558 584/584/56
f 585/585/558 573/573/550 574/574/47
f 574/574/47 586/586/19 585/585/558
f 586/586/19 574/574/47 587/587/48
f 588/588/559 589/589/560 590/590/561
f 589/589/560 588/588/559 591/591/562
f 591/591/562 588/588/559 592/592/563
f 588/588/559 593/593/564 592/592/563
f 593/593/564 594/594/565 592/592/563
f 594/594/565 595/595/566 592/592/563
f 595/595/566 596/596/567 592/592/563
f 596/596/567 597/597/568 592/592/563
f 597/597/568 598/598/569 592/592/563
f 598/598/569 599/599/570 592/592/563
f 597/597/568 600/600/571 601/601/572
f 600/600/571 597/597/568 596/596/567
f 596/596/567 602/602/573 600/600/571
f 602/602/573 596/596/567 595/595/566
f 595/595/566 603/603/574 602/602/573
f 603/603/574 595/595/566 594/594/565
f 594/594/565 604/604/575 603/603/574
f 604/604/575 594/594/565 593/593/564
f 593/593/564 590/590/561 604/604/575
f 590/590/561 593/593/564 588/588/559
f 605/605/576 606/606/577 604/604/575
f 603/603/574 604/604/575 606/606/577
f 606/606/577 607/607/578 603/603/574
f 602/602/573 603/603/574 607/607/578
f 607/607/578 608/608/579 602/602/573
f 600/600/571 602/602/573 608/608/579
f 608/608/579 609/609/580 600/600/571
f 601/601/572 600/600/571 609/609/580
f 609/609/580 610/610/581 601/601/572
f 611/611/582 601/601/572 610/610/581
f 612/612/583 613/613/584 614/614/585
f 613/613/584 612/612/583 615/615/586
f 615/615/586 616/616/587 613/613/584
f 616/616/587 615/615/586 617/617/588
f 617/617/588 618/618/589 616/616/587
f 618/618/589 617/617/588 599/599/570
f 599/599/570 611/611/582 618/618/589
f 611/611/582 599/599/570 598/598/569
f 598/598/569 601/601/572 611/611/582
f 601/601/572 598/598/569 597/597/568
f 610/610/581 619/619/590 611/611/582
f 618/618/589 611/611/582 619/619/590
f 619/619/590 620/620/591 618/618/589
f 616/616/587 618/618/589 620/620/591
f 620/620/591 621/621/592 616/616/587
f 613/613/584 616/616/587 621/621/592
f 621/621/592 622/622/593 613/613/584
f 614/614/585 613/613/584 622/622/593
f 622/622/593 623/623/594 614/614/585
f 624/624/595 614/614/585 623/623/594
f 625/625/596 626/626/597 627/627/598
f 626/626/597 625/625/596 628/628/599
f 628/628/599 629/629/600 626/626/597
f 629/629/600 628/628/599 630/630/601
f 630/630/601 631/631/602 629/629/600
f 631/631/602 630/630/601 632/632/603
f 632/632/603 624/624/595 631/631/602
f 624/624/595 632/632/603 633/633/604
f 633/633/604 614/614/585 624/624/595
f 614/614/585 633/633/604 612/612/583
f 623/623/594 634/634/605 624/624/595
f 631/631/602 624/624/595 634/634/605
f 634/634/605 635/635/606 631/631/602
f 629/629/600 631/631/602 635/635/606
f 635/635/606 636/636/607 629/629/600
f 626/626/597 629/629/600 636/636/607
f 636/636/607 637/637/608 626/626/597
f 627/627/598 626/626/597 637/637/608
f 637/637/608 638/638/609 627/627/598
f 639/639/610 627/627/598 638/638/609
f 640/640/611 641/641/612 642/642/613
f 641/641/612 640/640/611 643/643/614
f 643/643/614 644/644/615 641/641/612
f 644/644/615 643/643/614 645/645/616
f 645/645/616 646/646/617 644/644/615
f 646/646/617 645/645/616 647/647/618
f 647/647/618 639/639/610 646/646/617
f 639/639/610 647/647/618 648/648/619
f 648/648/619 627/627/598 639/639/610
f 627/627/598 648/648/619 625/625/596
f 638/638/609 649/649/620 639/639/610
f 646/646/617 639/639/610 649/649/620
f 649/649/620 650/650/621 646/646/617
f 644/644/615 646/646/617 650/650/621
f 650/650/621 651/651/622 644/644/615
f 641/641/612 644/644/615 651/651/622
f 651/651/622 652/652/623 641/641/612
f 642/642/613 641/641/612 652/652/623
f 652/652/623 653/653/624 642/642/613
f 645/645/616 643/643/614 592/592/563
f 643/643/614 640/640/611 592/592/563
f 640/640/611 591/591/562 592/592/563
f 642/642/613 591/591/562 640/640/611
f 591/591/562 642/642/613 589/589/560
f 589/589/560 642/642/613 653/653/624
f 653/653/624 654/654/625 589/589/560
f 590/590/561 589/589/560 654/654/625
f 654/654/625 605/605/576 590/590/561
f 604/604/575 590/590/561 605/605/576
f 599/599/570 617/617/588 592/592/563
f 617/617/588 615/615/586 592/592/563
f 615/615/586 612/612/583 592/592/563
f 612/612/583 633/633/604 592/592/563
f 633/633/604 632/632/603 592/592/563
f 632/632/603 630/630/601 592/592/563
f 630/630/601 628/628/599 592/592/563
f 628/628/599 625/625/596 592/592/563
f 625/625/596 648/648/619 592/592/563
f 648/648/619 647/647/618 592/592/563
f 647/647/618 645/645/616 592/592/563
f 655/655/626 656/656/627 657/657/628
f 657/657/628 658/658/629 655/655/626
f 656/656/627 659/659/630 660/660/631
f 660/660/631 657/657/628 656/656/627
f 657/657/628 660/660/631 661/661/632
f 661/661/632 662/662/633 657/657/628
f 658/658/629 657/657/628 662/662/633
f 662/662/633 663/663/634 658/658/629
f 664/664/635 665/665/437 666/666/636
f 666/666/636 655/655/626 664/664/635
f 667/667/637 664/664/635 655/655/626
f 655/655/626 658/658/629 667/667/637
f 668/668/638 667/667/637 658/658/629
f 658/658/629 663/663/634 668/668/638
f 669/669/139 668/668/638 663/663/634
f 663/663/634 670/670/138 669/669/139
f 662/662/633 670/670/138 663/663/634
f 662/662/633 671/671/428 670/670/138
f 666/666/636 672/672/639 673/673/640
f 674/674/433 671/671/428 662/662/633
f 662/662/633 661/661/632 674/674/433
f 674/674/433 661/661/632 675/675/641
f 675/675/641 661/661/632 660/660/631
f 660/660/631 676/676/642 675/675/641
f 676/676/642 660/660/631 659/659/630
f 659/659/630 677/677/643 676/676/642
f 678/678/451 677/677/643 659/659/630
f 677/677/643 678/678/451 679/679/644
f 679/679/644 680/680/635 677/677/643
f 675/675/641 681/681/645 674/674/433
f 676/676/642 677/677/643 680/680/635
f 680/680/635 682/682/646 676/676/642
f 675/675/641 676/676/642 682/682/646
f 682/682/646 683/683/647 675/675/641
f 681/681/645 675/675/641 683/683/647
f 683/683/647 684/684/139 681/681/645
f 656/656/627 655/655/626 666/666/636
f 666/666/636 685/685/648 656/656/627
f 673/673/640 685/685/648 666/666/636
f 686/686/649 685/685/648 673/673/640
f 673/673/640 687/687/650 686/686/649
f 686/686/649 687/687/650 688/688/452
f 688/688/452 678/678/451 686/686/649
f 659/659/630 686/686/649 678/678/451
f 685/685/648 686/686/649 659/659/630
f 659/659/630 656/656/627 685/685/648
f 689/689/651 690/690/652 691/691/653
f 691/691/653 692/692/654 689/689/651
f 693/693/655 692/692/654 691/691/653
f 692/692/654 693/693/655 694/694/656
f 695/695/253 696/696/657 697/697/658
f 697/697/658 698/698/659 695/695/253
f 699/699/660 698/698/659 697/697/658
f 697/697/658 700/700/661 699/699/660
f 694/694/656 699/699/660 700/700/661
f 700/700/661 701/701/662 694/694/656
f 694/694/656 701/701/662 692/692/654
f 692/692/654 701/701/662 702/702/663
f 702/702/663 689/689/651 692/692/654
f 703/703/664 689/689/651 702/702/663
f 704/704/639 705/705/665 706/706/666
f 707/707/667 706/706/666 705/705/665
f 706/706/666 707/707/667 708/708/668
f 708/708/668 709/709/669 706/706/666
f 709/709/669 708/708/668 702/702/663
f 702/702/663 710/710/670 709/709/669
f 710/710/670 702/702/663 701/701/662
f 701/701/662 700/700/661 710/710/670
f 711/711/671 710/710/670 700/700/661
f 700/700/661 697/697/658 711/711/671
f 711/711/671 697/697/658 696/696/657
f 702/702/663 708/708/668 703/703/664
f 712/712/672 703/703/664 708/708/668
f 708/708/668 707/707/667 712/712/672
f 713/713/673 712/712/672 707/707/667
f 707/707/667 714/714/674 713/713/673
f 715/715/675 713/713/673 714/714/674
f 705/705/665 714/714/674 707/707/667
f 716/716/676 704/704/639 717/717/677
f 717/717/677 718/718/678 716/716/676
f 718/718/678 717/717/677 719/719/679
f 719/719/679 720/720/680 718/718/678
f 720/720/680 719/719/679 711/711/671
f 711/711/671 721/721/681 720/720/680
f 696/696/657 721/721/681 711/711/671
f 722/722/682 721/721/681 696/696/657
f 696/696/657 723/723/683 722/722/682
f 695/695/253 723/723/683 696/696/657
f 710/710/670 711/711/671 719/719/679
f 719/719/679 709/709/669 710/710/670
f 706/706/666 709/709/669 719/719/679
f 719/719/679 717/717/677 706/706/666
f 706/706/666 717/717/677 704/704/639
f 722/722/682 724/724/652 725/725/684
f 725/725/684 721/721/681 722/722/682
f 721/721/681 725/725/684 726/726/685
f 726/726/685 720/720/680 721/721/681
f 720/720/680 726/726/685 727/727/686
f 727/727/686 718/718/678 720/720/680
f 716/716/676 718/718/678 727/727/686
f 727/727/686 728/728/673 716/716/676
f 729/729/687 716/716/676 728/728/673
f 730/730/688 731/731/689 732/732/690
f 731/731/689 733/733/691 732/732/690
f 733/733/691 734/734/692 732/732/690
f 734/734/692 735/735/693 732/732/690
f 735/735/693 736/736/694 732/732/690
f 736/736/694 737/737/695 732/732/690
f 737/737/695 738/738/696 732/732/690
f 738/738/696 739/739/697 732/732/690
f 739/739/697 740/740/698 732/732/690
f 740/740/698 741/741/699 732/732/690
f 741/741/699 742/742/700 732/732/690
f 742/742/700 743/743/701 732/732/690
f 743/743/701 744/744/702 732/732/690
f 744/744/702 745/745/703 732/732/690
f 745/745/703 746/746/704 732/732/690
f 746/746/704 730/730/688 732/732/690
f 747/747/705 748/748/706 749/749/707
f 750/750/708 751/751/709 752/752/710
f 752/752/710 753/753/711 750/750/708
f 754/754/712 750/750/708 753/753/711
f 753/753/711 755/755/713 754/754/712
f 754/754/712 755/755/713 756/756/714
f 756/756/714 748/748/706 754/754/712
f 748/748/706 756/756/714 757/757/715
f 757/757/715 749/749/707 748/748/706
f 758/758/716 749/749/707 757/757/715
f 747/747/705 749/749/707 758/758/716
f 754/754/712 748/748/706 747/747/705
f 750/750/708 754/754/712 747/747/705
f 747/747/705 759/759/717 750/750/708
f 751/751/709 750/750/708 759/759/717
f 759/759/717 760/760/718 751/751/709
f 760/760/718 761/761/719 751/751/709
f 761/761/719 760/760/718 762/762/720
f 762/762/720 763/763/721 761/761/719
f 751/751/709 761/761/719 763/763/721
f 763/763/721 752/752/710 751/751/709
f 764/764/722 765/765/723 766/766/724
f 759/759/717 766/766/724 765/765/723
f 765/765/723 767/767/725 759/759/717
f 760/760/718 759/759/717 767/767/725
f 767/767/725 762/762/720 760/760/718
f 758/758/716 759/759/717 747/747/705
f 759/759/717 758/758/716 768/768/726
f 768/768/726 766/766/724 759/759/717
f 766/766/724 768/768/726 769/769/727
f 766/766/724 769/769/727 764/764/722
f 770/770/728 764/764/722 769/769/727
f 769/769/727 768/768/726 770/770/728
f 771/771/729 770/770/728 768/768/726
f 768/768/726 758/758/716 771/771/729
f 757/757/715 771/771/729 758/758/716
f 566/566/37 561/561/542 772/772/36
f 773/773/730 774/774/731 775/775/732
f 775/775/732 776/776/733 773/773/730
f 777/777/734 778/778/735 779/779/736
f 780/780/737 778/778/735 777/777/734
f 781/781/738 778/778/735 780/780/737
f 780/780/737 774/774/731 781/781/738
f 782/782/739 781/781/738 774/774/731
f 774/774/731 773/773/730 782/782/739
f 782/782/739 773/773/730 783/783/740
f 784/784/503 783/783/740 773/773/730
f 773/773/730 776/776/733 784/784/503
f 784/784/503 776/776/733 785/785/499
f 779/779/736 778/778/735 781/781/738
f 786/786/456 779/779/736 787/787/741
f 781/781/738 787/787/741 779/779/736
f 788/788/742 787/787/741 781/781/738
f 781/781/738 782/782/739 788/788/742
f 789/789/743 788/788/742 782/782/739
f 782/782/739 790/790/734 789/789/743
f 783/783/740 790/790/734 782/782/739
f 791/791/744 788/788/742 789/789/743
f 787/787/741 788/788/742 791/791/744
f 791/791/744 792/792/745 787/787/741
f 787/787/741 792/792/745 786/786/456
f 792/792/745 793/793/746 786/786/456
f 786/786/456 793/793/746 794/794/747
f 794/794/747 795/795/748 786/786/456
f 779/779/736 786/786/456 795/795/748
f 795/795/748 796/796/743 779/779/736
f 779/779/736 796/796/743 777/777/734
f 789/789/743 797/797/749 791/791/744
f 797/797/749 798/798/750 791/791/744
f 799/799/751 785/785/499 776/776/733
f 776/776/733 775/775/732 799/799/751
f 800/800/752 799/799/751 775/775/732
f 800/800/752 775/775/732 774/774/731
f 774/774/731 780/780/737 800/800/752
f 800/800/752 780/780/737 801/801/740
f 777/777/734 801/801/740 780/780/737
f 801/801/740 802/802/753 800/800/752
f 803/803/754 804/804/755 805/805/756
f 805/805/756 806/806/757 803/803/754
f 806/806/757 805/805/756 807/807/758
f 807/807/758 808/808/759 806/806/757
f 806/806/757 808/808/759 809/809/760
f 809/809/760 810/810/761 806/806/757
f 806/806/757 810/810/761 811/811/762
f 811/811/762 803/803/754 806/806/757
f 803/803/754 811/811/762 812/812/763
f 812/812/763 813/813/167 803/803/754
f 804/804/755 803/803/754 813/813/167
f 813/813/167 814/814/170 804/804/755
f 808/808/759 815/815/764 816/816/506
f 816/816/506 809/809/760 808/808/759
f 809/809/760 816/816/506 817/817/502
f 817/817/502 818/818/765 809/809/760
f 810/810/761 809/809/760 818/818/765
f 818/818/765 819/819/766 810/810/761
f 810/810/761 819/819/766 820/820/767
f 820/820/767 811/811/762 810/810/761
f 811/811/762 820/820/767 821/821/508
f 821/821/508 812/812/763 811/811/762
f 804/804/755 814/814/170 822/822/768
f 822/822/768 823/823/767 804/804/755
f 805/805/756 804/804/755 823/823/767
f 823/823/767 824/824/766 805/805/756
f 807/807/758 805/805/756 824/824/766
f 824/824/766 825/825/769 807/807/758
f 807/807/758 825/825/769 826/826/502
f 826/826/502 827/827/498 807/807/758
f 808/808/759 807/807/758 827/827/498
f 827/827/498 815/815/764 808/808/759
f 828/828/770 829/829/771 830/830/772
f 830/830/772 831/831/773 828/828/770
f 832/832/774 833/833/775 828/828/770
f 828/828/770 831/831/773 832/832/774
f 832/832/774 831/831/773 834/834/776
f 834/834/776 831/831/773 830/830/772
f 830/830/772 835/835/777 834/834/776
f 835/835/777 830/830/772 836/836/778
f 836/836/778 837/837/779 835/835/777
f 837/837/779 836/836/778 838/838/780
f 838/838/780 160/160/160 837/837/779
f 161/161/161 160/160/160 838/838/780
f 834/834/776 839/839/781 832/832/774
f 832/832/774 839/839/781 840/840/782
f 840/840/782 841/841/783 832/832/774
f 508/508/492 162/162/162 509/509/493
f 162/162/162 508/508/492 160/160/160
f 160/160/160 508/508/492 842/842/784
f 842/842/784 837/837/779 160/160/160
f 835/835/777 837/837/779 842/842/784
f 843/843/785 834/834/776 835/835/777
f 842/842/784 843/843/785 835/835/777
f 842/842/784 844/844/786 843/843/785
f 842/842/784 508/508/492 844/844/786
f 510/510/494 844/844/786 508/508/492
f 834/834/776 845/845/787 846/846/788
f 845/845/787 834/834/776 843/843/785
f 847/847/789 845/845/787 843/843/785
f 843/843/785 844/844/786 847/847/789
f 847/847/789 844/844/786 848/848/790
f 844/844/786 510/510/494 848/848/790
f 849/849/791 848/848/790 510/510/494
f 510/510/494 512/512/496 849/849/791
f 850/850/792 849/849/791 512/512/496
f 850/850/792 512/512/496 505/505/489
f 851/851/793 852/852/794 853/853/795
f 853/853/795 850/850/792 851/851/793
f 850/850/792 853/853/795 849/849/791
f 848/848/790 849/849/791 853/853/795
f 853/853/795 854/854/796 848/848/790
f 847/847/789 848/848/790 854/854/796
f 847/847/789 854/854/796 846/846/788
f 846/846/788 845/845/787 847/847/789
f 852/852/794 855/855/797 856/856/798
f 856/856/798 853/853/795 852/852/794
f 856/856/798 854/854/796 853/853/795
f 854/854/796 856/856/798 857/857/799
f 857/857/799 846/846/788 854/854/796
f 858/858/800 857/857/799 856/856/798
f 856/856/798 859/859/801 858/858/800
f 860/860/802 859/859/801 856/856/798
f 856/856/798 855/855/797 860/860/802
f 861/861/803 860/860/802 855/855/797
f 855/855/797 862/862/804 861/861/803
f 863/863/805 862/862/804 855/855/797
f 855/855/797 852/852/794 863/863/805
f 864/864/806 863/863/805 852/852/794
f 852/852/794 851/851/793 864/864/806
f 858/858/800 865/865/807 866/866/808
f 865/865/807 858/858/800 859/859/801
f 859/859/801 867/867/809 865/865/807
f 867/867/809 859/859/801 860/860/802
f 860/860/802 868/868/810 867/867/809
f 869/869/811 868/868/810 860/860/802
f 860/860/802 861/861/803 869/869/811
f 869/869/811 861/861/803 870/870/812
f 870/870/812 861/861/803 862/862/804
f 862/862/804 871/871/813 870/870/812
f 870/870/812 872/872/814 869/869/811
f 871/871/813 862/862/804 873/873/815
f 862/862/804 863/863/805 873/873/815
f 863/863/805 874/874/816 873/873/815
f 874/874/816 863/863/805 864/864/806
f 864/864/806 875/875/817 874/874/816
f 875/875/817 864/864/806 876/876/818
f 877/877/819 874/874/816 875/875/817
f 878/878/820 874/874/816 877/877/819
f 873/873/815 874/874/816 878/878/820
f 878/878/820 879/879/821 873/873/815
f 875/875/817 880/880/822 877/877/819
f 877/877/819 880/880/822 881/881/823
f 881/881/823 882/882/824 877/877/819
f 882/882/824 878/878/820 877/877/819
f 883/883/825 878/878/820 882/882/824
f 879/879/821 878/878/820 883/883/825
f 883/883/825 884/884/826 879/879/821
f 880/880/822 885/885/827 886/886/828
f 881/881/823 880/880/822 886/886/828
f 881/881/823 886/886/828 887/887/315
f 887/887/315 888/888/829 881/881/823
f 882/882/824 881/881/823 888/888/829
f 888/888/829 889/889/830 882/882/824
f 882/882/824 889/889/830 883/883/825
f 883/883/825 889/889/830 890/890/831
f 890/890/831 884/884/826 883/883/825
f 884/884/826 890/890/831 891/891/832
f 892/892/833 893/893/834 894/894/835
f 894/894/835 895/895/836 892/892/833
f 896/896/837 892/892/833 895/895/836
f 895/895/836 897/897/838 896/896/837
f 896/896/837 897/897/838 891/891/832
f 891/891/832 898/898/839 896/896/837
f 898/898/839 891/891/832 890/890/831
f 890/890/831 899/899/840 898/898/839
f 899/899/840 890/890/831 889/889/830
f 889/889/830 888/888/829 899/899/840
f 900/900/314 899/899/840 888/888/829
f 888/888/829 887/887/315 900/900/314
f 899/899/840 900/900/314 901/901/313
f 901/901/313 902/902/841 899/899/840
f 898/898/839 899/899/840 902/902/841
f 902/902/841 896/896/837 898/898/839
f 892/892/833 896/896/837 902/902/841
f 902/902/841 893/893/834 892/892/833
f 893/893/834 902/902/841 901/901/313
f 901/901/313 903/903/312 893/893/834
f 904/904/842 893/893/834 903/903/312
f 903/903/312 314/314/311 904/904/842
f 312/312/309 904/904/842 314/314/311
f 905/905/843 906/906/844 907/907/845
f 905/905/843 908/908/846 906/906/844
f 906/906/844 908/908/846 311/311/308
f 311/311/308 908/908/846 909/909/847
f 312/312/309 311/311/308 909/909/847
f 909/909/847 910/910/848 312/312/309
f 904/904/842 312/312/309 910/910/848
f 910/910/848 911/911/849 904/904/842
f 893/893/834 904/904/842 911/911/849
f 911/911/849 894/894/835 893/893/834
f 907/907/845 906/906/844 322/322/319
f 322/322/319 906/906/844 320/320/317
f 311/311/308 320/320/317 906/906/844
f 912/912/850 909/909/847 908/908/846
f 910/910/848 909/909/847 912/912/850
f 911/911/849 910/910/848 912/912/850
f 912/912/850 913/913/851 911/911/849
f 894/894/835 911/911/849 913/913/851
f 913/913/851 914/914/852 894/894/835
f 895/895/836 894/894/835 914/914/852
f 914/914/852 915/915/853 895/895/836
f 915/915/853 914/914/852 916/916/854
f 916/916/854 917/917/855 915/915/853
f 916/916/854 914/914/852 913/913/851
f 913/913/851 912/912/850 916/916/854
f 905/905/843 916/916/854 912/912/850
f 912/912/850 908/908/846 905/905/843
f 916/916/854 918/918/856 917/917/855
f 918/918/856 916/916/854 905/905/843
f 905/905/843 919/919/857 918/918/856
f 920/920/858 919/919/857 905/905/843
f 921/921/859 919/919/857 920/920/858
f 920/920/858 922/922/860 921/921/859
f 923/923/861 921/921/859 922/922/860
f 922/922/860 924/924/862 923/923/861
f 925/925/863 926/926/864 923/923/861
f 923/923/861 924/924/862 925/925/863
f 927/927/865 925/925/863 924/924/862
f 924/924/862 928/928/866 927/927/865
f 928/928/866 924/924/862 922/922/860
f 922/922/860 929/929/867 928/928/866
f 930/930/685 929/929/867 922/922/860
f 922/922/860 920/920/858 930/930/685
f 930/930/685 920/920/858 907/907/845
f 905/905/843 907/907/845 920/920/858
f 907/907/845 931/931/868 930/930/685
f 932/932/869 926/926/864 925/925/863
f 872/872/814 870/870/812 927/927/865
f 927/927/865 933/933/870 872/872/814
f 934/934/871 933/933/870 927/927/865
f 927/927/865 928/928/866 934/934/871
f 935/935/872 934/934/871 928/928/866
f 928/928/866 929/929/867 935/935/872
f 936/936/873 935/935/872 929/929/867
f 929/929/867 930/930/685 936/936/873
f 937/937/874 936/936/873 930/930/685
f 930/930/685 931/931/868 937/937/874
f 938/938/4 939/939/875 940/940/3
f 940/940/3 939/939/875 937/937/874
f 940/940/3 941/941/876 942/942/1
f 937/937/874 931/931/868 940/940/3
f 940/940/3 931/931/868 907/907/845
f 907/907/845 941/941/876 940/940/3
f 322/322/319 941/941/876 907/907/845
f 942/942/1 941/941/876 322/322/319
f 322/322/319 943/943/877 942/942/1
f 944/944/878 942/942/1 943/943/877
f 943/943/877 945/945/879 944/944/878
f 944/944/878 945/945/879 833/833/775
f 828/828/770 833/833/775 945/945/879
f 945/945/879 943/943/877 946/946/880
f 942/942/1 944/944/878 947/947/881
f 947/947/881 948/948/2 942/942/1
f 949/949/882 950/950/883 947/947/881
f 948/948/2 947/947/881 950/950/883
f 950/950/883 938/938/884 948/948/2
f 832/832/774 841/841/783 951/951/885
f 951/951/885 833/833/775 832/832/774
f 833/833/775 951/951/885 944/944/878
f 947/947/881 944/944/878 951/951/885
f 951/951/885 952/952/886 947/947/881
f 947/947/881 952/952/886 949/949/882
f 949/949/882 952/952/886 953/953/887
f 953/953/887 954/954/888 949/949/882
f 954/954/888 953/953/887 955/955/889
f 955/955/889 956/956/890 954/954/888
f 953/953/887 952/952/886 951/951/885
f 953/953/887 951/951/885 841/841/783
f 841/841/783 955/955/889 953/953/887
f 957/957/891 955/955/889 841/841/783
f 841/841/783 840/840/782 957/957/891
f 958/958/892 957/957/891 840/840/782
f 959/959/893 956/956/890 955/955/889
f 955/955/889 957/957/891 959/959/893
f 866/866/808 959/959/893 957/957/891
f 957/957/891 958/958/892 866/866/808
f 866/866/808 958/958/892 858/858/800
f 858/858/800 958/958/892 840/840/782
f 840/840/782 857/857/799 858/858/800
f 857/857/799 840/840/782 839/839/781
f 839/839/781 846/846/788 857/857/799
f 846/846/788 839/839/781 834/834/776
f 564/564/544 960/960/894 562/562/543
f 961/961/17 962/962/895 963/963/896
f 961/961/17 963/963/896 562/562/543
f 562/562/543 964/964/53 961/961/17
f 964/964/53 562/562/543 960/960/894
f 960/960/894 965/965/558 964/964/53
f 965/965/558 960/960/894 966/966/13
f 966/966/13 960/960/894 564/564/544
f 564/564/544 967/967/60 966/966/13
f 580/580/555 967/967/60 564/564/544
f 564/564/544 565/565/545 580/580/555
f 966/966/13 968/968/12 965/965/558
f 969/969/124 970/970/128 971/971/897
f 970/970/128 972/972/127 973/973/674
f 974/974/898 975/975/142 976/976/899
f 976/976/899 977/977/900 974/974/898
f 974/974/898 977/977/900 978/978/901
f 978/978/901 977/977/900 979/979/902
f 979/979/902 980/980/903 978/978/901
f 980/980/903 979/979/902 971/971/897
f 980/980/903 971/971/897 970/970/128
f 970/970/128 981/981/904 980/980/903
f 973/973/674 981/981/904 970/970/128
f 982/982/905 981/981/904 973/973/674
f 977/977/900 976/976/899 983/983/906
f 983/983/906 979/979/902 977/977/900
f 973/973/674 984/984/665 982/982/905
f 982/982/905 984/984/665 985/985/639
f 985/985/639 986/986/907 982/982/905
f 987/987/636 986/986/907 985/985/639
f 986/986/907 987/987/636 988/988/129
f 988/988/129 987/987/636 989/989/908
f 990/990/906 986/986/907 988/988/129
f 978/978/901 991/991/144 974/974/898
f 991/991/144 978/978/901 992/992/909
f 992/992/909 978/978/901 980/980/903
f 980/980/903 981/981/904 992/992/909
f 993/993/910 992/992/909 981/981/904
f 981/981/904 982/982/905 993/993/910
f 993/993/910 982/982/905 986/986/907
f 986/986/907 994/994/911 993/993/910
f 994/994/911 986/986/907 990/990/906
f 990/990/906 995/995/899 994/994/911
f 996/996/429 994/994/911 995/995/899
f 995/995/899 997/997/142 996/996/429
f 992/992/909 998/998/912 991/991/144
f 998/998/912 992/992/909 993/993/910
f 993/993/910 999/999/149 998/998/912
f 996/996/429 999/999/149 993/993/910
f 993/993/910 994/994/911 996/996/429
f 1000/1000/500 1001/1001/499 1002/1002/913
f 1003/1003/914 1004/1004/915 1005/1005/916
f 1005/1005/916 1004/1004/915 1006/1006/917
f 1007/1007/918 1006/1006/917 1004/1004/915
f 1008/1008/919 1006/1006/917 1007/1007/918
f 1007/1007/918 1000/1000/500 1008/1008/919
f 1000/1000/500 1002/1002/913 1008/1008/919
f 344/344/339 1008/1008/919 1002/1002/913
f 1002/1002/913 1009/1009/920 344/344/339
f 344/344/339 1009/1009/920 1010/1010/921
f 1010/1010/921 345/345/340 344/344/339
f 1011/1011/922 1012/1012/923 1005/1005/916
f 1006/1006/917 1011/1011/922 1005/1005/916
f 1011/1011/922 1006/1006/917 1008/1008/919
f 308/308/305 1013/1013/924 309/309/306
f 379/379/373 309/309/306 1013/1013/924
f 1013/1013/924 1012/1012/923 379/379/373
f 361/361/355 379/379/373 1012/1012/923
f 361/361/355 1012/1012/923 1011/1011/922
f 361/361/355 1011/1011/922 360/360/354
f 1008/1008/919 360/360/354 1011/1011/922
f 355/355/349 360/360/354 1008/1008/919
f 1008/1008/919 344/344/339 355/355/349
f 346/346/341 355/355/349 344/344/339
f 318/318/315 1014/1014/925 310/310/307
f 306/306/303 310/310/307 1014/1014/925
f 1014/1014/925 1015/1015/926 306/306/303
f 308/308/305 306/306/303 1015/1015/926
f 1015/1015/926 1016/1016/927 308/308/305
f 1013/1013/924 308/308/305 1016/1016/927
f 1012/1012/923 1013/1013/924 1016/1016/927
f 1016/1016/927 1017/1017/928 1012/1012/923
f 1012/1012/923 1017/1017/928 1003/1003/914
f 1003/1003/914 1005/1005/916 1012/1012/923
f 1016/1016/927 1015/1015/926 1018/1018/828
f 1018/1018/828 1015/1015/926 1014/1014/925
f 1014/1014/925 318/318/315 1018/1018/828
f 1019/1019/929 1020/1020/930 1021/1021/931
f 1021/1021/931 1022/1022/932 1019/1019/929
f 1019/1019/929 1022/1022/932 1023/1023/933
f 1024/1024/934 1020/1020/930 1019/1019/929
f 1020/1020/930 1024/1024/934 1025/1025/935
f 1025/1025/935 1021/1021/931 1020/1020/930
f 1021/1021/931 1025/1025/935 1026/1026/936
f 1026/1026/936 1027/1027/864 1021/1021/931
f 1021/1021/931 1027/1027/864 1028/1028/937
f 1028/1028/937 1022/1022/932 1021/1021/931
f 1029/1029/938 1022/1022/932 1028/1028/937
f 1023/1023/933 1022/1022/932 1029/1029/938
f 1029/1029/938 1030/1030/939 1023/1023/933
f 1031/1031/935 1024/1024/934 1032/1032/940
f 1033/1033/941 1032/1032/940 1024/1024/934
f 1024/1024/934 1034/1034/942 1033/1033/941
f 1035/1035/943 1036/1036/944 1037/1037/945
f 1037/1037/945 1030/1030/939 1035/1035/943
f 1035/1035/943 1030/1030/939 1029/1029/938
f 1038/1038/946 1023/1023/933 1030/1030/939
f 1030/1030/939 1037/1037/945 1038/1038/946
f 1038/1038/946 1037/1037/945 1039/1039/856
f 1039/1039/856 1037/1037/945 1036/1036/944
f 1036/1036/944 1040/1040/947 1039/1039/856
f 1041/1041/853 1040/1040/947 1036/1036/944
f 1041/1041/853 1036/1036/944 1042/1042/836
f 1043/1043/838 1042/1042/836 1036/1036/944
f 1036/1036/944 1035/1035/943 1043/1043/838
f 1043/1043/838 1035/1035/943 1044/1044/948
f 1029/1029/938 1044/1044/948 1035/1035/943
f 1044/1044/948 1029/1029/938 1045/1045/949
f 1028/1028/937 1045/1045/949 1029/1029/938
f 1044/1044/948 1046/1046/832 1043/1043/838
f 1047/1047/950 1046/1046/832 1044/1044/948
f 1048/1048/951 1047/1047/950 1044/1044/948
f 1045/1045/949 1048/1048/951 1044/1044/948
f 1049/1049/952 1050/1050/953 1051/1051/178
f 1052/1052/954 1050/1050/953 1049/1049/952
f 1049/1049/952 1053/1053/955 1052/1052/954
f 1054/1054/956 1052/1052/954 1053/1053/955
f 321/321/318 1052/1052/954 1054/1054/956
f 1055/1055/957 1052/1052/954 321/321/318
f 321/321/318 323/323/320 1055/1055/957
f 326/326/323 1055/1055/957 323/323/320
f 336/336/240 1055/1055/957 326/326/323
f 328/328/325 336/336/240 326/326/323
f 1055/1055/957 336/336/240 1051/1051/178
f 1051/1051/178 1050/1050/953 1055/1055/957
f 1055/1055/957 1050/1050/953 1052/1052/954
f 177/177/177 180/180/180 176/176/176
f 1056/1056/958 180/180/180 177/177/177
f 1056/1056/958 1049/1049/952 180/180/180
f 1056/1056/958 1057/1057/959 1049/1049/952
f 1053/1053/955 1049/1049/952 1057/1057/959
f 1053/1053/955 1057/1057/959 946/946/880
f 946/946/880 1054/1054/956 1053/1053/955
f 946/946/880 943/943/877 1054/1054/956
f 1054/1054/956 943/943/877 322/322/319
f 1054/1054/956 322/322/319 321/321/318
f 1051/1051/178 180/180/180 1049/1049/952
f 175/175/175 1058/1058/960 177/177/177
f 1059/1059/961 177/177/177 1058/1058/960
f 177/177/177 1059/1059/961 1056/1056/958
f 1060/1060/962 1056/1056/958 1059/1059/961
f 1057/1057/959 1056/1056/958 1060/1060/962
f 1061/1061/963 1057/1057/959 1060/1060/962
f 946/946/880 1057/1057/959 1061/1061/963
f 1062/1062/964 946/946/880 1061/1061/963
f 946/946/880 1062/1062/964 945/945/879
f 945/945/879 1062/1062/964 828/828/770
f 1061/1061/963 1060/1060/962 1063/1063/965
f 1059/1059/961 1063/1063/965 1060/1060/962
f 1061/1061/963 828/828/770 1062/1062/964
f 829/829/771 828/828/770 1061/1061/963
f 1063/1063/965 829/829/771 1061/1061/963
f 830/830/772 829/829/771 1063/1063/965
f 1063/1063/965 836/836/778 830/830/772
f 838/838/780 836/836/778 1063/1063/965
f 1063/1063/965 1059/1059/961 838/838/780
f 1058/1058/960 838/838/780 1059/1059/961
f 838/838/780 1058/1058/960 161/161/161
f 161/161/161 1058/1058/960 175/175/175
f 175/175/175 163/163/163 161/161/161
f 1064/1064/169 1065/1065/966 1066/1066/745
f 1066/1066/745 1067/1067/967 1064/1064/169
f 1068/1068/168 1064/1064/169 1067/1067/967
f 1069/1069/170 1068/1068/168 1067/1067/967
f 1067/1067/967 1070/1070/750 1069/1069/170
f 1070/1070/750 1071/1071/508 1069/1069/170
f 1072/1072/968 1071/1071/508 1070/1070/750
f 1070/1070/750 1073/1073/969 1072/1072/968
f 1074/1074/753 1075/1075/502 1072/1072/968
f 1072/1072/968 1073/1073/969 1074/1074/753
f 1009/1009/920 1074/1074/753 1073/1073/969
f 1073/1073/969 1010/1010/921 1009/1009/920
f 1010/1010/921 1073/1073/969 1070/1070/750
f 1070/1070/750 1076/1076/746 1010/1010/921
f 1010/1010/921 1076/1076/746 1077/1077/970
f 1077/1077/970 1076/1076/746 1066/1066/745
f 1066/1066/745 1078/1078/971 1077/1077/970
f 1065/1065/966 1078/1078/971 1066/1066/745
f 1078/1078/971 1065/1065/966 1079/1079/150
f 1079/1079/150 1065/1065/966 1064/1064/169
f 1064/1064/169 1080/1080/972 1079/1079/150
f 1077/1077/970 345/345/340 1010/1010/921
f 345/345/340 1077/1077/970 347/347/342
f 1078/1078/971 347/347/342 1077/1077/970
f 352/352/346 347/347/342 1078/1078/971
f 1078/1078/971 1081/1081/973 352/352/346
f 353/353/347 352/352/346 1081/1081/973
f 1081/1081/973 1082/1082/148 353/353/347
f 1079/1079/150 1082/1082/148 1081/1081/973
f 1079/1079/150 1081/1081/973 1078/1078/971
f 1083/1083/974 1084/1084/975 1085/1085/976
f 1084/1084/975 1086/1086/977 1085/1085/976
f 1086/1086/977 1087/1087/978 1085/1085/976
f 1087/1087/978 1088/1088/979 1085/1085/976
f 1088/1088/979 1089/1089/580 1085/1085/976
f 1089/1089/580 1090/1090/980 1085/1085/976
f 1090/1090/980 1091/1091/981 1085/1085/976
f 1091/1091/981 1092/1092/982 1085/1085/976
f 1092/1092/982 1093/1093/576 1085/1085/976
f 1093/1093/576 1094/1094/625 1085/1085/976
f 1094/1094/625 1095/1095/624 1085/1085/976
f 1095/1095/624 1096/1096/983 1085/1085/976
f 1096/1096/983 1097/1097/622 1085/1085/976
f 1097/1097/622 1098/1098/984 1085/1085/976
f 1098/1098/984 1099/1099/620 1085/1085/976
f 1099/1099/620 1100/1100/985 1085/1085/976
f 1100/1100/985 1101/1101/986 1085/1085/976
f 1101/1101/986 1102/1102/607 1085/1085/976
f 1102/1102/607 1103/1103/987 1085/1085/976
f 1103/1103/987 1104/1104/605 1085/1085/976
f 1104/1104/605 1105/1105/594 1085/1085/976
f 1105/1105/594 1083/1083/974 1085/1085/976
f 1106/1106/906 1107/1107/988 1108/1108/989
f 1106/1106/906 1109/1109/990 1110/1110/991
f 1108/1108/989 1109/1109/990 1106/1106/906
f 1109/1109/990 1108/1108/989 1111/1111/992
f 1111/1111/992 1112/1112/993 1109/1109/990
f 1112/1112/993 1111/1111/992 1113/1113/118
f 1112/1112/993 1113/1113/118 1114/1114/139
f 1115/1115/137 1112/1112/993 1114/1114/139
f 1115/1115/137 1116/1116/994 1112/1112/993
f 1117/1117/995 1116/1116/994 1115/1115/137
f 1116/1116/994 1117/1117/995 1118/1118/996
f 1118/1118/996 1117/1117/995 1119/1119/997
f 1119/1119/997 1120/1120/998 1118/1118/996
f 1115/1115/137 1121/1121/122 1117/1117/995
f 1117/1117/995 1122/1122/117 1119/1119/997
f 1117/1117/995 1121/1121/122 1122/1122/117
f 1122/1122/117 1123/1123/118 1124/1124/999
f 1124/1124/999 1119/1119/997 1122/1122/117
f 1119/1119/997 1124/1124/999 1125/1125/989
f 1125/1125/989 1120/1120/998 1119/1119/997
f 1126/1126/124 1120/1120/998 1125/1125/989
f 1120/1120/998 1126/1126/124 1127/1127/1000
f 1127/1127/1000 1118/1118/996 1120/1120/998
f 1118/1118/996 1127/1127/1000 1128/1128/902
f 1128/1128/902 1110/1110/991 1118/1118/996
f 1110/1110/991 1128/1128/902 1106/1106/906
f 1125/1125/989 1129/1129/988 1126/1126/124
f 1118/1118/996 1110/1110/991 1116/1116/994
f 1112/1112/993 1116/1116/994 1110/1110/991
f 1110/1110/991 1109/1109/990 1112/1112/993
f 243/243/243 254/254/254 1130/1130/1001
f 1130/1130/1001 244/244/244 243/243/243
f 1131/1131/1002 244/244/244 1130/1130/1001
f 244/244/244 1131/1131/1002 248/248/248
f 1132/1132/1003 248/248/248 1131/1131/1002
f 1132/1132/1003 245/245/245 248/248/248
f 245/245/245 1132/1132/1003 1133/1133/267
f 1133/1133/267 1134/1134/1004 245/245/245
f 245/245/245 1134/1134/1004 1135/1135/258
f 1135/1135/258 246/246/246 245/245/245
f 1130/1130/1001 1136/1136/1005 1131/1131/1002
f 1131/1131/1002 1136/1136/1005 1137/1137/655
f 1137/1137/655 1138/1138/653 1131/1131/1002
f 1131/1131/1002 1138/1138/653 1139/1139/652
f 1139/1139/652 1132/1132/1003 1131/1131/1002
f 1133/1133/267 1132/1132/1003 1139/1139/652
f 1139/1139/652 1140/1140/266 1133/1133/267
f 1141/1141/1006 1038/1038/946 1142/1142/857
f 1039/1039/856 1142/1142/857 1038/1038/946
f 1142/1142/857 1143/1143/1007 1141/1141/1006
f 1141/1141/1006 1143/1143/1007 1144/1144/861
f 1144/1144/861 1031/1031/935 1141/1141/1006
f 1032/1032/940 1141/1141/1006 1031/1031/935
f 1038/1038/946 1141/1141/1006 1032/1032/940
f 1032/1032/940 1033/1033/941 1038/1038/946
f 1023/1023/933 1038/1038/946 1033/1033/941
f 1033/1033/941 1034/1034/942 1023/1023/933
f 1023/1023/933 1034/1034/942 1019/1019/929
f 1019/1019/929 1034/1034/942 1024/1024/934
f 1145/1145/807 1146/1146/1008 1147/1147/1009
f 1147/1147/1009 1148/1148/1010 1145/1145/807
f 1149/1149/893 1148/1148/1010 1147/1147/1009
f 1147/1147/1009 1150/1150/1011 1149/1149/893
f 1151/1151/1012 1152/1152/870 1153/1153/871
f 1154/1154/814 1152/1152/870 1151/1151/1012
f 1154/1154/814 1151/1151/1012 1155/1155/1013
f 1155/1155/1013 1156/1156/1014 1154/1154/814
f 1157/1157/810 1156/1156/1014 1155/1155/1013
f 1155/1155/1013 1158/1158/1015 1157/1157/810
f 1159/1159/809 1157/1157/810 1158/1158/1015
f 1158/1158/1015 1160/1160/1016 1159/1159/809
f 1145/1145/807 1159/1159/809 1160/1160/1016
f 1160/1160/1016 1146/1146/1008 1145/1145/807
f 1161/1161/884 1162/1162/1017 1163/1163/1018
f 1163/1163/1018 1164/1164/875 1161/1161/884
f 1164/1164/875 1163/1163/1018 1165/1165/1019
f 1165/1165/1019 1166/1166/874 1164/1164/875
f 1166/1166/874 1165/1165/1019 1167/1167/1020
f 1167/1167/1020 1168/1168/873 1166/1166/874
f 1169/1169/872 1168/1168/873 1167/1167/1020
f 1169/1169/872 1167/1167/1020 1170/1170/1021
f 1170/1170/1021 1153/1153/871 1169/1169/872
f 1153/1153/871 1170/1170/1021 1151/1151/1012
f 1149/1149/893 1150/1150/1011 1171/1171/1022
f 1171/1171/1022 1172/1172/890 1149/1149/893
f 1173/1173/888 1172/1172/890 1171/1171/1022
f 1171/1171/1022 1174/1174/1023 1173/1173/888
f 1173/1173/888 1174/1174/1023 1175/1175/1024
f 1175/1175/1024 1176/1176/882 1173/1173/888
f 1177/1177/883 1176/1176/882 1175/1175/1024
f 1175/1175/1024 1178/1178/1025 1177/1177/883
f 1177/1177/883 1178/1178/1025 1162/1162/1017
f 1162/1162/1017 1161/1161/884 1177/1177/883
f 507/507/491 850/850/792 505/505/489
f 851/851/793 850/850/792 507/507/491
f 507/507/491 1179/1179/1026 851/851/793
f 864/864/806 851/851/793 1179/1179/1026
f 1179/1179/1026 1180/1180/1027 864/864/806
f 864/864/806 1180/1180/1027 1181/1181/1028
f 1181/1181/1028 876/876/818 864/864/806
f 1181/1181/1028 1182/1182/1029 876/876/818
f 875/875/817 876/876/818 1182/1182/1029
f 1182/1182/1029 880/880/822 875/875/817
f 1179/1179/1026 507/507/491 516/516/500
f 516/516/500 1183/1183/918 1179/1179/1026
f 1180/1180/1027 1179/1179/1026 1183/1183/918
f 1183/1183/918 1184/1184/915 1180/1180/1027
f 1180/1180/1027 1184/1184/915 1181/1181/1028
f 1184/1184/915 1185/1185/914 1181/1181/1028
f 1181/1181/1028 1185/1185/914 1186/1186/928
f 1186/1186/928 1182/1182/1029 1181/1181/1028
f 1182/1182/1029 1186/1186/928 885/885/827
f 885/885/827 880/880/822 1182/1182/1029
f 891/891/832 1187/1187/950 884/884/826
f 879/879/821 884/884/826 1187/1187/950
f 1187/1187/950 1188/1188/1030 879/879/821
f 1189/1189/949 879/879/821 1188/1188/1030
f 873/873/815 879/879/821 1189/1189/949
f 1189/1189/949 932/932/869 873/873/815
f 873/873/815 932/932/869 871/871/813
f 925/925/863 871/871/813 932/932/869
f 870/870/812 871/871/813 925/925/863
f 925/925/863 927/927/865 870/870/812
