# Blender 3.4.1
# www.blender.org
mtllib Queen Statue C.mtl
o QStatuesC
v 0.325479 3.333577 0.293469
v 0.275235 3.314169 0.170017
v 0.331969 3.333475 0.177352
v 0.275235 3.314169 0.170017
v 0.190326 3.415573 0.008198
v 0.249672 3.434331 0.023502
v 0.331969 3.333475 0.177352
v 0.236769 3.309872 0.513049
v 0.255184 3.278206 0.460350
v 0.297423 3.378698 0.461197
v 0.261559 3.249119 0.358224
v 0.325479 3.333577 0.293469
v 0.259777 3.181470 0.303363
v 0.284072 3.291849 0.157728
v 0.223830 3.333416 0.024569
v 0.144344 3.324699 -0.104586
v 0.166849 3.500882 -0.028424
v 0.339813 3.280929 -0.137573
v 0.231287 2.987361 0.231469
v 0.326654 3.022919 0.241364
v 0.338925 3.104128 0.237435
v 0.418021 3.234722 0.190829
v 0.449627 3.260503 0.048030
v 0.407887 3.270716 -0.053175
v 0.482470 3.119806 -0.103388
v 0.403956 3.130731 -0.209883
v 0.429895 2.916143 -0.257003
v 0.428220 2.961789 -0.251271
v 0.485325 2.928547 -0.140790
v 0.521654 3.105785 0.014465
v 0.470142 3.074663 0.181737
v 0.417769 2.876225 0.217818
v 0.409667 2.966679 -0.269569
v 0.330351 2.898174 0.243778
v 0.169694 2.825951 0.290101
v 0.154319 2.967987 0.316688
v 0.170834 3.113550 0.339203
v 0.211251 3.188722 0.352317
v 0.155347 3.146512 0.436003
v 0.232502 3.232395 0.483250
v 0.165975 3.125135 0.500370
v 0.161402 3.022663 0.460263
v 0.144429 3.046869 0.422856
v 0.132759 2.933746 0.398397
v 0.154044 2.584527 0.459816
v 0.101418 2.489203 0.497212
v 0.120938 2.532965 0.406980
v 0.143729 2.635058 0.360073
v 0.147150 2.753595 0.399294
v 0.122944 2.780337 0.367040
v 0.134975 2.643458 0.293718
v 0.152895 2.942881 0.438048
v 0.087470 2.457713 0.628510
v -0.002863 2.401914 0.529017
v 0.167945 3.128322 0.551134
v 0.182296 2.987433 0.498255
v 0.183424 2.855347 0.474676
v 0.157592 2.700387 0.499137
v 0.123226 2.576611 0.537907
v 0.185387 2.970164 0.533344
v 0.185880 2.837573 0.515020
v 0.139693 2.766986 0.561312
v 0.125484 2.647180 0.598981
v 0.110598 2.527650 0.575512
v 0.115960 2.551663 0.678812
v 0.158255 2.952896 0.568434
v 0.149565 3.106463 0.588114
v 0.093506 2.569916 0.737323
v 0.107605 2.652011 0.692635
v 0.085333 2.648411 0.770956
v 0.055641 2.560789 0.693165
v 0.073617 2.649595 0.630905
v 0.087629 2.766712 0.588377
v 0.104559 2.938975 0.566847
v 0.115388 3.061701 0.628788
v 0.116486 2.917468 0.674908
v 0.085071 2.928353 0.641802
v 0.035712 3.049535 0.674222
v 0.093516 2.766596 0.618397
v 0.122500 2.766439 0.645249
v 0.083701 2.782382 0.754025
v 0.047978 2.658848 0.779210
v 0.046459 2.782819 0.764271
v 0.047139 2.876526 0.783390
v 0.077391 2.884337 0.775349
v 0.044339 2.936840 0.822734
v 0.037454 2.906169 0.735081
v 0.035496 2.782357 0.710472
v 0.047946 2.657722 0.721244
v 0.031474 2.587073 0.757436
v 0.037341 2.608762 0.814658
v 0.072341 2.593112 0.805101
v -0.001653 2.558130 0.837941
v 0.051534 2.548484 0.863850
v 0.011466 2.574211 0.868185
v -0.010864 2.556331 0.910856
v -0.063401 2.552908 0.885395
v -0.063401 2.552908 0.935631
v -0.115918 2.549487 0.894115
v -0.115918 2.549487 0.945593
v -0.168436 2.552908 0.935631
v -0.179700 2.510479 0.944530
v -0.115918 2.501981 0.962019
v -0.182933 2.456696 0.921125
v -0.250062 2.518978 0.912677
v -0.115918 2.457198 0.937135
v -0.052137 2.510479 0.944530
v 0.018419 2.518976 0.912468
v 0.025623 2.462176 0.836705
v -0.323518 2.476635 0.769141
v -0.249930 2.456193 0.889228
v -0.291464 2.405799 0.798693
v -0.189426 2.416711 0.869723
v -0.115842 2.416947 0.884100
v -0.048751 2.456696 0.921125
v -0.042200 2.416739 0.869526
v -0.055859 2.349984 0.900044
v -0.075632 2.249642 0.952289
v -0.033612 2.231435 0.914121
v -0.115918 2.337372 0.905560
v -0.175823 2.349985 0.900048
v -0.250783 2.348201 0.848049
v -0.266663 2.304367 0.750401
v -0.287019 2.357876 0.690907
v -0.303840 2.450220 0.617358
v -0.156206 2.249632 0.952276
v -0.115918 2.243913 0.950546
v -0.197917 2.231435 0.914144
v -0.194691 2.185577 0.838075
v -0.195734 2.295798 0.689758
v -0.219585 2.426056 0.525936
v -0.164520 2.122655 0.943545
v -0.158033 2.144736 0.848402
v -0.110547 2.379346 0.527222
v -0.113125 2.279035 0.661460
v -0.115303 2.151102 0.839402
v -0.139965 2.101074 0.957702
v -0.166039 2.142074 0.977633
v -0.150903 2.192175 0.994203
v -0.140931 2.134210 0.996970
v -0.115918 2.193971 0.997442
v -0.090752 2.134220 0.996982
v -0.091256 2.101081 0.957711
v -0.080935 2.192180 0.994209
v -0.065643 2.142069 0.977626
v -0.091256 2.101081 0.957711
v -0.115303 2.151102 0.839402
v -0.113125 2.279035 0.661460
v -0.031904 2.288453 0.663253
v -0.072725 2.144732 0.848406
v -0.067010 2.122650 0.943539
v 0.044959 2.403186 0.792638
v 0.011675 2.347713 0.842635
v 0.028293 2.303688 0.745249
v -0.036530 2.185663 0.838127
v 0.050523 2.352803 0.685669
v 0.065434 2.505348 0.799095
v 0.022118 2.492837 0.766651
v 0.076986 2.480325 0.764014
v -0.110547 2.379346 0.527222
v -0.161161 3.354953 0.798025
v -0.116676 3.366247 0.811458
v -0.116934 3.443533 0.742744
v -0.314409 3.258611 0.684160
v -0.217006 3.305255 0.754827
v -0.180757 3.419342 0.670470
v -0.154176 3.436808 0.731041
v -0.173168 3.574132 0.682955
v -0.114345 3.583071 0.683952
v -0.151695 3.639633 0.687915
v -0.116293 3.652585 0.676827
v -0.062418 3.327716 0.920346
v -0.073376 3.361364 0.792329
v -0.082577 3.435728 0.725607
v -0.059219 3.570061 0.662696
v -0.061144 3.642490 0.679678
v -0.116637 3.700627 0.649480
v -0.206616 3.709598 0.667575
v 0.018099 3.658800 0.671511
v -0.025876 3.719648 0.659130
v -0.000867 3.777167 0.543347
v -0.116451 3.758454 0.570701
v -0.115995 3.819283 0.441685
v -0.239322 3.772020 0.546997
v -0.175795 3.892090 0.219694
v -0.002789 3.814585 0.402978
v 0.085609 3.730635 0.601045
v 0.085593 3.776411 0.487549
v 0.090635 3.800476 0.333749
v 0.055826 3.829378 0.211748
v -0.174344 3.807487 -0.021515
v 0.034492 3.727032 0.016084
v 0.022193 3.578371 0.628174
v 0.115034 3.642920 0.624948
v 0.244827 3.656738 0.515485
v 0.243327 3.711038 0.359938
v 0.223196 3.729207 0.231584
v 0.145638 3.658868 0.043629
v 0.083434 3.572750 0.602627
v 0.073540 3.488548 -0.140691
v 0.046786 3.618796 -0.111073
v 0.208704 3.516595 -0.010375
v 0.331499 3.531637 0.152398
v 0.360827 3.521552 0.303609
v 0.348807 3.499344 0.468005
v 0.366263 3.352364 0.294482
v 0.346262 3.401062 0.431698
v 0.283344 3.493646 0.549728
v 0.220569 3.591155 0.594277
v 0.157109 3.532930 0.569468
v 0.187173 3.483377 0.559061
v 0.133008 3.501801 0.535426
v 0.249878 3.392348 0.512152
v 0.195687 3.411808 0.532729
v 0.144365 3.429041 0.464248
v 0.091538 3.439906 0.495507
v 0.132928 3.297330 0.482590
v 0.197268 3.303607 0.498927
v 0.214436 3.267123 0.521188
v 0.147467 3.231469 0.565613
v 0.119901 3.208582 0.598378
v 0.078608 3.184652 0.621360
v 0.087399 3.297427 0.576242
v 0.092063 3.304654 0.528625
v 0.082214 3.362578 0.508158
v 0.083884 3.448454 0.526766
v 0.047703 3.496404 0.544341
v 0.031216 3.459783 0.535976
v 0.076649 3.496663 0.542328
v 0.092207 3.540856 0.553206
v 0.024815 3.541676 0.562705
v 0.009751 3.485254 0.525566
v -0.005205 3.358181 0.558936
v -0.020336 3.373203 0.611528
v -0.033345 3.269846 0.611669
v -0.033763 3.542545 0.630568
v -0.013605 3.512970 0.561341
v -0.050922 3.401129 0.655931
v -0.006522 3.308736 0.681849
v -0.026693 3.332601 0.720566
v 0.003054 3.260526 0.727160
v 0.002746 3.267605 0.847983
v -0.004006 3.220984 0.873299
v -0.012971 3.170169 0.817364
v 0.020255 3.194250 0.758858
v 0.019774 3.221152 0.725112
v 0.000666 3.207630 0.640171
v 0.003804 3.284994 0.567247
v 0.078218 3.370604 0.556829
v 0.037625 3.377675 0.572331
v 0.043280 3.294563 0.600295
v 0.033140 3.173497 0.601231
v 0.009632 3.150072 0.661299
v 0.070533 3.057858 0.609552
v 0.022761 3.196327 0.688394
v 0.033345 3.132588 0.731481
v 0.071972 3.037369 0.737581
v 0.082602 2.953214 0.802961
v 0.001847 3.099052 0.862929
v 0.009839 3.042809 0.915826
v -0.007501 3.007837 0.901374
v -0.009729 2.995708 0.831345
v -0.115995 3.012847 0.889591
v -0.115995 3.135227 0.910978
v -0.115995 3.062865 0.973139
v -0.115995 3.173112 0.860910
v -0.115995 3.212549 0.885525
v -0.062107 3.286082 0.948781
v -0.227985 3.220984 0.873299
v -0.221889 3.172474 0.817891
v -0.234077 3.100967 0.861610
v -0.241829 3.042809 0.915826
v -0.224489 3.007837 0.901374
v -0.115995 3.017507 0.942091
v -0.246947 3.204267 0.759695
v -0.347966 3.132064 0.739536
v -0.324643 3.014253 0.758642
v -0.315409 2.948229 0.803589
v -0.276328 2.936840 0.822734
v -0.316672 2.865696 0.764032
v -0.361070 2.942498 0.704551
v -0.392865 2.716776 0.688578
v -0.443407 3.074738 0.619609
v -0.441159 2.731200 0.541363
v -0.543619 3.083849 0.582971
v -0.421902 3.249373 0.641025
v -0.234982 3.267564 0.847983
v -0.161817 3.327716 0.920346
v -0.169883 3.286082 0.948781
v -0.115995 3.306421 0.977760
v -0.115995 3.347536 0.951908
v -0.179361 1.783708 0.043724
v -0.172448 1.803750 0.010163
v -0.100439 1.753800 -0.033418
v -0.136248 1.699261 0.002201
v -0.117578 1.674691 -0.041073
v -0.129647 1.656637 -0.010742
v -0.048299 1.774469 -0.059285
v -0.080095 1.846467 -0.025385
v -0.170558 1.837571 -0.019007
v -0.204632 1.818247 0.002230
v -0.164236 1.641287 -0.026994
v -0.159830 1.657770 -0.069002
v -0.037757 1.745809 -0.125908
v -0.011812 1.861203 -0.075885
v -0.114822 1.958363 -0.009250
v -0.191251 1.923202 -0.017535
v -0.013268 1.997924 -0.089515
v -0.066279 2.067804 -0.117794
v 0.019339 1.865591 -0.158619
v -0.047093 1.874062 -0.228819
v -0.052865 1.776781 -0.195064
v -0.022755 1.756086 -0.262690
v -0.064857 2.031030 -0.204608
v -0.002342 2.003304 -0.149331
v 0.104321 2.142824 -0.394758
v 0.104960 2.099626 -0.387683
v 0.006345 2.051252 -0.352817
v 0.011669 2.118175 -0.343855
v 0.023583 2.270236 -0.182257
v -0.040205 2.136186 -0.273181
v -0.072651 2.154197 -0.205739
v -0.104698 2.093579 -0.166126
v -0.121495 2.086973 -0.081329
v -0.184139 2.116167 -0.117452
v -0.192315 2.222053 -0.180821
v -0.297886 2.207409 -0.109634
v -0.154208 2.290733 -0.092786
v -0.339917 2.165630 -0.007006
v -0.239405 2.059145 -0.035917
v -0.156039 2.045186 -0.035122
v -0.224712 1.995135 0.005869
v -0.223266 1.920826 -0.014774
v -0.178342 2.250622 0.039060
v -0.059744 2.337304 -0.094686
v -0.050300 2.342395 -0.083725
v -0.026514 2.291462 -0.166801
v -0.106263 2.228857 -0.207392
v 0.059010 2.357203 -0.151993
v 0.059662 2.343967 -0.122284
v 0.004801 2.390693 -0.013081
v -0.085874 2.390554 -0.000273
v -0.034844 2.470874 0.063665
v 0.137604 2.342377 -0.117275
v 0.213949 2.139360 -0.377637
v 0.127194 2.327207 -0.099881
v 0.127932 1.881813 -0.449989
v 0.213193 2.112704 -0.385920
v -0.153087 1.464698 -0.011613
v -0.060743 1.433022 -0.178889
v 0.046914 1.677807 -0.306683
v 0.016497 1.792977 -0.355726
v 0.120584 1.805202 -0.430926
v 0.021908 1.883765 -0.360340
v -0.071580 1.356971 -0.149529
v 0.097195 1.356673 -0.169423
v 0.110706 1.415984 -0.196696
v 0.203038 1.656336 -0.312259
v 0.291540 1.828382 -0.437058
v 0.288807 1.891896 -0.454863
v 0.175257 0.919449 -0.053546
v 0.180175 0.942205 -0.046860
v 0.196238 0.962863 -0.030478
v 0.319539 1.270265 -0.129557
v 0.326644 1.098043 -0.049558
v 0.236563 1.090532 -0.134666
v 0.269956 1.073476 -0.047617
v 0.271962 1.035912 0.018766
v 0.216996 0.956917 -0.009522
v 0.200486 0.851314 0.022293
v 0.170113 0.842973 -0.007035
v 0.149625 0.736812 0.001410
v 0.113136 0.840001 0.016672
v 0.215877 0.997321 0.072740
v 0.269615 0.954853 0.088356
v 0.191521 0.954841 0.042405
v 0.169187 0.850967 0.067872
v 0.148356 0.741541 0.080850
v 0.178442 0.737563 0.026505
v 0.225121 0.950900 0.096669
v 0.164020 0.589316 0.036562
v 0.131219 0.583034 0.085052
v 0.194603 0.742479 0.140135
v 0.214360 0.849664 0.123464
v 0.141289 0.577676 0.013702
v 0.104812 0.589202 0.030631
v 0.164756 0.516539 0.024085
v 0.151691 0.572719 0.109114
v 0.234796 0.744236 0.121018
v 0.252205 0.849545 0.104687
v 0.288611 0.842960 0.126175
v 0.311454 0.950290 0.120036
v 0.265768 0.735630 0.132314
v 0.183672 0.563568 0.106349
v 0.102738 0.554226 -0.047411
v 0.194381 0.469461 -0.050098
v -0.106351 0.402172 -0.040669
v 0.096593 0.568207 0.003658
v 0.157232 0.516993 0.013821
v 0.247604 0.469461 0.003168
v 0.237818 0.554226 0.099663
v -0.145191 0.552813 0.218187
v -0.145191 0.552813 -0.020429
v -0.121981 0.402173 -0.025470
v -0.112794 0.552813 -0.053519
v 0.022930 0.731519 -0.081405
v 0.037232 0.730204 -0.022900
v 0.102454 0.740907 -0.001364
v -0.120554 0.734216 -0.088100
v 0.067003 0.823535 -0.050544
v 0.060183 0.827724 -0.099523
v -0.129633 0.946471 -0.127174
v -0.173141 0.734216 -0.033467
v 0.098987 0.904424 -0.063821
v 0.075061 0.923929 -0.117642
v 0.081738 1.043245 -0.135190
v -0.143484 1.270265 -0.173427
v 0.130363 1.110883 -0.146582
v 0.244941 1.270265 -0.173427
v 0.105078 1.034695 -0.111469
v -0.218223 1.270265 -0.129557
v -0.262340 1.322006 -0.165641
v -0.175593 1.322007 -0.216614
v 0.277052 1.322007 -0.216614
v -0.250174 1.366073 -0.153740
v -0.291477 1.366082 -0.070348
v 0.050711 1.369260 0.136008
v -0.167238 1.366064 -0.203239
v 0.268695 1.366064 -0.203239
v 0.363653 1.322006 -0.165641
v 0.351490 1.366073 -0.153740
v 0.392934 1.366082 -0.070348
v 0.050711 1.369260 0.136008
v 0.317369 1.011807 0.229653
v 0.335884 1.053228 0.068831
v 0.357192 1.270265 0.236108
v 0.357192 1.270265 -0.055129
v 0.407230 1.322006 0.260116
v 0.407230 1.322006 -0.079128
v 0.392242 1.366094 0.253011
v 0.050711 1.369260 0.136008
v 0.158087 3.706814 0.013806
v 0.124092 3.695513 -0.006608
v 0.097786 3.670816 0.021880
v 0.128166 3.683337 0.035193
v 0.187947 3.698002 0.055647
v 0.158025 3.674526 0.077035
v 0.368848 2.751031 -0.007350
v 0.331418 2.708615 -0.093534
v 0.390575 2.823130 -0.094291
v 0.417131 2.834788 -0.034179
v 0.413885 2.827577 0.035627
v 0.418828 2.727752 -0.002690
v 0.482990 2.840660 0.063608
v 0.485437 2.842503 -0.041909
v 0.450266 2.832358 -0.112955
v 0.371541 2.673288 -0.115479
v 0.412212 2.842551 -0.214117
v 0.336988 2.729240 -0.216111
v 0.285218 2.680756 -0.223732
v 0.246870 2.690211 -0.338904
v 0.324677 2.641134 -0.105222
v 0.405550 2.672612 0.075299
v 0.482875 2.840573 0.068584
v 0.520977 2.895304 -0.018953
v 0.269600 2.796404 0.288388
v 0.376395 2.703902 0.193015
v 0.260569 2.614159 0.084407
v 0.221170 2.600224 -0.082568
v 0.102564 2.652669 -0.205795
v 0.087849 2.676393 -0.330030
v 0.254750 2.617358 0.201764
v 0.172263 2.592910 0.155407
v 0.129141 2.604961 0.033231
v 0.013386 2.608833 -0.080553
v -0.176519 2.638584 -0.144376
v -0.169556 2.647008 -0.324936
v -0.089032 2.608615 0.074710
v 0.049467 2.593169 0.101426
v 0.120926 2.567719 0.148939
v 0.068348 2.757136 -0.491357
v -0.181753 2.752608 -0.508151
v -0.187227 2.932845 -0.534714
v 0.308934 2.764010 -0.220414
v 0.339332 2.839935 -0.207460
v 0.304527 2.756084 -0.332883
v 0.236943 2.816848 -0.447336
v 0.044786 2.910748 -0.511841
v -0.183716 3.088355 -0.444119
v 0.029428 3.069226 -0.426525
v 0.295598 2.868474 -0.396034
v 0.269981 2.826871 -0.402664
v 0.268255 2.788975 -0.311598
v 0.310532 2.865846 -0.270535
v 0.382120 2.872552 -0.284466
v 0.245021 2.860144 -0.356199
v 0.239480 2.833733 -0.373217
v 0.402046 2.930045 -0.284984
v 0.353661 2.967637 -0.249538
v 0.358180 3.030581 -0.327188
v 0.327587 3.012235 -0.308206
v 0.350803 2.942650 -0.265515
v 0.292905 2.915273 -0.424173
v 0.309658 3.115951 -0.331917
v 0.173790 3.214617 -0.306324
v 0.311565 3.028910 -0.366988
v 0.291163 3.014619 -0.335448
v 0.262826 2.929854 -0.378199
v 0.298071 2.970524 -0.292399
v 0.016729 3.230863 -0.352907
v 0.243395 3.098432 -0.407461
v -0.178533 3.240107 -0.390882
v -0.150665 3.359806 -0.313959
v 0.017747 3.365819 -0.271407
v -0.157335 3.479227 -0.258395
v 0.272106 2.933105 -0.459089
v -0.166468 3.595643 -0.187523
v -0.449841 3.733063 0.257238
v -0.478730 3.686656 0.129766
v -0.424062 3.720429 0.181189
v -0.374350 3.772861 0.366576
v -0.294624 3.786382 0.366598
v -0.257997 3.798689 0.437516
v -0.122338 3.808571 0.464670
v -0.062479 3.779761 0.408464
v 0.013320 3.798689 0.437516
v 0.129675 3.772861 0.366576
v 0.133336 3.758438 0.285649
v 0.205164 3.733063 0.257238
v 0.223132 3.670797 0.138089
v 0.141752 3.658282 0.092667
v 0.171758 3.650201 0.078314
v 0.199445 3.690008 0.055653
v 0.251843 3.713199 0.122562
v 0.231556 3.779204 0.251982
v 0.149978 3.822208 0.370125
v 0.024252 3.850117 0.446788
v 0.150314 3.673240 -0.013310
v 0.170054 3.678832 0.030197
v 0.156189 3.648523 0.048036
v 0.260920 3.743949 0.019257
v 0.187947 3.698002 0.055647
v 0.158087 3.706814 0.013806
v 0.124092 3.695513 -0.006608
v 0.125360 3.635671 0.015502
v 0.097786 3.670816 0.021880
v 0.341757 3.865910 -0.010217
v 0.269374 3.764451 0.103857
v 0.335168 3.872880 -0.140851
v 0.198773 3.722354 -0.067011
v 0.254674 3.794620 -0.207472
v 0.315157 3.900594 -0.281020
v 0.260108 3.866369 -0.342536
v 0.329126 4.000146 -0.464758
v 0.175548 3.747789 -0.162233
v 0.408190 3.977335 -0.070055
v 0.418525 3.997122 0.016702
v 0.516130 4.154557 -0.040519
v 0.408248 4.037715 0.095716
v 0.342257 3.913785 0.119929
v 0.335907 4.002594 0.215537
v 0.157686 4.019275 0.409759
v 0.068213 4.094507 0.468070
v 0.162367 3.877686 0.363066
v 0.255398 3.985166 0.317437
v 0.315243 4.114484 0.306758
v 0.260109 4.127925 0.376082
v 0.329126 4.308967 0.383719
v 0.190528 4.157205 0.424016
v -0.122338 3.860794 0.476122
v -0.122339 3.918020 0.473882
v -0.268928 3.850117 0.446788
v -0.190920 4.049229 0.492059
v -0.311103 4.094760 0.468764
v -0.210463 4.189044 0.511493
v -0.122337 4.182106 0.524945
v -0.122338 4.372925 0.559444
v -0.034031 4.188986 0.511451
v -0.052233 4.048611 0.491752
v -0.394654 3.822208 0.370125
v -0.476232 3.779204 0.251981
v -0.507442 3.729060 0.114240
v -0.449835 3.640262 0.002300
v -0.524971 3.780312 0.095534
v -0.586431 3.913860 0.121524
v -0.499350 3.986102 0.318620
v -0.579843 4.003204 0.217215
v -0.407043 3.877686 0.363066
v -0.400930 4.019075 0.410601
v -0.435035 4.157197 0.424111
v -0.504785 4.127925 0.376082
v -0.573803 4.308967 0.383719
v -0.559832 4.114579 0.306903
v -0.476223 3.678939 -0.023465
v -0.586932 3.866877 -0.008947
v -0.580583 3.873490 -0.139173
v -0.652924 3.977435 -0.069899
v -0.663200 3.997122 0.016703
v -0.760805 4.154557 -0.040519
v -0.652865 4.037738 0.095900
v -0.268920 3.608234 -0.217910
v -0.312886 3.781750 -0.391215
v -0.192440 3.731467 -0.379587
v -0.402359 3.761540 -0.298358
v -0.407042 3.683042 -0.171714
v -0.394644 3.636002 -0.141470
v -0.500073 3.794663 -0.205966
v -0.559919 3.900613 -0.280847
v -0.504784 3.866369 -0.342536
v -0.573802 4.000146 -0.464757
v -0.435203 3.858011 -0.398010
v -0.374349 3.600486 -0.107026
v -0.258002 3.574720 -0.177967
v -0.122338 3.564868 -0.205123
v -0.122338 3.597636 -0.247118
v -0.047289 3.593514 -0.167550
v -0.036526 3.626145 -0.206365
v -0.044025 3.598485 -0.118500
v -0.042417 3.637549 -0.200339
v -0.015578 3.637332 -0.172362
v 0.015801 3.686153 -0.237464
v -0.053759 3.731743 -0.380220
v -0.122337 3.642935 -0.281919
v -0.024987 3.649450 -0.161883
v -0.053284 3.625300 -0.096615
v -0.074177 3.638465 -0.125162
v 0.123835 3.733001 -0.214967
v 0.033380 3.703944 -0.184824
v 0.156251 3.760847 -0.298871
v 0.065819 3.771043 -0.383844
v -0.034214 3.826235 -0.485310
v -0.122338 3.812298 -0.491086
v -0.122338 3.936186 -0.640480
v -0.210644 3.826216 -0.485241
v 0.190357 3.857944 -0.398078
v 0.329126 4.000146 -0.464758
v 0.260108 3.866369 -0.342536
v 0.242703 3.806666 -0.204169
v 0.249495 3.878078 -0.335497
v 0.260108 3.866369 -0.342536
v 0.242703 3.793425 -0.204169
v 0.169652 3.763087 -0.156709
v 0.175548 3.747789 -0.162233
v 0.188381 3.735544 -0.062849
v 0.198773 3.722354 -0.067011
v 0.247797 3.754979 0.021582
v 0.260920 3.743949 0.019257
v 0.197110 3.701344 0.068511
v 0.187947 3.698002 0.055647
v 0.158025 3.674526 0.077035
v 0.180106 3.677764 0.096204
v 0.242466 3.990161 0.307087
v 0.151303 3.880830 0.350144
v 0.162367 3.877686 0.363066
v 0.255398 3.985166 0.317437
v 0.151303 3.880830 0.350144
v 0.149645 4.022607 0.394808
v 0.157686 4.019275 0.409759
v 0.162367 3.877686 0.363066
v -0.547130 4.119710 0.296338
v -0.565732 4.008809 0.208922
v -0.579843 4.003204 0.217215
v -0.559832 4.114579 0.306903
v -0.568154 4.311411 0.376817
v -0.573803 4.308967 0.383719
v 0.156251 3.760847 -0.298871
v 0.260108 3.866369 -0.342536
v 0.249495 3.878078 -0.335497
v 0.149348 3.774915 -0.291541
v 0.123835 3.733001 -0.214967
v 0.116766 3.748749 -0.213814
v 0.033380 3.703944 -0.184824
v 0.027203 3.719766 -0.188109
v 0.015801 3.686153 -0.237464
v 0.009412 3.701416 -0.232414
v -0.015578 3.637332 -0.172362
v -0.024987 3.649450 -0.161883
v -0.064485 3.621952 -0.125210
v -0.191496 3.608851 -0.145566
v -0.378019 3.641460 -0.035754
v 0.247797 3.754979 0.021582
v 0.253592 3.771117 0.101448
v 0.327283 3.875356 -0.009476
v 0.242703 3.806666 -0.204169
v 0.169652 3.763087 -0.156709
v 0.188381 3.735544 -0.062849
v 0.321719 3.883506 -0.138506
v 0.393424 3.986349 -0.069915
v 0.403508 4.005194 0.013761
v 0.509775 4.158036 -0.041785
v 0.393486 4.044543 0.089822
v 0.327443 3.920334 0.113849
v 0.321775 4.008217 0.207293
v 0.302457 3.911315 -0.276219
v 0.249495 3.878078 -0.335497
v 0.323290 4.006670 -0.460913
v 0.197110 3.701344 0.068511
v 0.180106 3.677764 0.096204
v 0.162124 3.728461 0.227324
v 0.242466 3.990161 0.307087
v 0.302533 4.119611 0.296201
v 0.249495 4.132370 0.363164
v 0.325158 4.310684 0.378872
v 0.182356 4.160789 0.409195
v 0.149645 4.022607 0.394808
v 0.151303 3.880830 0.350144
v -0.036769 3.796417 0.414103
v 0.083207 3.766977 0.340755
v 0.062338 4.097298 0.452039
v -0.055707 4.051283 0.475016
v -0.122336 3.919595 0.456654
v -0.177461 3.803908 0.442219
v -0.257159 3.807651 0.405048
v -0.187477 4.051910 0.475318
v -0.305280 4.097543 0.452713
v -0.207261 4.191925 0.494738
v -0.122334 4.185049 0.507897
v -0.122339 4.374741 0.549403
v -0.037244 4.191860 0.494696
v -0.565732 4.008809 0.208922
v -0.486439 3.991098 0.308245
v -0.436917 3.758926 0.261778
v -0.395975 3.880832 0.350147
v -0.366553 3.783591 0.349034
v -0.392912 4.022391 0.395634
v -0.426869 4.160772 0.409284
v -0.494166 4.132372 0.363169
v -0.568154 4.311411 0.376817
v -0.547130 4.119710 0.296338
v -0.436911 3.662700 -0.002577
v -0.395990 3.693762 -0.163826
v -0.487145 3.805144 -0.201244
v -0.566451 3.883096 -0.136468
v -0.572117 3.875801 -0.008526
v -0.638160 3.986451 -0.069771
v -0.648183 4.005196 0.013768
v -0.754147 4.158202 -0.041847
v -0.638101 4.044556 0.089999
v -0.571618 3.920408 0.115442
v -0.509324 3.787248 0.093014
v -0.465896 3.708390 0.130456
v -0.547211 3.911326 -0.276049
v -0.494176 3.878080 -0.335492
v -0.569591 4.004852 -0.461985
v -0.427043 3.870289 -0.388957
v -0.394336 3.773708 -0.289037
v -0.307035 3.794202 -0.380727
v -0.236560 3.590764 -0.161508
v -0.363922 3.631958 -0.107654
v -0.188994 3.744281 -0.368486
v -0.207445 3.839209 -0.474276
v -0.122341 3.825531 -0.479942
v -0.122337 3.941554 -0.636029
v -0.037287 3.839241 -0.474324
v -0.058517 3.745699 -0.371171
v 0.060506 3.785047 -0.375186
v 0.249495 3.878078 -0.335497
v 0.323290 4.006670 -0.460913
v 0.182096 3.870193 -0.389079
v 0.149348 3.774915 -0.291541
v 0.009412 3.701416 -0.232414
v -0.074177 3.638465 -0.125162
v -0.125660 3.655708 -0.270734
v -0.145442 3.605142 -0.173644
v -0.040133 3.616820 -0.192247
v -0.024987 3.649450 -0.161883
v 0.027203 3.719766 -0.188109
v 0.116766 3.748749 -0.213814
v -0.486439 3.991098 0.308245
v -0.494166 4.132372 0.363169
v -0.504785 4.127925 0.376082
v -0.499350 3.986102 0.318620
v -0.494166 4.132372 0.363169
v -0.392912 4.022391 0.395634
v -0.400930 4.019075 0.410601
v -0.504785 4.127925 0.376082
v -0.207261 4.191925 0.494738
v -0.305280 4.097543 0.452713
v -0.311103 4.094760 0.468764
v -0.210463 4.189044 0.511493
v -0.122339 4.374741 0.549403
v -0.122338 4.372925 0.559444
v 0.378810 0.001269 0.432263
v 0.393866 0.001269 0.417207
v 0.393866 0.107062 0.415687
v 0.384685 0.117779 -0.224591
v 0.384685 0.117779 0.404643
v 0.377289 0.107062 0.432263
v -0.275714 0.001269 0.432263
v -0.274193 0.107062 0.432263
v -0.281589 0.117779 0.404643
v -0.281589 0.117779 -0.224591
v -0.263149 0.117779 -0.243031
v 0.366245 0.117779 -0.243031
v -0.263149 0.117779 0.423083
v -0.290770 0.107062 0.415687
v -0.290770 0.107062 -0.235634
v -0.274193 0.107062 -0.252211
v 0.377289 0.107062 -0.252211
v 0.393866 0.107062 -0.235634
v 0.378810 0.001269 -0.252211
v -0.275714 0.001269 -0.252211
v -0.290770 0.001269 -0.237155
v 0.378810 0.001269 -0.252211
v 0.393866 0.001269 -0.237155
v 0.393866 0.001269 0.417207
v -0.196898 0.209928 0.351156
v -0.197626 0.091751 0.351722
v 0.302146 0.091751 0.351722
v -0.210387 0.209928 0.338225
v -0.201644 0.220449 0.328390
v -0.201644 0.220449 -0.148813
v -0.186638 0.220449 0.342774
v 0.300398 0.209928 0.351156
v 0.314398 0.091751 0.339978
v 0.313888 0.209928 0.338225
v -0.209877 0.091751 0.339978
v -0.197626 0.091751 0.351722
v -0.210387 0.209928 -0.158648
v -0.196898 0.209928 -0.171578
v -0.186638 0.220449 -0.163196
v 0.290139 0.220449 -0.163196
v 0.305144 0.220449 -0.148813
v -0.209877 0.091751 -0.159267
v -0.197626 0.091751 -0.171011
v 0.300398 0.209928 -0.171578
v 0.313888 0.209928 -0.158648
v 0.305144 0.220449 0.328390
v 0.302146 0.091751 -0.171011
v 0.290139 0.220449 0.342774
v 0.314398 0.091751 0.339978
v 0.314398 0.091751 -0.159267
v 0.302146 0.091751 -0.171011
v -0.187477 4.051910 0.475318
v -0.122334 4.185049 0.507897
v -0.122337 4.182106 0.524945
v -0.190920 4.049229 0.492059
v -0.122334 4.185049 0.507897
v -0.055707 4.051283 0.475016
v -0.052233 4.048611 0.491752
v -0.122337 4.182106 0.524945
v -0.638160 3.986451 -0.069771
v -0.566451 3.883096 -0.136468
v -0.580583 3.873490 -0.139173
v -0.652924 3.977435 -0.069899
v -0.754147 4.158202 -0.041847
v -0.760805 4.154557 -0.040519
v -0.209877 0.091751 -0.159267
v -0.572117 3.875801 -0.008526
v -0.648183 4.005196 0.013768
v -0.663200 3.997122 0.016703
v -0.586932 3.866877 -0.008947
v -0.648183 4.005196 0.013768
v -0.571618 3.920408 0.115442
v -0.586431 3.913860 0.121524
v -0.663200 3.997122 0.016703
v -0.427043 3.870289 -0.388957
v -0.307035 3.794202 -0.380727
v -0.312886 3.781750 -0.391215
v -0.435203 3.858011 -0.398010
v -0.569591 4.004852 -0.461985
v -0.573802 4.000146 -0.464757
v 0.214252 0.552813 0.251278
v 0.217083 0.402300 0.220648
v 0.246649 0.552813 0.218187
v 0.274599 0.734216 0.222719
v 0.222012 0.734216 0.277353
v -0.117967 0.673748 0.268661
v -0.112794 0.552813 0.251278
v -0.106351 0.402172 0.229625
v -0.110245 0.310997 0.218569
v 0.207255 0.310997 0.218569
v 0.256309 0.211581 0.237672
v 0.256308 0.211581 -0.074694
v -0.162299 0.211581 0.237672
v -0.123141 0.794684 0.286045
v -0.131274 0.984826 0.313376
v -0.121981 0.402173 0.214426
v -0.106351 0.402172 0.229625
v -0.112794 0.552813 0.251278
v -0.110245 0.310997 0.218569
v -0.110228 0.311033 -0.039195
v -0.162299 0.211581 -0.074709
v 0.207228 0.311032 -0.039093
v -0.162299 0.211581 0.237672
v -0.163825 0.673748 0.221209
v -0.117967 0.673748 0.268661
v -0.182458 0.794684 0.224229
v -0.255734 1.270265 -0.055129
v -0.207289 0.955833 -0.047557
v -0.211755 0.984826 0.228978
v -0.305770 1.322006 -0.079128
v -0.305770 1.322006 0.260116
v -0.255734 1.270265 0.236108
v -0.123141 0.794684 0.286045
v -0.131274 0.984826 0.313376
v -0.218223 1.270265 0.310313
v -0.262340 1.322006 0.346402
v -0.290784 1.366094 0.253011
v -0.249422 1.366088 0.335560
v -0.394336 3.773708 -0.289037
v -0.494176 3.878080 -0.335492
v -0.504784 3.866369 -0.342536
v -0.402359 3.761540 -0.298358
v -0.494176 3.878080 -0.335492
v -0.487145 3.805144 -0.201244
v -0.500073 3.794663 -0.205966
v -0.504784 3.866369 -0.342536
v -0.037287 3.839241 -0.474324
v 0.060506 3.785047 -0.375186
v 0.065819 3.771043 -0.383844
v -0.034214 3.826235 -0.485310
v -0.122337 3.941554 -0.636029
v -0.122338 3.936186 -0.640480
v -0.012441 2.602267 0.796844
v -0.007656 2.608040 0.785882
v -0.017534 2.597145 0.762677
v -0.003830 2.633805 0.797396
v 0.008320 2.648665 0.770452
v 0.007168 2.628179 0.748429
v 0.004351 2.614673 0.633030
v -0.110580 2.642797 0.675999
v -0.109021 2.594455 0.422089
v 0.000486 2.569120 0.376998
v 0.025281 2.633513 0.645651
v 0.032628 2.590835 0.387160
v 0.082276 2.595192 0.420658
v 0.065870 2.634464 0.653217
v 0.098792 2.504135 0.441996
v 0.059957 2.566785 0.673442
v 0.031789 2.623824 0.758962
v -0.058517 3.745699 -0.371171
v -0.122341 3.825531 -0.479942
v -0.122338 3.812298 -0.491086
v -0.053759 3.731743 -0.380220
v -0.125660 3.655708 -0.270734
v -0.058517 3.745699 -0.371171
v -0.053759 3.731743 -0.380220
v -0.122337 3.642935 -0.281919
v -0.122341 3.825531 -0.479942
v -0.188994 3.744281 -0.368486
v -0.192440 3.731467 -0.379587
v -0.122338 3.812298 -0.491086
v 0.302457 3.911315 -0.276219
v 0.321719 3.883506 -0.138506
v 0.335168 3.872880 -0.140851
v 0.315157 3.900594 -0.281020
v 0.323290 4.006670 -0.460913
v 0.329126 4.000146 -0.464758
v -0.038257 2.574660 0.848522
v -0.031920 2.578570 0.840623
v -0.056814 2.580118 0.835342
v -0.056872 2.602957 0.897306
v -0.035336 2.607129 0.887319
v -0.065170 2.569541 0.861195
v -0.079673 2.572047 0.853330
v -0.073485 2.568003 0.865197
v -0.023940 2.603197 0.852546
v -0.008477 2.622111 0.818254
v -0.108992 2.565021 0.858511
v -0.107737 2.561487 0.881327
v -0.105790 2.599808 0.919916
v -0.071085 2.598231 0.906096
v -0.116052 2.561301 0.881807
v -0.137338 2.569801 0.859603
v -0.166186 2.579122 0.837384
v -0.185532 2.574476 0.849002
v -0.192294 2.577878 0.841938
v -0.146123 2.596510 0.909868
v -0.118988 2.587796 0.919125
v -0.142965 2.566421 0.869135
v -0.151279 2.567960 0.865131
v -0.187745 2.601560 0.887571
v -0.160335 2.596249 0.900283
v -0.212459 2.616607 0.828087
v -0.200308 2.601746 0.855031
v -0.207599 2.596497 0.807540
v -0.204841 2.595176 0.766413
v -0.226500 2.614673 0.633030
v -0.222041 2.569120 0.376998
v -0.254874 2.590835 0.397333
v -0.246866 2.633513 0.645651
v -0.212383 2.602269 0.796580
v -0.232528 2.647298 0.772966
v -0.217065 2.628384 0.807258
v -0.231668 2.627832 0.749086
v -0.286613 2.634464 0.653217
v -0.256238 2.623395 0.759648
v -0.285655 2.564129 0.674075
v -0.292501 2.512002 0.441996
v -0.289153 2.595192 0.420658
v 0.393486 4.044543 0.089822
v 0.321775 4.008217 0.207293
v 0.335907 4.002594 0.215537
v 0.408248 4.037715 0.095716
v 0.509775 4.158036 -0.041785
v 0.516130 4.154557 -0.040519
v -0.084923 3.049690 0.888989
v -0.085142 3.047735 0.872728
v -0.085278 3.012206 0.884507
v -0.084673 3.016125 0.910468
v -0.035796 3.017867 0.909661
v -0.078032 2.983114 0.900532
v -0.077519 2.986178 0.921198
v -0.045661 2.978757 0.927912
v -0.085142 3.047735 0.872728
v -0.036889 3.041051 0.873391
v -0.038051 3.004547 0.886964
v -0.085278 3.012206 0.884507
v -0.047328 2.972400 0.907731
v -0.038051 3.004547 0.886964
v -0.036889 3.041051 0.873391
v -0.035378 3.050236 0.886966
v -0.135336 2.976583 0.932359
v -0.207206 2.971313 0.912821
v -0.205897 2.961285 0.893584
v -0.204911 3.044339 0.833322
v -0.130337 3.067137 0.842864
v -0.135362 2.968082 0.914921
v -0.130337 3.067137 0.842864
v -0.130515 3.074418 0.873726
v -0.206917 3.061652 0.860395
v -0.204911 3.044339 0.833322
v -0.187745 2.601560 0.887571
v -0.185532 2.574476 0.849002
v -0.199940 2.560765 0.861633
v -0.106501 2.543440 0.896450
v -0.117023 2.543168 0.896981
v -0.112393 2.486145 0.837586
v -0.148877 2.549914 0.883372
v -0.160597 2.496291 0.817781
v -0.159398 2.552179 0.878952
v -0.221947 2.509203 0.792575
v -0.208315 2.565178 0.854133
v -0.192294 2.577878 0.841938
v -0.213018 2.592180 0.864430
v -0.200308 2.601746 0.855031
v -0.212459 2.616607 0.828087
v -0.226247 2.608766 0.836911
v -0.225548 2.586877 0.818707
v -0.241714 2.536723 0.759387
v -0.231192 2.594027 0.807288
v -0.285655 2.564129 0.674075
v -0.207599 2.596497 0.807540
v -0.212383 2.602269 0.796580
v -0.232006 2.622385 0.815467
v -0.217065 2.628384 0.807258
v -0.232528 2.647298 0.772966
v -0.256238 2.623395 0.759648
v -0.248843 2.643495 0.780443
v -0.231668 2.627832 0.749086
v 0.024773 2.645085 0.777855
v 0.008320 2.648665 0.770452
v -0.003830 2.633805 0.797396
v 0.031789 2.623824 0.758962
v 0.007168 2.628179 0.748429
v 0.011543 2.628498 0.805373
v -0.007656 2.608040 0.785882
v 0.011781 2.600802 0.796256
v -0.012441 2.602267 0.796844
v 0.006138 2.593654 0.807675
v 0.022319 2.544229 0.750336
v -0.002840 2.509203 0.792575
v 0.059957 2.566785 0.673442
v -0.023940 2.603197 0.852546
v -0.011094 2.593851 0.861871
v 0.005744 2.614961 0.826847
v -0.008477 2.622111 0.818254
v -0.015795 2.566036 0.852762
v -0.023584 2.561037 0.861102
v -0.051043 2.499058 0.812379
v -0.055439 2.554290 0.874710
v -0.065960 2.552026 0.879130
v -0.031920 2.578570 0.840623
v -0.038257 2.574660 0.848522
v -0.024435 2.596323 0.897234
v -0.048738 2.591240 0.907746
v -0.056872 2.602957 0.897306
v -0.035336 2.607129 0.887319
v -0.065170 2.569541 0.861195
v -0.073485 2.568003 0.865197
v -0.065908 2.585542 0.917096
v -0.071085 2.598231 0.906096
v -0.105790 2.599808 0.919916
v -0.104134 2.585959 0.931581
v -0.107737 2.561487 0.881327
v -0.116052 2.561301 0.881807
v -0.120289 2.573830 0.930857
v -0.150192 2.583454 0.921076
v -0.146123 2.596510 0.909868
v -0.118988 2.587796 0.919125
v -0.142965 2.566421 0.869135
v -0.151279 2.567960 0.865131
v -0.167360 2.584168 0.910932
v -0.160335 2.596249 0.900283
v -0.198291 2.590638 0.897554
v 0.327443 3.920334 0.113849
v 0.403508 4.005194 0.013761
v 0.418525 3.997122 0.016702
v 0.342257 3.913785 0.119929
v 0.403508 4.005194 0.013761
v 0.327283 3.875356 -0.009476
v 0.341757 3.865910 -0.010217
v 0.418525 3.997122 0.016702
v 0.182356 4.160789 0.409195
v 0.062338 4.097298 0.452039
v 0.068213 4.094507 0.468070
v 0.190528 4.157205 0.424016
v 0.325158 4.310684 0.378872
v 0.329126 4.308967 0.383719
v 0.370075 0.759328 0.280160
v 0.209129 0.517708 0.250228
v 0.223121 0.982440 0.307513
v 0.062945 0.218576 0.214319
v 0.062945 1.295606 0.343157
v -0.097233 0.982440 0.307513
v -0.083241 0.517708 0.250228
v -0.244186 0.759328 0.280160
v 0.149645 4.022607 0.394808
v 0.249495 4.132370 0.363164
v 0.260109 4.127925 0.376082
v 0.157686 4.019275 0.409759
v 0.249495 4.132370 0.363164
v 0.242466 3.990161 0.307087
v 0.255398 3.985166 0.317437
v 0.260109 4.127925 0.376082
v 0.393866 0.001269 0.417207
v 0.378810 0.001269 0.432263
v -0.275714 0.001269 0.432263
v -0.290770 0.001269 0.417207
v -0.290770 0.001269 -0.237155
v 0.393866 0.001269 -0.237155
v -0.275714 0.001269 -0.252211
v 0.378810 0.001269 -0.252211
v -0.290770 0.001269 -0.237155
v -0.290770 0.001269 0.417207
v -0.275714 0.001269 0.432263
v 0.366245 0.117779 0.423083
v -0.030161 0.946220 0.359272
v -0.150589 0.755662 0.336047
v -0.125015 0.761564 0.295847
v -0.019664 0.553113 0.310717
v -0.010664 0.940966 0.317658
v 0.062945 1.065921 0.329435
v 0.062945 1.119117 0.377129
v -0.095082 0.976893 0.353609
v -0.240719 0.755583 0.326484
v -0.080868 0.516095 0.296849
v 0.062945 0.389518 0.290780
v 0.062945 0.225116 0.262063
v 0.206757 0.516095 0.296849
v -0.083241 0.517708 0.250228
v 0.062945 0.218576 0.214319
v -0.244186 0.759328 0.280160
v -0.097233 0.982440 0.307513
v 0.062945 1.282944 0.388351
v 0.220618 0.976893 0.353609
v 0.156403 0.946220 0.359272
v 0.223121 0.982440 0.307513
v 0.062945 1.295606 0.343157
v 0.136552 0.940966 0.317658
v 0.250903 0.761564 0.295847
v 0.276478 0.755662 0.336047
v 0.366608 0.755583 0.326484
v 0.370075 0.759328 0.280160
v 0.209129 0.517708 0.250228
v 0.145553 0.553113 0.310717
v 0.126639 0.571573 0.271850
v -0.000751 0.571573 0.271850
v 0.062945 0.451720 0.256567
v 0.267988 1.366082 0.384514
v 0.350739 1.366089 0.335560
v 0.050711 1.369260 0.136008
v -0.166531 1.366082 0.384514
v -0.249422 1.366088 0.335560
v -0.262340 1.322006 0.346402
v -0.143484 1.270265 0.354405
v -0.175593 1.322007 0.397603
v 0.277052 1.322007 0.397603
v 0.363653 1.322006 0.346402
v 0.319538 1.270265 0.310313
v 0.232731 0.984826 0.313376
v 0.244941 1.270265 0.354405
v -0.218223 1.270265 0.310313
v -0.223521 1.817184 0.061613
v -0.239672 1.879694 0.133646
v -0.255552 1.907076 0.036331
v -0.178169 1.907605 0.250398
v -0.209834 1.804862 0.110059
v -0.210578 1.791183 0.050998
v -0.199854 1.834329 -0.018079
v -0.227793 1.835511 0.038969
v -0.195355 1.809862 0.056514
v -0.172679 1.687568 0.004344
v -0.195029 1.818203 0.044385
v -0.043020 1.948435 0.296801
v -0.114328 1.905302 0.283155
v 0.014160 1.861138 0.312992
v -0.077613 1.801718 0.227242
v -0.194594 1.721594 0.127999
v -0.178364 1.500090 0.188992
v 0.179503 1.903922 0.313227
v 0.143969 1.637435 0.343073
v 0.158711 1.637620 0.359172
v 0.020515 1.632419 0.371081
v -0.102680 1.528886 0.252891
v -0.163446 1.356625 0.208163
v -0.171613 1.356999 0.021160
v -0.105872 1.356350 0.270880
v -0.000472 1.355971 0.321928
v 0.105502 1.355937 0.326937
v 0.289963 1.356237 0.290503
v 0.336714 1.526099 0.268193
v 0.423328 1.785468 0.265329
v 0.434407 1.774995 0.238581
v 0.346168 1.517934 0.249529
v 0.287519 1.356558 0.247016
v 0.314656 1.356988 0.213711
v 0.511074 2.038261 0.143179
v 0.520795 2.020797 0.126200
v 0.527182 2.152508 -0.101393
v 0.238300 2.312549 -0.005392
v 0.137604 2.342377 -0.117275
v 0.127194 2.327207 -0.099881
v 0.378605 2.160663 -0.291500
v 0.536163 2.129327 -0.107758
v 0.788604 1.888088 0.037348
v 0.559873 1.727765 0.172726
v 0.380563 1.495258 0.198700
v 0.213193 2.112704 -0.385920
v 0.213949 2.139360 -0.377637
v 0.725183 1.932410 -0.326180
v 0.526746 1.878559 -0.409989
v 0.389234 2.139640 -0.285653
v 0.808493 1.953676 -0.168476
v 0.803589 1.896125 -0.164111
v 0.792482 1.858959 0.012499
v 0.562280 1.702494 -0.096779
v 0.544642 1.689372 0.123786
v 0.314332 1.417461 -0.079622
v 0.715244 1.866296 -0.313136
v 0.437930 1.669863 -0.248686
v 0.285353 1.356559 -0.056099
v 0.110706 1.415984 -0.196696
v 0.203038 1.656336 -0.312259
v 0.529918 1.824109 -0.396315
v 0.097195 1.356673 -0.169423
v 0.291540 1.828382 -0.437058
v 0.288807 1.891896 -0.454863
v -0.130463 2.191505 0.172423
v -0.157799 2.171858 0.118697
v -0.150119 2.075403 0.209223
v -0.182927 2.168049 0.128019
v -0.170583 2.080117 0.220259
v -0.137715 2.257336 0.047860
v -0.132553 2.293308 0.070928
v -0.160835 2.356165 0.241465
v -0.175539 2.418341 0.149843
v -0.114441 2.306820 0.319115
v -0.046009 2.136307 0.241760
v -0.049207 2.045624 0.261441
v -0.128872 1.970163 0.277075
v -0.172930 1.970022 0.276369
v -0.277184 1.996847 0.208308
v 0.042388 2.034989 0.282910
v 0.047627 2.119973 0.264877
v -0.018719 2.299720 0.337862
v 0.123362 2.134851 0.248407
v 0.204217 2.139644 0.195091
v 0.173113 2.234729 0.208277
v 0.134325 2.045976 0.264450
v -0.107800 2.396817 0.442972
v 0.059058 2.322130 0.326904
v 0.112834 2.359396 0.264688
v 0.131118 2.404039 0.178482
v 0.196416 2.266580 0.139544
v 0.204613 2.280311 0.108172
v 0.178215 2.330761 0.044768
v 0.218770 2.294944 -0.003871
v 0.095064 2.370515 -0.000686
v 0.098114 2.449329 0.129352
v 0.055813 2.464560 0.084490
v 0.033691 2.543601 0.119589
v 0.065070 2.540421 0.172571
v 0.103128 2.560298 0.274281
v 0.086006 2.528352 0.247944
v 0.106579 2.545615 0.218248
v 0.120926 2.567719 0.148939
v 0.049467 2.593169 0.101426
v -0.067893 2.538452 0.089226
v -0.034844 2.470874 0.063665
v 0.004801 2.390693 -0.013081
v -0.089032 2.608615 0.074710
v 0.059662 2.343967 -0.122284
v 0.264912 2.202487 0.128939
v 0.235164 2.099099 0.229306
v 0.194483 1.910316 0.330272
v 0.249275 2.191664 0.113336
v 0.218803 2.088592 0.214959
v 0.220867 2.244001 0.103004
v 0.230087 2.194080 0.132650
v -0.176519 2.638584 -0.144376
v -0.089032 2.608615 0.074710
v -0.225832 2.609564 0.079048
v -0.342975 2.649957 -0.110066
v -0.343313 2.632113 0.121087
v -0.491956 2.688247 0.046185
v -0.363230 2.634241 0.220597
v -0.458338 2.699913 0.225227
v -0.403889 2.671241 0.406852
v -0.551452 2.798162 0.376128
v -0.561247 2.904848 0.462257
v -0.343505 2.602459 0.354545
v -0.300085 2.505596 0.458892
v -0.428954 2.694656 -0.288365
v -0.610680 2.728357 -0.042201
v -0.626110 2.726179 0.217052
v -0.624752 2.804483 0.379679
v -0.646144 2.908901 0.478488
v -0.709429 3.088164 0.567956
v -0.835206 2.940459 0.373363
v -0.732678 2.802784 0.310240
v -0.786390 2.799520 0.100958
v -0.874688 2.960762 0.108798
v -0.905567 3.085214 0.416695
v -0.911488 3.081241 0.123552
v -0.896324 3.218603 0.132563
v -0.756562 3.218611 0.567135
v -0.909353 3.209719 0.409974
v -0.760167 3.299196 0.142925
v -0.753141 3.202699 -0.064582
v -0.784252 3.059199 -0.104114
v -0.813029 3.296353 0.393360
v -0.827450 3.402782 0.353432
v -0.783411 3.413647 0.570485
v -0.627968 3.491862 0.609109
v -0.670831 3.522717 0.557021
v -0.714887 3.527438 0.318697
v -0.698332 3.389189 0.124573
v -0.688301 3.269924 -0.024746
v -0.551088 3.231543 -0.132859
v -0.592647 3.106005 -0.219447
v -0.426476 3.210457 -0.326376
v -0.612564 2.941964 -0.251270
v -0.443061 3.080679 -0.381738
v -0.807177 2.933761 -0.131400
v -0.592194 2.794022 -0.246536
v -0.742340 2.824952 -0.099516
v -0.436332 2.792028 -0.426692
v -0.427688 2.931541 -0.424402
v -0.183716 3.088355 -0.444119
v -0.187227 2.932845 -0.534714
v -0.181753 2.752608 -0.508151
v -0.169556 2.647008 -0.324936
v -0.178533 3.240107 -0.390882
v -0.383391 3.303987 -0.261833
v -0.570987 3.378804 -0.106136
v -0.643585 3.384282 0.012995
v -0.599070 3.529329 0.105782
v -0.554385 3.621120 0.122957
v -0.412657 3.496583 -0.174768
v -0.150665 3.359806 -0.313959
v -0.157335 3.479227 -0.258395
v -0.380719 3.658459 -0.082265
v -0.166468 3.595643 -0.187523
v -0.174344 3.807487 -0.021515
v -0.360605 3.752802 0.004463
v -0.175795 3.892090 0.219694
v -0.379308 3.836894 0.199886
v -0.389722 3.771657 0.323458
v -0.495258 3.693257 0.335500
v -0.460935 3.725874 0.167600
v -0.605127 3.585242 0.311798
v -0.454902 3.648182 0.550428
v -0.558893 3.576170 0.533950
v -0.241690 3.634662 0.702361
v -0.274601 3.561029 0.656558
v -0.347962 3.626614 0.654056
v -0.394418 3.572576 0.626340
v -0.487081 3.547223 0.602615
v -0.277753 3.432443 0.687673
v -0.401773 3.421936 0.655214
v -0.571280 3.380058 0.604190
v -0.682300 3.369543 0.597636
v -0.752771 3.298584 0.541409
v -0.614297 3.255298 0.563366
v -0.198401 3.508389 0.651231
v -0.113392 2.425584 0.425997
v -0.113069 2.517523 0.205309
v -0.285938 2.598151 0.376898
v -0.115918 2.497560 0.632443
v -0.046087 2.502339 0.625047
v -0.186438 2.501735 0.624839
v -0.303933 2.619838 0.556508
v -0.300824 2.787565 0.542086
v -0.279918 2.896795 0.731430
v -0.278404 2.772901 0.710659
v -0.279782 2.657722 0.721244
v -0.263311 2.587073 0.757436
v -0.230185 2.558130 0.837941
v -0.168436 2.552908 0.885395
v -0.115918 2.549487 0.894115
v -0.063401 2.552908 0.885395
v 0.037454 2.906169 0.735081
v -0.009729 2.995708 0.831345
v 0.035134 2.971614 0.485564
v -0.115995 3.014596 0.493887
v 0.008898 2.831390 0.345709
v -0.115997 2.881532 0.357224
v -0.240827 2.827880 0.345255
v -0.267052 2.967596 0.484654
v -0.222202 2.994460 0.830871
v -0.115995 3.012847 0.889591
v 0.028543 2.527195 0.599691
v 0.057453 2.602716 0.376789
v 0.057052 2.798603 0.542301
v 0.035496 2.782357 0.710472
v 0.073437 2.620646 0.554805
v 0.047946 2.657722 0.721244
v 0.031474 2.587073 0.757436
v -0.001653 2.558130 0.837941
v 0.156136 2.401657 0.192970
v 0.196416 2.266580 0.139544
v 0.173113 2.234729 0.208277
v 0.130712 2.385201 0.256055
v 0.173080 2.392842 0.238838
v 0.103128 2.560298 0.274281
v 0.106579 2.545615 0.218248
v 0.115396 2.535148 0.181272
v 0.120926 2.567719 0.148939
v 0.209028 2.232033 0.199980
v 0.228474 2.240335 0.157212
v 0.209775 2.404812 0.188442
v 0.219996 2.269776 0.120447
v 0.185268 2.416009 0.163629
v 0.152863 2.529201 0.168596
v 0.201468 2.533685 0.207287
v 0.175909 2.566066 0.267068
v 0.134975 2.643458 0.293718
v 0.269600 2.796404 0.288388
v 0.169694 2.825951 0.290101
v 0.254750 2.617358 0.201764
v 0.172263 2.592910 0.155407
v 0.120926 2.567719 0.148939
v 0.115396 2.535148 0.181272
v 0.156136 2.401657 0.192970
v 0.196416 2.266580 0.139544
v 0.204613 2.280311 0.108172
v 0.220867 2.244001 0.103004
v 0.230087 2.194080 0.132650
v 0.204217 2.139644 0.195091
v -0.392786 2.572821 0.579707
v -0.350171 2.556079 0.507082
v -0.360975 2.529345 0.699083
v -0.220972 2.556331 0.910856
v -0.282970 2.548508 0.864438
v -0.303614 2.593193 0.805821
v -0.316929 2.638773 0.772698
v -0.320839 2.773120 0.753738
v -0.278282 2.773538 0.763823
v -0.278233 2.857714 0.772557
v -0.279782 2.658886 0.779382
v -0.269109 2.608810 0.815023
v -0.243262 2.574225 0.868382
v -0.230185 2.558130 0.837941
v -0.263311 2.587073 0.757436
v -0.279782 2.657722 0.721244
v -0.278404 2.772901 0.710659
v -0.279918 2.896795 0.731430
v -0.168436 2.552908 0.885395
v -0.222202 2.994460 0.830871
v -0.379573 3.774197 0.461276
v -0.357021 3.716476 0.603983
v -0.240464 3.816559 0.396355
v 0.182096 3.870193 -0.389079
v 0.323290 4.006670 -0.460913
v 0.329126 4.000146 -0.464758
v 0.190357 3.857944 -0.398078
v 0.060506 3.785047 -0.375186
v 0.065819 3.771043 -0.383844
v 0.080510 2.506603 0.277352
v 0.105638 2.554484 0.320234
v 0.080233 2.442151 0.347286
v 0.120938 2.532965 0.406980
v 0.101418 2.489203 0.497212
v 0.018042 2.412213 0.432606
v -0.002863 2.401914 0.529017
v -0.110547 2.379346 0.527222
v -0.219585 2.426056 0.525936
v -0.232896 2.424802 0.403891
v -0.290431 2.513764 0.308183
v -0.279168 2.535151 0.195134
v -0.194395 2.523280 0.074563
v -0.137026 2.454331 0.062910
v -0.089032 2.608615 0.074710
v -0.067893 2.538452 0.089226
v -0.225832 2.609564 0.079048
v -0.343313 2.632113 0.121087
v -0.363230 2.634241 0.220597
v -0.343505 2.602459 0.354545
v -0.300085 2.505596 0.458892
v -0.336240 2.092041 0.088510
v -0.280870 1.983071 0.145008
v -0.278029 2.009293 0.032226
v 0.393424 3.986349 -0.069915
v 0.509775 4.158036 -0.041785
v 0.516130 4.154557 -0.040519
v 0.408190 3.977335 -0.070055
v 0.321719 3.883506 -0.138506
v 0.335168 3.872880 -0.140851
v 0.496955 2.869920 0.119668
v 0.302533 4.119611 0.296201
v 0.325158 4.310684 0.378872
v 0.329126 4.308967 0.383719
v 0.315243 4.114484 0.306758
v 0.321775 4.008217 0.207293
v 0.335907 4.002594 0.215537
v 0.095365 0.934686 -0.088531
v 0.126919 0.906711 -0.025046
v 0.164216 0.971176 -0.023502
v 0.199139 1.068164 -0.041119
v 0.124001 1.036583 -0.067963
v 0.105638 2.554484 0.320234
v 0.103128 2.560298 0.274281
v 0.134975 2.643458 0.293718
v -0.038971 2.041141 -0.277096
v -0.022307 1.878913 -0.292963
v 0.253592 3.771117 0.101448
v 0.327443 3.920334 0.113849
v 0.342257 3.913785 0.119929
v 0.269374 3.764451 0.103857
v 0.327283 3.875356 -0.009476
v 0.253592 3.771117 0.101448
v 0.269374 3.764451 0.103857
v 0.341757 3.865910 -0.010217
v -0.188994 3.744281 -0.368486
v -0.125660 3.655708 -0.270734
v -0.122337 3.642935 -0.281919
v -0.192440 3.731467 -0.379587
v -0.395990 3.693762 -0.163826
v -0.394336 3.773708 -0.289037
v -0.402359 3.761540 -0.298358
v -0.407042 3.683042 -0.171714
v -0.487145 3.805144 -0.201244
v -0.395990 3.693762 -0.163826
v -0.407042 3.683042 -0.171714
v -0.500073 3.794663 -0.205966
v -0.509324 3.787248 0.093014
v -0.572117 3.875801 -0.008526
v -0.586932 3.866877 -0.008947
v -0.524971 3.780312 0.095534
v -0.571618 3.920408 0.115442
v -0.509324 3.787248 0.093014
v -0.524971 3.780312 0.095534
v -0.586431 3.913860 0.121524
v -0.122336 3.919595 0.456654
v -0.187477 4.051910 0.475318
v -0.190920 4.049229 0.492059
v -0.122339 3.918020 0.473882
v -0.055707 4.051283 0.475016
v -0.122336 3.919595 0.456654
v -0.122339 3.918020 0.473882
v -0.052233 4.048611 0.491752
v -0.395975 3.880832 0.350147
v -0.486439 3.991098 0.308245
v -0.499350 3.986102 0.318620
v -0.407043 3.877686 0.363066
v -0.392912 4.022391 0.395634
v -0.395975 3.880832 0.350147
v -0.407043 3.877686 0.363066
v -0.400930 4.019075 0.410601
v -0.207445 3.839209 -0.474276
v -0.122337 3.941554 -0.636029
v -0.122338 3.936186 -0.640480
v -0.210644 3.826216 -0.485241
v -0.307035 3.794202 -0.380727
v -0.312886 3.781750 -0.391215
v -0.037244 4.191860 0.494696
v -0.122339 4.374741 0.549403
v -0.122338 4.372925 0.559444
v -0.034031 4.188986 0.511451
v 0.062338 4.097298 0.452039
v 0.068213 4.094507 0.468070
v -0.547211 3.911326 -0.276049
v -0.569591 4.004852 -0.461985
v -0.573802 4.000146 -0.464757
v -0.559919 3.900613 -0.280847
v -0.566451 3.883096 -0.136468
v -0.580583 3.873490 -0.139173
v -0.426869 4.160772 0.409284
v -0.568154 4.311411 0.376817
v -0.573803 4.308967 0.383719
v -0.435035 4.157197 0.424111
v -0.305280 4.097543 0.452713
v -0.311103 4.094760 0.468764
v -0.638101 4.044556 0.089999
v -0.754147 4.158202 -0.041847
v -0.760805 4.154557 -0.040519
v -0.652865 4.037738 0.095900
v -0.565732 4.008809 0.208922
v -0.579843 4.003204 0.217215
vn 0.5641 -0.8149 0.1332
vn 0.8963 -0.3538 -0.2673
vn 0.6889 -0.6419 -0.3366
vn 0.7151 -0.1022 -0.6915
vn 0.5857 -0.3436 -0.7341
vn 0.4098 -0.1576 0.8984
vn 0.8699 -0.3242 0.3717
vn 0.7531 -0.4158 0.5099
vn 0.8615 -0.4777 0.1723
vn 0.7046 -0.1346 0.6967
vn 0.5981 0.7634 0.2440
vn 0.5920 0.7814 -0.1973
vn 0.6845 0.5272 -0.5036
vn 0.6830 0.0235 -0.7301
vn 0.4554 0.7696 -0.4476
vn 0.3225 -0.0708 0.9439
vn 0.1656 0.0315 0.9857
vn 0.3390 -0.0710 0.9381
vn 0.5765 0.4659 0.6713
vn 0.6699 0.7330 0.1182
vn 0.6381 0.7248 -0.2600
vn 0.8397 0.3296 -0.4316
vn 0.7400 0.3857 -0.5510
vn 0.7938 -0.1493 -0.5895
vn 0.8102 0.1180 -0.5742
vn 0.9089 -0.1802 -0.3761
vn 0.9760 0.2125 -0.0472
vn 0.7336 0.1104 0.6705
vn 0.5497 -0.0707 0.8324
vn 0.3441 -0.2111 -0.9149
vn 0.1498 0.0788 0.9856
vn 0.5861 0.0633 0.8078
vn 0.8604 -0.1421 0.4894
vn 0.8263 -0.3069 0.4722
vn 0.7147 -0.5891 0.3770
vn 0.9365 -0.3463 -0.0551
vn 0.8647 -0.4716 0.1729
vn 0.9478 -0.2898 -0.1332
vn 0.9409 0.0314 -0.3372
vn 0.9932 -0.1025 -0.0552
vn 0.9964 -0.0314 -0.0785
vn 0.9717 -0.2351 0.0235
vn 0.8395 -0.5413 0.0471
vn 0.9140 -0.3703 -0.1655
vn 0.9615 -0.1261 -0.2443
vn 0.9378 0.0158 -0.3468
vn 0.9898 0.0157 -0.1414
vn 0.7900 -0.2291 0.5688
vn 0.8664 0.0551 -0.4962
vn 0.9051 -0.4250 -0.0158
vn 0.5378 -0.7950 -0.2806
vn 0.9307 -0.0473 0.3628
vn 0.9818 0.0942 -0.1649
vn 0.9654 -0.0314 -0.2590
vn 0.9808 -0.1491 0.1255
vn 0.9534 -0.2285 0.1970
vn 0.9728 0.0316 0.2294
vn 0.9403 -0.1264 0.3160
vn 0.6408 -0.0237 0.7674
vn 0.8684 0.0789 0.4895
vn 0.9732 -0.2276 0.0314
vn 0.8378 0.2055 0.5058
vn 0.5902 -0.1416 0.7947
vn 0.8128 0.0868 0.5760
vn 0.9183 -0.3846 -0.0942
vn 0.9434 -0.2673 -0.1966
vn 0.7754 0.1661 0.6092
vn 0.9520 0.0944 0.2911
vn 0.9925 0.0315 0.1181
vn 0.8694 0.0632 0.4900
vn 0.5375 -0.0949 0.8379
vn 0.1808 -0.1808 0.9668
vn 0.9694 0.1813 -0.1655
vn 0.9605 0.1968 -0.1968
vn 0.9438 0.3303 0.0079
vn 0.8462 -0.0000 -0.5328
vn 0.9801 -0.0627 -0.1882
vn 0.6236 -0.0237 0.7814
vn -0.7089 0.2442 0.6617
vn -0.6987 -0.0392 0.7144
vn -0.3284 -0.3127 0.8913
vn 0.6680 -0.2750 0.6915
vn -0.2356 -0.6753 0.6989
vn -0.9761 -0.2030 0.0781
vn -0.9990 -0.0390 0.0234
vn -0.9955 0.0078 -0.0941
vn -0.9365 0.3356 -0.1015
vn -0.2052 0.7734 0.5998
vn 0.8290 0.1816 0.5290
vn -0.6210 0.7782 -0.0943
vn 0.7690 0.2537 0.5867
vn -0.1886 0.9035 0.3850
vn 0.1732 0.8267 0.5354
vn -0.1416 0.9838 -0.1102
vn 0.0869 0.8846 0.4581
vn -0.0079 0.9975 -0.0707
vn -0.0000 0.6371 0.7708
vn -0.0947 0.8840 0.4578
vn -0.3209 -0.0078 0.9471
vn -0.0000 -0.0863 0.9963
vn -0.2758 -0.5830 0.7642
vn -0.6366 -0.0393 0.7702
vn -0.0078 -0.5797 0.8148
vn 0.3139 -0.0078 0.9494
vn 0.6482 -0.1265 0.7509
vn 0.7945 -0.3618 0.4877
vn -0.9142 -0.2266 0.3360
vn -0.5886 -0.4787 0.6514
vn -0.8825 -0.3124 0.3515
vn -0.4163 -0.2828 0.8641
vn -0.0000 -0.2902 0.9570
vn 0.3759 -0.6108 0.6969
vn 0.5445 -0.1736 0.8206
vn 0.3871 0.3081 0.8690
vn 0.2599 0.4569 0.8507
vn 0.8928 0.0079 0.4504
vn -0.0079 0.3863 0.9224
vn -0.3616 0.3066 0.8805
vn -0.8169 -0.0628 0.5734
vn -0.8441 -0.5315 -0.0703
vn -0.7962 -0.5229 -0.3044
vn -0.8136 -0.5554 -0.1721
vn -0.2672 0.4559 0.8489
vn -0.0079 0.5745 0.8185
vn -0.8864 -0.0000 0.4628
vn -0.8346 -0.5382 -0.1170
vn -0.3973 -0.7323 -0.5531
vn -0.5604 -0.7706 -0.3036
vn -0.8306 -0.5564 0.0235
vn -0.3977 -0.8111 -0.4289
vn -0.0857 -0.9267 -0.3660
vn -0.1254 -0.7993 -0.5877
vn -0.0390 -0.8513 -0.5233
vn -0.3130 -0.9310 0.1878
vn -0.8115 -0.3277 0.4838
vn -0.4338 0.3155 0.8440
vn -0.2985 -0.3299 0.8956
vn -0.0079 0.2996 0.9540
vn 0.2436 -0.4243 0.8722
vn 0.3616 -0.9276 0.0943
vn 0.4263 0.3237 0.8447
vn 0.8109 -0.3228 0.4881
vn -0.0391 -0.8513 -0.5233
vn 0.3831 -0.7662 -0.5160
vn 0.4002 -0.8318 -0.3845
vn 0.8306 -0.5564 0.0235
vn 0.8861 -0.2136 0.4114
vn 0.8526 -0.0395 0.5210
vn 0.8815 -0.4722 -0.0000
vn 0.8562 -0.5106 -0.0786
vn 0.8427 -0.5041 -0.1890
vn 0.8757 -0.4813 0.0394
vn 0.9577 -0.2826 -0.0549
vn 0.7521 0.3167 0.5779
vn -0.6300 0.6694 0.3937
vn 0.0474 0.8996 0.4340
vn 0.0315 0.4874 0.8726
vn -0.4011 0.2517 0.8808
vn -0.7996 0.4860 0.3528
vn -0.6354 0.2746 0.7217
vn -0.6924 0.3383 0.6373
vn -0.3067 -0.0079 0.9518
vn 0.1494 0.1100 0.9826
vn 0.0473 0.2050 0.9776
vn 0.0868 0.3079 0.9474
vn 0.5980 0.6845 0.4170
vn 0.6611 0.6847 0.3069
vn 0.7123 0.3482 0.6094
vn 0.4574 -0.1025 0.8833
vn 0.0550 0.1258 0.9905
vn 0.0079 0.6789 0.7342
vn -0.0394 0.6233 0.7810
vn 0.3162 -0.0079 0.9487
vn 0.0396 0.6096 0.7917
vn 0.0632 0.9165 0.3950
vn -0.0158 0.8588 0.5121
vn -0.0078 0.9414 0.3373
vn -0.0706 0.9029 0.4240
vn -0.0947 0.9940 0.0552
vn 0.1980 0.9583 0.2060
vn 0.4111 0.6641 0.6245
vn 0.3783 0.8906 0.2522
vn 0.4029 0.9085 0.1106
vn 0.4026 0.8921 -0.2052
vn 0.0628 0.8003 -0.5963
vn 0.4632 0.7301 -0.5024
vn 0.3459 -0.5975 0.7234
vn 0.3857 -0.0551 0.9210
vn 0.6532 0.5981 0.4643
vn 0.7021 0.7021 0.1184
vn 0.6784 0.7099 -0.1893
vn 0.5993 0.6150 -0.5125
vn 0.0157 -0.7148 0.6991
vn 0.6289 0.3223 -0.7075
vn 0.4778 0.4543 -0.7519
vn 0.5953 0.0862 -0.7989
vn 0.8733 0.2518 -0.4170
vn 0.9633 0.2684 -0.0079
vn 0.8832 0.1340 0.4495
vn 0.9051 -0.4250 0.0079
vn 0.8097 -0.4559 0.3695
vn 0.4257 -0.2838 0.8592
vn 0.4957 0.0708 0.8656
vn -0.0314 -0.4470 0.8940
vn -0.1024 -0.3545 0.9294
vn -0.1414 -0.6127 0.7776
vn 0.4173 -0.2755 0.8660
vn -0.3374 -0.3374 0.8788
vn -0.2664 -0.2977 0.9167
vn 0.6701 -0.2838 0.6859
vn 0.3073 0.4097 0.8589
vn -0.4326 0.0944 0.8966
vn 0.4411 0.1654 0.8821
vn 0.5990 0.4729 0.6462
vn 0.5998 0.2052 0.7734
vn 0.0947 0.1342 0.9864
vn 0.7169 0.3702 0.5908
vn 0.7989 0.4904 0.3481
vn 0.9287 0.1102 0.3542
vn 0.5521 -0.1498 0.8202
vn 0.1100 -0.2906 0.9505
vn -0.1336 0.0314 0.9905
vn 0.1024 -0.2837 0.9534
vn -0.0312 -0.5472 0.8364
vn 0.1729 -0.6602 0.7309
vn 0.4103 -0.1499 0.8995
vn 0.2050 0.1813 0.9618
vn 0.9598 0.0551 0.2753
vn 0.9787 0.1894 0.0789
vn 0.7791 -0.2991 0.5509
vn 0.7801 -0.3231 0.5358
vn 0.8895 0.3070 0.3385
vn 0.9715 0.2369 0.0079
vn 0.8519 0.4969 0.1656
vn 0.9590 0.2830 -0.0157
vn 0.9358 0.2752 0.2202
vn 0.6608 -0.4641 0.5899
vn 0.7881 -0.1418 0.5990
vn 0.9723 0.0949 0.2134
vn 0.9320 0.3475 -0.1027
vn 0.9170 0.3873 0.0949
vn 0.2294 0.3244 0.9177
vn 0.7414 0.2287 0.6309
vn 0.0393 0.3534 0.9346
vn -0.1417 0.2047 0.9685
vn 0.3878 0.2532 0.8863
vn 0.9882 0.1502 -0.0316
vn 0.1579 -0.0395 0.9867
vn 0.9696 0.1340 -0.2050
vn 0.9786 0.2052 0.0158
vn 0.9241 0.3791 0.0474
vn 0.8120 -0.1656 0.5597
vn 0.6801 0.5378 0.4982
vn 0.6853 0.1970 0.7011
vn 0.1177 -0.8000 0.5883
vn -0.5157 -0.8516 0.0938
vn -0.0000 -0.9963 0.0863
vn -0.0000 0.7266 0.6871
vn -0.0079 -0.1886 0.9820
vn -0.0000 0.3398 0.9405
vn -0.0000 -0.6832 0.7303
vn 0.6194 -0.1176 0.7762
vn -0.6651 -0.4617 0.5869
vn -0.7149 -0.0000 0.6992
vn -0.5924 0.4897 0.6398
vn -0.6655 0.1644 0.7281
vn -0.1171 -0.7964 0.5934
vn -0.0000 -0.8697 0.4936
vn -0.8073 0.2978 0.5095
vn -0.6697 0.2443 0.7013
vn -0.8546 0.1333 0.5018
vn -0.7462 -0.2199 0.6284
vn 0.2751 -0.6837 0.6759
vn -0.5952 -0.2115 0.7753
vn -0.8147 -0.0157 0.5797
vn -0.8356 -0.0547 0.5466
vn -0.6899 -0.0627 0.7212
vn -0.8749 -0.3827 0.2968
vn -0.3138 -0.1726 0.9337
vn -0.4561 0.0472 0.8887
vn -0.9301 0.2892 0.2267
vn -0.6123 0.6908 0.3846
vn -0.6355 -0.0706 0.7689
vn -0.0158 0.1104 0.9938
vn -0.0394 0.8582 0.5118
vn -0.6020 -0.0391 -0.7975
vn -0.5992 -0.7081 -0.3735
vn -0.6238 -0.0546 -0.7797
vn -0.5017 0.2665 -0.8230
vn -0.8066 0.5012 -0.3132
vn -0.6257 0.7274 -0.2816
vn -0.6996 0.2721 -0.6607
vn -0.3821 0.0858 -0.9201
vn -0.1330 -0.2661 -0.9547
vn -0.3986 -0.7737 -0.4924
vn -0.8272 0.3434 -0.4448
vn -0.8567 0.5109 -0.0707
vn -0.8241 0.5572 0.1020
vn -0.7983 0.0939 -0.5948
vn -0.3501 -0.1867 -0.9179
vn -0.0390 0.1249 -0.9914
vn -0.7967 -0.3280 -0.5077
vn -0.6485 -0.7267 -0.2266
vn -0.9723 0.0549 0.2274
vn -0.9996 0.0234 0.0156
vn -0.9382 0.3440 -0.0391
vn -0.8516 -0.0938 -0.5157
vn -0.9575 -0.2880 0.0155
vn -0.8582 -0.4837 0.1717
vn -0.3290 0.3290 -0.8852
vn -0.1244 0.0934 -0.9878
vn -0.6543 0.0312 -0.7556
vn -0.6796 0.3281 -0.6562
vn -0.4696 0.5322 -0.7044
vn -0.8182 0.2572 -0.5143
vn -0.4902 0.0078 -0.8716
vn -0.6619 -0.6541 -0.3660
vn -0.3589 -0.7569 -0.5462
vn -0.4600 -0.6081 -0.6471
vn -0.4597 0.1169 -0.8804
vn -0.7636 0.1948 -0.6156
vn -0.4255 0.8668 -0.2600
vn -0.9403 0.3370 -0.0470
vn -0.4368 -0.6163 -0.6553
vn -0.2971 -0.5004 -0.8132
vn -0.2586 0.0627 -0.9639
vn -0.4842 0.0234 -0.8746
vn -0.4310 0.8306 0.3526
vn -0.4319 0.8639 -0.2591
vn -0.4468 0.8779 -0.1724
vn -0.1884 0.5338 -0.8243
vn -0.1408 0.4614 -0.8759
vn -0.1407 0.8992 -0.4144
vn 0.0473 0.9851 0.1655
vn 0.0944 0.8343 -0.5431
vn -0.4682 0.5151 -0.7180
vn 0.0315 0.5742 -0.8181
vn 0.1335 0.9895 0.0550
vn 0.2265 0.5000 -0.8359
vn 0.0473 0.9776 0.2050
vn -0.3203 0.0625 -0.9453
vn 0.1962 0.2983 -0.9341
vn -0.9653 -0.0467 -0.2569
vn -0.5620 -0.2498 -0.7885
vn -0.3964 -0.4353 -0.8083
vn -0.7484 -0.2027 -0.6315
vn -0.2803 -0.3659 -0.8875
vn -0.7182 -0.0390 -0.6948
vn -0.6867 -0.1560 -0.7100
vn 0.0704 -0.4145 -0.9073
vn 0.1642 -0.4691 -0.8678
vn 0.1175 -0.6108 -0.7830
vn 0.1018 -0.4069 -0.9078
vn 0.0546 -0.0312 -0.9980
vn 0.5179 -0.3217 -0.7926
vn 0.6190 0.3761 -0.6895
vn 0.4217 -0.0390 -0.9059
vn 0.6417 -0.4539 -0.6182
vn 0.6815 -0.5797 -0.4466
vn 0.3368 -0.6579 -0.6736
vn 0.3287 -0.7748 -0.5400
vn 0.5417 -0.6908 -0.4789
vn 0.9180 -0.3531 -0.1805
vn 0.9741 -0.2121 -0.0786
vn 0.0779 -0.3662 -0.9273
vn 0.2889 -0.0937 -0.9528
vn 0.3603 -0.2428 -0.9007
vn 0.5394 -0.7193 -0.4378
vn 0.1018 -0.4228 -0.9005
vn 0.9634 -0.2606 0.0632
vn 0.9409 -0.2274 -0.2509
vn 0.9747 -0.1415 0.1729
vn 0.9724 -0.1569 -0.1725
vn 0.4850 -0.3207 -0.8136
vn 0.9901 -0.0629 -0.1257
vn 0.9890 0.0785 -0.1256
vn 0.3195 -0.0935 -0.9430
vn 0.1097 -0.2115 -0.9712
vn 0.3209 0.0156 -0.9470
vn 0.1795 0.0312 -0.9833
vn 0.6552 0.6236 -0.4263
vn 0.2910 0.4404 -0.8493
vn 0.0312 -0.0156 -0.9994
vn 0.0389 -0.1478 -0.9882
vn 0.8179 -0.2123 -0.5348
vn 0.7998 -0.2902 -0.5254
vn 0.6266 -0.0783 -0.7754
vn 0.1334 0.4866 -0.8634
vn 0.5808 0.2668 -0.7691
vn 0.5105 0.5419 -0.6676
vn -0.3274 -0.0546 -0.9433
vn 0.7975 0.4422 -0.4106
vn 0.5194 0.5509 -0.6532
vn 0.8370 0.3790 -0.3948
vn 0.9041 0.0944 -0.4167
vn -0.9571 -0.1573 0.2432
vn -0.8549 -0.1476 -0.4974
vn -0.9438 -0.1092 -0.3120
vn -0.2888 -0.1561 -0.9446
vn 0.3910 -0.1564 -0.9070
vn 0.8698 -0.0862 -0.4858
vn 0.4795 -0.0943 -0.8725
vn -0.4455 -0.1876 -0.8754
vn 0.8166 -0.3220 -0.4790
vn 0.7233 -0.3459 -0.5976
vn -0.3041 -0.1793 -0.9356
vn -0.9324 -0.1709 -0.3186
vn 0.8230 -0.3606 -0.4389
vn 0.6028 -0.2192 -0.7672
vn 0.1873 -0.2966 -0.9365
vn -0.1631 -0.4505 -0.8777
vn 0.0311 -0.1945 -0.9804
vn 0.2187 -0.4765 -0.8515
vn 0.7415 -0.3278 -0.5854
vn -0.6609 -0.4199 -0.6220
vn -0.7091 -0.2416 -0.6624
vn -0.2024 -0.1090 -0.9732
vn 0.1957 -0.3288 -0.9239
vn -0.4160 0.8241 -0.3846
vn -0.7271 0.6646 -0.1720
vn -0.0079 1.0000 -0.0000
vn -0.2426 0.7277 -0.6416
vn 0.1892 0.6621 -0.7251
vn 0.7052 -0.2429 -0.6661
vn 0.4094 0.8267 -0.3858
vn 0.6462 0.7329 -0.2128
vn 0.9205 -0.1810 0.3462
vn 0.8800 -0.3928 -0.2671
vn 0.8627 -0.4627 0.2039
vn 0.8394 -0.5099 -0.1883
vn 0.9193 -0.3536 0.1728
vn 0.9772 -0.1103 -0.1813
vn 0.7244 0.6693 0.1653
vn -0.4316 0.8397 0.3296
vn -0.4641 0.8338 0.2989
vn -0.4662 0.8377 0.2845
vn -0.3933 0.8418 0.3698
vn -0.4420 0.8509 0.2841
vn -0.4563 0.8262 0.3305
vn 0.8258 0.0787 -0.5584
vn 0.8530 -0.0237 0.5213
vn 0.5777 -0.7963 0.1796
vn 0.5261 -0.8481 -0.0628
vn 0.5399 -0.5712 -0.6182
vn 0.8082 0.0235 -0.5885
vn 0.7762 -0.5880 -0.2274
vn 0.4944 -0.8632 -0.1020
vn 0.7778 -0.5971 0.1964
vn 0.8783 -0.3137 -0.3607
vn 0.5931 -0.4448 -0.6711
vn 0.6990 -0.4477 -0.5576
vn 0.3760 -0.8537 -0.3603
vn 0.4082 -0.8085 -0.4239
vn 0.4446 -0.8580 -0.2574
vn 0.7635 -0.6376 0.1023
vn 0.8729 -0.4876 -0.0157
vn 0.9294 -0.3623 -0.0709
vn 0.3694 -0.1336 0.9196
vn 0.6154 -0.5917 0.5207
vn 0.3042 -0.9515 0.0468
vn 0.1092 -0.9747 -0.1949
vn 0.0389 -0.9569 -0.2879
vn 0.0624 -0.9599 -0.2731
vn 0.6577 -0.7047 0.2662
vn 0.3584 -0.7403 -0.5688
vn 0.0467 -0.9974 -0.0545
vn -0.0469 -0.9853 -0.1642
vn -0.0626 -0.9857 -0.1565
vn -0.0781 -0.9299 -0.3594
vn 0.0078 -0.7110 -0.7032
vn 0.2422 -0.7734 -0.5859
vn -0.0545 -0.6701 -0.7402
vn 0.1565 -0.5711 -0.8058
vn -0.2019 -0.4504 -0.8697
vn -0.1097 0.1175 -0.9870
vn 0.6924 0.2282 -0.6845
vn 0.2422 -0.6250 -0.7421
vn 0.9372 0.1654 -0.3071
vn 0.6058 -0.3304 -0.7238
vn 0.1559 0.2027 -0.9667
vn -0.0703 0.3986 -0.9144
vn 0.0626 0.4463 -0.8927
vn 0.7327 -0.6382 -0.2364
vn 0.9914 0.1101 0.0708
vn 0.9062 0.3782 -0.1891
vn 0.5577 -0.7226 -0.4084
vn 0.3355 -0.8426 -0.4213
vn 0.8273 -0.5436 -0.1418
vn 0.8966 -0.0472 0.4404
vn 0.4068 0.3833 -0.8292
vn 0.0936 0.0937 -0.9912
vn 0.6034 -0.3056 -0.7366
vn 0.3123 -0.6479 -0.6948
vn 0.4087 0.6131 -0.6760
vn 0.8543 0.2038 -0.4781
vn 0.5871 0.4932 -0.6419
vn 0.3614 0.7227 -0.5892
vn 0.9049 -0.2361 -0.3541
vn 0.6352 -0.7058 -0.3137
vn 0.9838 0.1731 -0.0472
vn 0.6583 -0.1881 -0.7289
vn 0.1804 0.4863 -0.8550
vn 0.4227 0.4697 -0.7750
vn -0.1021 0.4791 -0.8718
vn -0.0469 0.4685 -0.8822
vn 0.4326 0.5270 -0.7315
vn 0.0626 0.4774 -0.8765
vn 0.5793 0.0392 -0.8142
vn -0.0078 0.5655 -0.8247
vn -0.4375 -0.7421 0.5078
vn -0.3677 -0.8607 0.3521
vn 0.2116 -0.9403 0.2664
vn -0.2348 -0.7748 0.5870
vn 0.0625 -0.9771 0.2032
vn -0.1567 -0.6581 0.7365
vn 0.0235 -0.6666 0.7450
vn -0.0000 -0.9327 0.3606
vn 0.2598 -0.5590 0.7874
vn 0.3303 -0.7551 0.5663
vn -0.1412 -0.9415 0.3060
vn 0.4789 -0.7458 0.4631
vn 0.3822 -0.9049 0.1872
vn -0.2032 -0.9224 0.3283
vn 0.3206 -0.9461 -0.0469
vn 0.6736 -0.4778 -0.5639
vn 0.8567 -0.5109 0.0707
vn 0.6058 -0.1967 0.7710
vn 0.3217 -0.1569 0.9337
vn 0.6039 -0.3216 -0.7293
vn 0.7599 -0.1723 -0.6267
vn 0.5083 -0.8368 -0.2033
vn 0.7053 -0.6504 -0.2821
vn 0.2508 0.3527 -0.9015
vn 0.7013 0.1655 -0.6934
vn 0.0234 -0.0312 -0.9992
vn -0.2961 -0.8649 -0.4052
vn -0.7807 -0.5621 -0.2732
vn 0.8402 -0.5418 -0.0235
vn 0.9049 -0.4013 0.1416
vn 0.7628 -0.6291 -0.1494
vn 0.5793 -0.7829 -0.2270
vn 0.6511 -0.7216 -0.2353
vn 0.7326 -0.6223 -0.2757
vn 0.6099 -0.6802 -0.4066
vn 0.6049 -0.6835 -0.4085
vn 0.3368 -0.8851 -0.3211
vn 0.8497 -0.5271 -0.0157
vn 0.8658 -0.4723 0.1653
vn 0.8626 -0.4783 0.1647
vn 0.8485 -0.4007 0.3457
vn 0.8556 -0.3925 0.3375
vn 0.8176 -0.3302 0.4717
vn 0.4720 -0.2046 0.8575
vn 0.3377 -0.1649 0.9267
vn 0.6436 -0.1727 0.7456
vn 0.7401 -0.2913 0.6062
vn 0.7366 -0.3056 0.6034
vn 0.6129 -0.2592 0.7464
vn 0.6067 -0.2679 0.7485
vn 0.4651 -0.2128 0.8593
vn -0.0394 -0.1181 0.9922
vn -0.0000 -0.0785 0.9969
vn -0.3609 -0.1648 0.9179
vn -0.1889 -0.1653 0.9680
vn -0.3377 -0.1649 0.9267
vn -0.1962 -0.1726 0.9653
vn -0.0000 -0.1733 0.9849
vn -0.0000 -0.1810 0.9835
vn 0.1886 -0.1729 0.9667
vn 0.1813 -0.1655 0.9694
vn -0.6579 -0.2193 0.7205
vn -0.8286 -0.3283 0.4534
vn -0.8914 -0.4378 0.1173
vn -0.4697 -0.8688 0.1566
vn -0.9114 -0.3896 0.1323
vn -0.8577 -0.3898 0.3353
vn -0.7383 -0.2985 0.6048
vn -0.8172 -0.3269 0.4747
vn -0.6482 -0.1718 0.7419
vn -0.4781 -0.2038 0.8543
vn -0.4713 -0.2120 0.8561
vn -0.6177 -0.2580 0.7428
vn -0.6116 -0.2666 0.7449
vn -0.7401 -0.3039 0.5999
vn -0.8089 -0.5600 -0.1789
vn -0.8574 -0.5144 -0.0156
vn -0.8183 -0.5533 -0.1559
vn -0.8518 -0.5236 -0.0156
vn -0.8678 -0.4691 0.1642
vn -0.8646 -0.4751 0.1636
vn -0.8507 -0.3980 0.3434
vn -0.3273 -0.7169 -0.6156
vn -0.3427 -0.7166 -0.6075
vn -0.1868 -0.7470 -0.6381
vn -0.4757 -0.7018 -0.5303
vn -0.6447 -0.6059 -0.4661
vn -0.6059 -0.6447 -0.4661
vn -0.7382 -0.6139 -0.2797
vn -0.7398 -0.6152 -0.2726
vn -0.6147 -0.6770 -0.4047
vn -0.6099 -0.6803 -0.4066
vn -0.4670 -0.7083 -0.5293
vn -0.2813 -0.9534 0.1094
vn -0.2266 -0.9687 -0.1016
vn 0.0546 -0.9985 0.0078
vn 0.2889 -0.5542 -0.7806
vn 0.1326 -0.9909 -0.0234
vn 0.7959 -0.1891 -0.5752
vn 0.8411 -0.4559 0.2909
vn 0.5634 -0.3912 -0.7277
vn 0.9285 -0.2990 -0.2203
vn 0.3591 -0.8900 -0.2810
vn 0.2883 -0.8027 -0.5221
vn 0.1872 -0.7176 -0.6708
vn 0.6305 0.5122 0.5832
vn -0.3609 -0.2039 0.9100
vn -0.1897 0.7826 0.5929
vn 0.3900 -0.9205 0.0234
vn 0.3525 -0.9167 0.1880
vn 0.4134 -0.8113 -0.4134
vn 0.3050 -0.8054 -0.5083
vn 0.1801 -0.7518 -0.6343
vn -0.0000 -0.7631 -0.6463
vn -0.0000 -0.7703 -0.6377
vn -0.1952 -0.7496 -0.6325
vn 0.4690 -0.7112 -0.5237
vn -0.8577 -0.1950 -0.4757
vn 0.1338 -0.4959 0.8580
vn -0.8661 -0.4135 0.2809
vn -0.7629 0.0234 -0.6461
vn -0.7831 -0.1175 -0.6108
vn -0.8855 -0.3651 -0.2874
vn -0.7936 -0.5680 0.2179
vn -0.6398 -0.6711 0.3745
vn -0.6677 -0.7376 0.1009
vn -0.9831 -0.1170 -0.1405
vn -0.6655 0.7438 -0.0626
vn -0.4414 0.8513 0.2838
vn -0.4638 0.7940 0.3930
vn -0.4263 0.6237 0.6552
vn -0.5013 0.6424 0.5797
vn -0.3479 0.6010 0.7196
vn 0.8290 0.1816 -0.5290
vn 0.8812 0.1495 -0.4485
vn 0.7640 0.2205 -0.6064
vn -0.6485 0.4454 -0.6173
vn -0.5797 0.5562 -0.5954
vn -0.6183 0.5479 -0.5635
vn -0.7205 0.3133 -0.6187
vn -0.7351 0.1955 -0.6491
vn -0.7908 0.1722 -0.5873
vn 0.6622 -0.0237 0.7489
vn 0.7890 0.1341 0.5996
vn 0.7205 0.2217 0.6571
vn 0.4658 0.2368 0.8526
vn -0.1809 0.0236 0.9832
vn -0.6098 -0.2033 0.7661
vn -0.4643 -0.3384 0.8185
vn 0.5051 -0.0710 0.8602
vn 0.8302 0.1739 0.5297
vn 0.8267 0.1732 0.5354
vn -0.1878 -0.8450 0.5007
vn 0.0862 -0.8154 0.5724
vn 0.2040 -0.8787 0.4315
vn -0.7404 0.6617 0.1182
vn -0.8055 0.5474 -0.2268
vn -0.8461 0.5328 0.0157
vn -0.6592 0.7142 0.2354
vn -0.3228 0.8897 0.3228
vn -0.5793 0.7828 0.2270
vn -0.7707 0.6213 0.1416
vn -0.8462 0.5328 0.0078
vn -0.8571 0.4831 -0.1792
vn -0.8394 0.5099 -0.1883
vn -0.8438 0.3985 -0.3594
vn -0.8243 0.4004 -0.4004
vn -0.7922 0.3687 -0.4863
vn -0.7393 0.6213 0.2595
vn -0.6137 0.6845 0.3934
vn -0.5975 0.7075 0.3774
vn -0.4967 0.7885 0.3627
vn -0.7109 0.7031 -0.0156
vn -0.7517 0.4463 -0.4855
vn -0.7478 0.3427 -0.5686
vn -0.7348 0.3127 -0.6019
vn -0.6068 0.2722 -0.7468
vn -0.5934 0.3123 -0.7418
vn -0.4612 0.2189 -0.8599
vn -0.4301 0.2190 -0.8758
vn -0.5721 0.3605 -0.7367
vn -0.3115 0.2414 -0.9190
vn -0.5565 0.3841 -0.7368
vn -0.3358 0.1952 -0.9215
vn -0.2109 0.1797 -0.9608
vn 0.0627 0.1412 -0.9880
vn 0.1248 0.0624 -0.9902
vn 0.3588 0.1560 -0.9203
vn 0.2109 0.1797 -0.9608
vn 0.3293 0.1882 -0.9253
vn 0.1872 0.1716 -0.9672
vn -0.0078 0.1796 -0.9837
vn -0.0000 0.2112 -0.9775
vn -0.1962 0.1727 -0.9652
vn 0.8088 0.3298 -0.4869
vn 0.7310 0.2830 -0.6209
vn 0.8019 0.3223 -0.5031
vn 0.5741 0.2281 -0.7864
vn 0.5813 0.1807 -0.7934
vn 0.4402 0.2122 -0.8725
vn 0.4558 0.2122 -0.8644
vn 0.6018 0.2736 -0.7503
vn 0.5912 0.2995 -0.7489
vn 0.7330 0.3074 -0.6069
vn 0.7984 0.5850 0.1423
vn 0.5832 0.7014 0.4098
vn 0.7429 0.6165 0.2608
vn 0.8113 0.5671 0.1418
vn 0.8497 0.5271 0.0157
vn 0.8440 0.5363 0.0079
vn 0.8582 0.4803 -0.1811
vn 0.8370 0.5133 -0.1895
vn 0.8416 0.4011 -0.3618
vn 0.8514 0.3863 -0.3548
vn 0.8741 0.4567 -0.1654
vn 0.8955 0.4163 -0.1571
vn 0.7321 0.6298 0.2598
vn 0.6073 0.6941 0.3865
vn 0.5925 0.7189 0.3634
vn 0.4578 0.7261 0.5130
vn 0.4415 0.7253 0.5282
vn 0.3313 0.7414 0.5836
vn 0.2756 0.7875 0.5513
vn 0.5929 0.6877 0.4189
vn 0.1971 0.7570 0.6230
vn 0.1893 0.7652 0.6153
vn -0.0000 0.7816 0.6237
vn -0.0079 0.8019 0.5975
vn -0.1884 0.7615 0.6202
vn -0.2986 0.8252 0.4794
vn -0.3152 0.8039 0.5044
vn -0.5975 0.7075 0.3773
vn -0.4728 0.7170 0.5122
vn -0.4239 0.8085 0.4082
vn -0.2209 0.9229 0.3155
vn -0.2920 0.8523 0.4340
vn -0.3385 0.5274 0.7793
vn 0.1638 -0.9127 0.3744
vn -0.3609 0.9024 -0.2354
vn -0.4019 0.9140 -0.0552
vn 0.7304 -0.2277 0.6440
vn 0.7893 -0.1894 0.5841
vn 0.6627 -0.2604 0.7022
vn -0.5276 -0.6595 -0.5354
vn -0.5839 -0.6695 -0.4593
vn -0.4684 -0.6402 -0.6089
vn -0.7613 0.6436 -0.0785
vn -0.6660 0.7366 -0.1175
vn -0.6776 0.7327 -0.0630
vn -0.8461 0.5327 -0.0157
vn -0.9065 0.4220 -0.0156
vn -0.9102 0.4080 0.0706
vn 0.5029 -0.0000 0.8644
vn 0.9252 -0.0000 0.3795
vn 0.8875 0.3487 0.3011
vn 0.2989 0.9517 -0.0708
vn 0.2841 0.9470 0.1499
vn 0.2532 0.4825 0.8385
vn -0.3863 -0.0000 0.9224
vn -0.3377 0.4241 0.8403
vn -0.3623 0.9294 0.0709
vn -0.3526 0.9167 -0.1880
vn -0.0944 0.8966 -0.4326
vn 0.2272 0.8695 -0.4387
vn -0.1577 0.8910 0.4258
vn -0.8467 0.3763 0.3763
vn -0.8374 0.4774 -0.2661
vn -0.3830 0.3752 -0.8441
vn 0.2588 0.4784 -0.8391
vn 0.7782 0.4402 -0.4480
vn 0.3768 -0.0000 -0.9263
vn -0.3835 -0.0000 -0.9235
vn -0.9235 -0.0000 -0.3835
vn 0.9659 -0.0000 -0.2591
vn 0.9252 0.0001 0.3795
vn -0.3785 0.3627 0.8516
vn -0.3768 -0.0000 0.9263
vn 0.2444 0.0079 0.9697
vn -0.8428 0.4682 0.2653
vn -0.2982 0.9415 0.1569
vn -0.3848 0.9109 -0.1492
vn -0.1026 0.8913 0.4417
vn 0.3637 0.4664 0.8063
vn 0.9195 0.0079 0.3929
vn 0.8431 0.4176 0.3388
vn -0.9207 -0.0000 0.3902
vn -0.9069 0.3205 -0.2736
vn -0.3762 0.4546 -0.8073
vn -0.1642 0.8759 -0.4536
vn 0.1566 0.8770 -0.4542
vn 0.2597 0.9602 -0.1023
vn -0.8540 -0.0078 -0.5202
vn -0.2498 -0.0078 -0.9683
vn 0.3444 0.2662 -0.9003
vn 0.8388 0.4703 -0.2744
vn 0.3785 0.9147 0.1419
vn 0.3673 -0.0000 -0.9301
vn 0.1572 0.8801 0.4479
vn 0.9195 0.0079 0.3930
vn 0.8519 -0.0000 -0.5237
vn 0.8896 -0.4566 0.0079
vn 0.8994 -0.4301 -0.0782
vn 0.8718 -0.4791 0.1021
vn -0.8881 -0.4596 0.0078
vn -0.8787 -0.4666 0.1011
vn -0.8886 -0.4521 -0.0779
vn -0.1565 0.3287 -0.9314
vn -0.1490 0.4547 -0.8781
vn -0.2040 0.4315 -0.8787
vn -0.1792 0.1869 -0.9659
vn -0.1411 0.0705 -0.9875
vn -0.2185 0.0312 -0.9753
vn 0.1340 -0.1025 0.9857
vn 0.2125 -0.0472 0.9760
vn 0.1341 -0.1025 0.9857
vn 0.0630 -0.1577 0.9855
vn 0.1408 -0.7117 -0.6882
vn 0.0545 -0.7476 -0.6619
vn 0.2183 -0.6783 -0.7016
vn 0.4249 0.3698 -0.8262
vn 0.3619 0.4877 -0.7945
vn 0.3375 0.4552 -0.8240
vn 0.4696 0.2270 -0.8532
vn 0.5356 0.1260 -0.8350
vn 0.4864 0.0706 -0.8709
vn 0.2522 -0.1655 0.9534
vn 0.6863 -0.1578 0.7100
vn 0.8928 -0.1659 0.4188
vn 0.9680 -0.1653 0.1889
vn 0.3848 -0.1492 0.9109
vn -0.3914 -0.1487 0.9081
vn -0.5099 -0.1491 0.8472
vn -0.2917 -0.1419 0.9459
vn -0.5880 0.1647 0.7919
vn 0.8617 0.1581 0.4822
vn 0.3863 0.3548 0.8514
vn 0.5883 0.5099 -0.6276
vn -0.6065 0.4410 0.6616
vn -0.3942 -0.1498 0.9067
vn -0.4093 -0.1653 0.8973
vn -0.9169 -0.1332 0.3762
vn -0.2916 -0.1419 0.9459
vn -0.5099 -0.1490 0.8472
vn -0.6937 0.1637 -0.7015
vn -0.7518 0.5247 -0.3994
vn 0.5667 0.0945 -0.8185
vn -0.8860 -0.1490 0.4391
vn -0.8981 -0.1484 0.4139
vn -0.8609 -0.4696 -0.1957
vn -0.9313 -0.1722 -0.3209
vn -0.9337 -0.1726 0.3138
vn -0.9192 -0.3506 -0.1792
vn -0.9789 -0.1096 0.1723
vn -0.8051 -0.5628 0.1876
vn -0.6641 -0.4219 0.6172
vn -0.7128 -0.2428 0.6580
vn -0.6518 0.7304 0.2042
vn -0.4172 0.8265 0.3778
vn -0.5333 -0.1568 0.8313
vn -0.4951 -0.0864 0.8645
vn -0.5740 -0.2280 0.7864
vn 0.7214 -0.5959 -0.3529
vn 0.6570 -0.6492 -0.3833
vn 0.7214 -0.5959 -0.3528
vn 0.7851 -0.5339 -0.3140
vn 0.7885 0.4967 -0.3627
vn 0.7248 0.5357 -0.4333
vn 0.8530 0.4028 -0.3317
vn 0.9031 0.3299 -0.2749
vn 0.9051 0.2676 -0.3306
vn -0.3776 0.9203 -0.1022
vn -0.8519 0.4142 0.3204
vn -0.4409 0.8897 0.1181
vn -0.5342 0.6283 0.5656
vn -0.3376 0.8556 -0.3924
vn -0.4768 0.8677 -0.1407
vn -0.2747 0.9576 -0.0863
vn -0.0079 0.9754 0.2202
vn -0.0000 0.9821 -0.1886
vn -0.3540 0.9205 -0.1652
vn -0.3211 0.9397 -0.1175
vn -0.2595 0.9515 -0.1651
vn 0.4182 0.8995 -0.1263
vn 0.6862 0.7177 0.1183
vn 0.9922 0.0709 0.1024
vn 0.9544 -0.0631 0.2918
vn 0.9393 0.3157 0.1341
vn -0.8919 -0.3599 0.2738
vn -0.9049 -0.2808 0.3198
vn -0.8713 -0.4434 0.2101
vn -0.8645 0.1090 -0.4907
vn -0.8510 0.0468 -0.5231
vn -0.8728 0.1637 -0.4598
vn 0.8883 -0.3616 0.2830
vn 0.8773 -0.4308 0.2115
vn 0.8892 -0.2990 0.3462
vn 0.6640 0.7272 0.1739
vn 0.6225 0.7801 0.0630
vn 0.6400 0.7664 0.0553
vn 0.7195 0.6404 0.2688
vn 0.7364 0.5701 0.3642
vn 0.7908 0.5140 0.3322
vn 0.1886 0.9821 -0.0000
vn -0.4804 0.7876 0.3859
vn 0.0079 0.9379 0.3468
vn -0.6525 0.6997 0.2909
vn 0.2757 0.9455 -0.1733
vn -0.2600 0.8982 0.3546
vn -0.0785 0.9262 0.3689
vn 0.2135 0.9723 0.0949
vn -0.6846 0.5114 0.5194
vn -0.1022 0.9823 -0.1572
vn -0.0157 0.9590 0.2830
vn -0.4238 0.8947 0.1413
vn -0.5985 0.7955 0.0945
vn 0.5294 0.8454 -0.0711
vn 0.4565 0.8658 0.2047
vn 0.0552 0.9390 0.3393
vn 0.0471 0.9428 0.3300
vn -0.1261 0.9615 0.2443
vn 0.6018 0.6175 0.5065
vn -0.3698 0.9286 0.0315
vn 0.6884 0.7042 0.1740
vn -0.2053 0.9316 0.3000
vn 0.5203 0.8204 0.2374
vn -0.2837 0.9534 -0.1025
vn 0.6238 0.7184 0.3079
vn 0.0471 0.9888 -0.1413
vn 0.6704 0.5127 0.5363
vn 0.2364 0.9613 0.1418
vn 0.4649 0.8825 0.0709
vn 0.2135 0.9723 -0.0949
vn 0.1734 0.9695 -0.1734
vn 0.2830 0.9434 -0.1730
vn 0.4584 0.8852 -0.0790
vn 0.8366 0.4420 0.3236
vn 0.2525 0.9547 -0.1578
vn 0.7096 0.4573 0.5361
vn 0.4238 0.8947 -0.1413
vn -0.6020 0.7978 0.0322
vn -0.9062 0.4140 0.0859
vn -0.9579 -0.0623 0.2804
vn -0.9998 0.0156 0.0156
vn -0.6903 0.7139 -0.1177
vn 0.1502 0.8540 0.4981
vn 0.1424 0.9174 0.3717
vn 0.1975 0.9006 0.3871
vn 0.1740 0.7674 0.6171
vn 0.1339 0.6928 0.7086
vn 0.2129 0.6545 0.7255
vn -0.6993 0.3929 0.5972
vn -0.4672 -0.2959 -0.8332
vn -0.7049 -0.3603 -0.6110
vn -0.7278 0.1957 0.6573
vn 0.7364 0.2930 0.6098
vn -0.6806 -0.7275 -0.0861
vn -0.6881 -0.4379 0.5786
vn 0.3771 -0.5264 0.7621
vn 0.8561 -0.2120 -0.4713
vn 0.6530 -0.4091 -0.6373
vn -0.7049 -0.3603 -0.6109
vn 0.2176 -0.8157 -0.5360
vn 0.8561 -0.2121 -0.4712
vn 0.7512 0.3716 0.5456
vn 0.5901 -0.4957 0.6373
vn -0.6023 0.0235 0.7979
vn -0.6025 -0.7981 -0.0000
vn -0.2183 -0.5767 -0.7872
vn 0.9133 -0.2676 -0.3071
vn 0.5407 -0.7444 -0.3918
vn 0.9133 -0.2677 -0.3071
vn 0.2524 0.4733 0.8440
vn -0.9356 0.1793 0.3041
vn -0.2182 -0.5768 -0.7872
vn -0.2837 0.9534 -0.1024
vn -0.8429 -0.1795 0.5073
vn -0.1798 -0.3204 0.9301
vn 0.0787 -0.4646 0.8820
vn 0.0079 -0.7378 0.6750
vn -0.7063 -0.4159 0.5729
vn -0.4068 -0.6728 0.6180
vn -0.2352 -0.3214 0.9173
vn -0.7134 -0.4547 0.5331
vn -0.5871 0.1331 0.7985
vn 0.6017 0.6175 0.5067
vn -0.2528 0.2290 0.9400
vn 0.6704 0.5127 0.5364
vn -0.8474 0.5178 0.1177
vn -0.9793 0.1175 0.1645
vn -0.9086 -0.1645 0.3838
vn -0.6836 0.1807 0.7072
vn 0.2364 0.9613 0.1419
vn -0.2122 0.2829 0.9354
vn 0.2525 0.9546 -0.1578
vn -0.9062 0.4141 0.0859
vn -0.6482 0.7419 0.1718
vn 0.4238 0.8947 -0.1412
vn 0.4724 0.8346 0.2835
vn -0.3375 0.8556 -0.3925
vn -0.5341 0.6284 0.5656
vn 0.9393 0.3157 0.1342
vn 0.2590 0.0314 0.9654
vn 0.5907 0.2599 0.7639
vn 0.9437 0.1416 0.2988
vn 0.9084 -0.1580 0.3871
vn 0.7885 -0.3627 0.4967
vn -0.6846 0.5115 0.5193
vn 0.2597 0.2361 0.9364
vn 0.8298 0.5453 0.1186
vn 0.5358 0.0473 0.8430
vn 0.7237 -0.2832 0.6293
vn 0.4002 -0.6749 0.6200
vn 0.0392 -0.3371 0.9407
vn 0.6131 -0.4087 0.6760
vn 0.1885 0.9821 -0.0000
vn 0.7965 0.3076 0.5205
vn -0.1816 -0.0947 0.9788
vn 0.2758 0.9455 -0.1733
vn -0.2600 0.8982 0.3545
vn 0.2134 0.9723 0.0949
vn 0.8037 0.1182 0.5831
vn -0.5986 0.7955 0.0945
vn -0.2757 -0.0157 0.9611
vn 0.4565 0.8659 0.2047
vn 0.3535 -0.0315 0.9349
vn -0.7725 0.0624 0.6320
vn -0.3699 0.9286 0.0315
vn 0.5206 0.8204 0.2366
vn 0.2044 -0.0865 0.9750
vn 0.6237 0.7185 0.3079
vn -0.7937 0.2908 0.5344
vn -0.1400 -0.7079 -0.6923
vn -0.2182 -0.6623 -0.7168
vn -0.0704 -0.7507 -0.6569
vn -0.1417 -0.1102 0.9838
vn -0.0473 -0.1578 0.9863
vn -0.1416 -0.1102 0.9838
vn -0.2289 -0.0711 0.9709
vn -0.4316 0.8160 0.3845
vn -0.3710 0.8841 0.2842
vn -0.3452 0.8788 0.3295
vn -0.4720 0.7237 0.5035
vn -0.5417 0.6360 0.5496
vn -0.4959 0.6140 0.6140
vn 0.9313 -0.1722 -0.3209
vn 0.7590 -0.3521 -0.5477
vn 0.6155 0.4498 -0.6471
vn -0.0000 -0.1096 -0.9940
vn 0.3610 0.6436 -0.6749
vn -0.7112 0.4689 -0.5237
vn -0.7622 -0.3500 -0.5445
vn 0.5247 -0.6578 -0.5404
vn 0.4829 -0.6231 -0.6153
vn 0.5651 -0.6828 -0.4631
vn -0.7290 -0.2352 0.6428
vn -0.6648 -0.2503 0.7039
vn -0.7921 -0.2117 0.5725
vn -0.0000 -1.0000 -0.0000
vn -0.9235 0.0002 -0.3835
vn -0.9263 -0.0000 0.3768
vn 0.1500 0.8921 0.4263
vn 0.5418 -0.4162 0.7302
vn 0.2127 -0.1260 0.9690
vn 0.6069 -0.1025 0.7882
vn 0.5438 0.2128 0.8118
vn 0.3465 -0.3163 0.8831
vn -0.0000 -0.5745 0.8185
vn -0.0000 -0.2277 0.9737
vn -0.4573 0.1577 0.8752
vn -0.7792 0.0787 0.6218
vn -0.5486 -0.4232 0.7210
vn -0.0079 -0.0157 0.9998
vn -0.0000 -0.7071 0.7071
vn 0.6134 -0.4561 0.6448
vn -0.0001 -0.1096 -0.9940
vn -0.9324 -0.1709 -0.3185
vn -0.7112 0.4690 -0.5237
vn -0.3296 0.4316 0.8397
vn 0.5608 0.2212 0.7978
vn -0.5473 -0.4144 0.7271
vn 0.3610 0.6435 -0.6749
vn -0.4389 -0.3605 0.8230
vn -0.4539 -0.1096 0.8843
vn -0.2909 -0.1022 0.9513
vn 0.6623 0.0158 0.7490
vn -0.4635 0.1571 0.8720
vn -0.4396 0.1413 0.8870
vn 0.3457 0.0786 0.9350
vn -0.0079 0.3468 0.9379
vn 0.2363 0.7327 0.6382
vn 0.4107 0.8292 0.3791
vn -0.1968 0.6611 0.7241
vn -0.2197 -0.4550 0.8630
vn -0.2047 -0.3307 0.9213
vn 0.1964 -0.1100 0.9743
vn 0.7089 -0.2442 0.6617
vn 0.6629 -0.4262 0.6156
vn 0.3471 -0.1657 0.9231
vn 0.2114 -0.5404 0.8144
vn -0.8584 -0.4292 -0.2809
vn -0.8757 -0.4219 0.2346
vn -0.9213 -0.3045 -0.2420
vn -0.5796 -0.4699 0.6657
vn -0.8417 -0.3818 0.3819
vn -0.7596 0.0235 -0.6500
vn -0.5147 -0.3198 -0.7955
vn -0.6635 -0.6869 -0.2966
vn -0.4425 -0.3183 -0.8384
vn -0.7400 0.1558 -0.6543
vn -0.6813 -0.6578 -0.3211
vn -0.1578 0.1815 0.9706
vn -0.2918 -0.2208 0.9306
vn -0.1883 0.0549 0.9806
vn -0.6453 -0.1574 0.7476
vn -0.9549 -0.0939 0.2818
vn -0.9617 -0.0156 0.2737
vn -0.3785 0.3233 0.8673
vn -0.2448 0.1105 0.9633
vn -0.1579 0.0316 0.9869
vn -0.3302 0.0314 0.9434
vn -0.6572 0.0626 0.7511
vn -0.9253 0.0470 0.3764
vn -0.9666 0.0857 -0.2417
vn -0.5986 0.0945 0.7955
vn -0.4019 -0.0552 0.9140
vn -0.1021 -0.1021 0.9895
vn 0.7088 -0.1969 0.6773
vn 0.6994 -0.1807 0.6915
vn 0.5832 0.0315 0.8117
vn 0.7166 -0.0788 0.6930
vn 0.7793 -0.2834 0.5589
vn 0.8953 -0.3377 0.2906
vn 0.8415 -0.3618 0.4011
vn 0.7037 0.4032 0.5851
vn 0.7990 0.3481 0.4904
vn 0.7952 0.6063 -0.0079
vn 0.0945 0.9210 0.3778
vn 0.5496 0.5418 -0.6359
vn 0.7622 0.6365 -0.1179
vn 0.8215 0.1027 0.5608
vn 0.6603 -0.3852 0.6446
vn 0.8350 -0.5041 0.2206
vn 0.6756 0.1807 -0.7148
vn 0.2966 0.0702 -0.9524
vn 0.4949 0.5264 -0.6913
vn 0.8183 0.5429 -0.1888
vn 0.9100 -0.3609 -0.2040
vn 0.7919 -0.5880 0.1647
vn 0.6190 -0.7679 -0.1646
vn 0.7154 -0.6682 0.2044
vn 0.6498 -0.6263 -0.4306
vn 0.5876 -0.5563 -0.5876
vn 0.4202 -0.7315 -0.5370
vn 0.7272 -0.5083 -0.4613
vn 0.2806 -0.5378 -0.7950
vn 0.0704 -0.4146 -0.9073
vn 0.1017 -0.4069 -0.9078
vn -0.8934 0.0470 0.4467
vn -0.4389 0.6114 0.6584
vn -0.0866 0.5902 0.8026
vn -0.1969 0.6932 0.6933
vn -0.0000 0.5975 0.8019
vn -0.6505 0.6505 0.3919
vn -0.9597 -0.0000 -0.2809
vn -0.8765 -0.4774 -0.0626
vn -0.8438 -0.3985 -0.3594
vn -0.5640 -0.6501 0.5092
vn -0.4008 -0.1493 0.9039
vn -0.2907 0.3143 0.9037
vn -0.0323 0.3404 0.9397
vn -0.3223 0.0786 0.9434
vn -0.7778 -0.0079 0.6285
vn -0.0237 0.2369 0.9712
vn -0.0157 -0.0941 0.9954
vn 0.0079 -0.5121 0.8589
vn 0.3863 -0.0000 0.9224
vn 0.5901 0.2124 0.7789
vn 0.4722 -0.0158 0.8814
vn 0.2921 0.3237 0.9000
vn -0.0315 -0.9121 0.4089
vn 0.5750 -0.3308 0.7483
vn 0.9027 0.0950 0.4197
vn 0.9202 0.3618 0.1494
vn 0.2752 0.9593 0.0629
vn 0.8146 0.5694 0.1107
vn 0.7348 0.6716 -0.0948
vn 0.3239 0.8768 0.3555
vn 0.4714 0.7935 -0.3850
vn 0.7556 0.5510 -0.3542
vn 0.4013 0.5902 -0.7004
vn 0.6489 0.1251 -0.7505
vn 0.8391 -0.3686 -0.4000
vn 0.5093 -0.7209 0.4701
vn 0.9961 -0.0157 -0.0863
vn -0.7161 -0.6927 -0.0856
vn -0.0545 -0.6701 -0.7403
vn 0.1647 0.1098 -0.9802
vn -0.3867 0.6866 0.6156
vn -0.2287 0.5599 0.7964
vn -0.2523 0.3155 0.9148
vn 0.3084 0.6485 0.6959
vn -0.2052 0.5998 0.7734
vn 0.9314 0.3631 0.0237
vn 0.9084 0.1580 0.3871
vn -0.1868 -0.7784 -0.5993
vn -0.2187 -0.9687 -0.1172
vn -0.4219 -0.8593 -0.2890
vn -0.3279 -0.9447 -0.0078
vn -0.6398 -0.7646 -0.0780
vn -0.4374 -0.8827 0.1718
vn -0.7481 -0.6624 -0.0389
vn -0.4456 -0.7895 0.4221
vn -0.2744 -0.5567 0.7841
vn -0.8259 -0.5532 -0.1091
vn -0.7730 -0.6168 -0.1484
vn -0.3266 -0.9097 -0.2566
vn -0.4287 -0.8885 -0.1637
vn -0.2732 -0.9368 0.2186
vn -0.1337 -0.7784 0.6133
vn -0.2283 -0.6140 0.7556
vn -0.2980 -0.3921 0.8703
vn -0.7040 -0.5710 0.4224
vn -0.4922 -0.7657 0.4141
vn -0.7027 -0.7105 -0.0390
vn -0.9456 -0.2969 -0.1329
vn -0.9070 -0.2189 0.3597
vn -0.9471 0.0078 -0.3209
vn -0.8709 0.4315 -0.2354
vn -0.4816 0.1658 0.8606
vn -0.8136 0.5320 0.2347
vn -0.7418 0.5935 -0.3123
vn -0.5795 0.5482 -0.6030
vn -0.7808 0.1952 -0.5934
vn -0.9610 0.1875 0.2031
vn -0.9346 0.3063 -0.1806
vn -0.7740 0.2189 0.5941
vn -0.2279 0.3616 0.9040
vn -0.4800 0.8026 0.3541
vn -0.7007 0.7008 -0.1338
vn -0.7724 0.4681 -0.4292
vn -0.6717 0.4999 -0.5467
vn -0.5641 0.4544 -0.6894
vn -0.5773 0.3745 -0.7256
vn -0.4754 0.4987 -0.7248
vn -0.6317 0.0702 -0.7720
vn -0.5176 0.2823 -0.8077
vn -0.7789 -0.1558 -0.6075
vn -0.6478 -0.4683 -0.6009
vn -0.6240 -0.7020 -0.3432
vn -0.4829 -0.5141 -0.7088
vn -0.5153 0.1015 -0.8510
vn -0.4681 0.4291 -0.7724
vn -0.6754 0.3298 -0.6596
vn -0.7666 0.4694 -0.4381
vn -0.7366 0.4937 -0.4623
vn -0.7073 0.6209 -0.3379
vn -0.5090 0.4463 -0.7360
vn -0.0468 0.4684 -0.8822
vn -0.4154 0.5644 -0.7133
vn -0.4948 0.7540 -0.4320
vn -0.5655 0.8247 -0.0000
vn -0.4338 0.8755 0.2130
vn -0.6913 0.7070 0.1493
vn -0.7290 0.6663 -0.1568
vn -0.5902 0.8026 0.0866
vn -0.6357 0.5651 0.5259
vn -0.4178 0.7804 0.4651
vn -0.1972 0.0631 0.9783
vn -0.1732 -0.1810 0.9681
vn -0.5019 0.0627 0.8627
vn -0.3625 0.1813 0.9142
vn -0.2977 0.3760 0.8775
vn -0.0316 0.1502 0.9882
vn -0.3065 0.0393 0.9510
vn -0.1254 -0.0941 0.9876
vn -0.2045 -0.2281 0.9519
vn -0.5865 -0.1408 0.7976
vn -0.2043 -0.0943 0.9744
vn -0.1579 0.0237 0.9872
vn -0.0706 0.9970 -0.0314
vn -0.0079 0.1414 0.9899
vn 0.9208 0.2912 0.2597
vn -0.0079 0.9696 -0.2444
vn -0.2427 0.9393 -0.2426
vn 0.4905 0.8622 -0.1266
vn 0.9444 0.3227 -0.0630
vn 0.9979 -0.0629 -0.0157
vn 0.9805 -0.1961 -0.0079
vn 0.9985 -0.0079 -0.0550
vn 0.9940 0.0552 -0.0947
vn 0.8953 0.4398 -0.0707
vn 0.5905 0.8032 -0.0787
vn 0.1021 0.9895 -0.1021
vn -0.1417 0.9838 -0.1102
vn -0.8123 -0.5468 0.2031
vn -0.0315 -0.9434 0.3302
vn -0.6099 -0.4066 0.6803
vn 0.0314 -0.5883 0.8080
vn 0.5455 -0.3557 0.7589
vn 0.7670 -0.5557 0.3209
vn 0.5041 -0.8585 0.0945
vn -0.6667 0.7372 -0.1098
vn -0.9190 0.2828 0.2749
vn -0.9954 -0.0941 0.0157
vn -0.9857 0.1565 -0.0626
vn -0.6209 0.7782 -0.0943
vn -0.8749 -0.1484 -0.4609
vn 0.4722 -0.0157 0.8814
vn -0.6843 -0.2910 0.6686
vn 0.6127 -0.0864 0.7856
vn -0.7161 -0.6928 -0.0856
vn -0.7242 -0.2959 -0.6229
vn -0.0546 -0.6701 -0.7402
vn 0.7156 -0.0944 0.6921
vn 0.9838 0.0472 0.1731
vn 0.9665 0.1650 -0.1965
vn 0.5913 0.5124 -0.6228
vn -0.0548 0.0862 -0.9948
vn 0.3041 -0.1793 -0.9356
vn 0.9515 -0.2595 -0.1651
vn 0.5129 -0.2762 0.8128
vn 0.5860 0.0634 0.8078
vn 0.3584 -0.7402 -0.5688
vn -0.9099 -0.4122 -0.0467
vn -0.8181 -0.5220 -0.2415
vn -0.9213 -0.2420 0.3045
vn -0.1808 0.8255 0.5346
vn -0.6867 0.4105 0.5999
vn -0.7754 0.2506 0.5796
vn -0.5663 0.1888 0.8023
vn -0.4250 -0.0157 0.9051
vn 0.6232 0.0395 0.7810
vn 0.4092 -0.2361 0.8814
vn 0.8538 0.2609 0.4506
vn 0.1812 0.7801 0.5988
vn 0.1809 0.9048 0.3855
vn 0.5906 0.8031 -0.0787
vn 0.9805 -0.1961 -0.0078
vn -0.4330 0.8582 0.2756
vn -0.4581 0.6003 0.6556
vn -0.2287 0.9463 0.2287
vn -0.4925 0.2111 -0.8443
vn -0.4988 0.0546 -0.8650
vn -0.5412 0.1255 -0.8315
vn -0.4454 0.3204 -0.8361
vn -0.3671 0.3749 -0.8513
vn -0.3660 0.3815 -0.8488
vn 0.9940 -0.0947 0.0552
vn 0.9266 -0.3298 -0.1806
vn 0.9359 -0.3225 0.1415
vn 0.4765 -0.8515 0.2187
vn -0.5604 -0.7706 -0.3035
vn -0.6021 -0.7975 0.0391
vn -0.8279 -0.5467 -0.1250
vn -0.7934 -0.5445 -0.2722
vn -0.4510 -0.3422 -0.8243
vn -0.5082 0.1251 -0.8521
vn -0.1868 -0.7784 -0.5994
vn -0.4218 -0.8594 -0.2891
vn -0.9941 -0.0940 0.0548
vn -0.9246 -0.3807 0.0156
vn -0.7258 -0.2888 -0.6243
vn 0.1716 0.1872 -0.9672
vn 0.2036 0.0157 -0.9789
vn 0.1334 0.0706 -0.9885
vn 0.1717 0.3279 -0.9290
vn 0.2190 0.4301 -0.8758
vn 0.1965 0.4479 -0.8722
vn 0.9155 -0.2683 0.2999
vn 0.7167 0.3150 -0.6222
vn 0.7862 0.1572 -0.5976
vn 0.7315 0.1966 -0.6529
vn 0.6417 0.4539 -0.6182
vn 0.6108 0.5560 -0.5638
vn 0.5668 0.5747 -0.5904
vn 0.6252 -0.4455 -0.6408
vn 0.1954 -0.6408 -0.7424
vn 0.4947 0.2748 -0.8245
vn 0.2034 -0.6962 -0.6884
vn 0.7137 -0.3921 -0.5804
vn 0.5093 -0.7208 0.4701
vn -0.8959 -0.0078 -0.4441
vn -0.8819 -0.0546 -0.4682
vn 0.2497 -0.0390 -0.9675
vn 0.3358 -0.0937 -0.9372
vn 0.1567 0.0235 -0.9874
vn 0.2841 0.6076 0.7417
vn 0.1652 0.6611 0.7319
vn 0.3941 0.5438 0.7409
vn 0.8913 0.2918 -0.3471
vn 0.8878 0.4085 -0.2121
vn 0.8658 0.1653 -0.4723
vn -0.8333 0.4795 0.2751
vn -0.8887 0.3932 0.2359
vn -0.7689 0.5571 0.3138
vn 0.4150 0.0548 -0.9082
vn 0.4936 0.1175 -0.8617
vn 0.3373 -0.0079 -0.9414
vn -0.2906 0.6362 0.7147
vn -0.3694 0.5738 0.7310
vn -0.2045 0.6922 0.6922
vn -0.2900 0.0392 -0.9562
vn -0.1956 0.0704 -0.9781
vn 0.8901 0.4332 0.1418
vn 0.8825 0.4019 0.2443
vn 0.8890 0.4563 0.0394
vn -0.8870 0.4396 0.1413
vn -0.8969 0.4406 0.0393
vn -0.8692 0.4307 0.2427
vn 0.4284 0.6188 0.6584
vn 0.3626 0.5754 0.7331
vn 0.4284 0.6188 0.6585
vn 0.4892 0.6549 0.5760
vn -0.8290 0.1955 -0.5240
vn -0.7661 0.2032 -0.6098
vn -0.8815 0.1794 -0.4368
vn -0.8458 0.4072 -0.3446
vn -0.9120 0.2572 -0.3196
vn -0.9046 0.3275 -0.2729
vn -0.7579 0.5392 -0.3672
vn -0.6734 0.5951 -0.4385
vn -0.6498 0.6419 -0.4071
vn 0.8439 0.5363 -0.0158
vn 0.9131 0.4015 0.0708
vn 0.9051 0.4250 -0.0157
vn 0.7546 0.6524 -0.0707
vn 0.6694 0.7403 -0.0630
vn 0.6494 0.7523 -0.1109
vn -0.7232 0.6368 0.2673
vn -0.7927 0.5023 0.3453
vn -0.7379 0.5652 0.3689
vn -0.6519 0.7383 0.1728
vn -0.6187 0.7831 0.0626
vn -0.5731 0.8164 0.0707
vn 0.4720 0.7237 0.5034
vn 0.4983 0.6011 0.6248
vn 0.5445 0.6313 0.5524
vn 0.4187 0.8215 0.3871
vn 0.3313 0.8835 0.3313
vn 0.3486 0.8953 0.2773
vn -0.1808 0.7626 0.6211
vn -0.2128 0.6462 0.7329
vn -0.1415 0.6921 0.7078
vn -0.1652 0.8573 0.4876
vn -0.2051 0.8992 0.3865
vn -0.1576 0.9217 0.3545
vt 0.504883 0.680664
vt 0.525391 0.700195
vt 0.520996 0.695801
vt 0.525391 0.700195
vt 0.537598 0.746338
vt 0.530762 0.741211
vt 0.520996 0.695801
vt 0.467285 0.656006
vt 0.477783 0.654541
vt 0.472656 0.674072
vt 0.497314 0.656494
vt 0.504883 0.680664
vt 0.512695 0.653320
vt 0.529297 0.695801
vt 0.543457 0.730225
vt 0.567871 0.753418
vt 0.533691 0.765747
vt 0.578613 0.718262
vt 0.532227 0.611084
vt 0.540039 0.622803
vt 0.536133 0.637939
vt 0.538086 0.672119
vt 0.556152 0.687988
vt 0.567383 0.703125
vt 0.587891 0.683838
vt 0.602051 0.701172
vt 0.627441 0.672607
vt 0.622070 0.678711
vt 0.609863 0.659912
vt 0.573730 0.666504
vt 0.551758 0.643799
vt 0.568359 0.608154
vt 0.624023 0.683350
vt 0.557617 0.601807
vt 0.537109 0.567627
vt 0.517090 0.596436
vt 0.500977 0.623291
vt 0.500977 0.641602
vt 0.483643 0.621826
vt 0.474609 0.645020
vt 0.476562 0.617188
vt 0.489502 0.595703
vt 0.494385 0.596436
vt 0.507812 0.578613
vt 0.500488 0.507080
vt 0.489258 0.482910
vt 0.511230 0.493652
vt 0.522461 0.519287
vt 0.512207 0.543701
vt 0.521484 0.553223
vt 0.534180 0.516846
vt 0.497803 0.580811
vt 0.458984 0.477051
vt 0.476807 0.454590
vt 0.466309 0.614502
vt 0.486328 0.591309
vt 0.496582 0.564941
vt 0.492920 0.531738
vt 0.483398 0.503174
vt 0.482178 0.588379
vt 0.490479 0.559814
vt 0.482422 0.544434
vt 0.473389 0.519775
vt 0.475098 0.492676
vt 0.455322 0.499023
vt 0.477783 0.585205
vt 0.458252 0.609131
vt 0.441162 0.503906
vt 0.450684 0.519287
vt 0.437500 0.518311
vt 0.448242 0.501465
vt 0.462158 0.519531
vt 0.474121 0.542725
vt 0.468262 0.579102
vt 0.452637 0.599121
vt 0.453857 0.569824
vt 0.461182 0.574463
vt 0.441162 0.591309
vt 0.470703 0.541992
vt 0.465820 0.540771
vt 0.440674 0.541260
vt 0.430664 0.522217
vt 0.436523 0.539795
vt 0.434082 0.551758
vt 0.437744 0.556396
vt 0.422119 0.557373
vt 0.426025 0.543457
vt 0.429443 0.537598
vt 0.426270 0.531738
vt 0.416992 0.523682
vt 0.420654 0.513672
vt 0.427979 0.508301
vt 0.403076 0.514648
vt 0.413330 0.500244
vt 0.406738 0.507568
vt 0.396484 0.501709
vt 0.385010 0.509277
vt 0.383545 0.500000
vt 0.370850 0.507812
vt 0.371582 0.498047
vt 0.359863 0.497559
vt 0.358643 0.489746
vt 0.371826 0.489258
vt 0.357178 0.478516
vt 0.343018 0.489746
vt 0.372070 0.479980
vt 0.385010 0.491699
vt 0.400635 0.494141
vt 0.407471 0.479492
vt 0.310547 0.478516
vt 0.341309 0.478027
vt 0.323486 0.465332
vt 0.352539 0.466309
vt 0.372070 0.466797
vt 0.386719 0.480469
vt 0.391602 0.468262
vt 0.386963 0.453125
vt 0.380859 0.430176
vt 0.392822 0.428711
vt 0.372070 0.450684
vt 0.356934 0.452148
vt 0.336426 0.453613
vt 0.315186 0.444824
vt 0.301025 0.454102
vt 0.278320 0.468750
vt 0.362793 0.430664
vt 0.372070 0.430176
vt 0.350586 0.428711
vt 0.334961 0.419922
vt 0.300537 0.433105
vt 0.261475 0.450684
vt 0.355957 0.406738
vt 0.337891 0.409180
vt 0.260986 0.427246
vt 0.292969 0.417480
vt 0.334229 0.400879
vt 0.359863 0.401855
vt 0.361572 0.409668
vt 0.366699 0.417969
vt 0.366699 0.407227
vt 0.372314 0.416992
vt 0.375732 0.403809
vt 0.363281 0.394043
vt 0.377686 0.416016
vt 0.382568 0.407715
vt 0.386475 0.398438
vt 0.412354 0.403320
vt 0.451172 0.421387
vt 0.445801 0.436523
vt 0.407227 0.410156
vt 0.388916 0.405273
vt 0.418945 0.467773
vt 0.406494 0.454590
vt 0.427734 0.446777
vt 0.408447 0.420898
vt 0.441162 0.457031
vt 0.424072 0.491211
vt 0.427979 0.487793
vt 0.431641 0.483887
vt 0.481689 0.433594
vt 0.365967 0.636963
vt 0.376221 0.638428
vt 0.376465 0.658203
vt 0.330811 0.622314
vt 0.350342 0.630615
vt 0.358643 0.656738
vt 0.367676 0.657227
vt 0.366455 0.687256
vt 0.375488 0.689209
vt 0.368652 0.702393
vt 0.373047 0.705322
vt 0.384766 0.619141
vt 0.386719 0.637939
vt 0.385010 0.657227
vt 0.384766 0.688232
vt 0.381836 0.703613
vt 0.371338 0.719971
vt 0.358643 0.717773
vt 0.392578 0.709229
vt 0.384033 0.720703
vt 0.392578 0.745850
vt 0.370117 0.743896
vt 0.370361 0.779785
vt 0.345947 0.743896
vt 0.418213 0.827026
vt 0.402588 0.774536
vt 0.403564 0.726807
vt 0.411377 0.748535
vt 0.428223 0.772095
vt 0.443359 0.789673
vt 0.479004 0.846558
vt 0.489746 0.804199
vt 0.399658 0.693359
vt 0.411621 0.710205
vt 0.438232 0.720459
vt 0.451660 0.743408
vt 0.463623 0.760010
vt 0.498047 0.779907
vt 0.411621 0.695312
vt 0.554688 0.786621
vt 0.527344 0.802002
vt 0.526367 0.760620
vt 0.502930 0.732178
vt 0.485840 0.714844
vt 0.466064 0.698242
vt 0.501953 0.686523
vt 0.476318 0.683350
vt 0.451904 0.692383
vt 0.432617 0.705078
vt 0.429199 0.692383
vt 0.439697 0.686523
vt 0.427979 0.684814
vt 0.460449 0.672363
vt 0.448975 0.673828
vt 0.442627 0.673828
vt 0.434570 0.672852
vt 0.449463 0.649414
vt 0.459961 0.654785
vt 0.466797 0.646729
vt 0.454346 0.631836
vt 0.449219 0.625977
vt 0.441406 0.620117
vt 0.439697 0.643311
vt 0.440918 0.646240
vt 0.438965 0.658203
vt 0.426514 0.671875
vt 0.418213 0.677979
vt 0.419434 0.671143
vt 0.421875 0.678955
vt 0.419678 0.686768
vt 0.408936 0.685059
vt 0.412842 0.674805
vt 0.418701 0.650635
vt 0.410889 0.651123
vt 0.417725 0.633545
vt 0.392822 0.682617
vt 0.405518 0.678955
vt 0.400146 0.654785
vt 0.408447 0.634277
vt 0.400146 0.635010
vt 0.409180 0.622314
vt 0.399170 0.613770
vt 0.395752 0.603760
vt 0.402344 0.595947
vt 0.412842 0.607178
vt 0.414795 0.615234
vt 0.429443 0.619629
vt 0.426270 0.639160
vt 0.430908 0.656738
vt 0.423584 0.656250
vt 0.431396 0.642822
vt 0.437744 0.615967
vt 0.431396 0.607910
vt 0.448975 0.596680
vt 0.424316 0.614014
vt 0.419922 0.598633
vt 0.430176 0.583008
vt 0.428711 0.564941
vt 0.403076 0.580811
vt 0.400879 0.566650
vt 0.400146 0.559326
vt 0.405273 0.547119
vt 0.378418 0.548096
vt 0.377930 0.580811
vt 0.378174 0.565430
vt 0.377686 0.589355
vt 0.377686 0.593018
vt 0.383057 0.611572
vt 0.361084 0.603271
vt 0.353271 0.595215
vt 0.352783 0.579102
vt 0.355469 0.564209
vt 0.356445 0.555908
vt 0.378174 0.557617
vt 0.343018 0.607422
vt 0.324463 0.593994
vt 0.323242 0.569824
vt 0.327393 0.554199
vt 0.334961 0.547119
vt 0.311035 0.541016
vt 0.305908 0.559814
vt 0.282959 0.522705
vt 0.294678 0.590332
vt 0.255371 0.529297
vt 0.282471 0.594482
vt 0.314941 0.623291
vt 0.354248 0.613281
vt 0.369141 0.620117
vt 0.371338 0.611572
vt 0.377197 0.612549
vt 0.376465 0.619629
vt 0.166138 0.110352
vt 0.158691 0.112793
vt 0.144531 0.102539
vt 0.156982 0.094727
vt 0.148315 0.089844
vt 0.155518 0.087891
vt 0.133423 0.105469
vt 0.137085 0.117188
vt 0.151611 0.117676
vt 0.161133 0.119141
vt 0.158813 0.080566
vt 0.149292 0.082031
vt 0.123474 0.098633
vt 0.123291 0.118164
vt 0.136963 0.135742
vt 0.149170 0.134766
vt 0.116394 0.139648
vt 0.114197 0.152832
vt 0.109558 0.117676
vt 0.094360 0.118652
vt 0.108093 0.100098
vt 0.091675 0.094238
vt 0.095642 0.151367
vt 0.106873 0.140625
vt 0.052399 0.170898
vt 0.043091 0.156250
vt 0.062988 0.152832
vt 0.065979 0.167969
vt 0.087646 0.209473
vt 0.081665 0.173340
vt 0.097351 0.178711
vt 0.107971 0.165039
vt 0.123169 0.156738
vt 0.124146 0.168457
vt 0.120850 0.191406
vt 0.141235 0.187988
vt 0.128174 0.214355
vt 0.155884 0.182617
vt 0.144043 0.159668
vt 0.134766 0.151367
vt 0.151733 0.148926
vt 0.154541 0.136230
vt 0.158936 0.217773
vt 0.116943 0.228027
vt 0.119995 0.229492
vt 0.099060 0.213867
vt 0.105957 0.193359
vt 0.087463 0.229492
vt 0.092896 0.234375
vt 0.117188 0.246094
vt 0.136841 0.244629
vt 0.123474 0.259766
vt 0.073364 0.238770
vt 0.027100 0.179199
vt 0.077576 0.243164
vt 0.037994 0.113770
vt 0.024597 0.166504
vt 0.164673 0.044434
vt 0.125122 0.032227
vt 0.080872 0.077148
vt 0.069641 0.099121
vt 0.044495 0.098633
vt 0.063843 0.117676
vt 0.133667 0.017578
vt 0.099976 0.005859
vt 0.091980 0.017090
vt 0.051697 0.061035
vt 0.012695 0.094238
vt 0.008598 0.111328
vt 0.768066 0.227051
vt 0.766113 0.232910
vt 0.759277 0.236328
vt 0.746582 0.330566
vt 0.736328 0.284668
vt 0.763672 0.284668
vt 0.754395 0.269531
vt 0.733398 0.248047
vt 0.752930 0.232422
vt 0.754395 0.205566
vt 0.762207 0.203613
vt 0.765625 0.176758
vt 0.770508 0.199219
vt 0.736816 0.234863
vt 0.729004 0.229004
vt 0.746094 0.226562
vt 0.748535 0.201660
vt 0.751465 0.174805
vt 0.761719 0.176270
vt 0.735352 0.224121
vt 0.758301 0.143555
vt 0.751953 0.141602
vt 0.737305 0.174805
vt 0.735840 0.200195
vt 0.764648 0.142090
vt 0.772461 0.143066
vt 0.767090 0.115234
vt 0.749512 0.137207
vt 0.731445 0.175781
vt 0.729980 0.202148
vt 0.716309 0.201172
vt 0.711914 0.229004
vt 0.720703 0.172852
vt 0.744141 0.132324
vt 0.791016 0.126953
vt 0.773438 0.100098
vt 0.844727 0.089355
vt 0.779297 0.139648
vt 0.769043 0.123047
vt 0.755859 0.098633
vt 0.733398 0.124512
vt 0.913086 0.122559
vt 0.853516 0.129395
vt 0.850586 0.089355
vt 0.842285 0.129883
vt 0.805176 0.176270
vt 0.792480 0.176270
vt 0.778320 0.176270
vt 0.840820 0.177734
vt 0.788086 0.199219
vt 0.798340 0.202637
vt 0.845703 0.233887
vt 0.859863 0.176270
vt 0.782227 0.216797
vt 0.791504 0.229004
vt 0.795898 0.262207
vt 0.858398 0.316406
vt 0.787598 0.282227
vt 0.768066 0.328613
vt 0.789062 0.257812
vt 0.879395 0.313477
vt 0.884766 0.333008
vt 0.865723 0.333008
vt 0.763672 0.346191
vt 0.887695 0.347656
vt 0.906738 0.335449
vt 0.977051 0.395996
vt 0.865234 0.343262
vt 0.764648 0.355469
vt 0.744141 0.350098
vt 0.743164 0.364258
vt 0.723145 0.353516
vt 0.824219 0.427734
vt 0.681152 0.239746
vt 0.715332 0.261230
vt 0.661133 0.304199
vt 0.727051 0.326172
vt 0.653320 0.320312
vt 0.726074 0.344238
vt 0.650879 0.331055
vt 0.653809 0.415039
vt 0.623047 0.853760
vt 0.623047 0.841919
vt 0.623047 0.841919
vt 0.623047 0.853760
vt 0.613770 0.859009
vt 0.613770 0.859009
vt 0.620605 0.619385
vt 0.635742 0.623535
vt 0.622070 0.635010
vt 0.613281 0.631104
vt 0.606445 0.622803
vt 0.619629 0.616211
vt 0.596680 0.625977
vt 0.607422 0.637939
vt 0.619629 0.644043
vt 0.643066 0.622803
vt 0.631348 0.657471
vt 0.651855 0.646240
vt 0.663574 0.640625
vt 0.677734 0.663330
vt 0.649902 0.617676
vt 0.616211 0.599121
vt 0.596191 0.625000
vt 0.597168 0.641357
vt 0.557617 0.574219
vt 0.595703 0.585938
vt 0.637207 0.580078
vt 0.664062 0.606445
vt 0.691895 0.629639
vt 0.700195 0.655762
vt 0.615234 0.562256
vt 0.648438 0.561523
vt 0.670898 0.579834
vt 0.702637 0.599854
vt 0.742188 0.608154
vt 0.749023 0.651367
vt 0.713867 0.565918
vt 0.682129 0.565430
vt 0.663086 0.558594
vt 0.704590 0.693604
vt 0.748535 0.705811
vt 0.727539 0.752930
vt 0.651367 0.654297
vt 0.640625 0.659668
vt 0.660156 0.669189
vt 0.673340 0.688721
vt 0.693359 0.725586
vt 0.690430 0.787720
vt 0.666016 0.755005
vt 0.657715 0.687256
vt 0.665039 0.683350
vt 0.653809 0.670410
vt 0.645020 0.669922
vt 0.639160 0.671387
vt 0.658691 0.678711
vt 0.660156 0.678223
vt 0.631836 0.678467
vt 0.629395 0.687988
vt 0.626953 0.700928
vt 0.632812 0.698975
vt 0.631836 0.686035
vt 0.655273 0.696289
vt 0.620117 0.714844
vt 0.616211 0.748779
vt 0.636230 0.708740
vt 0.636230 0.703125
vt 0.649414 0.696533
vt 0.636230 0.694580
vt 0.631836 0.776367
vt 0.641602 0.730713
vt 0.650879 0.810059
vt 0.612305 0.818481
vt 0.597656 0.788086
vt 0.577148 0.832153
vt 0.658691 0.703613
vt 0.527344 0.849487
vt 0.402344 0.884521
vt 0.373535 0.883545
vt 0.388672 0.872803
vt 0.431152 0.885010
vt 0.445312 0.873901
vt 0.459961 0.884705
vt 0.488525 0.884705
vt 0.501465 0.871704
vt 0.516602 0.882446
vt 0.544434 0.879822
vt 0.554688 0.866577
vt 0.571289 0.873413
vt 0.595215 0.864136
vt 0.595703 0.846313
vt 0.603027 0.851196
vt 0.611328 0.859619
vt 0.600586 0.872925
vt 0.576172 0.883911
vt 0.547363 0.890259
vt 0.519043 0.893250
vt 0.618164 0.844238
vt 0.613770 0.851074
vt 0.607422 0.846313
vt 0.622070 0.876038
vt 0.613770 0.859009
vt 0.623047 0.853760
vt 0.623047 0.841919
vt 0.611328 0.839722
vt 0.609863 0.832764
vt 0.634277 0.903625
vt 0.606445 0.882019
vt 0.659668 0.900757
vt 0.638672 0.863403
vt 0.669434 0.878357
vt 0.687500 0.900330
vt 0.698730 0.887207
vt 0.726562 0.913940
vt 0.658691 0.860718
vt 0.650391 0.927917
vt 0.634766 0.934326
vt 0.652344 0.969315
vt 0.619629 0.941925
vt 0.610352 0.914917
vt 0.593262 0.932556
vt 0.545410 0.929810
vt 0.525391 0.942627
vt 0.550293 0.901245
vt 0.568848 0.926208
vt 0.578125 0.954010
vt 0.562012 0.955505
vt 0.568848 0.993900
vt 0.546875 0.958527
vt 0.489502 0.895203
vt 0.490479 0.906311
vt 0.460449 0.895447
vt 0.482178 0.933533
vt 0.461670 0.943817
vt 0.478760 0.961914
vt 0.493164 0.960907
vt 0.493896 0.998100
vt 0.508301 0.961426
vt 0.502930 0.933228
vt 0.430908 0.895508
vt 0.401611 0.895142
vt 0.372314 0.894104
vt 0.345215 0.881348
vt 0.371338 0.905334
vt 0.379395 0.932739
vt 0.421143 0.934021
vt 0.399902 0.943512
vt 0.430908 0.906616
vt 0.440674 0.934021
vt 0.444580 0.962402
vt 0.430664 0.961609
vt 0.430420 0.998501
vt 0.416260 0.962311
vt 0.342773 0.892151
vt 0.358643 0.932434
vt 0.335938 0.940521
vt 0.352783 0.960419
vt 0.367676 0.960022
vt 0.366699 0.997301
vt 0.382080 0.961304
vt 0.285645 0.882751
vt 0.267578 0.929321
vt 0.250977 0.911621
vt 0.292725 0.924927
vt 0.311279 0.899902
vt 0.314453 0.888733
vt 0.316162 0.927856
vt 0.314209 0.956421
vt 0.299072 0.953430
vt 0.291992 0.992203
vt 0.282715 0.951813
vt 0.317383 0.878113
vt 0.290527 0.872803
vt 0.265381 0.864380
vt 0.259277 0.873047
vt 0.253662 0.853760
vt 0.245728 0.860596
vt 0.253662 0.845459
vt 0.243896 0.861206
vt 0.242188 0.853516
vt 0.227295 0.865967
vt 0.227539 0.899658
vt 0.252686 0.882202
vt 0.242310 0.849365
vt 0.254883 0.839722
vt 0.242432 0.842041
vt 0.204834 0.858154
vt 0.224487 0.854858
vt 0.193481 0.872681
vt 0.208008 0.904358
vt 0.209961 0.922424
vt 0.225586 0.929443
vt 0.206299 0.964203
vt 0.239990 0.938019
vt 0.174805 0.894653
vt 0.135132 0.906433
vt 0.163818 0.880859
vt 0.669434 0.878357
vt 0.698730 0.887207
vt 0.698730 0.887207
vt 0.669434 0.878357
vt 0.658691 0.860718
vt 0.658691 0.860718
vt 0.638672 0.863403
vt 0.638672 0.863403
vt 0.622070 0.876038
vt 0.622070 0.876038
vt 0.611328 0.859619
vt 0.611328 0.859619
vt 0.611328 0.859619
vt 0.611328 0.859619
vt 0.568848 0.926208
vt 0.550293 0.901245
vt 0.550293 0.901245
vt 0.568848 0.926208
vt 0.550293 0.901245
vt 0.545410 0.929810
vt 0.545410 0.929810
vt 0.550293 0.901245
vt 0.416260 0.962311
vt 0.399902 0.943512
vt 0.399902 0.943512
vt 0.416260 0.962311
vt 0.430420 0.998501
vt 0.430420 0.998501
vt 0.193481 0.872681
vt 0.163818 0.880859
vt 0.163818 0.880859
vt 0.193481 0.872681
vt 0.204834 0.858154
vt 0.204834 0.858154
vt 0.224487 0.854858
vt 0.224487 0.854858
vt 0.227295 0.865967
vt 0.227295 0.865967
vt 0.242188 0.853516
vt 0.242188 0.853516
vt 0.259521 0.845093
vt 0.285400 0.856812
vt 0.333496 0.869019
vt 0.622070 0.876038
vt 0.606445 0.882019
vt 0.634277 0.903625
vt 0.669434 0.878357
vt 0.658691 0.860718
vt 0.638672 0.863403
vt 0.659668 0.900757
vt 0.650391 0.927917
vt 0.634766 0.934326
vt 0.652344 0.969315
vt 0.619629 0.941925
vt 0.610352 0.914917
vt 0.593262 0.932556
vt 0.687500 0.900330
vt 0.698730 0.887207
vt 0.726562 0.913940
vt 0.611328 0.859619
vt 0.600586 0.872925
vt 0.576172 0.883911
vt 0.568848 0.926208
vt 0.578125 0.954010
vt 0.562012 0.955505
vt 0.568848 0.993900
vt 0.546875 0.958527
vt 0.545410 0.929810
vt 0.550293 0.901245
vt 0.519043 0.893250
vt 0.547363 0.890259
vt 0.525391 0.942627
vt 0.502930 0.933228
vt 0.490479 0.906311
vt 0.489502 0.895203
vt 0.460449 0.895447
vt 0.482178 0.933533
vt 0.461670 0.943817
vt 0.478760 0.961914
vt 0.493164 0.960907
vt 0.493896 0.998100
vt 0.508301 0.961426
vt 0.399902 0.943512
vt 0.421143 0.934021
vt 0.401611 0.895142
vt 0.430908 0.906616
vt 0.430908 0.895508
vt 0.440674 0.934021
vt 0.444580 0.962402
vt 0.430664 0.961609
vt 0.430420 0.998501
vt 0.416260 0.962311
vt 0.342773 0.892151
vt 0.311279 0.899902
vt 0.316162 0.927856
vt 0.335938 0.940521
vt 0.358643 0.932434
vt 0.352783 0.960419
vt 0.367676 0.960022
vt 0.366699 0.997301
vt 0.382080 0.961304
vt 0.379395 0.932739
vt 0.371338 0.905334
vt 0.372314 0.894104
vt 0.314209 0.956421
vt 0.299072 0.953430
vt 0.291992 0.992203
vt 0.282715 0.951813
vt 0.292725 0.924927
vt 0.267578 0.929321
vt 0.285645 0.882751
vt 0.314453 0.888733
vt 0.250977 0.911621
vt 0.239990 0.938019
vt 0.225586 0.929443
vt 0.206299 0.964203
vt 0.209961 0.922424
vt 0.227539 0.899658
vt 0.208008 0.904358
vt 0.163818 0.880859
vt 0.135132 0.906433
vt 0.174805 0.894653
vt 0.193481 0.872681
vt 0.227295 0.865967
vt 0.243896 0.861206
vt 0.252686 0.882202
vt 0.259277 0.873047
vt 0.245728 0.860596
vt 0.242188 0.853516
vt 0.224487 0.854858
vt 0.204834 0.858154
vt 0.421143 0.934021
vt 0.430664 0.961609
vt 0.430664 0.961609
vt 0.421143 0.934021
vt 0.430664 0.961609
vt 0.440674 0.934021
vt 0.440674 0.934021
vt 0.430664 0.961609
vt 0.478760 0.961914
vt 0.461670 0.943817
vt 0.461670 0.943817
vt 0.478760 0.961914
vt 0.493896 0.998100
vt 0.493896 0.998100
vt 0.994629 0.955719
vt 0.994141 0.962128
vt 0.961914 0.962219
vt 0.772949 0.959503
vt 0.957031 0.958923
vt 0.963867 0.955414
vt 0.995117 0.763672
vt 0.963867 0.763794
vt 0.955078 0.764038
vt 0.770996 0.764648
vt 0.767090 0.770752
vt 0.767090 0.955200
vt 0.960938 0.768311
vt 0.957520 0.761108
vt 0.766113 0.761475
vt 0.764160 0.768311
vt 0.763672 0.959808
vt 0.770020 0.962402
vt 0.732910 0.959930
vt 0.733398 0.767700
vt 0.733887 0.761230
vt 0.763672 0.992302
vt 0.769531 0.992802
vt 0.961914 0.993103
vt 0.960449 0.488770
vt 0.994141 0.488770
vt 0.993652 0.648682
vt 0.955078 0.486816
vt 0.952148 0.489746
vt 0.800293 0.490234
vt 0.957031 0.493652
vt 0.960449 0.648438
vt 0.993652 0.654053
vt 0.958496 0.654297
vt 0.955566 0.453613
vt 0.960938 0.454102
vt 0.795898 0.486816
vt 0.793945 0.492676
vt 0.797363 0.495605
vt 0.797363 0.647705
vt 0.801758 0.651367
vt 0.760742 0.486816
vt 0.760742 0.492676
vt 0.793945 0.652100
vt 0.799316 0.654541
vt 0.953613 0.650879
vt 0.760254 0.652344
vt 0.957031 0.645508
vt 0.958984 0.687744
vt 0.798828 0.687500
vt 0.793457 0.687012
vt 0.482178 0.933533
vt 0.493164 0.960907
vt 0.493164 0.960907
vt 0.482178 0.933533
vt 0.493164 0.960907
vt 0.502930 0.933228
vt 0.502930 0.933228
vt 0.493164 0.960907
vt 0.352783 0.960419
vt 0.335938 0.940521
vt 0.335938 0.940521
vt 0.352783 0.960419
vt 0.366699 0.997301
vt 0.366699 0.997301
vt 0.795898 0.453125
vt 0.358643 0.932434
vt 0.367676 0.960022
vt 0.367676 0.960022
vt 0.358643 0.932434
vt 0.367676 0.960022
vt 0.379395 0.932739
vt 0.379395 0.932739
vt 0.367676 0.960022
vt 0.282715 0.951813
vt 0.267578 0.929321
vt 0.267578 0.929321
vt 0.282715 0.951813
vt 0.291992 0.992203
vt 0.291992 0.992203
vt 0.693848 0.120117
vt 0.703125 0.081543
vt 0.704590 0.122070
vt 0.698730 0.169434
vt 0.680664 0.165039
vt 0.610840 0.123047
vt 0.619629 0.099609
vt 0.627930 0.067871
vt 0.627930 0.049805
vt 0.703613 0.056152
vt 0.707520 0.024414
vt 0.768555 0.026367
vt 0.613281 0.021484
vt 0.600098 0.145996
vt 0.577148 0.186035
vt 0.908691 0.086426
vt 0.913574 0.085449
vt 0.923828 0.120117
vt 0.910156 0.065918
vt 0.849121 0.063965
vt 0.854492 0.030762
vt 0.768555 0.058594
vt 0.922363 0.038086
vt 0.918457 0.151367
vt 0.933594 0.146973
vt 0.924805 0.179199
vt 0.899414 0.308594
vt 0.873047 0.231934
vt 0.937988 0.220703
vt 0.902344 0.326172
vt 0.976074 0.301758
vt 0.965820 0.286621
vt 0.943359 0.175781
vt 0.958008 0.214844
vt 0.985840 0.279297
vt 0.997070 0.296387
vt 0.978027 0.312012
vt 0.998535 0.311523
vt 0.292725 0.924927
vt 0.299072 0.953430
vt 0.299072 0.953430
vt 0.292725 0.924927
vt 0.299072 0.953430
vt 0.316162 0.927856
vt 0.316162 0.927856
vt 0.299072 0.953430
vt 0.209961 0.922424
vt 0.208008 0.904358
vt 0.208008 0.904358
vt 0.209961 0.922424
vt 0.206299 0.964203
vt 0.206299 0.964203
vt 0.101562 0.885620
vt 0.103455 0.888550
vt 0.099182 0.894348
vt 0.110168 0.885437
vt 0.114685 0.892639
vt 0.109558 0.898438
vt 0.103149 0.928345
vt 0.073853 0.916504
vt 0.074280 0.982315
vt 0.101868 0.995300
vt 0.109741 0.925232
vt 0.111572 0.992802
vt 0.124695 0.984406
vt 0.119446 0.924561
vt 0.148438 0.981308
vt 0.136230 0.918823
vt 0.117798 0.896545
vt 0.227539 0.899658
vt 0.225586 0.929443
vt 0.225586 0.929443
vt 0.227539 0.899658
vt 0.252686 0.882202
vt 0.227539 0.899658
vt 0.227539 0.899658
vt 0.252686 0.882202
vt 0.225586 0.929443
vt 0.250977 0.911621
vt 0.250977 0.911621
vt 0.225586 0.929443
vt 0.687500 0.900330
vt 0.659668 0.900757
vt 0.659668 0.900757
vt 0.687500 0.900330
vt 0.726562 0.913940
vt 0.726562 0.913940
vt 0.093994 0.871338
vt 0.094849 0.873779
vt 0.089355 0.875000
vt 0.092651 0.856201
vt 0.098145 0.859009
vt 0.087097 0.867798
vt 0.083252 0.869873
vt 0.084778 0.866699
vt 0.101746 0.871094
vt 0.107178 0.880432
vt 0.075439 0.868042
vt 0.076050 0.862061
vt 0.080994 0.848877
vt 0.088867 0.854370
vt 0.073669 0.861938
vt 0.067749 0.867920
vt 0.059875 0.874023
vt 0.055084 0.870605
vt 0.053192 0.872681
vt 0.063049 0.852661
vt 0.070496 0.850464
vt 0.066589 0.865234
vt 0.064148 0.866333
vt 0.052399 0.858643
vt 0.059570 0.855347
vt 0.042480 0.877502
vt 0.046387 0.869995
vt 0.048279 0.882202
vt 0.049072 0.892456
vt 0.044189 0.927734
vt 0.046082 0.995201
vt 0.036194 0.989502
vt 0.037781 0.924438
vt 0.045990 0.884949
vt 0.033173 0.890930
vt 0.039185 0.881958
vt 0.037872 0.897461
vt 0.028397 0.923523
vt 0.029388 0.895630
vt 0.010796 0.918640
vt 0.004700 0.980713
vt 0.026993 0.983612
vt 0.619629 0.941925
vt 0.593262 0.932556
vt 0.593262 0.932556
vt 0.619629 0.941925
vt 0.652344 0.969315
vt 0.652344 0.969315
vt 0.244995 0.392578
vt 0.237061 0.394043
vt 0.237793 0.375000
vt 0.246948 0.374512
vt 0.268799 0.376953
vt 0.247803 0.357422
vt 0.251465 0.361816
vt 0.264648 0.358887
vt 0.230591 0.329102
vt 0.251953 0.321289
vt 0.260010 0.337891
vt 0.238770 0.344727
vt 0.265625 0.355469
vt 0.277588 0.374023
vt 0.277832 0.393555
vt 0.269287 0.394531
vt 0.312744 0.363281
vt 0.290771 0.364258
vt 0.288330 0.361816
vt 0.285889 0.329102
vt 0.309814 0.322266
vt 0.313477 0.361328
vt 0.322754 0.400879
vt 0.314453 0.398926
vt 0.289062 0.396973
vt 0.280518 0.395020
vt 0.479980 0.319824
vt 0.485352 0.332031
vt 0.480225 0.336426
vt 0.442871 0.333984
vt 0.448486 0.333496
vt 0.448486 0.356934
vt 0.459961 0.333984
vt 0.464600 0.357910
vt 0.465820 0.333984
vt 0.484131 0.362305
vt 0.485596 0.337891
vt 0.485352 0.332031
vt 0.491211 0.332520
vt 0.492188 0.328125
vt 0.502441 0.331055
vt 0.499268 0.334473
vt 0.499756 0.342773
vt 0.497314 0.365723
vt 0.504883 0.344727
vt 0.513184 0.373047
vt 0.505859 0.338867
vt 0.505859 0.338867
vt 0.512695 0.341309
vt 0.514648 0.337402
vt 0.525879 0.344727
vt 0.520508 0.354980
vt 0.521973 0.347168
vt 0.529297 0.354492
vt 0.374268 0.365723
vt 0.369629 0.364746
vt 0.376709 0.355957
vt 0.378174 0.372559
vt 0.369873 0.374512
vt 0.379395 0.359375
vt 0.385498 0.354980
vt 0.387695 0.360840
vt 0.385498 0.354980
vt 0.392578 0.356934
vt 0.400635 0.378418
vt 0.415771 0.369629
vt 0.390625 0.387207
vt 0.398193 0.339355
vt 0.400635 0.343262
vt 0.391113 0.348633
vt 0.386963 0.346680
vt 0.407715 0.346680
vt 0.412598 0.343750
vt 0.429443 0.362305
vt 0.423584 0.338867
vt 0.429199 0.337402
vt 0.406250 0.340332
vt 0.406250 0.340332
vt 0.410645 0.329590
vt 0.415771 0.326660
vt 0.416260 0.322754
vt 0.407715 0.326660
vt 0.424561 0.333496
vt 0.424561 0.333496
vt 0.430664 0.322266
vt 0.427979 0.319336
vt 0.440918 0.315430
vt 0.440186 0.318848
vt 0.444580 0.329590
vt 0.444580 0.329590
vt 0.449463 0.320312
vt 0.457031 0.319336
vt 0.458984 0.315918
vt 0.447998 0.317383
vt 0.462646 0.329102
vt 0.462646 0.329102
vt 0.470215 0.321289
vt 0.468994 0.317871
vt 0.477783 0.323242
vt 0.610352 0.914917
vt 0.634766 0.934326
vt 0.634766 0.934326
vt 0.610352 0.914917
vt 0.634766 0.934326
vt 0.634277 0.903625
vt 0.634277 0.903625
vt 0.634766 0.934326
vt 0.546875 0.958527
vt 0.525391 0.942627
vt 0.525391 0.942627
vt 0.546875 0.958527
vt 0.568848 0.993900
vt 0.568848 0.993900
vt 0.167114 0.361328
vt 0.148315 0.433105
vt 0.116455 0.314941
vt 0.130371 0.514893
vt 0.050171 0.255371
vt 0.032898 0.341797
vt 0.069885 0.457031
vt 0.014595 0.407715
vt 0.545410 0.929810
vt 0.562012 0.955505
vt 0.562012 0.955505
vt 0.545410 0.929810
vt 0.562012 0.955505
vt 0.568848 0.926208
vt 0.568848 0.926208
vt 0.562012 0.955505
vt 0.959473 0.770508
vt 0.955078 0.765991
vt 0.773926 0.765991
vt 0.769531 0.770508
vt 0.769531 0.954010
vt 0.959473 0.954010
vt 0.773926 0.958710
vt 0.955078 0.958618
vt 0.766113 0.730469
vt 0.958496 0.730713
vt 0.964844 0.731445
vt 0.960938 0.952820
vt 0.102966 0.327148
vt 0.146484 0.367188
vt 0.136719 0.370117
vt 0.130493 0.428223
vt 0.095642 0.334961
vt 0.068359 0.310059
vt 0.063171 0.293945
vt 0.116455 0.314941
vt 0.167114 0.361328
vt 0.148315 0.433105
vt 0.118286 0.475098
vt 0.130371 0.514893
vt 0.069885 0.457031
vt 0.159668 0.436035
vt 0.132568 0.521973
vt 0.176147 0.358887
vt 0.124390 0.306152
vt 0.050171 0.255371
vt 0.032898 0.341797
vt 0.050385 0.344238
vt 0.021790 0.339844
vt 0.047791 0.248535
vt 0.060394 0.346191
vt 0.044891 0.397949
vt 0.035187 0.401367
vt 0.014595 0.407715
vt 0.005798 0.410645
vt 0.062286 0.465820
vt 0.082153 0.443359
vt 0.089172 0.434570
vt 0.119995 0.425293
vt 0.113342 0.458984
vt 0.612793 0.313965
vt 0.628906 0.330078
vt 0.541504 0.342773
vt 0.522949 0.268066
vt 0.501465 0.264648
vt 0.505371 0.249512
vt 0.539062 0.247070
vt 0.525879 0.258301
vt 0.618652 0.306152
vt 0.634766 0.316895
vt 0.642090 0.297852
vt 0.655273 0.223633
vt 0.622070 0.289062
vt 0.520996 0.235352
vt 0.172363 0.120117
vt 0.187622 0.138184
vt 0.166992 0.136719
vt 0.211304 0.149414
vt 0.186279 0.119629
vt 0.172607 0.114258
vt 0.156738 0.119629
vt 0.168091 0.123047
vt 0.168457 0.115723
vt 0.164917 0.091309
vt 0.166626 0.116699
vt 0.239746 0.163086
vt 0.225220 0.150879
vt 0.253174 0.142090
vt 0.225098 0.123535
vt 0.191406 0.102539
vt 0.207886 0.057129
vt 0.289551 0.152344
vt 0.289795 0.092285
vt 0.295166 0.088379
vt 0.263428 0.090820
vt 0.229492 0.065918
vt 0.215576 0.027832
vt 0.175415 0.023438
vt 0.235596 0.030273
vt 0.262451 0.031738
vt 0.288330 0.030762
vt 0.333252 0.026367
vt 0.343262 0.062012
vt 0.345459 0.120117
vt 0.349609 0.113281
vt 0.353760 0.055664
vt 0.352051 0.020996
vt 0.372559 0.019531
vt 0.371826 0.168457
vt 0.374268 0.166504
vt 0.414795 0.204102
vt 0.363770 0.252930
vt 0.386963 0.278809
vt 0.377930 0.273438
vt 0.447998 0.232422
vt 0.416992 0.201660
vt 0.410400 0.148926
vt 0.378174 0.107910
vt 0.375488 0.049316
vt 0.485596 0.252930
vt 0.468262 0.264648
vt 0.453857 0.165527
vt 0.485352 0.167969
vt 0.455322 0.229492
vt 0.434326 0.164062
vt 0.437744 0.153320
vt 0.415283 0.144043
vt 0.437256 0.104980
vt 0.389404 0.096680
vt 0.446045 0.034668
vt 0.456299 0.154297
vt 0.478760 0.098145
vt 0.438965 0.020508
vt 0.492188 0.017578
vt 0.519043 0.077148
vt 0.486084 0.151367
vt 0.485352 0.004883
vt 0.527344 0.148926
vt 0.521484 0.187988
vt 0.197998 0.218750
vt 0.184937 0.211426
vt 0.208130 0.191406
vt 0.184082 0.206543
vt 0.205322 0.188477
vt 0.161377 0.224121
vt 0.162476 0.235840
vt 0.197510 0.253906
vt 0.170044 0.261230
vt 0.223877 0.249023
vt 0.230957 0.209473
vt 0.235229 0.187500
vt 0.221313 0.165527
vt 0.214722 0.163574
vt 0.193481 0.164062
vt 0.258545 0.184082
vt 0.258057 0.205078
vt 0.248901 0.244629
vt 0.280273 0.208008
vt 0.304443 0.208984
vt 0.301270 0.228516
vt 0.281494 0.187012
vt 0.236572 0.279297
vt 0.270264 0.248047
vt 0.292236 0.253418
vt 0.314453 0.264648
vt 0.322510 0.236816
vt 0.333252 0.243164
vt 0.345459 0.258789
vt 0.357422 0.250977
vt 0.354980 0.278809
vt 0.325195 0.280762
vt 0.335693 0.291504
vt 0.324219 0.311523
vt 0.313477 0.304688
vt 0.293213 0.301270
vt 0.300293 0.298828
vt 0.301270 0.304688
vt 0.304932 0.316406
vt 0.319336 0.321777
vt 0.342529 0.324707
vt 0.346680 0.307617
vt 0.358887 0.297852
vt 0.340088 0.339355
vt 0.382080 0.286621
vt 0.334961 0.222168
vt 0.312012 0.194824
vt 0.295166 0.148926
vt 0.331055 0.223633
vt 0.305908 0.197266
vt 0.333984 0.236328
vt 0.323975 0.224121
vt 0.063477 0.549805
vt 0.080688 0.505859
vt 0.102173 0.522949
vt 0.092468 0.566162
vt 0.131714 0.531494
vt 0.139282 0.564697
vt 0.167236 0.517822
vt 0.176514 0.538818
vt 0.219482 0.516113
vt 0.217285 0.555420
vt 0.244263 0.568115
vt 0.205933 0.499512
vt 0.239746 0.474121
vt 0.075195 0.607666
vt 0.133179 0.595703
vt 0.180664 0.571289
vt 0.215088 0.568848
vt 0.239624 0.579346
vt 0.263184 0.608887
vt 0.219727 0.611572
vt 0.201904 0.588135
vt 0.169434 0.610596
vt 0.180542 0.638916
vt 0.231323 0.630615
vt 0.187378 0.655273
vt 0.195557 0.673096
vt 0.262939 0.632324
vt 0.231689 0.645508
vt 0.201904 0.696289
vt 0.161621 0.693848
vt 0.147339 0.669922
vt 0.236084 0.659668
vt 0.235840 0.676270
vt 0.267334 0.662109
vt 0.289795 0.674805
vt 0.281982 0.680908
vt 0.244873 0.703857
vt 0.204590 0.711426
vt 0.170044 0.708740
vt 0.138916 0.720459
vt 0.117798 0.695801
vt 0.099854 0.735352
vt 0.106140 0.661621
vt 0.080383 0.705811
vt 0.141357 0.647705
vt 0.100586 0.629395
vt 0.136597 0.625977
vt 0.059387 0.641602
vt 0.062378 0.673828
vt 0.036591 0.730713
vt 0.014297 0.686279
vt 0.009796 0.634766
vt 0.031281 0.583740
vt 0.064453 0.768799
vt 0.118347 0.758545
vt 0.163086 0.739502
vt 0.185059 0.724609
vt 0.215942 0.738525
vt 0.231079 0.750366
vt 0.162109 0.780518
vt 0.095581 0.800415
vt 0.136597 0.822998
vt 0.203369 0.797607
vt 0.192993 0.840088
vt 0.245117 0.835327
vt 0.236084 0.798950
vt 0.310547 0.813110
vt 0.279297 0.783936
vt 0.296875 0.766846
vt 0.277344 0.741211
vt 0.254883 0.766968
vt 0.254639 0.720947
vt 0.309814 0.710449
vt 0.293457 0.697021
vt 0.356445 0.700928
vt 0.347656 0.685303
vt 0.335449 0.700439
vt 0.326416 0.690918
vt 0.312012 0.687012
vt 0.345459 0.656982
vt 0.325928 0.657715
vt 0.296631 0.653564
vt 0.279297 0.653564
vt 0.263428 0.645020
vt 0.284180 0.630615
vt 0.359863 0.674072
vt 0.576172 0.419434
vt 0.583984 0.431152
vt 0.567383 0.450195
vt 0.560547 0.398926
vt 0.576660 0.393066
vt 0.546875 0.412598
vt 0.548828 0.453125
vt 0.563965 0.483398
vt 0.573730 0.524658
vt 0.544434 0.499023
vt 0.526855 0.468262
vt 0.517578 0.444336
vt 0.508789 0.419434
vt 0.515625 0.388184
vt 0.538086 0.365234
vt 0.568848 0.353516
vt 0.672852 0.464844
vt 0.677246 0.506592
vt 0.636719 0.471680
vt 0.623047 0.493652
vt 0.616699 0.457031
vt 0.610840 0.475098
vt 0.592773 0.471680
vt 0.596191 0.496094
vt 0.609863 0.548096
vt 0.653320 0.544189
vt 0.595703 0.395508
vt 0.607422 0.426758
vt 0.639648 0.437988
vt 0.661133 0.426758
vt 0.616211 0.410156
vt 0.639648 0.396973
vt 0.621094 0.377930
vt 0.601562 0.359863
vt 0.186157 0.406250
vt 0.193115 0.376465
vt 0.208130 0.379883
vt 0.198364 0.410645
vt 0.205933 0.412598
vt 0.187012 0.440430
vt 0.180786 0.436523
vt 0.175049 0.431152
vt 0.166382 0.433594
vt 0.212769 0.379395
vt 0.221558 0.380859
vt 0.217285 0.415039
vt 0.227905 0.386230
vt 0.223633 0.417480
vt 0.225586 0.441895
vt 0.213379 0.442383
vt 0.199097 0.446777
vt 0.184937 0.456543
vt 0.187378 0.497070
vt 0.172852 0.490723
vt 0.212646 0.463867
vt 0.224731 0.456055
vt 0.233643 0.450684
vt 0.234497 0.442383
vt 0.232178 0.416504
vt 0.229492 0.387695
vt 0.232666 0.388672
vt 0.232178 0.381348
vt 0.226074 0.371582
vt 0.212280 0.360840
vt 0.263428 0.497559
vt 0.247192 0.489746
vt 0.290771 0.488770
vt 0.347168 0.497559
vt 0.330078 0.492676
vt 0.315918 0.499023
vt 0.306396 0.508301
vt 0.301025 0.528809
vt 0.309326 0.530518
vt 0.318604 0.539307
vt 0.312744 0.513916
vt 0.323486 0.503906
vt 0.336670 0.499512
vt 0.339355 0.508545
vt 0.326660 0.515137
vt 0.318604 0.520996
vt 0.316895 0.528809
vt 0.324463 0.535156
vt 0.356934 0.506592
vt 0.352539 0.542969
vt 0.313965 0.745850
vt 0.330566 0.719971
vt 0.333008 0.775269
vt 0.174805 0.894653
vt 0.135132 0.906433
vt 0.135132 0.906433
vt 0.174805 0.894653
vt 0.208008 0.904358
vt 0.208008 0.904358
vt 0.291992 0.291504
vt 0.284668 0.302734
vt 0.276123 0.278320
vt 0.272461 0.304688
vt 0.265381 0.306641
vt 0.257568 0.279785
vt 0.250244 0.296387
vt 0.240845 0.291992
vt 0.234619 0.304199
vt 0.210327 0.296387
vt 0.190186 0.303711
vt 0.170044 0.299805
vt 0.145996 0.284668
vt 0.145630 0.261230
vt 0.117676 0.290039
vt 0.121582 0.275879
vt 0.140991 0.303223
vt 0.154785 0.323242
vt 0.171387 0.327637
vt 0.195190 0.326660
vt 0.217651 0.314941
vt 0.168945 0.175293
vt 0.182495 0.157715
vt 0.161011 0.154297
vt 0.650391 0.927917
vt 0.652344 0.969315
vt 0.652344 0.969315
vt 0.650391 0.927917
vt 0.659668 0.900757
vt 0.659668 0.900757
vt 0.583984 0.622803
vt 0.578125 0.954010
vt 0.568848 0.993900
vt 0.568848 0.993900
vt 0.578125 0.954010
vt 0.593262 0.932556
vt 0.593262 0.932556
vt 0.784180 0.231934
vt 0.773438 0.215820
vt 0.766113 0.240723
vt 0.764648 0.262695
vt 0.779785 0.255371
vt 0.529297 0.502441
vt 0.538086 0.507324
vt 0.533203 0.524170
vt 0.079285 0.152344
vt 0.079163 0.118164
vt 0.606445 0.882019
vt 0.610352 0.914917
vt 0.610352 0.914917
vt 0.606445 0.882019
vt 0.634277 0.903625
vt 0.606445 0.882019
vt 0.606445 0.882019
vt 0.634277 0.903625
vt 0.250977 0.911621
vt 0.252686 0.882202
vt 0.252686 0.882202
vt 0.250977 0.911621
vt 0.311279 0.899902
vt 0.292725 0.924927
vt 0.292725 0.924927
vt 0.311279 0.899902
vt 0.316162 0.927856
vt 0.311279 0.899902
vt 0.311279 0.899902
vt 0.316162 0.927856
vt 0.371338 0.905334
vt 0.358643 0.932434
vt 0.358643 0.932434
vt 0.371338 0.905334
vt 0.379395 0.932739
vt 0.371338 0.905334
vt 0.371338 0.905334
vt 0.379395 0.932739
vt 0.490479 0.906311
vt 0.482178 0.933533
vt 0.482178 0.933533
vt 0.490479 0.906311
vt 0.502930 0.933228
vt 0.490479 0.906311
vt 0.490479 0.906311
vt 0.502930 0.933228
vt 0.430908 0.906616
vt 0.421143 0.934021
vt 0.421143 0.934021
vt 0.430908 0.906616
vt 0.440674 0.934021
vt 0.430908 0.906616
vt 0.430908 0.906616
vt 0.440674 0.934021
vt 0.239990 0.938019
vt 0.206299 0.964203
vt 0.206299 0.964203
vt 0.239990 0.938019
vt 0.267578 0.929321
vt 0.267578 0.929321
vt 0.508301 0.961426
vt 0.493896 0.998100
vt 0.493896 0.998100
vt 0.508301 0.961426
vt 0.525391 0.942627
vt 0.525391 0.942627
vt 0.314209 0.956421
vt 0.291992 0.992203
vt 0.291992 0.992203
vt 0.314209 0.956421
vt 0.335938 0.940521
vt 0.335938 0.940521
vt 0.444580 0.962402
vt 0.430420 0.998501
vt 0.430420 0.998501
vt 0.444580 0.962402
vt 0.461670 0.943817
vt 0.461670 0.943817
vt 0.382080 0.961304
vt 0.366699 0.997301
vt 0.366699 0.997301
vt 0.382080 0.961304
vt 0.399902 0.943512
vt 0.399902 0.943512
s 1
usemtl QStatuesC_XHX_Mat_INST
f 1/1/1 2/2/2 3/3/3
f 4/4/2 5/5/4 6/6/5
f 6/6/5 7/7/3 4/4/2
f 8/8/6 9/9/7 10/10/8
f 10/10/8 9/9/7 11/11/9
f 11/11/9 12/12/1 10/10/8
f 4/4/2 12/12/1 11/11/9
f 4/4/2 11/11/9 13/13/10
f 13/13/10 14/14/11 4/4/2
f 4/4/2 14/14/11 15/15/12
f 15/15/12 5/5/4 4/4/2
f 5/5/4 15/15/12 16/16/13
f 17/17/14 5/5/4 16/16/13
f 18/18/15 16/16/13 15/15/12
f 19/19/16 20/20/17 21/21/18
f 21/21/18 13/13/10 19/19/16
f 21/21/18 22/22/19 13/13/10
f 13/13/10 22/22/19 14/14/11
f 22/22/19 23/23/20 14/14/11
f 14/14/11 23/23/20 15/15/12
f 15/15/12 23/23/20 24/24/21
f 18/18/15 15/15/12 24/24/21
f 18/18/15 24/24/21 25/25/22
f 25/25/22 26/26/23 18/18/15
f 27/27/24 28/28/25 29/29/26
f 25/25/22 29/29/26 28/28/25
f 29/29/26 25/25/22 30/30/27
f 30/30/27 25/25/22 24/24/21
f 24/24/21 23/23/20 30/30/27
f 31/31/28 30/30/27 23/23/20
f 23/23/20 22/22/19 31/31/28
f 31/31/28 22/22/19 21/21/18
f 20/20/17 31/31/28 21/21/18
f 32/32/29 31/31/28 20/20/17
f 33/33/30 28/28/25 27/27/24
f 19/19/16 34/34/31 20/20/17
f 20/20/17 34/34/31 32/32/29
f 32/32/29 34/34/31 35/35/32
f 35/35/32 34/34/31 19/19/16
f 35/35/32 19/19/16 36/36/33
f 36/36/33 19/19/16 13/13/10
f 13/13/10 37/37/34 36/36/33
f 37/37/34 13/13/10 38/38/35
f 37/37/34 38/38/35 39/39/36
f 40/40/37 39/39/36 38/38/35
f 40/40/37 41/41/38 39/39/36
f 39/39/36 41/41/38 42/42/39
f 42/42/39 43/43/40 39/39/36
f 39/39/36 43/43/40 37/37/34
f 36/36/33 37/37/34 43/43/40
f 43/43/40 44/44/41 36/36/33
f 35/35/32 36/36/33 44/44/41
f 45/45/42 46/46/43 47/47/44
f 48/48/45 45/45/42 47/47/44
f 49/49/46 45/45/42 48/48/45
f 48/48/45 50/50/47 49/49/46
f 50/50/47 48/48/45 51/51/48
f 51/51/48 35/35/32 50/50/47
f 44/44/41 50/50/47 35/35/32
f 50/50/47 44/44/41 52/52/49
f 42/42/39 52/52/49 44/44/41
f 44/44/41 43/43/40 42/42/39
f 52/52/49 49/49/46 50/50/47
f 53/53/50 54/54/51 46/46/43
f 40/40/37 55/55/52 41/41/38
f 42/42/39 41/41/38 55/55/52
f 55/55/52 56/56/53 42/42/39
f 52/52/49 42/42/39 56/56/53
f 52/52/49 56/56/53 57/57/54
f 57/57/54 49/49/46 52/52/49
f 58/58/55 49/49/46 57/57/54
f 45/45/42 49/49/46 58/58/55
f 58/58/55 59/59/56 45/45/42
f 46/46/43 45/45/42 59/59/56
f 57/57/54 56/56/53 60/60/57
f 60/60/57 61/61/58 57/57/54
f 57/57/54 61/61/58 58/58/55
f 62/62/59 58/58/55 61/61/58
f 62/62/59 63/63/60 58/58/55
f 59/59/56 58/58/55 63/63/60
f 64/64/61 59/59/56 63/63/60
f 63/63/60 65/65/62 64/64/61
f 62/62/59 61/61/58 66/66/63
f 60/60/57 66/66/63 61/61/58
f 66/66/63 60/60/57 67/67/64
f 68/68/65 69/69/66 70/70/67
f 69/69/66 68/68/65 71/71/68
f 71/71/68 72/72/69 69/69/66
f 72/72/69 71/71/68 65/65/62
f 65/65/62 63/63/60 72/72/69
f 73/73/70 72/72/69 63/63/60
f 63/63/60 62/62/59 73/73/70
f 74/74/71 73/73/70 62/62/59
f 74/74/71 62/62/59 66/66/63
f 74/74/71 66/66/63 75/75/72
f 76/76/73 77/77/74 78/78/75
f 78/78/75 77/77/74 74/74/71
f 73/73/70 74/74/71 77/77/74
f 77/77/74 79/79/76 73/73/70
f 79/79/76 72/72/69 73/73/70
f 72/72/69 79/79/76 80/80/77
f 80/80/77 69/69/66 72/72/69
f 70/70/67 69/69/66 80/80/77
f 80/80/77 81/81/78 70/70/67
f 82/82/79 70/70/67 81/81/78
f 81/81/78 83/83/80 82/82/79
f 84/84/81 83/83/80 81/81/78
f 81/81/78 85/85/82 84/84/81
f 76/76/73 85/85/82 81/81/78
f 81/81/78 80/80/77 76/76/73
f 76/76/73 80/80/77 79/79/76
f 79/79/76 77/77/74 76/76/73
f 84/84/81 86/86/83 87/87/84
f 83/83/80 84/84/81 87/87/84
f 87/87/84 88/88/85 83/83/80
f 82/82/79 83/83/80 88/88/85
f 88/88/85 89/89/86 82/82/79
f 82/82/79 89/89/86 90/90/87
f 90/90/87 91/91/88 82/82/79
f 70/70/67 82/82/79 91/91/88
f 91/91/88 92/92/89 70/70/67
f 70/70/67 92/92/89 68/68/65
f 91/91/88 90/90/87 93/93/90
f 94/94/91 92/92/89 91/91/88
f 91/91/88 95/95/92 94/94/91
f 93/93/90 95/95/92 91/91/88
f 96/96/93 95/95/92 93/93/90
f 96/96/93 93/93/90 97/97/94
f 97/97/94 98/98/95 96/96/93
f 98/98/95 97/97/94 99/99/96
f 99/99/96 100/100/97 98/98/95
f 101/101/98 100/100/97 99/99/96
f 100/100/97 101/101/98 102/102/99
f 94/94/91 95/95/92 96/96/93
f 102/102/99 103/103/100 100/100/97
f 104/104/101 102/102/99 105/105/102
f 102/102/99 104/104/101 106/106/103
f 106/106/103 103/103/100 102/102/99
f 107/107/104 103/103/100 106/106/103
f 100/100/97 103/103/100 107/107/104
f 107/107/104 98/98/95 100/100/97
f 96/96/93 98/98/95 107/107/104
f 107/107/104 108/108/105 96/96/93
f 96/96/93 108/108/105 94/94/91
f 94/94/91 108/108/105 109/109/106
f 110/110/107 111/111/108 105/105/102
f 105/105/102 111/111/108 104/104/101
f 110/110/107 112/112/109 111/111/108
f 111/111/108 112/112/109 113/113/110
f 111/111/108 113/113/110 104/104/101
f 104/104/101 113/113/110 114/114/111
f 114/114/111 106/106/103 104/104/101
f 115/115/112 106/106/103 114/114/111
f 106/106/103 115/115/112 107/107/104
f 108/108/105 107/107/104 115/115/112
f 115/115/112 109/109/106 108/108/105
f 109/109/106 115/115/112 116/116/113
f 117/117/114 118/118/115 119/119/116
f 118/118/115 117/117/114 120/120/117
f 114/114/111 120/120/117 117/117/114
f 121/121/118 120/120/117 114/114/111
f 114/114/111 113/113/110 121/121/118
f 122/122/119 121/121/118 113/113/110
f 113/113/110 112/112/109 122/122/119
f 123/123/120 122/122/119 112/112/109
f 112/112/109 124/124/121 123/123/120
f 125/125/122 124/124/121 112/112/109
f 126/126/123 127/127/124 120/120/117
f 120/120/117 121/121/118 126/126/123
f 128/128/125 126/126/123 121/121/118
f 121/121/118 122/122/119 128/128/125
f 129/129/126 128/128/125 122/122/119
f 122/122/119 123/123/120 129/129/126
f 129/129/126 123/123/120 130/130/127
f 130/130/127 123/123/120 124/124/121
f 131/131/128 130/130/127 124/124/121
f 124/124/121 125/125/122 131/131/128
f 128/128/125 129/129/126 132/132/129
f 132/132/129 129/129/126 133/133/130
f 130/130/127 133/133/130 129/129/126
f 130/130/127 131/131/128 134/134/131
f 134/134/131 135/135/132 130/130/127
f 130/130/127 135/135/132 136/136/133
f 136/136/133 133/133/130 130/130/127
f 137/137/134 133/133/130 136/136/133
f 133/133/130 137/137/134 132/132/129
f 138/138/135 132/132/129 137/137/134
f 132/132/129 138/138/135 128/128/125
f 128/128/125 138/138/135 139/139/136
f 139/139/136 126/126/123 128/128/125
f 137/137/134 140/140/137 138/138/135
f 139/139/136 138/138/135 140/140/137
f 141/141/138 139/139/136 140/140/137
f 141/141/138 140/140/137 142/142/139
f 142/142/139 140/140/137 137/137/134
f 137/137/134 143/143/140 142/142/139
f 143/143/140 137/137/134 136/136/133
f 127/127/124 126/126/123 139/139/136
f 139/139/136 141/141/138 127/127/124
f 127/127/124 141/141/138 144/144/141
f 144/144/141 141/141/138 142/142/139
f 145/145/142 144/144/141 142/142/139
f 145/145/142 142/142/139 146/146/140
f 147/147/143 148/148/132 149/149/144
f 149/149/144 150/150/145 147/147/143
f 146/146/140 147/147/143 150/150/145
f 151/151/146 146/146/140 150/150/145
f 146/146/140 151/151/146 145/145/142
f 119/119/116 145/145/142 151/151/146
f 144/144/141 145/145/142 119/119/116
f 119/119/116 118/118/115 144/144/141
f 144/144/141 118/118/115 127/127/124
f 120/120/117 127/127/124 118/118/115
f 109/109/106 116/116/113 152/152/147
f 153/153/148 152/152/147 116/116/113
f 152/152/147 153/153/148 154/154/149
f 155/155/150 154/154/149 153/153/148
f 149/149/144 154/154/149 155/155/150
f 155/155/150 150/150/145 149/149/144
f 150/150/145 155/155/150 151/151/146
f 151/151/146 155/155/150 119/119/116
f 153/153/148 119/119/116 155/155/150
f 119/119/116 153/153/148 117/117/114
f 116/116/113 117/117/114 153/153/148
f 117/117/114 116/116/113 114/114/111
f 114/114/111 116/116/113 115/115/112
f 149/149/144 156/156/151 154/154/149
f 154/154/149 156/156/151 152/152/147
f 109/109/106 157/157/152 94/94/91
f 109/109/106 158/158/153 157/157/152
f 159/159/154 158/158/153 109/109/106
f 109/109/106 152/152/147 159/159/154
f 53/53/50 159/159/154 152/152/147
f 152/152/147 156/156/151 53/53/50
f 54/54/51 53/53/50 156/156/151
f 54/54/51 156/156/151 149/149/144
f 160/160/131 54/54/51 149/149/144
f 149/149/144 148/148/132 160/160/131
f 59/59/56 64/64/61 46/46/43
f 46/46/43 64/64/61 53/53/50
f 65/65/62 53/53/50 64/64/61
f 65/65/62 159/159/154 53/53/50
f 159/159/154 65/65/62 71/71/68
f 71/71/68 158/158/153 159/159/154
f 158/158/153 71/71/68 68/68/65
f 68/68/65 157/157/152 158/158/153
f 157/157/152 68/68/65 92/92/89
f 92/92/89 94/94/91 157/157/152
f 161/161/155 162/162/156 163/163/157
f 164/164/158 165/165/159 166/166/160
f 166/166/160 165/165/159 161/161/155
f 161/161/155 167/167/161 166/166/160
f 163/163/157 167/167/161 161/161/155
f 168/168/162 167/167/161 163/163/157
f 163/163/157 169/169/163 168/168/162
f 170/170/164 168/168/162 169/169/163
f 169/169/163 171/171/165 170/170/164
f 166/166/160 167/167/161 168/168/162
f 172/172/166 173/173/167 162/162/156
f 162/162/156 173/173/167 174/174/168
f 174/174/168 163/163/157 162/162/156
f 163/163/157 174/174/168 175/175/169
f 175/175/169 169/169/163 163/163/157
f 169/169/163 175/175/169 176/176/170
f 176/176/170 171/171/165 169/169/163
f 177/177/171 171/171/165 176/176/170
f 170/170/164 171/171/165 177/177/171
f 177/177/171 178/178/172 170/170/164
f 176/176/170 175/175/169 179/179/173
f 179/179/173 180/180/174 176/176/170
f 176/176/170 180/180/174 177/177/171
f 177/177/171 180/180/174 181/181/175
f 181/181/175 182/182/176 177/177/171
f 183/183/177 182/182/176 181/181/175
f 184/184/178 182/182/176 183/183/177
f 177/177/171 182/182/176 184/184/178
f 184/184/178 178/178/172 177/177/171
f 185/185/179 183/183/177 186/186/180
f 181/181/175 186/186/180 183/183/177
f 187/187/181 180/180/174 179/179/173
f 181/181/175 180/180/174 187/187/181
f 187/187/181 188/188/182 181/181/175
f 186/186/180 181/181/175 188/188/182
f 188/188/182 189/189/183 186/186/180
f 190/190/184 186/186/180 189/189/183
f 186/186/180 190/190/184 185/185/179
f 191/191/185 185/185/179 190/190/184
f 190/190/184 192/192/186 191/191/185
f 179/179/173 175/175/169 193/193/187
f 194/194/188 179/179/173 193/193/187
f 179/179/173 194/194/188 187/187/181
f 195/195/189 187/187/181 194/194/188
f 188/188/182 187/187/181 195/195/189
f 195/195/189 196/196/190 188/188/182
f 196/196/190 189/189/183 188/188/182
f 197/197/191 189/189/183 196/196/190
f 197/197/191 190/190/184 189/189/183
f 190/190/184 197/197/191 198/198/192
f 193/193/187 199/199/193 194/194/188
f 16/16/13 200/200/194 17/17/14
f 17/17/14 200/200/194 201/201/195
f 202/202/196 17/17/14 201/201/195
f 198/198/192 202/202/196 201/201/195
f 203/203/197 202/202/196 198/198/192
f 198/198/192 197/197/191 203/203/197
f 204/204/198 203/203/197 197/197/191
f 197/197/191 196/196/190 204/204/198
f 205/205/199 204/204/198 196/196/190
f 196/196/190 195/195/189 205/205/199
f 203/203/197 204/204/198 206/206/200
f 207/207/201 206/206/200 204/204/198
f 204/204/198 205/205/199 207/207/201
f 5/5/4 17/17/14 202/202/196
f 202/202/196 6/6/5 5/5/4
f 6/6/5 202/202/196 203/203/197
f 6/6/5 203/203/197 7/7/3
f 206/206/200 7/7/3 203/203/197
f 7/7/3 206/206/200 12/12/1
f 12/12/1 206/206/200 207/207/201
f 207/207/201 10/10/8 12/12/1
f 10/10/8 207/207/201 205/205/199
f 205/205/199 208/208/202 10/10/8
f 209/209/203 208/208/202 205/205/199
f 208/208/202 209/209/203 210/210/204
f 210/210/204 211/211/205 208/208/202
f 211/211/205 210/210/204 212/212/206
f 213/213/207 208/208/202 211/211/205
f 211/211/205 214/214/208 213/213/207
f 214/214/208 211/211/205 212/212/206
f 212/212/206 215/215/209 214/214/208
f 216/216/210 215/215/209 212/212/206
f 217/217/211 215/215/209 216/216/210
f 215/215/209 217/217/211 218/218/212
f 219/219/213 218/218/212 217/217/211
f 218/218/212 219/219/213 8/8/6
f 9/9/7 8/8/6 219/219/213
f 10/10/8 208/208/202 213/213/207
f 10/10/8 213/213/207 8/8/6
f 8/8/6 213/213/207 214/214/208
f 218/218/212 8/8/6 214/214/208
f 218/218/212 214/214/208 215/215/209
f 217/217/211 220/220/214 219/219/213
f 38/38/35 13/13/10 11/11/9
f 40/40/37 38/38/35 11/11/9
f 11/11/9 9/9/7 40/40/37
f 219/219/213 40/40/37 9/9/7
f 55/55/52 40/40/37 219/219/213
f 219/219/213 220/220/214 55/55/52
f 55/55/52 220/220/214 221/221/215
f 221/221/215 67/67/64 55/55/52
f 56/56/53 55/55/52 67/67/64
f 67/67/64 60/60/57 56/56/53
f 67/67/64 75/75/72 66/66/63
f 222/222/216 75/75/72 67/67/64
f 67/67/64 221/221/215 222/222/216
f 222/222/216 221/221/215 223/223/217
f 223/223/217 221/221/215 220/220/214
f 220/220/214 224/224/218 223/223/217
f 217/217/211 224/224/218 220/220/214
f 224/224/218 217/217/211 225/225/219
f 216/216/210 225/225/219 217/217/211
f 225/225/219 216/216/210 226/226/220
f 227/227/221 228/228/222 226/226/220
f 226/226/220 229/229/223 227/227/221
f 226/226/220 216/216/210 212/212/206
f 229/229/223 226/226/220 212/212/206
f 212/212/206 230/230/224 229/229/223
f 227/227/221 229/229/223 230/230/224
f 230/230/224 231/231/225 227/227/221
f 228/228/222 227/227/221 231/231/225
f 231/231/225 232/232/226 228/228/222
f 228/228/222 232/232/226 233/233/227
f 234/234/228 233/233/227 232/232/226
f 235/235/229 233/233/227 234/234/228
f 205/205/199 195/195/189 209/209/203
f 194/194/188 209/209/203 195/195/189
f 210/210/204 209/209/203 194/194/188
f 194/194/188 199/199/193 210/210/204
f 212/212/206 210/210/204 199/199/193
f 199/199/193 230/230/224 212/212/206
f 231/231/225 230/230/224 199/199/193
f 199/199/193 193/193/187 231/231/225
f 231/231/225 193/193/187 236/236/230
f 236/236/230 237/237/231 231/231/225
f 234/234/228 237/237/231 236/236/230
f 232/232/226 237/237/231 234/234/228
f 231/231/225 237/237/231 232/232/226
f 236/236/230 238/238/232 234/234/228
f 239/239/233 234/234/228 238/238/232
f 238/238/232 240/240/234 239/239/233
f 234/234/228 239/239/233 235/235/229
f 235/235/229 239/239/233 241/241/235
f 241/241/235 239/239/233 240/240/234
f 240/240/234 242/242/236 241/241/235
f 242/242/236 240/240/234 173/173/167
f 173/173/167 240/240/234 238/238/232
f 238/238/232 174/174/168 173/173/167
f 174/174/168 238/238/232 236/236/230
f 236/236/230 175/175/169 174/174/168
f 175/175/169 236/236/230 193/193/187
f 242/242/236 243/243/237 244/244/238
f 244/244/238 245/245/239 242/242/236
f 241/241/235 242/242/236 245/245/239
f 245/245/239 246/246/240 241/241/235
f 235/235/229 241/241/235 246/246/240
f 246/246/240 247/247/241 235/235/229
f 248/248/242 235/235/229 247/247/241
f 235/235/229 248/248/242 233/233/227
f 223/223/217 224/224/218 225/225/219
f 225/225/219 249/249/243 223/223/217
f 226/226/220 249/249/243 225/225/219
f 250/250/244 249/249/243 226/226/220
f 226/226/220 228/228/222 250/250/244
f 233/233/227 250/250/244 228/228/222
f 251/251/245 250/250/244 233/233/227
f 233/233/227 248/248/242 251/251/245
f 251/251/245 248/248/242 252/252/246
f 247/247/241 252/252/246 248/248/242
f 253/253/247 252/252/246 247/247/241
f 252/252/246 253/253/247 78/78/75
f 78/78/75 254/254/248 252/252/246
f 74/74/71 254/254/248 78/78/75
f 75/75/72 254/254/248 74/74/71
f 254/254/248 75/75/72 222/222/216
f 222/222/216 252/252/246 254/254/248
f 252/252/246 222/222/216 251/251/245
f 223/223/217 251/251/245 222/222/216
f 251/251/245 223/223/217 249/249/243
f 249/249/243 250/250/244 251/251/245
f 246/246/240 255/255/249 247/247/241
f 253/253/247 247/247/241 255/255/249
f 256/256/250 253/253/247 255/255/249
f 78/78/75 253/253/247 256/256/250
f 256/256/250 257/257/251 78/78/75
f 78/78/75 257/257/251 76/76/73
f 76/76/73 257/257/251 258/258/252
f 258/258/252 85/85/82 76/76/73
f 85/85/82 258/258/252 86/86/83
f 86/86/83 84/84/81 85/85/82
f 255/255/249 246/246/240 245/245/239
f 245/245/239 256/256/250 255/255/249
f 244/244/238 256/256/250 245/245/239
f 256/256/250 244/244/238 259/259/253
f 256/256/250 259/259/253 257/257/251
f 257/257/251 259/259/253 260/260/254
f 260/260/254 258/258/252 257/257/251
f 258/258/252 260/260/254 261/261/255
f 261/261/255 86/86/83 258/258/252
f 86/86/83 261/261/255 262/262/256
f 262/262/256 87/87/84 86/86/83
f 263/263/257 262/262/256 261/261/255
f 264/264/258 265/265/259 260/260/254
f 260/260/254 259/259/253 264/264/258
f 266/266/260 264/264/258 259/259/253
f 259/259/253 244/244/238 266/266/260
f 267/267/261 266/266/260 244/244/238
f 244/244/238 243/243/237 267/267/261
f 268/268/262 267/267/261 243/243/237
f 268/268/262 243/243/237 242/242/236
f 242/242/236 172/172/166 268/268/262
f 173/173/167 172/172/166 242/242/236
f 267/267/261 269/269/263 270/270/264
f 270/270/264 266/266/260 267/267/261
f 266/266/260 270/270/264 271/271/265
f 271/271/265 264/264/258 266/266/260
f 264/264/258 271/271/265 272/272/266
f 272/272/266 265/265/259 264/264/258
f 265/265/259 272/272/266 273/273/267
f 273/273/267 274/274/268 265/265/259
f 270/270/264 275/275/269 276/276/270
f 276/276/270 271/271/265 270/270/264
f 276/276/270 277/277/271 271/271/265
f 272/272/266 271/271/265 277/277/271
f 277/277/271 278/278/272 272/272/266
f 273/273/267 272/272/266 278/278/272
f 278/278/272 279/279/273 273/273/267
f 279/279/273 278/278/272 280/280/274
f 281/281/275 280/280/274 278/278/272
f 280/280/274 281/281/275 282/282/276
f 282/282/276 281/281/275 283/283/277
f 283/283/277 284/284/278 282/282/276
f 278/278/272 277/277/271 281/281/275
f 281/281/275 277/277/271 276/276/270
f 276/276/270 283/283/277 281/281/275
f 284/284/278 283/283/277 285/285/279
f 285/285/279 283/283/277 286/286/280
f 286/286/280 283/283/277 276/276/270
f 276/276/270 164/164/158 286/286/280
f 164/164/158 276/276/270 275/275/269
f 164/164/158 275/275/269 165/165/159
f 275/275/269 287/287/281 165/165/159
f 161/161/155 165/165/159 287/287/281
f 287/287/281 288/288/282 161/161/155
f 162/162/156 161/161/155 288/288/282
f 289/289/283 288/288/282 287/287/281
f 288/288/282 289/289/283 290/290/284
f 290/290/284 291/291/285 288/288/282
f 288/288/282 291/291/285 162/162/156
f 162/162/156 291/291/285 172/172/166
f 172/172/166 291/291/285 290/290/284
f 290/290/284 268/268/262 172/172/166
f 268/268/262 290/290/284 267/267/261
f 289/289/283 267/267/261 290/290/284
f 289/289/283 269/269/263 267/267/261
f 287/287/281 269/269/263 289/289/283
f 270/270/264 269/269/263 287/287/281
f 287/287/281 275/275/269 270/270/264
f 292/292/286 293/293/287 294/294/288
f 294/294/288 295/295/289 292/292/286
f 296/296/290 297/297/291 295/295/289
f 294/294/288 296/296/290 295/295/289
f 296/296/290 294/294/288 298/298/292
f 298/298/292 294/294/288 299/299/293
f 300/300/294 299/299/293 294/294/288
f 294/294/288 293/293/287 300/300/294
f 300/300/294 293/293/287 301/301/295
f 295/295/289 297/297/291 302/302/296
f 303/303/297 302/302/296 297/297/291
f 297/297/291 296/296/290 303/303/297
f 303/303/297 296/296/290 304/304/298
f 298/298/292 304/304/298 296/296/290
f 304/304/298 298/298/292 305/305/299
f 299/299/293 305/305/299 298/298/292
f 305/305/299 299/299/293 306/306/300
f 306/306/300 299/299/293 300/300/294
f 300/300/294 307/307/301 306/306/300
f 308/308/302 306/306/300 309/309/303
f 306/306/300 308/308/302 305/305/299
f 310/310/304 305/305/299 308/308/302
f 305/305/299 310/310/304 304/304/298
f 304/304/298 310/310/304 311/311/305
f 311/311/305 312/312/306 304/304/298
f 313/313/307 312/312/306 311/311/305
f 303/303/297 312/312/306 313/313/307
f 304/304/298 312/312/306 303/303/297
f 314/314/308 311/311/305 310/310/304
f 310/310/304 315/315/309 314/314/308
f 308/308/302 315/315/309 310/310/304
f 309/309/303 315/315/309 308/308/302
f 314/314/308 315/315/309 309/309/303
f 316/316/310 317/317/311 318/318/312
f 318/318/312 319/319/313 316/316/310
f 316/316/310 319/319/313 320/320/314
f 320/320/314 319/319/313 321/321/315
f 320/320/314 321/321/315 322/322/316
f 314/314/308 322/322/316 321/321/315
f 322/322/316 314/314/308 323/323/317
f 309/309/303 323/323/317 314/314/308
f 323/323/317 309/309/303 324/324/318
f 324/324/318 309/309/303 306/306/300
f 324/324/318 325/325/319 323/323/317
f 322/322/316 323/323/317 325/325/319
f 322/322/316 325/325/319 326/326/320
f 327/327/321 326/326/320 325/325/319
f 326/326/320 327/327/321 328/328/322
f 328/328/322 327/327/321 329/329/323
f 329/329/323 327/327/321 325/325/319
f 325/325/319 330/330/324 329/329/323
f 330/330/324 325/325/319 324/324/318
f 324/324/318 331/331/325 330/330/324
f 306/306/300 331/331/325 324/324/318
f 332/332/326 331/331/325 306/306/300
f 306/306/300 307/307/301 332/332/326
f 332/332/326 307/307/301 333/333/327
f 329/329/323 334/334/328 328/328/322
f 334/334/328 335/335/329 328/328/322
f 336/336/330 335/335/329 334/334/328
f 328/328/322 337/337/331 338/338/332
f 328/328/322 335/335/329 337/337/331
f 335/335/329 339/339/333 337/337/331
f 339/339/333 335/335/329 336/336/330
f 336/336/330 340/340/334 339/339/333
f 341/341/335 340/340/334 336/336/330
f 336/336/330 342/342/336 341/341/335
f 343/343/337 341/341/335 342/342/336
f 339/339/333 344/344/338 345/345/339
f 344/344/338 339/339/333 340/340/334
f 340/340/334 346/346/340 344/344/338
f 347/347/341 317/317/311 348/348/342
f 345/345/339 348/348/342 317/317/311
f 317/317/311 316/316/310 345/345/339
f 345/345/339 316/316/310 339/339/333
f 320/320/314 339/339/333 316/316/310
f 339/339/333 320/320/314 337/337/331
f 337/337/331 320/320/314 322/322/316
f 322/322/316 338/338/332 337/337/331
f 326/326/320 338/338/332 322/322/316
f 338/338/332 326/326/320 328/328/322
f 302/302/296 303/303/297 349/349/343
f 303/303/297 350/350/344 349/349/343
f 313/313/307 350/350/344 303/303/297
f 313/313/307 351/351/345 350/350/344
f 313/313/307 352/352/346 351/351/345
f 353/353/347 351/351/345 352/352/346
f 353/353/347 352/352/346 354/354/348
f 354/354/348 347/347/341 353/353/347
f 347/347/341 354/354/348 318/318/312
f 318/318/312 317/317/311 347/347/341
f 349/349/343 350/350/344 355/355/349
f 356/356/350 355/355/349 350/350/344
f 350/350/344 357/357/351 356/356/350
f 351/351/345 357/357/351 350/350/344
f 351/351/345 358/358/352 357/357/351
f 358/358/352 351/351/345 353/353/347
f 353/353/347 359/359/353 358/358/352
f 360/360/354 359/359/353 353/353/347
f 353/353/347 347/347/341 360/360/354
f 348/348/342 360/360/354 347/347/341
f 361/361/355 362/362/356 363/363/357
f 364/364/358 365/365/359 366/366/360
f 367/367/361 366/366/360 365/365/359
f 367/367/361 365/365/359 368/368/362
f 363/363/357 367/367/361 368/368/362
f 368/368/362 369/369/363 363/363/357
f 363/363/357 369/369/363 361/361/355
f 361/361/355 369/369/363 370/370/364
f 370/370/364 371/371/365 361/361/355
f 372/372/366 371/371/365 370/370/364
f 373/373/367 371/371/365 372/372/366
f 374/374/368 368/368/362 375/375/369
f 369/369/363 368/368/362 374/374/368
f 374/374/368 376/376/370 369/369/363
f 370/370/364 369/369/363 376/376/370
f 376/376/370 377/377/371 370/370/364
f 370/370/364 377/377/371 378/378/372
f 378/378/372 379/379/373 370/370/364
f 374/374/368 380/380/374 376/376/370
f 377/377/371 376/376/370 380/380/374
f 370/370/364 379/379/373 372/372/366
f 372/372/366 379/379/373 381/381/375
f 381/381/375 379/379/373 378/378/372
f 378/378/372 382/382/376 381/381/375
f 382/382/376 378/378/372 383/383/377
f 383/383/377 378/378/372 377/377/371
f 377/377/371 384/384/378 383/383/377
f 380/380/374 384/384/378 377/377/371
f 384/384/378 380/380/374 375/375/369
f 375/375/369 380/380/374 374/374/368
f 372/372/366 385/385/379 386/386/380
f 381/381/375 385/385/379 372/372/366
f 385/385/379 381/381/375 387/387/381
f 387/387/381 381/381/375 382/382/376
f 387/387/381 382/382/376 388/388/382
f 383/383/377 388/388/382 382/382/376
f 388/388/382 383/383/377 389/389/383
f 390/390/384 389/389/383 383/383/377
f 389/389/383 390/390/384 391/391/385
f 392/392/386 391/391/385 390/390/384
f 391/391/385 393/393/387 389/389/383
f 394/394/388 389/389/383 393/393/387
f 389/389/383 394/394/388 388/388/382
f 387/387/381 388/388/382 394/394/388
f 395/395/389 396/396/390 397/397/391
f 396/396/390 395/395/389 398/398/392
f 398/398/392 399/399/393 396/396/390
f 399/399/393 398/398/392 386/386/380
f 386/386/380 385/385/379 399/399/393
f 387/387/381 399/399/393 385/385/379
f 396/396/390 399/399/393 387/387/381
f 387/387/381 400/400/394 396/396/390
f 394/394/388 400/400/394 387/387/381
f 394/394/388 401/401/395 400/400/394
f 402/402/396 403/403/397 404/404/398
f 397/397/391 404/404/398 403/403/397
f 403/403/397 405/405/399 397/397/391
f 397/397/391 405/405/399 395/395/389
f 406/406/400 395/395/389 405/405/399
f 395/395/389 406/406/400 407/407/401
f 407/407/401 398/398/392 395/395/389
f 398/398/392 407/407/401 408/408/402
f 408/408/402 386/386/380 398/398/392
f 386/386/380 408/408/402 372/372/366
f 409/409/403 405/405/399 403/403/397
f 405/405/399 409/409/403 406/406/400
f 372/372/366 408/408/402 373/373/367
f 410/410/404 373/373/367 408/408/402
f 408/408/402 407/407/401 410/410/404
f 411/411/405 410/410/404 407/407/401
f 407/407/401 406/406/400 411/411/405
f 412/412/406 411/411/405 406/406/400
f 406/406/400 409/409/403 412/412/406
f 412/412/406 409/409/403 413/413/407
f 403/403/397 413/413/407 409/409/403
f 413/413/407 403/403/397 402/402/396
f 373/373/367 410/410/404 414/414/408
f 411/411/405 414/414/408 410/410/404
f 414/414/408 411/411/405 415/415/409
f 412/412/406 415/415/409 411/411/405
f 416/416/410 415/415/409 412/412/406
f 416/416/410 412/412/406 417/417/411
f 417/417/411 418/418/412 416/416/410
f 417/417/411 419/419/413 418/418/412
f 418/418/412 419/419/413 366/366/360
f 416/416/410 418/418/412 366/366/360
f 420/420/414 416/416/410 366/366/360
f 421/421/415 417/417/411 412/412/406
f 417/417/411 421/421/415 422/422/416
f 422/422/416 423/423/417 417/417/411
f 417/417/411 423/423/417 424/424/418
f 424/424/418 419/419/413 417/417/411
f 425/425/419 426/426/420 427/427/421
f 426/426/420 425/425/419 422/422/416
f 422/422/416 425/425/419 428/428/422
f 428/428/422 423/423/417 422/422/416
f 423/423/417 428/428/422 429/429/423
f 429/429/423 424/424/418 423/423/417
f 430/430/424 424/424/418 429/429/423
f 419/419/413 424/424/418 430/430/424
f 430/430/424 364/364/358 419/419/413
f 364/364/358 366/366/360 419/419/413
f 430/430/424 431/431/425 432/432/426
f 429/429/423 431/431/425 430/430/424
f 431/431/425 429/429/423 433/433/421
f 428/428/422 433/433/421 429/429/423
f 428/428/422 425/425/419 433/433/421
f 391/391/385 392/392/386 434/434/427
f 392/392/386 435/435/428 434/434/427
f 434/434/427 435/435/428 436/436/429
f 437/437/430 436/436/429 435/435/428
f 438/438/431 436/436/429 437/437/430
f 437/437/430 439/439/432 438/438/431
f 440/440/433 438/438/431 439/439/432
f 439/439/432 432/432/426 440/440/433
f 432/432/426 441/441/421 440/440/433
f 441/441/421 432/432/426 431/431/425
f 432/432/426 439/439/432 430/430/424
f 430/430/424 439/439/432 437/437/430
f 437/437/430 364/364/358 430/430/424
f 364/364/358 437/437/430 365/365/359
f 437/437/430 435/435/428 365/365/359
f 365/365/359 435/435/428 368/368/362
f 375/375/369 368/368/362 435/435/428
f 435/435/428 392/392/386 375/375/369
f 390/390/384 375/375/369 392/392/386
f 375/375/369 390/390/384 384/384/378
f 383/383/377 384/384/378 390/390/384
f 442/442/434 443/443/435 444/444/436
f 444/444/436 445/445/437 442/442/434
f 446/446/438 442/442/434 445/445/437
f 445/445/437 447/447/439 446/446/438
f 448/448/440 449/449/441 450/450/442
f 450/450/442 451/451/443 448/448/440
f 452/452/444 448/448/440 451/451/443
f 453/453/445 448/448/440 452/452/444
f 454/454/446 453/453/445 452/452/444
f 455/455/447 454/454/446 452/452/444
f 452/452/444 451/451/443 455/455/447
f 455/455/447 451/451/443 450/450/442
f 450/450/442 456/456/448 455/455/447
f 456/456/448 450/450/442 449/449/441
f 449/449/441 457/457/449 456/456/448
f 457/457/449 449/449/441 448/448/440
f 448/448/440 453/453/445 457/457/449
f 455/455/447 456/456/448 29/29/26
f 456/456/448 458/458/450 29/29/26
f 458/458/450 456/456/448 457/457/449
f 457/457/449 459/459/451 458/458/450
f 459/459/451 460/460/452 461/461/453
f 462/462/454 460/460/452 459/459/451
f 459/459/451 457/457/449 462/462/454
f 463/463/455 462/462/454 457/457/449
f 457/457/449 453/453/445 463/463/455
f 463/463/455 453/453/445 464/464/456
f 454/454/446 464/464/456 453/453/445
f 465/465/457 464/464/456 454/454/446
f 455/455/447 465/465/457 454/454/446
f 29/29/26 465/465/457 455/455/447
f 35/35/32 466/466/458 32/32/29
f 466/466/458 467/467/459 32/32/29
f 32/32/29 467/467/459 463/463/455
f 468/468/460 463/463/455 467/467/459
f 462/462/454 463/463/455 468/468/460
f 468/468/460 469/469/461 462/462/454
f 460/460/452 462/462/454 469/469/461
f 469/469/461 470/470/462 460/460/452
f 461/461/453 460/460/452 470/470/462
f 470/470/462 471/471/463 461/461/453
f 472/472/464 467/467/459 466/466/458
f 467/467/459 472/472/464 468/468/460
f 472/472/464 473/473/465 468/468/460
f 474/474/466 468/468/460 473/473/465
f 474/474/466 469/469/461 468/468/460
f 469/469/461 474/474/466 475/475/467
f 475/475/467 470/470/462 469/469/461
f 470/470/462 475/475/467 476/476/468
f 471/471/463 470/470/462 476/476/468
f 476/476/468 477/477/469 471/471/463
f 478/478/470 476/476/468 475/475/467
f 479/479/471 478/478/470 475/475/467
f 475/475/467 474/474/466 479/479/471
f 479/479/471 474/474/466 473/473/465
f 473/473/465 480/480/472 479/479/471
f 461/461/453 471/471/463 481/481/473
f 481/481/473 471/471/463 477/477/469
f 477/477/469 482/482/474 481/481/473
f 481/481/473 482/482/474 483/483/475
f 484/484/476 485/485/477 458/458/450
f 458/458/450 459/459/451 484/484/476
f 484/484/476 459/459/451 486/486/478
f 461/461/453 486/486/478 459/459/451
f 486/486/478 461/461/453 487/487/479
f 487/487/479 461/461/453 481/481/473
f 487/487/479 481/481/473 488/488/480
f 483/483/475 488/488/480 481/481/473
f 488/488/480 483/483/475 489/489/481
f 489/489/481 490/490/482 488/488/480
f 491/491/483 492/492/484 487/487/479
f 487/487/479 492/492/484 486/486/478
f 493/493/485 486/486/478 492/492/484
f 486/486/478 493/493/485 484/484/476
f 484/484/476 493/493/485 494/494/486
f 494/494/486 485/485/477 484/484/476
f 485/485/477 494/494/486 495/495/487
f 495/495/487 458/458/450 485/485/477
f 458/458/450 495/495/487 27/27/24
f 458/458/450 27/27/24 29/29/26
f 496/496/488 494/494/486 493/493/485
f 493/493/485 497/497/489 496/496/488
f 492/492/484 497/497/489 493/493/485
f 497/497/489 492/492/484 491/491/483
f 491/491/483 496/496/488 497/497/489
f 494/494/486 496/496/488 491/491/483
f 491/491/483 495/495/487 494/494/486
f 27/27/24 495/495/487 491/491/483
f 498/498/490 27/27/24 491/491/483
f 27/27/24 498/498/490 33/33/30
f 499/499/491 33/33/30 498/498/490
f 28/28/25 26/26/23 25/25/22
f 500/500/492 26/26/23 28/28/25
f 28/28/25 33/33/30 500/500/492
f 501/501/493 500/500/492 33/33/30
f 33/33/30 499/499/491 501/501/493
f 501/501/493 499/499/491 502/502/494
f 498/498/490 502/502/494 499/499/491
f 502/502/494 498/498/490 503/503/495
f 503/503/495 498/498/490 491/491/483
f 487/487/479 503/503/495 491/491/483
f 504/504/496 505/505/497 18/18/15
f 18/18/15 26/26/23 504/504/496
f 500/500/492 504/504/496 26/26/23
f 504/504/496 500/500/492 506/506/498
f 507/507/499 506/506/498 500/500/492
f 506/506/498 507/507/499 508/508/500
f 509/509/501 508/508/500 507/507/499
f 509/509/501 502/502/494 508/508/500
f 501/501/493 502/502/494 509/509/501
f 507/507/499 501/501/493 509/509/501
f 501/501/493 507/507/499 500/500/492
f 510/510/502 490/490/482 489/489/481
f 511/511/503 490/490/482 510/510/502
f 510/510/502 505/505/497 511/511/503
f 504/504/496 511/511/503 505/505/497
f 506/506/498 511/511/503 504/504/496
f 511/511/503 506/506/498 503/503/495
f 508/508/500 503/503/495 506/506/498
f 503/503/495 508/508/500 502/502/494
f 489/489/481 512/512/504 510/510/502
f 510/510/502 512/512/504 513/513/505
f 505/505/497 510/510/502 514/514/506
f 513/513/505 514/514/506 510/510/502
f 514/514/506 513/513/505 515/515/507
f 488/488/480 490/490/482 511/511/503
f 511/511/503 516/516/508 488/488/480
f 503/503/495 516/516/508 511/511/503
f 487/487/479 516/516/508 503/503/495
f 488/488/480 516/516/508 487/487/479
f 198/198/192 192/192/186 190/190/184
f 201/201/195 192/192/186 198/198/192
f 191/191/185 192/192/186 201/201/195
f 201/201/195 517/517/509 191/191/185
f 515/515/507 517/517/509 201/201/195
f 201/201/195 200/200/194 515/515/507
f 515/515/507 200/200/194 514/514/506
f 200/200/194 16/16/13 514/514/506
f 505/505/497 514/514/506 16/16/13
f 505/505/497 16/16/13 18/18/15
f 518/518/510 519/519/511 520/520/512
f 521/521/513 518/518/510 520/520/512
f 520/520/512 522/522/514 521/521/513
f 523/523/515 521/521/513 522/522/514
f 524/524/516 523/523/515 522/522/514
f 522/522/514 525/525/517 524/524/516
f 526/526/518 524/524/516 525/525/517
f 527/527/519 526/526/518 525/525/517
f 525/525/517 528/528/520 527/527/519
f 529/529/521 527/527/519 528/528/520
f 530/530/522 529/529/521 528/528/520
f 528/528/520 531/531/523 530/530/522
f 532/532/524 530/530/522 531/531/523
f 530/530/522 532/532/524 533/533/525
f 533/533/525 534/534/526 530/530/522
f 529/529/521 530/530/522 534/534/526
f 534/534/526 535/535/142 529/529/521
f 527/527/519 529/529/521 535/535/142
f 535/535/142 536/536/527 527/527/519
f 526/526/518 527/527/519 536/536/527
f 536/536/527 537/537/528 526/526/518
f 524/524/516 526/526/518 537/537/528
f 538/538/529 539/539/530 540/540/531
f 540/540/531 539/539/530 533/533/525
f 533/533/525 532/532/524 540/540/531
f 534/534/526 533/533/525 541/541/532
f 533/533/525 542/542/533 541/541/532
f 543/543/534 542/542/533 533/533/525
f 533/533/525 539/539/530 543/543/534
f 544/544/535 543/543/534 539/539/530
f 539/539/530 538/538/529 544/544/535
f 544/544/535 538/538/529 545/545/536
f 540/540/531 545/545/536 538/538/529
f 545/545/536 540/540/531 531/531/523
f 540/540/531 532/532/524 531/531/523
f 531/531/523 546/546/537 545/545/536
f 545/545/536 546/546/537 544/544/535
f 547/547/538 548/548/539 541/541/532
f 549/549/540 547/547/538 541/541/532
f 541/541/532 550/550/541 549/549/540
f 551/551/542 549/549/540 550/550/541
f 552/552/543 549/549/540 551/551/542
f 551/551/542 553/553/544 552/552/543
f 552/552/543 553/553/544 554/554/545
f 550/550/541 555/555/546 551/551/542
f 547/547/538 549/549/540 556/556/547
f 556/556/547 557/557/548 547/547/538
f 556/556/547 558/558/549 557/557/548
f 559/559/550 557/557/548 558/558/549
f 560/560/551 557/557/548 559/559/550
f 559/559/550 561/561/552 560/560/551
f 535/535/142 560/560/551 561/561/552
f 535/535/142 548/548/539 560/560/551
f 534/534/526 548/548/539 535/535/142
f 541/541/532 548/548/539 534/534/526
f 537/537/528 562/562/553 563/563/554
f 537/537/528 564/564/555 562/562/553
f 564/564/555 537/537/528 536/536/527
f 536/536/527 535/535/142 564/564/555
f 565/565/556 564/564/555 535/535/142
f 535/535/142 561/561/552 565/565/556
f 565/565/556 561/561/552 566/566/557
f 566/566/557 567/567/558 565/565/556
f 566/566/557 568/568/559 567/567/558
f 569/569/560 567/567/558 568/568/559
f 562/562/553 567/567/558 569/569/560
f 569/569/560 563/563/554 562/562/553
f 570/570/561 571/571/562 572/572/563
f 572/572/563 571/571/562 573/573/564
f 572/572/563 573/573/564 574/574/565
f 575/575/566 574/574/565 573/573/564
f 573/573/564 576/576/567 575/575/566
f 575/575/566 576/576/567 577/577/568
f 578/578/569 577/577/568 576/576/567
f 578/578/569 576/576/567 579/579/570
f 579/579/570 563/563/554 578/578/569
f 537/537/528 563/563/554 579/579/570
f 570/570/561 537/537/528 571/571/562
f 579/579/570 571/571/562 537/537/528
f 537/537/528 570/570/561 524/524/516
f 523/523/515 524/524/516 570/570/561
f 570/570/561 572/572/563 523/523/515
f 521/521/513 523/523/515 572/572/563
f 572/572/563 580/580/571 521/521/513
f 518/518/510 521/521/513 580/580/571
f 580/580/571 581/581/572 518/518/510
f 519/519/511 518/518/510 581/581/572
f 581/581/572 582/582/573 519/519/511
f 583/583/574 519/519/511 582/582/573
f 582/582/573 581/581/572 584/584/575
f 585/585/576 584/584/575 581/581/572
f 581/581/572 586/586/577 587/587/578
f 581/581/572 588/588/579 586/586/577
f 580/580/571 588/588/579 581/581/572
f 580/580/571 572/572/563 588/588/579
f 589/589/580 588/588/579 572/572/563
f 572/572/563 574/574/565 589/589/580
f 589/589/580 574/574/565 590/590/581
f 590/590/581 591/591/582 589/589/580
f 590/590/581 592/592/583 591/591/582
f 593/593/584 591/591/582 592/592/583
f 586/586/577 591/591/582 593/593/584
f 593/593/584 587/587/578 586/586/577
f 584/584/575 594/594/585 582/582/573
f 594/594/585 584/584/575 595/595/586
f 594/594/585 595/595/586 596/596/587
f 597/597/588 596/596/587 595/595/586
f 595/595/586 598/598/589 597/597/588
f 597/597/588 598/598/589 599/599/590
f 600/600/591 599/599/590 598/598/589
f 600/600/591 598/598/589 585/585/576
f 585/585/576 587/587/578 600/600/591
f 581/581/572 587/587/578 585/585/576
f 601/601/592 602/602/593 603/603/594
f 601/601/592 604/604/595 602/602/593
f 601/601/592 605/605/596 604/604/595
f 606/606/597 605/605/596 601/601/592
f 606/606/597 594/594/585 605/605/596
f 607/607/598 605/605/596 594/594/585
f 594/594/585 596/596/587 607/607/598
f 607/607/598 596/596/587 608/608/599
f 608/608/599 609/609/600 607/607/598
f 608/608/599 610/610/601 609/609/600
f 611/611/602 609/609/600 610/610/601
f 604/604/595 609/609/600 611/611/602
f 611/611/602 602/602/593 604/604/595
f 582/582/573 594/594/585 583/583/574
f 612/612/603 583/583/574 594/594/585
f 594/594/585 606/606/597 612/612/603
f 613/613/604 612/612/603 606/606/597
f 606/606/597 601/601/592 613/613/604
f 614/614/605 613/613/604 601/601/592
f 601/601/592 615/615/606 614/614/605
f 616/616/607 614/614/605 615/615/606
f 615/615/606 617/617/608 616/616/607
f 618/618/609 616/616/607 617/617/608
f 619/619/610 617/617/608 615/615/606
f 619/619/610 620/620/611 617/617/608
f 620/620/611 619/619/610 621/621/612
f 622/622/613 621/621/612 619/619/610
f 619/619/610 623/623/614 622/622/613
f 619/619/610 615/615/606 623/623/614
f 615/615/606 601/601/592 623/623/614
f 603/603/594 623/623/614 601/601/592
f 617/617/608 620/620/611 618/618/609
f 618/618/609 620/620/611 624/624/615
f 624/624/615 625/625/616 618/618/609
f 626/626/617 625/625/616 624/624/615
f 627/627/618 628/628/619 621/621/612
f 621/621/612 629/629/620 627/627/618
f 630/630/621 629/629/620 621/621/612
f 622/622/613 630/630/621 621/621/612
f 631/631/622 630/630/621 622/622/613
f 622/622/613 632/632/623 631/631/622
f 631/631/622 632/632/623 633/633/624
f 634/634/625 633/633/624 632/632/623
f 634/634/625 632/632/623 603/603/594
f 603/603/594 602/602/593 634/634/625
f 635/635/626 636/636/545 637/637/544
f 635/635/626 637/637/544 629/629/620
f 629/629/620 630/630/621 635/635/626
f 638/638/627 639/639/628 640/640/629
f 640/640/629 641/641/630 638/638/627
f 642/642/631 638/638/627 641/641/630
f 641/641/630 643/643/632 642/642/631
f 644/644/633 642/642/631 643/643/632
f 643/643/632 645/645/634 644/644/633
f 646/646/635 644/644/633 645/645/634
f 645/645/634 647/647/636 646/646/635
f 648/648/637 646/646/635 647/647/636
f 647/647/636 649/649/638 648/648/637
f 648/648/637 649/649/638 650/650/439
f 650/650/439 651/651/639 648/648/637
f 652/652/640 653/653/641 654/654/640
f 654/654/640 655/655/642 652/652/640
f 656/656/643 657/657/644 658/658/643
f 658/658/643 659/659/645 656/656/643
f 660/660/646 661/661/647 662/662/648
f 662/662/648 663/663/649 660/660/646
f 664/664/650 660/660/646 663/663/649
f 663/663/649 665/665/651 664/664/650
f 666/666/652 667/667/629 668/668/628
f 668/668/628 669/669/653 666/666/652
f 670/670/654 666/666/652 669/669/653
f 669/669/653 671/671/655 670/670/654
f 672/672/656 670/670/654 671/671/655
f 671/671/655 673/673/657 672/672/656
f 674/674/658 672/672/656 673/673/657
f 673/673/657 675/675/659 674/674/658
f 676/676/660 674/674/658 675/675/659
f 675/675/659 677/677/661 676/676/660
f 616/616/607 618/618/609 625/625/616
f 625/625/616 678/678/662 616/616/607
f 614/614/605 616/616/607 678/678/662
f 678/678/662 679/679/663 614/614/605
f 613/613/604 614/614/605 679/679/663
f 612/612/603 613/613/604 679/679/663
f 679/679/663 680/680/664 612/612/603
f 583/583/574 612/612/603 680/680/664
f 519/519/511 583/583/574 680/680/664
f 680/680/664 520/520/512 519/519/511
f 681/681/665 682/682/666 683/683/667
f 684/684/668 685/685/669 686/686/670
f 686/686/670 687/687/671 684/684/668
f 687/687/671 686/686/670 681/681/665
f 681/681/665 683/683/667 687/687/671
f 688/688/672 687/687/671 683/683/667
f 683/683/667 689/689/673 688/688/672
f 689/689/673 690/690/674 688/688/672
f 690/690/674 689/689/673 691/691/675
f 691/691/675 689/689/673 692/692/676
f 692/692/676 693/693/677 691/691/675
f 684/684/668 687/687/671 694/694/678
f 694/694/678 695/695/679 684/684/668
f 696/696/680 695/695/679 694/694/678
f 681/681/665 697/697/681 698/698/682
f 698/698/682 682/682/666 681/681/665
f 699/699/683 682/682/666 698/698/682
f 692/692/676 682/682/666 699/699/683
f 693/693/677 692/692/676 699/699/683
f 700/700/684 693/693/677 699/699/683
f 701/701/685 693/693/677 700/700/684
f 700/700/684 702/702/686 701/701/685
f 702/702/686 703/703/687 701/701/685
f 703/703/687 702/702/686 704/704/688
f 705/705/689 706/706/690 707/707/691
f 708/708/692 707/707/691 706/706/690
f 706/706/690 699/699/683 708/708/692
f 699/699/683 706/706/690 700/700/684
f 704/704/688 702/702/686 705/705/689
f 705/705/689 709/709/693 704/704/688
f 709/709/693 705/705/689 707/707/691
f 710/710/694 709/709/693 707/707/691
f 707/707/691 711/711/695 710/710/694
f 711/711/695 707/707/691 712/712/696
f 713/713/697 711/711/695 712/712/696
f 714/714/698 711/711/695 713/713/697
f 715/715/699 714/714/698 713/713/697
f 714/714/698 715/715/699 716/716/700
f 716/716/700 717/717/701 714/714/698
f 718/718/702 717/717/701 716/716/700
f 717/717/701 718/718/702 719/719/703
f 710/710/694 717/717/701 719/719/703
f 719/719/703 709/709/693 710/710/694
f 720/720/704 721/721/705 722/722/706
f 721/721/705 723/723/707 722/722/706
f 722/722/706 723/723/707 724/724/708
f 723/723/707 713/713/697 724/724/708
f 713/713/697 723/723/707 725/725/709
f 725/725/709 715/715/699 713/713/697
f 726/726/710 715/715/699 725/725/709
f 725/725/709 727/727/711 726/726/710
f 727/727/711 728/728/712 726/726/710
f 728/728/712 727/727/711 729/729/713
f 729/729/713 727/727/711 721/721/705
f 721/721/705 720/720/704 729/729/713
f 730/730/714 731/731/715 732/732/716
f 732/732/716 733/733/717 730/730/714
f 733/733/717 734/734/718 730/730/714
f 734/734/718 733/733/717 735/735/719
f 735/735/719 736/736/720 734/734/718
f 737/737/721 736/736/720 735/735/719
f 736/736/720 737/737/721 738/738/722
f 739/739/723 736/736/720 738/738/722
f 738/738/722 720/720/704 739/739/723
f 739/739/723 720/720/704 722/722/706
f 734/734/718 740/740/724 730/730/714
f 741/741/725 730/730/714 740/740/724
f 740/740/724 722/722/706 741/741/725
f 722/722/706 740/740/724 739/739/723
f 742/742/726 733/733/717 732/732/716
f 732/732/716 743/743/727 742/742/726
f 743/743/727 744/744/728 742/742/726
f 744/744/728 743/743/727 745/745/729
f 745/745/729 743/743/727 746/746/730
f 746/746/730 747/747/731 745/745/729
f 747/747/731 746/746/730 748/748/732
f 746/746/730 731/731/715 748/748/732
f 748/748/732 731/731/715 749/749/733
f 731/731/715 730/730/714 749/749/733
f 750/750/734 747/747/731 748/748/732
f 751/751/735 747/747/731 750/750/734
f 750/750/734 752/752/736 751/751/735
f 752/752/736 753/753/737 751/751/735
f 753/753/737 752/752/736 754/754/738
f 754/754/738 752/752/736 755/755/739
f 755/755/739 756/756/740 754/754/738
f 757/757/679 758/758/741 759/759/742
f 760/760/743 757/757/679 759/759/742
f 759/759/742 756/756/740 760/760/743
f 761/761/744 760/760/743 756/756/740
f 761/761/744 756/756/740 755/755/739
f 762/762/617 761/761/744 755/755/739
f 755/755/739 763/763/745 762/762/617
f 762/762/617 763/763/745 764/764/746
f 763/763/745 748/748/732 764/764/746
f 748/748/732 763/763/745 750/750/734
f 764/764/746 765/765/747 762/762/617
f 761/761/744 762/762/617 766/766/615
f 761/761/744 767/767/748 768/768/749
f 768/768/749 760/760/743 761/761/744
f 769/769/750 770/770/751 771/771/750
f 771/771/750 772/772/752 769/769/750
f 773/773/753 774/774/754 775/775/753
f 775/775/753 776/776/755 773/773/753
f 777/777/756 778/778/757 779/779/758
f 779/779/758 780/780/759 777/777/756
f 781/781/760 777/777/756 780/780/759
f 780/780/759 782/782/761 781/781/760
f 783/783/762 784/784/763 785/785/764
f 786/786/765 787/787/766 785/785/764
f 788/788/767 785/785/764 787/787/766
f 785/785/764 788/788/767 783/783/762
f 789/789/768 783/783/762 788/788/767
f 788/788/767 790/790/769 789/789/768
f 791/791/770 787/787/766 786/786/765
f 786/786/765 792/792/771 791/791/770
f 793/793/772 792/792/771 786/786/765
f 786/786/765 794/794/773 793/793/772
f 795/795/774 791/791/770 796/796/775
f 797/797/776 796/796/775 791/791/770
f 791/791/770 792/792/771 797/797/776
f 798/798/777 797/797/776 792/792/771
f 792/792/771 793/793/772 798/798/777
f 799/799/778 798/798/777 793/793/772
f 793/793/772 794/794/773 799/799/778
f 800/800/779 799/799/778 794/794/773
f 794/794/773 786/786/765 800/800/779
f 785/785/764 800/800/779 786/786/765
f 798/798/777 799/799/778 801/801/780
f 801/801/780 802/802/781 798/798/777
f 798/798/777 802/802/781 803/803/782
f 803/803/782 797/797/776 798/798/777
f 804/804/780 799/799/778 800/800/779
f 800/800/779 805/805/783 804/804/780
f 805/805/783 800/800/779 785/785/764
f 785/785/764 806/806/784 805/805/783
f 807/807/785 808/808/786 809/809/787
f 810/810/788 811/811/789 812/812/790
f 811/811/789 810/810/788 807/807/785
f 807/807/785 813/813/791 811/811/789
f 813/813/791 807/807/785 814/814/792
f 809/809/787 814/814/792 807/807/785
f 814/814/792 809/809/787 815/815/793
f 815/815/793 816/816/794 814/814/792
f 817/817/795 818/818/786 807/807/785
f 807/807/785 810/810/788 817/817/795
f 817/817/795 810/810/788 819/819/796
f 812/812/790 819/819/796 810/810/788
f 820/820/797 819/819/796 812/812/790
f 812/812/790 821/821/798 820/820/797
f 820/820/797 821/821/798 822/822/799
f 822/822/799 821/821/798 812/812/790
f 812/812/790 823/823/800 822/822/799
f 823/823/800 812/812/790 811/811/789
f 824/824/801 819/819/796 820/820/797
f 820/820/797 825/825/802 824/824/801
f 825/825/802 820/820/797 826/826/803
f 822/822/799 826/826/803 820/820/797
f 827/827/804 826/826/803 822/822/799
f 822/822/799 823/823/800 827/827/804
f 827/827/804 823/823/800 828/828/805
f 826/826/803 829/829/806 825/825/802
f 811/811/789 828/828/805 823/823/800
f 828/828/805 811/811/789 813/813/791
f 813/813/791 830/830/807 828/828/805
f 814/814/792 830/830/807 813/813/791
f 828/828/805 830/830/807 814/814/792
f 814/814/792 816/816/794 828/828/805
f 828/828/805 816/816/794 827/827/804
f 827/827/804 816/816/794 831/831/808
f 831/831/808 832/832/809 827/827/804
f 826/826/803 827/827/804 832/832/809
f 832/832/809 833/833/806 826/826/803
f 834/834/810 835/835/811 836/836/810
f 836/836/810 837/837/812 834/834/810
f 838/838/813 839/839/814 840/840/813
f 840/840/813 841/841/815 838/838/813
f 842/842/816 843/843/817 844/844/818
f 844/844/818 845/845/819 842/842/816
f 846/846/820 842/842/816 845/845/819
f 845/845/819 847/847/821 846/846/820
f 819/819/796 848/848/801 817/817/795
f 849/849/822 850/850/823 851/851/824
f 851/851/824 852/852/825 849/849/822
f 853/853/826 854/854/827 855/855/826
f 855/855/826 856/856/828 853/853/826
f 857/857/829 858/858/830 859/859/831
f 859/859/831 860/860/832 857/857/829
f 861/861/833 857/857/829 860/860/832
f 860/860/832 862/862/834 861/861/833
f 863/863/835 864/864/836 865/865/837
f 401/401/395 865/865/837 864/864/836
f 866/866/838 865/865/837 401/401/395
f 865/865/837 866/866/838 867/867/839
f 867/867/839 863/863/835 865/865/837
f 863/863/835 867/867/839 868/868/840
f 868/868/840 869/869/841 863/863/835
f 863/863/835 869/869/841 870/870/842
f 870/870/842 864/864/836 863/863/835
f 864/864/836 870/870/842 871/871/843
f 871/871/843 872/872/844 864/864/836
f 873/873/845 872/872/844 871/871/843
f 872/872/844 873/873/845 874/874/846
f 871/871/843 875/875/847 873/873/845
f 876/876/848 868/868/840 867/867/839
f 877/877/849 876/876/848 867/867/839
f 878/878/850 879/879/851 880/880/852
f 879/879/851 878/878/850 881/881/843
f 882/882/853 881/881/843 878/878/850
f 881/881/843 882/882/853 883/883/854
f 874/874/846 883/883/854 882/882/853
f 882/882/853 884/884/855 874/874/846
f 874/874/846 884/884/855 872/872/844
f 872/872/844 884/884/855 400/400/394
f 400/400/394 864/864/836 872/872/844
f 864/864/836 400/400/394 401/401/395
f 883/883/854 885/885/847 881/881/843
f 396/396/390 400/400/394 884/884/855
f 397/397/391 396/396/390 884/884/855
f 884/884/855 882/882/853 397/397/391
f 404/404/398 397/397/391 882/882/853
f 878/878/850 404/404/398 882/882/853
f 404/404/398 878/878/850 402/402/396
f 880/880/852 402/402/396 878/878/850
f 886/886/856 402/402/396 880/880/852
f 880/880/852 887/887/840 886/886/856
f 888/888/857 886/886/856 887/887/840
f 889/889/858 890/890/859 891/891/860
f 888/888/857 891/891/860 890/890/859
f 890/890/859 413/413/407 888/888/857
f 413/413/407 886/886/856 888/888/857
f 402/402/396 886/886/856 413/413/407
f 413/413/407 890/890/859 412/412/406
f 421/421/415 412/412/406 890/890/859
f 421/421/415 890/890/859 889/889/858
f 422/422/416 421/421/415 889/889/858
f 889/889/858 892/892/861 422/422/416
f 422/422/416 892/892/861 426/426/420
f 426/426/420 892/892/861 893/893/862
f 894/894/863 893/893/862 892/892/861
f 892/892/861 889/889/858 894/894/863
f 891/891/860 894/894/863 889/889/858
f 887/887/840 895/895/848 888/888/857
f 888/888/857 895/895/848 896/896/849
f 896/896/849 891/891/860 888/888/857
f 897/897/864 891/891/860 896/896/849
f 897/897/864 894/894/863 891/891/860
f 894/894/863 897/897/864 898/898/865
f 898/898/865 893/893/862 894/894/863
f 899/899/866 893/893/862 898/898/865
f 893/893/862 899/899/866 426/426/420
f 899/899/866 427/427/421 426/426/420
f 898/898/865 900/900/867 899/899/866
f 899/899/866 900/900/867 427/427/421
f 901/901/868 902/902/869 903/903/868
f 903/903/868 904/904/870 901/901/868
f 905/905/871 906/906/872 907/907/873
f 907/907/873 908/908/874 905/905/871
f 909/909/875 910/910/876 911/911/876
f 911/911/876 912/912/877 909/909/875
f 913/913/878 909/909/875 912/912/877
f 912/912/877 914/914/879 913/913/878
f 915/915/880 916/916/881 917/917/882
f 916/916/881 918/918/883 919/919/884
f 919/919/884 920/920/885 916/916/881
f 916/916/881 920/920/885 917/917/882
f 921/921/886 917/917/882 920/920/885
f 922/922/887 917/917/882 921/921/886
f 923/923/888 922/922/887 921/921/886
f 921/921/886 924/924/889 923/923/888
f 924/924/889 921/921/886 925/925/890
f 925/925/890 926/926/891 924/924/889
f 927/927/892 926/926/891 925/925/890
f 925/925/890 928/928/893 927/927/892
f 929/929/894 927/927/892 928/928/893
f 928/928/893 930/930/895 929/929/894
f 930/930/895 928/928/893 931/931/896
f 920/920/885 931/931/896 928/928/893
f 928/928/893 925/925/890 920/920/885
f 920/920/885 925/925/890 921/921/886
f 932/932/897 933/933/898 934/934/897
f 934/934/897 935/935/899 932/932/897
f 936/936/900 937/937/901 938/938/900
f 938/938/900 939/939/902 936/936/900
f 940/940/903 941/941/904 942/942/903
f 942/942/903 943/943/905 940/940/903
f 944/944/906 945/945/907 946/946/908
f 946/946/908 947/947/909 944/944/906
f 948/948/910 944/944/906 947/947/909
f 947/947/909 949/949/911 948/948/910
f 950/950/912 951/951/913 952/952/914
f 953/953/915 954/954/916 950/950/912
f 950/950/912 955/955/917 953/953/915
f 955/955/917 950/950/912 952/952/914
f 952/952/914 956/956/918 955/955/917
f 956/956/918 957/957/919 955/955/917
f 958/958/920 959/959/921 915/915/880
f 915/915/880 951/951/913 958/958/920
f 951/951/913 915/915/880 917/917/882
f 917/917/882 952/952/914 951/951/913
f 922/922/887 952/952/914 917/917/882
f 956/956/918 952/952/914 922/922/887
f 922/922/887 960/960/922 956/956/918
f 957/957/919 956/956/918 960/960/922
f 960/960/922 961/961/923 957/957/919
f 957/957/919 961/961/923 962/962/924
f 962/962/924 963/963/925 957/957/919
f 960/960/922 964/964/926 961/961/923
f 964/964/926 960/960/922 965/965/927
f 965/965/927 960/960/922 922/922/887
f 922/922/887 966/966/928 965/965/927
f 965/965/927 966/966/928 967/967/929
f 968/968/930 967/967/929 966/966/928
f 969/969/931 970/970/932 964/964/926
f 964/964/926 971/971/933 969/969/931
f 965/965/927 971/971/933 964/964/926
f 972/972/934 971/971/933 965/965/927
f 967/967/929 972/972/934 965/965/927
f 972/972/934 967/967/929 973/973/935
f 973/973/935 974/974/936 972/972/934
f 975/975/937 976/976/938 968/968/930
f 968/968/930 977/977/939 975/975/937
f 977/977/939 968/968/930 966/966/928
f 966/966/928 978/978/940 977/977/939
f 978/978/940 966/966/928 922/922/887
f 979/979/941 978/978/940 922/922/887
f 979/979/941 922/922/887 923/923/888
f 923/923/888 980/980/942 979/979/941
f 979/979/941 980/980/942 981/981/943
f 981/981/943 982/982/944 979/979/941
f 983/983/945 977/977/939 978/978/940
f 984/984/946 985/985/947 983/983/945
f 983/983/945 986/986/948 984/984/946
f 986/986/948 983/983/945 978/978/940
f 982/982/944 986/986/948 978/978/940
f 978/978/940 979/979/941 982/982/944
f 987/987/949 982/982/944 981/981/943
f 986/986/948 982/982/944 987/987/949
f 987/987/949 988/988/950 986/986/948
f 987/987/949 989/989/951 988/988/950
f 990/990/952 989/989/951 987/987/949
f 987/987/949 991/991/953 990/990/952
f 981/981/943 991/991/953 987/987/949
f 992/992/954 993/993/955 994/994/956
f 994/994/956 995/995/957 992/992/954
f 996/996/958 992/992/954 995/995/957
f 995/995/957 997/997/959 996/996/958
f 998/998/960 999/999/961 1000/1000/962
f 998/998/960 1001/1001/963 1002/1002/964
f 1000/1000/962 1001/1001/963 998/998/960
f 1001/1001/963 1000/1000/962 1003/1003/965
f 1003/1003/965 1004/1004/966 1001/1001/963
f 1005/1005/967 1004/1004/966 1003/1003/965
f 1001/1001/963 1004/1004/966 1005/1005/967
f 1005/1005/967 1002/1002/964 1001/1001/963
f 1006/1006/961 1007/1007/968 1008/1008/969
f 1008/1008/969 1009/1009/970 1006/1006/961
f 1009/1009/970 1008/1008/969 1010/1010/971
f 1010/1010/971 1003/1003/965 1009/1009/970
f 1003/1003/965 1010/1010/971 1005/1005/967
f 1005/1005/967 1010/1010/971 1011/1011/969
f 1011/1011/969 1002/1002/964 1005/1005/967
f 1002/1002/964 1011/1011/969 1012/1012/972
f 1012/1012/972 1013/1013/973 1002/1002/964
f 1002/1002/964 1013/1013/973 998/998/960
f 1014/1014/974 1015/1015/975 1016/1016/976
f 1017/1017/977 1018/1018/978 1019/1019/979
f 1019/1019/979 1016/1016/976 1017/1017/977
f 1016/1016/976 1019/1019/979 1014/1014/974
f 1014/1014/974 1019/1019/979 1020/1020/980
f 1020/1020/980 1021/1021/981 1014/1014/974
f 1015/1015/975 1014/1014/974 1021/1021/981
f 1021/1021/981 1022/1022/982 1015/1015/975
f 1016/1016/976 1015/1015/975 1022/1022/982
f 1022/1022/982 1023/1023/983 1016/1016/976
f 1024/1024/984 1025/1025/929 1026/1026/985
f 1027/1027/986 1028/1028/987 1029/1029/988
f 1029/1029/988 1028/1028/987 1030/1030/989
f 1030/1030/989 1031/1031/990 1029/1029/988
f 1030/1030/989 1032/1032/991 1031/1031/990
f 1033/1033/992 1031/1031/990 1032/1032/991
f 1032/1032/991 1026/1026/985 1033/1033/992
f 1034/1034/993 1033/1033/992 1026/1026/985
f 1034/1034/993 1026/1026/985 1025/1025/929
f 1025/1025/929 1035/1035/994 1034/1034/993
f 1036/1036/995 1034/1034/993 1035/1035/994
f 1035/1035/994 1037/1037/996 1036/1036/995
f 1036/1036/995 1037/1037/996 1038/1038/937
f 1038/1038/937 1039/1039/997 1036/1036/995
f 1040/1040/998 1039/1039/997 1038/1038/937
f 1036/1036/995 1039/1039/997 1040/1040/998
f 1040/1040/998 1034/1034/993 1036/1036/995
f 1033/1033/992 1034/1034/993 1040/1040/998
f 1040/1040/998 1041/1041/999 1033/1033/992
f 1040/1040/998 1042/1042/1000 1041/1041/999
f 1043/1043/951 1041/1041/999 1042/1042/1000
f 1038/1038/937 1044/1044/1001 1040/1040/998
f 1042/1042/1000 1040/1040/998 1044/1044/1001
f 1044/1044/1001 1045/1045/945 1042/1042/1000
f 1046/1046/1002 1042/1042/1000 1045/1045/945
f 1045/1045/945 1047/1047/947 1046/1046/1002
f 1046/1046/1002 1047/1047/947 1048/1048/1003
f 1042/1042/1000 1049/1049/1004 1043/1043/951
f 1049/1049/1004 1042/1042/1000 1046/1046/1002
f 1046/1046/1002 1050/1050/1005 1049/1049/1004
f 1048/1048/1003 1050/1050/1005 1046/1046/1002
f 1049/1049/1004 1050/1050/1005 1048/1048/1003
f 1048/1048/1003 1051/1051/1006 1049/1049/1004
f 1052/1052/1007 1053/1053/1008 1054/1054/1009
f 1055/1055/1010 1056/1056/885 1053/1053/1008
f 1053/1053/1008 1052/1052/1007 1055/1055/1010
f 1055/1055/1010 1052/1052/1007 1057/1057/1011
f 1054/1054/1009 1057/1057/1011 1052/1052/1007
f 1057/1057/1011 1054/1054/1009 1058/1058/881
f 1058/1058/881 1059/1059/1012 1057/1057/1011
f 1059/1059/1012 1058/1058/881 1060/1060/880
f 1060/1060/880 1061/1061/1013 1059/1059/1012
f 1061/1061/1013 1062/1062/1014 1059/1059/1012
f 1063/1063/1015 1062/1062/1014 1061/1061/1013
f 1057/1057/1011 1059/1059/1012 1055/1055/1010
f 1055/1055/1010 1059/1059/1012 1062/1062/1014
f 1062/1062/1014 1064/1064/895 1055/1055/1010
f 1065/1065/1016 1066/1066/1017 1067/1067/1018
f 1067/1067/1018 1068/1068/921 1065/1065/1016
f 1060/1060/880 1068/1068/921 1067/1067/1018
f 1067/1067/1018 1061/1061/1013 1060/1060/880
f 1069/1069/1019 1061/1061/1013 1067/1067/1018
f 1061/1061/1013 1069/1069/1019 1063/1063/1015
f 1069/1069/1019 1070/1070/1020 1063/1063/1015
f 1071/1071/1021 1063/1063/1015 1070/1070/1020
f 1070/1070/1020 1072/1072/1022 1071/1071/1021
f 1073/1073/1023 1071/1071/1021 1072/1072/1022
f 1067/1067/1018 1066/1066/1017 1069/1069/1019
f 1069/1069/1019 1066/1066/1017 1065/1065/1016
f 1065/1065/1016 1074/1074/913 1069/1069/1019
f 1069/1069/1019 1074/1074/913 1075/1075/1024
f 1075/1075/1024 1070/1070/1020 1069/1069/1019
f 1076/1076/1025 1070/1070/1020 1075/1075/1024
f 1072/1072/1022 1070/1070/1020 1076/1076/1025
f 1076/1076/1025 1077/1077/1026 1072/1072/1022
f 1072/1072/1022 1077/1077/1026 1078/1078/915
f 1078/1078/915 1077/1077/1026 1076/1076/1025
f 1076/1076/1025 1079/1079/1027 1078/1078/915
f 1075/1075/1024 1079/1079/1027 1076/1076/1025
f 1078/1078/915 1080/1080/1028 1072/1072/1022
f 1072/1072/1022 1080/1080/1028 1081/1081/1029
f 1081/1081/1029 1073/1073/1023 1072/1072/1022
f 1082/1082/1030 1073/1073/1023 1081/1081/1029
f 1081/1081/1029 1083/1083/925 1082/1082/1030
f 1082/1082/1030 1083/1083/925 1084/1084/1031
f 1084/1084/1031 1085/1085/1032 1082/1082/1030
f 1027/1027/986 1085/1085/1032 1084/1084/1031
f 1082/1082/1030 1085/1085/1032 1027/1027/986
f 1027/1027/986 1073/1073/1023 1082/1082/1030
f 1073/1073/1023 1027/1027/986 1029/1029/988
f 1029/1029/988 1071/1071/1021 1073/1073/1023
f 1084/1084/1031 1086/1086/923 1027/1027/986
f 1027/1027/986 1086/1086/923 1087/1087/1033
f 1087/1087/1033 1028/1028/987 1027/1027/986
f 1088/1088/1034 1028/1028/987 1087/1087/1033
f 1030/1030/989 1028/1028/987 1088/1088/1034
f 1088/1088/1034 1089/1089/1035 1030/1030/989
f 1030/1030/989 1089/1089/1035 1090/1090/1036
f 1090/1090/1036 1089/1089/1035 1088/1088/1034
f 1088/1088/1034 1091/1091/932 1090/1090/1036
f 1087/1087/1033 1091/1091/932 1088/1088/1034
f 1090/1090/1036 1092/1092/933 1030/1030/989
f 1032/1032/991 1030/1030/989 1092/1092/933
f 1092/1092/933 1093/1093/1037 1032/1032/991
f 1094/1094/1038 1032/1032/991 1093/1093/1037
f 1093/1093/1037 1095/1095/1039 1094/1094/1038
f 1094/1094/1038 1095/1095/1039 1024/1024/984
f 1024/1024/984 1096/1096/1040 1094/1094/1038
f 1026/1026/985 1096/1096/1040 1024/1024/984
f 1094/1094/1038 1096/1096/1040 1026/1026/985
f 1026/1026/985 1032/1032/991 1094/1094/1038
f 1097/1097/1041 1098/1098/1042 1099/1099/1041
f 1099/1099/1041 1100/1100/1043 1097/1097/1041
f 1101/1101/1044 1102/1102/1045 1103/1103/1046
f 1103/1103/1046 1104/1104/1047 1101/1101/1044
f 1105/1105/1048 1106/1106/1049 1107/1107/1050
f 1107/1107/1050 1108/1108/1051 1105/1105/1048
f 1109/1109/1052 1105/1105/1048 1108/1108/1051
f 1108/1108/1051 1110/1110/1053 1109/1109/1052
f 1111/1111/1054 1112/1112/1055 1113/1113/1056
f 1113/1113/1056 1112/1112/1055 1114/1114/1057
f 1114/1114/1057 1115/1115/1058 1113/1113/1056
f 1116/1116/1059 1115/1115/1058 1114/1114/1057
f 1114/1114/1057 1117/1117/1060 1116/1116/1059
f 1118/1118/407 1116/1116/1059 1117/1117/1060
f 1119/1119/1061 1120/1120/1062 1121/1121/1061
f 1121/1121/1061 1122/1122/1063 1119/1119/1061
f 1123/1123/1064 1124/1124/1065 1125/1125/1064
f 1125/1125/1064 1126/1126/1066 1123/1123/1064
s 0
f 1127/1127/1067 1128/1128/1067 1129/1129/1067
f 1129/1129/1067 1130/1130/1067 1127/1127/1067
f 1127/1127/1067 1130/1130/1067 1131/1131/1067
f 1131/1131/1067 1132/1132/1067 1127/1127/1067
f 1132/1132/1067 1131/1131/1067 1133/1133/1067
f 1133/1133/1067 1134/1134/1067 1132/1132/1067
s 1
f 796/796/775 797/797/776 1135/1135/1068
f 1135/1135/1068 1136/1136/1069 796/796/775
f 796/796/775 1136/1136/1069 1137/1137/768
f 1137/1137/768 790/790/769 796/796/775
f 796/796/775 790/790/769 795/795/774
f 795/795/774 790/790/769 788/788/767
f 788/788/767 1138/1138/1070 795/795/774
f 787/787/766 1138/1138/1070 788/788/767
f 795/795/774 1138/1138/1070 787/787/766
f 787/787/766 791/791/770 795/795/774
f 1139/1139/1071 1140/1140/1072 1141/1141/1073
f 1141/1141/1073 1140/1140/1072 1142/1142/1074
f 1141/1141/1073 1143/1143/1075 1139/1139/1071
f 1139/1139/1071 1143/1143/1075 1144/1144/1076
f 1144/1144/1076 1145/1145/1077 1139/1139/1071
f 1146/1146/1078 1139/1139/1071 1145/1145/1077
f 1140/1140/1072 1139/1139/1071 1146/1146/1078
f 1146/1146/1078 1147/1147/1079 1140/1140/1072
f 1140/1140/1072 1147/1147/1079 1148/1148/1080
f 1148/1148/1080 1142/1142/1074 1140/1140/1072
f 1149/1149/1081 1142/1142/1074 1148/1148/1080
f 1148/1148/1080 1150/1150/1082 1149/1149/1081
f 1149/1149/1081 1150/1150/1082 1151/1151/1083
f 1152/1152/1060 1153/1153/1084 1150/1150/1082
f 1150/1150/1082 1148/1148/1080 1152/1152/1060
f 1154/1154/1085 1152/1152/1060 1148/1148/1080
f 1148/1148/1080 1147/1147/1079 1154/1154/1085
f 1155/1155/1086 1154/1154/1085 1147/1147/1079
f 1147/1147/1079 1146/1146/1078 1155/1155/1086
f 1155/1155/1086 1146/1146/1078 1156/1156/1087
f 1145/1145/1077 1156/1156/1087 1146/1146/1078
f 1157/1157/1088 1156/1156/1087 1145/1145/1077
f 1145/1145/1077 1158/1158/1089 1157/1157/1088
f 1157/1157/1088 1159/1159/1056 1160/1160/1090
f 1160/1160/1090 1156/1156/1087 1157/1157/1088
f 1156/1156/1087 1160/1160/1090 1155/1155/1086
f 1158/1158/1089 1161/1161/1091 1162/1162/1092
f 1162/1162/1092 1163/1163/1093 1158/1158/1089
f 1157/1157/1088 1158/1158/1089 1163/1163/1093
f 1163/1163/1093 1164/1164/1094 1157/1157/1088
f 1159/1159/1056 1157/1157/1088 1164/1164/1094
f 1164/1164/1094 1165/1165/1054 1159/1159/1056
f 1165/1165/1054 1164/1164/1094 1151/1151/1083
f 1151/1151/1083 1166/1166/1055 1165/1165/1054
f 1166/1166/1055 1151/1151/1083 1150/1150/1082
f 1150/1150/1082 1153/1153/1084 1166/1166/1055
f 1151/1151/1083 1167/1167/1095 1149/1149/1081
f 1167/1167/1095 1151/1151/1083 1164/1164/1094
f 1164/1164/1094 1163/1163/1093 1167/1167/1095
f 1167/1167/1095 1163/1163/1093 1162/1162/1092
f 1162/1162/1092 1168/1168/1096 1167/1167/1095
f 1169/1169/1097 1168/1168/1096 1162/1162/1092
f 1170/1170/1098 1168/1168/1096 1169/1169/1097
f 1167/1167/1095 1168/1168/1096 1170/1170/1098
f 1158/1158/1089 1145/1145/1077 1144/1144/1076
f 1144/1144/1076 1161/1161/1091 1158/1158/1089
f 1143/1143/1075 1161/1161/1091 1144/1144/1076
f 1162/1162/1092 1161/1161/1091 1143/1143/1075
f 1143/1143/1075 1141/1141/1073 1162/1162/1092
f 1162/1162/1092 1141/1141/1073 1169/1169/1097
f 1142/1142/1074 1169/1169/1097 1141/1141/1073
f 1170/1170/1098 1169/1169/1097 1142/1142/1074
f 1142/1142/1074 1149/1149/1081 1170/1170/1098
f 1170/1170/1098 1149/1149/1081 1167/1167/1095
f 1171/1171/1099 1172/1172/1100 1173/1173/421
f 1171/1171/1099 1173/1173/421 1174/1174/1101
f 1175/1175/867 1174/1174/1101 1173/1173/421
f 1174/1174/1101 1175/1175/867 1176/1176/865
f 1177/1177/1102 1178/1178/1103 1176/1176/865
f 1176/1176/865 1178/1178/1103 1174/1174/1101
f 1174/1174/1101 1178/1178/1103 1179/1179/1104
f 1179/1179/1104 1171/1171/1099 1174/1174/1101
f 1171/1171/1099 1179/1179/1104 1180/1180/1105
f 1180/1180/1105 1172/1172/1100 1171/1171/1099
f 440/440/433 1172/1172/1100 1180/1180/1105
f 1172/1172/1100 440/440/433 441/441/421
f 1180/1180/1105 438/438/431 440/440/433
f 436/436/429 438/438/431 1180/1180/1105
f 1180/1180/1105 1181/1181/1106 436/436/429
f 1181/1181/1106 434/434/427 436/436/429
f 1181/1181/1106 1182/1182/1107 434/434/427
f 1182/1182/1107 1181/1181/1106 1183/1183/1108
f 1182/1182/1107 1183/1183/1108 1177/1177/1102
f 1178/1178/1103 1177/1177/1102 1183/1183/1108
f 1183/1183/1108 1179/1179/1104 1178/1178/1103
f 1180/1180/1105 1179/1179/1104 1183/1183/1108
f 1183/1183/1108 1181/1181/1106 1180/1180/1105
f 393/393/387 401/401/395 394/394/388
f 401/401/395 393/393/387 866/866/838
f 866/866/838 393/393/387 391/391/385
f 434/434/427 866/866/838 391/391/385
f 867/867/839 866/866/838 434/434/427
f 434/434/427 1182/1182/1107 867/867/839
f 867/867/839 1182/1182/1107 877/877/849
f 1177/1177/1102 877/877/849 1182/1182/1107
f 1184/1184/864 877/877/849 1177/1177/1102
f 1176/1176/865 1184/1184/864 1177/1177/1102
f 1185/1185/1109 1186/1186/1110 1187/1187/1111
f 1188/1188/1112 1186/1186/1110 1189/1189/1113
f 1189/1189/1113 1186/1186/1110 1185/1185/1109
f 1185/1185/1109 1190/1190/1114 1189/1189/1113
f 1191/1191/1115 333/333/327 307/307/301
f 1191/1191/1115 1187/1187/1111 333/333/327
f 1192/1192/1116 1187/1187/1111 1191/1191/1115
f 1187/1187/1111 1192/1192/1116 1185/1185/1109
f 1193/1193/1117 1185/1185/1109 1192/1192/1116
f 1190/1190/1114 1185/1185/1109 1193/1193/1117
f 1193/1193/1117 292/292/286 1190/1190/1114
f 1194/1194/1118 1190/1190/1114 292/292/286
f 292/292/286 295/295/289 1194/1194/1118
f 302/302/296 1194/1194/1118 295/295/289
f 307/307/301 300/300/294 1191/1191/1115
f 301/301/295 1191/1191/1115 300/300/294
f 1191/1191/1115 301/301/295 1192/1192/1116
f 1192/1192/1116 301/301/295 293/293/287
f 293/293/287 1195/1195/1119 1192/1192/1116
f 1195/1195/1119 293/293/287 292/292/286
f 292/292/286 1193/1193/1117 1195/1195/1119
f 1192/1192/1116 1195/1195/1119 1193/1193/1117
f 1196/1196/1120 1197/1197/1121 1198/1198/1122
f 1198/1198/1122 1197/1197/1121 1199/1199/1123
f 1197/1197/1121 1188/1188/1112 1199/1199/1123
f 1188/1188/1112 1189/1189/1113 1199/1199/1123
f 1199/1199/1123 1189/1189/1113 1200/1200/1124
f 1200/1200/1124 1189/1189/1113 1190/1190/1114
f 1190/1190/1114 1194/1194/1118 1200/1200/1124
f 1201/1201/1125 1200/1200/1124 1194/1194/1118
f 1194/1194/1118 302/302/296 1201/1201/1125
f 349/349/343 1201/1201/1125 302/302/296
f 1199/1199/1123 1200/1200/1124 1201/1201/1125
f 1202/1202/1126 1203/1203/1127 1204/1204/1128
f 1203/1203/1127 1202/1202/1126 1198/1198/1122
f 1198/1198/1122 1205/1205/1129 1203/1203/1127
f 1205/1205/1129 1198/1198/1122 1199/1199/1123
f 1199/1199/1123 1206/1206/1130 1205/1205/1129
f 1201/1201/1125 1206/1206/1130 1199/1199/1123
f 1206/1206/1130 1201/1201/1125 1207/1207/1131
f 1207/1207/1131 1201/1201/1125 349/349/343
f 349/349/343 1208/1208/1132 1207/1207/1131
f 355/355/349 1208/1208/1132 349/349/343
f 1207/1207/1131 1209/1209/1133 1206/1206/1130
f 1206/1206/1130 1209/1209/1133 1210/1210/1134
f 1210/1210/1134 1205/1205/1129 1206/1206/1130
f 1205/1205/1129 1210/1210/1134 1211/1211/1135
f 1211/1211/1135 1203/1203/1127 1205/1205/1129
f 1204/1204/1128 1203/1203/1127 1211/1211/1135
f 1204/1204/1128 1211/1211/1135 1212/1212/1136
f 1212/1212/1136 1213/1213/1137 1204/1204/1128
f 1204/1204/1128 1213/1213/1137 1214/1214/1138
f 1215/1215/1139 1214/1214/1138 1213/1213/1137
f 1216/1216/1140 1217/1217/1141 1218/1218/1142
f 1212/1212/1136 1217/1217/1141 1216/1216/1140
f 1216/1216/1140 1213/1213/1137 1212/1212/1136
f 1213/1213/1137 1216/1216/1140 1215/1215/1139
f 1219/1219/1143 1214/1214/1138 1215/1215/1139
f 1215/1215/1139 1220/1220/1144 1219/1219/1143
f 1221/1221/1145 1219/1219/1143 1220/1220/1144
f 1219/1219/1143 1221/1221/1145 1222/1222/1146
f 1222/1222/1146 1223/1223/338 1224/1224/340
f 1225/1225/1147 1223/1223/338 1222/1222/1146
f 1221/1221/1145 1225/1225/1147 1222/1222/1146
f 1225/1225/1147 1221/1221/1145 1226/1226/1148
f 1220/1220/1144 1226/1226/1148 1221/1221/1145
f 1226/1226/1148 1220/1220/1144 1227/1227/1149
f 1227/1227/1149 1220/1220/1144 1215/1215/1139
f 1215/1215/1139 1228/1228/1150 1227/1227/1149
f 1228/1228/1150 1215/1215/1139 1216/1216/1140
f 1216/1216/1140 1229/1229/1151 1228/1228/1150
f 1230/1230/342 1231/1231/339 1225/1225/1147
f 1223/1223/338 1225/1225/1147 1231/1231/339
f 1232/1232/1152 1233/1233/1153 1234/1234/1154
f 1235/1235/1155 1232/1232/1152 1234/1234/1154
f 1234/1234/1154 1226/1226/1148 1235/1235/1155
f 1227/1227/1149 1235/1235/1155 1226/1226/1148
f 1236/1236/1156 1235/1235/1155 1227/1227/1149
f 1227/1227/1149 1237/1237/1157 1236/1236/1156
f 1236/1236/1156 1237/1237/1157 1238/1238/1158
f 1239/1239/1159 1238/1238/1158 1237/1237/1157
f 1240/1240/1160 1238/1238/1158 1239/1239/1159
f 1239/1239/1159 1229/1229/1151 1240/1240/1160
f 1239/1239/1159 1228/1228/1150 1229/1229/1151
f 1227/1227/1149 1228/1228/1150 1239/1239/1159
f 1239/1239/1159 1237/1237/1157 1227/1227/1149
f 1232/1232/1152 1235/1235/1155 1236/1236/1156
f 1236/1236/1156 1241/1241/1161 1232/1232/1152
f 1241/1241/1161 1236/1236/1156 1238/1238/1158
f 1238/1238/1158 1242/1242/1162 1241/1241/1161
f 1238/1238/1158 1240/1240/1160 1242/1242/1162
f 1218/1218/1142 1229/1229/1151 1216/1216/1140
f 1229/1229/1151 1218/1218/1142 1243/1243/1163
f 1243/1243/1163 1240/1240/1160 1229/1229/1151
f 1244/1244/351 1240/1240/1160 1243/1243/1163
f 1240/1240/1160 1244/1244/351 1245/1245/352
f 1242/1242/1162 1240/1240/1160 1245/1245/352
f 1246/1246/1164 1242/1242/1162 1245/1245/352
f 1246/1246/1164 1241/1241/1161 1242/1242/1162
f 1241/1241/1161 1246/1246/1164 1233/1233/1153
f 1233/1233/1153 1232/1232/1152 1241/1241/1161
f 1243/1243/1163 1247/1247/1165 1244/1244/351
f 1245/1245/352 1248/1248/1166 1246/1246/1164
f 1233/1233/1153 1246/1246/1164 1248/1248/1166
f 1248/1248/1166 1249/1249/354 1233/1233/1153
f 1233/1233/1153 1249/1249/354 1230/1230/342
f 1230/1230/342 1234/1234/1154 1233/1233/1153
f 1225/1225/1147 1234/1234/1154 1230/1230/342
f 1226/1226/1148 1234/1234/1154 1225/1225/1147
f 1250/1250/1167 1251/1251/1168 1252/1252/1169
f 1253/1253/1170 1254/1254/1171 1252/1252/1169
f 1252/1252/1169 1251/1251/1168 1253/1253/1170
f 1253/1253/1170 1251/1251/1168 1255/1255/1172
f 1255/1255/1172 1251/1251/1168 1250/1250/1167
f 1250/1250/1167 1256/1256/1173 1255/1255/1172
f 1257/1257/1174 1258/1258/1175 1256/1256/1173
f 1256/1256/1173 1250/1250/1167 1257/1257/1174
f 1259/1259/1176 1257/1257/1174 1250/1250/1167
f 1250/1250/1167 1260/1260/1177 1259/1259/1176
f 1261/1261/1178 1260/1260/1177 1250/1250/1167
f 1250/1250/1167 1252/1252/1169 1261/1261/1178
f 1261/1261/1178 1252/1252/1169 1262/1262/1179
f 1262/1262/1179 1252/1252/1169 1254/1254/1171
f 1262/1262/1179 1254/1254/1171 1263/1263/1180
f 1264/1264/1181 1263/1263/1180 1254/1254/1171
f 1188/1188/1112 1263/1263/1180 1264/1264/1181
f 1263/1263/1180 1188/1188/1112 1197/1197/1121
f 1197/1197/1121 1262/1262/1179 1263/1263/1180
f 1196/1196/1120 1262/1262/1179 1197/1197/1121
f 1262/1262/1179 1196/1196/1120 1261/1261/1178
f 1261/1261/1178 1196/1196/1120 1265/1265/1182
f 1260/1260/1177 1261/1261/1178 1265/1265/1182
f 1265/1265/1182 1266/1266/1183 1260/1260/1177
f 1260/1260/1177 1266/1266/1183 1267/1267/1184
f 1267/1267/1184 1266/1266/1183 1268/1268/1185
f 1269/1269/1186 1270/1270/1187 1268/1268/1185
f 1269/1269/1186 1268/1268/1185 1271/1271/1188
f 1265/1265/1182 1271/1271/1188 1268/1268/1185
f 1268/1268/1185 1266/1266/1183 1265/1265/1182
f 1272/1272/1189 1267/1267/1184 1273/1273/1190
f 1268/1268/1185 1273/1273/1190 1267/1267/1184
f 1273/1273/1190 1268/1268/1185 1270/1270/1187
f 1270/1270/1187 1274/1274/1191 1273/1273/1190
f 1275/1275/1192 1274/1274/1191 1270/1270/1187
f 1270/1270/1187 1276/1276/1193 1275/1275/1192
f 1277/1277/1194 1275/1275/1192 1276/1276/1193
f 1275/1275/1192 1277/1277/1194 1278/1278/1195
f 1279/1279/1196 1278/1278/1195 1277/1277/1194
f 1280/1280/1197 1278/1278/1195 1279/1279/1196
f 1281/1281/1198 1278/1278/1195 1280/1280/1197
f 1280/1280/1197 1282/1282/1199 1281/1281/1198
f 1281/1281/1198 1282/1282/1199 1283/1283/1200
f 1283/1283/1200 1284/1284/1201 1281/1281/1198
f 1275/1275/1192 1281/1281/1198 1284/1284/1201
f 1278/1278/1195 1281/1281/1198 1275/1275/1192
f 1285/1285/1202 1286/1286/1203 1284/1284/1201
f 1284/1284/1201 1287/1287/1204 1285/1285/1202
f 1284/1284/1201 1288/1288/1205 1287/1287/1204
f 1288/1288/1205 1284/1284/1201 1289/1289/471
f 1284/1284/1201 1283/1283/1200 1289/1289/471
f 1289/1289/471 1283/1283/1200 1290/1290/1206
f 1290/1290/1206 1283/1283/1200 1282/1282/1199
f 1282/1282/1199 1291/1291/337 1290/1290/1206
f 1292/1292/335 1291/1291/337 1282/1282/1199
f 1282/1282/1199 1280/1280/1197 1292/1292/335
f 1290/1290/1206 1293/1293/470 1289/1289/471
f 1224/1224/340 1294/1294/334 1292/1292/335
f 1292/1292/335 1280/1280/1197 1224/1224/340
f 1279/1279/1196 1224/1224/340 1280/1280/1197
f 1224/1224/340 1279/1279/1196 1222/1222/1146
f 1295/1295/1207 1222/1222/1146 1279/1279/1196
f 1222/1222/1146 1295/1295/1207 1219/1219/1143
f 1295/1295/1207 1296/1296/1208 1219/1219/1143
f 1214/1214/1138 1219/1219/1143 1296/1296/1208
f 1296/1296/1208 1297/1297/1209 1214/1214/1138
f 1214/1214/1138 1297/1297/1209 1204/1204/1128
f 1204/1204/1128 1297/1297/1209 1202/1202/1126
f 1279/1279/1196 1298/1298/1210 1295/1295/1207
f 1295/1295/1207 1298/1298/1210 1299/1299/1211
f 1299/1299/1211 1296/1296/1208 1295/1295/1207
f 1296/1296/1208 1299/1299/1211 1202/1202/1126
f 1202/1202/1126 1297/1297/1209 1296/1296/1208
f 1277/1277/1194 1300/1300/1212 1279/1279/1196
f 1300/1300/1212 1298/1298/1210 1279/1279/1196
f 1300/1300/1212 1301/1301/1213 1298/1298/1210
f 1298/1298/1210 1301/1301/1213 1269/1269/1186
f 1269/1269/1186 1299/1299/1211 1298/1298/1210
f 1299/1299/1211 1269/1269/1186 1271/1271/1188
f 1202/1202/1126 1299/1299/1211 1271/1271/1188
f 1202/1202/1126 1271/1271/1188 1265/1265/1182
f 1265/1265/1182 1198/1198/1122 1202/1202/1126
f 1196/1196/1120 1198/1198/1122 1265/1265/1182
f 1302/1302/468 1303/1303/470 1304/1304/1214
f 1305/1305/1215 1302/1302/468 1304/1304/1214
f 1304/1304/1214 1306/1306/1216 1305/1305/1215
f 1307/1307/1217 1305/1305/1215 1306/1306/1216
f 1307/1307/1217 1306/1306/1216 1308/1308/1218
f 1308/1308/1218 1309/1309/1219 1307/1307/1217
f 1310/1310/1220 1309/1309/1219 1308/1308/1218
f 1311/1311/1221 1309/1309/1219 1310/1310/1220
f 1311/1311/1221 1310/1310/1220 284/284/278
f 284/284/278 1312/1312/1222 1311/1311/1221
f 285/285/279 1312/1312/1222 284/284/278
f 1308/1308/1218 1313/1313/1223 1310/1310/1220
f 1310/1310/1220 1313/1313/1223 1314/1314/1224
f 1315/1315/1225 1305/1305/1215 1307/1307/1217
f 1307/1307/1217 1316/1316/1226 1315/1315/1225
f 1317/1317/1227 1316/1316/1226 1307/1307/1217
f 1309/1309/1219 1317/1317/1227 1307/1307/1217
f 1309/1309/1219 1311/1311/1221 1317/1317/1227
f 1317/1317/1227 1311/1311/1221 1318/1318/1228
f 1318/1318/1228 1311/1311/1221 1312/1312/1222
f 1312/1312/1222 1319/1319/1229 1318/1318/1228
f 1320/1320/1230 1319/1319/1229 1312/1312/1222
f 1321/1321/1231 1319/1319/1229 1320/1320/1230
f 1319/1319/1229 1321/1321/1231 1322/1322/1232
f 1322/1322/1232 1318/1318/1228 1319/1319/1229
f 1317/1317/1227 1318/1318/1228 1322/1322/1232
f 1317/1317/1227 1322/1322/1232 1323/1323/1233
f 1317/1317/1227 1323/1323/1233 1316/1316/1226
f 1321/1321/1231 1324/1324/1234 1323/1323/1233
f 1323/1323/1233 1322/1322/1232 1321/1321/1231
f 1320/1320/1230 1325/1325/1235 1321/1321/1231
f 1324/1324/1234 1321/1321/1231 1325/1325/1235
f 1325/1325/1235 1326/1326/1236 1324/1324/1234
f 1327/1327/1237 1326/1326/1236 1325/1325/1235
f 1312/1312/1222 285/285/279 1320/1320/1230
f 1328/1328/1238 1320/1320/1230 285/285/279
f 1325/1325/1235 1320/1320/1230 1328/1328/1238
f 1328/1328/1238 1329/1329/1239 1325/1325/1235
f 1325/1325/1235 1329/1329/1239 1327/1327/1237
f 1330/1330/1240 1327/1327/1237 1329/1329/1239
f 1331/1331/1241 1327/1327/1237 1330/1330/1240
f 1326/1326/1236 1327/1327/1237 1331/1331/1241
f 1331/1331/1241 1332/1332/1242 1326/1326/1236
f 1324/1324/1234 1326/1326/1236 1332/1332/1242
f 1333/1333/1243 1329/1329/1239 1328/1328/1238
f 1329/1329/1239 1333/1333/1243 1330/1330/1240
f 1330/1330/1240 1333/1333/1243 1334/1334/1244
f 1335/1335/1245 1334/1334/1244 1333/1333/1243
f 1336/1336/1246 1337/1337/1247 1335/1335/1245
f 1335/1335/1245 1337/1337/1247 1338/1338/1248
f 1338/1338/1248 1334/1334/1244 1335/1335/1245
f 1339/1339/1249 1334/1334/1244 1338/1338/1248
f 1334/1334/1244 1339/1339/1249 1330/1330/1240
f 1340/1340/1250 1330/1330/1240 1339/1339/1249
f 1330/1330/1240 1340/1340/1250 1331/1331/1241
f 1331/1331/1241 1340/1340/1250 1341/1341/1251
f 1341/1341/1251 1342/1342/1252 1331/1331/1241
f 1341/1341/1251 1343/1343/1253 1342/1342/1252
f 1344/1344/1254 1342/1342/1252 1345/1345/1255
f 1342/1342/1252 1344/1344/1254 1346/1346/1256
f 1346/1346/1256 1332/1332/1242 1342/1342/1252
f 1342/1342/1252 1332/1332/1242 1331/1331/1241
f 1346/1346/1256 1344/1344/1254 1347/1347/1257
f 1347/1347/1257 1348/1348/1258 1346/1346/1256
f 1332/1332/1242 1346/1346/1256 1324/1324/1234
f 1323/1323/1233 1324/1324/1234 1346/1346/1256
f 1346/1346/1256 1348/1348/1258 1323/1323/1233
f 1316/1316/1226 1323/1323/1233 1348/1348/1258
f 1348/1348/1258 1347/1347/1257 1316/1316/1226
f 1347/1347/1257 1315/1315/1225 1316/1316/1226
f 1347/1347/1257 1349/1349/1259 1315/1315/1225
f 1350/1350/1260 1349/1349/1259 1347/1347/1257
f 1347/1347/1257 1344/1344/1254 1350/1350/1260
f 1345/1345/1255 1350/1350/1260 1344/1344/1254
f 1343/1343/1253 1345/1345/1255 1342/1342/1252
f 1351/1351/481 1345/1345/1255 1343/1343/1253
f 1350/1350/1260 1345/1345/1255 1351/1351/481
f 1351/1351/481 1352/1352/475 1350/1350/1260
f 1350/1350/1260 1352/1352/475 1353/1353/474
f 1353/1353/474 1349/1349/1259 1350/1350/1260
f 1349/1349/1259 1353/1353/474 1354/1354/469
f 1354/1354/469 1315/1315/1225 1349/1349/1259
f 1315/1315/1225 1354/1354/469 1302/1302/468
f 1302/1302/468 1305/1305/1215 1315/1315/1225
f 1343/1343/1253 1355/1355/504 1351/1351/481
f 1355/1355/504 1343/1343/1253 1356/1356/1261
f 1356/1356/1261 1343/1343/1253 1341/1341/1251
f 1341/1341/1251 1357/1357/1262 1356/1356/1261
f 1357/1357/1262 1341/1341/1251 1340/1340/1250
f 1340/1340/1250 1358/1358/1263 1357/1357/1262
f 1339/1339/1249 1358/1358/1263 1340/1340/1250
f 1358/1358/1263 1339/1339/1249 1359/1359/1264
f 1338/1338/1248 1359/1359/1264 1339/1339/1249
f 1360/1360/1265 1359/1359/1264 1338/1338/1248
f 1357/1357/1262 1358/1358/1263 1359/1359/1264
f 1359/1359/1264 1361/1361/1266 1357/1357/1262
f 1361/1361/1266 1356/1356/1261 1357/1357/1262
f 1362/1362/1267 1356/1356/1261 1361/1361/1266
f 1356/1356/1261 1362/1362/1267 1355/1355/504
f 1361/1361/1266 1363/1363/507 1362/1362/1267
f 1361/1361/1266 1359/1359/1264 1360/1360/1265
f 1360/1360/1265 1364/1364/1268 1361/1361/1266
f 1363/1363/507 1361/1361/1266 1364/1364/1268
f 1364/1364/1268 1365/1365/509 1363/1363/507
f 1366/1366/185 1365/1365/509 1364/1364/1268
f 1364/1364/1268 1367/1367/1269 1366/1366/185
f 1368/1368/179 1366/1366/185 1367/1367/1269
f 1367/1367/1269 1369/1369/1270 1368/1368/179
f 1368/1368/179 1369/1369/1270 1370/1370/1271
f 1371/1371/1272 1370/1370/1271 1369/1369/1270
f 1372/1372/1273 1369/1369/1270 1367/1367/1269
f 1369/1369/1270 1372/1372/1273 1371/1371/1272
f 1367/1367/1269 1364/1364/1268 1360/1360/1265
f 1360/1360/1265 1372/1372/1273 1367/1367/1269
f 1372/1372/1273 1360/1360/1265 1373/1373/1274
f 1373/1373/1274 1371/1371/1272 1372/1372/1273
f 1374/1374/1275 1371/1371/1272 1373/1373/1274
f 1373/1373/1274 1375/1375/1276 1374/1374/1275
f 1337/1337/1247 1375/1375/1276 1373/1373/1274
f 1373/1373/1274 1338/1338/1248 1337/1337/1247
f 1338/1338/1248 1373/1373/1274 1360/1360/1265
f 168/168/162 170/170/164 178/178/172
f 178/178/172 1376/1376/1277 168/168/162
f 168/168/162 1376/1376/1277 1377/1377/1278
f 1377/1377/1278 1376/1376/1277 1378/1378/1279
f 1378/1378/1279 1379/1379/1280 1377/1377/1278
f 1374/1374/1275 1379/1379/1280 1378/1378/1279
f 1380/1380/1281 1379/1379/1280 1374/1374/1275
f 1374/1374/1275 1375/1375/1276 1380/1380/1281
f 1336/1336/1246 1380/1380/1281 1375/1375/1276
f 1375/1375/1276 1337/1337/1247 1336/1336/1246
f 1381/1381/1282 1377/1377/1278 1379/1379/1280
f 1379/1379/1280 1382/1382/1283 1381/1381/1282
f 1380/1380/1281 1382/1382/1283 1379/1379/1280
f 1380/1380/1281 1383/1383/1284 1382/1382/1283
f 1380/1380/1281 1336/1336/1246 1383/1383/1284
f 1336/1336/1246 1384/1384/1285 1383/1383/1284
f 1335/1335/1245 1384/1384/1285 1336/1336/1246
f 1384/1384/1285 1335/1335/1245 1385/1385/1286
f 1333/1333/1243 1385/1385/1286 1335/1335/1245
f 1328/1328/1238 1385/1385/1286 1333/1333/1243
f 1328/1328/1238 1386/1386/1287 1385/1385/1286
f 1385/1385/1286 1386/1386/1287 1384/1384/1285
f 1384/1384/1285 1386/1386/1287 1383/1383/1284
f 1382/1382/1283 1383/1383/1284 1386/1386/1287
f 285/285/279 1386/1386/1287 1328/1328/1238
f 286/286/280 1386/1386/1287 285/285/279
f 1386/1386/1287 286/286/280 1382/1382/1283
f 1382/1382/1283 286/286/280 164/164/158
f 164/164/158 1381/1381/1282 1382/1382/1283
f 166/166/160 1381/1381/1282 164/164/158
f 1381/1381/1282 166/166/160 1387/1387/1288
f 168/168/162 1387/1387/1288 166/166/160
f 1377/1377/1278 1387/1387/1288 168/168/162
f 1381/1381/1282 1387/1387/1288 1377/1377/1278
f 1388/1388/1289 1389/1389/1290 1390/1390/1291
f 1391/1391/1292 1392/1392/1293 1388/1388/1289
f 1393/1393/1294 1391/1391/1292 1388/1388/1289
f 1393/1393/1294 1388/1388/1289 1390/1390/1291
f 1390/1390/1291 1394/1394/1295 1393/1393/1294
f 1395/1395/1296 1394/1394/1295 1390/1390/1291
f 1396/1396/1297 1397/1397/1298 1395/1395/1296
f 1395/1395/1296 1397/1397/1298 1398/1398/1299
f 1398/1398/1299 1394/1394/1295 1395/1395/1296
f 1394/1394/1295 1398/1398/1299 1399/1399/1300
f 1393/1393/1294 1394/1394/1295 1399/1399/1300
f 1399/1399/1300 1400/1400/1301 1393/1393/1294
f 1400/1400/1301 1401/1401/1302 1393/1393/1294
f 1391/1391/1292 1393/1393/1294 1401/1401/1302
f 1401/1401/1302 1402/1402/96 1391/1391/1292
f 1391/1391/1292 1402/1402/96 1403/1403/1303
f 1404/1404/84 1405/1405/256 1406/1406/1304
f 1407/1407/1305 1406/1406/1304 1405/1405/256
f 1408/1408/1306 1406/1406/1304 1407/1407/1305
f 1407/1407/1305 1409/1409/1307 1408/1408/1306
f 1408/1408/1306 1409/1409/1307 1389/1389/1290
f 1389/1389/1290 1409/1409/1307 1410/1410/1308
f 1410/1410/1308 1390/1390/1291 1389/1389/1290
f 1390/1390/1291 1410/1410/1308 1411/1411/1309
f 1411/1411/1309 1395/1395/1296 1390/1390/1291
f 1395/1395/1296 1411/1411/1309 1396/1396/1297
f 1411/1411/1309 1410/1410/1308 1409/1409/1307
f 1409/1409/1307 1407/1407/1305 1411/1411/1309
f 1412/1412/1310 1411/1411/1309 1407/1407/1305
f 1396/1396/1297 1411/1411/1309 1412/1412/1310
f 1405/1405/256 1413/1413/257 1407/1407/1305
f 1407/1407/1305 1413/1413/257 1412/1412/1310
f 1403/1403/1303 1392/1392/1293 1391/1391/1292
f 1414/1414/1311 1392/1392/1293 1403/1403/1303
f 1392/1392/1293 1414/1414/1311 1388/1388/1289
f 1415/1415/1312 1388/1388/1289 1414/1414/1311
f 1415/1415/1312 1389/1389/1290 1388/1388/1289
f 1389/1389/1290 1415/1415/1312 1408/1408/1306
f 1408/1408/1306 1415/1415/1312 1416/1416/1313
f 1416/1416/1313 1406/1406/1304 1408/1408/1306
f 1404/1404/84 1406/1406/1304 1416/1416/1313
f 1416/1416/1313 1417/1417/85 1404/1404/84
f 1418/1418/1314 1416/1416/1313 1415/1415/1312
f 1414/1414/1311 1418/1418/1314 1415/1415/1312
f 1419/1419/86 1417/1417/85 1416/1416/1313
f 1416/1416/1313 1418/1418/1314 1419/1419/86
f 1420/1420/87 1419/1419/86 1418/1418/1314
f 1420/1420/87 1418/1418/1314 1414/1414/1311
f 1414/1414/1311 1421/1421/1315 1420/1420/87
f 1403/1403/1303 1421/1421/1315 1414/1414/1311
f 1422/1422/1316 1423/1423/1193 1424/1424/1317
f 1422/1422/1316 1424/1424/1317 1425/1425/1318
f 1426/1426/1319 1425/1425/1318 1424/1424/1317
f 1427/1427/1202 1425/1425/1318 1426/1426/1319
f 1422/1422/1316 1425/1425/1318 1427/1427/1202
f 1427/1427/1202 1428/1428/1320 1422/1422/1316
f 1422/1422/1316 1428/1428/1320 1429/1429/1321
f 1428/1428/1320 1430/1430/1322 1429/1429/1321
f 1426/1426/1319 1431/1431/1323 1432/1432/1324
f 1432/1432/1324 1433/1433/1325 1426/1426/1319
f 1433/1433/1325 1432/1432/1324 1434/1434/1326
f 1434/1434/1326 1435/1435/1327 1433/1433/1325
f 1433/1433/1325 1435/1435/1327 1436/1436/1328
f 1436/1436/1328 1437/1437/1329 1433/1433/1325
f 1426/1426/1319 1433/1433/1325 1437/1437/1329
f 1437/1437/1329 1438/1438/1330 1426/1426/1319
f 1426/1426/1319 1438/1438/1330 1427/1427/1202
f 1427/1427/1202 1438/1438/1330 1439/1439/48
f 1440/1440/458 1441/1441/1331 1439/1439/48
f 1439/1439/48 1438/1438/1330 1440/1440/458
f 1442/1442/464 1440/1440/458 1438/1438/1330
f 1438/1438/1330 1437/1437/1329 1442/1442/464
f 1443/1443/1332 1442/1442/464 1437/1437/1329
f 1437/1437/1329 1436/1436/1328 1443/1443/1332
f 1444/1444/1322 1443/1443/1332 1436/1436/1328
f 1436/1436/1328 1445/1445/1321 1444/1444/1322
f 1445/1445/1321 1436/1436/1328 1435/1435/1327
f 1435/1435/1327 1446/1446/1316 1445/1445/1321
f 1446/1446/1316 1435/1435/1327 1434/1434/1326
f 1434/1434/1326 1447/1447/1193 1446/1446/1316
f 1448/1448/1194 1447/1447/1193 1434/1434/1326
f 1434/1434/1326 1449/1449/1212 1448/1448/1194
f 1449/1449/1212 1434/1434/1326 1432/1432/1324
f 1432/1432/1324 1450/1450/1213 1449/1449/1212
f 1450/1450/1213 1432/1432/1324 1431/1431/1323
f 1431/1431/1323 1451/1451/1186 1450/1450/1213
f 1451/1451/1186 1431/1431/1323 1424/1424/1317
f 1424/1424/1317 1431/1431/1323 1426/1426/1319
f 1452/1452/1333 1453/1453/1334 125/125/122
f 125/125/122 1314/1314/1224 131/131/128
f 1314/1314/1224 125/125/122 1453/1453/1334
f 1314/1314/1224 1453/1453/1334 1310/1310/1220
f 284/284/278 1310/1310/1220 1453/1453/1334
f 1453/1453/1334 1452/1452/1333 284/284/278
f 282/282/276 284/284/278 1452/1452/1333
f 1452/1452/1333 1454/1454/1335 282/282/276
f 125/125/122 1454/1454/1335 1452/1452/1333
f 1454/1454/1335 125/125/122 110/110/107
f 112/112/109 110/110/107 125/125/122
f 102/102/99 101/101/98 1455/1455/1336
f 1455/1455/1336 105/105/102 102/102/99
f 1456/1456/1337 105/105/102 1455/1455/1336
f 105/105/102 1456/1456/1337 110/110/107
f 110/110/107 1456/1456/1337 1457/1457/1338
f 1457/1457/1338 1454/1454/1335 110/110/107
f 1454/1454/1335 1457/1457/1338 1458/1458/1339
f 1458/1458/1339 282/282/276 1454/1454/1335
f 282/282/276 1458/1458/1339 1459/1459/1340
f 282/282/276 1459/1459/1340 280/280/274
f 1459/1459/1340 1460/1460/1341 1461/1461/1342
f 1460/1460/1341 1459/1459/1340 1458/1458/1339
f 1458/1458/1339 1462/1462/1343 1460/1460/1341
f 1463/1463/1344 1462/1462/1343 1458/1458/1339
f 1458/1458/1339 1457/1457/1338 1463/1463/1344
f 1463/1463/1344 1457/1457/1338 1456/1456/1337
f 1455/1455/1336 1464/1464/1345 1456/1456/1337
f 1456/1456/1337 1464/1464/1345 1463/1463/1344
f 1463/1463/1344 1464/1464/1345 1465/1465/1346
f 1465/1465/1346 1466/1466/1300 1463/1463/1344
f 1462/1462/1343 1463/1463/1344 1466/1466/1300
f 1466/1466/1300 1467/1467/1299 1462/1462/1343
f 1462/1462/1343 1467/1467/1299 1468/1468/1298
f 1468/1468/1298 1460/1460/1341 1462/1462/1343
f 1460/1460/1341 1468/1468/1298 1469/1469/1347
f 1469/1469/1347 1461/1461/1342 1460/1460/1341
f 99/99/96 1470/1470/1302 101/101/98
f 1455/1455/1336 101/101/98 1470/1470/1302
f 1470/1470/1302 1465/1465/1346 1455/1455/1336
f 1455/1455/1336 1465/1465/1346 1464/1464/1345
f 1461/1461/1342 280/280/274 1459/1459/1340
f 280/280/274 1461/1461/1342 279/279/273
f 1461/1461/1342 1469/1469/1347 279/279/273
f 279/279/273 1469/1469/1347 1471/1471/1310
f 1471/1471/1310 273/273/267 279/279/273
f 273/273/267 1471/1471/1310 263/263/257
f 273/273/267 263/263/257 274/274/268
f 261/261/255 274/274/268 263/263/257
f 265/265/259 274/274/268 261/261/255
f 261/261/255 260/260/254 265/265/259
f 1472/1472/1348 1370/1370/1271 1371/1371/1272
f 1472/1472/1348 1371/1371/1272 1374/1374/1275
f 1374/1374/1275 1473/1473/1349 1472/1472/1348
f 1378/1378/1279 1473/1473/1349 1374/1374/1275
f 1473/1473/1349 1378/1378/1279 1376/1376/1277
f 1376/1376/1277 178/178/172 1473/1473/1349
f 1472/1472/1348 1473/1473/1349 178/178/172
f 178/178/172 184/184/178 1472/1472/1348
f 1472/1472/1348 184/184/178 1474/1474/1350
f 183/183/177 1474/1474/1350 184/184/178
f 1474/1474/1350 183/183/177 1368/1368/179
f 1370/1370/1271 1474/1474/1350 1368/1368/179
f 1474/1474/1350 1370/1370/1271 1472/1472/1348
f 1475/1475/1351 1476/1476/1352 1477/1477/1353
f 1477/1477/1353 1478/1478/1354 1475/1475/1351
f 1479/1479/1355 1475/1475/1351 1478/1478/1354
f 1478/1478/1354 1480/1480/1356 1479/1479/1355
f 1481/1481/1357 1286/1286/1203 1285/1285/1202
f 1285/1285/1202 1482/1482/1358 1481/1481/1357
f 1483/1483/1359 1481/1481/1357 1482/1482/1358
f 1482/1482/1358 1484/1484/44 1483/1483/1359
f 1483/1483/1359 1484/1484/44 1485/1485/43
f 1485/1485/43 1486/1486/1360 1483/1483/1359
f 1485/1485/43 1487/1487/51 1486/1486/1360
f 1486/1486/1360 1487/1487/51 1488/1488/131
f 1488/1488/131 1489/1489/1361 1490/1490/1362
f 1490/1490/1362 1272/1272/1189 1488/1488/131
f 1488/1488/131 1272/1272/1189 1486/1486/1360
f 1273/1273/1190 1486/1486/1360 1272/1272/1189
f 1483/1483/1359 1486/1486/1360 1273/1273/1190
f 1273/1273/1190 1274/1274/1191 1483/1483/1359
f 1481/1481/1357 1483/1483/1359 1274/1274/1191
f 1481/1481/1357 1274/1274/1191 1275/1275/1192
f 1275/1275/1192 1286/1286/1203 1481/1481/1357
f 1284/1284/1201 1286/1286/1203 1275/1275/1192
f 1267/1267/1184 1259/1259/1176 1260/1260/1177
f 1259/1259/1176 1267/1267/1184 1272/1272/1189
f 1272/1272/1189 1490/1490/1362 1259/1259/1176
f 1257/1257/1174 1259/1259/1176 1490/1490/1362
f 1490/1490/1362 1491/1491/1363 1257/1257/1174
f 1257/1257/1174 1491/1491/1363 1492/1492/1364
f 1492/1492/1364 1258/1258/1175 1257/1257/1174
f 1258/1258/1175 1492/1492/1364 1493/1493/1365
f 1493/1493/1365 1494/1494/1366 1258/1258/1175
f 1256/1256/1173 1258/1258/1175 1494/1494/1366
f 1495/1495/470 1496/1496/1206 1493/1493/1365
f 1493/1493/1365 1497/1497/1367 1495/1495/470
f 1497/1497/1367 1493/1493/1365 1498/1498/1368
f 1499/1499/1218 1498/1498/1368 1493/1493/1365
f 1493/1493/1365 1492/1492/1364 1499/1499/1218
f 1500/1500/1223 1499/1499/1218 1492/1492/1364
f 1492/1492/1364 1491/1491/1363 1500/1500/1223
f 1501/1501/1224 1500/1500/1223 1491/1491/1363
f 1501/1501/1224 1491/1491/1363 1490/1490/1362
f 1501/1501/1224 1490/1490/1362 1489/1489/1361
f 329/329/323 1502/1502/1369 1253/1253/1170
f 1253/1253/1170 334/334/328 329/329/323
f 1255/1255/1172 334/334/328 1253/1253/1170
f 334/334/328 1255/1255/1172 336/336/330
f 336/336/330 1255/1255/1172 1256/1256/1173
f 1256/1256/1173 342/342/336 336/336/330
f 1494/1494/1366 342/342/336 1256/1256/1173
f 342/342/336 1494/1494/1366 343/343/337
f 1496/1496/1206 343/343/337 1494/1494/1366
f 1494/1494/1366 1493/1493/1365 1496/1496/1206
f 1264/1264/1181 1254/1254/1171 1253/1253/1170
f 1253/1253/1170 1502/1502/1369 1264/1264/1181
f 1264/1264/1181 1502/1502/1369 1503/1503/1370
f 1502/1502/1369 1504/1504/1371 1503/1503/1370
f 1502/1502/1369 329/329/323 330/330/324
f 330/330/324 1504/1504/1371 1502/1502/1369
f 1504/1504/1371 330/330/324 331/331/325
f 331/331/325 332/332/326 1504/1504/1371
f 333/333/327 1504/1504/1371 332/332/326
f 1504/1504/1371 333/333/327 1187/1187/1111
f 1503/1503/1370 1504/1504/1371 1187/1187/1111
f 1503/1503/1370 1187/1187/1111 1186/1186/1110
f 1264/1264/1181 1503/1503/1370 1186/1186/1110
f 1188/1188/1112 1264/1264/1181 1186/1186/1110
f 1505/1505/1372 1506/1506/1373 1507/1507/1374
f 1507/1507/1374 1508/1508/1375 1505/1505/1372
f 1509/1509/1376 1505/1505/1372 1508/1508/1375
f 1508/1508/1375 1510/1510/1377 1509/1509/1376
f 465/465/457 1511/1511/1378 464/464/456
f 464/464/456 1511/1511/1378 463/463/455
f 463/463/455 1511/1511/1378 32/32/29
f 31/31/28 32/32/29 1511/1511/1378
f 30/30/27 31/31/28 1511/1511/1378
f 1511/1511/1378 465/465/457 30/30/27
f 30/30/27 465/465/457 29/29/26
f 1512/1512/1379 1513/1513/1380 1514/1514/1381
f 1514/1514/1381 1515/1515/1382 1512/1512/1379
f 1516/1516/1383 1512/1512/1379 1515/1515/1382
f 1515/1515/1382 1517/1517/1384 1516/1516/1383
f 415/415/409 416/416/410 420/420/414
f 420/420/414 1518/1518/1385 415/415/409
f 415/415/409 1518/1518/1385 414/414/408
f 1519/1519/1386 414/414/408 1518/1518/1385
f 414/414/408 1519/1519/1386 373/373/367
f 371/371/365 373/373/367 1519/1519/1386
f 1519/1519/1386 361/361/355 371/371/365
f 1518/1518/1385 361/361/355 1519/1519/1386
f 361/361/355 1518/1518/1385 420/420/414
f 420/420/414 362/362/356 361/361/355
f 1520/1520/1387 362/362/356 420/420/414
f 1520/1520/1387 363/363/357 362/362/356
f 363/363/357 1520/1520/1387 1521/1521/1388
f 1521/1521/1388 367/367/361 363/363/357
f 366/366/360 367/367/361 1521/1521/1388
f 420/420/414 366/366/360 1521/1521/1388
f 420/420/414 1521/1521/1388 1522/1522/1389
f 420/420/414 1522/1522/1389 1520/1520/1387
f 1521/1521/1388 1520/1520/1387 1522/1522/1389
f 1523/1523/1358 1524/1524/1390 1525/1525/48
f 1525/1525/48 48/48/45 1523/1523/1358
f 47/47/44 1523/1523/1358 48/48/45
f 321/321/315 1526/1526/1391 314/314/308
f 1526/1526/1391 321/321/315 319/319/313
f 319/319/313 318/318/312 1526/1526/1391
f 1527/1527/1392 1526/1526/1391 318/318/312
f 318/318/312 354/354/348 1527/1527/1392
f 1527/1527/1392 354/354/348 352/352/346
f 352/352/346 313/313/307 1527/1527/1392
f 311/311/305 1527/1527/1392 313/313/307
f 1526/1526/1391 1527/1527/1392 311/311/305
f 311/311/305 314/314/308 1526/1526/1391
f 1528/1528/1393 1529/1529/1394 1530/1530/1393
f 1530/1530/1393 1531/1531/1395 1528/1528/1393
f 1532/1532/1396 1533/1533/1397 1534/1534/1396
f 1534/1534/1396 1535/1535/1398 1532/1532/1396
f 1536/1536/1399 1537/1537/1400 1538/1538/1399
f 1538/1538/1399 1539/1539/1401 1536/1536/1399
f 1540/1540/1402 1541/1541/1403 1542/1542/1402
f 1542/1542/1402 1543/1543/1404 1540/1540/1402
f 1544/1544/1405 1545/1545/1406 1546/1546/1405
f 1546/1546/1405 1547/1547/1407 1544/1544/1405
f 1548/1548/1408 1549/1549/1409 1550/1550/1408
f 1550/1550/1408 1551/1551/1410 1548/1548/1408
f 1552/1552/1411 1553/1553/1412 1554/1554/1411
f 1554/1554/1411 1555/1555/781 1552/1552/1411
f 1556/1556/1413 1557/1557/1414 1558/1558/1413
f 1558/1558/1413 1559/1559/1415 1556/1556/1413
f 1560/1560/1416 1561/1561/1417 1562/1562/1416
f 1562/1562/1416 1563/1563/1418 1560/1560/1416
f 1564/1564/1419 1565/1565/1420 1566/1566/1421
f 1566/1566/1421 1567/1567/1422 1564/1564/1419
f 1568/1568/1423 1569/1569/1424 1570/1570/1423
f 1570/1570/1423 1571/1571/1425 1568/1568/1423
f 1572/1572/1426 1573/1573/1427 1574/1574/1428
f 1574/1574/1428 1575/1575/1429 1572/1572/1426
f 1576/1576/1430 1572/1572/1426 1575/1575/1429
f 1575/1575/1429 1577/1577/1431 1576/1576/1430
f 1578/1578/1432 1579/1579/1433 1580/1580/1434
f 1580/1580/1434 1581/1581/1435 1578/1578/1432
f 1582/1582/1436 1578/1578/1432 1581/1581/1435
f 1581/1581/1435 1583/1583/1437 1582/1582/1436
f 1584/1584/1438 1585/1585/1439 1586/1586/1440
f 1586/1586/1440 1587/1587/1441 1584/1584/1438
f 1588/1588/1442 1584/1584/1438 1587/1587/1441
f 1587/1587/1441 1589/1589/1443 1588/1588/1442
f 1590/1590/1444 1591/1591/1445 1592/1592/1446
f 1592/1592/1446 1593/1593/1447 1590/1590/1444
f 1594/1594/1448 1590/1590/1444 1593/1593/1447
f 1593/1593/1447 1595/1595/1449 1594/1594/1448
f 1596/1596/1450 1597/1597/1451 1598/1598/1452
f 1598/1598/1452 1599/1599/1453 1596/1596/1450
f 1600/1600/1454 1596/1596/1450 1599/1599/1453
f 1599/1599/1453 1601/1601/1455 1600/1600/1454
