# Blender 5.0.1
# www.blender.org
mtllib Piedra.mtl
o eyes_Esfera.007
v -2.518554 55.592674 10.906167
v -2.518554 54.440922 10.906167
v -2.041539 55.592674 10.964335
v -1.838624 55.016796 10.912710
v -2.041539 54.440922 10.964335
v -1.695782 55.592674 11.055899
v -1.349646 55.016796 11.042202
v -1.695782 54.440922 11.055899
v -1.573932 55.592674 11.156322
v -1.177325 55.016796 11.184223
v -1.573932 54.440922 11.156322
v -1.708641 55.592674 11.238700
v -1.367836 55.016796 11.300716
v -1.708641 54.440922 11.238700
v -2.063812 55.592674 11.280954
v -1.870121 55.016796 11.360475
v -2.063812 54.440922 11.280954
v -2.544279 55.592674 11.271762
v -2.549604 55.016796 11.347483
v -2.544279 54.440922 11.271762
v -3.021294 55.592674 11.213594
v -3.224209 55.016796 11.265219
v -3.021294 54.440922 11.213594
v -2.531420 55.831203 11.088967
v -3.367051 55.592674 11.122029
v -3.713187 55.016796 11.135728
v -3.367051 54.440922 11.122029
v -3.488901 55.592674 11.021606
v -3.885508 55.016796 10.993712
v -3.488901 54.440922 11.021606
v -3.354192 55.592674 10.939236
v -3.694997 55.016796 10.877213
v -3.354192 54.440922 10.939236
v -2.999021 55.592674 10.896975
v -3.192712 55.016796 10.817454
v -2.999021 54.440922 10.896975
v -2.513229 55.016796 10.830446
v -2.531420 54.202393 11.088967
v 2.921388 55.592674 10.908817
v 2.921388 54.440922 10.908817
v 3.397678 55.592674 10.844965
v 3.581046 55.016796 10.743892
v 3.397678 54.440922 10.844965
v 3.755354 55.592674 10.846485
v 4.086871 55.016796 10.746043
v 3.755354 54.440922 10.846485
v 3.898568 55.592674 10.912982
v 4.289407 55.016796 10.840087
v 3.898568 54.440922 10.912982
v 3.788952 55.592674 11.026628
v 4.134388 55.016796 11.000811
v 3.788952 54.440922 11.026628
v 3.455871 55.592674 11.156984
v 3.663348 55.016796 11.185157
v 3.455871 54.440922 11.156984
v 2.988585 55.592674 11.269112
v 3.002498 55.016796 11.343729
v 2.988585 54.440922 11.269112
v 2.512289 55.592674 11.332965
v 2.328921 55.016796 11.434031
v 2.512289 54.440922 11.332965
v 2.954987 55.831203 11.088962
v 2.154619 55.592674 11.331444
v 1.823096 55.016796 11.431880
v 2.154619 54.440922 11.331444
v 2.011405 55.592674 11.264948
v 1.620559 55.016796 11.337842
v 2.011405 54.440922 11.264948
v 2.121021 55.592674 11.151299
v 1.775579 55.016796 11.177118
v 2.121021 54.440922 11.151299
v 2.454096 55.592674 11.020944
v 2.246625 55.016796 10.992772
v 2.454096 54.440922 11.020944
v 2.907469 55.016796 10.834201
v 2.954987 54.202393 11.088962
vn 0.0960 -0.6087 -0.7876
vn 0.1200 0.1305 -0.9842
vn 0.1200 -0.1305 -0.9842
vn 0.0960 0.6087 -0.7875
vn 0.2521 -0.1742 -0.9519
vn 0.1782 0.7178 -0.6731
vn 0.1783 -0.7178 -0.6731
vn 0.2521 0.1742 -0.9519
vn 0.5904 0.3719 -0.7163
vn 0.5904 -0.3719 -0.7163
vn 0.2504 0.9193 -0.3038
vn 0.2504 -0.9192 -0.3038
vn 0.2054 -0.9193 0.3358
vn 0.4843 0.3719 0.7919
vn 0.4843 -0.3719 0.7919
vn 0.2054 0.9193 0.3358
vn 0.0823 -0.7178 0.6914
vn 0.1163 0.1741 0.9778
vn 0.1163 -0.1741 0.9778
vn 0.0823 0.7178 0.6914
vn -0.0152 -0.6087 0.7932
vn -0.0190 0.1305 0.9913
vn -0.0190 -0.1305 0.9913
vn -0.0152 0.6087 0.7932
vn -0.0960 -0.6087 0.7876
vn -0.1200 0.1305 0.9842
vn -0.1200 -0.1305 0.9842
vn -0.0960 0.6087 0.7876
vn -0.1783 0.7178 0.6731
vn -0.1783 -0.7178 0.6731
vn -0.2521 0.1742 0.9519
vn -0.2521 -0.1742 0.9519
vn -0.5904 -0.3719 0.7163
vn -0.2504 0.9193 0.3038
vn -0.2504 -0.9192 0.3038
vn -0.5904 0.3719 0.7164
vn -0.4843 -0.3719 -0.7919
vn -0.2054 0.9192 -0.3359
vn -0.2054 -0.9193 -0.3358
vn -0.4843 0.3719 -0.7919
vn -0.1163 -0.1742 -0.9778
vn -0.0823 0.7178 -0.6914
vn -0.0823 -0.7178 -0.6914
vn -0.1163 0.1742 -0.9778
vn 0.0190 -0.1305 -0.9913
vn 0.0152 0.6087 -0.7932
vn 0.0152 -0.6087 -0.7932
vn 0.0190 0.1305 -0.9913
vn -0.1054 -0.6087 -0.7863
vn -0.1317 0.1305 -0.9827
vn -0.1317 -0.1305 -0.9827
vn -0.1054 0.6087 -0.7863
vn 0.0042 -0.1742 -0.9847
vn 0.0030 0.7177 -0.6963
vn 0.0030 -0.7178 -0.6963
vn 0.0042 0.1742 -0.9847
vn 0.3909 0.3719 -0.8419
vn 0.3909 -0.3719 -0.8419
vn 0.1658 0.9193 -0.3571
vn 0.1658 -0.9192 -0.3571
vn 0.2834 -0.9193 0.2733
vn 0.6681 0.3719 0.6444
vn 0.6681 -0.3719 0.6444
vn 0.2833 0.9192 0.2733
vn 0.2538 -0.7178 0.6484
vn 0.3589 0.1742 0.9170
vn 0.3589 -0.1742 0.9170
vn 0.2538 0.7178 0.6484
vn 0.1851 -0.6087 0.7715
vn 0.2313 0.1305 0.9641
vn 0.2313 -0.1305 0.9641
vn 0.1851 0.6087 0.7715
vn 0.1054 -0.6087 0.7863
vn 0.1317 0.1305 0.9827
vn 0.1317 -0.1305 0.9827
vn 0.1054 0.6088 0.7863
vn -0.0030 0.7178 0.6963
vn -0.0030 -0.7178 0.6963
vn -0.0042 0.1741 0.9847
vn -0.0042 -0.1741 0.9847
vn -0.3909 -0.3719 0.8419
vn -0.1658 0.9193 0.3571
vn -0.1658 -0.9193 0.3571
vn -0.3909 0.3719 0.8419
vn -0.6681 -0.3719 -0.6444
vn -0.2833 0.9192 -0.2733
vn -0.2834 -0.9193 -0.2733
vn -0.6681 0.3719 -0.6444
vn -0.3589 -0.1742 -0.9170
vn -0.2538 0.7178 -0.6484
vn -0.2538 -0.7178 -0.6484
vn -0.3589 0.1742 -0.9170
vn -0.2313 -0.1305 -0.9641
vn -0.1851 0.6087 -0.7715
vn -0.1851 -0.6087 -0.7715
vn -0.2313 0.1305 -0.9641
vt 0.708333 0.000000
vt 0.750000 0.250000
vt 0.666667 0.250000
vt 0.750000 0.500000
vt 0.750000 0.750000
vt 0.666667 0.750000
vt 0.666667 0.500000
vt 0.708333 1.000000
vt 0.583333 0.500000
vt 0.583333 0.250000
vt 0.625000 1.000000
vt 0.583333 0.750000
vt 0.625000 0.000000
vt 0.500000 0.750000
vt 0.500000 0.500000
vt 0.500000 0.250000
vt 0.541667 1.000000
vt 0.541667 0.000000
vt 0.458333 0.000000
vt 0.416667 0.250000
vt 0.416667 0.750000
vt 0.416667 0.500000
vt 0.458333 1.000000
vt 0.375000 0.000000
vt 0.333333 0.250000
vt 0.333333 0.750000
vt 0.333333 0.500000
vt 0.375000 1.000000
vt 0.291667 0.000000
vt 0.250000 0.250000
vt 0.250000 0.750000
vt 0.250000 0.500000
vt 0.291667 1.000000
vt 0.208333 0.000000
vt 0.166667 0.250000
vt 0.166667 0.750000
vt 0.166667 0.500000
vt 0.208333 1.000000
vt 0.125000 1.000000
vt 0.083333 0.750000
vt 0.125000 0.000000
vt 0.083333 0.250000
vt 0.083333 0.500000
vt 0.000000 0.500000
vt 0.000000 0.250000
vt 0.041667 1.000000
vt 0.000000 0.750000
vt 0.041667 0.000000
vt 1.000000 0.250000
vt 1.000000 0.500000
vt 0.916667 0.500000
vt 0.916667 0.250000
vt 1.000000 0.750000
vt 0.958333 1.000000
vt 0.916667 0.750000
vt 0.958333 0.000000
vt 0.833333 0.500000
vt 0.833333 0.250000
vt 0.875000 1.000000
vt 0.833333 0.750000
vt 0.875000 0.000000
vt 0.791667 1.000000
vt 0.791667 0.000000
s 1
usemtl EYES
f 38/1/1 2/2/1 5/3/1
f 37/4/2 1/5/2 3/6/2 4/7/2
f 2/2/3 37/4/3 4/7/3 5/3/3
f 1/5/4 24/8/4 3/6/4
f 5/3/5 4/7/5 7/9/5 8/10/5
f 3/6/6 24/11/6 6/12/6
f 38/13/7 5/3/7 8/10/7
f 4/7/8 3/6/8 6/12/8 7/9/8
f 7/9/9 6/12/9 9/14/9 10/15/9
f 8/10/10 7/9/10 10/15/10 11/16/10
f 6/12/11 24/17/11 9/14/11
f 38/18/12 8/10/12 11/16/12
f 38/19/13 11/16/13 14/20/13
f 10/15/14 9/14/14 12/21/14 13/22/14
f 11/16/15 10/15/15 13/22/15 14/20/15
f 9/14/16 24/23/16 12/21/16
f 38/24/17 14/20/17 17/25/17
f 13/22/18 12/21/18 15/26/18 16/27/18
f 14/20/19 13/22/19 16/27/19 17/25/19
f 12/21/20 24/28/20 15/26/20
f 38/29/21 17/25/21 20/30/21
f 16/27/22 15/26/22 18/31/22 19/32/22
f 17/25/23 16/27/23 19/32/23 20/30/23
f 15/26/24 24/33/24 18/31/24
f 38/34/25 20/30/25 23/35/25
f 19/32/26 18/31/26 21/36/26 22/37/26
f 20/30/27 19/32/27 22/37/27 23/35/27
f 18/31/28 24/38/28 21/36/28
f 21/36/29 24/39/29 25/40/29
f 38/41/30 23/35/30 27/42/30
f 22/37/31 21/36/31 25/40/31 26/43/31
f 23/35/32 22/37/32 26/43/32 27/42/32
f 27/42/33 26/43/33 29/44/33 30/45/33
f 25/40/34 24/46/34 28/47/34
f 38/48/35 27/42/35 30/45/35
f 26/43/36 25/40/36 28/47/36 29/44/36
f 30/49/37 29/50/37 32/51/37 33/52/37
f 28/53/38 24/54/38 31/55/38
f 38/56/39 30/49/39 33/52/39
f 29/50/40 28/53/40 31/55/40 32/51/40
f 33/52/41 32/51/41 35/57/41 36/58/41
f 31/55/42 24/59/42 34/60/42
f 38/61/43 33/52/43 36/58/43
f 32/51/44 31/55/44 34/60/44 35/57/44
f 36/58/45 35/57/45 37/4/45 2/2/45
f 34/60/46 24/62/46 1/5/46
f 38/63/47 36/58/47 2/2/47
f 35/57/48 34/60/48 1/5/48 37/4/48
f 76/1/49 40/2/49 43/3/49
f 75/4/50 39/5/50 41/6/50 42/7/50
f 40/2/51 75/4/51 42/7/51 43/3/51
f 39/5/52 62/8/52 41/6/52
f 43/3/53 42/7/53 45/9/53 46/10/53
f 41/6/54 62/11/54 44/12/54
f 76/13/55 43/3/55 46/10/55
f 42/7/56 41/6/56 44/12/56 45/9/56
f 45/9/57 44/12/57 47/14/57 48/15/57
f 46/10/58 45/9/58 48/15/58 49/16/58
f 44/12/59 62/17/59 47/14/59
f 76/18/60 46/10/60 49/16/60
f 76/19/61 49/16/61 52/20/61
f 48/15/62 47/14/62 50/21/62 51/22/62
f 49/16/63 48/15/63 51/22/63 52/20/63
f 47/14/64 62/23/64 50/21/64
f 76/24/65 52/20/65 55/25/65
f 51/22/66 50/21/66 53/26/66 54/27/66
f 52/20/67 51/22/67 54/27/67 55/25/67
f 50/21/68 62/28/68 53/26/68
f 76/29/69 55/25/69 58/30/69
f 54/27/70 53/26/70 56/31/70 57/32/70
f 55/25/71 54/27/71 57/32/71 58/30/71
f 53/26/72 62/33/72 56/31/72
f 76/34/73 58/30/73 61/35/73
f 57/32/74 56/31/74 59/36/74 60/37/74
f 58/30/75 57/32/75 60/37/75 61/35/75
f 56/31/76 62/38/76 59/36/76
f 59/36/77 62/39/77 63/40/77
f 76/41/78 61/35/78 65/42/78
f 60/37/79 59/36/79 63/40/79 64/43/79
f 61/35/80 60/37/80 64/43/80 65/42/80
f 65/42/81 64/43/81 67/44/81 68/45/81
f 63/40/82 62/46/82 66/47/82
f 76/48/83 65/42/83 68/45/83
f 64/43/84 63/40/84 66/47/84 67/44/84
f 68/49/85 67/50/85 70/51/85 71/52/85
f 66/53/86 62/54/86 69/55/86
f 76/56/87 68/49/87 71/52/87
f 67/50/88 66/53/88 69/55/88 70/51/88
f 71/52/89 70/51/89 73/57/89 74/58/89
f 69/55/90 62/59/90 72/60/90
f 76/61/91 71/52/91 74/58/91
f 70/51/92 69/55/92 72/60/92 73/57/92
f 74/58/93 73/57/93 75/4/93 40/2/93
f 72/60/94 62/62/94 39/5/94
f 76/63/95 74/58/95 40/2/95
f 73/57/96 72/60/96 39/5/96 75/4/96
o hands&leg.001_ice.003
v 14.883382 53.348877 2.817396
v 13.148392 52.077400 0.444492
v 13.064444 49.093727 3.738542
v 14.335732 50.130684 4.431299
v 16.766129 53.599899 3.583225
v 11.764845 47.458199 0.130686
v 15.318501 48.554974 4.902143
v 15.179362 54.238880 -0.012630
v 14.793716 53.618866 -2.165917
v 13.362438 46.502575 2.910015
v 19.279421 53.131618 3.675837
v 20.031317 51.062313 3.814313
v 16.215872 54.367298 -1.942080
v 13.788363 51.579536 -3.095132
v 19.689472 53.970505 2.392643
v 13.080659 48.943668 -3.758683
v 12.807803 45.089897 0.561901
v 18.275356 46.368679 4.278350
v 17.536083 48.011379 4.816403
v 16.223190 52.960999 -3.885146
v 18.553335 54.611710 -0.110958
v 15.350131 50.848129 -4.626001
v 13.329078 46.747734 -3.488640
v 15.989208 44.354164 2.135094
v 19.556448 54.226929 -2.378228
v 20.220945 54.185574 -0.234385
v 23.193586 46.804298 2.892209
v 22.434837 50.485264 3.006696
v 19.758986 52.780350 -3.256531
v 21.411243 52.701603 0.677352
v 15.160441 48.448387 -4.851391
v 16.798037 44.957954 -3.529620
v 13.066077 45.865353 -2.621019
v 15.377861 43.999454 -1.307495
v 21.566111 45.254208 3.384001
v 22.439259 51.106220 -2.780569
v 22.251141 49.660069 -3.424725
v 18.718040 46.368542 -3.833255
v 18.640350 43.634487 1.689412
v 20.558790 44.169762 2.078213
v 23.389196 50.971489 1.164002
v 24.490320 48.619659 -2.055809
v 19.372469 44.143078 -2.728805
v 18.061701 43.435566 -1.818374
v 19.991415 43.222336 -1.219514
v 22.069223 46.215069 -0.698730
v 25.008581 48.446133 1.314883
v 21.711983 45.468426 -2.991913
v 23.264683 47.377949 -3.106779
v -17.264198 43.168880 0.325286
v -18.776051 43.167858 1.892959
v -22.006298 45.600723 2.499787
v -17.589375 41.203346 1.507382
v -17.480307 43.516140 -1.895249
v -21.992605 47.120739 0.373276
v -21.966705 46.750996 1.468180
v -18.621529 38.950241 2.270453
v -21.045296 46.004555 -2.255576
v -23.756172 42.795639 3.340560
v -16.968456 40.926159 0.345521
v -16.849333 41.914005 -2.937525
v -18.814690 43.613358 -4.186218
v -24.849144 46.823711 1.697867
v -25.388908 45.572918 2.588543
v -23.350397 45.547718 -4.676073
v -24.009247 47.032925 -2.181085
v -24.328991 47.358952 -0.315784
v -24.572250 37.085331 3.067874
v -17.934879 39.255329 -3.278455
v -19.171881 42.602524 -5.173430
v -25.738565 42.241524 3.467824
v -20.984161 35.194569 1.961134
v -20.070917 40.376095 -5.643088
v -18.901308 41.016018 -5.227086
v -22.601377 42.699215 -5.655083
v -24.248791 45.045616 -5.503206
v -25.687401 46.908436 -0.969000
v -27.610523 44.028198 0.934575
v -26.935369 39.910191 3.283907
v -17.993917 38.818920 0.670993
v -26.033140 46.360413 -3.212508
v -19.326611 38.499924 -4.470028
v -23.185038 33.747936 2.578259
v -24.875431 44.384647 -5.578529
v -25.871300 44.895119 -4.648645
v -28.212006 34.301346 3.142883
v -22.048174 33.205750 -2.528974
v -24.929775 32.886341 1.838987
v -23.812037 37.307236 -5.445883
v -28.581499 42.142643 -1.929478
v -29.245853 39.248096 2.305547
v -22.400557 32.959293 -0.530346
v -23.885115 32.172012 -1.164589
v -26.758467 39.211128 -4.411021
v -25.869829 36.814137 -5.078433
v -30.325052 38.059345 0.570716
v -29.516104 35.311501 2.750169
v -25.145069 32.339352 -1.257068
v -22.565388 33.383804 -3.385699
v -30.612665 35.838112 0.994693
v -30.107964 34.951366 1.158009
v -24.344694 32.406338 -3.462789
v -30.872311 36.017792 -1.021306
v -27.354342 35.374100 -4.790906
v -29.973412 37.372204 -2.336874
v -29.398581 34.352116 -1.776156
v -28.043167 33.883095 -3.785681
v -29.722502 35.685047 -3.165451
v -11.668921 49.148468 -5.065076
v -12.870330 47.631630 -5.600512
v -13.235742 49.586086 -6.080430
v -13.570061 53.106865 -4.691614
v -10.770705 48.171925 -3.460455
v -11.601099 45.598507 -3.222553
v -14.496442 48.550621 -6.334737
v -12.170593 52.287331 -2.861262
v -14.264370 44.480892 -3.584116
v -11.448080 44.991539 -1.166893
v -10.458848 47.459751 -0.678401
v -16.879164 47.609970 -6.042415
v -16.135759 53.696690 -5.017775
v -13.359510 53.914490 -2.418653
v -11.026545 47.436588 0.886981
v -16.867466 44.091434 -3.665862
v -18.727707 45.298958 -5.217244
v -18.100657 52.980774 -5.076939
v -11.717170 51.935181 -0.976768
v -11.862517 49.641632 2.280971
v -12.219159 46.096680 1.960673
v -16.191990 54.689892 -1.085185
v -14.163083 54.338562 -0.162835
v -13.179132 53.352978 0.874955
v -13.715281 48.782761 3.473099
v -15.020924 46.519459 2.879496
v -17.955839 43.301723 -2.568012
v -11.701314 45.534081 0.797840
v -15.526552 44.409863 1.570250
v -18.283873 53.858067 -3.788754
v -20.909912 46.004482 -4.655630
v -17.187050 54.416660 0.689397
v -14.771791 53.708221 1.694939
v -14.218254 51.966522 2.874120
v -12.994919 50.853477 2.891591
v -17.918411 43.095058 0.087302
v -21.573141 49.895515 -4.273095
v -20.172596 52.493668 -2.592677
v -18.563545 54.424038 -0.147648
v -19.911551 49.557598 2.371670
v -23.611696 48.575195 -2.366024
v -18.031769 53.406525 1.708050
v -20.813337 46.898849 1.905502
v -21.028814 46.569675 1.269265
v -21.776220 51.199120 -2.497207
v -19.224874 51.941673 1.802081
v -19.205498 44.249069 1.225067
v -19.081274 43.578148 -0.300300
v -19.959042 52.254505 1.176413
v -22.589439 47.997875 1.393885
v -21.803383 50.329193 1.175259
v -11.166705 26.819933 -2.848597
v -11.094467 27.858772 -0.761610
v -4.659147 23.101973 -0.998205
v -7.681615 25.262636 0.221154
v -5.305385 22.790304 -2.404366
v -10.877589 25.219976 -2.928577
v -12.459003 27.288685 -1.256317
v -10.123811 27.993732 1.638331
v -10.724519 29.031916 3.414270
v -13.270338 24.114283 -2.374080
v -13.323476 25.574005 -1.084407
v -3.969759 23.827969 1.893099
v -8.179609 28.122568 3.672779
v -13.194117 21.081354 -2.543574
v -11.818249 28.240524 3.502011
v -5.671087 20.877840 -2.743713
v -14.181828 22.449703 -1.064569
v -10.130954 28.959290 5.022317
v -4.607081 21.193544 -2.219540
v -14.612797 20.504831 -1.945566
v -13.201273 23.516598 1.853096
v -3.843151 24.453308 3.647522
v -5.945717 26.319757 4.972599
v -9.145886 19.722939 -2.313318
v -5.280418 18.633228 -1.869056
v -14.211433 21.757713 0.236108
v -11.402146 27.673946 5.364352
v -9.897141 27.418440 5.581205
v -14.322569 17.111338 -1.337798
v -16.429331 19.145145 0.441068
v -4.258327 24.013020 5.672164
v -3.286453 22.507933 4.374730
v -12.014761 22.300299 6.270588
v -8.020470 15.988115 -1.311329
v -6.148046 15.536654 0.466281
v -16.178917 16.188892 -0.897113
v -12.952285 24.212826 4.449700
v -15.277558 14.169683 -0.610053
v -10.467544 14.015654 -0.586392
v -12.814132 23.409071 5.502216
v -3.466925 22.604797 5.252345
v -7.879590 18.756477 6.817488
v -5.505934 16.927502 5.231297
v -8.108917 14.852421 -0.152402
v -16.112331 13.754488 0.325736
v -15.765969 13.505626 -2.018182
v -15.349627 21.076395 4.636186
v -13.762533 20.239944 6.434883
v -8.284449 13.336064 -2.165031
v -16.587265 12.481207 1.990671
v -15.948277 12.753975 -1.030560
v -16.159496 13.358128 -3.213402
v -16.254808 19.533077 4.090611
v -16.677586 17.842060 2.341419
v -6.644727 13.629218 4.281065
v -13.192181 18.609371 6.616485
v -8.343020 13.707622 -0.204923
v -7.348148 11.526722 2.099902
v -15.584001 9.659220 1.229801
v -15.164965 12.078708 -4.358050
v -16.280066 12.133430 -4.026565
v -6.874168 12.384185 3.343800
v -8.162681 13.343377 -2.791071
v -8.248296 11.086706 1.927664
v -8.214337 12.331500 -0.552264
v -16.468956 9.601664 4.612576
v -15.409617 9.354959 3.381613
v -16.695871 8.865742 -0.862195
v -14.990038 17.096144 4.633725
v -11.469469 9.155717 -5.212900
v -16.446108 15.245304 3.916814
v -15.632730 7.427232 -4.308759
v -16.687416 9.337299 -3.986228
v -7.272244 14.802722 6.703777
v -10.440191 15.318061 6.653800
v -7.878158 10.809060 3.383399
v -7.743953 12.253160 -1.840373
v -8.923260 11.057922 2.633085
v -8.265703 7.568699 0.730167
v -14.073873 7.791382 -4.494443
v -16.478746 11.650346 5.453570
v -14.282989 16.315443 5.722616
v -7.500310 12.586982 6.561339
v -9.969019 8.129158 -4.968304
v -16.390924 15.033138 5.475092
v -15.342850 7.543568 3.005153
v -16.723124 5.718875 -1.319726
v -16.354948 6.800908 2.474135
v -15.224092 14.390423 6.055590
v -12.518193 7.961501 4.844497
v -8.408362 10.846496 -3.933593
v -9.001966 7.067859 1.620262
v -13.498421 8.269735 3.596075
v -13.248292 6.910511 2.562096
v -14.606815 6.178653 2.598944
v -16.398161 5.290526 2.478715
v -11.248029 11.037373 6.842663
v -9.301436 6.414346 -3.840761
v -11.388177 6.620031 -4.825966
v -14.490933 7.084485 4.623568
v -15.892078 9.262746 5.737047
v -15.452718 11.548668 6.515563
v -16.589327 3.286503 -1.617569
v -8.105321 11.934194 5.511763
v -12.040333 8.812023 5.989114
v -8.325221 6.307122 0.466137
v -10.526910 3.282452 -3.339630
v -14.611566 4.639127 3.020051
v -16.897392 1.956398 3.863720
v -8.536977 5.908124 -1.017593
v -9.695929 5.131872 1.896148
v -14.584310 7.232564 5.610881
v -9.206503 2.812125 -2.088874
v -12.033336 4.584279 2.464904
v -15.570788 3.663316 -2.778250
v -16.211184 1.923873 5.356789
v -15.938169 1.711474 -0.410033
v -16.851807 2.200622 0.017831
v -16.152815 0.766637 4.686285
v -10.882339 1.514388 -1.199718
v -7.857500 2.057105 1.220565
v -7.595849 2.960646 2.746058
v -8.772764 3.405104 3.018473
v -9.992786 1.470809 4.683452
v -11.471015 0.325845 4.333833
v -12.476424 0.692562 1.849893
v -8.291989 1.957969 -0.012916
v -9.082052 0.788323 3.350968
v -9.555995 0.734060 1.731967
v 23.665888 18.315067 -4.470790
v 23.674532 18.404934 -3.048786
v 25.014984 12.556845 -6.396649
v 26.514591 15.606121 -6.853953
v 26.220072 21.782650 -5.811502
v 24.481487 22.827229 -4.789871
v 23.767977 8.483716 -6.320852
v 25.606071 20.622828 3.159736
v 23.706364 23.403254 -3.595667
v 23.890684 9.525899 -4.447866
v 23.878546 23.759680 -1.525627
v 31.075459 16.616768 -8.316243
v 25.133429 9.742265 -7.015024
v 24.461246 7.889482 -3.967898
v 26.232086 19.178278 4.106397
v 23.072309 28.905863 -3.241859
v 23.563219 29.310045 -4.632524
v 29.880001 25.685635 -8.189505
v 31.135406 12.612893 -8.332163
v 29.881491 10.251099 -8.097416
v 32.429188 12.324040 -8.432031
v 27.026554 9.220056 3.390049
v 25.408934 7.749051 -4.612249
v 27.125948 18.137409 4.980479
v 27.762140 13.323614 4.910860
v 23.516800 26.872347 -1.396989
v 31.275290 9.388393 -7.829789
v 33.473869 20.633558 -8.761447
v 28.334141 18.192877 4.836968
v 25.010733 29.536432 -5.706581
v 31.624525 25.780535 -9.001362
v 33.955353 15.493634 -8.263982
v 31.240416 8.555387 -6.559057
v 32.934566 17.481979 3.571769
v 26.101624 22.685566 5.889383
v 34.756451 22.664530 -8.245615
v 36.352631 20.848482 -6.251555
v 35.450829 14.739789 -6.203627
v 27.757874 7.660080 1.132489
v 29.636290 20.189857 4.437838
v 23.716549 30.900005 -2.296435
v 28.315079 8.874166 4.339890
v 34.618973 8.767711 -6.063782
v 29.272182 10.774263 4.329087
v 29.366369 13.300800 5.014330
v 31.619099 20.069269 3.796346
v 26.126419 25.247746 5.910886
v 29.187122 23.503443 6.410269
v 26.965876 23.097586 6.988640
v 25.030550 30.455143 4.651050
v 26.571938 31.823805 -4.962066
v 32.762211 26.984425 -9.331869
v 33.998070 10.109020 -7.627619
v 36.283066 12.450745 -5.260721
v 37.509396 19.821064 -3.893282
v 37.106640 14.514449 -4.193793
v 35.616676 8.642788 -3.982108
v 28.464043 25.635084 6.790439
v 26.707140 31.346588 -6.201275
v 35.136051 24.472696 -7.355482
v 27.828165 8.065123 3.511501
v 32.664692 23.478760 4.075499
v 24.822834 31.781399 1.942300
v 26.523430 33.105568 3.951869
v 27.902725 32.624317 -1.908006
v 31.281340 32.004814 -8.715344
v 34.122269 27.351690 -8.388256
v 36.239353 22.828054 -4.834542
v 38.349525 18.788475 -0.139209
v 37.823196 14.892979 1.650541
v 37.194199 19.525986 1.852068
v 26.218029 28.652710 6.384727
v 29.147486 33.215511 -6.248231
v 36.954887 22.236843 1.118878
v 33.104027 9.793872 2.587631
v 29.259323 28.147291 6.562455
v 35.503319 25.086491 3.603064
v 35.740025 26.538151 -4.610919
v 36.973728 24.599419 0.734904
v 36.330105 9.637369 -4.834214
v 38.411747 15.382467 0.096056
v 33.326031 25.188057 4.970913
v 35.699066 22.002600 3.295789
v 25.908337 32.217175 5.877016
v 36.224045 8.912420 -0.245726
v 27.138189 33.021820 5.991579
v 36.460693 24.548904 2.842195
v 31.763317 35.437195 1.119654
v 31.951712 34.952248 -2.938774
v 31.958986 33.561081 -7.270998
v 38.055347 9.889215 -0.504721
v 36.881748 9.358411 0.437113
v 37.594387 10.674245 0.838369
v 29.597162 31.931507 5.906324
v 32.537170 33.116760 -7.447867
v 35.228188 30.262039 -3.376739
v 36.829948 26.103004 1.155480
v 34.828831 31.441996 3.415298
v 32.225716 35.259384 2.520268
v 37.109550 27.520086 0.651378
v 36.209270 27.501385 3.868842
v 32.353840 34.646564 3.756910
v 33.104431 35.833687 0.594686
v 34.326691 35.282990 -0.094394
v 36.941654 27.848633 2.653735
v 35.594265 33.865036 0.867372
v 35.980335 30.601486 -1.163554
v 36.395634 30.593227 1.898253
v 35.566753 34.059074 2.467709
v 24.910675 38.965851 -4.491341
v 26.217209 34.495361 -4.342934
v 28.129446 40.201859 -4.694036
v 29.650881 34.358463 -4.532921
v 19.838264 39.123207 -3.652915
v 27.354107 33.557663 -4.130951
v 23.550108 34.014198 -3.565458
v 23.965996 45.271549 -4.214996
v 30.296066 39.255348 -4.023185
v 30.838253 35.208908 -4.191581
v 23.625040 33.086071 -0.825375
v 26.936180 44.992294 -4.204875
v 28.022808 45.221413 -2.826578
v 26.024641 32.671406 -2.706626
v 18.624084 40.198429 -1.983993
v 31.540121 38.341476 -2.792430
v 26.680285 32.406689 0.224731
v 20.843258 36.866692 1.896713
v 18.683382 41.082382 -2.700582
v 19.853205 43.653923 -2.928054
v 22.990480 46.373753 -3.219297
v 29.898689 42.918858 -0.813709
v 32.163204 36.770588 -1.010787
v 31.972435 35.151569 -2.047826
v 25.136436 32.342854 -0.953320
v 18.954901 43.460041 -1.321433
v 23.136118 47.034805 -1.713320
v 29.929583 41.719696 0.985569
v 28.863865 33.315239 2.015459
v 18.863867 40.223969 1.751246
v 20.632563 39.190582 3.344208
v 25.634665 46.930786 -3.383826
v 19.339071 43.790974 0.804768
v 28.630356 40.310802 2.692462
v 31.869612 35.336639 0.180457
v 25.573746 32.438457 2.114166
v 23.574039 33.256271 1.449013
v 27.515255 33.749615 2.899725
v 18.131277 42.374104 -0.118983
v 24.768433 47.430363 -1.132228
v 28.150627 44.915916 1.511079
v 23.350283 46.445869 0.770873
v 30.270731 35.404209 2.571117
v 31.689993 36.362255 0.901109
v 28.328184 35.782799 3.441318
v 26.313334 47.336231 -1.203306
v 27.175909 46.833473 0.960620
v 27.227444 45.300930 3.184815
v 20.420044 41.099525 3.875908
v 23.918278 38.316265 4.221312
v 20.358116 43.598217 2.981673
v 25.739576 40.140533 3.932706
v 24.568087 44.277393 4.233767
v 18.840307 41.936981 2.495238
v 25.592518 45.835148 3.227108
v 22.422470 42.557522 4.264948
v 26.212198 44.570255 4.104553
v -35.862812 26.745350 0.128025
v -35.893272 25.328663 1.928975
v -36.029144 28.435818 1.983332
v -36.210491 27.767788 0.654450
v -35.883118 22.281855 0.821484
v -35.084015 26.630901 3.165856
v -34.163315 23.740593 -1.717280
v -36.026974 20.220062 2.651842
v -34.398754 24.382622 3.849951
v -35.187836 28.151655 3.483120
v -34.312294 29.677156 -2.290744
v -35.036507 25.756565 -2.596732
v -35.099594 18.627466 -0.375168
v -33.847740 32.603939 3.109442
v -34.395885 33.689529 1.668964
v -34.106243 33.065659 0.166728
v -34.281311 22.015566 -1.436189
v -31.035419 24.303110 6.009366
v -33.285637 27.785223 -6.003653
v -35.657070 21.908260 3.179372
v -30.443697 22.301382 7.050613
v -31.343023 27.396444 5.746995
v -32.726482 22.751867 -7.549798
v -36.512909 15.702381 4.040829
v -36.660484 14.981616 2.491549
v -33.593258 34.914566 1.950717
v -32.852760 34.952972 -1.799362
v -32.917408 31.102224 -5.595778
v -32.472996 24.606188 -7.936264
v -32.562061 19.403088 -4.641476
v -34.521526 19.154762 5.783648
v -32.403561 34.828491 3.086134
v -26.602337 24.746071 8.246368
v -31.746601 35.782486 0.087536
v -30.354643 25.770966 -7.526711
v -31.317430 22.726238 -7.806615
v -32.091427 18.514172 -6.110656
v -31.930292 19.321562 7.174047
v -30.068296 19.966335 7.720739
v -30.771578 35.999836 2.160604
v -30.960993 33.471607 -6.833190
v -33.750126 15.079490 -4.607429
v -35.238579 15.113673 5.110722
v -36.185898 10.164041 3.154765
v -27.428585 28.517630 7.138731
v -28.661865 33.308605 4.934362
v -30.312004 35.436420 -0.083522
v -30.506735 32.002052 -7.661332
v -29.474939 20.742922 -6.615850
v -31.284092 18.003464 -6.677236
v -27.570477 18.169109 7.572288
v -24.808264 26.430450 7.988169
v -30.209555 34.704475 -2.282687
v -33.240257 13.492718 -5.707917
v -32.942711 9.231380 -5.008091
v -35.757355 10.422209 4.627151
v -26.126690 17.220411 7.181569
v -26.203693 34.058113 3.066941
v -29.266050 33.316353 -6.598759
v -29.086430 31.475113 -7.453653
v -23.860170 24.078344 -4.127777
v -31.026770 9.410402 6.226965
v -34.860336 9.200950 3.658098
v -24.063995 26.004335 7.058084
v -25.718943 32.713230 6.314098
v -27.118811 34.044239 4.650211
v -23.148535 27.196508 -4.153994
v -24.186995 32.110825 6.624465
v -26.813618 32.853500 -1.247768
v -27.175732 31.575788 -6.155828
v -31.013954 10.193993 -6.209722
v -32.185772 9.497297 -6.171486
v -23.294836 16.864399 -3.492865
v -32.879379 9.639086 5.866361
v -25.115837 15.937936 5.848188
v -22.897049 26.027058 3.447376
v -23.783518 32.570164 5.259569
v -22.643185 30.132837 -3.828301
v -22.376593 23.519424 -2.707307
v -31.218447 8.105611 -4.406848
v -30.105871 8.419240 5.706388
v -23.309505 31.067429 5.995030
v -22.798349 31.805639 2.519240
v -22.433184 17.235004 -2.784043
v -22.283016 22.427113 -1.384666
v -29.341721 9.319811 6.406421
v -27.107330 10.981679 6.605304
v -23.038288 21.055542 0.807458
v -24.081852 31.326656 -3.405586
v -21.235983 28.985224 -1.231867
v -21.581198 28.655012 -2.720204
v -24.520082 9.126384 -3.524084
v -22.283621 15.281566 -1.181794
v -25.546137 7.829681 1.530786
v -25.494865 9.903513 4.952598
v -26.976349 8.817348 5.524799
v -31.125679 8.740800 -5.678829
v -22.771053 15.693100 0.714455
v -25.601673 7.513983 -2.077801
v -21.967140 7.882694 -1.906080
v -23.103619 11.060029 1.035145
v -23.262953 9.295279 1.711031
v -23.856373 7.587729 -2.815546
v -21.826292 8.888892 -1.186570
v 17.316738 19.775017 1.869886
v 17.597931 19.150940 2.201334
v 15.450024 17.086660 5.060383
v 17.676308 16.943396 0.439567
v 15.442182 20.254557 -2.675651
v 17.215319 18.769218 -0.865767
v 13.874515 24.714108 3.405323
v 17.526871 15.628325 3.385903
v 16.273441 18.522003 -2.194895
v 14.292612 20.540007 5.375495
v 15.301150 17.225256 -2.402233
v 13.203545 27.225241 0.066747
v 13.612617 25.642572 3.079100
v 17.065058 13.633263 5.846517
v 17.782227 13.259976 4.273418
v 14.267184 20.688654 -3.819795
v 12.229632 25.616602 4.185960
v 12.784986 14.835183 6.429766
v 9.715778 19.110134 6.195259
v 17.669607 12.467396 1.554554
v 16.966564 13.950772 -0.541058
v 16.995625 15.406317 -1.589555
v 12.826654 26.545811 -4.014193
v 13.808106 25.822187 -2.259208
v 17.191853 11.550573 6.377302
v 17.586731 10.478629 5.584229
v 15.004404 14.514247 -0.932238
v 9.817412 19.315865 -3.163197
v 8.429013 15.551229 -1.503884
v 12.151975 28.504530 0.112390
v 10.621181 27.790279 3.683997
v 8.593232 16.142416 6.547527
v 16.710144 12.934215 -1.459250
v 12.182077 24.731522 -4.635829
v 10.154311 12.944429 -1.009025
v 11.371962 27.859491 -0.351684
v 8.668177 13.238221 6.683984
v 11.164105 12.551231 7.125749
v 17.455990 9.592004 4.197110
v 16.578981 10.008718 0.701679
v 17.009424 12.214426 -3.565664
v 14.877830 12.749053 -3.106543
v 11.100682 26.457830 -3.076498
v 9.337324 13.960325 -0.180379
v 10.020252 28.591764 2.663779
v 5.294829 23.443060 4.726494
v 4.514854 22.586317 3.929799
v 7.018190 16.250019 3.957335
v 13.913458 9.480780 6.342113
v 16.666348 8.992217 3.684888
v 6.648955 19.688253 -3.356907
v 11.105837 25.678474 -4.423456
v 9.851112 12.810081 -2.496592
v 6.071567 17.909887 -2.118921
v 6.896043 26.249166 2.129411
v 7.143428 26.540871 3.432050
v 8.547223 12.698919 5.112154
v 12.607252 10.331548 6.849629
v 17.054449 7.594196 2.803708
v 17.488155 9.222075 -1.532144
v 16.700554 11.329694 -4.346832
v 14.337044 10.036556 -4.546555
v 7.672012 13.978699 1.027971
v 6.735251 16.149944 0.186970
v 8.642598 24.880257 -0.824226
v 8.276026 11.570227 3.451693
v 13.165391 8.786885 5.401794
v 14.819787 8.553722 4.218437
v 15.812666 6.481619 3.339049
v 17.640556 4.909511 2.417645
v 17.020012 8.121240 -4.063539
v 5.784924 21.589312 -3.329536
v 10.018618 11.085242 -3.412329
v 9.069358 12.120288 0.515074
v 4.855369 23.194046 0.464363
v 9.264494 10.894606 4.378100
v 5.400558 20.283840 -2.858262
v 6.413570 23.069294 -2.257031
v 8.623733 12.095933 -1.987821
v 8.906931 10.211281 0.428052
v 4.888765 24.195896 3.937913
v 9.754848 11.156742 3.170325
v 9.714264 10.815692 2.922864
v 17.461309 4.899031 3.491797
v 15.466537 4.990425 3.734147
v 17.274546 5.801051 -1.278714
v 16.862083 5.281857 -3.057467
v 10.129275 7.531308 -4.116930
v 8.841545 11.535120 2.269951
v 14.042608 6.375593 3.024524
v 17.285904 2.446052 6.381928
v 8.970581 9.583984 -2.809842
v 13.435471 4.655596 3.498713
v 11.234092 7.877709 2.797771
v 17.970470 2.101809 5.586091
v 17.948261 2.279183 1.838050
v 15.957748 3.108580 -1.838391
v 11.503831 6.172160 -4.165154
v 9.918050 6.347471 2.421677
v 17.595999 1.647009 0.629000
v 10.396586 3.052955 -1.636466
v 9.688130 7.086743 -2.955908
v 9.366203 4.074731 2.267793
v 9.944884 4.848661 2.947453
v 11.014544 1.900079 6.181612
v 17.253572 1.016925 6.434607
v 12.105738 2.513311 -1.958436
v 12.108646 1.341809 -0.186832
v 14.196050 0.675104 2.861864
v 9.756715 2.090660 5.429419
v 11.566971 0.563734 5.827501
v 9.656803 1.910225 0.795275
v 9.677927 1.112281 3.556666
v 10.665979 1.440314 0.189804
v 10.734765 0.528079 3.732778
vn -0.5427 0.6904 0.4784
vn -0.4130 0.2797 0.8667
vn -0.1226 0.7103 0.6931
vn -0.7921 0.0697 0.6064
vn -0.8799 0.4719 0.0558
vn -0.9966 -0.0768 0.0292
vn -0.5985 0.7118 -0.3677
vn -0.4455 0.8934 0.0583
vn -0.1922 -0.1321 0.9724
vn 0.3138 0.5175 0.7961
vn -0.6034 -0.4730 0.6421
vn 0.2773 0.1268 0.9524
vn 0.1108 -0.0565 0.9922
vn 0.0633 0.9964 0.0568
vn 0.4466 0.7932 0.4139
vn -0.0064 -0.4772 0.8788
vn -0.7807 0.1063 -0.6158
vn -0.7560 0.4295 -0.4939
vn -0.1793 0.2547 -0.9503
vn -0.6965 -0.5448 -0.4670
vn 0.3224 0.8240 -0.4660
vn -0.1922 0.9287 -0.3173
vn -0.1531 -0.1040 -0.9827
vn 0.5469 0.8372 0.0074
vn -0.2451 -0.8294 0.5020
vn -0.6953 -0.7002 0.1619
vn 0.7168 0.6803 0.1532
vn 0.5560 0.3660 0.7462
vn 0.4832 -0.6009 0.6367
vn 0.6451 0.5193 -0.5605
vn -0.1408 0.5595 -0.8168
vn -0.1108 -0.5993 -0.7928
vn 0.1605 -0.2590 -0.9525
vn -0.0353 -0.9090 0.4153
vn 0.2875 0.3946 -0.8727
vn 0.7463 0.6426 0.1736
vn 0.9652 -0.0923 0.2446
vn 0.4547 -0.8404 0.2949
vn 0.3667 -0.9192 -0.1436
vn 0.1477 -0.6689 -0.7285
vn -0.1343 -0.9410 -0.3106
vn -0.3314 -0.9212 -0.2039
vn 0.7401 -0.6724 -0.0091
vn 0.9111 0.0055 -0.4122
vn 0.6411 -0.3702 -0.6723
vn 0.5788 -0.5815 -0.5717
vn 0.8306 0.4615 0.3115
vn 0.2762 0.4356 0.8567
vn 0.5013 0.3461 0.7930
vn 0.3331 0.7914 0.5126
vn 0.7631 0.6287 -0.1499
vn 0.4443 0.8369 -0.3198
vn 0.3500 0.9340 0.0719
vn 0.9369 0.0834 -0.3396
vn 0.2210 0.7775 -0.5888
vn 0.5607 0.6152 -0.5542
vn 0.0346 0.9416 -0.3350
vn 0.8383 -0.4243 -0.3423
vn 0.9620 -0.1714 0.2127
vn 0.8618 -0.4720 0.1859
vn -0.1006 0.9944 0.0317
vn 0.2446 -0.1441 -0.9589
vn 0.4475 0.3071 -0.8399
vn 0.5758 -0.0796 -0.8137
vn -0.0009 0.0462 -0.9989
vn 0.1012 -0.0671 0.9926
vn 0.1123 0.1033 0.9883
vn -0.2307 0.0815 0.9696
vn 0.5902 -0.2372 0.7716
vn 0.3495 -0.5529 0.7564
vn -0.0176 0.5475 -0.8366
vn -0.8223 0.5016 0.2689
vn -0.3027 0.8140 0.4957
vn -0.5743 0.8186 -0.0059
vn -0.3426 0.1652 -0.9249
vn 0.5666 -0.4309 -0.7023
vn -0.8887 0.3857 -0.2479
vn -0.5653 0.7380 -0.3685
vn -0.3090 -0.5799 0.7538
vn 0.5744 -0.8022 0.1630
vn 0.6537 -0.5690 0.4989
vn 0.0411 -0.2275 -0.9729
vn -0.2480 0.0541 -0.9672
vn -0.5821 0.4592 -0.6711
vn -0.0098 -0.8942 0.4475
vn -0.2809 -0.9592 0.0313
vn 0.1768 -0.9829 0.0517
vn -0.4688 0.0895 -0.8788
vn -0.6470 -0.2384 0.7243
vn 0.6432 -0.7363 -0.2102
vn 0.4181 -0.6268 -0.6575
vn -0.3057 -0.1855 -0.9339
vn -0.8111 0.2314 -0.5372
vn -0.7218 0.2647 0.6395
vn -0.9408 -0.1918 0.2795
vn -0.9438 0.2862 0.1654
vn -0.4625 -0.6806 -0.5682
vn 0.0535 -0.8082 -0.5865
vn -0.9730 -0.1637 -0.1628
vn -0.6362 -0.7596 -0.1352
vn -0.6924 -0.6997 0.1761
vn -0.7550 -0.1610 -0.6357
vn 0.7714 0.0892 -0.6301
vn 0.4255 -0.3819 -0.8204
vn 0.3464 0.1525 -0.9256
vn 0.0607 -0.1318 -0.9894
vn 0.2563 -0.8173 -0.5160
vn 0.6702 -0.5923 -0.4473
vn -0.1106 -0.1438 -0.9834
vn 0.0268 0.7176 -0.6959
vn 0.4782 0.6291 -0.6128
vn 0.5274 0.8341 -0.1616
vn 0.8380 0.4894 -0.2414
vn 0.8850 0.4571 0.0886
vn 0.9395 -0.0279 -0.3414
vn 0.6769 -0.7360 0.0088
vn 0.9921 -0.0778 0.0985
vn 0.6485 -0.6478 0.3997
vn 0.8838 -0.1182 0.4526
vn 0.1134 -0.7719 -0.6256
vn -0.3743 0.4783 -0.7944
vn 0.0278 0.9982 -0.0533
vn 0.5248 -0.4691 0.7103
vn -0.1689 -0.5619 -0.8098
vn -0.1473 -0.9450 -0.2919
vn -0.4268 0.8278 -0.3641
vn -0.5960 0.2862 -0.7502
vn -0.6388 -0.4494 -0.6245
vn -0.0849 0.9049 0.4172
vn 0.3632 0.9182 0.1579
vn 0.6424 0.6626 0.3850
vn 0.1938 0.7476 0.6353
vn 0.1664 -0.7574 0.6314
vn -0.4733 0.8648 0.1677
vn 0.1495 0.4217 0.8943
vn 0.1869 -0.0550 0.9808
vn 0.5334 0.3438 0.7729
vn 0.0059 -0.3668 0.9303
vn -0.4327 -0.6470 0.6279
vn -0.2814 0.1322 0.9504
vn -0.6094 -0.7900 0.0674
vn -0.6811 0.7016 -0.2092
vn -0.7015 -0.6511 0.2899
vn -0.7163 0.6694 -0.1972
vn -0.9805 -0.0688 -0.1843
vn -0.2955 0.5632 0.7717
vn -0.3566 0.3872 0.8502
vn -0.6297 0.6005 0.4928
vn -0.7986 -0.2202 0.5601
vn -0.6957 0.4415 0.5666
vn 0.5286 0.7711 -0.3550
vn 0.5668 0.7895 -0.2353
vn 0.1087 0.9428 -0.3150
vn -0.0468 0.0212 -0.9987
vn 0.5305 0.4038 -0.7453
vn 0.2349 -0.1169 -0.9650
vn -0.6749 0.6630 -0.3238
vn -0.9154 0.3562 -0.1875
vn -0.7641 0.6316 0.1311
vn 0.8094 -0.0473 -0.5854
vn 0.7717 0.5325 -0.3477
vn -0.9221 0.3814 0.0650
vn -0.9595 0.2804 -0.0281
vn 0.0065 0.8556 0.5176
vn 0.5136 0.8439 -0.1551
vn -0.1227 0.9903 -0.0657
vn -0.6490 0.1994 -0.7342
vn -0.6741 0.1515 -0.7229
vn -0.8760 0.4822 -0.0092
vn 0.0592 0.2900 0.9552
vn -0.5442 0.4372 0.7161
vn 0.6672 -0.4171 -0.6171
vn 0.8327 0.5526 -0.0348
vn 0.5459 0.6853 0.4820
vn 0.5826 0.3497 0.7337
vn -0.8876 0.4180 0.1934
vn -0.0924 -0.3240 -0.9415
vn -0.1922 -0.1076 -0.9754
vn -0.0355 -0.2674 -0.9629
vn -0.6674 -0.1472 -0.7300
vn 0.0983 0.6230 -0.7760
vn -0.4804 0.3161 -0.8181
vn -0.6277 0.3659 0.6871
vn -0.1834 0.2084 0.9607
vn 0.3079 -0.4429 -0.8420
vn 0.1362 -0.5636 -0.8148
vn -0.9441 -0.0560 -0.3248
vn 0.5603 0.8283 -0.0019
vn -0.5312 0.8472 -0.0084
vn -0.4381 0.1244 0.8903
vn -0.6210 0.7253 -0.2970
vn -0.9777 0.2064 0.0391
vn -0.1076 0.3681 -0.9235
vn -0.6979 0.2824 -0.6582
vn -0.7989 0.4785 0.3645
vn 0.8360 0.0080 0.5487
vn 0.3892 -0.0708 0.9184
vn 0.7225 0.1104 -0.6825
vn 0.5618 0.7010 -0.4393
vn -0.9606 0.1120 0.2543
vn -0.8807 -0.4274 -0.2040
vn -0.9972 0.0694 0.0295
vn -0.9607 0.1553 0.2300
vn -0.8916 0.2364 0.3862
vn -0.8137 0.0278 -0.5807
vn -0.9779 0.1401 0.1552
vn -0.3425 -0.0497 0.9382
vn 0.1041 0.0470 0.9935
vn 0.8557 -0.5084 0.0967
vn 0.9805 0.1289 0.1483
vn -0.9158 -0.2613 -0.3050
vn -0.9206 -0.3879 -0.0454
vn -0.6299 0.1371 0.7645
vn 0.7078 -0.6360 -0.3075
vn 0.9014 -0.4115 0.1344
vn 0.6151 -0.7882 -0.0209
vn 0.6986 0.1127 -0.7066
vn 0.0218 0.1114 -0.9935
vn 0.9374 -0.0907 0.3363
vn 0.9841 0.1722 0.0446
vn -0.9249 -0.0276 0.3792
vn -0.4959 0.1941 0.8464
vn -0.1578 -0.0260 -0.9871
vn -0.3904 -0.2129 -0.8957
vn 0.5448 -0.8315 0.1084
vn 0.4898 -0.8712 -0.0323
vn 0.2645 -0.9562 0.1255
vn 0.2167 -0.3935 0.8934
vn -0.7491 0.3587 0.5570
vn -0.4112 -0.1192 0.9037
vn 0.0434 -0.0040 0.9990
vn 0.4176 -0.1002 -0.9031
vn 0.7785 -0.2370 -0.5812
vn 0.5774 -0.1304 0.8060
vn -0.2331 -0.9290 -0.2874
vn -0.4049 -0.0398 0.9135
vn 0.1870 -0.2200 0.9574
vn -0.0757 0.0126 0.9971
vn 0.5916 -0.7357 0.3297
vn 0.4020 -0.6278 0.6665
vn 0.9822 0.0181 0.1868
vn -0.0006 -0.3083 -0.9513
vn 0.1936 -0.5631 -0.8034
vn -0.2676 0.2585 0.9282
vn -1.0000 -0.0059 -0.0028
vn -0.9061 -0.3853 -0.1750
vn -0.7886 0.2151 0.5760
vn 0.6207 -0.4126 0.6667
vn -0.6824 -0.3812 0.6237
vn -0.2806 -0.7950 0.5378
vn 0.6620 -0.4867 -0.5700
vn -0.4182 0.1042 0.9024
vn 0.0619 0.4913 0.8688
vn 0.1662 0.4479 0.8785
vn 0.2743 0.5862 0.7623
vn 0.2589 0.3676 0.8932
vn 0.0829 -0.8701 -0.4858
vn -0.3775 -0.5129 -0.7710
vn -0.8010 -0.3711 -0.4699
vn -0.3864 -0.8249 -0.4127
vn 0.7435 -0.5380 -0.3972
vn 0.9631 0.1018 -0.2492
vn 0.8800 0.1160 0.4606
vn 0.3747 -0.0628 0.9250
vn -0.4453 -0.7932 0.4154
vn -0.0714 -0.9770 -0.2007
vn 0.0744 -0.8806 0.4680
vn 0.2885 -0.9352 -0.2056
vn 0.5734 -0.7535 0.3215
vn 0.8951 -0.4232 -0.1400
vn -0.4459 0.1225 -0.8866
vn -0.4752 0.0236 -0.8796
vn -0.3962 0.0888 -0.9139
vn -0.9246 0.0393 -0.3790
vn -0.9655 -0.1308 0.2250
vn -0.9862 -0.0355 0.1620
vn -0.6912 0.0155 -0.7225
vn -0.9786 -0.0373 -0.2025
vn -0.6979 -0.5116 -0.5012
vn -0.9763 -0.0836 0.1998
vn -0.3273 -0.0487 -0.9436
vn -0.9398 -0.1234 0.3186
vn -0.1691 -0.0013 -0.9856
vn -0.2129 0.0184 -0.9769
vn -0.3822 -0.1983 0.9026
vn -0.8659 -0.1766 0.4680
vn -0.4041 -0.1102 0.9080
vn -0.9750 -0.0786 0.2077
vn -0.9899 0.0980 -0.1021
vn -0.7906 0.2405 -0.5631
vn -0.4530 -0.0221 -0.8912
vn 0.1127 -0.1080 -0.9877
vn 0.0531 -0.5861 -0.8085
vn -0.3074 -0.0468 -0.9504
vn 0.5421 -0.0869 -0.8358
vn 0.2307 -0.0471 -0.9719
vn -0.2624 -0.8044 0.5330
vn -0.7896 -0.2816 0.5452
vn -0.6731 -0.7189 0.1735
vn -0.0818 -0.9814 -0.1735
vn 0.0509 -0.9204 -0.3875
vn 0.1588 -0.1132 0.9808
vn 0.2619 -0.0979 0.9601
vn -0.8553 -0.1437 0.4978
vn 0.6514 0.0124 -0.7587
vn 0.8661 0.0662 -0.4954
vn -0.8904 -0.0430 0.4531
vn -0.9282 0.0853 0.3622
vn 0.4605 -0.3476 -0.8167
vn -0.1532 -0.2190 -0.9636
vn 0.3749 -0.2369 0.8963
vn 0.4784 -0.1903 0.8573
vn -0.2947 -0.1717 0.9400
vn 0.1761 0.0230 0.9841
vn -0.7858 0.6128 -0.0838
vn 0.1575 0.0717 -0.9849
vn 0.7171 -0.0894 -0.6912
vn 0.9126 -0.0584 -0.4046
vn 0.7909 -0.0615 -0.6088
vn 0.2381 -0.0554 0.9696
vn 0.3637 -0.3439 0.8657
vn -0.4630 0.8804 -0.1028
vn -0.5186 0.8271 -0.2166
vn 0.7465 0.2032 -0.6337
vn 0.8936 0.1475 -0.4240
vn -0.5088 0.0319 0.8603
vn -0.8233 0.5563 0.1127
vn -0.4931 0.8661 0.0823
vn -0.4397 0.8063 -0.3958
vn -0.5555 0.4794 -0.6794
vn -0.0482 0.3865 -0.9210
vn 0.3804 -0.4569 0.8041
vn 0.2801 -0.1803 0.9429
vn -0.0680 -0.4506 0.8901
vn 0.7171 -0.0644 0.6940
vn 0.7307 0.0309 0.6820
vn 0.3146 -0.0027 0.9492
vn 0.2363 0.0918 0.9673
vn 0.9984 0.0553 0.0095
vn 0.9376 0.2743 -0.2136
vn 0.9862 0.1475 0.0756
vn 0.9517 0.1510 -0.2673
vn 0.3944 -0.8036 -0.4457
vn 0.7936 -0.3959 -0.4621
vn 0.9835 0.1544 0.0940
vn 0.9509 0.1238 -0.2837
vn -0.0254 -0.9965 0.0796
vn 0.4091 -0.9012 -0.1431
vn 0.3024 -0.9354 0.1830
vn 0.9978 -0.0277 0.0605
vn 0.4337 -0.2369 0.8694
vn 0.4711 -0.2213 0.8538
vn 0.8389 -0.0645 0.5405
vn 0.4323 -0.1054 0.8956
vn -0.6388 0.4339 0.6353
vn -0.3496 0.9364 0.0304
vn 0.8729 -0.4840 0.0614
vn 0.2577 0.2459 0.9344
vn 0.1619 0.8053 -0.5704
vn 0.9970 -0.0766 0.0059
vn 0.4452 -0.7450 0.4967
vn 0.6839 -0.2858 0.6713
vn 0.6125 0.0728 0.7871
vn -0.1004 0.9668 -0.2349
vn 0.1012 0.9942 0.0378
vn 0.5511 0.8146 -0.1810
vn -0.2088 0.6445 0.7356
vn 0.1973 0.7249 0.6600
vn 0.9380 0.1057 0.3302
vn 0.5425 0.1781 0.8210
vn -0.0213 0.9504 0.3102
vn 0.9360 0.2480 0.2498
vn 0.7285 0.5101 0.4574
vn 0.8842 0.4391 -0.1596
vn 0.9292 0.2577 -0.2651
vn 0.6557 0.4871 -0.5769
vn 0.8922 0.2852 -0.3503
vn 0.0229 -0.6926 -0.7210
vn -0.1396 -0.3193 -0.9373
vn 0.3249 -0.5715 -0.7536
vn 0.5984 0.2255 -0.7688
vn 0.1513 0.0774 -0.9854
vn -0.5050 -0.5836 -0.6360
vn -0.6199 -0.2857 -0.7308
vn -0.1154 -0.0247 -0.9930
vn -0.1744 0.3052 -0.9362
vn 0.6272 -0.2750 -0.7287
vn 0.8983 0.2427 -0.3663
vn -0.0168 -0.9143 -0.4047
vn -0.7475 -0.5532 0.3677
vn -0.6101 -0.7858 -0.1018
vn -0.5986 -0.7060 0.3786
vn -0.6268 0.4390 -0.6437
vn -0.4120 0.7081 -0.5734
vn 0.7355 0.5676 -0.3699
vn 0.8910 0.4540 -0.0067
vn 0.2426 -0.9700 -0.0121
vn 0.4538 -0.7885 0.4150
vn -0.8214 0.0610 -0.5671
vn 0.3595 0.3818 -0.8515
vn 0.8485 0.2883 0.4437
vn 0.9874 0.1543 0.0354
vn 0.8501 -0.4863 -0.2022
vn -0.8811 -0.3412 0.3276
vn -0.9201 -0.3560 -0.1633
vn -0.5389 -0.3614 0.7609
vn 0.1685 0.7872 -0.5932
vn 0.5737 0.1181 0.8105
vn 0.6195 -0.2158 0.7548
vn 0.1058 -0.5017 0.8585
vn -0.1721 -0.8297 0.5311
vn -0.9732 0.2279 0.0297
vn -0.3561 0.8555 0.3758
vn -0.4227 0.9026 -0.0810
vn -0.6923 0.6876 0.2189
vn 0.2680 -0.1321 0.9543
vn -0.7959 0.5682 -0.2088
vn 0.4845 0.8390 0.2475
vn 0.8786 -0.3808 0.2881
vn 0.8543 0.0970 0.5106
vn -0.8323 0.1388 0.5367
vn 0.2337 0.0015 0.9723
vn -0.0748 -0.1942 0.9781
vn -0.5359 0.5698 0.6231
vn -0.1226 0.9916 0.0408
vn 0.3769 0.9228 -0.0796
vn 0.8357 0.4604 0.2993
vn 0.5855 0.4984 0.6394
vn -0.4805 -0.0393 0.8761
vn 0.2753 0.2740 0.9215
vn -0.1790 0.1686 0.9693
vn -0.0379 0.7837 0.6200
vn -0.1202 0.3608 0.9249
vn -0.9484 -0.0311 -0.3156
vn -0.9529 -0.0132 0.3029
vn -0.9608 -0.0615 -0.2704
vn -0.9037 -0.2293 -0.3616
vn -0.9963 0.0853 -0.0115
vn -0.7220 -0.0800 0.6872
vn -0.6546 0.0951 0.7500
vn -0.7133 0.0353 0.6999
vn -0.9652 0.1433 0.2190
vn -0.8148 0.5273 -0.2409
vn -0.9149 0.3005 -0.2696
vn -0.9120 0.2268 -0.3418
vn -0.9715 0.0613 -0.2290
vn -0.8506 -0.0009 -0.5258
vn -0.6096 0.3007 0.7335
vn -0.8912 0.4170 0.1786
vn -0.5029 0.1645 0.8485
vn -0.9507 -0.1371 -0.2781
vn -0.6668 -0.2319 -0.7082
vn -0.4591 0.2543 0.8512
vn -0.4645 0.1246 0.8767
vn -0.9074 0.0775 -0.4131
vn -0.9890 -0.0099 -0.1476
vn -0.5655 0.7532 -0.3361
vn -0.8225 0.2464 -0.5127
vn -0.8442 0.1521 -0.5141
vn -0.4607 0.0265 -0.8871
vn -0.9017 0.0418 0.4303
vn -0.6233 0.1762 0.7619
vn -0.0779 0.0515 0.9956
vn -0.6660 0.6963 0.2676
vn -0.1535 0.9720 -0.1777
vn -0.9334 0.0269 -0.3578
vn -0.2819 0.2497 0.9264
vn 0.0162 0.9659 0.2585
vn -0.5545 -0.0379 0.8313
vn -0.3799 0.0642 0.9228
vn -0.2008 0.0139 0.9795
vn -0.2594 0.4912 0.8315
vn -0.3929 0.5712 0.7207
vn -0.3027 0.6801 -0.6677
vn 0.3251 -0.0473 -0.9445
vn 0.3908 -0.1109 -0.9138
vn 0.1399 -0.1615 -0.9769
vn 0.3454 0.9061 -0.2444
vn 0.2749 0.9257 -0.2597
vn -0.1980 0.2703 -0.9422
vn -0.2166 -0.0696 -0.9738
vn -0.7796 -0.0316 -0.6255
vn -0.8824 0.0918 -0.4614
vn -0.7409 -0.0298 -0.6709
vn -0.8831 -0.4692 0.0026
vn -0.6985 -0.3545 0.6216
vn 0.0691 -0.1243 0.9898
vn 0.4497 0.8924 -0.0379
vn 0.3469 0.1857 -0.9193
vn -0.7322 -0.5560 -0.3933
vn -0.3643 -0.4788 0.7988
vn -0.1840 -0.3661 0.9122
vn 0.4691 -0.1446 0.8712
vn 0.8577 -0.0866 0.5068
vn 0.4096 0.0740 0.9093
vn -0.0363 0.6044 0.7958
vn 0.4042 0.5011 0.7652
vn -0.4461 -0.8730 0.1974
vn 0.9533 -0.1174 0.2784
vn 0.8245 -0.1297 0.5509
vn 0.3592 0.7450 -0.5620
vn 0.5414 0.4557 -0.7066
vn 0.5891 -0.0807 -0.8040
vn 0.6967 0.4230 -0.5794
vn 0.1997 -0.1807 -0.9630
vn -0.3776 -0.4158 -0.8274
vn 0.1200 0.8574 0.5004
vn 0.6499 0.7187 0.2471
vn 0.7813 0.6241 0.0013
vn 0.4632 0.8623 -0.2044
vn 0.8794 -0.0050 -0.4761
vn 0.5395 -0.0405 -0.8410
vn 0.8761 -0.0931 -0.4731
vn -0.0967 -0.8640 0.4941
vn 0.9939 -0.0783 0.0772
vn 0.0268 -0.4060 0.9135
vn 0.8603 0.1692 0.4809
vn 0.5027 0.8141 -0.2909
vn 0.8965 0.0712 -0.4374
vn 0.9796 0.1989 -0.0291
vn 0.9542 -0.0734 0.2899
vn 0.9922 0.0212 0.1228
vn -0.0268 -0.9983 -0.0509
vn -0.2129 -0.9455 -0.2465
vn 0.4048 -0.1676 -0.8989
vn -0.0006 -0.6964 -0.7177
vn 0.7399 -0.6213 -0.2580
vn 0.3536 -0.7011 0.6192
vn 0.7947 -0.2919 0.5322
vn 0.7188 -0.3122 0.6212
vn 0.8812 0.0439 0.4706
vn 0.9400 -0.0098 0.3409
vn 0.2850 -0.7924 -0.5394
vn 0.9791 -0.1218 0.1630
vn 0.1516 -0.9653 0.2128
vn 0.7933 0.2173 -0.5688
vn 0.8761 0.4797 -0.0486
vn 0.8889 0.2926 -0.3526
vn 0.7986 0.4239 0.4272
vn 0.9382 0.2673 0.2199
vn 0.9111 0.2284 0.3431
vn 0.5562 0.2236 0.8004
vn 0.6697 0.0392 -0.7416
vn 0.9883 0.0261 -0.1501
vn 0.5986 -0.3282 -0.7307
vn 0.6347 0.2853 0.7182
vn 0.9823 0.0769 0.1707
vn 0.3382 0.3974 0.8531
vn 0.4539 0.2584 0.8528
vn 0.1684 0.1923 0.9668
vn 0.8071 -0.0959 -0.5825
vn 0.8352 0.5448 0.0750
vn 0.9023 0.4046 -0.1490
vn 0.7846 0.4900 0.3799
vn 0.5817 -0.0382 0.8125
vn -0.0062 -0.1875 -0.9822
vn 0.3539 -0.1214 -0.9274
vn 0.3743 0.6507 -0.6607
vn -0.2459 -0.5939 -0.7661
vn 0.1815 -0.2882 -0.9402
vn 0.1952 0.6516 0.7330
vn 0.7750 0.5268 -0.3491
vn 0.2982 0.9504 -0.0882
vn 0.8916 -0.2937 -0.3446
vn 0.7936 -0.5022 0.3435
vn 0.9910 0.0927 0.0969
vn 0.6718 0.5996 -0.4350
vn -0.0080 0.8678 -0.4968
vn -0.4759 0.7554 -0.4505
vn -0.4365 -0.3570 -0.8258
vn -0.4682 0.7793 -0.4165
vn -0.1617 0.9698 0.1825
vn -0.0450 -0.0366 0.9983
vn -0.1824 -0.4475 0.8755
vn 0.7747 -0.4259 0.4673
vn 0.7765 -0.6261 0.0710
vn 0.4983 0.2916 -0.8165
vn -0.0076 -0.3394 -0.9406
vn -0.2410 -0.3030 -0.9220
vn -0.3329 0.8214 -0.4630
vn -0.9349 -0.3313 0.1273
vn -0.6226 -0.3484 0.7007
vn -0.9459 -0.0442 0.3215
vn 0.1349 -0.6503 0.7476
vn 0.9952 0.0973 0.0049
vn -0.7311 -0.4873 -0.4774
vn -0.7519 -0.5062 -0.4223
vn -0.5776 0.7323 -0.3608
vn -0.6362 0.7123 -0.2965
vn -0.8036 -0.4668 0.3691
vn -0.7625 -0.6452 0.0484
vn 0.0652 -0.7071 0.7041
vn -0.6709 0.1734 -0.7210
vn 0.1596 0.0392 -0.9864
vn -0.3941 0.2898 -0.8722
vn -0.8904 -0.1497 -0.4298
vn -0.0476 0.1245 -0.9911
vn -0.8608 0.4903 -0.1365
vn -0.5267 0.7294 0.4365
vn -0.4710 0.2395 0.8490
vn -0.9408 -0.3387 0.0123
vn -0.2375 -0.9325 0.2721
vn -0.6214 -0.7422 0.2510
vn 0.9835 0.1716 0.0572
vn 0.8668 0.1033 0.4879
vn 0.7177 0.4494 0.5319
vn 0.6650 -0.1518 -0.7313
vn -0.1572 -0.3478 -0.9243
vn -0.9886 0.0106 0.1501
vn -0.8637 -0.4873 0.1290
vn -0.5971 0.7076 -0.3780
vn -0.8680 0.4035 -0.2893
vn -0.8051 0.4909 0.3329
vn -0.6686 -0.7363 -0.1043
vn -0.7111 -0.6160 -0.3389
vn -0.5412 -0.1280 -0.8311
vn -0.9121 -0.0650 -0.4048
vn 0.9613 -0.0481 0.2712
vn 0.9833 -0.1685 -0.0690
vn 0.9855 -0.0456 -0.1633
vn -0.0789 -0.6942 -0.7155
vn 0.6402 -0.3446 -0.6865
vn 0.2534 -0.6551 -0.7118
vn -0.6615 0.1472 0.7354
vn -0.2216 -0.0874 0.9712
vn 0.3806 0.3447 0.8581
vn 0.6650 -0.6610 -0.3476
vn -0.9292 -0.2236 -0.2944
vn -0.0448 -0.9014 -0.4306
vn -0.5958 0.3800 0.7076
vn -0.9875 0.0471 0.1502
vn -0.7840 0.0060 0.6208
vn -0.8121 -0.5822 0.0391
vn -0.3210 -0.9470 0.0109
vn 0.0865 -0.9882 -0.1266
vn -0.2251 -0.7604 0.6091
vn 0.6787 -0.3771 0.6302
vn -0.0448 0.5758 -0.8163
vn 0.9039 -0.2915 0.3129
vn -0.7492 0.0831 0.6571
vn -0.9631 -0.2025 0.1771
vn -0.0041 0.1896 0.9818
vn -0.3070 0.4701 -0.8275
vn -0.8428 -0.2173 -0.4923
vn -0.6030 -0.5217 -0.6035
vn 0.4326 -0.6594 0.6149
vn -0.3051 0.1923 0.9327
vn -0.3557 -0.8501 -0.3883
vn -0.8271 -0.5047 -0.2475
vn -0.6084 -0.3560 -0.7093
vn 0.4236 0.1465 -0.8939
vn 0.7363 0.0154 0.6765
vn -0.3691 0.5071 0.7789
vn -0.1763 0.1116 0.9780
vn 0.7988 0.1704 0.5769
vn -0.0561 -0.9620 0.2674
vn -0.4223 -0.3321 0.8434
vn 0.8252 0.4749 -0.3059
vn -0.9172 0.3183 -0.2395
vn 0.9967 -0.0317 0.0750
vn 0.8095 -0.4470 -0.3806
vn 0.8693 -0.4249 0.2525
vn -0.5880 0.2462 -0.7705
vn 0.9950 0.0054 -0.1000
vn -0.2077 -0.9712 -0.1169
vn 0.5475 -0.0885 -0.8321
vn 0.3513 -0.2267 0.9084
vn -0.2434 0.0839 0.9663
vn -0.4864 0.7788 -0.3960
vn 0.0905 0.0298 0.9954
vn -0.0589 0.4984 0.8650
vn -0.1441 0.0736 0.9868
vn -0.1137 0.4994 0.8589
vt 0.941909 0.759256
vt 0.943421 0.787588
vt 0.930547 0.760845
vt 0.955241 0.797416
vt 0.973459 0.751884
vt 0.976537 0.809617
vt 0.938625 0.724217
vt 0.970483 0.722305
vt 0.941533 0.739331
vt 0.935518 0.798279
vt 0.917162 0.761207
vt 0.952336 0.824154
vt 0.909746 0.769578
vt 0.914255 0.796107
vt 0.922676 0.740979
vt 0.916376 0.753509
vt 0.902088 0.807402
vt 0.938347 0.694849
vt 0.940365 0.709084
vt 0.927056 0.706994
vt 0.958691 0.673962
vt 0.933115 0.675431
vt 0.916603 0.731391
vt 0.931104 0.729547
vt 0.924321 0.694857
vt 0.913947 0.741065
vt 0.920173 0.628929
vt 0.960355 0.638699
vt 0.943273 0.655131
vt 0.901290 0.745845
vt 0.891935 0.762370
vt 0.874610 0.795308
vt 0.895319 0.726891
vt 0.927478 0.718465
vt 0.911472 0.677771
vt 0.902266 0.690554
vt 0.909946 0.840711
vt 0.871692 0.833822
vt 0.912494 0.725132
vt 0.889750 0.749461
vt 0.868953 0.754860
vt 0.863406 0.646833
vt 0.882027 0.635129
vt 0.883670 0.666094
vt 0.893124 0.675820
vt 0.898719 0.666088
vt 0.917228 0.660803
vt 0.840525 0.780967
vt 0.859157 0.816287
vt 0.874407 0.722414
vt 0.863283 0.743330
vt 0.878309 0.709288
vt 0.883040 0.689766
vt 0.858248 0.690230
vt 0.144444 0.767528
vt 0.122838 0.811372
vt 0.131852 0.777937
vt 0.130405 0.817989
vt 0.166066 0.763944
vt 0.157623 0.827734
vt 0.137944 0.826201
vt 0.155298 0.742692
vt 0.124775 0.879167
vt 0.149467 0.873910
vt 0.144365 0.920666
vt 0.130798 0.855308
vt 0.139806 0.721746
vt 0.132187 0.751583
vt 0.113520 0.741788
vt 0.125949 0.840777
vt 0.109578 0.922420
vt 0.130608 0.923713
vt 0.121849 0.934607
vt 0.112817 0.904322
vt 0.073336 0.785009
vt 0.104366 0.805898
vt 0.080142 0.812066
vt 0.108309 0.757934
vt 0.056796 0.764411
vt 0.117807 0.879899
vt 0.098172 0.836016
vt 0.118232 0.829679
vt 0.116719 0.845903
vt 0.111410 0.879901
vt 0.102551 0.950154
vt 0.089020 0.855278
vt 0.114794 0.860696
vt 0.046110 0.799732
vt 0.043207 0.735374
vt 0.072663 0.748377
vt 0.075792 0.916543
vt 0.064738 0.901095
vt 0.110181 0.870354
vt 0.043319 0.773011
vt 0.022040 0.766724
vt 0.026928 0.749325
vt 0.075913 0.884885
vt 0.048127 0.813839
vt 0.026513 0.964688
vt 0.017988 0.942886
vt 0.041850 0.954998
vt 0.044795 0.942983
vt 0.047703 0.896855
vt 0.054157 0.861157
vt 0.070072 0.825303
vt 0.045314 0.829138
vt 0.058483 0.838228
vt 0.036795 0.894794
vt 0.036216 0.929793
vt 0.038896 0.850647
vt 0.019774 0.828689
vt 0.040252 0.821310
vt 0.043895 0.874455
vt 0.025363 0.872745
vt 0.875087 0.349646
vt 0.894847 0.346462
vt 0.886208 0.361490
vt 0.899397 0.362127
vt 0.925755 0.326533
vt 0.897613 0.309829
vt 0.916315 0.373354
vt 0.885423 0.397059
vt 0.871400 0.386935
vt 0.857125 0.406359
vt 0.846817 0.379669
vt 0.817750 0.379720
vt 0.865220 0.325297
vt 0.857691 0.590203
vt 0.825199 0.540110
vt 0.868973 0.551515
vt 0.852720 0.524637
vt 0.951300 0.352327
vt 0.896439 0.399560
vt 0.877469 0.421571
vt 0.876270 0.528813
vt 0.938363 0.376280
vt 0.966062 0.361912
vt 0.903910 0.284461
vt 0.893484 0.407830
vt 0.920916 0.405024
vt 0.941101 0.391843
vt 0.884164 0.433792
vt 0.861549 0.428757
vt 0.849739 0.447346
vt 0.870052 0.445432
vt 0.924909 0.532395
vt 0.892296 0.427580
vt 0.871139 0.462889
vt 0.880153 0.492373
vt 0.864352 0.476465
vt 0.903240 0.507951
vt 0.966471 0.494222
vt 0.919565 0.450915
vt 0.997198 0.389707
vt 0.905557 0.415003
vt 0.961123 0.455043
vt 0.916268 0.415841
vt 0.932126 0.414990
vt 0.891620 0.439846
vt 0.904330 0.443777
vt 0.907200 0.435658
vt 0.959627 0.446689
vt 0.938057 0.436824
vt 0.922510 0.435475
vt 0.998844 0.517477
vt 0.423981 0.492570
vt 0.408173 0.458359
vt 0.441018 0.480271
vt 0.452184 0.459590
vt 0.424065 0.409552
vt 0.440726 0.400140
vt 0.448888 0.478719
vt 0.458101 0.477585
vt 0.446596 0.508100
vt 0.422182 0.629543
vt 0.406803 0.620739
vt 0.415421 0.605142
vt 0.473205 0.494296
vt 0.480653 0.475386
vt 0.440486 0.520235
vt 0.426172 0.530136
vt 0.437663 0.510377
vt 0.466499 0.467364
vt 0.494220 0.464981
vt 0.486883 0.483589
vt 0.447504 0.527961
vt 0.449488 0.518738
vt 0.457364 0.378382
vt 0.428939 0.391596
vt 0.441482 0.570897
vt 0.439521 0.552054
vt 0.449988 0.566006
vt 0.471681 0.510756
vt 0.521296 0.451991
vt 0.483827 0.455428
vt 0.474904 0.416323
vt 0.567422 0.925986
vt 0.562131 0.967590
vt 0.552792 0.927205
vt 0.476265 0.518696
vt 0.477355 0.532499
vt 0.522900 0.373975
vt 0.505427 0.382452
vt 0.536383 0.469435
vt 0.560017 0.482781
vt 0.557484 0.462852
vt 0.547630 0.986601
vt 0.541303 0.929929
vt 0.496951 0.524720
vt 0.533937 0.933088
vt 0.539890 0.920177
vt 0.526529 0.940696
vt 0.526666 0.933434
vt 0.497377 0.510279
vt 0.453752 0.574019
vt 0.511192 0.575197
vt 0.566610 0.983417
vt 0.536131 0.983391
vt 0.555713 0.914501
vt 0.522790 0.894530
vt 0.525095 0.874243
vt 0.520569 0.496631
vt 0.537718 0.513829
vt 0.507351 0.504780
vt 0.511407 0.929758
vt 0.513359 0.909543
vt 0.505020 0.532476
vt 0.489289 0.562093
vt 0.539002 0.799260
vt 0.550205 0.778989
vt 0.564475 0.781008
vt 0.564486 0.505150
vt 0.586416 0.535149
vt 0.571195 0.535967
vt 0.521477 0.517705
vt 0.538373 0.618354
vt 0.527300 0.607150
vt 0.541982 0.604853
vt 0.519141 0.987445
vt 0.508017 0.960369
vt 0.507794 0.795196
vt 0.544437 0.767392
vt 0.558233 0.530731
vt 0.522706 0.529901
vt 0.500258 0.943473
vt 0.500322 0.933276
vt 0.554649 0.760742
vt 0.542537 0.751754
vt 0.558729 0.610236
vt 0.572710 0.563912
vt 0.529490 0.748769
vt 0.540944 0.811832
vt 0.518818 0.853736
vt 0.504099 0.851632
vt 0.538541 0.522634
vt 0.507962 0.871736
vt 0.493829 0.863970
vt 0.498334 0.972541
vt 0.481055 0.977687
vt 0.502022 0.808471
vt 0.575877 0.552838
vt 0.554821 0.540061
vt 0.548044 0.563882
vt 0.514148 0.555353
vt 0.534323 0.586757
vt 0.562996 0.564040
vt 0.491056 0.793087
vt 0.491084 0.752972
vt 0.490136 0.959387
vt 0.463373 0.957069
vt 0.587073 0.560153
vt 0.536526 0.530142
vt 0.490594 0.911191
vt 0.466153 0.906366
vt 0.484085 0.880422
vt 0.525133 0.581850
vt 0.566617 0.542847
vt 0.571595 0.552425
vt 0.446383 0.963881
vt 0.452384 0.872742
vt 0.477694 0.865434
vt 0.477601 0.841276
vt 0.463826 0.815007
vt 0.481762 0.816186
vt 0.442330 0.942078
vt 0.476953 0.925734
vt 0.475245 0.914505
vt 0.461646 0.912024
vt 0.455243 0.787392
vt 0.460275 0.769401
vt 0.487776 0.777143
vt 0.460125 0.808372
vt 0.448682 0.827304
vt 0.443915 0.879465
vt 0.431067 0.915185
vt 0.409674 0.907756
vt 0.430780 0.953182
vt 0.414313 0.936971
vt 0.442854 0.814802
vt 0.436619 0.836391
vt 0.438142 0.801751
vt 0.455453 0.798659
vt 0.085352 0.602905
vt 0.084778 0.529443
vt 0.090895 0.577509
vt 0.057745 0.555525
vt 0.071457 0.631355
vt 0.041545 0.554707
vt 0.070985 0.512590
vt 0.058818 0.502890
vt 0.084059 0.629187
vt 0.038170 0.489813
vt 0.089980 0.622150
vt 0.003853 0.513762
vt 0.130510 0.597497
vt 0.126527 0.568409
vt 0.302945 0.551212
vt 0.316003 0.540989
vt 0.296082 0.595907
vt 0.051840 0.456215
vt 0.077152 0.450949
vt 0.089779 0.457129
vt 0.120886 0.507496
vt 0.140675 0.598915
vt 0.132592 0.621294
vt 0.138473 0.508305
vt 0.150289 0.577642
vt 0.145905 0.542614
vt 0.060917 0.675123
vt 0.045941 0.657680
vt 0.078768 0.641119
vt 0.088601 0.643026
vt 0.133926 0.632307
vt 0.334516 0.526832
vt 0.292218 0.631075
vt 0.283839 0.592277
vt 0.290281 0.551670
vt 0.303746 0.508716
vt 0.155337 0.530775
vt 0.169694 0.544063
vt 0.294852 0.488461
vt 0.327734 0.443689
vt 0.057244 0.414712
vt 0.152038 0.613264
vt 0.120159 0.615311
vt 0.275105 0.513988
vt 0.276311 0.536503
vt 0.292157 0.507516
vt 0.278745 0.494157
vt 0.087267 0.432427
vt 0.148107 0.502871
vt 0.164284 0.582526
vt 0.185600 0.582277
vt 0.174109 0.596758
vt 0.260231 0.543157
vt 0.253473 0.523673
vt 0.127395 0.420892
vt 0.121269 0.445809
vt 0.157936 0.502774
vt 0.163821 0.520557
vt 0.278531 0.471072
vt 0.280449 0.453173
vt 0.275154 0.426622
vt 0.258945 0.445957
vt 0.281343 0.408471
vt 0.098385 0.401760
vt 0.143852 0.452581
vt 0.120373 0.458568
vt 0.151175 0.474290
vt 0.248334 0.618609
vt 0.277877 0.614329
vt 0.283842 0.626522
vt 0.220621 0.579704
vt 0.223808 0.549273
vt 0.255361 0.562912
vt 0.265270 0.483829
vt 0.212297 0.519898
vt 0.180173 0.534008
vt 0.212920 0.534167
vt 0.184257 0.552748
vt 0.159828 0.624986
vt 0.177493 0.618531
vt 0.209616 0.556347
vt 0.180416 0.508290
vt 0.282802 0.650897
vt 0.181714 0.633652
vt 0.215879 0.623653
vt 0.182262 0.633738
vt 0.210853 0.577609
vt 0.247481 0.509073
vt 0.233766 0.513758
vt 0.225370 0.518391
vt 0.233431 0.536699
vt 0.266437 0.454515
vt 0.169150 0.425260
vt 0.209858 0.610656
vt 0.250389 0.467884
vt 0.157964 0.465348
vt 0.213855 0.511657
vt 0.217279 0.614986
vt 0.219588 0.604992
vt 0.227765 0.501812
vt 0.186583 0.445053
vt 0.218748 0.449753
vt 0.212902 0.456748
vt 0.207880 0.462371
vt 0.258507 0.455153
vt 0.229722 0.462365
vt 0.219881 0.501008
vt 0.225703 0.480677
vt 0.224632 0.456670
vt 0.215781 0.485605
vt 0.217587 0.471138
vt 0.210640 0.471995
vt 0.200521 0.487281
vt 0.160171 0.471098
vt 0.185478 0.487108
vt 0.290753 0.895953
vt 0.284438 0.900626
vt 0.289293 0.879136
vt 0.267728 0.863355
vt 0.258783 0.875262
vt 0.281498 0.917213
vt 0.243039 0.925858
vt 0.255492 0.897414
vt 0.223395 0.881031
vt 0.288775 0.870608
vt 0.275421 0.853101
vt 0.297632 0.908139
vt 0.254220 0.980587
vt 0.297836 0.935653
vt 0.309684 0.956994
vt 0.214804 0.915753
vt 0.212230 0.881588
vt 0.232575 0.855009
vt 0.248019 0.841224
vt 0.325408 0.909906
vt 0.329874 0.880262
vt 0.225787 0.930676
vt 0.233623 0.865864
vt 0.253624 0.826860
vt 0.288584 0.844048
vt 0.296316 0.856846
vt 0.214403 0.974602
vt 0.229509 0.939161
vt 0.228004 0.728731
vt 0.240178 0.708832
vt 0.306757 0.726364
vt 0.219579 0.865907
vt 0.258968 0.807891
vt 0.295713 0.804214
vt 0.305325 0.776950
vt 0.315784 0.792670
vt 0.316349 0.752687
vt 0.206965 0.942954
vt 0.171243 0.869880
vt 0.201033 0.875177
vt 0.189619 0.929239
vt 0.287210 0.787937
vt 0.331858 0.768830
vt 0.205861 0.925843
vt 0.219732 0.833100
vt 0.303712 0.835011
vt 0.293027 0.827459
vt 0.202529 0.716375
vt 0.193446 0.960491
vt 0.247594 0.785178
vt 0.253817 0.757504
vt 0.191385 0.761861
vt 0.187623 0.819473
vt 0.171045 0.768714
vt 0.204928 0.855641
vt 0.183372 0.842960
vt 0.215214 0.850469
vt 0.230872 0.828141
vt 0.224060 0.816812
vt 0.213263 0.746879
vt 0.191622 0.731991
vt 0.223979 0.807030
vt 0.215507 0.768431
vt 0.214286 0.812297
vt 0.217316 0.793698
vt 0.532550 0.199874
vt 0.515022 0.209658
vt 0.507993 0.196092
vt 0.523420 0.183450
vt 0.547890 0.212113
vt 0.506024 0.218422
vt 0.518533 0.224475
vt 0.497642 0.218017
vt 0.497263 0.208393
vt 0.536551 0.221141
vt 0.471468 0.195853
vt 0.489318 0.184031
vt 0.501274 0.201503
vt 0.536032 0.183323
vt 0.472675 0.215359
vt 0.468118 0.207161
vt 0.517236 0.251507
vt 0.512440 0.182519
vt 0.525747 0.152084
vt 0.527389 0.261434
vt 0.498771 0.243343
vt 0.555116 0.193213
vt 0.579372 0.210897
vt 0.455748 0.191335
vt 0.481551 0.166800
vt 0.498960 0.160184
vt 0.515075 0.148575
vt 0.576347 0.220338
vt 0.556087 0.235365
vt 0.503779 0.285245
vt 0.461501 0.208759
vt 0.448055 0.201607
vt 0.549960 0.164248
vt 0.479638 0.267977
vt 0.446368 0.215534
vt 0.582651 0.228938
vt 0.553118 0.257752
vt 0.547119 0.273190
vt 0.452793 0.244061
vt 0.458507 0.216683
vt 0.466458 0.151774
vt 0.506700 0.134821
vt 0.541205 0.126588
vt 0.523892 0.139861
vt 0.434816 0.201911
vt 0.442296 0.169461
vt 0.472708 0.146916
vt 0.557109 0.142710
vt 0.554037 0.150845
vt 0.578216 0.163569
vt 0.587730 0.155526
vt 0.607882 0.215157
vt 0.606523 0.221523
vt 0.561305 0.290116
vt 0.426915 0.246987
vt 0.472282 0.138893
vt 0.612869 0.155438
vt 0.615983 0.237113
vt 0.622847 0.251719
vt 0.570289 0.304519
vt 0.483301 0.305755
vt 0.484460 0.294352
vt 0.451035 0.261993
vt 0.448041 0.272924
vt 0.616359 0.220320
vt 0.463009 0.332095
vt 0.589745 0.324590
vt 0.462329 0.143571
vt 0.466320 0.126290
vt 0.486894 0.088640
vt 0.462128 0.087944
vt 0.606247 0.141269
vt 0.609452 0.148485
vt 0.443219 0.247339
vt 0.437881 0.273423
vt 0.409641 0.276683
vt 0.400289 0.212294
vt 0.569659 0.068938
vt 0.570952 0.079241
vt 0.513780 0.066073
vt 0.633706 0.247434
vt 0.524707 0.051090
vt 0.629702 0.260667
vt 0.444984 0.284332
vt 0.452294 0.095831
vt 0.423399 0.116713
vt 0.425256 0.056432
vt 0.470802 0.074868
vt 0.463050 0.064069
vt 0.545118 0.032289
vt 0.590425 0.061909
vt 0.640360 0.105073
vt 0.681366 0.104865
vt 0.622303 0.146904
vt 0.621765 0.100067
vt 0.614592 0.143526
vt 0.632567 0.087006
vt 0.645863 0.270828
vt 0.667765 0.298467
vt 0.646053 0.288270
vt 0.632986 0.056808
vt 0.594210 0.040180
vt 0.631911 0.096819
vt 0.648212 0.067605
vt 0.660377 0.042103
vt 0.630403 0.082033
vt 0.675704 0.068194
vt 0.664050 0.088817
vt 0.716870 0.514059
vt 0.723340 0.489364
vt 0.732871 0.506713
vt 0.691696 0.487255
vt 0.726868 0.484570
vt 0.745870 0.468639
vt 0.729686 0.461261
vt 0.734025 0.518373
vt 0.745058 0.494985
vt 0.756751 0.510064
vt 0.750313 0.448042
vt 0.760058 0.455608
vt 0.675137 0.482047
vt 0.703186 0.466632
vt 0.722724 0.435241
vt 0.773035 0.498788
vt 0.673745 0.508854
vt 0.683864 0.522799
vt 0.679416 0.490306
vt 0.759379 0.437839
vt 0.775836 0.525403
vt 0.713077 0.534193
vt 0.678039 0.530117
vt 0.748817 0.598097
vt 0.743536 0.527703
vt 0.662137 0.485735
vt 0.829682 0.065063
vt 0.849205 0.053578
vt 0.842139 0.072763
vt 0.663769 0.509948
vt 0.776412 0.471129
vt 0.787857 0.429358
vt 0.809775 0.089557
vt 0.814976 0.057449
vt 0.823079 0.045680
vt 0.843122 0.006273
vt 0.782180 0.596879
vt 0.658366 0.516612
vt 0.652026 0.491464
vt 0.727233 0.414366
vt 0.745750 0.409720
vt 0.766857 0.437050
vt 0.776510 0.437574
vt 0.804790 0.116528
vt 0.807883 0.052635
vt 0.716370 0.574860
vt 0.698981 0.600861
vt 0.828004 0.004004
vt 0.857727 0.012644
vt 0.679049 0.400421
vt 0.711694 0.408374
vt 0.646767 0.438475
vt 0.755664 0.413641
vt 0.799670 0.074598
vt 0.717771 0.619667
vt 0.781990 0.620886
vt 0.609499 0.470303
vt 0.636753 0.468385
vt 0.609094 0.487229
vt 0.628375 0.501228
vt 0.711194 0.399059
vt 0.712675 0.381478
vt 0.778400 0.407261
vt 0.673998 0.599714
vt 0.685389 0.538434
vt 0.810438 0.005565
vt 0.854903 0.209446
vt 0.841525 0.215321
vt 0.838926 0.201209
vt 0.802750 0.038934
vt 0.833356 0.224109
vt 0.842136 0.231712
vt 0.646067 0.468324
vt 0.650994 0.446410
vt 0.623287 0.380080
vt 0.680856 0.365842
vt 0.656638 0.380225
vt 0.759159 0.402288
vt 0.724560 0.385638
vt 0.765698 0.097423
vt 0.789532 0.108047
vt 0.763208 0.111614
vt 0.792006 0.058548
vt 0.772650 0.027763
vt 0.819665 0.204419
vt 0.817945 0.180168
vt 0.596487 0.439323
vt 0.625662 0.438313
vt 0.646191 0.448283
vt 0.713467 0.366762
vt 0.725629 0.372132
vt 0.737124 0.371969
vt 0.779482 0.010958
vt 0.827848 0.238999
vt 0.810818 0.232368
vt 0.589107 0.413026
vt 0.736882 0.111510
vt 0.750355 0.092380
vt 0.776917 0.078029
vt 0.744526 0.042577
vt 0.771703 0.063750
vt 0.758072 0.065206
vt 0.782085 0.183383
vt 0.794336 0.166966
vt 0.736928 0.120292
vt 0.748094 0.082846
vt 0.799308 0.244548
vt 0.794786 0.234137
vt 0.728276 0.051725
vt 0.765315 0.182085
vt 0.762188 0.192914
vt 0.737024 0.176580
vt 0.734952 0.189095
vt 0.695271 0.065297
vt 0.722766 0.078097
vt 0.688293 0.082646
vt 0.872222 0.775184
vt 0.446339 0.468425
vt 0.492599 0.590138
vt 0.501444 0.882513
vt 0.455946 0.884607
vt 0.283621 0.634789
vt 0.690002 0.440364
vt 0.676635 0.539724
vt 0.684722 0.613016
vt 0.757144 0.229191
vt 0.726904 0.116386
vt 0.733719 0.167096
vt 0.724346 0.165890
vt 0.739437 0.217693
vt 0.725664 0.189089
vt 0.745090 0.208465
vt 0.933067 0.685036
vt 0.895482 0.718901
vt 0.126289 0.761430
vt 0.110898 0.824284
vt 0.166074 0.933608
vt 0.095615 0.814370
vt 0.145772 0.953253
vt 0.116261 0.968416
vt 0.081705 0.986093
vt 0.015508 0.925456
vt 0.011995 0.782016
vt 0.852736 0.300108
vt 0.854945 0.490663
vt 0.810200 0.456190
vt 0.970966 0.532336
vt 0.955546 0.576612
vt 0.996807 0.359083
vt 0.946820 0.454465
vt 0.413329 0.436097
vt 0.399555 0.474066
vt 0.433657 0.579925
vt 0.395998 0.542440
vt 0.394679 0.572844
vt 0.509875 0.480259
vt 0.450558 0.579867
vt 0.449814 0.642677
vt 0.494294 0.632782
vt 0.495240 0.647493
vt 0.511283 0.644436
vt 0.575032 0.977828
vt 0.525739 0.639770
vt 0.550593 0.625001
vt 0.515141 0.594134
vt 0.547637 0.800449
vt 0.444329 0.878554
vt 0.400480 0.926269
vt 0.001148 0.569918
vt 0.091480 0.681118
vt 0.344568 0.631985
vt 0.357778 0.486435
vt 0.102949 0.463254
vt 0.240047 0.415590
vt 0.210496 0.504448
vt 0.307945 0.921179
vt 0.326505 0.930548
vt 0.319266 0.826593
vt 0.178670 0.946720
vt 0.436900 0.178105
vt 0.512148 0.083430
vt 0.474405 0.015295
vt 0.562767 0.360025
vt 0.652084 0.191988
vt 0.624048 0.279190
vt 0.436329 0.036615
vt 0.671436 0.264374
vt 0.614515 0.343800
vt 0.698242 0.422142
vt 0.667972 0.533732
vt 0.640855 0.552661
vt 0.781336 0.127810
vt 0.650197 0.578367
vt 0.802864 0.133823
vt 0.766004 0.129980
vt 0.855009 0.192738
vt 0.833191 0.185741
vt 0.777784 0.148318
vt 0.819903 0.179537
vt 0.764698 0.148059
vt 0.599974 0.401428
vt 0.737666 0.029464
vt 0.720502 0.042899
s 1
usemtl STONE
f 77/64/97 80/65/98 81/66/99
f 79/67/100 78/68/101 82/69/102
f 85/70/103 78/71/101 84/72/104
f 84/72/104 77/64/97 81/66/99
f 81/66/99 83/73/105 87/74/106
f 86/75/107 79/67/100 82/69/102
f 88/76/108 83/73/105 95/77/109
f 81/66/99 97/78/110 84/72/104
f 87/74/106 91/79/111 81/66/99
f 94/80/112 83/73/105 86/75/107
f 95/77/109 83/73/105 94/80/112
f 92/81/113 90/82/114 98/83/115
f 82/84/102 92/81/113 109/85/116
f 97/78/110 101/86/117 89/87/118
f 92/81/113 98/83/115 107/88/119
f 97/78/110 91/79/111 102/89/120
f 100/90/121 86/91/107 93/92/122
f 102/89/120 101/86/117 97/78/110
f 91/79/111 87/74/106 106/93/123
f 104/94/124 87/74/106 88/76/108
f 91/79/111 106/93/123 102/89/120
f 95/77/109 94/80/112 111/95/125
f 101/86/117 102/89/120 112/96/126
f 101/86/117 96/97/127 89/87/118
f 108/98/128 107/88/119 114/99/129
f 111/95/125 100/100/121 115/101/130
f 112/96/126 102/89/120 106/93/123
f 101/86/117 112/96/126 105/102/131
f 101/86/117 105/102/131 96/97/127
f 117/103/132 104/94/124 123/104/133
f 116/105/134 115/106/130 121/107/135
f 119/108/136 120/109/137 108/98/128
f 110/110/138 108/98/128 120/109/137
f 122/111/139 111/95/125 116/112/134
f 122/111/139 123/104/133 111/95/125
f 118/113/140 123/114/133 125/115/141
f 120/109/137 119/108/136 121/107/135
f 116/105/134 121/107/135 124/116/142
f 122/117/139 125/115/141 123/114/133
f 118/113/140 125/115/141 112/96/126
f 126/118/143 128/119/144 127/120/145
f 128/119/144 126/118/143 132/121/146
f 130/122/147 134/123/148 131/124/149
f 137/125/150 130/122/147 126/118/143
f 141/126/151 134/127/148 138/128/152
f 131/124/149 134/123/148 142/129/153
f 145/130/154 136/131/155 156/132/156
f 142/129/153 143/133/157 131/124/149
f 149/134/158 146/135/159 150/136/160
f 151/137/161 146/135/159 149/134/158
f 144/138/162 135/139/163 155/140/164
f 133/141/165 144/138/162 159/142/166
f 146/135/159 151/137/161 152/143/167
f 142/129/153 141/126/151 152/143/167
f 154/144/168 139/145/169 153/146/170
f 160/147/171 152/143/167 151/137/161
f 158/148/172 149/134/158 150/136/160
f 166/149/173 153/146/170 157/150/174
f 166/149/173 154/144/168 153/146/170
f 144/138/162 162/151/175 159/142/166
f 159/142/166 168/152/176 148/153/177
f 165/154/178 171/155/179 151/137/161
f 157/150/174 161/156/180 166/149/173
f 162/151/175 164/157/181 159/142/166
f 164/157/181 174/158/182 169/159/183
f 161/156/180 160/147/171 170/160/184
f 155/140/164 173/161/185 162/151/175
f 174/158/182 164/157/181 162/151/175
f 168/162/176 169/163/183 163/164/186
f 165/154/178 175/165/187 180/166/188
f 170/160/184 181/167/189 161/156/180
f 167/168/190 176/169/191 173/161/185
f 180/166/188 171/155/179 165/154/178
f 172/170/192 176/169/191 167/168/190
f 183/171/193 180/166/188 178/172/194
f 179/173/195 176/169/191 172/170/192
f 182/174/196 162/151/175 177/175/197
f 184/176/198 180/166/188 183/171/193
f 184/176/198 182/177/196 179/173/195
f 185/178/199 186/179/200 187/180/201
f 187/180/201 186/179/200 191/181/202
f 193/182/203 186/179/200 190/183/204
f 191/181/202 186/179/200 196/184/205
f 197/185/206 188/186/207 187/180/201
f 198/187/208 192/188/209 188/186/207
f 203/189/210 189/190/211 192/188/209
f 194/191/212 195/192/213 212/193/214
f 195/192/213 199/194/215 212/193/214
f 200/195/216 186/179/200 193/182/203
f 196/184/205 202/196/217 191/181/202
f 206/197/218 198/187/208 197/185/206
f 197/185/206 198/187/208 188/186/207
f 199/194/215 205/198/219 212/193/214
f 201/199/220 200/195/216 211/200/221
f 211/200/221 193/182/203 194/201/212
f 197/185/206 202/196/217 214/202/222
f 221/203/223 196/184/205 215/204/224
f 216/205/225 207/206/226 206/197/218
f 208/207/227 207/206/226 217/208/228
f 213/209/229 212/193/214 205/198/219
f 196/184/205 221/203/223 202/196/217
f 223/210/230 206/197/218 214/202/222
f 217/208/228 207/206/226 216/205/225
f 218/211/231 208/207/227 217/208/228
f 209/212/232 219/213/233 218/211/231
f 213/209/229 210/214/234 231/215/235
f 224/216/236 210/214/234 209/212/232
f 211/200/221 232/217/237 215/204/224
f 221/203/223 222/218/238 202/196/217
f 228/219/239 215/204/224 232/217/237
f 222/218/238 221/203/223 229/220/240
f 225/221/241 221/203/223 215/204/224
f 229/220/240 221/203/223 225/221/241
f 226/222/242 217/208/228 216/205/225
f 230/223/243 209/212/232 218/211/231
f 230/223/243 224/216/236 209/212/232
f 223/210/230 222/218/238 233/224/244
f 223/210/230 226/222/242 216/205/225
f 222/218/238 229/220/240 233/224/244
f 225/221/241 228/225/239 234/226/245
f 233/224/244 229/220/240 235/227/246
f 232/228/237 231/215/235 228/225/239
f 235/227/246 225/221/241 234/226/245
f 243/229/247 239/230/248 237/231/249
f 241/232/250 240/233/251 251/234/252
f 242/235/253 246/236/254 250/237/255
f 254/238/256 240/239/251 238/240/257
f 256/241/258 246/236/254 252/242/259
f 253/243/260 248/244/261 244/245/262
f 252/242/259 245/246/263 255/247/264
f 246/236/254 256/241/258 250/237/255
f 256/241/258 252/242/259 261/248/265
f 263/249/266 253/243/260 262/250/267
f 260/251/268 251/234/252 254/252/256
f 257/253/269 258/254/270 266/255/271
f 272/256/272 250/237/255 256/241/258
f 264/257/273 249/258/274 259/259/275
f 271/260/276 274/261/277 273/262/278
f 275/263/279 268/264/280 262/250/267
f 279/265/281 264/257/273 269/266/282
f 264/257/273 279/265/281 271/267/276
f 280/268/283 271/267/276 273/269/278
f 274/261/277 284/270/284 281/271/285
f 275/263/279 283/272/286 268/264/280
f 287/273/287 286/274/288 281/271/285
f 287/273/287 295/275/289 296/276/290
f 272/256/272 282/277/291 275/263/279
f 283/272/286 275/263/279 282/277/291
f 276/278/292 266/255/271 309/279/293
f 284/270/284 274/261/277 292/280/294
f 295/275/289 287/273/287 298/281/295
f 280/282/283 294/283/296 302/284/297
f 289/285/298 306/286/299 288/287/300
f 286/274/288 287/273/287 308/288/301
f 303/289/302 294/283/296 286/274/288
f 283/272/286 282/277/291 288/287/300
f 291/290/303 277/291/304 268/264/280
f 299/292/305 300/293/306 292/294/294
f 285/295/307 280/268/283 302/296/297
f 306/286/299 289/285/298 301/297/308
f 306/286/299 304/298/309 288/287/300
f 296/276/290 308/288/301 287/273/287
f 293/299/310 297/300/311 311/301/312
f 298/281/295 326/302/313 305/303/314
f 300/293/306 299/292/305 314/304/315
f 312/305/316 300/293/306 314/304/315
f 306/286/299 301/297/308 316/306/317
f 291/290/303 304/298/309 317/307/318
f 295/275/289 315/308/319 307/309/320
f 284/310/284 312/305/316 298/311/295
f 313/312/321 311/301/312 325/313/322
f 298/311/295 312/305/316 326/314/313
f 313/315/321 328/316/323 329/317/324
f 306/286/299 320/318/325 304/298/309
f 329/317/324 321/319/326 330/320/327
f 319/321/328 326/302/313 333/322/329
f 329/317/324 327/323/330 313/315/321
f 301/297/308 302/296/297 335/324/331
f 320/318/325 316/306/317 337/325/332
f 321/319/326 329/317/324 328/316/323
f 332/326/333 309/279/293 310/327/334
f 325/313/322 339/328/335 340/329/336
f 341/330/337 333/331/329 326/314/313
f 334/332/338 342/333/339 307/309/320
f 328/334/323 335/324/331 302/296/297
f 320/318/325 337/325/332 324/335/340
f 322/336/341 353/337/342 331/338/343
f 332/326/333 318/339/344 309/279/293
f 324/335/340 337/325/332 310/327/334
f 336/340/345 347/341/346 337/325/332
f 348/342/347 342/333/339 333/322/329
f 347/341/346 332/326/333 337/325/332
f 351/343/348 343/344/349 331/338/343
f 332/326/333 347/341/346 340/329/336
f 349/345/350 358/346/351 346/347/352
f 342/333/339 355/348/353 350/349/354
f 338/350/355 352/351/356 353/337/342
f 362/352/357 348/353/347 345/354/358
f 357/355/359 358/346/351 359/356/360
f 354/357/361 352/351/356 361/358/362
f 360/359/363 354/357/361 361/358/362
f 355/348/353 361/358/362 352/351/356
f 355/348/353 362/360/357 364/361/364
f 363/362/365 359/356/360 360/363/363
f 360/359/363 361/358/362 364/361/364
f 364/364/364 362/352/357 356/365/366
f 364/361/364 361/358/362 355/348/353
f 364/364/364 356/365/366 363/362/365
f 367/366/367 369/367/368 368/368/369
f 365/369/370 374/370/371 366/371/372
f 365/369/370 370/372/373 367/366/367
f 366/371/372 373/373/374 365/369/370
f 369/367/368 367/366/367 370/372/373
f 367/366/367 371/374/375 365/369/370
f 373/373/374 366/371/372 375/375/376
f 371/374/375 367/366/367 377/376/377
f 372/377/378 375/375/376 366/371/372
f 383/378/379 368/368/369 376/379/380
f 388/380/381 379/381/382 389/382/383
f 390/383/384 380/384/385 375/375/376
f 369/367/368 370/372/373 381/385/386
f 369/367/368 382/386/387 376/379/380
f 382/386/387 385/387/388 376/379/380
f 371/374/375 377/376/377 391/388/389
f 385/387/388 382/386/387 395/389/390
f 376/379/380 385/387/388 383/378/379
f 396/390/391 385/387/388 392/391/392
f 425/392/393 386/393/394 378/394/395
f 387/395/396 391/388/389 397/396/397
f 379/381/382 372/397/378 386/398/394
f 389/382/383 409/399/398 393/400/399
f 372/397/378 379/381/382 399/401/400
f 395/389/390 392/391/392 385/387/388
f 396/390/391 392/391/392 400/402/401
f 386/398/394 389/382/383 379/381/382
f 399/401/400 379/381/382 388/380/381
f 401/403/402 396/390/391 400/402/401
f 399/401/400 411/404/403 390/405/384
f 390/383/384 414/406/404 380/384/385
f 417/407/405 385/387/388 396/390/391
f 383/378/379 385/387/388 384/408/406
f 412/409/407 393/400/399 404/410/408
f 413/411/409 412/409/407 422/412/410
f 414/406/404 405/413/411 380/384/385
f 400/402/401 392/391/392 416/414/412
f 402/415/413 417/407/405 396/390/391
f 401/403/402 420/416/414 418/417/415
f 404/410/408 410/418/416 426/419/417
f 405/413/411 429/420/418 415/421/419
f 416/414/412 431/422/420 400/402/401
f 400/402/401 424/423/421 401/403/402
f 385/387/388 417/407/405 391/388/389
f 436/424/422 411/404/403 413/411/409
f 414/425/404 390/405/384 411/404/403
f 427/426/423 428/427/424 405/428/411
f 429/420/418 405/413/411 428/429/424
f 437/430/425 415/421/419 429/420/418
f 382/386/387 423/431/426 430/432/427
f 439/433/428 408/434/429 406/435/430
f 434/436/431 435/437/432 398/438/433
f 411/404/403 436/424/422 414/425/404
f 422/412/410 412/409/407 440/439/434
f 437/430/425 423/431/426 415/421/419
f 104/94/124 117/103/132 106/93/123 87/74/106
f 424/423/421 443/440/435 432/441/436
f 432/441/436 438/442/437 419/443/438
f 407/444/439 417/407/405 444/445/440
f 434/436/431 433/446/441 435/437/432
f 431/422/420 416/414/412 430/432/427
f 424/423/421 442/447/442 443/440/435
f 403/448/443 421/449/444 449/450/445
f 444/445/440 421/451/444 407/444/439
f 434/436/431 445/452/446 433/446/441
f 438/442/437 435/437/432 433/446/441
f 446/453/447 426/419/417 441/454/448
f 412/409/407 446/453/447 440/439/434
f 451/455/449 447/456/450 435/437/432
f 428/427/424 427/426/423 448/457/451
f 429/420/418 452/458/452 437/430/425
f 443/440/435 438/442/437 432/441/436
f 455/459/453 420/416/414 445/452/446
f 455/459/453 444/445/440 420/416/414
f 447/456/450 451/455/449 441/454/448
f 446/453/447 458/460/454 440/439/434
f 454/461/455 430/432/427 437/430/425
f 443/440/435 442/447/442 461/462/456
f 421/451/444 444/445/440 455/459/453
f 439/433/428 456/463/457 457/464/458
f 457/464/458 445/452/446 434/436/431
f 441/454/448 465/465/459 446/453/447
f 451/455/449 443/440/435 461/462/456
f 453/466/460 452/467/452 467/468/461
f 454/461/455 453/466/460 468/469/462
f 455/459/453 457/464/458 456/463/457
f 450/470/463 458/460/454 466/471/464
f 468/469/462 453/466/460 467/468/461
f 469/472/465 462/473/466 465/465/459
f 467/468/461 452/467/452 463/474/467
f 472/475/468 462/473/466 469/472/465
f 468/469/462 467/468/461 473/476/469
f 470/477/470 471/478/471 459/479/472
f 471/478/471 460/480/473 459/479/472
f 473/476/469 466/471/464 462/473/466
f 466/471/464 473/476/469 467/468/461
f 473/476/469 470/477/470 468/469/462
f 471/478/471 470/477/470 472/475/468
f 479/481/474 475/482/475 477/483/476
f 482/484/477 477/483/476 476/485/478
f 480/486/479 478/487/480 475/482/475
f 474/488/481 478/487/480 481/489/482
f 474/488/481 481/489/482 476/485/478
f 483/490/483 477/483/476 482/484/477
f 482/484/477 489/491/484 483/490/483
f 487/492/485 479/481/474 477/483/476
f 491/493/486 484/494/487 510/495/488
f 493/496/489 481/489/482 478/487/480
f 481/489/482 493/496/489 494/497/490
f 486/498/491 495/499/492 489/491/484
f 477/483/476 490/500/493 487/492/485
f 502/501/494 490/500/493 477/483/476
f 478/487/480 492/502/495 493/496/489
f 486/498/491 482/484/477 485/503/496
f 501/504/497 496/505/498 495/499/492
f 496/505/498 497/506/499 489/491/484
f 477/483/476 497/506/499 502/501/494
f 491/493/486 503/507/500 488/508/501
f 504/509/502 491/510/486 510/511/488
f 505/512/503 481/489/482 494/497/490
f 501/504/497 507/513/504 516/514/505
f 511/515/506 502/516/494 516/514/505
f 510/511/488 509/517/507 504/509/502
f 492/502/495 488/508/501 512/518/508
f 515/519/509 500/520/510 506/521/511
f 507/513/504 518/522/512 516/514/505
f 509/517/507 490/523/493 502/516/494
f 516/514/505 518/522/512 511/515/506
f 512/518/508 506/521/511 499/524/513
f 495/499/492 486/498/491 520/525/514
f 508/526/515 517/527/516 516/514/505
f 502/516/494 511/515/506 509/517/507
f 491/510/486 504/509/502 503/528/500
f 503/507/500 527/529/517 512/518/508
f 525/530/518 523/531/519 518/522/512
f 524/532/520 515/533/509 506/534/511
f 515/533/509 513/535/521 500/536/510
f 486/498/491 519/537/522 520/525/514
f 514/538/523 521/539/524 501/504/497
f 511/515/506 518/522/512 523/531/519
f 519/537/522 513/535/521 520/525/514
f 504/509/502 522/540/525 527/541/517
f 524/532/520 527/541/517 522/540/525
f 521/539/524 514/538/523 520/525/514
f 507/513/504 521/539/524 530/542/526
f 524/532/520 522/540/525 529/543/527
f 528/544/528 521/539/524 520/525/514
f 530/542/526 528/544/528 526/545/529
f 526/545/529 529/543/527 530/542/526
f 535/546/530 532/547/531 531/548/532
f 531/548/532 537/549/533 535/546/530
f 532/547/531 535/546/530 538/550/534
f 536/551/535 532/547/531 539/552/536
f 540/553/537 533/554/538 536/551/535
f 539/552/536 538/550/534 550/555/539
f 546/556/540 541/557/541 534/558/542
f 537/549/533 547/559/543 535/546/530
f 544/560/544 545/561/545 533/554/538
f 548/562/546 536/551/535 539/552/536
f 537/549/533 542/563/547 553/564/548
f 539/552/536 550/555/539 551/565/549
f 536/551/535 552/566/550 540/553/537
f 536/551/535 548/562/546 552/566/550
f 547/559/543 543/567/551 535/546/530
f 538/550/534 543/567/551 555/568/552
f 551/565/549 548/562/546 539/552/536
f 552/566/550 544/560/544 540/553/537
f 557/569/553 546/556/540 545/561/545
f 541/557/541 558/570/554 549/571/555
f 559/572/556 553/564/548 549/571/555
f 550/555/539 554/573/557 561/574/558
f 551/565/549 550/555/539 561/574/558
f 563/575/559 552/566/550 548/562/546
f 556/576/560 564/577/561 557/569/553
f 546/556/540 558/570/554 541/557/541
f 560/578/562 543/567/551 547/559/543
f 563/575/559 575/579/563 552/566/550
f 548/562/546 551/565/549 563/575/559
f 570/580/564 564/577/561 556/576/560
f 554/573/557 573/581/565 561/574/558
f 568/582/566 569/583/567 551/565/549
f 544/560/544 576/584/568 562/585/569
f 569/583/567 563/575/559 551/565/549
f 562/585/569 570/580/564 556/576/560
f 557/569/553 571/586/570 558/570/554
f 571/586/570 549/571/555 558/570/554
f 565/587/571 579/588/572 566/589/573
f 573/581/565 568/582/566 561/574/558
f 564/577/561 577/590/574 583/591/575
f 583/591/575 571/586/570 557/569/553
f 565/587/571 559/572/556 578/592/576
f 579/588/572 580/593/577 566/589/573
f 567/594/578 572/595/579 543/567/551
f 555/568/552 572/595/579 584/596/580
f 574/597/581 555/568/552 584/596/580
f 554/573/557 574/597/581 586/598/582
f 581/599/583 563/575/559 569/583/567
f 577/590/574 570/580/564 588/600/584
f 565/587/571 578/592/576 590/601/585
f 584/596/580 585/602/586 574/597/581
f 568/582/566 573/581/565 604/603/587
f 581/599/583 569/583/567 592/604/588
f 581/599/583 587/605/589 563/575/559
f 594/606/590 582/607/591 587/605/589
f 595/608/592 575/579/563 563/575/559
f 598/609/593 595/608/592 582/607/591
f 593/610/594 574/597/581 585/602/586
f 586/598/582 593/610/594 604/603/587
f 573/581/565 586/598/582 604/603/587
f 606/611/595 594/606/590 605/612/596
f 582/607/591 594/606/590 598/609/593
f 590/601/585 589/613/597 600/614/598
f 597/615/599 590/601/585 608/616/600
f 601/617/601 602/618/602 580/593/577
f 596/619/603 607/620/604 588/600/584
f 588/600/584 613/621/605 599/622/606
f 614/623/607 603/624/608 609/625/609
f 604/603/587 611/626/610 592/604/588
f 598/609/593 607/620/604 596/619/603
f 609/625/609 615/627/611 614/623/607
f 616/628/612 581/599/583 592/604/588
f 607/620/604 612/629/613 613/621/605
f 619/630/614 599/631/606 613/632/605
f 619/630/614 608/616/600 600/614/598
f 592/604/588 611/626/610 616/628/612
f 621/633/615 620/634/616 609/625/609
f 615/627/611 618/635/617 623/636/618
f 629/637/619 611/638/610 610/639/620
f 621/633/615 608/616/600 620/634/616
f 622/640/621 627/641/622 601/617/601
f 627/641/622 629/637/619 610/639/620
f 614/623/607 623/636/618 630/642/623
f 626/643/624 632/644/625 625/645/626
f 631/646/627 623/636/618 628/647/628
f 627/641/622 622/640/621 633/648/629
f 633/648/629 629/637/619 627/641/622
f 632/649/625 631/646/627 625/650/626
f 630/642/623 623/636/618 634/651/630
f 630/642/623 622/640/621 603/624/608
f 632/649/625 626/652/624 630/642/623
f 623/636/618 631/646/627 634/651/630
f 630/642/623 624/653/631 633/648/629
f 630/642/623 634/651/630 632/649/625
f 631/646/627 632/649/625 634/651/630
f 639/654/632 635/655/633 640/656/634
f 635/655/633 641/657/635 636/658/636
f 642/659/637 636/658/636 637/660/638
f 640/656/634 643/661/639 639/654/632
f 642/659/637 638/662/640 636/658/636
f 643/661/639 640/656/634 656/663/641
f 642/659/637 637/660/638 648/664/642
f 638/662/640 642/659/637 649/665/643
f 638/662/640 656/663/641 640/656/634
f 641/657/635 651/666/644 644/667/645
f 644/667/645 652/668/646 637/660/638
f 637/660/638 652/668/646 648/664/642
f 656/663/641 638/662/640 655/669/647
f 646/670/648 639/654/632 658/671/649
f 651/666/644 641/657/635 647/672/650
f 648/664/642 652/668/646 659/673/651
f 661/674/652 656/663/641 655/669/647
f 650/675/653 657/676/654 639/654/632
f 657/676/654 658/671/649 639/654/632
f 663/677/655 645/678/656 656/663/641
f 646/670/648 665/679/657 647/672/650
f 667/680/658 661/681/652 655/682/647
f 657/676/654 646/670/648 658/671/649
f 646/670/648 657/676/654 664/683/659
f 655/669/647 654/684/660 684/685/661
f 667/680/658 655/682/647 674/686/662
f 667/680/658 675/687/663 676/688/664
f 676/688/664 669/689/665 667/680/658
f 678/690/666 663/677/655 661/674/652
f 664/683/659 670/691/667 679/692/668
f 679/692/668 665/679/657 664/683/659
f 659/673/651 672/693/669 692/694/670
f 660/695/671 684/685/661 673/696/672
f 684/685/661 654/684/660 673/696/672
f 674/686/662 655/682/647 684/697/661
f 676/688/664 675/687/663 695/698/673
f 662/699/674 663/677/655 685/700/675
f 669/689/665 676/688/664 687/701/676
f 661/681/652 669/689/665 678/702/666
f 682/703/677 671/704/678 681/705/679
f 660/695/671 683/706/680 684/685/661
f 674/686/662 694/707/681 667/680/658
f 688/708/682 663/677/655 697/709/683
f 699/710/684 689/711/685 670/712/667
f 670/713/667 689/711/685 679/692/668
f 691/714/686 682/703/677 700/715/687
f 692/694/670 672/693/669 671/704/678
f 684/685/661 683/706/680 702/716/688
f 706/717/689 668/718/690 685/700/675
f 707/719/691 687/701/676 695/698/673
f 678/720/666 669/721/665 708/722/692
f 695/698/673 696/723/693 707/719/691
f 713/724/694 669/721/665 687/725/676
f 665/679/657 690/726/695 680/727/696
f 681/705/679 688/728/682 682/703/677
f 697/729/683 700/715/687 698/730/697
f 701/731/698 692/694/670 710/732/699
f 704/733/700 693/734/701 718/735/702
f 696/723/693 705/736/703 732/737/704
f 708/722/692 714/738/705 717/739/706
f 699/710/684 712/740/707 709/741/708
f 715/742/709 681/705/679 680/727/696
f 715/742/709 690/726/695 689/711/685
f 723/743/710 700/715/687 697/729/683
f 710/732/699 716/744/711 717/745/706
f 732/737/704 722/746/712 696/723/693
f 696/723/693 722/746/712 707/719/691
f 707/747/691 726/748/713 713/724/694
f 714/738/705 713/724/694 726/748/713
f 706/749/689 709/741/708 712/740/707
f 689/711/685 709/741/708 715/742/709
f 681/705/679 715/742/709 709/741/708
f 718/735/702 729/750/714 704/733/700
f 704/733/700 730/751/715 720/752/716
f 741/753/717 721/754/718 731/755/719
f 733/756/720 728/757/721 717/739/706
f 729/750/714 718/735/702 725/758/722
f 731/755/719 721/754/718 734/759/723
f 722/760/712 736/761/724 726/748/713
f 742/762/725 731/755/719 734/759/723
f 726/748/713 736/761/724 714/738/705
f 731/755/719 742/762/725 741/753/717
f 738/763/726 737/764/727 744/765/728
f 747/766/729 744/765/728 737/764/727
f 749/767/730 743/768/731 745/769/732
f 104/94/124 95/77/109 103/770/733
f 93/92/122 109/85/116 110/110/138
f 173/161/185 176/169/191 177/175/197
f 241/232/250 245/246/263 236/771/734
f 251/234/252 249/258/274 241/232/250
f 240/233/251 254/252/256 251/234/252
f 292/294/294 300/293/306 284/310/284
f 288/287/300 304/298/309 283/272/286
f 309/279/293 318/339/344 278/772/735
f 294/283/296 323/773/736 321/319/326
f 302/284/297 321/319/326 328/316/323
f 311/301/312 339/328/335 325/313/322
f 343/344/349 349/345/350 330/320/327
f 318/339/344 332/326/333 339/328/335
f 328/334/323 325/313/322 335/324/331
f 345/354/358 348/353/347 333/331/329
f 331/338/343 344/774/737 351/343/348
f 341/330/337 346/347/352 357/355/359
f 349/345/350 343/344/349 359/356/360
f 380/384/385 405/413/411 381/385/386
f 388/380/381 413/411/409 399/401/400
f 405/413/411 415/421/419 423/431/426
f 386/398/394 425/775/393 406/435/430
f 528/544/528 530/542/526 521/539/524
f 554/573/557 586/598/582 573/581/565
f 595/608/592 598/609/593 596/619/603
f 597/615/599 608/616/600 621/633/615
f 643/661/639 656/663/641 645/678/656
f 653/776/738 665/679/657 680/727/696
f 668/718/690 706/717/689 686/777/739
f 685/700/675 711/778/740 706/717/689
f 722/760/712 735/779/741 736/761/724
f 730/751/715 740/780/742 734/759/723
f 739/781/743 744/765/728 745/782/732
f 748/783/744 749/784/730 746/785/745
f 79/67/100 77/64/97 78/68/101
f 80/65/98 77/64/97 79/67/100
f 84/72/104 78/71/101 77/64/97
f 80/65/98 83/73/105 81/66/99
f 86/75/107 83/73/105 79/67/100
f 79/67/100 83/73/105 80/65/98
f 90/82/114 78/71/101 85/70/103
f 89/87/118 85/70/103 84/72/104
f 87/74/106 83/73/105 88/76/108
f 81/66/99 91/79/111 97/78/110
f 93/92/122 86/91/107 82/84/102
f 84/72/104 97/78/110 89/87/118
f 85/70/103 96/97/127 90/82/114
f 82/84/102 90/82/114 92/81/113
f 100/100/121 94/80/112 86/75/107
f 96/97/127 85/70/103 89/87/118
f 98/83/115 90/82/114 96/97/127
f 109/85/116 92/81/113 99/786/746
f 93/92/122 82/84/102 109/85/116
f 95/77/109 104/94/124 88/76/108
f 96/97/127 105/102/131 98/83/115
f 107/88/119 99/786/746 92/81/113
f 107/88/119 108/98/128 99/786/746
f 110/110/138 100/90/121 93/92/122
f 111/95/125 94/80/112 100/100/121
f 107/88/119 98/83/115 105/102/131
f 115/106/130 100/90/121 110/110/138 120/109/137
f 108/98/128 109/85/116 99/786/746
f 113/787/747 107/88/119 105/102/131
f 114/99/129 107/88/119 113/787/747
f 106/93/123 117/103/132 112/96/126
f 116/112/134 111/95/125 115/101/130
f 113/787/747 105/102/131 112/96/126
f 118/113/140 112/96/126 117/103/132
f 114/99/129 119/108/136 108/98/128
f 110/110/138 109/85/116 108/98/128
f 135/139/163 133/141/165 127/120/145 128/119/144
f 123/104/133 103/770/733 111/95/125
f 118/113/140 117/103/132 123/114/133
f 121/107/135 115/106/130 120/109/137
f 114/99/129 124/116/142 119/108/136
f 112/96/126 125/115/141 113/787/747
f 125/115/141 114/99/129 113/787/747
f 124/116/142 121/107/135 119/108/136
f 122/117/139 116/105/134 124/116/142
f 125/115/141 124/116/142 114/99/129
f 125/115/141 122/117/139 124/116/142
f 127/120/145 129/788/748 126/118/143
f 130/122/147 131/124/149 126/118/143
f 132/121/146 126/118/143 131/124/149
f 128/119/144 132/121/146 139/145/169 140/789/749
f 129/788/748 127/120/145 133/141/165
f 126/118/143 136/131/155 137/125/150
f 130/790/147 138/128/152 134/127/148
f 129/788/748 133/141/165 156/132/156 136/131/155
f 139/145/169 132/121/146 131/124/149 143/133/157
f 128/119/144 140/789/749 147/791/750 135/139/163
f 144/138/162 133/141/165 135/139/163
f 137/125/150 136/131/155 145/130/154
f 137/792/150 138/128/152 130/790/147
f 146/135/159 141/126/151 138/128/152
f 142/129/153 157/150/174 153/146/170 143/133/157
f 141/126/151 146/135/159 152/143/167
f 141/126/151 142/129/153 134/127/148
f 153/146/170 139/145/169 143/133/157
f 140/789/749 139/145/169 154/144/168
f 156/132/156 133/141/165 148/153/177
f 150/136/160 146/135/159 137/792/150
f 137/792/150 145/793/154 158/148/172 150/136/160
f 155/140/164 135/139/163 147/791/750
f 152/143/167 161/156/180 157/150/174 142/129/153
f 148/153/177 133/141/165 159/142/166
f 165/154/178 151/137/161 149/134/158
f 155/140/164 147/791/750 140/789/749 167/168/190
f 168/152/176 156/132/156 148/153/177
f 145/793/154 156/794/156 163/164/186
f 161/156/180 152/143/167 160/147/171
f 154/144/168 167/168/190 140/789/749
f 159/142/166 164/157/181 169/159/183 168/152/176
f 155/140/164 162/151/175 144/138/162
f 145/793/154 163/164/186 158/148/172
f 178/172/194 175/165/187 163/164/186 169/163/183
f 165/154/178 149/134/158 158/148/172
f 170/160/184 160/147/171 151/137/161
f 156/794/156 168/162/176 163/164/186
f 165/154/178 158/148/172 175/165/187
f 151/137/161 171/155/179 170/160/184
f 172/170/192 154/144/168 166/149/173
f 172/170/192 167/168/190 154/144/168
f 167/168/190 173/161/185 155/140/164
f 175/165/187 158/148/172 163/164/186
f 161/156/180 181/167/189 166/149/173
f 162/151/175 173/161/185 177/175/197
f 182/177/196 183/171/193 178/172/194 174/795/182
f 175/165/187 178/172/194 180/166/188
f 166/149/173 179/173/195 172/170/192
f 162/151/175 182/796/196 174/158/182
f 178/172/194 169/163/183 174/795/182
f 180/166/188 170/160/184 171/155/179
f 166/149/173 181/167/189 179/173/195
f 182/174/196 177/175/197 176/169/191 179/173/195
f 184/176/198 170/160/184 180/166/188
f 184/176/198 181/167/189 170/160/184
f 185/178/199 189/190/211 190/183/204 186/179/200
f 179/173/195 181/167/189 184/176/198
f 184/176/198 183/171/193 182/177/196
f 190/183/204 189/190/211 195/797/213 194/201/212
f 188/186/207 185/178/199 187/180/201
f 192/188/209 185/178/199 188/186/207
f 192/188/209 189/190/211 185/178/199
f 203/189/210 195/797/213 189/190/211
f 204/798/751 203/799/210 208/207/227 219/213/233
f 200/195/216 201/199/220 186/179/200
f 196/184/205 186/179/200 201/199/220
f 197/185/206 187/180/201 191/181/202
f 203/189/210 192/188/209 198/187/208
f 204/798/751 199/194/215 195/192/213
f 194/201/212 193/182/203 190/183/204
f 197/185/206 191/181/202 202/196/217
f 208/207/227 203/799/210 198/187/208
f 204/798/751 205/198/219 199/194/215
f 209/212/232 210/214/234 205/198/219
f 211/200/221 200/195/216 193/182/203
f 215/204/224 196/184/205 201/199/220
f 206/197/218 207/206/226 198/187/208
f 208/207/227 198/187/208 207/206/226
f 209/212/232 205/198/219 204/798/751
f 210/214/234 213/209/229 205/198/219
f 206/197/218 197/185/206 214/202/222
f 208/207/227 218/211/231 219/213/233
f 212/193/214 213/209/229 220/800/752 194/191/212
f 204/798/751 219/213/233 209/212/232
f 220/800/752 211/801/221 194/191/212
f 202/196/217 222/218/238 214/202/222
f 226/222/242 223/210/230 233/224/244 230/223/243
f 223/210/230 216/205/225 206/197/218
f 223/210/230 214/202/222 222/218/238
f 226/222/242 218/211/231 217/208/228
f 211/200/221 220/802/752 232/217/237
f 224/216/236 227/803/753 210/214/234
f 228/219/239 225/221/241 215/204/224
f 226/222/242 230/223/243 218/211/231
f 213/209/229 231/215/235 220/800/752
f 231/215/235 210/214/234 227/803/753
f 232/228/237 220/800/752 231/215/235
f 230/223/243 233/224/244 235/227/246 224/216/236
f 224/216/236 235/227/246 234/226/245 227/803/753
f 246/236/254 242/235/253 236/771/734 245/246/263
f 227/803/753 234/226/245 228/225/239
f 235/227/246 229/220/240 225/221/241
f 237/231/249 238/804/257 236/771/734
f 239/230/248 238/804/257 237/231/249
f 240/233/251 236/771/734 238/804/257
f 242/235/253 237/231/249 236/771/734
f 241/232/250 236/771/734 240/233/251
f 244/245/262 243/229/247 237/231/249
f 250/237/255 244/245/262 237/231/249 242/235/253
f 243/229/247 247/805/754 239/230/248
f 245/246/263 241/232/250 249/258/274
f 253/243/260 244/245/262 250/237/255 262/250/267
f 247/806/754 243/807/247 248/244/261
f 244/245/262 248/244/261 243/229/247
f 252/242/259 246/236/254 245/246/263
f 238/240/257 239/808/248 247/806/754
f 255/247/264 245/246/263 249/258/274
f 248/244/261 257/253/269 247/806/754
f 253/243/260 258/254/270 248/244/261
f 249/258/274 251/234/252 259/259/275
f 266/255/271 258/254/270 253/243/260 263/249/266
f 261/248/265 252/242/259 255/247/264
f 257/253/269 248/244/261 258/254/270
f 250/237/255 272/256/272 275/263/279 262/250/267
f 238/240/257 247/806/754 254/238/256
f 265/809/755 261/248/265 255/247/264
f 267/810/756 254/238/256 247/806/754
f 259/259/275 251/234/252 269/266/282
f 262/250/267 268/264/280 263/249/266
f 247/806/754 257/253/269 267/810/756
f 267/810/756 260/811/268 254/238/256
f 260/251/268 269/266/282 251/234/252
f 269/266/282 264/257/273 259/259/275
f 256/241/258 261/248/265 272/256/272
f 276/278/292 267/810/756 257/253/269 266/255/271
f 255/247/264 271/267/276 265/809/755
f 265/809/755 271/267/276 280/268/283 285/295/307
f 263/249/266 277/291/304 266/255/271
f 260/811/268 267/810/756 278/772/735
f 270/812/757 260/811/268 278/772/735
f 270/812/757 269/813/282 260/811/268
f 273/262/278 274/261/277 281/271/285
f 282/277/291 272/256/272 261/248/265
f 270/812/757 279/814/281 269/813/282
f 271/260/276 279/815/281 274/261/277
f 261/248/265 265/809/755 288/287/300 282/277/291
f 273/262/278 286/274/288 280/282/283
f 286/274/288 273/262/278 281/271/285
f 279/814/281 270/812/757 293/299/310 292/816/294
f 277/291/304 263/249/266 268/264/280
f 292/280/294 274/261/277 279/815/281
f 287/273/287 281/271/285 284/270/284 298/281/295
f 293/299/310 270/812/757 278/772/735 297/300/311
f 286/274/288 294/283/296 280/282/283
f 265/809/755 289/285/298 288/287/300
f 276/278/292 309/279/293 267/810/756
f 268/264/280 283/272/286 291/290/303
f 296/276/290 295/275/289 307/309/320 308/288/301
f 293/299/310 299/817/305 292/816/294
f 301/297/308 289/285/298 285/295/307
f 309/279/293 266/255/271 277/291/304
f 278/772/735 267/810/756 309/279/293
f 297/300/311 278/772/735 290/818/758
f 303/289/302 286/274/288 308/288/301
f 339/328/335 311/301/312 297/300/311 290/818/758
f 283/272/286 304/298/309 291/290/303
f 284/310/284 300/293/306 312/305/316
f 299/292/305 293/819/310 313/315/321
f 295/275/289 298/281/295 305/303/314
f 305/303/314 315/308/319 295/275/289
f 302/296/297 301/297/308 285/295/307
f 294/283/296 303/289/302 323/773/736
f 309/279/293 277/291/304 310/327/334
f 277/291/304 291/290/303 310/327/334
f 278/772/735 318/339/344 290/818/758
f 317/307/318 310/327/334 291/290/303
f 311/301/312 313/312/321 293/299/310
f 305/303/314 326/302/313 319/321/328
f 314/304/315 299/292/305 313/315/321
f 306/286/299 316/306/317 320/318/325
f 302/284/297 294/283/296 321/319/326
f 303/289/302 308/288/301 322/336/341
f 330/320/327 321/319/326 323/773/736 331/338/343
f 317/307/318 304/298/309 324/335/340
f 341/330/337 312/305/316 314/304/315
f 313/315/321 327/323/330 314/304/315
f 323/773/736 303/289/302 322/336/341
f 318/339/344 339/328/335 290/818/758
f 304/298/309 320/318/325 324/335/340
f 328/334/323 313/312/321 325/313/322
f 312/305/316 341/330/337 326/314/313
f 319/321/328 334/332/338 305/303/314
f 315/308/319 305/303/314 334/332/338
f 334/332/338 307/309/320 315/308/319
f 301/297/308 336/340/345 316/306/317
f 338/350/355 308/288/301 307/309/320 350/349/354
f 322/336/341 308/288/301 338/350/355
f 331/338/343 323/773/736 322/336/341
f 334/332/338 319/321/328 342/333/339
f 329/317/324 330/320/327 327/323/330
f 301/297/308 335/324/331 336/340/345
f 316/306/317 336/340/345 337/325/332
f 343/344/349 330/320/327 331/338/343
f 341/330/337 357/355/359 356/365/366 345/354/358
f 307/309/320 342/333/339 350/349/354
f 310/327/334 337/325/332 332/326/333
f 340/329/336 339/328/335 332/326/333
f 341/330/337 345/354/358 333/331/329
f 342/333/339 319/321/328 333/322/329
f 341/330/337 314/304/315 327/323/330
f 346/347/352 327/323/330 330/320/327
f 347/341/346 336/340/345 335/324/331
f 338/350/355 353/337/342 322/336/341
f 353/337/342 344/774/737 331/338/343
f 340/329/336 347/341/346 325/313/322
f 341/330/337 327/323/330 346/347/352
f 330/320/327 349/345/350 346/347/352
f 335/324/331 325/313/322 347/341/346
f 338/350/355 350/349/354 352/351/356
f 344/774/737 353/337/342 352/351/356 354/357/361
f 355/348/353 352/351/356 350/349/354
f 359/356/360 351/343/348 354/820/361 360/363/363
f 344/774/737 354/357/361 351/343/348
f 345/354/358 356/365/366 362/352/357
f 348/342/347 355/348/353 342/333/339
f 359/356/360 358/346/351 349/345/350
f 346/347/352 358/346/351 357/355/359
f 351/343/348 359/356/360 343/344/349
f 348/342/347 362/360/357 355/348/353
f 363/362/365 357/355/359 359/356/360
f 381/385/386 370/372/373 373/373/374 380/384/385
f 363/362/365 356/365/366 357/355/359
f 363/821/365 360/359/363 364/361/364
f 365/369/370 371/374/375 374/370/371
f 365/369/370 373/373/374 370/372/373
f 374/370/371 372/822/378 366/371/372
f 376/379/380 368/368/369 369/367/368
f 371/374/375 378/394/395 374/370/371
f 375/375/376 380/384/385 373/373/374
f 425/392/393 378/394/395 387/395/396 403/823/443
f 367/366/367 368/368/369 384/408/406
f 387/395/396 378/394/395 371/374/375
f 377/376/377 367/366/367 384/408/406
f 378/394/395 386/393/394 374/370/371
f 386/398/394 372/397/378 374/824/371
f 387/395/396 371/374/375 391/388/389
f 388/380/381 389/382/383 393/400/399
f 372/397/378 390/405/384 375/825/376
f 394/826/759 369/367/368 381/385/386
f 383/378/379 384/408/406 368/368/369
f 391/388/389 377/376/377 384/408/406
f 372/397/378 399/401/400 390/405/384
f 394/826/759 382/386/387 369/367/368
f 396/390/391 401/403/402 402/415/413
f 398/438/433 410/418/416 404/410/408 393/400/399
f 393/400/399 409/399/398 398/438/433
f 386/398/394 406/435/430 389/382/383
f 397/396/397 407/444/439 387/395/396
f 408/434/429 409/399/398 389/382/383
f 413/411/409 388/380/381 393/400/399 412/409/407
f 381/385/386 405/413/411 423/431/426 394/826/759
f 403/823/443 387/395/396 407/444/439 421/451/444
f 416/414/412 392/391/392 395/389/390
f 401/403/402 418/417/415 402/415/413
f 401/403/402 419/443/438 420/416/414
f 424/423/421 432/441/436 419/443/438 401/403/402
f 408/434/429 389/382/383 406/435/430
f 384/408/406 385/387/388 391/388/389
f 391/388/389 407/444/439 397/396/397
f 398/438/433 447/456/450 410/418/416
f 413/411/409 411/404/403 399/401/400
f 427/426/423 405/428/411 414/425/404
f 423/431/426 382/386/387 394/826/759
f 430/432/427 395/389/390 382/386/387
f 410/418/416 447/456/450 441/454/448 426/419/417
f 391/388/389 417/407/405 407/444/439
f 435/437/432 447/456/450 398/438/433
f 426/419/417 412/409/407 404/410/408
f 422/412/410 436/424/422 413/411/409
f 431/422/420 424/423/421 400/402/401
f 419/443/438 438/442/437 433/446/441
f 398/438/433 409/399/398 434/436/431
f 402/415/413 418/417/415 444/445/440 417/407/405
f 430/432/427 416/414/412 395/389/390
f 424/423/421 431/422/420 442/447/442
f 420/416/414 444/445/440 418/417/415
f 419/443/438 433/446/441 445/452/446 420/416/414
f 449/450/445 439/433/428 406/435/430 425/775/393
f 425/775/393 403/448/443 449/450/445
f 422/412/410 440/439/434 458/460/454 450/470/463
f 409/399/398 408/434/429 457/464/458
f 457/464/458 434/436/431 409/399/398
f 446/453/447 412/409/407 426/419/417
f 448/457/451 427/426/423 414/425/404
f 439/433/428 457/464/458 408/434/429
f 436/424/422 422/412/410 450/470/463
f 414/425/404 436/424/422 448/457/451
f 437/430/425 430/432/427 423/431/426
f 459/479/472 431/422/420 430/432/427
f 439/433/428 449/450/445 456/463/457
f 428/427/424 450/470/463 466/471/464 463/474/467
f 450/470/463 448/457/451 436/424/422
f 450/470/463 428/427/424 448/457/451
f 438/442/437 451/455/449 435/437/432
f 428/427/424 452/467/452 429/827/418
f 437/430/425 452/458/452 453/466/460
f 454/461/455 437/430/425 453/466/460
f 446/453/447 462/473/466 458/460/454
f 438/442/437 443/440/435 451/455/449
f 463/474/467 452/467/452 428/427/424
f 430/432/427 454/461/455 459/479/472
f 460/480/473 431/422/420 459/479/472
f 464/828/760 461/462/456 442/447/442
f 455/459/453 449/450/445 421/451/444
f 441/454/448 451/455/449 465/465/459
f 465/465/459 462/473/466 446/453/447
f 461/462/456 464/828/760 469/472/465 451/455/449
f 442/447/442 431/422/420 460/480/473
f 455/459/453 445/452/446 457/464/458
f 455/459/453 456/463/457 449/450/445
f 469/472/465 465/465/459 451/455/449
f 454/461/455 468/469/462 470/477/470 459/479/472
f 477/483/476 475/482/475 474/488/481 476/485/478
f 442/447/442 460/480/473 471/478/471
f 464/828/760 442/447/442 471/478/471
f 464/828/760 472/475/468 469/472/465
f 464/828/760 471/478/471 472/475/468
f 458/460/454 462/473/466 466/471/464
f 467/468/461 463/474/467 466/471/464
f 472/475/468 473/476/469 462/473/466
f 472/475/468 470/477/470 473/476/469
f 488/508/501 478/487/480 480/486/479 484/494/487
f 475/482/475 478/487/480 474/488/481
f 486/498/491 489/491/484 482/484/477
f 480/486/479 487/492/485 498/829/761 484/494/487
f 476/485/478 481/489/482 485/503/496
f 476/485/478 485/503/496 482/484/477
f 491/493/486 488/508/501 484/494/487
f 489/491/484 495/499/492 496/505/498
f 483/490/483 489/491/484 497/506/499
f 483/490/483 497/506/499 477/483/476
f 499/524/513 500/520/510 494/497/490 493/496/489
f 488/508/501 492/502/495 478/487/480
f 509/830/507 510/495/488 484/494/487 498/829/761
f 498/829/761 487/492/485 490/500/493
f 485/503/496 481/489/482 505/512/503
f 500/520/510 499/524/513 506/521/511
f 496/505/498 508/526/515 497/506/499
f 502/516/494 497/831/499 508/526/515
f 509/830/507 498/829/761 490/500/493
f 499/524/513 493/496/489 492/502/495 512/518/508
f 505/512/503 494/497/490 500/520/510 513/535/521
f 504/509/502 509/517/507 511/515/506 523/531/519
f 485/503/496 505/512/503 486/498/491
f 501/504/497 516/514/505 517/527/516
f 502/516/494 508/526/515 516/514/505
f 506/521/511 512/518/508 527/529/517 524/832/520
f 488/508/501 503/507/500 512/518/508
f 513/535/521 519/537/522 505/512/503
f 505/512/503 519/537/522 486/498/491
f 501/504/497 495/499/492 514/538/523
f 504/509/502 523/531/519 522/540/525
f 524/532/520 526/545/529 528/544/528 515/533/509
f 514/538/523 495/499/492 520/525/514
f 503/528/500 504/509/502 527/541/517
f 518/522/512 507/513/504 525/530/518
f 528/544/528 513/535/521 515/533/509
f 534/558/542 531/548/532 532/547/531 533/554/538
f 523/531/519 525/530/518 529/543/527
f 526/545/529 524/532/520 529/543/527
f 520/525/514 513/535/521 528/544/528
f 525/530/518 507/513/504 530/542/526
f 522/540/525 523/531/519 529/543/527
f 530/542/526 529/543/527 525/530/518
f 534/558/542 533/554/538 545/561/545 546/556/540
f 536/551/535 533/554/538 532/547/531
f 531/548/532 542/563/547 537/549/533
f 534/558/542 541/557/541 531/548/532
f 538/550/534 535/546/530 543/567/551
f 539/552/536 532/547/531 538/550/534
f 533/554/538 540/553/537 544/560/544
f 567/594/578 560/578/562 537/549/533 553/564/548
f 542/563/547 531/548/532 549/571/555
f 541/557/541 549/571/555 531/548/532
f 549/571/555 553/564/548 542/563/547
f 560/578/562 547/559/543 537/549/533
f 538/550/534 554/573/557 550/555/539
f 545/561/545 556/576/560 557/569/553
f 562/585/569 556/576/560 545/561/545 544/560/544
f 538/550/534 555/568/552 554/573/557
f 596/619/603 570/580/564 562/585/569 576/584/568
f 559/572/556 565/587/571 566/589/573
f 566/589/573 553/564/548 559/572/556
f 561/574/558 568/582/566 551/565/549
f 552/566/550 575/579/563 544/560/544
f 558/570/554 546/556/540 557/569/553
f 566/589/573 567/594/578 553/564/548
f 543/567/551 572/595/579 555/568/552
f 564/577/561 570/580/564 577/590/574
f 557/569/553 564/577/561 583/591/575
f 578/592/576 559/572/556 549/571/555
f 566/589/573 580/593/577 567/594/578
f 560/578/562 567/594/578 543/567/551
f 555/568/552 574/597/581 554/573/557
f 544/560/544 575/579/563 576/584/568
f 549/571/555 571/586/570 578/592/576
f 563/575/559 587/605/589 582/607/591
f 583/591/575 589/613/597 571/586/570
f 599/622/606 583/833/575 577/590/574
f 579/588/572 565/587/571 591/834/762
f 567/594/578 584/596/580 572/595/579
f 576/584/568 575/579/563 595/608/592
f 590/601/585 578/592/576 571/586/570 589/613/597
f 597/615/599 591/834/762 565/587/571
f 584/596/580 567/594/578 580/593/577
f 586/598/582 574/597/581 593/610/594
f 582/607/591 595/608/592 563/575/559
f 570/580/564 596/619/603 588/600/584
f 604/603/587 592/604/588 569/583/567 568/582/566
f 597/615/599 565/587/571 590/601/585
f 580/593/577 579/588/572 601/617/601
f 580/593/577 602/618/602 584/596/580
f 619/630/614 589/613/597 583/591/575 599/631/606
f 576/584/568 595/608/592 596/619/603
f 588/600/584 599/622/606 577/590/574
f 606/835/595 618/635/617 615/627/611 620/634/616
f 609/625/609 603/624/608 591/834/762
f 604/603/587 593/610/594 611/626/610
f 594/606/590 587/605/589 605/612/596
f 618/836/617 606/611/595 605/612/596
f 598/609/593 594/606/590 612/629/613
f 607/620/604 613/621/605 588/600/584
f 589/613/597 619/630/614 600/614/598
f 608/616/600 590/601/585 600/614/598
f 603/624/608 579/588/572 591/834/762
f 585/602/586 610/639/620 593/610/594
f 611/626/610 593/610/594 610/837/620
f 612/629/613 594/606/590 606/611/595
f 598/609/593 612/629/613 607/620/604
f 609/625/609 591/834/762 597/615/599
f 609/625/609 620/634/616 615/627/611
f 603/624/608 622/640/621 579/588/572
f 585/602/586 584/596/580 602/618/602
f 587/605/589 617/838/763 605/612/596
f 610/639/620 585/602/586 602/618/602 627/641/622
f 597/615/599 621/633/615 609/625/609
f 614/623/607 615/627/611 623/636/618
f 617/838/763 581/599/583 616/628/612
f 617/838/763 625/645/626 605/612/596
f 611/626/610 626/643/624 616/628/612
f 613/632/605 612/839/613 620/634/616
f 579/588/572 622/640/621 601/617/601
f 601/617/601 627/641/622 602/618/602
f 650/675/653 639/654/632 643/661/639 645/678/656
f 611/626/610 624/840/631 626/643/624
f 626/643/624 617/838/763 616/628/612
f 605/612/596 628/841/628 618/836/617
f 612/839/613 606/835/595 620/634/616
f 619/630/614 613/632/605 608/616/600
f 618/635/617 628/647/628 623/636/618
f 625/645/626 617/838/763 626/643/624
f 628/841/628 605/612/596 625/645/626
f 620/634/616 608/616/600 613/632/605
f 614/623/607 630/642/623 603/624/608
f 611/638/610 629/637/619 624/653/631
f 625/650/626 631/646/627 628/647/628
f 630/642/623 626/652/624 624/653/631
f 633/648/629 624/653/631 629/637/619
f 633/648/629 622/640/621 630/642/623
f 636/658/636 638/662/640 635/655/633
f 637/660/638 636/658/636 644/667/645
f 640/656/634 635/655/633 638/662/640
f 635/655/633 639/654/632 641/657/635
f 641/657/635 644/667/645 636/658/636
f 639/654/632 646/670/648 641/657/635
f 641/657/635 646/670/648 647/672/650
f 642/659/637 648/664/642 649/665/643
f 660/695/671 649/665/643 648/664/642 659/673/651
f 649/665/643 654/684/660 638/662/640
f 653/776/738 652/668/646 644/667/645
f 650/675/653 645/678/656 663/677/655 662/699/674
f 655/669/647 638/662/640 654/684/660
f 649/665/643 660/695/671 673/696/672 654/684/660
f 647/672/650 665/679/657 651/666/644
f 651/666/644 653/776/738 644/667/645
f 650/675/653 668/718/690 657/676/654
f 667/680/658 669/689/665 661/681/652
f 661/674/652 663/677/655 656/663/641
f 665/679/657 646/670/648 664/683/659
f 652/668/646 653/776/738 666/842/764
f 670/691/667 664/683/659 657/676/654 677/843/765
f 659/673/651 652/668/646 672/693/669
f 674/686/662 693/734/701 704/733/700 694/707/681
f 680/727/696 666/842/764 653/776/738
f 681/705/679 671/704/678 666/842/764
f 672/693/669 652/668/646 666/842/764
f 683/706/680 660/695/671 659/673/651
f 668/718/690 650/675/653 662/699/674
f 668/718/690 686/777/739 657/676/654
f 657/676/654 686/777/739 677/843/765
f 679/692/668 690/726/695 665/679/657
f 665/679/657 653/776/738 651/666/644
f 666/842/764 680/727/696 681/705/679
f 682/703/677 691/714/686 671/704/678
f 671/704/678 672/693/669 666/842/764
f 683/706/680 659/673/651 692/694/670
f 684/697/661 693/734/701 674/686/662
f 694/707/681 675/687/663 667/680/658
f 685/700/675 668/718/690 662/699/674
f 685/700/675 663/677/655 688/708/682
f 699/844/684 670/691/667 677/843/765
f 687/701/676 676/688/664 695/698/673
f 679/692/668 689/711/685 690/726/695
f 703/845/766 693/734/701 684/697/661
f 694/707/681 705/736/703 695/698/673 675/687/663
f 686/777/739 706/717/689 712/846/707 677/843/765
f 705/736/703 696/723/693 695/698/673
f 677/843/765 712/846/707 699/844/684
f 697/709/683 663/677/655 678/690/666
f 698/730/697 688/728/682 697/729/683
f 700/715/687 682/703/677 698/730/697
f 692/694/670 671/704/678 691/714/686
f 700/715/687 710/732/699 691/714/686
f 701/731/698 683/706/680 692/694/670
f 702/716/688 683/706/680 701/731/698
f 703/845/766 684/697/661 702/847/688
f 694/707/681 704/733/700 720/752/716
f 688/708/682 711/778/740 685/700/675
f 682/703/677 688/728/682 698/730/697
f 703/845/766 719/848/767 718/735/702 693/734/701
f 697/849/683 678/720/666 708/722/692
f 708/722/692 669/721/665 714/738/705
f 689/711/685 699/710/684 709/741/708
f 680/727/696 690/726/695 715/742/709
f 692/694/670 691/714/686 710/732/699
f 700/715/687 716/744/711 710/732/699
f 728/757/721 703/845/766 702/847/688
f 701/731/698 717/745/706 702/716/688
f 694/707/681 720/752/716 721/754/718 705/736/703
f 721/754/718 732/737/704 705/736/703
f 687/725/676 707/747/691 713/724/694
f 714/738/705 669/721/665 713/724/694
f 708/722/692 723/850/710 697/849/683
f 716/744/711 700/715/687 723/743/710
f 703/845/766 728/757/721 724/851/768
f 717/745/706 701/731/698 710/732/699
f 728/757/721 702/847/688 717/739/706
f 719/848/767 725/758/722 718/735/702
f 723/850/710 708/722/692 717/739/706 716/852/711
f 719/848/767 703/845/766 724/851/768 727/853/769
f 709/741/708 706/749/689 711/854/740 681/705/679
f 719/848/767 727/853/769 725/758/722
f 688/728/682 681/705/679 711/854/740
f 707/747/691 722/760/712 726/748/713
f 733/756/720 717/739/706 714/738/705
f 734/759/723 721/754/718 720/752/716 730/751/715
f 704/733/700 729/750/714 730/751/715
f 724/851/768 728/757/721 738/763/726 727/853/769
f 741/753/717 732/737/704 721/754/718
f 732/737/704 735/855/741 722/746/712
f 714/738/705 737/764/727 733/756/720
f 739/781/743 745/782/732 740/780/742 725/758/722
f 729/750/714 740/780/742 730/751/715
f 738/763/726 733/756/720 737/764/727
f 738/763/726 728/757/721 733/756/720
f 725/758/722 727/853/769 739/781/743
f 725/758/722 740/780/742 729/750/714
f 735/855/741 732/737/704 741/753/717
f 727/853/769 738/763/726 739/781/743
f 748/856/744 735/855/741 741/753/717 742/762/725
f 740/780/742 745/769/732 743/768/731
f 743/768/731 742/762/725 734/759/723
f 734/759/723 740/780/742 743/768/731
f 746/785/745 736/761/724 735/779/741
f 744/765/728 739/781/743 738/763/726
f 745/782/732 744/765/728 747/766/729 749/784/730
f 746/785/745 747/766/729 737/764/727
f 746/785/745 735/779/741 748/783/744
f 749/767/730 748/856/744 742/762/725 743/768/731
f 264/257/273 271/267/276 255/247/264 249/258/274
f 747/766/729 746/785/745 749/784/730
f 82/84/102 78/71/101 90/82/114
f 103/770/733 95/77/109 111/95/125
f 103/770/733 123/104/133 104/94/124
f 126/118/143 129/788/748 136/131/155
f 138/128/152 137/792/150 146/135/159
f 204/798/751 195/192/213 203/799/210
f 215/204/224 201/199/220 211/200/221
f 231/215/235 227/803/753 228/225/239
f 479/481/474 487/492/485 480/486/479 475/482/475
f 285/295/307 289/285/298 265/809/755
f 317/307/318 324/335/340 310/327/334
f 517/527/516 508/526/515 496/505/498 501/504/497
f 736/761/724 746/785/745 737/764/727 714/738/705
f 507/513/504 501/504/497 521/539/524
f 581/599/583 617/838/763 587/605/589
o head.001_ice.004
v 1.547728 60.268219 5.410895
v 3.063877 60.355762 5.217166
v 2.926246 60.361282 3.949267
v 1.413745 60.106632 4.180292
v 4.623675 60.235508 5.038839
v 4.470788 60.150883 3.705939
v 2.696711 60.144096 2.694196
v 1.239967 60.093761 2.901389
v 0.109471 60.626862 5.767776
v -0.013364 60.479252 4.370354
v 1.727121 60.651783 7.761874
v 3.198876 60.460049 7.748397
v 6.001399 59.531078 4.950594
v 5.671579 59.310410 3.580884
v 4.046345 59.690075 2.525251
v 2.483189 59.624523 1.509462
v 1.168991 59.939972 1.565725
v -0.175948 60.111637 3.054667
v -1.356460 60.606415 6.027390
v -1.481383 60.539864 4.512849
v 1.739274 60.663185 9.093607
v 3.220896 60.610229 9.078388
v 4.683957 60.308601 7.698507
v 6.627042 58.259422 5.002131
v 6.379076 58.196568 3.558189
v 5.047267 58.889862 2.385740
v 3.587242 58.952236 1.491947
v 2.296427 58.977840 0.567250
v 1.151551 59.214008 0.580431
v -0.261802 59.887039 1.713722
v -1.619241 60.346325 3.060869
v -1.267092 60.652390 7.562605
v 0.229725 60.668934 7.647229
v -2.911104 60.495419 4.490583
v -2.801740 60.521454 5.998062
v 0.234640 60.736397 9.115242
v 1.811373 60.354622 10.472088
v 3.253044 60.255920 10.457253
v 4.626389 60.279694 9.032171
v 6.033823 59.716633 7.705543
v 6.515400 56.934383 3.585692
v 6.730917 56.865913 5.042260
v 5.771548 57.907612 2.271853
v 4.260181 58.088615 1.281807
v 3.066659 58.169632 0.547785
v 1.488765 57.969337 0.497776
v -0.245745 59.342121 0.569055
v -1.726535 60.001144 1.697109
v -3.454136 60.287365 2.925901
v -2.726619 60.548351 7.451608
v -1.252800 60.767605 9.049592
v -4.249197 60.283371 4.417342
v -4.183754 60.273354 5.938715
v 0.286851 60.485973 10.507339
v 1.919954 59.732609 11.918409
v 3.494725 59.816986 11.886520
v 4.610091 60.296806 10.360894
v 5.843130 59.727345 9.054614
v 6.373725 58.329525 7.789599
v 6.008421 57.087971 2.204808
v 6.480754 55.605816 3.566101
v 6.395790 55.505295 4.994591
v 4.932963 57.225266 1.071542
v 3.487343 56.891964 0.632150
v 1.897278 56.684044 0.689656
v -0.035933 57.876404 0.557439
v -1.626768 59.192207 0.504962
v -3.231137 59.706429 1.569195
v -4.283748 59.823521 2.915074
v -2.725559 60.701992 8.963560
v -4.079451 60.249073 7.378057
v -1.266101 60.587593 10.661191
v -5.428592 59.538246 4.401770
v -5.383636 59.612923 5.897823
v 0.361184 59.566780 11.523531
v 2.070589 58.343918 12.128176
v 3.590517 58.339222 12.038726
v 4.836660 59.825859 11.367584
v 5.641060 59.733940 10.381243
v 6.082054 58.322548 9.165801
v 6.221022 56.930367 7.809505
v 6.214788 55.753395 2.128531
v 6.503387 54.060249 4.948884
v 6.453769 54.251251 3.515984
v 3.797477 55.654984 0.676021
v 2.205462 55.404755 0.708887
v 0.335921 56.521992 0.662663
v -1.634276 57.694859 0.566360
v -2.639881 58.929192 0.388753
v -5.113373 59.359608 2.904247
v -4.075918 60.365845 8.822284
v -2.788074 60.455482 10.599642
v -5.310956 59.700214 7.355999
v -1.162511 59.574951 11.775075
v -5.840896 58.355644 5.989747
v -5.832833 58.298275 4.555919
v 0.483710 58.333458 11.857868
v 4.841027 58.325275 11.559596
v 5.740353 58.282993 10.561917
v 5.779776 56.940166 9.149573
v 5.534693 55.464615 7.660341
v 6.280243 54.410065 2.060937
v 5.454941 55.875450 0.731740
v 6.450343 52.926701 3.426130
v 6.518486 52.773006 4.801304
v 4.019453 54.358383 0.656013
v 2.460538 54.111324 0.701442
v 0.664611 55.185436 0.651104
v -1.213946 56.329578 0.678033
v -3.867008 58.184116 0.373799
v -4.498380 58.818985 1.575580
v -5.695246 58.170452 3.129309
v -5.210609 59.748772 8.763327
v -3.978952 60.085331 10.203685
v -2.716126 59.514919 11.656342
v -5.653755 58.382458 7.390866
v -1.066359 58.301189 12.028838
v -5.949616 56.972126 4.693417
v -5.999177 57.003735 6.081538
v 0.602891 56.987366 11.573610
v 2.149130 56.931046 11.683977
v 5.058833 56.909138 10.335600
v 5.182475 55.417149 8.980446
v 5.937514 53.842403 7.732548
v 6.282799 53.085266 2.012429
v 5.660588 54.522388 0.592160
v 5.934233 51.585995 4.568317
v 6.081499 51.721046 3.221101
v 4.130003 53.054291 0.643186
v 2.631508 52.855007 0.724093
v 0.953393 53.893604 0.646435
v -0.863047 54.984528 0.703063
v -2.758785 56.077942 0.728422
v -3.256401 57.358086 0.519361
v -5.026143 57.098408 0.435595
v -5.418749 57.665211 1.815678
v -5.808364 56.901405 3.309870
v -5.487151 58.390827 8.778672
v -4.823669 59.529816 10.072206
v -4.074144 59.348000 11.174177
v -2.702901 58.186901 12.039299
v -5.810800 57.034103 7.452549
v -0.941178 56.998455 11.646518
v -5.903077 55.614590 4.796237
v -5.574090 55.675415 6.102139
v 2.111216 55.536064 11.180765
v 0.630325 55.577198 11.063042
v 3.866762 56.896866 11.278133
v 4.757041 55.393127 10.215599
v 5.628157 53.796822 9.120095
v 5.879668 52.537563 7.595233
v 6.025974 51.858925 1.959322
v 5.690161 53.178577 0.610528
v 5.678419 50.283009 4.258196
v 5.864033 50.486568 2.838401
v 2.748740 51.607128 0.781599
v 4.120513 51.778572 0.664014
v 1.165634 52.625767 0.691176
v -0.562863 53.673637 0.666960
v -2.379952 54.751526 0.758064
v -4.265532 55.798977 0.583977
v -5.696931 56.948097 1.917167
v -5.893310 55.563019 3.437222
v -5.496173 57.064732 8.796926
v -5.135197 58.254288 10.192908
v -4.184965 58.085049 11.486513
v -2.464311 56.900448 11.645311
v -5.228067 55.703094 7.392387
v -0.834584 55.595177 11.143047
v -5.551754 54.280163 6.149562
v -5.985455 54.052944 4.886445
v 3.579734 55.454666 10.910892
v 0.621826 54.086891 11.161174
v 2.107272 54.103340 11.196994
v 4.907441 53.957699 10.238995
v 5.488161 52.425865 8.956419
v 5.705373 51.210415 7.353009
v 5.559326 50.635994 1.897028
v 5.545867 51.915260 0.711121
v 4.880581 49.153854 3.755111
v 4.510545 49.955524 2.520835
v 1.346239 51.383923 0.793404
v 2.898598 50.524036 1.397431
v 4.155115 50.655731 1.252986
v -0.304550 52.392368 0.707865
v -2.081958 53.448475 0.738681
v -3.915143 54.513111 0.681895
v -5.670134 55.579014 0.686810
v -5.431595 56.617058 0.474891
v -5.826921 55.577072 2.071392
v -5.908238 54.121796 3.518584
v -4.871199 55.714348 8.648778
v -4.945930 56.977097 10.119433
v -3.859316 56.869724 11.085932
v -2.239905 55.590977 11.128781
v -5.136693 54.251984 7.423828
v -0.845619 54.077152 11.207581
v 3.601672 54.001732 10.934352
v 0.621289 53.474518 12.111197
v 2.226876 53.761890 11.966141
v 5.148044 52.264797 10.505239
v 5.199347 51.088814 8.661700
v 5.339274 49.923618 7.011826
v 5.254619 50.785435 0.955661
v 3.332563 49.051105 3.611606
v 3.120518 49.730797 2.448710
v -0.090593 51.151470 0.813115
v 1.535424 50.236431 1.322681
v -1.810408 52.171394 0.771642
v -3.644893 53.222691 0.677838
v -5.354921 54.281452 0.875769
v -5.784407 54.198341 2.138595
v -5.962538 52.630383 3.483989
v -4.794362 54.256191 8.678382
v -4.397105 55.683090 9.823769
v -3.511458 55.618301 10.689150
v -2.262696 54.093525 11.196425
v -6.255195 53.351948 6.322816
v -6.004465 53.289722 7.709228
v -0.956138 53.515224 12.124814
v 3.902594 53.658142 11.660651
v 5.167111 53.656818 10.962524
v 4.663501 51.002686 10.026811
v 4.880657 49.731079 8.313993
v 4.479275 48.945496 6.611813
v 1.847255 48.869617 3.487686
v 1.704192 49.447643 2.322544
v 0.122456 49.959942 1.213356
v -1.558227 50.922165 0.850058
v -3.353713 51.940010 0.698250
v -5.355887 52.958466 0.615443
v -5.789524 52.810139 2.082541
v -6.106175 52.123806 6.294158
v -5.538548 51.373440 3.400614
v -5.647167 53.303375 9.070661
v -4.438389 54.260868 9.909667
v -3.513648 54.167652 10.691371
v -2.531685 53.469326 12.052550
v -5.783700 51.975853 7.647988
v -0.955311 51.931507 11.614787
v 0.491937 51.868874 11.484457
v 2.151868 52.766731 11.696142
v 3.733510 52.447166 11.313569
v 4.204185 49.678680 9.531775
v 3.503098 51.212311 10.906394
v 4.375546 48.350670 7.888811
v 3.175121 48.567005 6.281287
v 0.341366 48.706203 3.388046
v 0.266162 49.192299 2.194435
v -1.314577 49.699993 1.105342
v -3.019426 50.690506 0.738101
v -4.982979 51.663456 0.584236
v -5.319929 51.537075 2.010467
v -5.771636 50.794437 6.149562
v -4.947059 50.152962 3.272328
v -5.145715 53.342354 10.444075
v -5.284665 51.906738 8.949959
v -4.052484 53.399406 11.559225
v -2.375044 51.911648 11.631911
v -5.382538 50.678825 7.453937
v -1.027101 50.551628 11.185750
v 0.412986 50.419144 11.102577
v 2.026150 51.528534 11.298823
v 3.546640 48.355659 9.085614
v 3.281992 49.884075 10.591775
v 2.938935 48.242348 7.554222
v 1.801574 48.387436 6.086921
v -1.178783 48.753300 3.347854
v -1.235159 49.105873 2.116626
v -2.780325 49.395424 0.896521
v -4.431038 50.458118 0.710011
v -4.906432 50.259865 1.919490
v -4.923512 49.792919 5.910121
v -4.066314 49.094879 3.211182
v -4.639172 51.879852 10.230817
v -4.864542 50.591499 8.720726
v -3.726620 51.884029 11.327968
v -2.241748 50.505474 11.246902
v -4.758472 49.520920 7.184071
v -1.199276 49.095592 10.760688
v 0.325207 49.048000 10.667704
v 1.869724 50.196484 10.917215
v 2.951725 48.537418 10.231000
v 1.825191 48.032288 8.656185
v 1.742523 48.206535 7.374885
v 0.413674 48.246025 5.944602
v -2.728739 48.643597 3.247614
v -2.723237 48.862476 1.972137
v -3.582422 49.396927 1.033249
v -4.074800 49.202648 1.901747
v -4.016273 48.667149 5.763935
v -4.231536 50.527420 9.925706
v -4.482795 49.311798 8.415110
v -3.302057 50.420078 10.988242
v -2.836436 49.075378 10.493649
v -3.885381 48.487774 6.993515
v -1.196645 47.835697 10.047355
v 0.307332 47.724838 10.054837
v 1.692917 48.972878 10.466511
v 1.505258 47.864731 9.917971
v 0.377381 48.125992 7.263312
v -1.039266 48.245865 5.854590
v -2.521627 48.305878 5.768440
v -3.848111 49.244690 9.534760
v -3.809786 48.267975 8.046726
v -2.585228 48.057072 9.595426
v -2.428921 48.181591 7.064889
v -1.068662 47.931488 8.573082
v 0.298770 47.938774 8.615810
v -1.027246 48.103165 7.194658
v -3.522241 48.156384 8.901274
v -2.435313 47.984634 8.336625
v -4.384511 49.398422 1.169984
v -5.355420 57.024975 1.162361
vn 0.0693 0.9925 -0.1004
vn 0.0237 0.9980 -0.0590
vn 0.0110 0.9929 -0.1183
vn 0.0248 0.9944 -0.1026
vn 0.0912 0.9940 -0.0604
vn 0.2761 0.9609 -0.0222
vn 0.2863 0.9547 -0.0806
vn 0.3268 0.9078 -0.2629
vn 0.1048 0.9483 -0.2995
vn 0.0106 0.9880 -0.1543
vn 0.0830 0.9928 -0.0867
vn 0.1112 0.9834 -0.1437
vn 0.7597 0.6484 0.0506
vn 0.7276 0.6764 -0.1142
vn 0.6605 0.6629 -0.3525
vn 0.3544 0.7859 -0.5067
vn 0.2486 0.8187 -0.5175
vn 0.0486 0.9246 -0.3779
vn 0.0745 0.9812 -0.1781
vn -0.0301 0.9989 -0.0358
vn 0.0053 0.9943 -0.1064
vn 0.0626 0.9955 -0.0705
vn 0.0598 0.9946 0.0844
vn 0.1020 0.9929 0.0617
vn 0.9838 0.0996 0.1493
vn 0.9726 0.2260 -0.0554
vn 0.8876 0.3287 -0.3227
vn 0.5466 0.5964 -0.5879
vn 0.4073 0.6479 -0.6437
vn 0.2093 0.4729 -0.8559
vn 0.0460 0.5046 -0.8621
vn 0.0245 0.9400 -0.3403
vn 0.0278 0.9771 -0.2108
vn -0.0301 0.9983 -0.0497
vn 0.0381 0.9974 -0.0607
vn -0.1176 0.9911 -0.0630
vn -0.1181 0.9930 -0.0081
vn 0.0397 0.9973 0.0625
vn 0.0183 0.9429 0.3326
vn 0.0565 0.9644 0.2584
vn 0.2843 0.9581 0.0340
vn 0.9469 -0.2313 0.2236
vn 0.9934 -0.1061 0.0439
vn 0.9757 0.0528 -0.2126
vn 0.7300 0.3833 -0.5659
vn 0.4662 0.4363 -0.7696
vn 0.2583 0.2727 -0.9268
vn 0.0018 -0.0304 -0.9995
vn 0.0024 0.5284 -0.8490
vn -0.0211 0.9159 -0.4008
vn -0.2325 0.9367 -0.2618
vn -0.1331 0.9900 -0.0473
vn -0.0165 0.9994 0.0305
vn -0.3710 0.9250 -0.0823
vn -0.3331 0.9429 0.0060
vn 0.0468 0.9190 0.3915
vn -0.0645 0.5840 0.8092
vn 0.1366 0.6032 0.7858
vn 0.2553 0.9478 0.1912
vn 0.7845 0.6079 0.1227
vn 0.9624 -0.0878 0.2570
vn 0.9903 -0.0724 0.1187
vn 0.8604 0.2114 -0.4637
vn 0.9939 -0.0045 -0.1101
vn 0.4840 0.3241 -0.8128
vn 0.1124 0.0711 -0.9911
vn 0.0045 -0.0595 -0.9982
vn 0.0007 -0.0403 -0.9992
vn -0.0022 0.4899 -0.8718
vn -0.2917 0.8150 -0.5006
vn -0.4432 0.8387 -0.3164
vn -0.1595 0.9867 0.0317
vn -0.3267 0.9448 -0.0256
vn -0.0001 0.9047 0.4260
vn -0.7733 0.6249 -0.1072
vn -0.7693 0.6386 0.0214
vn -0.0039 0.5517 0.8340
vn -0.0275 -0.0832 0.9962
vn 0.2164 -0.1169 0.9693
vn 0.4704 0.5733 0.6709
vn 0.7822 0.5304 0.3270
vn 0.9684 -0.0364 0.2469
vn 0.9685 0.0708 0.2387
vn 0.9927 0.0411 0.1135
vn 0.9288 0.1305 -0.3469
vn 0.9973 0.0159 -0.0714
vn 0.0171 0.0494 -0.9986
vn 0.0053 -0.0044 -1.0000
vn 0.0008 -0.0505 -0.9987
vn 0.0349 -0.0731 -0.9967
vn -0.1187 0.4148 -0.9021
vn -0.7027 0.6275 -0.3354
vn -0.3691 0.9267 0.0704
vn -0.2094 0.8832 0.4197
vn -0.7700 0.6369 0.0376
vn 0.0300 0.5060 0.8620
vn -0.9760 0.2132 0.0446
vn -0.9736 0.2153 -0.0762
vn -0.0340 -0.0208 0.9992
vn 0.5610 -0.1525 0.8136
vn 0.8587 -0.1485 0.4904
vn 0.8990 -0.3035 0.3157
vn 0.9619 -0.1664 0.2169
vn 0.9818 -0.1771 0.0689
vn 0.9614 0.0411 -0.2722
vn 0.5254 0.1868 -0.8301
vn 0.9862 -0.1504 -0.0686
vn -0.0262 0.0139 -0.9996
vn -0.0001 -0.0031 -1.0000
vn 0.0082 0.0088 -0.9999
vn -0.0077 -0.0574 -0.9983
vn -0.2980 0.3097 -0.9029
vn -0.5949 0.6163 -0.5160
vn -0.9339 0.2757 -0.2275
vn -0.7814 0.6059 0.1496
vn -0.4204 0.8309 0.3645
vn -0.2123 0.5097 0.8338
vn -0.9766 0.1807 0.1166
vn 0.0481 -0.0087 0.9988
vn -0.9998 0.0069 -0.0189
vn -0.9918 -0.0730 0.1045
vn -0.0222 -0.2952 0.9552
vn 0.0325 -0.3153 0.9484
vn 0.7430 -0.3549 0.5674
vn 0.9367 -0.0618 0.3447
vn 0.9415 -0.2747 0.1954
vn 0.9566 -0.2843 0.0641
vn 0.9642 -0.0911 -0.2490
vn 0.5411 0.0598 -0.8389
vn 0.9654 -0.2567 -0.0454
vn -0.0306 -0.0236 -0.9993
vn -0.0142 -0.0311 -0.9994
vn 0.0095 -0.0087 -0.9999
vn -0.0306 -0.0010 -0.9995
vn 0.0377 -0.0664 -0.9971
vn 0.0614 -0.1083 -0.9922
vn -0.4944 0.3171 -0.8093
vn -0.8473 0.3714 -0.3796
vn -0.9930 0.0796 -0.0876
vn -0.9699 0.1173 0.2134
vn -0.7489 0.5233 0.4066
vn -0.5386 0.4649 0.7028
vn -0.1885 -0.0389 0.9813
vn -0.9712 -0.1468 0.1877
vn 0.0386 -0.3011 0.9528
vn -0.9966 -0.0247 0.0783
vn -0.9667 -0.1321 0.2194
vn 0.0591 -0.1545 0.9862
vn -0.0120 -0.1484 0.9888
vn 0.3832 -0.3564 0.8521
vn 0.7406 -0.0788 0.6673
vn 0.9410 0.0995 0.3234
vn 0.8984 -0.4257 0.1081
vn 0.8871 -0.4611 -0.0188
vn 0.9400 -0.2306 -0.2514
vn 0.5589 -0.0535 -0.8275
vn 0.8474 -0.5001 -0.1782
vn 0.0057 -0.2603 -0.9655
vn -0.0452 -0.2259 -0.9731
vn 0.0110 -0.0504 -0.9987
vn -0.0288 -0.0127 -0.9995
vn 0.0101 -0.0066 -0.9999
vn 0.0116 -0.0885 -0.9960
vn -0.9727 0.1896 -0.1335
vn -0.9982 0.0234 -0.0549
vn -0.9408 -0.2102 0.2658
vn -0.8838 0.0349 0.4666
vn -0.5815 -0.0481 0.8121
vn -0.1546 -0.3464 0.9253
vn -0.9443 -0.2155 0.2489
vn 0.0226 -0.1520 0.9881
vn -0.9135 0.3215 0.2495
vn -0.9908 0.1304 0.0373
vn 0.3565 -0.1239 0.9260
vn -0.0138 0.5112 0.8594
vn 0.0501 0.5461 0.8362
vn 0.8525 0.3127 0.4189
vn 0.9452 -0.1572 0.2860
vn 0.5731 -0.8143 -0.0919
vn 0.4732 -0.8476 -0.2401
vn 0.6792 -0.6499 -0.3411
vn 0.5411 -0.2315 -0.8085
vn 0.3040 -0.8264 -0.4740
vn 0.0539 -0.2389 -0.9695
vn 0.0962 -0.6448 -0.7582
vn 0.0318 -0.6933 -0.7200
vn -0.0167 -0.0582 -0.9982
vn 0.0007 -0.0045 -1.0000
vn -0.0037 -0.0074 -1.0000
vn -0.6924 0.0095 -0.7214
vn -0.5550 0.2777 -0.7841
vn -0.9975 0.0061 -0.0698
vn -0.9967 0.0315 -0.0753
vn -0.9269 -0.2321 0.2950
vn -0.8190 -0.2998 0.4892
vn -0.5157 -0.3616 0.7767
vn -0.1694 -0.1736 0.9701
vn -0.9044 0.3433 0.2536
vn 0.0093 0.5044 0.8634
vn 0.2921 0.5977 0.7466
vn 0.0335 0.3021 0.9527
vn 0.1134 0.4406 0.8905
vn 0.8125 -0.2457 0.5287
vn 0.9004 -0.3108 0.3045
vn -0.9651 0.2399 0.1054
vn -0.9837 -0.1323 -0.1218
vn -0.9767 -0.2063 0.0591
vn 0.3873 -0.6444 -0.6594
vn 0.1607 -0.9267 -0.3397
vn 0.1530 -0.8200 -0.5516
vn 0.0346 -0.1927 -0.9807
vn 0.1519 -0.5939 -0.7901
vn 0.0124 -0.0389 -0.9992
vn 0.0205 0.0315 -0.9993
vn -0.6362 -0.0430 -0.7703
vn -0.9850 -0.0236 -0.1709
vn -0.8930 0.3613 0.2684
vn -0.8157 -0.2174 0.5361
vn -0.5143 -0.1928 0.8357
vn -0.1573 0.5096 0.8459
vn -0.9329 0.2654 0.2433
vn 0.0055 0.3408 0.9401
vn 0.3152 0.4320 0.8450
vn 0.8138 0.4111 0.4107
vn 0.7380 -0.3859 0.5535
vn 0.8576 -0.4216 0.2946
vn -0.9202 -0.3680 -0.1335
vn -0.9068 -0.4210 0.0215
vn 0.1528 -0.9338 -0.3237
vn 0.1843 -0.8212 -0.5401
vn 0.1264 -0.5713 -0.8110
vn 0.0609 -0.1241 -0.9904
vn 0.0531 -0.0159 -0.9985
vn -0.6104 -0.0491 -0.7906
vn -0.9677 -0.1368 -0.2118
vn 0.1672 -0.9675 -0.1895
vn 0.1150 -0.9802 -0.1615
vn -0.9203 0.2390 0.3097
vn -0.7603 0.4264 0.4901
vn -0.4570 0.4668 0.7571
vn -0.1527 0.3297 0.9317
vn -0.9326 -0.2488 0.2613
vn 0.0280 -0.2955 0.9549
vn 0.0550 -0.3082 0.9497
vn 0.1298 -0.3091 0.9421
vn 0.3204 -0.2976 0.8993
vn 0.7424 -0.4155 0.5255
vn 0.3552 -0.3538 0.8653
vn 0.5878 -0.8066 0.0622
vn -0.8063 -0.5904 -0.0359
vn -0.8377 -0.5373 -0.0982
vn 0.0749 -0.9566 -0.2818
vn 0.1285 -0.8624 -0.4897
vn 0.1492 -0.5611 -0.8142
vn 0.0676 -0.1114 -0.9915
vn -0.5457 -0.2091 -0.8115
vn -0.9182 -0.3304 -0.2186
vn 0.0550 -0.9880 -0.1443
vn -0.8188 0.2360 0.5232
vn -0.8838 -0.3022 0.3573
vn -0.5014 0.2815 0.8181
vn -0.1080 -0.2722 0.9562
vn -0.8866 -0.4067 0.2201
vn 0.0233 -0.3029 0.9528
vn 0.0628 -0.2916 0.9545
vn 0.1200 -0.3026 0.9455
vn 0.5010 -0.8127 0.2974
vn 0.4186 -0.3661 0.8311
vn 0.1421 -0.9797 -0.1412
vn -0.5549 -0.8255 -0.1025
vn -0.5430 -0.8352 -0.0874
vn 0.0428 -0.9727 -0.2281
vn 0.1287 -0.9057 -0.4039
vn 0.0471 -0.5848 -0.8098
vn -0.4548 -0.1975 -0.8684
vn -0.8884 -0.4438 -0.1177
vn -0.0032 -0.9903 -0.1386
vn -0.7901 -0.3261 0.5191
vn -0.8607 -0.3644 0.3555
vn -0.4936 -0.3020 0.8156
vn -0.0901 -0.3266 0.9409
vn -0.8252 -0.5597 0.0756
vn -0.0552 -0.4265 0.9028
vn 0.0646 -0.3792 0.9231
vn 0.1139 -0.2964 0.9482
vn 0.3849 -0.6520 0.6533
vn 0.1356 -0.9894 -0.0515
vn 0.0809 -0.9866 -0.1420
vn -0.1024 -0.9813 -0.1631
vn -0.1245 -0.9842 -0.1260
vn -0.0142 -0.9520 -0.3057
vn -0.1783 -0.6081 -0.7736
vn -0.4767 -0.8764 -0.0689
vn -0.7717 -0.3713 0.5163
vn -0.8414 -0.4768 0.2545
vn -0.4696 -0.3764 0.7986
vn -0.3872 -0.5048 0.7715
vn -0.5294 -0.8454 -0.0716
vn -0.1024 -0.8655 0.4903
vn 0.0526 -0.8774 0.4768
vn 0.0880 -0.3778 0.9217
vn 0.1590 -0.8780 0.4514
vn 0.0470 -0.9918 -0.1187
vn -0.7268 -0.4698 0.5010
vn -0.5611 -0.8268 0.0399
vn -0.2971 -0.8609 0.4131
vn -0.1159 -0.9852 -0.1266
vn -0.0344 -0.9947 -0.0964
vn 0.0302 -0.9921 -0.1220
vn -0.0095 -0.9931 -0.1171
vn -0.5217 -0.8038 0.2861
vn -0.1199 -0.9893 -0.0831
vn -0.8512 0.4486 -0.2726
vn -0.5828 -0.6287 -0.5149
vt 0.669311 0.874614
vt 0.661793 0.865886
vt 0.669321 0.857848
vt 0.677636 0.867586
vt 0.648962 0.880360
vt 0.641781 0.874390
vt 0.653185 0.857998
vt 0.660068 0.849198
vt 0.678155 0.849299
vt 0.687356 0.859557
vt 0.674426 0.884969
vt 0.684252 0.878011
vt 0.633737 0.869514
vt 0.643698 0.850988
vt 0.651004 0.841257
vt 0.668662 0.839878
vt 0.687864 0.838431
vt 0.698084 0.848949
vt 0.695289 0.870382
vt 0.679231 0.894786
vt 0.690492 0.888308
vt 0.655705 0.886903
vt 0.649091 0.893110
vt 0.643239 0.886991
vt 0.623755 0.865986
vt 0.633621 0.844617
vt 0.641771 0.833646
vt 0.659858 0.830994
vt 0.677736 0.828082
vt 0.697266 0.826683
vt 0.708578 0.836716
vt 0.707903 0.861286
vt 0.702782 0.881728
vt 0.669164 0.900968
vt 0.662783 0.893465
vt 0.696627 0.898096
vt 0.685059 0.903669
vt 0.654884 0.899947
vt 0.642126 0.898682
vt 0.637170 0.892834
vt 0.637122 0.881648
vt 0.612060 0.863100
vt 0.621958 0.837830
vt 0.631432 0.825250
vt 0.650880 0.821883
vt 0.670700 0.816461
vt 0.688359 0.814582
vt 0.764516 0.268539
vt 0.767492 0.261611
vt 0.774017 0.257789
vt 0.773571 0.268000
vt 0.721094 0.850429
vt 0.716456 0.874833
vt 0.711674 0.895547
vt 0.674996 0.908718
vt 0.660659 0.906665
vt 0.702140 0.907520
vt 0.690298 0.912745
vt 0.647554 0.905481
vt 0.634150 0.903292
vt 0.630309 0.896832
vt 0.633002 0.887782
vt 0.630496 0.877917
vt 0.596135 0.859708
vt 0.608289 0.829914
vt 0.644373 0.814546
vt 0.618957 0.815644
vt 0.661430 0.805306
vt 0.783404 0.256731
vt 0.783074 0.267049
vt 0.762000 0.277192
vt 0.772456 0.277757
vt 0.733100 0.864615
vt 0.725532 0.888211
vt 0.716129 0.902995
vt 0.665796 0.913646
vt 0.679670 0.916840
vt 0.652521 0.912732
vt 0.707241 0.917918
vt 0.694846 0.922577
vt 0.639872 0.910546
vt 0.626534 0.907126
vt 0.622993 0.899399
vt 0.628611 0.890839
vt 0.628308 0.884991
vt 0.621193 0.876143
vt 0.575967 0.855209
vt 0.592044 0.820411
vt 0.632326 0.802474
vt 0.604643 0.804777
vt 0.792420 0.256228
vt 0.792365 0.266700
vt 0.782381 0.277149
vt 0.771847 0.288118
vt 0.761418 0.286113
vt 0.741034 0.876150
vt 0.719767 0.910928
vt 0.670239 0.920494
vt 0.657501 0.919062
vt 0.683203 0.925700
vt 0.645345 0.918121
vt 0.697922 0.934042
vt 0.711253 0.929725
vt 0.632222 0.915809
vt 0.621253 0.892783
vt 0.620341 0.885463
vt 0.609964 0.875514
vt 0.965107 0.921703
vt 0.942242 0.952272
vt 0.931110 0.940859
vt 0.950407 0.913282
vt 0.618979 0.789902
vt 0.648774 0.789044
vt 0.957852 0.897739
vt 0.974151 0.904025
vt 0.801787 0.256487
vt 0.801722 0.266729
vt 0.792114 0.276779
vt 0.792890 0.245421
vt 0.782634 0.246741
vt 0.781913 0.287229
vt 0.751791 0.892613
vt 0.734481 0.902772
vt 0.725216 0.923686
vt 0.673266 0.927622
vt 0.662372 0.923972
vt 0.651177 0.924021
vt 0.685444 0.936570
vt 0.638758 0.923730
vt 0.715296 0.943567
vt 0.700493 0.947534
vt 0.622779 0.921834
vt 0.616396 0.911470
vt 0.609442 0.887245
vt 0.593530 0.874704
vt 0.920892 0.930534
vt 0.937349 0.905185
vt 0.964431 0.880551
vt 0.981349 0.885261
vt 0.635469 0.774850
vt 0.943818 0.890781
vt 0.802587 0.245870
vt 0.811042 0.257438
vt 0.810739 0.267244
vt 0.801494 0.276599
vt 0.791732 0.286749
vt 0.781859 0.297341
vt 0.772243 0.298837
vt 0.765693 0.301626
vt 0.761994 0.292899
vt 0.761265 0.912506
vt 0.741506 0.919111
vt 0.730677 0.937630
vt 0.674136 0.937572
vt 0.664821 0.929137
vt 0.657197 0.928666
vt 0.646026 0.930582
vt 0.686387 0.949219
vt 0.630907 0.930782
vt 0.719470 0.959832
vt 0.702658 0.963471
vt 0.603257 0.917546
vt 0.610789 0.930050
vt 0.611461 0.899034
vt 0.593958 0.889426
vt 0.573172 0.873884
vt 0.911304 0.921509
vt 0.924715 0.897687
vt 0.949023 0.875898
vt 0.969595 0.861343
vt 0.987371 0.864873
vt 0.930674 0.883111
vt 0.811962 0.247413
vt 0.819681 0.268069
vt 0.819931 0.259084
vt 0.810633 0.276873
vt 0.801268 0.286525
vt 0.791569 0.296692
vt 0.771869 0.310367
vt 0.781911 0.307302
vt 0.745545 0.928118
vt 0.736397 0.953846
vt 0.673281 0.948774
vt 0.663500 0.937482
vt 0.653672 0.935405
vt 0.639716 0.938360
vt 0.686432 0.965124
vt 0.620316 0.940845
vt 0.705352 0.982560
vt 0.724999 0.980735
vt 0.597638 0.903535
vt 0.595819 0.940707
vt 0.587512 0.924798
vt 0.576253 0.890807
vt 0.928667 0.964326
vt 0.919840 0.951348
vt 0.902052 0.914097
vt 0.912838 0.889889
vt 0.933169 0.871550
vt 0.952439 0.858797
vt 0.917310 0.874629
vt 0.820601 0.249919
vt 0.819577 0.277321
vt 0.828586 0.268667
vt 0.828758 0.260519
vt 0.810560 0.286533
vt 0.801064 0.296504
vt 0.791382 0.306803
vt 0.781794 0.316523
vt 0.774732 0.313572
vt 0.752974 0.945404
vt 0.743098 0.972610
vt 0.671053 0.964187
vt 0.660828 0.947165
vt 0.649578 0.944164
vt 0.631343 0.949730
vt 0.685905 0.984501
vt 0.607578 0.954179
vt 0.580465 0.908202
vt 0.868494 0.980128
vt 0.883943 0.981508
vt 0.885390 0.990993
vt 0.868405 0.993520
vt 0.916554 0.974641
vt 0.906985 0.959688
vt 0.911515 0.940173
vt 0.791469 0.924893
vt 0.787805 0.890289
vt 0.802935 0.918751
vt 0.936148 0.858713
vt 0.900315 0.883989
vt 0.903272 0.869323
vt 0.828331 0.253125
vt 0.819543 0.286766
vt 0.828632 0.277674
vt 0.906584 0.852786
vt 0.921867 0.856225
vt 0.810372 0.296432
vt 0.800790 0.306794
vt 0.791299 0.316344
vt 0.760802 0.963393
vt 0.667461 0.982727
vt 0.656701 0.961109
vt 0.643679 0.956495
vt 0.620833 0.964685
vt 0.786820 0.944701
vt 0.779411 0.930152
vt 0.799753 0.937571
vt 0.851402 0.990811
vt 0.853635 0.978296
vt 0.898119 0.976534
vt 0.902551 0.985897
vt 0.907848 0.971764
vt 0.901489 0.948501
vt 0.903475 0.930497
vt 0.802752 0.886032
vt 0.814801 0.912430
vt 0.886791 0.880038
vt 0.888210 0.865689
vt 0.828575 0.286990
vt 0.819489 0.296443
vt 0.889908 0.849785
vt 0.810157 0.306600
vt 0.800698 0.318038
vt 0.777697 0.953833
vt 0.770205 0.935399
vt 0.751994 0.992368
vt 0.770033 0.981530
vt 0.892367 0.908326
vt 0.882210 0.904490
vt 0.808542 0.949195
vt 0.796425 0.957766
vt 0.650251 0.978178
vt 0.635413 0.972772
vt 0.835918 0.984590
vt 0.840544 0.973142
vt 0.810914 0.930028
vt 0.856934 0.962886
vt 0.868400 0.963349
vt 0.882085 0.971425
vt 0.894714 0.965687
vt 0.895568 0.937892
vt 0.891358 0.954895
vt 0.895276 0.922900
vt 0.825330 0.907055
vt 0.816923 0.882082
vt 0.872699 0.877798
vt 0.872860 0.863714
vt 0.828530 0.296438
vt 0.872735 0.848375
vt 0.819335 0.306113
vt 0.810160 0.317336
vt 0.789414 0.969966
vt 0.783300 0.873386
vt 0.799117 0.870067
vt 0.871695 0.902111
vt 0.808714 0.968707
vt 0.818601 0.958932
vt 0.819034 0.940052
vt 0.820739 0.978391
vt 0.829290 0.966261
vt 0.846331 0.960172
vt 0.821266 0.922853
vt 0.858422 0.951220
vt 0.868386 0.951104
vt 0.880287 0.959877
vt 0.888689 0.929333
vt 0.887587 0.944598
vt 0.887574 0.917790
vt 0.830602 0.879387
vt 0.837172 0.903281
vt 0.858435 0.877089
vt 0.857120 0.863114
vt 0.828758 0.306230
vt 0.855595 0.848862
vt 0.819246 0.315381
vt 0.780537 0.854675
vt 0.796955 0.852489
vt 0.814262 0.867690
vt 0.860565 0.901112
vt 0.827719 0.948874
vt 0.828174 0.932207
vt 0.836792 0.955902
vt 0.850343 0.949400
vt 0.830922 0.916964
vt 0.858966 0.940455
vt 0.868233 0.940839
vt 0.878368 0.948888
vt 0.883578 0.935717
vt 0.878746 0.924057
vt 0.879924 0.914665
vt 0.843881 0.877887
vt 0.849091 0.901289
vt 0.841628 0.864356
vt 0.827958 0.311421
vt 0.838157 0.850699
vt 0.813280 0.852226
vt 0.828010 0.865878
vt 0.835336 0.940105
vt 0.836217 0.925297
vt 0.843666 0.946135
vt 0.849497 0.937487
vt 0.840705 0.912995
vt 0.860315 0.931487
vt 0.868447 0.931602
vt 0.876602 0.939715
vt 0.875138 0.931843
vt 0.870654 0.912694
vt 0.829561 0.854328
vt 0.841945 0.932440
vt 0.843736 0.920328
vt 0.852296 0.929142
vt 0.851208 0.911644
vt 0.860924 0.921898
vt 0.869342 0.922492
vt 0.860981 0.911925
vt 0.846582 0.925356
vt 0.852462 0.920855
vt 0.679877 0.797884
vt 0.753553 0.920414
vt 0.776163 0.913900
vt 0.764821 0.920561
vt 0.823210 0.859611
s 1
usemtl STONE
f 750/857/770 751/858/771 752/859/772 753/860/773
f 751/858/771 761/861/774 772/862/775 754/863/776
f 751/858/771 754/863/776 755/864/777 752/859/772
f 753/860/773 752/859/772 756/865/778 757/866/779
f 758/867/780 750/857/770 753/860/773 759/868/781
f 789/869/782 762/870/783 754/863/776 772/862/775
f 754/863/776 762/870/783 763/871/784 755/864/777
f 752/859/772 755/864/777 764/872/785 756/865/778
f 765/873/786 766/874/787 757/866/779 756/865/778
f 759/868/781 753/860/773 757/866/779 767/875/788
f 768/876/789 758/867/780 759/868/781 769/877/790
f 760/878/791 770/879/792 771/880/793 761/861/774
f 789/869/782 808/881/794 773/882/795 762/870/783
f 763/871/784 762/870/783 773/882/795 774/883/796
f 764/872/785 755/864/777 763/871/784 775/884/797
f 764/872/785 776/885/798 765/873/786 756/865/778
f 765/873/786 777/886/799 778/887/800 766/874/787
f 779/888/801 767/875/788 757/866/779 766/874/787
f 759/868/781 767/875/788 780/889/802 769/877/790
f 768/876/789 781/890/803 782/891/804 758/867/780
f 768/876/789 769/877/790 783/892/805 784/893/806
f 782/891/804 785/894/807 770/879/792 760/878/791
f 770/879/792 786/895/808 787/896/809 771/880/793
f 761/861/774 771/880/793 788/897/810 772/862/775
f 808/881/794 830/898/811 791/899/812 773/882/795
f 790/900/813 774/883/796 773/882/795 791/899/812
f 792/901/814 775/884/797 763/871/784 774/883/796
f 764/872/785 775/884/797 793/902/815 776/885/798
f 765/873/786 776/885/798 794/903/816 777/886/799
f 778/904/800 777/905/799 794/906/816 795/907/817
f 779/888/801 766/874/787 778/887/800 796/908/818
f 779/888/801 797/909/819 780/889/802 767/875/788
f 769/877/790 780/889/802 798/910/820 783/892/805
f 799/911/821 781/890/803 768/876/789 784/893/806
f 781/890/803 800/912/822 785/894/807 782/891/804
f 784/893/806 783/892/805 801/913/823 802/914/824
f 785/894/807 803/915/825 786/895/808 770/879/792
f 787/896/809 786/895/808 804/916/826 805/917/827
f 771/880/793 787/896/809 806/918/828 788/897/810
f 788/897/810 807/919/829 789/869/782 772/862/775
f 850/920/830 811/921/831 791/899/812 830/898/811
f 792/901/814 774/883/796 790/900/813 809/922/832
f 810/923/833 790/900/813 791/899/812 811/921/831
f 792/901/814 812/924/834 793/902/815 775/884/797
f 795/907/817 794/906/816 813/925/835 814/926/836
f 796/927/818 778/904/800 795/907/817 815/928/837
f 779/888/801 796/908/818 816/929/838 797/909/819
f 780/889/802 797/909/819 817/930/839 798/910/820
f 798/910/820 818/931/840 801/913/823 783/892/805
f 799/911/821 819/932/841 800/912/822 781/890/803
f 799/911/821 784/893/806 802/914/824 820/933/842
f 821/934/843 803/915/825 785/894/807 800/912/822
f 822/935/844 823/936/845 802/914/824 801/913/823
f 804/916/826 786/895/808 803/915/825 824/937/846
f 805/917/827 804/916/826 825/938/847 826/939/848
f 787/896/809 805/917/827 827/940/849 806/918/828
f 806/918/828 828/941/850 807/919/829 788/897/810
f 829/942/851 808/881/794 789/869/782 807/919/829
f 873/943/852 832/944/853 811/921/831 850/920/830
f 810/923/833 831/945/854 809/922/832 790/900/813
f 810/923/833 811/921/831 832/944/853 833/946/855
f 834/947/856 835/948/857 814/926/836 813/925/835
f 795/907/817 814/926/836 836/949/858 815/928/837
f 796/927/818 815/928/837 837/950/859 816/951/838
f 797/909/819 816/929/838 838/952/860 817/930/839
f 839/953/861 822/935/844 801/913/823 818/931/840
f 799/911/821 820/933/842 840/954/862 819/932/841
f 821/934/843 800/912/822 819/932/841 841/955/863
f 823/936/845 842/956/864 820/933/842 802/914/824
f 821/934/843 843/957/865 824/937/846 803/915/825
f 844/958/866 823/936/845 822/935/844 845/959/867
f 804/916/826 824/937/846 846/960/868 825/938/847
f 847/961/869 827/940/849 805/917/827 826/939/848
f 848/962/870 829/942/851 807/919/829 828/941/850
f 829/942/851 849/963/871 830/898/811 808/881/794
f 832/964/853 873/965/852 900/966/872 854/967/873
f 810/923/833 833/946/855 851/968/874 831/945/854
f 831/945/854 852/969/875 812/924/834 809/922/832
f 853/970/876 833/971/855 832/964/853 854/967/873
f 834/947/856 855/972/877 856/973/878 835/948/857
f 814/926/836 835/948/857 857/974/879 836/949/858
f 852/975/875 834/947/856 813/925/835 812/976/834
f 858/977/880 837/950/859 815/928/837 836/949/858
f 838/952/860 859/978/881 860/979/882 817/930/839
f 839/953/861 861/980/883 845/959/867 822/935/844
f 840/954/862 820/933/842 842/956/864 862/981/884
f 840/954/862 863/982/885 841/955/863 819/932/841
f 821/934/843 841/955/863 864/983/886 843/957/865
f 844/958/866 865/984/887 842/956/864 823/936/845
f 843/957/865 866/985/888 846/960/868 824/937/846
f 844/958/866 845/959/867 867/986/889 868/987/890
f 825/938/847 846/960/868 869/988/891 870/989/892
f 847/961/869 848/962/870 828/941/850 827/940/849
f 871/990/893 849/963/871 829/942/851 848/962/870
f 872/991/894 850/920/830 830/898/811 849/963/871
f 854/967/873 900/966/872 926/992/895 876/993/896
f 853/970/876 874/994/897 851/995/874 833/971/855
f 831/945/854 851/968/874 875/996/898 852/969/875
f 853/970/876 854/967/873 876/993/896 877/997/899
f 852/975/875 875/998/898 855/972/877 834/947/856
f 856/973/878 855/972/877 878/999/900 879/1000/901
f 857/974/879 835/948/857 856/973/878 880/1001/902
f 858/977/880 836/949/858 857/974/879 881/1002/903
f 858/977/880 882/1003/904 883/1004/905 837/950/859
f 837/950/859 883/1004/905 859/1005/881 838/1006/860
f 884/1007/906 885/1008/907 860/979/882 859/978/881
f 839/953/861 860/979/882 885/1008/907 861/980/883
f 867/986/889 845/959/867 861/980/883 886/1009/908
f 862/981/884 842/956/864 865/984/887 887/1010/909
f 840/954/862 862/981/884 888/1011/910 863/982/885
f 841/955/863 863/982/885 889/1012/911 864/983/886
f 843/957/865 864/983/886 890/1013/912 866/985/888
f 844/958/866 868/987/890 891/1014/913 865/984/887
f 892/1015/914 869/988/891 846/960/868 866/985/888
f 867/986/889 893/1016/915 894/1017/916 868/987/890
f 895/1018/917 870/989/892 869/988/891 896/1019/918
f 847/961/869 897/1020/919 871/990/893 848/962/870
f 872/991/894 849/963/871 871/990/893 898/1021/920
f 873/943/852 850/920/830 872/991/894 899/1022/921
f 876/993/896 926/992/895 952/1023/922 903/1024/923
f 853/970/876 877/997/899 901/1025/924 874/994/897
f 874/994/897 902/1026/925 875/1027/898 851/995/874
f 877/997/899 876/993/896 903/1024/923 904/1028/926
f 902/1029/925 878/999/900 855/972/877 875/998/898
f 905/1030/927 879/1000/901 878/999/900 906/1031/928
f 856/973/878 879/1000/901 907/1032/929 880/1001/902
f 857/974/879 880/1001/902 908/1033/930 881/1002/903
f 858/977/880 881/1002/903 909/1034/931 882/1003/904
f 884/1035/906 883/1004/905 882/1003/904 910/1036/932
f 885/1008/907 911/1037/933 886/1009/908 861/980/883
f 867/986/889 886/1009/908 912/1038/934 893/1016/915
f 865/984/887 891/1014/913 913/1039/935 887/1010/909
f 862/981/884 887/1010/909 914/1040/936 888/1011/910
f 864/983/886 889/1012/911 915/1041/937 890/1013/912
f 890/1013/912 916/1042/938 892/1015/914 866/985/888
f 917/1043/939 891/1014/913 868/987/890 894/1017/916
f 918/1044/940 896/1019/918 869/988/891 892/1015/914
f 919/1045/941 894/1017/916 893/1016/915 920/1046/942
f 921/1047/943 897/1020/919 870/989/892 895/1018/917
f 922/1048/944 923/1049/945 895/1018/917 896/1019/918
f 921/1047/943 898/1021/920 871/990/893 897/1020/919
f 924/1050/946 899/1022/921 872/991/894 898/1021/920
f 900/966/872 873/965/852 899/1051/921 925/1052/947
f 974/1053/948 929/1054/949 903/1024/923 952/1023/922
f 877/997/899 904/1028/926 927/1055/950 901/1025/924
f 874/994/897 901/1025/924 928/1056/951 902/1026/925
f 903/1024/923 929/1054/949 930/1057/952 904/1028/926
f 928/1058/951 906/1031/928 878/999/900 902/1029/925
f 931/1059/953 907/1032/929 879/1000/901 905/1030/927
f 932/1060/954 905/1030/927 906/1031/928 933/1061/955
f 934/1062/956 908/1033/930 880/1001/902 907/1032/929
f 881/1002/903 908/1033/930 935/1063/957 909/1034/931
f 910/1036/932 882/1003/904 909/1034/931 936/1064/958
f 884/1035/906 910/1036/932 937/1065/959 938/1066/960
f 911/1037/933 939/1067/961 912/1038/934 886/1009/908
f 940/1068/962 920/1046/942 893/1016/915 912/1038/934
f 917/1043/939 941/1069/963 913/1039/935 891/1014/913
f 914/1040/936 887/1010/909 913/1039/935 942/1070/964
f 889/1012/911 888/1011/910 914/1040/936 915/1041/937
f 890/1013/912 915/1041/937 943/1071/965 916/1042/938
f 944/1072/966 918/1044/940 892/1015/914 916/1042/938
f 917/1043/939 894/1017/916 919/1045/941 945/1073/967
f 922/1048/944 896/1019/918 918/1044/940 946/1074/968
f 921/1047/943 895/1018/917 923/1049/945 947/1075/969
f 948/1076/970 949/1077/971 923/1078/945 922/1079/944
f 921/1047/943 947/1075/969 924/1050/946 898/1021/920
f 924/1080/946 950/1081/972 925/1052/947 899/1051/921
f 926/992/895 900/966/872 925/1052/947 951/1082/973
f 967/1083/974 962/1084/975 982/1085/976
f 927/1055/950 953/1086/977 928/1056/951 901/1025/924
f 930/1057/952 929/1054/949 954/1087/978 955/1088/979
f 928/1058/951 953/1089/977 933/1061/955 906/1031/928
f 934/1062/956 907/1032/929 931/1059/953 956/1090/980
f 932/1060/954 957/1091/981 931/1059/953 905/1030/927
f 930/1057/952 955/1088/979 932/1092/954 933/1093/955
f 934/1062/956 958/1094/982 935/1063/957 908/1033/930
f 909/1034/931 935/1063/957 959/1095/983 936/1064/958
f 960/1096/984 937/1065/959 910/1036/932 936/1064/958
f 961/1097/985 940/1068/962 912/1038/934 939/1067/961
f 917/1043/939 945/1073/967 963/1098/986 941/1069/963
f 964/1099/987 942/1070/964 913/1039/935 941/1069/963
f 943/1071/965 915/1041/937 914/1040/936 942/1070/964
f 944/1072/966 916/1042/938 943/1071/965 965/1100/988
f 966/1101/989 946/1074/968 918/1044/940 944/1072/966
f 945/1102/967 919/1103/941 967/1083/974 968/1104/990
f 948/1076/970 922/1079/944 946/1105/968 969/1106/991
f 970/1107/992 947/1108/969 923/1078/945 949/1077/971
f 924/1080/946 947/1108/969 970/1107/992 971/1109/993
f 972/1110/994 951/1082/973 925/1052/947 950/1081/972
f 952/1023/922 926/992/895 951/1082/973 973/1111/995
f 982/1085/976 962/1084/975 983/1112/996 1003/1113/997
f 954/1087/978 975/1114/998 976/1115/999 955/1088/979
f 977/1116/1000 956/1090/980 931/1059/953 957/1091/981
f 934/1062/956 956/1090/980 978/1117/1001 958/1094/982
f 976/1115/999 957/1118/981 932/1092/954 955/1088/979
f 979/1119/1002 959/1095/983 935/1063/957 958/1094/982
f 960/1096/984 936/1064/958 959/1095/983 980/1120/1003
f 960/1121/984 961/1097/985 939/1067/961 937/1122/959
f 962/1123/975 940/1068/962 961/1097/985 981/1124/1004
f 996/1125/1005 1016/1126/1006 975/1114/998 954/1087/978
f 984/1127/1007 963/1128/986 945/1102/967 968/1104/990
f 964/1099/987 941/1069/963 963/1098/986 985/1129/1008
f 964/1099/987 965/1100/988 943/1071/965 942/1070/964
f 966/1101/989 944/1072/966 965/1100/988 986/1130/1009
f 966/1131/989 987/1132/1010 969/1106/991 946/1105/968
f 988/1133/1011 968/1104/990 967/1083/974 982/1085/976
f 948/1076/970 969/1106/991 989/1134/1012 990/1135/1013
f 970/1107/992 949/1077/971 991/1136/1014 992/1137/1015
f 993/1138/1016 973/1111/995 951/1082/973 972/1110/994
f 972/1110/994 950/1081/972 992/1137/1015 994/1139/1017
f 974/1053/948 952/1023/922 973/1111/995 995/1140/1018
f 1022/1141/1019 1003/1113/997 983/1112/996 1004/1142/1020
f 997/1143/1021 998/1144/1022 976/1115/999 975/1114/998
f 999/1145/1023 978/1117/1001 956/1090/980 977/1116/1000
f 976/1115/999 998/1144/1022 977/1146/1000 957/1118/981
f 979/1119/1002 958/1094/982 978/1117/1001 1000/1147/1024
f 1001/1148/1025 980/1120/1003 959/1095/983 979/1119/1002
f 960/1121/984 980/1149/1003 981/1124/1004 961/1097/985
f 962/1084/975 981/1150/1004 1002/1151/1026 983/1112/996
f 1016/1126/1006 1035/1152/1027 997/1143/1021 975/1114/998
f 985/1153/1008 963/1128/986 984/1127/1007 1005/1154/1028
f 988/1133/1011 1006/1155/1029 984/1127/1007 968/1104/990
f 964/1099/987 985/1129/1008 986/1130/1009 965/1100/988
f 966/1131/989 986/1156/1009 1007/1157/1030 987/1132/1010
f 969/1106/991 987/1132/1010 1008/1158/1031 989/1134/1012
f 988/1133/1011 982/1085/976 1003/1113/997 1009/1159/1032
f 989/1134/1012 1010/1160/1033 1011/1161/1034 990/1135/1013
f 948/1076/970 990/1135/1013 1012/1162/1035 991/1136/1014
f 994/1139/1017 992/1137/1015 991/1136/1014 1012/1162/1035
f 995/1140/1018 973/1111/995 993/1138/1016 1013/1163/1036
f 993/1138/1016 972/1110/994 994/1139/1017 1014/1164/1037
f 974/1053/948 995/1140/1018 1015/1165/1038 996/1125/1005
f 1022/1141/1019 1004/1142/1020 1023/1166/1039 1040/1167/1040
f 997/1143/1021 1017/1168/1041 1018/1169/1042 998/1144/1022
f 1019/1170/1043 1000/1147/1024 978/1117/1001 999/1145/1023
f 1018/1169/1042 999/1171/1023 977/1146/1000 998/1144/1022
f 1001/1148/1025 979/1119/1002 1000/1147/1024 1020/1172/1044
f 981/1150/1004 980/1173/1003 1001/1174/1025 1002/1151/1026
f 1004/1142/1020 983/1112/996 1002/1151/1026 1021/1175/1045
f 997/1143/1021 1035/1152/1027 1051/1176/1046 1017/1168/1041
f 1005/1154/1028 984/1127/1007 1006/1155/1029 1024/1177/1047
f 985/1153/1008 1005/1154/1028 1007/1157/1030 986/1156/1009
f 988/1133/1011 1009/1159/1032 1025/1178/1048 1006/1155/1029
f 987/1132/1010 1007/1157/1030 1026/1179/1049 1008/1158/1031
f 1008/1158/1031 1027/1180/1050 1010/1160/1033 989/1134/1012
f 1028/1181/1051 1009/1159/1032 1003/1113/997 1022/1141/1019
f 1029/1182/1052 1030/1183/1053 1011/1161/1034 1010/1160/1033
f 1012/1162/1035 990/1135/1013 1011/1161/1034 1031/1184/1054
f 994/1139/1017 1012/1162/1035 1031/1184/1054 1014/1164/1037
f 993/1138/1016 1014/1164/1037 1032/1185/1055 1013/1163/1036
f 995/1140/1018 1013/1163/1036 1033/1186/1056 1015/1165/1038
f 1034/1187/1057 1016/1126/1006 996/1125/1005 1015/1165/1038
f 1036/1188/1058 1052/1189/1059 1040/1167/1040 1023/1166/1039
f 1036/1188/1058 1037/1190/1060 1018/1169/1042 1017/1168/1041
f 1038/1191/1061 1020/1172/1044 1000/1147/1024 1019/1170/1043
f 1037/1190/1060 1019/1192/1043 999/1171/1023 1018/1169/1042
f 1002/1151/1026 1001/1174/1025 1020/1193/1044 1021/1175/1045
f 1039/1194/1062 1023/1166/1039 1004/1142/1020 1021/1175/1045
f 1017/1168/1041 1051/1176/1046 1052/1189/1059 1036/1188/1058
f 1041/1195/1063 1024/1177/1047 1006/1155/1029 1025/1178/1048
f 1005/1154/1028 1024/1177/1047 1026/1179/1049 1007/1157/1030
f 1028/1181/1051 1042/1196/1064 1025/1178/1048 1009/1159/1032
f 1026/1179/1049 1043/1197/1065 1027/1180/1050 1008/1158/1031
f 1027/1180/1050 1044/1198/1066 1029/1182/1052 1010/1160/1033
f 1045/1199/1067 1028/1181/1051 1022/1141/1019 1040/1167/1040
f 1029/1182/1052 1046/1200/1068 1047/1201/1069 1030/1183/1053
f 1031/1184/1054 1011/1161/1034 1030/1183/1053 1048/1202/1070
f 1014/1164/1037 1031/1184/1054 1048/1202/1070 1032/1185/1055
f 1013/1163/1036 1032/1185/1055 1049/1203/1071 1033/1186/1056
f 1050/1204/1072 1035/1152/1027 1016/1126/1006 1034/1187/1057
f 967/1083/974 920/1046/942 940/1068/962 962/1123/975
f 1039/1194/1062 1037/1190/1060 1036/1188/1058 1023/1166/1039
f 1039/1194/1062 1038/1205/1061 1019/1192/1043 1037/1190/1060
f 1026/1179/1049 1024/1177/1047 1041/1195/1063 1043/1197/1065
f 1053/1206/1073 1041/1195/1063 1025/1178/1048 1042/1196/1064
f 1045/1199/1067 1054/1207/1074 1042/1196/1064 1028/1181/1051
f 1029/1182/1052 1044/1198/1066 1055/1208/1075 1046/1200/1068
f 1045/1199/1067 1040/1167/1040 1052/1189/1059 1056/1209/1076
f 1057/1210/1077 1058/1211/1078 1047/1201/1069 1046/1200/1068
f 1049/1203/1071 1048/1202/1070 1030/1183/1053 1047/1201/1069
f 1049/1203/1071 1047/1201/1069 1058/1211/1078 1033/1186/1056
f 1051/1176/1046 1035/1152/1027 1050/1204/1072 1059/1212/1079
f 1033/1186/1056 1058/1211/1078 1050/1204/1072 1034/1187/1057
f 1053/1206/1073 1044/1198/1066 1043/1197/1065 1041/1195/1063
f 1053/1206/1073 1042/1196/1064 1054/1207/1074 1060/1213/1080
f 1045/1199/1067 1056/1209/1076 1061/1214/1081 1054/1207/1074
f 1053/1206/1073 1060/1213/1080 1055/1208/1075 1044/1198/1066
f 1055/1208/1075 1061/1214/1081 1057/1210/1077 1046/1200/1068
f 1052/1189/1059 1051/1176/1046 1059/1212/1079 1056/1209/1076
f 1057/1210/1077 1059/1212/1079 1050/1204/1072 1058/1211/1078
f 1060/1213/1080 1054/1207/1074 1061/1214/1081 1055/1208/1075
f 1057/1210/1077 1061/1214/1081 1056/1209/1076 1059/1212/1079
f 750/857/770 758/867/780 782/891/804 760/878/791
f 793/902/815 812/924/834 813/1215/835 794/903/816
f 792/901/814 809/922/832 812/924/834
f 798/910/820 817/930/839 860/979/882 839/953/861 818/931/840
f 826/939/848 897/1020/919 847/961/869
f 806/918/828 827/940/849 828/941/850
f 816/951/838 837/950/859 838/1006/860
f 859/1005/881 883/1004/905 884/1035/906
f 1063/1216/1082 911/1037/933 885/1008/907
f 863/982/885 888/1011/910 889/1012/911
f 919/1103/941 920/1217/942 967/1083/974
f 933/1093/955 953/1086/977 927/1055/950
f 938/1218/960 937/1122/959 939/1067/961 911/1037/933
f 948/1076/970 991/1136/1014 949/1077/971
f 971/1109/993 970/1107/992 992/1137/1015 950/1081/972
f 1015/1165/1038 1033/1186/1056 1034/1187/1057
f 1020/1193/1044 1038/1205/1061 1062/1219/1083
f 1062/1219/1083 1038/1205/1061 1039/1194/1062
f 1027/1180/1050 1043/1197/1065 1044/1198/1066
f 1032/1185/1055 1048/1202/1070 1049/1203/1071
f 776/885/798 793/902/815 794/903/816
f 938/1218/960 911/1037/933 1063/1216/1082
f 884/1007/906 938/1218/960 1063/1216/1082
f 884/1007/906 1063/1216/1082 885/1008/907
f 974/1053/948 996/1125/1005 954/1087/978 929/1054/949
f 1062/1219/1083 1039/1194/1062 1021/1175/1045
f 1020/1193/1044 1062/1219/1083 1021/1175/1045
f 904/1028/926 930/1057/952 927/1055/950
f 930/1057/952 933/1093/955 927/1055/950
f 924/1080/946 971/1109/993 950/1081/972
f 825/938/847 870/989/892 897/1020/919 826/939/848
f 760/878/791 761/861/774 751/858/771 750/857/770
o torso.001_ice.005
v -14.341794 53.318333 -4.726272
v -11.853576 54.166901 -6.253337
v -14.315957 52.042282 -5.980499
v -14.117318 54.364281 -3.436953
v -13.132827 55.130283 -3.924132
v -15.128193 51.978062 -5.067815
v -14.005602 51.974155 -3.930315
v -14.364635 53.186424 -3.535867
v -12.048314 55.603970 -4.155719
v -10.457258 54.394535 -6.514168
v -11.856447 47.258186 -7.801589
v -13.818763 50.296165 -4.065529
v -13.654898 52.888100 -2.004525
v -11.511478 51.573238 -7.580016
v -13.832021 47.433968 -6.300286
v -14.842678 47.691711 -5.049032
v -12.972772 55.523083 -2.128571
v -9.825823 55.884281 -3.778489
v -8.875926 50.553017 -8.285834
v -13.889613 54.671352 -0.827723
v -7.430457 56.499535 -3.477511
v -3.995988 54.301544 -6.964128
v -12.273225 45.092445 -6.931816
v -14.157310 46.382427 -4.970799
v -14.103614 46.806343 -4.204137
v -13.756702 53.732666 2.347271
v -10.589652 55.812988 -0.506914
v -3.623869 53.485104 -7.706730
v -8.296721 46.229881 -8.510872
v -11.224141 45.492645 -7.734246
v -12.637185 43.972172 -4.832064
v -13.627192 45.014523 -1.977103
v -13.656425 44.981491 3.735356
v -13.704530 54.216236 2.663323
v -13.741736 50.969227 3.923462
v -8.201800 56.613991 -1.472466
v -8.808281 56.357738 2.117149
v -6.214882 55.924934 -4.568099
v -5.882022 52.102119 -8.212687
v -12.135859 42.296612 -3.307416
v -13.436997 43.599579 -2.751191
v -13.954293 51.687092 5.631750
v -12.417601 55.079967 3.254339
v -3.870598 55.670929 -5.961520
v -2.171529 52.752262 -8.219477
v -5.199776 49.903191 -8.669582
v -9.020465 44.636791 -8.061877
v -9.123348 39.804974 -6.293180
v -5.377876 58.029411 -1.421194
v -4.175205 57.114212 -4.826620
v -10.409306 55.376823 5.268596
v -2.374059 56.626781 -6.296280
v -1.086127 55.167427 -7.763820
v -10.415332 39.640739 -5.381690
v -13.740046 47.204460 4.570930
v -14.341636 49.923515 5.508234
v -13.457252 50.363159 6.422646
v -6.213835 57.541046 1.647730
v -6.455718 57.635853 -0.509041
v -1.109346 56.506207 -6.887624
v -1.732541 50.061321 -8.519831
v 1.185724 55.241562 -7.840645
v -3.563619 45.901993 -8.762036
v -11.219522 39.966114 -1.825787
v -13.540979 43.859215 2.204468
v -12.316780 42.191864 0.233633
v -12.207492 50.276749 7.151784
v -11.322337 54.233265 6.724565
v -8.508248 56.092834 4.158184
v 0.213522 51.655746 -8.602726
v 1.978362 53.150352 -8.291381
v -9.812277 38.539135 -4.072860
v -10.289633 38.977417 -1.710158
v -9.159616 53.046288 7.759364
v -13.114421 45.081562 6.010014
v -6.763587 53.108337 7.665957
v -0.504708 58.197956 -1.358130
v 1.131146 57.191582 -5.329315
v 2.310024 56.282608 -6.957623
v 3.572030 53.825272 -7.605545
v -3.599867 43.590164 -8.458754
v -6.484130 39.957287 -7.076859
v -9.492256 37.740665 -3.565818
v -12.295383 42.758049 4.077126
v -4.424760 57.144783 2.699912
v -4.303970 57.807194 1.720006
v -4.824193 56.002056 3.536093
v 2.008509 51.571507 -8.925933
v -8.257085 37.733742 -4.910202
v -9.852222 36.668678 -3.801946
v -11.130267 40.808754 4.579152
v -11.856580 44.770733 6.917234
v -4.922433 55.313412 4.084847
v 4.205932 56.941017 -5.313169
v 4.387489 51.375629 -9.157562
v 1.563937 48.595493 -9.126848
v -4.745147 41.093876 -7.677088
v -3.924835 39.074799 -6.573400
v -9.022377 36.411736 -5.088510
v -9.446279 34.785191 -3.113927
v -9.804509 34.341690 -1.575588
v -10.110744 36.653557 -1.286029
v -9.768318 38.778194 3.381119
v 3.759770 58.138126 -1.210884
v 0.730256 45.156693 -8.395147
v 6.114857 54.728035 -6.222629
v 8.072485 52.380821 -7.843843
v -7.363537 36.339046 -5.359455
v -8.641223 34.862591 -4.322315
v -3.322928 48.239639 8.691229
v -5.038188 52.370296 7.101737
v -10.717188 47.040787 7.613872
v -7.338186 52.744160 8.012068
v -2.727773 54.933060 3.030495
v -1.409984 56.930496 1.970136
v 0.307446 43.142368 -7.957100
v -2.506800 38.461479 -5.910083
v -2.742033 37.272984 -5.054640
v -7.500587 34.629105 -5.114517
v -10.072900 32.088959 -3.087149
v -9.987878 33.199955 -1.434190
v -10.210580 35.944199 3.182942
v -10.712436 40.724133 6.340819
v -2.719810 49.928745 7.048434
v -9.004066 41.683113 7.693637
v -5.899758 48.085697 8.574426
v 0.163525 57.727394 1.206263
v -1.160315 52.480972 4.717343
v 6.397525 57.352631 -3.000281
v 8.866670 55.610828 -4.602499
v 7.142678 51.284874 -8.801931
v 2.250001 45.841095 -9.024236
v 11.656989 54.683422 -6.086077
v 0.174705 39.388496 -6.484954
v -9.686306 31.727938 -3.586273
v -10.671853 32.078320 -1.265674
v -9.945888 34.689056 2.026400
v -9.727368 38.993294 4.453415
v -3.070641 51.720222 5.135579
v -6.340241 43.713154 8.577045
v -2.741768 48.414188 8.505545
v 9.640304 49.610157 -9.083565
v 11.509876 53.062222 -7.115790
v 0.317080 35.865623 -5.289526
v -8.358662 31.958658 -4.586174
v -9.902926 33.054508 1.933492
v -9.294407 38.259655 4.952192
v -1.620118 50.016384 6.461356
v -2.785474 46.755497 9.128165
v 1.953130 55.163177 2.961545
v 6.608006 57.829887 -1.251013
v 8.678822 56.484547 -2.169022
v 12.596609 55.132351 -4.762250
v 6.806246 47.624264 -9.414577
v 3.597483 44.636086 -9.057816
v 13.162588 53.260063 -6.400570
v 0.441278 37.305061 -4.757725
v -4.407907 32.822350 -5.424215
v -9.269043 33.712868 3.487346
v -9.401657 36.179153 4.908536
v -8.403018 39.274734 6.609612
v -7.935858 40.425209 7.633918
v 0.346016 49.207619 6.837531
v 2.904081 53.745205 3.798779
v 3.133345 57.788368 1.728896
v 12.081175 50.106770 -7.802062
v 13.669784 51.873211 -6.750215
v -5.703726 30.431311 -4.977915
v -7.519788 29.754263 -4.357193
v -10.144917 30.816473 -1.917420
v -10.180838 31.888042 2.207125
v -8.702053 33.881897 4.499968
v -7.374674 38.209019 5.620620
v -7.679514 36.843613 5.400720
v 2.848626 51.291504 5.268628
v -2.712687 41.810829 8.993022
v 0.327498 47.798489 8.784585
v 6.610990 57.599541 1.880332
v 13.012080 55.239723 -3.327261
v 6.832229 43.605694 -8.936879
v 4.948762 42.502094 -8.544078
v 0.371765 34.139454 -5.322966
v -10.427358 31.964516 1.241397
v -7.229295 34.340187 5.154591
v -4.520091 40.071301 8.274489
v 2.658955 49.685871 6.842509
v 0.932483 46.622456 9.318373
v 5.646366 55.642582 3.913606
v 6.434821 53.986198 6.184807
v 8.833399 56.563721 -0.565568
v 14.620405 54.464130 -3.081384
v 11.833253 47.498196 -8.449479
v 9.541181 43.658592 -8.540374
v 15.316514 51.695232 -5.593307
v 2.943434 37.268211 -5.032682
v -2.115500 28.751511 -4.834019
v -7.784934 28.771828 -3.453412
v 4.125675 39.409378 -6.840838
v 4.132936 41.117310 -7.597675
v -9.060752 28.875103 -0.047160
v -8.576222 31.354790 4.262022
v -0.361620 37.951576 6.224514
v 4.922181 48.024117 8.705589
v 7.959715 56.569126 3.427940
v 7.643985 55.693100 4.359616
v 8.683869 56.545849 2.809282
v 14.495401 53.139557 -3.040731
v 15.302235 52.911182 -4.517496
v 10.059775 47.242619 -9.003868
v 6.806448 40.895859 -7.848537
v 12.686842 46.374325 -7.842726
v 6.718594 36.001881 -5.436034
v -5.066208 27.168129 -4.183681
v -7.097148 30.281364 4.714139
v 3.726557 48.659351 8.342216
v 15.155160 52.113426 -4.564022
v 11.353745 44.159714 -8.062684
v 7.969318 38.261177 -5.351473
v 7.594341 37.226028 -5.071562
v -3.913629 26.838352 -4.399442
v -6.919849 26.860291 -0.268417
v -8.450125 28.017616 1.080964
v -6.435023 28.143646 4.227534
v -1.364404 36.797321 5.622532
v 0.181936 39.679893 8.581727
v 0.795339 41.561771 9.082705
v 7.003937 52.573151 7.948044
v 9.956128 55.712494 4.927256
v 8.681226 53.772820 7.207630
v 14.163808 54.709019 1.334215
v 14.160414 49.012085 -3.608339
v 14.161984 53.468380 -0.959208
v 15.249405 47.171360 -4.665864
v 14.658427 47.079388 -5.805623
v 13.640594 46.491127 -6.696330
v 2.533805 29.009869 -4.865409
v 8.639689 39.564812 -6.783275
v 5.694022 46.347878 8.800952
v 6.741908 49.601467 8.464582
v 7.471904 51.507511 8.287732
v 10.888265 54.151112 7.007718
v 12.138737 42.648598 -6.548037
v 5.329172 31.786194 -5.305009
v 8.430648 35.845707 -5.104309
v 9.614876 39.019253 -5.960547
v -5.550227 25.315062 -0.769238
v -5.351918 27.346556 3.704679
v -4.239423 27.404799 4.338280
v -3.064508 25.134432 -3.963502
v 0.102366 34.223400 5.468781
v 4.317914 40.850513 8.654615
v 6.390440 42.810871 8.640274
v 10.481203 52.639431 7.639533
v 12.310155 54.918606 4.781378
v 12.036736 54.192963 6.399483
v 13.947069 54.478203 2.384990
v 9.945528 38.259220 -4.381215
v 10.961745 39.359776 -5.158060
v -4.832257 26.467640 2.908332
v -4.105319 24.613243 -2.847398
v 0.190681 30.820005 5.020209
v 4.667678 36.898029 5.587634
v 12.497460 49.720413 7.293940
v 12.712541 52.759872 6.825820
v 14.514689 53.098572 3.382657
v 14.271821 46.588326 -3.343217
v 13.841763 44.093643 -4.297594
v 12.711562 42.675724 -4.465952
v 14.604467 45.545242 -4.349919
v 8.228445 33.525227 -4.809955
v 7.794228 31.083290 -4.819432
v 10.380244 36.986706 -3.032578
v -2.363371 23.990364 -3.069147
v 11.401780 39.414772 -2.885073
v -4.121712 23.999411 -1.909671
v -3.834570 23.817097 0.696643
v -2.814031 29.616295 4.690031
v 4.577761 38.241825 6.107138
v 6.937687 39.497143 7.470040
v 14.185078 52.259621 5.792428
v 14.166603 45.425495 -1.747252
v 14.148571 44.180283 2.202638
v 14.213016 51.727364 3.279685
v 9.226933 33.573105 -4.132119
v 0.310247 26.312620 -4.667194
v 2.021273 25.113022 -4.243002
v 10.295217 38.386635 -0.146328
v -2.944803 23.343672 -1.825319
v -3.145056 23.684160 3.613456
v -3.288365 24.471266 3.856703
v 8.458360 35.445621 5.319635
v 13.889121 50.209641 6.511251
v 14.516475 51.658089 5.532557
v 14.048072 43.959591 -2.654895
v 14.276363 49.784668 3.618332
v 13.390118 42.549328 -0.495039
v 10.111312 34.255116 -2.825990
v 4.514779 26.546825 -4.285636
v 0.984644 24.088055 -3.438553
v -1.779390 23.201221 -1.681638
v 10.599760 36.964264 3.676330
v 7.403799 32.062527 4.864881
v 8.543185 38.534531 5.742887
v 9.414749 41.881653 7.789612
v 12.872727 44.651123 6.636156
v 14.748420 49.600296 5.687217
v 12.598060 41.692085 0.389593
v 10.336506 33.088707 -2.814160
v 10.479620 34.185516 1.284800
v 11.782777 40.216034 -0.699992
v -2.322441 22.980499 1.152698
v -1.931873 25.494448 4.440810
v 0.313200 28.756262 5.058117
v 8.464619 40.364361 7.622227
v 14.192397 46.135700 5.426450
v 10.819283 31.967289 -3.052358
v 9.898307 31.768900 -4.074178
v 7.633145 29.106392 -4.278854
v 2.929654 23.177326 -1.729748
v -0.642117 22.461834 1.847254
v 10.286005 38.442585 3.657837
v -0.852364 22.591225 3.111576
v 3.418380 30.632345 4.853555
v 8.659123 36.955647 5.219351
v 9.436209 39.621384 6.617353
v 10.646186 32.852943 1.714348
v 9.864085 30.758707 -3.434970
v 4.038332 24.536499 -3.279716
v 10.622215 39.773304 5.339586
v -0.302682 23.501335 3.928676
v 10.081329 36.545139 4.635970
v 9.963315 38.335678 4.877165
v 11.494228 40.961349 6.262751
v 12.711809 42.802185 4.919066
v 11.331423 31.656742 -0.099788
v 10.836494 30.586229 -1.490856
v 10.265467 34.117676 2.550144
v 9.101574 28.796535 -0.814219
v 7.727832 27.614794 -2.711402
v 5.247690 24.552786 -2.011981
v 5.916958 25.486315 -2.043144
v 4.252661 23.795393 -2.178572
v 1.415637 22.465425 3.068424
v -0.239662 25.320866 4.544356
v 4.809403 29.007015 4.908398
v 2.559441 22.847685 1.681098
v 3.416348 23.978136 3.370494
v 4.798923 26.469698 4.358489
v 7.011962 28.726671 4.876276
v 7.531593 30.433140 5.103868
v 9.078468 31.971872 4.420953
v 9.270437 33.352787 4.335553
v 10.823472 30.343645 0.713760
v 11.051039 31.318050 1.810664
v 9.945144 29.268333 1.879634
v 7.904153 27.232738 -0.722699
v 6.543181 26.659737 2.765067
v 3.904935 23.635412 1.806084
v 4.391193 25.233101 3.544121
v 10.440702 31.049362 3.038176
v 7.584088 27.753725 4.355852
v 9.143930 30.159918 4.637251
vn -0.3714 0.5979 -0.7103
vn -0.6336 0.2698 -0.7251
vn -0.8471 0.4511 -0.2810
vn -0.2524 0.9092 -0.3312
vn -0.5397 0.7673 -0.3463
vn -0.9892 -0.0863 0.1182
vn -0.9516 -0.0227 0.3064
vn -0.9069 -0.0826 0.4131
vn -0.1428 0.6659 -0.7323
vn -0.4483 -0.0843 -0.8899
vn -0.7061 -0.1790 -0.6851
vn -0.8746 0.4764 -0.0903
vn -0.4257 0.9030 0.0575
vn -0.8886 -0.0316 0.4576
vn -0.9919 0.1183 -0.0471
vn -0.9849 -0.1725 0.0107
vn -0.8668 0.4888 0.0985
vn -0.3142 0.2394 -0.9187
vn -0.1478 0.1553 -0.9767
vn -0.8560 -0.4226 -0.2979
vn -0.9601 -0.1693 0.2225
vn -0.2894 0.9567 0.0310
vn -0.2617 0.8819 -0.3921
vn -0.1671 0.9509 -0.2603
vn -0.2674 0.5935 -0.7591
vn -0.9709 -0.2011 0.1302
vn -0.9950 -0.0876 0.0489
vn -0.3737 0.9242 -0.0789
vn -0.4078 0.5301 -0.7434
vn -0.0775 0.3522 -0.9327
vn -0.1362 -0.0864 -0.9869
vn -0.3724 -0.2450 -0.8952
vn -0.6654 -0.3688 -0.6490
vn -0.8362 -0.4492 -0.3145
vn -0.9935 0.0064 -0.1138
vn -0.8762 0.3011 0.3763
vn -0.9998 -0.0175 -0.0066
vn -0.4393 0.5311 -0.7245
vn -0.2036 0.4911 -0.8470
vn -0.0847 0.2197 -0.9719
vn -0.0316 0.0937 -0.9951
vn -0.3570 -0.5072 -0.7844
vn -0.8842 -0.4521 -0.1174
vn -0.8673 0.4679 0.1695
vn -0.3483 0.9336 0.0836
vn -0.2654 0.8053 -0.5301
vn -0.1667 0.4060 -0.8985
vn -0.1978 -0.2559 -0.9462
vn -0.6385 -0.6059 -0.4746
vn -0.8431 -0.5089 -0.1736
vn -0.9937 -0.1118 -0.0015
vn -0.9794 0.0009 0.2019
vn -0.2080 0.9702 -0.1239
vn -0.2664 0.7436 -0.6133
vn -0.0419 0.0554 -0.9976
vn -0.9161 -0.3937 0.0757
vn -0.8324 -0.5533 0.0319
vn -0.5895 0.0956 0.8021
vn -0.4132 0.0661 0.9082
vn -0.1329 0.7466 -0.6519
vn 0.0910 0.4170 -0.9043
vn -0.8168 -0.2493 0.5202
vn -0.0087 0.9983 -0.0571
vn -0.1094 0.1694 -0.9794
vn 0.2229 0.4893 -0.8431
vn 0.1163 0.3081 -0.9442
vn -0.9369 -0.0746 -0.3415
vn -0.7875 -0.6161 0.0163
vn -0.7137 -0.6286 -0.3090
vn -0.8435 -0.5115 0.1641
vn -0.1392 0.0678 0.9879
vn -0.1393 0.3643 0.9208
vn 0.0275 0.9375 -0.3469
vn -0.0861 0.2631 -0.9609
vn 0.0127 -0.0535 -0.9985
vn -0.0004 -0.2312 -0.9729
vn 0.2595 0.5175 0.8154
vn 0.1198 0.6837 0.7198
vn -0.0890 0.8954 0.4362
vn 0.3603 0.6051 0.7099
vn 0.2651 0.8078 -0.5265
vn 0.2338 0.6742 -0.7006
vn 0.0210 0.3248 -0.9456
vn -0.9920 0.1023 -0.0734
vn -0.9176 0.0679 -0.3916
vn -0.9496 -0.2862 0.1279
vn -0.8325 -0.5390 0.1284
vn -0.5112 -0.1603 0.8444
vn -0.3084 -0.0268 0.9509
vn 0.0540 0.4113 0.9099
vn -0.1587 -0.1293 -0.9788
vn -0.9957 0.0013 -0.0921
vn 0.5247 0.5371 0.6604
vn 0.2780 0.6290 0.7260
vn -0.6864 -0.4884 0.5388
vn -0.3544 -0.2322 0.9058
vn 0.2266 0.4418 0.8680
vn 0.2178 0.4817 0.8488
vn -0.0115 0.8368 0.5474
vn 0.3521 0.6103 0.7096
vn 0.0605 0.9953 -0.0755
vn 0.2672 0.8862 -0.3785
vn 0.2878 0.9528 -0.0964
vn -0.1531 -0.0234 -0.9879
vn 0.0378 -0.0258 -0.9990
vn -0.0243 -0.3125 -0.9496
vn -0.0222 -0.3545 -0.9348
vn -0.1384 0.0553 -0.9888
vn -0.4060 -0.2086 -0.8897
vn 0.0235 -0.2095 -0.9775
vn -0.9582 0.2747 -0.0797
vn -0.9118 0.0104 -0.4104
vn -0.9945 0.0691 -0.0784
vn -0.9713 -0.0939 0.2184
vn 0.0910 0.5901 0.8022
vn 0.4192 0.6261 0.6575
vn 0.1186 0.3741 0.9198
vn -0.0174 0.9285 0.3709
vn -0.0812 0.8450 0.5285
vn 0.2454 0.2540 -0.9355
vn 0.1273 0.8823 -0.4531
vn 0.1917 0.6665 -0.7205
vn 0.2157 0.7300 -0.6486
vn -0.1850 -0.1462 -0.9718
vn -0.7947 -0.5710 0.2058
vn -0.7107 -0.3306 0.6210
vn 0.1583 0.6631 0.7316
vn -0.0637 0.1438 0.9876
vn -0.0031 0.5588 0.8293
vn 0.3698 0.8454 -0.3854
vn -0.1052 -0.2231 -0.9691
vn -0.8800 -0.1346 0.4555
vn -0.9856 -0.1390 0.0961
vn -0.2764 -0.4141 0.8672
vn -0.1953 -0.0669 0.9784
vn 0.0105 0.6962 0.7177
vn -0.0460 0.5021 0.8636
vn -0.2339 0.5135 0.8256
vn -0.2865 0.6091 0.7395
vn 0.3499 0.9177 -0.1883
vn 0.1586 0.4792 -0.8633
vn 0.1494 0.5345 -0.8318
vn 0.4669 0.5146 -0.7191
vn -0.0020 0.1645 -0.9864
vn -0.0132 -0.1601 -0.9870
vn -0.9805 -0.0439 0.1913
vn -0.8612 -0.4499 -0.2365
vn -0.7428 -0.1977 -0.6397
vn -0.3379 -0.6679 0.6631
vn -0.1754 -0.4789 0.8602
vn -0.0078 0.5789 0.8154
vn -0.2861 0.5699 0.7703
vn 0.3893 0.9210 -0.0117
vn 0.3609 0.9275 -0.0978
vn 0.2190 -0.0786 -0.9725
vn 0.0694 -0.2432 -0.9675
vn -0.0012 -0.0336 -0.9994
vn -0.0467 -0.0769 -0.9959
vn -0.4617 -0.3685 -0.8069
vn -0.4339 -0.1308 -0.8914
vn -0.9613 0.1992 0.1904
vn -0.8478 -0.4559 0.2709
vn -0.3110 0.6792 0.6648
vn -0.2242 0.6135 0.7572
vn -0.3646 0.6734 0.6431
vn 0.1950 0.9334 0.3013
vn 0.8490 0.5263 -0.0470
vn 0.9204 0.3808 -0.0883
vn 0.4821 0.0185 -0.8759
vn 0.2479 -0.2964 -0.9223
vn -0.1374 -0.3889 -0.9110
vn -0.1472 -0.4134 -0.8986
vn -0.7073 -0.6784 0.1988
vn -0.8171 -0.5742 -0.0515
vn -0.1899 -0.1153 0.9750
vn -0.0149 -0.6316 0.7752
vn -0.1462 -0.5115 0.8467
vn -0.2388 0.5021 0.8312
vn -0.1478 0.7530 0.6412
vn 0.4183 0.2072 -0.8844
vn 0.6220 -0.1557 -0.7673
vn -0.0336 -0.2071 -0.9777
vn 0.0862 0.0893 -0.9923
vn -0.0410 -0.1370 -0.9897
vn -0.1535 -0.1850 -0.9707
vn -0.6572 -0.2569 0.7086
vn -0.6572 -0.5732 -0.4894
vn 0.0161 0.1658 0.9860
vn -0.0030 0.2369 0.9715
vn 0.0398 0.8665 0.4977
vn 0.3281 0.9326 0.1504
vn -0.0751 -0.0617 -0.9953
vn 0.1336 -0.5333 -0.8353
vn -0.0335 -0.5543 -0.8316
vn 0.0535 -0.4747 -0.8785
vn -0.6521 -0.7369 0.1784
vn -0.5627 -0.7837 -0.2630
vn -0.0996 -0.1579 0.9824
vn 0.0261 -0.1538 0.9878
vn 0.1810 -0.0952 0.9789
vn 0.1463 0.0261 0.9889
vn 0.1248 0.8963 0.4255
vn 0.7694 0.6359 0.0608
vn 0.9201 -0.0009 0.3917
vn 0.9119 -0.1052 0.3967
vn 0.9391 -0.1220 0.3212
vn 0.4672 -0.3144 -0.8263
vn 0.8874 0.1443 -0.4379
vn 0.8160 -0.2354 -0.5279
vn 0.1915 -0.5917 -0.7831
vn -0.4239 -0.5768 0.6983
vn -0.2759 -0.2209 0.9355
vn -0.3440 -0.4223 -0.8387
vn -0.4881 -0.6501 -0.5823
vn -0.0023 -0.1040 0.9946
vn -0.0216 -0.2641 0.9642
vn 0.9937 -0.0872 0.0709
vn 0.7169 -0.4514 -0.5313
vn 0.9819 -0.1670 0.0888
vn 0.7584 -0.3788 -0.5304
vn 0.0635 -0.1165 -0.9912
vn -0.7637 -0.6455 0.0025
vn 0.0481 0.1043 0.9934
vn 0.0552 0.1616 0.9853
vn 0.1911 0.2251 0.9554
vn 0.3409 -0.6845 -0.6444
vn -0.0111 -0.2373 -0.9714
vn 0.7129 -0.5173 -0.4734
vn 0.3642 -0.0787 -0.9280
vn -0.2215 -0.3428 0.9129
vn 0.0530 -0.2189 0.9743
vn 0.3717 0.0087 0.9283
vn 0.8131 0.5452 0.2041
vn 0.4925 0.8083 0.3226
vn 0.8340 -0.5246 -0.1710
vn 0.8246 -0.4989 -0.2666
vn 0.9425 -0.3200 -0.0965
vn 0.2868 -0.1638 -0.9439
vn 0.0272 -0.1345 -0.9905
vn -0.2323 -0.5109 -0.8277
vn -0.2141 -0.3240 -0.9215
vn -0.1569 -0.7618 -0.6286
vn -0.3928 -0.7844 0.4800
vn -0.0681 -0.1217 0.9902
vn 0.0807 -0.6087 0.7893
vn 0.4877 0.3052 0.8179
vn 0.1824 0.6109 0.7704
vn 0.9520 0.0455 0.3028
vn 0.9984 -0.0320 0.0464
vn 0.9648 0.2331 0.1218
vn 0.9976 -0.0375 -0.0587
vn 0.0990 -0.4754 -0.8742
vn 0.9733 0.0121 -0.2291
vn 0.9646 -0.2632 0.0187
vn 0.6944 -0.5955 -0.4040
vn 0.8025 -0.5934 -0.0622
vn -0.6438 -0.7561 0.1173
vn -0.7017 -0.5751 0.4207
vn -0.4903 -0.3049 0.8165
vn 0.9128 -0.4054 -0.0492
vn 0.2382 -0.3481 -0.9067
vn 0.9762 0.0020 0.2169
vn -0.3103 -0.9060 -0.2880
vn 0.2869 -0.5392 0.7918
vn 0.3512 -0.2238 0.9092
vn 0.6205 0.0419 0.7831
vn 0.6595 -0.2506 0.7087
vn 0.9663 0.0729 0.2469
vn 0.9948 -0.0099 -0.1016
vn 0.8125 0.3032 0.4979
vn 0.7949 -0.6060 -0.0297
vn 0.8292 -0.5563 0.0544
vn -0.0803 -0.9471 -0.3106
vn 0.0115 -0.7606 -0.6492
vn -0.3639 -0.9315 0.0031
vn -0.5255 -0.6396 0.5611
vn -0.0156 -0.0676 0.9976
vn 0.1214 -0.0310 0.9921
vn 0.9610 -0.0320 0.2748
vn 0.9991 0.0386 0.0182
vn 0.9487 -0.0085 -0.3160
vn 0.4492 -0.4231 -0.7869
vn 0.6318 -0.1023 -0.7683
vn 0.3555 -0.6483 -0.6733
vn 0.9884 -0.0892 0.1228
vn -0.1955 -0.8836 0.4254
vn -0.1797 -0.2031 0.9625
vn 0.1579 -0.6589 0.7354
vn 0.8275 -0.5569 0.0708
vn 0.6800 -0.5193 -0.5176
vn 0.7065 -0.6403 0.3014
vn -0.1123 -0.9926 -0.0462
vn 0.2678 -0.0950 0.9588
vn 0.2642 -0.1146 0.9576
vn 0.8616 -0.4586 0.2175
vn 0.9138 -0.2019 0.3525
vn 0.7220 -0.6811 -0.1215
vn 0.8255 -0.5144 -0.2323
vn 0.6878 -0.6143 -0.3867
vn 0.7142 -0.6620 -0.2275
vn 0.7124 -0.6560 -0.2494
vn 0.4620 -0.8251 -0.3251
vn 0.2238 -0.9285 -0.2964
vn -0.0005 -0.4738 0.8806
vn 0.2042 -0.8714 0.4460
vn 0.7054 -0.5013 0.5012
vn 0.9454 -0.3148 0.0839
vn 0.9973 0.0702 -0.0222
vn 0.9081 0.0435 -0.4164
vn 0.9490 0.2021 0.2419
vn 0.9438 -0.1060 0.3131
vn 0.3981 -0.9144 0.0732
vn 0.0179 -0.2628 0.9647
vn 0.4466 -0.5765 0.6842
vn 0.9504 -0.0738 0.3020
vn 0.1389 -0.0104 0.9902
vn 0.0210 -0.0317 0.9993
vn 0.8657 -0.1370 0.4815
vn 0.7645 -0.6217 0.1705
vn 0.8537 -0.5193 0.0389
vn 0.6989 -0.7143 -0.0358
vn 0.5851 -0.7817 0.2158
vn 0.5096 -0.6216 0.5949
vn 0.4875 -0.6219 0.6128
vn 0.1329 -0.2456 0.9602
vn 0.2649 -0.4836 0.8343
vn 0.5875 0.0469 0.8079
vn 0.6181 -0.2051 0.7589
vn 0.1291 -0.3048 0.9436
vn 0.4760 0.6488 0.5937
vn -0.4817 0.8508 0.2099
vn -0.3930 0.6027 0.6945
vn -0.2512 0.9401 0.2303
vn -0.3946 0.9185 0.0237
vn -0.1972 0.8813 0.4295
vn -0.8344 -0.5504 -0.0282
vn -0.1307 -0.4750 -0.8702
vn -0.6031 -0.0078 -0.7976
vn -0.0057 -0.5828 -0.8126
vn -0.6641 -0.1651 -0.7292
vn -0.9096 -0.1042 -0.4021
vn 0.0311 -0.6444 -0.7641
vn -0.3227 -0.1372 -0.9365
vn -0.0011 -0.5132 -0.8583
vn 0.2001 0.4018 -0.8936
vn -0.6638 -0.1184 0.7385
vn 0.5073 0.2383 -0.8282
vn -0.6018 -0.1802 0.7780
vn -0.1743 -0.1322 0.9758
vn -0.0053 -0.5691 0.8222
vn -0.0778 0.6490 0.7568
vn 0.3943 -0.0608 -0.9170
vn 0.6547 0.0108 -0.7558
vn 0.8882 0.3060 -0.3427
vn -0.0262 -0.0666 0.9974
vn 0.2906 -0.4296 0.8550
vn 0.4116 -0.5954 0.6900
vn 0.7376 -0.1283 0.6630
vn 0.7319 -0.3299 0.5962
vn -0.0076 -0.1079 0.9941
vn 0.7887 -0.0649 0.6113
vn 0.6593 -0.7279 0.1883
vt 0.151322 0.094879
vt 0.142471 0.075431
vt 0.156689 0.072598
vt 0.169646 0.094864
vt 0.169834 0.085449
vt 0.177399 0.057894
vt 0.165490 0.066465
vt 0.156271 0.056692
vt 0.151920 0.104165
vt 0.104555 0.084555
vt 0.109070 0.065776
vt 0.170814 0.075229
vt 0.185799 0.087361
vt 0.141075 0.047528
vt 0.146335 0.066597
vt 0.115020 0.054567
vt 0.193418 0.074749
vt 0.132024 0.093842
vt 0.120534 0.112218
vt 0.095476 0.052432
vt 0.106969 0.039638
vt 0.195864 0.100927
vt 0.175132 0.128044
vt 0.172944 0.109819
vt 0.147704 0.149385
vt 0.387669 0.682700
vt 0.355192 0.734696
vt 0.354331 0.685670
vt 0.189281 0.122285
vt 0.165575 0.135804
vt 0.129317 0.132992
vt 0.088350 0.114146
vt 0.087939 0.085056
vt 0.086818 0.074106
vt 0.075308 0.053441
vt 0.255505 0.063206
vt 0.256196 0.076183
vt 0.226989 0.065461
vt 0.156997 0.151212
vt 0.138162 0.151565
vt 0.128520 0.161461
vt 0.112027 0.138242
vt 0.033734 0.085677
vt 0.084743 0.025112
vt 0.071943 0.033493
vt 0.223998 0.078463
vt 0.215206 0.116936
vt 0.169663 0.150293
vt 0.146443 0.169387
vt 0.076445 0.100268
vt 0.034414 0.070560
vt 0.060384 0.043381
vt 0.397069 0.722315
vt 0.397635 0.694078
vt 0.268052 0.070308
vt 0.190944 0.143340
vt 0.159472 0.160237
vt 0.109831 0.166185
vt 0.288217 0.054751
vt 0.318070 0.032718
vt 0.305275 0.046579
vt 0.322972 0.004618
vt 0.050089 0.017155
vt 0.268424 0.079815
vt 0.271824 0.090466
vt 0.156033 0.169757
vt 0.146786 0.183906
vt 0.308383 0.067969
vt 0.192772 0.175071
vt 0.122398 0.179417
vt 0.140227 0.201986
vt 0.132709 0.188896
vt 0.972774 0.034188
vt 0.980303 0.014805
vt 0.983387 0.035100
vt 0.333182 0.052624
vt 0.339495 0.014665
vt 0.293284 0.132820
vt 0.260210 0.111992
vt 0.167551 0.183757
vt 0.119210 0.193178
vt 0.081000 0.146075
vt 0.060266 0.142663
vt 0.228623 0.144592
vt 0.219903 0.147519
vt 0.232301 0.121073
vt 0.235968 0.148551
vt 0.165536 0.202169
vt 0.155873 0.190763
vt 0.120255 0.209142
vt 0.957714 0.015160
vt 0.961461 0.036651
vt 0.967749 0.001245
vt 0.357128 0.059882
vt 0.313480 0.080283
vt 0.299635 0.094842
vt 0.263107 0.123534
vt 0.072782 0.179717
vt 0.939357 0.023892
vt 0.262622 0.140296
vt 0.260266 0.129411
vt 0.350907 0.078872
vt 0.343080 0.098187
vt 0.219438 0.168041
vt 0.231966 0.160170
vt 0.228686 0.169777
vt 0.255620 0.150321
vt 0.192358 0.200559
vt 0.177962 0.217798
vt 0.191142 0.219624
vt 0.099736 0.189192
vt 0.095566 0.227843
vt 0.051723 0.177863
vt 0.036615 0.130685
vt 0.961579 0.060469
vt 0.973964 0.051440
vt 0.970224 0.099362
vt 0.929424 0.024873
vt 0.924368 0.036703
vt 0.920202 0.025529
vt 0.620206 0.681415
vt 0.600988 0.688402
vt 0.599982 0.663450
vt 0.291224 0.162709
vt 0.274970 0.158813
vt 0.294012 0.152142
vt 0.210264 0.178882
vt 0.211301 0.148811
vt 0.211655 0.197725
vt 0.114809 0.246445
vt 0.166476 0.235031
vt 0.151105 0.219510
vt 0.154817 0.254908
vt 0.076151 0.193718
vt 0.598320 0.706410
vt 0.612503 0.709898
vt 0.749718 0.258156
vt 0.747505 0.269396
vt 0.730001 0.256555
vt 0.310881 0.155867
vt 0.722738 0.268934
vt 0.699129 0.256920
vt 0.165041 0.260635
vt 0.067514 0.206990
vt 0.641171 0.674251
vt 0.627802 0.666361
vt 0.358895 0.105652
vt 0.330984 0.126753
vt 0.753457 0.286121
vt 0.682550 0.303968
vt 0.695750 0.292170
vt 0.708762 0.303915
vt 0.229923 0.216757
vt 0.229277 0.198545
vt 0.183124 0.234694
vt 0.122270 0.227499
vt 0.133727 0.237197
vt 0.147683 0.266561
vt 0.957689 0.123850
vt 0.968870 0.125724
vt 0.914484 0.010542
vt 0.913963 0.033693
vt 0.923434 0.045006
vt 0.369704 0.096403
vt 0.607590 0.732674
vt 0.625139 0.724868
vt 0.296986 0.182395
vt 0.286084 0.180551
vt 0.733724 0.302987
vt 0.196176 0.236051
vt 0.176405 0.263936
vt 0.097656 0.251705
vt 0.064441 0.234647
vt 0.941428 0.124629
vt 0.933705 0.086980
vt 0.909310 0.059631
vt 0.925550 0.054373
vt 0.638884 0.659762
vt 0.651276 0.655966
vt 0.749342 0.303233
vt 0.760698 0.302788
vt 0.721537 0.326604
vt 0.210347 0.218330
vt 0.172027 0.278456
vt 0.156680 0.283395
vt 0.103834 0.265965
vt 0.069053 0.256656
vt 0.050977 0.218699
vt 0.036443 0.214856
vt 0.686036 0.642441
vt 0.649230 0.645299
vt 0.678451 0.631191
vt 0.635516 0.711141
vt 0.676088 0.769213
vt 0.367053 0.142322
vt 0.740499 0.326726
vt 0.245935 0.225790
vt 0.229929 0.229648
vt 0.124312 0.266803
vt 0.098002 0.277447
vt 0.967820 0.146778
vt 0.953923 0.177204
vt 0.904139 0.103339
vt 0.915034 0.074539
vt 0.665599 0.673621
vt 0.892972 0.031443
vt 0.899054 0.054813
vt 0.308409 0.189159
vt 0.293052 0.219208
vt 0.221459 0.231146
vt 0.212593 0.236405
vt 0.965469 0.184678
vt 0.975566 0.188657
vt 0.018101 0.216787
vt 0.038707 0.238886
vt 0.702366 0.636418
vt 0.873342 0.062086
vt 0.348155 0.155780
vt 0.350204 0.187879
vt 0.332525 0.237307
vt 0.308088 0.226515
vt 0.230935 0.245293
vt 0.205600 0.275542
vt 0.134051 0.316529
vt 0.153612 0.290586
vt 0.168650 0.288439
vt 0.075996 0.271142
vt 0.144902 0.285970
vt 0.109342 0.296871
vt 0.028656 0.259164
vt 0.694076 0.669519
vt 0.679619 0.679071
vt 0.889465 0.077407
vt 0.864824 0.081345
vt 0.698681 0.743477
vt 0.675999 0.752538
vt 0.191056 0.294842
vt 0.342374 0.738128
vt 0.366223 0.738451
vt 0.340305 0.763554
vt 0.063292 0.287136
vt 0.113780 0.307566
vt 0.100663 0.287614
vt 0.921336 0.161831
vt 0.741395 0.634850
vt 0.723812 0.639379
vt 0.281015 0.233707
vt 0.258975 0.231533
vt 0.266871 0.235201
vt 0.257773 0.252980
vt 0.021348 0.274362
vt 0.006503 0.244303
vt 0.881126 0.119627
vt 0.972645 0.209125
vt 0.953272 0.191983
vt 0.710066 0.678482
vt 0.721515 0.782236
vt 0.270360 0.271464
vt 0.215751 0.275497
vt 0.231083 0.261635
vt 0.060217 0.310093
vt 0.078151 0.314647
vt 0.093162 0.315057
vt 0.915235 0.181671
vt 0.902708 0.138776
vt 0.872972 0.092500
vt 0.885129 0.086973
vt 0.983490 0.200107
vt 0.860647 0.095990
vt 0.705589 0.669904
vt 0.702534 0.700215
vt 0.708113 0.794428
vt 0.249355 0.267204
vt 0.245728 0.251796
vt 0.341578 0.782239
vt 0.354043 0.791865
vt 0.227315 0.284250
vt 0.233075 0.297013
vt 0.869788 0.132679
vt 0.837586 0.806548
vt 0.838289 0.820478
vt 0.814810 0.820482
vt 0.985861 0.213505
vt 0.977995 0.227030
vt 0.736678 0.652161
vt 0.715712 0.664239
vt 0.729135 0.670322
vt 0.343629 0.793125
vt 0.319973 0.397164
vt 0.306138 0.400460
vt 0.316197 0.381258
vt 0.880075 0.153648
vt 0.778980 0.802497
vt 0.753312 0.639274
vt 0.747501 0.810781
vt 0.335175 0.264059
vt 0.262324 0.280769
vt 0.306319 0.288157
vt 0.250422 0.286403
vt 0.251887 0.303478
vt 0.246302 0.277780
vt 0.337005 0.391592
vt 0.326309 0.357416
vt 0.337245 0.348006
vt 0.761804 0.645534
vt 0.761966 0.628814
vt 0.788456 0.646335
vt 0.745704 0.659486
vt 0.734593 0.670060
vt 0.717128 0.719750
vt 0.759618 0.756035
vt 0.262312 0.290811
vt 0.802008 0.785179
vt 0.831272 0.781645
vt 0.897308 0.180854
vt 0.918426 0.197432
vt 0.862563 0.148493
vt 0.858736 0.123808
vt 0.774484 0.816827
vt 0.747831 0.673789
vt 0.730370 0.682595
vt 0.365480 0.250497
vt 0.381174 0.230382
vt 0.375203 0.275185
vt 0.356904 0.350654
vt 0.367478 0.371211
vt 0.906868 0.203124
vt 0.374290 0.305135
vt 0.380141 0.346780
vt 0.357577 0.291506
vt 0.753818 0.668304
vt 0.756503 0.785730
vt 0.753997 0.798367
vt 0.327408 0.305180
vt 0.291672 0.302045
vt 0.810923 0.731070
vt 0.836051 0.743103
vt 0.819869 0.747815
vt 0.889257 0.186369
vt 0.806247 0.668939
vt 0.806108 0.692545
vt 0.799721 0.682953
vt 0.794593 0.674020
vt 0.785374 0.667261
vt 0.745557 0.680649
vt 0.756811 0.681076
vt 0.338150 0.287462
vt 0.305856 0.332687
vt 0.810695 0.759017
vt 0.835175 0.756845
vt 0.796445 0.769586
vt 0.788237 0.780584
vt 0.821280 0.714150
vt 0.767577 0.682182
vt 0.739435 0.688838
vt 0.762907 0.692703
vt 0.793739 0.757383
vt 0.764583 0.745006
vt 0.739677 0.732649
vt 0.783654 0.755016
vt 0.793809 0.740771
vt 0.803505 0.749496
vt 0.805533 0.714689
vt 0.781760 0.715953
vt 0.765858 0.701208
vt 0.772817 0.729864
vt 0.766063 0.733723
vt 0.763157 0.709837
vt 0.771546 0.758955
vt 0.774587 0.746945
vt 0.354995 0.221947
vt 0.241598 0.259827
vt 0.341210 0.728103
vt 0.340030 0.714424
vt 0.342078 0.689457
vt 0.224516 0.091342
vt 0.392195 0.735919
vt 0.082505 0.011936
vt 0.248850 0.099641
vt 0.211821 0.136434
vt 0.197232 0.134889
vt 0.236842 0.106652
vt 0.029362 0.036067
vt 0.016548 0.040008
vt 0.019763 0.065444
vt 0.030419 0.111780
vt 0.016863 0.097419
vt 0.363227 0.012990
vt 0.962329 0.047807
vt 0.015825 0.134103
vt 0.948266 0.048068
vt 0.945700 0.037160
vt 0.375883 0.017800
vt 0.986613 0.072080
vt 0.981292 0.101274
vt 0.947642 0.059088
vt 0.685444 0.279950
vt 0.014758 0.177164
vt 0.946370 0.003076
vt 0.935539 0.004922
vt 0.380101 0.046891
vt 0.372651 0.063809
vt 0.701664 0.245382
vt 0.142400 0.254981
vt 0.924923 0.007307
vt 0.275224 0.168638
vt 0.003153 0.147034
vt 0.626784 0.696864
vt 0.592687 0.726306
vt 0.760698 0.269442
vt 0.139783 0.271171
vt 0.645917 0.685673
vt 0.651389 0.699771
vt 0.000346 0.181535
vt 0.282775 0.205816
vt 0.640503 0.757647
vt 0.002197 0.209634
vt 0.369650 0.184194
vt 0.384343 0.182354
vt 0.249042 0.240500
vt 0.026459 0.291314
vt 0.110186 0.324503
vt 0.023162 0.310832
vt 0.933667 0.189188
vt 0.932628 0.199900
vt 0.745737 0.623544
vt 0.384515 0.791508
vt 0.395723 0.741398
vt 0.395178 0.754322
vt 0.957533 0.216028
vt 0.937662 0.211126
vt 0.388686 0.373385
vt 0.300164 0.374363
vt 0.927157 0.209861
vt 0.726887 0.709068
vt 0.353073 0.261308
vt 0.916996 0.208636
vt 0.395468 0.776370
vt 0.831487 0.769065
vt 0.357801 0.274846
vt 0.766612 0.798539
vt 0.762666 0.814137
vt 0.372735 0.291814
vt 0.752501 0.727932
vt 0.772308 0.770987
vt 0.771650 0.689339
vt 0.984947 0.049273
vt 0.219907 0.189005
s 1
usemtl STONE
f 1065/1220/1084 1066/1221/1085 1064/1222/1086
f 1072/1223/1087 1065/1220/1084 1068/1224/1088
f 1076/1225/1089 1071/1226/1090 1070/1227/1091
f 1072/1223/1087 1073/1228/1092 1065/1220/1084
f 1066/1221/1085 1074/1229/1093 1078/1230/1094
f 1067/1231/1095 1080/1232/1096 1068/1224/1088
f 1075/1233/1097 1069/1234/1098 1079/1235/1099
f 1067/1231/1095 1076/1225/1089 1083/1236/1100
f 1080/1232/1096 1067/1231/1095 1083/1236/1100
f 1077/1237/1101 1082/1238/1102 1074/1229/1093
f 1078/1230/1094 1087/1239/1103 1079/1235/1099
f 1079/1235/1099 1088/1240/1104 1075/1233/1097
f 1090/1241/1105 1080/1232/1096 1083/1236/1100
f 1084/1242/1106 1073/1228/1092 1081/1243/1107
f 1084/1242/1106 1085/1244/1108 1073/1228/1092
f 1096/1245/1109 1076/1246/1089 1095/1247/1110
f 1099/1248/1111 1081/1243/1107 1090/1241/1105
f 1085/1244/1108 1084/1242/1106 1101/1249/1112
f 1082/1238/1102 1077/1237/1101 1102/1250/1113
f 1074/1229/1093 1092/1251/1114 1093/1252/1115
f 1087/1239/1103 1086/1253/1116 1094/1254/1117
f 1098/1255/1118 1105/1256/1119 1089/1257/1120
f 1081/1243/1107 1099/1248/1111 1084/1242/1106
f 1085/1244/1108 1101/1249/1112 1107/1258/1121
f 1091/1259/1122 1108/1260/1123 1102/1250/1113
f 1102/1250/1113 1109/1261/1124 1082/1238/1102
f 1086/1253/1116 1093/1252/1115 1111/1262/1125
f 1068/1224/1088 1065/1220/1084 1064/1222/1086 1067/1231/1095
f 1095/1263/1110 1088/1240/1104 1104/1264/1126
f 1097/1265/1127 1089/1257/1120 1105/1256/1119
f 1090/1241/1105 1100/1266/1128 1099/1248/1111
f 1113/1267/1129 1101/1249/1112 1084/1242/1106
f 1107/1258/1121 1101/1249/1112 1113/1267/1129
f 1085/1244/1108 1116/1268/1130 1091/1259/1122
f 1110/1269/1131 1111/1262/1125 1093/1252/1115
f 1117/1270/1132 1103/1271/1133 1094/1254/1117
f 1098/1272/1118 1096/1245/1109 1118/1273/1134
f 1098/1255/1118 1119/1274/1135 1105/1256/1119
f 1084/1242/1106 1112/1275/1136 1113/1267/1129
f 1115/1276/1137 1107/1258/1121 1113/1267/1129
f 1108/1260/1123 1124/1277/1138 1109/1261/1124
f 1111/1262/1125 1117/1270/1132 1086/1253/1116
f 1119/1274/1135 1098/1255/1118 1118/1278/1134
f 1128/1279/1139 1096/1280/1109 1104/1281/1126
f 1129/1282/1140 1104/1264/1126 1103/1271/1133
f 1120/1283/1141 1130/1284/1142 1105/1256/1119
f 1116/1268/1130 1123/1285/1143 1125/1286/1144
f 1120/1283/1141 1119/1274/1135 1138/1287/1145
f 1140/1288/1146 1113/1267/1129 1112/1275/1136
f 1133/1289/1147 1124/1277/1138 1108/1260/1123
f 1143/1290/1148 1134/1291/1149 1125/1286/1144
f 1146/1292/1150 1136/1293/1151 1135/1294/1152
f 1119/1274/1135 1118/1278/1134 1138/1287/1145
f 1147/1295/1153 1128/1279/1139 1129/1296/1140
f 1130/1284/1142 1189/1297/1154 1137/1298/1155
f 1113/1267/1129 1140/1288/1146 1141/1299/1156
f 1134/1291/1149 1143/1290/1148 1151/1300/1157
f 1126/1301/1158 1109/1261/1124 1124/1277/1138
f 1126/1301/1158 1144/1302/1159 1092/1251/1114
f 1138/1287/1145 1118/1278/1134 1096/1280/1109
f 1150/1303/1160 1148/1304/1161 1132/1305/1162
f 1150/1303/1160 1132/1305/1162 1156/1306/1163
f 1157/1307/1164 1142/1308/1165 1141/1299/1156
f 1157/1307/1164 1143/1290/1148 1142/1308/1165
f 1151/1300/1157 1143/1290/1148 1158/1309/1166
f 1165/1310/1167 1146/1292/1150 1153/1311/1168
f 1136/1293/1151 1146/1292/1150 1166/1312/1169
f 1154/1313/1170 1147/1295/1153 1129/1296/1140
f 1147/1295/1153 1138/1287/1145 1128/1279/1139
f 1130/1284/1142 1155/1314/1171 1175/1315/1172
f 1137/1298/1155 1189/1297/1154 1176/1316/1173
f 1168/1317/1174 1126/1301/1158 1124/1277/1138
f 1164/1318/1175 1165/1310/1167 1153/1311/1168
f 1174/1319/1176 1156/1306/1163 1139/1320/1177
f 1138/1287/1145 1147/1295/1153 1186/1321/1178
f 1175/1315/1172 1155/1314/1171 1188/1322/1179
f 1178/1323/1180 1177/1324/1181 1190/1325/1182
f 1202/1326/1183 1156/1306/1163 1174/1319/1176
f 1167/1327/1184 1192/1328/1185 1141/1299/1156
f 1192/1328/1185 1167/1327/1184 1214/1329/1186
f 1159/1330/1187 1158/1309/1166 1217/1331/1188
f 1144/1302/1159 1179/1332/1189 1160/1333/1190
f 1171/1334/1191 1152/1335/1192 1181/1336/1193
f 1184/1337/1194 1183/1338/1195 1199/1339/1196
f 1185/1340/1197 1166/1341/1169 1165/1342/1167
f 1186/1321/1178 1188/1322/1179 1155/1314/1171
f 1204/1343/1198 1187/1344/1199 1173/1345/1200
f 1178/1323/1180 1190/1346/1182 1149/1347/1201
f 1228/1348/1202 1167/1327/1184 1140/1288/1146
f 1217/1331/1188 1158/1309/1166 1205/1349/1203
f 1193/1350/1204 1169/1351/1205 1192/1328/1185
f 1169/1351/1205 1193/1350/1204 1196/1352/1206
f 1217/1331/1188 1195/1353/1207 1159/1330/1187
f 1201/1354/1208 1166/1341/1169 1210/1355/1209
f 1187/1356/1199 1211/1357/1210 1202/1358/1183
f 1173/1345/1200 1189/1297/1154 1212/1359/1211
f 1191/1360/1212 1202/1358/1183 1211/1357/1210
f 1191/1360/1212 1177/1361/1181 1202/1358/1183
f 1216/1362/1213 1196/1352/1206 1193/1350/1204
f 1195/1353/1207 1217/1331/1188 1218/1363/1214
f 1195/1353/1207 1179/1332/1189 1168/1317/1174
f 1222/1364/1215 1185/1340/1197 1200/1365/1216
f 1225/1366/1217 1188/1322/1179 1186/1321/1178
f 1188/1322/1179 1203/1367/1218 1175/1315/1172
f 1211/1357/1210 1226/1368/1219 1191/1360/1212
f 1228/1369/1202 1213/1370/1220 1227/1371/1221
f 1251/1372/1222 1228/1348/1202 1227/1373/1221
f 1214/1329/1186 1215/1374/1223 1192/1328/1185
f 1205/1349/1203 1194/1375/1224 1170/1376/1225
f 1216/1362/1213 1219/1377/1226 1196/1352/1206
f 1207/1378/1227 1181/1336/1193 1220/1379/1228
f 1246/1380/1229 1199/1339/1196 1233/1381/1230
f 1198/1382/1231 1233/1381/1230 1183/1338/1195
f 1186/1321/1178 1224/1383/1232 1225/1366/1217
f 1224/1384/1232 1210/1355/1209 1236/1385/1233
f 1212/1359/1211 1204/1343/1198 1173/1345/1200
f 1204/1343/1198 1240/1386/1234 1226/1387/1219
f 1227/1371/1221 1213/1370/1220 1238/1388/1235
f 1214/1329/1186 1253/1389/1236 1215/1374/1223
f 1242/1390/1237 1216/1362/1213 1215/1374/1223
f 1205/1349/1203 1272/1391/1238 1217/1331/1188
f 1218/1363/1214 1217/1331/1188 1243/1392/1239
f 1207/1378/1227 1245/1393/1240 1221/1394/1241
f 1232/1395/1242 1198/1382/1231 1208/1396/1243
f 1209/1397/1244 1234/1398/1245 1222/1364/1215
f 1249/1399/1246 1238/1388/1235 1226/1368/1219
f 1226/1368/1219 1278/1400/1247 1249/1399/1246
f 1238/1388/1235 1252/1401/1248 1227/1371/1221
f 1214/1329/1186 1241/1402/1249 1253/1389/1236
f 1253/1389/1236 1242/1390/1237 1215/1374/1223
f 1216/1362/1213 1254/1403/1250 1271/1404/1251
f 1205/1349/1203 1255/1405/1252 1272/1391/1238
f 1256/1406/1253 1217/1331/1188 1272/1391/1238
f 1243/1392/1239 1244/1407/1254 1218/1363/1214
f 1244/1407/1254 1262/1408/1255 1218/1363/1214
f 1285/1409/1256 1246/1410/1229 1263/1411/1257
f 1236/1385/1233 1237/1412/1258 1265/1413/1259
f 1225/1366/1217 1224/1383/1232 1248/1414/1260
f 1252/1401/1248 1238/1388/1235 1290/1415/1261
f 1252/1416/1248 1268/1417/1262 1251/1372/1222
f 1242/1390/1237 1254/1403/1250 1216/1362/1213
f 1229/1418/1263 1274/1419/1264 1255/1405/1252
f 1258/1420/1265 1275/1421/1266 1207/1378/1227
f 1245/1393/1240 1259/1422/1267 1221/1394/1241
f 1259/1422/1267 1231/1423/1268 1221/1394/1241
f 1264/1424/1269 1246/1410/1229 1285/1409/1256
f 1263/1425/1257 1233/1381/1230 1260/1426/1270
f 1250/1427/1271 1266/1428/1272 1240/1386/1234
f 1241/1402/1249 1267/1429/1273 1269/1430/1274
f 1282/1431/1275 1258/1420/1265 1281/1432/1276
f 1261/1433/1277 1262/1408/1255 1273/1434/1278
f 1263/1411/1257 1284/1435/1279 1285/1409/1256
f 1260/1426/1270 1338/1436/1280 1263/1425/1257
f 1250/1427/1271 1239/1437/1281 1289/1438/1282
f 1250/1427/1271 1315/1439/1283 1301/1440/1284
f 1268/1417/1262 1291/1441/1285 1267/1429/1273
f 1252/1416/1248 1291/1441/1285 1268/1417/1262
f 1291/1441/1285 1269/1430/1274 1267/1429/1273
f 1293/1442/1286 1242/1390/1237 1269/1430/1274
f 1242/1390/1237 1293/1442/1286 1254/1403/1250
f 1294/1443/1287 1279/1444/1288 1270/1445/1289
f 1272/1391/1238 1280/1446/1290 1256/1406/1253
f 1274/1419/1264 1257/1447/1291 1297/1448/1292
f 1273/1434/1278 1256/1406/1253 1300/1449/1293
f 1286/1450/1294 1264/1424/1269 1285/1409/1256
f 1277/1451/1295 1264/1424/1269 1286/1450/1294
f 1276/1452/1296 1323/1453/1297 1260/1426/1270
f 1237/1412/1258 1313/1454/1298 1287/1455/1299
f 1295/1456/1300 1254/1403/1250 1293/1442/1286
f 1270/1457/1289 1295/1458/1300 1294/1459/1287
f 1280/1446/1290 1274/1419/1264 1305/1460/1301
f 1257/1447/1291 1296/1461/1302 1297/1448/1292
f 1297/1448/1292 1298/1462/1303 1274/1419/1264
f 1306/1463/1304 1245/1393/1240 1275/1421/1266
f 1338/1464/1280 1309/1465/1305 1284/1435/1279
f 1338/1436/1280 1260/1426/1270 1323/1453/1297
f 1315/1439/1283 1250/1427/1271 1289/1438/1282
f 1266/1428/1272 1301/1440/1284 1302/1466/1306
f 1290/1467/1261 1303/1468/1307 1316/1469/1308
f 1300/1449/1293 1308/1470/1309 1281/1471/1276
f 1348/1472/1310 1259/1422/1267 1245/1393/1240
f 1281/1432/1276 1320/1473/1311 1307/1474/1312
f 1286/1450/1294 1311/1475/1313 1277/1451/1295
f 1265/1413/1259 1287/1455/1299 1325/1476/1314
f 1316/1469/1308 1302/1466/1306 1326/1477/1315
f 1319/1478/1316 1293/1442/1286 1317/1479/1317
f 1331/1480/1318 1305/1460/1301 1330/1481/1319
f 1332/1482/1320 1297/1448/1292 1296/1461/1302
f 1306/1463/1304 1275/1421/1266 1334/1483/1321
f 1245/1393/1240 1299/1484/1322 1348/1472/1310
f 1312/1485/1323 1283/1486/1324 1348/1472/1310
f 1281/1432/1276 1308/1487/1309 1320/1473/1311
f 1312/1485/1323 1336/1488/1325 1323/1453/1297
f 1310/1489/1326 1311/1475/1313 1286/1450/1294
f 1277/1451/1295 1311/1475/1313 1340/1490/1327
f 1313/1454/1298 1277/1451/1295 1340/1490/1327
f 1325/1476/1314 1341/1491/1328 1265/1413/1259
f 1326/1477/1315 1302/1466/1306 1301/1440/1284
f 1316/1469/1308 1327/1492/1329 1304/1493/1330
f 1329/1494/1331 1294/1459/1287 1344/1495/1332
f 1328/1496/1333 1346/1497/1334 1295/1456/1300
f 1348/1472/1310 1349/1498/1335 1312/1485/1323
f 1335/1499/1336 1320/1500/1311 1350/1501/1337
f 1320/1473/1311 1321/1502/1338 1337/1503/1339
f 1339/1504/1340 1309/1465/1305 1338/1464/1280
f 1322/1505/1341 1311/1475/1313 1310/1489/1326
f 1340/1490/1327 1311/1475/1313 1353/1506/1342
f 1301/1440/1284 1315/1439/1283 1326/1477/1315
f 1327/1492/1329 1316/1469/1308 1326/1477/1315
f 1344/1495/1332 1332/1507/1320 1329/1494/1331
f 1330/1508/1319 1332/1509/1320 1357/1510/1343
f 1361/1511/1344 1299/1484/1322 1306/1463/1304
f 1350/1501/1337 1364/1512/1345 1335/1499/1336
f 1338/1464/1280 1351/1513/1346 1339/1504/1340
f 1341/1491/1328 1325/1476/1314 1366/1514/1347
f 1315/1439/1283 1367/1515/1348 1326/1477/1315
f 1355/1516/1349 1326/1477/1315 1368/1517/1350
f 1326/1477/1315 1355/1516/1349 1327/1492/1329
f 1356/1518/1351 1358/1519/1352 1346/1497/1334
f 1343/1520/1353 1327/1492/1329 1355/1516/1349
f 1331/1521/1318 1359/1522/1354 1370/1523/1355
f 1363/1524/1356 1336/1525/1325 1362/1526/1357
f 1339/1504/1340 1374/1527/1358 1352/1528/1359
f 1324/1529/1360 1365/1530/1361 1313/1454/1298
f 1355/1516/1349 1369/1531/1362 1356/1518/1351
f 1372/1532/1363 1360/1533/1364 1335/1499/1336
f 1381/1534/1365 1334/1483/1321 1380/1535/1366
f 1349/1498/1335 1391/1536/1367 1362/1537/1357
f 1364/1512/1345 1350/1501/1337 1384/1538/1368
f 1385/1539/1369 1352/1528/1359 1374/1527/1358
f 1352/1528/1359 1375/1540/1370 1353/1506/1342
f 1342/1541/1371 1341/1542/1328 1366/1543/1347
f 1370/1523/1355 1373/1544/1372 1337/1545/1339
f 1380/1535/1366 1390/1546/1373 1381/1534/1365
f 1384/1547/1368 1350/1548/1337 1392/1549/1374
f 1385/1539/1369 1374/1527/1358 1383/1550/1375
f 1325/1476/1314 1354/1551/1376 1387/1552/1377
f 1368/1517/1350 1397/1553/1378 1378/1554/1379
f 1401/1555/1380 1390/1556/1373 1399/1557/1381
f 1402/1558/1382 1381/1534/1365 1390/1546/1373
f 1391/1536/1367 1349/1498/1335 1361/1511/1344
f 1391/1536/1367 1361/1511/1344 1381/1534/1365
f 1391/1559/1367 1404/1560/1383 1403/1561/1384
f 1391/1559/1367 1405/1562/1385 1382/1563/1386
f 1385/1539/1369 1393/1564/1387 1352/1528/1359
f 1383/1550/1375 1382/1563/1386 1406/1565/1388
f 1397/1553/1378 1368/1517/1350 1396/1566/1389
f 1378/1554/1379 1397/1553/1378 1345/1567/1390
f 1398/1568/1391 1399/1557/1381 1379/1569/1392
f 1389/1570/1393 1372/1532/1363 1400/1571/1394
f 1400/1571/1394 1372/1532/1363 1364/1512/1345
f 1402/1572/1382 1390/1556/1373 1401/1555/1380
f 1381/1534/1365 1402/1558/1382 1391/1536/1367
f 1393/1564/1387 1385/1539/1369 1406/1565/1388
f 1409/1573/1395 1406/1565/1388 1382/1563/1386
f 1407/1574/1396 1393/1564/1387 1410/1575/1397
f 1398/1568/1391 1389/1570/1393 1417/1576/1398
f 1413/1577/1399 1365/1530/1361 1386/1578/1400
f 1389/1570/1393 1423/1579/1401 1417/1576/1398
f 1417/1576/1398 1418/1580/1402 1416/1581/1403
f 1402/1572/1382 1419/1582/1404 1404/1560/1383
f 1404/1560/1383 1419/1582/1404 1420/1583/1405
f 1403/1561/1384 1420/1583/1405 1422/1584/1406
f 1424/1585/1407 1412/1586/1408 1411/1587/1409
f 1423/1579/1401 1418/1580/1402 1417/1576/1398
f 1411/1587/1409 1420/1583/1405 1424/1585/1407
f 1423/1579/1401 1414/1588/1410 1425/1589/1411
f 1424/1585/1407 1420/1583/1405 1418/1580/1402
f 1424/1585/1407 1418/1580/1402 1425/1589/1411
f 1064/1222/1086 1066/1221/1085 1069/1234/1098
f 1064/1222/1086 1071/1226/1090 1067/1231/1095
f 1138/1287/1145 1186/1321/1178 1155/1314/1171
f 1199/1339/1196 1183/1338/1195 1233/1381/1230
f 1279/1444/1288 1257/1447/1291 1271/1404/1251
f 1254/1403/1250 1295/1456/1300 1270/1445/1289
f 1274/1419/1264 1298/1462/1303 1305/1460/1301
f 1289/1438/1282 1314/1590/1412 1315/1439/1283
f 1318/1591/1413 1327/1492/1329 1343/1520/1353
f 1343/1520/1353 1355/1516/1349 1356/1518/1351
f 1348/1472/1310 1361/1511/1344 1349/1498/1335
f 1070/1227/1091 1071/1226/1090 1064/1222/1086 1069/1234/1098
f 1065/1220/1084 1077/1237/1101 1066/1221/1085
f 1079/1235/1099 1069/1234/1098 1066/1221/1085 1078/1230/1094
f 1073/1228/1092 1077/1237/1101 1065/1220/1084
f 1069/1234/1098 1075/1233/1097 1070/1227/1091
f 1077/1237/1101 1074/1229/1093 1066/1221/1085
f 1076/1246/1089 1070/1592/1091 1075/1593/1097 1095/1247/1110
f 1086/1253/1116 1087/1239/1103 1078/1230/1094 1074/1229/1093
f 1067/1231/1095 1071/1226/1090 1076/1225/1089
f 1080/1232/1096 1072/1223/1087 1068/1224/1088
f 1072/1223/1087 1081/1243/1107 1073/1228/1092
f 1072/1223/1087 1080/1232/1096 1081/1243/1107
f 1073/1228/1092 1085/1244/1108 1102/1250/1113
f 1097/1265/1127 1083/1236/1100 1076/1225/1089 1089/1257/1120
f 1090/1241/1105 1081/1243/1107 1080/1232/1096
f 1091/1259/1122 1102/1250/1113 1085/1244/1108
f 1102/1250/1113 1077/1237/1101 1073/1228/1092
f 1074/1229/1093 1082/1238/1102 1092/1251/1114
f 1093/1252/1115 1086/1253/1116 1074/1229/1093
f 1088/1240/1104 1079/1235/1099 1087/1239/1103
f 1075/1593/1097 1088/1594/1104 1095/1247/1110
f 1100/1266/1128 1090/1241/1105 1083/1236/1100 1106/1595/1414
f 1083/1236/1100 1097/1265/1127 1106/1595/1414
f 1088/1240/1104 1087/1239/1103 1094/1254/1117 1104/1264/1126
f 1123/1285/1143 1116/1268/1130 1085/1244/1108 1115/1276/1137
f 1096/1245/1109 1089/1596/1120 1076/1246/1089
f 1093/1252/1115 1092/1251/1114 1110/1269/1131
f 1104/1264/1126 1094/1254/1117 1103/1271/1133
f 1098/1272/1118 1089/1596/1120 1096/1245/1109
f 1084/1242/1106 1099/1248/1111 1112/1275/1136
f 1085/1244/1108 1107/1258/1121 1115/1276/1137
f 1102/1250/1113 1108/1260/1123 1109/1261/1124
f 1109/1261/1124 1092/1251/1114 1082/1238/1102
f 1117/1270/1132 1094/1254/1117 1086/1253/1116
f 1104/1264/1126 1096/1597/1109 1095/1263/1110
f 1131/1598/1415 1097/1265/1127 1105/1256/1119
f 1105/1256/1119 1119/1274/1135 1120/1283/1141
f 1131/1598/1415 1106/1595/1414 1097/1265/1127
f 1099/1248/1111 1100/1266/1128 1121/1599/1416
f 1122/1600/1417 1112/1275/1136 1099/1248/1111
f 1114/1601/1418 1106/1595/1414 1131/1598/1415
f 1114/1601/1418 1132/1305/1162 1100/1266/1128 1106/1595/1414
f 1091/1259/1122 1116/1268/1130 1108/1260/1123
f 1092/1251/1114 1109/1261/1124 1126/1301/1158
f 1117/1270/1132 1127/1602/1419 1103/1271/1133
f 1105/1256/1119 1130/1284/1142 1131/1598/1415
f 1125/1286/1144 1133/1289/1147 1108/1260/1123 1116/1268/1130
f 1099/1248/1111 1121/1599/1416 1122/1600/1417
f 1136/1603/1151 1127/1602/1419 1117/1270/1132 1135/1604/1152
f 1139/1320/1177 1132/1305/1162 1114/1601/1418 1131/1598/1415
f 1103/1271/1133 1127/1602/1419 1129/1282/1140
f 1129/1296/1140 1128/1279/1139 1104/1281/1126
f 1130/1284/1142 1137/1298/1155 1131/1598/1415
f 1132/1305/1162 1121/1599/1416 1100/1266/1128
f 1115/1276/1137 1113/1267/1129 1141/1299/1156 1123/1285/1143
f 1121/1599/1416 1149/1347/1201 1112/1275/1136 1122/1600/1417
f 1125/1286/1144 1123/1285/1143 1142/1308/1165
f 1133/1289/1147 1125/1286/1144 1134/1291/1149
f 1092/1251/1114 1144/1302/1159 1110/1269/1131
f 1145/1605/1420 1111/1262/1125 1110/1269/1131
f 1135/1604/1152 1117/1270/1132 1111/1262/1125
f 1120/1283/1141 1138/1287/1145 1130/1284/1142
f 1137/1298/1155 1139/1320/1177 1131/1598/1415
f 1132/1305/1162 1148/1304/1161 1121/1599/1416
f 1110/1269/1131 1144/1302/1159 1160/1333/1190 1145/1605/1420
f 1141/1299/1156 1142/1308/1165 1123/1285/1143
f 1142/1308/1165 1143/1290/1148 1125/1286/1144
f 1133/1289/1147 1134/1291/1149 1151/1300/1157
f 1111/1262/1125 1145/1605/1420 1152/1606/1192
f 1129/1296/1140 1127/1607/1419 1154/1313/1170
f 1128/1279/1139 1138/1287/1145 1096/1280/1109
f 1155/1314/1171 1130/1284/1142 1138/1287/1145
f 1137/1298/1155 1176/1316/1173 1139/1320/1177
f 1132/1305/1162 1139/1320/1177 1156/1306/1163
f 1133/1289/1147 1151/1300/1157 1159/1330/1187
f 1124/1277/1138 1133/1289/1147 1159/1330/1187
f 1143/1290/1148 1157/1307/1164 1169/1351/1205
f 1146/1292/1150 1152/1335/1192 1162/1608/1421 1153/1311/1168
f 1145/1605/1420 1161/1609/1422 1152/1606/1192
f 1153/1311/1168 1162/1608/1421 1172/1610/1423 1163/1611/1424
f 1163/1611/1424 1164/1318/1175 1153/1311/1168
f 1154/1313/1170 1127/1607/1419 1136/1612/1151
f 1175/1315/1172 1189/1297/1154 1130/1284/1142
f 1149/1347/1201 1140/1288/1146 1112/1275/1136
f 1141/1299/1156 1140/1288/1146 1167/1327/1184
f 1158/1309/1166 1143/1290/1148 1170/1376/1225
f 1157/1307/1164 1192/1328/1185 1169/1351/1205
f 1124/1277/1138 1159/1330/1187 1168/1317/1174
f 1145/1605/1420 1160/1333/1190 1161/1609/1422
f 1171/1334/1191 1162/1608/1421 1152/1335/1192
f 1173/1345/1200 1174/1319/1176 1139/1320/1177 1176/1316/1173
f 1166/1312/1169 1146/1292/1150 1165/1310/1167
f 1178/1323/1180 1148/1304/1161 1150/1303/1160 1177/1324/1181
f 1152/1335/1192 1161/1613/1422 1180/1614/1425 1181/1336/1193
f 1149/1347/1201 1148/1304/1161 1178/1323/1180
f 1150/1303/1160 1156/1306/1163 1177/1324/1181
f 1141/1299/1156 1192/1328/1185 1157/1307/1164
f 1158/1309/1166 1170/1376/1225 1194/1375/1224
f 1158/1309/1166 1159/1330/1187 1151/1300/1157
f 1168/1317/1174 1144/1302/1159 1126/1301/1158
f 1172/1610/1423 1162/1608/1421 1171/1334/1191 1182/1615/1426
f 1164/1318/1175 1163/1611/1424 1183/1338/1195 1184/1337/1194
f 1198/1382/1231 1183/1338/1195 1163/1611/1424 1172/1610/1423
f 1174/1319/1176 1173/1345/1200 1187/1344/1199
f 1187/1344/1199 1202/1326/1183 1174/1319/1176
f 1149/1347/1201 1190/1346/1182 1140/1288/1146
f 1191/1360/1212 1190/1616/1182 1177/1361/1181
f 1158/1309/1166 1194/1375/1224 1205/1349/1203
f 1159/1330/1187 1195/1353/1207 1168/1317/1174
f 1144/1302/1159 1168/1317/1174 1179/1332/1189
f 1170/1376/1225 1169/1351/1205 1196/1352/1206
f 1160/1333/1190 1179/1332/1189 1197/1617/1427
f 1185/1618/1197 1165/1310/1167 1164/1318/1175 1200/1619/1216
f 1166/1620/1169 1201/1621/1208 1154/1313/1170 1136/1612/1151
f 1172/1610/1423 1182/1615/1426 1208/1396/1243 1198/1382/1231
f 1147/1295/1153 1154/1313/1170 1186/1321/1178
f 1175/1315/1172 1203/1367/1218 1189/1297/1154
f 1176/1316/1173 1189/1297/1154 1173/1345/1200
f 1228/1348/1202 1140/1288/1146 1190/1346/1182
f 1202/1358/1183 1177/1361/1181 1156/1622/1163
f 1196/1352/1206 1206/1623/1428 1170/1376/1225
f 1181/1336/1193 1207/1378/1227 1171/1334/1191
f 1197/1617/1427 1161/1609/1422 1160/1333/1190
f 1184/1337/1194 1209/1624/1244 1200/1619/1216 1164/1318/1175
f 1228/1348/1202 1241/1402/1249 1214/1329/1186 1167/1327/1184
f 1154/1313/1170 1201/1621/1208 1186/1321/1178
f 1204/1343/1198 1211/1625/1210 1187/1344/1199
f 1192/1328/1185 1215/1374/1223 1193/1350/1204
f 1209/1624/1244 1184/1337/1194 1199/1339/1196 1246/1380/1229
f 1196/1352/1206 1219/1377/1226 1206/1623/1428
f 1161/1609/1422 1197/1617/1427 1180/1626/1425
f 1220/1379/1228 1181/1336/1193 1180/1614/1425
f 1171/1334/1191 1207/1378/1227 1221/1394/1241
f 1166/1341/1169 1185/1340/1197 1223/1627/1429 1210/1355/1209
f 1201/1354/1208 1210/1355/1209 1224/1384/1232 1186/1628/1178
f 1221/1394/1241 1231/1423/1268 1208/1396/1243 1182/1615/1426
f 1212/1359/1211 1189/1297/1154 1203/1367/1218
f 1211/1357/1210 1204/1629/1198 1226/1368/1219
f 1191/1360/1212 1226/1368/1219 1190/1616/1182
f 1251/1372/1222 1268/1417/1262 1228/1348/1202
f 1215/1374/1223 1216/1362/1213 1193/1350/1204
f 1170/1376/1225 1206/1623/1428 1229/1418/1263
f 1219/1377/1226 1230/1630/1430 1206/1623/1428
f 1185/1340/1197 1222/1364/1215 1235/1631/1431 1223/1627/1429
f 1261/1433/1277 1197/1617/1427 1179/1332/1189
f 1209/1397/1244 1246/1410/1229 1234/1398/1245
f 1200/1365/1216 1209/1397/1244 1222/1364/1215
f 1237/1412/1258 1236/1385/1233 1210/1355/1209 1223/1627/1429
f 1226/1368/1219 1238/1388/1235 1213/1370/1220 1190/1616/1182
f 1188/1322/1179 1239/1437/1281 1203/1367/1218
f 1227/1371/1221 1252/1416/1248 1251/1372/1222
f 1195/1353/1207 1218/1363/1214 1262/1408/1255 1179/1332/1189
f 1268/1417/1262 1241/1402/1249 1228/1348/1202
f 1170/1376/1225 1229/1418/1263 1205/1349/1203
f 1223/1627/1429 1235/1631/1431 1247/1632/1432 1237/1412/1258
f 1229/1418/1263 1206/1623/1428 1230/1630/1430
f 1219/1377/1226 1216/1362/1213 1271/1404/1251
f 1220/1633/1228 1180/1626/1425 1197/1617/1427
f 1232/1395/1242 1208/1396/1243 1231/1423/1268
f 1262/1408/1255 1261/1433/1277 1179/1332/1189
f 1246/1380/1229 1233/1381/1230 1263/1425/1257
f 1188/1322/1179 1225/1366/1217 1248/1414/1260 1239/1437/1281
f 1212/1359/1211 1250/1427/1271 1240/1386/1234 1204/1343/1198
f 1290/1467/1261 1238/1388/1235 1249/1399/1246 1278/1634/1247
f 1257/1447/1291 1230/1630/1430 1219/1377/1226 1271/1404/1251
f 1198/1382/1231 1232/1395/1242 1260/1426/1270 1233/1381/1230
f 1207/1378/1227 1220/1379/1228 1258/1420/1265
f 1222/1364/1215 1234/1398/1245 1264/1424/1269 1235/1631/1431
f 1234/1398/1245 1246/1410/1229 1264/1424/1269
f 1224/1384/1232 1236/1385/1233 1265/1413/1259 1248/1635/1260
f 1278/1634/1247 1226/1387/1219 1240/1386/1234 1266/1428/1272
f 1239/1437/1281 1212/1359/1211 1203/1367/1218
f 1197/1617/1427 1261/1433/1277 1258/1636/1265 1220/1633/1228
f 1271/1404/1251 1254/1403/1250 1270/1445/1289
f 1205/1349/1203 1229/1418/1263 1255/1405/1252
f 1256/1406/1253 1243/1392/1239 1217/1331/1188
f 1243/1392/1239 1273/1434/1278 1244/1407/1254
f 1230/1630/1430 1257/1447/1291 1229/1418/1263
f 1277/1451/1295 1247/1632/1432 1235/1631/1431 1264/1424/1269
f 1231/1423/1268 1276/1452/1296 1232/1395/1242
f 1262/1408/1255 1244/1407/1254 1273/1434/1278
f 1259/1422/1267 1283/1486/1324 1276/1452/1296 1231/1423/1268
f 1250/1427/1271 1212/1359/1211 1239/1437/1281
f 1266/1428/1272 1250/1427/1271 1301/1440/1284
f 1241/1402/1249 1268/1417/1262 1267/1429/1273
f 1269/1430/1274 1253/1389/1236 1241/1402/1249
f 1269/1430/1274 1242/1390/1237 1253/1389/1236
f 1270/1445/1289 1279/1444/1288 1271/1404/1251
f 1272/1391/1238 1255/1405/1252 1280/1446/1290
f 1274/1419/1264 1229/1418/1263 1257/1447/1291
f 1207/1378/1227 1275/1421/1266 1245/1393/1240
f 1300/1449/1293 1256/1406/1253 1280/1446/1290 1308/1470/1309
f 1276/1452/1296 1260/1426/1270 1232/1395/1242
f 1237/1412/1258 1247/1632/1432 1313/1454/1298
f 1265/1413/1259 1237/1412/1258 1287/1455/1299
f 1248/1414/1260 1288/1637/1433 1239/1437/1281
f 1302/1466/1306 1278/1634/1247 1266/1428/1272
f 1273/1434/1278 1243/1392/1239 1256/1406/1253
f 1274/1419/1264 1280/1446/1290 1255/1405/1252
f 1257/1447/1291 1279/1444/1288 1296/1461/1302
f 1281/1471/1276 1258/1636/1265 1261/1433/1277
f 1258/1420/1265 1282/1431/1275 1275/1421/1266
f 1273/1434/1278 1300/1449/1293 1261/1433/1277
f 1263/1411/1257 1338/1464/1280 1284/1435/1279
f 1265/1638/1259 1288/1637/1433 1248/1414/1260
f 1289/1438/1282 1239/1437/1281 1288/1637/1433
f 1292/1639/1434 1252/1416/1248 1290/1467/1261
f 1291/1441/1285 1252/1416/1248 1292/1639/1434
f 1294/1443/1287 1296/1461/1302 1279/1444/1288
f 1261/1433/1277 1300/1449/1293 1281/1471/1276
f 1281/1432/1276 1307/1474/1312 1282/1431/1275
f 1284/1435/1279 1310/1489/1326 1286/1450/1294 1285/1409/1256
f 1283/1486/1324 1312/1485/1323 1323/1453/1297 1276/1452/1296
f 1317/1479/1317 1291/1441/1285 1304/1493/1330 1318/1591/1413
f 1290/1467/1261 1316/1469/1308 1292/1639/1434
f 1304/1493/1330 1291/1441/1285 1292/1639/1434
f 1269/1430/1274 1291/1441/1285 1317/1479/1317 1293/1442/1286
f 1321/1640/1338 1308/1470/1309 1280/1446/1290 1305/1460/1301
f 1306/1463/1304 1299/1484/1322 1245/1393/1240
f 1307/1474/1312 1275/1421/1266 1282/1431/1275
f 1259/1422/1267 1348/1472/1310 1283/1486/1324
f 1293/1442/1286 1319/1478/1316 1328/1496/1333 1295/1456/1300
f 1284/1435/1279 1322/1505/1341 1310/1489/1326
f 1313/1454/1298 1247/1632/1432 1277/1451/1295
f 1314/1590/1412 1289/1438/1282 1288/1637/1433
f 1316/1469/1308 1304/1493/1330 1292/1639/1434
f 1304/1493/1330 1327/1492/1329 1318/1591/1413
f 1298/1462/1303 1297/1448/1292 1330/1481/1319 1305/1460/1301
f 1296/1461/1302 1294/1443/1287 1329/1641/1331
f 1331/1480/1318 1337/1642/1339 1321/1640/1338 1305/1460/1301
f 1275/1421/1266 1307/1474/1312 1333/1643/1435
f 1309/1465/1305 1339/1504/1340 1322/1505/1341 1284/1435/1279
f 1319/1478/1316 1317/1479/1317 1343/1520/1353 1328/1496/1333
f 1325/1476/1314 1287/1455/1299 1313/1454/1298
f 1288/1637/1433 1342/1541/1371 1314/1590/1412
f 1316/1469/1308 1303/1468/1307 1302/1466/1306
f 1320/1473/1311 1347/1644/1436 1333/1643/1435 1307/1474/1312
f 1343/1520/1353 1317/1479/1317 1318/1591/1413
f 1332/1482/1320 1296/1461/1302 1329/1641/1331
f 1297/1448/1292 1332/1482/1320 1330/1481/1319
f 1351/1513/1346 1338/1464/1280 1323/1645/1297 1336/1525/1325
f 1333/1643/1435 1334/1483/1321 1275/1421/1266
f 1320/1473/1311 1308/1487/1309 1321/1502/1338
f 1342/1541/1371 1288/1637/1433 1265/1638/1259 1341/1542/1328
f 1322/1505/1341 1339/1504/1340 1352/1528/1359
f 1324/1529/1360 1313/1454/1298 1340/1490/1327
f 1313/1454/1298 1354/1551/1376 1325/1476/1314
f 1343/1520/1353 1356/1518/1351 1346/1497/1334 1328/1496/1333
f 1344/1495/1332 1294/1459/1287 1295/1458/1300 1345/1646/1390
f 1345/1646/1390 1295/1458/1300 1346/1647/1334 1358/1648/1352
f 1357/1510/1343 1359/1522/1354 1331/1521/1318 1330/1508/1319
f 1335/1649/1336 1360/1650/1364 1347/1644/1436 1320/1473/1311
f 1312/1485/1323 1349/1498/1335 1362/1537/1357 1336/1488/1325
f 1311/1475/1313 1322/1505/1341 1352/1528/1359 1353/1506/1342
f 1363/1524/1356 1351/1513/1346 1336/1525/1325
f 1350/1548/1337 1320/1651/1311 1337/1545/1339
f 1368/1517/1350 1378/1554/1379 1369/1531/1362 1355/1516/1349
f 1353/1506/1342 1375/1540/1370 1340/1490/1327
f 1313/1454/1298 1365/1530/1361 1354/1551/1376
f 1367/1515/1348 1368/1517/1350 1326/1477/1315
f 1356/1518/1351 1369/1531/1362 1358/1519/1352
f 1357/1510/1343 1332/1509/1320 1344/1652/1332
f 1360/1650/1364 1371/1653/1437 1347/1644/1436
f 1306/1463/1304 1334/1483/1321 1361/1511/1344
f 1361/1511/1344 1348/1472/1310 1299/1484/1322
f 1335/1499/1336 1364/1512/1345 1372/1532/1363
f 1337/1545/1339 1373/1544/1372 1350/1548/1337
f 1339/1504/1340 1351/1513/1346 1374/1527/1358
f 1376/1654/1438 1340/1490/1327 1375/1540/1370
f 1340/1490/1327 1376/1654/1438 1324/1529/1360
f 1314/1590/1412 1367/1515/1348 1315/1439/1283
f 1377/1655/1439 1314/1590/1412 1342/1541/1371
f 1380/1535/1366 1347/1644/1436 1371/1653/1437 1379/1656/1392
f 1358/1648/1352 1378/1657/1379 1345/1646/1390
f 1357/1510/1343 1344/1652/1332 1345/1567/1390
f 1363/1524/1356 1383/1550/1375 1374/1527/1358 1351/1513/1346
f 1382/1563/1386 1363/1524/1356 1362/1526/1357
f 1372/1532/1363 1389/1570/1393 1371/1658/1437 1360/1533/1364
f 1407/1574/1396 1376/1654/1438 1375/1540/1370
f 1324/1529/1360 1386/1578/1400 1365/1530/1361
f 1325/1476/1314 1387/1552/1377 1366/1514/1347
f 1367/1515/1348 1314/1590/1412 1377/1655/1439
f 1377/1655/1439 1342/1541/1371 1388/1659/1440
f 1359/1522/1354 1357/1510/1343 1345/1567/1390
f 1393/1564/1387 1407/1574/1396 1375/1540/1370 1352/1528/1359
f 1380/1535/1366 1379/1656/1392 1390/1546/1373
f 1362/1526/1357 1391/1559/1367 1382/1563/1386
f 1387/1552/1377 1394/1660/1441 1395/1661/1442 1366/1514/1347
f 1386/1578/1400 1324/1529/1360 1376/1654/1438
f 1371/1658/1437 1389/1570/1393 1398/1568/1391 1379/1569/1392
f 1367/1515/1348 1396/1566/1389 1368/1517/1350
f 1345/1567/1390 1370/1523/1355 1359/1522/1354
f 1392/1549/1374 1350/1548/1337 1373/1544/1372 1396/1566/1389
f 1399/1557/1381 1390/1556/1373 1379/1569/1392
f 1383/1550/1375 1363/1524/1356 1382/1563/1386
f 1384/1538/1368 1395/1661/1442 1394/1660/1441 1364/1512/1345
f 1395/1662/1442 1392/1549/1374 1388/1659/1440 1366/1543/1347
f 1383/1550/1375 1406/1565/1388 1385/1539/1369
f 1376/1654/1438 1408/1663/1443 1386/1578/1400
f 1387/1552/1377 1354/1551/1376 1394/1660/1441
f 1377/1655/1439 1388/1659/1440 1396/1566/1389 1367/1515/1348
f 1370/1523/1355 1397/1553/1378 1396/1566/1389 1373/1544/1372
f 1345/1567/1390 1397/1553/1378 1370/1523/1355
f 1364/1512/1345 1394/1660/1441 1415/1664/1444 1400/1571/1394
f 1403/1561/1384 1405/1562/1385 1391/1559/1367
f 1392/1549/1374 1395/1662/1442 1384/1547/1368
f 1408/1663/1443 1376/1654/1438 1411/1587/1409
f 1365/1530/1361 1414/1588/1410 1354/1551/1376
f 1415/1664/1444 1394/1660/1441 1354/1551/1376
f 1388/1659/1440 1392/1549/1374 1396/1566/1389
f 1416/1581/1403 1399/1557/1381 1398/1568/1391
f 1401/1555/1380 1399/1557/1381 1416/1581/1403 1418/1580/1402
f 1409/1573/1395 1382/1563/1386 1405/1562/1385 1421/1665/1445
f 1404/1560/1383 1391/1559/1367 1402/1572/1382
f 1403/1561/1384 1404/1560/1383 1420/1583/1405
f 1413/1577/1399 1425/1589/1411 1414/1588/1410 1365/1530/1361
f 1409/1573/1395 1410/1575/1397 1406/1565/1388
f 1406/1565/1388 1410/1575/1397 1393/1564/1387
f 1422/1584/1406 1407/1574/1396 1410/1575/1397
f 1407/1574/1396 1422/1584/1406 1411/1587/1409
f 1412/1586/1408 1408/1663/1443 1411/1587/1409
f 1413/1577/1399 1386/1578/1400 1408/1663/1443
f 1415/1664/1444 1354/1551/1376 1414/1588/1410
f 1416/1581/1403 1398/1568/1391 1417/1576/1398
f 1415/1664/1444 1389/1570/1393 1400/1571/1394
f 1402/1572/1382 1401/1555/1380 1419/1582/1404
f 1421/1665/1445 1405/1562/1385 1403/1561/1384
f 1409/1573/1395 1421/1665/1445 1410/1575/1397
f 1403/1561/1384 1422/1584/1406 1421/1665/1445
f 1413/1577/1399 1408/1663/1443 1412/1586/1408
f 1415/1664/1444 1414/1588/1410 1423/1579/1401 1389/1570/1393
f 1419/1582/1404 1401/1555/1380 1418/1580/1402 1420/1583/1405
f 1410/1575/1397 1421/1665/1445 1422/1584/1406
f 1411/1587/1409 1422/1584/1406 1420/1583/1405
f 1146/1292/1150 1135/1294/1152 1111/1666/1125 1152/1335/1192
f 1425/1589/1411 1418/1580/1402 1423/1579/1401
f 1302/1466/1306 1303/1468/1307 1290/1467/1261 1278/1634/1247
f 1149/1347/1201 1121/1599/1416 1148/1304/1161
f 1182/1615/1426 1171/1334/1191 1221/1394/1241
f 1228/1348/1202 1190/1346/1182 1213/1667/1220
f 1333/1643/1435 1347/1644/1436 1380/1535/1366 1334/1483/1321
f 1331/1521/1318 1370/1523/1355 1337/1545/1339
f 1412/1586/1408 1424/1585/1407 1425/1589/1411 1413/1577/1399
f 1369/1531/1362 1378/1554/1379 1358/1519/1352
f 1361/1511/1344 1334/1483/1321 1381/1534/1365
f 1342/1541/1371 1366/1543/1347 1388/1659/1440
f 1376/1654/1438 1407/1574/1396 1411/1587/1409
f 1169/1351/1205 1170/1376/1225 1143/1290/1148
