# Blender v2.90.1 OBJ File: 'CheshireCat.blend'
# www.blender.org
mtllib SK_CheshireCat.mtl
o SK_CHCat_Head_Neutral.001_SK_CHCat_Head_Neutral
v 0.041108 0.845312 0.991227
v 0.040946 0.846070 0.991227
v 0.056291 0.847382 0.996793
v 0.041140 0.844918 0.991893
v 0.056453 0.846623 0.996793
v 0.076199 0.848005 1.003281
v 0.076134 0.847240 1.003207
v 0.095562 0.846567 1.005843
v 0.095496 0.845802 1.005769
v 0.117122 0.842286 1.006032
v 0.116836 0.841565 1.005884
v 0.142543 0.832600 1.003370
v 0.116593 0.841113 1.006463
v 0.040816 0.846434 0.991893
v 0.040848 0.846040 0.992559
v 0.056193 0.847352 0.998126
v 0.056354 0.846593 0.998125
v 0.041010 0.845282 0.992559
v 0.056484 0.846229 0.997459
v 0.076032 0.846801 1.003832
v 0.095394 0.845363 1.006393
v 0.075995 0.847127 1.004530
v 0.095358 0.845689 1.007092
v 0.076061 0.847892 1.004604
v 0.056161 0.847746 0.997460
v 0.116635 0.841380 1.007190
v 0.095423 0.846454 1.007166
v 0.076163 0.848331 1.003980
v 0.056291 0.847382 0.996793
v 0.040946 0.846070 0.991227
v 0.116921 0.842100 1.007338
v 0.117164 0.842553 1.006759
v 0.095525 0.846893 1.006541
v 0.117122 0.842286 1.006032
v 0.095562 0.846567 1.005843
v 0.076199 0.848005 1.003281
v 0.092046 0.857327 0.977680
v 0.092219 0.856745 0.976548
v 0.112912 0.866149 0.981182
v 0.091505 0.858491 0.977727
v 0.112759 0.866731 0.982318
v 0.140126 0.874610 0.985951
v 0.091138 0.859072 0.976643
v 0.112258 0.867912 0.982370
v 0.140136 0.875156 0.987113
v 0.167197 0.877384 0.984655
v 0.091852 0.857327 0.975464
v 0.112566 0.866749 0.980102
v 0.139980 0.875335 0.984902
v 0.167050 0.878110 0.983606
v 0.197141 0.875397 0.977683
v 0.091311 0.858491 0.975512
v 0.112066 0.867929 0.980156
v 0.139844 0.876607 0.985015
v 0.166915 0.879381 0.983719
v 0.197403 0.876641 0.977861
v 0.233453 0.865319 0.966242
v 0.197042 0.874610 0.978693
v 0.197206 0.875067 0.979881
v 0.167207 0.877931 0.985818
v 0.139855 0.877153 0.986177
v 0.139844 0.876607 0.985015
v 0.112066 0.867929 0.980156
v 0.166926 0.879928 0.984881
v 0.166915 0.879381 0.983719
v 0.197567 0.877098 0.979050
v 0.197403 0.876641 0.977861
v 0.197468 0.876312 0.980059
v 0.167072 0.879202 0.985929
v 0.140001 0.876428 0.987226
v 0.111911 0.868511 0.981290
v 0.091311 0.858491 0.975512
v 0.118581 0.883907 0.952991
v 0.118552 0.883242 0.951683
v 0.146842 0.898290 0.948945
v 0.117982 0.885237 0.953151
v 0.146937 0.898948 0.950253
v 0.184730 0.910217 0.943438
v 0.117354 0.885902 0.952004
v 0.146470 0.900330 0.950414
v 0.184823 0.910876 0.944746
v 0.227282 0.914703 0.937131
v 0.117924 0.883907 0.950536
v 0.146282 0.899013 0.947798
v 0.184168 0.910940 0.942291
v 0.226768 0.915461 0.935984
v 0.262600 0.913182 0.924410
v 0.117325 0.885237 0.950696
v 0.145815 0.900395 0.947959
v 0.183702 0.912322 0.942451
v 0.226391 0.916870 0.936145
v 0.262728 0.914636 0.924571
v 0.295369 0.906732 0.910542
v 0.262824 0.912295 0.925557
v 0.263175 0.912861 0.926865
v 0.227418 0.915355 0.938439
v 0.183796 0.912980 0.943759
v 0.183702 0.912322 0.942451
v 0.145815 0.900395 0.947959
v 0.226527 0.917521 0.937453
v 0.226391 0.916870 0.936145
v 0.263078 0.915201 0.925878
v 0.262728 0.914636 0.924571
v 0.263301 0.914314 0.927026
v 0.227040 0.916764 0.938600
v 0.184357 0.912258 0.944906
v 0.145909 0.901054 0.949266
v 0.117325 0.885237 0.950696
v 0.163631 1.070568 0.746291
v 0.214273 1.044324 0.753504
v 0.168971 1.030038 0.739834
v 0.152047 1.022741 0.734788
v 0.126187 1.051710 0.729189
v 0.101010 1.072775 0.764797
v 0.139386 1.093740 0.780959
v 0.131577 1.096416 0.821673
v 0.177031 1.131122 0.835694
v 0.178452 1.112851 0.846869
v 0.207174 1.149785 0.839125
v 0.205791 1.136065 0.854326
v 0.228983 1.171132 0.843387
v 0.094535 1.077354 0.812592
v 0.152342 1.078250 0.837118
v 0.185289 1.099498 0.844913
v 0.214086 1.110963 0.853920
v 0.228073 1.159363 0.854316
v 0.238779 1.134865 0.851700
v 0.259616 1.191943 0.852216
v 0.122478 1.053543 0.833722
v 0.146111 1.034106 0.828414
v 0.172263 1.054392 0.833737
v 0.247380 1.198661 0.848427
v 0.268143 1.232500 0.858208
v 0.261304 1.238436 0.855709
v 0.266818 1.255730 0.864355
v 0.262514 1.260716 0.863119
v 0.255194 1.277442 0.866405
v 0.268279 1.261077 0.857786
v 0.272125 1.257237 0.856744
v 0.263423 1.207139 0.836224
v 0.250817 1.173407 0.826162
v 0.270088 1.237955 0.847666
v 0.278537 1.230468 0.842974
v 0.275828 1.194386 0.828359
v 0.268660 1.154156 0.809845
v 0.280126 1.224396 0.845431
v 0.278273 1.188857 0.834386
v 0.275050 1.135059 0.807366
v 0.239143 1.126623 0.792228
v 0.221670 1.152403 0.815415
v 0.264597 1.107387 0.797579
v 0.225713 1.088124 0.768753
v 0.208800 1.107802 0.771207
v 0.189608 1.139132 0.802960
v 0.237282 1.060724 0.769104
v 0.060788 0.923995 0.926341
v 0.089416 0.934528 0.917093
v 0.072891 0.933014 0.930327
v 0.109219 0.930283 0.923634
v 0.115960 0.936342 0.917059
v 0.119880 0.943789 0.909566
v 0.117493 0.950114 0.908544
v 0.121600 0.958553 0.913369
v 0.127452 0.953198 0.907255
v 0.129783 0.940857 0.901477
v 0.123385 0.933639 0.912073
v 0.114096 0.926859 0.922664
v 0.095448 0.917287 0.931530
v 0.091748 0.922432 0.932050
v 0.133302 0.928225 0.906565
v 0.118955 0.919477 0.920618
v 0.098833 0.910679 0.927104
v 0.074779 0.913981 0.932800
v 0.073472 0.919865 0.931069
v 0.061361 0.921708 0.926293
v 0.077132 0.906791 0.930296
v 0.051856 0.918123 0.928273
v 0.060667 0.909457 0.932678
v 0.080061 0.902420 0.937425
v 0.102559 0.906417 0.936186
v 0.058767 0.904084 0.941541
v 0.124889 0.911674 0.924417
v 0.109949 0.899775 0.942424
v 0.088425 0.898526 0.951426
v 0.062413 0.897699 0.954161
v 0.038734 0.911742 0.937808
v 0.068055 0.889582 0.961194
v 0.096458 0.892586 0.955599
v 0.077687 0.884890 0.970851
v 0.142035 0.917431 0.904723
v 0.132673 0.897305 0.928401
v 0.116929 0.892954 0.947178
v 0.101899 0.888006 0.961179
v 0.110123 0.877340 0.966653
v 0.087014 0.874452 0.979495
v 0.117112 0.857757 0.964844
v 0.123095 0.887278 0.953538
v 0.135034 0.886837 0.934491
v 0.131555 0.860205 0.949105
v 0.127823 0.877927 0.956174
v 0.135835 0.884122 0.943664
v 0.148761 0.877946 0.924166
v 0.150052 0.893926 0.916144
v 0.153535 0.918768 0.895212
v 0.142881 0.860821 0.939538
v 0.132881 0.844132 0.942590
v 0.139583 0.875195 0.943763
v 0.151015 0.868250 0.927993
v 0.149450 0.875504 0.930114
v 0.153195 0.867860 0.914355
v 0.162891 0.880133 0.886930
v 0.161895 0.897614 0.898351
v 0.182532 0.903233 0.896703
v 0.165330 0.928859 0.896381
v 0.188013 0.908207 0.893943
v 0.165359 0.883507 0.885915
v 0.209794 0.896405 0.868695
v 0.201473 0.918647 0.883555
v 0.183680 0.939059 0.891559
v 0.211407 0.926796 0.861578
v 0.218417 0.902936 0.847305
v 0.204955 0.868710 0.853135
v 0.210296 0.867625 0.835345
v 0.182838 0.822787 0.847526
v 0.181459 0.804650 0.824551
v 0.139915 0.783422 0.887862
v 0.200135 0.873643 0.777445
v 0.209575 0.867535 0.807162
v 0.195731 0.927168 0.772859
v 0.211389 0.922167 0.789356
v 0.217857 0.908368 0.817380
v 0.197042 0.950749 0.871890
v 0.212362 0.931870 0.832882
v 0.213668 0.936195 0.806121
v 0.196156 0.948170 0.787763
v 0.191547 0.930456 0.754738
v 0.190255 0.882972 0.767913
v 0.186012 0.874669 0.754779
v 0.169451 0.812371 0.788565
v 0.167970 0.974405 0.870475
v 0.176167 0.982960 0.819497
v 0.164969 1.007167 0.827815
v 0.202982 0.956225 0.843224
v 0.206536 0.953337 0.821392
v 0.190868 0.961981 0.810744
v 0.190942 0.960697 0.771485
v 0.139116 1.027995 0.836396
v 0.151037 1.022836 0.858980
v 0.164231 1.003565 0.858228
v 0.146111 1.034106 0.828414
v 0.162978 1.022799 0.812649
v 0.170565 1.007414 0.776444
v 0.180974 0.972470 0.746859
v 0.185507 0.930801 0.733713
v 0.164027 0.927497 0.705162
v 0.147312 1.018870 0.886917
v 0.124690 1.036931 0.867331
v 0.108538 1.047560 0.846208
v 0.122478 1.053543 0.833722
v 0.077046 1.065443 0.756450
v 0.101010 1.072775 0.764797
v 0.126187 1.051710 0.729189
v 0.072660 1.067949 0.809027
v 0.094535 1.077354 0.812592
v 0.152047 1.022741 0.734788
v 0.115663 1.011844 0.702392
v 0.096061 1.041040 0.718980
v 0.056351 1.068897 0.753254
v 0.055506 1.070556 0.806114
v 0.077081 1.054780 0.848975
v 0.090130 1.042772 0.876287
v 0.097368 1.032524 0.894625
v 0.071114 1.043231 0.881692
v 0.067882 1.036960 0.894795
v 0.030800 1.069103 0.803795
v 0.042746 1.056976 0.855790
v 0.034527 1.041430 0.893097
v 0.059775 1.024744 0.912253
v 0.091134 1.027416 0.911572
v 0.127077 1.029724 0.891204
v 0.030264 1.023287 0.915013
v 0.049602 1.009351 0.930537
v 0.077741 1.015182 0.932347
v 0.118205 1.023461 0.912589
v 0.135939 1.010902 0.912043
v 0.155653 1.001935 0.885941
v 0.144725 0.995601 0.911306
v 0.146491 0.979173 0.910996
v 0.156350 0.980490 0.891097
v 0.060788 0.999691 0.953651
v 0.102585 1.011587 0.934965
v 0.118243 0.999071 0.935991
v 0.126973 0.983686 0.934358
v 0.128557 0.969686 0.930942
v 0.121673 0.960495 0.927459
v 0.037854 0.993693 0.949432
v 0.022061 0.971101 0.966702
v 0.036901 0.973415 0.970185
v 0.078563 0.992745 0.957733
v 0.090215 0.978871 0.958663
v 0.096382 0.963547 0.954660
v 0.050128 0.965954 0.973752
v 0.060647 0.952566 0.972847
v 0.096773 0.952996 0.948149
v 0.067819 0.941037 0.964260
v 0.042906 0.931693 0.973986
v 0.031693 0.939823 0.979133
v 0.021551 0.945909 0.978132
v 0.051915 0.928318 0.964945
v 0.069768 0.933884 0.952156
v 0.093677 0.947478 0.941282
v 0.071238 0.932390 0.937247
v 0.054155 0.922324 0.931503
v 0.046229 0.917789 0.949706
v 0.031725 0.918842 0.964954
v 0.022344 0.924302 0.974116
v 0.089659 0.944659 0.933122
v 0.022495 0.910822 0.951419
v 0.017153 0.914102 0.965469
v 0.015573 0.929147 0.976449
v 0.013124 0.917244 0.971678
v 0.019744 0.906374 0.980090
v 0.014212 0.906549 0.984492
v 0.018562 0.893540 0.999619
v -0.000224 0.905971 0.986883
v -0.000224 0.892789 1.003206
v -0.019010 0.893540 0.999619
v -0.022302 0.879422 1.008014
v 0.021503 0.904647 0.971178
v 0.027787 0.892922 0.993520
v 0.021855 0.879422 1.008014
v -0.000224 0.875921 1.012525
v -0.021249 0.869295 0.998941
v -0.032468 0.882057 1.000447
v 0.032021 0.882057 1.000447
v 0.020801 0.869295 0.998941
v -0.000224 0.862035 1.003605
v -0.016112 0.856574 0.992890
v -0.036555 0.876325 0.992718
v -0.036203 0.872729 0.979597
v -0.034875 0.880951 0.968418
v -0.046238 0.881941 0.959364
v -0.040437 0.896106 0.955212
v -0.000224 0.851158 0.987227
v -0.015466 0.853125 0.994453
v -0.000224 0.846346 0.979172
v 0.015665 0.856574 0.992890
v 0.036107 0.876325 0.992718
v 0.032935 0.888691 0.982816
v 0.034427 0.880951 0.968418
v 0.023242 0.900880 0.962276
v 0.039699 0.894189 0.957607
v 0.043553 0.882990 0.961780
v 0.035464 0.872729 0.979597
v 0.050221 0.876961 0.980264
v 0.119853 0.840369 0.959137
v 0.097157 0.836070 0.974001
v 0.096873 0.822705 0.961182
v 0.093713 0.856888 0.979834
v 0.068869 0.853922 0.990304
v 0.060719 0.868712 0.989118
v 0.073537 0.833355 0.984035
v 0.036536 0.861804 0.993429
v 0.040396 0.848698 0.995991
v 0.043865 0.832625 0.990147
v 0.046281 0.819633 0.978363
v 0.075859 0.820614 0.970625
v 0.014642 0.844288 0.994643
v 0.015019 0.853125 0.994453
v -0.000224 0.839789 0.981362
v -0.015090 0.844288 0.994643
v -0.000224 0.831318 0.980536
v 0.016227 0.832609 0.990580
v 0.017910 0.823670 0.980794
v -0.000224 0.825728 0.973982
v -0.016675 0.832609 0.990580
v -0.041134 0.847336 0.995991
v -0.037275 0.861804 0.993429
v -0.069608 0.848869 0.990304
v -0.061457 0.867593 0.989118
v -0.086426 0.874767 0.980038
v -0.044603 0.831263 0.990147
v -0.018358 0.823670 0.980794
v -0.000224 0.830189 0.964964
v 0.016823 0.824130 0.968292
v -0.017271 0.824130 0.968292
v -0.047020 0.819633 0.978363
v -0.074276 0.834168 0.982571
v -0.076597 0.820614 0.969161
v -0.046734 0.817100 0.963350
v -0.098225 0.821267 0.939643
v -0.075017 0.817410 0.952193
v -0.121141 0.830363 0.942039
v -0.115651 0.828837 0.925807
v -0.101653 0.824731 0.956570
v -0.100476 0.834733 0.970447
v -0.095380 0.851761 0.979013
v -0.117738 0.853978 0.965679
v -0.110315 0.878327 0.968464
v -0.133717 0.842603 0.944549
v -0.127002 0.833940 0.933476
v -0.119042 0.837768 0.955590
v -0.146912 0.867471 0.929211
v -0.147075 0.858937 0.926109
v -0.144627 0.856456 0.940385
v -0.147160 0.850898 0.926456
v -0.143940 0.848271 0.934160
v -0.131675 0.853669 0.951479
v -0.162841 0.871324 0.891983
v -0.149733 0.866213 0.915538
v -0.143240 0.877996 0.924876
v -0.149308 0.857821 0.911261
v -0.144495 0.849965 0.911861
v -0.138810 0.842495 0.919595
v -0.152919 0.859722 0.893475
v -0.143436 0.850058 0.894494
v -0.134885 0.843093 0.896082
v -0.120443 0.831751 0.916105
v 0.150177 0.890978 0.962474
v 0.149815 0.891713 0.961258
v 0.180715 0.896564 0.959578
v 0.181049 0.895815 0.960795
v 0.216890 0.895294 0.955120
v 0.217225 0.894546 0.956337
v 0.254134 0.892560 0.947669
v 0.254062 0.891644 0.948813
v 0.150015 0.891609 0.963788
v 0.180911 0.896453 0.962110
v 0.217087 0.895183 0.957652
v 0.254215 0.892159 0.950178
v 0.301892 0.880562 0.933553
v 0.254360 0.893992 0.947890
v 0.254442 0.893592 0.950399
v 0.216614 0.896568 0.957749
v 0.180439 0.897838 0.962207
v 0.149489 0.892976 0.963886
v 0.107486 0.871876 0.968148
v 0.108104 0.870546 0.968094
v 0.107067 0.872541 0.966909
v 0.149127 0.893711 0.962669
v 0.180105 0.898587 0.960990
v 0.216279 0.897317 0.956533
v 0.254514 0.894509 0.949255
v 0.107265 0.871876 0.965616
v 0.149289 0.893079 0.961355
v 0.180243 0.897949 0.959675
v 0.216417 0.896679 0.955217
v 0.254360 0.893992 0.947890
v -0.000224 0.844060 0.943257
v 0.016823 0.824130 0.968292
v -0.000224 0.830189 0.964964
v 0.039281 0.834934 0.939864
v 0.045995 0.817100 0.963350
v -0.000224 0.940291 0.866559
v 0.074279 0.817411 0.952193
v 0.145625 0.858958 0.892154
v 0.133096 0.845718 0.891212
v 0.128060 0.890531 0.880688
v 0.115653 0.877794 0.897639
v 0.124558 0.835380 0.910147
v 0.114912 0.829355 0.925807
v 0.088239 0.860684 0.925357
v 0.097487 0.824175 0.939643
v 0.065398 0.855272 0.940846
v 0.036297 0.942589 0.859272
v 0.053722 0.948469 0.850478
v 0.029883 0.919602 0.737374
v -0.000225 0.920194 0.735550
v -0.000369 0.841095 0.754004
v 0.025688 0.840384 0.752791
v -0.000369 0.755203 0.828641
v 0.026049 0.762905 0.824901
v -0.000369 0.760910 0.934490
v 0.029804 0.762118 0.926465
v -0.000369 0.816538 0.971524
v 0.080330 0.948782 0.843691
v 0.084777 0.909056 0.734985
v 0.055601 0.922227 0.734555
v 0.049339 0.840504 0.747793
v 0.070554 0.770083 0.816500
v 0.142149 0.833959 0.775586
v 0.153188 0.884507 0.754609
v 0.074839 0.840122 0.746683
v 0.102305 0.787565 0.803046
v 0.076384 0.777945 0.909894
v 0.117301 0.796343 0.884525
v 0.170501 0.835425 0.837336
v 0.036938 0.815798 0.963701
v 0.083927 0.827185 0.943094
v 0.124609 0.839994 0.914849
v 0.159618 0.871224 0.876148
v 0.181667 0.882682 0.841543
v 0.148845 0.931803 0.777550
v 0.143535 0.914060 0.860122
v 0.123450 0.948843 0.833897
v 0.148758 0.900048 0.849815
v 0.167063 0.903723 0.840818
v 0.166279 0.884946 0.880266
v 0.165359 0.883507 0.885915
v 0.165768 0.882927 0.876234
v 0.163999 0.878606 0.875551
v 0.158218 0.874522 0.888640
v 0.162891 0.880133 0.886930
v 0.261962 0.982468 0.766626
v 0.264481 0.995799 0.733133
v 0.268741 0.989597 0.724114
v 0.269833 0.991026 0.769105
v 0.254291 0.995506 0.795437
v 0.272615 1.003779 0.740681
v 0.237131 1.014202 0.805938
v 0.246885 0.989623 0.796568
v 0.265705 0.974299 0.765953
v 0.280432 0.989768 0.720405
v 0.261755 1.027309 0.721965
v 0.253754 1.024155 0.714517
v 0.254520 1.024078 0.704279
v 0.263400 1.027118 0.699275
v 0.272072 1.030863 0.705565
v 0.242551 1.052900 0.725942
v 0.236188 1.052603 0.722546
v 0.235054 1.056133 0.717267
v 0.240135 1.059917 0.714980
v 0.246251 1.060018 0.718360
v 0.247417 1.056526 0.723854
v 0.271827 1.031236 0.718152
v 0.228209 1.062124 0.749967
v 0.222283 1.062661 0.748564
v 0.220168 1.067435 0.747019
v 0.223968 1.071795 0.746574
v 0.229873 1.071054 0.747687
v 0.231963 1.066276 0.749501
v 0.228209 1.062124 0.749967
v 0.242551 1.052900 0.725942
v 0.261755 1.027309 0.721965
v 0.287888 1.005461 0.738539
v 0.290404 0.996947 0.726438
v 0.285353 0.981185 0.770461
v 0.276593 0.973609 0.767508
v 0.255950 0.984770 0.805935
v 0.247996 0.984439 0.801907
v 0.230375 1.011165 0.808324
v 0.225476 1.035124 0.802210
v 0.229504 1.010062 0.814755
v 0.218697 1.033563 0.804484
v 0.214033 1.050358 0.793849
v 0.220120 1.050591 0.792431
v 0.215078 1.059453 0.774672
v 0.221298 1.058882 0.774523
v 0.228209 1.062124 0.749967
v 0.222283 1.062661 0.748564
v 0.272615 1.003779 0.740681
v 0.282985 0.990967 0.771921
v 0.263395 0.990380 0.805170
v 0.234904 1.011898 0.818629
v 0.216668 1.035600 0.809983
v 0.211641 1.053932 0.797620
v 0.212259 1.064413 0.776608
v 0.269833 0.991026 0.769105
v 0.263096 0.996111 0.799933
v 0.241409 1.014809 0.816287
v 0.221146 1.039105 0.813241
v 0.215236 1.057742 0.799926
v 0.215801 1.068910 0.778186
v 0.254291 0.995506 0.795437
v 0.242746 1.015997 0.810138
v 0.227950 1.040089 0.810980
v 0.221279 1.057753 0.798289
v 0.222203 1.068291 0.777190
v 0.237131 1.014202 0.805938
v 0.230315 1.038100 0.805626
v 0.223820 1.054155 0.794560
v 0.225058 1.063244 0.775475
v 0.225476 1.035124 0.802210
v 0.220120 1.050591 0.792431
v 0.221298 1.058882 0.774523
v 0.220168 1.067435 0.747019
v 0.223968 1.071795 0.746574
v 0.229873 1.071054 0.747687
v 0.231963 1.066276 0.749501
v 0.228209 1.062124 0.749967
v -0.247830 1.198660 0.848427
v -0.228523 1.159363 0.854316
v -0.229433 1.171131 0.843387
v -0.222120 1.152402 0.815415
v -0.190058 1.139131 0.802960
v -0.209250 1.107801 0.771207
v -0.207624 1.149785 0.839126
v -0.206241 1.136065 0.854327
v -0.214536 1.110963 0.853920
v -0.239229 1.134864 0.851700
v -0.260066 1.191942 0.852217
v -0.268593 1.232499 0.858209
v -0.185739 1.099498 0.844913
v -0.214723 1.044323 0.753504
v -0.237732 1.060723 0.769104
v -0.226163 1.088124 0.768753
v -0.239592 1.126622 0.792228
v -0.265046 1.107386 0.797579
v -0.275500 1.135058 0.807367
v -0.278723 1.188856 0.834387
v -0.276278 1.194385 0.828360
v -0.269110 1.154155 0.809846
v -0.251267 1.173406 0.826163
v -0.263873 1.207138 0.836225
v -0.261753 1.238435 0.855710
v -0.270538 1.237954 0.847667
v -0.262964 1.260715 0.863120
v -0.268728 1.261076 0.857787
v -0.278987 1.230467 0.842975
v -0.267268 1.255729 0.864356
v -0.255644 1.277442 0.866406
v -0.272574 1.257236 0.856745
v -0.280576 1.224395 0.845432
v -0.000204 0.674541 0.972988
v -0.000204 0.710673 0.965725
v -0.038050 0.711164 0.959182
v -0.027967 0.678994 0.968373
v -0.042785 0.703406 0.948134
v -0.038050 0.695648 0.937086
v -0.053676 0.720995 0.914178
v -0.060366 0.735565 0.934883
v -0.041555 0.731464 0.955444
v -0.000369 0.727698 0.962436
v 0.037641 0.695648 0.937086
v 0.027558 0.678995 0.968373
v -0.000204 0.695648 0.937086
v -0.000204 0.720995 0.914177
v -0.053676 0.720995 0.914178
v -0.038050 0.695648 0.937086
v 0.053268 0.720995 0.914177
v 0.040817 0.731464 0.955444
v 0.037641 0.711164 0.959182
v 0.059959 0.735565 0.934883
v 0.042376 0.703406 0.948134
v 0.053268 0.720995 0.914177
v 0.037641 0.695648 0.937086
v 0.108115 0.796396 0.852442
v 0.095585 0.809968 0.855941
v 0.083494 0.790724 0.890768
v 0.094086 0.778664 0.880861
v 0.066126 0.763181 0.905645
v 0.071865 0.754549 0.900704
v 0.033384 0.745533 0.918780
v 0.036871 0.737099 0.913586
v -0.000204 0.732765 0.917555
v 0.065188 0.746460 0.893946
v 0.085031 0.766443 0.873138
v 0.098569 0.778330 0.847258
v 0.108114 0.811365 0.751037
v 0.098569 0.832615 0.741582
v 0.000515 0.819855 0.857794
v 0.098569 0.784929 0.759518
v -0.091279 0.772402 0.880861
v -0.072273 0.754549 0.900704
v -0.066533 0.763181 0.905645
v -0.082463 0.790724 0.890768
v -0.107083 0.796396 0.852442
v -0.094555 0.809968 0.855941
v -0.100923 0.832166 0.741582
v 0.000515 0.837800 0.742554
v -0.110599 0.811544 0.751037
v -0.101053 0.776769 0.849244
v -0.101053 0.785108 0.759518
v -0.033792 0.745533 0.918780
v -0.000204 0.740530 0.921616
v -0.000204 0.762266 0.911737
v 0.000515 0.795479 0.896387
v -0.037279 0.737099 0.913586
v -0.085439 0.760578 0.873138
v -0.065596 0.746460 0.893946
v -0.034402 0.732472 0.908014
v -0.000204 0.729064 0.911650
v 0.033994 0.732472 0.908014
v -0.117941 0.950113 0.908544
v -0.089864 0.934528 0.917093
v -0.122048 0.958553 0.913369
v -0.110431 0.955151 0.923918
v -0.127900 0.953198 0.907255
v -0.120328 0.943788 0.909566
v -0.137269 0.964741 0.910807
v -0.122120 0.960495 0.927459
v -0.094125 0.947478 0.941282
v -0.097221 0.952996 0.948149
v -0.070216 0.933884 0.952157
v -0.068267 0.941037 0.964260
v -0.052363 0.928318 0.964946
v -0.135376 0.950452 0.895069
v -0.061095 0.952566 0.972847
v -0.043354 0.931693 0.973986
v -0.032141 0.939823 0.979133
v -0.096830 0.963547 0.954660
v -0.129005 0.969686 0.930943
v -0.146939 0.979172 0.910997
v -0.144037 0.963420 0.890123
v -0.090663 0.978871 0.958663
v -0.050576 0.965954 0.973752
v -0.127421 0.983686 0.934358
v -0.145172 0.995600 0.911306
v -0.156102 1.001935 0.885941
v -0.136387 1.010901 0.912043
v -0.147759 1.018869 0.886918
v -0.127524 1.029723 0.891204
v -0.103033 1.011586 0.934965
v -0.118653 1.023460 0.912590
v -0.118691 0.999071 0.935991
v -0.079011 0.992745 0.957733
v -0.061236 0.999691 0.953652
v -0.078190 1.015182 0.932347
v -0.050050 1.009351 0.930538
v -0.000225 1.023191 0.916094
v -0.000224 1.001765 0.933794
v -0.030712 1.023287 0.915013
v -0.026554 1.003747 0.933314
v -0.038302 0.993693 0.949432
v -0.037349 0.973415 0.970185
v -0.000225 1.044568 0.892650
v -0.008843 0.959716 0.964311
v -0.000224 0.955803 0.962901
v -0.000224 0.981250 0.949047
v -0.019208 0.983951 0.948940
v -0.022509 0.971101 0.966702
v -0.021999 0.945909 0.978132
v -0.012906 0.947217 0.974665
v -0.016021 0.929147 0.976449
v -0.011326 0.932095 0.975423
v -0.022792 0.924302 0.974116
v -0.032173 0.918842 0.964954
v -0.017601 0.914102 0.965469
v -0.013571 0.917244 0.971678
v -0.008379 0.920878 0.972984
v -0.005106 0.941970 0.971438
v -0.000224 0.939765 0.969155
v -0.000224 0.918861 0.973608
v 0.007931 0.920878 0.972984
v -0.014660 0.906549 0.984492
v -0.020192 0.906374 0.980090
v -0.022942 0.910822 0.951419
v -0.021951 0.904647 0.971178
v -0.028234 0.892922 0.993520
v -0.033383 0.888691 0.982816
v -0.023690 0.900880 0.962276
v -0.039182 0.911742 0.937808
v -0.046677 0.917789 0.949706
v -0.062312 0.896301 0.954161
v -0.059505 0.904084 0.941541
v -0.080799 0.904669 0.937425
v -0.059648 0.910405 0.932678
v -0.075678 0.907701 0.930296
v -0.096803 0.911644 0.927104
v -0.116394 0.918990 0.920618
v -0.114544 0.926859 0.922664
v -0.123833 0.933639 0.912073
v -0.103298 0.908028 0.936186
v -0.089164 0.900724 0.951426
v -0.130231 0.940857 0.901477
v -0.137557 0.936712 0.893978
v -0.131940 0.924816 0.910376
v -0.119721 0.912368 0.924417
v -0.104989 0.901651 0.949877
v -0.153603 0.906816 0.900480
v -0.144262 0.911454 0.904723
v -0.142052 0.947022 0.889153
v -0.116408 0.936342 0.917059
v -0.160353 0.889575 0.902376
v -0.149022 0.892371 0.918612
v -0.125231 0.902378 0.932064
v -0.075227 0.913980 0.932800
v -0.095896 0.917287 0.931530
v -0.109667 0.930283 0.923634
v -0.052304 0.918123 0.928273
v -0.073920 0.919865 0.931069
v -0.092196 0.922432 0.932050
v -0.054603 0.922324 0.931503
v -0.061236 0.923995 0.926341
v -0.061809 0.921708 0.926293
v -0.071686 0.932390 0.937247
v -0.073339 0.933014 0.930327
v -0.090107 0.944659 0.933122
v -0.000224 0.844060 0.943257
v -0.000224 0.830189 0.964964
v -0.017271 0.824130 0.968292
v -0.000224 0.940291 0.866559
v -0.040019 0.834934 0.939864
v -0.046734 0.817100 0.963350
v -0.075017 0.817410 0.952193
v -0.116392 0.859961 0.885349
v -0.088978 0.839452 0.912561
v -0.115651 0.828837 0.925807
v -0.098225 0.821267 0.939643
v -0.066137 0.837677 0.927716
v -0.037035 0.942589 0.859272
v -0.000225 0.920194 0.735550
v -0.030331 0.919602 0.737374
v -0.000369 0.841095 0.754004
v -0.054461 0.941560 0.820510
v -0.127386 0.865124 0.867133
v -0.081069 0.938637 0.813875
v -0.087687 0.906322 0.735079
v -0.057717 0.921041 0.734596
v -0.050078 0.840504 0.747794
v -0.026427 0.840384 0.752791
v -0.026788 0.762905 0.824901
v -0.071293 0.782223 0.814101
v -0.030543 0.762118 0.926465
v -0.145492 0.917214 0.752899
v -0.149720 0.878773 0.752515
v -0.124189 0.936576 0.804297
v -0.142187 0.874731 0.854780
v -0.143436 0.850058 0.894494
v -0.134885 0.843093 0.896082
v -0.120443 0.831751 0.916105
v -0.118040 0.794586 0.884586
v -0.115826 0.836825 0.924216
v -0.084665 0.825428 0.943155
v -0.150010 0.860651 0.886510
v -0.171238 0.833667 0.837396
v -0.186802 0.880924 0.841543
v -0.172199 0.901964 0.840818
v -0.153589 0.875678 0.856698
v -0.163554 0.876372 0.888290
v -0.161008 0.872385 0.886633
v -0.155193 0.861956 0.884202
v -0.152919 0.859722 0.893475
v -0.162841 0.871324 0.891983
v -0.164939 0.875207 0.892360
v -0.267268 1.255729 0.864356
v -0.255644 1.277442 0.866406
v -0.272574 1.257236 0.856745
v -0.268593 1.232499 0.858209
v -0.268101 1.229359 0.849218
v -0.280576 1.224395 0.845432
v -0.257378 1.188453 0.835868
v -0.278723 1.188856 0.834387
v -0.239367 1.144911 0.818807
v -0.275500 1.135058 0.807367
v -0.238626 1.111877 0.804418
v -0.265046 1.107386 0.797579
v -0.224446 1.090022 0.785304
v -0.215475 1.119425 0.808785
v -0.214229 1.117573 0.830328
v -0.235022 1.143141 0.831725
v -0.195068 1.095182 0.791828
v -0.171507 1.048240 0.782297
v -0.169044 1.055658 0.811059
v -0.188278 1.103274 0.822933
v -0.226163 1.088124 0.768753
v -0.237732 1.060723 0.769104
v -0.214723 1.044323 0.753504
v -0.171909 1.031222 0.741043
v -0.152497 1.022741 0.734788
v -0.171015 1.007414 0.776444
v -0.163428 1.022798 0.812649
v -0.146561 1.034106 0.828414
v -0.172713 1.054392 0.833737
v -0.185739 1.099498 0.844913
v -0.214536 1.110963 0.853920
v -0.239229 1.134864 0.851700
v -0.260066 1.191942 0.852217
v 0.065188 0.746460 0.893946
v 0.033994 0.732472 0.908014
v -0.000204 0.729064 0.911650
v -0.000204 0.777217 0.846898
v -0.000204 0.757753 0.873845
v -0.085439 0.760578 0.873138
v -0.101053 0.776769 0.849244
v -0.101053 0.785108 0.759518
v -0.000204 0.785150 0.759518
v 0.098569 0.784929 0.759518
v 0.098569 0.778330 0.847258
v 0.085031 0.766443 0.873138
v -0.000204 0.741824 0.893763
v -0.065596 0.746460 0.893946
v -0.034402 0.732472 0.908014
v -0.148545 0.837313 0.860409
v -0.144135 0.837792 0.857784
v -0.128120 0.827345 0.884298
v -0.170111 0.899660 0.859605
v -0.175465 0.882286 0.852439
v -0.156487 0.868382 0.878386
v -0.162486 0.858813 0.840394
v -0.152953 0.843889 0.868056
v -0.156808 0.852068 0.835073
v -0.151129 0.852378 0.834775
v -0.115200 0.791026 0.896093
v -0.124610 0.803485 0.892476
v -0.122458 0.804458 0.891592
v -0.130109 0.827159 0.884202
v -0.132098 0.834028 0.889129
v -0.139846 0.857534 0.898910
v -0.155087 0.890630 0.880513
v -0.140139 0.883271 0.900772
v -0.140361 0.883135 0.909557
v -0.138171 0.853868 0.907196
v -0.125724 0.804977 0.895994
v -0.132783 0.830410 0.905554
v -0.120220 0.844795 0.926090
v -0.114605 0.877866 0.934093
v -0.107640 0.877463 0.934407
v -0.112211 0.845469 0.929583
v -0.091458 0.871988 0.943166
v -0.100184 0.841867 0.939726
v -0.071836 0.862328 0.953877
v -0.115633 0.816229 0.915022
v -0.121761 0.805273 0.906950
v -0.121493 0.820235 0.916640
v -0.128463 0.812350 0.902565
v -0.117658 0.793848 0.901627
v -0.049177 0.854737 0.961447
v -0.075865 0.834607 0.947663
v -0.099273 0.811242 0.927392
v -0.096606 0.808448 0.918884
v -0.111898 0.814810 0.906047
v -0.076804 0.808646 0.938467
v -0.052143 0.795926 0.940712
v -0.051481 0.799782 0.936880
v -0.025158 0.796254 0.941450
v -0.075396 0.804389 0.931115
v -0.073988 0.807186 0.928786
v -0.093938 0.812708 0.915399
v -0.111821 0.818686 0.902095
v -0.114076 0.791794 0.895582
v -0.052804 0.799124 0.949568
v -0.052348 0.829723 0.961226
v -0.023640 0.851639 0.966510
v -0.025826 0.826424 0.968051
v -0.000175 0.849937 0.969073
v -0.025603 0.793254 0.945921
v -0.026048 0.798353 0.955415
v -0.000274 0.825407 0.967299
v -0.000253 0.800269 0.953763
v -0.000195 0.795289 0.946476
v 0.025322 0.826423 0.968061
v 0.023289 0.851639 0.966510
v 0.025481 0.798332 0.955441
v 0.025136 0.794289 0.945935
v -0.000137 0.797363 0.944211
v 0.051726 0.795617 0.940716
v 0.024790 0.797302 0.941451
v 0.113692 0.816222 0.915004
v 0.115919 0.795626 0.901629
v 0.121391 0.807018 0.906959
v 0.112568 0.814807 0.906038
v 0.096221 0.807733 0.918895
v 0.098866 0.811223 0.927412
v 0.074998 0.804416 0.931078
v 0.076305 0.808721 0.938403
v 0.052329 0.799102 0.949572
v 0.051123 0.799788 0.936883
v 0.073691 0.807164 0.928775
v 0.093576 0.812712 0.915401
v 0.111444 0.820446 0.902095
v 0.114805 0.792811 0.896095
v 0.113690 0.793561 0.895584
v 0.123106 0.806197 0.891022
v 0.124258 0.806160 0.892748
v 0.125339 0.806709 0.895989
v 0.128889 0.829924 0.885521
v 0.128065 0.814059 0.902587
v 0.127677 0.829103 0.884320
v 0.148145 0.839094 0.860412
v 0.131724 0.835767 0.889143
v 0.132394 0.832128 0.905600
v 0.143711 0.839571 0.857793
v 0.121134 0.821990 0.916646
v 0.150779 0.854136 0.834775
v 0.156457 0.853827 0.835073
v 0.162136 0.860572 0.840394
v 0.152580 0.845670 0.868054
v 0.139449 0.859290 0.898914
v 0.137795 0.855625 0.907199
v 0.140021 0.884897 0.909557
v 0.119798 0.846543 0.926145
v 0.114243 0.879622 0.934093
v 0.155551 0.870187 0.878083
v 0.170717 0.884044 0.852439
v 0.169759 0.901419 0.859605
v 0.154734 0.892389 0.880513
v 0.139788 0.885029 0.900772
v 0.051900 0.829720 0.961226
v 0.075259 0.834609 0.947475
v 0.099717 0.841879 0.939784
v 0.111701 0.845491 0.929584
v 0.107279 0.877459 0.934404
v 0.091097 0.871987 0.943166
v 0.071482 0.862328 0.953877
v 0.048827 0.854737 0.961447
v 0.109995 0.844816 0.917585
v 0.134428 0.855557 0.894201
v 0.127677 0.829103 0.884320
v 0.146200 0.868789 0.869570
v 0.143711 0.839571 0.857793
v 0.157292 0.880838 0.844713
v 0.150779 0.854136 0.834775
v 0.123106 0.806197 0.891022
v 0.113690 0.793561 0.895584
v 0.111444 0.820446 0.902095
v 0.093576 0.812712 0.915401
v 0.098285 0.840549 0.930209
v 0.073691 0.807164 0.928775
v 0.076621 0.832800 0.942922
v 0.051123 0.799788 0.936883
v 0.051959 0.828162 0.952703
v 0.025582 0.825370 0.958680
v 0.024790 0.797302 0.941451
v -0.000175 0.824680 0.958805
v -0.000137 0.797363 0.944211
v -0.025158 0.796254 0.941450
v -0.025954 0.825370 0.958682
v -0.051481 0.799782 0.936880
v -0.052314 0.828162 0.952703
v -0.076979 0.832798 0.942922
v -0.073988 0.807186 0.928786
v -0.098650 0.840547 0.930209
v -0.093938 0.812708 0.915399
v -0.110349 0.843058 0.917585
v -0.111821 0.818686 0.902095
v -0.128120 0.827345 0.884298
v -0.134782 0.853799 0.894201
v -0.146550 0.867030 0.869570
v -0.144135 0.837792 0.857784
v -0.157642 0.879080 0.844713
v -0.151129 0.852378 0.834775
v -0.122458 0.804458 0.891592
v -0.114076 0.791794 0.895582
v -0.146800 0.841666 0.871806
v -0.143935 0.836246 0.854739
v -0.149555 0.830906 0.854295
v -0.151171 0.837309 0.872926
v -0.146531 0.843146 0.883713
v -0.147945 0.835802 0.880672
v -0.134210 0.826410 0.874645
v -0.147362 0.818451 0.874328
v -0.153463 0.821613 0.863376
v -0.152621 0.806837 0.852386
v -0.149152 0.815981 0.844027
v -0.152371 0.830425 0.871752
v -0.149483 0.830705 0.877164
v -0.139832 0.821177 0.876349
v -0.143480 0.799683 0.867480
v -0.147956 0.780265 0.836408
v -0.144895 0.783936 0.831814
v -0.160219 0.798929 0.807290
v -0.164862 0.828816 0.819498
v -0.165663 0.846552 0.827726
v -0.158371 0.851028 0.823783
v -0.053552 0.789856 0.934073
v -0.079295 0.799744 0.923500
v -0.077499 0.771930 0.916365
v -0.101786 0.777236 0.904104
v -0.100382 0.806963 0.911043
v -0.120365 0.790692 0.887984
v -0.119103 0.814320 0.892958
v -0.137277 0.801053 0.870429
v -0.072077 0.740802 0.887442
v -0.049910 0.731191 0.892020
v -0.096206 0.749554 0.877338
v -0.114630 0.763866 0.865437
v -0.130742 0.770447 0.855024
v -0.134720 0.770450 0.852699
v 0.025432 0.799185 0.930660
v 0.051555 0.800986 0.927421
v 0.051262 0.794668 0.925083
v 0.025275 0.792058 0.928150
v -0.000220 0.788481 0.930343
v -0.000225 0.795232 0.932900
v -0.025827 0.799279 0.930402
v -0.026719 0.787743 0.939946
v -0.053333 0.763408 0.925460
v -0.025683 0.792057 0.928150
v -0.051672 0.794667 0.925082
v 0.077325 0.799863 0.923377
v 0.077007 0.771877 0.916433
v 0.101288 0.783107 0.904108
v 0.053021 0.789853 0.934071
v 0.026246 0.787743 0.939942
v -0.000247 0.784783 0.939769
v -0.026835 0.759540 0.930446
v -0.000249 0.760570 0.930192
v -0.024196 0.727650 0.896530
v -0.000191 0.725682 0.898437
v 0.026122 0.759515 0.930477
v 0.052638 0.763397 0.925475
v 0.023809 0.727650 0.896530
v 0.049524 0.731191 0.892020
v 0.071700 0.740803 0.887441
v 0.095822 0.755419 0.877338
v 0.114263 0.762890 0.859279
v 0.134374 0.773622 0.849365
v 0.143160 0.801359 0.867495
v 0.136974 0.802755 0.870424
v 0.130355 0.772355 0.851398
v 0.119915 0.792368 0.888003
v 0.100008 0.806897 0.911062
v 0.075077 0.807093 0.916392
v 0.118762 0.816004 0.892967
v 0.139545 0.822868 0.876339
v 0.146999 0.820109 0.874394
v 0.152292 0.808517 0.852377
v 0.153111 0.823296 0.863389
v 0.148859 0.817667 0.844041
v 0.149244 0.832594 0.854297
v 0.152007 0.832107 0.871815
v 0.149081 0.832349 0.877318
v 0.165413 0.848241 0.827726
v 0.158123 0.852717 0.823783
v 0.143674 0.837938 0.854745
v 0.164611 0.830505 0.819498
v 0.159970 0.800618 0.807290
v 0.144647 0.792294 0.833457
v 0.147710 0.787387 0.836698
v 0.146551 0.843355 0.871806
v 0.150888 0.839003 0.872928
v 0.146268 0.844837 0.883715
v 0.147541 0.837487 0.880758
v 0.133953 0.828099 0.874648
v 0.117917 0.819463 0.888708
v 0.117638 0.817962 0.886501
v 0.096012 0.812084 0.902691
v 0.096750 0.813114 0.904842
v 0.074623 0.806201 0.914249
v -0.134210 0.826410 0.874645
v -0.143935 0.836246 0.854739
v -0.146800 0.841666 0.871806
v -0.146531 0.843146 0.883713
v -0.152193 0.802701 0.803254
v -0.158371 0.851028 0.823783
v -0.130756 0.785105 0.833100
v -0.114273 0.770509 0.849574
v -0.117951 0.816264 0.886496
v -0.096134 0.759930 0.861712
v -0.096274 0.812153 0.902690
v -0.074371 0.742716 0.872226
v -0.076572 0.800181 0.914251
v -0.048524 0.735024 0.882031
v -0.051672 0.794667 0.925082
v -0.025583 0.732977 0.886416
v -0.025683 0.792057 0.928150
v -0.000194 0.730985 0.889216
v -0.000220 0.788481 0.930343
v 0.025275 0.792058 0.928150
v 0.025194 0.732977 0.886416
v 0.051262 0.794668 0.925083
v 0.048135 0.735024 0.882031
v 0.074623 0.806201 0.914249
v 0.072375 0.749546 0.872226
v 0.096012 0.812084 0.902691
v 0.095885 0.758574 0.853967
v 0.117638 0.817962 0.886501
v 0.114024 0.774050 0.846219
v 0.133953 0.828099 0.874648
v 0.130507 0.793010 0.835041
v 0.143674 0.837938 0.854745
v 0.151944 0.804390 0.803254
v 0.158123 0.852717 0.823783
v 0.146268 0.844837 0.883715
v 0.146551 0.843355 0.871806
v -0.051999 0.801140 0.927167
v -0.077004 0.806201 0.916431
v -0.096997 0.812988 0.904766
v -0.118210 0.818104 0.888553
v -0.117951 0.816264 0.886496
v -0.096274 0.812153 0.902690
v -0.076572 0.800181 0.914251
v 0.234572 1.143141 0.831725
v 0.238917 1.144912 0.818806
v 0.256928 1.188454 0.835867
v 0.213779 1.117574 0.830328
v 0.268143 1.232500 0.858208
v 0.267651 1.229360 0.849217
v 0.266818 1.255730 0.864355
v 0.259616 1.191943 0.852216
v 0.238779 1.134865 0.851700
v 0.214086 1.110963 0.853920
v 0.187829 1.103275 0.822933
v 0.185289 1.099498 0.844913
v 0.172263 1.054392 0.833737
v 0.168594 1.055659 0.811059
v 0.146111 1.034106 0.828414
v 0.171057 1.048241 0.782297
v 0.194619 1.095183 0.791828
v 0.215025 1.119426 0.808785
v 0.238176 1.111878 0.804417
v 0.223996 1.090023 0.785304
v 0.162978 1.022799 0.812649
v 0.170565 1.007414 0.776444
v 0.152047 1.022741 0.734788
v 0.168971 1.030038 0.739834
v 0.214273 1.044324 0.753504
v 0.237282 1.060724 0.769104
v 0.225713 1.088124 0.768753
v 0.264597 1.107387 0.797579
v 0.275050 1.135059 0.807366
v 0.278273 1.188857 0.834386
v 0.280126 1.224396 0.845431
v 0.272125 1.257237 0.856744
v 0.255194 1.277442 0.866405
v -0.137679 0.883708 0.944560
v -0.142770 0.871466 0.943434
v -0.125467 0.877196 0.957718
v -0.144093 0.876762 0.930865
v -0.133813 0.887841 0.941895
v -0.118309 0.889830 0.952506
v -0.112063 0.894549 0.948337
v -0.101890 0.890462 0.961809
v -0.076628 0.885311 0.972022
v -0.052905 0.876002 0.980264
v -0.068794 0.889522 0.961194
v -0.096359 0.895081 0.956350
v 0.040639 0.886093 0.645689
v 0.044673 0.940325 0.647321
v 0.087948 0.934182 0.655908
v 0.121463 0.876893 0.674624
v 0.129289 0.928807 0.675519
v 0.081665 0.881319 0.655384
v 0.032911 0.834767 0.656294
v 0.155621 0.874832 0.703584
v 0.102937 0.825699 0.681485
v 0.067943 0.830895 0.664743
v 0.060051 0.806611 0.666111
v 0.029456 0.817199 0.650659
v -0.000223 0.823299 0.644787
v -0.000224 0.838101 0.651508
v 0.178700 0.874372 0.732256
v 0.131583 0.819725 0.709254
v 0.094949 0.778872 0.712284
v 0.084880 0.794276 0.685666
v 0.152376 0.813773 0.739894
v 0.114073 0.766873 0.750214
v 0.128741 0.761902 0.818250
v 0.096479 0.729516 0.828360
v 0.138304 0.766554 0.862800
v 0.097379 0.733623 0.888878
v 0.063319 0.708993 0.844013
v 0.067142 0.724492 0.785586
v 0.036480 0.694606 0.848571
v 0.040928 0.714450 0.792158
v -0.000224 0.708326 0.794675
v -0.000224 0.727423 0.755897
v 0.039542 0.736143 0.751676
v 0.098005 0.755758 0.917174
v 0.067471 0.720006 0.910776
v 0.068277 0.748724 0.748617
v 0.088705 0.739085 0.779679
v 0.136682 0.797393 0.895725
v 0.093824 0.773402 0.926778
v 0.067318 0.743215 0.938887
v 0.039453 0.707280 0.929196
v -0.000369 0.690504 0.852239
v 0.062639 0.762366 0.949185
v 0.029153 0.768427 0.961445
v 0.039067 0.752516 0.962203
v 0.040817 0.731464 0.955444
v -0.000369 0.727698 0.962436
v -0.000369 0.703254 0.936040
v -0.000369 0.748518 0.968280
v -0.000369 0.767355 0.964847
v -0.000369 0.781078 0.964715
v 0.043430 0.780125 0.954986
v -0.000369 0.800359 0.970131
v 0.042582 0.798926 0.965970
v 0.042039 0.814672 0.979193
v 0.089277 0.820412 0.955006
v 0.124609 0.839994 0.914849
v 0.083927 0.827185 0.943094
v 0.086466 0.829248 0.953960
v 0.039751 0.824225 0.975416
v -0.000369 0.816676 0.981227
v 0.036938 0.815798 0.963701
v -0.000369 0.816538 0.971524
v -0.000369 0.828234 0.977278
v 0.129525 0.842086 0.918227
v 0.158218 0.874522 0.888640
v 0.159618 0.871224 0.876148
v 0.163999 0.878606 0.875551
v 0.162994 0.880056 0.886832
v 0.166884 0.884655 0.885918
v 0.171610 0.877226 0.877695
v 0.177240 0.884805 0.883341
v 0.163889 0.867333 0.881192
v 0.089063 0.805061 0.943044
v 0.131519 0.832783 0.916752
v 0.171529 0.856745 0.874936
v 0.185518 0.872533 0.872195
v 0.189518 0.888255 0.886435
v 0.198501 0.890595 0.882404
v 0.089931 0.790809 0.934178
v 0.132953 0.820723 0.906743
v 0.176824 0.844364 0.866375
v 0.134876 0.811694 0.901552
v 0.194238 0.870174 0.864940
v 0.180137 0.834821 0.858475
v 0.166833 0.885057 0.886142
v 0.175162 0.895953 0.895030
v 0.166279 0.884946 0.880266
v 0.165768 0.882927 0.876234
v -0.139836 1.093739 0.780959
v -0.164081 1.070567 0.746291
v -0.177481 1.131122 0.835694
v -0.178902 1.112850 0.846869
v -0.152792 1.078250 0.837118
v -0.172713 1.054392 0.833737
v -0.146561 1.034106 0.828414
v -0.122928 1.053543 0.833722
v -0.094985 1.077353 0.812592
v -0.132027 1.096416 0.821673
v -0.101460 1.072775 0.764797
v -0.126637 1.051710 0.729189
v -0.152497 1.022741 0.734788
v -0.171909 1.031222 0.741043
v -0.142887 0.832202 0.775646
v -0.075577 0.838365 0.746744
v -0.103043 0.785807 0.803107
v -0.077122 0.777945 0.909894
v -0.000369 0.755203 0.828641
v -0.000369 0.760910 0.934490
v -0.000369 0.816538 0.971524
v -0.037677 0.815798 0.963701
v 0.143589 0.963421 0.890123
v 0.155201 0.958468 0.886770
v 0.134929 0.950453 0.895069
v 0.136821 0.964742 0.910807
v 0.109983 0.955151 0.923918
v 0.145311 0.945560 0.889153
v 0.140694 0.935395 0.893978
v 0.126654 0.975373 0.686038
v 0.084799 0.979536 0.668355
v 0.075401 1.015036 0.687101
v 0.041929 0.986746 0.660605
v 0.035648 1.020110 0.681017
v 0.066936 1.044106 0.712357
v 0.032122 1.048295 0.709467
v 0.030062 1.070922 0.751453
v -0.000225 1.049865 0.709367
v -0.000225 1.070562 0.750161
v -0.000225 1.076735 0.803543
v -0.000225 1.065680 0.855507
v -0.060224 1.024744 0.912254
v -0.034976 1.041430 0.893097
v -0.043196 1.056975 0.855790
v -0.071562 1.043231 0.881692
v -0.068332 1.036959 0.894795
v -0.091582 1.027416 0.911572
v -0.097816 1.032523 0.894626
v -0.125140 1.036931 0.867331
v -0.090580 1.042771 0.876287
v -0.077531 1.054780 0.848975
v -0.031250 1.069102 0.803795
v -0.000225 1.070562 0.750161
v -0.030512 1.070922 0.751453
v -0.073110 1.067949 0.809027
v -0.108988 1.047560 0.846208
v -0.151486 1.022836 0.858980
v -0.156798 0.980489 0.891097
v -0.168418 0.974404 0.870475
v -0.164679 1.003564 0.858229
v -0.139565 1.027994 0.836396
v -0.122928 1.053543 0.833722
v -0.094985 1.077353 0.812592
v -0.165419 1.007167 0.827815
v -0.176615 0.982959 0.819497
v -0.195090 0.946797 0.871890
v -0.200457 0.952273 0.843224
v -0.211753 0.931473 0.832882
v -0.202430 0.949914 0.821392
v -0.207231 0.935822 0.806121
v -0.191317 0.969169 0.810744
v -0.191551 0.955422 0.787763
v -0.191391 0.964099 0.771485
v -0.196683 0.930456 0.754738
v -0.200867 0.927168 0.772859
v -0.209506 0.905936 0.789356
v -0.218393 0.898847 0.817380
v -0.209882 0.926326 0.861579
v -0.179543 0.937959 0.891559
v -0.199981 0.917151 0.883555
v -0.218944 0.893377 0.847305
v -0.210943 0.859081 0.807162
v -0.211196 0.888562 0.868695
v -0.188433 0.901626 0.894631
v -0.170899 0.926127 0.899225
v -0.155292 0.957124 0.886770
v -0.211667 0.857076 0.835345
v -0.206388 0.856052 0.853135
v -0.186392 0.852242 0.873908
v -0.190001 0.873128 0.887535
v -0.177265 0.890590 0.899582
v -0.181761 0.871166 0.891277
v -0.172037 0.856606 0.879939
v -0.167935 0.829949 0.876266
v -0.179394 0.825282 0.858802
v -0.135615 0.809937 0.901612
v -0.137421 0.795636 0.895785
v -0.094562 0.771644 0.926839
v -0.068057 0.743215 0.938888
v -0.063377 0.762366 0.949185
v -0.090669 0.789052 0.934239
v -0.133499 0.819392 0.919760
v -0.163739 0.843372 0.885187
v -0.162346 0.860006 0.885016
v -0.168921 0.870049 0.888325
v -0.172698 0.879803 0.896354
v -0.089801 0.803303 0.943104
v -0.044168 0.780125 0.954986
v -0.029891 0.768427 0.961445
v -0.039805 0.752516 0.962203
v -0.000369 0.748518 0.968280
v -0.000369 0.727698 0.962436
v -0.043320 0.798926 0.965970
v -0.000369 0.767355 0.964847
v -0.000369 0.781078 0.964715
v -0.000369 0.800359 0.970131
v -0.042777 0.814672 0.979193
v -0.090016 0.818655 0.955067
v -0.122433 0.829396 0.926339
v -0.158525 0.853475 0.890094
v -0.000369 0.816676 0.981227
v -0.163144 0.871275 0.892150
v -0.156986 0.864445 0.892683
v -0.152907 0.859272 0.893208
v -0.120118 0.837047 0.927597
v -0.087204 0.827490 0.954020
v -0.040489 0.824225 0.975416
v -0.000369 0.828234 0.977278
v -0.000369 0.816538 0.971524
v -0.037677 0.815798 0.963701
v -0.084665 0.825428 0.943155
v -0.115826 0.836825 0.924216
v -0.150010 0.860651 0.886510
v -0.155193 0.861956 0.884202
v -0.161008 0.872385 0.886633
v -0.163554 0.876372 0.888290
v -0.165494 0.875061 0.892139
v -0.164939 0.875207 0.892360
v -0.025874 0.801873 0.629309
v -0.043597 0.779909 0.637670
v -0.051868 0.794133 0.654304
v -0.065145 0.776754 0.669429
v -0.051120 0.762757 0.650835
v -0.047441 0.742916 0.653998
v -0.066571 0.759839 0.683723
v -0.042397 0.729243 0.660361
v -0.053397 0.744717 0.692811
v -0.031525 0.719078 0.663448
v -0.029161 0.729540 0.699377
v -0.015965 0.713008 0.662171
v -0.014429 0.720073 0.683347
v -0.000230 0.710333 0.662327
v -0.095395 0.778872 0.712284
v 0.015502 0.712996 0.662174
v 0.013976 0.720058 0.683348
v -0.000230 0.719043 0.685878
v -0.000243 0.725897 0.710277
v -0.036001 0.735929 0.726392
v -0.066437 0.752234 0.719369
v -0.111525 0.766873 0.750214
v 0.028685 0.729514 0.699381
v -0.000221 0.725738 0.732256
v 0.035548 0.735939 0.726392
v 0.052831 0.744703 0.692812
v 0.065988 0.752234 0.719369
v -0.068725 0.748724 0.748617
v -0.039990 0.736143 0.751676
v -0.000224 0.727423 0.755897
v 0.039542 0.736143 0.751676
v 0.068277 0.748724 0.748617
v 0.114073 0.766873 0.750214
v 0.094949 0.778872 0.712284
v 0.066020 0.759836 0.683720
v 0.064660 0.776754 0.669429
v 0.043094 0.779913 0.637661
v 0.051424 0.794133 0.654304
v 0.050567 0.762758 0.650835
v 0.046881 0.742873 0.653969
v 0.041916 0.729238 0.660362
v 0.031026 0.719063 0.663453
v 0.084880 0.794276 0.685666
v 0.060051 0.806611 0.666111
v 0.029456 0.817199 0.650659
v 0.027576 0.807023 0.642700
v -0.000232 0.812819 0.637430
v -0.000218 0.813939 0.625993
v 0.025404 0.801890 0.629299
v -0.000223 0.823299 0.644787
v -0.040191 0.707280 0.929196
v -0.041555 0.731464 0.955444
v -0.037218 0.694606 0.848571
v -0.068210 0.720006 0.910776
v -0.098743 0.754001 0.917234
v -0.000224 0.727423 0.755897
v -0.000224 0.708326 0.794675
v -0.041375 0.714450 0.792158
v -0.000369 0.690504 0.852239
v -0.000369 0.703254 0.936040
v -0.140654 0.781665 0.887923
v -0.098117 0.737623 0.894174
v -0.064057 0.709148 0.838370
v -0.067590 0.725198 0.785586
v -0.039990 0.736143 0.751676
v -0.139042 0.764796 0.862860
v -0.183179 0.810563 0.847946
v -0.179216 0.795111 0.824879
v -0.129480 0.772211 0.812763
v -0.093034 0.729417 0.827877
v -0.170190 0.810613 0.788626
v -0.200872 0.871885 0.777446
v -0.190993 0.882972 0.767913
v -0.186750 0.874668 0.754779
v -0.152824 0.813773 0.739894
v -0.132031 0.819725 0.709254
v -0.095395 0.778872 0.712284
v -0.179148 0.874372 0.732256
v -0.111525 0.766873 0.750214
v -0.089153 0.739423 0.779679
v -0.068725 0.748724 0.748617
v -0.085350 0.794276 0.685667
v -0.060514 0.806611 0.666112
v -0.029915 0.817199 0.650660
v -0.028037 0.807017 0.642708
v -0.000232 0.812819 0.637430
v -0.000218 0.813939 0.625993
v -0.000223 0.823299 0.644787
v -0.160828 0.974904 0.715211
v -0.127103 0.975373 0.686038
v -0.129738 0.928807 0.675519
v -0.088398 0.934182 0.655908
v -0.116113 1.011844 0.702392
v -0.152497 1.022741 0.734788
v -0.126637 1.051710 0.729189
v -0.171015 1.007414 0.776444
v -0.181423 0.972469 0.746859
v -0.168873 0.927497 0.705162
v -0.121911 0.876893 0.674624
v -0.082113 0.881319 0.655384
v -0.045122 0.940325 0.647321
v -0.041087 0.886093 0.645689
v -0.033359 0.834767 0.656294
v -0.068391 0.830895 0.664743
v -0.103385 0.825699 0.681485
v -0.156069 0.874832 0.703584
v -0.190353 0.930801 0.733714
v -0.000225 0.888163 0.643513
v -0.000224 0.838101 0.651508
v -0.000223 0.823299 0.644787
v -0.029915 0.817199 0.650660
v -0.060514 0.806611 0.666112
v -0.085350 0.794276 0.685667
v -0.163428 1.022798 0.812649
v -0.146561 1.034106 0.828414
v -0.049603 0.833087 0.994457
v -0.059339 0.828702 0.995866
v -0.059204 0.828494 0.996209
v -0.069496 0.822200 0.996304
v -0.069707 0.822388 0.995985
v -0.069212 0.821882 0.996222
v -0.080951 0.812470 0.994122
v -0.069634 0.822258 0.995586
v -0.059297 0.828526 0.995481
v -0.049560 0.832912 0.994073
v -0.039154 0.836335 0.990504
v -0.069140 0.821751 0.995823
v -0.059026 0.828111 0.996168
v -0.049467 0.832879 0.994800
v -0.039155 0.836547 0.990871
v -0.030976 0.838543 0.987443
v -0.030978 0.838756 0.987809
v -0.039097 0.836337 0.991237
v -0.069351 0.821939 0.995504
v -0.059119 0.828143 0.995440
v -0.058984 0.827935 0.995784
v -0.049290 0.832496 0.994759
v -0.049247 0.832321 0.994375
v -0.039038 0.835915 0.991237
v -0.039037 0.835703 0.990870
v -0.030920 0.838546 0.988176
v -0.030861 0.838124 0.988175
v -0.030859 0.837911 0.987809
v -0.039095 0.835912 0.990504
v -0.049382 0.832529 0.994032
v -0.030917 0.838121 0.987443
v -0.039154 0.836335 0.990504
v -0.049560 0.832912 0.994073
v -0.059297 0.828526 0.995481
v -0.069634 0.822258 0.995586
v -0.030976 0.838543 0.987443
v -0.076617 0.848331 1.003980
v -0.095979 0.846893 1.006541
v -0.095877 0.846454 1.007166
v -0.117375 0.842100 1.007338
v -0.117618 0.842553 1.006759
v -0.056745 0.847382 0.996793
v -0.076653 0.848005 1.003281
v -0.096016 0.846567 1.005843
v -0.117576 0.842286 1.006032
v -0.142997 0.832600 1.003370
v -0.117089 0.841380 1.007190
v -0.095812 0.845689 1.007092
v -0.076515 0.847892 1.004604
v -0.056615 0.847746 0.997460
v -0.117047 0.841113 1.006463
v -0.095848 0.845363 1.006393
v -0.117290 0.841565 1.005884
v -0.076449 0.847127 1.004530
v -0.056647 0.847352 0.998126
v -0.041270 0.846434 0.991893
v -0.041400 0.846070 0.991227
v -0.076486 0.846801 1.003832
v -0.056808 0.846593 0.998125
v -0.056938 0.846229 0.997459
v -0.041302 0.846040 0.992559
v -0.041464 0.845282 0.992559
v -0.041594 0.844918 0.991893
v -0.056907 0.846623 0.996793
v -0.076588 0.847240 1.003207
v -0.095950 0.845802 1.005769
v -0.041562 0.845312 0.991227
v -0.056745 0.847382 0.996793
v -0.041400 0.846070 0.991227
v -0.076653 0.848005 1.003281
v -0.096016 0.846567 1.005843
v -0.117576 0.842286 1.006032
v -0.141493 0.873083 0.986251
v -0.168672 0.875822 0.984852
v -0.168794 0.875100 0.985906
v -0.198997 0.872372 0.979967
v -0.199074 0.873148 0.978947
v -0.114030 0.863760 0.980207
v -0.141488 0.872528 0.985094
v -0.168637 0.875267 0.983694
v -0.198911 0.872672 0.977765
v -0.235085 0.859534 0.966040
v -0.198756 0.871121 0.979807
v -0.168880 0.873823 0.985804
v -0.141654 0.872369 0.987306
v -0.113856 0.864342 0.981338
v -0.198593 0.870645 0.978626
v -0.168845 0.873268 0.984646
v -0.198671 0.871421 0.977605
v -0.141810 0.871099 0.987203
v -0.114223 0.863760 0.982422
v -0.092852 0.856451 0.976643
v -0.093025 0.855870 0.975512
v -0.141806 0.870543 0.986046
v -0.114764 0.862597 0.982375
v -0.114937 0.862015 0.981243
v -0.093219 0.855870 0.977727
v -0.093760 0.854706 0.977680
v -0.093933 0.854124 0.976548
v -0.114570 0.862597 0.980159
v -0.141645 0.871257 0.984991
v -0.168723 0.873991 0.983592
v -0.093566 0.854706 0.975464
v -0.114030 0.863760 0.980207
v -0.093025 0.855870 0.975512
v -0.141488 0.872528 0.985094
v -0.168637 0.875267 0.983694
v -0.198911 0.872672 0.977765
v -0.181910 0.919207 0.942845
v -0.224368 0.925816 0.936571
v -0.224921 0.925076 0.937711
v -0.261290 0.923070 0.926116
v -0.261042 0.923960 0.924976
v -0.144938 0.905206 0.946948
v -0.181831 0.918559 0.941531
v -0.224265 0.925170 0.935257
v -0.260707 0.923398 0.923664
v -0.293550 0.916525 0.909563
v -0.261202 0.921615 0.925941
v -0.225372 0.923690 0.937536
v -0.182489 0.918489 0.943985
v -0.144993 0.905857 0.948261
v -0.260867 0.921052 0.924628
v -0.225270 0.923045 0.936223
v -0.260620 0.921943 0.923490
v -0.182992 0.917121 0.943812
v -0.145599 0.905160 0.949402
v -0.115658 0.887889 0.951064
v -0.115629 0.887224 0.949756
v -0.182914 0.916472 0.942498
v -0.146150 0.903810 0.949228
v -0.146094 0.903159 0.947914
v -0.116286 0.887224 0.952211
v -0.116885 0.885894 0.952051
v -0.116856 0.885229 0.950742
v -0.145489 0.903857 0.946774
v -0.182333 0.917191 0.941358
v -0.224716 0.923785 0.935083
v -0.116228 0.885894 0.949596
v -0.144938 0.905206 0.946948
v -0.115629 0.887224 0.949756
v -0.181831 0.918559 0.941531
v -0.224265 0.925170 0.935257
v -0.260707 0.923398 0.923664
v -0.180265 0.901546 0.961992
v -0.216528 0.903509 0.957245
v -0.216896 0.902814 0.958483
v -0.254633 0.900404 0.950899
v -0.254614 0.901277 0.949719
v -0.150118 0.892576 0.962844
v -0.180445 0.900876 0.960699
v -0.216675 0.902831 0.955951
v -0.254494 0.900693 0.948378
v -0.302884 0.887868 0.933975
v -0.254532 0.898949 0.950738
v -0.217411 0.901442 0.958429
v -0.180666 0.900870 0.963231
v -0.149920 0.893241 0.964136
v -0.254411 0.898367 0.949397
v -0.217558 0.900764 0.957136
v -0.254392 0.899239 0.948217
v -0.181248 0.899523 0.963177
v -0.150339 0.892576 0.965375
v -0.107508 0.873388 0.967847
v -0.107706 0.872723 0.966554
v -0.181428 0.898853 0.961884
v -0.150957 0.891246 0.965321
v -0.151155 0.890581 0.964028
v -0.107927 0.872723 0.969086
v -0.108545 0.871393 0.969032
v -0.108743 0.870728 0.967739
v -0.150736 0.891246 0.962790
v -0.181027 0.899529 0.960645
v -0.217190 0.901459 0.955897
v -0.108324 0.871393 0.966500
v -0.150118 0.892576 0.962844
v -0.107706 0.872723 0.966554
v -0.180445 0.900876 0.960699
v -0.216675 0.902831 0.955951
v -0.254494 0.900693 0.948378
v 0.030407 0.838124 0.988175
v 0.030405 0.837911 0.987809
v 0.038583 0.835703 0.990870
v 0.030466 0.838546 0.988176
v 0.038584 0.835915 0.991237
v 0.048793 0.832321 0.994375
v 0.030524 0.838756 0.987809
v 0.038643 0.836337 0.991237
v 0.048836 0.832496 0.994759
v 0.058530 0.827935 0.995784
v 0.030463 0.838121 0.987443
v 0.038641 0.835912 0.990504
v 0.048928 0.832529 0.994032
v 0.058665 0.828143 0.995440
v 0.068897 0.821939 0.995504
v 0.030522 0.838543 0.987443
v 0.038700 0.836335 0.990504
v 0.049106 0.832912 0.994073
v 0.058843 0.828526 0.995481
v 0.069180 0.822258 0.995586
v 0.080497 0.812470 0.994122
v 0.068686 0.821751 0.995823
v 0.068758 0.821882 0.996222
v 0.058572 0.828111 0.996168
v 0.049149 0.833087 0.994457
v 0.049106 0.832912 0.994073
v 0.038700 0.836335 0.990504
v 0.058885 0.828702 0.995866
v 0.058843 0.828526 0.995481
v 0.069253 0.822388 0.995985
v 0.069180 0.822258 0.995586
v 0.069042 0.822200 0.996304
v 0.058750 0.828494 0.996209
v 0.049013 0.832879 0.994800
v 0.038701 0.836547 0.990871
v 0.030522 0.838543 0.987443
v -0.055956 1.070555 0.806114
v -0.056801 1.068897 0.753254
v -0.032572 1.048294 0.709467
v -0.067386 1.044105 0.712358
v -0.036098 1.020110 0.681017
v -0.085249 0.979536 0.668355
v -0.042379 0.986746 0.660605
v -0.075850 1.015036 0.687102
v -0.096511 1.041040 0.718980
v -0.077496 1.065442 0.756450
v -0.101460 1.072775 0.764797
v -0.000225 1.049865 0.709367
v -0.000225 1.023466 0.680448
v -0.000225 0.991176 0.658804
v -0.000225 0.943787 0.645127
v 0.216417 0.896679 0.955217
v 0.180243 0.897949 0.959675
v 0.149289 0.893079 0.961355
v 0.108302 0.869881 0.966801
v 0.107883 0.870546 0.965562
v 0.107265 0.871876 0.965616
v 0.145625 0.858958 0.892154
v 0.158218 0.874522 0.888640
v 0.153651 0.856049 0.909755
v 0.147135 0.846697 0.910213
v 0.133096 0.845718 0.891212
v 0.138789 0.838640 0.919650
v 0.124558 0.835380 0.910147
v 0.130482 0.832787 0.931072
v 0.114912 0.829355 0.925807
v 0.118411 0.827722 0.947336
v 0.097487 0.824175 0.939643
v 0.142813 0.847269 0.931894
v 0.144961 0.848821 0.921464
v 0.150621 0.856966 0.924513
v 0.012458 0.947217 0.974665
v 0.008395 0.959716 0.964311
v 0.018760 0.983951 0.948940
v 0.026106 1.003747 0.933314
v 0.010878 0.932095 0.975423
v 0.004658 0.941970 0.971438
v 0.160379 0.974904 0.715210
v -0.000225 0.888163 0.643513
v -0.000225 0.943787 0.645127
v -0.000225 0.991176 0.658804
v -0.000225 1.023466 0.680448
v 0.045995 0.817100 0.963350
v 0.074279 0.817411 0.952193
v 0.116944 0.919673 0.892510
v 0.121881 0.938099 0.892510
v 0.120626 0.938098 0.902492
v 0.102968 0.906256 0.892510
v 0.115857 0.920300 0.902492
v 0.116944 0.938099 0.911793
v 0.085030 0.901249 0.892510
v 0.102357 0.907360 0.902492
v 0.112668 0.922142 0.911793
v 0.111088 0.938099 0.919781
v 0.094914 0.938097 0.929709
v 0.093589 0.943039 0.929709
v 0.085029 0.938096 0.931172
v 0.103456 0.938099 0.925910
v 0.100987 0.947311 0.925910
v 0.107597 0.951127 0.919781
v 0.112668 0.954055 0.911793
v 0.115857 0.955896 0.902492
v 0.089971 0.946657 0.929709
v 0.075817 0.954055 0.925910
v 0.080088 0.946657 0.929709
v 0.085029 0.947981 0.929709
v 0.085029 0.956524 0.925910
v 0.094243 0.954055 0.925910
v 0.098059 0.960665 0.919781
v 0.100987 0.965737 0.911793
v 0.102828 0.968925 0.902492
v 0.085029 0.970013 0.911793
v 0.062463 0.951127 0.919781
v 0.069072 0.947311 0.925910
v 0.072001 0.960665 0.919781
v 0.085030 0.964156 0.919781
v 0.069072 0.965737 0.911793
v 0.057391 0.954055 0.911793
v 0.053115 0.938099 0.911793
v 0.058972 0.938099 0.919781
v 0.057391 0.922142 0.911793
v 0.062463 0.925070 0.919781
v 0.069495 0.910593 0.911793
v 0.072001 0.915531 0.919781
v 0.085029 0.906256 0.911793
v 0.085030 0.912041 0.919781
v 0.098059 0.915531 0.919781
v 0.094243 0.922141 0.925910
v 0.085029 0.919673 0.925910
v 0.089971 0.929537 0.929709
v 0.075817 0.922141 0.925910
v 0.069072 0.928886 0.925910
v 0.066604 0.938099 0.925910
v 0.085029 0.928213 0.929709
v 0.080088 0.929537 0.929709
v 0.076469 0.933155 0.929709
v 0.075145 0.938097 0.929709
v 0.076469 0.943039 0.929709
v 0.100565 0.910593 0.911793
v 0.107597 0.925070 0.919781
v 0.100987 0.928886 0.925910
v 0.093589 0.933155 0.929709
v 0.067703 0.907360 0.902492
v 0.085030 0.902523 0.902492
v 0.048178 0.938099 0.892510
v 0.049434 0.938098 0.902492
v 0.054203 0.955896 0.902492
v 0.053115 0.919673 0.892510
v 0.054203 0.920300 0.902492
v 0.067092 0.906256 0.892510
v 0.085030 0.973694 0.902492
v 0.067232 0.968925 0.902492
v 0.116944 0.956524 0.892510
v 0.103456 0.970013 0.892510
v 0.085030 0.974950 0.892510
v 0.066604 0.970013 0.892510
v 0.053115 0.956524 0.892510
v -0.085242 0.974950 0.892510
v -0.066816 0.970013 0.892510
v -0.067444 0.968925 0.882529
v -0.085242 0.973694 0.882529
v -0.103040 0.968925 0.882529
v -0.069284 0.965737 0.873226
v -0.085241 0.970013 0.873226
v -0.072213 0.960665 0.865239
v -0.085242 0.964156 0.865239
v -0.076029 0.954055 0.859110
v -0.085241 0.956524 0.859110
v -0.080300 0.946657 0.855301
v -0.085241 0.947981 0.855301
v -0.101199 0.965737 0.873226
v -0.098271 0.960665 0.865239
v -0.094455 0.954055 0.859110
v -0.090183 0.946657 0.855301
v -0.085241 0.938096 0.853837
v -0.093801 0.943039 0.855301
v -0.101199 0.947311 0.859110
v -0.107809 0.951127 0.865239
v -0.112880 0.954055 0.873226
v -0.111300 0.938099 0.865239
v -0.117156 0.938099 0.873226
v -0.103668 0.938099 0.859110
v -0.095126 0.938097 0.855301
v -0.093801 0.933155 0.855301
v -0.090183 0.929537 0.855301
v -0.101199 0.928886 0.859110
v -0.107809 0.925070 0.865239
v -0.094455 0.922141 0.859110
v -0.097926 0.915660 0.865239
v -0.085241 0.919673 0.859110
v -0.085242 0.912120 0.865239
v -0.072558 0.915660 0.865239
v -0.076029 0.922141 0.859110
v -0.085241 0.928213 0.855301
v -0.080300 0.929537 0.855301
v -0.062675 0.925070 0.865239
v -0.058334 0.922365 0.873226
v -0.069706 0.910517 0.873226
v -0.085241 0.906180 0.873226
v -0.100777 0.910517 0.873226
v -0.112148 0.922365 0.873226
v -0.116068 0.955896 0.882529
v -0.120838 0.938098 0.882529
v -0.115252 0.920497 0.882529
v -0.102569 0.907283 0.882529
v -0.085242 0.902446 0.882529
v -0.067915 0.907283 0.882529
v -0.103179 0.906180 0.892510
v -0.116311 0.919861 0.892510
v -0.122093 0.938099 0.892510
v -0.117156 0.956524 0.892510
v -0.103667 0.970013 0.892510
v -0.053327 0.956524 0.892510
v -0.054415 0.955896 0.882529
v -0.049646 0.938098 0.882529
v -0.048390 0.938099 0.892510
v -0.055231 0.920497 0.882529
v -0.054172 0.919861 0.892510
v -0.067304 0.906180 0.892510
v -0.085242 0.901173 0.892510
v -0.053327 0.938099 0.873226
v -0.057603 0.954055 0.873226
v -0.059184 0.938099 0.865239
v -0.062675 0.951127 0.865239
v -0.066816 0.938099 0.859110
v -0.076681 0.933155 0.855301
v -0.075357 0.938097 0.855301
v -0.069284 0.928886 0.859110
v -0.069284 0.947311 0.859110
v -0.076681 0.943039 0.855301
v 0.085029 0.970013 0.873226
v 0.085030 0.964156 0.865239
v 0.072001 0.960665 0.865239
v 0.075817 0.954055 0.859110
v 0.085029 0.956524 0.859110
v 0.080088 0.946657 0.855301
v 0.085029 0.947981 0.855301
v 0.098059 0.960665 0.865239
v 0.094243 0.954055 0.859110
v 0.089971 0.946657 0.855301
v 0.085029 0.938096 0.853837
v 0.076469 0.943039 0.855301
v 0.069072 0.947311 0.859110
v 0.057391 0.954055 0.873226
v 0.062463 0.951127 0.865239
v 0.058972 0.938099 0.865239
v 0.066604 0.938099 0.859110
v 0.075145 0.938097 0.855301
v 0.076469 0.933155 0.855301
v 0.080088 0.929537 0.855301
v 0.069072 0.928886 0.859110
v 0.075817 0.922141 0.859110
v 0.062463 0.925070 0.865239
v 0.069072 0.965737 0.873226
v 0.067232 0.968925 0.882529
v 0.054203 0.955896 0.882529
v 0.053115 0.938099 0.873226
v 0.049434 0.938098 0.882529
v 0.057391 0.922142 0.873226
v 0.054203 0.920300 0.882529
v 0.085030 0.973694 0.882529
v 0.085030 0.974950 0.892510
v 0.066604 0.970013 0.892510
v 0.053115 0.956524 0.892510
v 0.048178 0.938099 0.892510
v 0.115857 0.920300 0.882529
v 0.120626 0.938098 0.882529
v 0.121881 0.938099 0.892510
v 0.116944 0.956524 0.892510
v 0.115857 0.955896 0.882529
v 0.103456 0.970013 0.892510
v 0.102828 0.968925 0.882529
v 0.100987 0.965737 0.873226
v 0.116944 0.938099 0.873226
v 0.112668 0.954055 0.873226
v 0.107597 0.951127 0.865239
v 0.100987 0.947311 0.859110
v 0.093589 0.943039 0.855301
v 0.094914 0.938097 0.855301
v 0.103456 0.938099 0.859110
v 0.111088 0.938099 0.865239
v 0.093589 0.933155 0.855301
v 0.100987 0.928886 0.859110
v 0.107597 0.925070 0.865239
v 0.112668 0.922142 0.873226
v 0.098059 0.915531 0.865239
v 0.072001 0.915531 0.865239
v 0.085029 0.919673 0.859110
v 0.085030 0.912041 0.865239
v 0.094243 0.922141 0.859110
v 0.089971 0.929537 0.855301
v 0.085029 0.928213 0.855301
v -0.072213 0.960665 0.919781
v -0.062675 0.951127 0.919781
v -0.057603 0.954055 0.911793
v -0.053327 0.938099 0.911793
v -0.059184 0.938099 0.919781
v -0.058334 0.922365 0.911793
v -0.063272 0.925335 0.919781
v -0.069706 0.910517 0.911793
v -0.072558 0.915660 0.919781
v -0.085241 0.906180 0.911793
v -0.085242 0.912120 0.919781
v -0.097926 0.915660 0.919781
v -0.094455 0.922141 0.925910
v -0.067915 0.907283 0.902492
v -0.085242 0.902446 0.902492
v -0.100776 0.910517 0.911793
v -0.107212 0.925335 0.919781
v -0.101199 0.928886 0.925910
v -0.093801 0.933155 0.929709
v -0.090183 0.929537 0.929709
v -0.112148 0.922365 0.911793
v -0.111300 0.938099 0.919781
v -0.103668 0.938099 0.925910
v -0.095126 0.938097 0.929709
v -0.085241 0.938096 0.931172
v -0.085241 0.928213 0.929709
v -0.085241 0.919673 0.925910
v -0.080300 0.929537 0.929709
v -0.076681 0.933155 0.929709
v -0.075357 0.938097 0.929709
v -0.076681 0.943039 0.929709
v -0.076029 0.922141 0.925910
v -0.069284 0.928886 0.925910
v -0.066816 0.938099 0.925910
v -0.069284 0.947311 0.925910
v -0.080300 0.946657 0.929709
v -0.076029 0.954055 0.925910
v -0.085241 0.956524 0.925910
v -0.085242 0.964156 0.919781
v -0.098271 0.960665 0.919781
v -0.101199 0.965737 0.911793
v -0.085241 0.970013 0.911793
v -0.069284 0.965737 0.911793
v -0.085241 0.947981 0.929709
v -0.094455 0.954055 0.925910
v -0.107809 0.951127 0.919781
v -0.112880 0.954055 0.911793
v -0.116068 0.955896 0.902492
v -0.103040 0.968925 0.902492
v -0.093801 0.943039 0.929709
v -0.101199 0.947311 0.925910
v -0.117156 0.938099 0.911793
v -0.120838 0.938098 0.902492
v -0.122093 0.938099 0.892510
v -0.116311 0.919861 0.892510
v -0.115252 0.920497 0.902492
v -0.103179 0.906180 0.892510
v -0.102569 0.907283 0.902492
v -0.085242 0.901173 0.892510
v -0.054415 0.955896 0.902492
v -0.049646 0.938098 0.902492
v -0.048390 0.938099 0.892510
v -0.054172 0.919861 0.892510
v -0.055231 0.920497 0.902492
v -0.067304 0.906180 0.892510
v -0.085242 0.973694 0.902492
v -0.067444 0.968925 0.902492
v -0.117156 0.956524 0.892510
v -0.103667 0.970013 0.892510
v -0.085242 0.974950 0.892510
v -0.066816 0.970013 0.892510
v -0.053327 0.956524 0.892510
v -0.090183 0.946657 0.929709
v 0.053115 0.919673 0.892510
v 0.067703 0.907360 0.882529
v 0.067092 0.906256 0.892510
v 0.085030 0.902523 0.882529
v 0.085030 0.901249 0.892510
v 0.102968 0.906256 0.892510
v 0.102357 0.907360 0.882529
v 0.116944 0.919673 0.892510
v 0.069495 0.910593 0.873226
v 0.085029 0.906256 0.873226
v 0.100565 0.910593 0.873226
vt 0.823730 0.064453
vt 0.823730 0.063477
vt 0.802246 0.063965
vt 0.823730 0.065430
vt 0.802246 0.064941
vt 0.774414 0.063965
vt 0.774414 0.064941
vt 0.748047 0.063477
vt 0.748047 0.064941
vt 0.718750 0.063477
vt 0.718750 0.064453
vt 0.682617 0.063965
vt 0.719238 0.065430
vt 0.824219 0.068359
vt 0.823730 0.067383
vt 0.801758 0.067871
vt 0.801758 0.066895
vt 0.823730 0.066406
vt 0.801758 0.065918
vt 0.774414 0.065918
vt 0.748047 0.065918
vt 0.773926 0.066895
vt 0.748047 0.066895
vt 0.773926 0.067871
vt 0.802246 0.068848
vt 0.719238 0.066406
vt 0.748047 0.067871
vt 0.774414 0.068848
vt 0.802246 0.069824
vt 0.824219 0.069336
vt 0.719238 0.067383
vt 0.718750 0.068359
vt 0.748047 0.068848
vt 0.718750 0.069336
vt 0.748047 0.069824
vt 0.774414 0.069824
vt 0.823242 0.066406
vt 0.823242 0.064941
vt 0.801758 0.065918
vt 0.823242 0.067383
vt 0.801758 0.067383
vt 0.774414 0.066406
vt 0.823730 0.068359
vt 0.801758 0.068359
vt 0.774414 0.067383
vt 0.749023 0.066406
vt 0.823730 0.063965
vt 0.802246 0.064941
vt 0.774902 0.064941
vt 0.749023 0.064941
vt 0.719727 0.064941
vt 0.823730 0.062500
vt 0.802246 0.063477
vt 0.774414 0.063965
vt 0.749023 0.063965
vt 0.719727 0.063477
vt 0.682617 0.064453
vt 0.720215 0.065918
vt 0.720215 0.067383
vt 0.749023 0.067383
vt 0.774414 0.069824
vt 0.774902 0.071289
vt 0.802734 0.070801
vt 0.749023 0.069824
vt 0.749023 0.070801
vt 0.719727 0.069824
vt 0.719727 0.070801
vt 0.720215 0.068359
vt 0.749023 0.068359
vt 0.774414 0.068848
vt 0.802246 0.069336
vt 0.824219 0.069824
vt 0.823730 0.066406
vt 0.823730 0.064941
vt 0.798340 0.065918
vt 0.823730 0.067383
vt 0.798340 0.066895
vt 0.769043 0.065430
vt 0.823730 0.068359
vt 0.798340 0.067871
vt 0.769043 0.066895
vt 0.736816 0.064941
vt 0.823730 0.063965
vt 0.798340 0.064453
vt 0.769043 0.064453
vt 0.737305 0.063965
vt 0.709473 0.063477
vt 0.823730 0.062988
vt 0.798340 0.063477
vt 0.769043 0.063477
vt 0.737305 0.062988
vt 0.709473 0.062500
vt 0.683105 0.064453
vt 0.709473 0.064941
vt 0.709473 0.065918
vt 0.737305 0.065918
vt 0.769043 0.068848
vt 0.769043 0.069824
vt 0.798828 0.069824
vt 0.737793 0.068359
vt 0.737305 0.069336
vt 0.709473 0.068359
vt 0.709473 0.069336
vt 0.709473 0.067383
vt 0.737305 0.067383
vt 0.769043 0.067871
vt 0.798340 0.068848
vt 0.824219 0.069336
vt 0.146851 0.167969
vt 0.156738 0.198730
vt 0.170410 0.174805
vt 0.175415 0.165527
vt 0.162598 0.147949
vt 0.141357 0.132324
vt 0.124084 0.152344
vt 0.103149 0.140137
vt 0.082764 0.166992
vt 0.075256 0.157227
vt 0.073975 0.186035
vt 0.067749 0.176758
vt 0.063477 0.201660
vt 0.118164 0.121582
vt 0.085754 0.134766
vt 0.067993 0.150879
vt 0.059692 0.166016
vt 0.059479 0.193359
vt 0.051483 0.180664
vt 0.041199 0.212402
vt 0.096863 0.115234
vt 0.081543 0.109375
vt 0.071960 0.124023
vt 0.049286 0.217285
vt 0.031097 0.233887
vt 0.033997 0.238281
vt 0.025085 0.246582
vt 0.025192 0.249512
vt 0.018494 0.258789
vt 0.028687 0.251465
vt 0.031097 0.250977
vt 0.053497 0.229004
vt 0.070984 0.215820
vt 0.039276 0.241699
vt 0.045471 0.243164
vt 0.063660 0.232422
vt 0.086548 0.224609
vt 0.048798 0.244141
vt 0.066589 0.236328
vt 0.097473 0.228027
vt 0.104492 0.208008
vt 0.084290 0.198242
vt 0.112854 0.224121
vt 0.130371 0.202637
vt 0.120667 0.191895
vt 0.096375 0.181152
vt 0.144043 0.211914
vt 0.626953 0.156738
vt 0.643066 0.168457
vt 0.629883 0.165039
vt 0.656738 0.165039
vt 0.660156 0.171387
vt 0.661133 0.178711
vt 0.657715 0.182617
vt 0.655762 0.189453
vt 0.662109 0.187500
vt 0.669922 0.180176
vt 0.666504 0.171875
vt 0.661133 0.163574
vt 0.648926 0.155762
vt 0.646484 0.157715
vt 0.675781 0.170410
vt 0.665527 0.160645
vt 0.652344 0.152832
vt 0.636230 0.152832
vt 0.635254 0.155762
vt 0.626953 0.156250
vt 0.637695 0.149902
vt 0.621582 0.154297
vt 0.626953 0.150391
vt 0.640137 0.145996
vt 0.655762 0.147949
vt 0.626465 0.144531
vt 0.671875 0.156738
vt 0.660156 0.144531
vt 0.644531 0.138184
vt 0.626465 0.137695
vt 0.613281 0.149902
vt 0.628418 0.132324
vt 0.646484 0.135254
vt 0.631836 0.125488
vt 0.688477 0.166504
vt 0.675781 0.152832
vt 0.662109 0.142578
vt 0.648438 0.131836
vt 0.652832 0.125000
vt 0.636719 0.118164
vt 0.659668 0.115234
vt 0.664551 0.139160
vt 0.678223 0.149414
vt 0.675781 0.124512
vt 0.669434 0.132812
vt 0.679688 0.145508
vt 0.694824 0.154297
vt 0.697266 0.161621
vt 0.697754 0.173340
vt 0.689453 0.132324
vt 0.682617 0.116699
vt 0.684082 0.140137
vt 0.695801 0.145020
vt 0.691895 0.149902
vt 0.704102 0.149414
vt 0.713867 0.155762
vt 0.708984 0.168457
vt 0.715332 0.180176
vt 0.696777 0.186523
vt 0.713379 0.189941
vt 0.720215 0.164551
vt 0.732422 0.206543
vt 0.712891 0.203613
vt 0.695801 0.199707
vt 0.713867 0.217773
vt 0.733887 0.219727
vt 0.759766 0.207520
vt 0.762695 0.220215
vt 0.797363 0.219238
vt 0.803711 0.238770
vt 0.838867 0.209473
vt 0.768555 0.258301
vt 0.765625 0.238770
vt 0.737793 0.267578
vt 0.736328 0.254883
vt 0.734375 0.237305
vt 0.697754 0.214355
vt 0.714844 0.233398
vt 0.717285 0.248535
vt 0.716309 0.262695
vt 0.737793 0.277344
vt 0.765137 0.267090
vt 0.770996 0.273926
vt 0.807617 0.265137
vt 0.682617 0.218262
vt 0.693359 0.249023
vt 0.680176 0.255371
vt 0.701172 0.230957
vt 0.707031 0.242188
vt 0.703613 0.250977
vt 0.713867 0.272461
vt 0.662598 0.268066
vt 0.664062 0.251953
vt 0.674805 0.240234
vt 0.666504 0.273438
vt 0.678223 0.267578
vt 0.690918 0.277344
vt 0.713379 0.287109
vt 0.738281 0.289551
vt 0.741699 0.309570
vt 0.657715 0.238770
vt 0.646484 0.258301
vt 0.640137 0.276367
vt 0.647949 0.284668
vt 0.631836 0.325684
vt 0.638184 0.312012
vt 0.663574 0.311523
vt 0.611816 0.298828
vt 0.623047 0.294922
vt 0.682129 0.301270
vt 0.685059 0.330566
vt 0.661621 0.332031
vt 0.623047 0.333984
vt 0.603516 0.306152
vt 0.618164 0.278809
vt 0.624023 0.259766
vt 0.627441 0.246582
vt 0.612305 0.258301
vt 0.609863 0.250000
vt 0.589844 0.314941
vt 0.595703 0.279297
vt 0.589844 0.253418
vt 0.604980 0.236816
vt 0.623047 0.236816
vt 0.645020 0.244141
vt 0.587891 0.235352
vt 0.598633 0.221680
vt 0.614746 0.223145
vt 0.638184 0.232910
vt 0.648926 0.226562
vt 0.666016 0.229492
vt 0.655762 0.218750
vt 0.660156 0.209473
vt 0.670898 0.214355
vt 0.604980 0.207520
vt 0.628418 0.220215
vt 0.637207 0.213867
vt 0.643555 0.206543
vt 0.647461 0.199707
vt 0.647949 0.193359
vt 0.592285 0.206055
vt 0.583008 0.187500
vt 0.590332 0.188965
vt 0.614258 0.203613
vt 0.620605 0.197266
vt 0.625977 0.190430
vt 0.597168 0.185547
vt 0.603516 0.179688
vt 0.629395 0.185059
vt 0.610352 0.174316
vt 0.596680 0.165527
vt 0.589355 0.167969
vt 0.583496 0.169922
vt 0.604492 0.165039
vt 0.616699 0.169922
vt 0.631348 0.181152
vt 0.625488 0.166016
vt 0.621582 0.155273
vt 0.609375 0.155762
vt 0.596680 0.155273
vt 0.588379 0.156738
vt 0.634277 0.176270
vt 0.601074 0.146973
vt 0.591309 0.148438
vt 0.583496 0.158691
vt 0.584961 0.149902
vt 0.587402 0.140137
vt 0.583496 0.140137
vt 0.585449 0.127441
vt 0.574707 0.139160
vt 0.575195 0.126465
vt 0.564941 0.126465
vt 0.564941 0.116211
vt 0.592285 0.141113
vt 0.590332 0.127441
vt 0.586426 0.117676
vt 0.575684 0.114746
vt 0.562988 0.109375
vt 0.559570 0.118164
vt 0.591797 0.119629
vt 0.588867 0.110352
vt 0.576172 0.105469
vt 0.563965 0.100586
vt 0.555176 0.116211
vt 0.548340 0.114746
vt 0.544922 0.124023
vt 0.538574 0.125488
vt 0.538086 0.135742
vt 0.576660 0.095215
vt 0.564453 0.099121
vt 0.576660 0.090820
vt 0.588867 0.101562
vt 0.596191 0.118164
vt 0.596680 0.127441
vt 0.605469 0.126953
vt 0.598633 0.140137
vt 0.610840 0.139160
vt 0.611816 0.128906
vt 0.603027 0.117188
vt 0.614258 0.118164
vt 0.666016 0.105957
vt 0.648926 0.097656
vt 0.654785 0.088379
vt 0.642578 0.108398
vt 0.625000 0.103027
vt 0.619629 0.111328
vt 0.629883 0.092285
vt 0.603027 0.106445
vt 0.605957 0.098633
vt 0.609375 0.089355
vt 0.613281 0.079590
vt 0.635254 0.082031
vt 0.588867 0.094238
vt 0.588379 0.100098
vt 0.577148 0.087891
vt 0.564453 0.093262
vt 0.577148 0.084473
vt 0.590820 0.086914
vt 0.592773 0.079102
vt 0.577148 0.077637
vt 0.563477 0.085938
vt 0.546875 0.096191
vt 0.548828 0.104004
vt 0.527832 0.098633
vt 0.532227 0.107422
vt 0.514648 0.112305
vt 0.544434 0.086426
vt 0.562012 0.077637
vt 0.577637 0.071289
vt 0.591797 0.071777
vt 0.563477 0.070312
vt 0.541504 0.076172
vt 0.523926 0.087402
vt 0.519531 0.076660
vt 0.539551 0.067383
vt 0.493896 0.071777
vt 0.515625 0.066895
vt 0.481201 0.088379
vt 0.475342 0.079102
vt 0.499268 0.081055
vt 0.504395 0.091309
vt 0.509766 0.102051
vt 0.492432 0.107910
vt 0.498291 0.118164
vt 0.469482 0.107422
vt 0.463379 0.099609
vt 0.486572 0.097656
vt 0.453613 0.133789
vt 0.450195 0.126465
vt 0.460938 0.122070
vt 0.448730 0.120605
vt 0.455811 0.115723
vt 0.475342 0.115723
vt 0.434570 0.143066
vt 0.444580 0.137695
vt 0.453613 0.143555
vt 0.440918 0.129395
vt 0.441895 0.120117
vt 0.449219 0.109863
vt 0.431152 0.132324
vt 0.431152 0.119629
vt 0.439697 0.103027
vt 0.456055 0.090332
vt 0.791504 0.065918
vt 0.791504 0.064941
vt 0.769531 0.064941
vt 0.769531 0.065918
vt 0.744141 0.064453
vt 0.744141 0.065430
vt 0.718262 0.064453
vt 0.718262 0.065430
vt 0.791504 0.066895
vt 0.769531 0.066895
vt 0.744629 0.066406
vt 0.718262 0.066406
vt 0.682617 0.064453
vt 0.718262 0.062988
vt 0.718262 0.067383
vt 0.744629 0.067383
vt 0.770020 0.067871
vt 0.791504 0.067871
vt 0.824219 0.067383
vt 0.824219 0.066406
vt 0.824219 0.068359
vt 0.791992 0.068848
vt 0.770020 0.068848
vt 0.745117 0.068359
vt 0.718262 0.068359
vt 0.824219 0.069336
vt 0.791992 0.069824
vt 0.770020 0.069824
vt 0.744629 0.069336
vt 0.717773 0.069336
vt 0.941406 0.768677
vt 0.943848 0.762939
vt 0.944824 0.765869
vt 0.937500 0.762817
vt 0.940430 0.758789
vt 0.927246 0.782715
vt 0.936035 0.755615
vt 0.911621 0.755005
vt 0.916504 0.754028
vt 0.916504 0.758911
vt 0.920898 0.758057
vt 0.921875 0.752808
vt 0.927246 0.752808
vt 0.928223 0.758179
vt 0.931641 0.753540
vt 0.933105 0.760010
vt 0.922852 0.778320
vt 0.920410 0.776489
vt 0.910156 0.789551
vt 0.911621 0.794067
vt 0.897949 0.796875
vt 0.897461 0.792847
vt 0.875977 0.792480
vt 0.878418 0.788696
vt 0.860840 0.783203
vt 0.864746 0.779419
vt 0.852539 0.775146
vt 0.916992 0.773315
vt 0.908203 0.782715
vt 0.909180 0.786255
vt 0.897949 0.789673
vt 0.882812 0.782715
vt 0.894531 0.774292
vt 0.900879 0.773926
vt 0.897461 0.786011
vt 0.886230 0.779053
vt 0.870605 0.773315
vt 0.877441 0.768555
vt 0.890137 0.764404
vt 0.857910 0.770630
vt 0.865723 0.764648
vt 0.875488 0.759888
vt 0.887695 0.756958
vt 0.897461 0.760620
vt 0.903320 0.773804
vt 0.910645 0.761230
vt 0.910156 0.768921
vt 0.906738 0.760986
vt 0.902344 0.761719
vt 0.904297 0.755493
vt 0.905273 0.754517
vt 0.901367 0.755615
vt 0.896973 0.755249
vt 0.908691 0.755005
vt 0.905762 0.754639
vt 0.985840 0.168945
vt 0.986328 0.140137
vt 0.980469 0.139160
vt 0.994141 0.168457
vt 0.990234 0.193848
vt 0.995117 0.141113
vt 0.988281 0.216797
vt 0.983887 0.195312
vt 0.979980 0.168945
vt 0.974121 0.138672
vt 0.990234 0.113770
vt 0.982422 0.112793
vt 0.976562 0.111328
vt 0.970215 0.111816
vt 0.963379 0.113281
vt 0.983398 0.088379
vt 0.978027 0.086914
vt 0.973145 0.085449
vt 0.967773 0.085449
vt 0.962891 0.086914
vt 0.957520 0.088379
vt 0.956055 0.115234
vt 0.982422 0.066406
vt 0.978027 0.064453
vt 0.973633 0.061035
vt 0.967773 0.060547
vt 0.961914 0.062988
vt 0.957031 0.065918
vt 0.953125 0.065918
vt 0.953125 0.087891
vt 0.948730 0.114258
vt 0.957520 0.142578
vt 0.965820 0.139648
vt 0.964355 0.168945
vt 0.972656 0.168945
vt 0.972656 0.196289
vt 0.978516 0.196289
vt 0.982910 0.217773
vt 0.987305 0.236816
vt 0.978027 0.218750
vt 0.982422 0.236816
vt 0.981445 0.251953
vt 0.985840 0.252441
vt 0.981445 0.267578
vt 0.985840 0.268066
vt 0.984375 0.287109
vt 0.979980 0.287109
vt 0.947266 0.143066
vt 0.958008 0.169434
vt 0.965820 0.195312
vt 0.973145 0.218750
vt 0.978027 0.237305
vt 0.977539 0.251953
vt 0.977539 0.267578
vt 0.949219 0.170898
vt 0.960449 0.194824
vt 0.967285 0.218262
vt 0.973633 0.237793
vt 0.973633 0.252441
vt 0.973633 0.268066
vt 0.954102 0.197266
vt 0.962891 0.217773
vt 0.968750 0.237305
vt 0.969238 0.252441
vt 0.969238 0.268555
vt 0.957520 0.218750
vt 0.964355 0.236816
vt 0.965332 0.252441
vt 0.964844 0.268066
vt 0.959473 0.237305
vt 0.961426 0.252441
vt 0.960938 0.267090
vt 0.976074 0.289062
vt 0.971680 0.290039
vt 0.966797 0.289551
vt 0.962891 0.287109
vt 0.959473 0.285156
vt 0.220581 0.624756
vt 0.202881 0.606201
vt 0.212036 0.605713
vt 0.217163 0.585205
vt 0.206299 0.567139
vt 0.226074 0.549316
vt 0.201904 0.589844
vt 0.191040 0.591797
vt 0.177856 0.594727
vt 0.188110 0.608398
vt 0.212891 0.630371
vt 0.228638 0.648193
vt 0.167236 0.581299
vt 0.246948 0.519043
vt 0.253662 0.535889
vt 0.239502 0.544678
vt 0.234375 0.570557
vt 0.252686 0.569336
vt 0.249756 0.584961
vt 0.245239 0.616699
vt 0.240723 0.617920
vt 0.242188 0.593506
vt 0.228027 0.604492
vt 0.233154 0.625732
vt 0.233643 0.647217
vt 0.239258 0.644043
vt 0.240723 0.659912
vt 0.243774 0.657471
vt 0.242798 0.638672
vt 0.237671 0.658691
vt 0.246460 0.669678
vt 0.244385 0.655029
vt 0.245483 0.636230
vt 0.782227 0.120605
vt 0.782227 0.138184
vt 0.759766 0.136719
vt 0.767090 0.120605
vt 0.751953 0.131348
vt 0.746094 0.124023
vt 0.727539 0.138184
vt 0.738281 0.148926
vt 0.750977 0.155273
vt 0.782227 0.150391
vt 0.804688 0.098633
vt 0.797363 0.120605
vt 0.782227 0.098145
vt 0.782227 0.076172
vt 0.750488 0.076660
vt 0.759766 0.098633
vt 0.813965 0.076660
vt 0.813477 0.155273
vt 0.805176 0.136719
vt 0.826172 0.148926
vt 0.812500 0.131348
vt 0.836914 0.138184
vt 0.818359 0.124023
vt 0.101196 0.060059
vt 0.107788 0.058105
vt 0.113159 0.074707
vt 0.106262 0.076172
vt 0.120667 0.084961
vt 0.116577 0.087891
vt 0.135010 0.093750
vt 0.132446 0.097168
vt 0.149780 0.100586
vt 0.115173 0.092773
vt 0.101746 0.081055
vt 0.093872 0.064941
vt 0.093750 0.015625
vt 0.103455 0.007324
vt 0.149902 0.056641
vt 0.083069 0.023926
vt 0.193481 0.076172
vt 0.183228 0.087891
vt 0.179199 0.085449
vt 0.186768 0.074707
vt 0.198730 0.060547
vt 0.192139 0.058594
vt 0.196655 0.007324
vt 0.150024 0.005371
vt 0.206299 0.015625
vt 0.206055 0.065430
vt 0.217041 0.024414
vt 0.164795 0.093750
vt 0.149780 0.097656
vt 0.149780 0.089355
vt 0.149902 0.076172
vt 0.167236 0.097168
vt 0.197998 0.081055
vt 0.184692 0.092773
vt 0.167480 0.100586
vt 0.149780 0.103516
vt 0.132324 0.100586
vt 0.487793 0.174805
vt 0.503906 0.162109
vt 0.489258 0.182129
vt 0.499023 0.179199
vt 0.483154 0.179199
vt 0.484863 0.170898
vt 0.483643 0.189941
vt 0.496826 0.186523
vt 0.514160 0.175781
vt 0.516113 0.180176
vt 0.529785 0.166016
vt 0.535645 0.171387
vt 0.542480 0.162109
vt 0.474121 0.179199
vt 0.541992 0.176758
vt 0.550293 0.163574
vt 0.557617 0.166504
vt 0.519043 0.185547
vt 0.496582 0.192871
vt 0.482910 0.201172
vt 0.471191 0.190430
vt 0.523438 0.192871
vt 0.548340 0.183105
vt 0.499756 0.200195
vt 0.486572 0.210938
vt 0.475586 0.220703
vt 0.492676 0.219727
vt 0.483154 0.230957
vt 0.495117 0.237305
vt 0.513672 0.214844
vt 0.502441 0.227051
vt 0.505371 0.208008
vt 0.529297 0.199707
vt 0.538086 0.204590
vt 0.526855 0.219238
vt 0.542969 0.219238
vt 0.570312 0.234375
vt 0.571289 0.215820
vt 0.552734 0.233398
vt 0.556152 0.216309
vt 0.550781 0.204102
vt 0.554688 0.187500
vt 0.569336 0.254883
vt 0.569336 0.181152
vt 0.572754 0.179199
vt 0.571777 0.198730
vt 0.562012 0.200195
vt 0.562012 0.186523
vt 0.562988 0.168945
vt 0.567383 0.169922
vt 0.563965 0.157715
vt 0.566895 0.159668
vt 0.559570 0.155762
vt 0.551270 0.153320
vt 0.557129 0.146973
vt 0.562988 0.148926
vt 0.568359 0.152344
vt 0.571289 0.167480
vt 0.573242 0.166504
vt 0.574219 0.151855
vt 0.579590 0.152832
vt 0.565918 0.139160
vt 0.562012 0.139160
vt 0.547852 0.144531
vt 0.556641 0.139648
vt 0.560059 0.125977
vt 0.553711 0.125488
vt 0.550293 0.138184
vt 0.535156 0.146484
vt 0.538574 0.152344
vt 0.522949 0.132812
vt 0.522949 0.139648
vt 0.508789 0.140137
vt 0.521484 0.145508
vt 0.510742 0.144043
vt 0.496338 0.145508
vt 0.482178 0.152344
vt 0.486572 0.155762
vt 0.480225 0.163086
vt 0.492920 0.140625
vt 0.505371 0.131836
vt 0.476074 0.171387
vt 0.466064 0.169922
vt 0.471191 0.161133
vt 0.476318 0.147461
vt 0.488770 0.136719
vt 0.448975 0.162109
vt 0.458740 0.156250
vt 0.466553 0.178223
vt 0.486572 0.163574
vt 0.438477 0.156250
vt 0.450684 0.150391
vt 0.472656 0.144043
vt 0.511719 0.147461
vt 0.499023 0.148926
vt 0.490479 0.157715
vt 0.526367 0.149902
vt 0.513184 0.149902
vt 0.501465 0.150879
vt 0.526367 0.151367
vt 0.520996 0.151855
vt 0.520996 0.151367
vt 0.521973 0.161621
vt 0.517578 0.160156
vt 0.511719 0.170898
vt 0.941406 0.768677
vt 0.944824 0.765869
vt 0.943848 0.762939
vt 0.927246 0.782715
vt 0.937500 0.762817
vt 0.940430 0.758789
vt 0.936035 0.755615
vt 0.920898 0.758057
vt 0.928223 0.758179
vt 0.927246 0.752808
vt 0.931641 0.753540
vt 0.933105 0.760010
vt 0.922852 0.778320
vt 0.911621 0.794067
vt 0.910156 0.789551
vt 0.897949 0.796875
vt 0.920410 0.776489
vt 0.916504 0.758911
vt 0.916992 0.773315
vt 0.908203 0.782715
vt 0.909180 0.786255
vt 0.897949 0.789673
vt 0.897461 0.792847
vt 0.878418 0.788696
vt 0.882812 0.782715
vt 0.864746 0.779419
vt 0.903320 0.773804
vt 0.900879 0.773926
vt 0.910156 0.768921
vt 0.910645 0.761230
vt 0.911621 0.755005
vt 0.916504 0.754028
vt 0.921875 0.752808
vt 0.877441 0.768555
vt 0.875488 0.759888
vt 0.865723 0.764648
vt 0.887695 0.756958
vt 0.890137 0.764404
vt 0.897461 0.760620
vt 0.902344 0.761719
vt 0.906738 0.760986
vt 0.904297 0.755493
vt 0.901367 0.755615
vt 0.896973 0.755249
vt 0.908691 0.755005
vt 0.905762 0.754639
vt 0.905273 0.754517
vt 0.237183 0.680664
vt 0.245483 0.691895
vt 0.233276 0.683594
vt 0.228638 0.669678
vt 0.223633 0.670654
vt 0.217407 0.674561
vt 0.203979 0.655273
vt 0.200684 0.666748
vt 0.177490 0.642822
vt 0.169189 0.662598
vt 0.156006 0.642334
vt 0.154175 0.657227
vt 0.138184 0.635986
vt 0.160889 0.629395
vt 0.170532 0.622314
vt 0.182251 0.637207
vt 0.143799 0.618408
vt 0.121765 0.597656
vt 0.137817 0.590820
vt 0.160034 0.609619
vt 0.131104 0.642822
vt 0.117371 0.637695
vt 0.107971 0.624512
vt 0.096375 0.604248
vt 0.090576 0.593994
vt 0.108459 0.577881
vt 0.128784 0.575195
vt 0.139160 0.569824
vt 0.147827 0.584717
vt 0.170166 0.600098
vt 0.180176 0.614258
vt 0.189941 0.628174
vt 0.213745 0.651123
vt 0.198853 0.144043
vt 0.191284 0.148438
vt 0.182983 0.149414
vt 0.182861 0.131836
vt 0.182983 0.138672
vt 0.162231 0.138184
vt 0.158447 0.131836
vt 0.158325 0.110352
vt 0.182739 0.109863
vt 0.207275 0.109863
vt 0.207397 0.131836
vt 0.203613 0.138184
vt 0.182983 0.144043
vt 0.166992 0.144043
vt 0.174683 0.148438
vt 0.687500 0.041016
vt 0.688477 0.045410
vt 0.669434 0.045410
vt 0.705078 0.009277
vt 0.706055 0.020020
vt 0.687012 0.022461
vt 0.705566 0.036133
vt 0.687012 0.037109
vt 0.705078 0.040527
vt 0.705078 0.044922
vt 0.651367 0.059570
vt 0.658691 0.053711
vt 0.659668 0.055176
vt 0.669434 0.042480
vt 0.668945 0.040039
vt 0.670410 0.024414
vt 0.688965 0.009766
vt 0.674316 0.010254
vt 0.669434 0.008789
vt 0.665039 0.024414
vt 0.657715 0.052734
vt 0.659668 0.037109
vt 0.648926 0.025391
vt 0.648926 0.005859
vt 0.645020 0.006348
vt 0.644043 0.024902
vt 0.634277 0.006348
vt 0.634766 0.023926
vt 0.620117 0.007324
vt 0.644043 0.044922
vt 0.650879 0.050293
vt 0.648926 0.040527
vt 0.656250 0.046875
vt 0.650391 0.057617
vt 0.604492 0.007812
vt 0.619141 0.023438
vt 0.632324 0.041504
vt 0.631836 0.044434
vt 0.642578 0.048828
vt 0.617676 0.039551
vt 0.602539 0.043457
vt 0.603516 0.046875
vt 0.586914 0.046875
vt 0.618164 0.042480
vt 0.618164 0.045410
vt 0.631836 0.047852
vt 0.641113 0.052734
vt 0.651855 0.061035
vt 0.602051 0.040039
vt 0.603027 0.021973
vt 0.587891 0.006836
vt 0.586914 0.020996
vt 0.571777 0.006836
vt 0.586914 0.042480
vt 0.586914 0.038574
vt 0.571777 0.021484
vt 0.571777 0.038574
vt 0.571777 0.041504
vt 0.557129 0.020996
vt 0.556152 0.006836
vt 0.557129 0.038574
vt 0.557129 0.042480
vt 0.571777 0.044434
vt 0.541016 0.043457
vt 0.557129 0.046875
vt 0.499756 0.044434
vt 0.493164 0.057617
vt 0.492676 0.049805
vt 0.500977 0.048828
vt 0.511719 0.044434
vt 0.511230 0.041504
vt 0.525879 0.042480
vt 0.525879 0.039551
vt 0.541992 0.040039
vt 0.540527 0.046875
vt 0.525879 0.044922
vt 0.512207 0.047363
vt 0.502441 0.052734
vt 0.492676 0.059082
vt 0.491943 0.060547
vt 0.484131 0.055176
vt 0.485352 0.053711
vt 0.486328 0.052734
vt 0.474365 0.042480
vt 0.487549 0.046875
vt 0.474365 0.044922
vt 0.456299 0.041016
vt 0.474609 0.039551
vt 0.484131 0.037109
vt 0.455566 0.044922
vt 0.494873 0.040527
vt 0.438965 0.044434
vt 0.438477 0.040039
vt 0.438232 0.035645
vt 0.457031 0.036621
vt 0.473389 0.024414
vt 0.478760 0.024414
vt 0.474121 0.008301
vt 0.494873 0.025391
vt 0.494873 0.005859
vt 0.456787 0.021973
vt 0.437988 0.019531
vt 0.438721 0.008789
vt 0.454590 0.009766
vt 0.469727 0.009766
vt 0.540527 0.021973
vt 0.524414 0.023438
vt 0.508789 0.023438
vt 0.500000 0.024902
vt 0.498779 0.006348
vt 0.509277 0.005859
vt 0.523438 0.007324
vt 0.539062 0.007812
vt 0.916992 0.089355
vt 0.926270 0.089844
vt 0.923828 0.097168
vt 0.934082 0.090332
vt 0.932617 0.098633
vt 0.941895 0.091309
vt 0.939941 0.098633
vt 0.919922 0.102051
vt 0.916016 0.104004
vt 0.917480 0.096680
vt 0.911133 0.096680
vt 0.912109 0.088867
vt 0.904785 0.096191
vt 0.905273 0.088867
vt 0.897949 0.097168
vt 0.897949 0.088379
vt 0.890625 0.088379
vt 0.890625 0.097168
vt 0.883789 0.088867
vt 0.884277 0.096680
vt 0.877441 0.097168
vt 0.876953 0.088379
vt 0.870117 0.097168
vt 0.869629 0.088867
vt 0.862793 0.088867
vt 0.863281 0.096680
vt 0.855957 0.088867
vt 0.856934 0.097168
vt 0.851074 0.089844
vt 0.850586 0.097168
vt 0.843750 0.097656
vt 0.841797 0.090332
vt 0.833984 0.091309
vt 0.835449 0.099121
vt 0.826172 0.092285
vt 0.828125 0.099121
vt 0.848145 0.102051
vt 0.852051 0.104004
vt 0.745605 0.056641
vt 0.738770 0.050293
vt 0.739746 0.045898
vt 0.748047 0.054199
vt 0.751465 0.060547
vt 0.752441 0.056152
vt 0.761719 0.053223
vt 0.755371 0.045898
vt 0.747559 0.043945
vt 0.747559 0.033691
vt 0.740234 0.035156
vt 0.749023 0.050781
vt 0.751953 0.052734
vt 0.759766 0.048828
vt 0.758301 0.035156
vt 0.749023 0.016113
vt 0.745117 0.015625
vt 0.726562 0.014648
vt 0.722168 0.032227
vt 0.719238 0.042480
vt 0.717285 0.047852
vt 0.821777 0.047852
vt 0.806641 0.047363
vt 0.807617 0.034180
vt 0.792480 0.034180
vt 0.791992 0.047852
vt 0.777344 0.035156
vt 0.775879 0.048340
vt 0.762207 0.036133
vt 0.806641 0.010254
vt 0.820801 0.007812
vt 0.790527 0.012207
vt 0.776367 0.014648
vt 0.764648 0.016113
vt 0.762207 0.016113
vt 0.868164 0.053711
vt 0.883789 0.051758
vt 0.884277 0.053223
vt 0.868164 0.055176
vt 0.852539 0.053711
vt 0.852539 0.052246
vt 0.836914 0.054199
vt 0.837402 0.047852
vt 0.822266 0.032715
vt 0.836914 0.055664
vt 0.820801 0.053711
vt 0.898438 0.045898
vt 0.896973 0.032715
vt 0.911621 0.032227
vt 0.882812 0.046875
vt 0.867676 0.047852
vt 0.852539 0.046875
vt 0.837402 0.032227
vt 0.852051 0.032227
vt 0.836914 0.006836
vt 0.852051 0.006348
vt 0.866699 0.031738
vt 0.881836 0.032227
vt 0.866699 0.006836
vt 0.882812 0.006836
vt 0.896973 0.008789
vt 0.913086 0.010254
vt 0.927246 0.012207
vt 0.941406 0.013184
vt 0.946289 0.031738
vt 0.942383 0.033203
vt 0.938965 0.013672
vt 0.926758 0.032715
vt 0.913086 0.045898
vt 0.899902 0.051758
vt 0.928711 0.045898
vt 0.945312 0.045410
vt 0.949707 0.042969
vt 0.957031 0.030273
vt 0.957031 0.040527
vt 0.964355 0.031250
vt 0.964844 0.041992
vt 0.955566 0.046875
vt 0.952637 0.049316
vt 0.985352 0.038086
vt 0.987305 0.042969
vt 0.966309 0.046387
vt 0.981934 0.027832
vt 0.976562 0.010254
vt 0.958496 0.012207
vt 0.954590 0.012695
vt 0.959473 0.052734
vt 0.957031 0.050781
vt 0.954102 0.057129
vt 0.952637 0.052734
vt 0.943359 0.050293
vt 0.930176 0.048340
vt 0.930664 0.049316
vt 0.914551 0.051758
vt 0.914551 0.050781
vt 0.900391 0.052734
vt 0.842285 0.064941
vt 0.835938 0.066895
vt 0.837402 0.062500
vt 0.839355 0.060059
vt 0.831543 0.083008
vt 0.826660 0.069824
vt 0.842285 0.080566
vt 0.849609 0.080566
vt 0.848633 0.064941
vt 0.856445 0.080566
vt 0.855957 0.062988
vt 0.863281 0.081055
vt 0.862305 0.062500
vt 0.870117 0.080078
vt 0.869629 0.061523
vt 0.876465 0.080078
vt 0.876465 0.061523
vt 0.883301 0.080078
vt 0.883789 0.062012
vt 0.890625 0.062012
vt 0.890137 0.080078
vt 0.897461 0.062012
vt 0.896484 0.080566
vt 0.904785 0.062988
vt 0.903320 0.081055
vt 0.911133 0.063965
vt 0.910156 0.081055
vt 0.918457 0.065430
vt 0.916992 0.081055
vt 0.924316 0.065430
vt 0.924316 0.081055
vt 0.930664 0.067383
vt 0.935059 0.083008
vt 0.939941 0.070312
vt 0.927246 0.060059
vt 0.929199 0.062988
vt 0.820801 0.052734
vt 0.805176 0.053223
vt 0.790527 0.052734
vt 0.774414 0.050781
vt 0.773926 0.051758
vt 0.790527 0.053711
vt 0.804688 0.054199
vt 0.033600 0.172852
vt 0.026398 0.170898
vt 0.026688 0.200195
vt 0.041687 0.155762
vt 0.024689 0.228516
vt 0.021591 0.224609
vt 0.018585 0.241211
vt 0.034698 0.207031
vt 0.044983 0.175781
vt 0.053192 0.160645
vt 0.048584 0.140625
vt 0.061493 0.145508
vt 0.065491 0.119141
vt 0.055573 0.112793
vt 0.075073 0.104004
vt 0.042389 0.101074
vt 0.033386 0.129883
vt 0.031097 0.150391
vt 0.017288 0.151367
vt 0.015198 0.132812
vt 0.065491 0.097656
vt 0.054199 0.080566
vt 0.031891 0.071289
vt 0.026596 0.079102
vt 0.011993 0.100586
vt 0.004498 0.114746
vt 0.005997 0.129395
vt 0.002998 0.156250
vt 0.004997 0.172363
vt 0.014999 0.202148
vt 0.015297 0.220703
vt 0.014198 0.238770
vt 0.011993 0.253418
vt 0.469482 0.136230
vt 0.465576 0.129883
vt 0.480957 0.124512
vt 0.457031 0.139160
vt 0.470703 0.140137
vt 0.485352 0.130859
vt 0.487305 0.134277
vt 0.501953 0.125000
vt 0.518555 0.120117
vt 0.537109 0.114258
vt 0.521484 0.127441
vt 0.503418 0.128906
vt 0.763672 0.390137
vt 0.727051 0.387207
vt 0.734375 0.361816
vt 0.772949 0.337402
vt 0.740234 0.335449
vt 0.768555 0.364258
vt 0.798828 0.391602
vt 0.773926 0.310547
vt 0.807617 0.341309
vt 0.802734 0.367676
vt 0.818848 0.371582
vt 0.810547 0.394043
vt 0.806641 0.413574
vt 0.796387 0.413574
vt 0.772461 0.289062
vt 0.811523 0.313965
vt 0.844727 0.323730
vt 0.830078 0.347656
vt 0.813477 0.288574
vt 0.856445 0.288574
vt 0.848145 0.255371
vt 0.875977 0.243652
vt 0.843262 0.229004
vt 0.874512 0.217773
vt 0.897461 0.230957
vt 0.890625 0.262207
vt 0.916504 0.221680
vt 0.909180 0.257812
vt 0.935547 0.257812
vt 0.933105 0.283203
vt 0.907227 0.284668
vt 0.871094 0.199707
vt 0.895996 0.208496
vt 0.886230 0.287598
vt 0.875000 0.266602
vt 0.833496 0.198730
vt 0.866699 0.186523
vt 0.893066 0.190430
vt 0.915039 0.199219
vt 0.940430 0.219727
vt 0.889648 0.176758
vt 0.905762 0.160156
vt 0.905762 0.169922
vt 0.910156 0.180664
vt 0.934570 0.171875
vt 0.940430 0.194336
vt 0.929199 0.159668
vt 0.922363 0.150391
vt 0.917969 0.145020
vt 0.893555 0.161621
vt 0.913574 0.137207
vt 0.889160 0.152344
vt 0.883789 0.140625
vt 0.854004 0.157715
vt 0.814941 0.164062
vt 0.844727 0.146973
vt 0.850098 0.151855
vt 0.878906 0.134277
vt 0.906738 0.125977
vt 0.874023 0.127930
vt 0.895508 0.114258
vt 0.900391 0.118652
vt 0.815918 0.167969
vt 0.779297 0.175781
vt 0.777344 0.172363
vt 0.751465 0.171387
vt 0.751953 0.174805
vt 0.737793 0.173340
vt 0.752930 0.181152
vt 0.736328 0.178223
vt 0.780273 0.181641
vt 0.858887 0.168457
vt 0.818848 0.172852
vt 0.783691 0.188477
vt 0.754395 0.187988
vt 0.732910 0.184570
vt 0.732422 0.193848
vt 0.862305 0.175781
vt 0.822754 0.182617
vt 0.787109 0.197266
vt 0.827148 0.189453
vt 0.756836 0.197266
vt 0.792480 0.207031
vt 0.726562 0.169922
vt 0.719727 0.175293
vt 0.730469 0.166016
vt 0.740234 0.167969
vt 0.191162 0.530273
vt 0.214722 0.515625
vt 0.187988 0.574219
vt 0.176270 0.577148
vt 0.159546 0.558350
vt 0.144287 0.566650
vt 0.134888 0.552002
vt 0.146484 0.540527
vt 0.160400 0.523438
vt 0.171753 0.544678
vt 0.179932 0.506592
vt 0.202759 0.493652
vt 0.223999 0.488770
vt 0.231689 0.499023
vt 0.894531 0.774292
vt 0.897461 0.786011
vt 0.886230 0.779053
vt 0.870605 0.773315
vt 0.875977 0.792480
vt 0.860840 0.783203
vt 0.852539 0.775146
vt 0.857910 0.770630
vt 0.672852 0.199219
vt 0.679199 0.199707
vt 0.671387 0.188477
vt 0.660645 0.197754
vt 0.646484 0.186035
vt 0.678711 0.187988
vt 0.680176 0.179688
vt 0.710449 0.333008
vt 0.703613 0.358887
vt 0.676758 0.355469
vt 0.693848 0.383301
vt 0.665527 0.377441
vt 0.652344 0.347656
vt 0.639160 0.364746
vt 0.611328 0.344238
vt 0.626953 0.380859
vt 0.597656 0.357422
vt 0.566406 0.322266
vt 0.567871 0.283691
vt 0.535645 0.233887
vt 0.548828 0.251953
vt 0.541016 0.276855
vt 0.526367 0.254883
vt 0.529297 0.246094
vt 0.517578 0.231934
vt 0.512207 0.241211
vt 0.492432 0.251465
vt 0.514160 0.254883
vt 0.518555 0.273926
vt 0.543457 0.312500
vt 0.532227 0.354004
vt 0.519531 0.340332
vt 0.522949 0.294434
vt 0.497070 0.269531
vt 0.475342 0.243652
vt 0.472168 0.205566
vt 0.459961 0.208008
vt 0.465820 0.230957
vt 0.475586 0.259277
vt 0.488525 0.277344
vt 0.512207 0.290039
vt 0.459229 0.245117
vt 0.446777 0.237793
vt 0.445557 0.202637
vt 0.440430 0.219238
vt 0.426270 0.220215
vt 0.433594 0.229492
vt 0.422852 0.235352
vt 0.436035 0.239258
vt 0.422607 0.249023
vt 0.423828 0.259277
vt 0.399658 0.261719
vt 0.400635 0.251953
vt 0.403320 0.239746
vt 0.406494 0.222656
vt 0.429199 0.204590
vt 0.448486 0.188477
vt 0.431152 0.190918
vt 0.408936 0.205078
vt 0.375488 0.220703
vt 0.411377 0.191895
vt 0.431885 0.177246
vt 0.448975 0.175293
vt 0.464844 0.189941
vt 0.380371 0.203125
vt 0.384277 0.190430
vt 0.388184 0.180176
vt 0.412598 0.179688
vt 0.430664 0.167480
vt 0.412842 0.169922
vt 0.391357 0.171387
vt 0.357910 0.177734
vt 0.351562 0.187012
vt 0.318604 0.166504
vt 0.311279 0.175293
vt 0.279541 0.160156
vt 0.253174 0.161133
vt 0.257812 0.147949
vt 0.285156 0.149414
vt 0.323486 0.160156
vt 0.362305 0.169434
vt 0.393311 0.164551
vt 0.410156 0.163574
vt 0.426758 0.162109
vt 0.288818 0.142578
vt 0.255127 0.132324
vt 0.243164 0.130371
vt 0.242432 0.139648
vt 0.219849 0.126953
vt 0.213013 0.139160
vt 0.260254 0.123535
vt 0.227539 0.118652
vt 0.232422 0.113770
vt 0.237671 0.106445
vt 0.266846 0.112793
vt 0.294922 0.132324
vt 0.328125 0.150879
vt 0.365967 0.163086
vt 0.245483 0.095703
vt 0.408936 0.158203
vt 0.394775 0.158691
vt 0.367920 0.157227
vt 0.331543 0.145996
vt 0.299072 0.126953
vt 0.272217 0.106445
vt 0.252441 0.089355
vt 0.257568 0.085449
vt 0.277588 0.101074
vt 0.304932 0.122559
vt 0.333008 0.142578
vt 0.369629 0.153809
vt 0.395752 0.155273
vt 0.407227 0.152832
vt 0.417236 0.151367
vt 0.420654 0.155762
vt 0.427490 0.151367
vt 0.323242 0.511475
vt 0.321289 0.526367
vt 0.310303 0.523682
vt 0.304199 0.535156
vt 0.316895 0.538818
vt 0.318604 0.550781
vt 0.299561 0.545410
vt 0.317871 0.560303
vt 0.299072 0.556885
vt 0.318115 0.569580
vt 0.299561 0.572021
vt 0.319580 0.579102
vt 0.308594 0.580078
vt 0.319580 0.588379
vt 0.279785 0.535645
vt 0.318848 0.597412
vt 0.307861 0.595703
vt 0.307129 0.587891
vt 0.294678 0.587402
vt 0.285400 0.569824
vt 0.283936 0.553467
vt 0.260742 0.540039
vt 0.298096 0.603027
vt 0.283936 0.586914
vt 0.283936 0.604248
vt 0.296631 0.618164
vt 0.281250 0.620361
vt 0.269775 0.557617
vt 0.272705 0.570068
vt 0.272217 0.586426
vt 0.271484 0.603027
vt 0.267578 0.615234
vt 0.257080 0.632080
vt 0.275635 0.637939
vt 0.296387 0.629639
vt 0.299805 0.640381
vt 0.316406 0.650391
vt 0.305176 0.652344
vt 0.312744 0.637695
vt 0.315674 0.625732
vt 0.315430 0.615967
vt 0.316650 0.606934
vt 0.285400 0.645264
vt 0.296387 0.654053
vt 0.304443 0.667480
vt 0.310547 0.665527
vt 0.312744 0.679688
vt 0.316895 0.679443
vt 0.317383 0.665527
vt 0.307129 0.681641
vt 0.230103 0.168457
vt 0.236816 0.149902
vt 0.226929 0.190430
vt 0.248535 0.178711
vt 0.274170 0.172363
vt 0.204590 0.250000
vt 0.204712 0.224121
vt 0.231079 0.227051
vt 0.203247 0.186035
vt 0.205200 0.160645
vt 0.305176 0.185059
vt 0.269043 0.190430
vt 0.244995 0.201172
vt 0.248779 0.232910
vt 0.230225 0.253906
vt 0.299072 0.204590
vt 0.345703 0.198730
vt 0.337402 0.217773
vt 0.291992 0.230469
vt 0.265137 0.215820
vt 0.331299 0.243652
vt 0.370605 0.240234
vt 0.373535 0.249512
vt 0.366943 0.255859
vt 0.323242 0.266113
vt 0.322998 0.291504
vt 0.289062 0.298340
vt 0.364014 0.270508
vt 0.280518 0.262207
vt 0.263916 0.238770
vt 0.250977 0.258789
vt 0.290039 0.529053
vt 0.301514 0.520996
vt 0.310791 0.508301
vt 0.316650 0.510742
vt 0.319824 0.497070
vt 0.323975 0.497559
vt 0.314453 0.494629
vt 0.422119 0.294922
vt 0.421631 0.319824
vt 0.392090 0.319336
vt 0.395264 0.346191
vt 0.447266 0.319824
vt 0.453125 0.290527
vt 0.470459 0.302734
vt 0.446533 0.266113
vt 0.423096 0.273926
vt 0.393066 0.293457
vt 0.359131 0.318848
vt 0.360840 0.345703
vt 0.400146 0.372559
vt 0.363525 0.372070
vt 0.328613 0.370117
vt 0.326660 0.346191
vt 0.324463 0.319336
vt 0.360596 0.291992
vt 0.397949 0.274414
vt 0.363281 0.397949
vt 0.329102 0.392090
vt 0.318359 0.391602
vt 0.316895 0.372070
vt 0.310303 0.348145
vt 0.301758 0.323730
vt 0.459717 0.257812
vt 0.470947 0.264160
vt 0.773926 0.069824
vt 0.748047 0.069336
vt 0.748047 0.068359
vt 0.719238 0.067871
vt 0.718750 0.068848
vt 0.719238 0.066895
vt 0.682617 0.064453
vt 0.718750 0.069824
vt 0.748047 0.070312
vt 0.773926 0.070801
vt 0.801758 0.071289
vt 0.719238 0.065918
vt 0.748047 0.067383
vt 0.773438 0.068848
vt 0.801270 0.070312
vt 0.823242 0.070801
vt 0.823242 0.069824
vt 0.801270 0.069336
vt 0.719238 0.064941
vt 0.748047 0.065430
vt 0.748047 0.066406
vt 0.773926 0.067871
vt 0.773926 0.066895
vt 0.800781 0.068359
vt 0.801270 0.067383
vt 0.822754 0.068848
vt 0.822754 0.067871
vt 0.822754 0.066895
vt 0.801270 0.066406
vt 0.773926 0.065918
vt 0.822754 0.065918
vt 0.801270 0.065430
vt 0.773926 0.064941
vt 0.748047 0.064453
vt 0.718750 0.063965
vt 0.823242 0.064941
vt 0.774414 0.068848
vt 0.748535 0.068359
vt 0.748535 0.067383
vt 0.719238 0.067383
vt 0.719238 0.068359
vt 0.802734 0.069824
vt 0.774414 0.069824
vt 0.748535 0.069824
vt 0.718750 0.069336
vt 0.682617 0.063965
vt 0.719238 0.066406
vt 0.748535 0.066406
vt 0.774414 0.067871
vt 0.802246 0.068848
vt 0.719238 0.065430
vt 0.748535 0.065430
vt 0.719238 0.064453
vt 0.774414 0.066406
vt 0.802246 0.067871
vt 0.824219 0.068359
vt 0.824219 0.069336
vt 0.774414 0.065430
vt 0.801758 0.066895
vt 0.802246 0.065918
vt 0.823730 0.067383
vt 0.823730 0.065918
vt 0.823730 0.064941
vt 0.802246 0.064941
vt 0.774414 0.064453
vt 0.748535 0.064453
vt 0.824219 0.063965
vt 0.802246 0.063477
vt 0.824219 0.062988
vt 0.774414 0.063477
vt 0.748535 0.063477
vt 0.719238 0.062988
vt 0.774414 0.069824
vt 0.748535 0.069824
vt 0.748535 0.068359
vt 0.719727 0.068359
vt 0.719238 0.069336
vt 0.802246 0.070801
vt 0.774414 0.070801
vt 0.748535 0.070801
vt 0.719238 0.070801
vt 0.682129 0.064453
vt 0.719727 0.066895
vt 0.748535 0.067383
vt 0.773926 0.068848
vt 0.801758 0.069824
vt 0.719727 0.065918
vt 0.748535 0.065918
vt 0.719727 0.064453
vt 0.773926 0.067383
vt 0.801758 0.068359
vt 0.823242 0.068848
vt 0.823730 0.069824
vt 0.774414 0.066406
vt 0.801270 0.067383
vt 0.801270 0.065918
vt 0.823242 0.067871
vt 0.822754 0.066406
vt 0.823242 0.065430
vt 0.801758 0.064941
vt 0.774414 0.064941
vt 0.748535 0.064941
vt 0.823242 0.063965
vt 0.801758 0.063965
vt 0.823242 0.062988
vt 0.774414 0.063965
vt 0.748535 0.063965
vt 0.719727 0.063477
vt 0.769043 0.068848
vt 0.737305 0.068848
vt 0.737305 0.067871
vt 0.709473 0.067383
vt 0.709473 0.068359
vt 0.798340 0.069824
vt 0.769043 0.069824
vt 0.737305 0.069824
vt 0.708984 0.069336
vt 0.682617 0.063965
vt 0.709473 0.066406
vt 0.736816 0.066406
vt 0.769043 0.067871
vt 0.798340 0.068848
vt 0.709473 0.064941
vt 0.736816 0.065430
vt 0.709473 0.063965
vt 0.768555 0.066895
vt 0.797852 0.067871
vt 0.823730 0.067383
vt 0.823730 0.068359
vt 0.768555 0.065430
vt 0.797852 0.066895
vt 0.797852 0.065918
vt 0.823242 0.065918
vt 0.823242 0.064941
vt 0.823242 0.063965
vt 0.798340 0.064941
vt 0.768555 0.064453
vt 0.736816 0.064453
vt 0.823730 0.062988
vt 0.797852 0.063477
vt 0.823242 0.062012
vt 0.769043 0.063477
vt 0.737305 0.063477
vt 0.709473 0.062988
vt 0.770020 0.068848
vt 0.745117 0.067871
vt 0.744629 0.066895
vt 0.718262 0.066895
vt 0.718262 0.067871
vt 0.791504 0.069824
vt 0.770020 0.069824
vt 0.744629 0.068848
vt 0.717773 0.068848
vt 0.682617 0.063965
vt 0.718262 0.065918
vt 0.744629 0.065918
vt 0.770020 0.067871
vt 0.791504 0.068848
vt 0.718262 0.064941
vt 0.744141 0.064941
vt 0.717773 0.063965
vt 0.769531 0.066895
vt 0.791504 0.067871
vt 0.824219 0.067383
vt 0.824219 0.068359
vt 0.769531 0.065918
vt 0.791504 0.066895
vt 0.791504 0.065918
vt 0.824219 0.066406
vt 0.823730 0.065430
vt 0.823730 0.064453
vt 0.791504 0.064941
vt 0.769531 0.064941
vt 0.744141 0.063965
vt 0.823730 0.063477
vt 0.791504 0.063965
vt 0.823730 0.062012
vt 0.769531 0.063965
vt 0.744629 0.063477
vt 0.718262 0.062500
vt 0.822754 0.065918
vt 0.822754 0.064941
vt 0.801270 0.065430
vt 0.823242 0.066895
vt 0.801270 0.066406
vt 0.773926 0.065918
vt 0.823242 0.067871
vt 0.801270 0.067871
vt 0.773926 0.066895
vt 0.748047 0.065918
vt 0.823242 0.063965
vt 0.801758 0.064453
vt 0.773926 0.064941
vt 0.748047 0.064453
vt 0.719238 0.064453
vt 0.823242 0.062988
vt 0.801758 0.063477
vt 0.773926 0.063965
vt 0.748047 0.063477
vt 0.719238 0.063477
vt 0.683105 0.064453
vt 0.719238 0.065430
vt 0.719238 0.066406
vt 0.748047 0.066895
vt 0.773926 0.068848
vt 0.773926 0.069824
vt 0.801758 0.069824
vt 0.748047 0.068848
vt 0.748047 0.069824
vt 0.719238 0.068359
vt 0.718750 0.069336
vt 0.719238 0.067383
vt 0.748047 0.067871
vt 0.773926 0.067871
vt 0.801758 0.068848
vt 0.823730 0.068848
vt 0.530273 0.303223
vt 0.508789 0.328613
vt 0.490234 0.357910
vt 0.478516 0.339844
vt 0.462402 0.368164
vt 0.426025 0.346191
vt 0.434082 0.371582
vt 0.453125 0.345215
vt 0.470703 0.323242
vt 0.500977 0.319824
vt 0.495850 0.305664
vt 0.500977 0.375000
vt 0.471436 0.388672
vt 0.440674 0.396973
vt 0.403320 0.400391
vt 0.744629 0.063965
vt 0.770020 0.063965
vt 0.791504 0.063965
vt 0.823730 0.065430
vt 0.823730 0.064453
vt 0.823730 0.063477
vt 0.719238 0.132812
vt 0.718262 0.145508
vt 0.708984 0.141602
vt 0.708496 0.132324
vt 0.712402 0.115723
vt 0.702148 0.121582
vt 0.697266 0.101562
vt 0.688965 0.109863
vt 0.679199 0.088379
vt 0.672363 0.097168
vt 0.661133 0.079102
vt 0.695312 0.126465
vt 0.701660 0.132324
vt 0.699707 0.137695
vt 0.579102 0.170410
vt 0.575684 0.181641
vt 0.581543 0.201172
vt 0.585938 0.217773
vt 0.580078 0.160156
vt 0.575195 0.167480
vt 0.712402 0.308105
vt 0.761719 0.416016
vt 0.721680 0.414551
vt 0.684570 0.407715
vt 0.654785 0.396973
vt 0.615723 0.070801
vt 0.640137 0.072754
vt 0.894043 0.250977
vt 0.956543 0.478516
vt 0.873535 0.479004
vt 0.726074 0.085449
vt 0.822266 0.293457
vt 0.801270 0.479980
vt 0.497559 0.026367
vt 0.684570 0.157715
vt 0.759766 0.330078
vt 0.729980 0.480469
vt 0.580566 0.481445
vt 0.570312 0.521240
vt 0.500977 0.481934
vt 0.655762 0.480957
vt 0.635742 0.558105
vt 0.700195 0.594971
vt 0.762207 0.630127
vt 0.825195 0.665527
vt 0.541504 0.550537
vt 0.424805 0.616699
vt 0.461914 0.551270
vt 0.501465 0.561523
vt 0.502441 0.636719
vt 0.579590 0.615234
vt 0.617188 0.679443
vt 0.653320 0.740723
vt 0.689941 0.802979
vt 0.503418 0.782104
vt 0.303711 0.598145
vt 0.367676 0.560303
vt 0.388184 0.681152
vt 0.502930 0.710938
vt 0.353271 0.743164
vt 0.242310 0.634033
vt 0.201294 0.484375
vt 0.272217 0.483887
vt 0.239990 0.333984
vt 0.302002 0.369141
vt 0.348877 0.223145
vt 0.385010 0.284668
vt 0.498779 0.181641
vt 0.499268 0.252930
vt 0.614258 0.282715
vt 0.577637 0.347168
vt 0.500000 0.327148
vt 0.540527 0.412598
vt 0.422852 0.348633
vt 0.366699 0.405762
vt 0.346436 0.483398
vt 0.500488 0.402344
vt 0.460693 0.413574
vt 0.431885 0.442871
vt 0.421387 0.482422
vt 0.432373 0.522217
vt 0.648926 0.220703
vt 0.698730 0.365723
vt 0.634277 0.403320
vt 0.569824 0.441406
vt 0.312500 0.160645
vt 0.498291 0.109375
vt 0.045685 0.485840
vt 0.129028 0.484863
vt 0.180176 0.670654
vt 0.104675 0.257324
vt 0.177002 0.298340
vt 0.270264 0.088867
vt 0.503906 0.854370
vt 0.317383 0.805908
vt 0.897949 0.706787
vt 0.731934 0.874878
vt 0.504883 0.937622
vt 0.276367 0.878418
vt 0.108398 0.712891
vt 0.886230 0.987503
vt 0.937500 0.974106
vt 0.928223 0.957703
vt 0.886230 0.968719
vt 0.844238 0.957001
vt 0.920410 0.943512
vt 0.886230 0.952301
vt 0.912598 0.929504
vt 0.886230 0.936218
vt 0.904297 0.914917
vt 0.886719 0.919434
vt 0.895996 0.900146
vt 0.886719 0.902405
vt 0.852539 0.943024
vt 0.860352 0.929138
vt 0.869141 0.914612
vt 0.877930 0.899902
vt 0.886719 0.884460
vt 0.871094 0.893311
vt 0.856445 0.901733
vt 0.841797 0.910034
vt 0.827637 0.917908
vt 0.834961 0.884033
vt 0.818848 0.883911
vt 0.852051 0.884155
vt 0.868652 0.884338
vt 0.871582 0.875305
vt 0.877930 0.868774
vt 0.856445 0.866699
vt 0.842285 0.858154
vt 0.869629 0.854004
vt 0.861328 0.839355
vt 0.887207 0.849487
vt 0.887207 0.832642
vt 0.913086 0.839722
vt 0.904785 0.854248
vt 0.887207 0.866455
vt 0.895996 0.869019
vt 0.932129 0.858887
vt 0.945801 0.850952
vt 0.921387 0.825806
vt 0.887695 0.816528
vt 0.853516 0.825317
vt 0.828125 0.850098
vt 0.813477 0.925903
vt 0.802734 0.883728
vt 0.814453 0.841797
vt 0.845215 0.811157
vt 0.887695 0.800171
vt 0.929688 0.811890
vt 0.835938 0.794800
vt 0.797852 0.832153
vt 0.783691 0.883606
vt 0.797363 0.935242
vt 0.834473 0.973312
vt 0.975586 0.936707
vt 0.959473 0.927124
vt 0.971191 0.885132
vt 0.989746 0.885254
vt 0.959961 0.843018
vt 0.976562 0.833618
vt 0.938965 0.795532
vt 0.887695 0.781372
vt 0.954590 0.884949
vt 0.945312 0.918823
vt 0.938477 0.884827
vt 0.931641 0.910706
vt 0.921875 0.884705
vt 0.902344 0.875549
vt 0.904785 0.884521
vt 0.917480 0.867188
vt 0.916992 0.902222
vt 0.902344 0.893555
vt 0.886230 0.952301
vt 0.886230 0.936218
vt 0.912598 0.929504
vt 0.904297 0.914917
vt 0.886719 0.919434
vt 0.895996 0.900146
vt 0.886719 0.902405
vt 0.860352 0.929138
vt 0.869141 0.914612
vt 0.877930 0.899902
vt 0.886719 0.884460
vt 0.902344 0.893555
vt 0.916992 0.902222
vt 0.945312 0.918823
vt 0.931641 0.910706
vt 0.938477 0.884827
vt 0.921875 0.884705
vt 0.904785 0.884521
vt 0.902344 0.875549
vt 0.895996 0.869019
vt 0.917480 0.867188
vt 0.904785 0.854248
vt 0.932129 0.858887
vt 0.920410 0.943512
vt 0.928223 0.957703
vt 0.959473 0.927124
vt 0.954590 0.884949
vt 0.971191 0.885132
vt 0.945801 0.850952
vt 0.959961 0.843018
vt 0.886230 0.968719
vt 0.886230 0.987503
vt 0.937500 0.974106
vt 0.975586 0.936707
vt 0.989746 0.885254
vt 0.814453 0.841797
vt 0.802734 0.883728
vt 0.783691 0.883606
vt 0.797363 0.935242
vt 0.813477 0.925903
vt 0.834473 0.973312
vt 0.844238 0.957001
vt 0.852539 0.943024
vt 0.818848 0.883911
vt 0.827637 0.917908
vt 0.841797 0.910034
vt 0.856445 0.901733
vt 0.871094 0.893311
vt 0.868652 0.884338
vt 0.852051 0.884155
vt 0.834961 0.884033
vt 0.871582 0.875305
vt 0.856445 0.866699
vt 0.842285 0.858154
vt 0.828125 0.850098
vt 0.861328 0.839355
vt 0.913086 0.839722
vt 0.887207 0.849487
vt 0.887207 0.832642
vt 0.869629 0.854004
vt 0.877930 0.868774
vt 0.887207 0.866455
vt 0.388184 0.681152
vt 0.303711 0.598145
vt 0.242310 0.634033
vt 0.201294 0.484375
vt 0.272217 0.483887
vt 0.239990 0.333984
vt 0.302002 0.369141
vt 0.348877 0.223145
vt 0.385010 0.284668
vt 0.498779 0.181641
vt 0.499268 0.252930
vt 0.614258 0.282715
vt 0.577637 0.347168
vt 0.312500 0.160645
vt 0.498291 0.109375
vt 0.648926 0.220703
vt 0.698730 0.365723
vt 0.634277 0.403320
vt 0.569824 0.441406
vt 0.540527 0.412598
vt 0.759766 0.330078
vt 0.729980 0.480469
vt 0.655762 0.480957
vt 0.580566 0.481445
vt 0.500977 0.481934
vt 0.500488 0.402344
vt 0.500000 0.327148
vt 0.460693 0.413574
vt 0.431885 0.442871
vt 0.421387 0.482422
vt 0.432373 0.522217
vt 0.422852 0.348633
vt 0.366699 0.405762
vt 0.346436 0.483398
vt 0.367676 0.560303
vt 0.461914 0.551270
vt 0.424805 0.616699
vt 0.502441 0.636719
vt 0.502930 0.710938
vt 0.617188 0.679443
vt 0.653320 0.740723
vt 0.503418 0.782104
vt 0.353271 0.743164
vt 0.501465 0.561523
vt 0.579590 0.615234
vt 0.700195 0.594971
vt 0.762207 0.630127
vt 0.825195 0.665527
vt 0.689941 0.802979
vt 0.570312 0.521240
vt 0.635742 0.558105
vt 0.801270 0.479980
vt 0.873535 0.479004
vt 0.956543 0.478516
vt 0.894043 0.250977
vt 0.822266 0.293457
vt 0.726074 0.085449
vt 0.684570 0.157715
vt 0.497559 0.026367
vt 0.180176 0.670654
vt 0.129028 0.484863
vt 0.045685 0.485840
vt 0.104675 0.257324
vt 0.177002 0.298340
vt 0.270264 0.088867
vt 0.503906 0.854370
vt 0.317383 0.805908
vt 0.897949 0.706787
vt 0.731934 0.874878
vt 0.504883 0.937622
vt 0.276367 0.878418
vt 0.108398 0.712891
vt 0.541504 0.550537
vt 0.976562 0.833618
vt 0.929688 0.811890
vt 0.938965 0.795532
vt 0.887695 0.800171
vt 0.887695 0.781372
vt 0.835938 0.794800
vt 0.845215 0.811157
vt 0.797852 0.832153
vt 0.921387 0.825806
vt 0.887695 0.816528
vt 0.853516 0.825317
vn 0.3444 -0.2661 -0.9003
vn 0.1882 0.6826 -0.7061
vn 0.2431 0.5489 -0.7997
vn 0.1557 -0.9652 -0.2102
vn 0.3134 -0.4465 -0.8381
vn 0.2123 0.5583 -0.8020
vn 0.1869 -0.4361 -0.8802
vn 0.1488 0.5719 -0.8067
vn 0.0156 -0.4060 -0.9137
vn 0.1173 0.5233 -0.8440
vn -0.1398 -0.4274 -0.8932
vn 0.9308 -0.3654 -0.0145
vn -0.2495 -0.9668 -0.0546
vn -0.1647 0.9650 0.2041
vn -0.3552 0.2525 0.9001
vn -0.3236 0.4421 0.8366
vn -0.2509 -0.5567 0.7919
vn -0.1958 -0.6895 0.6973
vn 0.0624 -0.9973 -0.0389
vn -0.0311 -0.9965 -0.0781
vn -0.1405 -0.9832 -0.1170
vn -0.2202 -0.5663 0.7942
vn -0.1567 -0.5800 0.7994
vn -0.1964 0.4323 0.8801
vn -0.0706 0.9970 0.0313
vn -0.1100 -0.5422 0.8330
vn -0.0158 0.4023 0.9154
vn 0.0236 0.9972 0.0707
vn 0.1883 0.6826 -0.7061
vn 0.1494 0.4168 0.8966
vn 0.2682 0.9622 0.0474
vn 0.1340 0.9848 0.1103
vn 0.1172 0.5237 -0.8438
vn 0.1488 0.5718 -0.8068
vn 0.2123 0.5582 -0.8021
vn 0.1407 -0.6802 0.7194
vn 0.4378 -0.8679 -0.2345
vn 0.3602 -0.9317 -0.0470
vn -0.2991 0.1811 0.9369
vn 0.0314 -0.5653 0.8243
vn 0.1803 -0.9798 -0.0862
vn -0.4479 0.8645 0.2280
vn -0.3230 0.3623 0.8743
vn 0.0313 -0.5794 0.8144
vn -0.0235 -0.9953 -0.0940
vn 0.2894 -0.1877 -0.9386
vn 0.3128 -0.3675 -0.8758
vn 0.1402 -0.4051 -0.9035
vn -0.0934 -0.4202 -0.9026
vn -0.2727 -0.4520 -0.8493
vn -0.1483 0.6715 -0.7260
vn -0.0392 0.5561 -0.8302
vn -0.0469 0.5702 -0.8202
vn -0.0785 0.5727 -0.8160
vn -0.1018 0.5243 -0.8454
vn 0.9533 -0.2341 -0.1910
vn -0.1644 -0.9863 -0.0157
vn 0.1183 -0.5361 0.8358
vn 0.0708 -0.5820 0.8101
vn -0.1894 0.9787 0.0789
vn -0.0391 0.5560 -0.8302
vn 0.0158 0.9961 0.0870
vn -0.0784 0.5727 -0.8160
vn 0.1810 0.9835 0.0078
vn -0.1018 0.5244 -0.8454
vn 0.2929 0.4434 0.8471
vn 0.0943 0.4167 0.9041
vn -0.1493 0.4009 0.9039
vn -0.3629 0.9310 0.0394
vn -0.1484 0.6715 -0.7260
vn 0.3939 -0.6380 0.6617
vn 0.4152 -0.8540 -0.3134
vn 0.3675 -0.9226 -0.1174
vn -0.0314 0.2202 0.9750
vn 0.2902 -0.5254 0.7998
vn 0.1878 -0.9784 -0.0861
vn -0.4256 0.8511 0.3073
vn -0.0711 0.3948 0.9160
vn 0.2128 -0.5438 0.8118
vn -0.0156 -0.9979 -0.0623
vn 0.0234 -0.2260 -0.9739
vn 0.0626 -0.3988 -0.9149
vn -0.0313 -0.4376 -0.8986
vn -0.1870 -0.4517 -0.8723
vn -0.3432 -0.4992 -0.7956
vn -0.4004 0.6280 -0.6673
vn -0.2985 0.5185 -0.8013
vn -0.2189 0.5395 -0.8131
vn -0.1797 0.5547 -0.8124
vn -0.2348 0.4932 -0.8376
vn 0.9354 -0.1254 -0.3306
vn -0.1096 -0.9937 0.0235
vn 0.2519 -0.5037 0.8264
vn 0.1724 -0.5643 0.8073
vn -0.1970 0.9772 0.0788
vn -0.2189 0.5394 -0.8131
vn -0.2986 0.5185 -0.8013
vn 0.0000 0.9985 0.0550
vn -0.1797 0.5546 -0.8125
vn 0.1258 0.9913 -0.0393
vn -0.2349 0.4932 -0.8376
vn 0.3695 0.4953 0.7862
vn 0.1813 0.4492 0.8748
vn 0.0237 0.4344 0.9004
vn -0.3773 0.9195 0.1100
vn 0.0392 0.4932 -0.8690
vn 0.5546 -0.4452 -0.7030
vn 0.4137 -0.8431 -0.3435
vn 0.7622 0.1178 -0.6365
vn 0.1255 0.6274 -0.7685
vn -0.2814 0.8988 -0.3361
vn -0.4556 0.8170 -0.3535
vn -0.5832 0.7014 0.4098
vn -0.6062 0.7400 0.2913
vn -0.4172 0.2204 0.8817
vn -0.5981 0.7634 0.2440
vn -0.4394 0.2746 0.8553
vn -0.7314 0.6764 -0.0865
vn -0.3467 0.7643 0.5437
vn -0.2202 -0.0079 0.9754
vn 0.1807 -0.4399 0.8797
vn 0.3848 -0.6833 0.6205
vn -0.2518 0.2124 0.9442
vn 0.7831 -0.5325 0.3211
vn 0.7839 -0.2587 0.5644
vn 0.1975 0.3871 0.9006
vn 0.5601 0.0079 0.8284
vn 0.6913 -0.5264 0.4949
vn -0.7675 0.3681 0.5248
vn 0.2681 -0.1814 0.9462
vn -0.9788 0.1409 0.1487
vn 0.2439 -0.2204 0.9444
vn -0.9722 -0.0856 -0.2178
vn -0.0472 0.9969 0.0628
vn -0.1641 0.4063 -0.8989
vn 0.9300 0.3153 0.1892
vn -0.4786 0.4237 -0.7690
vn -0.3363 0.5787 -0.7430
vn -0.4218 0.3515 -0.8358
vn 0.5891 0.3456 -0.7305
vn 0.3935 0.3305 -0.8578
vn 0.0550 0.4084 -0.9111
vn 0.6756 -0.1807 0.7148
vn 0.8494 -0.2517 0.4640
vn 0.9810 -0.1648 -0.1020
vn 0.1882 0.4548 -0.8705
vn -0.2739 0.7905 -0.5479
vn 0.6831 -0.7302 0.0078
vn 0.6206 0.1493 -0.7698
vn 0.1177 0.5178 -0.8474
vn -0.3687 0.8314 -0.4157
vn 0.9997 0.0237 0.0000
vn 0.4875 -0.6055 0.6291
vn 0.3228 0.0551 0.9449
vn 0.5165 -0.8139 0.2661
vn 0.2208 0.4890 0.8439
vn 0.3951 0.5294 0.7507
vn 0.3071 0.2677 0.9133
vn 0.2918 -0.2208 0.9306
vn 0.4394 -0.6984 0.5650
vn 0.4891 -0.3550 0.7967
vn 0.6778 0.2207 0.7014
vn 0.6160 0.3396 0.7108
vn 0.4954 0.1415 0.8571
vn 0.2981 -0.1020 0.9491
vn 0.0316 0.4183 0.9077
vn 0.5753 0.4335 0.6936
vn 0.3558 0.4585 0.8143
vn 0.1414 0.2751 0.9510
vn 0.0157 -0.0472 0.9988
vn -0.1421 0.5761 0.8050
vn 0.0552 0.4338 0.8993
vn 0.1263 0.3630 0.9232
vn 0.3467 -0.0237 0.9377
vn 0.1495 0.5983 0.7872
vn 0.0237 0.9004 0.4344
vn 0.0158 0.8221 0.5692
vn 0.1977 0.8621 0.4666
vn 0.4197 0.5622 0.7126
vn 0.2920 0.7183 0.6315
vn 0.0711 0.8138 0.5768
vn 0.0552 0.7735 0.6314
vn 0.5050 0.3314 0.7969
vn -0.0633 0.7839 0.6176
vn 0.1418 0.7881 0.5990
vn 0.0949 0.7750 0.6247
vn 0.5745 0.4486 0.6846
vn 0.5697 0.5143 0.6410
vn 0.3635 0.7665 0.5294
vn 0.2124 0.7474 0.6295
vn 0.4434 0.3721 0.8155
vn 0.3545 0.3702 0.8586
vn 0.6323 -0.0158 0.7746
vn 0.4280 0.7134 0.5549
vn 0.5839 0.7180 0.3788
vn 0.6559 -0.1343 0.7428
vn 0.6384 0.1419 0.7565
vn 0.6629 0.6156 0.4262
vn 0.8578 0.3935 0.3305
vn 0.7342 0.2684 0.6237
vn 0.3307 0.3149 0.8897
vn 0.7812 -0.2209 0.5839
vn 0.7379 -0.3690 0.5652
vn 0.7800 0.1182 0.6145
vn 0.9397 0.0395 0.3396
vn 0.8679 0.3393 0.3629
vn 0.9713 0.0237 0.2369
vn 0.9256 -0.3687 0.0863
vn 0.4968 -0.2839 0.8201
vn 0.2208 -0.2365 0.9462
vn 0.0157 0.1733 0.9847
vn 0.5268 -0.0393 0.8491
vn 0.5711 -0.8136 0.1095
vn 0.8344 -0.2047 0.5117
vn 0.7557 0.1102 0.6455
vn 0.4572 0.3627 0.8120
vn 0.9166 0.2450 0.3161
vn 0.9805 -0.1265 0.1502
vn 0.7886 -0.4022 0.4652
vn 0.9114 -0.3771 0.1650
vn 0.7969 -0.3945 0.4576
vn 0.8181 -0.5742 -0.0315
vn 0.7382 -0.4319 0.5183
vn 0.7739 -0.2580 -0.5784
vn 0.9462 -0.2681 -0.1813
vn 0.8557 0.0863 -0.5103
vn 0.8882 0.1022 -0.4480
vn 0.9960 0.0632 -0.0633
vn 0.7489 0.5440 0.3784
vn 0.9518 0.2832 0.1180
vn 0.8921 0.4026 -0.2052
vn 0.8826 0.3625 -0.2994
vn 0.9658 -0.0000 -0.2591
vn 0.8641 -0.1964 -0.4635
vn 0.9280 -0.2674 -0.2595
vn 0.7606 -0.5175 -0.3920
vn 0.7564 0.3861 0.5279
vn 0.8365 0.5367 0.1105
vn 0.8440 0.4338 0.3155
vn 0.7893 0.6078 0.0868
vn 0.8165 0.5731 -0.0706
vn 0.7476 0.6453 -0.1574
vn 0.9379 0.3231 -0.1261
vn 0.6701 0.6386 0.3784
vn 0.6980 0.7139 0.0555
vn 0.8966 0.4168 0.1494
vn 0.9060 0.2048 0.3703
vn 0.9641 0.2450 -0.1027
vn 0.8476 0.3296 -0.4159
vn 0.8883 0.0550 -0.4559
vn 0.7288 0.0627 -0.6818
vn 0.6709 0.6710 0.3157
vn 0.3541 0.9049 0.2361
vn 0.2827 0.8716 0.4005
vn 0.0157 0.9517 -0.3067
vn -0.1024 0.9766 0.1890
vn 0.7622 0.1179 -0.6365
vn 0.3695 0.4953 -0.7862
vn 0.1650 0.7466 -0.6444
vn 0.1496 0.9290 -0.3385
vn 0.0552 0.9932 0.1025
vn 0.1180 0.9444 0.3069
vn 0.1970 0.9140 0.3546
vn 0.1501 0.9163 0.3712
vn 0.1184 0.9077 0.4026
vn 0.0787 0.8737 0.4801
vn 0.0629 0.9910 0.1180
vn 0.1496 0.9448 0.2914
vn 0.0788 0.8506 0.5198
vn -0.0394 0.8115 0.5830
vn 0.0552 0.8993 0.4339
vn 0.3225 0.8810 0.3461
vn 0.0000 0.7227 0.6912
vn -0.1577 0.7966 0.5836
vn -0.0473 0.8430 0.5358
vn 0.2609 0.8222 0.5059
vn 0.6162 0.5609 0.5530
vn 0.8782 0.3007 0.3719
vn 0.7758 0.2533 0.5779
vn 0.8333 -0.2751 0.4795
vn 0.8910 -0.1340 0.4337
vn -0.1180 0.7551 0.6449
vn 0.2530 0.7036 0.6641
vn 0.5190 0.4010 0.7549
vn 0.6611 0.0630 0.7477
vn 0.6782 -0.4022 0.6151
vn 0.5759 -0.7574 0.3077
vn -0.2916 0.7328 0.6147
vn -0.3929 0.5580 0.7309
vn -0.1498 0.5283 0.8358
vn 0.1968 0.4881 0.8503
vn 0.4188 0.1659 0.8928
vn 0.5519 -0.2207 0.8042
vn 0.1181 0.2520 0.9605
vn 0.3705 -0.1104 0.9223
vn 0.5813 -0.6206 0.5263
vn 0.5251 -0.5094 0.6818
vn 0.3314 -0.5050 0.7969
vn 0.0948 -0.1264 0.9874
vn -0.1883 0.2197 0.9572
vn 0.4533 -0.7269 0.5159
vn 0.5411 -0.7921 0.2823
vn 0.5191 -0.8416 0.1494
vn 0.5183 -0.8481 0.1099
vn 0.5705 -0.7894 0.2266
vn 0.5105 -0.8247 0.2435
vn 0.2987 -0.8252 0.4794
vn 0.1100 -0.5658 0.8172
vn 0.5314 -0.8205 0.2110
vn 0.8750 -0.1350 0.4650
vn 0.7570 -0.2208 0.6150
vn -0.0706 -0.2512 0.9654
vn 0.4905 0.2373 0.8385
vn 0.6632 0.6710 0.3316
vn 0.2673 0.7232 0.6368
vn 0.2764 0.7028 0.6555
vn -0.0079 0.7564 0.6540
vn -0.0079 0.6063 0.7952
vn -0.2837 0.7013 0.6540
vn -0.4016 0.1811 0.8977
vn 0.8684 0.4895 0.0790
vn 0.6608 0.6293 0.4091
vn 0.3950 0.1817 0.9005
vn -0.0079 -0.2830 0.9591
vn -0.4370 -0.5619 0.7024
vn -0.8059 0.0782 0.5868
vn 0.8031 0.0788 0.5906
vn 0.4307 -0.5638 0.7047
vn -0.0078 -0.6585 0.7525
vn -0.2656 -0.5312 0.8046
vn -0.9217 -0.2187 0.3202
vn -0.3784 0.6386 0.6701
vn -0.8155 0.4705 0.3372
vn -0.0316 0.7262 0.6868
vn -0.3223 0.5502 0.7703
vn -0.0078 -0.8497 0.5271
vn 0.3951 0.3398 0.8535
vn 0.0000 -0.1489 0.9888
vn 0.2599 -0.5356 0.8035
vn 0.9189 -0.2278 0.3220
vn 0.8870 0.4593 0.0475
vn 0.7923 0.4833 0.3724
vn 0.7497 0.5682 0.3393
vn 0.2838 0.5677 0.7727
vn 0.0236 0.7224 0.6910
vn 0.3241 0.6324 0.7036
vn -0.1498 0.8202 0.5521
vn 0.6464 -0.4178 0.6385
vn 0.4713 -0.4163 0.7776
vn 0.3616 -0.8490 0.3852
vn 0.4501 -0.0316 0.8924
vn 0.2829 -0.0314 0.9586
vn 0.1021 0.4791 0.8718
vn 0.2980 -0.4549 0.8392
vn -0.0944 0.4640 0.8808
vn 0.0711 -0.0710 0.9949
vn 0.1019 -0.5095 0.8544
vn 0.0078 -0.8944 0.4472
vn 0.2273 -0.9014 0.3684
vn -0.3313 -0.0947 0.9388
vn -0.4018 0.3388 0.8508
vn 0.0000 0.0863 0.9963
vn 0.3240 -0.1027 0.9405
vn 0.0000 -0.4722 0.8815
vn -0.1888 -0.5663 0.8023
vn -0.1485 -0.9457 0.2892
vn -0.0000 -0.9495 0.3139
vn 0.1963 -0.5654 0.8011
vn -0.0788 -0.0867 0.9931
vn 0.0631 0.4652 0.8830
vn -0.3075 -0.1025 0.9460
vn -0.1107 0.4508 0.8857
vn -0.3392 0.3234 0.8834
vn -0.1173 -0.5472 0.8287
vn 0.1488 -0.9478 0.2820
vn 0.0000 -0.9389 -0.3442
vn -0.2495 -0.9357 -0.2495
vn 0.2348 -0.9392 -0.2505
vn -0.0392 -0.9014 0.4311
vn -0.3280 -0.5077 0.7967
vn -0.2490 -0.8870 0.3890
vn 0.1096 -0.9861 -0.1252
vn -0.1795 -0.9758 -0.1249
vn 0.0857 -0.9354 -0.3430
vn -0.5157 -0.8360 0.1875
vn -0.1089 -0.9333 -0.3422
vn -0.4313 -0.8235 0.3686
vn -0.4856 -0.5169 0.7049
vn -0.4557 -0.1336 0.8800
vn -0.6033 -0.1489 0.7835
vn -0.4699 0.3916 0.7911
vn -0.6885 -0.5320 0.4929
vn -0.5668 -0.8230 0.0388
vn -0.5928 -0.5694 0.5694
vn -0.9777 0.1486 0.1486
vn -0.9861 -0.1252 0.1096
vn -0.8699 -0.1489 0.4702
vn -0.9317 -0.3602 0.0470
vn -0.7554 -0.6152 0.2258
vn -0.6661 -0.1175 0.7366
vn -0.8981 -0.3671 0.2421
vn -0.9548 0.0000 0.2974
vn -0.8858 0.3684 0.2822
vn -0.8677 -0.4768 0.1407
vn -0.8316 -0.5518 -0.0622
vn -0.6453 -0.7620 -0.0544
vn -0.7265 -0.6796 -0.1016
vn -0.5504 -0.7752 -0.3101
vn -0.3051 -0.8683 -0.3911
vn -0.1402 -0.9345 -0.3271
vn 0.2968 -0.9529 -0.0625
vn 0.1018 -0.4386 -0.8929
vn -0.0390 -0.4686 -0.8826
vn 0.0468 -0.9978 -0.0469
vn -0.1642 -0.4691 -0.8677
vn -0.0783 -0.9950 -0.0626
vn -0.2645 -0.4591 -0.8481
vn -0.1479 -0.9889 -0.0156
vn 0.1971 -0.5125 0.8358
vn 0.0863 -0.5491 0.8313
vn 0.0864 -0.5581 0.8253
vn 0.1257 -0.5265 0.8408
vn 0.9616 -0.2078 -0.1791
vn -0.1092 0.5148 -0.8503
vn 0.2764 0.4580 0.8449
vn 0.1582 0.4667 0.8701
vn 0.0316 0.4658 0.8843
vn -0.1107 0.4349 0.8936
vn -0.0475 0.2849 0.9574
vn 0.3685 -0.5959 0.7136
vn -0.4251 0.8738 0.2362
vn -0.3134 0.9480 0.0548
vn -0.0550 0.9977 0.0393
vn 0.0633 0.9965 0.0553
vn 0.1657 0.9861 0.0079
vn -0.3749 0.5857 -0.7186
vn -0.2041 0.5025 -0.8402
vn -0.0938 0.5396 -0.8367
vn -0.0941 0.5486 -0.8308
vn -0.0078 -0.7808 -0.6247
vn -0.0000 -0.9389 -0.3443
vn -0.0626 -0.6737 -0.7364
vn -0.1248 -0.9833 -0.1327
vn -0.0078 -0.8427 -0.5384
vn -0.0859 -0.7885 -0.6089
vn 0.3059 -0.6118 -0.7295
vn 0.0701 -0.6856 -0.7246
vn -0.2498 -0.4762 -0.8431
vn -0.5130 -0.4975 -0.6995
vn -0.1326 -0.8737 -0.4681
vn -0.2025 -0.8335 -0.5141
vn -0.3583 -0.5375 -0.7634
vn -0.0078 -0.9388 -0.3443
vn -0.0312 -0.4993 -0.8659
vn 0.0546 -0.9125 -0.4055
vn -0.0702 -0.9750 -0.2106
vn 0.1495 -0.4327 0.8890
vn -0.0000 -0.8019 0.5975
vn 0.0000 0.3632 0.9317
vn 0.0708 0.4958 0.8656
vn -0.0000 0.8498 0.5272
vn -0.0792 0.9183 0.3879
vn 0.0000 0.9439 -0.3303
vn -0.2591 0.8559 -0.4476
vn -0.0000 0.6063 -0.7953
vn -0.1173 -0.8835 -0.4535
vn -0.1572 -0.5658 0.8094
vn -0.0315 -0.3861 0.9219
vn 0.0944 0.4484 0.8889
vn -0.1967 0.9048 0.3777
vn -0.5372 0.5925 0.6004
vn -0.7654 0.0625 0.6405
vn -0.1029 0.4512 0.8865
vn -0.4465 0.8381 0.3133
vn -0.4998 0.7731 -0.3905
vn -0.6888 0.6575 -0.3053
vn -0.8908 0.4532 -0.0312
vn -0.3211 0.6657 -0.6736
vn -0.4622 0.7520 -0.4700
vn -0.6268 0.7521 -0.2037
vn -0.8214 0.4224 -0.3833
vn -0.9873 -0.0862 -0.1332
vn -0.6559 -0.6872 0.3124
vn -0.5901 -0.5591 -0.5824
vn -0.4135 -0.8894 -0.1950
vn -0.1326 -0.8113 -0.5695
vn -0.8246 -0.4823 -0.2956
vn -0.7071 -0.6915 -0.1476
vn -0.9701 0.2269 0.0861
vn -0.9129 0.3667 -0.1795
vn 0.6025 -0.6338 -0.4851
vn 0.9256 -0.3686 0.0863
vn -0.9369 0.1718 -0.3045
vn -0.9914 0.0390 0.1249
vn -0.6301 -0.6146 -0.4746
vn -0.4091 0.9125 0.0000
vn -0.1728 0.7383 -0.6519
vn -0.4557 0.6601 0.5972
vn 0.0858 0.2029 -0.9754
vn -0.7658 -0.0547 -0.6408
vn -0.5467 -0.7966 -0.2578
vn 0.2964 -0.7021 -0.6475
vn -0.2517 0.1258 0.9596
vn -0.8908 -0.2970 0.3438
vn -0.7643 -0.3432 -0.5459
vn 0.0546 -0.0078 -0.9985
vn 0.7949 0.4171 -0.4407
vn 0.1255 -0.5647 0.8157
vn -0.7029 -0.6716 0.2343
vn -0.8750 -0.0859 -0.4765
vn -0.1955 0.6491 -0.7352
vn 0.6220 0.7558 -0.2047
vn 0.8192 0.2048 0.5356
vn 0.6705 0.5206 0.5285
vn 0.3302 -0.9119 0.2437
vn -0.5691 -0.8186 -0.0779
vn -0.9476 0.0627 -0.3133
vn -0.3372 0.9095 -0.2431
vn 0.5678 0.8201 0.0710
vn 0.9411 -0.0633 0.3322
vn 0.6173 0.6332 0.4669
vn 0.9615 -0.1261 -0.2443
vn 0.8811 -0.3383 0.3304
vn 0.2972 -0.9540 0.0391
vn 0.1022 -0.7228 0.6835
vn -0.6007 -0.7957 0.0780
vn -0.6526 -0.3574 -0.6682
vn 0.0704 -0.3365 -0.9390
vn -0.7578 -0.5547 0.3437
vn -0.7403 -0.4831 -0.4675
vn -0.5916 -0.6149 -0.5215
vn 0.3281 -0.6796 -0.6562
vn -0.3892 -0.8641 -0.3192
vn 0.5242 -0.8371 -0.1564
vn -0.5691 -0.8186 -0.0780
vn -0.4557 0.6600 0.5972
vn 0.5222 0.7596 0.3877
vn 0.6831 0.0157 0.7302
vn -0.1098 -0.1647 0.9802
vn -0.8446 -0.1095 0.5240
vn -0.9932 0.0391 0.1095
vn -0.9801 -0.0856 -0.1789
vn 0.5268 0.8491 0.0393
vn 0.5836 0.3943 0.7098
vn -0.0788 0.3784 0.9223
vn -0.3385 0.6848 0.6454
vn -0.5478 0.8218 0.1565
vn 0.7240 0.6217 -0.2990
vn 0.7070 0.5342 0.4635
vn 0.5931 0.6326 0.4982
vn 0.4191 0.8540 0.3084
vn 0.0859 0.2029 -0.9754
vn 0.8157 0.1568 -0.5569
vn 0.9913 -0.0393 -0.1259
vn 0.9818 0.0786 0.1728
vn 0.0704 -0.3365 -0.9391
vn 0.5242 -0.8371 -0.1565
vn -0.3372 0.9095 -0.2430
vn 0.3301 -0.9119 0.2437
vn 0.7643 0.3703 0.5279
vn 0.2444 0.2128 0.9460
vn 0.7278 0.6803 -0.0870
vn 0.2667 0.7921 -0.5490
vn 0.3618 0.8338 -0.4169
vn -0.1254 0.5173 -0.8466
vn 0.5930 0.7670 0.2451
vn 0.4330 0.2756 0.8582
vn -0.3915 -0.6812 0.6186
vn -0.7861 -0.5293 0.3191
vn -0.7869 -0.2571 0.5609
vn -0.2754 -0.1810 0.9441
vn -0.1883 -0.4392 0.8784
vn -0.5526 -0.4515 -0.7006
vn -0.9997 0.0234 0.0000
vn -0.6253 0.1485 -0.7661
vn -0.1958 0.4541 -0.8692
vn -0.6873 -0.7263 0.0078
vn -0.9813 -0.1635 -0.1012
vn -0.8515 -0.2500 0.4609
vn -0.4001 0.3295 -0.8552
vn -0.0628 0.4082 -0.9107
vn 0.3293 0.5802 -0.7449
vn 0.4726 0.4253 -0.7719
vn 0.9784 0.1420 0.1499
vn 0.4153 0.3527 -0.8385
vn 0.9718 -0.0862 -0.2194
vn 0.1565 0.4069 -0.8999
vn -0.5942 0.3440 -0.7271
vn -0.2514 -0.2199 0.9426
vn 0.0392 0.9973 0.0628
vn -0.9310 0.3129 0.1878
vn -0.6798 -0.1797 0.7110
vn -0.0626 -0.8132 0.5786
vn 0.0395 0.1899 0.9810
vn -0.4869 0.0550 0.8717
vn -0.6551 -0.7409 0.1481
vn -0.8922 -0.3992 0.2113
vn -0.5128 -0.7770 -0.3652
vn -0.5376 -0.7168 -0.4441
vn -0.8676 -0.2501 0.4299
vn -0.4801 0.0787 0.8737
vn -0.0629 0.1730 0.9829
vn 0.3450 -0.8076 -0.4783
vn 0.6798 -0.3715 0.6324
vn -0.0156 -0.7808 -0.6246
vn -0.0078 -0.6711 -0.7413
vn 0.6900 -0.6665 -0.2823
vn 0.3633 0.1185 0.9241
vn 0.6063 0.0000 0.7953
vn 0.8626 -0.2510 0.4392
vn 0.8906 -0.4019 0.2128
vn 0.9503 0.1728 0.2592
vn 0.4434 0.8155 0.3721
vn 0.4573 0.5361 0.7096
vn 0.8493 -0.2910 0.4404
vn 0.3635 0.2054 0.9087
vn 0.6740 -0.4859 0.5564
vn 0.2357 -0.1021 0.9664
vn 0.3765 -0.6667 0.6432
vn -0.0079 -0.6750 0.7378
vn 0.3276 -0.8971 -0.2964
vn 0.4621 -0.8459 -0.2663
vn 0.6651 -0.7434 -0.0704
vn 0.9909 -0.1337 -0.0157
vn 0.5041 0.8506 0.1496
vn -0.0079 0.9353 0.3537
vn 0.3689 -0.9262 -0.0785
vn -0.8516 -0.2344 0.4688
vn -0.6651 -0.4617 0.5869
vn -0.3859 0.2126 0.8977
vn -0.4856 0.5170 0.7049
vn -0.9358 0.2027 0.2885
vn -0.4484 0.8102 0.3776
vn -0.5028 0.8485 0.1650
vn -0.0079 0.9886 0.1503
vn -0.9974 -0.0701 0.0156
vn -0.7402 -0.6701 -0.0546
vn -0.3754 -0.9229 -0.0860
vn -0.2431 -0.1019 0.9646
vn -0.0079 -0.0315 0.9995
vn 0.0000 0.4472 0.8944
vn 0.0000 0.5835 0.8121
vn -0.3832 -0.6648 0.6413
vn -0.4734 -0.8536 -0.2173
vn -0.3189 -0.9101 -0.2645
vn -0.2491 -0.9418 0.2257
vn -0.0078 -0.9502 -0.3115
vn 0.2417 -0.9436 0.2262
vn -0.2990 -0.2203 0.9285
vn -0.3298 0.0550 0.9424
vn -0.4457 -0.6959 0.5630
vn -0.4817 -0.8546 0.1942
vn -0.4950 -0.3536 0.7937
vn -0.3141 0.2670 0.9111
vn -0.6167 -0.6791 0.3981
vn -0.5812 -0.7539 0.3063
vn -0.5248 -0.8381 0.1488
vn -0.5865 -0.6177 0.5239
vn -0.5467 -0.7888 0.2811
vn -0.5307 -0.5073 0.6790
vn -0.4595 -0.7243 0.5140
vn -0.6989 -0.2120 0.6831
vn -0.3773 -0.1100 0.9195
vn -0.3384 -0.5037 0.7949
vn -0.1026 -0.1263 0.9867
vn -0.5573 -0.2198 0.8007
vn -0.6824 -0.4000 0.6118
vn -0.8356 -0.2734 0.4764
vn -0.7366 -0.3056 0.6034
vn -0.4252 0.1654 0.8898
vn -0.1258 0.2517 0.9596
vn -0.6655 0.0626 0.7438
vn -0.7789 0.2518 0.5743
vn -0.8800 0.2986 0.3693
vn -0.6210 0.5581 0.5503
vn -0.6752 0.6674 0.3141
vn -0.3295 0.8788 0.3452
vn -0.2603 0.7022 0.6627
vn -0.2682 0.8204 0.5049
vn -0.5247 0.3994 0.7518
vn -0.2044 0.4874 0.8490
vn 0.1102 0.7557 0.6455
vn 0.0394 0.8433 0.5360
vn 0.1500 0.7975 0.5843
vn -0.0079 0.6871 0.7265
vn -0.0000 0.6371 0.7708
vn -0.0079 0.7226 0.6912
vn 0.1261 0.7015 0.7015
vn 0.2843 0.7346 0.6161
vn 0.1421 0.5289 0.8367
vn -0.0079 0.7952 0.6063
vn 0.4269 0.4664 0.7747
vn 0.0000 0.4186 0.9082
vn -0.0000 0.5456 0.8381
vn 0.2614 0.6418 0.7210
vn 0.3863 0.5597 0.7331
vn 0.1807 0.2200 0.9586
vn 0.4675 0.2219 0.8557
vn 0.0628 -0.2513 0.9659
vn 0.3616 -0.0943 0.9276
vn -0.1178 -0.5652 0.8165
vn -0.3058 -0.8233 0.4783
vn -0.7603 -0.2195 0.6114
vn -0.4964 0.2364 0.8353
vn 0.1818 0.2292 0.9563
vn 0.4898 0.2133 0.8453
vn 0.0000 0.2611 0.9653
vn -0.0000 0.5214 0.8533
vn -0.1894 0.2289 0.9549
vn -0.2746 0.7217 0.6354
vn -0.6675 0.6676 0.3298
vn -0.8769 -0.1331 0.4619
vn -0.8704 0.4862 0.0784
vn -0.6652 0.6260 0.4069
vn -0.8887 0.4561 0.0472
vn -0.7584 0.5630 0.3284
vn -0.4953 0.3145 0.8098
vn -0.5163 -0.8214 0.2425
vn -0.0000 0.7417 0.6707
vn -0.1502 0.8298 0.5374
vn 0.0079 0.9082 0.4185
vn -0.1346 0.6257 0.7683
vn -0.1421 0.3947 0.9078
vn -0.3937 0.4016 0.8268
vn -0.5411 0.0549 0.8391
vn -0.6231 0.2918 0.7256
vn -0.0079 0.8764 0.4816
vn 0.0394 0.8277 0.5597
vn -0.7138 0.1883 0.6746
vn -0.6450 0.2675 0.7158
vn -0.5667 0.3463 0.7477
vn -0.4005 0.6440 0.6518
vn -0.2910 0.6921 0.6606
vn -0.3702 0.2914 0.8821
vn -0.5584 0.4326 0.7079
vn -0.2522 0.1103 0.9614
vn -0.4017 0.5278 0.7484
vn -0.4170 -0.2518 0.8733
vn -0.7290 0.2352 0.6428
vn -0.5824 0.5588 0.5903
vn -0.0314 -0.0706 0.9970
vn -0.3217 -0.1569 0.9337
vn -0.2283 0.4881 0.8424
vn -0.3537 -0.0079 0.9353
vn 0.1343 0.5767 0.8058
vn -0.0394 0.4182 0.9075
vn -0.5758 -0.7859 0.2256
vn -0.4935 -0.6031 0.6267
vn -0.0631 0.4337 0.8989
vn -0.5240 -0.8447 0.1095
vn -0.5222 -0.8106 0.2650
vn -0.5369 -0.8171 0.2101
vn 0.2192 -0.7279 -0.6497
vn 0.0858 -0.9354 -0.3430
vn 0.3282 -0.7346 -0.5939
vn 0.2732 -0.7572 -0.5933
vn 0.2965 -0.6945 -0.6555
vn 0.2109 -0.9060 -0.3671
vn -0.1331 -0.4307 0.8926
vn 0.2111 -0.9694 -0.1251
vn 0.1246 -0.7786 -0.6151
vn 0.2103 -0.9034 -0.3738
vn 0.1652 -0.4876 0.8573
vn 0.0394 -0.3860 0.9217
vn -0.0788 0.4646 0.8820
vn -0.0786 0.4955 0.8651
vn 0.1425 0.9106 0.3880
vn 0.1268 0.9193 0.3725
vn 0.2910 0.8573 -0.4247
vn 0.6386 -0.6070 0.4730
vn 0.6959 0.2056 0.6880
vn 0.0703 -0.9448 -0.3201
vn -0.0156 -0.7338 -0.6792
vn 0.6709 0.6709 -0.3157
vn 0.4708 0.8788 -0.0785
vn 0.4407 0.7634 -0.4722
vn 0.5825 0.8030 -0.1259
vn 0.8707 0.4908 -0.0317
vn 0.9859 0.1656 -0.0237
vn 0.5873 -0.7361 -0.3367
vn -0.5514 -0.6757 -0.4893
vn 0.2664 -0.9636 -0.0235
vn 0.9540 0.2996 0.0079
vn 0.6323 0.7667 0.1107
vn -0.7265 -0.6796 -0.1015
vn -0.4517 -0.8100 0.3739
vn -0.2513 -0.2200 0.9426
vn -0.2754 -0.1809 0.9442
vn -0.8529 -0.2582 0.4538
vn -0.6471 -0.4600 0.6081
vn -0.4781 -0.5722 0.6663
vn -0.9813 -0.1636 -0.1013
vn -0.0864 -0.5102 0.8557
vn -0.2278 -0.6440 0.7304
vn -0.3749 -0.7185 0.5858
vn -0.6779 -0.7325 -0.0623
vn -0.8617 -0.5014 -0.0783
vn -0.5564 -0.6740 0.4859
vn -0.9005 -0.4228 0.1018
vn -0.9153 -0.3521 0.1956
vn -0.7411 -0.6709 0.0234
vn -0.5527 -0.4514 -0.7006
vn -0.6704 -0.7016 -0.2417
vn -0.6953 0.1484 -0.7032
vn -0.9620 0.2503 -0.1095
vn -0.9075 0.2034 0.3676
vn -0.5655 0.0079 0.8247
vn -0.6954 -0.5235 0.4923
vn -0.1882 -0.4392 0.8785
vn -0.7869 -0.2571 0.5610
vn 0.2418 -0.9436 0.2262
vn 0.0078 -0.9471 -0.3209
vn 0.0156 -0.7943 -0.6073
vn -0.7403 -0.6701 -0.0545
vn -0.0079 -0.9955 -0.0941
vn -0.0078 -0.7981 -0.6025
vn -0.5292 -0.8404 -0.1167
vn 0.6473 -0.5069 -0.5693
vn 0.5883 -0.1961 -0.7845
vn -0.8148 -0.0078 0.5797
vn -0.8425 -0.3042 0.4446
vn -0.8609 -0.1957 0.4696
vn -0.8605 -0.5007 0.0939
vn -0.8258 -0.4752 0.3038
vn -0.3502 -0.8484 -0.3969
vn 0.7421 -0.4375 -0.5078
vn 0.4762 -0.8431 -0.2498
vn -0.5916 -0.5215 -0.6149
vn 0.1725 -0.2352 -0.9565
vn -0.7015 -0.6158 -0.3586
vn -0.9021 -0.4079 0.1412
vn -0.9153 -0.1956 0.3520
vn -0.8044 -0.0234 0.5936
vn -0.9562 -0.0392 0.2900
vn -0.9144 -0.0703 0.3986
vn -0.9358 -0.2028 0.2885
vn -0.9349 -0.3506 -0.0545
vn -0.9164 -0.2585 0.3055
vn -0.5724 -0.1804 0.7999
vn -0.4070 -0.1565 0.8999
vn -0.3228 -0.1339 0.9369
vn -0.4548 -0.1882 0.8705
vn -0.5328 0.0157 0.8461
vn -0.5417 -0.1649 0.8243
vn -0.4007 -0.0943 0.9114
vn -0.2662 -0.6577 0.7047
vn -0.5714 -0.4462 0.6888
vn -0.4547 -0.3920 0.7997
vn -0.8742 -0.3903 0.2888
vn -0.4148 -0.7436 0.5244
vn -0.3535 -0.0314 0.9349
vn -0.4457 -0.2189 0.8680
vn -0.4617 -0.6651 0.5869
vn -0.0625 -0.9453 -0.3203
vn 0.6654 -0.7359 -0.1253
vn -0.4702 -0.6583 0.5878
vn -0.1951 -0.9596 -0.2028
vn 0.2497 -0.0312 -0.9678
vn 0.0936 -0.2027 -0.9748
vn -0.1484 -0.9608 -0.2344
vn 0.4459 -0.1408 -0.8840
vn 0.5554 -0.1721 -0.8136
vn 0.8579 -0.0472 -0.5116
vn 0.6908 -0.3449 -0.6355
vn -0.3520 -0.6257 0.6961
vn -0.3613 -0.1021 0.9268
vn -0.1807 0.0550 0.9820
vn -0.1411 -0.1881 0.9720
vn -0.0079 -0.0079 0.9999
vn 0.0078 -0.9999 0.0078
vn -0.0315 -0.6453 0.7633
vn -0.0079 -0.3304 0.9438
vn 0.0000 -0.7637 0.6456
vn 0.0156 -0.9974 -0.0701
vn 0.1334 -0.1883 0.9730
vn 0.1732 0.0472 0.9838
vn 0.0235 -0.6748 0.7376
vn -0.0156 -0.9998 -0.0156
vn 0.0078 -0.4658 -0.8849
vn 0.1724 -0.9637 -0.2037
vn -0.1170 -0.1873 -0.9753
vn 0.3052 -0.6495 0.6964
vn 0.3613 -0.8091 0.4635
vn 0.5848 -0.4663 0.6638
vn -0.7303 -0.6526 -0.2020
vn 0.0704 -0.9471 -0.3131
vn 0.4621 -0.6501 0.6031
vn 0.1410 -0.9636 -0.2272
vn 0.4630 -0.6537 0.5986
vn 0.3451 -0.6274 0.6980
vn -0.2571 -0.0234 -0.9661
vn -0.4588 -0.1322 -0.8787
vn -0.5695 -0.1326 -0.8112
vn -0.8709 -0.0389 -0.4899
vn -0.3579 -0.9335 -0.0234
vn -0.6923 -0.3655 -0.6222
vn 0.0703 -0.3434 -0.9366
vn 0.8167 -0.4790 -0.3220
vn 0.9160 -0.3836 -0.1174
vn 0.8462 -0.5093 -0.1567
vn 0.8641 -0.4163 0.2828
vn -0.4209 -0.2728 -0.8651
vn 0.5884 -0.8080 -0.0314
vn 0.8959 -0.4323 0.1022
vn 0.9152 -0.2603 0.3077
vn -0.6518 -0.5044 -0.5664
vn 0.4954 -0.3853 0.7785
vn -0.7456 -0.4349 -0.5049
vn 0.3434 -0.8507 -0.3980
vn 0.8808 -0.4640 0.0944
vn 0.8263 -0.4722 0.3069
vn 0.9166 -0.1975 0.3477
vn 0.9348 -0.2042 0.2906
vn 0.9131 -0.0708 0.4014
vn 0.5761 -0.1815 0.7970
vn 0.4263 -0.1500 0.8921
vn 0.8739 -0.2047 0.4409
vn 0.8826 -0.2994 0.3625
vn 0.8536 -0.0869 0.5137
vn 0.8112 -0.0472 0.5828
vn 0.9555 -0.0395 0.2922
vn 0.3544 -0.1024 0.9295
vn 0.4394 -0.2197 0.8710
vn 0.5354 -0.1732 0.8267
vn 0.4728 -0.1970 0.8589
vn 0.3396 -0.1264 0.9320
vn 0.5306 0.0158 0.8475
vn 0.3870 -0.1027 0.9163
vn 0.3534 -0.0393 0.9346
vn -0.7206 0.3682 -0.5875
vn -0.8287 0.3674 -0.4222
vn -0.9060 0.2577 -0.3358
vn -0.6518 -0.5043 -0.5664
vn -0.9470 0.2348 -0.2192
vn -0.7456 -0.4350 -0.5048
vn 0.0702 -0.3434 -0.9366
vn -0.6923 -0.3656 -0.6222
vn -0.5694 -0.1326 -0.8113
vn -0.6321 0.4370 -0.6399
vn -0.4587 -0.1322 -0.8787
vn -0.4689 0.4533 -0.7581
vn -0.3293 0.4626 -0.8232
vn -0.1563 0.5001 -0.8517
vn -0.0079 0.4877 -0.8730
vn 0.0078 -0.4657 -0.8849
vn 0.1569 0.4942 -0.8551
vn 0.3223 0.4637 -0.8253
vn 0.4628 0.4549 -0.7608
vn 0.6146 0.4412 -0.6539
vn 0.7075 0.3774 -0.5975
vn 0.8286 0.3630 -0.4262
vn 0.9046 0.2595 -0.3382
vn 0.9462 0.2366 -0.2208
vn 0.7422 -0.4375 -0.5078
vn 0.6905 -0.3453 -0.6356
vn -0.1489 0.9565 -0.2509
vn 0.4809 0.8751 -0.0552
vn -0.9590 0.2807 0.0390
vn -0.9456 0.2970 0.1328
vn -0.4569 0.5671 0.6853
vn -0.4488 -0.2204 0.8660
vn 0.8221 0.5533 0.1344
vn -0.6795 -0.3436 0.6482
vn -0.9996 -0.0156 0.0234
vn -0.9901 -0.1403 0.0000
vn -0.9925 -0.1094 0.0547
vn -0.9758 -0.0078 0.2186
vn -0.8530 -0.1174 0.5086
vn -0.2518 -0.0079 0.9678
vn -0.6010 -0.4215 0.6791
vn -0.9616 -0.2580 0.0938
vn -0.9840 -0.0469 -0.1718
vn -0.8762 -0.2816 0.3912
vn -0.8735 -0.2808 0.3977
vn -0.6616 0.4410 0.6064
vn 0.5282 0.8358 0.1498
vn -0.2672 0.1571 0.9508
vn -0.3614 0.2593 0.8956
vn -0.4605 -0.4761 0.7492
vn -0.6194 -0.4391 0.6508
vn -0.4877 0.3619 0.7945
vn -0.7364 -0.3212 0.5954
vn -0.5635 -0.3600 0.7435
vn -0.4536 -0.6570 0.6022
vn -0.3365 -0.6964 0.6338
vn -0.6037 -0.6194 0.5018
vn -0.6900 -0.5567 0.4626
vn -0.6194 -0.5018 0.6038
vn -0.5405 -0.4935 0.6815
vn -0.1179 0.9119 -0.3930
vn -0.1025 0.9622 0.2524
vn -0.3364 0.5242 -0.7823
vn -0.1484 0.4763 -0.8667
vn 0.0000 0.4156 -0.9096
vn 0.0000 0.9154 0.4025
vn 0.1099 0.9027 -0.4160
vn -0.1020 0.1648 0.9810
vn -0.3290 -0.4778 0.8146
vn 0.1408 0.4614 -0.8759
vn 0.2746 0.4237 -0.8632
vn 0.3697 0.2438 0.8966
vn 0.4877 -0.4641 0.7394
vn 0.6236 -0.4499 0.6394
vn 0.2672 0.1572 0.9508
vn 0.0943 0.1649 0.9818
vn -0.0079 -0.0550 0.9985
vn -0.1172 -0.5706 0.8129
vn -0.0078 -0.5328 0.8462
vn -0.1644 -0.7281 0.6655
vn -0.0078 -0.7071 0.7071
vn 0.1095 -0.5711 0.8136
vn 0.3149 -0.4802 0.8187
vn 0.1568 -0.7290 0.6663
vn 0.3295 -0.6983 0.6355
vn 0.5258 -0.6357 0.5651
vn 0.6338 -0.6025 0.4851
vn 0.6538 -0.5908 0.4727
vn 0.5424 -0.5659 0.6210
vn 0.5921 -0.4579 0.6631
vn 0.5648 -0.4001 0.7217
vn 0.6313 -0.5444 0.5523
vn 0.7214 -0.3528 0.5959
vn 0.4747 0.3323 0.8150
vn -0.2209 0.9625 0.1578
vn 0.5455 0.3557 0.7589
vn 0.2369 -0.0079 0.9715
vn 0.6752 -0.3455 0.6517
vn 0.9898 -0.1414 -0.0157
vn 0.9996 -0.0157 0.0236
vn 0.9915 -0.1180 0.0551
vn 0.9605 0.2755 0.0393
vn 0.9754 -0.0079 0.2203
vn 0.8451 -0.1185 0.5213
vn 0.6571 0.4434 0.6096
vn -0.5339 0.8323 0.1492
vn -0.4715 0.8801 -0.0550
vn 0.8716 -0.2827 0.4005
vn 0.8637 -0.3062 0.4004
vn 0.9824 -0.0472 -0.1808
vn 0.9598 -0.2753 0.0551
vn 0.1490 0.9565 -0.2509
vn 0.9470 0.2920 0.1342
vn 0.4418 0.5681 0.6943
vn 0.4259 -0.2287 0.8754
vn -0.8094 0.5658 0.1571
vn -0.1971 0.9619 0.1892
vn -0.6368 0.5975 -0.4874
vn -0.5397 0.6882 -0.4849
vn -0.1340 0.9696 0.2049
vn -0.5112 0.7078 -0.4876
vn 0.4809 0.8750 -0.0552
vn -0.1490 0.9565 -0.2509
vn -0.4569 0.5672 0.6852
vn 0.8808 0.3146 -0.3539
vn 0.8488 0.3930 -0.3537
vn 0.7172 0.4808 -0.5044
vn 0.6285 0.5500 -0.5500
vn 0.6291 0.4875 -0.6055
vn 0.5805 0.6589 -0.4785
vn 0.5790 0.4929 -0.6494
vn 0.5320 0.5242 -0.6650
vn 0.3526 0.5564 -0.7523
vn 0.1565 0.5711 -0.8058
vn 0.1408 0.4615 -0.8759
vn 0.0000 0.5745 -0.8185
vn -0.1483 0.4763 -0.8667
vn -0.1641 0.5704 -0.8048
vn -0.4547 0.5331 -0.7134
vn -0.5803 0.5097 -0.6352
vn -0.5396 0.6882 -0.4849
vn -0.6404 0.5232 -0.5623
vn -0.6368 0.5974 -0.4874
vn -0.7272 0.5083 -0.4613
vn -0.8094 0.5658 0.1572
vn -0.8404 0.4202 -0.3424
vn -0.4715 0.8802 -0.0550
vn -0.8739 0.3277 -0.3589
vn 0.4419 0.5681 0.6943
vn 0.0870 0.9730 0.2136
vn 0.3075 0.9384 -0.1577
vn 0.1891 0.9692 0.1576
vn 0.1737 0.9708 0.1658
vn 0.6286 0.5500 -0.5499
vn 0.5804 0.6589 -0.4785
vn 0.8597 -0.5047 -0.0789
vn 0.4721 -0.5744 0.6688
vn 0.6425 -0.4623 0.6112
vn 0.6737 -0.7364 -0.0627
vn 0.8507 -0.2600 0.4569
vn 0.2440 -0.2204 0.9444
vn 0.3849 -0.6833 0.6205
vn 0.7376 -0.6748 0.0235
vn 0.1806 -0.4399 0.8797
vn 0.9140 -0.3546 0.1970
vn 0.9696 -0.2365 -0.0631
vn 0.5100 -0.6983 0.5022
vn 0.3682 -0.7206 0.5875
vn 0.0785 -0.5106 0.8562
vn 0.2203 -0.6451 0.7317
vn 0.9061 0.2048 0.3703
vn 0.4138 -0.8431 -0.3435
vn 0.5545 -0.4452 -0.7030
vn 0.6832 -0.7302 0.0078
vn 0.8493 -0.2517 0.4640
vn 0.6755 -0.1806 0.7148
vn 0.9300 0.3152 0.1892
vn -0.0471 0.9969 0.0627
vn -0.7208 0.5719 0.3917
vn -0.8709 0.1648 0.4629
vn -0.6107 0.1957 0.7673
vn -0.9148 0.3909 0.1016
vn -0.5839 0.7338 0.3472
vn -0.4247 0.7000 0.5741
vn -0.4172 0.6771 0.6062
vn -0.2605 0.7500 0.6079
vn -0.0472 0.7628 0.6449
vn 0.1579 0.8288 0.5368
vn 0.1496 0.7872 0.5983
vn -0.1267 0.7286 0.6731
vn 0.1407 -0.1016 -0.9848
vn 0.1333 0.1489 -0.9798
vn 0.3359 0.0937 -0.9372
vn 0.5254 -0.1412 -0.8391
vn 0.5630 0.0938 -0.8211
vn 0.3041 -0.1793 -0.9356
vn 0.2425 -0.0000 -0.9701
vn 0.6977 -0.2195 -0.6820
vn 0.5159 -0.3674 -0.7739
vn 0.3441 -0.2424 -0.9071
vn 0.5415 0.0392 -0.8398
vn 0.4004 0.4004 -0.8243
vn -0.0000 0.0078 -1.0000
vn 0.8546 -0.2509 -0.4547
vn 0.6417 -0.4539 -0.6182
vn 0.6583 -0.5878 -0.4702
vn 0.6097 -0.2971 -0.7348
vn 0.7377 -0.5494 -0.3924
vn 0.5404 -0.7676 -0.3446
vn 0.6655 -0.7203 -0.1957
vn 0.5820 -0.8022 -0.1337
vn 0.7061 -0.6983 0.1177
vn 0.6274 -0.7372 0.2510
vn 0.4781 -0.8778 -0.0313
vn 0.3667 -0.8583 -0.3589
vn 0.2885 -0.9512 -0.1092
vn 0.1641 -0.8988 -0.4064
vn 0.0000 -0.9337 -0.3579
vn -0.0000 -0.9548 -0.2974
vn 0.2582 -0.9310 -0.2582
vn 0.6514 -0.4787 0.5886
vn 0.5571 -0.7689 0.3138
vn 0.3684 -0.8858 -0.2822
vn 0.5004 -0.8132 -0.2971
vn 0.7103 -0.2368 0.6629
vn 0.6356 -0.2276 0.7377
vn 0.6144 -0.4175 0.6695
vn 0.3458 -0.8408 0.4165
vn -0.0000 -1.0000 0.0000
vn 0.4964 -0.0473 0.8668
vn 0.2134 0.1581 0.9641
vn 0.3469 -0.1183 0.9304
vn 0.4091 -0.4878 0.7711
vn -0.0078 -0.9021 0.4314
vn -0.0079 0.0079 0.9999
vn -0.0079 0.0948 0.9955
vn -0.0079 -0.0000 1.0000
vn 0.3153 -0.1891 0.9300
vn -0.0078 -0.5029 0.8643
vn 0.2834 -0.5589 0.7793
vn 0.2528 -0.1500 0.9558
vn 0.5743 -0.1967 0.7946
vn 0.1027 0.8612 0.4978
vn -0.0474 0.9875 0.1501
vn -0.0079 0.0472 0.9989
vn 0.0000 0.6063 -0.7952
vn -0.0078 0.9985 0.0550
vn 0.3074 0.6069 0.7330
vn -0.2988 0.7312 0.6133
vn 0.1739 0.1580 0.9720
vn -0.7363 -0.1879 0.6501
vn 0.3549 -0.4338 0.8282
vn 0.1577 -0.6150 0.7726
vn 0.6604 -0.1336 0.7390
vn 0.5567 -0.4626 0.6900
vn 0.7234 -0.1730 0.6684
vn 0.6084 -0.1738 0.7743
vn 0.3935 -0.4879 0.7791
vn 0.2600 -0.5356 0.8034
vn 0.5911 -0.4492 0.6699
vn 0.5766 -0.2370 0.7819
vn 0.7000 -0.3067 0.6449
vn 0.6459 -0.2835 0.7089
vn 0.6845 -0.2282 0.6924
vn 0.6062 -0.4645 0.6456
vn 0.6983 -0.3295 0.6355
vn 0.1492 -0.7223 0.6753
vn 0.2280 -0.6053 0.7626
vn -0.7071 -0.6916 -0.1476
vn -0.9701 0.2269 0.0860
vn 0.4494 0.8199 -0.3548
vn -0.0470 0.4931 -0.8687
vn 0.6012 0.7436 0.2927
vn 0.4107 0.2211 0.8846
vn 0.2128 -0.0079 0.9771
vn -0.2051 0.3865 0.8992
vn 0.3397 0.7664 0.5451
vn 0.5779 0.7046 0.4117
vn 0.2742 0.9008 -0.3368
vn -0.1332 0.6267 -0.7678
vn -0.6953 0.1485 -0.7032
vn 0.5208 0.6076 0.5997
vn 0.0473 0.4811 0.8754
vn 0.2993 0.8979 0.3229
vn 0.4157 0.8314 -0.3687
vn 0.3053 0.6733 -0.6733
vn 0.7329 -0.2916 0.6147
vn 0.2437 0.2830 0.9276
vn 0.6552 -0.1421 0.7420
vn 0.6118 -0.6824 0.4000
vn 0.4757 -0.8578 0.1949
vn 0.1972 0.1419 0.9700
vn 0.5516 0.3152 0.7722
vn 0.4787 0.3609 -0.8004
vn 0.2894 0.3676 -0.8838
vn 0.2664 0.5721 -0.7757
vn 0.1417 0.4013 -0.9049
vn 0.1253 0.6188 -0.7755
vn 0.1808 0.7626 -0.6211
vn 0.0866 0.8026 -0.5902
vn 0.0237 0.9712 -0.2369
vn -0.0000 0.8404 -0.5419
vn -0.0078 0.9820 -0.1886
vn -0.0079 0.9962 0.0870
vn -0.0079 0.9263 0.3768
vn 0.0315 0.8117 0.5832
vn -0.0866 0.8501 0.5195
vn -0.1573 0.9437 0.2910
vn -0.1262 0.9068 0.4022
vn -0.0865 0.8731 0.4798
vn -0.0631 0.8989 0.4337
vn -0.1578 0.9152 0.3708
vn -0.3609 0.9024 0.2354
vn -0.2045 0.9126 0.3540
vn -0.1258 0.9435 0.3066
vn -0.0707 0.9905 0.1179
vn -0.0079 0.9820 -0.1885
vn -0.0316 0.9710 -0.2368
vn 0.0946 0.9774 0.1892
vn -0.2899 0.8697 0.3996
vn -0.7021 0.7100 0.0552
vn -0.8926 -0.1331 0.4307
vn -0.7772 0.3454 0.5260
vn -0.8981 0.4139 0.1484
vn -0.6744 0.6352 0.3764
vn 0.3397 0.7664 0.5452
vn -0.8462 0.4309 0.3134
vn -0.8297 0.5401 0.1409
vn -0.7621 0.5264 0.3771
vn -0.8237 0.5491 0.1412
vn -0.9291 0.3669 0.0468
vn -0.8903 0.4530 -0.0469
vn -0.9134 0.3435 -0.2186
vn -0.8684 0.4929 -0.0547
vn -0.9537 0.2658 -0.1407
vn -0.9365 0.3356 -0.1015
vn -0.9774 0.0078 -0.2111
vn -0.9267 0.0857 -0.3660
vn -0.9390 0.1017 -0.3287
vn -0.9889 0.1012 -0.1090
vn -0.9051 0.2676 0.3305
vn -0.5102 0.3846 0.7693
vn -0.7473 0.1888 0.6371
vn -0.9856 -0.0939 0.1408
vn -0.9371 -0.2655 -0.2265
vn -0.8395 -0.1648 0.5178
vn -0.5654 -0.0236 0.8245
vn -0.1413 0.2197 0.9653
vn -0.2989 0.2517 0.9205
vn -0.9180 -0.3812 0.1089
vn -0.8053 -0.3909 0.4457
vn -0.5797 -0.4465 0.6816
vn -0.5339 -0.4397 0.7223
vn -0.3387 -0.1890 0.9217
vn -0.2197 -0.4394 0.8710
vn -0.4148 -0.4069 0.8139
vn -0.6826 -0.3609 0.6355
vn -0.6895 -0.3761 0.6190
vn -0.6920 -0.3932 0.6055
vn -0.7041 -0.2269 0.6729
vn -0.6357 -0.2276 0.7377
vn -0.6092 -0.4217 0.6716
vn -0.5023 -0.0471 0.8634
vn -0.5644 -0.3214 0.7604
vn -0.6827 -0.2982 0.6670
vn -0.6992 0.0000 0.7149
vn -0.4785 -0.2824 0.8315
vn -0.2751 -0.4795 0.8333
vn -0.2906 -0.5891 0.7540
vn -0.5085 -0.4068 0.7589
vn -0.3223 -0.1887 0.9276
vn -0.2209 0.1578 0.9624
vn -0.3538 -0.1179 0.9278
vn -0.2834 -0.5589 0.7793
vn -0.2601 -0.1498 0.9539
vn -0.5716 -0.1879 0.7987
vn -0.6584 0.0157 0.7525
vn -0.6667 0.0157 0.7451
vn 0.4268 0.1423 0.8931
vn -0.0948 0.2766 0.9563
vn -0.0395 0.7336 0.6784
vn -0.3774 0.5975 0.7075
vn -0.1498 0.8358 0.5283
vn 0.0236 0.9897 0.1414
vn 0.3054 0.6733 -0.6733
vn 0.4708 0.8787 -0.0785
vn 0.5826 0.8030 -0.1259
vn 0.6324 0.7667 0.1107
vn 0.9540 0.2996 0.0078
vn 0.2663 -0.9636 -0.0235
vn 0.1024 -0.5752 0.8116
vn -0.4517 -0.8100 0.3738
vn -0.5945 0.6414 -0.4850
vn -0.7948 0.1325 -0.5922
vn -0.6886 0.3521 -0.6339
vn -0.8095 -0.1479 -0.5682
vn -0.8394 -0.1555 -0.5207
vn -0.8641 -0.3192 -0.3892
vn -0.8118 -0.5074 -0.2888
vn -0.7865 -0.6152 -0.0545
vn -0.6377 -0.7699 0.0233
vn -0.5394 -0.8131 0.2189
vn -0.3577 -0.9022 0.2411
vn -0.2420 -0.9213 0.3045
vn -0.1802 -0.9324 0.3134
vn -0.0078 -0.9447 0.3279
vn -0.6664 -0.5889 -0.4572
vn 0.2347 -0.9230 0.3051
vn 0.1726 -0.9337 0.3138
vn -0.0078 -0.9525 0.3045
vn -0.0078 -0.9806 0.1961
vn -0.3741 -0.9274 0.0000
vn -0.5137 -0.8407 -0.1713
vn -0.5610 -0.7637 -0.3195
vn 0.3509 -0.9046 0.2418
vn 0.0000 -1.0000 0.0078
vn 0.3673 -0.9301 0.0000
vn 0.6331 -0.7737 0.0235
vn 0.5015 -0.8462 -0.1802
vn -0.3893 -0.8799 -0.2725
vn -0.2727 -0.9271 -0.2571
vn 0.8092 -0.5106 -0.2907
vn 0.8068 -0.1488 -0.5718
vn 0.7919 0.1333 -0.5959
vn 0.6845 0.3540 -0.6373
vn 0.8371 -0.1565 -0.5242
vn 0.8621 -0.3213 -0.3918
vn 0.7835 -0.6190 -0.0548
vn 0.5339 -0.8165 0.2198
vn 0.6098 -0.2971 -0.7348
vn -0.0078 0.8148 -0.5798
vn -0.0079 0.9862 -0.1657
vn 0.5894 0.6444 -0.4872
vn -0.3526 -0.8385 0.4153
vn -0.4157 -0.4863 0.7686
vn -0.2976 -0.9475 -0.1175
vn -0.5704 -0.7658 0.2970
vn -0.6539 -0.4904 0.5761
vn -0.1868 -0.8951 -0.4048
vn -0.0079 -0.9021 0.4314
vn -0.7272 -0.4614 0.5083
vn -0.6345 -0.7363 0.2350
vn -0.5139 -0.8566 -0.0467
vn -0.3816 -0.8488 -0.3660
vn -0.6655 -0.7438 0.0626
vn -0.7809 -0.4217 0.4608
vn -0.7624 -0.6379 -0.1089
vn -0.6154 -0.7478 -0.2493
vn -0.6145 -0.7778 -0.1322
vn -0.7186 -0.5468 -0.4296
vn -0.7640 -0.2728 -0.5847
vn -0.8516 -0.2344 -0.4688
vn -0.9198 -0.2962 -0.2572
vn -0.7303 -0.5672 -0.3807
vn -0.6463 -0.4516 -0.6151
vn -0.8453 -0.2817 -0.4540
vn -0.5221 -0.8027 -0.2883
vn -0.6146 -0.2956 -0.7313
vn -0.5470 0.0391 -0.8362
vn -0.4069 0.3991 -0.8217
vn -0.4470 0.7607 -0.4706
vn -0.0078 0.8148 -0.5797
vn -0.0079 0.9861 -0.1657
vn -0.7346 0.3282 -0.5939
vn -0.4847 0.3596 -0.7974
vn -0.5477 0.1095 -0.8295
vn -0.3427 0.0935 -0.9348
vn -0.3763 0.4939 -0.7839
vn -0.6954 0.1484 -0.7032
vn -0.8290 0.3754 -0.4145
vn -0.7204 0.0783 -0.6891
vn -0.5214 -0.1478 -0.8404
vn -0.3111 -0.1789 -0.9334
vn -0.1409 0.1488 -0.9788
vn -0.1483 -0.1015 -0.9837
vn -0.2499 -0.0000 -0.9683
vn -0.3510 -0.2418 -0.9046
vn -0.5216 -0.3659 -0.7707
vn -0.6962 -0.2503 -0.6728
vn -0.8842 0.0704 -0.4617
vn -0.0078 -0.0390 -0.9992
vn -0.9074 0.2034 0.3677
vn -0.5655 0.0078 0.8247
vn -0.3690 0.9261 0.0785
vn -0.4726 0.8743 0.1103
vn -0.1263 0.3795 0.9165
vn -0.2905 0.3376 0.8954
vn -0.5879 0.8075 0.0472
vn 0.2761 -0.4735 0.8364
vn -0.7629 -0.6463 -0.0148
vn -0.2970 0.4458 -0.8444
vn -0.3437 0.4843 -0.8046
vn -0.3987 0.4534 -0.7972
vn -0.4224 0.4300 -0.7979
vn 0.5648 -0.8239 -0.0471
vn 0.3378 -0.4944 0.8009
vn 0.0236 0.4720 0.8813
vn -0.2829 0.9586 0.0313
vn -0.4224 0.5713 -0.7037
vn -0.1888 0.9604 0.2051
vn 0.1426 0.5231 0.8402
vn 0.2648 -0.3581 -0.8953
vn 0.1175 -0.3837 -0.9160
vn 0.4629 -0.8786 -0.1176
vn 0.3930 -0.4638 0.7940
vn 0.3594 -0.9299 -0.0782
vn 0.4171 -0.4408 0.7948
vn 0.2734 -0.9611 -0.0391
vn 0.2371 0.3635 0.9009
vn 0.4163 -0.5811 0.6993
vn 0.1797 -0.9608 -0.2109
vn -0.1488 -0.5248 -0.8381
vn -0.0390 -0.4745 -0.8794
vn -0.2421 -0.3669 -0.8982
vn -0.4223 0.4302 -0.7979
vn -0.3986 0.4534 -0.7972
vn -0.2971 0.4457 -0.8445
vn -0.4224 0.5711 -0.7039
vn -0.0314 0.9970 0.0707
vn -0.1417 0.9838 0.1101
vn 0.0079 0.4024 0.9154
vn -0.1571 0.4163 0.8956
vn -0.2754 0.9602 0.0473
vn -0.2504 0.5479 -0.7982
vn -0.2198 0.5573 -0.8007
vn -0.1564 0.5710 -0.8059
vn -0.1249 0.5232 -0.8430
vn -0.9301 -0.3671 -0.0131
vn 0.1023 -0.5427 0.8337
vn 0.1491 -0.5807 0.8003
vn 0.1889 0.4329 0.8814
vn 0.0629 0.9975 0.0314
vn 0.2422 -0.9687 -0.0547
vn 0.1328 -0.9842 -0.1173
vn 0.1322 -0.4279 -0.8941
vn 0.2127 -0.5671 0.7957
vn 0.3165 0.4431 0.8387
vn 0.1571 0.9662 0.2043
vn -0.1958 0.6816 -0.7050
vn 0.0233 -0.9967 -0.0779
vn 0.2436 -0.5578 0.7934
vn -0.0701 -0.9968 -0.0390
vn 0.3483 0.2533 0.9025
vn 0.1883 -0.6905 0.6984
vn -0.1632 -0.9640 -0.2097
vn -0.3204 -0.4453 -0.8361
vn -0.1944 -0.4355 -0.8789
vn -0.0234 -0.4059 -0.9136
vn -0.3513 -0.2655 -0.8978
vn -0.2504 0.5478 -0.7982
vn -0.2197 0.5574 -0.8006
vn -0.1565 0.5712 -0.8058
vn -0.1249 0.5227 -0.8433
vn 0.1819 0.9807 0.0712
vn -0.0235 0.9966 0.0785
vn -0.1029 0.4193 0.9020
vn -0.3083 0.4505 0.8379
vn -0.2052 0.9786 -0.0158
vn 0.0235 0.5563 -0.8306
vn 0.0392 0.5652 -0.8241
vn 0.0783 0.5638 -0.8222
vn 0.0942 0.5098 -0.8551
vn -0.9502 -0.2509 -0.1851
vn -0.1257 -0.5265 0.8408
vn -0.0863 -0.5724 0.8154
vn 0.1422 0.4108 0.9006
vn 0.3301 0.9431 0.0392
vn 0.1720 -0.9851 -0.0000
vn 0.0156 -0.9962 -0.0857
vn 0.2736 -0.4611 -0.8441
vn -0.0393 -0.5741 0.8179
vn 0.3078 0.3710 0.8761
vn 0.3873 0.8930 0.2292
vn 0.0943 0.6840 -0.7233
vn -0.1880 -0.9790 -0.0783
vn -0.0236 -0.5654 0.8245
vn -0.3345 -0.9412 -0.0467
vn 0.2770 0.1899 0.9419
vn -0.1022 -0.6915 0.7151
vn -0.3905 -0.8903 -0.2343
vn -0.3119 -0.3743 -0.8733
vn -0.1484 -0.4139 -0.8981
vn 0.0940 -0.4231 -0.9012
vn -0.2817 -0.1957 -0.9393
vn 0.0235 0.5564 -0.8306
vn 0.0944 0.6840 -0.7234
vn 0.0393 0.5651 -0.8241
vn 0.0942 0.5099 -0.8550
vn 0.2287 0.9696 0.0867
vn 0.0236 0.9982 0.0550
vn -0.1736 0.4499 0.8761
vn -0.3695 0.4953 0.7862
vn -0.1182 0.9925 -0.0315
vn 0.3210 0.5090 -0.7987
vn 0.2362 0.5353 -0.8109
vn 0.1884 0.5573 -0.8086
vn 0.2349 0.4932 -0.8376
vn -0.9369 -0.1025 -0.3343
vn -0.2738 -0.5006 0.8212
vn -0.1951 -0.5619 0.8039
vn -0.0079 0.4250 0.9051
vn 0.4116 0.9025 0.1267
vn 0.0785 -0.9968 0.0157
vn -0.0234 -0.9978 -0.0623
vn 0.3280 -0.5077 -0.7967
vn -0.2441 -0.5433 0.8032
vn 0.0866 0.3781 0.9217
vn 0.4742 0.8218 0.3160
vn 0.4324 0.6054 -0.6683
vn -0.2342 -0.9677 -0.0937
vn -0.3288 -0.5166 0.7906
vn -0.4149 -0.9001 -0.1331
vn 0.0315 0.2126 0.9766
vn -0.4389 -0.6114 0.6584
vn -0.4759 -0.8193 -0.3199
vn -0.0935 -0.3818 -0.9195
vn 0.0000 -0.4284 -0.9036
vn 0.1643 -0.4536 -0.8759
vn -0.0390 -0.2184 -0.9751
vn 0.2362 0.5354 -0.8109
vn 0.1885 0.5573 -0.8086
vn 0.2349 0.4931 -0.8376
vn 0.1503 0.9886 0.0079
vn -0.0158 0.9998 0.0158
vn -0.1419 0.5046 0.8516
vn -0.2828 0.5027 0.8169
vn -0.1413 0.9892 -0.0393
vn 0.2270 0.4696 -0.8532
vn 0.1410 0.5012 -0.8538
vn 0.1174 0.5087 -0.8529
vn 0.1258 0.4717 -0.8727
vn -0.9698 -0.1611 -0.1831
vn -0.1580 -0.4790 0.8635
vn -0.1254 -0.5174 0.8465
vn -0.0000 0.4970 0.8677
vn 0.3397 0.9402 0.0237
vn 0.1172 -0.9928 0.0235
vn 0.0078 -0.9997 -0.0235
vn 0.2509 -0.5095 -0.8231
vn -0.1490 -0.5098 0.8473
vn 0.1103 0.4571 0.8826
vn 0.3947 0.8919 0.2210
vn 0.3386 0.5906 -0.7325
vn -0.1556 -0.9877 -0.0155
vn -0.2351 -0.4780 0.8463
vn -0.3441 -0.9384 -0.0313
vn 0.0552 0.2919 0.9549
vn -0.3459 -0.5976 0.7234
vn -0.3978 -0.8891 -0.2262
vn -0.1169 -0.4596 -0.8804
vn -0.0078 -0.4995 -0.8663
vn 0.1333 -0.5017 -0.8547
vn -0.0625 -0.2968 -0.9529
vn 0.3387 0.5907 -0.7324
vn 0.1258 0.4718 -0.8727
vn -0.4227 -0.5793 0.6969
vn -0.1872 -0.9595 -0.2105
vn -0.2807 -0.9590 -0.0391
vn -0.2445 0.3629 0.8992
vn -0.4235 -0.4394 0.7922
vn -0.3661 -0.9273 -0.0778
vn 0.1812 0.9619 0.2049
vn -0.1505 0.5224 0.8393
vn -0.3996 -0.4623 0.7916
vn -0.4691 -0.8753 -0.1173
vn 0.2347 -0.3678 -0.8998
vn 0.1411 -0.5253 -0.8391
vn 0.0313 -0.4748 -0.8795
vn -0.1253 -0.3832 -0.9151
vn -0.2719 -0.3575 -0.8934
vn 0.4159 0.5729 -0.7062
vn 0.4158 0.4316 -0.8005
vn 0.3921 0.4548 -0.7996
vn 0.3368 0.4856 -0.8067
vn 0.2901 0.4466 -0.8464
vn 0.7497 -0.6616 -0.0175
vn -0.5702 -0.8202 -0.0467
vn -0.2833 -0.4724 0.8346
vn -0.3447 -0.4931 0.7988
vn 0.3621 0.9288 0.0786
vn 0.3919 0.4547 -0.7998
vn 0.4160 0.4317 -0.8004
vn 0.4666 0.8775 0.1107
vn 0.3368 0.4855 -0.8067
vn 0.5827 0.8113 0.0472
vn 0.2899 0.4469 -0.8463
vn 0.2834 0.3385 0.8973
vn 0.1186 0.3798 0.9174
vn -0.0313 0.4720 0.8810
vn 0.2756 0.9607 0.0317
vn 0.4159 0.5728 -0.7064
vn -0.0630 0.9927 0.1024
vn -0.1573 0.9279 -0.3381
vn -0.0944 0.8020 -0.5898
vn -0.1884 0.7615 -0.6202
vn -0.1330 0.6182 -0.7747
vn -0.2965 0.3667 -0.8818
vn -0.1493 0.4009 -0.9039
vn -0.2737 0.5708 -0.7741
vn -0.1727 0.7456 -0.6436
vn -0.0236 0.9515 -0.3067
vn -0.0079 0.6668 -0.7452
vn -0.0000 0.4535 -0.8913
vn -0.0078 0.1946 -0.9809
vn -0.0940 0.5487 -0.8307
vn -0.0939 0.5396 -0.8367
vn -0.2042 0.5025 -0.8401
vn 0.4149 -0.8769 -0.2427
vn 0.0470 -0.2898 -0.9559
vn -0.3749 0.5859 -0.7185
vn 0.8794 -0.4632 -0.1099
vn 0.7463 -0.6599 -0.0864
vn 0.6364 -0.7699 -0.0471
vn 0.5399 -0.8373 0.0861
vn 0.4866 -0.8476 0.2119
vn -0.0078 -0.9389 -0.3442
vn 0.8274 -0.4649 0.3152
vn 0.8247 -0.5027 0.2592
vn 0.8740 -0.3701 0.3150
vn -0.4736 0.2210 0.8525
vn -0.4333 0.4648 0.7721
vn -0.2688 0.6404 0.7195
vn -0.1339 0.7007 0.7007
vn -0.3684 -0.0941 0.9249
vn -0.4958 0.2125 0.8421
vn 0.7471 0.3067 -0.5898
vn -0.0078 0.6668 -0.7452
vn -0.1249 -0.9833 -0.1327
vn -0.0859 -0.7885 -0.6090
vn 0.8589 -0.5122 -0.0079
vn 1.0000 0.0000 -0.0079
vn 0.9696 -0.0079 0.2444
vn 0.4936 -0.8697 -0.0078
vn 0.8304 -0.5014 0.2429
vn 0.8764 -0.0079 0.4816
vn -0.0000 -0.9992 0.0390
vn 0.4710 -0.8479 0.2434
vn 0.7485 -0.4570 0.4806
vn 0.7226 -0.0078 0.6912
vn 0.2995 -0.0236 0.9538
vn 0.2754 0.1337 0.9520
vn 0.5214 -0.0158 0.8532
vn 0.4578 0.2525 0.8524
vn 0.6291 0.3539 0.6921
vn 0.7598 0.4353 0.4828
vn 0.8425 0.4803 0.2441
vn 0.1655 0.2521 0.9534
vn -0.2765 0.4424 0.8531
vn -0.1731 0.2518 0.9522
vn -0.0079 0.3233 0.9463
vn -0.0079 0.5547 0.8320
vn 0.2692 0.4433 0.8550
vn 0.3625 0.6226 0.6935
vn 0.4417 0.7572 0.4812
vn 0.4895 0.8369 0.2448
vn -0.0079 0.8975 0.4409
vn -0.6339 0.3521 0.6886
vn -0.4640 0.2517 0.8493
vn -0.3693 0.6208 0.6915
vn -0.0079 0.7491 0.6624
vn -0.4480 0.7546 0.4795
vn -0.7632 0.4327 0.4799
vn -0.8782 -0.0078 0.4783
vn -0.7263 -0.0078 0.6873
vn -0.7519 -0.4543 0.4778
vn -0.6271 -0.3763 0.6820
vn -0.4381 -0.7666 0.4694
vn -0.3609 -0.6355 0.6826
vn -0.0078 -0.8609 0.5087
vn -0.0079 -0.6992 0.7149
vn 0.3541 -0.6373 0.6845
vn 0.2516 -0.4640 0.8493
vn -0.0079 -0.4876 0.8730
vn 0.1335 -0.2826 0.9499
vn -0.2590 -0.4631 0.8476
vn -0.4487 -0.2755 0.8502
vn -0.5271 -0.0157 0.8497
vn -0.1412 -0.2823 0.9489
vn -0.2592 -0.1728 0.9503
vn -0.3067 -0.0236 0.9515
vn -0.2826 0.1334 0.9499
vn 0.4317 -0.7693 0.4710
vn 0.6223 -0.3781 0.6854
vn 0.4424 -0.2765 0.8532
vn 0.2518 -0.1731 0.9522
vn -0.4771 -0.8447 0.2425
vn -0.0078 -0.9569 0.2902
vn -1.0000 0.0000 -0.0078
vn -0.9701 -0.0078 0.2425
vn -0.8447 0.4771 0.2425
vn -0.8609 -0.5087 -0.0078
vn -0.8329 -0.4981 0.2413
vn -0.4995 -0.8663 -0.0078
vn -0.0079 0.9787 0.2052
vn -0.4955 0.8337 0.2438
vn 0.8678 0.4970 -0.0000
vn 0.4970 0.8678 0.0000
vn 0.0000 0.9989 -0.0472
vn -0.5029 0.8643 -0.0078
vn -0.8697 0.4936 -0.0078
vn -0.0079 0.9989 -0.0472
vn 0.4970 0.8677 -0.0079
vn 0.4794 0.8408 -0.2514
vn -0.0000 0.9570 -0.2902
vn -0.4854 0.8377 -0.2505
vn 0.4337 0.7569 -0.4888
vn 0.0000 0.8497 -0.5272
vn 0.3520 0.6257 -0.6961
vn -0.0000 0.6873 -0.7264
vn 0.2509 0.4547 -0.8546
vn 0.0000 0.4783 -0.8782
vn 0.1328 0.2733 -0.9527
vn 0.0000 0.2737 -0.9618
vn -0.4400 0.7543 -0.4872
vn -0.3588 0.6240 -0.6942
vn -0.2582 0.4538 -0.8529
vn -0.1404 0.2730 -0.9517
vn 0.0000 -0.0078 -1.0000
vn -0.2576 0.1639 -0.9523
vn -0.4467 0.2664 -0.8541
vn -0.6240 0.3588 -0.6942
vn -0.7577 0.4374 -0.4843
vn -0.7225 -0.0000 -0.6914
vn -0.8799 -0.0156 -0.4749
vn -0.5236 0.0078 -0.8519
vn -0.3044 0.0156 -0.9524
vn -0.2802 -0.1401 -0.9497
vn -0.1715 -0.2572 -0.9510
vn -0.4600 -0.2573 -0.8498
vn -0.6365 -0.3726 -0.6753
vn -0.2727 -0.4519 -0.8493
vn -0.3744 -0.6319 -0.6786
vn 0.0000 -0.5619 -0.8272
vn 0.0000 -0.7487 -0.6629
vn 0.3677 -0.6337 -0.6806
vn 0.2655 -0.4529 -0.8511
vn -0.0000 -0.3279 -0.9447
vn 0.1639 -0.2576 -0.9523
vn 0.6319 -0.3744 -0.6786
vn 0.7608 -0.4549 -0.4628
vn 0.4463 -0.7517 -0.4855
vn 0.0000 -0.8913 -0.4535
vn -0.4526 -0.7491 -0.4838
vn -0.7641 -0.4522 -0.4600
vn -0.8377 0.4854 -0.2505
vn -0.9680 -0.0234 -0.2498
vn -0.8345 -0.4913 -0.2496
vn -0.5004 -0.8288 -0.2502
vn -0.0078 -0.9774 -0.2111
vn 0.4945 -0.8321 -0.2512
vn -0.5145 -0.8575 -0.0078
vn -0.8575 -0.5145 -0.0078
vn -0.9997 -0.0234 -0.0000
vn -0.8697 0.4936 -0.0079
vn -0.5029 0.8643 -0.0079
vn 0.8677 0.4970 -0.0079
vn 0.8353 0.4886 -0.2522
vn 0.9675 -0.0236 -0.2517
vn 0.9997 -0.0236 0.0000
vn 0.8321 -0.4945 -0.2512
vn 0.8554 -0.5179 -0.0078
vn 0.5087 -0.8609 -0.0078
vn -0.0078 -0.9992 0.0390
vn 0.8781 -0.0157 -0.4783
vn 0.7544 0.4400 -0.4872
vn 0.7187 0.0078 -0.6953
vn 0.6192 0.3605 -0.6976
vn 0.5179 0.0079 -0.8554
vn 0.2730 -0.1404 -0.9517
vn 0.2973 0.0157 -0.9546
vn 0.4538 -0.2582 -0.8529
vn 0.4403 0.2673 -0.8571
vn 0.2503 0.1642 -0.9541
vn -0.0079 0.8497 -0.5272
vn -0.0078 0.6873 -0.7264
vn -0.0078 0.4783 -0.8782
vn -0.0078 0.2737 -0.9618
vn 0.1327 0.2733 -0.9527
vn -0.0078 -0.0078 -0.9999
vn -0.7577 0.4375 -0.4843
vn -0.7225 0.0078 -0.6914
vn -0.2737 -0.4457 -0.8523
vn -0.6287 -0.3570 -0.6908
vn -0.8749 -0.0000 -0.4843
vn -0.9683 -0.0000 -0.2499
vn -0.7551 -0.4437 -0.4827
vn -0.8345 -0.4913 -0.2495
vn -0.0078 0.9569 -0.2902
vn 0.9678 -0.0000 -0.2518
vn 0.8353 0.4886 -0.2521
vn 0.4794 0.8408 -0.2515
vn 0.4337 0.7569 -0.4889
vn 0.8731 0.0000 -0.4876
vn 0.4403 0.2674 -0.8571
vn 0.5180 0.0078 -0.8554
vn 0.7187 0.0000 -0.6953
vn 0.6240 -0.3588 -0.6942
vn 0.7517 -0.4463 -0.4855
vn 0.3590 -0.6321 -0.6867
vn -0.3657 -0.6303 -0.6848
vn -0.0078 -0.5618 -0.8272
vn -0.0078 -0.7559 -0.6546
vn 0.2664 -0.4467 -0.8541
vn -0.0078 -0.3279 -0.9447
vn 0.8760 -0.0316 0.4814
vn 0.7185 -0.0316 0.6948
vn 0.7513 -0.4587 0.4745
vn 0.6286 -0.3850 0.6757
vn 0.4391 -0.7606 0.4783
vn 0.3609 -0.6355 0.6826
vn -0.0000 -0.8519 0.5237
vn -0.0000 -0.6992 0.7149
vn -0.3677 -0.6337 0.6806
vn 0.4923 -0.8361 0.2422
vn 0.0000 -0.9570 0.2902
vn -0.4454 -0.7579 0.4766
vn -0.6333 -0.3831 0.6724
vn -0.4632 -0.2826 0.8400
vn -0.7547 -0.4560 0.4717
vn -0.7223 -0.0314 0.6909
vn -0.5327 -0.0235 0.8460
vn -0.0000 -0.0078 1.0000
vn 0.0000 -0.2830 0.9591
vn 0.0000 -0.4876 0.8730
vn 0.2753 0.1338 0.9520
vn 0.2517 -0.4640 0.8493
vn 0.4570 -0.2836 0.8430
vn 0.5270 -0.0236 0.8495
vn 0.4578 0.2526 0.8524
vn 0.2692 0.4434 0.8550
vn -0.0000 0.5547 0.8320
vn -0.0000 0.7491 0.6624
vn -0.0000 0.8976 0.4409
vn -0.0000 0.3233 0.9463
vn -0.2826 0.1335 0.9499
vn -0.8778 -0.0313 0.4781
vn -0.9697 -0.0313 0.2424
vn -0.8328 -0.4981 0.2413
vn -0.4981 -0.8328 0.2413
vn 0.9692 -0.0315 0.2443
vn -0.4822 -0.8400 -0.2489
vn -0.0000 -0.9992 0.0391
vn -0.4365 -0.7638 -0.4754
vn -0.0078 -0.8928 -0.4503
vn 0.4301 -0.7664 -0.4771
usemtl CheshireCat_Mat_INST
s 1
f 1/1/1 2/2/2 3/3/3
f 4/4/4 1/1/1 5/5/5
f 3/3/3 5/5/5 1/1/1
f 5/5/5 3/3/3 6/6/6
f 6/6/6 7/7/7 5/5/5
f 7/7/7 6/6/6 8/8/8
f 8/8/8 9/9/9 7/7/7
f 9/9/9 8/8/8 10/10/10
f 10/10/10 11/11/11 9/9/9
f 11/11/11 10/10/10 12/12/12
f 13/13/13 11/11/11 12/12/12
f 14/14/14 15/15/15 16/16/16
f 17/17/17 16/16/16 15/15/15
f 15/15/15 18/18/18 17/17/17
f 19/19/19 17/17/17 18/18/18
f 18/18/18 4/4/4 19/19/19
f 5/5/5 19/19/19 4/4/4
f 19/19/19 5/5/5 7/7/7
f 7/7/7 20/20/20 19/19/19
f 20/20/20 7/7/7 9/9/9
f 9/9/9 21/21/21 20/20/20
f 17/17/17 19/19/19 20/20/20
f 16/16/16 17/17/17 22/22/22
f 20/20/20 22/22/22 17/17/17
f 22/22/22 20/20/20 21/21/21
f 21/21/21 9/9/9 11/11/11
f 11/11/11 13/13/13 21/21/21
f 23/23/23 21/21/21 13/13/13
f 21/21/21 23/23/23 22/22/22
f 24/24/24 22/22/22 23/23/23
f 22/22/22 24/24/24 16/16/16
f 25/25/25 16/16/16 24/24/24
f 26/26/26 13/13/13 12/12/12
f 13/13/13 26/26/26 23/23/23
f 27/27/27 23/23/23 26/26/26
f 23/23/23 27/27/27 24/24/24
f 28/28/28 24/24/24 27/27/27
f 24/24/24 28/28/28 25/25/25
f 29/29/3 25/25/25 28/28/28
f 25/25/25 29/29/3 30/30/29
f 30/30/29 14/14/14 25/25/25
f 16/16/16 25/25/25 14/14/14
f 31/31/30 32/32/31 33/33/32
f 33/33/32 27/27/27 31/31/30
f 27/27/27 33/33/32 28/28/28
f 26/26/26 31/31/30 27/27/27
f 31/31/30 26/26/26 12/12/12
f 32/32/31 31/31/30 12/12/12
f 34/34/33 32/32/31 12/12/12
f 32/32/31 34/34/33 35/35/34
f 35/35/34 33/33/32 32/32/31
f 33/33/32 35/35/34 36/36/35
f 36/36/35 28/28/28 33/33/32
f 28/28/28 36/36/35 29/29/3
f 37/37/36 38/38/37 39/39/38
f 40/40/39 37/37/36 41/41/40
f 39/39/38 41/41/40 37/37/36
f 41/41/40 39/39/38 42/42/41
f 43/43/42 40/40/39 44/44/43
f 41/41/40 44/44/43 40/40/39
f 44/44/43 41/41/40 45/45/44
f 42/42/41 45/45/44 41/41/40
f 45/45/44 42/42/41 46/46/45
f 38/38/37 47/47/46 48/48/47
f 48/48/47 39/39/38 38/38/37
f 39/39/38 48/48/47 49/49/48
f 49/49/48 42/42/41 39/39/38
f 42/42/41 49/49/48 50/50/49
f 50/50/49 46/46/45 42/42/41
f 46/46/45 50/50/49 51/51/50
f 47/47/46 52/52/51 53/53/52
f 53/53/52 48/48/47 47/47/46
f 48/48/47 53/53/52 54/54/53
f 54/54/53 49/49/48 48/48/47
f 49/49/48 54/54/53 55/55/54
f 55/55/54 50/50/49 49/49/48
f 50/50/49 55/55/54 56/56/55
f 56/56/55 51/51/50 50/50/49
f 51/51/50 56/56/55 57/57/56
f 58/58/57 51/51/50 57/57/56
f 58/58/57 59/59/58 60/60/59
f 59/59/58 58/58/57 57/57/56
f 61/61/60 62/62/53 63/63/61
f 62/62/53 61/61/60 64/64/62
f 64/64/62 65/65/63 62/62/53
f 65/65/63 64/64/62 66/66/64
f 66/66/64 67/67/65 65/65/63
f 67/67/65 66/66/64 57/57/56
f 66/66/64 68/68/66 57/57/56
f 68/68/66 59/59/58 57/57/56
f 59/59/58 68/68/66 69/69/67
f 69/69/67 60/60/59 59/59/58
f 60/60/59 69/69/67 70/70/68
f 61/61/60 70/70/68 69/69/67
f 70/70/68 61/61/60 71/71/69
f 68/68/66 66/66/64 64/64/62
f 64/64/62 69/69/67 68/68/66
f 69/69/67 64/64/62 61/61/60
f 51/51/50 58/58/57 46/46/45
f 60/60/59 46/46/45 58/58/57
f 46/46/45 60/60/59 45/45/44
f 70/70/68 45/45/44 60/60/59
f 45/45/44 70/70/68 44/44/43
f 71/71/69 44/44/43 70/70/68
f 44/44/43 71/71/69 43/43/42
f 72/72/70 43/43/42 71/71/69
f 71/71/69 63/63/61 72/72/70
f 63/63/61 71/71/69 61/61/60
f 73/73/71 74/74/72 75/75/73
f 76/76/74 73/73/71 77/77/75
f 75/75/73 77/77/75 73/73/71
f 77/77/75 75/75/73 78/78/76
f 79/79/77 76/76/74 80/80/78
f 77/77/75 80/80/78 76/76/74
f 80/80/78 77/77/75 81/81/79
f 78/78/76 81/81/79 77/77/75
f 81/81/79 78/78/76 82/82/80
f 74/74/72 83/83/81 84/84/82
f 84/84/82 75/75/73 74/74/72
f 75/75/73 84/84/82 85/85/83
f 85/85/83 78/78/76 75/75/73
f 78/78/76 85/85/83 86/86/84
f 86/86/84 82/82/80 78/78/76
f 82/82/80 86/86/84 87/87/85
f 83/83/81 88/88/86 89/89/87
f 89/89/87 84/84/82 83/83/81
f 84/84/82 89/89/87 90/90/88
f 90/90/88 85/85/83 84/84/82
f 85/85/83 90/90/88 91/91/89
f 91/91/89 86/86/84 85/85/83
f 86/86/84 91/91/89 92/92/90
f 92/92/90 87/87/85 86/86/84
f 87/87/85 92/92/90 93/93/91
f 94/94/92 87/87/85 93/93/91
f 94/94/92 95/95/93 96/96/94
f 95/95/93 94/94/92 93/93/91
f 97/97/95 98/98/96 99/99/97
f 98/98/96 97/97/95 100/100/98
f 100/100/98 101/101/99 98/98/96
f 101/101/99 100/100/98 102/102/100
f 102/102/100 103/103/101 101/101/99
f 103/103/101 102/102/100 93/93/91
f 102/102/100 104/104/102 93/93/91
f 104/104/102 95/95/93 93/93/91
f 95/95/93 104/104/102 105/105/103
f 105/105/103 96/96/94 95/95/93
f 96/96/94 105/105/103 106/106/104
f 97/97/95 106/106/104 105/105/103
f 106/106/104 97/97/95 107/107/105
f 104/104/102 102/102/100 100/100/98
f 100/100/98 105/105/103 104/104/102
f 105/105/103 100/100/98 97/97/95
f 87/87/85 94/94/92 82/82/80
f 96/96/94 82/82/80 94/94/92
f 82/82/80 96/96/94 81/81/79
f 106/106/104 81/81/79 96/96/94
f 81/81/79 106/106/104 80/80/78
f 107/107/105 80/80/78 106/106/104
f 80/80/78 107/107/105 79/79/77
f 108/108/86 79/79/77 107/107/105
f 107/107/105 99/99/97 108/108/86
f 99/99/97 107/107/105 97/97/95
f 109/109/106 110/110/107 111/111/108
f 109/109/106 111/111/108 112/112/109
f 112/112/109 113/113/110 109/109/106
f 109/109/106 113/113/110 114/114/111
f 114/114/111 115/115/112 109/109/106
f 116/116/113 115/115/112 114/114/111
f 115/115/112 116/116/113 117/117/114
f 118/118/115 117/117/114 116/116/113
f 119/119/116 117/117/114 118/118/115
f 118/118/115 120/120/117 119/119/116
f 121/121/118 119/119/116 120/120/117
f 114/114/111 122/122/119 116/116/113
f 123/123/120 116/116/113 122/122/119
f 116/116/113 123/123/120 118/118/115
f 124/124/121 118/118/115 123/123/120
f 120/120/117 118/118/115 124/124/121
f 124/124/121 125/125/122 120/120/117
f 126/126/123 120/120/117 125/125/122
f 125/125/122 127/127/124 126/126/123
f 126/126/123 127/127/124 128/128/125
f 122/122/119 129/129/126 123/123/120
f 123/123/120 129/129/126 130/130/127
f 130/130/127 131/131/128 123/123/120
f 123/123/120 131/131/128 124/124/121
f 120/120/117 126/126/123 121/121/118
f 132/132/129 121/121/118 126/126/123
f 128/128/125 132/132/129 126/126/123
f 132/132/129 128/128/125 133/133/130
f 133/133/130 134/134/131 132/132/129
f 134/134/131 133/133/130 135/135/132
f 135/135/132 136/136/133 134/134/131
f 136/136/133 135/135/132 137/137/134
f 138/138/135 136/136/133 137/137/134
f 139/139/136 138/138/135 137/137/134
f 140/140/137 141/141/138 121/121/118
f 121/121/118 132/132/129 140/140/137
f 140/140/137 132/132/129 134/134/131
f 134/134/131 142/142/139 140/140/137
f 142/142/139 134/134/131 136/136/133
f 136/136/133 138/138/135 142/142/139
f 143/143/140 142/142/139 138/138/135
f 142/142/139 143/143/140 144/144/141
f 144/144/141 140/140/137 142/142/139
f 140/140/137 144/144/141 145/145/142
f 145/145/142 141/141/138 140/140/137
f 138/138/135 139/139/136 143/143/140
f 146/146/143 143/143/140 139/139/136
f 143/143/140 146/146/143 147/147/144
f 147/147/144 144/144/141 143/143/140
f 144/144/141 147/147/144 148/148/145
f 148/148/145 145/145/142 144/144/141
f 149/149/146 145/145/142 148/148/145
f 141/141/138 145/145/142 149/149/146
f 149/149/146 150/150/147 141/141/138
f 121/121/118 141/141/138 150/150/147
f 148/148/145 151/151/148 149/149/146
f 149/149/146 151/151/148 152/152/149
f 152/152/149 153/153/150 149/149/146
f 150/150/147 149/149/146 153/153/150
f 153/153/150 154/154/151 150/150/147
f 150/150/147 119/119/116 121/121/118
f 119/119/116 150/150/147 154/154/151
f 154/154/151 117/117/114 119/119/116
f 117/117/114 154/154/151 115/115/112
f 109/109/106 115/115/112 154/154/151
f 154/154/151 153/153/150 109/109/106
f 110/110/107 109/109/106 153/153/150
f 153/153/150 152/152/149 110/110/107
f 110/110/107 152/152/149 155/155/152
f 156/156/153 157/157/154 158/158/155
f 157/157/154 159/159/156 160/160/157
f 157/157/154 160/160/157 161/161/158
f 162/162/159 157/157/154 161/161/158
f 162/162/159 163/163/160 157/157/154
f 163/163/160 162/162/159 164/164/161
f 164/164/161 162/162/159 161/161/158
f 164/164/161 161/161/158 165/165/162
f 165/165/162 161/161/158 160/160/157
f 160/160/157 166/166/163 165/165/162
f 167/167/164 166/166/163 160/160/157
f 160/160/157 159/159/156 167/167/164
f 168/168/165 167/167/164 159/159/156
f 159/159/156 169/169/166 168/168/165
f 159/159/156 157/157/154 169/169/166
f 165/165/162 166/166/163 170/170/167
f 171/171/168 170/170/167 166/166/163
f 166/166/163 167/167/164 171/171/168
f 172/172/169 171/171/168 167/167/164
f 167/167/164 168/168/165 172/172/169
f 172/172/169 168/168/165 173/173/170
f 173/173/170 168/168/165 169/169/166
f 169/169/166 174/174/171 173/173/170
f 169/169/166 157/157/154 174/174/171
f 174/174/171 157/157/154 175/175/172
f 173/173/170 176/176/173 172/172/169
f 157/157/154 156/156/153 175/175/172
f 177/177/174 175/175/172 156/156/153
f 174/174/171 175/175/172 177/177/174
f 177/177/174 173/173/170 174/174/171
f 173/173/170 177/177/174 178/178/175
f 178/178/175 176/176/173 173/173/170
f 179/179/176 176/176/173 178/178/175
f 172/172/169 176/176/173 179/179/176
f 179/179/176 180/180/177 172/172/169
f 171/171/168 172/172/169 180/180/177
f 178/178/175 181/181/178 179/179/176
f 182/182/179 180/180/177 183/183/180
f 184/184/181 183/183/180 180/180/177
f 180/180/177 179/179/176 184/184/181
f 185/185/182 184/184/181 179/179/176
f 179/179/176 181/181/178 185/185/182
f 185/185/182 181/181/178 186/186/183
f 186/186/183 181/181/178 178/178/175
f 178/178/175 177/177/174 186/186/183
f 184/184/181 185/185/182 187/187/184
f 183/183/180 184/184/181 188/188/185
f 187/187/184 188/188/185 184/184/181
f 188/188/185 187/187/184 189/189/186
f 180/180/177 182/182/179 171/171/168
f 170/170/167 171/171/168 182/182/179
f 182/182/179 190/190/187 170/170/167
f 190/190/187 182/182/179 191/191/188
f 183/183/180 191/191/188 182/182/179
f 191/191/188 183/183/180 192/192/189
f 188/188/185 192/192/189 183/183/180
f 192/192/189 188/188/185 193/193/190
f 189/189/186 193/193/190 188/188/185
f 194/194/191 193/193/190 189/189/186
f 189/189/186 195/195/192 194/194/191
f 196/196/193 194/194/191 195/195/192
f 197/197/194 193/193/190 194/194/191
f 193/193/190 197/197/194 192/192/189
f 198/198/195 192/192/189 197/197/194
f 192/192/189 198/198/195 191/191/188
f 194/194/191 196/196/193 199/199/196
f 199/199/196 200/200/197 194/194/191
f 194/194/191 200/200/197 197/197/194
f 201/201/198 197/197/194 200/200/197
f 197/197/194 201/201/198 198/198/195
f 202/202/199 198/198/195 201/201/198
f 191/191/188 198/198/195 202/202/199
f 202/202/199 203/203/200 191/191/188
f 191/191/188 203/203/200 190/190/187
f 204/204/201 190/190/187 203/203/200
f 200/200/197 199/199/196 205/205/202
f 205/205/202 199/199/196 206/206/203
f 207/207/204 208/208/205 209/209/206
f 202/202/199 209/209/206 208/208/205
f 208/208/205 210/210/207 202/202/199
f 202/202/199 210/210/207 211/211/208
f 211/211/208 203/203/200 202/202/199
f 212/212/209 203/203/200 211/211/208
f 203/203/200 212/212/209 204/204/201
f 213/213/210 204/204/201 212/212/209
f 214/214/211 204/204/201 213/213/210
f 213/213/210 215/215/212 214/214/211
f 211/211/208 216/216/213 212/212/209
f 217/217/214 218/218/215 215/215/212
f 219/219/216 214/214/211 215/215/212
f 215/215/212 218/218/215 219/219/216
f 219/219/216 218/218/215 220/220/217
f 220/220/217 218/218/215 217/217/214
f 217/217/214 221/221/218 220/220/217
f 221/221/218 217/217/214 222/222/219
f 222/222/219 223/223/220 221/221/218
f 224/224/221 223/223/220 222/222/219
f 223/223/220 224/224/221 225/225/222
f 225/225/222 224/224/221 226/226/223
f 227/227/224 228/228/225 225/225/222
f 225/225/222 228/228/225 223/223/220
f 221/221/218 223/223/220 228/228/225
f 229/229/226 230/230/227 227/227/224
f 228/228/225 227/227/224 230/230/227
f 230/230/227 231/231/228 228/228/225
f 228/228/225 231/231/228 221/221/218
f 220/220/217 221/221/218 231/231/228
f 232/232/229 220/220/217 233/233/230
f 231/231/228 233/233/230 220/220/217
f 234/234/231 233/233/230 231/231/228
f 231/231/228 230/230/227 234/234/231
f 235/235/232 234/234/231 230/230/227
f 230/230/227 229/229/226 235/235/232
f 235/235/232 229/229/226 236/236/233
f 236/236/233 229/229/226 237/237/234
f 237/237/234 238/238/235 236/236/233
f 237/237/234 239/239/236 238/238/235
f 240/240/237 241/241/238 242/242/239
f 241/241/238 240/240/237 232/232/229
f 232/232/229 243/243/240 241/241/238
f 233/233/230 243/243/240 232/232/229
f 244/244/241 243/243/240 233/233/230
f 233/233/230 234/234/231 244/244/241
f 245/245/242 244/244/241 234/234/231
f 234/234/231 235/235/232 245/245/242
f 245/245/242 235/235/232 246/246/243
f 236/236/233 246/246/243 235/235/232
f 243/243/240 244/244/241 245/245/242
f 245/245/242 241/241/238 243/243/240
f 246/246/243 241/241/238 245/245/242
f 247/247/244 248/248/245 249/249/246
f 249/249/246 242/242/239 247/247/244
f 250/250/127 247/247/244 242/242/239
f 242/242/239 251/251/247 250/250/127
f 251/251/247 242/242/239 241/241/238
f 241/241/238 252/252/248 251/251/247
f 252/252/248 241/241/238 246/246/243
f 246/246/243 253/253/249 252/252/248
f 254/254/250 253/253/249 246/246/243
f 253/253/249 254/254/250 255/255/251
f 256/256/252 248/248/245 257/257/253
f 258/258/254 257/257/253 248/248/245
f 248/248/245 247/247/244 258/258/254
f 259/259/126 258/258/254 247/247/244
f 247/247/244 250/250/127 259/259/126
f 260/260/255 261/261/111 262/262/110
f 261/261/111 260/260/255 263/263/256
f 263/263/256 264/264/119 261/261/111
f 264/264/119 263/263/256 258/258/254
f 258/258/254 259/259/126 264/264/119
f 262/262/110 265/265/257 266/266/258
f 266/266/258 267/267/259 262/262/110
f 262/262/110 267/267/259 260/260/255
f 268/268/260 260/260/255 267/267/259
f 260/260/255 268/268/260 269/269/261
f 269/269/261 263/263/256 260/260/255
f 263/263/256 269/269/261 270/270/262
f 270/270/262 258/258/254 263/263/256
f 258/258/254 270/270/262 271/271/263
f 271/271/263 257/257/253 258/258/254
f 257/257/253 271/271/263 272/272/264
f 272/272/264 271/271/263 273/273/265
f 273/273/265 274/274/266 272/272/264
f 273/273/265 271/271/263 270/270/262
f 275/275/267 276/276/268 270/270/262
f 270/270/262 276/276/268 273/273/265
f 273/273/265 276/276/268 277/277/269
f 277/277/269 274/274/266 273/273/265
f 278/278/270 274/274/266 277/277/269
f 274/274/266 278/278/270 279/279/271
f 279/279/271 272/272/264 274/274/266
f 280/280/272 272/272/264 279/279/271
f 272/272/264 280/280/272 257/257/253
f 257/257/253 280/280/272 256/256/252
f 277/277/269 281/281/273 278/278/270
f 282/282/274 278/278/270 281/281/273
f 278/278/270 282/282/274 283/283/275
f 283/283/275 279/279/271 278/278/270
f 284/284/276 279/279/271 283/283/275
f 279/279/271 284/284/276 280/280/272
f 280/280/272 284/284/276 285/285/277
f 285/285/277 256/256/252 280/280/272
f 286/286/278 256/256/252 285/285/277
f 248/248/245 256/256/252 286/286/278
f 286/286/278 249/249/246 248/248/245
f 285/285/277 287/287/279 286/286/278
f 286/286/278 287/287/279 288/288/280
f 288/288/280 289/289/281 286/286/278
f 249/249/246 286/286/278 289/289/281
f 290/290/282 283/283/275 282/282/274
f 291/291/283 283/283/275 290/290/282
f 283/283/275 291/291/283 284/284/276
f 285/285/277 284/284/276 291/291/283
f 291/291/283 292/292/284 285/285/277
f 287/287/279 285/285/277 292/292/284
f 292/292/284 293/293/285 287/287/279
f 288/288/280 287/287/279 293/293/285
f 293/293/285 294/294/286 288/288/280
f 288/288/280 294/294/286 295/295/287
f 296/296/288 297/297/289 298/298/290
f 298/298/290 290/290/282 296/296/288
f 299/299/291 290/290/282 298/298/290
f 290/290/282 299/299/291 291/291/283
f 292/292/284 291/291/283 299/299/291
f 299/299/291 300/300/292 292/292/284
f 293/293/285 292/292/284 300/300/292
f 300/300/292 301/301/293 293/293/285
f 294/294/286 293/293/285 301/301/293
f 298/298/290 302/302/294 299/299/291
f 300/300/292 299/299/291 302/302/294
f 302/302/294 303/303/295 300/300/292
f 301/301/293 300/300/292 303/303/295
f 295/295/287 294/294/286 304/304/296
f 301/301/293 304/304/296 294/294/286
f 304/304/296 301/301/293 305/305/297
f 303/303/295 305/305/297 301/301/293
f 305/305/297 303/303/295 306/306/298
f 307/307/299 306/306/298 303/303/295
f 303/303/295 302/302/294 307/307/299
f 308/308/300 307/307/299 302/302/294
f 302/302/294 298/298/290 308/308/300
f 308/308/300 298/298/290 297/297/289
f 306/306/298 309/309/301 305/305/297
f 310/310/302 305/305/297 309/309/301
f 305/305/297 310/310/302 304/304/296
f 304/304/296 311/311/303 295/295/287
f 311/311/303 304/304/296 310/310/302
f 310/310/302 312/312/304 311/311/303
f 313/313/305 312/312/304 310/310/302
f 310/310/302 314/314/306 313/313/305
f 309/309/301 314/314/306 310/310/302
f 315/315/307 314/314/306 309/309/301
f 309/309/301 306/306/298 315/315/307
f 316/316/308 315/315/307 306/306/298
f 306/306/298 307/307/299 316/316/308
f 317/317/309 158/158/155 157/157/154
f 312/312/304 158/158/155 317/317/309
f 156/156/153 158/158/155 312/312/304
f 312/312/304 313/313/305 156/156/153
f 156/156/153 313/313/305 177/177/174
f 177/177/174 313/313/305 314/314/306
f 314/314/306 186/186/183 177/177/174
f 186/186/183 314/314/306 315/315/307
f 315/315/307 318/318/310 186/186/183
f 319/319/311 318/318/310 315/315/307
f 315/315/307 316/316/308 319/319/311
f 319/319/311 316/316/308 320/320/312
f 320/320/312 321/321/313 319/319/311
f 319/319/311 321/321/313 322/322/314
f 323/323/315 322/322/314 321/321/313
f 322/322/314 323/323/315 324/324/316
f 324/324/316 323/323/315 325/325/317
f 325/325/317 326/326/318 324/324/316
f 327/327/319 326/326/318 325/325/317
f 326/326/318 327/327/319 328/328/320
f 318/318/310 319/319/311 329/329/321
f 322/322/314 329/329/321 319/319/311
f 329/329/321 322/322/314 330/330/322
f 324/324/316 330/330/322 322/322/314
f 330/330/322 324/324/316 331/331/323
f 331/331/323 324/324/316 326/326/318
f 326/326/318 332/332/324 331/331/323
f 328/328/320 332/332/324 326/326/318
f 332/332/324 328/328/320 333/333/325
f 333/333/325 328/328/320 334/334/326
f 335/335/327 331/331/323 336/336/328
f 336/336/328 331/331/323 332/332/324
f 332/332/324 337/337/329 336/336/328
f 333/333/325 337/337/329 332/332/324
f 337/337/329 333/333/325 338/338/330
f 338/338/330 333/333/325 339/339/331
f 339/339/331 340/340/332 338/338/330
f 341/341/333 340/340/332 339/339/331
f 340/340/332 341/341/333 342/342/334
f 343/343/335 342/342/334 341/341/333
f 338/338/330 344/344/336 337/337/329
f 345/345/337 338/338/330 340/340/332
f 338/338/330 345/345/337 346/346/338
f 346/346/338 344/344/336 338/338/330
f 347/347/339 344/344/336 346/346/338
f 337/337/329 344/344/336 347/347/339
f 347/347/339 336/336/328 337/337/329
f 348/348/340 336/336/328 347/347/339
f 336/336/328 348/348/340 335/335/327
f 335/335/327 348/348/340 349/349/341
f 350/350/342 349/349/341 348/348/340
f 349/349/341 350/350/342 351/351/343
f 352/352/344 351/351/343 350/350/342
f 350/350/342 353/353/345 352/352/344
f 353/353/345 350/350/342 354/354/346
f 354/354/346 355/355/347 353/353/345
f 353/353/345 187/187/184 185/185/182
f 185/185/182 352/352/344 353/353/345
f 186/186/183 352/352/344 185/185/182
f 351/351/343 352/352/344 186/186/183
f 186/186/183 318/318/310 351/351/343
f 329/329/321 351/351/343 318/318/310
f 351/351/343 329/329/321 349/349/341
f 330/330/322 349/349/341 329/329/321
f 349/349/341 330/330/322 335/335/327
f 331/331/323 335/335/327 330/330/322
f 356/356/348 357/357/349 358/358/350
f 357/357/349 356/356/348 196/196/193
f 196/196/193 359/359/351 357/357/349
f 195/195/192 359/359/351 196/196/193
f 360/360/352 359/359/351 195/195/192
f 195/195/192 361/361/353 360/360/352
f 361/361/353 195/195/192 189/189/186
f 189/189/186 355/355/347 361/361/353
f 355/355/347 189/189/186 187/187/184
f 187/187/184 353/353/345 355/355/347
f 359/359/351 360/360/352 362/362/354
f 362/362/354 357/357/349 359/359/351
f 355/355/347 354/354/346 363/363/355
f 363/363/355 361/361/353 355/355/347
f 361/361/353 363/363/355 364/364/356
f 364/364/356 360/360/352 361/361/353
f 360/360/352 364/364/356 365/365/357
f 365/365/357 362/362/354 360/360/352
f 362/362/354 365/365/357 366/366/358
f 366/366/358 367/367/359 362/362/354
f 357/357/349 362/362/354 367/367/359
f 367/367/359 358/358/350 357/357/349
f 368/368/360 364/364/356 363/363/355
f 369/369/361 363/363/355 354/354/346
f 363/363/355 369/369/361 368/368/360
f 370/370/362 368/368/360 369/369/361
f 348/348/340 354/354/346 350/350/342
f 347/347/339 354/354/346 348/348/340
f 354/354/346 347/347/339 369/369/361
f 346/346/338 369/369/361 347/347/339
f 369/369/361 346/346/338 370/370/362
f 370/370/362 346/346/338 345/345/337
f 345/345/337 371/371/363 370/370/362
f 372/372/364 370/370/362 371/371/363
f 368/368/360 370/370/362 372/372/364
f 372/372/364 373/373/365 368/368/360
f 364/364/356 368/368/360 373/373/365
f 373/373/365 365/365/357 364/364/356
f 374/374/366 366/366/358 365/365/357
f 365/365/357 373/373/365 374/374/366
f 375/375/367 374/374/366 373/373/365
f 373/373/365 372/372/364 375/375/367
f 375/375/367 372/372/364 376/376/368
f 371/371/363 376/376/368 372/372/364
f 376/376/368 371/371/363 377/377/369
f 378/378/370 377/377/369 371/371/363
f 371/371/363 345/345/337 378/378/370
f 340/340/332 378/378/370 345/345/337
f 379/379/371 380/380/372 381/381/373
f 380/380/372 379/379/371 377/377/369
f 382/382/374 377/377/369 379/379/371
f 377/377/369 382/382/374 376/376/368
f 383/383/375 376/376/368 382/382/374
f 376/376/368 383/383/375 375/375/367
f 384/384/376 375/375/367 383/383/375
f 374/374/366 375/375/367 384/384/376
f 384/384/376 385/385/377 374/374/366
f 366/366/358 374/374/366 385/385/377
f 383/383/375 386/386/378 384/384/376
f 386/386/378 383/383/375 387/387/379
f 382/382/374 387/387/379 383/383/375
f 379/379/371 388/388/380 382/382/374
f 387/387/379 382/382/374 388/388/380
f 388/388/380 389/389/381 387/387/379
f 390/390/382 387/387/379 389/389/381
f 387/387/379 390/390/382 386/386/378
f 391/391/383 392/392/384 389/389/381
f 389/389/381 392/392/384 390/390/382
f 393/393/385 394/394/386 391/391/383
f 391/391/383 395/395/387 393/393/385
f 389/389/381 395/395/387 391/391/383
f 396/396/388 395/395/387 389/389/381
f 389/389/381 388/388/380 396/396/388
f 397/397/389 396/396/388 388/388/380
f 388/388/380 379/379/371 397/397/389
f 381/381/373 397/397/389 379/379/371
f 398/398/390 397/397/389 381/381/373
f 381/381/373 399/399/391 398/398/390
f 400/400/392 401/401/393 393/393/385
f 393/393/385 402/402/394 400/400/392
f 402/402/394 393/393/385 395/395/387
f 395/395/387 396/396/388 402/402/394
f 398/398/390 402/402/394 396/396/388
f 396/396/388 397/397/389 398/398/390
f 403/403/395 404/404/396 405/405/397
f 405/405/397 404/404/396 406/406/398
f 406/406/398 407/407/399 405/405/397
f 405/405/397 407/407/399 400/400/392
f 400/400/392 408/408/400 405/405/397
f 398/398/390 408/408/400 400/400/392
f 400/400/392 402/402/394 398/398/390
f 409/409/401 410/410/402 411/411/403
f 411/411/403 410/410/402 403/403/395
f 404/404/396 403/403/395 410/410/402
f 410/410/402 412/412/404 404/404/396
f 404/404/396 412/412/404 413/413/405
f 413/413/405 406/406/398 404/404/396
f 406/406/398 413/413/405 414/414/406
f 414/414/406 407/407/399 406/406/398
f 407/407/399 414/414/406 401/401/393
f 401/401/393 400/400/392 407/407/399
f 412/412/404 410/410/402 409/409/401
f 409/409/401 415/415/407 412/412/404
f 412/412/404 415/415/407 416/416/408
f 416/416/408 413/413/405 412/412/404
f 413/413/405 416/416/408 417/417/409
f 417/417/409 414/414/406 413/413/405
f 414/414/406 417/417/409 418/418/410
f 418/418/410 401/401/393 414/414/406
f 401/401/393 418/418/410 394/394/386
f 394/394/386 393/393/385 401/401/393
f 419/419/411 420/420/412 421/421/413
f 421/421/413 422/422/414 419/419/411
f 422/422/414 421/421/413 423/423/415
f 423/423/415 424/424/416 422/422/414
f 424/424/416 423/423/415 425/425/417
f 425/425/417 426/426/418 424/424/416
f 427/427/419 419/419/411 422/422/414
f 422/422/414 428/428/420 427/427/419
f 428/428/420 422/422/414 424/424/416
f 424/424/416 429/429/421 428/428/420
f 429/429/421 424/424/416 426/426/418
f 426/426/418 430/430/422 429/429/421
f 430/430/422 426/426/418 431/431/423
f 426/426/418 425/425/417 431/431/423
f 425/425/417 432/432/424 431/431/423
f 432/432/424 425/425/417 423/423/415
f 433/433/425 430/430/422 431/431/423
f 430/430/422 433/433/425 434/434/426
f 434/434/426 429/429/421 430/430/422
f 429/429/421 434/434/426 435/435/427
f 435/435/427 428/428/420 429/429/421
f 428/428/420 435/435/427 436/436/428
f 436/436/428 427/427/419 428/428/420
f 427/427/419 436/436/428 437/437/429
f 437/437/429 438/438/430 427/427/419
f 419/419/411 427/427/419 438/438/430
f 439/439/431 437/437/429 436/436/428
f 436/436/428 440/440/432 439/439/431
f 440/440/432 436/436/428 435/435/427
f 435/435/427 441/441/433 440/440/432
f 441/441/433 435/435/427 434/434/426
f 434/434/426 442/442/434 441/441/433
f 442/442/434 434/434/426 433/433/425
f 433/433/425 443/443/435 442/442/434
f 444/444/436 439/439/431 440/440/432
f 440/440/432 445/445/437 444/444/436
f 445/445/437 440/440/432 441/441/433
f 441/441/433 446/446/438 445/445/437
f 446/446/438 441/441/433 442/442/434
f 442/442/434 447/447/439 446/446/438
f 447/447/439 442/442/434 443/443/435
f 443/443/435 448/448/424 447/447/439
f 448/448/424 443/443/435 431/431/423
f 443/443/435 433/433/425 431/431/423
f 449/449/440 450/450/377 451/451/441
f 452/452/442 453/453/443 450/450/377
f 450/450/377 449/449/440 452/452/442
f 452/452/442 449/449/440 454/454/444
f 455/455/445 453/453/443 452/452/442
f 456/456/446 457/457/447 458/458/448
f 459/459/449 458/458/448 457/457/447
f 457/457/447 460/460/450 459/459/449
f 459/459/449 460/460/450 461/461/451
f 461/461/451 462/462/452 459/459/449
f 461/461/451 463/463/453 462/462/452
f 462/462/452 463/463/453 455/455/445
f 455/455/445 464/464/454 462/462/452
f 452/452/442 464/464/454 455/455/445
f 465/465/455 464/464/454 452/452/442
f 462/462/452 464/464/454 465/465/455
f 459/459/449 462/462/452 466/466/456
f 465/465/455 466/466/456 462/462/452
f 466/466/456 465/465/455 467/467/457
f 454/454/444 465/465/455 452/452/442
f 465/465/455 454/454/444 468/468/458
f 468/468/458 467/467/457 465/465/455
f 467/467/457 468/468/458 469/469/459
f 469/469/459 470/470/460 467/467/457
f 470/470/460 469/469/459 471/471/461
f 471/471/461 472/472/462 470/470/460
f 472/472/462 471/471/461 473/473/463
f 473/473/463 474/474/464 472/472/462
f 474/474/464 473/473/463 475/475/465
f 459/459/449 476/476/466 458/458/448
f 466/466/456 476/476/466 459/459/449
f 477/477/467 476/476/466 466/466/456
f 466/466/456 478/478/468 477/477/467
f 467/467/457 478/478/468 466/466/456
f 479/479/469 478/478/468 467/467/457
f 467/467/457 470/470/460 479/479/469
f 479/479/469 470/470/460 472/472/462
f 472/472/462 480/480/470 479/479/469
f 480/480/470 472/472/462 474/474/464
f 481/481/471 482/482/472 477/477/467
f 477/477/467 483/483/473 481/481/471
f 483/483/473 477/477/467 478/478/468
f 478/478/468 479/479/469 483/483/473
f 483/483/473 479/479/469 480/480/470
f 480/480/470 484/484/474 483/483/473
f 483/483/473 484/484/474 481/481/471
f 474/474/464 485/485/475 480/480/470
f 484/484/474 480/480/470 485/485/475
f 485/485/475 486/486/476 484/484/474
f 481/481/471 484/484/474 486/486/476
f 486/486/476 487/487/477 481/481/471
f 482/482/472 481/481/471 487/487/477
f 475/475/465 488/488/478 474/474/464
f 485/485/475 474/474/464 488/488/478
f 488/488/478 489/489/479 485/485/475
f 486/486/476 485/485/475 489/489/479
f 489/489/479 490/490/480 486/486/476
f 486/486/476 490/490/480 491/491/481
f 491/491/481 487/487/477 486/486/476
f 492/492/482 487/487/477 491/491/481
f 487/487/477 492/492/482 482/482/472
f 493/493/483 482/482/472 492/492/482
f 494/494/484 495/495/485 496/496/486
f 497/497/487 496/496/486 495/495/485
f 495/495/485 493/493/483 497/497/487
f 492/492/482 497/497/487 493/493/483
f 496/496/486 498/498/488 499/499/213
f 498/498/488 496/496/486 497/497/487
f 497/497/487 500/500/489 498/498/488
f 501/501/490 500/500/489 497/497/487
f 497/497/487 492/492/482 501/501/490
f 491/491/481 501/501/490 492/492/482
f 493/493/483 477/477/467 482/482/472
f 477/477/467 493/493/483 495/495/485
f 495/495/485 476/476/466 477/477/467
f 476/476/466 495/495/485 494/494/484
f 494/494/484 458/458/448 476/476/466
f 458/458/448 494/494/484 456/456/446
f 456/456/446 494/494/484 496/496/486
f 496/496/486 502/502/491 456/456/446
f 496/496/486 503/503/492 502/502/491
f 499/499/213 503/503/492 496/496/486
f 504/504/493 505/505/494 506/506/495
f 505/505/494 504/504/493 507/507/496
f 508/508/497 507/507/496 504/504/493
f 507/507/496 509/509/498 505/505/494
f 510/510/499 508/508/497 511/511/500
f 504/504/493 511/511/500 508/508/497
f 511/511/500 504/504/493 512/512/501
f 506/506/495 512/512/501 504/504/493
f 512/512/501 506/506/495 513/513/502
f 509/509/498 514/514/503 515/515/504
f 515/515/504 505/505/494 509/509/498
f 505/505/494 515/515/504 516/516/505
f 516/516/505 506/506/495 505/505/494
f 506/506/495 516/516/505 517/517/506
f 517/517/506 513/513/502 506/506/495
f 513/513/502 517/517/506 518/518/507
f 514/514/503 519/519/508 520/520/509
f 520/520/509 515/515/504 514/514/503
f 515/515/504 520/520/509 521/521/510
f 521/521/510 516/516/505 515/515/504
f 516/516/505 521/521/510 522/522/511
f 522/522/511 517/517/506 516/516/505
f 517/517/506 522/522/511 523/523/512
f 523/523/512 518/518/507 517/517/506
f 518/518/507 523/523/512 524/524/513
f 524/524/513 525/525/514 518/518/507
f 519/519/508 526/526/515 527/527/516
f 527/527/516 520/520/509 519/519/508
f 520/520/509 527/527/516 528/528/517
f 528/528/517 521/521/510 520/520/509
f 521/521/510 528/528/517 529/529/518
f 529/529/518 522/522/511 521/521/510
f 522/522/511 529/529/518 530/530/519
f 530/530/519 523/523/512 522/522/511
f 523/523/512 530/530/519 531/531/520
f 531/531/520 524/524/513 523/523/512
f 524/524/513 531/531/520 532/532/515
f 532/532/515 533/533/508 524/524/513
f 525/525/514 524/524/513 533/533/508
f 533/533/508 534/534/503 525/525/514
f 535/535/521 525/525/514 534/534/503
f 525/525/514 535/535/521 536/536/522
f 537/537/523 536/536/522 535/535/521
f 536/536/522 537/537/523 538/538/524
f 539/539/525 538/538/524 537/537/523
f 538/538/524 539/539/525 540/540/526
f 536/536/522 518/518/507 525/525/514
f 518/518/507 536/536/522 513/513/502
f 538/538/524 513/513/502 536/536/522
f 513/513/502 538/538/524 512/512/501
f 540/540/526 512/512/501 538/538/524
f 512/512/501 540/540/526 511/511/500
f 541/541/527 511/511/500 540/540/526
f 511/511/500 541/541/527 510/510/499
f 542/542/528 510/510/499 541/541/527
f 543/543/529 540/540/526 539/539/525
f 540/540/526 543/543/529 541/541/527
f 544/544/530 541/541/527 543/543/529
f 541/541/527 544/544/530 542/542/528
f 542/542/528 544/544/530 545/545/531
f 545/545/531 546/546/532 542/542/528
f 546/546/532 545/545/531 547/547/533
f 547/547/533 548/548/534 546/546/532
f 549/549/515 548/548/534 547/547/533
f 547/547/533 550/550/535 549/549/515
f 534/534/503 551/551/536 535/535/521
f 552/552/537 535/535/521 551/551/536
f 535/535/521 552/552/537 537/537/523
f 553/553/538 537/537/523 552/552/537
f 537/537/523 553/553/538 539/539/525
f 554/554/539 539/539/525 553/553/538
f 539/539/525 554/554/539 543/543/529
f 555/555/540 543/543/529 554/554/539
f 543/543/529 555/555/540 544/544/530
f 544/544/530 555/555/540 556/556/541
f 556/556/541 545/545/531 544/544/530
f 545/545/531 556/556/541 557/557/542
f 557/557/542 547/547/533 545/545/531
f 551/551/536 558/558/496 552/552/537
f 559/559/543 552/552/537 558/558/496
f 552/552/537 559/559/543 553/553/538
f 560/560/544 553/553/538 559/559/543
f 553/553/538 560/560/544 554/554/539
f 561/561/545 554/554/539 560/560/544
f 554/554/539 561/561/545 555/555/540
f 555/555/540 561/561/545 562/562/546
f 562/562/546 556/556/541 555/555/540
f 556/556/541 562/562/546 563/563/547
f 563/563/547 557/557/542 556/556/541
f 558/558/496 564/564/497 559/559/543
f 565/565/548 559/559/543 564/564/497
f 559/559/543 565/565/548 560/560/544
f 566/566/549 560/560/544 565/565/548
f 560/560/544 566/566/549 561/561/545
f 561/561/545 566/566/549 567/567/550
f 567/567/550 562/562/546 561/561/545
f 562/562/546 567/567/550 568/568/551
f 568/568/551 563/563/547 562/562/546
f 564/564/497 569/569/552 565/565/548
f 570/570/553 565/565/548 569/569/552
f 565/565/548 570/570/553 566/566/549
f 566/566/549 570/570/553 571/571/554
f 571/571/554 567/567/550 566/566/549
f 567/567/550 571/571/554 572/572/555
f 572/572/555 568/568/551 567/567/550
f 569/569/552 573/573/556 570/570/553
f 570/570/553 573/573/556 574/574/532
f 574/574/532 571/571/554 570/570/553
f 571/571/554 574/574/532 575/575/557
f 575/575/557 572/572/555 571/571/554
f 550/550/535 547/547/533 557/557/542
f 557/557/542 576/576/517 550/550/535
f 576/576/517 557/557/542 563/563/547
f 563/563/547 577/577/558 576/576/517
f 577/577/558 563/563/547 568/568/551
f 568/568/551 578/578/519 577/577/558
f 578/578/519 568/568/551 572/572/555
f 572/572/555 579/579/520 578/578/519
f 579/579/520 572/572/555 575/575/557
f 575/575/557 580/580/559 579/579/520
f 581/581/560 582/582/561 583/583/562
f 584/584/563 585/585/564 586/586/565
f 585/585/564 584/584/563 587/587/566
f 583/583/562 587/587/566 584/584/563
f 588/588/567 587/587/566 583/583/562
f 583/583/562 582/582/561 588/588/567
f 589/589/568 588/588/567 582/582/561
f 582/582/561 590/590/569 589/589/568
f 591/591/570 590/590/569 582/582/561
f 582/582/561 581/581/560 591/591/570
f 592/592/571 591/591/570 581/581/560
f 588/588/567 589/589/568 593/593/572
f 594/594/573 595/595/574 596/596/575
f 594/594/573 596/596/575 586/586/565
f 597/597/576 586/586/565 596/596/575
f 586/586/565 597/597/576 584/584/563
f 596/596/575 598/598/577 597/597/576
f 597/597/576 598/598/577 599/599/578
f 599/599/578 600/600/579 601/601/580
f 601/601/580 602/602/581 599/599/578
f 599/599/578 602/602/581 597/597/576
f 597/597/576 602/602/581 603/603/582
f 603/603/582 584/584/563 597/597/576
f 584/584/563 603/603/582 583/583/562
f 583/583/562 603/603/582 604/604/583
f 604/604/583 581/581/560 583/583/562
f 605/605/584 581/581/560 604/604/583
f 604/604/583 606/606/585 605/605/584
f 607/607/586 605/605/584 606/606/585
f 606/606/585 608/608/587 607/607/586
f 608/608/587 606/606/585 609/609/588
f 601/601/580 609/609/588 606/606/585
f 606/606/585 604/604/583 601/601/580
f 602/602/581 601/601/580 604/604/583
f 604/604/583 603/603/582 602/602/581
f 581/581/560 605/605/584 592/592/571
f 610/610/589 592/592/571 605/605/584
f 605/605/584 607/607/586 610/610/589
f 607/607/586 611/611/590 610/610/589
f 608/608/587 611/611/590 607/607/586
f 612/612/591 611/611/590 608/608/587
f 609/609/588 612/612/591 608/608/587
f 613/613/592 612/612/591 609/609/588
f 600/600/579 613/613/592 609/609/588
f 609/609/588 601/601/580 600/600/579
f 614/614/593 615/615/594 616/616/595
f 616/616/595 617/617/596 614/614/593
f 617/617/596 616/616/595 618/618/597
f 617/617/596 618/618/597 619/619/598
f 620/620/599 619/619/598 618/618/597
f 618/618/597 621/621/600 620/620/599
f 621/621/600 618/618/597 616/616/595
f 616/616/595 622/622/601 621/621/600
f 623/623/602 622/622/601 616/616/595
f 616/616/595 615/615/594 623/623/602
f 624/624/603 625/625/604 614/614/593
f 614/614/593 626/626/605 624/624/603
f 624/624/603 626/626/605 627/627/606
f 628/628/599 627/627/606 626/626/605
f 626/626/605 629/629/598 628/628/599
f 617/617/596 629/629/598 626/626/605
f 626/626/605 614/614/593 617/617/596
f 627/627/606 630/630/607 624/624/603
f 631/631/608 623/623/602 615/615/594
f 615/615/594 632/632/609 631/631/608
f 633/633/610 631/631/608 632/632/609
f 632/632/609 634/634/611 633/633/610
f 635/635/607 633/633/610 634/634/611
f 634/634/611 636/636/603 635/635/607
f 625/625/604 636/636/603 634/634/611
f 625/625/604 634/634/611 632/632/609
f 625/625/604 632/632/609 615/615/594
f 615/615/594 614/614/593 625/625/604
f 637/637/612 638/638/613 639/639/614
f 639/639/614 640/640/615 637/637/612
f 640/640/615 639/639/614 641/641/616
f 641/641/616 642/642/617 640/640/615
f 642/642/617 641/641/616 643/643/618
f 643/643/618 644/644/619 642/642/617
f 645/645/620 644/644/619 643/643/618
f 646/646/621 642/642/617 644/644/619
f 642/642/617 646/646/621 647/647/622
f 647/647/622 640/640/615 642/642/617
f 640/640/615 647/647/622 648/648/623
f 648/648/623 637/637/612 640/640/615
f 649/649/624 637/637/612 648/648/623
f 637/637/612 649/649/624 650/650/625
f 650/650/625 638/638/613 637/637/612
f 651/651/626 638/638/613 650/650/625
f 639/639/614 638/638/613 651/651/626
f 648/648/623 652/652/627 649/649/624
f 653/653/628 654/654/629 655/655/630
f 655/655/630 656/656/631 653/653/628
f 657/657/632 653/653/628 656/656/631
f 656/656/631 658/658/633 657/657/632
f 657/657/632 658/658/633 659/659/634
f 659/659/634 658/658/633 651/651/626
f 651/651/626 660/660/635 659/659/634
f 650/650/625 660/660/635 651/651/626
f 659/659/634 661/661/636 657/657/632
f 662/662/637 657/657/632 661/661/636
f 653/653/628 657/657/632 662/662/637
f 661/661/636 663/663/638 662/662/637
f 664/664/639 665/665/640 666/666/641
f 666/666/641 655/655/630 664/664/639
f 655/655/630 666/666/641 667/667/642
f 667/667/642 656/656/631 655/655/630
f 656/656/631 667/667/642 651/651/626
f 651/651/626 658/658/633 656/656/631
f 651/651/626 667/667/642 639/639/614
f 641/641/616 639/639/614 667/667/642
f 667/667/642 666/666/641 641/641/616
f 643/643/618 641/641/616 666/666/641
f 666/666/641 665/665/640 643/643/618
f 643/643/618 665/665/640 645/645/620
f 645/645/620 665/665/640 664/664/639
f 664/664/639 668/668/643 645/645/620
f 654/654/629 668/668/643 664/664/639
f 664/664/639 655/655/630 654/654/629
f 662/662/637 669/669/644 653/653/628
f 654/654/629 653/653/628 669/669/644
f 669/669/644 670/670/645 654/654/629
f 668/668/643 654/654/629 670/670/645
f 670/670/645 671/671/646 668/668/643
f 645/645/620 668/668/643 671/671/646
f 671/671/646 672/672/647 645/645/620
f 645/645/620 672/672/647 673/673/648
f 673/673/648 644/644/619 645/645/620
f 644/644/619 673/673/648 646/646/621
f 674/674/649 675/675/650 676/676/651
f 676/676/651 675/675/650 677/677/652
f 678/678/653 679/679/654 674/674/649
f 678/678/653 674/674/649 676/676/651
f 676/676/651 680/680/655 678/678/653
f 680/680/655 676/676/651 677/677/652
f 677/677/652 681/681/656 680/680/655
f 682/682/657 681/681/656 677/677/652
f 681/681/656 682/682/657 683/683/658
f 684/684/659 683/683/658 682/682/657
f 683/683/658 684/684/659 685/685/660
f 686/686/661 685/685/660 684/684/659
f 687/687/662 678/678/653 680/680/655
f 688/688/663 689/689/664 690/690/665
f 689/689/664 688/688/663 685/685/660
f 691/691/666 685/685/660 688/688/663
f 685/685/660 691/691/666 683/683/658
f 692/692/667 683/683/658 691/691/666
f 683/683/658 692/692/667 681/681/656
f 681/681/656 692/692/667 693/693/668
f 693/693/668 680/680/655 681/681/656
f 694/694/669 680/680/655 693/693/668
f 680/680/655 694/694/669 687/687/662
f 695/695/670 688/688/663 696/696/671
f 688/688/663 695/695/670 691/691/666
f 697/697/672 691/691/666 695/695/670
f 691/691/666 697/697/672 692/692/667
f 693/693/668 692/692/667 697/697/672
f 697/697/672 698/698/673 693/693/668
f 693/693/668 698/698/673 699/699/674
f 699/699/674 698/698/673 700/700/675
f 700/700/675 701/701/676 699/699/674
f 702/702/677 701/701/676 700/700/675
f 703/703/678 704/704/679 700/700/675
f 700/700/675 705/705/680 703/703/678
f 705/705/680 700/700/675 698/698/673
f 698/698/673 697/697/672 705/705/680
f 695/695/670 705/705/680 697/697/672
f 705/705/680 695/695/670 706/706/681
f 706/706/681 703/703/678 705/705/680
f 703/703/678 706/706/681 707/707/682
f 707/707/682 708/708/683 703/703/678
f 709/709/684 708/708/683 707/707/682
f 281/281/273 710/710/685 711/711/686
f 711/711/686 710/710/685 712/712/687
f 712/712/687 713/713/688 711/711/686
f 709/709/684 713/713/688 712/712/687
f 713/713/688 709/709/684 714/714/689
f 707/707/682 714/714/689 709/709/684
f 714/714/689 707/707/682 715/715/690
f 715/715/690 707/707/682 706/706/681
f 706/706/681 696/696/671 715/715/690
f 696/696/671 706/706/681 695/695/670
f 712/712/687 710/710/685 716/716/691
f 717/717/692 718/718/693 719/719/694
f 719/719/694 720/720/695 717/717/692
f 720/720/695 719/719/694 711/711/686
f 711/711/686 713/713/688 720/720/695
f 714/714/689 720/720/695 713/713/688
f 720/720/695 714/714/689 721/721/696
f 715/715/690 721/721/696 714/714/689
f 721/721/696 715/715/690 722/722/697
f 722/722/697 715/715/690 696/696/671
f 696/696/671 690/690/665 722/722/697
f 690/690/665 696/696/671 688/688/663
f 722/722/697 723/723/698 721/721/696
f 717/717/692 721/721/696 723/723/698
f 721/721/696 717/717/692 720/720/695
f 724/724/699 725/725/700 723/723/698
f 723/723/698 722/722/697 724/724/699
f 724/724/699 722/722/697 690/690/665
f 690/690/665 726/726/701 724/724/699
f 726/726/701 690/690/665 689/689/664
f 685/685/660 686/686/661 689/689/664
f 727/727/702 689/689/664 686/686/661
f 689/689/664 727/727/702 726/726/701
f 728/728/703 726/726/701 727/727/702
f 724/724/699 726/726/701 728/728/703
f 728/728/703 729/729/704 724/724/699
f 725/725/700 724/724/699 729/729/704
f 729/729/704 730/730/705 725/725/700
f 723/723/698 725/725/700 730/730/705
f 730/730/705 731/731/706 723/723/698
f 732/732/707 731/731/706 730/730/705
f 732/732/707 733/733/708 734/734/709
f 730/730/705 733/733/708 732/732/707
f 733/733/708 730/730/705 735/735/710
f 735/735/710 730/730/705 729/729/704
f 729/729/704 736/736/711 735/735/710
f 736/736/711 729/729/704 728/728/703
f 727/727/702 737/737/712 728/728/703
f 738/738/713 728/728/703 737/737/712
f 728/728/703 738/738/713 736/736/711
f 739/739/714 736/736/711 738/738/713
f 736/736/711 739/739/714 327/327/319
f 327/327/319 735/735/710 736/736/711
f 325/325/317 735/735/710 327/327/319
f 735/735/710 325/325/317 733/733/708
f 733/733/708 325/325/317 323/323/315
f 323/323/315 734/734/709 733/733/708
f 328/328/320 327/327/319 739/739/714
f 739/739/714 334/334/326 328/328/320
f 334/334/326 739/739/714 740/740/715
f 738/738/713 740/740/715 739/739/714
f 740/740/715 738/738/713 741/741/716
f 737/737/712 741/741/716 738/738/713
f 741/741/716 737/737/712 742/742/717
f 742/742/717 737/737/712 727/727/702
f 727/727/702 743/743/718 742/742/717
f 686/686/661 743/743/718 727/727/702
f 334/334/326 339/339/331 333/333/325
f 740/740/715 339/339/331 334/334/326
f 339/339/331 740/740/715 341/341/333
f 741/741/716 341/341/333 740/740/715
f 341/341/333 741/741/716 343/343/335
f 742/742/717 343/343/335 741/741/716
f 744/744/719 343/343/335 742/742/717
f 742/742/717 745/745/720 744/744/719
f 744/744/719 745/745/720 746/746/721
f 746/746/721 745/745/720 747/747/722
f 746/746/721 748/748/723 749/749/300
f 750/750/724 751/751/725 752/752/726
f 751/751/725 750/750/724 749/749/300
f 753/753/727 749/749/300 750/750/724
f 749/749/300 753/753/727 746/746/721
f 754/754/728 746/746/721 753/753/727
f 746/746/721 754/754/728 744/744/719
f 755/755/729 756/756/730 757/757/731
f 757/757/731 752/752/726 755/755/729
f 752/752/726 757/757/731 750/750/724
f 758/758/732 750/750/724 757/757/731
f 750/750/724 758/758/732 753/753/727
f 759/759/733 753/753/727 758/758/732
f 753/753/727 759/759/733 754/754/728
f 760/760/734 761/761/735 757/757/731
f 757/757/731 756/756/730 760/760/734
f 760/760/734 756/756/730 762/762/736
f 687/687/662 762/762/736 756/756/730
f 756/756/730 755/755/729 687/687/662
f 678/678/653 687/687/662 755/755/729
f 755/755/729 679/679/654 678/678/653
f 763/763/737 679/679/654 755/755/729
f 755/755/729 752/752/726 763/763/737
f 763/763/737 752/752/726 751/751/725
f 760/760/734 764/764/738 765/765/739
f 765/765/739 761/761/735 760/760/734
f 761/761/735 765/765/739 766/766/740
f 747/747/722 748/748/723 746/746/721
f 767/767/741 748/748/723 747/747/722
f 749/749/300 748/748/723 767/767/741
f 767/767/741 768/768/742 749/749/300
f 749/749/300 768/768/742 751/751/725
f 769/769/743 751/751/725 768/768/742
f 751/751/725 769/769/743 763/763/737
f 675/675/650 763/763/737 769/769/743
f 675/675/650 679/679/654 763/763/737
f 674/674/649 679/679/654 675/675/650
f 747/747/722 745/745/720 742/742/717
f 742/742/717 770/770/744 747/747/722
f 747/747/722 770/770/744 767/767/741
f 771/771/745 767/767/741 770/770/744
f 767/767/741 771/771/745 772/772/746
f 772/772/746 771/771/745 675/675/650
f 769/769/743 772/772/746 675/675/650
f 768/768/742 772/772/746 769/769/743
f 772/772/746 768/768/742 767/767/741
f 770/770/744 742/742/717 743/743/718
f 743/743/718 773/773/747 770/770/744
f 770/770/744 773/773/747 774/774/748
f 774/774/748 775/775/749 770/770/744
f 675/675/650 775/775/749 774/774/748
f 771/771/745 775/775/749 675/675/650
f 770/770/744 775/775/749 771/771/745
f 684/684/659 743/743/718 686/686/661
f 773/773/747 743/743/718 684/684/659
f 684/684/659 776/776/750 773/773/747
f 774/774/748 773/773/747 776/776/750
f 776/776/750 777/777/751 774/774/748
f 774/774/748 777/777/751 675/675/650
f 778/778/752 675/675/650 777/777/751
f 677/677/652 675/675/650 778/778/752
f 677/677/652 778/778/752 682/682/657
f 776/776/750 682/682/657 778/778/752
f 682/682/657 776/776/750 684/684/659
f 778/778/752 777/777/751 776/776/750
f 779/779/440 780/780/441 781/781/378
f 782/782/444 779/779/440 783/783/753
f 783/783/753 779/779/440 781/781/378
f 781/781/378 784/784/382 783/783/753
f 783/783/753 784/784/382 785/785/754
f 786/786/755 787/787/756 788/788/386
f 788/788/386 787/787/756 789/789/383
f 785/785/754 789/789/383 787/787/756
f 787/787/756 790/790/757 785/785/754
f 785/785/754 790/790/757 783/783/753
f 791/791/758 783/783/753 790/790/757
f 783/783/753 791/791/758 782/782/444
f 792/792/458 782/782/444 791/791/758
f 791/791/758 793/793/759 792/792/458
f 794/794/459 792/792/458 793/793/759
f 791/791/758 790/790/757 787/787/756
f 793/793/759 791/791/758 795/795/760
f 787/787/756 795/795/760 791/791/758
f 795/795/760 787/787/756 786/786/755
f 786/786/755 796/796/761 797/797/762
f 786/786/755 797/797/762 795/795/760
f 795/795/760 797/797/762 798/798/763
f 798/798/763 799/799/764 795/795/760
f 795/795/760 799/799/764 793/793/759
f 793/793/759 799/799/764 800/800/765
f 800/800/765 801/801/766 793/793/759
f 802/802/767 801/801/766 800/800/765
f 800/800/765 803/803/768 802/802/767
f 804/804/769 802/802/767 803/803/768
f 805/805/770 806/806/771 798/798/763
f 807/807/772 805/805/770 798/798/763
f 798/798/763 797/797/762 807/807/772
f 808/808/773 807/807/772 797/797/762
f 797/797/762 796/796/761 808/808/773
f 809/809/408 808/808/773 796/796/761
f 796/796/761 810/810/409 809/809/408
f 810/810/409 796/796/761 786/786/755
f 786/786/755 811/811/410 810/810/409
f 788/788/386 811/811/410 786/786/755
f 812/812/774 813/813/775 814/814/776
f 815/815/777 813/813/775 812/812/774
f 812/812/774 816/816/778 815/815/777
f 815/815/777 816/816/778 817/817/779
f 806/806/771 817/817/779 816/816/778
f 817/817/779 806/806/771 805/805/770
f 805/805/770 818/818/780 817/817/779
f 818/818/780 805/805/770 807/807/772
f 807/807/772 819/819/781 818/818/780
f 808/808/773 819/819/781 807/807/772
f 818/818/780 819/819/781 820/820/782
f 820/820/782 821/821/783 818/818/780
f 817/817/779 818/818/780 821/821/783
f 821/821/783 822/822/784 817/817/779
f 817/817/779 822/822/784 815/815/777
f 819/819/781 808/808/773 809/809/408
f 809/809/408 823/823/785 819/819/781
f 819/819/781 823/823/785 824/824/401
f 820/820/782 819/819/781 824/824/401
f 824/824/401 825/825/786 820/820/782
f 826/826/787 827/827/590 828/828/591
f 829/829/788 826/826/787 830/830/789
f 830/830/789 826/826/787 828/828/591
f 828/828/591 831/831/592 830/830/789
f 832/832/790 830/830/789 831/831/592
f 831/831/592 833/833/579 832/832/790
f 834/834/791 832/832/790 833/833/579
f 833/833/579 835/835/792 834/834/791
f 834/834/791 835/835/792 836/836/793
f 836/836/793 835/835/792 837/837/577
f 837/837/577 838/838/794 836/836/793
f 834/834/791 839/839/795 840/840/796
f 840/840/796 841/841/797 834/834/791
f 841/841/797 832/832/790 834/834/791
f 842/842/798 843/843/799 844/844/800
f 844/844/800 845/845/801 842/842/798
f 842/842/798 845/845/801 840/840/796
f 840/840/796 839/839/795 842/842/798
f 838/838/794 842/842/798 839/839/795
f 839/839/795 836/836/793 838/838/794
f 836/836/793 839/839/795 834/834/791
f 837/837/577 846/846/575 838/838/794
f 846/846/575 847/847/574 838/838/794
f 847/847/574 848/848/802 838/838/794
f 848/848/802 842/842/798 838/838/794
f 842/842/798 848/848/802 849/849/803
f 843/843/799 842/842/798 849/849/803
f 849/849/803 850/850/804 843/843/799
f 850/850/804 851/851/805 843/843/799
f 844/844/800 843/843/799 851/851/805
f 851/851/805 852/852/806 844/844/800
f 844/844/800 852/852/806 853/853/807
f 853/853/807 854/854/808 844/844/800
f 845/845/801 844/844/800 854/854/808
f 854/854/808 855/855/809 845/845/801
f 845/845/801 855/855/809 856/856/568
f 856/856/568 840/840/796 845/845/801
f 840/840/796 856/856/568 857/857/569
f 857/857/569 841/841/797 840/840/796
f 841/841/797 857/857/569 858/858/810
f 858/858/810 832/832/790 841/841/797
f 830/830/789 832/832/790 858/858/810
f 858/858/810 829/829/788 830/830/789
f 859/859/621 860/860/811 861/861/647
f 862/862/812 863/863/813 864/864/644
f 864/864/644 865/865/814 862/862/812
f 862/862/812 865/865/814 866/866/638
f 866/866/638 867/867/815 862/862/812
f 862/862/812 867/867/815 868/868/627
f 868/868/627 869/869/623 862/862/812
f 862/862/812 869/869/623 870/870/622
f 870/870/622 863/863/813 862/862/812
f 863/863/813 870/870/622 859/859/621
f 859/859/621 871/871/816 863/863/813
f 861/861/647 871/871/816 859/859/621
f 872/872/645 871/871/816 861/861/647
f 861/861/647 873/873/646 872/872/645
f 872/872/645 864/864/644 863/863/813
f 863/863/813 871/871/816 872/872/645
f 874/874/817 875/875/818 876/876/819
f 877/877/820 878/878/821 879/879/822
f 879/879/822 878/878/821 880/880/823
f 880/880/823 881/881/824 879/879/822
f 874/874/817 881/881/824 880/880/823
f 880/880/823 882/882/825 874/874/817
f 875/875/818 874/874/817 882/882/825
f 882/882/825 883/883/826 875/875/818
f 884/884/827 885/885/828 886/886/829
f 876/876/819 886/886/829 885/885/828
f 885/885/828 887/887/830 876/876/819
f 876/876/819 887/887/830 874/874/817
f 874/874/817 887/887/830 888/888/831
f 888/888/831 881/881/824 874/874/817
f 881/881/824 888/888/831 889/889/832
f 889/889/832 879/879/822 881/881/824
f 890/890/833 879/879/822 889/889/832
f 879/879/822 890/890/833 877/877/820
f 889/889/832 891/891/834 890/890/833
f 892/892/835 891/891/834 889/889/832
f 889/889/832 893/893/836 892/892/835
f 893/893/836 889/889/832 888/888/831
f 887/887/830 885/885/828 894/894/837
f 894/894/837 888/888/831 887/887/830
f 895/895/838 888/888/831 894/894/837
f 888/888/831 895/895/838 893/893/836
f 896/896/839 893/893/836 895/895/838
f 892/892/835 893/893/836 896/896/839
f 896/896/839 897/897/840 892/892/835
f 898/898/841 897/897/840 896/896/839
f 896/896/839 899/899/842 898/898/841
f 900/900/843 898/898/841 899/899/842
f 899/899/842 901/901/844 900/900/843
f 902/902/845 900/900/843 901/901/844
f 901/901/844 899/899/842 903/903/846
f 904/904/847 905/905/848 895/895/838
f 895/895/838 906/906/849 904/904/847
f 894/894/837 906/906/849 895/895/838
f 906/906/849 894/894/837 907/907/850
f 907/907/850 904/904/847 906/906/849
f 904/904/847 907/907/850 903/903/846
f 903/903/846 905/905/848 904/904/847
f 905/905/848 903/903/846 899/899/842
f 899/899/842 896/896/839 905/905/848
f 895/895/838 905/905/848 896/896/839
f 908/908/851 902/902/845 909/909/852
f 901/901/844 909/909/852 902/902/845
f 909/909/852 901/901/844 910/910/853
f 903/903/846 910/910/853 901/901/844
f 911/911/854 910/910/853 903/903/846
f 903/903/846 912/912/855 911/911/854
f 912/912/855 903/903/846 907/907/850
f 907/907/850 884/884/827 912/912/855
f 885/885/828 884/884/827 907/907/850
f 907/907/850 894/894/837 885/885/828
f 910/910/853 913/913/856 909/909/852
f 914/914/857 915/915/858 916/916/859
f 915/915/858 914/914/857 917/917/860
f 917/917/860 918/918/861 915/915/858
f 918/918/861 917/917/860 911/911/854
f 911/911/854 919/919/862 918/918/861
f 919/919/862 911/911/854 912/912/855
f 912/912/855 920/920/863 919/919/862
f 920/920/863 912/912/855 884/884/827
f 884/884/827 921/921/864 920/920/863
f 886/886/829 921/921/864 884/884/827
f 910/910/853 911/911/854 917/917/860
f 917/917/860 913/913/856 910/910/853
f 913/913/856 917/917/860 914/914/857
f 914/914/857 922/922/865 913/913/856
f 909/909/852 913/913/856 922/922/865
f 922/922/865 923/923/866 909/909/852
f 909/909/852 923/923/866 908/908/851
f 924/924/867 908/908/851 923/923/866
f 923/923/866 925/925/868 924/924/867
f 926/926/869 924/924/867 925/925/868
f 922/922/865 914/914/857 927/927/870
f 927/927/870 928/928/871 922/922/865
f 922/922/865 928/928/871 925/925/868
f 925/925/868 923/923/866 922/922/865
f 925/925/868 929/929/872 926/926/869
f 929/929/872 925/925/868 928/928/871
f 928/928/871 930/930/873 929/929/872
f 930/930/873 928/928/871 927/927/870
f 927/927/870 931/931/874 930/930/873
f 932/932/875 933/933/876 926/926/869
f 926/926/869 929/929/872 932/932/875
f 934/934/877 932/932/875 929/929/872
f 929/929/872 930/930/873 934/934/877
f 935/935/878 934/934/877 930/930/873
f 930/930/873 931/931/874 935/935/878
f 935/935/878 931/931/874 936/936/879
f 936/936/879 931/931/874 927/927/870
f 927/927/870 916/916/859 936/936/879
f 916/916/859 927/927/870 914/914/857
f 937/937/880 935/935/878 938/938/881
f 936/936/879 938/938/881 935/935/878
f 939/939/882 940/940/883 941/941/884
f 940/940/883 939/939/882 942/942/885
f 943/943/886 942/942/885 939/939/882
f 939/939/882 944/944/887 943/943/886
f 945/945/888 943/943/886 944/944/887
f 944/944/887 946/946/889 945/945/888
f 937/937/880 945/945/888 946/946/889
f 946/946/889 947/947/890 937/937/880
f 935/935/878 937/937/880 947/947/890
f 947/947/890 934/934/877 935/935/878
f 938/938/881 948/948/891 937/937/880
f 945/945/888 937/937/880 948/948/891
f 948/948/891 949/949/892 945/945/888
f 943/943/886 945/945/888 949/949/892
f 949/949/892 950/950/893 943/943/886
f 942/942/885 943/943/886 950/950/893
f 950/950/893 951/951/894 942/942/885
f 952/952/895 942/942/885 951/951/894
f 951/951/894 953/953/896 952/952/895
f 952/952/895 953/953/896 954/954/897
f 942/942/885 952/952/895 940/940/883
f 940/940/883 952/952/895 955/955/898
f 955/955/898 956/956/899 940/940/883
f 956/956/899 955/955/898 957/957/900
f 940/940/883 956/956/899 958/958/901
f 954/954/897 955/955/898 952/952/895
f 955/955/898 954/954/897 959/959/902
f 959/959/902 957/957/900 955/955/898
f 960/960/903 957/957/900 959/959/902
f 961/961/904 957/957/900 960/960/903
f 957/957/900 961/961/904 956/956/899
f 956/956/899 961/961/904 962/962/905
f 962/962/905 958/958/901 956/956/899
f 941/941/884 958/958/901 962/962/905
f 958/958/901 941/941/884 940/940/883
f 959/959/902 963/963/906 960/960/903
f 962/962/905 964/964/907 941/941/884
f 941/941/884 964/964/907 939/939/882
f 963/963/906 965/965/908 966/966/909
f 966/966/909 960/960/903 963/963/906
f 960/960/903 966/966/909 967/967/910
f 967/967/910 968/968/911 960/960/903
f 960/960/903 968/968/911 961/961/904
f 969/969/912 961/961/904 968/968/911
f 961/961/904 969/969/912 970/970/913
f 971/971/914 970/970/913 969/969/912
f 972/972/915 970/970/913 971/971/914
f 971/971/914 973/973/916 972/972/915
f 968/968/911 974/974/917 969/969/912
f 974/974/917 968/968/911 967/967/910
f 967/967/910 975/975/918 974/974/917
f 974/974/917 975/975/918 976/976/919
f 976/976/919 977/977/920 974/974/917
f 969/969/912 974/974/917 977/977/920
f 977/977/920 978/978/921 969/969/912
f 969/969/912 978/978/921 971/971/914
f 932/932/875 934/934/877 947/947/890
f 947/947/890 979/979/922 932/932/875
f 980/980/923 979/979/922 947/947/890
f 947/947/890 946/946/889 980/980/923
f 980/980/923 946/946/889 944/944/887
f 944/944/887 981/981/924 980/980/923
f 981/981/924 944/944/887 939/939/882
f 939/939/882 982/982/925 981/981/924
f 982/982/925 939/939/882 964/964/907
f 964/964/907 972/972/915 982/982/925
f 972/972/915 964/964/907 962/962/905
f 962/962/905 970/970/913 972/972/915
f 970/970/913 962/962/905 961/961/904
f 972/972/915 973/973/916 983/983/926
f 983/983/926 982/982/925 972/972/915
f 982/982/925 983/983/926 984/984/927
f 984/984/927 981/981/924 982/982/925
f 981/981/924 984/984/927 985/985/928
f 985/985/928 980/980/923 981/981/924
f 980/980/923 985/985/928 986/986/929
f 986/986/929 979/979/922 980/980/923
f 979/979/922 986/986/929 933/933/876
f 933/933/876 932/932/875 979/979/922
f 987/987/930 988/988/931 989/989/902
f 989/989/902 988/988/931 990/990/932
f 990/990/932 991/991/933 989/989/902
f 991/991/933 990/990/932 992/992/934
f 992/992/934 993/993/935 991/991/933
f 994/994/936 995/995/937 996/996/894
f 996/996/894 989/989/902 994/994/936
f 989/989/902 996/996/894 987/987/930
f 987/987/930 996/996/894 997/997/938
f 997/997/938 998/998/939 987/987/930
f 998/998/939 997/997/938 999/999/940
f 999/999/940 1000/1000/941 998/998/939
f 1000/1000/941 999/999/940 1001/1001/891
f 1001/1001/891 1002/1002/942 1000/1000/941
f 1003/1003/943 1002/1002/942 1001/1001/891
f 1001/1001/891 1004/1004/881 1003/1003/943
f 1005/1005/944 1003/1003/943 1004/1004/881
f 1004/1004/881 1006/1006/945 1005/1005/944
f 1005/1005/944 1006/1006/945 1007/1007/859
f 1007/1007/859 1008/1008/946 1005/1005/944
f 1008/1008/946 1007/1007/859 1009/1009/858
f 1009/1009/858 1010/1010/947 1008/1008/946
f 1011/1011/948 1010/1010/947 1009/1009/858
f 1009/1009/858 1012/1012/861 1011/1011/948
f 1013/1013/949 1011/1011/948 1012/1012/861
f 1012/1012/861 1014/1014/862 1013/1013/949
f 1015/1015/950 1013/1013/949 1014/1014/862
f 1014/1014/862 1016/1016/863 1015/1015/950
f 1015/1015/950 1016/1016/863 1017/1017/819
f 1017/1017/819 1018/1018/951 1015/1015/950
f 1019/1019/952 1018/1018/951 1017/1017/819
f 1017/1017/819 1020/1020/818 1019/1019/952
f 1021/1021/953 1019/1019/952 1020/1020/818
f 1020/1020/818 1022/1022/954 1021/1021/953
f 1023/1023/829 1017/1017/819 1016/1016/863
f 1016/1016/863 1024/1024/955 1023/1023/829
f 1025/1025/956 1026/1026/957 1027/1027/958
f 1027/1027/958 1028/1028/959 1025/1025/956
f 1029/1029/960 1025/1025/956 1028/1028/959
f 1028/1028/959 1030/1030/961 1029/1029/960
f 1031/1031/962 1029/1029/960 1030/1030/961
f 1032/1032/963 1033/1033/964 1034/1034/965
f 1035/1035/966 1034/1034/965 1033/1033/964
f 1033/1033/964 1027/1027/958 1035/1035/966
f 1027/1027/958 1033/1033/964 1036/1036/967
f 1036/1036/967 1028/1028/959 1027/1027/958
f 1028/1028/959 1036/1036/967 1037/1037/968
f 1037/1037/968 1030/1030/961 1028/1028/959
f 1030/1030/961 1037/1037/968 1032/1032/963
f 1032/1032/963 1038/1038/969 1030/1030/961
f 1030/1030/961 1038/1038/969 1031/1031/962
f 1036/1036/967 1033/1033/964 1032/1032/963
f 1032/1032/963 1037/1037/968 1036/1036/967
f 1039/1039/970 1034/1034/965 1040/1040/971
f 1041/1041/972 1040/1040/971 1034/1034/965
f 1034/1034/965 1035/1035/966 1041/1041/972
f 1042/1042/973 1041/1041/972 1035/1035/966
f 1035/1035/966 1043/1043/974 1042/1042/973
f 1043/1043/974 1035/1035/966 1027/1027/958
f 1027/1027/958 1044/1044/975 1043/1043/974
f 1044/1044/975 1027/1027/958 1026/1026/957
f 1026/1026/957 1045/1045/976 1044/1044/975
f 1046/1046/977 1047/1047/978 1048/1048/979
f 1049/1049/980 1048/1048/979 1047/1047/978
f 1047/1047/978 1050/1050/981 1049/1049/980
f 1051/1051/982 1049/1049/980 1050/1050/981
f 1050/1050/981 1052/1052/731 1051/1051/982
f 1053/1053/983 1051/1051/982 1052/1052/731
f 1052/1052/731 1038/1038/969 1053/1053/983
f 1039/1039/970 1053/1053/983 1038/1038/969
f 1038/1038/969 1032/1032/963 1039/1039/970
f 1034/1034/965 1039/1039/970 1032/1032/963
f 1048/1048/979 1054/1054/984 1055/1055/985
f 1054/1054/984 1048/1048/979 1049/1049/980
f 1049/1049/980 1056/1056/986 1054/1054/984
f 1057/1057/987 1056/1056/986 1049/1049/980
f 1049/1049/980 1051/1051/982 1057/1057/987
f 1058/1058/988 1057/1057/987 1051/1051/982
f 1051/1051/982 1053/1053/983 1058/1058/988
f 1059/1059/989 1058/1058/988 1053/1053/983
f 1053/1053/983 1039/1039/970 1059/1059/989
f 1040/1040/971 1059/1059/989 1039/1039/970
f 1060/1060/990 1061/1061/991 1062/1062/992
f 1062/1062/992 1063/1063/993 1060/1060/990
f 1060/1060/990 1063/1063/993 1064/1064/994
f 1064/1064/994 1065/1065/995 1060/1060/990
f 1066/1066/996 1065/1065/995 1064/1064/994
f 1065/1065/995 1066/1066/996 1067/1067/997
f 1046/1046/977 1067/1067/997 1066/1066/996
f 1067/1067/997 1046/1046/977 1068/1068/998
f 1048/1048/979 1068/1068/998 1046/1046/977
f 1055/1055/985 1068/1068/998 1048/1048/979
f 1064/1064/994 1069/1069/999 1066/1066/996
f 1066/1066/996 1069/1069/999 1070/1070/1000
f 1071/1071/1001 1072/1072/1002 1073/1073/1003
f 1072/1072/1002 1071/1071/1001 1074/1074/1004
f 1061/1061/991 1074/1074/1004 1071/1071/1001
f 1074/1074/1004 1061/1061/991 1060/1060/990
f 1060/1060/990 1075/1075/1005 1074/1074/1004
f 1075/1075/1005 1060/1060/990 1065/1065/995
f 1065/1065/995 1076/1076/1006 1075/1075/1005
f 1067/1067/997 1076/1076/1006 1065/1065/995
f 1076/1076/1006 1067/1067/997 1077/1077/1007
f 1068/1068/998 1077/1077/1007 1067/1067/997
f 1077/1077/1007 1078/1078/1008 1076/1076/1006
f 1077/1077/1007 1068/1068/998 1055/1055/985
f 1055/1055/985 1079/1079/1009 1077/1077/1007
f 1077/1077/1007 1079/1079/1009 1080/1080/1010
f 1080/1080/1010 1078/1078/1008 1077/1077/1007
f 1081/1081/1011 1078/1078/1008 1080/1080/1010
f 1076/1076/1006 1078/1078/1008 1081/1081/1011
f 1081/1081/1011 1075/1075/1005 1076/1076/1006
f 1075/1075/1005 1081/1081/1011 1082/1082/1012
f 1082/1082/1012 1074/1074/1004 1075/1075/1005
f 1074/1074/1004 1082/1082/1012 1072/1072/1002
f 1080/1080/1010 1083/1083/1013 1081/1081/1011
f 1081/1081/1011 1083/1083/1013 1084/1084/1014
f 1084/1084/1014 1082/1082/1012 1081/1081/1011
f 1072/1072/1002 1082/1082/1012 1084/1084/1014
f 1084/1084/1014 1085/1085/1015 1072/1072/1002
f 1073/1073/1003 1072/1072/1002 1085/1085/1015
f 1085/1085/1015 1086/1086/1016 1073/1073/1003
f 1073/1073/1003 1086/1086/1016 1087/1087/1017
f 1088/1088/1018 1089/1089/1019 1090/1090/1020
f 1090/1090/1020 1091/1091/1021 1088/1088/1018
f 1091/1091/1021 1090/1090/1020 1092/1092/1022
f 1092/1092/1022 1087/1087/1017 1091/1091/1021
f 1087/1087/1017 1092/1092/1022 1073/1073/1003
f 1093/1093/1023 1073/1073/1003 1092/1092/1022
f 1073/1073/1003 1093/1093/1023 1071/1071/1001
f 1094/1094/1024 1071/1071/1001 1093/1093/1023
f 1071/1071/1001 1094/1094/1024 1061/1061/991
f 1062/1062/992 1061/1061/991 1094/1094/1024
f 1092/1092/1022 1095/1095/1025 1093/1093/1023
f 1095/1095/1025 1092/1092/1022 1090/1090/1020
f 1090/1090/1020 1096/1096/1026 1095/1095/1025
f 1096/1096/1026 1090/1090/1020 1089/1089/1019
f 1089/1089/1019 1097/1097/1027 1096/1096/1026
f 1097/1097/1027 1089/1089/1019 1098/1098/1028
f 1098/1098/1028 1099/1099/1029 1097/1097/1027
f 1099/1099/1029 1098/1098/1028 1100/1100/1030
f 1100/1100/1030 1101/1101/1031 1099/1099/1029
f 1102/1102/1032 1099/1099/1029 1101/1101/1031
f 1102/1102/1032 1103/1103/1033 1097/1097/1027
f 1097/1097/1027 1099/1099/1029 1102/1102/1032
f 1104/1104/1034 1105/1105/1035 1106/1106/1036
f 1106/1106/1036 1101/1101/1031 1104/1104/1034
f 1107/1107/1037 1104/1104/1034 1101/1101/1031
f 1101/1101/1031 1100/1100/1030 1107/1107/1037
f 1108/1108/1038 1107/1107/1037 1100/1100/1030
f 1100/1100/1030 1109/1109/1039 1108/1108/1038
f 1109/1109/1039 1100/1100/1030 1098/1098/1028
f 1098/1098/1028 1110/1110/1040 1109/1109/1039
f 1110/1110/1040 1098/1098/1028 1089/1089/1019
f 1089/1089/1019 1088/1088/1018 1110/1110/1040
f 1101/1101/1031 1106/1106/1036 1111/1111/1041
f 1111/1111/1041 1112/1112/1042 1101/1101/1031
f 1112/1112/1042 1111/1111/1041 1113/1113/1043
f 1113/1113/1043 1114/1114/1044 1112/1112/1042
f 1114/1114/1044 1113/1113/1043 1115/1115/1045
f 1101/1101/1031 1112/1112/1042 1102/1102/1032
f 1103/1103/1033 1102/1102/1032 1112/1112/1042
f 1112/1112/1042 1114/1114/1044 1103/1103/1033
f 1097/1097/1027 1103/1103/1033 1114/1114/1044
f 1114/1114/1044 1096/1096/1026 1097/1097/1027
f 1115/1115/1045 1096/1096/1026 1114/1114/1044
f 1096/1096/1026 1115/1115/1045 1116/1116/1046
f 1117/1117/1047 1116/1116/1046 1115/1115/1045
f 1116/1116/1046 1117/1117/1047 1118/1118/1048
f 1118/1118/1048 1119/1119/1049 1116/1116/1046
f 1119/1119/1049 1118/1118/1048 1120/1120/1050
f 1120/1120/1050 1094/1094/1024 1119/1119/1049
f 1094/1094/1024 1120/1120/1050 1062/1062/992
f 1116/1116/1046 1095/1095/1025 1096/1096/1026
f 1095/1095/1025 1116/1116/1046 1119/1119/1049
f 1119/1119/1049 1093/1093/1023 1095/1095/1025
f 1093/1093/1023 1119/1119/1049 1094/1094/1024
f 1121/1121/962 1122/1122/1051 1123/1123/1052
f 1123/1123/1052 1124/1124/1053 1121/1121/962
f 1122/1122/1051 1125/1125/1054 1126/1126/976
f 1127/1127/1055 1125/1125/1054 1122/1122/1051
f 1122/1122/1051 1121/1121/962 1127/1127/1055
f 1128/1128/1056 1127/1127/1055 1121/1121/962
f 1121/1121/962 1129/1129/1057 1128/1128/1056
f 1130/1130/1058 1128/1128/1056 1129/1129/1057
f 1129/1129/1057 1131/1131/1059 1130/1130/1058
f 1132/1132/1060 1130/1130/1058 1131/1131/1059
f 1131/1131/1059 1133/1133/1061 1132/1132/1060
f 1134/1134/1062 1132/1132/1060 1133/1133/1061
f 1133/1133/1061 1135/1135/1000 1134/1134/1062
f 1136/1136/1063 1134/1134/1062 1135/1135/1000
f 1135/1135/1000 1137/1137/1064 1136/1136/1063
f 1138/1138/1065 1136/1136/1063 1137/1137/1064
f 1137/1137/1064 1139/1139/994 1138/1138/1065
f 1138/1138/1065 1139/1139/994 1140/1140/1066
f 1140/1140/1066 1141/1141/1067 1138/1138/1065
f 1141/1141/1067 1140/1140/1066 1142/1142/992
f 1142/1142/992 1143/1143/1068 1141/1141/1067
f 1143/1143/1068 1142/1142/992 1144/1144/1050
f 1144/1144/1050 1145/1145/1069 1143/1143/1068
f 1145/1145/1069 1144/1144/1050 1146/1146/1070
f 1146/1146/1070 1147/1147/1071 1145/1145/1069
f 1147/1147/1071 1146/1146/1070 1148/1148/1072
f 1148/1148/1072 1149/1149/1073 1147/1147/1071
f 1149/1149/1073 1148/1148/1072 1150/1150/1074
f 1150/1150/1074 1151/1151/1075 1149/1149/1073
f 1151/1151/1075 1150/1150/1074 1152/1152/1076
f 1152/1152/1076 1153/1153/1077 1151/1151/1075
f 1152/1152/1076 1154/1154/1035 1153/1153/1077
f 1150/1150/1074 1155/1155/1078 1156/1156/1041
f 1156/1156/1041 1152/1152/1076 1150/1150/1074
f 1047/1047/978 1046/1046/977 1157/1157/1079
f 1157/1157/1079 1158/1158/1080 1047/1047/978
f 1050/1050/981 1047/1047/978 1158/1158/1080
f 1158/1158/1080 1159/1159/1081 1050/1050/981
f 1052/1052/731 1050/1050/981 1159/1159/1081
f 1159/1159/1081 1160/1160/1082 1052/1052/731
f 1038/1038/969 1052/1052/731 1160/1160/1082
f 1160/1160/1082 1031/1031/962 1038/1038/969
f 1161/1161/1083 1031/1031/962 1160/1160/1082
f 1162/1162/1084 1161/1161/1083 1160/1160/1082
f 1160/1160/1082 1159/1159/1081 1162/1162/1084
f 1163/1163/1061 1162/1162/1084 1159/1159/1081
f 1159/1159/1081 1158/1158/1080 1163/1163/1061
f 1070/1070/1000 1163/1163/1061 1158/1158/1080
f 1158/1158/1080 1157/1157/1079 1070/1070/1000
f 1070/1070/1000 1157/1157/1079 1066/1066/996
f 1066/1066/996 1157/1157/1079 1046/1046/977
f 1164/1164/1085 1165/1165/1086 1166/1166/1087
f 1165/1165/1086 1164/1164/1085 1167/1167/1088
f 1168/1168/130 1169/1169/1089 1170/1170/1090
f 1169/1169/1089 1168/1168/130 1171/1171/125
f 1171/1171/125 1166/1166/1087 1169/1169/1089
f 1164/1164/1085 1166/1166/1087 1171/1171/125
f 1171/1171/125 1172/1172/124 1164/1164/1085
f 1167/1167/1088 1164/1164/1085 1172/1172/124
f 1172/1172/124 1173/1173/1091 1167/1167/1088
f 1174/1174/1092 1167/1167/1088 1173/1173/1091
f 1173/1173/1091 1175/1175/1093 1174/1174/1092
f 1174/1174/1092 1175/1175/1093 1176/1176/128
f 1176/1176/128 1177/1177/1094 1174/1174/1092
f 1177/1177/1094 1176/1176/128 1178/1178/127
f 1177/1177/1094 1179/1179/1095 1180/1180/1096
f 1180/1180/1096 1174/1174/1092 1177/1177/1094
f 1167/1167/1088 1174/1174/1092 1180/1180/1096
f 1180/1180/1096 1181/1181/1097 1167/1167/1088
f 1167/1167/1088 1181/1181/1097 1165/1165/1086
f 1165/1165/1086 1181/1181/1097 1182/1182/1098
f 1183/1183/1099 1182/1182/1098 1181/1181/1097
f 1181/1181/1097 1180/1180/1096 1183/1183/1099
f 1178/1178/127 1184/1184/1100 1177/1177/1094
f 1177/1177/1094 1184/1184/1100 1185/1185/248
f 1185/1185/248 1179/1179/1095 1177/1177/1094
f 1186/1186/257 1179/1179/1095 1185/1185/248
f 1180/1180/1096 1179/1179/1095 1186/1186/257
f 1186/1186/257 1187/1187/1101 1180/1180/1096
f 1187/1187/1101 1188/1188/1102 1180/1180/1096
f 1183/1183/1099 1180/1180/1096 1188/1188/1102
f 1189/1189/152 1183/1183/1099 1188/1188/1102
f 1190/1190/149 1183/1183/1099 1189/1189/152
f 1191/1191/1103 1183/1183/1099 1190/1190/149
f 1182/1182/1098 1183/1183/1099 1191/1191/1103
f 1191/1191/1103 1192/1192/145 1182/1182/1098
f 1182/1182/1098 1192/1192/145 1165/1165/1086
f 1165/1165/1086 1192/1192/145 1193/1193/1104
f 1193/1193/1104 1166/1166/1087 1165/1165/1086
f 1166/1166/1087 1193/1193/1104 1194/1194/1105
f 1194/1194/1105 1169/1169/1089 1166/1166/1087
f 1169/1169/1089 1194/1194/1105 1195/1195/1106
f 1195/1195/1106 1170/1170/1090 1169/1169/1089
f 1170/1170/1090 1195/1195/1106 1196/1196/1107
f 1197/1197/1108 1198/1198/1109 1199/1199/1110
f 1198/1198/1109 1197/1197/1108 1200/1200/1111
f 408/408/400 398/398/390 399/399/391
f 399/399/391 1199/1199/1110 408/408/400
f 405/405/397 408/408/400 1199/1199/1110
f 1199/1199/1110 1198/1198/1109 405/405/397
f 405/405/397 1198/1198/1109 403/403/395
f 1200/1200/1111 403/403/395 1198/1198/1109
f 403/403/395 1200/1200/1111 411/411/403
f 411/411/403 1200/1200/1111 1197/1197/1108
f 1197/1197/1108 1201/1201/1112 411/411/403
f 1201/1201/1112 1197/1197/1108 1202/1202/1113
f 1199/1199/1110 1202/1202/1113 1197/1197/1108
f 1202/1202/1113 1199/1199/1110 399/399/391
f 411/411/403 765/765/739 409/409/401
f 766/766/740 765/765/739 411/411/403
f 411/411/403 1201/1201/1112 766/766/740
f 766/766/740 1201/1201/1112 1203/1203/1114
f 1202/1202/1113 1203/1203/1114 1201/1201/1112
f 1203/1203/1114 1202/1202/1113 1204/1204/1115
f 399/399/391 1204/1204/1115 1202/1202/1113
f 1205/1205/1116 1204/1204/1115 399/399/391
f 399/399/391 381/381/373 1205/1205/1116
f 1205/1205/1116 381/381/373 380/380/372
f 377/377/369 378/378/370 380/380/372
f 1206/1206/1117 380/380/372 378/378/370
f 380/380/372 1206/1206/1117 1205/1205/1116
f 1207/1207/1118 1205/1205/1116 1206/1206/1117
f 1205/1205/1116 1207/1207/1118 1208/1208/1119
f 1208/1208/1119 1204/1204/1115 1205/1205/1116
f 1204/1204/1115 1208/1208/1119 1203/1203/1114
f 378/378/370 340/340/332 1206/1206/1117
f 342/342/334 1206/1206/1117 340/340/332
f 1206/1206/1117 342/342/334 1207/1207/1118
f 342/342/334 343/343/335 744/744/719
f 744/744/719 1207/1207/1118 342/342/334
f 1207/1207/1118 744/744/719 754/754/728
f 754/754/728 1208/1208/1119 1207/1207/1118
f 1208/1208/1119 754/754/728 759/759/733
f 759/759/733 1203/1203/1114 1208/1208/1119
f 1203/1203/1114 759/759/733 766/766/740
f 758/758/732 766/766/740 759/759/733
f 766/766/740 758/758/732 761/761/735
f 757/757/731 761/761/735 758/758/732
f 1209/1209/1120 1210/1210/1121 1211/1211/1122
f 1212/1212/1123 1213/1213/1124 255/255/251
f 1211/1211/1122 1213/1213/1124 1212/1212/1123
f 1212/1212/1123 1214/1214/1125 1211/1211/1122
f 1211/1211/1122 1214/1214/1125 1209/1209/1120
f 1215/1215/1126 1209/1209/1120 1214/1214/1125
f 1216/1216/1127 255/255/251 254/254/250
f 255/255/251 1216/1216/1127 1212/1212/1123
f 1217/1217/1128 1212/1212/1123 1216/1216/1127
f 1214/1214/1125 1212/1212/1123 1217/1217/1128
f 1217/1217/1128 1218/1218/1129 1214/1214/1125
f 1214/1214/1125 1218/1218/1129 1215/1215/1126
f 1215/1215/1126 1218/1218/1129 1219/1219/1130
f 1219/1219/1130 1220/1220/1131 1215/1215/1126
f 1215/1215/1126 1220/1220/1131 1221/1221/994
f 1221/1221/994 1222/1222/1132 1215/1215/1126
f 246/246/243 236/236/233 254/254/250
f 1223/1223/1133 254/254/250 236/236/233
f 254/254/250 1223/1223/1133 1216/1216/1127
f 1224/1224/1134 1216/1216/1127 1223/1223/1133
f 1216/1216/1127 1224/1224/1134 1217/1217/1128
f 1217/1217/1128 1224/1224/1134 1225/1225/1135
f 1225/1225/1135 1226/1226/1136 1217/1217/1128
f 1218/1218/1129 1217/1217/1128 1226/1226/1136
f 1226/1226/1136 1219/1219/1130 1218/1218/1129
f 1227/1227/1137 1228/1228/1138 1225/1225/1135
f 1225/1225/1135 1224/1224/1134 1227/1227/1137
f 1223/1223/1133 1227/1227/1137 1224/1224/1134
f 1227/1227/1137 1223/1223/1133 238/238/235
f 236/236/233 238/238/235 1223/1223/1133
f 238/238/235 239/239/236 1227/1227/1137
f 1227/1227/1137 239/239/236 1229/1229/1139
f 1229/1229/1139 1228/1228/1138 1227/1227/1137
f 1228/1228/1138 1229/1229/1139 1230/1230/1140
f 1230/1230/1140 1229/1229/1139 1231/1231/1141
f 225/225/222 1231/1231/1141 1229/1229/1139
f 1229/1229/1139 239/239/236 225/225/222
f 225/225/222 239/239/236 227/227/224
f 237/237/234 227/227/224 239/239/236
f 227/227/224 237/237/234 229/229/226
f 226/226/223 1231/1231/1141 225/225/222
f 1232/1232/1142 1231/1231/1141 226/226/223
f 1231/1231/1141 1232/1232/1142 1230/1230/1140
f 1233/1233/1143 1230/1230/1140 1232/1232/1142
f 1230/1230/1140 1233/1233/1143 1234/1234/1144
f 1234/1234/1144 1233/1233/1143 1235/1235/1145
f 1235/1235/1145 1236/1236/1146 1234/1234/1144
f 1237/1237/1147 1236/1236/1146 1235/1235/1145
f 1236/1236/1146 1237/1237/1147 1238/1238/1148
f 1238/1238/1148 1239/1239/1149 1236/1236/1146
f 226/226/223 1240/1240/1150 1232/1232/1142
f 1241/1241/1151 1232/1232/1142 1240/1240/1150
f 1232/1232/1142 1241/1241/1151 1233/1233/1143
f 1235/1235/1145 1233/1233/1143 1241/1241/1151
f 1234/1234/1144 1236/1236/1146 1239/1239/1149
f 1239/1239/1149 1242/1242/1152 1234/1234/1144
f 1234/1234/1144 1242/1242/1152 1228/1228/1138
f 1228/1228/1138 1243/1243/1153 1234/1234/1144
f 1230/1230/1140 1243/1243/1153 1228/1228/1138
f 1234/1234/1144 1243/1243/1153 1230/1230/1140
f 1244/1244/1154 226/226/223 224/224/221
f 226/226/223 1244/1244/1154 1245/1245/1155
f 1245/1245/1155 1240/1240/1150 226/226/223
f 1246/1246/1156 1240/1240/1150 1245/1245/1155
f 1240/1240/1150 1246/1246/1156 1241/1241/1151
f 1247/1247/1157 1241/1241/1151 1246/1246/1156
f 1241/1241/1151 1247/1247/1157 1235/1235/1145
f 1248/1248/1158 1235/1235/1145 1247/1247/1157
f 1235/1235/1145 1248/1248/1158 1237/1237/1147
f 1245/1245/1155 1249/1249/1159 1246/1246/1156
f 1250/1250/1160 1251/1251/1161 1249/1249/1159
f 1246/1246/1156 1249/1249/1159 1251/1251/1161
f 1251/1251/1161 1252/1252/1162 1246/1246/1156
f 1246/1246/1156 1252/1252/1162 1247/1247/1157
f 1247/1247/1157 1252/1252/1162 1253/1253/1008
f 1253/1253/1008 1254/1254/1163 1247/1247/1157
f 1247/1247/1157 1254/1254/1163 1248/1248/1158
f 1253/1253/1008 1252/1252/1162 1251/1251/1161
f 1251/1251/1161 1255/1255/1164 1253/1253/1008
f 1255/1255/1164 1251/1251/1161 1250/1250/1160
f 1250/1250/1160 1256/1256/1165 1255/1255/1164
f 1257/1257/1166 1256/1256/1165 1250/1250/1160
f 1250/1250/1160 1258/1258/1167 1257/1257/1166
f 1259/1259/1168 1257/1257/1166 1258/1258/1167
f 1258/1258/1167 1260/1260/1169 1259/1259/1168
f 1259/1259/1168 1260/1260/1169 1261/1261/1170
f 1262/1262/1171 1261/1261/1170 1260/1260/1169
f 1263/1263/480 1264/1264/479 1265/1265/1172
f 1266/1266/1173 1265/1265/1172 1264/1264/479
f 1265/1265/1172 1266/1266/1173 1261/1261/1170
f 1267/1267/1174 1261/1261/1170 1266/1266/1173
f 1261/1261/1170 1267/1267/1174 1259/1259/1168
f 1264/1264/479 1268/1268/478 1266/1266/1173
f 1266/1266/1173 1268/1268/478 1269/1269/1175
f 1269/1269/1175 1270/1270/1176 1266/1266/1173
f 1266/1266/1173 1270/1270/1176 1267/1267/1174
f 1261/1261/1170 1262/1262/1171 1265/1265/1172
f 1271/1271/1177 1265/1265/1172 1262/1262/1171
f 1265/1265/1172 1271/1271/1177 1263/1263/480
f 1263/1263/480 1271/1271/1177 1272/1272/1178
f 1272/1272/1178 1273/1273/481 1263/1263/480
f 1274/1274/490 1273/1273/481 1272/1272/1178
f 1272/1272/1178 1275/1275/1179 1274/1274/490
f 1274/1274/490 1275/1275/1179 1276/1276/1180
f 1276/1276/1180 1275/1275/1179 1277/1277/1181
f 1277/1277/1181 1278/1278/1182 1276/1276/1180
f 1279/1279/1183 1277/1277/1181 1275/1275/1179
f 1275/1275/1179 1272/1272/1178 1279/1279/1183
f 1260/1260/1169 1280/1280/1184 1262/1262/1171
f 1281/1281/1185 1262/1262/1171 1280/1280/1184
f 1262/1262/1171 1281/1281/1185 1271/1271/1177
f 1272/1272/1178 1271/1271/1177 1281/1281/1185
f 1281/1281/1185 1279/1279/1183 1272/1272/1178
f 1282/1282/1186 1279/1279/1183 1281/1281/1185
f 1277/1277/1181 1279/1279/1183 1282/1282/1186
f 1282/1282/1186 1283/1283/1187 1277/1277/1181
f 1277/1277/1181 1283/1283/1187 1284/1284/1188
f 1285/1285/1189 1284/1284/1188 1283/1283/1187
f 1280/1280/1184 1260/1260/1169 1258/1258/1167
f 1258/1258/1167 1286/1286/1190 1280/1280/1184
f 1287/1287/1191 1280/1280/1184 1286/1286/1190
f 1280/1280/1184 1287/1287/1191 1281/1281/1185
f 1281/1281/1185 1287/1287/1191 1282/1282/1186
f 1283/1283/1187 1282/1282/1186 1288/1288/1192
f 1288/1288/1192 1282/1282/1186 1287/1287/1191
f 1287/1287/1191 1289/1289/1193 1288/1288/1192
f 1286/1286/1190 1289/1289/1193 1287/1287/1191
f 1283/1283/1187 1290/1290/1194 1285/1285/1189
f 1288/1288/1192 1290/1290/1194 1283/1283/1187
f 1290/1290/1194 1288/1288/1192 1291/1291/1195
f 1291/1291/1195 1288/1288/1192 1289/1289/1193
f 1289/1289/1193 1244/1244/1154 1291/1291/1195
f 1245/1245/1155 1244/1244/1154 1289/1289/1193
f 1289/1289/1193 1286/1286/1190 1245/1245/1155
f 1249/1249/1159 1245/1245/1155 1286/1286/1190
f 1286/1286/1190 1258/1258/1167 1249/1249/1159
f 1249/1249/1159 1258/1258/1167 1250/1250/1160
f 1284/1284/1188 1278/1278/1182 1277/1277/1181
f 1278/1278/1182 1284/1284/1188 213/213/210
f 215/215/212 213/213/210 1284/1284/1188
f 1284/1284/1188 1285/1285/1189 215/215/212
f 215/215/212 1285/1285/1189 217/217/214
f 217/217/214 1285/1285/1189 1290/1290/1194
f 1290/1290/1194 222/222/219 217/217/214
f 1291/1291/1195 222/222/219 1290/1290/1194
f 222/222/219 1291/1291/1195 224/224/221
f 224/224/221 1291/1291/1195 1244/1244/1154
f 1292/1292/1196 1276/1276/1180 1278/1278/1182
f 1278/1278/1182 1293/1293/1197 1292/1292/1196
f 213/213/210 1293/1293/1197 1278/1278/1182
f 212/212/209 1293/1293/1197 213/213/210
f 1292/1292/1196 1293/1293/1197 212/212/209
f 212/212/209 216/216/213 1292/1292/1196
f 1292/1292/1196 216/216/213 1294/1294/1198
f 1276/1276/1180 1292/1292/1196 1294/1294/1198
f 1294/1294/1198 1295/1295/1199 1276/1276/1180
f 1276/1276/1180 1295/1295/1199 1274/1274/490
f 585/585/564 1296/1296/1200 1297/1297/1201
f 1296/1296/1200 585/585/564 1298/1298/1202
f 587/587/566 1298/1298/1202 585/585/564
f 1299/1299/1203 1298/1298/1202 587/587/566
f 587/587/566 588/588/567 1299/1299/1203
f 593/593/572 1299/1299/1203 588/588/567
f 1300/1300/1204 1299/1299/1203 593/593/572
f 593/593/572 1301/1301/808 1300/1300/1204
f 1300/1300/1204 1301/1301/808 1302/1302/807
f 1302/1302/807 1303/1303/1205 1300/1300/1204
f 1300/1300/1204 1303/1303/1205 1304/1304/1206
f 1304/1304/1206 1305/1305/1207 1300/1300/1204
f 1305/1305/1207 1304/1304/1206 1306/1306/1208
f 1299/1299/1203 1300/1300/1204 1305/1305/1207
f 1305/1305/1207 1298/1298/1202 1299/1299/1203
f 1298/1298/1202 1305/1305/1207 1296/1296/1200
f 1306/1306/1208 1296/1296/1200 1305/1305/1207
f 1297/1297/1201 1296/1296/1200 1306/1306/1208
f 1306/1306/1208 1307/1307/1209 1297/1297/1201
f 1297/1297/1201 1307/1307/1209 1308/1308/1210
f 1308/1308/1210 1309/1309/803 1297/1297/1201
f 1297/1297/1201 1309/1309/803 594/594/573
f 586/586/565 1297/1297/1201 594/594/573
f 1297/1297/1201 586/586/565 585/585/564
f 798/798/763 806/806/771 1310/1310/1211
f 1310/1310/1211 1311/1311/1212 798/798/763
f 1311/1311/1212 1310/1310/1211 1312/1312/1213
f 1311/1311/1212 1312/1312/1213 803/803/768
f 803/803/768 800/800/765 1311/1311/1212
f 1311/1311/1212 800/800/765 799/799/764
f 799/799/764 798/798/763 1311/1311/1212
f 803/803/768 1313/1313/1214 804/804/769
f 1313/1313/1214 803/803/768 1312/1312/1213
f 1312/1312/1213 812/812/774 1313/1313/1214
f 812/812/774 1312/1312/1213 1310/1310/1211
f 1310/1310/1211 816/816/778 812/812/774
f 816/816/778 1310/1310/1211 806/806/771
f 793/793/759 801/801/766 794/794/459
f 1314/1314/461 794/794/459 801/801/766
f 801/801/766 802/802/767 1314/1314/461
f 1315/1315/463 1314/1314/461 802/802/767
f 802/802/767 804/804/769 1315/1315/463
f 1316/1316/465 1315/1315/463 804/804/769
f 804/804/769 1317/1317/1215 1316/1316/465
f 1317/1317/1215 804/804/769 1313/1313/1214
f 1313/1313/1214 814/814/776 1317/1317/1215
f 814/814/776 1313/1313/1214 812/812/774
f 1318/1318/1216 1319/1319/1217 240/240/237
f 1320/1320/1218 1318/1318/1216 1321/1321/1219
f 317/317/309 311/311/303 312/312/304
f 311/311/303 317/317/309 1322/1322/1220
f 1322/1322/1220 295/295/287 311/311/303
f 1321/1321/1219 295/295/287 1322/1322/1220
f 295/295/287 1321/1321/1219 288/288/280
f 288/288/280 1321/1321/1219 1318/1318/1216
f 1318/1318/1216 289/289/281 288/288/280
f 240/240/237 289/289/281 1318/1318/1216
f 289/289/281 240/240/237 249/249/246
f 242/242/239 249/249/246 240/240/237
f 1319/1319/1217 1318/1318/1216 1320/1320/1218
f 1320/1320/1218 1323/1323/1221 1319/1319/1217
f 1324/1324/1222 1323/1323/1221 1320/1320/1218
f 1323/1323/1221 1324/1324/1222 204/204/201
f 204/204/201 214/214/211 1323/1323/1221
f 1319/1319/1217 1323/1323/1221 214/214/211
f 214/214/211 219/219/216 1319/1319/1217
f 240/240/237 1319/1319/1217 219/219/216
f 219/219/216 232/232/229 240/240/237
f 220/220/217 232/232/229 219/219/216
f 170/170/167 190/190/187 204/204/201
f 204/204/201 1324/1324/1222 170/170/167
f 170/170/167 1324/1324/1222 165/165/162
f 1320/1320/1218 165/165/162 1324/1324/1222
f 165/165/162 1320/1320/1218 164/164/161
f 1321/1321/1219 164/164/161 1320/1320/1218
f 164/164/161 1321/1321/1219 163/163/160
f 1322/1322/1220 163/163/160 1321/1321/1219
f 163/163/160 1322/1322/1220 157/157/154
f 1322/1322/1220 317/317/309 157/157/154
f 1325/1325/1223 1326/1326/1224 1327/1327/1225
f 1327/1327/1225 1326/1326/1224 1328/1328/1226
f 1328/1328/1226 1329/1329/1227 1327/1327/1225
f 1330/1330/1228 1327/1327/1225 1329/1329/1227
f 1329/1329/1227 1331/1331/1229 1330/1330/1228
f 1325/1325/1223 266/266/258 265/265/257
f 1327/1327/1225 266/266/258 1325/1325/1223
f 267/267/259 266/266/258 1327/1327/1225
f 1327/1327/1225 1330/1330/1228 267/267/259
f 267/267/259 1330/1330/1228 268/268/260
f 268/268/260 1330/1330/1228 1331/1331/1229
f 1331/1331/1229 1332/1332/1230 268/268/260
f 269/269/261 268/268/260 1332/1332/1230
f 1332/1332/1230 275/275/267 269/269/261
f 270/270/262 269/269/261 275/275/267
f 1332/1332/1230 1331/1331/1229 1333/1333/1231
f 1333/1333/1231 1334/1334/1232 1332/1332/1230
f 275/275/267 1332/1332/1230 1334/1334/1232
f 1334/1334/1232 1335/1335/1233 275/275/267
f 276/276/268 275/275/267 1335/1335/1233
f 1335/1335/1233 1336/1336/1234 276/276/268
f 277/277/269 276/276/268 1336/1336/1234
f 1336/1336/1234 716/716/691 277/277/269
f 281/281/273 277/277/269 716/716/691
f 716/716/691 710/710/685 281/281/273
f 708/708/683 709/709/684 1337/1337/1235
f 712/712/687 1337/1337/1235 709/709/684
f 1337/1337/1235 712/712/687 1338/1338/1236
f 716/716/691 1338/1338/1236 712/712/687
f 1338/1338/1236 716/716/691 1336/1336/1234
f 1336/1336/1234 1339/1339/1237 1338/1338/1236
f 1339/1339/1237 1336/1336/1234 1335/1335/1233
f 1338/1338/1236 1339/1339/1237 1340/1340/1238
f 1340/1340/1238 1341/1341/1239 1338/1338/1236
f 1338/1338/1236 1341/1341/1239 1337/1337/1235
f 1342/1342/1240 1337/1337/1235 1341/1341/1239
f 1337/1337/1235 1342/1342/1240 708/708/683
f 708/708/683 1342/1342/1240 704/704/679
f 704/704/679 703/703/678 708/708/683
f 1343/1343/1241 1341/1341/1239 1340/1340/1238
f 1341/1341/1239 1343/1343/1241 1342/1342/1240
f 1342/1342/1240 1343/1343/1241 702/702/677
f 702/702/677 704/704/679 1342/1342/1240
f 700/700/675 704/704/679 702/702/677
f 701/701/676 702/702/677 1344/1344/1242
f 1344/1344/1242 702/702/677 1343/1343/1241
f 1343/1343/1241 1345/1345/1243 1344/1344/1242
f 1340/1340/1238 1345/1345/1243 1343/1343/1241
f 1346/1346/1244 1345/1345/1243 1340/1340/1238
f 1340/1340/1238 1339/1339/1237 1346/1346/1244
f 1346/1346/1244 1339/1339/1237 1347/1347/1245
f 1335/1335/1233 1347/1347/1245 1339/1339/1237
f 1347/1347/1245 1335/1335/1233 1348/1348/1246
f 1348/1348/1246 1349/1349/1247 1347/1347/1245
f 1350/1350/1248 1351/1351/1249 1346/1346/1244
f 1345/1345/1243 1346/1346/1244 1351/1351/1249
f 1351/1351/1249 1344/1344/1242 1345/1345/1243
f 1352/1352/1250 1344/1344/1242 1351/1351/1249
f 1344/1344/1242 1352/1352/1250 701/701/676
f 699/699/674 701/701/676 1352/1352/1250
f 694/694/669 1353/1353/1251 1354/1354/1252
f 693/693/668 1353/1353/1251 694/694/669
f 699/699/674 1353/1353/1251 693/693/668
f 1353/1353/1251 699/699/674 1355/1355/1253
f 1352/1352/1250 1355/1355/1253 699/699/674
f 1355/1355/1253 1352/1352/1250 1356/1356/1254
f 1351/1351/1249 1356/1356/1254 1352/1352/1250
f 1356/1356/1254 1351/1351/1249 1357/1357/1205
f 1358/1358/1255 1357/1357/1205 1351/1351/1249
f 1351/1351/1249 1350/1350/1248 1358/1358/1255
f 1355/1355/1253 1354/1354/1252 1353/1353/1251
f 1356/1356/1254 1359/1359/1256 1355/1355/1253
f 1354/1354/1252 1355/1355/1253 1359/1359/1256
f 1359/1359/1256 1360/1360/1257 1354/1354/1252
f 1361/1361/1258 1354/1354/1252 1360/1360/1257
f 1360/1360/1257 1362/1362/1259 1361/1361/1258
f 1361/1361/1258 1362/1362/1259 1363/1363/1260
f 1363/1363/1260 1362/1362/1259 1364/1364/1261
f 1364/1364/1261 1365/1365/1262 1363/1363/1260
f 1365/1365/1262 1364/1364/1261 1366/1366/1263
f 1366/1366/1263 1367/1367/1264 1365/1365/1262
f 1366/1366/1263 1360/1360/1257 1368/1368/1265
f 1362/1362/1259 1360/1360/1257 1366/1366/1263
f 1366/1366/1263 1364/1364/1261 1362/1362/1259
f 1369/1369/1266 1370/1370/1267 1367/1367/1264
f 1367/1367/1264 1370/1370/1267 1371/1371/1268
f 1371/1371/1268 1365/1365/1262 1367/1367/1264
f 1365/1365/1262 1371/1371/1268 1372/1372/1269
f 1372/1372/1269 1363/1363/1260 1365/1365/1262
f 1373/1373/1270 1363/1363/1260 1372/1372/1269
f 1363/1363/1260 1373/1373/1270 1361/1361/1258
f 1354/1354/1252 1361/1361/1258 1374/1374/1271
f 1374/1374/1271 1361/1361/1258 1373/1373/1270
f 1373/1373/1270 1375/1375/1272 1374/1374/1271
f 1376/1376/1273 1372/1372/1269 1377/1377/1274
f 1372/1372/1269 1376/1376/1273 1373/1373/1270
f 1373/1373/1270 1376/1376/1273 1378/1378/1275
f 1378/1378/1275 1375/1375/1272 1373/1373/1270
f 1379/1379/1276 1375/1375/1272 1378/1378/1275
f 1374/1374/1271 1375/1375/1272 1379/1379/1276
f 1379/1379/1276 1380/1380/1277 1374/1374/1271
f 1381/1381/1278 1374/1374/1271 1380/1380/1277
f 1374/1374/1271 1381/1381/1278 1354/1354/1252
f 1354/1354/1252 1381/1381/1278 694/694/669
f 1377/1377/1274 1382/1382/1279 1376/1376/1273
f 1376/1376/1273 1382/1382/1279 1383/1383/1280
f 1383/1383/1280 1378/1378/1275 1376/1376/1273
f 1378/1378/1275 1383/1383/1280 1384/1384/1281
f 1384/1384/1281 1385/1385/1282 1378/1378/1275
f 1378/1378/1275 1385/1385/1282 1379/1379/1276
f 1380/1380/1277 1379/1379/1276 1386/1386/1283
f 1387/1387/1284 1386/1386/1283 1379/1379/1276
f 1379/1379/1276 1385/1385/1282 1387/1387/1284
f 1388/1388/1285 1387/1387/1284 1385/1385/1282
f 1385/1385/1282 1384/1384/1281 1388/1388/1285
f 1388/1388/1285 1384/1384/1281 1389/1389/1286
f 1390/1390/1287 1389/1389/1286 1384/1384/1281
f 1391/1391/1288 1389/1389/1286 1390/1390/1287
f 1390/1390/1287 1392/1392/1289 1391/1391/1288
f 1391/1391/1288 1392/1392/1289 1393/1393/1290
f 1394/1394/1291 1395/1395/1292 1393/1393/1290
f 1396/1396/1293 1393/1393/1290 1395/1395/1292
f 1393/1393/1290 1396/1396/1293 1391/1391/1288
f 1397/1397/1294 1391/1391/1288 1396/1396/1293
f 1389/1389/1286 1391/1391/1288 1397/1397/1294
f 1397/1397/1294 1398/1398/1295 1389/1389/1286
f 1389/1389/1286 1398/1398/1295 1388/1388/1285
f 1399/1399/1296 1388/1388/1285 1398/1398/1295
f 1387/1387/1284 1388/1388/1285 1399/1399/1296
f 1399/1399/1296 1400/1400/1297 1387/1387/1284
f 1386/1386/1283 1387/1387/1284 1400/1400/1297
f 1400/1400/1297 1401/1401/1298 1386/1386/1283
f 1396/1396/1293 1402/1402/1299 1397/1397/1294
f 1402/1402/1299 1396/1396/1293 1403/1403/1300
f 1395/1395/1292 1403/1403/1300 1396/1396/1293
f 1404/1404/1301 1403/1403/1300 1395/1395/1292
f 1395/1395/1292 1405/1405/1302 1404/1404/1301
f 1404/1404/1301 1405/1405/1302 1406/1406/1164
f 1407/1407/1008 1406/1406/1164 1405/1405/1302
f 1403/1403/1300 1408/1408/1303 1402/1402/1299
f 1406/1406/1164 1409/1409/1165 1404/1404/1301
f 1404/1404/1301 1409/1409/1165 1410/1410/1166
f 1410/1410/1166 1403/1403/1300 1404/1404/1301
f 1403/1403/1300 1410/1410/1166 1411/1411/1168
f 1411/1411/1168 1408/1408/1303 1403/1403/1300
f 1412/1412/1304 1408/1408/1303 1411/1411/1168
f 1408/1408/1303 1412/1412/1304 1413/1413/1305
f 1413/1413/1305 1402/1402/1299 1408/1408/1303
f 1402/1402/1299 1413/1413/1305 1414/1414/1306
f 1414/1414/1306 1397/1397/1294 1402/1402/1299
f 1398/1398/1295 1397/1397/1294 1414/1414/1306
f 1414/1414/1306 1415/1415/1307 1398/1398/1295
f 1398/1398/1295 1415/1415/1307 1399/1399/1296
f 1411/1411/1168 1416/1416/1174 1412/1412/1304
f 1417/1417/1308 1400/1400/1297 1399/1399/1296
f 1399/1399/1296 1418/1418/1309 1417/1417/1308
f 1418/1418/1309 1399/1399/1296 1415/1415/1307
f 1415/1415/1307 1419/1419/1310 1418/1418/1309
f 1419/1419/1310 1415/1415/1307 1414/1414/1306
f 1414/1414/1306 1420/1420/1311 1419/1419/1310
f 1420/1420/1311 1414/1414/1306 1413/1413/1305
f 1413/1413/1305 1421/1421/1312 1420/1420/1311
f 1421/1421/1312 1413/1413/1305 1412/1412/1304
f 1412/1412/1304 1422/1422/1313 1421/1421/1312
f 1422/1422/1313 1412/1412/1304 1416/1416/1174
f 1416/1416/1174 1423/1423/1176 1422/1422/1313
f 1422/1422/1313 1423/1423/1176 1424/1424/1175
f 1424/1424/1175 1425/1425/1314 1422/1422/1313
f 1422/1422/1313 1425/1425/1314 1426/1426/776
f 1426/1426/776 1421/1421/1312 1422/1422/1313
f 1421/1421/1312 1426/1426/776 1427/1427/1315
f 1427/1427/1315 1420/1420/1311 1421/1421/1312
f 1419/1419/1310 1420/1420/1311 1427/1427/1315
f 1427/1427/1315 1428/1428/1316 1419/1419/1310
f 1419/1419/1310 1428/1428/1316 1429/1429/1317
f 1429/1429/1317 1418/1418/1309 1419/1419/1310
f 1417/1417/1308 1418/1418/1309 1429/1429/1317
f 1429/1429/1317 1430/1430/1318 1417/1417/1308
f 1417/1417/1308 1430/1430/1318 1431/1431/1319
f 1431/1431/1319 1432/1432/1320 1417/1417/1308
f 1432/1432/1320 1431/1431/1319 1433/1433/1321
f 1432/1432/1320 1433/1433/1321 764/764/738
f 764/764/738 1433/1433/1321 409/409/401
f 409/409/401 765/765/739 764/764/738
f 687/687/662 694/694/669 1381/1381/1278
f 1381/1381/1278 762/762/736 687/687/662
f 1380/1380/1277 762/762/736 1381/1381/1278
f 762/762/736 1380/1380/1277 760/760/734
f 1386/1386/1283 760/760/734 1380/1380/1277
f 764/764/738 760/760/734 1386/1386/1283
f 1386/1386/1283 1401/1401/1298 764/764/738
f 764/764/738 1401/1401/1298 1432/1432/1320
f 1432/1432/1320 1401/1401/1298 1400/1400/1297
f 1400/1400/1297 1417/1417/1308 1432/1432/1320
f 1434/1434/1322 1435/1435/1323 1436/1436/1324
f 1437/1437/1325 1436/1436/1324 1435/1435/1323
f 1435/1435/1323 1438/1438/1326 1437/1437/1325
f 1437/1437/1325 1438/1438/1326 1439/1439/1327
f 1439/1439/1327 1440/1440/1328 1437/1437/1325
f 1440/1440/1328 1439/1439/1327 1441/1441/1329
f 1441/1441/1329 1442/1442/1330 1440/1440/1328
f 1442/1442/1330 1441/1441/1329 1443/1443/1331
f 1443/1443/1331 1444/1444/1332 1442/1442/1330
f 1444/1444/1332 1443/1443/1331 1445/1445/1333
f 1445/1445/1333 1446/1446/1334 1444/1444/1332
f 1446/1446/1334 1445/1445/1333 1447/1447/1335
f 1448/1448/1336 1440/1440/1328 1442/1442/1330
f 1447/1447/1335 1449/1449/1337 1450/1450/1338
f 1450/1450/1338 1451/1451/1339 1447/1447/1335
f 1447/1447/1335 1451/1451/1339 1446/1446/1334
f 1446/1446/1334 1451/1451/1339 1452/1452/1340
f 1452/1452/1340 1444/1444/1332 1446/1446/1334
f 1453/1453/1341 1444/1444/1332 1452/1452/1340
f 1442/1442/1330 1444/1444/1332 1453/1453/1341
f 1453/1453/1341 1454/1454/1342 1442/1442/1330
f 1442/1442/1330 1454/1454/1342 1448/1448/1336
f 1455/1455/1343 1448/1448/1336 1454/1454/1342
f 1452/1452/1340 1451/1451/1339 1450/1450/1338
f 1450/1450/1338 1456/1456/1344 1452/1452/1340
f 1452/1452/1340 1457/1457/1345 1453/1453/1341
f 1458/1458/1346 1457/1457/1345 1452/1452/1340
f 1452/1452/1340 1456/1456/1344 1458/1458/1346
f 1458/1458/1346 1456/1456/1344 1459/1459/1347
f 1459/1459/1347 1460/1460/1348 1458/1458/1346
f 1454/1454/1342 1461/1461/1349 1455/1455/1343
f 1461/1461/1349 1454/1454/1342 1453/1453/1341
f 1453/1453/1341 1462/1462/1350 1461/1461/1349
f 1462/1462/1350 1453/1453/1341 1457/1457/1345
f 1457/1457/1345 1463/1463/1148 1462/1462/1350
f 1464/1464/1149 1463/1463/1148 1457/1457/1345
f 1457/1457/1345 1458/1458/1346 1464/1464/1149
f 1465/1465/1152 1464/1464/1149 1458/1458/1346
f 1458/1458/1346 1460/1460/1348 1465/1465/1152
f 1466/1466/1138 1465/1465/1152 1460/1460/1348
f 1460/1460/1348 1467/1467/1135 1466/1466/1138
f 1467/1467/1135 1460/1460/1348 1459/1459/1347
f 1459/1459/1347 1468/1468/1351 1467/1467/1135
f 1467/1467/1135 1468/1468/1351 1469/1469/1352
f 1470/1470/1353 1471/1471/1354 1469/1469/1352
f 1469/1469/1352 1472/1472/1355 1470/1470/1353
f 1473/1473/1356 1472/1472/1355 1469/1469/1352
f 1469/1469/1352 1468/1468/1351 1473/1473/1356
f 1474/1474/1357 1473/1473/1356 1468/1468/1351
f 1468/1468/1351 1459/1459/1347 1474/1474/1357
f 1475/1475/1358 1474/1474/1357 1459/1459/1347
f 1459/1459/1347 1456/1456/1344 1475/1475/1358
f 1449/1449/1337 1475/1475/1358 1456/1456/1344
f 1456/1456/1344 1450/1450/1338 1449/1449/1337
f 1469/1469/1352 1476/1476/1359 1467/1467/1135
f 1477/1477/1130 1476/1476/1359 1469/1469/1352
f 1469/1469/1352 1471/1471/1354 1477/1477/1130
f 1478/1478/1131 1477/1477/1130 1471/1471/1354
f 1471/1471/1354 1479/1479/776 1478/1478/1131
f 1478/1478/1131 1479/1479/776 1480/1480/1360
f 1481/1481/1361 1480/1480/1360 1479/1479/776
f 1479/1479/776 1482/1482/1362 1481/1481/1361
f 1482/1482/1362 1479/1479/776 1471/1471/1354
f 1471/1471/1354 1470/1470/1353 1482/1482/1362
f 1480/1480/1360 1483/1483/994 1478/1478/1131
f 1484/1484/1363 1485/1485/1364 1394/1394/1291
f 1486/1486/1365 1484/1484/1363 1487/1487/1366
f 1394/1394/1291 1487/1487/1366 1484/1484/1363
f 1487/1487/1366 1394/1394/1291 1488/1488/1367
f 1393/1393/1290 1488/1488/1367 1394/1394/1291
f 1489/1489/1148 1490/1490/1147 1491/1491/1368
f 1486/1486/1365 1491/1491/1368 1490/1490/1147
f 1490/1490/1147 1492/1492/1158 1486/1486/1365
f 1484/1484/1363 1486/1486/1365 1492/1492/1158
f 1492/1492/1158 1493/1493/1369 1484/1484/1363
f 1484/1484/1363 1493/1493/1369 1407/1407/1008
f 1407/1407/1008 1485/1485/1364 1484/1484/1363
f 1405/1405/1302 1485/1485/1364 1407/1407/1008
f 1394/1394/1291 1485/1485/1364 1405/1405/1302
f 1405/1405/1302 1395/1395/1292 1394/1394/1291
f 1393/1393/1290 1392/1392/1289 1494/1494/1370
f 1494/1494/1370 1488/1488/1367 1393/1393/1290
f 1495/1495/1371 1488/1488/1367 1494/1494/1370
f 1488/1488/1367 1495/1495/1371 1487/1487/1366
f 1496/1496/1372 1487/1487/1366 1495/1495/1371
f 1487/1487/1366 1496/1496/1372 1486/1486/1365
f 1486/1486/1365 1496/1496/1372 1497/1497/1373
f 1497/1497/1373 1491/1491/1368 1486/1486/1365
f 1498/1498/1350 1491/1491/1368 1497/1497/1373
f 1491/1491/1368 1498/1498/1350 1489/1489/1148
f 1494/1494/1370 1499/1499/1374 1495/1495/1371
f 1392/1392/1289 1390/1390/1287 1500/1500/1375
f 1500/1500/1375 1494/1494/1370 1392/1392/1289
f 1494/1494/1370 1500/1500/1375 1501/1501/1376
f 1501/1501/1376 1499/1499/1374 1494/1494/1370
f 1502/1502/1377 1499/1499/1374 1501/1501/1376
f 1499/1499/1374 1502/1502/1377 1503/1503/1378
f 1503/1503/1378 1495/1495/1371 1499/1499/1374
f 1495/1495/1371 1503/1503/1378 1496/1496/1372
f 1497/1497/1373 1496/1496/1372 1503/1503/1378
f 1501/1501/1376 1504/1504/1379 1502/1502/1377
f 1384/1384/1281 1383/1383/1280 1390/1390/1287
f 1500/1500/1375 1390/1390/1287 1383/1383/1280
f 1383/1383/1280 1382/1382/1279 1500/1500/1375
f 1501/1501/1376 1500/1500/1375 1382/1382/1279
f 1382/1382/1279 1377/1377/1274 1501/1501/1376
f 1501/1501/1376 1377/1377/1274 1505/1505/1380
f 1505/1505/1380 1504/1504/1379 1501/1501/1376
f 1506/1506/1381 1504/1504/1379 1505/1505/1380
f 1506/1506/1381 1507/1507/1382 1504/1504/1379
f 1508/1508/1383 1504/1504/1379 1507/1507/1382
f 1508/1508/1383 1509/1509/1384 1510/1510/1336
f 1509/1509/1384 1508/1508/1383 1511/1511/1385
f 1507/1507/1382 1511/1511/1385 1508/1508/1383
f 1511/1511/1385 1507/1507/1382 1369/1369/1266
f 1369/1369/1266 1507/1507/1382 1506/1506/1381
f 1506/1506/1381 1370/1370/1267 1369/1369/1266
f 1370/1370/1267 1506/1506/1381 1505/1505/1380
f 1505/1505/1380 1371/1371/1268 1370/1370/1267
f 1371/1371/1268 1505/1505/1380 1377/1377/1274
f 1377/1377/1274 1372/1372/1269 1371/1371/1268
f 1510/1510/1336 1512/1512/1343 1508/1508/1383
f 1502/1502/1377 1504/1504/1379 1508/1508/1383
f 1508/1508/1383 1512/1512/1343 1502/1502/1377
f 1503/1503/1378 1502/1502/1377 1512/1512/1343
f 1512/1512/1343 1513/1513/1386 1503/1503/1378
f 1503/1503/1378 1513/1513/1386 1497/1497/1373
f 1497/1497/1373 1513/1513/1386 1512/1512/1343
f 1512/1512/1343 1514/1514/1349 1497/1497/1373
f 1497/1497/1373 1514/1514/1349 1498/1498/1350
f 1437/1437/1325 1440/1440/1328 1448/1448/1336
f 1448/1448/1336 1515/1515/1387 1437/1437/1325
f 1437/1437/1325 1515/1515/1387 1516/1516/1388
f 1516/1516/1388 1436/1436/1324 1437/1437/1325
f 1436/1436/1324 1516/1516/1388 1517/1517/1389
f 1517/1517/1389 1518/1518/1390 1436/1436/1324
f 1519/1519/1391 1518/1518/1390 1517/1517/1389
f 1518/1518/1390 1519/1519/1391 1520/1520/1392
f 1520/1520/1392 1434/1434/1322 1518/1518/1390
f 1436/1436/1324 1518/1518/1390 1434/1434/1322
f 1517/1517/1389 1521/1521/994 1519/1519/1391
f 1522/1522/1393 1523/1523/1394 1524/1524/1395
f 1525/1525/1396 1524/1524/1395 1523/1523/1394
f 1526/1526/1397 1527/1527/1398 1528/1528/1209
f 1527/1527/1398 1526/1526/1397 1523/1523/1394
f 1523/1523/1394 1522/1522/1393 1527/1527/1398
f 1529/1529/805 1527/1527/1398 1522/1522/1393
f 1522/1522/1393 1530/1530/1399 1529/1529/805
f 1530/1530/1399 1522/1522/1393 1531/1531/1400
f 1524/1524/1395 1531/1531/1400 1522/1522/1393
f 1531/1531/1400 1524/1524/1395 1532/1532/1401
f 1532/1532/1401 1524/1524/1395 1525/1525/1396
f 1525/1525/1396 1533/1533/1402 1532/1532/1401
f 1525/1525/1396 1534/1534/1403 1535/1535/1404
f 1535/1535/1404 1533/1533/1402 1525/1525/1396
f 1533/1533/1402 1535/1535/1404 1536/1536/1405
f 1536/1536/1405 1537/1537/1406 1533/1533/1402
f 1533/1533/1402 1537/1537/1406 1538/1538/1407
f 1538/1538/1407 1532/1532/1401 1533/1533/1402
f 1539/1539/1408 1532/1532/1401 1538/1538/1407
f 1532/1532/1401 1539/1539/1408 1531/1531/1400
f 1540/1540/1409 1531/1531/1400 1539/1539/1408
f 1531/1531/1400 1540/1540/1409 1530/1530/1399
f 1535/1535/1404 1541/1541/1410 1542/1542/1132
f 1542/1542/1132 1536/1536/1405 1535/1535/1404
f 1536/1536/1405 1542/1542/1132 1543/1543/994
f 1543/1543/994 1544/1544/1389 1536/1536/1405
f 1536/1536/1405 1544/1544/1389 1545/1545/1388
f 1545/1545/1388 1537/1537/1406 1536/1536/1405
f 1537/1537/1406 1545/1545/1388 1546/1546/1387
f 1546/1546/1387 1538/1538/1407 1537/1537/1406
f 1538/1538/1407 1546/1546/1387 1510/1510/1336
f 1510/1510/1336 1509/1509/1384 1538/1538/1407
f 1368/1368/1265 1367/1367/1264 1366/1366/1263
f 1367/1367/1264 1368/1368/1265 1369/1369/1266
f 1540/1540/1409 1369/1369/1266 1368/1368/1265
f 1369/1369/1266 1540/1540/1409 1511/1511/1385
f 1539/1539/1408 1511/1511/1385 1540/1540/1409
f 1511/1511/1385 1539/1539/1408 1509/1509/1384
f 1538/1538/1407 1509/1509/1384 1539/1539/1408
f 1368/1368/1265 1530/1530/1399 1540/1540/1409
f 1529/1529/805 1530/1530/1399 1368/1368/1265
f 1368/1368/1265 1360/1360/1257 1529/1529/805
f 1547/1547/1411 1529/1529/805 1360/1360/1257
f 1360/1360/1257 1359/1359/1256 1547/1547/1411
f 1548/1548/1412 1547/1547/1411 1359/1359/1256
f 1359/1359/1256 1356/1356/1254 1548/1548/1412
f 1357/1357/1205 1548/1548/1412 1356/1356/1254
f 1549/1549/1413 1550/1550/1414 1551/1551/1415
f 1552/1552/1416 1551/1551/1415 1550/1550/1414
f 1550/1550/1414 1553/1553/1417 1552/1552/1416
f 1551/1551/1415 1552/1552/1416 1554/1554/1418
f 1552/1552/1416 1555/1555/1419 1554/1554/1418
f 1553/1553/1417 1555/1555/1419 1552/1552/1416
f 1556/1556/1420 1555/1555/1419 1553/1553/1417
f 1557/1557/1421 1556/1556/1420 1553/1553/1417
f 1553/1553/1417 1550/1550/1414 1557/1557/1421
f 1558/1558/1422 1557/1557/1421 1550/1550/1414
f 1550/1550/1414 1549/1549/1413 1558/1558/1422
f 1559/1559/1423 1558/1558/1422 1549/1549/1413
f 1554/1554/1418 1555/1555/1419 1560/1560/1424
f 1561/1561/1425 1554/1554/1418 1560/1560/1424
f 1554/1554/1418 1561/1561/1425 1551/1551/1415
f 1562/1562/1426 1551/1551/1415 1561/1561/1425
f 1551/1551/1415 1562/1562/1426 1549/1549/1413
f 1563/1563/1427 1549/1549/1413 1562/1562/1426
f 1549/1549/1413 1563/1563/1427 1559/1559/1423
f 1564/1564/1428 1559/1559/1423 1563/1563/1427
f 1563/1563/1427 1565/1565/1429 1564/1564/1428
f 1565/1565/1429 1563/1563/1427 1566/1566/1430
f 1567/1567/1431 1568/1568/1432 1569/1569/1433
f 1569/1569/1433 1560/1560/1424 1567/1567/1431
f 1560/1560/1424 1569/1569/1433 1561/1561/1425
f 1570/1570/1434 1561/1561/1425 1569/1569/1433
f 1561/1561/1425 1570/1570/1434 1562/1562/1426
f 1566/1566/1430 1562/1562/1426 1570/1570/1434
f 1562/1562/1426 1566/1566/1430 1563/1563/1427
f 1569/1569/1433 1571/1571/1435 1570/1570/1434
f 1572/1572/1436 1570/1570/1434 1571/1571/1435
f 1570/1570/1434 1572/1572/1436 1566/1566/1430
f 1571/1571/1435 1573/1573/1437 1572/1572/1436
f 1566/1566/1430 1574/1574/1438 1565/1565/1429
f 1574/1574/1438 1566/1566/1430 1572/1572/1436
f 1572/1572/1436 1575/1575/1439 1574/1574/1438
f 1575/1575/1439 1572/1572/1436 1573/1573/1437
f 1573/1573/1437 1576/1576/1440 1575/1575/1439
f 1576/1576/1440 1573/1573/1437 1577/1577/1441
f 1578/1578/1442 1577/1577/1441 1573/1573/1437
f 1573/1573/1437 1571/1571/1435 1578/1578/1442
f 1568/1568/1432 1578/1578/1442 1571/1571/1435
f 1571/1571/1435 1569/1569/1433 1568/1568/1432
f 1577/1577/1441 1579/1579/1443 1576/1576/1440
f 1579/1579/1443 1577/1577/1441 1580/1580/1444
f 1581/1581/1445 1580/1580/1444 1577/1577/1441
f 1577/1577/1441 1578/1578/1442 1581/1581/1445
f 1582/1582/1421 1581/1581/1445 1578/1578/1442
f 1578/1578/1442 1568/1568/1432 1582/1582/1421
f 1583/1583/1446 1582/1582/1421 1568/1568/1432
f 1568/1568/1432 1567/1567/1431 1583/1583/1446
f 1567/1567/1431 1555/1555/1419 1583/1583/1446
f 1560/1560/1424 1555/1555/1419 1567/1567/1431
f 1580/1580/1444 1584/1584/1447 1579/1579/1443
f 1585/1585/1448 1586/1586/1449 1587/1587/1450
f 1588/1588/1451 1587/1587/1450 1586/1586/1449
f 1586/1586/1449 1589/1589/1452 1588/1588/1451
f 1590/1590/1453 1591/1591/1454 1585/1585/1448
f 1586/1586/1449 1585/1585/1448 1591/1591/1454
f 1591/1591/1454 1592/1592/1455 1586/1586/1449
f 1589/1589/1452 1586/1586/1449 1592/1592/1455
f 1592/1592/1455 1593/1593/1456 1589/1589/1452
f 1593/1593/1456 1594/1594/1457 1589/1589/1452
f 1589/1589/1452 1594/1594/1457 1588/1588/1451
f 1588/1588/1451 1594/1594/1457 1595/1595/1458
f 1587/1587/1450 1588/1588/1451 1595/1595/1458
f 1595/1595/1458 1596/1596/1459 1587/1587/1450
f 1597/1597/1460 1587/1587/1450 1596/1596/1459
f 1587/1587/1450 1597/1597/1460 1585/1585/1448
f 1598/1598/1461 1585/1585/1448 1597/1597/1460
f 1595/1595/1458 1594/1594/1457 1599/1599/1462
f 1596/1596/1459 1595/1595/1458 1599/1599/1462
f 1600/1600/1463 1599/1599/1462 1601/1601/1464
f 1599/1599/1462 1600/1600/1463 1596/1596/1459
f 1602/1602/1465 1596/1596/1459 1600/1600/1463
f 1596/1596/1459 1602/1602/1465 1597/1597/1460
f 1603/1603/1466 1597/1597/1460 1602/1602/1465
f 1597/1597/1460 1603/1603/1466 1598/1598/1461
f 1604/1604/1467 1598/1598/1461 1603/1603/1466
f 1598/1598/1461 1604/1604/1467 1605/1605/1468
f 1605/1605/1468 1590/1590/1453 1598/1598/1461
f 1585/1585/1448 1598/1598/1461 1590/1590/1453
f 1600/1600/1463 1606/1606/1469 1602/1602/1465
f 1607/1607/1470 1602/1602/1465 1606/1606/1469
f 1602/1602/1465 1607/1607/1470 1603/1603/1466
f 1606/1606/1469 1608/1608/1471 1607/1607/1470
f 1603/1603/1466 1609/1609/1472 1604/1604/1467
f 1609/1609/1472 1603/1603/1466 1607/1607/1470
f 1607/1607/1470 1610/1610/1473 1609/1609/1472
f 1610/1610/1473 1607/1607/1470 1608/1608/1471
f 1608/1608/1471 1611/1611/1474 1610/1610/1473
f 1611/1611/1474 1608/1608/1471 1612/1612/1475
f 1613/1613/1476 1612/1612/1475 1608/1608/1471
f 1608/1608/1471 1606/1606/1469 1613/1613/1476
f 1614/1614/1477 1613/1613/1476 1606/1606/1469
f 1606/1606/1469 1600/1600/1463 1614/1614/1477
f 1601/1601/1464 1614/1614/1477 1600/1600/1463
f 1612/1612/1475 1615/1615/1478 1611/1611/1474
f 1616/1616/1479 1617/1617/1468 1615/1615/1478
f 1615/1615/1478 1612/1612/1475 1616/1616/1479
f 1618/1618/1480 1616/1616/1479 1612/1612/1475
f 1612/1612/1475 1613/1613/1476 1618/1618/1480
f 1619/1619/1481 1618/1618/1480 1613/1613/1476
f 1613/1613/1476 1614/1614/1477 1619/1619/1481
f 1620/1620/1482 1619/1619/1481 1614/1614/1477
f 1614/1614/1477 1601/1601/1464 1620/1620/1482
f 1601/1601/1464 1594/1594/1457 1620/1620/1482
f 1599/1599/1462 1594/1594/1457 1601/1601/1464
f 1621/1621/1483 1622/1622/1484 1623/1623/1485
f 1624/1624/1486 1623/1623/1485 1622/1622/1484
f 1622/1622/1484 1625/1625/1487 1624/1624/1486
f 1626/1626/1488 1627/1627/1489 1621/1621/1483
f 1622/1622/1484 1621/1621/1483 1627/1627/1489
f 1627/1627/1489 1628/1628/1490 1622/1622/1484
f 1625/1625/1487 1622/1622/1484 1628/1628/1490
f 1628/1628/1490 1629/1629/1491 1625/1625/1487
f 1629/1629/1491 1630/1630/1492 1625/1625/1487
f 1625/1625/1487 1630/1630/1492 1624/1624/1486
f 1624/1624/1486 1630/1630/1492 1631/1631/1493
f 1623/1623/1485 1624/1624/1486 1631/1631/1493
f 1631/1631/1493 1632/1632/1494 1623/1623/1485
f 1633/1633/1495 1623/1623/1485 1632/1632/1494
f 1623/1623/1485 1633/1633/1495 1621/1621/1483
f 1634/1634/1496 1621/1621/1483 1633/1633/1495
f 1631/1631/1493 1630/1630/1492 1635/1635/1497
f 1632/1632/1494 1631/1631/1493 1635/1635/1497
f 1636/1636/1498 1635/1635/1497 1637/1637/1499
f 1635/1635/1497 1636/1636/1498 1632/1632/1494
f 1638/1638/1500 1632/1632/1494 1636/1636/1498
f 1632/1632/1494 1638/1638/1500 1633/1633/1495
f 1639/1639/1501 1633/1633/1495 1638/1638/1500
f 1633/1633/1495 1639/1639/1501 1634/1634/1496
f 1640/1640/1502 1634/1634/1496 1639/1639/1501
f 1634/1634/1496 1640/1640/1502 1641/1641/1503
f 1641/1641/1503 1626/1626/1488 1634/1634/1496
f 1621/1621/1483 1634/1634/1496 1626/1626/1488
f 1636/1636/1498 1642/1642/1504 1638/1638/1500
f 1643/1643/1505 1638/1638/1500 1642/1642/1504
f 1638/1638/1500 1643/1643/1505 1639/1639/1501
f 1642/1642/1504 1644/1644/1506 1643/1643/1505
f 1639/1639/1501 1645/1645/1507 1640/1640/1502
f 1645/1645/1507 1639/1639/1501 1643/1643/1505
f 1643/1643/1505 1646/1646/1508 1645/1645/1507
f 1646/1646/1508 1643/1643/1505 1644/1644/1506
f 1644/1644/1506 1647/1647/1509 1646/1646/1508
f 1647/1647/1509 1644/1644/1506 1648/1648/1510
f 1649/1649/1511 1648/1648/1510 1644/1644/1506
f 1644/1644/1506 1642/1642/1504 1649/1649/1511
f 1650/1650/1512 1649/1649/1511 1642/1642/1504
f 1642/1642/1504 1636/1636/1498 1650/1650/1512
f 1637/1637/1499 1650/1650/1512 1636/1636/1498
f 1648/1648/1510 1651/1651/1513 1647/1647/1509
f 1652/1652/1514 1653/1653/1515 1651/1651/1513
f 1651/1651/1513 1648/1648/1510 1652/1652/1514
f 1654/1654/1516 1652/1652/1514 1648/1648/1510
f 1648/1648/1510 1649/1649/1511 1654/1654/1516
f 1655/1655/1490 1654/1654/1516 1649/1649/1511
f 1649/1649/1511 1650/1650/1512 1655/1655/1490
f 1656/1656/1517 1655/1655/1490 1650/1650/1512
f 1650/1650/1512 1637/1637/1499 1656/1656/1517
f 1637/1637/1499 1630/1630/1492 1656/1656/1517
f 1635/1635/1497 1630/1630/1492 1637/1637/1499
f 1657/1657/1518 1658/1658/1519 1659/1659/1520
f 1660/1660/1521 1659/1659/1520 1658/1658/1519
f 1658/1658/1519 1661/1661/1522 1660/1660/1521
f 1662/1662/1523 1663/1663/1524 1657/1657/1518
f 1658/1658/1519 1657/1657/1518 1663/1663/1524
f 1663/1663/1524 1664/1664/1525 1658/1658/1519
f 1661/1661/1522 1658/1658/1519 1664/1664/1525
f 1664/1664/1525 1665/1665/1526 1661/1661/1522
f 1665/1665/1526 1666/1666/1527 1661/1661/1522
f 1661/1661/1522 1666/1666/1527 1660/1660/1521
f 1660/1660/1521 1666/1666/1527 1667/1667/1528
f 1659/1659/1520 1660/1660/1521 1667/1667/1528
f 1667/1667/1528 1668/1668/1529 1659/1659/1520
f 1669/1669/1530 1659/1659/1520 1668/1668/1529
f 1659/1659/1520 1669/1669/1530 1657/1657/1518
f 1670/1670/1531 1657/1657/1518 1669/1669/1530
f 1667/1667/1528 1666/1666/1527 1671/1671/1532
f 1668/1668/1529 1667/1667/1528 1671/1671/1532
f 1672/1672/1533 1671/1671/1532 1673/1673/1534
f 1671/1671/1532 1672/1672/1533 1668/1668/1529
f 1674/1674/1535 1668/1668/1529 1672/1672/1533
f 1668/1668/1529 1674/1674/1535 1669/1669/1530
f 1675/1675/1536 1669/1669/1530 1674/1674/1535
f 1669/1669/1530 1675/1675/1536 1670/1670/1531
f 1676/1676/1537 1670/1670/1531 1675/1675/1536
f 1670/1670/1531 1676/1676/1537 1677/1677/1538
f 1677/1677/1538 1662/1662/1523 1670/1670/1531
f 1657/1657/1518 1670/1670/1531 1662/1662/1523
f 1672/1672/1533 1678/1678/1539 1674/1674/1535
f 1679/1679/1540 1674/1674/1535 1678/1678/1539
f 1674/1674/1535 1679/1679/1540 1675/1675/1536
f 1678/1678/1539 1680/1680/1541 1679/1679/1540
f 1675/1675/1536 1681/1681/1542 1676/1676/1537
f 1681/1681/1542 1675/1675/1536 1679/1679/1540
f 1679/1679/1540 1682/1682/1543 1681/1681/1542
f 1682/1682/1543 1679/1679/1540 1680/1680/1541
f 1680/1680/1541 1683/1683/1544 1682/1682/1543
f 1683/1683/1544 1680/1680/1541 1684/1684/1545
f 1685/1685/1546 1684/1684/1545 1680/1680/1541
f 1680/1680/1541 1678/1678/1539 1685/1685/1546
f 1686/1686/1547 1685/1685/1546 1678/1678/1539
f 1678/1678/1539 1672/1672/1533 1686/1686/1547
f 1673/1673/1534 1686/1686/1547 1672/1672/1533
f 1684/1684/1545 1687/1687/1548 1683/1683/1544
f 1688/1688/1523 1689/1689/1538 1687/1687/1548
f 1687/1687/1548 1684/1684/1545 1688/1688/1523
f 1690/1690/1549 1688/1688/1523 1684/1684/1545
f 1684/1684/1545 1685/1685/1546 1690/1690/1549
f 1691/1691/1550 1690/1690/1549 1685/1685/1546
f 1685/1685/1546 1686/1686/1547 1691/1691/1550
f 1692/1692/1551 1691/1691/1550 1686/1686/1547
f 1686/1686/1547 1673/1673/1534 1692/1692/1551
f 1673/1673/1534 1666/1666/1527 1692/1692/1551
f 1671/1671/1532 1666/1666/1527 1673/1673/1534
f 1693/1693/1552 1694/1694/1553 1695/1695/1554
f 1696/1696/1555 1695/1695/1554 1694/1694/1553
f 1694/1694/1553 1697/1697/1556 1696/1696/1555
f 1698/1698/1557 1699/1699/1558 1693/1693/1552
f 1694/1694/1553 1693/1693/1552 1699/1699/1558
f 1699/1699/1558 1700/1700/1559 1694/1694/1553
f 1697/1697/1556 1694/1694/1553 1700/1700/1559
f 1700/1700/1559 1701/1701/1560 1697/1697/1556
f 1701/1701/1560 1702/1702/1561 1697/1697/1556
f 1697/1697/1556 1702/1702/1561 1696/1696/1555
f 1696/1696/1555 1702/1702/1561 1703/1703/1562
f 1695/1695/1554 1696/1696/1555 1703/1703/1562
f 1703/1703/1562 1704/1704/1563 1695/1695/1554
f 1705/1705/1564 1695/1695/1554 1704/1704/1563
f 1695/1695/1554 1705/1705/1564 1693/1693/1552
f 1706/1706/1565 1693/1693/1552 1705/1705/1564
f 1703/1703/1562 1702/1702/1561 1707/1707/1566
f 1704/1704/1563 1703/1703/1562 1707/1707/1566
f 1708/1708/1567 1707/1707/1566 1709/1709/1568
f 1707/1707/1566 1708/1708/1567 1704/1704/1563
f 1710/1710/1569 1704/1704/1563 1708/1708/1567
f 1704/1704/1563 1710/1710/1569 1705/1705/1564
f 1711/1711/1570 1705/1705/1564 1710/1710/1569
f 1705/1705/1564 1711/1711/1570 1706/1706/1565
f 1712/1712/1571 1706/1706/1565 1711/1711/1570
f 1706/1706/1565 1712/1712/1571 1713/1713/1572
f 1713/1713/1572 1698/1698/1557 1706/1706/1565
f 1693/1693/1552 1706/1706/1565 1698/1698/1557
f 1708/1708/1567 1714/1714/1573 1710/1710/1569
f 1715/1715/1574 1710/1710/1569 1714/1714/1573
f 1710/1710/1569 1715/1715/1574 1711/1711/1570
f 1714/1714/1573 1716/1716/1575 1715/1715/1574
f 1711/1711/1570 1717/1717/1576 1712/1712/1571
f 1717/1717/1576 1711/1711/1570 1715/1715/1574
f 1715/1715/1574 1718/1718/1577 1717/1717/1576
f 1718/1718/1577 1715/1715/1574 1716/1716/1575
f 1716/1716/1575 1719/1719/1578 1718/1718/1577
f 1719/1719/1578 1716/1716/1575 1720/1720/1579
f 1721/1721/1580 1720/1720/1579 1716/1716/1575
f 1716/1716/1575 1714/1714/1573 1721/1721/1580
f 1722/1722/1581 1721/1721/1580 1714/1714/1573
f 1714/1714/1573 1708/1708/1567 1722/1722/1581
f 1709/1709/1568 1722/1722/1581 1708/1708/1567
f 1720/1720/1579 1723/1723/1582 1719/1719/1578
f 1724/1724/1557 1725/1725/1583 1723/1723/1582
f 1723/1723/1582 1720/1720/1579 1724/1724/1557
f 1726/1726/1558 1724/1724/1557 1720/1720/1579
f 1720/1720/1579 1721/1721/1580 1726/1726/1558
f 1727/1727/1559 1726/1726/1558 1721/1721/1580
f 1721/1721/1580 1722/1722/1581 1727/1727/1559
f 1728/1728/1584 1727/1727/1559 1722/1722/1581
f 1722/1722/1581 1709/1709/1568 1728/1728/1584
f 1709/1709/1568 1702/1702/1561 1728/1728/1584
f 1707/1707/1566 1702/1702/1561 1709/1709/1568
f 1729/1729/1585 1730/1730/1586 1731/1731/1587
f 1732/1732/1588 1729/1729/1585 1733/1733/1589
f 1731/1731/1587 1733/1733/1589 1729/1729/1585
f 1733/1733/1589 1731/1731/1587 1734/1734/1590
f 1735/1735/1591 1732/1732/1588 1736/1736/1592
f 1733/1733/1589 1736/1736/1592 1732/1732/1588
f 1736/1736/1592 1733/1733/1589 1737/1737/1593
f 1734/1734/1590 1737/1737/1593 1733/1733/1589
f 1737/1737/1593 1734/1734/1590 1738/1738/1594
f 1730/1730/1586 1739/1739/1595 1740/1740/1596
f 1740/1740/1596 1731/1731/1587 1730/1730/1586
f 1731/1731/1587 1740/1740/1596 1741/1741/1597
f 1741/1741/1597 1734/1734/1590 1731/1731/1587
f 1734/1734/1590 1741/1741/1597 1742/1742/1598
f 1742/1742/1598 1738/1738/1594 1734/1734/1590
f 1738/1738/1594 1742/1742/1598 1743/1743/1599
f 1739/1739/1595 1744/1744/1600 1745/1745/1601
f 1745/1745/1601 1740/1740/1596 1739/1739/1595
f 1740/1740/1596 1745/1745/1601 1746/1746/1602
f 1746/1746/1602 1741/1741/1597 1740/1740/1596
f 1741/1741/1597 1746/1746/1602 1747/1747/1603
f 1747/1747/1603 1742/1742/1598 1741/1741/1597
f 1742/1742/1598 1747/1747/1603 1748/1748/1604
f 1748/1748/1604 1743/1743/1599 1742/1742/1598
f 1743/1743/1599 1748/1748/1604 1749/1749/1605
f 1750/1750/1606 1743/1743/1599 1749/1749/1605
f 1750/1750/1606 1751/1751/1607 1752/1752/1608
f 1751/1751/1607 1750/1750/1606 1749/1749/1605
f 1753/1753/1609 1754/1754/1610 1755/1755/1611
f 1754/1754/1610 1753/1753/1609 1756/1756/1612
f 1756/1756/1612 1757/1757/1613 1754/1754/1610
f 1757/1757/1613 1756/1756/1612 1758/1758/1614
f 1758/1758/1614 1759/1759/1615 1757/1757/1613
f 1759/1759/1615 1758/1758/1614 1749/1749/1605
f 1758/1758/1614 1760/1760/1616 1749/1749/1605
f 1760/1760/1616 1751/1751/1607 1749/1749/1605
f 1751/1751/1607 1760/1760/1616 1761/1761/1617
f 1761/1761/1617 1752/1752/1608 1751/1751/1607
f 1752/1752/1608 1761/1761/1617 1762/1762/1618
f 1753/1753/1609 1762/1762/1618 1761/1761/1617
f 1762/1762/1618 1753/1753/1609 1763/1763/1619
f 1760/1760/1616 1758/1758/1614 1756/1756/1612
f 1756/1756/1612 1761/1761/1617 1760/1760/1616
f 1761/1761/1617 1756/1756/1612 1753/1753/1609
f 1743/1743/1599 1750/1750/1606 1738/1738/1594
f 1752/1752/1608 1738/1738/1594 1750/1750/1606
f 1738/1738/1594 1752/1752/1608 1737/1737/1593
f 1762/1762/1618 1737/1737/1593 1752/1752/1608
f 1737/1737/1593 1762/1762/1618 1736/1736/1592
f 1763/1763/1619 1736/1736/1592 1762/1762/1618
f 1736/1736/1592 1763/1763/1619 1735/1735/1591
f 1764/1764/1620 1735/1735/1591 1763/1763/1619
f 1763/1763/1619 1755/1755/1611 1764/1764/1620
f 1755/1755/1611 1763/1763/1619 1753/1753/1609
f 1347/1347/1245 1765/1765/1621 1346/1346/1244
f 1765/1765/1621 1347/1347/1245 1349/1349/1247
f 1349/1349/1247 1766/1766/1622 1765/1765/1621
f 1766/1766/1622 1349/1349/1247 1767/1767/1623
f 1767/1767/1623 1768/1768/1624 1766/1766/1622
f 1768/1768/1624 1767/1767/1623 1769/1769/1625
f 1770/1770/1626 1771/1771/1627 1534/1534/1403
f 1771/1771/1627 1770/1770/1626 1772/1772/1628
f 1772/1772/1628 1769/1769/1625 1771/1771/1627
f 1769/1769/1625 1772/1772/1628 1768/1768/1624
f 1773/1773/1629 1768/1768/1624 1772/1772/1628
f 1766/1766/1622 1768/1768/1624 1773/1773/1629
f 1773/1773/1629 1774/1774/1630 1766/1766/1622
f 1765/1765/1621 1766/1766/1622 1774/1774/1630
f 1774/1774/1630 1350/1350/1248 1765/1765/1621
f 1346/1346/1244 1765/1765/1621 1350/1350/1248
f 1775/1775/1208 1358/1358/1255 1350/1350/1248
f 1350/1350/1248 1774/1774/1630 1775/1775/1208
f 1528/1528/1209 1775/1775/1208 1774/1774/1630
f 1774/1774/1630 1773/1773/1629 1528/1528/1209
f 1528/1528/1209 1773/1773/1629 1526/1526/1397
f 1772/1772/1628 1526/1526/1397 1773/1773/1629
f 1523/1523/1394 1526/1526/1397 1772/1772/1628
f 1772/1772/1628 1770/1770/1626 1523/1523/1394
f 1523/1523/1394 1770/1770/1626 1525/1525/1396
f 1534/1534/1403 1525/1525/1396 1770/1770/1626
f 1349/1349/1247 1348/1348/1246 1776/1776/1231
f 1776/1776/1231 1767/1767/1623 1349/1349/1247
f 1767/1767/1623 1776/1776/1231 1777/1777/1631
f 1777/1777/1631 1769/1769/1625 1767/1767/1623
f 1769/1769/1625 1777/1777/1631 1778/1778/1632
f 1778/1778/1632 1771/1771/1627 1769/1769/1625
f 1771/1771/1627 1778/1778/1632 1779/1779/1633
f 1779/1779/1633 1534/1534/1403 1771/1771/1627
f 1534/1534/1403 1779/1779/1633 1541/1541/1410
f 1541/1541/1410 1535/1535/1404 1534/1534/1403
f 423/423/415 1780/1780/1634 432/432/424
f 1780/1780/1634 423/423/415 421/421/413
f 421/421/413 1781/1781/1635 1780/1780/1634
f 1781/1781/1635 421/421/413 420/420/412
f 420/420/412 1782/1782/1636 1781/1781/1635
f 438/438/430 1783/1783/1637 419/419/411
f 420/420/412 419/419/411 1783/1783/1637
f 1783/1783/1637 1784/1784/1638 420/420/412
f 1782/1782/1636 420/420/412 1784/1784/1638
f 1784/1784/1638 1785/1785/1639 1782/1782/1636
f 1786/1786/446 1787/1787/491 1788/1788/1640
f 1788/1788/1640 1789/1789/1641 1786/1786/446
f 1790/1790/447 1786/1786/446 1789/1789/1641
f 1789/1789/1641 1791/1791/1642 1790/1790/447
f 1792/1792/450 1790/1790/447 1791/1791/1642
f 1791/1791/1642 1793/1793/1643 1792/1792/450
f 1794/1794/451 1792/1792/450 1793/1793/1643
f 1793/1793/1643 1795/1795/1644 1794/1794/451
f 1796/1796/1645 1794/1794/451 1795/1795/1644
f 1793/1793/1643 1791/1791/1642 1797/1797/1646
f 1798/1798/1647 1797/1797/1646 1791/1791/1642
f 1791/1791/1642 1789/1789/1641 1798/1798/1647
f 1789/1789/1641 1788/1788/1640 1799/1799/1648
f 1799/1799/1648 1798/1798/1647 1789/1789/1641
f 1798/1798/1647 1799/1799/1648 205/205/202
f 205/205/202 1797/1797/1646 1798/1798/1647
f 206/206/203 1797/1797/1646 205/205/202
f 1797/1797/1646 206/206/203 1793/1793/1643
f 1795/1795/1644 1793/1793/1643 206/206/203
f 201/201/198 209/209/206 202/202/199
f 209/209/206 201/201/198 207/207/204
f 200/200/197 207/207/204 201/201/198
f 205/205/202 207/207/204 200/200/197
f 208/208/205 207/207/204 205/205/202
f 205/205/202 1799/1799/1648 208/208/205
f 210/210/207 208/208/205 1799/1799/1648
f 1799/1799/1648 1788/1788/1640 210/210/207
f 211/211/208 210/210/207 1788/1788/1640
f 1788/1788/1640 1787/1787/491 211/211/208
f 320/320/312 316/316/308 307/307/299
f 307/307/299 308/308/300 320/320/312
f 320/320/312 308/308/300 1800/1800/1649
f 297/297/289 1800/1800/1649 308/308/300
f 1800/1800/1649 297/297/289 1801/1801/1650
f 1802/1802/1651 1801/1801/1650 297/297/289
f 297/297/289 296/296/288 1802/1802/1651
f 1803/1803/1652 1802/1802/1651 296/296/288
f 296/296/288 282/282/274 1803/1803/1652
f 282/282/274 296/296/288 290/290/282
f 723/723/698 731/731/706 717/717/692
f 717/717/692 731/731/706 732/732/707
f 732/732/707 718/718/693 717/717/692
f 1801/1801/1650 718/718/693 732/732/707
f 719/719/694 718/718/693 1801/1801/1650
f 1801/1801/1650 1802/1802/1651 719/719/694
f 711/711/686 719/719/694 1802/1802/1651
f 1802/1802/1651 1803/1803/1652 711/711/686
f 711/711/686 1803/1803/1652 281/281/273
f 281/281/273 1803/1803/1652 282/282/274
f 321/321/313 734/734/709 323/323/315
f 1804/1804/1653 734/734/709 321/321/313
f 321/321/313 320/320/312 1804/1804/1653
f 1800/1800/1649 1804/1804/1653 320/320/312
f 734/734/709 1804/1804/1653 1800/1800/1649
f 1800/1800/1649 1805/1805/1654 734/734/709
f 734/734/709 1805/1805/1654 732/732/707
f 732/732/707 1805/1805/1654 1801/1801/1650
f 1801/1801/1650 1805/1805/1654 1800/1800/1649
f 1210/1210/1121 1328/1328/1226 1326/1326/1224
f 1326/1326/1224 1211/1211/1122 1210/1210/1121
f 1211/1211/1122 1326/1326/1224 1325/1325/1223
f 1325/1325/1223 1213/1213/1124 1211/1211/1122
f 1213/1213/1124 1325/1325/1223 1806/1806/1655
f 1806/1806/1655 255/255/251 1213/1213/1124
f 255/255/251 1806/1806/1655 253/253/249
f 252/252/248 253/253/249 1806/1806/1655
f 1806/1806/1655 265/265/257 252/252/248
f 265/265/257 1806/1806/1655 1325/1325/1223
f 1209/1209/1120 1215/1215/1126 1222/1222/1132
f 1222/1222/1132 1807/1807/1410 1209/1209/1120
f 1210/1210/1121 1209/1209/1120 1807/1807/1410
f 1807/1807/1410 1808/1808/1633 1210/1210/1121
f 1328/1328/1226 1210/1210/1121 1808/1808/1633
f 1808/1808/1633 1809/1809/1632 1328/1328/1226
f 1329/1329/1227 1328/1328/1226 1809/1809/1632
f 1809/1809/1632 1810/1810/1656 1329/1329/1227
f 1331/1331/1229 1329/1329/1227 1810/1810/1656
f 1810/1810/1656 1333/1333/1231 1331/1331/1229
f 385/385/377 1811/1811/1657 366/366/358
f 367/367/359 366/366/358 1811/1811/1657
f 1811/1811/1657 1812/1812/1658 367/367/359
f 367/367/359 1812/1812/1658 1796/1796/1645
f 1796/1796/1645 358/358/350 367/367/359
f 1795/1795/1644 358/358/350 1796/1796/1645
f 358/358/350 1795/1795/1644 356/356/348
f 206/206/203 356/356/348 1795/1795/1644
f 196/196/193 356/356/348 206/206/203
f 206/206/203 199/199/196 196/196/193
usemtl CheshireCat_Eyes_Mat_INST
f 1813/1813/1659 1814/1814/1660 1815/1815/1661
f 1816/1816/1662 1813/1813/1659 1817/1817/1663
f 1815/1815/1661 1817/1817/1663 1813/1813/1659
f 1817/1817/1663 1815/1815/1661 1818/1818/1664
f 1819/1819/1665 1816/1816/1662 1820/1820/1666
f 1817/1817/1663 1820/1820/1666 1816/1816/1662
f 1820/1820/1666 1817/1817/1663 1821/1821/1667
f 1818/1818/1664 1821/1821/1667 1817/1817/1663
f 1821/1821/1667 1818/1818/1664 1822/1822/1668
f 1823/1823/1669 1824/1824/1670 1825/1825/869
f 1824/1824/1670 1823/1823/1669 1826/1826/1671
f 1826/1826/1671 1827/1827/1672 1824/1824/1670
f 1827/1827/1672 1826/1826/1671 1822/1822/1668
f 1822/1822/1668 1828/1828/1673 1827/1827/1672
f 1828/1828/1673 1822/1822/1668 1818/1818/1664
f 1818/1818/1664 1829/1829/1674 1828/1828/1673
f 1829/1829/1674 1818/1818/1664 1815/1815/1661
f 1815/1815/1661 1830/1830/1675 1829/1829/1674
f 1830/1830/1675 1815/1815/1661 1814/1814/1660
f 1824/1824/1670 1831/1831/1676 1825/1825/869
f 1831/1831/1676 1824/1824/1670 1827/1827/1672
f 1832/1832/1677 1833/1833/1678 1834/1834/1679
f 1834/1834/1679 1835/1835/1680 1832/1832/1677
f 1836/1836/1681 1835/1835/1680 1834/1834/1679
f 1835/1835/1680 1836/1836/1681 1837/1837/1682
f 1828/1828/1673 1837/1837/1682 1836/1836/1681
f 1837/1837/1682 1828/1828/1673 1829/1829/1674
f 1829/1829/1674 1838/1838/1683 1837/1837/1682
f 1838/1838/1683 1829/1829/1674 1830/1830/1675
f 1830/1830/1675 1839/1839/1684 1838/1838/1683
f 1840/1840/1685 1838/1838/1683 1839/1839/1684
f 1841/1841/1686 1842/1842/1687 1832/1832/1677
f 1832/1832/1677 1843/1843/1688 1841/1841/1686
f 1843/1843/1688 1832/1832/1677 1835/1835/1680
f 1835/1835/1680 1844/1844/1689 1843/1843/1688
f 1837/1837/1682 1844/1844/1689 1835/1835/1680
f 1844/1844/1689 1837/1837/1682 1838/1838/1683
f 1838/1838/1683 1840/1840/1685 1844/1844/1689
f 1844/1844/1689 1840/1840/1685 1845/1845/1690
f 1845/1845/1690 1843/1843/1688 1844/1844/1689
f 1843/1843/1688 1845/1845/1690 1846/1846/1691
f 1846/1846/1691 1841/1841/1686 1843/1843/1688
f 1841/1841/1686 1846/1846/1691 1847/1847/1692
f 1847/1847/1692 1848/1848/1693 1841/1841/1686
f 1848/1848/1693 1847/1847/1692 1849/1849/1694
f 1849/1849/1694 1850/1850/1695 1848/1848/1693
f 1850/1850/1695 1849/1849/1694 1851/1851/1696
f 1851/1851/1696 1852/1852/1697 1850/1850/1695
f 1852/1852/1697 1851/1851/1696 1853/1853/1698
f 1853/1853/1698 1854/1854/1699 1852/1852/1697
f 1855/1855/1700 1854/1854/1699 1853/1853/1698
f 1854/1854/1699 1855/1855/1700 1856/1856/1701
f 1857/1857/1702 1856/1856/1701 1858/1858/1703
f 1856/1856/1701 1857/1857/1702 1854/1854/1699
f 1854/1854/1699 1857/1857/1702 1859/1859/1704
f 1859/1859/1704 1852/1852/1697 1854/1854/1699
f 1852/1852/1697 1859/1859/1704 1860/1860/1705
f 1860/1860/1705 1850/1850/1695 1852/1852/1697
f 1850/1850/1695 1860/1860/1705 1861/1861/1706
f 1861/1861/1706 1848/1848/1693 1850/1850/1695
f 1848/1848/1693 1861/1861/1706 1842/1842/1687
f 1842/1842/1687 1841/1841/1686 1848/1848/1693
f 1857/1857/1702 1862/1862/324 1863/1863/1707
f 1863/1863/1707 1859/1859/1704 1857/1857/1702
f 1859/1859/1704 1863/1863/1707 1864/1864/1708
f 1864/1864/1708 1860/1860/1705 1859/1859/1704
f 1860/1860/1705 1864/1864/1708 1865/1865/1709
f 1865/1865/1709 1861/1861/1706 1860/1860/1705
f 1861/1861/1706 1865/1865/1709 1866/1866/1710
f 1866/1866/1710 1842/1842/1687 1861/1861/1706
f 1842/1842/1687 1866/1866/1710 1833/1833/1678
f 1833/1833/1678 1832/1832/1677 1842/1842/1687
f 1862/1862/324 1825/1825/869 1863/1863/1707
f 1863/1863/1707 1825/1825/869 1864/1864/1708
f 1864/1864/1708 1825/1825/869 1865/1865/1709
f 1865/1865/1709 1825/1825/869 1866/1866/1710
f 1866/1866/1710 1825/1825/869 1833/1833/1678
f 1833/1833/1678 1825/1825/869 1834/1834/1679
f 1831/1831/1676 1834/1834/1679 1825/1825/869
f 1834/1834/1679 1831/1831/1676 1836/1836/1681
f 1827/1827/1672 1836/1836/1681 1831/1831/1676
f 1836/1836/1681 1827/1827/1672 1828/1828/1673
f 1867/1867/1711 1821/1821/1667 1868/1868/1712
f 1822/1822/1668 1868/1868/1712 1821/1821/1667
f 1868/1868/1712 1822/1822/1668 1826/1826/1671
f 1826/1826/1671 1869/1869/1713 1868/1868/1712
f 1869/1869/1713 1826/1826/1671 1823/1823/1669
f 1823/1823/1669 1870/1870/1714 1869/1869/1713
f 1870/1870/1714 1823/1823/1669 1825/1825/869
f 1858/1858/1703 1870/1870/1714 1825/1825/869
f 1862/1862/324 1858/1858/1703 1825/1825/869
f 1858/1858/1703 1862/1862/324 1857/1857/1702
f 1871/1871/1715 1851/1851/1696 1849/1849/1694
f 1851/1851/1696 1871/1871/1715 1872/1872/1716
f 1872/1872/1716 1853/1853/1698 1851/1851/1696
f 1867/1867/1711 1853/1853/1698 1872/1872/1716
f 1853/1853/1698 1867/1867/1711 1855/1855/1700
f 1868/1868/1712 1855/1855/1700 1867/1867/1711
f 1855/1855/1700 1868/1868/1712 1869/1869/1713
f 1869/1869/1713 1856/1856/1701 1855/1855/1700
f 1856/1856/1701 1869/1869/1713 1870/1870/1714
f 1870/1870/1714 1858/1858/1703 1856/1856/1701
f 1873/1873/1717 1874/1874/1718 1875/1875/1719
f 1874/1874/1718 1873/1873/1717 1876/1876/1720
f 1876/1876/1720 1877/1877/1721 1874/1874/1718
f 1877/1877/1721 1876/1876/1720 1878/1878/1722
f 1878/1878/1722 1871/1871/1715 1877/1877/1721
f 1871/1871/1715 1878/1878/1722 1819/1819/1665
f 1819/1819/1665 1872/1872/1716 1871/1871/1715
f 1820/1820/1666 1872/1872/1716 1819/1819/1665
f 1872/1872/1716 1820/1820/1666 1867/1867/1711
f 1821/1821/1667 1867/1867/1711 1820/1820/1666
f 1839/1839/1684 1879/1879/1723 1840/1840/1685
f 1840/1840/1685 1879/1879/1723 1880/1880/1724
f 1880/1880/1724 1845/1845/1690 1840/1840/1685
f 1845/1845/1690 1880/1880/1724 1875/1875/1719
f 1875/1875/1719 1846/1846/1691 1845/1845/1690
f 1846/1846/1691 1875/1875/1719 1874/1874/1718
f 1874/1874/1718 1847/1847/1692 1846/1846/1691
f 1847/1847/1692 1874/1874/1718 1877/1877/1721
f 1877/1877/1721 1849/1849/1694 1847/1847/1692
f 1849/1849/1694 1877/1877/1721 1871/1871/1715
f 1814/1814/1660 1881/1881/1725 1830/1830/1675
f 1839/1839/1684 1830/1830/1675 1881/1881/1725
f 1881/1881/1725 1882/1882/1726 1839/1839/1684
f 1879/1879/1723 1839/1839/1684 1882/1882/1726
f 1882/1882/1726 1883/1883/1727 1879/1879/1723
f 1879/1879/1723 1883/1883/1727 1884/1884/1728
f 1884/1884/1728 1880/1880/1724 1879/1879/1723
f 1880/1880/1724 1884/1884/1728 1885/1885/1729
f 1885/1885/1729 1875/1875/1719 1880/1880/1724
f 1875/1875/1719 1885/1885/1729 1873/1873/1717
f 1886/1886/1730 1887/1887/1731 1888/1888/1732
f 1886/1886/1730 1889/1889/1733 1890/1890/1734
f 1888/1888/1732 1889/1889/1733 1886/1886/1730
f 1889/1889/1733 1888/1888/1732 1891/1891/1735
f 1891/1891/1735 1892/1892/1736 1889/1889/1733
f 1892/1892/1736 1891/1891/1735 1893/1893/1737
f 1893/1893/1737 1894/1894/1738 1892/1892/1736
f 1894/1894/1738 1893/1893/1737 1895/1895/1739
f 1895/1895/1739 1896/1896/1740 1894/1894/1738
f 1896/1896/1740 1895/1895/1739 1897/1897/1741
f 1897/1897/1741 1898/1898/1742 1896/1896/1740
f 1899/1899/1743 1890/1890/1734 1889/1889/1733
f 1889/1889/1733 1892/1892/1736 1899/1899/1743
f 1900/1900/1744 1899/1899/1743 1892/1892/1736
f 1892/1892/1736 1894/1894/1738 1900/1900/1744
f 1901/1901/1745 1900/1900/1744 1894/1894/1738
f 1894/1894/1738 1896/1896/1740 1901/1901/1745
f 1902/1902/1746 1901/1901/1745 1896/1896/1740
f 1896/1896/1740 1898/1898/1742 1902/1902/1746
f 1898/1898/1742 1897/1897/1741 1903/1903/1747
f 1898/1898/1742 1903/1903/1747 1902/1902/1746
f 1902/1902/1746 1903/1903/1747 1904/1904/1748
f 1901/1901/1745 1902/1902/1746 1904/1904/1748
f 1904/1904/1748 1905/1905/1749 1901/1901/1745
f 1900/1900/1744 1901/1901/1745 1905/1905/1749
f 1905/1905/1749 1906/1906/1750 1900/1900/1744
f 1899/1899/1743 1900/1900/1744 1906/1906/1750
f 1906/1906/1750 1907/1907/1751 1899/1899/1743
f 1890/1890/1734 1899/1899/1743 1907/1907/1751
f 1908/1908/1752 1909/1909/1753 1907/1907/1751
f 1907/1907/1751 1906/1906/1750 1908/1908/1752
f 1910/1910/1754 1908/1908/1752 1906/1906/1750
f 1906/1906/1750 1905/1905/1749 1910/1910/1754
f 1911/1911/1755 1910/1910/1754 1905/1905/1749
f 1905/1905/1749 1904/1904/1748 1911/1911/1755
f 1904/1904/1748 1903/1903/1747 1911/1911/1755
f 1911/1911/1755 1903/1903/1747 1912/1912/1756
f 1912/1912/1756 1903/1903/1747 1913/1913/1757
f 1914/1914/1758 1912/1912/1756 1913/1913/1757
f 1914/1914/1758 1915/1915/1759 1908/1908/1752
f 1908/1908/1752 1910/1910/1754 1914/1914/1758
f 1912/1912/1756 1914/1914/1758 1910/1910/1754
f 1910/1910/1754 1911/1911/1755 1912/1912/1756
f 1913/1913/1757 1916/1916/1760 1914/1914/1758
f 1915/1915/1759 1914/1914/1758 1916/1916/1760
f 1916/1916/1760 1917/1917/1761 1915/1915/1759
f 1917/1917/1761 1916/1916/1760 1918/1918/1762
f 1918/1918/1762 1919/1919/1763 1917/1917/1761
f 1920/1920/1764 1919/1919/1763 1918/1918/1762
f 1918/1918/1762 1921/1921/1765 1920/1920/1764
f 1921/1921/1765 1918/1918/1762 1922/1922/1766
f 1922/1922/1766 1923/1923/1767 1921/1921/1765
f 1923/1923/1767 1922/1922/1766 1903/1903/1747
f 1913/1913/1757 1903/1903/1747 1922/1922/1766
f 1916/1916/1760 1913/1913/1757 1922/1922/1766
f 1922/1922/1766 1918/1918/1762 1916/1916/1760
f 1920/1920/1764 1924/1924/1768 1925/1925/1769
f 1925/1925/1769 1926/1926/1770 1920/1920/1764
f 1919/1919/1763 1920/1920/1764 1926/1926/1770
f 1926/1926/1770 1927/1927/1771 1919/1919/1763
f 1919/1919/1763 1927/1927/1771 1928/1928/1772
f 1928/1928/1772 1917/1917/1761 1919/1919/1763
f 1917/1917/1761 1928/1928/1772 1929/1929/1773
f 1929/1929/1773 1915/1915/1759 1917/1917/1761
f 1915/1915/1759 1929/1929/1773 1909/1909/1753
f 1909/1909/1753 1908/1908/1752 1915/1915/1759
f 1907/1907/1751 1930/1930/1774 1890/1890/1734
f 1930/1930/1774 1907/1907/1751 1909/1909/1753
f 1909/1909/1753 1931/1931/1775 1930/1930/1774
f 1931/1931/1775 1909/1909/1753 1929/1929/1773
f 1929/1929/1773 1932/1932/1776 1931/1931/1775
f 1932/1932/1776 1929/1929/1773 1928/1928/1772
f 1928/1928/1772 1933/1933/1777 1932/1932/1776
f 1933/1933/1777 1928/1928/1772 1927/1927/1771
f 1927/1927/1771 1934/1934/1778 1933/1933/1777
f 1935/1935/1779 1934/1934/1778 1927/1927/1771
f 1936/1936/1780 1933/1933/1777 1934/1934/1778
f 1933/1933/1777 1936/1936/1780 1937/1937/1781
f 1937/1937/1781 1932/1932/1776 1933/1933/1777
f 1932/1932/1776 1937/1937/1781 1938/1938/1782
f 1938/1938/1782 1931/1931/1775 1932/1932/1776
f 1931/1931/1775 1938/1938/1782 1939/1939/1783
f 1939/1939/1783 1930/1930/1774 1931/1931/1775
f 1930/1930/1774 1939/1939/1783 1940/1940/1784
f 1940/1940/1784 1890/1890/1734 1930/1930/1774
f 1890/1890/1734 1940/1940/1784 1886/1886/1730
f 1887/1887/1731 1941/1941/1785 1942/1942/1786
f 1943/1943/1787 1942/1942/1786 1941/1941/1785
f 1941/1941/1785 1944/1944/1788 1943/1943/1787
f 1945/1945/1789 1943/1943/1787 1944/1944/1788
f 1944/1944/1788 1946/1946/1790 1945/1945/1789
f 1935/1935/1779 1945/1945/1789 1946/1946/1790
f 1946/1946/1790 1947/1947/1791 1935/1935/1779
f 1934/1934/1778 1935/1935/1779 1947/1947/1791
f 1947/1947/1791 1948/1948/1792 1934/1934/1778
f 1934/1934/1778 1948/1948/1792 1936/1936/1780
f 1927/1927/1771 1926/1926/1770 1935/1935/1779
f 1945/1945/1789 1935/1935/1779 1926/1926/1770
f 1926/1926/1770 1925/1925/1769 1945/1945/1789
f 1943/1943/1787 1945/1945/1789 1925/1925/1769
f 1925/1925/1769 1949/1949/1793 1943/1943/1787
f 1942/1942/1786 1943/1943/1787 1949/1949/1793
f 1949/1949/1793 1950/1950/1794 1942/1942/1786
f 1950/1950/1794 1949/1949/1793 1951/1951/1795
f 1951/1951/1795 1952/1952/1796 1950/1950/1794
f 1952/1952/1796 1951/1951/1795 1953/1953/1797
f 1954/1954/1798 1955/1955/1799 1953/1953/1797
f 1953/1953/1797 1956/1956/1800 1954/1954/1798
f 1956/1956/1800 1953/1953/1797 1951/1951/1795
f 1951/1951/1795 1924/1924/1768 1956/1956/1800
f 1924/1924/1768 1951/1951/1795 1949/1949/1793
f 1949/1949/1793 1925/1925/1769 1924/1924/1768
f 1953/1953/1797 1957/1957/1801 1952/1952/1796
f 1957/1957/1801 1953/1953/1797 1955/1955/1799
f 1955/1955/1799 1958/1958/1802 1957/1957/1801
f 1958/1958/1802 1955/1955/1799 1903/1903/1747
f 1955/1955/1799 1954/1954/1798 1903/1903/1747
f 1954/1954/1798 1923/1923/1767 1903/1903/1747
f 1923/1923/1767 1954/1954/1798 1956/1956/1800
f 1956/1956/1800 1921/1921/1765 1923/1923/1767
f 1921/1921/1765 1956/1956/1800 1924/1924/1768
f 1924/1924/1768 1920/1920/1764 1921/1921/1765
f 1897/1897/1741 1958/1958/1802 1903/1903/1747
f 1958/1958/1802 1897/1897/1741 1895/1895/1739
f 1895/1895/1739 1957/1957/1801 1958/1958/1802
f 1957/1957/1801 1895/1895/1739 1893/1893/1737
f 1893/1893/1737 1952/1952/1796 1957/1957/1801
f 1952/1952/1796 1893/1893/1737 1891/1891/1735
f 1891/1891/1735 1950/1950/1794 1952/1952/1796
f 1950/1950/1794 1891/1891/1735 1888/1888/1732
f 1888/1888/1732 1942/1942/1786 1950/1950/1794
f 1942/1942/1786 1888/1888/1732 1887/1887/1731
f 1959/1959/1803 1960/1960/1804 1961/1961/1744
f 1962/1962/1745 1961/1961/1744 1960/1960/1804
f 1960/1960/1804 1963/1963/1805 1962/1962/1745
f 1964/1964/1746 1962/1962/1745 1963/1963/1805
f 1963/1963/1805 1965/1965/1806 1964/1964/1746
f 1966/1966/1737 1960/1960/1804 1959/1959/1803
f 1960/1960/1804 1966/1966/1737 1967/1967/1739
f 1967/1967/1739 1963/1963/1805 1960/1960/1804
f 1963/1963/1805 1967/1967/1739 1968/1968/1807
f 1968/1968/1807 1965/1965/1806 1963/1963/1805
f 1965/1965/1806 1968/1968/1807 1969/1969/1808
f 1965/1965/1806 1969/1969/1808 1964/1964/1746
f 1964/1964/1746 1969/1969/1808 1970/1970/1748
f 1962/1962/1745 1964/1964/1746 1970/1970/1748
f 1970/1970/1748 1971/1971/1749 1962/1962/1745
f 1972/1972/1809 1973/1973/1750 1974/1974/1810
f 1975/1975/1754 1974/1974/1810 1973/1973/1750
f 1973/1973/1750 1971/1971/1749 1975/1975/1754
f 1976/1976/1755 1975/1975/1754 1971/1971/1749
f 1971/1971/1749 1970/1970/1748 1976/1976/1755
f 1970/1970/1748 1969/1969/1808 1976/1976/1755
f 1976/1976/1755 1969/1969/1808 1977/1977/1756
f 1977/1977/1756 1969/1969/1808 1978/1978/1757
f 1979/1979/1758 1977/1977/1756 1978/1978/1757
f 1978/1978/1757 1980/1980/1811 1979/1979/1758
f 1979/1979/1758 1981/1981/1812 1974/1974/1810
f 1974/1974/1810 1975/1975/1754 1979/1979/1758
f 1977/1977/1756 1979/1979/1758 1975/1975/1754
f 1975/1975/1754 1976/1976/1755 1977/1977/1756
f 1961/1961/1744 1962/1962/1745 1971/1971/1749
f 1971/1971/1749 1973/1973/1750 1961/1961/1744
f 1982/1982/1743 1961/1961/1744 1973/1973/1750
f 1973/1973/1750 1972/1972/1809 1982/1982/1743
f 1983/1983/1734 1982/1982/1743 1972/1972/1809
f 1972/1972/1809 1984/1984/1774 1983/1983/1734
f 1984/1984/1774 1972/1972/1809 1985/1985/1813
f 1985/1985/1813 1986/1986/1814 1984/1984/1774
f 1986/1986/1814 1985/1985/1813 1987/1987/1815
f 1987/1987/1815 1988/1988/1816 1986/1986/1814
f 1961/1961/1744 1982/1982/1743 1959/1959/1803
f 1989/1989/1817 1959/1959/1803 1982/1982/1743
f 1982/1982/1743 1983/1983/1734 1989/1989/1817
f 1990/1990/1727 1989/1989/1817 1983/1983/1734
f 1983/1983/1734 1991/1991/1728 1990/1990/1727
f 1991/1991/1728 1983/1983/1734 1984/1984/1774
f 1984/1984/1774 1992/1992/1729 1991/1991/1728
f 1992/1992/1729 1984/1984/1774 1986/1986/1814
f 1986/1986/1814 1993/1993/1717 1992/1992/1729
f 1993/1993/1717 1986/1986/1814 1988/1988/1816
f 1994/1994/1789 1995/1995/1818 1996/1996/1660
f 1997/1997/1725 1996/1996/1660 1995/1995/1818
f 1995/1995/1818 1998/1998/1819 1997/1997/1725
f 1999/1999/1726 1997/1997/1725 1998/1998/1819
f 1998/1998/1819 2000/2000/1820 1999/1999/1726
f 1990/1990/1727 1999/1999/1726 2000/2000/1820
f 2000/2000/1820 1989/1989/1817 1990/1990/1727
f 1989/1989/1817 2000/2000/1820 2001/2001/1821
f 2001/2001/1821 1959/1959/1803 1989/1989/1817
f 1959/1959/1803 2001/2001/1821 1966/1966/1737
f 1998/1998/1819 1995/1995/1818 2002/2002/1822
f 2002/2002/1822 2003/2003/1794 1998/1998/1819
f 2000/2000/1820 1998/1998/1819 2003/2003/1794
f 2003/2003/1794 2001/2001/1821 2000/2000/1820
f 2001/2001/1821 2003/2003/1794 2004/2004/1796
f 2004/2004/1796 1966/1966/1737 2001/2001/1821
f 1966/1966/1737 2004/2004/1796 2005/2005/1823
f 2005/2005/1823 1967/1967/1739 1966/1966/1737
f 1967/1967/1739 2005/2005/1823 2006/2006/1802
f 2006/2006/1802 1968/1968/1807 1967/1967/1739
f 2007/2007/1799 2006/2006/1802 2005/2005/1823
f 2005/2005/1823 2008/2008/1824 2007/2007/1799
f 2008/2008/1824 2005/2005/1823 2004/2004/1796
f 2004/2004/1796 2009/2009/1825 2008/2008/1824
f 2009/2009/1825 2004/2004/1796 2003/2003/1794
f 2003/2003/1794 2002/2002/1822 2009/2009/1825
f 1968/1968/1807 2006/2006/1802 1969/1969/1808
f 2006/2006/1802 2007/2007/1799 1969/1969/1808
f 2007/2007/1799 2010/2010/1798 1969/1969/1808
f 2010/2010/1798 2007/2007/1799 2008/2008/1824
f 2008/2008/1824 2011/2011/1800 2010/2010/1798
f 2011/2011/1800 2008/2008/1824 2009/2009/1825
f 2009/2009/1825 2012/2012/1826 2011/2011/1800
f 2012/2012/1826 2009/2009/1825 2002/2002/1822
f 2002/2002/1822 2013/2013/1827 2012/2012/1826
f 2014/2014/1828 2012/2012/1826 2013/2013/1827
f 1981/1981/1812 1979/1979/1758 1980/1980/1811
f 1980/1980/1811 2015/2015/1829 1981/1981/1812
f 2015/2015/1829 1980/1980/1811 2016/2016/1830
f 2016/2016/1830 2017/2017/1831 2015/2015/1829
f 2014/2014/1828 2017/2017/1831 2016/2016/1830
f 2016/2016/1830 2018/2018/1832 2014/2014/1828
f 2012/2012/1826 2014/2014/1828 2018/2018/1832
f 2018/2018/1832 2011/2011/1800 2012/2012/1826
f 2011/2011/1800 2018/2018/1832 2019/2019/1767
f 2019/2019/1767 2010/2010/1798 2011/2011/1800
f 2010/2010/1798 2019/2019/1767 1969/1969/1808
f 2019/2019/1767 2020/2020/1833 1969/1969/1808
f 1978/1978/1757 1969/1969/1808 2020/2020/1833
f 1980/1980/1811 1978/1978/1757 2020/2020/1833
f 2020/2020/1833 2016/2016/1830 1980/1980/1811
f 2018/2018/1832 2016/2016/1830 2020/2020/1833
f 2020/2020/1833 2019/2019/1767 2018/2018/1832
f 2021/2021/1682 2022/2022/1673 2023/2023/1674
f 2024/2024/1834 2023/2023/1674 2022/2022/1673
f 2022/2022/1673 2025/2025/1835 2024/2024/1834
f 2026/2026/1836 2024/2024/1834 2025/2025/1835
f 2025/2025/1835 2027/2027/1837 2026/2026/1836
f 2028/2028/1838 2026/2026/1836 2027/2027/1837
f 2027/2027/1837 2029/2029/1839 2028/2028/1838
f 2030/2030/1840 2028/2028/1838 2029/2029/1839
f 2029/2029/1839 2031/2031/1841 2030/2030/1840
f 2030/2030/1840 2031/2031/1841 2032/2032/1842
f 2033/2033/1704 2032/2032/1842 2031/2031/1841
f 2026/2026/1836 2028/2028/1838 2034/2034/1843
f 2035/2035/1844 2034/2034/1843 2028/2028/1838
f 2028/2028/1838 2030/2030/1840 2035/2035/1844
f 2035/2035/1844 2030/2030/1840 2036/2036/1845
f 2032/2032/1842 2036/2036/1845 2030/2030/1840
f 2036/2036/1845 2032/2032/1842 2037/2037/1846
f 2038/2038/1847 2037/2037/1846 2032/2032/1842
f 2032/2032/1842 2033/2033/1704 2038/2038/1847
f 2039/2039/1708 2038/2038/1847 2033/2033/1704
f 2033/2033/1704 2040/2040/1707 2039/2039/1708
f 2037/2037/1846 2041/2041/1848 2036/2036/1845
f 2041/2041/1848 2037/2037/1846 2042/2042/1849
f 2043/2043/1850 2042/2042/1849 2037/2037/1846
f 2037/2037/1846 2038/2038/1847 2043/2043/1850
f 2044/2044/1709 2043/2043/1850 2038/2038/1847
f 2038/2038/1847 2039/2039/1708 2044/2044/1709
f 2039/2039/1708 2045/2045/1851 2044/2044/1709
f 2040/2040/1707 2045/2045/1851 2039/2039/1708
f 2046/2046/1852 2045/2045/1851 2040/2040/1707
f 2047/2047/1853 2046/2046/1852 2040/2040/1707
f 2046/2046/1852 2048/2048/1703 2045/2045/1851
f 2048/2048/1703 2049/2049/1714 2045/2045/1851
f 2049/2049/1714 2050/2050/1669 2045/2045/1851
f 2050/2050/1669 2051/2051/1854 2045/2045/1851
f 2048/2048/1703 2046/2046/1852 2047/2047/1853
f 2047/2047/1853 2052/2052/1855 2048/2048/1703
f 2049/2049/1714 2048/2048/1703 2052/2052/1855
f 2052/2052/1855 2053/2053/1856 2049/2049/1714
f 2050/2050/1669 2049/2049/1714 2053/2053/1856
f 2053/2053/1856 2054/2054/1857 2050/2050/1669
f 2051/2051/1854 2050/2050/1669 2054/2054/1857
f 2054/2054/1857 2055/2055/1858 2051/2051/1854
f 2056/2056/1676 2051/2051/1854 2055/2055/1858
f 2055/2055/1858 2057/2057/1859 2056/2056/1676
f 2040/2040/1707 2033/2033/1704 2047/2047/1853
f 2031/2031/1841 2047/2047/1853 2033/2033/1704
f 2052/2052/1855 2047/2047/1853 2031/2031/1841
f 2031/2031/1841 2029/2029/1839 2052/2052/1855
f 2053/2053/1856 2052/2052/1855 2029/2029/1839
f 2029/2029/1839 2027/2027/1837 2053/2053/1856
f 2054/2054/1857 2053/2053/1856 2027/2027/1837
f 2027/2027/1837 2025/2025/1835 2054/2054/1857
f 2055/2055/1858 2054/2054/1857 2025/2025/1835
f 2025/2025/1835 2022/2022/1673 2055/2055/1858
f 2057/2057/1859 2055/2055/1858 2022/2022/1673
f 2022/2022/1673 2021/2021/1682 2057/2057/1859
f 2058/2058/1860 2057/2057/1859 2021/2021/1682
f 2021/2021/1682 2059/2059/1861 2058/2058/1860
f 2058/2058/1860 2059/2059/1861 2060/2060/1688
f 2061/2061/1690 2060/2060/1688 2059/2059/1861
f 2059/2059/1861 2062/2062/1862 2061/2061/1690
f 2063/2063/1683 2062/2062/1862 2059/2059/1861
f 2059/2059/1861 2021/2021/1682 2063/2063/1683
f 2023/2023/1674 2063/2063/1683 2021/2021/1682
f 2064/2064/1863 2056/2056/1676 2057/2057/1859
f 2057/2057/1859 2058/2058/1860 2064/2064/1863
f 2064/2064/1863 2058/2058/1860 2065/2065/1677
f 2060/2060/1688 2065/2065/1677 2058/2058/1860
f 2065/2065/1677 2060/2060/1688 2066/2066/1686
f 2067/2067/1691 2066/2066/1686 2060/2060/1688
f 2060/2060/1688 2061/2061/1690 2067/2067/1691
f 2068/2068/1719 2067/2067/1691 2061/2061/1690
f 2061/2061/1690 2069/2069/1724 2068/2068/1719
f 2069/2069/1724 2061/2061/1690 2062/2062/1862
f 2044/2044/1709 2045/2045/1851 2070/2070/1864
f 2043/2043/1850 2044/2044/1709 2070/2070/1864
f 2070/2070/1864 2071/2071/1687 2043/2043/1850
f 2042/2042/1849 2043/2043/1850 2071/2071/1687
f 2071/2071/1687 2066/2066/1686 2042/2042/1849
f 2072/2072/1865 2042/2042/1849 2066/2066/1686
f 2066/2066/1686 2067/2067/1691 2072/2072/1865
f 2073/2073/1866 2072/2072/1865 2067/2067/1691
f 2067/2067/1691 2068/2068/1719 2073/2073/1866
f 2074/2074/1782 2073/2073/1866 2068/2068/1719
f 2073/2073/1866 2074/2074/1782 2075/2075/1781
f 2072/2072/1865 2073/2073/1866 2076/2076/1867
f 2075/2075/1781 2076/2076/1867 2073/2073/1866
f 2076/2076/1867 2075/2075/1781 2077/2077/1780
f 2042/2042/1849 2072/2072/1865 2041/2041/1848
f 2076/2076/1867 2041/2041/1848 2072/2072/1865
f 2041/2041/1848 2076/2076/1867 2078/2078/1868
f 2077/2077/1780 2078/2078/1868 2076/2076/1867
f 2078/2078/1868 2077/2077/1780 2079/2079/1792
f 2080/2080/1675 2081/2081/1869 2082/2082/1788
f 2083/2083/1790 2082/2082/1788 2081/2081/1869
f 2081/2081/1869 2084/2084/1663 2083/2083/1790
f 2085/2085/1791 2083/2083/1790 2084/2084/1663
f 2084/2084/1663 2034/2034/1843 2085/2085/1791
f 2079/2079/1792 2085/2085/1791 2034/2034/1843
f 2034/2034/1843 2035/2035/1844 2079/2079/1792
f 2079/2079/1792 2035/2035/1844 2078/2078/1868
f 2036/2036/1845 2078/2078/1868 2035/2035/1844
f 2078/2078/1868 2036/2036/1845 2041/2041/1848
f 2062/2062/1862 2086/2086/1723 2069/2069/1724
f 2087/2087/1684 2086/2086/1723 2062/2062/1862
f 2062/2062/1862 2063/2063/1683 2087/2087/1684
f 2080/2080/1675 2087/2087/1684 2063/2063/1683
f 2063/2063/1683 2023/2023/1674 2080/2080/1675
f 2081/2081/1869 2080/2080/1675 2023/2023/1674
f 2023/2023/1674 2024/2024/1834 2081/2081/1869
f 2084/2084/1663 2081/2081/1869 2024/2024/1834
f 2024/2024/1834 2026/2026/1836 2084/2084/1663
f 2034/2034/1843 2084/2084/1663 2026/2026/1836
f 2068/2068/1719 2088/2088/1729 2074/2074/1782
f 2088/2088/1729 2068/2068/1719 2069/2069/1724
f 2069/2069/1724 2089/2089/1784 2088/2088/1729
f 2089/2089/1784 2069/2069/1724 2086/2086/1723
f 2086/2086/1723 2090/2090/1730 2089/2089/1784
f 2091/2091/1731 2090/2090/1730 2086/2086/1723
f 2086/2086/1723 2087/2087/1684 2091/2091/1731
f 2092/2092/1785 2091/2091/1731 2087/2087/1684
f 2087/2087/1684 2080/2080/1675 2092/2092/1785
f 2082/2082/1788 2092/2092/1785 2080/2080/1675
f 2071/2071/1687 2070/2070/1864 2093/2093/1678
f 2070/2070/1864 2045/2045/1851 2093/2093/1678
f 2051/2051/1854 2056/2056/1676 2045/2045/1851
f 2056/2056/1676 2064/2064/1863 2045/2045/1851
f 2093/2093/1678 2045/2045/1851 2064/2064/1863
f 2065/2065/1677 2093/2093/1678 2064/2064/1863
f 2093/2093/1678 2065/2065/1677 2071/2071/1687
f 2066/2066/1686 2071/2071/1687 2065/2065/1677
f 1988/1988/1816 2094/2094/1720 1993/1993/1717
f 2094/2094/1720 1988/1988/1816 2095/2095/1870
f 2095/2095/1870 2096/2096/1722 2094/2094/1720
f 2096/2096/1722 2095/2095/1870 2097/2097/1778
f 2097/2097/1778 2098/2098/1871 2096/2096/1722
f 2099/2099/1662 2098/2098/1871 2097/2097/1778
f 2097/2097/1778 2100/2100/827 2099/2099/1662
f 2101/2101/1659 2099/2099/1662 2100/2100/827
f 2100/2100/827 1994/1994/1789 2101/2101/1659
f 1996/1996/1660 2101/2101/1659 1994/1994/1789
f 1988/1988/1816 1987/1987/1815 2102/2102/1872
f 2102/2102/1872 2095/2095/1870 1988/1988/1816
f 2095/2095/1870 2102/2102/1872 2103/2103/1873
f 2103/2103/1873 2097/2097/1778 2095/2095/1870
f 2100/2100/827 2097/2097/1778 2103/2103/1873
f 2103/2103/1873 2104/2104/1874 2100/2100/827
f 1994/1994/1789 2100/2100/827 2104/2104/1874
f 2104/2104/1874 2013/2013/1827 1994/1994/1789
f 1995/1995/1818 1994/1994/1789 2013/2013/1827
f 2013/2013/1827 2002/2002/1822 1995/1995/1818
f 2013/2013/1827 2104/2104/1874 2014/2014/1828
f 2017/2017/1831 2014/2014/1828 2104/2104/1874
f 2104/2104/1874 2103/2103/1873 2017/2017/1831
f 2017/2017/1831 2103/2103/1873 2102/2102/1872
f 2102/2102/1872 2015/2015/1829 2017/2017/1831
f 2015/2015/1829 2102/2102/1872 1987/1987/1815
f 1987/1987/1815 1981/1981/1812 2015/2015/1829
f 1981/1981/1812 1987/1987/1815 1985/1985/1813
f 1985/1985/1813 1974/1974/1810 1981/1981/1812
f 1974/1974/1810 1985/1985/1813 1972/1972/1809
o SK_CheshireCat.001_SK_CheshireCat
v -0.250024 0.033982 -0.313258
v -0.250694 0.017622 -0.310184
v -0.247127 0.018992 -0.314753
v -0.255267 0.027583 -0.304295
v -0.258048 0.034724 -0.315399
v -0.253771 0.012543 -0.304214
v -0.250694 0.017622 -0.310184
v -0.263799 0.010489 -0.310122
v -0.262413 0.015225 -0.316580
v -0.247127 0.018992 -0.314753
v -0.260884 0.016141 -0.322414
v -0.267830 0.025002 -0.311123
v -0.262951 0.031054 -0.322533
v -0.263341 0.027554 -0.304751
v -0.258358 0.017465 -0.298709
v -0.265249 0.017163 -0.298262
v -0.258858 0.007699 -0.298040
v -0.263873 0.006667 -0.297313
v -0.256182 0.007216 -0.302582
v -0.260437 0.000367 -0.301973
v -0.265903 0.006147 -0.301900
v -0.268611 0.015451 -0.303768
v -0.263008 0.005630 -0.307279
v -0.256182 0.007216 -0.302582
v -0.253771 0.012543 -0.304214
v -0.228151 0.091174 0.472935
v -0.231848 0.068783 0.480712
v -0.228470 0.070638 0.473221
v -0.249486 0.068578 0.476829
v -0.249865 0.061613 0.485240
v -0.249485 0.070434 0.468494
v -0.252415 0.081887 0.486295
v -0.243050 0.085592 0.491846
v -0.239244 0.096060 0.471942
v -0.233404 0.082067 0.490581
v -0.234862 0.061791 0.488535
v -0.248471 0.054518 0.489153
v -0.237607 0.054647 0.491539
v -0.243655 0.046367 0.493572
v -0.240570 0.055569 0.499441
v -0.237566 0.068361 0.498504
v -0.244735 0.070364 0.501007
v -0.251590 0.068194 0.495424
v -0.245484 0.055704 0.501437
v -0.249113 0.055468 0.497565
v -0.249865 0.061613 0.485240
v -0.249486 0.068578 0.476829
v -0.249485 0.070434 0.468494
v -0.250380 0.091405 0.466846
v -0.248471 0.054518 0.489153
v -0.181616 0.079076 0.483242
v -0.175676 0.085275 0.461367
v -0.184136 0.090362 0.463432
v -0.188350 0.055386 0.492024
v -0.191030 0.069372 0.493871
v -0.191681 0.055866 0.493915
v -0.185625 0.066977 0.491096
v -0.188910 0.082330 0.485741
v -0.193038 0.088484 0.460031
v -0.177664 0.068497 0.467313
v -0.194075 0.067472 0.471777
v -0.193696 0.069177 0.464014
v -0.180651 0.067094 0.474711
v -0.183461 0.060841 0.481957
v -0.185904 0.054414 0.484778
v -0.190854 0.047064 0.486817
v -0.194876 0.061144 0.479444
v -0.194171 0.054633 0.482958
v -0.194850 0.055559 0.490593
v -0.196296 0.067261 0.488746
v -0.196122 0.079715 0.480279
v -0.193696 0.069177 0.464014
v -0.194075 0.067472 0.471777
v -0.194876 0.061144 0.479444
v -0.194171 0.054633 0.482958
v -0.278046 0.072352 0.456953
v -0.300332 0.068521 0.456386
v -0.298418 0.070510 0.448258
v -0.279527 0.093540 0.458638
v -0.282919 0.070121 0.463814
v -0.301810 0.061152 0.465010
v -0.306322 0.082149 0.465249
v -0.298848 0.086392 0.471997
v -0.290250 0.096984 0.452757
v -0.287619 0.083822 0.473680
v -0.287016 0.062517 0.471355
v -0.300583 0.053806 0.469402
v -0.289869 0.054795 0.473996
v -0.295900 0.045627 0.474957
v -0.294633 0.055504 0.481497
v -0.292394 0.069193 0.480895
v -0.301586 0.071146 0.480477
v -0.306224 0.067916 0.474964
v -0.300934 0.055363 0.481895
v -0.303058 0.054727 0.477884
v -0.301810 0.061152 0.465010
v -0.300332 0.068521 0.456386
v -0.298418 0.070510 0.448258
v -0.302125 0.091972 0.445425
v -0.300583 0.053806 0.469402
v -0.310351 0.077369 0.417205
v -0.312948 0.059876 0.419460
v -0.309801 0.061285 0.414253
v -0.326490 0.059616 0.415196
v -0.327424 0.054170 0.421831
v -0.324863 0.060987 0.408891
v -0.329689 0.070134 0.422494
v -0.322861 0.072906 0.427172
v -0.319377 0.081209 0.413094
v -0.314935 0.070419 0.427288
v -0.315801 0.054392 0.425405
v -0.326556 0.048590 0.425067
v -0.318139 0.048751 0.427652
v -0.322997 0.042198 0.428917
v -0.320965 0.049548 0.433660
v -0.318615 0.059689 0.432966
v -0.324598 0.061528 0.433748
v -0.329480 0.059482 0.429629
v -0.324715 0.049798 0.434658
v -0.327584 0.049422 0.431628
v -0.327424 0.054170 0.421831
v -0.326490 0.059616 0.415196
v -0.324863 0.060987 0.408891
v -0.327854 0.076991 0.409030
v -0.326556 0.048590 0.425067
v 0.181617 0.079076 0.483242
v 0.184137 0.090362 0.463432
v 0.175677 0.085275 0.461367
v 0.188911 0.082330 0.485741
v 0.193039 0.088484 0.460031
v 0.185626 0.066977 0.491096
v 0.191031 0.069372 0.493871
v 0.188351 0.055386 0.492024
v 0.191682 0.055866 0.493915
v 0.177665 0.068497 0.467313
v 0.193697 0.069177 0.464014
v 0.194076 0.067472 0.471777
v 0.180652 0.067094 0.474711
v 0.183463 0.060841 0.481957
v 0.185905 0.054414 0.484778
v 0.190855 0.047064 0.486817
v 0.194172 0.054633 0.482958
v 0.194877 0.061144 0.479444
v 0.194851 0.055559 0.490593
v 0.196297 0.067261 0.488746
v 0.196123 0.079715 0.480279
v 0.193697 0.069177 0.464014
v 0.194076 0.067472 0.471777
v 0.194877 0.061144 0.479444
v 0.194172 0.054633 0.482958
v 0.228152 0.091174 0.472935
v 0.228471 0.070638 0.473221
v 0.231849 0.068783 0.480712
v 0.249486 0.070434 0.468494
v 0.249487 0.068578 0.476829
v 0.249866 0.061613 0.485240
v 0.252416 0.081887 0.486295
v 0.239245 0.096060 0.471942
v 0.243051 0.085592 0.491846
v 0.233405 0.082067 0.490581
v 0.234863 0.061791 0.488535
v 0.248472 0.054518 0.489153
v 0.237608 0.054647 0.491539
v 0.243656 0.046367 0.493572
v 0.240571 0.055569 0.499441
v 0.237567 0.068361 0.498504
v 0.244736 0.070364 0.501007
v 0.251591 0.068194 0.495424
v 0.245485 0.055704 0.501437
v 0.249114 0.055468 0.497565
v 0.249866 0.061613 0.485240
v 0.249487 0.068578 0.476829
v 0.249486 0.070434 0.468494
v 0.250381 0.091405 0.466846
v 0.248472 0.054518 0.489153
v 0.279528 0.093540 0.458638
v 0.278047 0.072352 0.456953
v 0.282921 0.070121 0.463814
v 0.298419 0.070510 0.448258
v 0.300334 0.068521 0.456386
v 0.301811 0.061152 0.465010
v 0.306324 0.082149 0.465249
v 0.290251 0.096984 0.452757
v 0.298849 0.086392 0.471997
v 0.287620 0.083822 0.473680
v 0.287017 0.062517 0.471355
v 0.300584 0.053806 0.469402
v 0.289870 0.054795 0.473996
v 0.295901 0.045627 0.474957
v 0.294635 0.055504 0.481497
v 0.292395 0.069193 0.480895
v 0.301587 0.071146 0.480477
v 0.306225 0.067916 0.474964
v 0.300936 0.055363 0.481895
v 0.303060 0.054727 0.477884
v 0.301811 0.061152 0.465010
v 0.300334 0.068521 0.456386
v 0.298419 0.070510 0.448258
v 0.302126 0.091972 0.445425
v 0.300584 0.053806 0.469402
v 0.310352 0.077369 0.417205
v 0.309802 0.061285 0.414253
v 0.312949 0.059876 0.419460
v 0.324864 0.060987 0.408891
v 0.326491 0.059616 0.415196
v 0.327425 0.054170 0.421831
v 0.329691 0.070134 0.422494
v 0.319378 0.081209 0.413094
v 0.322862 0.072906 0.427172
v 0.314937 0.070419 0.427288
v 0.315802 0.054392 0.425405
v 0.326557 0.048590 0.425067
v 0.318140 0.048751 0.427652
v 0.322998 0.042198 0.428917
v 0.320966 0.049548 0.433660
v 0.318616 0.059689 0.432966
v 0.324599 0.061528 0.433748
v 0.329481 0.059482 0.429629
v 0.324716 0.049798 0.434658
v 0.327586 0.049422 0.431628
v 0.327425 0.054170 0.421831
v 0.326491 0.059616 0.415196
v 0.324864 0.060987 0.408891
v 0.327855 0.076991 0.409030
v 0.326557 0.048590 0.425067
v -0.115426 0.829791 0.390365
v -0.106722 0.807559 0.374658
v -0.107430 0.839931 0.378474
v -0.067002 0.810553 0.381808
v -0.062529 0.821587 0.349839
v -0.079675 0.814373 0.349405
v -0.089537 0.800053 0.377105
v -0.122159 0.799116 0.393034
v -0.138162 0.837957 0.369853
v -0.118702 0.844596 0.372774
v -0.096503 0.830275 0.353566
v -0.131861 0.776828 0.389395
v -0.143904 0.820791 0.345317
v -0.113622 0.837373 0.348767
v -0.093249 0.824344 0.320009
v -0.076564 0.818241 0.320048
v -0.059749 0.826097 0.316626
v -0.040066 0.835473 0.309034
v -0.055053 0.827329 0.281435
v -0.071059 0.818122 0.290887
v -0.086367 0.832172 0.296763
v -0.083986 0.826426 0.234257
v -0.081560 0.820015 0.186998
v -0.106520 0.824368 0.232963
v -0.110370 0.833754 0.291023
v -0.110875 0.828009 0.321557
v -0.126796 0.803809 0.328923
v -0.154145 0.782688 0.308577
v -0.130746 0.795631 0.288919
v -0.102717 0.814515 0.182836
v -0.130365 0.783342 0.190630
v -0.132870 0.792588 0.232853
v -0.105047 0.806293 0.124066
v -0.133302 0.777597 0.167650
v -0.094163 0.774439 0.036621
v -0.115849 0.753024 0.097327
v -0.144656 0.736283 0.153680
v -0.147672 0.761459 0.204051
v -0.145003 0.772227 0.242384
v -0.138731 0.771266 0.292020
v -0.154817 0.748809 0.254830
v -0.155570 0.721484 0.216946
v -0.139318 0.697767 0.155362
v -0.119730 0.715306 0.093463
v -0.152140 0.707972 0.269837
v -0.153066 0.682310 0.218578
v -0.153934 0.664152 0.272694
v -0.169436 0.668787 0.280661
v -0.164209 0.713386 0.277877
v -0.156545 0.753609 0.279024
v -0.141799 0.641233 0.272281
v -0.161700 0.631487 0.278269
v -0.161185 0.618019 0.284927
v -0.170460 0.622351 0.279081
v -0.129568 0.593478 0.284536
v -0.111870 0.584567 0.317001
v -0.149120 0.600326 0.298129
v -0.152457 0.615860 0.276527
v -0.136231 0.610941 0.263638
v -0.131539 0.614612 0.221109
v -0.141756 0.657582 0.222537
v -0.117352 0.597863 0.373833
v -0.114842 0.572757 0.272203
v -0.111788 0.574801 0.216258
v -0.081097 0.542704 0.211757
v -0.084264 0.560800 0.313587
v -0.085357 0.547081 0.267623
v -0.068666 0.575194 0.110571
v -0.036698 0.569396 0.122436
v -0.039333 0.529960 0.155426
v -0.074665 0.549947 0.158933
v -0.040868 0.523624 0.209312
v -0.041761 0.528404 0.264905
v -0.040921 0.544267 0.313893
v 0.000003 0.516275 0.264224
v 0.000003 0.507986 0.209338
v 0.000003 0.521303 0.153257
v 0.000003 0.565598 0.122620
v -0.029622 0.593320 0.093115
v 0.000003 0.591938 0.089657
v 0.000003 0.612345 0.058898
v 0.029628 0.593320 0.093115
v 0.000003 0.530408 0.312188
v 0.041768 0.528404 0.264905
v 0.040927 0.544267 0.313893
v 0.040874 0.523624 0.209312
v 0.039339 0.529960 0.155426
v 0.036704 0.569396 0.122436
v 0.048428 0.619686 0.069958
v 0.068672 0.575194 0.110571
v 0.074671 0.549947 0.158933
v 0.081103 0.542704 0.211757
v 0.085363 0.547081 0.267623
v 0.087518 0.607310 0.109774
v 0.102133 0.585170 0.162213
v 0.111794 0.574801 0.216258
v 0.131545 0.614612 0.221109
v 0.114848 0.572757 0.272203
v 0.084270 0.560800 0.313587
v 0.131849 0.594759 0.281066
v 0.139167 0.612590 0.259168
v 0.150268 0.614625 0.279877
v 0.105900 0.581203 0.326121
v 0.141118 0.595818 0.310349
v 0.159031 0.616802 0.288226
v 0.164136 0.632855 0.274562
v 0.150095 0.645900 0.259630
v 0.115608 0.596878 0.376504
v 0.170932 0.622613 0.278372
v 0.069394 0.603389 0.448746
v 0.062193 0.611401 0.449081
v 0.029677 0.596521 0.437757
v 0.031948 0.587473 0.436258
v 0.071319 0.598972 0.431357
v 0.032620 0.580416 0.424502
v 0.098566 0.588646 0.371560
v 0.036569 0.570364 0.393300
v 0.041068 0.554996 0.359895
v 0.013934 0.574672 0.418450
v 0.014406 0.571120 0.405640
v 0.013384 0.580600 0.424084
v 0.013035 0.591975 0.424786
v 0.027970 0.604278 0.433727
v 0.056614 0.617584 0.443679
v 0.028413 0.615390 0.444901
v 0.048597 0.629595 0.448623
v 0.013445 0.605033 0.428134
v 0.000003 0.590588 0.421368
v 0.000003 0.580122 0.417740
v 0.000003 0.573495 0.414010
v -0.036563 0.570364 0.393300
v 0.000003 0.567942 0.403134
v -0.014400 0.571120 0.405640
v -0.013928 0.574672 0.418450
v -0.013377 0.580600 0.424084
v -0.013029 0.591975 0.424786
v -0.013453 0.605033 0.428134
v -0.000001 0.603282 0.425884
v -0.000092 0.617575 0.425192
v -0.032614 0.580416 0.424502
v -0.100526 0.589752 0.368559
v -0.071312 0.598972 0.431357
v -0.031941 0.587473 0.436258
v -0.041062 0.554996 0.359895
v -0.069388 0.603389 0.448746
v -0.115092 0.606785 0.417054
v -0.119719 0.638967 0.434751
v 0.000003 0.560936 0.387702
v 0.000003 0.544607 0.359148
v 0.000001 0.848171 0.456383
v 0.007465 0.845414 0.453780
v -0.000033 0.841715 0.439260
v -0.000006 0.825858 0.471506
v 0.013721 0.816886 0.466189
v 0.020982 0.813104 0.452417
v 0.011856 0.840401 0.448253
v 0.008318 0.838989 0.441663
v -0.000055 0.796368 0.488332
v -0.000015 0.821162 0.433038
v 0.014012 0.817619 0.437805
v 0.036407 0.790543 0.455520
v 0.023972 0.786956 0.488360
v 0.013595 0.789319 0.505868
v 0.106254 0.739673 0.438241
v 0.073452 0.781074 0.419784
v 0.055838 0.766502 0.461834
v 0.031368 0.809739 0.419986
v -0.000006 0.818333 0.421927
v 0.043455 0.768985 0.496250
v 0.055837 0.757163 0.501682
v 0.060131 0.754161 0.486360
v 0.074145 0.750678 0.498445
v 0.074923 0.751671 0.508046
v 0.079386 0.741672 0.498692
v 0.065224 0.738374 0.484106
v 0.081073 0.741959 0.510011
v 0.070732 0.748583 0.516437
v 0.055005 0.750602 0.517726
v 0.043753 0.758502 0.531656
v 0.056551 0.720331 0.516660
v 0.074434 0.740852 0.518461
v 0.057185 0.736788 0.520066
v 0.072080 0.730897 0.515264
v 0.060894 0.715494 0.502853
v 0.077650 0.730027 0.509174
v 0.078735 0.730974 0.500338
v 0.065873 0.718701 0.489501
v 0.071158 0.738340 0.463890
v 0.053192 0.697733 0.495998
v 0.072701 0.700594 0.475248
v 0.094436 0.699333 0.457699
v 0.070352 0.678140 0.470064
v 0.052602 0.679910 0.481937
v 0.052475 0.736404 0.535402
v 0.043579 0.705901 0.531763
v 0.038563 0.673359 0.490796
v 0.054137 0.662297 0.469901
v 0.052422 0.739561 0.553127
v 0.049942 0.726729 0.555842
v 0.064390 0.733452 0.565001
v 0.048450 0.725385 0.569756
v 0.067077 0.741889 0.563504
v 0.048498 0.752208 0.554184
v 0.068602 0.742734 0.573144
v 0.062606 0.749641 0.563303
v 0.040122 0.709381 0.568324
v 0.049617 0.728116 0.585095
v 0.061782 0.734639 0.580684
v 0.064542 0.742741 0.582008
v 0.065077 0.732944 0.573272
v 0.049583 0.742596 0.587000
v 0.060887 0.750457 0.579004
v 0.064260 0.752150 0.571425
v 0.045842 0.754460 0.581427
v 0.044267 0.743133 0.597397
v 0.040809 0.721688 0.597774
v 0.037899 0.705531 0.600822
v 0.037455 0.693477 0.569818
v 0.036750 0.765026 0.593894
v 0.045843 0.758857 0.609286
v 0.023105 0.793563 0.613854
v 0.036539 0.774440 0.619139
v 0.047579 0.765427 0.620444
v 0.063480 0.757465 0.611454
v 0.067337 0.762220 0.619528
v 0.064980 0.762990 0.629238
v 0.048914 0.766479 0.632939
v 0.043321 0.780018 0.637805
v 0.025631 0.801995 0.629442
v -0.000020 0.806542 0.618598
v -0.000008 0.808267 0.607676
v 0.013528 0.801736 0.603700
v 0.009008 0.818243 0.592616
v 0.019345 0.797363 0.589679
v 0.000009 0.814044 0.626136
v 0.050475 0.744507 0.639916
v 0.065362 0.746485 0.634256
v 0.068005 0.755082 0.632880
v 0.050692 0.756960 0.640109
v 0.050794 0.762863 0.650979
v 0.047108 0.742978 0.654112
v 0.071923 0.751958 0.622535
v 0.038939 0.727401 0.628111
v 0.047318 0.735563 0.627164
v 0.045586 0.734570 0.612509
v 0.064356 0.740540 0.616672
v 0.068097 0.748874 0.612757
v 0.067206 0.741192 0.625919
v 0.046019 0.746144 0.609208
v -0.015738 0.713149 0.662315
v -0.016688 0.706231 0.633286
v -0.000018 0.704838 0.634064
v -0.000003 0.710474 0.662471
v 0.015729 0.713137 0.662318
v 0.016536 0.706219 0.633286
v 0.031253 0.719204 0.663597
v 0.031300 0.707863 0.633011
v 0.042143 0.729343 0.660506
v 0.037855 0.715983 0.630510
v 0.031689 0.698283 0.601938
v 0.017994 0.697016 0.601479
v -0.000083 0.695162 0.602034
v -0.018230 0.697029 0.601497
v -0.031752 0.698285 0.601939
v 0.029492 0.687509 0.569775
v 0.017904 0.688811 0.568918
v -0.000079 0.688850 0.569287
v -0.018105 0.688767 0.568922
v -0.015557 0.673378 0.523685
v -0.025004 0.671256 0.529177
v -0.021331 0.653385 0.495338
v 0.029194 0.656623 0.497166
v 0.028278 0.630175 0.464056
v 0.043438 0.641785 0.463548
v 0.021151 0.653386 0.495346
v 0.024867 0.671251 0.529174
v 0.015512 0.673382 0.523685
v -0.000031 0.672898 0.522766
v -0.012340 0.658517 0.484355
v 0.065841 0.654201 0.461431
v 0.033141 0.676478 0.531307
v 0.179429 0.724364 0.395281
v 0.145645 0.741865 0.415664
v 0.142486 0.712577 0.429166
v 0.161026 0.690269 0.418991
v 0.127106 0.683598 0.444982
v 0.098170 0.642872 0.448829
v 0.091953 0.674044 0.460457
v 0.082534 0.643485 0.456046
v 0.116126 0.636941 0.440244
v 0.113944 0.606135 0.418816
v 0.017023 0.616487 0.442021
v 0.007476 0.616865 0.426114
v 0.009114 0.625404 0.432787
v -0.000015 0.627747 0.431023
v -0.000043 0.639430 0.446162
v -0.009189 0.625405 0.432783
v -0.010083 0.637246 0.449899
v 0.019187 0.631025 0.462609
v 0.010015 0.637243 0.449904
v -0.000054 0.659184 0.481550
v 0.012254 0.658556 0.484334
v -0.017138 0.616479 0.442027
v -0.019266 0.631022 0.462613
v -0.028324 0.630165 0.464049
v -0.028491 0.615389 0.444901
v -0.027971 0.604279 0.433732
v -0.029671 0.596521 0.437757
v -0.048640 0.629592 0.448622
v -0.056621 0.617585 0.443684
v -0.062187 0.611401 0.449081
v -0.100338 0.644096 0.445511
v -0.166867 0.693159 0.411003
v -0.082547 0.643486 0.456046
v -0.029324 0.656637 0.497158
v -0.043420 0.641798 0.463546
v -0.065938 0.654240 0.461374
v -0.091959 0.674043 0.460462
v -0.131645 0.685460 0.439669
v -0.144572 0.713791 0.425889
v -0.182064 0.726464 0.389823
v -0.145635 0.741864 0.415668
v -0.202474 0.754936 0.353922
v -0.177285 0.782320 0.349099
v -0.150551 0.809537 0.367407
v -0.169169 0.789231 0.330855
v -0.070376 0.678149 0.470052
v -0.094434 0.699328 0.457686
v -0.106262 0.739674 0.438239
v -0.073457 0.781072 0.419783
v -0.041537 0.820404 0.389075
v -0.072673 0.700598 0.475219
v -0.052622 0.679926 0.481913
v -0.071142 0.738331 0.463873
v -0.055825 0.766494 0.461828
v -0.065215 0.738365 0.484112
v -0.065931 0.718702 0.489502
v -0.053222 0.697739 0.495988
v -0.038612 0.673365 0.490791
v -0.054165 0.662345 0.469854
v -0.060954 0.715505 0.502851
v -0.072373 0.730882 0.515286
v -0.056670 0.720337 0.516659
v -0.043582 0.705921 0.531753
v -0.033228 0.676468 0.531295
v -0.052465 0.736402 0.535390
v -0.049995 0.726808 0.555862
v -0.052497 0.739563 0.553201
v -0.040128 0.709423 0.568321
v -0.037558 0.693494 0.569817
v -0.029634 0.687522 0.569768
v -0.037952 0.705547 0.600813
v -0.031348 0.707862 0.633012
v -0.037896 0.715998 0.630508
v -0.040805 0.721696 0.597768
v -0.049642 0.728154 0.585052
v -0.048530 0.725464 0.569749
v -0.064411 0.733453 0.565002
v -0.067133 0.741890 0.563503
v -0.044323 0.743131 0.597391
v -0.049718 0.742580 0.586928
v -0.064652 0.742741 0.582011
v -0.061943 0.734639 0.580689
v -0.065204 0.732943 0.573273
v -0.068794 0.742734 0.573144
v -0.062680 0.749642 0.563303
v -0.048540 0.752136 0.554241
v -0.046593 0.757337 0.567351
v -0.035331 0.766711 0.562130
v -0.060949 0.750460 0.579008
v -0.045991 0.754391 0.581386
v -0.064279 0.752150 0.571426
v -0.043823 0.758478 0.531650
v -0.022354 0.779287 0.557479
v -0.036831 0.765018 0.593898
v -0.028105 0.782924 0.591742
v -0.013906 0.796778 0.575054
v -0.019475 0.797350 0.589679
v -0.006185 0.811594 0.580494
v -0.010739 0.813787 0.586545
v -0.005306 0.823082 0.576941
v -0.006887 0.825128 0.580520
v -0.005270 0.828975 0.582827
v -0.009077 0.818206 0.592577
v -0.013604 0.801701 0.603685
v -0.023211 0.793552 0.613870
v -0.000001 0.822607 0.596510
v -0.000008 0.808267 0.607676
v -0.000020 0.806542 0.618598
v -0.025647 0.801978 0.629452
v 0.000009 0.814044 0.626136
v -0.036609 0.774437 0.619139
v -0.046009 0.758792 0.609420
v -0.063524 0.757466 0.611451
v -0.067350 0.762222 0.619526
v -0.047749 0.765348 0.620473
v -0.043370 0.780014 0.637813
v -0.049063 0.766395 0.632900
v -0.065082 0.763001 0.629245
v -0.072072 0.751958 0.622534
v -0.068117 0.748874 0.612758
v -0.046098 0.746156 0.609246
v -0.045664 0.734591 0.612520
v -0.065509 0.746484 0.634260
v -0.068189 0.755083 0.632884
v -0.050767 0.744544 0.639863
v -0.050904 0.756948 0.640071
v -0.050893 0.762862 0.650979
v -0.039138 0.727422 0.628113
v -0.042170 0.729348 0.660504
v -0.047214 0.743021 0.654142
v -0.047516 0.735606 0.627158
v -0.064376 0.740540 0.616674
v -0.067259 0.741191 0.625920
v -0.031298 0.719219 0.663592
v -0.043795 0.713667 -0.544990
v -0.067672 0.712825 -0.533778
v -0.035734 0.745047 -0.540568
v -0.010013 0.799441 -0.513458
v 0.000003 0.784990 -0.523782
v -0.014371 0.784404 -0.518768
v 0.000003 0.769842 -0.530653
v -0.025096 0.766589 -0.520321
v 0.000003 0.759230 -0.545896
v -0.068909 0.747187 -0.526250
v -0.091206 0.737544 -0.502255
v -0.097169 0.697675 -0.519461
v -0.111391 0.691792 -0.488727
v -0.025324 0.788750 -0.500793
v -0.018680 0.789628 -0.505665
v -0.012834 0.798976 -0.504310
v -0.009687 0.798777 -0.498227
v -0.014054 0.788275 -0.491825
v -0.023236 0.791424 -0.470130
v -0.038259 0.806308 -0.436270
v -0.017394 0.815885 -0.435535
v -0.013580 0.815348 -0.451568
v 0.000003 0.790581 -0.472794
v 0.000003 0.786859 -0.487021
v 0.000003 0.799123 -0.494220
v 0.000003 0.800967 -0.513910
v -0.095768 0.733897 -0.400771
v -0.074967 0.779282 -0.387188
v -0.069849 0.789790 -0.416445
v -0.023025 0.813275 -0.402771
v -0.011627 0.817644 -0.422276
v -0.006310 0.829927 -0.428401
v -0.008420 0.830546 -0.433253
v -0.006456 0.831964 -0.441611
v -0.037563 0.812184 -0.375477
v -0.073921 0.779289 -0.340372
v 0.000003 0.817636 -0.456689
v 0.000003 0.833853 -0.441281
v 0.000003 0.829944 -0.425853
v 0.000003 0.821519 -0.418771
v 0.000003 0.825158 -0.405346
v -0.012966 0.834319 -0.384732
v -0.019213 0.831076 -0.371851
v -0.010704 0.831497 -0.358806
v -0.007339 0.851253 -0.361427
v 0.000003 0.837410 -0.353849
v 0.000003 0.852114 -0.357555
v 0.000003 0.858022 -0.373851
v -0.008738 0.853350 -0.374202
v 0.000003 0.842037 -0.392803
v -0.010307 0.850476 -0.366996
v 0.000003 0.835285 -0.342756
v -0.025673 0.822540 -0.340362
v -0.013803 0.848059 -0.314328
v -0.039042 0.823399 -0.300186
v 0.000003 0.855421 -0.324061
v -0.074032 0.784780 -0.292256
v -0.029246 0.839758 -0.258754
v -0.015958 0.847470 -0.279977
v -0.022214 0.846315 -0.298182
v -0.008406 0.873961 -0.292730
v 0.000003 0.879350 -0.292768
v -0.008503 0.871352 -0.277594
v 0.000003 0.871468 -0.271283
v 0.000003 0.848953 -0.272333
v 0.000003 0.849182 -0.258691
v -0.011882 0.870369 -0.285553
v 0.000003 0.865298 -0.163582
v 0.000003 0.870240 -0.182622
v -0.017140 0.866590 -0.189732
v -0.010449 0.887262 -0.196413
v 0.000003 0.887928 -0.190863
v 0.000003 0.896216 -0.212218
v -0.011588 0.891299 -0.211845
v 0.000003 0.877622 -0.236169
v -0.016929 0.871045 -0.227018
v -0.043934 0.839900 -0.208243
v -0.025859 0.867346 -0.208847
v -0.014143 0.885833 -0.204421
v -0.031487 0.852699 -0.161511
v -0.017603 0.874376 -0.095499
v -0.010962 0.890613 -0.095900
v -0.016085 0.895941 -0.105459
v -0.027173 0.876244 -0.115385
v -0.043478 0.849668 -0.116316
v -0.067368 0.805668 -0.158706
v -0.068763 0.800586 -0.198738
v -0.069730 0.793072 -0.243857
v -0.068718 0.806868 -0.116180
v -0.082894 0.753088 -0.189312
v -0.082606 0.758085 -0.153555
v -0.082539 0.761030 -0.114774
v -0.066081 0.804492 -0.070157
v -0.030218 0.856628 -0.070699
v 0.000003 0.868385 -0.069499
v -0.049992 0.839492 0.060666
v -0.013597 0.868170 0.054786
v -0.025848 0.853668 0.015095
v -0.075524 0.818937 0.045785
v -0.039724 0.846011 -0.021569
v -0.073921 0.795017 -0.023177
v -0.082977 0.760566 -0.069558
v -0.070557 0.717995 -0.112431
v -0.069578 0.715470 -0.151415
v -0.052870 0.686037 -0.149831
v -0.071751 0.716702 -0.067355
v -0.083637 0.749644 -0.018414
v -0.073141 0.828089 0.134033
v -0.045996 0.832618 0.140738
v -0.054335 0.827414 0.181219
v -0.064588 0.819624 0.197496
v -0.066061 0.819263 0.235976
v -0.052065 0.824205 0.231412
v -0.029343 0.839062 0.258666
v -0.037464 0.829687 0.224716
v -0.029969 0.826186 0.184322
v -0.023791 0.845225 0.142081
v -0.013243 0.845307 0.126068
v -0.006806 0.861307 0.127835
v 0.000003 0.849230 0.120322
v 0.000003 0.843917 0.108077
v -0.011480 0.864003 0.134500
v 0.000003 0.864567 0.124136
v -0.007353 0.867380 0.141648
v -0.015098 0.845998 0.160240
v 0.000003 0.842132 0.183934
v -0.009666 0.860043 0.201533
v 0.000003 0.861404 0.193253
v -0.007581 0.881923 0.196836
v 0.000003 0.852982 0.168966
v 0.000003 0.870916 0.144266
v -0.019285 0.866203 0.211953
v -0.010552 0.884949 0.202603
v 0.000003 0.884390 0.196475
v -0.007267 0.889510 0.207640
v -0.012618 0.872353 0.222387
v 0.000003 0.851611 0.258792
v -0.010036 0.863892 0.285323
v 0.000003 0.866863 0.277221
v 0.000003 0.880772 0.228160
v 0.000003 0.891781 0.209374
v -0.020444 0.865889 0.302086
v -0.006203 0.885977 0.282778
v -0.011172 0.888732 0.289654
v 0.000003 0.888500 0.279891
v -0.007537 0.893368 0.295891
v -0.011753 0.867081 0.320224
v -0.030242 0.837038 0.351395
v 0.000003 0.852701 0.349517
v 0.000003 0.873246 0.327003
v 0.000003 0.895450 0.298151
v -0.010771 0.854552 0.373447
v 0.000003 0.862037 0.364878
v -0.005376 0.877945 0.373797
v 0.000003 0.881952 0.372432
v -0.008118 0.880388 0.381496
v -0.005690 0.881406 0.387800
v -0.017267 0.850954 0.389608
v -0.009561 0.848385 0.400907
v 0.000003 0.883004 0.390462
v 0.000003 0.851609 0.408770
v -0.000006 0.818333 0.421927
v -0.031428 0.809738 0.419986
v -0.014117 0.817550 0.437823
v -0.036469 0.790538 0.455523
v -0.000015 0.821162 0.433038
v -0.043493 0.768974 0.496247
v -0.024064 0.786953 0.488364
v -0.032023 0.773227 0.525610
v -0.055124 0.750597 0.517724
v -0.055867 0.757154 0.501680
v -0.060215 0.754132 0.486365
v -0.070885 0.748586 0.516444
v -0.075056 0.751673 0.508048
v -0.057208 0.736792 0.519965
v -0.074545 0.740856 0.518467
v -0.081123 0.741959 0.510011
v -0.074463 0.750707 0.498439
v -0.079511 0.741672 0.498692
v -0.078838 0.730973 0.500339
v -0.077830 0.730026 0.509181
v -0.061064 0.860161 -0.443892
v -0.046527 0.862983 -0.452499
v -0.064055 0.859211 -0.461901
v -0.052857 0.856980 -0.470518
v -0.041436 0.854418 -0.465943
v -0.035918 0.854529 -0.457145
v -0.036822 0.856555 -0.444164
v -0.046272 0.856690 -0.436129
v -0.036940 0.819669 -0.457554
v -0.036822 0.856555 -0.444164
v -0.056809 0.818725 -0.431096
v -0.091294 0.801951 -0.451506
v -0.064055 0.859211 -0.461901
v -0.088415 0.785816 -0.487047
v -0.065332 0.789757 -0.506647
v -0.068909 0.747187 -0.526250
v -0.042593 0.794246 -0.499396
v -0.025096 0.766589 -0.520321
v -0.036082 0.806386 -0.482121
v -0.025324 0.788750 -0.500793
v -0.091206 0.737544 -0.502255
v -0.041436 0.854418 -0.465943
v -0.035918 0.854529 -0.457145
v -0.052857 0.856980 -0.470518
v -0.097048 0.746767 -0.452158
v -0.069849 0.789790 -0.416445
v -0.038259 0.806308 -0.436270
v -0.023236 0.791424 -0.470130
v -0.036082 0.806386 -0.482121
v -0.035918 0.854529 -0.457145
v -0.025324 0.788750 -0.500793
v -0.106827 -0.002686 -0.242125
v -0.110490 -0.002532 -0.239798
v -0.109068 -0.012304 -0.246794
v -0.103881 -0.004480 -0.249257
v -0.112718 -0.004753 -0.251999
v -0.103881 -0.004480 -0.249257
v -0.113775 -0.002900 -0.243959
v -0.110132 0.012412 -0.241794
v -0.104200 0.009747 -0.244478
v -0.101333 0.002139 -0.252906
v -0.099939 0.022239 -0.254602
v -0.098211 0.008065 -0.261900
v -0.092871 0.029016 -0.280339
v -0.094749 0.008996 -0.270091
v -0.113536 0.001762 -0.256583
v -0.115607 0.009395 -0.247462
v -0.112564 0.007626 -0.265595
v -0.115463 0.021806 -0.258203
v -0.107915 0.026568 -0.253590
v -0.102141 0.034171 -0.279417
v -0.111613 0.028944 -0.280938
v -0.111903 0.008513 -0.274105
v -0.094749 0.008996 -0.270091
v -0.098211 0.008065 -0.261900
v -0.101333 0.002139 -0.252906
v 0.152146 0.707972 0.269837
v 0.164214 0.713387 0.277876
v 0.170726 0.669510 0.278700
v 0.156818 0.753575 0.279046
v 0.154823 0.748809 0.254830
v 0.145102 0.772042 0.242492
v 0.153941 0.664152 0.272694
v 0.155576 0.721484 0.216946
v 0.147678 0.761459 0.204051
v 0.130371 0.783342 0.190630
v 0.132876 0.792588 0.232853
v 0.106526 0.824368 0.232963
v 0.139324 0.697767 0.155362
v 0.153072 0.682310 0.218578
v 0.141762 0.657582 0.222537
v 0.133522 0.671533 0.160176
v 0.114696 0.686681 0.097534
v 0.119736 0.715306 0.093463
v 0.096013 0.706503 0.045258
v 0.099131 0.736575 0.037560
v 0.086835 0.721985 0.007140
v 0.083643 0.749644 -0.018414
v 0.120303 0.626685 0.163190
v 0.103671 0.646902 0.107651
v 0.090289 0.674758 0.053752
v 0.080681 0.694356 0.010857
v 0.075266 0.708750 -0.025207
v 0.065965 0.664496 0.016978
v 0.059766 0.675246 -0.022277
v 0.036330 0.656538 -0.020158
v 0.071757 0.716702 -0.067355
v 0.055945 0.683254 -0.065234
v 0.032717 0.665523 -0.063158
v 0.000003 0.659528 -0.063023
v 0.000003 0.648461 -0.019542
v 0.040680 0.646774 0.021715
v 0.077825 0.640803 0.059219
v 0.054785 0.686707 -0.109659
v 0.070563 0.717996 -0.112431
v 0.030332 0.670368 -0.107480
v 0.000003 0.666414 -0.106618
v -0.032711 0.665523 -0.063158
v -0.036324 0.656538 -0.020158
v 0.000003 0.648461 -0.019542
v -0.059760 0.675246 -0.022277
v -0.055939 0.683254 -0.065234
v -0.030326 0.670368 -0.107480
v 0.000003 0.666997 -0.147370
v 0.028717 0.671079 -0.148003
v 0.052876 0.686038 -0.149831
v 0.069584 0.715470 -0.151415
v 0.000003 0.663341 -0.183401
v 0.027010 0.667014 -0.184272
v -0.028711 0.671078 -0.148003
v -0.054779 0.686706 -0.109659
v -0.075260 0.708750 -0.025207
v 0.026259 0.660026 -0.218089
v 0.050801 0.674051 -0.219289
v 0.051092 0.682004 -0.185519
v 0.000003 0.656384 -0.216225
v -0.027004 0.667014 -0.184272
v 0.095828 0.675426 -0.278506
v 0.097425 0.722592 -0.327134
v 0.091713 0.734467 -0.268476
v 0.083843 0.689299 -0.249164
v 0.086060 0.743139 -0.224970
v 0.072312 0.700231 -0.218214
v 0.068192 0.710784 -0.185728
v 0.082983 0.760566 -0.069558
v 0.082545 0.761030 -0.114774
v 0.082613 0.758086 -0.153555
v 0.082900 0.753089 -0.189312
v 0.066087 0.804492 -0.070157
v 0.068724 0.806869 -0.116180
v 0.067374 0.805668 -0.158706
v 0.068769 0.800587 -0.198738
v 0.069736 0.793072 -0.243857
v 0.029252 0.839758 -0.258754
v 0.074038 0.784780 -0.292256
v 0.039048 0.823399 -0.300186
v 0.043940 0.839900 -0.208243
v 0.043484 0.849669 -0.116316
v 0.031493 0.852700 -0.161511
v 0.017146 0.866590 -0.189732
v 0.000003 0.865298 -0.163582
v 0.000003 0.870240 -0.182622
v 0.000003 0.849182 -0.258691
v 0.015964 0.847470 -0.279977
v 0.000003 0.848953 -0.272333
v 0.016935 0.871046 -0.227018
v 0.025865 0.867346 -0.208847
v 0.010455 0.887262 -0.196413
v 0.000003 0.887928 -0.190863
v 0.000003 0.896216 -0.212218
v 0.011594 0.891299 -0.211845
v 0.014149 0.885833 -0.204421
v 0.000003 0.877622 -0.236169
v 0.043801 0.713667 -0.544990
v 0.035740 0.745047 -0.540568
v 0.067678 0.712825 -0.533778
v 0.000003 0.759230 -0.545896
v 0.000003 0.769842 -0.530653
v 0.025103 0.766589 -0.520321
v 0.068915 0.747187 -0.526250
v 0.091212 0.737544 -0.502255
v 0.097175 0.697675 -0.519461
v 0.111397 0.691792 -0.488727
v 0.097054 0.746767 -0.452158
v 0.119743 0.703299 -0.435982
v 0.095774 0.733898 -0.400771
v 0.069855 0.789791 -0.416445
v 0.073927 0.779289 -0.340372
v 0.074974 0.779282 -0.387188
v 0.023031 0.813275 -0.402771
v 0.038265 0.806308 -0.436270
v 0.037569 0.812184 -0.375477
v 0.025679 0.822540 -0.340362
v 0.010710 0.831497 -0.358806
v 0.000003 0.835285 -0.342756
v 0.000003 0.837410 -0.353849
v 0.012972 0.834319 -0.384732
v 0.019219 0.831076 -0.371851
v 0.007345 0.851253 -0.361427
v 0.000003 0.852114 -0.357555
v 0.000003 0.858022 -0.373851
v 0.008744 0.853350 -0.374202
v 0.000003 0.842037 -0.392803
v 0.010313 0.850476 -0.366996
v 0.013809 0.848059 -0.314328
v 0.000003 0.855421 -0.324061
v 0.008412 0.873961 -0.292730
v 0.000003 0.879350 -0.292768
v 0.008509 0.871352 -0.277594
v 0.000003 0.871468 -0.271283
v 0.011889 0.870369 -0.285553
v 0.022220 0.846315 -0.298182
v -0.012940 0.875654 0.082882
v -0.023754 0.860945 0.069449
v -0.016003 0.853588 0.085644
v -0.030105 0.835715 0.105715
v 0.000003 0.852652 0.094563
v -0.009532 0.872982 0.090454
v -0.010273 0.882550 0.076115
v -0.010566 0.894845 -0.017657
v -0.013240 0.888744 -0.010438
v -0.009062 0.888320 -0.002470
v -0.018775 0.872790 -0.019026
v -0.013259 0.869784 -0.004400
v 0.000003 0.865214 0.016914
v 0.000003 0.879091 0.049152
v 0.000003 0.885816 0.077706
v 0.000003 0.871352 0.096842
v -0.014661 0.879386 -0.034452
v 0.000003 0.870441 0.004188
v 0.000003 0.888432 0.004936
v 0.000003 0.899582 -0.016305
v 0.000003 0.887199 -0.043270
v 0.000003 0.875602 -0.087944
v 0.000003 0.892578 -0.093642
v -0.010293 0.901042 -0.112183
v -0.016379 0.880192 -0.131316
v 0.000003 0.905037 -0.113136
v 0.000003 0.887502 -0.140517
v -0.087512 0.607310 0.109774
v -0.102127 0.585170 0.162213
v -0.120297 0.626685 0.163190
v -0.103665 0.646902 0.107651
v -0.133516 0.671533 0.160176
v -0.114690 0.686681 0.097534
v -0.096007 0.706503 0.045258
v -0.090283 0.674758 0.053752
v -0.077819 0.640803 0.059219
v -0.048421 0.619686 0.069958
v -0.086829 0.721985 0.007140
v -0.080675 0.694356 0.010857
v -0.065959 0.664496 0.016978
v -0.040674 0.646774 0.021715
v 0.000003 0.633549 0.020798
v -0.099125 0.736575 0.037560
v 0.115855 0.753024 0.097327
v 0.133308 0.777597 0.167650
v 0.144662 0.736283 0.153680
v 0.105053 0.806293 0.124066
v 0.094169 0.774439 0.036621
v 0.102723 0.814515 0.182836
v 0.081566 0.820015 0.186998
v 0.073147 0.826363 0.134033
v 0.075530 0.818937 0.045785
v 0.073927 0.795017 -0.023177
v 0.049998 0.839492 0.060666
v 0.030111 0.835715 0.105715
v 0.046002 0.832618 0.140738
v 0.054341 0.827414 0.181219
v 0.064594 0.819624 0.197496
v 0.083992 0.826426 0.234257
v 0.110376 0.833754 0.291023
v 0.134028 0.795434 0.288676
v 0.071065 0.818122 0.290887
v 0.066067 0.819263 0.235976
v 0.052071 0.824205 0.231412
v 0.086373 0.832172 0.296763
v 0.111141 0.828033 0.321446
v 0.140795 0.770512 0.292520
v 0.154325 0.782676 0.308570
v 0.126049 0.805632 0.328547
v 0.143820 0.820855 0.345189
v 0.113501 0.837371 0.348800
v 0.118660 0.844614 0.372741
v 0.096183 0.830019 0.354233
v 0.107522 0.839891 0.378551
v 0.107317 0.807527 0.374608
v 0.115805 0.829834 0.390187
v 0.122994 0.799301 0.392426
v 0.138195 0.838026 0.369688
v 0.150655 0.809666 0.367085
v 0.177290 0.782321 0.349097
v 0.169877 0.788913 0.331846
v 0.132522 0.776956 0.388956
v 0.202011 0.754721 0.354526
v 0.059755 0.826097 0.316626
v 0.076570 0.818241 0.320048
v 0.062535 0.821587 0.349839
v 0.080219 0.812676 0.353242
v 0.067008 0.810553 0.381808
v 0.091513 0.799562 0.377825
v 0.090452 0.823139 0.323418
v 0.010558 0.884949 0.202603
v 0.007587 0.881923 0.196836
v 0.000003 0.884390 0.196475
v 0.007273 0.889510 0.207640
v 0.019291 0.866203 0.211953
v 0.012624 0.872353 0.222387
v 0.037470 0.829687 0.224716
v 0.029349 0.839062 0.258666
v 0.055059 0.827329 0.281435
v 0.009672 0.860043 0.201533
v 0.029975 0.826186 0.184322
v 0.000003 0.842132 0.183934
v 0.000003 0.861404 0.193253
v 0.015104 0.845998 0.160240
v 0.000003 0.852982 0.168966
v 0.023797 0.846951 0.142081
v 0.007359 0.867380 0.141648
v 0.000003 0.870916 0.144266
v 0.000003 0.864567 0.124136
v 0.011486 0.864003 0.134500
v 0.006812 0.861307 0.127835
v 0.000003 0.843917 0.108077
v 0.000003 0.849230 0.120322
v 0.013249 0.845307 0.126068
v 0.016009 0.853588 0.085644
v 0.000003 0.852652 0.094563
v 0.009538 0.872982 0.090454
v 0.000003 0.871352 0.096842
v 0.000003 0.885816 0.077706
v 0.000003 0.865214 0.016914
v 0.013603 0.868170 0.054786
v 0.025854 0.853668 0.015095
v 0.000003 0.879091 0.049152
v 0.010279 0.882550 0.076115
v 0.012946 0.875654 0.082882
v 0.023760 0.860945 0.069449
v 0.000003 0.868385 -0.069499
v 0.000003 0.887199 -0.043270
v 0.014667 0.879386 -0.034452
v 0.030225 0.856628 -0.070699
v 0.039730 0.846011 -0.021569
v 0.009068 0.888320 -0.002470
v 0.000003 0.888432 0.004936
v 0.000003 0.870441 0.004188
v 0.000003 0.899582 -0.016305
v 0.010572 0.894845 -0.017657
v 0.018781 0.872790 -0.019026
v 0.013265 0.869784 -0.004400
v 0.013246 0.888744 -0.010438
v -0.007700 0.616866 0.426100
v 0.061070 0.860162 -0.443892
v 0.064061 0.859212 -0.461901
v 0.046533 0.862983 -0.452499
v 0.052863 0.856981 -0.470518
v 0.041442 0.854418 -0.465943
v 0.035924 0.854529 -0.457145
v 0.036828 0.856555 -0.444164
v 0.046278 0.856690 -0.436129
v 0.036828 0.856555 -0.444164
v 0.037360 0.819669 -0.457554
v 0.056815 0.818726 -0.431096
v 0.091300 0.801952 -0.451506
v 0.064061 0.859212 -0.461901
v 0.088421 0.785816 -0.487047
v 0.065338 0.789758 -0.506647
v 0.068915 0.747187 -0.526250
v 0.042599 0.794245 -0.499396
v 0.025103 0.766589 -0.520321
v 0.036088 0.806385 -0.482121
v 0.025330 0.788750 -0.500793
v 0.091212 0.737544 -0.502255
v 0.052863 0.856981 -0.470518
v 0.041442 0.854418 -0.465943
v 0.035924 0.854529 -0.457145
v 0.097054 0.746767 -0.452158
v 0.069855 0.789791 -0.416445
v 0.038265 0.806308 -0.436270
v 0.023242 0.791424 -0.470130
v 0.036088 0.806385 -0.482121
v 0.035924 0.854529 -0.457145
v 0.025330 0.788750 -0.500793
v 0.153439 -0.007489 -0.391863
v 0.210707 -0.000050 -0.349959
v 0.172274 -0.002534 -0.324645
v 0.192636 0.059082 -0.425254
v 0.179118 0.043071 -0.441602
v 0.166338 0.077310 -0.472292
v 0.141882 0.039390 -0.452312
v 0.142691 0.009865 -0.438161
v 0.111721 0.008766 -0.418470
v 0.098819 -0.004950 -0.367442
v 0.122067 -0.003357 -0.322037
v 0.138831 0.003501 -0.301664
v 0.166609 0.003645 -0.304179
v 0.138966 0.089921 -0.499943
v 0.118460 0.124606 -0.501625
v 0.138266 0.123173 -0.513754
v 0.160414 0.097456 -0.492854
v 0.141067 0.071515 -0.479700
v 0.117681 0.072737 -0.469498
v 0.111470 0.036860 -0.430945
v 0.090371 0.011372 -0.361619
v 0.158633 0.129434 -0.504757
v 0.158499 0.180986 -0.523964
v 0.164922 0.164746 -0.498818
v 0.163181 0.155685 -0.484789
v 0.163300 0.134458 -0.481603
v 0.167125 0.110205 -0.471018
v 0.175833 0.089189 -0.452937
v 0.183189 0.074964 -0.403333
v 0.219753 0.035319 -0.392661
v 0.200358 0.051382 -0.375834
v 0.153260 0.152085 -0.463162
v 0.164909 0.058718 -0.360390
v 0.219360 0.035274 -0.339346
v 0.239526 0.031956 -0.359584
v 0.238631 0.016785 -0.366325
v 0.218449 0.019852 -0.401400
v 0.180926 0.047449 -0.312456
v 0.122124 0.052546 -0.353770
v 0.121414 0.071375 -0.388890
v 0.097535 0.031120 -0.356975
v 0.105918 0.053574 -0.405581
v 0.111470 0.036860 -0.430945
v 0.117681 0.072737 -0.469498
v 0.111283 0.082530 -0.441979
v 0.123720 0.097180 -0.422783
v 0.090371 0.011372 -0.361619
v 0.092279 0.011495 -0.318839
v 0.102248 0.034979 -0.315521
v 0.131687 0.046728 -0.303864
v 0.147397 0.103940 -0.419520
v 0.124120 0.116954 -0.446604
v 0.114080 0.103891 -0.462754
v 0.121954 0.135387 -0.460319
v 0.140766 0.121269 -0.440721
v 0.137910 0.138651 -0.454435
v 0.158461 0.119242 -0.449252
v 0.154087 0.138154 -0.459628
v 0.118594 0.092836 -0.488065
v 0.111911 0.130365 -0.478251
v 0.109069 0.149757 -0.483207
v 0.119895 0.149959 -0.463163
v 0.136443 0.151010 -0.457363
v 0.118460 0.124606 -0.501625
v 0.119073 0.169679 -0.521286
v 0.168293 0.099340 -0.430612
v 0.154518 0.081515 -0.389354
v 0.103882 -0.004479 -0.249257
v 0.109069 -0.012303 -0.246794
v 0.106828 -0.002685 -0.242125
v 0.110491 -0.002531 -0.239798
v 0.101334 0.002140 -0.252906
v 0.113537 0.001763 -0.256583
v 0.112719 -0.004752 -0.251999
v 0.103882 -0.004479 -0.249257
v 0.113776 -0.002899 -0.243959
v 0.110133 0.012413 -0.241794
v 0.104201 0.009748 -0.244478
v 0.101334 0.002140 -0.252906
v 0.112565 0.007627 -0.265595
v 0.115464 0.021807 -0.258203
v 0.115608 0.009396 -0.247462
v 0.107916 0.026569 -0.253590
v 0.111614 0.028945 -0.280938
v 0.111904 0.008514 -0.274105
v 0.094750 0.008997 -0.270091
v 0.098212 0.008066 -0.261900
v 0.102142 0.034172 -0.279417
v 0.099940 0.022240 -0.254602
v 0.092872 0.029017 -0.280339
v 0.098212 0.008066 -0.261900
v 0.094750 0.008997 -0.270091
v 0.160190 -0.002474 -0.235636
v 0.166478 -0.010794 -0.235302
v 0.164502 -0.001548 -0.229016
v 0.169750 -0.001652 -0.228108
v 0.152665 0.011630 -0.245517
v 0.171175 0.004412 -0.244608
v 0.156983 0.004666 -0.237712
v 0.170468 -0.002657 -0.240511
v 0.160190 -0.002474 -0.235636
v 0.172583 -0.001692 -0.232425
v 0.169420 0.014877 -0.228840
v 0.161458 0.011424 -0.229478
v 0.169348 0.011335 -0.252917
v 0.173978 0.024787 -0.244266
v 0.174725 0.011187 -0.235073
v 0.166206 0.029601 -0.237469
v 0.158480 0.041644 -0.261509
v 0.168544 0.034369 -0.263583
v 0.167892 0.013149 -0.261174
v 0.148039 0.013460 -0.252711
v 0.147809 0.034262 -0.253094
v 0.156021 0.025064 -0.236611
v 0.156983 0.004666 -0.237712
v 0.152665 0.011630 -0.245517
v 0.148039 0.013460 -0.252711
v -0.004485 0.817376 0.514067
v -0.012957 0.802432 0.521381
v -0.007518 0.818729 0.517593
v -0.005706 0.821547 0.522069
v -0.009997 0.804895 0.531867
v -0.000029 0.809942 0.538363
v -0.000037 0.823535 0.524881
v -0.000042 0.819895 0.512279
v -0.000054 0.796604 0.546839
v -0.000053 0.802666 0.510055
v -0.006418 0.800887 0.515009
v -0.020860 0.785160 0.522171
v -0.016313 0.790065 0.541089
v -0.013804 0.789286 0.505866
v -0.000062 0.792759 0.501709
v -0.000055 0.796368 0.488332
v -0.007502 0.845398 0.453780
v -0.013741 0.816845 0.466175
v -0.000006 0.825858 0.471506
v 0.000001 0.848171 0.456383
v -0.000033 0.841715 0.439260
v -0.021021 0.813051 0.452418
v -0.008428 0.838966 0.441709
v -0.011988 0.840371 0.448268
v 0.210124 0.002120 -0.255153
v 0.215799 -0.006832 -0.253747
v 0.214665 0.003568 -0.248464
v 0.220223 0.002845 -0.247401
v 0.203446 0.015979 -0.267290
v 0.221852 0.007123 -0.265269
v 0.207437 0.009386 -0.258504
v 0.220551 0.000482 -0.260139
v 0.210124 0.002120 -0.255153
v 0.222924 0.002279 -0.251956
v 0.221071 0.018452 -0.250336
v 0.212645 0.016922 -0.250615
v 0.220473 0.013320 -0.274667
v 0.226537 0.027564 -0.267500
v 0.226209 0.014806 -0.256315
v 0.218906 0.032461 -0.260599
v 0.210819 0.041280 -0.282004
v 0.221634 0.035016 -0.288799
v 0.219043 0.014242 -0.283412
v 0.198785 0.017400 -0.274548
v 0.200945 0.038240 -0.275569
v 0.208217 0.030419 -0.259450
v 0.207437 0.009386 -0.258504
v 0.203446 0.015979 -0.267290
v 0.198785 0.017400 -0.274548
v 0.005147 0.823068 0.576899
v 0.006692 0.825113 0.580485
v 0.010636 0.813820 0.586451
v 0.005151 0.828987 0.582831
v 0.006091 0.811633 0.580378
v -0.000050 0.811771 0.575355
v -0.000050 0.824799 0.575064
v -0.000008 0.831790 0.585139
v -0.000001 0.822607 0.596510
v 0.046522 0.757393 0.567345
v 0.035313 0.766724 0.562129
v 0.022229 0.779300 0.557476
v 0.028035 0.782937 0.591739
v 0.013702 0.796776 0.575059
v -0.000041 0.799937 0.570214
v -0.000037 0.823535 0.524881
v 0.005616 0.821543 0.522071
v -0.000042 0.819895 0.512279
v -0.000029 0.809942 0.538363
v 0.009984 0.804925 0.531883
v -0.000054 0.796604 0.546839
v 0.016213 0.790095 0.541110
v -0.000025 0.791201 0.558001
v -0.000062 0.792759 0.501709
v 0.006289 0.800927 0.514927
v -0.000053 0.802666 0.510055
v 0.004377 0.817371 0.514029
v 0.007382 0.818714 0.517604
v 0.012887 0.802454 0.521397
v 0.020788 0.785160 0.522171
v 0.031938 0.773233 0.525610
v 0.256182 0.007217 -0.302582
v 0.260438 0.000368 -0.301973
v 0.258859 0.007700 -0.298040
v 0.263874 0.006668 -0.297313
v 0.250695 0.017623 -0.310184
v 0.263800 0.010490 -0.310122
v 0.253772 0.012544 -0.304214
v 0.263009 0.005631 -0.307279
v 0.256182 0.007217 -0.302582
v 0.265904 0.006148 -0.301900
v 0.265250 0.017164 -0.298262
v 0.258359 0.017466 -0.298709
v 0.262414 0.015226 -0.316580
v 0.267831 0.025003 -0.311123
v 0.268612 0.015452 -0.303768
v 0.263342 0.027555 -0.304751
v 0.258048 0.034725 -0.315399
v 0.262952 0.031055 -0.322533
v 0.260884 0.016142 -0.322414
v 0.247128 0.018993 -0.314753
v 0.255268 0.027584 -0.304295
v 0.250024 0.033983 -0.313258
v 0.253772 0.012544 -0.304214
v 0.250695 0.017623 -0.310184
v 0.247128 0.018993 -0.314753
v 0.005382 0.877945 0.373797
v 0.017273 0.850954 0.389608
v 0.010777 0.854552 0.373447
v 0.008125 0.880388 0.381496
v 0.000003 0.881952 0.372432
v 0.005696 0.881406 0.387800
v 0.000003 0.883004 0.390462
v 0.000003 0.851609 0.408770
v 0.009567 0.848385 0.400907
v 0.041543 0.820404 0.389075
v 0.030248 0.837038 0.351395
v 0.000003 0.852701 0.349517
v 0.011759 0.867081 0.320224
v 0.000003 0.873246 0.327003
v 0.007543 0.893368 0.295891
v 0.000003 0.895450 0.298151
v 0.020450 0.865889 0.302086
v 0.011178 0.888732 0.289654
v 0.040072 0.835473 0.309034
v 0.000003 0.888500 0.279891
v 0.006209 0.885977 0.282778
v 0.010042 0.863892 0.285323
v 0.000003 0.866863 0.277221
v 0.000003 0.851611 0.258792
v 0.000003 0.880772 0.228160
v 0.000003 0.891781 0.209374
v -0.088083 0.602862 -0.531177
v -0.055026 0.636864 -0.551898
v -0.061380 0.602703 -0.542731
v -0.067672 0.712825 -0.533778
v -0.102107 0.654001 -0.523706
v -0.097169 0.697675 -0.519461
v -0.078048 0.661547 -0.541493
v -0.050189 0.667186 -0.553140
v -0.026767 0.639020 -0.553282
v -0.029635 0.616100 -0.544162
v -0.033477 0.592628 -0.527018
v 0.000003 0.601965 -0.523851
v 0.000003 0.587449 -0.511312
v -0.024556 0.662508 -0.556335
v 0.033484 0.592627 -0.527018
v 0.000003 0.618913 -0.534001
v 0.000003 0.641511 -0.545249
v 0.000003 0.656881 -0.551460
v 0.000003 0.676790 -0.558380
v -0.024074 0.688790 -0.554793
v -0.043795 0.713667 -0.544990
v 0.024563 0.662508 -0.556335
v 0.024080 0.688790 -0.554793
v 0.026773 0.639020 -0.553282
v 0.050196 0.667186 -0.553140
v 0.043801 0.713667 -0.544990
v 0.067678 0.712825 -0.533778
v 0.111397 0.691792 -0.488727
v 0.116190 0.655061 -0.493272
v 0.102114 0.654001 -0.523706
v 0.097175 0.697675 -0.519461
v 0.078055 0.661547 -0.541493
v 0.055033 0.636864 -0.551898
v 0.029642 0.616100 -0.544162
v 0.067911 0.571263 -0.525858
v 0.061387 0.602703 -0.542731
v 0.083006 0.635163 -0.537800
v 0.102132 0.630628 -0.523742
v 0.118926 0.631930 -0.496701
v 0.148095 0.660172 -0.445490
v 0.121708 0.606119 -0.497578
v 0.152785 0.632222 -0.444318
v 0.088089 0.602862 -0.531177
v 0.104907 0.604513 -0.518449
v 0.108125 0.581403 -0.510502
v 0.095158 0.574287 -0.518277
v 0.039048 0.569670 -0.510411
v 0.074521 0.542149 -0.507749
v 0.103458 0.546382 -0.505199
v 0.124845 0.573767 -0.494854
v 0.156728 0.604649 -0.442619
v 0.083484 0.516825 -0.480931
v 0.118644 0.601041 -0.315223
v 0.144508 0.584872 -0.320012
v 0.137677 0.609361 -0.329819
v 0.162403 0.590617 -0.380221
v 0.156991 0.616597 -0.386718
v 0.159658 0.571501 -0.434619
v 0.136633 0.548792 -0.468247
v 0.111422 0.529110 -0.484264
v 0.171093 0.551615 -0.359030
v 0.168953 0.531288 -0.416639
v 0.148818 0.511921 -0.446097
v 0.120985 0.495531 -0.465344
v 0.157290 0.456636 -0.408770
v 0.133319 0.441321 -0.423893
v 0.086763 0.493777 -0.458463
v 0.099836 0.440901 -0.418397
v 0.107032 0.402902 -0.384199
v 0.140706 0.364005 -0.370156
v 0.137987 0.343737 -0.374852
v 0.111329 0.334751 -0.357610
v 0.109763 0.362906 -0.350408
v 0.144883 0.378506 -0.376755
v 0.111714 0.380331 -0.364519
v 0.141023 0.401365 -0.393708
v 0.162218 0.414087 -0.379838
v 0.174454 0.476466 -0.378083
v 0.164321 0.389967 -0.363348
v 0.174901 0.432035 -0.348190
v 0.173487 0.406151 -0.331341
v 0.177925 0.499872 -0.327355
v 0.182050 0.445564 -0.304438
v 0.183511 0.411429 -0.293870
v 0.177893 0.382786 -0.292393
v 0.176609 0.367178 -0.311415
v 0.160976 0.368123 -0.354646
v 0.151698 0.557015 -0.309690
v 0.158958 0.507928 -0.285801
v 0.167625 0.442823 -0.268644
v 0.173497 0.396619 -0.260687
v 0.173937 0.372479 -0.269506
v 0.174440 0.344861 -0.279595
v 0.171240 0.308867 -0.306892
v 0.104167 0.592317 -0.304121
v 0.118822 0.550941 -0.289959
v 0.128909 0.575833 -0.307724
v 0.127713 0.504810 -0.271447
v 0.140145 0.435247 -0.255030
v 0.149022 0.384134 -0.246018
v 0.154174 0.360125 -0.253141
v 0.089715 0.541059 -0.296880
v 0.076104 0.578677 -0.313215
v 0.127136 0.353229 -0.243398
v 0.123748 0.376157 -0.236389
v 0.112619 0.429443 -0.250926
v 0.098389 0.498092 -0.273737
v 0.069270 0.527552 -0.313402
v 0.059836 0.561374 -0.335372
v 0.052218 0.536639 -0.373378
v 0.057456 0.512325 -0.418778
v 0.073594 0.502111 -0.440630
v 0.079503 0.475248 -0.416919
v 0.066621 0.481770 -0.395685
v 0.060352 0.507483 -0.351250
v 0.077935 0.487481 -0.289444
v 0.091218 0.427616 -0.263685
v 0.101429 0.381961 -0.246422
v 0.064909 0.516512 -0.461978
v 0.075491 0.452196 -0.373335
v 0.070158 0.471640 -0.324958
v 0.081833 0.425498 -0.295565
v 0.087174 0.412598 -0.342310
v 0.089796 0.395221 -0.277540
v 0.093069 0.392534 -0.324597
v 0.111714 0.380331 -0.364519
v 0.107032 0.402902 -0.384199
v 0.099836 0.440901 -0.418397
v 0.086763 0.493777 -0.458463
v 0.036361 0.563672 -0.390159
v 0.019665 0.587762 -0.398799
v 0.028258 0.555876 -0.449089
v 0.044690 0.538565 -0.439397
v 0.038169 0.551664 -0.488096
v 0.059349 0.535024 -0.475776
v 0.074521 0.542149 -0.507749
v 0.083484 0.516825 -0.480931
v 0.000003 0.614776 -0.358214
v 0.000003 0.594339 -0.402722
v 0.000003 0.569780 -0.453751
v 0.000003 0.572714 -0.486996
v 0.000003 0.587449 -0.511312
v 0.039048 0.569670 -0.510411
v 0.061085 0.601470 -0.318430
v 0.074756 0.623896 -0.294231
v 0.046662 0.610182 -0.317376
v 0.021302 0.610729 -0.349333
v 0.025506 0.612140 -0.313719
v 0.014925 0.614276 -0.329480
v 0.000003 0.611723 -0.312773
v 0.000003 0.615126 -0.331161
v 0.032511 0.622525 -0.293249
v 0.000003 0.622211 -0.293858
v 0.041874 0.589121 -0.347152
v 0.091805 0.611116 -0.306354
v 0.114604 0.612629 -0.315005
v 0.135895 0.623541 -0.332027
v 0.153325 0.636533 -0.388421
v 0.132400 0.633200 -0.331135
v 0.122432 0.643716 -0.325581
v 0.110027 0.653008 -0.308741
v 0.141829 0.684003 -0.390303
v 0.147482 0.655980 -0.389964
v 0.141385 0.693373 -0.445863
v 0.122073 0.686541 -0.366857
v 0.119743 0.703299 -0.435982
v -0.269743 0.771744 0.362415
v -0.264198 0.768934 0.374852
v -0.250401 0.778056 0.383907
v -0.221840 0.741771 0.296971
v -0.245883 0.746053 0.313615
v -0.219212 0.768652 0.327695
v -0.274674 0.755832 0.318920
v -0.255063 0.769203 0.325133
v -0.274855 0.762772 0.336339
v -0.282936 0.747130 0.342667
v -0.282616 0.733376 0.352661
v -0.250401 0.778056 0.383907
v -0.272181 0.724625 0.361016
v -0.272675 0.686994 0.353043
v -0.245389 0.685659 0.358333
v -0.287873 0.703342 0.334018
v -0.286895 0.729017 0.322377
v -0.268672 0.707852 0.306678
v -0.290048 0.670832 0.313480
v -0.266935 0.608848 0.319519
v -0.270967 0.649148 0.337816
v -0.215504 0.449910 0.234155
v -0.227282 0.503545 0.262520
v -0.244269 0.511478 0.243886
v -0.249635 0.557180 0.289821
v -0.268205 0.568599 0.269162
v -0.285924 0.633449 0.284187
v -0.247471 0.694233 0.282609
v -0.231477 0.450896 0.215573
v -0.247398 0.524809 0.214332
v -0.267204 0.585185 0.240116
v -0.259893 0.637592 0.261198
v -0.210176 0.683191 0.278026
v -0.196241 0.737182 0.284557
v -0.185613 0.765703 0.291581
v -0.203041 0.771788 0.304640
v -0.233550 0.447376 0.189042
v -0.237973 0.533301 0.196538
v -0.252191 0.596015 0.218906
v -0.218033 0.635987 0.264257
v -0.169436 0.668787 0.280661
v -0.164209 0.713386 0.277877
v -0.210330 0.591193 0.228211
v -0.215777 0.540660 0.192236
v -0.161700 0.631487 0.278269
v -0.170460 0.622351 0.279081
v -0.178045 0.580661 0.256546
v -0.190427 0.535059 0.206944
v -0.175999 0.442203 0.153226
v -0.201742 0.454078 0.153111
v -0.161185 0.618019 0.284927
v -0.149120 0.600326 0.298129
v -0.156103 0.604297 0.296530
v -0.223583 0.444094 0.159737
v -0.229283 0.421766 0.175543
v -0.235907 0.401039 0.195826
v -0.218854 0.410359 0.143116
v -0.221187 0.426997 0.151314
v -0.165465 0.417163 0.145738
v -0.189630 0.372060 0.152223
v -0.192473 0.409079 0.126221
v -0.214867 0.367980 0.160514
v -0.232424 0.364524 0.199272
v -0.217447 0.402709 0.229527
v -0.218742 0.373830 0.240363
v -0.191019 0.380297 0.235319
v -0.193058 0.350435 0.251873
v -0.175037 0.348374 0.229875
v -0.192151 0.408232 0.225802
v -0.218478 0.346623 0.247772
v -0.196234 0.306082 0.263519
v -0.227977 0.338995 0.210603
v -0.212408 0.336454 0.178511
v -0.187419 0.335709 0.169329
v -0.217965 0.304387 0.256456
v -0.224373 0.300399 0.224747
v -0.221759 0.247454 0.243434
v -0.210617 0.298913 0.193820
v -0.189363 0.298681 0.185545
v -0.166384 0.338775 0.178117
v -0.162805 0.376224 0.160343
v -0.222703 0.191427 0.267534
v -0.216982 0.199961 0.290849
v -0.170647 0.299174 0.196078
v -0.188674 0.241953 0.212712
v -0.210644 0.242802 0.218494
v -0.213974 0.185117 0.246151
v -0.233829 0.149941 0.285947
v -0.228752 0.160332 0.307687
v -0.201428 0.165134 0.319564
v -0.220381 0.141541 0.267175
v -0.192970 0.140000 0.263129
v -0.170994 0.244905 0.221357
v -0.189937 0.182890 0.241312
v -0.172526 0.186489 0.251842
v -0.171863 0.142751 0.274457
v 0.000003 0.862037 0.364878
v -0.242352 0.782503 0.371174
v -0.240413 0.777295 0.379609
v -0.243511 0.774656 0.363563
v -0.249456 0.765641 0.343466
v -0.240167 0.762181 0.334480
v -0.246323 0.748385 0.350654
v -0.250067 0.777467 0.354341
v -0.248063 0.785520 0.374181
v -0.242162 0.780525 0.381818
v -0.256034 0.782170 0.376825
v -0.266368 0.777554 0.358106
v -0.260140 0.771070 0.336608
v -0.259474 0.780081 0.353531
v -0.156545 0.753609 0.279024
v -0.154145 0.782688 0.308577
v -0.169169 0.789231 0.330855
v -0.177285 0.782320 0.349099
v -0.202474 0.754936 0.353922
v -0.216540 0.732127 0.362421
v -0.182064 0.726464 0.389823
v -0.199843 0.480778 0.105193
v -0.207917 0.456600 0.130327
v -0.199192 0.483225 0.114118
v -0.201742 0.454078 0.153111
v -0.223583 0.444094 0.159737
v -0.196361 0.464340 0.134928
v -0.193365 0.487046 0.115355
v -0.201742 0.454078 0.153111
v -0.175999 0.442203 0.153226
v -0.181705 0.458091 0.131184
v -0.178087 0.453214 0.117911
v -0.185405 0.479510 0.105138
v -0.190494 0.452456 0.107828
v -0.191668 0.481859 0.099659
v -0.206214 0.453483 0.117274
v -0.221187 0.426997 0.151314
v -0.218854 0.410359 0.143116
v -0.192473 0.409079 0.126221
v -0.165465 0.417163 0.145738
v -0.197163 0.505207 0.268055
v -0.190725 0.452614 0.237778
v -0.217670 0.557813 0.300689
v -0.233355 0.605825 0.332431
v -0.240123 0.648035 0.346929
v -0.254674 0.724583 0.362394
v -0.211645 0.695527 0.372993
v -0.174748 0.641880 0.392008
v -0.160453 0.602558 0.370992
v -0.179510 0.565473 0.305673
v -0.178901 0.513919 0.255432
v -0.172541 0.457746 0.224134
v -0.132725 0.595670 0.353856
v -0.117352 0.597863 0.373833
v -0.115092 0.606785 0.417054
v -0.149120 0.600326 0.298129
v -0.156103 0.604297 0.296530
v -0.162707 0.571999 0.289111
v -0.176045 0.523558 0.232595
v -0.169238 0.459889 0.193293
v -0.157259 0.412784 0.186832
v -0.155205 0.380403 0.191360
v -0.162805 0.376224 0.160343
v -0.165465 0.417163 0.145738
v -0.175999 0.442203 0.153226
v -0.190427 0.535059 0.206944
v -0.178045 0.580661 0.256546
v -0.170725 0.409793 0.215830
v -0.168506 0.380819 0.220916
v -0.160705 0.345393 0.203688
v -0.164685 0.302627 0.221385
v -0.176170 0.304793 0.249624
v -0.166225 0.249403 0.244952
v -0.178264 0.253561 0.270113
v -0.172526 0.186489 0.251842
v -0.162425 0.148717 0.294095
v -0.171863 0.142751 0.274457
v -0.167451 0.192192 0.272599
v -0.170994 0.244905 0.221357
v -0.170647 0.299174 0.196078
v -0.166384 0.338775 0.178117
v -0.179297 0.199616 0.293632
v -0.172957 0.161303 0.312838
v -0.198910 0.202012 0.301840
v -0.215377 0.252788 0.270592
v -0.196986 0.254941 0.279105
v -0.196361 0.464340 0.134928
v -0.185787 0.482783 0.112622
v -0.193365 0.487046 0.115355
v -0.199192 0.483225 0.114118
v -0.199843 0.480778 0.105193
v -0.242162 0.780525 0.381818
v -0.248225 0.730835 0.357354
v -0.240413 0.777295 0.379609
v -0.246323 0.748385 0.350654
v -0.243511 0.774656 0.363563
v -0.216540 0.732127 0.362421
v -0.182064 0.726464 0.389823
v -0.166867 0.693159 0.411003
v -0.119719 0.638967 0.434751
v 0.273056 0.763966 0.333946
v 0.268212 0.771398 0.365533
v 0.282329 0.748069 0.340612
v 0.254310 0.779025 0.381703
v 0.264090 0.771522 0.373860
v 0.282688 0.733808 0.351643
v 0.286826 0.729074 0.322262
v 0.272105 0.756847 0.317111
v 0.252188 0.769583 0.324869
v 0.258624 0.771606 0.335687
v 0.248419 0.765630 0.342959
v 0.250431 0.780272 0.357129
v 0.254310 0.779025 0.381703
v 0.218871 0.768823 0.327372
v 0.245312 0.778731 0.384846
v 0.240129 0.778157 0.379439
v 0.246608 0.733623 0.356007
v 0.254121 0.724679 0.363412
v 0.272369 0.724778 0.360621
v 0.288549 0.701135 0.339017
v 0.268915 0.707687 0.307011
v 0.245442 0.746161 0.313461
v 0.200999 0.690464 0.387075
v 0.226694 0.744333 0.289965
v 0.248093 0.694611 0.281598
v 0.290054 0.670833 0.313480
v 0.204714 0.772763 0.302014
v 0.186648 0.766309 0.289950
v 0.198468 0.738490 0.281034
v 0.211800 0.684105 0.275552
v 0.260619 0.637998 0.260099
v 0.221879 0.638148 0.258399
v 0.245085 0.592012 0.229761
v 0.154325 0.782676 0.308570
v 0.156818 0.753575 0.279046
v 0.164214 0.713387 0.277876
v 0.170726 0.669510 0.278700
v 0.164136 0.632855 0.274562
v 0.170932 0.622613 0.278372
v 0.204861 0.588111 0.236566
v 0.159031 0.616802 0.288226
v 0.148644 0.600095 0.307922
v 0.169540 0.575870 0.269535
v 0.206366 0.535360 0.206607
v 0.229997 0.528809 0.208719
v 0.201748 0.454079 0.153111
v 0.223589 0.444095 0.159737
v 0.233556 0.447377 0.189041
v 0.229290 0.421767 0.175543
v 0.235913 0.401040 0.195825
v 0.218860 0.410360 0.143116
v 0.221193 0.426998 0.151314
v 0.180058 0.529219 0.222778
v 0.176005 0.442204 0.153226
v 0.215510 0.449911 0.234155
v 0.217454 0.402710 0.229526
v 0.231483 0.450897 0.215573
v 0.247404 0.524810 0.214331
v 0.244275 0.511479 0.243886
v 0.227288 0.503546 0.262520
v 0.267210 0.585186 0.240116
v 0.268211 0.568600 0.269162
v 0.249641 0.557181 0.289821
v 0.197169 0.505208 0.268055
v 0.190731 0.452615 0.237777
v 0.192157 0.408233 0.225802
v 0.170731 0.409794 0.215830
v 0.168512 0.380820 0.220916
v 0.172547 0.457747 0.224134
v 0.170085 0.508954 0.268896
v 0.175395 0.563153 0.311963
v 0.217676 0.557814 0.300689
v 0.129304 0.593741 0.359087
v 0.155687 0.568044 0.299836
v 0.166313 0.518077 0.247456
v 0.169244 0.459890 0.193293
v 0.157265 0.412785 0.186832
v 0.155211 0.380404 0.191360
v 0.160711 0.345394 0.203688
v 0.115608 0.596878 0.376504
v 0.158663 0.601547 0.373733
v 0.113944 0.606135 0.418816
v 0.141118 0.595818 0.310349
v 0.148644 0.600095 0.307922
v 0.169540 0.575870 0.269535
v 0.180058 0.529219 0.222778
v 0.176005 0.442204 0.153226
v 0.165471 0.417164 0.145738
v 0.162811 0.376225 0.160343
v 0.166390 0.338776 0.178117
v 0.170654 0.299175 0.196078
v 0.164692 0.302628 0.221385
v 0.171001 0.244906 0.221356
v 0.166232 0.249404 0.244951
v 0.191025 0.380298 0.235319
v 0.175044 0.348375 0.229875
v 0.176177 0.304794 0.249624
v 0.193065 0.350436 0.251873
v 0.196241 0.306083 0.263518
v 0.178271 0.253562 0.270112
v 0.167458 0.192193 0.272598
v 0.179304 0.199617 0.293631
v 0.196993 0.254942 0.279104
v 0.198917 0.202013 0.301839
v 0.215384 0.252789 0.270591
v 0.172533 0.186490 0.251841
v 0.162432 0.148718 0.294094
v 0.172964 0.161304 0.312837
v 0.201436 0.165135 0.319563
v 0.216990 0.199962 0.290848
v 0.221766 0.247455 0.243433
v 0.222711 0.191428 0.267533
v 0.171871 0.142752 0.274456
v 0.228759 0.160333 0.307686
v 0.233837 0.149942 0.285946
v 0.213981 0.185118 0.246150
v 0.210651 0.242803 0.218493
v 0.224379 0.300400 0.224747
v 0.210623 0.298914 0.193819
v 0.188681 0.241954 0.212711
v 0.189369 0.298682 0.185545
v 0.170654 0.299175 0.196078
v 0.166390 0.338776 0.178117
v 0.220389 0.141542 0.267174
v 0.192978 0.140001 0.263128
v 0.171871 0.142752 0.274456
v 0.172533 0.186490 0.251841
v 0.189944 0.182891 0.241311
v 0.171001 0.244906 0.221356
v 0.190500 0.452457 0.107828
v 0.191674 0.481860 0.099659
v 0.199849 0.480779 0.105193
v 0.196368 0.464341 0.134928
v 0.193371 0.487047 0.115355
v 0.185793 0.482784 0.112622
v 0.199198 0.483226 0.114118
v 0.199849 0.480779 0.105193
v 0.185411 0.479511 0.105138
v 0.178093 0.453215 0.117911
v 0.192479 0.409080 0.126221
v 0.165471 0.417164 0.145738
v 0.176005 0.442204 0.153226
v 0.181711 0.458092 0.131184
v 0.201748 0.454079 0.153111
v 0.196368 0.464341 0.134928
v 0.199198 0.483226 0.114118
v 0.193371 0.487047 0.115355
v 0.207923 0.456601 0.130327
v 0.206220 0.453484 0.117274
v 0.218860 0.410360 0.143116
v 0.221193 0.426998 0.151314
v 0.223589 0.444095 0.159737
v 0.201748 0.454079 0.153111
v 0.260703 0.782412 0.357898
v 0.251441 0.784690 0.375435
v 0.259243 0.781339 0.373221
v 0.266200 0.777405 0.359287
v 0.245312 0.778731 0.384846
v 0.242254 0.782109 0.373379
v 0.243930 0.774645 0.363502
v 0.240129 0.778157 0.379439
v 0.246831 0.748401 0.349014
v 0.239550 0.761828 0.335437
v 0.202011 0.754721 0.354526
v 0.177290 0.782321 0.349097
v 0.169877 0.788913 0.331846
v 0.179429 0.724364 0.395281
v 0.214032 0.729953 0.368026
v 0.237911 0.681445 0.369756
v 0.230440 0.642581 0.361715
v 0.168671 0.638456 0.401291
v 0.233362 0.605826 0.332431
v 0.243930 0.774645 0.363502
v 0.246831 0.748401 0.349014
v 0.214032 0.729953 0.368026
v 0.179429 0.724364 0.395281
v 0.161026 0.690269 0.418991
v 0.116126 0.636941 0.440244
v 0.285931 0.633450 0.284187
v 0.266941 0.608849 0.319519
v 0.270974 0.649149 0.337816
v 0.272682 0.686995 0.353043
v 0.227983 0.338996 0.210603
v 0.218484 0.346624 0.247772
v 0.217972 0.304388 0.256456
v 0.218748 0.373831 0.240363
v 0.232430 0.364525 0.199271
v 0.212414 0.336455 0.178511
v 0.214874 0.367981 0.160514
v 0.187425 0.335710 0.169329
v 0.189636 0.372061 0.152223
v 0.165471 0.417164 0.145738
v 0.162811 0.376225 0.160343
v 0.192479 0.409080 0.126221
v 0.141118 0.595818 0.310349
v -0.243741 0.133363 0.325376
v -0.270410 0.090622 0.327894
v -0.260524 0.109961 0.350194
v -0.225076 0.119310 0.366223
v -0.282705 0.088510 0.379836
v -0.302297 0.081139 0.362744
v -0.242066 0.101276 0.405722
v -0.180264 0.117293 0.366715
v -0.196042 0.104613 0.407958
v -0.157536 0.092479 0.402223
v -0.147639 0.070056 0.360027
v -0.162262 0.067273 0.323947
v -0.162273 0.088074 0.306896
v -0.149062 0.096989 0.350707
v -0.147782 0.070656 0.402208
v -0.173797 0.136280 0.335573
v -0.212697 0.139941 0.339438
v -0.228752 0.160332 0.307687
v -0.157967 0.121592 0.313894
v -0.162425 0.148717 0.294095
v -0.172957 0.161303 0.312838
v -0.171863 0.142751 0.274457
v -0.167800 0.113906 0.289863
v -0.201428 0.165134 0.319564
v -0.248533 0.121768 0.303352
v -0.233829 0.149941 0.285947
v -0.220381 0.141541 0.267175
v -0.227906 0.112282 0.278723
v -0.194512 0.109837 0.275032
v -0.196711 0.083982 0.286582
v -0.162273 0.088074 0.306896
v -0.162262 0.067273 0.323947
v -0.200462 0.062445 0.301159
v -0.216530 0.039286 0.343016
v -0.192970 0.140000 0.263129
v -0.171863 0.142751 0.274457
v -0.167800 0.113906 0.289863
v -0.235719 0.085824 0.292688
v -0.239558 0.064694 0.303846
v -0.272814 0.062937 0.326070
v -0.302450 0.057628 0.355298
v -0.258950 0.047422 0.326472
v -0.292658 0.042264 0.360274
v -0.309361 0.048869 0.377742
v -0.318913 0.061225 0.373589
v -0.319369 0.043603 0.393886
v -0.329866 0.053714 0.395058
v -0.325160 0.045685 0.409463
v -0.276931 0.040257 0.377668
v -0.293477 0.048991 0.388834
v -0.301116 0.045312 0.402087
v -0.306328 0.047005 0.416066
v -0.295251 0.057603 0.408371
v -0.290595 0.060910 0.395835
v -0.286198 0.056370 0.387613
v -0.281243 0.051007 0.407317
v -0.259917 0.050587 0.420448
v -0.270389 0.045956 0.438012
v -0.291913 0.046677 0.429415
v -0.261559 0.063498 0.449328
v -0.280318 0.051450 0.461307
v -0.301756 0.051025 0.453623
v -0.307549 0.065459 0.434003
v -0.294322 0.069904 0.412368
v -0.243548 0.070805 0.421863
v -0.251265 0.073584 0.426852
v -0.239744 0.052817 0.430916
v -0.218080 0.048423 0.454848
v -0.245196 0.046279 0.447718
v -0.250807 0.049989 0.474493
v -0.256775 0.073994 0.449958
v -0.247341 0.079804 0.428233
v -0.240588 0.044269 0.406546
v -0.147782 0.070656 0.402208
v -0.166476 0.058281 0.425197
v -0.159192 0.051871 0.402908
v -0.147639 0.070056 0.360027
v -0.162796 0.050794 0.353526
v -0.194883 0.047998 0.406630
v -0.211976 0.052940 0.434622
v -0.185213 0.054938 0.424813
v -0.199095 0.079107 0.420619
v -0.205046 0.083005 0.434914
v -0.210425 0.076100 0.463433
v -0.226268 0.051558 0.480802
v -0.169437 0.053276 0.443837
v -0.188681 0.050267 0.438951
v -0.196900 0.083214 0.427743
v -0.199911 0.074532 0.440248
v -0.196802 0.056731 0.466195
v -0.174061 0.057932 0.470254
v -0.160220 0.074196 0.452576
v -0.159480 0.076286 0.427586
v -0.157536 0.092479 0.402223
v -0.159480 0.076286 0.427586
v -0.147782 0.070656 0.402208
v -0.167846 0.096845 0.426030
v -0.189964 0.100589 0.425618
v -0.194976 0.105176 0.447495
v -0.199911 0.074532 0.440248
v -0.196000 0.083702 0.470298
v -0.196802 0.056731 0.466195
v -0.177478 0.083906 0.474968
v -0.174061 0.057932 0.470254
v -0.160220 0.074196 0.452576
v -0.196042 0.104613 0.407958
v -0.196900 0.083214 0.427743
v -0.199095 0.079107 0.420619
v -0.169482 0.104903 0.452510
v -0.196042 0.104613 0.407958
v -0.205046 0.083005 0.434914
v -0.199095 0.079107 0.420619
v -0.213791 0.120131 0.440081
v -0.242869 0.117704 0.434194
v -0.250902 0.112189 0.460482
v -0.256775 0.073994 0.449958
v -0.251920 0.079136 0.482049
v -0.250807 0.049989 0.474493
v -0.226268 0.051558 0.480802
v -0.232111 0.080213 0.488254
v -0.210425 0.076100 0.463433
v -0.242066 0.101276 0.405722
v -0.247341 0.079804 0.428233
v -0.243548 0.070805 0.421863
v -0.220974 0.113653 0.468898
v -0.242066 0.101276 0.405722
v -0.251265 0.073584 0.426852
v -0.243548 0.070805 0.421863
v -0.263959 0.110735 0.429542
v -0.291363 0.106323 0.420019
v -0.304219 0.098676 0.445680
v -0.307549 0.065459 0.434003
v -0.303063 0.073080 0.460302
v -0.301756 0.051025 0.453623
v -0.280318 0.051450 0.461307
v -0.283797 0.074792 0.467597
v -0.261559 0.063498 0.449328
v -0.272952 0.106031 0.456171
v -0.282705 0.088510 0.379836
v -0.294322 0.069904 0.412368
v -0.286198 0.056370 0.387613
v -0.302297 0.081139 0.362744
v -0.302450 0.057628 0.355298
v -0.318913 0.061225 0.373589
v -0.282705 0.088510 0.379836
v -0.319289 0.091847 0.381444
v -0.329866 0.053714 0.395058
v -0.290595 0.060910 0.395835
v -0.286198 0.056370 0.387613
v -0.298625 0.095374 0.394760
v -0.330383 0.081893 0.407002
v -0.327520 0.059950 0.417203
v -0.325160 0.045685 0.409463
v -0.306328 0.047005 0.416066
v -0.310118 0.062629 0.422871
v -0.295251 0.057603 0.408371
v -0.309466 0.088149 0.417261
v 0.309369 0.048869 0.377742
v 0.319376 0.043603 0.393886
v 0.301124 0.045312 0.402087
v 0.293485 0.048991 0.388834
v 0.325167 0.045685 0.409463
v 0.306336 0.047005 0.416066
v 0.295259 0.057603 0.408371
v 0.290603 0.060910 0.395835
v 0.286206 0.056370 0.387613
v 0.281251 0.051007 0.407317
v 0.276939 0.040257 0.377668
v 0.292666 0.042264 0.360274
v 0.302458 0.057628 0.355298
v 0.318921 0.061225 0.373589
v 0.329873 0.053714 0.395058
v 0.291920 0.046677 0.429415
v 0.270396 0.045956 0.438012
v 0.259925 0.050587 0.420448
v 0.240596 0.044269 0.406546
v 0.243555 0.070805 0.421863
v 0.251272 0.073584 0.426852
v 0.261566 0.063498 0.449328
v 0.280325 0.051450 0.461307
v 0.301763 0.051025 0.453623
v 0.307556 0.065459 0.434003
v 0.294329 0.069904 0.412368
v 0.239752 0.052817 0.430916
v 0.245204 0.046279 0.447718
v 0.218087 0.048423 0.454848
v 0.247349 0.079804 0.428233
v 0.256782 0.073994 0.449958
v 0.250815 0.049989 0.474493
v 0.226275 0.051558 0.480802
v 0.210432 0.076100 0.463433
v 0.211984 0.052940 0.434622
v 0.199102 0.079107 0.420619
v 0.205053 0.083005 0.434914
v 0.169445 0.053276 0.443837
v 0.188688 0.050267 0.438951
v 0.196809 0.056731 0.466195
v 0.199919 0.074532 0.440248
v 0.196908 0.083214 0.427743
v 0.185220 0.054938 0.424813
v 0.194892 0.047998 0.406630
v 0.216538 0.039286 0.343016
v 0.258958 0.047422 0.326472
v 0.166483 0.058281 0.425197
v 0.159200 0.051871 0.402908
v 0.162804 0.050794 0.353526
v 0.162270 0.067273 0.323947
v 0.147646 0.070056 0.360027
v 0.147789 0.070656 0.402208
v 0.159487 0.076286 0.427586
v 0.160228 0.074196 0.452576
v 0.174068 0.057932 0.470254
v 0.248541 0.121769 0.303351
v 0.233837 0.149942 0.285946
v 0.228759 0.160333 0.307686
v 0.220389 0.141542 0.267174
v 0.227914 0.112283 0.278722
v 0.194519 0.109838 0.275031
v 0.196719 0.083983 0.286581
v 0.162281 0.088075 0.306895
v 0.200470 0.062446 0.301158
v 0.239566 0.064695 0.303845
v 0.167809 0.113907 0.289862
v 0.171871 0.142752 0.274456
v 0.192978 0.140001 0.263128
v 0.201436 0.165135 0.319563
v 0.172964 0.161304 0.312837
v 0.173804 0.136281 0.335572
v 0.212705 0.139942 0.339438
v 0.243749 0.133364 0.325375
v 0.270418 0.090622 0.327894
v 0.235727 0.085825 0.292687
v 0.272822 0.062937 0.326070
v 0.302304 0.081139 0.362744
v 0.282712 0.088510 0.379836
v 0.260533 0.109961 0.350194
v 0.242074 0.101276 0.405722
v 0.225084 0.119310 0.366223
v 0.180271 0.117293 0.366715
v 0.149070 0.096989 0.350707
v 0.157975 0.121593 0.313893
v 0.162281 0.088075 0.306895
v 0.167809 0.113907 0.289862
v 0.171871 0.142752 0.274456
v 0.162432 0.148718 0.294094
v 0.147646 0.070056 0.360027
v 0.162270 0.067273 0.323947
v 0.147789 0.070656 0.402208
v 0.157543 0.092479 0.402223
v 0.196049 0.104613 0.407958
v 0.210432 0.076100 0.463433
v 0.226275 0.051558 0.480802
v 0.232118 0.080213 0.488254
v 0.205053 0.083005 0.434914
v 0.220982 0.113653 0.468898
v 0.251927 0.079136 0.482049
v 0.250815 0.049989 0.474493
v 0.256782 0.073994 0.449958
v 0.250909 0.112189 0.460482
v 0.242876 0.117704 0.434194
v 0.213799 0.120131 0.440081
v 0.196049 0.104613 0.407958
v 0.199102 0.079107 0.420619
v 0.247349 0.079804 0.428233
v 0.242074 0.101276 0.405722
v 0.243555 0.070805 0.421863
v 0.000003 0.602490 -1.295173
v -0.019102 0.605947 -1.316530
v 0.000003 0.595629 -1.316042
v -0.015373 0.610803 -1.296465
v 0.000003 0.608736 -1.227880
v -0.017796 0.618433 -1.225154
v -0.020753 0.618896 -1.202847
v 0.000003 0.606933 -1.201187
v 0.000003 0.614536 -1.183298
v -0.016512 0.624404 -1.183824
v -0.017555 0.632490 -1.120229
v 0.000003 0.621345 -1.119188
v -0.020240 0.639808 -1.229129
v -0.025887 0.645626 -1.205550
v -0.019350 0.645320 -1.185295
v -0.021765 0.655973 -1.121594
v -0.021182 0.633961 -1.096503
v -0.025067 0.661769 -1.099433
v -0.018157 0.639680 -1.076971
v -0.020744 0.662912 -1.078421
v -0.023203 0.675404 -1.012868
v 0.000003 0.686510 -1.013239
v 0.000003 0.672836 -1.081250
v 0.000003 0.676642 -1.100680
v 0.000003 0.667224 -1.121790
v 0.000003 0.653698 -1.188107
v 0.000003 0.659993 -1.206487
v -0.026319 0.702087 -0.868080
v 0.000003 0.713596 -0.865247
v 0.000003 0.718737 -0.888653
v -0.033531 0.702053 -0.887816
v 0.000003 0.705186 -0.912057
v -0.025396 0.692877 -0.913628
v 0.000003 0.693076 -0.971386
v -0.023165 0.682079 -0.970198
v 0.000003 0.697610 -0.989487
v -0.028099 0.681727 -0.988980
v -0.021136 0.650195 -1.009534
v -0.025829 0.651448 -0.984746
v -0.021851 0.657269 -0.967336
v -0.025999 0.667733 -0.906572
v -0.033794 0.669174 -0.882852
v 0.000003 0.644423 -0.964655
v 0.000003 0.653065 -0.905465
v 0.000003 0.650309 -0.877662
v 0.000003 0.663783 -0.857548
v -0.025769 0.678229 -0.861418
v 0.000003 0.680059 -0.773118
v -0.027290 0.695924 -0.778865
v 0.000003 0.680646 -0.738656
v -0.028654 0.718270 -0.781629
v -0.036453 0.700430 -0.743285
v 0.000003 0.688835 -0.712878
v 0.000003 0.694980 -0.629474
v -0.026141 0.703540 -0.579127
v -0.026333 0.707127 -0.627771
v -0.030020 0.704375 -0.718703
v -0.036038 0.727466 -0.751025
v 0.000003 0.741026 -0.755279
v 0.000003 0.728597 -0.781220
v -0.035479 0.735256 -0.570756
v -0.030214 0.736077 -0.623615
v -0.029199 0.727316 -0.722352
v 0.000003 0.737921 -0.726095
v 0.000003 0.750054 -0.622703
v 0.000003 0.753998 -0.574926
v 0.000003 0.759230 -0.545896
v -0.035734 0.745047 -0.540568
v -0.043795 0.713667 -0.544990
v -0.024074 0.688790 -0.554793
v 0.000003 0.689776 -0.581374
v 0.000003 0.676790 -0.558380
v 0.196049 0.104613 0.407958
v 0.196908 0.083214 0.427743
v 0.199102 0.079107 0.420619
v 0.199919 0.074532 0.440248
v 0.189972 0.100589 0.425618
v 0.157543 0.092479 0.402223
v 0.159487 0.076286 0.427586
v 0.160228 0.074196 0.452576
v 0.169489 0.104903 0.452510
v 0.177485 0.083906 0.474968
v 0.196007 0.083702 0.470298
v 0.196809 0.056731 0.466195
v 0.194984 0.105176 0.447494
v 0.167854 0.096845 0.426030
v 0.147789 0.070656 0.402208
v 0.174068 0.057932 0.470254
v 0.242074 0.101276 0.405722
v 0.243555 0.070805 0.421863
v 0.251272 0.073584 0.426852
v 0.307556 0.065459 0.434003
v 0.304227 0.098676 0.445680
v 0.303070 0.073080 0.460302
v 0.301763 0.051025 0.453623
v 0.280325 0.051450 0.461307
v 0.283804 0.074792 0.467597
v 0.261566 0.063498 0.449328
v 0.272959 0.106031 0.456171
v 0.263966 0.110735 0.429542
v 0.291371 0.106323 0.420019
v 0.282712 0.088510 0.379836
v 0.294329 0.069904 0.412368
v 0.286206 0.056370 0.387613
v 0.282712 0.088510 0.379836
v 0.286206 0.056370 0.387613
v 0.290603 0.060910 0.395835
v 0.329873 0.053714 0.395058
v 0.330390 0.081893 0.407002
v 0.327527 0.059950 0.417203
v 0.325167 0.045685 0.409463
v 0.306336 0.047005 0.416066
v 0.310125 0.062629 0.422871
v 0.295259 0.057603 0.408371
v 0.309474 0.088149 0.417261
v 0.298632 0.095374 0.394760
v 0.319296 0.091847 0.381444
v 0.302304 0.081139 0.362744
v 0.318921 0.061225 0.373589
v 0.302458 0.057628 0.355298
v -0.025910 0.588859 -1.775124
v -0.067429 0.595722 -1.819449
v -0.065248 0.525846 -1.826494
v -0.046531 0.539730 -1.927566
v -0.052763 0.584321 -1.917193
v -0.025055 0.554607 -2.036803
v -0.025410 0.588003 -2.028895
v -0.011380 0.538872 -2.086675
v -0.011602 0.559498 -2.084075
v -0.023337 0.560441 -1.775949
v 0.000003 0.499852 -1.837107
v 0.000002 0.517132 -1.939997
v 0.000003 0.543568 -2.041355
v 0.000003 0.532665 -2.082876
v 0.000003 0.523308 -2.126258
v 0.000002 0.572135 -2.080646
v 0.000002 0.611340 -2.028383
v 0.000003 0.625452 -1.917807
v 0.000003 0.647582 -1.822517
v 0.000002 0.609482 -1.778556
v -0.013591 0.588239 -1.740808
v -0.012732 0.597974 -1.615718
v -0.012154 0.585281 -1.556767
v -0.014428 0.602335 -1.554409
v -0.011134 0.581881 -1.613244
v -0.017504 0.599701 -1.631936
v -0.015308 0.577084 -1.630493
v -0.014078 0.595866 -1.656456
v -0.012515 0.577519 -1.657349
v -0.012635 0.570983 -1.740759
v 0.000003 0.546929 -1.779793
v 0.000003 0.561809 -1.743615
v 0.000003 0.568901 -1.661816
v 0.000003 0.566499 -1.633671
v 0.000003 0.573916 -1.616116
v 0.000003 0.577524 -1.557741
v 0.000003 0.574823 -1.536583
v -0.016459 0.583741 -1.536183
v 0.000003 0.581075 -1.519955
v -0.012897 0.588098 -1.520217
v 0.000003 0.586143 -1.448306
v -0.014912 0.594793 -1.447084
v -0.018097 0.594962 -1.426764
v 0.000003 0.583628 -1.425074
v 0.000003 0.590751 -1.408762
v 0.000003 0.627090 -1.431018
v -0.015711 0.616268 -1.411507
v 0.000003 0.624981 -1.411879
v -0.020124 0.616753 -1.429831
v -0.015506 0.611877 -1.453545
v -0.014346 0.605174 -1.517988
v -0.018898 0.606066 -1.535659
v 0.000003 0.616783 -1.535753
v 0.000003 0.613236 -1.552489
v 0.000003 0.612929 -1.519077
v 0.000003 0.622132 -1.452130
v 0.000003 0.598248 -1.745298
v 0.000003 0.604738 -1.661341
v 0.000003 0.613750 -1.634525
v 0.000003 0.605970 -1.613691
v -0.014108 0.599550 -1.408346
v -0.017938 0.624266 -1.341168
v -0.016403 0.605573 -1.338801
v -0.021969 0.628070 -1.319290
v 0.000003 0.596951 -1.338738
v -0.017791 0.628891 -1.298957
v 0.000003 0.651614 -1.226985
v 0.000003 0.637405 -1.300726
v 0.000003 0.641239 -1.320026
v 0.000003 0.634341 -1.341541
v 0.000003 0.621100 -1.093740
v 0.000003 0.628985 -1.075869
v 0.000003 0.637895 -1.008523
v 0.000003 0.636766 -0.982008
v -0.077929 0.487480 -0.289444
v -0.091212 0.427616 -0.263685
v -0.081827 0.425498 -0.295565
v -0.070152 0.471639 -0.324958
v -0.087168 0.412598 -0.342310
v -0.060346 0.507483 -0.351250
v -0.075485 0.452195 -0.373335
v -0.107026 0.402901 -0.384199
v -0.111708 0.380331 -0.364519
v -0.093063 0.392534 -0.324597
v -0.089790 0.395221 -0.277540
v -0.101423 0.381961 -0.246422
v -0.099830 0.440900 -0.418397
v -0.066615 0.481769 -0.395685
v -0.079497 0.475247 -0.416919
v -0.086757 0.493776 -0.458463
v -0.098383 0.498091 -0.273737
v -0.112613 0.429442 -0.250926
v -0.069264 0.527551 -0.313402
v -0.052212 0.536639 -0.373378
v -0.057450 0.512325 -0.418778
v -0.073588 0.502111 -0.440630
v -0.064903 0.516512 -0.461978
v -0.083478 0.516825 -0.480931
v -0.074514 0.542149 -0.507749
v -0.059342 0.535024 -0.475776
v -0.044684 0.538565 -0.439397
v -0.036355 0.563672 -0.390159
v -0.059830 0.561374 -0.335372
v -0.076098 0.578677 -0.313215
v -0.089709 0.541058 -0.296880
v -0.028252 0.555875 -0.449089
v -0.038163 0.551663 -0.488096
v 0.000003 0.572714 -0.486996
v 0.000003 0.587449 -0.511312
v -0.039042 0.569670 -0.510411
v -0.019659 0.587762 -0.398799
v -0.041868 0.589120 -0.347152
v -0.061079 0.601469 -0.318430
v -0.021296 0.610729 -0.349333
v 0.000003 0.614776 -0.358214
v 0.000003 0.594339 -0.402722
v 0.000003 0.569780 -0.453751
v -0.025500 0.612140 -0.313719
v -0.046656 0.610182 -0.317376
v -0.014918 0.614276 -0.329480
v 0.000003 0.615126 -0.331161
v 0.000003 0.611723 -0.312773
v 0.000003 0.622211 -0.293858
v -0.032505 0.622525 -0.293249
v -0.074750 0.623896 -0.294231
v -0.111391 0.691792 -0.488727
v -0.141379 0.693373 -0.445863
v -0.119737 0.703299 -0.435982
v -0.122067 0.686541 -0.366857
v -0.141823 0.684003 -0.390303
v -0.110021 0.653008 -0.308741
v -0.122426 0.643716 -0.325581
v -0.091799 0.611115 -0.306354
v -0.104160 0.592317 -0.304121
v -0.132394 0.633200 -0.331135
v -0.114598 0.612629 -0.315005
v -0.147476 0.655979 -0.389964
v -0.148089 0.660171 -0.445490
v -0.116184 0.655061 -0.493272
v -0.135889 0.623541 -0.332027
v -0.118638 0.601041 -0.315223
v -0.153319 0.636533 -0.388421
v -0.152778 0.632222 -0.444317
v -0.156985 0.616597 -0.386718
v -0.137671 0.609361 -0.329819
v -0.144502 0.584871 -0.320012
v -0.162397 0.590617 -0.380221
v -0.171087 0.551614 -0.359030
v -0.168947 0.531287 -0.416639
v -0.159652 0.571500 -0.434619
v -0.136627 0.548791 -0.468247
v -0.156722 0.604649 -0.442619
v -0.124839 0.573767 -0.494854
v -0.121702 0.606119 -0.497578
v -0.108119 0.581403 -0.510502
v -0.104901 0.604513 -0.518449
v -0.102126 0.630628 -0.523742
v -0.083000 0.635163 -0.537800
v -0.118920 0.631930 -0.496701
v -0.144877 0.378506 -0.376755
v -0.162212 0.414086 -0.379838
v -0.141017 0.401364 -0.393708
v -0.140700 0.364005 -0.370156
v -0.112268 0.334751 -0.357610
v -0.137981 0.343737 -0.374852
v -0.109756 0.362906 -0.350408
v -0.111708 0.380331 -0.364519
v -0.107026 0.402901 -0.384199
v -0.133313 0.441320 -0.423893
v -0.157284 0.456635 -0.408770
v -0.174448 0.476465 -0.378083
v -0.099830 0.440900 -0.418397
v -0.157291 0.307025 -0.387559
v -0.136605 0.313077 -0.393565
v -0.160653 0.338266 -0.364498
v -0.160970 0.368123 -0.354646
v -0.164315 0.389967 -0.363348
v -0.174895 0.432034 -0.348190
v -0.177919 0.499871 -0.327355
v -0.176603 0.367178 -0.311415
v -0.173481 0.406151 -0.331341
v -0.175748 0.324180 -0.333304
v -0.173550 0.290056 -0.366550
v -0.156553 0.275107 -0.417772
v -0.136506 0.280124 -0.421824
v -0.138300 0.243051 -0.454726
v -0.158807 0.195768 -0.502475
v -0.156851 0.238899 -0.450502
v -0.139592 0.203288 -0.499788
v -0.120957 0.186427 -0.506505
v -0.113915 0.236346 -0.437935
v -0.113738 0.271089 -0.406755
v -0.113622 0.302226 -0.377658
v -0.138950 0.259400 -0.331414
v -0.139427 0.231460 -0.369322
v -0.120278 0.237511 -0.371311
v -0.140967 0.204062 -0.403342
v -0.156955 0.208672 -0.410042
v -0.149713 0.174949 -0.446135
v -0.166894 0.220730 -0.424278
v -0.163062 0.177743 -0.463684
v -0.168198 0.229485 -0.437247
v -0.163993 0.183055 -0.491943
v -0.153254 0.152085 -0.463162
v -0.136437 0.151010 -0.457363
v -0.162181 0.155685 -0.484789
v -0.160860 0.164746 -0.498818
v -0.159742 0.180986 -0.524549
v -0.170077 0.261815 -0.402613
v -0.166585 0.247883 -0.387614
v -0.156477 0.235739 -0.374506
v -0.156984 0.263684 -0.335486
v -0.168271 0.274175 -0.347430
v -0.171233 0.308867 -0.306892
v -0.160703 0.295555 -0.291672
v -0.138838 0.292712 -0.287266
v -0.157879 0.330922 -0.265940
v -0.133230 0.327526 -0.261461
v -0.153015 0.360125 -0.253226
v -0.174434 0.344861 -0.279595
v -0.173931 0.372479 -0.269506
v -0.177887 0.382786 -0.292393
v -0.183505 0.411428 -0.293870
v -0.182044 0.445563 -0.304438
v -0.167619 0.442822 -0.268644
v -0.158952 0.507927 -0.285801
v -0.127707 0.504809 -0.271447
v -0.118816 0.550940 -0.289959
v -0.128903 0.575832 -0.307724
v -0.151692 0.557014 -0.309690
v -0.122972 0.208375 -0.404523
v -0.133262 0.172764 -0.438834
v -0.116733 0.172247 -0.444074
v -0.119889 0.149959 -0.463163
v -0.109063 0.149757 -0.483207
v -0.109844 0.172822 -0.467176
v -0.109418 0.220686 -0.415513
v -0.107974 0.252283 -0.382740
v -0.120957 0.186427 -0.506505
v -0.116842 0.169679 -0.521286
v -0.113915 0.236346 -0.437935
v -0.113738 0.271089 -0.406755
v -0.113622 0.302226 -0.377658
v -0.108903 0.281191 -0.351569
v -0.119287 0.265164 -0.334592
v -0.093063 0.392534 -0.324597
v -0.109756 0.362906 -0.350408
v -0.111708 0.380331 -0.364519
v -0.099790 0.354330 -0.296764
v -0.112268 0.334751 -0.357610
v -0.105936 0.315201 -0.318991
v -0.116113 0.300149 -0.292558
v -0.111268 0.336127 -0.265364
v -0.105811 0.358145 -0.253586
v -0.097260 0.369089 -0.283722
v -0.089790 0.395221 -0.277540
v -0.128215 0.353229 -0.244302
v -0.123742 0.376157 -0.236389
v -0.173491 0.396619 -0.260687
v -0.149016 0.384134 -0.246018
v -0.140139 0.435246 -0.255030
v -0.097048 0.746767 -0.452158
v -0.119737 0.703299 -0.435982
v -0.122067 0.686541 -0.366857
v -0.097419 0.722592 -0.327134
v -0.110021 0.653008 -0.308741
v -0.095822 0.675426 -0.278506
v -0.065253 0.647072 -0.268986
v -0.083837 0.689299 -0.249164
v -0.055064 0.663223 -0.247354
v -0.051086 0.682003 -0.185519
v -0.068186 0.710783 -0.185728
v -0.072306 0.700231 -0.218214
v -0.086054 0.743139 -0.224970
v -0.091707 0.734467 -0.268476
v -0.050795 0.674051 -0.219289
v -0.026253 0.660026 -0.218089
v -0.026785 0.651794 -0.246840
v 0.000003 0.649131 -0.244697
v 0.000003 0.634555 -0.270207
v 0.026791 0.651794 -0.246840
v 0.065259 0.647071 -0.268986
v 0.055070 0.663223 -0.247354
v 0.030319 0.638243 -0.270934
v 0.074756 0.623896 -0.294231
v 0.110027 0.653008 -0.308741
v 0.122073 0.686541 -0.366857
v -0.139592 0.203288 -0.499788
v -0.120957 0.186427 -0.506505
v -0.126229 0.209977 -0.526477
v -0.141847 0.216312 -0.526411
v -0.156699 0.213197 -0.533016
v -0.158807 0.195768 -0.502475
v -0.116842 0.169679 -0.521286
v -0.126734 0.200677 -0.541984
v -0.132794 0.225885 -0.553526
v -0.134026 0.230472 -0.545492
v -0.139105 0.236653 -0.543271
v -0.149834 0.235774 -0.547566
v -0.148745 0.227576 -0.557265
v -0.154758 0.203263 -0.543163
v -0.159742 0.180986 -0.524549
v -0.160408 0.097456 -0.492853
v -0.167119 0.110205 -0.471017
v -0.163329 0.134458 -0.481602
v -0.158480 0.129434 -0.504960
v -0.138273 0.123173 -0.512677
v -0.137483 0.169700 -0.532036
v -0.139729 0.197576 -0.548500
v -0.139637 0.225503 -0.558304
v -0.153254 0.152085 -0.463162
v -0.162181 0.155685 -0.484789
v -0.160860 0.164746 -0.498818
v -0.149834 0.235774 -0.547566
v -0.139105 0.236653 -0.543271
v -0.134026 0.230472 -0.545492
v -0.132794 0.225885 -0.553526
v -0.126734 0.200677 -0.541984
v -0.116842 0.169679 -0.521286
v -0.118454 0.124606 -0.501625
v -0.138960 0.089921 -0.499943
v -0.166332 0.077310 -0.472291
v -0.175827 0.089189 -0.452936
v -0.118588 0.092836 -0.488065
v -0.141061 0.071515 -0.479699
v -0.141876 0.039390 -0.452312
v -0.117675 0.072737 -0.469498
v -0.111464 0.036860 -0.430945
v -0.111715 0.008765 -0.418470
v -0.090365 0.011371 -0.361619
v -0.098813 -0.004951 -0.367442
v -0.096733 -0.002289 -0.324239
v -0.142685 0.009865 -0.438160
v -0.179112 0.043071 -0.441601
v -0.153433 -0.007490 -0.391863
v -0.122061 -0.003358 -0.322037
v -0.113387 0.006094 -0.304061
v -0.093927 0.007834 -0.303290
v -0.092180 0.000681 -0.280950
v -0.085603 0.018026 -0.267519
v -0.116211 -0.000395 -0.286428
v -0.098576 0.006410 -0.253516
v -0.120454 0.005091 -0.258032
v -0.128149 0.023889 -0.278965
v -0.124821 0.029264 -0.291513
v -0.128116 0.023303 -0.299421
v -0.227493 0.003027 -0.364513
v -0.218442 0.019851 -0.401400
v -0.202763 0.001574 -0.404357
v -0.210700 -0.000051 -0.349959
v -0.172267 -0.002535 -0.324645
v -0.138824 0.003500 -0.301664
v -0.134200 0.029957 -0.287927
v -0.134451 0.024079 -0.265008
v -0.140999 -0.000508 -0.275569
v -0.166602 0.003644 -0.304179
v -0.170567 0.001069 -0.283931
v -0.148006 0.007907 -0.248804
v -0.177800 0.009849 -0.255176
v -0.185808 0.024807 -0.277098
v -0.178790 0.023784 -0.293887
v -0.182731 0.016970 -0.307021
v -0.189239 0.003089 -0.315691
v -0.210759 0.004498 -0.325805
v -0.194361 0.002540 -0.299603
v -0.220801 0.003689 -0.308497
v -0.219449 0.015591 -0.337096
v -0.228781 0.021605 -0.320880
v -0.238332 0.022393 -0.294895
v -0.230895 0.008980 -0.277943
v -0.204007 0.008186 -0.270147
v -0.189045 0.020409 -0.281561
v -0.187297 0.022915 -0.295741
v -0.225970 0.006925 -0.337712
v -0.225094 0.020464 -0.333941
v -0.232343 0.021421 -0.312620
v -0.236623 0.005446 -0.320231
v -0.247407 0.013620 -0.303857
v -0.267389 0.010730 -0.318905
v -0.256543 0.005861 -0.332017
v -0.269918 0.020184 -0.333084
v -0.254207 0.022661 -0.350297
v -0.241474 0.008284 -0.348570
v -0.238625 0.016784 -0.366325
v -0.147391 0.103940 -0.419519
v -0.154512 0.081515 -0.389354
v -0.121408 0.071374 -0.388890
v -0.164902 0.058717 -0.360390
v -0.183183 0.074963 -0.403333
v -0.200351 0.051381 -0.375834
v -0.219747 0.035318 -0.392661
v -0.219353 0.035273 -0.339346
v -0.239519 0.031955 -0.359584
v -0.122118 0.052545 -0.353770
v -0.180919 0.047448 -0.312456
v -0.131680 0.046727 -0.303864
v -0.102242 0.034978 -0.315521
v -0.097529 0.031119 -0.356975
v -0.105912 0.053573 -0.405581
v -0.123714 0.097180 -0.422783
v -0.111277 0.082530 -0.441979
v -0.117675 0.072737 -0.469498
v -0.118588 0.092836 -0.488065
v -0.111464 0.036860 -0.430945
v -0.090365 0.011371 -0.361619
v -0.092273 0.011494 -0.318839
v -0.109063 0.149757 -0.483207
v -0.121948 0.135387 -0.460318
v -0.111905 0.130365 -0.478251
v -0.118454 0.124606 -0.501625
v -0.114074 0.103891 -0.462753
v -0.124114 0.116954 -0.446603
v -0.158455 0.119242 -0.449251
v -0.137904 0.138651 -0.454434
v -0.153537 0.138154 -0.460919
v -0.140760 0.121269 -0.440720
v -0.168286 0.099340 -0.430611
v -0.136437 0.151010 -0.457363
v -0.119889 0.149959 -0.463163
v -0.192630 0.059081 -0.425254
v -0.176728 0.014521 -0.433839
v -0.102242 0.034978 -0.315521
v -0.088439 0.027611 -0.291402
v -0.092273 0.011494 -0.318839
v -0.101212 0.044712 -0.290268
v -0.123118 0.047122 -0.286513
v -0.123323 0.043048 -0.266686
v -0.128149 0.023889 -0.278965
v -0.123434 0.028196 -0.252339
v -0.120454 0.005091 -0.258032
v -0.104656 0.028336 -0.249455
v -0.098576 0.006410 -0.253516
v -0.085603 0.018026 -0.267519
v -0.131680 0.046727 -0.303864
v -0.124821 0.029264 -0.291513
v -0.128116 0.023303 -0.299421
v -0.098248 0.043359 -0.265610
v -0.131680 0.046727 -0.303864
v -0.134200 0.029957 -0.287927
v -0.128116 0.023303 -0.299421
v -0.143729 0.058920 -0.282144
v -0.173662 0.057199 -0.286753
v -0.176737 0.059975 -0.265358
v -0.185808 0.024807 -0.277098
v -0.177331 0.042506 -0.247175
v -0.177800 0.009849 -0.255176
v -0.148006 0.007907 -0.248804
v -0.148859 0.038817 -0.242863
v -0.134451 0.024079 -0.265008
v -0.180919 0.047448 -0.312456
v -0.178790 0.023784 -0.293887
v -0.182731 0.016970 -0.307021
v -0.143879 0.057615 -0.257187
v -0.180919 0.047448 -0.312456
v -0.187297 0.022915 -0.295741
v -0.182731 0.016970 -0.307021
v -0.196036 0.053238 -0.292478
v -0.224649 0.050965 -0.306288
v -0.231175 0.048367 -0.280678
v -0.238332 0.022393 -0.294895
v -0.231067 0.024433 -0.269598
v -0.230895 0.008980 -0.277943
v -0.204007 0.008186 -0.270147
v -0.208969 0.027601 -0.262003
v -0.189045 0.020409 -0.281561
v -0.200751 0.047887 -0.272406
v -0.219353 0.035273 -0.339346
v -0.228781 0.021605 -0.320880
v -0.219449 0.015591 -0.337096
v -0.239519 0.031955 -0.359584
v -0.238625 0.016784 -0.366325
v -0.254207 0.022661 -0.350297
v -0.219353 0.035273 -0.339346
v -0.253551 0.039536 -0.344502
v -0.269918 0.020184 -0.333084
v -0.225094 0.020464 -0.333941
v -0.219449 0.015591 -0.337096
v -0.233786 0.040516 -0.329551
v -0.266903 0.042794 -0.323800
v -0.271048 0.028346 -0.311220
v -0.267389 0.010730 -0.318905
v -0.247407 0.013620 -0.303857
v -0.253140 0.030744 -0.301555
v -0.232343 0.021421 -0.312620
v -0.245928 0.041646 -0.310913
v -0.092273 0.011494 -0.318839
v -0.088439 0.027611 -0.291402
v 0.026005 0.667733 -0.906572
v 0.000003 0.644423 -0.964655
v 0.021857 0.657269 -0.967336
v 0.000003 0.653065 -0.905465
v 0.033800 0.669174 -0.882852
v 0.000003 0.650309 -0.877662
v 0.000003 0.663783 -0.857548
v 0.025775 0.678229 -0.861418
v 0.000003 0.680059 -0.773118
v 0.027296 0.695924 -0.778865
v 0.000003 0.680646 -0.738656
v 0.036459 0.700430 -0.743285
v 0.000003 0.688835 -0.712878
v 0.028660 0.718270 -0.781629
v 0.026325 0.702087 -0.868080
v 0.033537 0.702053 -0.887816
v 0.025402 0.692877 -0.913628
v 0.023171 0.682079 -0.970198
v 0.030026 0.704375 -0.718703
v 0.026339 0.707127 -0.627771
v 0.036044 0.727466 -0.751025
v 0.000003 0.741026 -0.755279
v 0.000003 0.728597 -0.781220
v 0.000003 0.713596 -0.865247
v 0.000003 0.718737 -0.888653
v 0.000003 0.750054 -0.622703
v 0.035485 0.735256 -0.570756
v 0.030220 0.736077 -0.623615
v 0.029205 0.727316 -0.722352
v 0.000003 0.737921 -0.726095
v 0.026147 0.703540 -0.579127
v 0.000003 0.753998 -0.574926
v 0.000003 0.759230 -0.545896
v 0.035740 0.745047 -0.540568
v 0.043801 0.713667 -0.544990
v 0.024080 0.688790 -0.554793
v 0.000003 0.689776 -0.581374
v 0.000003 0.694980 -0.629474
v 0.000003 0.676790 -0.558380
v 0.000003 0.622211 -0.293858
v -0.030312 0.638243 -0.270934
v -0.032505 0.622525 -0.293249
v -0.074750 0.623896 -0.294231
v 0.032511 0.622525 -0.293249
v 0.025916 0.588860 -1.775124
v 0.065254 0.525847 -1.826494
v 0.067435 0.595722 -1.819448
v 0.046537 0.539730 -1.927566
v 0.052769 0.584321 -1.917193
v 0.025060 0.554607 -2.036803
v 0.025415 0.588003 -2.028895
v 0.011385 0.538872 -2.086675
v 0.011608 0.559498 -2.084075
v 0.000003 0.499852 -1.837107
v 0.000002 0.517132 -1.939997
v 0.000003 0.543568 -2.041355
v 0.000003 0.532665 -2.082876
v 0.000003 0.523308 -2.126258
v 0.000002 0.572135 -2.080646
v 0.000002 0.611340 -2.028383
v 0.000003 0.625452 -1.917807
v 0.000003 0.647582 -1.822517
v 0.000002 0.609482 -1.778556
v 0.013597 0.588239 -1.740808
v 0.000003 0.598248 -1.745298
v 0.000003 0.604738 -1.661341
v 0.017510 0.599701 -1.631936
v 0.012738 0.597974 -1.615718
v 0.011140 0.581881 -1.613244
v 0.015314 0.577084 -1.630493
v 0.014085 0.595866 -1.656456
v 0.012521 0.577519 -1.657349
v 0.012641 0.570983 -1.740759
v 0.023343 0.560441 -1.775950
v 0.000003 0.566499 -1.633671
v 0.000003 0.568901 -1.661816
v 0.000003 0.561809 -1.743615
v 0.000003 0.546929 -1.779793
v 0.012903 0.588098 -1.520217
v 0.014918 0.594793 -1.447084
v 0.000003 0.586143 -1.448306
v 0.000003 0.581075 -1.519955
v 0.016465 0.583741 -1.536183
v 0.000003 0.574823 -1.536583
v 0.012160 0.585281 -1.556767
v 0.000003 0.577524 -1.557741
v 0.000003 0.573916 -1.616116
v 0.000003 0.627090 -1.431018
v 0.020130 0.616753 -1.429831
v 0.015512 0.611877 -1.453545
v 0.014352 0.605174 -1.517988
v 0.018904 0.606066 -1.535659
v 0.014434 0.602335 -1.554409
v 0.000003 0.616783 -1.535753
v 0.000003 0.612929 -1.519077
v 0.000003 0.622132 -1.452130
v 0.000003 0.613750 -1.634525
v 0.000003 0.605970 -1.613691
v 0.000003 0.613236 -1.552489
v 0.000003 0.621345 -1.119188
v 0.017561 0.632490 -1.120229
v 0.021188 0.633961 -1.096503
v 0.000003 0.621100 -1.093740
v 0.000003 0.628985 -1.075869
v 0.018163 0.639680 -1.076971
v 0.021142 0.650195 -1.009534
v 0.000003 0.637895 -1.008523
v 0.025835 0.651448 -0.984746
v 0.000003 0.636766 -0.982008
v 0.028105 0.681727 -0.988980
v 0.023209 0.675404 -1.012868
v 0.020751 0.662912 -1.078421
v 0.025073 0.661769 -1.099433
v 0.021771 0.655973 -1.121594
v 0.000003 0.705186 -0.912057
v 0.000003 0.693076 -0.971386
v 0.000003 0.697610 -0.989487
v 0.000003 0.686510 -1.013239
v 0.000003 0.672836 -1.081250
v 0.000003 0.676642 -1.100680
v 0.000003 0.667224 -1.121790
v 0.000003 0.653698 -1.188107
v 0.019356 0.645320 -1.185295
v 0.000003 0.659993 -1.206487
v 0.025894 0.645626 -1.205550
v 0.000003 0.651614 -1.226985
v 0.020246 0.639808 -1.229129
v 0.016518 0.624404 -1.183824
v 0.020759 0.618896 -1.202847
v 0.017802 0.618433 -1.225154
v 0.017797 0.628891 -1.298956
v 0.015379 0.610803 -1.296465
v 0.021975 0.628070 -1.319290
v 0.000003 0.602490 -1.295173
v 0.000003 0.595629 -1.316042
v 0.019108 0.605947 -1.316530
v 0.000003 0.608736 -1.227880
v 0.000003 0.606933 -1.201187
v 0.000003 0.614536 -1.183298
v 0.016409 0.605573 -1.338801
v 0.000003 0.596951 -1.338738
v 0.014114 0.599550 -1.408346
v 0.000003 0.590751 -1.408762
v 0.018103 0.594962 -1.426764
v 0.000003 0.583628 -1.425074
v 0.017944 0.624266 -1.341167
v 0.015717 0.616268 -1.411507
v 0.000003 0.637405 -1.300726
v 0.000003 0.641239 -1.320026
v 0.000003 0.634341 -1.341541
v 0.000003 0.624981 -1.411879
v 0.165169 0.274175 -0.347430
v 0.165544 0.247294 -0.386415
v 0.170501 0.261815 -0.402613
v 0.167759 0.229485 -0.437247
v 0.165739 0.219333 -0.423688
v 0.151473 0.235739 -0.374506
v 0.154838 0.263684 -0.335486
v 0.175913 0.324180 -0.333304
v 0.174211 0.290696 -0.366792
v 0.151549 0.278996 -0.421302
v 0.152453 0.242423 -0.454210
v 0.165254 0.180977 -0.489191
v 0.163852 0.177743 -0.463684
v 0.134423 0.231460 -0.369322
v 0.149046 0.208672 -0.410042
v 0.149719 0.174949 -0.446135
v 0.153260 0.152085 -0.463162
v 0.163181 0.155685 -0.484789
v 0.164922 0.164746 -0.498818
v 0.158499 0.180986 -0.523964
v 0.115275 0.237511 -0.371311
v 0.108296 0.281191 -0.351569
v 0.108004 0.252283 -0.382740
v 0.115062 0.208375 -0.404523
v 0.133058 0.204062 -0.403342
v 0.133268 0.172764 -0.438834
v 0.136443 0.151010 -0.457363
v 0.119895 0.149959 -0.463163
v 0.117141 0.265164 -0.334592
v 0.109069 0.149757 -0.483207
v 0.116739 0.172247 -0.444074
v 0.109203 0.220686 -0.415513
v 0.113557 0.271089 -0.406755
v 0.113522 0.302226 -0.377658
v 0.113748 0.236346 -0.437935
v 0.110335 0.172822 -0.467176
v 0.121536 0.186166 -0.505869
v 0.119073 0.169679 -0.521286
v 0.097266 0.369089 -0.283722
v 0.107802 0.358145 -0.251050
v 0.089796 0.395221 -0.277540
v 0.093069 0.392534 -0.324597
v 0.099796 0.354330 -0.296764
v 0.109763 0.362906 -0.350408
v 0.111329 0.334751 -0.357610
v 0.105942 0.315201 -0.318991
v 0.111714 0.380331 -0.364519
v 0.136804 0.259400 -0.331414
v 0.116119 0.300149 -0.292558
v 0.111274 0.336127 -0.265364
v 0.133236 0.327526 -0.261461
v 0.138844 0.292712 -0.287266
v 0.157885 0.330922 -0.265940
v 0.160709 0.295555 -0.291672
v 0.210767 0.004499 -0.325805
v 0.220808 0.003690 -0.308497
v 0.194367 0.002541 -0.299603
v 0.189245 0.003090 -0.315691
v 0.219455 0.015592 -0.337096
v 0.228787 0.021606 -0.320880
v 0.238339 0.022394 -0.294895
v 0.230902 0.008981 -0.277943
v 0.204014 0.008187 -0.270147
v 0.189052 0.020410 -0.281561
v 0.187304 0.022916 -0.295741
v 0.182738 0.016971 -0.307021
v 0.141006 -0.000507 -0.275569
v 0.170574 0.001070 -0.283931
v 0.177807 0.009850 -0.255176
v 0.185815 0.024808 -0.277098
v 0.178797 0.023785 -0.293887
v 0.148013 0.007908 -0.248804
v 0.134458 0.024080 -0.265008
v 0.134208 0.029958 -0.287927
v 0.128123 0.023304 -0.299421
v 0.096741 -0.002288 -0.324239
v 0.113394 0.006095 -0.304061
v 0.124828 0.029265 -0.291513
v 0.116218 -0.000394 -0.286428
v 0.128155 0.023890 -0.278965
v 0.120461 0.005092 -0.258032
v 0.092187 0.000682 -0.280950
v 0.098583 0.006411 -0.253516
v 0.093934 0.007835 -0.303290
v 0.085610 0.018027 -0.267519
v 0.088446 0.027612 -0.291402
v 0.092279 0.011495 -0.318839
v 0.137889 0.199239 -0.503260
v 0.129455 0.208254 -0.530172
v 0.121536 0.186166 -0.505869
v 0.137489 0.169700 -0.533056
v 0.153552 0.203961 -0.544330
v 0.158813 0.194027 -0.504033
v 0.156705 0.213197 -0.533016
v 0.141853 0.216312 -0.526412
v 0.138052 0.235601 -0.545803
v 0.135540 0.228643 -0.555938
v 0.126759 0.200677 -0.541985
v 0.138858 0.198883 -0.549435
v 0.151117 0.228489 -0.555291
v 0.152205 0.235774 -0.547567
v 0.145255 0.238147 -0.545129
v 0.142005 0.224499 -0.559397
v 0.145255 0.238147 -0.545129
v 0.152205 0.235774 -0.547567
v 0.138052 0.235601 -0.545803
v 0.135540 0.228643 -0.555938
v 0.126759 0.200677 -0.541985
v 0.119073 0.169679 -0.521286
v 0.118594 0.092836 -0.488065
v 0.085610 0.018027 -0.267519
v 0.104663 0.028337 -0.249455
v 0.098255 0.043360 -0.265610
v 0.088446 0.027612 -0.291402
v 0.101219 0.044713 -0.290268
v 0.123330 0.043049 -0.266686
v 0.123441 0.028197 -0.252339
v 0.102248 0.034979 -0.315521
v 0.092279 0.011495 -0.318839
v 0.123125 0.047123 -0.286513
v 0.128155 0.023890 -0.278965
v 0.120461 0.005092 -0.258032
v 0.098583 0.006411 -0.253516
v 0.124828 0.029265 -0.291513
v 0.131687 0.046728 -0.303864
v 0.128123 0.023304 -0.299421
v 0.134458 0.024080 -0.265008
v 0.148866 0.038818 -0.242863
v 0.143886 0.057616 -0.257187
v 0.134208 0.029958 -0.287927
v 0.143736 0.058921 -0.282144
v 0.176744 0.059976 -0.265358
v 0.177338 0.042507 -0.247175
v 0.131687 0.046728 -0.303864
v 0.128123 0.023304 -0.299421
v 0.173670 0.057200 -0.286753
v 0.185815 0.024808 -0.277098
v 0.177807 0.009850 -0.255176
v 0.148013 0.007908 -0.248804
v 0.178797 0.023785 -0.293887
v 0.180926 0.047449 -0.312456
v 0.182738 0.016971 -0.307021
v 0.224656 0.050966 -0.306288
v 0.231182 0.048368 -0.280678
v 0.238339 0.022394 -0.294895
v 0.196043 0.053239 -0.292478
v 0.180926 0.047449 -0.312456
v 0.219360 0.035274 -0.339346
v 0.228787 0.021606 -0.320880
v 0.219455 0.015592 -0.337096
v 0.182738 0.016971 -0.307021
v 0.187304 0.022916 -0.295741
v 0.200758 0.047888 -0.272406
v 0.208976 0.027602 -0.262003
v 0.231074 0.024434 -0.269598
v 0.204014 0.008187 -0.270147
v 0.230902 0.008981 -0.277943
v 0.189052 0.020410 -0.281561
v 0.158813 0.194027 -0.504033
v 0.137889 0.199239 -0.503260
v 0.131863 0.243051 -0.454726
v 0.121536 0.186166 -0.505869
v 0.113748 0.236346 -0.437935
v 0.131503 0.280124 -0.421824
v 0.113557 0.271089 -0.406755
v 0.134459 0.313077 -0.393565
v 0.113522 0.302226 -0.377658
v 0.160659 0.338266 -0.364498
v 0.155145 0.309761 -0.390184
v 0.225100 0.020465 -0.333941
v 0.232350 0.021422 -0.312620
v 0.245934 0.041647 -0.310913
v 0.253147 0.030745 -0.301555
v 0.247414 0.013621 -0.303857
v 0.219360 0.035274 -0.339346
v 0.219455 0.015592 -0.337096
v 0.233792 0.040517 -0.329551
v 0.266910 0.042795 -0.323800
v 0.271055 0.028347 -0.311220
v 0.267396 0.010731 -0.318905
v 0.269925 0.020185 -0.333084
v 0.253558 0.039537 -0.344502
v 0.239526 0.031956 -0.359584
v 0.254213 0.022662 -0.350297
v 0.238631 0.016785 -0.366325
v 0.236630 0.005447 -0.320231
v 0.267396 0.010731 -0.318905
v 0.247414 0.013621 -0.303857
v 0.232350 0.021422 -0.312620
v 0.225976 0.006926 -0.337712
v 0.225100 0.020465 -0.333941
v 0.176734 0.014522 -0.433839
v 0.202770 0.001575 -0.404357
v 0.227500 0.003028 -0.364513
v 0.241480 0.008285 -0.348570
v 0.256550 0.005862 -0.332017
v 0.269925 0.020185 -0.333084
v 0.254213 0.022662 -0.350297
v 0.009693 0.798777 -0.498227
v 0.018686 0.789628 -0.505665
v 0.012841 0.798976 -0.504310
v 0.014060 0.788275 -0.491825
v 0.025330 0.788750 -0.500793
v 0.023242 0.791424 -0.470130
v 0.010019 0.799441 -0.513458
v 0.014377 0.784404 -0.518768
v 0.000003 0.790581 -0.472794
v 0.000003 0.786859 -0.487021
v 0.000003 0.799123 -0.494220
v 0.000003 0.800967 -0.513910
v 0.000003 0.784990 -0.523782
v 0.011634 0.817644 -0.422276
v 0.017400 0.815885 -0.435535
v 0.006316 0.829927 -0.428401
v 0.008426 0.830546 -0.433253
v 0.006462 0.831964 -0.441611
v 0.013586 0.815348 -0.451568
v 0.000003 0.825158 -0.405346
v 0.000003 0.821519 -0.418771
v 0.000003 0.829944 -0.425853
v 0.000003 0.833853 -0.441281
v 0.000003 0.817636 -0.456689
v -0.147808 0.034261 -0.253094
v -0.152664 0.011629 -0.245517
v -0.148038 0.013459 -0.252711
v -0.167891 0.013148 -0.261174
v -0.169347 0.011334 -0.252917
v -0.173977 0.024786 -0.244266
v -0.168543 0.034368 -0.263583
v -0.158479 0.041643 -0.261509
v -0.166205 0.029600 -0.237469
v -0.156020 0.025063 -0.236611
v -0.156982 0.004665 -0.237712
v -0.161457 0.011423 -0.229478
v -0.160189 -0.002475 -0.235636
v -0.164501 -0.001549 -0.229016
v -0.166477 -0.010795 -0.235302
v -0.169749 -0.001653 -0.228108
v -0.169419 0.014876 -0.228840
v -0.172582 -0.001693 -0.232425
v -0.174724 0.011186 -0.235073
v -0.171174 0.004411 -0.244608
v -0.170467 -0.002658 -0.240511
v -0.160189 -0.002475 -0.235636
v -0.156982 0.004665 -0.237712
v -0.152664 0.011629 -0.245517
v -0.148038 0.013459 -0.252711
v -0.200944 0.038239 -0.275569
v -0.203445 0.015978 -0.267290
v -0.198784 0.017399 -0.274548
v -0.219042 0.014241 -0.283412
v -0.220472 0.013319 -0.274667
v -0.226536 0.027563 -0.267500
v -0.221633 0.035015 -0.288799
v -0.210818 0.041279 -0.282004
v -0.218905 0.032460 -0.260599
v -0.208216 0.030418 -0.259450
v -0.207436 0.009385 -0.258504
v -0.212644 0.016921 -0.250615
v -0.210123 0.002119 -0.255153
v -0.214664 0.003567 -0.248464
v -0.215798 -0.006833 -0.253747
v -0.220222 0.002844 -0.247401
v -0.221070 0.018451 -0.250336
v -0.222923 0.002278 -0.251956
v -0.226208 0.014805 -0.256315
v -0.221851 0.007122 -0.265269
v -0.220550 0.000481 -0.260139
v -0.210123 0.002119 -0.255153
v -0.207436 0.009385 -0.258504
v -0.203445 0.015978 -0.267290
v -0.198784 0.017399 -0.274548
v -0.148812 0.511920 -0.446097
v -0.111416 0.529109 -0.484264
v -0.120979 0.495531 -0.465344
v -0.083478 0.516825 -0.480931
v -0.086757 0.493776 -0.458463
v -0.103452 0.546382 -0.505199
v -0.074514 0.542149 -0.507749
v -0.095152 0.574287 -0.518277
v -0.067905 0.571263 -0.525858
v -0.039042 0.569670 -0.510411
v 0.000003 0.892578 -0.093642
v 0.010299 0.901042 -0.112183
v 0.000003 0.905037 -0.113136
v 0.000003 0.887502 -0.140517
v 0.016385 0.880192 -0.131316
v 0.027179 0.876243 -0.115385
v 0.017609 0.874376 -0.095499
v 0.016091 0.895941 -0.105459
v 0.010968 0.890614 -0.095900
v 0.000003 0.875602 -0.087944
v -0.000025 0.791201 0.558001
v -0.000041 0.799937 0.570214
v -0.000050 0.811771 0.575355
v -0.000050 0.824799 0.575064
v -0.000008 0.831790 0.585139
vt 0.923828 0.322754
vt 0.942383 0.331543
vt 0.941406 0.324219
vt 0.929688 0.334961
vt 0.914062 0.329590
vt 0.945801 0.342285
vt 0.918457 0.373535
vt 0.926758 0.360352
vt 0.916992 0.358887
vt 0.912109 0.374512
vt 0.910156 0.358398
vt 0.919434 0.345703
vt 0.907227 0.340820
vt 0.924316 0.340332
vt 0.937500 0.344727
vt 0.932617 0.348145
vt 0.942383 0.353516
vt 0.939453 0.355469
vt 0.947266 0.352539
vt 0.942871 0.363281
vt 0.936523 0.357910
vt 0.929199 0.352051
vt 0.933594 0.362305
vt 0.935059 0.370117
vt 0.927734 0.372559
vt 0.858887 0.307129
vt 0.857910 0.336914
vt 0.851074 0.330078
vt 0.847656 0.353516
vt 0.858398 0.360352
vt 0.839355 0.349609
vt 0.890137 0.321777
vt 0.879883 0.321777
vt 0.874023 0.297363
vt 0.871094 0.325195
vt 0.866699 0.346680
vt 0.868164 0.364258
vt 0.873047 0.354004
vt 0.881836 0.362793
vt 0.880371 0.352051
vt 0.876465 0.339844
vt 0.882812 0.337402
vt 0.890625 0.338379
vt 0.884277 0.351562
vt 0.888672 0.352051
vt 0.901367 0.342285
vt 0.905762 0.326660
vt 0.910156 0.317383
vt 0.893066 0.300293
vt 0.895508 0.354980
vt 0.913574 0.415039
vt 0.897461 0.395996
vt 0.910645 0.387695
vt 0.924805 0.440430
vt 0.926270 0.426758
vt 0.928711 0.439453
vt 0.920410 0.429199
vt 0.920898 0.412109
vt 0.925781 0.383789
vt 0.894531 0.419922
vt 0.893555 0.439941
vt 0.885254 0.436523
vt 0.901855 0.426270
vt 0.911133 0.436035
vt 0.917969 0.443359
vt 0.927246 0.450684
vt 0.904297 0.446777
vt 0.914062 0.451172
vt 0.932129 0.439453
vt 0.932129 0.426270
vt 0.928223 0.410156
vt 0.945312 0.399414
vt 0.944336 0.410645
vt 0.943359 0.427734
vt 0.938965 0.440918
vt 0.822754 0.407227
vt 0.825195 0.431641
vt 0.816406 0.430176
vt 0.825684 0.382812
vt 0.831543 0.412109
vt 0.837891 0.436035
vt 0.860352 0.389160
vt 0.850586 0.392090
vt 0.839844 0.370605
vt 0.841797 0.396973
vt 0.843262 0.419922
vt 0.848633 0.437500
vt 0.851562 0.425781
vt 0.862305 0.432617
vt 0.858398 0.421875
vt 0.851074 0.410645
vt 0.857910 0.406738
vt 0.864746 0.405762
vt 0.862793 0.420410
vt 0.866211 0.419922
vt 0.876953 0.407227
vt 0.877441 0.390137
vt 0.879883 0.379883
vt 0.858398 0.367676
vt 0.874023 0.420898
vt 0.907227 0.340820
vt 0.916992 0.358887
vt 0.910156 0.358398
vt 0.918457 0.373535
vt 0.927734 0.372559
vt 0.912109 0.374512
vt 0.929688 0.334961
vt 0.924316 0.340332
vt 0.914062 0.329590
vt 0.919434 0.345703
vt 0.926758 0.360352
vt 0.935059 0.370117
vt 0.933594 0.362305
vt 0.942871 0.363281
vt 0.936523 0.357910
vt 0.929199 0.352051
vt 0.932617 0.348145
vt 0.937500 0.344727
vt 0.939453 0.355469
vt 0.942383 0.353516
vt 0.945801 0.342285
vt 0.942383 0.331543
vt 0.941406 0.324219
vt 0.923828 0.322754
vt 0.947266 0.352539
vt 0.913574 0.415039
vt 0.910645 0.387695
vt 0.897461 0.395996
vt 0.920898 0.412109
vt 0.925781 0.383789
vt 0.920410 0.429199
vt 0.926270 0.426758
vt 0.924805 0.440430
vt 0.928711 0.439453
vt 0.894531 0.419922
vt 0.885254 0.436523
vt 0.893555 0.439941
vt 0.901855 0.426270
vt 0.911133 0.436035
vt 0.917969 0.443359
vt 0.927246 0.450684
vt 0.914062 0.451172
vt 0.904297 0.446777
vt 0.932129 0.439453
vt 0.932129 0.426270
vt 0.928223 0.410156
vt 0.945312 0.399414
vt 0.944336 0.410645
vt 0.943359 0.427734
vt 0.938965 0.440918
vt 0.858887 0.307129
vt 0.851074 0.330078
vt 0.857910 0.336914
vt 0.839355 0.349609
vt 0.847656 0.353516
vt 0.858398 0.360352
vt 0.890137 0.321777
vt 0.874023 0.297363
vt 0.879883 0.321777
vt 0.871094 0.325195
vt 0.866699 0.346680
vt 0.868164 0.364258
vt 0.873047 0.354004
vt 0.881836 0.362793
vt 0.880371 0.352051
vt 0.876465 0.339844
vt 0.882812 0.337402
vt 0.890625 0.338379
vt 0.884277 0.351562
vt 0.888672 0.352051
vt 0.901367 0.342285
vt 0.905762 0.326660
vt 0.910156 0.317383
vt 0.893066 0.300293
vt 0.895508 0.354980
vt 0.825684 0.382812
vt 0.822754 0.407227
vt 0.831543 0.412109
vt 0.816406 0.430176
vt 0.825195 0.431641
vt 0.837891 0.436035
vt 0.860352 0.389160
vt 0.839844 0.370605
vt 0.850586 0.392090
vt 0.841797 0.396973
vt 0.843262 0.419922
vt 0.848633 0.437500
vt 0.851562 0.425781
vt 0.862305 0.432617
vt 0.858398 0.421875
vt 0.851074 0.410645
vt 0.857910 0.406738
vt 0.864746 0.405762
vt 0.862793 0.420410
vt 0.866211 0.419922
vt 0.876953 0.407227
vt 0.877441 0.390137
vt 0.879883 0.379883
vt 0.858398 0.367676
vt 0.874023 0.420898
vt 0.907227 0.340820
vt 0.910156 0.358398
vt 0.916992 0.358887
vt 0.912109 0.374512
vt 0.918457 0.373535
vt 0.927734 0.372559
vt 0.929688 0.334961
vt 0.914062 0.329590
vt 0.924316 0.340332
vt 0.919434 0.345703
vt 0.926758 0.360352
vt 0.935059 0.370117
vt 0.933594 0.362305
vt 0.942871 0.363281
vt 0.936523 0.357910
vt 0.929199 0.352051
vt 0.932617 0.348145
vt 0.937500 0.344727
vt 0.939453 0.355469
vt 0.942383 0.353516
vt 0.945801 0.342285
vt 0.942383 0.331543
vt 0.941406 0.324219
vt 0.923828 0.322754
vt 0.947266 0.352539
vt 0.475830 0.474121
vt 0.467285 0.468262
vt 0.479980 0.469727
vt 0.456787 0.459473
vt 0.473389 0.446289
vt 0.477051 0.452637
vt 0.463135 0.465332
vt 0.465820 0.483398
vt 0.480713 0.477051
vt 0.482910 0.471191
vt 0.483887 0.458984
vt 0.458008 0.491699
vt 0.490234 0.481445
vt 0.491699 0.465332
vt 0.496338 0.451660
vt 0.492920 0.443848
vt 0.491211 0.436035
vt 0.490967 0.425781
vt 0.509277 0.427734
vt 0.507324 0.436523
vt 0.507324 0.445801
vt 0.537109 0.438965
vt 0.563477 0.436523
vt 0.539551 0.448730
vt 0.512207 0.454590
vt 0.501465 0.461426
vt 0.502441 0.475586
vt 0.501953 0.488770
vt 0.519531 0.471680
vt 0.566406 0.447266
vt 0.564453 0.465332
vt 0.543457 0.464844
vt 0.599609 0.451660
vt 0.575684 0.467773
vt 0.645996 0.479492
vt 0.613281 0.480957
vt 0.583496 0.484375
vt 0.559082 0.476074
vt 0.541016 0.474609
vt 0.519531 0.481445
vt 0.537598 0.483887
vt 0.556152 0.490234
vt 0.583008 0.500244
vt 0.614746 0.499512
vt 0.532227 0.497559
vt 0.553711 0.504883
vt 0.529297 0.510742
vt 0.508789 0.512451
vt 0.515137 0.500000
vt 0.517090 0.490723
vt 0.526855 0.518799
vt 0.506348 0.525879
vt 0.493652 0.535156
vt 0.497070 0.529053
vt 0.501953 0.545654
vt 0.482178 0.559326
vt 0.480713 0.549316
vt 0.502441 0.534424
vt 0.523438 0.531738
vt 0.547852 0.529785
vt 0.550293 0.513672
vt 0.462158 0.558105
vt 0.523438 0.544922
vt 0.548340 0.545654
vt 0.549805 0.561035
vt 0.504883 0.557373
vt 0.525391 0.558838
vt 0.597168 0.561035
vt 0.595703 0.574219
vt 0.573242 0.576904
vt 0.573242 0.563232
vt 0.550781 0.575928
vt 0.527344 0.575684
vt 0.505371 0.575439
vt 0.528320 0.590820
vt 0.551270 0.590088
vt 0.573242 0.589600
vt 0.596191 0.589844
vt 0.612793 0.575928
vt 0.614746 0.590088
vt 0.630859 0.590332
vt 0.612793 0.604492
vt 0.507812 0.591797
vt 0.528320 0.605713
vt 0.507324 0.608154
vt 0.551758 0.604004
vt 0.573242 0.602295
vt 0.595703 0.605469
vt 0.625977 0.616211
vt 0.597168 0.618896
vt 0.573242 0.615967
vt 0.551270 0.618652
vt 0.528320 0.622559
vt 0.601562 0.633057
vt 0.574707 0.633301
vt 0.551270 0.634033
vt 0.551758 0.649414
vt 0.527344 0.635742
vt 0.508301 0.626221
vt 0.507324 0.637207
vt 0.528809 0.648193
vt 0.509766 0.646973
vt 0.486572 0.628174
vt 0.486816 0.639404
vt 0.501465 0.647949
vt 0.514648 0.653320
vt 0.533203 0.659668
vt 0.468750 0.635742
vt 0.505371 0.652100
vt 0.449219 0.625977
vt 0.444092 0.622070
vt 0.447266 0.607666
vt 0.452148 0.609131
vt 0.456299 0.627441
vt 0.457764 0.609131
vt 0.471191 0.627930
vt 0.471680 0.609619
vt 0.487549 0.610107
vt 0.458984 0.600586
vt 0.464844 0.600586
vt 0.454590 0.600342
vt 0.448730 0.599609
vt 0.441895 0.605957
vt 0.439209 0.619141
vt 0.433838 0.607422
vt 0.431396 0.617676
vt 0.441650 0.599609
vt 0.449219 0.594238
vt 0.455078 0.594482
vt 0.459473 0.594727
vt 0.469238 0.579346
vt 0.465576 0.594482
vt 0.463867 0.588623
vt 0.457275 0.588867
vt 0.452881 0.588623
vt 0.447510 0.588623
vt 0.440674 0.587891
vt 0.442627 0.593750
vt 0.436523 0.593506
vt 0.454590 0.581299
vt 0.465576 0.562744
vt 0.450195 0.564209
vt 0.448486 0.580322
vt 0.485596 0.576660
vt 0.443359 0.563477
vt 0.451172 0.554443
vt 0.444580 0.547852
vt 0.473389 0.594238
vt 0.487549 0.593262
vt 0.389160 0.731201
vt 0.392334 0.729004
vt 0.398438 0.734131
vt 0.386475 0.718262
vt 0.393555 0.713623
vt 0.402344 0.714844
vt 0.395996 0.727539
vt 0.398682 0.729736
vt 0.379883 0.703857
vt 0.408203 0.730957
vt 0.407715 0.723145
vt 0.406494 0.701904
vt 0.387451 0.694092
vt 0.376465 0.692871
vt 0.427734 0.673340
vt 0.432373 0.697510
vt 0.409912 0.685303
vt 0.422363 0.720703
vt 0.412598 0.733398
vt 0.389404 0.680664
vt 0.389893 0.672607
vt 0.399414 0.674316
vt 0.394775 0.666504
vt 0.391357 0.664551
vt 0.395752 0.662842
vt 0.403809 0.666504
vt 0.392090 0.660889
vt 0.388184 0.662109
vt 0.382324 0.664062
vt 0.373779 0.665527
vt 0.386963 0.646484
vt 0.388916 0.659180
vt 0.382568 0.654785
vt 0.389893 0.655029
vt 0.395264 0.647461
vt 0.392578 0.656738
vt 0.395752 0.658447
vt 0.402588 0.653809
vt 0.413574 0.669922
vt 0.400391 0.639404
vt 0.412354 0.649414
vt 0.424561 0.654785
vt 0.417480 0.639160
vt 0.408936 0.633301
vt 0.375732 0.651367
vt 0.382324 0.633545
vt 0.404297 0.624512
vt 0.417236 0.628174
vt 0.367676 0.648926
vt 0.368164 0.639893
vt 0.361084 0.642822
vt 0.361084 0.634521
vt 0.360596 0.646240
vt 0.364502 0.656494
vt 0.357666 0.645020
vt 0.360352 0.649658
vt 0.363281 0.625977
vt 0.352539 0.634521
vt 0.355469 0.640625
vt 0.354736 0.643799
vt 0.358154 0.641602
vt 0.348877 0.642090
vt 0.354492 0.647217
vt 0.357178 0.648682
vt 0.349365 0.650879
vt 0.344238 0.640137
vt 0.347168 0.627197
vt 0.348389 0.616455
vt 0.364990 0.616455
vt 0.341797 0.654053
vt 0.335693 0.646729
vt 0.326416 0.665771
vt 0.327393 0.654053
vt 0.327881 0.648193
vt 0.331299 0.640869
vt 0.328125 0.640869
vt 0.324951 0.640381
vt 0.320312 0.645020
vt 0.316406 0.650391
vt 0.317383 0.665527
vt 0.320557 0.677734
vt 0.323730 0.678955
vt 0.328857 0.673584
vt 0.331299 0.683350
vt 0.336670 0.672852
vt 0.316895 0.679443
vt 0.321289 0.629395
vt 0.325195 0.634277
vt 0.324707 0.637451
vt 0.317871 0.637207
vt 0.312744 0.637695
vt 0.315674 0.625732
vt 0.327881 0.637451
vt 0.331543 0.621582
vt 0.330322 0.626465
vt 0.338867 0.630615
vt 0.331543 0.634766
vt 0.330811 0.637695
vt 0.328369 0.633789
vt 0.339355 0.639160
vt 0.319580 0.579102
vt 0.334229 0.578613
vt 0.333740 0.588867
vt 0.319580 0.588379
vt 0.318848 0.597412
vt 0.333496 0.598877
vt 0.316650 0.606934
vt 0.332764 0.607910
vt 0.315430 0.615967
vt 0.332275 0.614990
vt 0.348877 0.609619
vt 0.349609 0.600586
vt 0.349854 0.589600
vt 0.350586 0.578369
vt 0.350586 0.569580
vt 0.365723 0.609375
vt 0.365967 0.601318
vt 0.365967 0.590088
vt 0.366699 0.578857
vt 0.387695 0.581787
vt 0.386963 0.573730
vt 0.403809 0.577637
vt 0.403320 0.612549
vt 0.422363 0.608887
vt 0.421875 0.618164
vt 0.403564 0.606445
vt 0.386230 0.608887
vt 0.387207 0.601318
vt 0.387451 0.591309
vt 0.405518 0.585693
vt 0.424561 0.630127
vt 0.385498 0.616211
vt 0.435303 0.657959
vt 0.440186 0.671631
vt 0.430176 0.657471
vt 0.432373 0.649902
vt 0.429688 0.647705
vt 0.437500 0.635742
vt 0.426514 0.644287
vt 0.433594 0.633301
vt 0.442871 0.640625
vt 0.455811 0.639893
vt 0.433105 0.602295
vt 0.436768 0.596191
vt 0.432129 0.596436
vt 0.431641 0.593262
vt 0.423340 0.592773
vt 0.431885 0.589844
vt 0.422852 0.588379
vt 0.421387 0.604248
vt 0.423096 0.597168
vt 0.406006 0.592285
vt 0.405518 0.598877
vt 0.432617 0.584229
vt 0.421387 0.581055
vt 0.422119 0.576416
vt 0.433105 0.579102
vt 0.440430 0.581543
vt 0.444580 0.580322
vt 0.431396 0.567871
vt 0.437988 0.567627
vt 0.441162 0.565430
vt 0.439209 0.549316
vt 0.447754 0.532959
vt 0.435547 0.551758
vt 0.403809 0.571045
vt 0.422607 0.566650
vt 0.426758 0.553955
vt 0.432861 0.539062
vt 0.439941 0.534424
vt 0.443115 0.524902
vt 0.452393 0.523926
vt 0.450684 0.510498
vt 0.466797 0.517578
vt 0.475830 0.501221
vt 0.476807 0.489258
vt 0.488770 0.495117
vt 0.421387 0.543701
vt 0.433350 0.528564
vt 0.436768 0.509277
vt 0.439941 0.483887
vt 0.447754 0.450684
vt 0.418457 0.532959
vt 0.411865 0.549805
vt 0.421875 0.512207
vt 0.417480 0.496582
vt 0.410889 0.516357
vt 0.409424 0.528809
vt 0.404785 0.542969
vt 0.406006 0.559326
vt 0.419189 0.555664
vt 0.401367 0.534912
vt 0.395996 0.526611
vt 0.392578 0.535156
vt 0.385742 0.547607
vt 0.386719 0.565674
vt 0.381104 0.529541
vt 0.372314 0.540527
vt 0.372559 0.531494
vt 0.366699 0.553955
vt 0.367188 0.563721
vt 0.367188 0.570801
vt 0.350586 0.562500
vt 0.334473 0.569824
vt 0.334473 0.562744
vt 0.350342 0.551758
vt 0.356445 0.544922
vt 0.364990 0.545410
vt 0.365723 0.537109
vt 0.365234 0.533691
vt 0.348389 0.538574
vt 0.353271 0.537109
vt 0.359375 0.535645
vt 0.359619 0.539062
vt 0.362549 0.538086
vt 0.362305 0.534668
vt 0.365234 0.530273
vt 0.369873 0.523926
vt 0.361816 0.523438
vt 0.362305 0.516357
vt 0.359131 0.532227
vt 0.354248 0.528320
vt 0.362061 0.531006
vt 0.379883 0.515137
vt 0.361816 0.507324
vt 0.346680 0.524658
vt 0.344971 0.513916
vt 0.349609 0.502197
vt 0.343018 0.505615
vt 0.344971 0.495117
vt 0.341797 0.496094
vt 0.343750 0.489258
vt 0.341797 0.489258
vt 0.340332 0.487793
vt 0.338379 0.494629
vt 0.335693 0.504395
vt 0.332275 0.511719
vt 0.334473 0.491699
vt 0.330566 0.498535
vt 0.327393 0.499512
vt 0.323242 0.511475
vt 0.323975 0.497559
vt 0.332275 0.523438
vt 0.340332 0.531494
vt 0.335693 0.537109
vt 0.332275 0.536865
vt 0.332520 0.529541
vt 0.321289 0.526367
vt 0.324707 0.531982
vt 0.329102 0.536865
vt 0.331787 0.540039
vt 0.334717 0.540039
vt 0.343262 0.539307
vt 0.342285 0.547607
vt 0.328857 0.542969
vt 0.328613 0.540039
vt 0.324463 0.547607
vt 0.321777 0.539795
vt 0.316895 0.538818
vt 0.334229 0.556152
vt 0.317871 0.560303
vt 0.318604 0.550781
vt 0.333496 0.551270
vt 0.335449 0.543213
vt 0.332031 0.543701
vt 0.318115 0.569580
vt 0.951172 0.505615
vt 0.940430 0.512939
vt 0.944824 0.491211
vt 0.931641 0.461426
vt 0.940430 0.463867
vt 0.934570 0.468750
vt 0.946289 0.469238
vt 0.936523 0.478516
vt 0.953613 0.474121
vt 0.929688 0.500000
vt 0.918457 0.510742
vt 0.931152 0.528076
vt 0.915527 0.535889
vt 0.923828 0.470215
vt 0.926758 0.467285
vt 0.927246 0.461914
vt 0.924805 0.460449
vt 0.919922 0.464355
vt 0.907715 0.467285
vt 0.887207 0.470703
vt 0.886719 0.458984
vt 0.895020 0.457520
vt 0.912109 0.456543
vt 0.917969 0.457031
vt 0.923828 0.455566
vt 0.933594 0.457031
vt 0.869629 0.517334
vt 0.861816 0.493652
vt 0.876465 0.487793
vt 0.870117 0.462402
vt 0.879883 0.456543
vt 0.883789 0.450195
vt 0.885742 0.450684
vt 0.889160 0.449219
vt 0.855957 0.469238
vt 0.838379 0.494629
vt 0.898926 0.451172
vt 0.889648 0.445801
vt 0.881836 0.447754
vt 0.877441 0.450684
vt 0.872070 0.449707
vt 0.859863 0.452637
vt 0.853516 0.456055
vt 0.846191 0.454102
vt 0.848145 0.444336
vt 0.842773 0.448730
vt 0.845215 0.442383
vt 0.853516 0.438965
vt 0.853516 0.443848
vt 0.863770 0.445312
vt 0.850586 0.445312
vt 0.838867 0.449707
vt 0.837891 0.463379
vt 0.823730 0.451172
vt 0.817383 0.469238
vt 0.828613 0.443848
vt 0.813965 0.495117
vt 0.796875 0.462402
vt 0.807129 0.453613
vt 0.815918 0.455078
vt 0.812012 0.439453
vt 0.812500 0.434570
vt 0.805664 0.440918
vt 0.801758 0.438965
vt 0.800781 0.448730
vt 0.798340 0.448242
vt 0.809082 0.442383
vt 0.753906 0.442383
vt 0.759277 0.441406
vt 0.764160 0.448730
vt 0.768066 0.438477
vt 0.764160 0.434570
vt 0.774902 0.431152
vt 0.773926 0.437012
vt 0.786621 0.438965
vt 0.781250 0.447266
vt 0.771973 0.467773
vt 0.772949 0.451172
vt 0.770996 0.439941
vt 0.750000 0.458496
vt 0.720703 0.439941
vt 0.723633 0.431641
vt 0.728516 0.432129
vt 0.729980 0.444336
vt 0.728027 0.459473
vt 0.746582 0.487793
vt 0.766602 0.490723
vt 0.789551 0.493164
vt 0.725586 0.484863
vt 0.761719 0.516113
vt 0.743164 0.513428
vt 0.723633 0.509766
vt 0.703125 0.480469
vt 0.706543 0.448242
vt 0.709961 0.432617
vt 0.635254 0.433105
vt 0.647949 0.414551
vt 0.663574 0.431152
vt 0.642090 0.453125
vt 0.681152 0.446777
vt 0.678711 0.479004
vt 0.701172 0.505615
vt 0.721191 0.534180
vt 0.740723 0.537354
vt 0.739258 0.556641
vt 0.698242 0.530762
vt 0.675293 0.504395
vt 0.593750 0.432617
vt 0.590820 0.419434
vt 0.566895 0.422852
vt 0.557129 0.428711
vt 0.535156 0.430176
vt 0.536621 0.422363
vt 0.517090 0.411133
vt 0.540039 0.414062
vt 0.564941 0.410156
vt 0.591797 0.406738
vt 0.602539 0.404785
vt 0.600098 0.396484
vt 0.607910 0.398926
vt 0.614746 0.401855
vt 0.595703 0.396484
vt 0.602539 0.393066
vt 0.592773 0.393555
vt 0.581055 0.402344
vt 0.566895 0.394531
vt 0.551758 0.393555
vt 0.556641 0.389160
vt 0.547852 0.383301
vt 0.576660 0.393555
vt 0.591797 0.389648
vt 0.542969 0.394531
vt 0.544434 0.383301
vt 0.548828 0.379883
vt 0.541992 0.381348
vt 0.535645 0.391113
vt 0.512695 0.395996
vt 0.497070 0.401855
vt 0.500488 0.395996
vt 0.531250 0.384766
vt 0.540527 0.378418
vt 0.487793 0.408203
vt 0.490723 0.393066
vt 0.487061 0.394531
vt 0.491455 0.389648
vt 0.483398 0.393555
vt 0.476318 0.409668
vt 0.465332 0.431641
vt 0.458984 0.416016
vt 0.469971 0.405762
vt 0.480957 0.390625
vt 0.447998 0.425781
vt 0.449707 0.417969
vt 0.440674 0.416504
vt 0.440430 0.413086
vt 0.437012 0.417969
vt 0.434082 0.417969
vt 0.440674 0.433105
vt 0.433105 0.435547
vt 0.431641 0.416504
vt 0.427246 0.434082
vt 0.417969 0.448242
vt 0.427979 0.460938
vt 0.413818 0.458496
vt 0.413086 0.479980
vt 0.413818 0.450684
vt 0.395996 0.501221
vt 0.394287 0.487793
vt 0.379395 0.504150
vt 0.388672 0.517334
vt 0.396484 0.509277
vt 0.406494 0.507812
vt 0.394531 0.519775
vt 0.398193 0.517578
vt 0.388428 0.526611
vt 0.395264 0.522705
vt 0.398682 0.521240
vt 0.401611 0.515625
vt 0.402344 0.519531
vt 0.402344 0.523926
vt 0.399170 0.525391
vt 0.876465 0.621338
vt 0.869141 0.627441
vt 0.879883 0.631348
vt 0.874023 0.637695
vt 0.866699 0.636475
vt 0.862305 0.631592
vt 0.862305 0.623779
vt 0.866699 0.618164
vt 0.851562 0.598389
vt 0.860352 0.618896
vt 0.871094 0.595703
vt 0.895020 0.589844
vt 0.886230 0.624756
vt 0.916016 0.590332
vt 0.927734 0.602539
vt 0.948242 0.585938
vt 0.930664 0.615479
vt 0.952637 0.612549
vt 0.924316 0.626221
vt 0.938965 0.622070
vt 0.936035 0.570312
vt 0.897461 0.635498
vt 0.897949 0.641357
vt 0.893555 0.629395
vt 0.908203 0.562500
vt 0.877441 0.576416
vt 0.860352 0.588623
vt 0.840332 0.583496
vt 0.836426 0.593994
vt 0.853027 0.618652
vt 0.823730 0.585205
vt 0.932129 0.439453
vt 0.928711 0.439453
vt 0.927246 0.450684
vt 0.938965 0.440918
vt 0.917969 0.443359
vt 0.914062 0.451172
vt 0.924805 0.440430
vt 0.926270 0.426758
vt 0.932129 0.426270
vt 0.943359 0.427734
vt 0.928223 0.410156
vt 0.944336 0.410645
vt 0.925781 0.383789
vt 0.945312 0.399414
vt 0.911133 0.436035
vt 0.920410 0.429199
vt 0.901855 0.426270
vt 0.913574 0.415039
vt 0.920898 0.412109
vt 0.910645 0.387695
vt 0.897461 0.395996
vt 0.894531 0.419922
vt 0.885254 0.436523
vt 0.893555 0.439941
vt 0.904297 0.446777
vt 0.534180 0.681396
vt 0.520020 0.675781
vt 0.517090 0.663574
vt 0.517090 0.686768
vt 0.536621 0.696045
vt 0.539062 0.704834
vt 0.534668 0.666992
vt 0.555664 0.689697
vt 0.557129 0.703613
vt 0.561523 0.714600
vt 0.540527 0.714111
vt 0.535645 0.729980
vt 0.581055 0.679932
vt 0.556152 0.674561
vt 0.554199 0.665283
vt 0.579590 0.670410
vt 0.611328 0.668701
vt 0.612793 0.681641
vt 0.639648 0.667236
vt 0.643066 0.682129
vt 0.660156 0.666992
vt 0.673340 0.677979
vt 0.576660 0.651123
vt 0.605469 0.651123
vt 0.634766 0.652100
vt 0.657227 0.651611
vt 0.675781 0.652832
vt 0.653320 0.633301
vt 0.673340 0.631592
vt 0.671875 0.613281
vt 0.697266 0.651855
vt 0.695312 0.630127
vt 0.693848 0.611816
vt 0.693848 0.591309
vt 0.671387 0.590820
vt 0.651367 0.615234
vt 0.629883 0.634521
vt 0.717773 0.628662
vt 0.719727 0.649170
vt 0.716309 0.610596
vt 0.715820 0.591553
vt 0.694336 0.570801
vt 0.672363 0.568604
vt 0.671387 0.590820
vt 0.674316 0.550537
vt 0.696289 0.552490
vt 0.716797 0.572510
vt 0.736816 0.592041
vt 0.736816 0.609619
vt 0.738281 0.627197
vt 0.739258 0.646729
vt 0.754883 0.592041
vt 0.755371 0.608643
vt 0.737305 0.573975
vt 0.718750 0.554443
vt 0.677246 0.529297
vt 0.772461 0.607422
vt 0.773926 0.623047
vt 0.756836 0.625244
vt 0.771484 0.592285
vt 0.755859 0.575684
vt 0.810059 0.637939
vt 0.831543 0.662109
vt 0.801270 0.663574
vt 0.792969 0.640381
vt 0.778320 0.664795
vt 0.774902 0.641357
vt 0.757324 0.644287
vt 0.698730 0.677246
vt 0.721680 0.673828
vt 0.741211 0.670654
vt 0.759766 0.668213
vt 0.700195 0.702881
vt 0.723145 0.698975
vt 0.744141 0.696533
vt 0.764160 0.693848
vt 0.786621 0.692139
vt 0.793457 0.722656
vt 0.811523 0.690674
vt 0.814453 0.716553
vt 0.769043 0.717285
vt 0.724609 0.724121
vt 0.746582 0.726074
vt 0.760254 0.735596
vt 0.750000 0.742188
vt 0.755859 0.742920
vt 0.794434 0.737061
vt 0.803223 0.731934
vt 0.797363 0.736816
vt 0.777344 0.738037
vt 0.769043 0.733643
vt 0.764160 0.746094
vt 0.760254 0.749756
vt 0.770996 0.753540
vt 0.770020 0.747559
vt 0.767090 0.744629
vt 0.782715 0.746094
vt 0.948730 0.684082
vt 0.941895 0.698486
vt 0.938477 0.676514
vt 0.950684 0.715576
vt 0.942871 0.720215
vt 0.933105 0.710938
vt 0.927246 0.688965
vt 0.916016 0.677734
vt 0.929199 0.660889
vt 0.914062 0.652588
vt 0.892090 0.677002
vt 0.887207 0.653076
vt 0.867676 0.669922
vt 0.873535 0.699707
vt 0.835938 0.691650
vt 0.859375 0.693604
vt 0.866699 0.724854
vt 0.883789 0.717529
vt 0.852539 0.717773
vt 0.834473 0.723145
vt 0.842773 0.732666
vt 0.834961 0.737061
vt 0.838867 0.737793
vt 0.855957 0.734619
vt 0.849609 0.730713
vt 0.844238 0.742432
vt 0.841309 0.744629
vt 0.849609 0.747803
vt 0.849609 0.743164
vt 0.859863 0.742188
vt 0.846680 0.741211
vt 0.819824 0.734863
vt 0.824707 0.742432
vt 0.808105 0.746338
vt 0.808105 0.751221
vt 0.801758 0.744629
vt 0.797363 0.746826
vt 0.805176 0.743408
vt 0.812012 0.730713
vt 0.637207 0.404785
vt 0.637695 0.416016
vt 0.627441 0.411133
vt 0.612305 0.416992
vt 0.623047 0.402832
vt 0.633789 0.402832
vt 0.641602 0.403809
vt 0.688965 0.418945
vt 0.684570 0.420410
vt 0.681641 0.417969
vt 0.684570 0.429688
vt 0.677246 0.425781
vt 0.667480 0.417969
vt 0.654297 0.408203
vt 0.643066 0.398926
vt 0.631348 0.397949
vt 0.692871 0.429199
vt 0.672852 0.418945
vt 0.678711 0.413086
vt 0.690430 0.413574
vt 0.700195 0.423828
vt 0.715820 0.432129
vt 0.721191 0.426758
vt 0.731445 0.429199
vt 0.738281 0.440918
vt 0.732422 0.424316
vt 0.744629 0.434082
vt 0.601562 0.547119
vt 0.574219 0.546387
vt 0.577148 0.528564
vt 0.605957 0.529297
vt 0.580566 0.509766
vt 0.612793 0.511963
vt 0.641113 0.513916
vt 0.635742 0.529053
vt 0.630371 0.546143
vt 0.625977 0.564209
vt 0.661621 0.514893
vt 0.658691 0.530029
vt 0.654297 0.548096
vt 0.651855 0.566162
vt 0.650879 0.590576
vt 0.645020 0.499512
vt 0.610840 0.700195
vt 0.572754 0.712158
vt 0.580566 0.695801
vt 0.595215 0.729004
vt 0.643066 0.702393
vt 0.562500 0.732666
vt 0.559082 0.742920
vt 0.588867 0.747803
vt 0.638184 0.728516
vt 0.675781 0.703613
vt 0.630859 0.747803
vt 0.607422 0.763794
vt 0.586426 0.760864
vt 0.562012 0.756836
vt 0.552734 0.750488
vt 0.532715 0.739746
vt 0.507324 0.723145
vt 0.516113 0.706299
vt 0.501465 0.740723
vt 0.530762 0.748779
vt 0.532227 0.756348
vt 0.501465 0.731689
vt 0.496094 0.715820
vt 0.517578 0.696777
vt 0.496826 0.688721
vt 0.497070 0.702637
vt 0.484619 0.696289
vt 0.484375 0.710938
vt 0.476807 0.706299
vt 0.478760 0.719482
vt 0.474121 0.708496
vt 0.461914 0.710938
vt 0.470215 0.704346
vt 0.459717 0.695801
vt 0.474609 0.700928
vt 0.470703 0.688721
vt 0.466309 0.678711
vt 0.480225 0.683350
vt 0.450439 0.689209
vt 0.452393 0.664062
vt 0.485596 0.741943
vt 0.487061 0.733398
vt 0.468262 0.733154
vt 0.471924 0.726318
vt 0.451416 0.720703
vt 0.457764 0.713867
vt 0.490723 0.725830
vt 0.539551 0.795532
vt 0.542480 0.796021
vt 0.543945 0.799316
vt 0.536621 0.797607
vt 0.538086 0.784912
vt 0.530762 0.787964
vt 0.535156 0.764893
vt 0.512207 0.767700
vt 0.503906 0.750244
vt 0.546875 0.785767
vt 0.560059 0.769043
vt 0.561523 0.785034
vt 0.551758 0.790039
vt 0.575684 0.777588
vt 0.571777 0.786255
vt 0.586914 0.773315
vt 0.587402 0.786499
vt 0.586426 0.790405
vt 0.597168 0.787354
vt 0.590820 0.783569
vt 0.594727 0.783936
vt 0.609375 0.778931
vt 0.602539 0.781372
vt 0.597656 0.775513
vt 0.622559 0.770020
vt 0.617676 0.778320
vt 0.628418 0.778564
vt 0.625977 0.783203
vt 0.638184 0.782471
vt 0.663086 0.764160
vt 0.643066 0.766968
vt 0.659668 0.750610
vt 0.649414 0.773438
vt 0.636230 0.777710
vt 0.631836 0.776367
vt 0.632812 0.765137
vt 0.705566 0.750610
vt 0.695801 0.759033
vt 0.688965 0.753418
vt 0.703125 0.735107
vt 0.677246 0.736084
vt 0.677246 0.764771
vt 0.673828 0.769287
vt 0.668457 0.763306
vt 0.686035 0.768921
vt 0.684082 0.763672
vt 0.680176 0.752808
vt 0.672852 0.756470
vt 0.680176 0.762207
vt 0.436279 0.590820
vt 0.876465 0.621338
vt 0.879883 0.631348
vt 0.869141 0.627441
vt 0.874023 0.637695
vt 0.866699 0.636475
vt 0.862305 0.631592
vt 0.862305 0.623779
vt 0.866699 0.618164
vt 0.860352 0.618896
vt 0.851562 0.598389
vt 0.871094 0.595703
vt 0.895020 0.589844
vt 0.886230 0.624756
vt 0.916016 0.590332
vt 0.927734 0.602539
vt 0.948242 0.585938
vt 0.930664 0.615479
vt 0.952637 0.612549
vt 0.924316 0.626221
vt 0.938965 0.622070
vt 0.936035 0.570312
vt 0.893555 0.629395
vt 0.897461 0.635498
vt 0.897949 0.641357
vt 0.908203 0.562500
vt 0.877441 0.576416
vt 0.860352 0.588623
vt 0.840332 0.583496
vt 0.836426 0.593994
vt 0.853027 0.618652
vt 0.823730 0.585205
vt 0.684570 0.826416
vt 0.675781 0.859985
vt 0.656250 0.845215
vt 0.729980 0.843506
vt 0.724121 0.830566
vt 0.743652 0.817993
vt 0.719727 0.810303
vt 0.705566 0.815308
vt 0.693848 0.804199
vt 0.667480 0.803711
vt 0.647461 0.820068
vt 0.638672 0.831787
vt 0.644531 0.845581
vt 0.750000 0.799316
vt 0.759277 0.782959
vt 0.765137 0.792603
vt 0.754883 0.809326
vt 0.738770 0.804443
vt 0.731934 0.793213
vt 0.705566 0.795654
vt 0.665039 0.795166
vt 0.770020 0.802612
vt 0.794922 0.791626
vt 0.787109 0.805054
vt 0.782227 0.812012
vt 0.771973 0.814819
vt 0.760254 0.821411
vt 0.748047 0.830322
vt 0.738770 0.855713
vt 0.710938 0.859619
vt 0.722656 0.868530
vt 0.781250 0.822510
vt 0.738281 0.881409
vt 0.707520 0.884033
vt 0.699707 0.875122
vt 0.693848 0.870239
vt 0.705566 0.854004
vt 0.720703 0.900208
vt 0.754883 0.896240
vt 0.765137 0.878601
vt 0.767090 0.907959
vt 0.778809 0.884216
vt 0.793945 0.884216
vt 0.801758 0.862183
vt 0.787109 0.863281
vt 0.774414 0.859009
vt 0.774902 0.914917
vt 0.759766 0.928345
vt 0.750488 0.920044
vt 0.736816 0.914307
vt 0.763672 0.851562
vt 0.782715 0.845459
vt 0.793457 0.850342
vt 0.789062 0.835693
vt 0.773926 0.840942
vt 0.781250 0.832397
vt 0.766113 0.833008
vt 0.775391 0.825806
vt 0.807129 0.852783
vt 0.799805 0.836792
vt 0.802246 0.827271
vt 0.791504 0.828613
vt 0.784668 0.827637
vt 0.812012 0.839111
vt 0.822754 0.818604
vt 0.754395 0.842529
vt 0.751465 0.867065
vt 0.938965 0.440918
vt 0.927246 0.450684
vt 0.932129 0.439453
vt 0.928711 0.439453
vt 0.904297 0.446777
vt 0.911133 0.436035
vt 0.917969 0.443359
vt 0.914062 0.451172
vt 0.924805 0.440430
vt 0.926270 0.426758
vt 0.932129 0.426270
vt 0.943359 0.427734
vt 0.901855 0.426270
vt 0.913574 0.415039
vt 0.920410 0.429199
vt 0.920898 0.412109
vt 0.897461 0.395996
vt 0.894531 0.419922
vt 0.885254 0.436523
vt 0.893555 0.439941
vt 0.910645 0.387695
vt 0.928223 0.410156
vt 0.925781 0.383789
vt 0.944336 0.410645
vt 0.945312 0.399414
vt 0.895508 0.354980
vt 0.881836 0.362793
vt 0.888672 0.352051
vt 0.884277 0.351562
vt 0.847656 0.353516
vt 0.866699 0.346680
vt 0.858398 0.360352
vt 0.873047 0.354004
vt 0.868164 0.364258
vt 0.880371 0.352051
vt 0.882812 0.337402
vt 0.890625 0.338379
vt 0.857910 0.336914
vt 0.871094 0.325195
vt 0.876465 0.339844
vt 0.879883 0.321777
vt 0.874023 0.297363
vt 0.858887 0.307129
vt 0.851074 0.330078
vt 0.839355 0.349609
vt 0.893066 0.300293
vt 0.890137 0.321777
vt 0.901367 0.342285
vt 0.905762 0.326660
vt 0.910156 0.317383
vt 0.371582 0.478027
vt 0.373047 0.487305
vt 0.369873 0.479492
vt 0.367676 0.479004
vt 0.367920 0.488770
vt 0.362061 0.486328
vt 0.364990 0.477539
vt 0.371826 0.475586
vt 0.360107 0.492676
vt 0.377686 0.481445
vt 0.376221 0.484863
vt 0.377441 0.496094
vt 0.367432 0.498047
vt 0.383301 0.488770
vt 0.382568 0.481445
vt 0.386719 0.478027
vt 0.398193 0.452637
vt 0.399902 0.468262
vt 0.392822 0.463867
vt 0.395264 0.450684
vt 0.404297 0.447754
vt 0.408691 0.466797
vt 0.404541 0.452148
vt 0.402100 0.454102
vt 0.874023 0.420898
vt 0.862305 0.432617
vt 0.866211 0.419922
vt 0.862793 0.420410
vt 0.825195 0.431641
vt 0.843262 0.419922
vt 0.837891 0.436035
vt 0.851562 0.425781
vt 0.848633 0.437500
vt 0.858398 0.421875
vt 0.857910 0.406738
vt 0.864746 0.405762
vt 0.831543 0.412109
vt 0.841797 0.396973
vt 0.851074 0.410645
vt 0.850586 0.392090
vt 0.839844 0.370605
vt 0.825684 0.382812
vt 0.822754 0.407227
vt 0.816406 0.430176
vt 0.858398 0.367676
vt 0.860352 0.389160
vt 0.876953 0.407227
vt 0.877441 0.390137
vt 0.879883 0.379883
vt 0.335938 0.689209
vt 0.334229 0.688965
vt 0.334473 0.682373
vt 0.332764 0.690430
vt 0.337646 0.683838
vt 0.340332 0.686279
vt 0.337158 0.691895
vt 0.330811 0.692627
vt 0.326904 0.686279
vt 0.356445 0.656250
vt 0.356445 0.663330
vt 0.355469 0.672607
vt 0.339111 0.664551
vt 0.343018 0.677002
vt 0.344727 0.683838
vt 0.357422 0.702881
vt 0.359863 0.701416
vt 0.364014 0.705322
vt 0.354736 0.693604
vt 0.360596 0.691895
vt 0.353271 0.687256
vt 0.360840 0.682617
vt 0.350098 0.683838
vt 0.375488 0.699951
vt 0.368896 0.696289
vt 0.370361 0.699707
vt 0.363770 0.702637
vt 0.362305 0.701172
vt 0.365967 0.693115
vt 0.370850 0.685059
vt 0.373047 0.676514
vt 0.947266 0.352539
vt 0.942871 0.363281
vt 0.942383 0.353516
vt 0.939453 0.355469
vt 0.918457 0.373535
vt 0.926758 0.360352
vt 0.927734 0.372559
vt 0.933594 0.362305
vt 0.935059 0.370117
vt 0.936523 0.357910
vt 0.932617 0.348145
vt 0.937500 0.344727
vt 0.916992 0.358887
vt 0.919434 0.345703
vt 0.929199 0.352051
vt 0.924316 0.340332
vt 0.914062 0.329590
vt 0.907227 0.340820
vt 0.910156 0.358398
vt 0.912109 0.374512
vt 0.929688 0.334961
vt 0.923828 0.322754
vt 0.945801 0.342285
vt 0.942383 0.331543
vt 0.941406 0.324219
vt 0.436523 0.764282
vt 0.435791 0.747803
vt 0.443359 0.754517
vt 0.432861 0.762939
vt 0.436279 0.767578
vt 0.429932 0.762939
vt 0.427490 0.764526
vt 0.422363 0.747314
vt 0.427979 0.745361
vt 0.442383 0.729980
vt 0.460693 0.748047
vt 0.454590 0.763794
vt 0.471924 0.769775
vt 0.465820 0.773926
vt 0.479248 0.786011
vt 0.477051 0.788574
vt 0.483398 0.771118
vt 0.482666 0.784546
vt 0.485840 0.753296
vt 0.487305 0.789795
vt 0.486572 0.786377
vt 0.492676 0.776978
vt 0.496094 0.782837
vt 0.507812 0.782959
vt 0.525879 0.794434
vt 0.535645 0.800781
vt 0.070007 0.635742
vt 0.055115 0.618896
vt 0.070679 0.623291
vt 0.019989 0.626709
vt 0.047394 0.642578
vt 0.027496 0.642334
vt 0.043793 0.629395
vt 0.041779 0.616211
vt 0.054688 0.606689
vt 0.066284 0.608643
vt 0.079285 0.611084
vt 0.077454 0.594238
vt 0.086670 0.594238
vt 0.044098 0.604980
vt 0.079102 0.577393
vt 0.068298 0.594238
vt 0.055298 0.594238
vt 0.047577 0.594238
vt 0.037994 0.594238
vt 0.032196 0.604492
vt 0.019897 0.614014
vt 0.044159 0.583496
vt 0.032196 0.583984
vt 0.054626 0.581787
vt 0.041870 0.572266
vt 0.019989 0.574463
vt 0.020096 0.561768
vt 0.030594 0.530029
vt 0.047119 0.530762
vt 0.047699 0.545654
vt 0.027588 0.546143
vt 0.044250 0.558838
vt 0.054657 0.569580
vt 0.065857 0.579834
vt 0.084595 0.559814
vt 0.070251 0.564697
vt 0.055664 0.555908
vt 0.057678 0.545410
vt 0.057831 0.531494
vt 0.046265 0.505371
vt 0.069153 0.531494
vt 0.058563 0.503906
vt 0.069946 0.552246
vt 0.069885 0.542725
vt 0.079224 0.539551
vt 0.082336 0.546875
vt 0.092285 0.573486
vt 0.099060 0.554932
vt 0.094177 0.540283
vt 0.083435 0.530273
vt 0.070679 0.502686
vt 0.117371 0.542236
vt 0.063354 0.435547
vt 0.075378 0.443848
vt 0.063721 0.448242
vt 0.075745 0.473633
vt 0.064148 0.477051
vt 0.085754 0.499512
vt 0.096985 0.518311
vt 0.107483 0.531738
vt 0.093567 0.464355
vt 0.103882 0.490723
vt 0.113464 0.506348
vt 0.122681 0.520996
vt 0.139160 0.488770
vt 0.148193 0.500244
vt 0.131714 0.534180
vt 0.157104 0.513184
vt 0.176270 0.498047
vt 0.188354 0.473145
vt 0.200317 0.471191
vt 0.204102 0.485840
vt 0.194336 0.489258
vt 0.178833 0.475586
vt 0.186523 0.490234
vt 0.166992 0.484863
vt 0.159180 0.474609
vt 0.128906 0.473633
vt 0.171387 0.465820
vt 0.149414 0.459961
vt 0.161133 0.452148
vt 0.117065 0.450684
vt 0.141113 0.439941
vt 0.155396 0.435059
vt 0.167847 0.432617
vt 0.176880 0.439941
vt 0.182983 0.460938
vt 0.088562 0.439941
vt 0.111267 0.430176
vt 0.140381 0.422852
vt 0.159912 0.418945
vt 0.169678 0.420898
vt 0.181396 0.422363
vt 0.200317 0.427734
vt 0.064392 0.425293
vt 0.085754 0.421387
vt 0.076477 0.433594
vt 0.108154 0.415039
vt 0.140381 0.408691
vt 0.163208 0.405762
vt 0.173218 0.408691
vt 0.083069 0.405762
vt 0.062378 0.407715
vt 0.175415 0.396973
vt 0.164917 0.393555
vt 0.139771 0.395996
vt 0.106079 0.402344
vt 0.082092 0.391602
vt 0.062286 0.391113
vt 0.063293 0.368164
vt 0.064148 0.343262
vt 0.066467 0.329590
vt 0.082458 0.333984
vt 0.082397 0.346191
vt 0.080872 0.370605
vt 0.104797 0.390137
vt 0.136353 0.385742
vt 0.161987 0.382812
vt 0.055481 0.324219
vt 0.100159 0.348145
vt 0.102478 0.372070
vt 0.129272 0.373047
vt 0.124146 0.351562
vt 0.146484 0.373047
vt 0.136719 0.353516
vt 0.134644 0.332520
vt 0.120972 0.329590
vt 0.098145 0.324219
vt 0.068481 0.318359
vt 0.046692 0.366211
vt 0.033386 0.366699
vt 0.035278 0.339844
vt 0.047577 0.339844
vt 0.031494 0.321289
vt 0.045197 0.320801
vt 0.037689 0.306152
vt 0.056183 0.312012
vt 0.021591 0.386719
vt 0.023499 0.366699
vt 0.020691 0.342773
vt 0.013496 0.330078
vt 0.005096 0.321289
vt 0.022095 0.312012
vt 0.048676 0.408203
vt 0.044983 0.423340
vt 0.039795 0.407715
vt 0.031281 0.391602
vt 0.028992 0.407227
vt 0.026199 0.399414
vt 0.017288 0.404785
vt 0.019592 0.397461
vt 0.028488 0.417969
vt 0.014397 0.414062
vt 0.045471 0.390625
vt 0.053375 0.425293
vt 0.057495 0.436035
vt 0.057190 0.450195
vt 0.055084 0.478516
vt 0.052338 0.450195
vt 0.045746 0.447754
vt 0.039093 0.440918
vt 0.033386 0.482422
vt 0.046021 0.480469
vt 0.032959 0.506592
vt 0.025894 0.470215
vt 0.022690 0.505127
vt 0.327148 0.906006
vt 0.329346 0.900146
vt 0.338623 0.897705
vt 0.307373 0.952118
vt 0.311279 0.937439
vt 0.327393 0.943512
vt 0.315674 0.924927
vt 0.327881 0.927429
vt 0.321045 0.918213
vt 0.313477 0.913513
vt 0.308350 0.907043
vt 0.334473 0.892639
vt 0.305420 0.899536
vt 0.288086 0.902527
vt 0.286621 0.890015
vt 0.293213 0.912720
vt 0.303223 0.920410
vt 0.292969 0.932800
vt 0.277344 0.920532
vt 0.248169 0.908936
vt 0.269775 0.905518
vt 0.160034 0.916138
vt 0.190796 0.912415
vt 0.194336 0.925415
vt 0.221558 0.911560
vt 0.225952 0.924927
vt 0.257080 0.928528
vt 0.284180 0.947021
vt 0.161743 0.928650
vt 0.197510 0.941528
vt 0.229492 0.940216
vt 0.256104 0.946930
vt 0.279297 0.962921
vt 0.304443 0.967712
vt 0.318604 0.972412
vt 0.322998 0.959717
vt 0.159546 0.941101
vt 0.198486 0.952515
vt 0.230347 0.953613
vt 0.255615 0.963318
vt 0.273926 0.980804
vt 0.294189 0.986900
vt 0.227295 0.968414
vt 0.199219 0.964111
vt 0.256348 0.982712
vt 0.249268 0.976913
vt 0.222534 0.982315
vt 0.196777 0.977814
vt 0.157227 0.976212
vt 0.154419 0.965210
vt 0.246216 0.983002
vt 0.232300 0.996302
vt 0.235107 0.992203
vt 0.154419 0.954529
vt 0.148193 0.946808
vt 0.138184 0.939423
vt 0.149780 0.962616
vt 0.151367 0.957916
vt 0.151855 0.991402
vt 0.133179 0.975815
vt 0.152588 0.975906
vt 0.130127 0.963409
vt 0.122253 0.945129
vt 0.135498 0.921631
vt 0.119263 0.925049
vt 0.119873 0.912048
vt 0.103577 0.917847
vt 0.102539 0.905518
vt 0.135376 0.908325
vt 0.105164 0.928711
vt 0.082092 0.923950
vt 0.109070 0.946228
vt 0.113647 0.962524
vt 0.114746 0.975113
vt 0.084473 0.934021
vt 0.089355 0.948303
vt 0.062683 0.951721
vt 0.094788 0.963104
vt 0.096375 0.973602
vt 0.113770 0.985901
vt 0.132080 0.989006
vt 0.033997 0.955414
vt 0.031982 0.943329
vt 0.094543 0.983505
vt 0.067566 0.975006
vt 0.066162 0.964417
vt 0.036377 0.966522
vt 0.012093 0.958313
vt 0.011597 0.948730
vt 0.010498 0.936523
vt 0.013596 0.968201
vt 0.015297 0.980408
vt 0.067688 0.984314
vt 0.037598 0.978104
vt 0.037994 0.987801
vt 0.015495 0.991600
vt 0.445557 0.762207
vt 0.340088 0.908020
vt 0.344482 0.903259
vt 0.340576 0.908936
vt 0.337402 0.920837
vt 0.338379 0.927002
vt 0.347168 0.919922
vt 0.336182 0.912109
vt 0.337646 0.905823
vt 0.342773 0.900208
vt 0.333984 0.903442
vt 0.329590 0.908752
vt 0.329102 0.920532
vt 0.332275 0.911560
vt 0.312256 0.994102
vt 0.335938 0.987404
vt 0.337402 0.972748
vt 0.338867 0.958923
vt 0.337646 0.938324
vt 0.352295 0.927002
vt 0.354980 0.934143
vt 0.290771 0.852295
vt 0.266357 0.843018
vt 0.286133 0.855713
vt 0.251465 0.852051
vt 0.241333 0.837769
vt 0.266357 0.853638
vt 0.286621 0.860352
vt 0.324707 0.812988
vt 0.307861 0.801880
vt 0.305176 0.821655
vt 0.295166 0.824707
vt 0.299805 0.845215
vt 0.286621 0.831909
vt 0.297852 0.850708
vt 0.274658 0.837524
vt 0.245117 0.824829
vt 0.248169 0.811890
vt 0.269043 0.803711
vt 0.290283 0.791382
vt 0.187988 0.897644
vt 0.158325 0.902954
vt 0.219238 0.895813
vt 0.247192 0.893555
vt 0.267822 0.891113
vt 0.305176 0.889648
vt 0.291504 0.875732
vt 0.268799 0.875244
vt 0.246094 0.873901
vt 0.218384 0.880432
vt 0.186523 0.886108
vt 0.155884 0.890930
vt 0.234375 0.861328
vt 0.238892 0.860107
vt 0.254150 0.863403
vt 0.223877 0.847046
vt 0.220825 0.844360
vt 0.213867 0.866821
vt 0.184204 0.874512
vt 0.150024 0.876648
vt 0.129150 0.882019
vt 0.115845 0.885803
vt 0.111450 0.871704
vt 0.125488 0.862915
vt 0.134521 0.862793
vt 0.181763 0.859863
vt 0.205688 0.849487
vt 0.132690 0.896606
vt 0.118347 0.900146
vt 0.100769 0.892029
vt 0.080994 0.898926
vt 0.080872 0.912903
vt 0.055389 0.905945
vt 0.055573 0.919128
vt 0.026596 0.901123
vt 0.003998 0.914124
vt 0.004299 0.903931
vt 0.026596 0.911560
vt 0.055176 0.894531
vt 0.080139 0.886719
vt 0.097046 0.880005
vt 0.028091 0.923340
vt 0.007698 0.924438
vt 0.029495 0.933350
vt 0.058899 0.938721
vt 0.056671 0.929016
vt 0.316162 0.825806
vt 0.304688 0.843750
vt 0.309814 0.847168
vt 0.309570 0.852295
vt 0.303711 0.854980
vt 0.333740 0.888000
vt 0.307373 0.882629
vt 0.330566 0.885925
vt 0.314941 0.877014
vt 0.328125 0.879517
vt 0.308838 0.869995
vt 0.308838 0.861450
vt 0.293945 0.864502
vt 0.271240 0.861694
vt 0.397217 0.918030
vt 0.391113 0.905823
vt 0.404785 0.913452
vt 0.379883 0.897339
vt 0.388916 0.899841
vt 0.409912 0.907043
vt 0.414795 0.920410
vt 0.402588 0.924805
vt 0.390381 0.927246
vt 0.388916 0.920227
vt 0.380615 0.920410
vt 0.382080 0.911804
vt 0.384033 0.892334
vt 0.390381 0.943207
vt 0.384766 0.887756
vt 0.387939 0.885620
vt 0.411133 0.882629
vt 0.413086 0.889648
vt 0.413086 0.899658
vt 0.424805 0.912903
vt 0.425049 0.933044
vt 0.406494 0.937439
vt 0.427002 0.875916
vt 0.410156 0.952118
vt 0.433594 0.947327
vt 0.440674 0.920959
vt 0.394531 0.959503
vt 0.398926 0.972305
vt 0.413086 0.967712
vt 0.438477 0.963318
vt 0.461670 0.947510
vt 0.461914 0.963928
vt 0.487305 0.954620
vt 0.381348 0.987106
vt 0.405029 0.994102
vt 0.423096 0.987007
vt 0.443359 0.981201
vt 0.460938 0.983414
vt 0.468262 0.977600
vt 0.490234 0.969406
vt 0.471191 0.983810
vt 0.482178 0.993103
vt 0.494873 0.983414
vt 0.518066 0.965424
vt 0.519043 0.953918
vt 0.562988 0.967102
vt 0.562988 0.956421
vt 0.558105 0.943024
vt 0.569336 0.948822
vt 0.579590 0.941528
vt 0.567383 0.964630
vt 0.565918 0.959808
vt 0.520508 0.979202
vt 0.560547 0.978210
vt 0.558105 0.917908
vt 0.582520 0.923828
vt 0.556152 0.930542
vt 0.520020 0.942902
vt 0.523438 0.926819
vt 0.527344 0.913940
vt 0.488525 0.941223
vt 0.492188 0.925903
vt 0.496582 0.912659
vt 0.530273 0.899109
vt 0.560059 0.904846
vt 0.583008 0.910522
vt 0.585449 0.898804
vt 0.600098 0.902527
vt 0.562500 0.892822
vt 0.531738 0.887756
vt 0.500000 0.881531
vt 0.499268 0.896912
vt 0.484619 0.862305
vt 0.504883 0.867920
vt 0.534180 0.876038
vt 0.568359 0.878601
vt 0.589355 0.884216
vt 0.602539 0.888245
vt 0.617676 0.894653
vt 0.479980 0.861084
vt 0.472656 0.874756
vt 0.464600 0.864014
vt 0.495117 0.848145
vt 0.498291 0.845459
vt 0.513184 0.850708
vt 0.537109 0.861450
vt 0.583984 0.864990
vt 0.593262 0.865112
vt 0.606934 0.874146
vt 0.621582 0.882751
vt 0.638184 0.889709
vt 0.637207 0.901855
vt 0.663086 0.897827
vt 0.663086 0.909241
vt 0.598145 0.914429
vt 0.615723 0.908142
vt 0.637207 0.915833
vt 0.614258 0.920410
vt 0.635742 0.926758
vt 0.662598 0.922424
vt 0.691406 0.915100
vt 0.689941 0.926941
vt 0.661133 0.932251
vt 0.688477 0.936951
vt 0.659180 0.941925
vt 0.691895 0.904846
vt 0.713867 0.918152
vt 0.710449 0.928345
vt 0.707031 0.940308
vt 0.685547 0.946808
vt 0.654785 0.954803
vt 0.683594 0.958923
vt 0.713867 0.907837
vt 0.706055 0.952515
vt 0.705566 0.962128
vt 0.681152 0.970001
vt 0.651367 0.967407
vt 0.628418 0.951111
vt 0.622559 0.965820
vt 0.649414 0.978012
vt 0.621094 0.976303
vt 0.622559 0.986206
vt 0.603516 0.988304
vt 0.703613 0.972000
vt 0.701660 0.984207
vt 0.701660 0.995300
vt 0.679199 0.991302
vt 0.679688 0.981613
vt 0.649414 0.987305
vt 0.286621 0.831909
vt 0.297852 0.850708
vt 0.290771 0.852295
vt 0.316162 0.825806
vt 0.309814 0.847168
vt 0.304688 0.843750
vt 0.309570 0.852295
vt 0.303711 0.854980
vt 0.299805 0.845215
vt 0.295166 0.824707
vt 0.269043 0.803711
vt 0.290283 0.791382
vt 0.307861 0.801880
vt 0.305176 0.821655
vt 0.324707 0.812988
vt 0.266357 0.853638
vt 0.286133 0.855713
vt 0.286621 0.860352
vt 0.266357 0.843018
vt 0.274658 0.837524
vt 0.248169 0.811890
vt 0.245117 0.824829
vt 0.241333 0.837769
vt 0.251465 0.852051
vt 0.385986 0.911255
vt 0.380371 0.905212
vt 0.384277 0.903015
vt 0.388672 0.908508
vt 0.375488 0.899719
vt 0.378174 0.907532
vt 0.377686 0.908508
vt 0.373779 0.902710
vt 0.371094 0.919434
vt 0.379639 0.926636
vt 0.380371 0.938019
vt 0.378662 0.958527
vt 0.379883 0.971649
vt 0.362793 0.933533
vt 0.365723 0.926453
vt 0.431885 0.890320
vt 0.450684 0.891602
vt 0.449707 0.875732
vt 0.471436 0.894348
vt 0.390381 0.879211
vt 0.403564 0.877014
vt 0.409912 0.870117
vt 0.410156 0.861450
vt 0.424805 0.864624
vt 0.447510 0.862183
vt 0.460693 0.929138
vt 0.470215 0.909729
vt 0.448486 0.906006
vt 0.430176 0.902832
vt 0.608887 0.948730
vt 0.612793 0.931335
vt 0.633301 0.936829
vt 0.598633 0.927429
vt 0.595215 0.947418
vt 0.603516 0.964905
vt 0.587402 0.965729
vt 0.602539 0.977600
vt 0.583984 0.978012
vt 0.564941 0.993301
vt 0.584961 0.991203
vt 0.564453 0.977814
vt 0.484863 0.997301
vt 0.209961 0.317871
vt 0.195435 0.296387
vt 0.211426 0.298340
vt 0.231079 0.306152
vt 0.213745 0.276855
vt 0.201904 0.272949
vt 0.236938 0.283203
vt 0.250977 0.318359
vt 0.255371 0.295410
vt 0.272461 0.304688
vt 0.281494 0.327148
vt 0.281006 0.346680
vt 0.269531 0.353516
vt 0.267578 0.330566
vt 0.284180 0.306641
vt 0.243286 0.335449
vt 0.226807 0.323730
vt 0.210449 0.335449
vt 0.253174 0.347656
vt 0.239746 0.357910
vt 0.232788 0.348633
vt 0.242188 0.368652
vt 0.256348 0.360840
vt 0.223022 0.340332
vt 0.197144 0.319336
vt 0.199463 0.337402
vt 0.189087 0.343750
vt 0.183105 0.329102
vt 0.168945 0.338379
vt 0.162354 0.326660
vt 0.143555 0.333496
vt 0.135986 0.320312
vt 0.157349 0.315430
vt 0.151001 0.291016
vt 0.177368 0.352051
vt 0.166382 0.357910
vt 0.155151 0.345703
vt 0.178223 0.314941
vt 0.173096 0.304688
vt 0.183594 0.288574
vt 0.189941 0.268555
vt 0.173584 0.288574
vt 0.180298 0.266113
vt 0.186890 0.255859
vt 0.195068 0.257812
vt 0.190063 0.246582
vt 0.197021 0.246094
vt 0.192017 0.238770
vt 0.168823 0.261230
vt 0.177246 0.252441
vt 0.180908 0.244629
vt 0.182007 0.237305
vt 0.176514 0.242188
vt 0.174194 0.248047
vt 0.172607 0.251953
vt 0.164795 0.245605
vt 0.151367 0.244629
vt 0.153687 0.233887
vt 0.164062 0.232910
vt 0.144165 0.229004
vt 0.153198 0.220703
vt 0.164307 0.219727
vt 0.174316 0.226562
vt 0.175049 0.238770
vt 0.140503 0.242188
vt 0.142578 0.239258
vt 0.134033 0.246582
vt 0.117798 0.243164
vt 0.128784 0.238281
vt 0.122742 0.225586
vt 0.138916 0.228516
vt 0.139893 0.238770
vt 0.143921 0.256836
vt 0.103760 0.296387
vt 0.102539 0.280762
vt 0.111145 0.288086
vt 0.117676 0.312012
vt 0.127930 0.305176
vt 0.121948 0.271973
vt 0.121277 0.253906
vt 0.108154 0.271484
vt 0.109192 0.260254
vt 0.110168 0.256348
vt 0.103455 0.244141
vt 0.112061 0.230469
vt 0.094849 0.274902
vt 0.100281 0.268555
vt 0.106140 0.258301
vt 0.103088 0.256348
vt 0.088379 0.259277
vt 0.082764 0.269043
vt 0.085266 0.282227
vt 0.095093 0.288086
vt 0.368652 0.896118
vt 0.351074 0.891541
vt 0.358887 0.905945
vt 0.361816 0.883606
vt 0.370605 0.872070
vt 0.361572 0.866211
vt 0.366211 0.851440
vt 0.349609 0.856323
vt 0.344482 0.843872
vt 0.343506 0.862427
vt 0.331299 0.859009
vt 0.339355 0.878540
vt 0.380371 0.875916
vt 0.373291 0.860596
vt 0.377686 0.860107
vt 0.354004 0.873535
vt 0.341309 0.812500
vt 0.365967 0.817139
vt 0.356689 0.823486
vt 0.356689 0.798950
vt 0.352051 0.784302
vt 0.364258 0.780640
vt 0.368652 0.761230
vt 0.383057 0.774658
vt 0.394287 0.764160
vt 0.401855 0.785278
vt 0.386719 0.784302
vt 0.384766 0.804443
vt 0.335693 0.781982
vt 0.349609 0.763916
vt 0.343262 0.760864
vt 0.368896 0.793213
vt 0.476074 0.851929
vt 0.452148 0.846313
vt 0.454346 0.852661
vt 0.470947 0.835693
vt 0.480469 0.823608
vt 0.470947 0.813721
vt 0.475586 0.797241
vt 0.459473 0.804810
vt 0.455078 0.793945
vt 0.440918 0.808105
vt 0.452148 0.813110
vt 0.441406 0.829102
vt 0.463135 0.826172
vt 0.501953 0.833008
vt 0.493164 0.807983
vt 0.510254 0.813965
vt 0.546387 0.829468
vt 0.537598 0.843140
vt 0.552734 0.848999
vt 0.558594 0.813599
vt 0.559082 0.833740
vt 0.571777 0.854004
vt 0.581055 0.812256
vt 0.578613 0.806030
vt 0.564941 0.822632
vt 0.571289 0.839233
vt 0.582520 0.843506
vt 0.586914 0.850098
vt 0.594727 0.834961
vt 0.585938 0.834351
vt 0.589355 0.821411
vt 0.574219 0.829834
vt 0.349609 0.022461
vt 0.352051 0.013184
vt 0.360840 0.016602
vt 0.359375 0.024902
vt 0.354980 0.005371
vt 0.364014 0.009766
vt 0.365967 0.016602
vt 0.364502 0.022949
vt 0.363770 0.026855
vt 0.373779 0.026367
vt 0.361572 0.037109
vt 0.349121 0.034668
vt 0.339844 0.031250
vt 0.341553 0.019531
vt 0.346680 0.008301
vt 0.381348 0.016113
vt 0.389404 0.022461
vt 0.385498 0.032715
vt 0.384521 0.047363
vt 0.395752 0.036621
vt 0.395752 0.033203
vt 0.400146 0.023926
vt 0.397217 0.012207
vt 0.388428 0.005371
vt 0.376221 0.005371
vt 0.368896 0.014648
vt 0.398682 0.044434
vt 0.407715 0.040039
vt 0.414062 0.050293
vt 0.398193 0.034180
vt 0.404785 0.026367
vt 0.419678 0.033203
vt 0.425781 0.042969
vt 0.425293 0.059082
vt 0.405029 0.057617
vt 0.411621 0.069336
vt 0.413086 0.065430
vt 0.415283 0.089844
vt 0.414307 0.081055
vt 0.429199 0.080566
vt 0.418945 0.069336
vt 0.415283 0.069336
vt 0.406006 0.079590
vt 0.394531 0.072266
vt 0.359619 0.071777
vt 0.342529 0.056641
vt 0.405518 0.090332
vt 0.394287 0.091797
vt 0.370850 0.096191
vt 0.355713 0.104492
vt 0.375488 0.107422
vt 0.395752 0.102539
vt 0.407715 0.100586
vt 0.419189 0.101074
vt 0.428711 0.091309
vt 0.305664 0.069336
vt 0.293457 0.083008
vt 0.285400 0.075195
vt 0.298584 0.094238
vt 0.311768 0.084961
vt 0.318359 0.101074
vt 0.330566 0.094727
vt 0.342285 0.110840
vt 0.340820 0.087891
vt 0.333740 0.070801
vt 0.325684 0.114258
vt 0.309326 0.118652
vt 0.303711 0.107422
vt 0.272461 0.072266
vt 0.259521 0.073730
vt 0.258301 0.056641
vt 0.278564 0.056152
vt 0.295898 0.060547
vt 0.319824 0.051270
vt 0.323730 0.076172
vt 0.333984 0.051270
vt 0.327637 0.027832
vt 0.315430 0.024902
vt 0.305420 0.043945
vt 0.292725 0.017090
vt 0.284912 0.039062
vt 0.261719 0.038086
vt 0.241089 0.039062
vt 0.243286 0.061035
vt 0.226318 0.057129
vt 0.233276 0.070801
vt 0.240723 0.084961
vt 0.248779 0.077148
vt 0.231201 0.028809
vt 0.220703 0.044922
vt 0.240601 0.009766
vt 0.251221 0.015137
vt 0.270752 0.016602
vt 0.384766 0.804443
vt 0.401855 0.785278
vt 0.386719 0.784302
vt 0.365967 0.817139
vt 0.368896 0.793213
vt 0.383057 0.774658
vt 0.394287 0.764160
vt 0.368652 0.761230
vt 0.364258 0.780640
vt 0.352051 0.784302
vt 0.356689 0.798950
vt 0.341309 0.812500
vt 0.356689 0.823486
vt 0.349609 0.763916
vt 0.335693 0.781982
vt 0.343262 0.760864
vt 0.959473 0.619385
vt 0.966309 0.628418
vt 0.957520 0.628418
vt 0.966797 0.619873
vt 0.959473 0.591553
vt 0.967773 0.589844
vt 0.967773 0.580566
vt 0.958008 0.580322
vt 0.959961 0.572266
vt 0.968262 0.572266
vt 0.968262 0.545410
vt 0.959473 0.545898
vt 0.977539 0.590576
vt 0.978027 0.580566
vt 0.978027 0.572021
vt 0.978516 0.544678
vt 0.968262 0.535645
vt 0.979004 0.535156
vt 0.968750 0.527100
vt 0.979004 0.526367
vt 0.979980 0.498535
vt 0.990723 0.498535
vt 0.988770 0.526855
vt 0.990723 0.534912
vt 0.988770 0.544678
vt 0.987305 0.572510
vt 0.989258 0.580566
vt 0.981445 0.435547
vt 0.993652 0.433594
vt 0.996094 0.443848
vt 0.981445 0.444336
vt 0.993164 0.455078
vt 0.980957 0.456055
vt 0.991211 0.479980
vt 0.979980 0.479980
vt 0.993164 0.487793
vt 0.980469 0.488281
vt 0.968750 0.498535
vt 0.968750 0.488281
vt 0.968750 0.480469
vt 0.969238 0.454590
vt 0.969238 0.444824
vt 0.958008 0.480469
vt 0.956543 0.456055
vt 0.954102 0.443848
vt 0.957031 0.434082
vt 0.969727 0.434570
vt 0.957031 0.398438
vt 0.970703 0.399414
vt 0.954590 0.384277
vt 0.980957 0.398926
vt 0.971191 0.384277
vt 0.955566 0.372559
vt 0.953613 0.338379
vt 0.960938 0.315430
vt 0.965332 0.335938
vt 0.970215 0.373535
vt 0.980957 0.385254
vt 0.996582 0.386230
vt 0.994141 0.398438
vt 0.974121 0.310059
vt 0.977539 0.332031
vt 0.980469 0.373535
vt 0.994141 0.373535
vt 0.991211 0.331055
vt 0.991211 0.311523
vt 0.992676 0.299805
vt 0.977051 0.296875
vt 0.964355 0.299316
vt 0.953613 0.306152
vt 0.949707 0.319336
vt 0.943359 0.310547
vt 0.380371 0.875916
vt 0.373291 0.860596
vt 0.377686 0.860107
vt 0.366211 0.851440
vt 0.370605 0.872070
vt 0.368652 0.896118
vt 0.351074 0.891541
vt 0.339355 0.878540
vt 0.354004 0.873535
vt 0.343506 0.862427
vt 0.349609 0.856323
vt 0.344482 0.843872
vt 0.361572 0.866211
vt 0.361816 0.883606
vt 0.358887 0.905945
vt 0.331299 0.859009
vt 0.476074 0.851929
vt 0.454346 0.852661
vt 0.452148 0.846313
vt 0.475586 0.797241
vt 0.470947 0.813721
vt 0.459473 0.804810
vt 0.455078 0.793945
vt 0.440918 0.808105
vt 0.452148 0.813110
vt 0.441406 0.829102
vt 0.463135 0.826172
vt 0.470947 0.835693
vt 0.480469 0.823608
vt 0.501953 0.833008
vt 0.493164 0.807983
vt 0.510254 0.813965
vt 0.558594 0.813599
vt 0.578613 0.806030
vt 0.581055 0.812256
vt 0.571777 0.854004
vt 0.571289 0.839233
vt 0.582520 0.843506
vt 0.586914 0.850098
vt 0.594727 0.834961
vt 0.585938 0.834351
vt 0.589355 0.821411
vt 0.574219 0.829834
vt 0.564941 0.822632
vt 0.559082 0.833740
vt 0.546387 0.829468
vt 0.552734 0.848999
vt 0.537598 0.843140
vt 0.969238 0.822510
vt 0.968262 0.845825
vt 0.943848 0.847900
vt 0.943359 0.887756
vt 0.963379 0.884216
vt 0.947266 0.934021
vt 0.961914 0.930908
vt 0.942383 0.956329
vt 0.951172 0.954712
vt 0.955078 0.821777
vt 0.918945 0.844360
vt 0.921875 0.894104
vt 0.936035 0.937622
vt 0.937012 0.955505
vt 0.937500 0.974014
vt 0.958496 0.955414
vt 0.976074 0.934143
vt 0.991211 0.888428
vt 1.000000 0.843750
vt 0.983887 0.820801
vt 0.968750 0.807007
vt 0.972168 0.753906
vt 0.964844 0.729492
vt 0.972168 0.728027
vt 0.964844 0.753174
vt 0.972656 0.760986
vt 0.963867 0.760620
vt 0.971680 0.771240
vt 0.963867 0.771606
vt 0.960938 0.806763
vt 0.942871 0.818115
vt 0.954102 0.806396
vt 0.957031 0.773315
vt 0.956543 0.761719
vt 0.958984 0.754150
vt 0.958984 0.730225
vt 0.957031 0.721436
vt 0.964355 0.720947
vt 0.958496 0.714111
vt 0.964844 0.714111
vt 0.958008 0.684326
vt 0.965332 0.683350
vt 0.964844 0.674805
vt 0.956543 0.674316
vt 0.958496 0.667236
vt 0.982422 0.675781
vt 0.973145 0.667725
vt 0.980957 0.667725
vt 0.973633 0.675537
vt 0.973145 0.685303
vt 0.972656 0.712646
vt 0.972656 0.720215
vt 0.981445 0.719971
vt 0.979980 0.727295
vt 0.979492 0.712646
vt 0.980957 0.684814
vt 0.976074 0.807983
vt 0.978516 0.773560
vt 0.981445 0.761719
vt 0.978516 0.752686
vt 0.965820 0.666992
vt 0.974121 0.638184
vt 0.966309 0.637695
vt 0.974609 0.628906
vt 0.958496 0.638184
vt 0.975098 0.620117
vt 0.987305 0.590088
vt 0.983398 0.620850
vt 0.984863 0.628906
vt 0.983398 0.638428
vt 0.958008 0.535400
vt 0.959961 0.527344
vt 0.958496 0.499512
vt 0.956543 0.488281
vt 0.103943 0.798706
vt 0.135498 0.803101
vt 0.128418 0.815918
vt 0.101685 0.816406
vt 0.123291 0.837524
vt 0.080078 0.818115
vt 0.099243 0.840332
vt 0.119995 0.859131
vt 0.133667 0.856323
vt 0.135864 0.835327
vt 0.145752 0.815918
vt 0.161255 0.806152
vt 0.097168 0.864380
vt 0.081482 0.842529
vt 0.081543 0.854614
vt 0.067444 0.870117
vt 0.105347 0.786621
vt 0.139038 0.792969
vt 0.081360 0.797241
vt 0.062378 0.820435
vt 0.063293 0.845459
vt 0.065552 0.859253
vt 0.054474 0.864502
vt 0.055176 0.876648
vt 0.036682 0.882324
vt 0.044189 0.867920
vt 0.046570 0.848999
vt 0.045898 0.822144
vt 0.061584 0.797607
vt 0.061798 0.780640
vt 0.082397 0.782715
vt 0.034393 0.848877
vt 0.030487 0.867310
vt 0.012596 0.858154
vt 0.004097 0.867065
vt 0.021088 0.876648
vt 0.032593 0.821777
vt 0.044678 0.797852
vt 0.047974 0.780029
vt 0.030594 0.796875
vt 0.020889 0.801514
vt 0.022690 0.821899
vt 0.019791 0.845703
vt 0.028290 0.781250
vt 0.039093 0.780762
vt 0.025391 0.788818
vt 0.018890 0.791016
vt 0.016586 0.783813
vt 0.013794 0.774536
vt 0.027786 0.770630
vt 0.044281 0.765381
vt 0.030396 0.658447
vt 0.032898 0.681641
vt 0.022400 0.683350
vt 0.025497 0.718262
vt 0.033142 0.705811
vt 0.038483 0.747803
vt 0.044952 0.740967
vt 0.052704 0.763062
vt 0.063721 0.763306
vt 0.051514 0.738281
vt 0.056824 0.752319
vt 0.045685 0.707764
vt 0.046631 0.683105
vt 0.047119 0.657471
vt 0.056427 0.738525
vt 0.062744 0.752930
vt 0.054840 0.709473
vt 0.058563 0.684570
vt 0.063599 0.710938
vt 0.063049 0.740479
vt 0.074890 0.744629
vt 0.075378 0.714844
vt 0.093079 0.724365
vt 0.103455 0.698242
vt 0.085449 0.689209
vt 0.096741 0.670166
vt 0.070740 0.686035
vt 0.082581 0.657471
vt 0.068665 0.656494
vt 0.078979 0.647705
vt 0.068970 0.644775
vt 0.057495 0.642578
vt 0.055115 0.632324
vt 0.057220 0.656494
vt 0.178467 0.713379
vt 0.158813 0.714355
vt 0.166504 0.704102
vt 0.187988 0.716064
vt 0.203735 0.703369
vt 0.199829 0.718018
vt 0.193970 0.699707
vt 0.186279 0.699219
vt 0.175781 0.691162
vt 0.147827 0.688477
vt 0.138794 0.700195
vt 0.128540 0.715576
vt 0.156860 0.675781
vt 0.218994 0.729004
vt 0.218262 0.718994
vt 0.199097 0.730225
vt 0.182495 0.728027
vt 0.170898 0.722900
vt 0.148926 0.729004
vt 0.116577 0.738281
vt 0.176392 0.749268
vt 0.160645 0.737061
vt 0.198608 0.747314
vt 0.220703 0.742920
vt 0.240601 0.727295
vt 0.239136 0.718018
vt 0.262207 0.714600
vt 0.298340 0.715576
vt 0.263916 0.724121
vt 0.294189 0.708008
vt 0.293213 0.694336
vt 0.255859 0.703125
vt 0.236816 0.705811
vt 0.218994 0.705322
vt 0.227417 0.772583
vt 0.247803 0.766479
vt 0.249390 0.776489
vt 0.267090 0.761108
vt 0.265625 0.751831
vt 0.288330 0.747803
vt 0.264648 0.742188
vt 0.291504 0.739014
vt 0.264160 0.733154
vt 0.297119 0.726807
vt 0.301514 0.745117
vt 0.301270 0.752197
vt 0.305420 0.735840
vt 0.305908 0.729248
vt 0.307373 0.715820
vt 0.242065 0.737549
vt 0.243896 0.747559
vt 0.245728 0.757324
vt 0.224976 0.763672
vt 0.222778 0.754517
vt 0.199707 0.761108
vt 0.202148 0.770508
vt 0.203857 0.779663
vt 0.184692 0.776733
vt 0.186279 0.787476
vt 0.172485 0.780396
vt 0.180786 0.766602
vt 0.169067 0.767944
vt 0.167236 0.756592
vt 0.154785 0.754028
vt 0.140503 0.748779
vt 0.139648 0.766235
vt 0.110657 0.758423
vt 0.107483 0.773438
vt 0.085144 0.767212
vt 0.075867 0.755127
vt 0.087952 0.749023
vt 0.268799 0.770142
vt 0.288574 0.756226
vt 0.292725 0.763550
vt 0.305176 0.758301
vt 0.313965 0.763428
vt 0.302490 0.769409
vt 0.271240 0.779053
vt 0.251709 0.786621
vt 0.316895 0.784424
vt 0.325928 0.779419
vt 0.277832 0.790283
vt 0.258301 0.799561
vt 0.239624 0.808105
vt 0.233032 0.793701
vt 0.229126 0.782349
vt 0.192139 0.834717
vt 0.212280 0.828857
vt 0.213379 0.839233
vt 0.192261 0.812622
vt 0.223389 0.818604
vt 0.211914 0.802124
vt 0.205200 0.789917
vt 0.185791 0.797363
vt 0.175171 0.802490
vt 0.181885 0.814819
vt 0.171875 0.822998
vt 0.174683 0.792114
vt 0.164185 0.795166
vt 0.159180 0.770020
vt 0.162598 0.783081
vt 0.139648 0.780396
vt 0.894531 0.510742
vt 0.888672 0.534668
vt 0.855957 0.542725
vt 0.833496 0.524170
vt 0.829102 0.555908
vt 0.811035 0.547852
vt 0.804199 0.565674
vt 0.793945 0.544922
vt 0.790039 0.563965
vt 0.757324 0.559082
vt 0.758789 0.540039
vt 0.776367 0.543457
vt 0.780273 0.520020
vt 0.803223 0.521973
vt 0.774902 0.561768
vt 0.772949 0.577393
vt 0.787109 0.579102
vt 0.785156 0.592529
vt 0.798340 0.592773
vt 0.786621 0.605957
vt 0.803223 0.619873
vt 0.789062 0.621094
vt 0.799805 0.604980
vt 0.819824 0.614746
vt 0.828125 0.630371
vt 0.854492 0.644043
vt 0.770996 0.977005
vt 0.782227 0.984802
vt 0.767578 0.985107
vt 0.763184 0.977905
vt 0.760742 0.970413
vt 0.773438 0.967224
vt 0.785156 0.993900
vt 0.767090 0.994102
vt 0.751953 0.992603
vt 0.750977 0.986900
vt 0.749512 0.982101
vt 0.748535 0.976501
vt 0.746582 0.971405
vt 0.757812 0.963806
vt 0.771973 0.957703
vt 0.804199 0.928223
vt 0.812988 0.937927
vt 0.802246 0.946228
vt 0.791992 0.939301
vt 0.785156 0.930603
vt 0.766113 0.946320
vt 0.752930 0.956818
vt 0.744141 0.966919
vt 0.805664 0.957703
vt 0.795410 0.954529
vt 0.787109 0.956024
vt 0.742676 0.975601
vt 0.736816 0.973709
vt 0.734375 0.968903
vt 0.738281 0.964020
vt 0.747559 0.950317
vt 0.760254 0.936157
vt 0.778320 0.921448
vt 0.797363 0.919434
vt 0.816895 0.921448
vt 0.826172 0.930603
vt 0.790527 0.910156
vt 0.806641 0.911316
vt 0.819336 0.896423
vt 0.798828 0.900513
vt 0.812012 0.877625
vt 0.824219 0.870361
vt 0.827637 0.840698
vt 0.834473 0.846313
vt 0.845703 0.828857
vt 0.829590 0.885803
vt 0.835938 0.908813
vt 0.848633 0.870972
vt 0.857910 0.834351
vt 0.858398 0.822021
vt 0.847656 0.817627
vt 0.852051 0.807129
vt 0.846680 0.797729
vt 0.860840 0.812500
vt 0.857422 0.794312
vt 0.867188 0.799683
vt 0.873535 0.812134
vt 0.872070 0.817505
vt 0.869141 0.821045
vt 0.882324 0.888550
vt 0.865234 0.901306
vt 0.860352 0.891907
vt 0.882812 0.876526
vt 0.876953 0.852661
vt 0.872070 0.831421
vt 0.873535 0.818481
vt 0.881836 0.811401
vt 0.882812 0.823975
vt 0.882324 0.842407
vt 0.890137 0.835449
vt 0.894043 0.815430
vt 0.902832 0.827393
vt 0.902832 0.840454
vt 0.895020 0.844482
vt 0.890137 0.848511
vt 0.887207 0.855713
vt 0.891113 0.867798
vt 0.895508 0.853516
vt 0.900879 0.865112
vt 0.893555 0.875854
vt 0.901855 0.873047
vt 0.914062 0.869629
vt 0.915527 0.859375
vt 0.910156 0.847778
vt 0.901855 0.844116
vt 0.895020 0.846436
vt 0.893066 0.880615
vt 0.896484 0.875549
vt 0.907227 0.874390
vt 0.903320 0.881531
vt 0.913574 0.881104
vt 0.912109 0.893860
vt 0.903809 0.892151
vt 0.906738 0.900940
vt 0.895508 0.899902
vt 0.892578 0.890503
vt 0.884766 0.897339
vt 0.839355 0.953430
vt 0.858398 0.948517
vt 0.863770 0.965607
vt 0.876953 0.942230
vt 0.853027 0.932434
vt 0.871582 0.923035
vt 0.868164 0.908752
vt 0.892090 0.915222
vt 0.886719 0.904602
vt 0.883789 0.963501
vt 0.901367 0.933838
vt 0.907227 0.954529
vt 0.907227 0.969208
vt 0.889648 0.979309
vt 0.863281 0.980408
vt 0.841797 0.966217
vt 0.840332 0.979813
vt 0.833496 0.992702
vt 0.822754 0.993504
vt 0.856934 0.994301
vt 0.892578 0.989502
vt 0.911133 0.980804
vt 0.801270 0.978806
vt 0.814453 0.970215
vt 0.811035 0.980301
vt 0.808105 0.992302
vt 0.826172 0.980011
vt 0.826172 0.968201
vt 0.821289 0.948303
vt 0.814453 0.961426
vt 0.811035 0.953705
vt 0.825684 0.958313
vt 0.834961 0.941406
vt 0.808594 0.963013
vt 0.807129 0.969513
vt 0.845703 0.919250
vt 0.841797 0.895508
vt 0.390381 0.409180
vt 0.395996 0.424805
vt 0.404297 0.409668
vt 0.385498 0.421387
vt 0.373779 0.419922
vt 0.373047 0.429199
vt 0.362305 0.429199
vt 0.371582 0.437988
vt 0.365479 0.447266
vt 0.379150 0.440918
vt 0.381348 0.451172
vt 0.393311 0.440918
vt 0.372070 0.410645
vt 0.363770 0.419922
vt 0.360596 0.415527
vt 0.383789 0.432129
vt 0.399170 0.805176
vt 0.414795 0.805298
vt 0.411377 0.797607
vt 0.404053 0.817261
vt 0.393555 0.829346
vt 0.400879 0.833008
vt 0.397461 0.850220
vt 0.409912 0.838989
vt 0.417480 0.852539
vt 0.432861 0.835815
vt 0.419434 0.830444
vt 0.426514 0.817383
vt 0.379883 0.827148
vt 0.385010 0.845581
vt 0.376465 0.844604
vt 0.411865 0.823608
vt 0.336914 0.713379
vt 0.355957 0.711670
vt 0.352783 0.704834
vt 0.344238 0.722900
vt 0.335449 0.736328
vt 0.345947 0.739502
vt 0.343750 0.752930
vt 0.356201 0.744873
vt 0.360596 0.751587
vt 0.370117 0.734619
vt 0.360107 0.734131
vt 0.363770 0.719727
vt 0.351807 0.727539
vt 0.317871 0.734131
vt 0.325195 0.749268
vt 0.314209 0.745605
vt 0.320557 0.447754
vt 0.311279 0.449707
vt 0.319580 0.459961
vt 0.334473 0.438477
vt 0.327393 0.455566
vt 0.330078 0.471680
vt 0.344727 0.437500
vt 0.344482 0.433594
vt 0.337402 0.446777
vt 0.335693 0.462402
vt 0.341309 0.467773
vt 0.343018 0.475586
vt 0.355225 0.462891
vt 0.347412 0.460449
vt 0.352783 0.449219
vt 0.343262 0.455078
vt 0.840820 0.822876
vt 0.840332 0.807739
vt 0.969238 0.454590
vt 0.958008 0.480469
vt 0.968750 0.480469
vt 0.956543 0.456055
vt 0.969238 0.444824
vt 0.954102 0.443848
vt 0.957031 0.434082
vt 0.969727 0.434570
vt 0.957031 0.398438
vt 0.970703 0.399414
vt 0.954590 0.384277
vt 0.971191 0.384277
vt 0.955566 0.372559
vt 0.980957 0.398926
vt 0.981445 0.435547
vt 0.981445 0.444336
vt 0.980957 0.456055
vt 0.979980 0.479980
vt 0.970215 0.373535
vt 0.965332 0.335938
vt 0.980957 0.385254
vt 0.996582 0.386230
vt 0.994141 0.398438
vt 0.993652 0.433594
vt 0.996094 0.443848
vt 0.991211 0.331055
vt 0.974121 0.310059
vt 0.977539 0.332031
vt 0.980469 0.373535
vt 0.994141 0.373535
vt 0.960938 0.315430
vt 0.991211 0.311523
vt 0.992676 0.299805
vt 0.977051 0.296875
vt 0.964355 0.299316
vt 0.953613 0.306152
vt 0.949707 0.319336
vt 0.953613 0.338379
vt 0.943359 0.310547
vt 0.811035 0.593018
vt 0.799805 0.580322
vt 0.812500 0.583496
vt 0.820312 0.571289
vt 0.812500 0.602295
vt 0.969238 0.822510
vt 0.943848 0.847900
vt 0.968262 0.845825
vt 0.943359 0.887756
vt 0.963379 0.884216
vt 0.947266 0.934021
vt 0.961914 0.930908
vt 0.942383 0.956329
vt 0.951172 0.954712
vt 0.918945 0.844360
vt 0.921875 0.894104
vt 0.936035 0.937622
vt 0.937012 0.955505
vt 0.937500 0.974014
vt 0.958496 0.955414
vt 0.976074 0.934143
vt 0.991211 0.888428
vt 1.000000 0.843750
vt 0.983887 0.820801
vt 0.968750 0.807007
vt 0.976074 0.807983
vt 0.978516 0.773560
vt 0.972656 0.760986
vt 0.972168 0.753906
vt 0.964844 0.753174
vt 0.963867 0.760620
vt 0.971680 0.771240
vt 0.963867 0.771606
vt 0.960938 0.806763
vt 0.955078 0.821777
vt 0.956543 0.761719
vt 0.957031 0.773315
vt 0.954102 0.806396
vt 0.942871 0.818115
vt 0.964844 0.714111
vt 0.965332 0.683350
vt 0.958008 0.684326
vt 0.958496 0.714111
vt 0.964355 0.720947
vt 0.957031 0.721436
vt 0.964844 0.729492
vt 0.958984 0.730225
vt 0.958984 0.754150
vt 0.982422 0.675781
vt 0.973633 0.675537
vt 0.973145 0.685303
vt 0.972656 0.712646
vt 0.972656 0.720215
vt 0.972168 0.728027
vt 0.981445 0.719971
vt 0.979492 0.712646
vt 0.980957 0.684814
vt 0.981445 0.761719
vt 0.978516 0.752686
vt 0.979980 0.727295
vt 0.959473 0.545898
vt 0.968262 0.545410
vt 0.968262 0.535645
vt 0.958008 0.535400
vt 0.959961 0.527344
vt 0.968750 0.527100
vt 0.968750 0.498535
vt 0.958496 0.499512
vt 0.968750 0.488281
vt 0.956543 0.488281
vt 0.980469 0.488281
vt 0.979980 0.498535
vt 0.979004 0.526367
vt 0.979004 0.535156
vt 0.978516 0.544678
vt 0.993164 0.455078
vt 0.991211 0.479980
vt 0.993164 0.487793
vt 0.990723 0.498535
vt 0.988770 0.526855
vt 0.990723 0.534912
vt 0.988770 0.544678
vt 0.987305 0.572510
vt 0.978027 0.572021
vt 0.989258 0.580566
vt 0.978027 0.580566
vt 0.987305 0.590088
vt 0.977539 0.590576
vt 0.968262 0.572266
vt 0.967773 0.580566
vt 0.967773 0.589844
vt 0.975098 0.620117
vt 0.966797 0.619873
vt 0.974609 0.628906
vt 0.959473 0.619385
vt 0.957520 0.628418
vt 0.966309 0.628418
vt 0.959473 0.591553
vt 0.958008 0.580322
vt 0.959961 0.572266
vt 0.966309 0.637695
vt 0.958496 0.638184
vt 0.965820 0.666992
vt 0.958496 0.667236
vt 0.964844 0.674805
vt 0.956543 0.674316
vt 0.974121 0.638184
vt 0.973145 0.667725
vt 0.983398 0.620850
vt 0.984863 0.628906
vt 0.983398 0.638428
vt 0.980957 0.667725
vt 0.223389 0.434570
vt 0.244385 0.441895
vt 0.242554 0.451660
vt 0.264648 0.456055
vt 0.265381 0.447266
vt 0.246338 0.431641
vt 0.225586 0.425781
vt 0.199097 0.441895
vt 0.221313 0.446289
vt 0.241089 0.461914
vt 0.264404 0.465332
vt 0.297607 0.462402
vt 0.291992 0.450684
vt 0.248535 0.422852
vt 0.266357 0.437500
vt 0.289062 0.441895
vt 0.302002 0.444336
vt 0.305908 0.453613
vt 0.306396 0.460449
vt 0.307617 0.473633
vt 0.250000 0.412598
vt 0.233765 0.395508
vt 0.252441 0.402832
vt 0.269287 0.418945
vt 0.267822 0.428223
vt 0.289062 0.433105
vt 0.301758 0.437012
vt 0.305908 0.431152
vt 0.229858 0.406738
vt 0.314697 0.426270
vt 0.293213 0.425781
vt 0.271973 0.410156
vt 0.259033 0.389648
vt 0.240479 0.381348
vt 0.278564 0.398926
vt 0.303223 0.419922
vt 0.317383 0.405273
vt 0.326660 0.410156
vt 0.182739 0.374023
vt 0.175903 0.386719
vt 0.172607 0.366211
vt 0.192993 0.354492
vt 0.192993 0.376465
vt 0.213257 0.360352
vt 0.224121 0.370605
vt 0.212769 0.387207
vt 0.214355 0.349609
vt 0.228149 0.416504
vt 0.205933 0.399414
vt 0.186401 0.391602
vt 0.187012 0.401855
vt 0.204590 0.409668
vt 0.185425 0.412109
vt 0.202759 0.418457
vt 0.664062 0.864136
vt 0.657715 0.871704
vt 0.649414 0.862305
vt 0.654785 0.855591
vt 0.670898 0.869385
vt 0.664551 0.874756
vt 0.656250 0.884155
vt 0.646484 0.882935
vt 0.638184 0.873413
vt 0.637207 0.863647
vt 0.643555 0.858887
vt 0.646973 0.855469
vt 0.627441 0.838745
vt 0.635254 0.849731
vt 0.622559 0.858521
vt 0.633789 0.861816
vt 0.641113 0.857910
vt 0.615234 0.845459
vt 0.616699 0.832642
vt 0.625977 0.826660
vt 0.630859 0.824829
vt 0.647461 0.806519
vt 0.635742 0.815308
vt 0.625977 0.824341
vt 0.626465 0.813843
vt 0.620605 0.823364
vt 0.611816 0.814453
vt 0.625000 0.803589
vt 0.610840 0.803345
vt 0.636230 0.804077
vt 0.618652 0.795044
vt 0.630371 0.793335
vt 0.643555 0.799805
vt 0.812988 0.798828
vt 0.821777 0.798828
vt 0.815430 0.812256
vt 0.787109 0.781738
vt 0.806641 0.781372
vt 0.803223 0.796997
vt 0.811035 0.786987
vt 0.816895 0.792236
vt 0.830566 0.784302
vt 0.834961 0.787720
vt 0.830078 0.802368
vt 0.801758 0.774292
vt 0.817871 0.774292
vt 0.821777 0.778076
vt 0.826660 0.781372
vt 0.814941 0.770264
vt 0.823730 0.766479
vt 0.823242 0.772583
vt 0.820312 0.762207
vt 0.814453 0.763794
vt 0.798340 0.766724
vt 0.780273 0.772339
vt 0.744141 0.789429
vt 0.393311 0.440918
vt 0.379150 0.440918
vt 0.383789 0.432129
vt 0.395996 0.424805
vt 0.385498 0.421387
vt 0.373047 0.429199
vt 0.371582 0.437988
vt 0.390381 0.409180
vt 0.404297 0.409668
vt 0.373779 0.419922
vt 0.362305 0.429199
vt 0.365479 0.447266
vt 0.381348 0.451172
vt 0.363770 0.419922
vt 0.372070 0.410645
vt 0.360596 0.415527
vt 0.426514 0.817383
vt 0.419434 0.830444
vt 0.411865 0.823608
vt 0.414795 0.805298
vt 0.404053 0.817261
vt 0.400879 0.833008
vt 0.409912 0.838989
vt 0.399170 0.805176
vt 0.411377 0.797607
vt 0.393555 0.829346
vt 0.397461 0.850220
vt 0.417480 0.852539
vt 0.432861 0.835815
vt 0.385010 0.845581
vt 0.379883 0.827148
vt 0.376465 0.844604
vt 0.335449 0.736328
vt 0.345947 0.739502
vt 0.343750 0.752930
vt 0.344238 0.722900
vt 0.336914 0.713379
vt 0.317871 0.734131
vt 0.325195 0.749268
vt 0.314209 0.745605
vt 0.352783 0.704834
vt 0.355957 0.711670
vt 0.351807 0.727539
vt 0.360107 0.734131
vt 0.356201 0.744873
vt 0.370117 0.734619
vt 0.360596 0.751587
vt 0.363770 0.719727
vt 0.298584 0.473633
vt 0.294678 0.481445
vt 0.262695 0.474609
vt 0.293701 0.495117
vt 0.256348 0.486328
vt 0.239624 0.471191
vt 0.237183 0.483398
vt 0.218750 0.470215
vt 0.219360 0.483887
vt 0.199585 0.458984
vt 0.219482 0.459961
vt 0.344727 0.437500
vt 0.352783 0.449219
vt 0.343262 0.455078
vt 0.347412 0.460449
vt 0.355225 0.462891
vt 0.334229 0.438477
vt 0.344482 0.433594
vt 0.337402 0.446777
vt 0.335693 0.462402
vt 0.341309 0.467773
vt 0.343018 0.475586
vt 0.330078 0.471680
vt 0.327393 0.455566
vt 0.320312 0.447754
vt 0.319580 0.459961
vt 0.311279 0.449707
vt 0.671875 0.880859
vt 0.679688 0.893860
vt 0.667480 0.890015
vt 0.665039 0.881409
vt 0.675293 0.871094
vt 0.669922 0.871826
vt 0.709961 0.830200
vt 0.698730 0.845825
vt 0.687012 0.864502
vt 0.684570 0.874756
vt 0.681152 0.885437
vt 0.687988 0.891907
vt 0.691895 0.881104
vt 0.921387 0.728516
vt 0.923340 0.721680
vt 0.923828 0.727051
vt 0.916016 0.724609
vt 0.920410 0.718750
vt 0.904297 0.721436
vt 0.927734 0.727783
vt 0.931152 0.720703
vt 0.908203 0.732178
vt 0.914062 0.731689
vt 0.919922 0.733398
vt 0.929688 0.732178
vt 0.937012 0.725830
vt 0.876465 0.731201
vt 0.883301 0.728760
vt 0.879883 0.737549
vt 0.881836 0.737305
vt 0.885254 0.738770
vt 0.891602 0.730713
vt 0.868164 0.737549
vt 0.873535 0.737061
vt 0.877930 0.740234
vt 0.885254 0.741943
vt 0.895020 0.736816
vt 0.893066 0.300293
vt 0.905762 0.326660
vt 0.910156 0.317383
vt 0.851074 0.330078
vt 0.857910 0.336914
vt 0.871094 0.325195
vt 0.858887 0.307129
vt 0.874023 0.297363
vt 0.879883 0.321777
vt 0.890137 0.321777
vt 0.901367 0.342285
vt 0.890625 0.338379
vt 0.895508 0.354980
vt 0.888672 0.352051
vt 0.881836 0.362793
vt 0.884277 0.351562
vt 0.882812 0.337402
vt 0.880371 0.352051
vt 0.876465 0.339844
vt 0.866699 0.346680
vt 0.873047 0.354004
vt 0.868164 0.364258
vt 0.858398 0.360352
vt 0.847656 0.353516
vt 0.839355 0.349609
vt 0.858398 0.367676
vt 0.877441 0.390137
vt 0.879883 0.379883
vt 0.822754 0.407227
vt 0.831543 0.412109
vt 0.841797 0.396973
vt 0.825684 0.382812
vt 0.839844 0.370605
vt 0.850586 0.392090
vt 0.860352 0.389160
vt 0.876953 0.407227
vt 0.864746 0.405762
vt 0.874023 0.420898
vt 0.866211 0.419922
vt 0.862305 0.432617
vt 0.862793 0.420410
vt 0.857910 0.406738
vt 0.858398 0.421875
vt 0.851074 0.410645
vt 0.843262 0.419922
vt 0.851562 0.425781
vt 0.848633 0.437500
vt 0.837891 0.436035
vt 0.825195 0.431641
vt 0.816406 0.430176
vt 0.113159 0.682373
vt 0.107300 0.656738
vt 0.122498 0.667725
vt 0.117188 0.646484
vt 0.131592 0.654785
vt 0.094055 0.648438
vt 0.098999 0.633789
vt 0.081909 0.640869
vt 0.084778 0.628418
vt 0.092163 0.615234
vt 0.716797 0.756958
vt 0.727539 0.754761
vt 0.728516 0.759644
vt 0.740234 0.750000
vt 0.734375 0.742920
vt 0.726074 0.739746
vt 0.716797 0.743652
vt 0.724121 0.751587
vt 0.719238 0.751831
vt 0.711914 0.751221
vt 0.357178 0.495605
vt 0.351807 0.495605
vt 0.347656 0.492676
vt 0.345215 0.486816
vt 0.338867 0.485840
vn 0.6156 0.3867 0.6866
vn 0.8323 -0.5339 0.1492
vn 0.5511 -0.8109 0.1968
vn 0.4730 0.4887 0.7331
vn -0.3945 0.8442 0.3629
vn 0.9260 -0.3767 -0.0235
vn -0.2722 -0.6843 -0.6765
vn -0.3965 -0.8242 -0.4043
vn -0.6806 -0.6337 -0.3677
vn -0.9687 0.2266 -0.1016
vn -0.9149 0.3441 -0.2111
vn -0.4561 0.6448 0.6134
vn 0.4634 0.1964 0.8641
vn -0.4870 0.1728 0.8561
vn 0.4586 -0.1819 0.8698
vn -0.4011 -0.3618 0.8416
vn 0.9195 -0.3851 0.0786
vn 0.0701 -0.9659 0.2493
vn -0.9059 -0.4217 0.0391
vn -0.9986 -0.0468 0.0234
vn 0.0390 -0.6242 -0.7803
vn 0.9260 -0.3767 -0.0236
vn 0.7509 0.4427 0.4901
vn 0.7536 -0.6437 -0.1334
vn 0.4628 -0.8863 -0.0157
vn -0.6235 -0.7170 -0.3118
vn -0.5849 -0.5927 -0.5537
vn -0.8316 -0.5284 -0.1710
vn -0.9198 0.3302 0.2122
vn -0.0709 0.6934 0.7170
vn -0.2518 0.8733 0.4170
vn 0.8199 0.2208 0.5282
vn 0.8008 -0.4946 -0.3376
vn -0.3437 -0.5547 -0.7578
vn 0.8524 -0.4849 -0.1955
vn -0.0549 -0.9577 0.2826
vn 0.5990 -0.2838 0.7488
vn 0.7135 0.0634 0.6977
vn -0.1895 0.1895 0.9634
vn -0.9344 0.0864 0.3455
vn -0.2046 -0.3540 0.9126
vn -0.8919 -0.2738 0.3599
vn -0.8316 -0.5285 -0.1710
vn -0.8858 0.4468 0.1254
vn -0.3437 -0.5546 -0.7578
vn 0.8349 0.3072 0.4568
vn 0.9000 0.2526 0.3552
vn 0.2611 0.8941 0.3640
vn 0.6621 -0.2838 0.6936
vn -0.1490 0.1803 0.9723
vn -0.1576 -0.3545 0.9217
vn 0.7741 0.0395 0.6319
vn -0.1258 0.7471 0.6527
vn -0.7147 0.6833 0.1492
vn 0.4314 -0.9020 -0.0157
vn -0.6543 -0.6855 -0.3194
vn -0.8578 -0.4757 -0.1949
vn 0.7425 -0.6565 -0.1328
vn 0.7845 -0.5099 -0.3530
vn 0.8515 -0.4765 -0.2187
vn -0.0625 -0.9529 0.2968
vn -0.6081 -0.5535 -0.5691
vn -0.3808 -0.5129 -0.7694
vn -0.9158 -0.2191 0.3366
vn -0.9487 0.1255 0.2901
vn -0.9620 0.2425 0.1252
vn -0.3808 -0.5129 -0.7693
vn 0.5106 -0.8562 0.0786
vn -0.4919 -0.7574 -0.4294
vn -0.7256 -0.6008 -0.3355
vn 0.5615 0.5141 0.6485
vn 0.8015 -0.5972 0.0314
vn -0.4200 -0.6300 -0.6533
vn -0.9616 0.2736 0.0235
vn -0.3315 0.6789 0.6552
vn -0.3935 0.8578 0.3305
vn 0.6540 0.2837 0.7013
vn 0.8857 -0.4311 -0.1724
vn -0.1558 -0.5764 -0.8022
vn 0.9093 -0.4155 -0.0235
vn -0.0939 -0.9549 0.2818
vn 0.3845 -0.2276 0.8946
vn 0.4959 0.1338 0.8580
vn -0.4642 0.1888 0.8654
vn -0.9875 0.0157 0.1568
vn -0.4321 -0.3458 0.8329
vn -0.9230 -0.3442 0.1721
vn -0.4919 -0.7574 -0.4295
vn -0.9235 0.3835 -0.0078
vn -0.1558 -0.5763 -0.8022
vn 0.6539 0.4412 0.6145
vn 0.7553 -0.6530 -0.0551
vn 0.4531 -0.8906 0.0391
vn -0.5855 -0.7104 -0.3904
vn -0.5353 -0.5973 -0.5973
vn -0.7852 -0.5442 -0.2954
vn -0.9421 0.3140 0.1178
vn -0.1882 0.6665 0.7214
vn -0.3469 0.8436 0.4100
vn 0.7440 0.2137 0.6331
vn 0.8262 -0.4957 -0.2676
vn -0.2804 -0.5609 -0.7790
vn 0.8695 -0.4778 -0.1253
vn -0.0780 -0.9442 0.3199
vn 0.5027 -0.2592 0.8247
vn 0.6166 0.0869 0.7825
vn -0.2757 0.2127 0.9374
vn -0.9556 0.0862 0.2819
vn -0.2604 -0.3077 0.9152
vn -0.9046 -0.2729 0.3275
vn -0.5352 -0.5973 -0.5973
vn -0.5855 -0.7105 -0.3903
vn -0.9287 0.3668 0.0546
vn -0.8372 0.3052 0.4538
vn -0.2685 0.8922 0.3632
vn -0.9015 0.2509 0.3528
vn 0.1181 0.7478 0.6533
vn 0.7108 0.6872 0.1501
vn -0.7772 0.0393 0.6280
vn 0.1413 0.1806 0.9734
vn -0.6665 -0.2823 0.6900
vn 0.1499 -0.3549 0.9228
vn -0.4378 -0.8990 -0.0156
vn 0.8557 -0.4789 -0.1963
vn 0.6498 -0.6890 -0.3210
vn -0.7460 -0.6527 -0.1321
vn -0.7875 -0.5068 -0.3508
vn -0.8536 -0.4734 -0.2173
vn 0.0547 -0.9533 0.2970
vn 0.3741 -0.5144 -0.7716
vn 0.6031 -0.5561 -0.5718
vn 0.9145 -0.2208 0.3390
vn 0.9479 0.1264 0.2923
vn 0.9615 0.2443 0.1261
vn -0.7544 0.4400 0.4872
vn -0.4689 -0.8831 -0.0157
vn -0.7569 -0.6399 -0.1327
vn 0.8291 -0.5319 -0.1720
vn 0.6187 -0.7205 -0.3132
vn 0.5797 -0.5954 -0.5562
vn 0.9185 0.3326 0.2138
vn 0.2444 0.8750 0.4178
vn 0.0631 0.6938 0.7174
vn -0.8225 0.2193 0.5248
vn -0.8036 -0.4915 -0.3355
vn 0.3368 -0.5561 -0.7598
vn -0.8546 -0.4817 -0.1942
vn 0.0471 -0.9580 0.2827
vn -0.6040 -0.2824 0.7452
vn -0.7174 0.0631 0.6938
vn 0.1819 0.1898 0.9648
vn 0.9334 0.0870 0.3480
vn 0.1970 -0.3546 0.9140
vn 0.8903 -0.2758 0.3624
vn 0.6187 -0.7205 -0.3133
vn 0.8291 -0.5319 -0.1721
vn 0.8841 0.4499 0.1263
vn -0.5669 0.5117 0.6456
vn -0.5164 -0.8528 0.0782
vn -0.8043 -0.5934 0.0312
vn 0.7219 -0.6042 -0.3374
vn 0.4859 -0.7603 -0.4311
vn 0.4135 -0.6320 -0.6554
vn 0.9610 0.2757 0.0236
vn 0.3868 0.8605 0.3316
vn 0.3245 0.6806 0.6569
vn -0.6585 0.2822 0.6977
vn -0.8873 -0.4281 -0.1713
vn 0.1481 -0.5770 -0.8032
vn -0.9107 -0.4125 -0.0234
vn 0.0862 -0.9555 0.2820
vn -0.3912 -0.2269 0.8919
vn -0.5018 0.1333 0.8547
vn 0.4580 0.1895 0.8685
vn 0.9873 0.0158 0.1580
vn 0.4257 -0.3469 0.8357
vn 0.9218 -0.3467 0.1734
vn 0.9224 0.3863 -0.0079
vn 0.1482 -0.5770 -0.8032
vn -0.6584 0.4389 0.6114
vn -0.4593 -0.8874 0.0389
vn -0.7587 -0.6492 -0.0548
vn 0.7822 -0.5475 -0.2973
vn 0.5804 -0.7137 -0.3921
vn 0.5297 -0.5998 -0.5998
vn 0.9412 0.3164 0.1186
vn 0.3399 0.8459 0.4111
vn 0.1806 0.6675 0.7224
vn -0.7475 0.2124 0.6294
vn -0.8287 -0.4925 -0.2658
vn 0.2732 -0.5621 -0.7806
vn -0.8714 -0.4746 -0.1245
vn 0.0703 -0.9448 0.3201
vn -0.5085 -0.2582 0.8214
vn -0.6214 0.0865 0.7787
vn 0.2684 0.2131 0.9394
vn 0.9549 0.0868 0.2841
vn 0.2530 -0.3083 0.9170
vn 0.9031 -0.2749 0.3298
vn 0.5296 -0.5998 -0.5998
vn 0.7822 -0.5475 -0.2972
vn 0.9276 0.3695 0.0550
vn 0.2987 0.3065 0.9038
vn 0.6924 0.3383 0.6373
vn 0.4980 0.5849 0.6402
vn -0.4333 0.8351 0.3388
vn -0.4083 0.9030 0.1335
vn 0.1028 0.9404 0.3240
vn -0.0551 0.7553 0.6530
vn -0.2047 0.1890 0.9604
vn -0.6116 0.6116 0.5018
vn -0.0157 0.9961 -0.0863
vn 0.6655 0.7369 0.1188
vn -0.3779 0.5118 0.7716
vn -0.5729 0.7063 -0.4159
vn 0.0314 0.9586 -0.2829
vn 0.4334 0.8984 0.0709
vn -0.1257 0.9901 0.0629
vn -0.4472 0.8944 0.0000
vn -0.6332 0.7739 -0.0078
vn -0.4869 0.8717 -0.0550
vn 0.0315 0.9990 0.0315
vn 0.3630 0.9155 0.1736
vn 0.2121 0.9741 -0.0786
vn -0.1568 0.9876 0.0078
vn -0.4796 0.8570 -0.1887
vn -0.4874 0.8726 -0.0315
vn -0.4322 0.8880 -0.1572
vn -0.5868 0.6486 -0.4848
vn -0.3446 0.7127 -0.6109
vn -0.8632 0.4944 -0.1020
vn -0.5340 0.8402 -0.0942
vn -0.7935 0.5971 -0.1178
vn -0.8361 0.5391 -0.1016
vn -0.7842 0.5960 -0.1725
vn -0.8613 0.4620 -0.2114
vn -0.9374 0.2343 -0.2578
vn -0.9229 0.1877 -0.3363
vn -0.9512 0.1091 -0.2885
vn -0.9234 0.3678 -0.1095
vn -0.8944 0.4472 -0.0079
vn -0.7735 0.5469 -0.3203
vn -0.9590 0.2807 -0.0390
vn -0.9963 -0.0000 -0.0856
vn -0.9378 -0.1797 -0.2970
vn -0.9378 -0.0469 -0.3439
vn -0.8749 -0.0000 -0.4843
vn -0.9356 -0.3041 -0.1793
vn -0.8861 -0.1788 -0.4275
vn -0.2111 0.0000 -0.9775
vn -0.2660 0.0548 -0.9624
vn -0.4766 0.4454 -0.7579
vn -0.8117 -0.2263 -0.5385
vn -0.1947 -0.1713 -0.9658
vn -0.2790 -0.6433 -0.7130
vn 0.4867 0.0628 -0.8713
vn -0.6331 -0.7581 -0.1563
vn -0.4520 -0.8493 0.2727
vn -0.3272 -0.9194 -0.2182
vn -0.6332 -0.5394 -0.5550
vn -0.8021 -0.3816 -0.4595
vn -0.9278 -0.3352 -0.1637
vn -0.9310 -0.3130 -0.1878
vn -0.1952 -0.9682 0.1562
vn -0.7739 -0.6332 0.0157
vn -0.8173 -0.5526 -0.1634
vn -0.6090 -0.7885 -0.0859
vn -0.5314 -0.7345 0.4220
vn -0.4837 -0.8582 0.1716
vn -0.4285 -0.6466 -0.6311
vn -0.0468 -0.6785 -0.7331
vn -0.2800 -0.8555 -0.4355
vn -0.6068 -0.7468 -0.2723
vn -0.3966 -0.9177 -0.0233
vn -0.3442 -0.9230 0.1721
vn -0.3434 -0.8507 0.3980
vn -0.0078 -0.9864 0.1644
vn -0.0078 -0.9969 -0.0779
vn -0.0000 -0.7631 -0.6463
vn -0.0078 -0.7110 -0.7032
vn -0.1552 -0.7684 -0.6209
vn -0.0078 -0.8074 -0.5900
vn -0.0078 -0.8332 -0.5529
vn 0.1476 -0.7693 -0.6216
vn -0.0078 -0.9618 0.2737
vn 0.3372 -0.9255 0.1726
vn 0.3360 -0.8829 0.3282
vn 0.3901 -0.9205 -0.0234
vn 0.2728 -0.8574 -0.4365
vn 0.0390 -0.6787 -0.7333
vn 0.2730 -0.7254 -0.6318
vn 0.4221 -0.6488 -0.6332
vn 0.6018 -0.7503 -0.2736
vn 0.6040 -0.7923 -0.0863
vn 0.4777 -0.8614 0.1723
vn 0.7274 -0.4693 -0.5006
vn 0.8118 -0.4965 -0.3074
vn 0.8146 -0.5561 -0.1645
vn 0.9046 -0.3697 -0.2124
vn 0.7598 -0.6501 0.0078
vn 0.5242 -0.7823 0.3364
vn 0.6617 -0.7404 -0.1182
vn 0.7896 -0.5081 -0.3440
vn 0.6575 -0.6340 -0.4070
vn 0.4394 -0.8710 0.2197
vn 0.3375 -0.9339 -0.1177
vn 0.2893 -0.7505 -0.5942
vn 0.3113 -0.4125 -0.8561
vn 0.8400 -0.1335 -0.5260
vn 0.1805 -0.9654 0.1884
vn -0.5016 -0.0706 -0.8622
vn 0.1565 -0.5242 0.8371
vn -0.2443 0.0315 0.9692
vn -0.4407 -0.0315 0.8971
vn -0.1485 -0.6254 0.7661
vn 0.2887 -0.9051 0.3121
vn 0.1964 -0.8641 0.4635
vn 0.3828 -0.8749 0.2968
vn 0.2190 -0.9070 0.3597
vn 0.3135 -0.8936 0.3214
vn -0.0469 -0.8359 0.5468
vn 0.0940 -0.9397 0.3289
vn -0.2741 -0.4856 0.8301
vn -0.4413 -0.1103 0.8905
vn -0.4079 -0.1412 0.9020
vn -0.2124 -0.2203 0.9520
vn -0.0392 -0.6907 0.7221
vn 0.2282 -0.5509 0.8027
vn -0.3228 -0.3228 0.8897
vn -0.0000 -0.2517 0.9678
vn 0.0000 -0.5237 0.8519
vn -0.0000 -0.8308 0.5565
vn -0.2264 -0.9054 0.3591
vn -0.0000 -0.9196 0.3930
vn -0.1017 -0.9390 0.3286
vn 0.0391 -0.8362 0.5470
vn 0.2668 -0.4866 0.8319
vn 0.4350 -0.1107 0.8936
vn 0.3135 -0.3214 0.8935
vn -0.0000 -0.1491 0.9888
vn -0.0079 -0.2518 0.9678
vn -0.2107 -0.8664 0.4527
vn -0.3977 -0.8735 0.2808
vn -0.3036 -0.9031 0.3036
vn 0.1409 -0.6261 0.7669
vn -0.3276 -0.8891 0.3198
vn -0.1958 -0.5091 0.8381
vn -0.4082 -0.7772 0.4789
vn -0.5512 -0.2756 0.7875
vn 0.0000 -0.8945 0.4472
vn 0.0000 -0.9208 0.3901
vn -0.0079 0.9633 0.2684
vn 0.6780 0.6780 0.2838
vn -0.0078 0.8084 -0.5886
vn -0.0079 0.5271 0.8497
vn 0.6604 0.5110 0.5503
vn 0.9124 0.4090 -0.0157
vn 0.7217 0.6354 -0.2746
vn 0.6213 0.4089 -0.6685
vn -0.0079 0.8497 0.5271
vn -0.0078 0.5797 -0.8148
vn 0.6320 0.7110 -0.3081
vn 0.7022 0.6627 0.2603
vn 0.5752 0.7643 0.2915
vn 0.5291 0.8449 -0.0790
vn 0.4895 0.4579 0.7421
vn 0.4818 0.7267 0.4897
vn 0.7502 0.5765 0.3238
vn 0.5044 0.7723 0.3862
vn -0.0079 0.9223 0.3863
vn 0.6419 0.7290 0.2377
vn 0.4492 0.8748 0.1813
vn 0.7708 0.5584 -0.3067
vn 0.6559 0.7112 -0.2529
vn 0.5519 0.8121 0.1892
vn 0.8281 0.1341 -0.5442
vn 0.9502 0.2356 -0.2042
vn 0.9479 0.2291 0.2212
vn 0.3781 0.6854 0.6223
vn 0.5613 0.5692 0.6008
vn 0.7731 0.6232 0.1183
vn 0.6919 -0.4167 0.5896
vn 0.4341 -0.0473 0.8996
vn 0.6323 0.0158 0.7746
vn 0.5120 -0.5750 0.6381
vn 0.6759 -0.6838 0.2751
vn 0.7541 -0.5263 0.3928
vn 0.8770 -0.4542 -0.1566
vn 0.9636 -0.2664 0.0235
vn 0.7892 0.2683 0.5524
vn 0.7663 -0.4583 0.4503
vn 0.7224 -0.1492 0.6752
vn 0.5371 0.1027 0.8372
vn 0.4507 -0.2847 0.8461
vn 0.5806 -0.4315 0.6904
vn 0.9838 0.0472 0.1731
vn 0.8977 -0.3858 0.2126
vn 0.7723 -0.4492 0.4492
vn 0.4644 -0.4487 0.7635
vn 0.8863 0.0157 -0.4628
vn 0.8599 -0.4612 -0.2189
vn 0.7458 -0.6202 -0.2434
vn 0.6100 -0.7899 0.0626
vn 0.7669 0.0156 -0.6416
vn 0.7556 0.5510 -0.3542
vn 0.9889 0.0633 0.1345
vn 0.6509 0.6352 -0.4156
vn 0.9294 -0.3623 0.0709
vn 0.7561 -0.4174 0.5040
vn 0.6532 -0.5981 0.4643
vn 0.5683 0.1263 0.8130
vn 0.7091 -0.6854 0.1655
vn 0.6389 0.2051 0.7415
vn 0.5063 0.7199 0.4747
vn 0.6453 0.7633 0.0315
vn 0.6075 0.6548 0.4497
vn 0.9908 0.0786 0.1101
vn 0.9540 -0.2681 0.1340
vn 0.9059 -0.4017 0.1339
vn 0.8288 -0.5368 0.1579
vn 0.8551 0.5099 -0.0941
vn 0.6340 0.3922 -0.6665
vn 0.7007 0.7007 -0.1338
vn 0.7517 0.5697 -0.3323
vn 0.3157 0.8919 -0.3236
vn 0.4728 0.5122 -0.7170
vn 0.5990 0.7488 -0.2837
vn 0.5667 0.7870 0.2440
vn 0.7315 0.6686 0.1337
vn 0.8422 0.4486 -0.2991
vn 0.5992 0.6150 -0.5125
vn -0.0079 0.9154 -0.4025
vn 0.0000 0.8554 0.5179
vn 0.7240 0.6453 0.2439
vn 0.7687 0.5310 0.3566
vn 0.8729 0.4561 -0.1730
vn -0.0079 0.7071 -0.7071
vn 0.6877 -0.4190 0.5929
vn 0.6150 -0.4731 0.6308
vn 0.6005 0.2529 0.7586
vn 0.8849 0.1185 0.4504
vn 0.9930 0.1182 -0.0079
vn 0.9474 -0.3079 0.0868
vn 0.9992 0.0079 -0.0393
vn 0.8847 -0.4619 0.0626
vn 0.4379 -0.8679 0.2346
vn 0.7531 -0.5648 -0.3373
vn 0.5882 -0.7607 -0.2745
vn 0.4849 -0.1955 -0.8524
vn 0.6611 -0.7241 0.1967
vn 0.7151 -0.1022 -0.6915
vn -0.2037 -0.9559 0.2116
vn -0.1404 -0.9517 0.2730
vn -0.0078 -0.9701 0.2425
vn -0.0078 -0.9823 0.1871
vn 0.1962 -0.9574 0.2119
vn 0.1327 -0.9527 0.2733
vn 0.3911 -0.8762 0.2816
vn 0.5744 -0.7789 0.2518
vn 0.8851 -0.4621 0.0548
vn 0.9434 -0.3223 0.0786
vn 0.4153 -0.8698 0.2664
vn 0.0547 -0.9604 0.2733
vn 0.0000 -0.9720 0.2352
vn -0.0624 -0.9599 0.2732
vn -0.4218 -0.8670 0.2656
vn 0.2499 -0.9216 0.2968
vn -0.0000 -0.9618 0.2737
vn 0.0861 -0.9555 0.2820
vn 0.2593 -0.8956 0.3614
vn -0.0312 -0.9134 0.4059
vn 0.3062 -0.8086 0.5024
vn 0.5513 -0.6930 0.4646
vn 0.1490 -0.7767 0.6120
vn 0.5353 -0.5353 0.6534
vn -0.3132 -0.8066 0.5012
vn 0.0234 -0.9136 0.4060
vn -0.2738 -0.8919 0.3599
vn 0.0000 -0.9447 0.3279
vn 0.4624 -0.7915 0.3997
vn 0.2674 -0.4246 0.8650
vn 0.7934 -0.5734 0.2042
vn 0.5918 0.3156 0.7417
vn 0.5122 0.4728 0.7170
vn 0.5066 0.2295 0.8311
vn 0.5974 -0.0157 0.8018
vn 0.5116 -0.0472 0.8579
vn 0.3779 -0.0945 0.9210
vn 0.0549 -0.2826 0.9577
vn 0.5118 -0.2835 0.8110
vn 0.3759 -0.7987 0.4698
vn -0.6182 -0.5712 0.5399
vn -0.5476 -0.2972 0.7822
vn -0.5097 -0.5803 0.6352
vn -0.0078 -0.6585 0.7526
vn -0.0078 -0.8308 0.5565
vn 0.4957 -0.5901 0.6373
vn 0.5890 -0.6675 0.4555
vn -0.5864 -0.6490 0.4848
vn -0.5941 -0.6645 0.4534
vn -0.0000 -0.8991 0.4378
vn -0.4685 -0.7886 0.3982
vn 0.6133 -0.5740 0.5426
vn 0.5812 -0.6519 0.4870
vn -0.1567 -0.7758 0.6112
vn 0.0314 -0.6909 0.7223
vn 0.4013 -0.1417 0.9049
vn 0.4343 -0.0316 0.9002
vn -0.2357 -0.5499 0.8013
vn 0.2049 -0.2207 0.9536
vn 0.2126 0.0315 0.9766
vn -0.4556 -0.2435 0.8562
vn -0.6282 -0.0314 0.7774
vn -0.1020 -0.2981 0.9491
vn -0.5567 -0.6900 0.4626
vn -0.5409 -0.5330 0.6506
vn -0.2746 -0.4237 0.8632
vn -0.4251 -0.1181 0.8974
vn -0.5638 -0.0783 0.8222
vn -0.5421 0.1964 0.8170
vn -0.6125 0.2827 0.7382
vn -0.5350 0.4485 0.7160
vn -0.4335 0.5754 0.6936
vn -0.6518 0.6440 0.4005
vn -0.8160 0.3845 0.4316
vn -0.4557 0.8328 -0.3143
vn -0.4570 -0.2837 0.8430
vn -0.5482 0.1018 0.8301
vn -0.4972 0.4499 0.7419
vn -0.4878 0.7239 0.4878
vn -0.6270 0.7132 0.3135
vn -0.7261 -0.1483 0.6714
vn -0.5858 -0.4296 0.6873
vn -0.7922 0.2666 0.5490
vn -0.7570 0.5697 0.3200
vn -0.9509 0.2338 -0.2027
vn -0.9641 -0.2644 0.0233
vn -0.7668 -0.4616 0.4460
vn -0.7754 -0.4465 0.4465
vn -0.4706 -0.4470 0.7607
vn -0.6801 -0.6801 0.2736
vn -0.5178 -0.5727 0.6355
vn -0.6959 -0.4144 0.5864
vn -0.8992 -0.3831 0.2111
vn -0.7963 -0.5699 0.2030
vn -0.9840 0.0469 0.1718
vn -0.8599 -0.4612 -0.2189
vn -0.8831 0.0156 -0.4689
vn -0.9330 -0.3528 0.0706
vn -0.8337 -0.5298 0.1558
vn -0.2572 -0.9198 0.2962
vn -0.9073 -0.3989 0.1330
vn -0.5848 -0.7719 0.2495
vn -0.9442 -0.3199 0.0780
vn -0.9537 -0.2736 0.1251
vn -0.7594 -0.4150 0.5011
vn -0.6100 -0.7899 0.0626
vn -0.7407 -0.6238 -0.2495
vn -0.7668 0.0156 -0.6417
vn -0.9909 0.0780 0.1092
vn -0.6435 0.2040 0.7377
vn -0.5647 0.1255 0.8157
vn -0.6553 -0.5929 0.4681
vn -0.7101 -0.6866 0.1561
vn -0.9897 0.0701 0.1247
vn -0.6509 0.6352 -0.4156
vn -0.7590 0.5477 -0.3521
vn -0.4313 0.9019 -0.0235
vn -0.6993 0.7148 0.0001
vn -0.5093 0.7208 0.4701
vn -0.6124 0.6517 0.4475
vn -0.6453 0.7633 0.0315
vn -0.7762 0.6194 0.1176
vn -0.6992 0.7149 0.0000
vn -0.8572 0.5065 -0.0935
vn -0.8465 0.5173 -0.1254
vn -0.6231 0.6153 -0.4829
vn -0.8748 0.4530 -0.1718
vn -0.7041 0.2269 -0.6728
vn -0.9234 0.2426 -0.2974
vn -0.6727 0.1721 -0.7196
vn -0.8675 0.3595 -0.3439
vn -0.7215 0.6823 -0.1176
vn -0.7698 0.5263 0.3613
vn -0.7277 0.6416 0.2425
vn -0.7047 0.6969 -0.1331
vn 0.0000 0.7342 0.6789
vn -0.6043 0.6121 -0.5101
vn -0.7517 0.5716 -0.3289
vn -0.6347 0.3918 -0.6660
vn -0.4701 0.5093 -0.7209
vn -0.5942 0.7505 -0.2893
vn -0.3228 0.8897 -0.3228
vn -0.8444 0.4457 -0.2971
vn -0.7315 0.6686 0.1337
vn -0.5666 0.7870 0.2440
vn -0.9992 -0.0000 -0.0390
vn -0.4849 -0.1955 -0.8524
vn -0.7189 -0.1016 -0.6876
vn -0.7565 -0.5615 -0.3354
vn -0.6176 -0.4769 0.6254
vn -0.6055 0.2517 0.7550
vn -0.6887 -0.4148 0.5947
vn -0.8858 0.1254 0.4468
vn -0.9931 0.1173 -0.0000
vn -0.8847 -0.4619 0.0626
vn -0.8864 -0.4588 0.0622
vn -0.9468 -0.3052 0.1017
vn -0.4450 -0.8665 0.2264
vn -0.5933 -0.7572 -0.2732
vn -0.6627 -0.7251 0.1871
vn -0.3978 -0.8735 0.2808
vn -0.6327 0.1172 -0.7655
vn -0.5158 0.2188 -0.8283
vn -0.5232 0.5623 -0.6404
vn -0.4539 0.7668 -0.4538
vn -0.0078 0.4472 -0.8944
vn -0.5246 0.4777 -0.7047
vn -0.0078 0.5419 -0.8404
vn -0.2747 0.6436 -0.7143
vn -0.0079 0.8975 -0.4409
vn -0.4225 0.3991 -0.8138
vn -0.8498 0.2573 -0.4600
vn -0.7478 0.2493 -0.6154
vn -0.8559 0.3657 -0.3657
vn -0.1023 0.9203 -0.3776
vn -0.7138 0.6982 -0.0549
vn -0.6381 0.7641 0.0945
vn -0.4017 0.8191 0.4095
vn -0.1499 0.9784 0.1420
vn 0.4019 0.8825 -0.2443
vn -0.2369 0.9712 0.0237
vn -0.7444 0.6661 0.0470
vn -0.4782 0.6663 -0.5722
vn -0.0000 0.8404 -0.5419
vn -0.0079 0.8284 0.5601
vn -0.0079 0.8533 0.5214
vn -0.0079 0.9612 -0.2758
vn -0.8874 0.4555 0.0707
vn -0.7452 0.6668 -0.0078
vn -0.6717 0.6164 0.4109
vn -0.5235 0.8361 -0.1641
vn -0.5018 0.8546 0.1333
vn -0.4420 0.7893 0.4262
vn -0.6528 0.7393 0.1652
vn -0.5016 0.8151 -0.2900
vn -0.6737 0.7364 -0.0627
vn -0.8147 0.5797 -0.0157
vn -0.0078 0.6112 -0.7914
vn -0.0079 0.9920 -0.1260
vn -0.0079 0.8497 0.5272
vn -0.0079 0.8677 0.4970
vn -0.0079 0.8896 -0.4566
vn -0.6864 0.5694 -0.4524
vn -0.8750 0.4609 0.1484
vn -0.6609 0.6530 0.3698
vn -0.6433 0.5492 0.5335
vn -0.0000 0.5547 0.8321
vn -0.0079 0.6871 0.7266
vn -0.0079 0.9992 -0.0393
vn -0.7130 0.6660 -0.2194
vn -0.0078 0.6668 -0.7452
vn -0.8252 0.5266 0.2043
vn 0.0000 0.9612 -0.2757
vn -0.6276 0.7609 -0.1647
vn -0.6850 0.5838 -0.4359
vn -0.7590 0.6338 -0.1487
vn -0.0079 0.7378 -0.6750
vn -0.8383 0.5406 -0.0705
vn -0.6798 0.7110 -0.1797
vn -0.6459 0.7088 0.2836
vn -0.8944 0.4472 -0.0000
vn -0.6911 0.6832 -0.2356
vn -0.0079 0.9995 -0.0315
vn -0.7079 0.5034 0.4955
vn -0.0000 0.6063 0.7952
vn -0.0000 0.5122 0.8589
vn -0.0079 0.9379 -0.3468
vn -0.8389 0.5331 0.1097
vn -0.0079 0.9820 -0.1885
vn -0.0079 0.6707 0.7417
vn -0.6141 0.6929 0.3779
vn -0.6055 0.6291 0.4875
vn -0.0079 0.7417 0.6707
vn -0.0079 0.9999 0.0079
vn -0.6845 0.7081 -0.1731
vn -0.6589 0.5805 -0.4785
vn -0.8195 0.5697 -0.0625
vn -0.8639 0.4948 0.0943
vn -0.8158 0.5412 0.2039
vn -0.6810 0.7201 -0.1331
vn -0.6453 0.5745 0.5036
vn -0.4483 0.4247 0.7865
vn -0.6509 0.6352 0.4156
vn -0.8395 0.5413 -0.0471
vn -0.8299 0.5559 0.0470
vn -0.8934 0.4467 -0.0470
vn -0.8911 0.4455 -0.0860
vn -0.9035 0.4284 -0.0156
vn -0.9263 0.3768 0.0078
vn -0.9953 0.0940 0.0235
vn -0.9999 -0.0078 -0.0078
vn -0.9998 0.0156 0.0078
vn -0.8912 0.4534 0.0156
vn -0.6909 0.7223 0.0314
vn -0.5026 0.8639 0.0314
vn -0.6425 0.7365 -0.2116
vn -0.5652 0.8243 0.0314
vn -0.7209 0.6817 -0.1254
vn -0.7774 0.6282 0.0314
vn -0.9179 0.3765 -0.1255
vn -0.9992 0.0234 -0.0312
vn -0.9298 -0.3672 -0.0234
vn -0.9179 -0.3967 0.0078
vn -0.7263 -0.6872 0.0156
vn -0.9312 -0.3522 -0.0939
vn -0.9830 -0.0390 -0.1794
vn -0.3767 0.9262 0.0157
vn -0.2516 0.9670 0.0393
vn -0.2041 0.9736 0.1021
vn 0.0157 0.9998 0.0157
vn -0.4248 0.9047 -0.0315
vn -0.5561 0.8302 -0.0392
vn -0.6489 0.7505 -0.1251
vn -0.4186 0.9082 0.0079
vn -0.7438 0.6655 -0.0626
vn -0.4948 0.7540 -0.4320
vn -0.6336 0.3207 -0.7040
vn -0.0000 0.5420 -0.8404
vn -0.0079 0.9920 0.1260
vn -0.6787 0.6319 -0.3744
vn -0.0078 0.7846 -0.6199
vn -0.5960 0.7842 0.1725
vn -0.6055 0.6920 0.3932
vn -0.0079 0.9719 -0.2351
vn -0.6885 0.2503 -0.6807
vn -0.0078 0.1480 -0.9890
vn -0.5934 0.1952 -0.7809
vn -0.0079 0.8056 0.5924
vn -0.0078 0.9910 0.1337
vn -0.9213 0.3045 -0.2420
vn -0.6565 0.6252 -0.4220
vn -0.0078 0.7032 -0.7110
vn -0.6190 0.7835 0.0548
vn -0.7206 0.5875 0.3681
vn -0.0000 0.9997 0.0236
vn -0.7109 0.4609 -0.5312
vn -0.0078 0.3209 -0.9471
vn -0.0079 0.7990 0.6012
vn -0.0079 0.9998 -0.0157
vn -0.9214 0.3592 -0.1484
vn -0.6858 0.1636 -0.7092
vn -0.7370 0.5331 -0.4155
vn -0.0078 0.7302 -0.6832
vn -0.6190 0.7679 0.1646
vn -0.6760 0.6131 0.4088
vn -0.5368 0.8288 0.1579
vn -0.0078 0.9899 0.1414
vn -0.0079 0.7603 0.6495
vn -0.7670 0.5557 -0.3209
vn -0.0078 0.4876 -0.8730
vn -0.7570 0.3200 -0.5697
vn -0.0078 0.9021 -0.4314
vn -0.7669 0.6182 -0.1722
vn -0.6352 0.6509 0.4156
vn -0.9106 0.4004 0.1021
vn -0.6274 0.4392 0.6431
vn -0.0079 0.8975 0.4409
vn -0.0079 0.4409 0.8975
vn -0.5102 0.7693 0.3846
vn -0.6367 0.7075 -0.3066
vn -0.7061 0.6591 0.2589
vn -0.6511 0.7216 0.2353
vn -0.5839 0.7575 0.2919
vn -0.7292 0.6821 0.0549
vn -0.5667 0.5667 0.5981
vn -0.4492 0.8748 0.1813
vn -0.7754 0.5483 -0.3133
vn -0.3848 0.6833 0.6205
vn -0.5566 0.8074 0.1960
vn -0.6370 0.0157 0.7707
vn -0.4406 -0.0393 0.8969
vn -0.9504 0.2199 0.2199
vn -0.6604 0.7075 -0.2516
vn -0.8271 0.1327 -0.5462
vn -0.8819 -0.4449 -0.1561
vn -0.7662 -0.5160 0.3831
vn -0.5036 0.6845 0.5272
vn 0.2363 0.9691 -0.0709
vn -0.6109 0.7049 -0.3603
vn 0.0708 0.7546 -0.6524
vn 0.5578 0.5421 -0.6285
vn 0.8920 0.4105 -0.1894
vn 0.8222 0.4506 0.3478
vn 0.3695 0.4560 0.8097
vn 0.9402 0.0237 0.3397
vn 0.1965 0.4322 0.8801
vn -0.8957 0.3221 0.3064
vn -0.8584 0.2809 -0.4292
vn -0.1800 0.4617 -0.8686
vn 0.3049 0.5083 -0.8054
vn -0.2747 0.6437 -0.7143
vn 0.7392 0.4955 -0.4561
vn -0.1022 0.9203 -0.3776
vn 0.0707 0.7546 -0.6524
vn -0.9567 0.2902 0.0235
vn -0.2369 0.9713 0.0237
vn 0.7392 0.4954 -0.4561
vn 0.8920 0.4105 -0.1895
vn -0.1023 0.9203 -0.3775
vn 0.6756 -0.1807 0.7148
vn -0.1571 -0.2672 0.9508
vn -0.0078 -0.9327 0.3605
vn 0.8818 -0.4566 -0.1181
vn -0.3115 -0.6152 -0.7242
vn -0.9289 -0.2107 0.3044
vn -0.1734 0.2996 0.9382
vn 0.7493 0.1420 0.6468
vn 0.8231 -0.5095 -0.2509
vn 0.8022 0.3853 0.4561
vn 0.7702 -0.6366 -0.0393
vn 0.8676 0.3313 0.3707
vn 0.4701 -0.8776 0.0940
vn -0.5676 -0.6376 -0.5209
vn -0.9621 0.1251 0.2425
vn -0.6213 -0.7378 -0.2640
vn -0.9736 0.2191 0.0643
vn -0.2048 0.8034 0.5592
vn 0.1739 0.9326 0.3162
vn -0.7909 0.6108 0.0392
vn -0.8361 -0.5235 -0.1641
vn 0.8231 -0.5095 -0.2508
vn 0.8609 0.0078 -0.5087
vn 0.2183 0.0545 -0.9744
vn 0.1803 0.1490 -0.9723
vn 0.5661 0.4481 -0.6919
vn 0.9878 0.1422 -0.0632
vn 0.8918 0.4498 -0.0474
vn 0.8814 0.0866 -0.4643
vn 0.9963 0.0000 -0.0863
vn 0.9223 0.3705 -0.1104
vn 0.7905 0.6008 -0.1186
vn 0.8262 0.5508 -0.1181
vn 0.4735 0.8602 -0.1894
vn 0.9369 -0.1811 -0.2991
vn 0.9499 -0.2434 -0.1963
vn 0.9160 -0.3132 -0.2505
vn 0.9116 -0.2908 -0.2907
vn 0.8851 -0.2742 -0.3760
vn 0.9369 -0.0472 -0.3464
vn 0.9040 -0.2280 -0.3616
vn 0.9468 -0.0631 -0.3156
vn 0.9363 -0.1967 -0.2911
vn 0.9827 -0.0393 -0.1808
vn 0.8957 -0.3221 -0.3064
vn 0.8559 -0.3455 -0.3848
vn 0.8462 -0.3526 -0.3996
vn 0.8808 -0.3539 -0.3146
vn 0.9306 -0.2918 -0.2208
vn 0.6820 -0.6271 -0.3763
vn 0.7612 -0.6043 -0.2354
vn 0.3824 -0.8896 -0.2497
vn 0.9302 -0.3547 -0.0946
vn 0.7201 -0.6810 -0.1331
vn 0.3828 -0.9062 -0.1797
vn -0.0000 -0.9775 -0.2111
vn -0.0078 -0.9597 -0.2809
vn 0.3366 -0.8454 -0.4149
vn 0.6272 -0.5958 -0.5017
vn 0.7444 -0.6660 -0.0470
vn 0.9288 -0.3699 -0.0236
vn 0.3528 -0.9330 -0.0706
vn -0.0078 -0.9948 -0.1018
vn -0.3894 -0.9035 -0.1792
vn -0.3890 -0.8870 -0.2490
vn -0.0000 -0.9597 -0.2809
vn -0.7645 -0.6007 -0.2340
vn -0.7239 -0.6772 -0.1319
vn -0.3596 -0.9304 -0.0704
vn -0.0078 -0.9998 0.0156
vn 0.3441 -0.9384 0.0313
vn 0.7226 -0.6911 0.0157
vn 0.9167 -0.3996 0.0078
vn -0.0000 -0.9912 0.1327
vn 0.3368 -0.9321 0.1332
vn -0.3509 -0.9359 0.0312
vn -0.7479 -0.6622 -0.0467
vn -0.9317 -0.2897 -0.2192
vn 0.3671 -0.9060 0.2109
vn 0.5720 -0.7758 0.2664
vn 0.7132 -0.6897 0.1254
vn -0.0078 -0.9737 0.2277
vn -0.3437 -0.9296 0.1328
vn 0.8984 -0.1576 0.4098
vn 0.9429 0.3143 0.1100
vn 0.9803 0.1581 0.1186
vn 0.8126 -0.3708 0.4497
vn 0.9851 -0.0473 0.1655
vn 0.8118 -0.4965 0.3074
vn 0.9187 -0.3769 0.1178
vn 0.9992 0.0236 -0.0315
vn 0.9998 0.0157 0.0079
vn 0.9999 -0.0079 -0.0079
vn 0.9952 0.0948 0.0237
vn 0.8895 0.4566 0.0157
vn 0.9251 0.3795 0.0079
vn 0.8918 0.4499 -0.0473
vn 0.8895 0.4487 -0.0866
vn 0.9020 0.4314 -0.0157
vn 0.6755 0.7148 -0.1807
vn 0.8360 0.5442 -0.0710
vn 0.7557 0.6376 -0.1495
vn 0.8169 0.5734 -0.0628
vn 0.8275 0.5595 0.0473
vn 0.6767 0.7240 -0.1338
vn 0.6092 0.6962 0.3797
vn -0.0079 0.9820 -0.1886
vn 0.6412 0.7125 0.2850
vn 0.6544 0.5835 -0.4810
vn 0.8619 0.4982 0.0949
vn 0.6005 0.6320 0.4898
vn 0.6803 0.7120 -0.1740
vn 0.8131 0.5447 0.2053
vn -0.0078 0.7071 -0.7071
vn 0.6280 0.1177 -0.7693
vn 0.5175 0.5646 -0.6430
vn 0.5100 0.2197 -0.8317
vn 0.2675 0.6450 -0.7158
vn 0.4161 0.4004 -0.8164
vn 0.8476 0.2590 -0.4631
vn 0.7443 0.2507 -0.6190
vn 0.8538 0.3681 -0.3681
vn 0.9560 0.2924 0.0237
vn 0.7265 0.6871 -0.0079
vn 0.8857 0.4587 0.0712
vn 0.6673 0.6197 0.4131
vn 0.8120 0.5834 -0.0158
vn 0.7417 0.6707 -0.0079
vn 0.5178 0.8395 -0.1647
vn 0.2294 0.9730 0.0237
vn 0.6694 0.7403 -0.0630
vn 0.6228 0.7647 -0.1656
vn 0.6564 0.6565 0.3717
vn 0.6822 0.5725 -0.4548
vn 0.8731 0.4641 0.1495
vn 0.6387 0.5519 0.5362
vn -0.0079 0.6871 0.7265
vn 0.7091 0.6697 -0.2206
vn 0.8227 0.5300 0.2057
vn 0.6808 0.5869 -0.4382
vn -0.0078 0.7378 -0.6750
vn 0.6870 0.6870 -0.2369
vn -0.0078 0.9995 -0.0315
vn 0.7039 0.5062 0.4983
vn 0.8365 0.5366 0.1105
vn 0.8928 0.4504 0.0000
vn -0.8217 0.3991 0.4069
vn -0.7475 0.6294 0.2124
vn -0.5751 0.5120 0.6381
vn -0.3382 0.9203 0.1966
vn -0.0000 0.2830 0.9591
vn -0.5761 0.4182 0.7023
vn -0.6443 0.7622 0.0629
vn -0.7218 0.6905 -0.0471
vn -0.8781 0.3920 0.2744
vn -0.7054 0.4076 0.5800
vn -0.9115 0.3615 0.1964
vn -0.6682 0.5817 0.4638
vn -0.0078 0.9969 0.0785
vn -0.0079 0.9353 -0.3537
vn -0.0079 0.9405 0.3398
vn -0.0079 0.4345 0.9006
vn -0.7189 0.6486 -0.2501
vn -0.0079 0.4091 0.9125
vn -0.0079 0.5455 0.8381
vn -0.0000 0.9862 0.1657
vn 0.0000 0.8519 -0.5237
vn -0.0079 0.5419 0.8404
vn -0.5647 0.8157 -0.1255
vn -0.5951 0.6577 -0.4619
vn -0.7311 -0.4666 -0.4978
vn -0.8144 -0.4934 -0.3054
vn -0.8973 -0.3199 -0.3043
vn -0.8580 -0.3433 -0.3822
vn -0.9129 -0.2887 -0.2887
vn -0.8868 -0.2723 -0.3734
vn -0.9054 -0.2264 -0.3591
vn -0.8484 -0.3502 -0.3970
vn -0.6319 -0.5929 -0.4992
vn -0.2802 -0.7239 -0.6305
vn -0.9372 -0.1952 -0.2890
vn -0.8826 -0.3515 -0.3124
vn -0.6862 -0.6238 -0.3743
vn -0.3435 -0.8431 -0.4138
vn -0.0078 -0.9066 -0.4220
vn -0.9476 -0.0627 -0.3133
vn 0.9217 0.1891 -0.3387
vn 0.8593 0.4651 -0.2128
vn 0.9505 0.1100 -0.2907
vn 0.7775 0.6047 -0.1728
vn 0.9364 0.2361 -0.2597
vn 0.5187 0.8488 -0.1022
vn 0.1491 0.9888 -0.0000
vn 0.3795 0.9251 0.0158
vn 0.7177 0.6862 -0.1183
vn 0.9166 0.3793 -0.1264
vn 0.5025 0.8637 0.0393
vn 0.3312 0.9227 0.1972
vn 0.2757 0.9610 0.0236
vn 0.2043 0.9744 0.0943
vn 0.1180 0.9910 0.0629
vn -0.2196 0.9724 -0.0784
vn 0.4657 0.8841 -0.0395
vn 0.8612 0.4978 -0.1027
vn -0.0393 0.9989 0.0236
vn -0.0236 0.9996 0.0157
vn 0.4183 0.9077 -0.0316
vn -0.3618 0.9202 0.1494
vn 0.4103 0.8995 -0.1499
vn 0.7792 0.5116 -0.3621
vn 0.3532 0.7142 -0.6043
vn 0.6062 0.6456 -0.4645
vn 0.5747 0.7086 -0.4094
vn -0.0628 0.9572 -0.2825
vn 0.0000 0.9963 -0.0863
vn -0.6760 0.7232 0.1415
vn -0.4952 0.5738 0.6524
vn -0.6813 0.3211 0.6578
vn -0.2922 0.3001 0.9081
vn 0.2047 0.1889 0.9604
vn 0.6091 0.6170 0.4983
vn 0.8162 0.3883 0.4279
vn 0.6473 0.6473 0.4026
vn 0.4330 0.8503 -0.2992
vn 0.3779 0.5118 0.7716
vn 0.4023 0.6233 0.6706
vn 0.4409 0.8976 -0.0000
vn 0.1178 0.9899 0.0786
vn 0.4178 0.8986 0.1340
vn -0.1102 0.9287 0.3542
vn 0.4269 0.8380 0.3399
vn 0.0394 0.7486 0.6619
vn -0.4555 0.8874 0.0707
vn 0.6520 0.6284 -0.4242
vn 0.5884 0.1961 -0.7845
vn 0.6141 0.7873 0.0551
vn 0.9201 0.3067 -0.2438
vn 0.7168 0.5908 0.3702
vn 0.6443 0.7543 -0.1257
vn 0.5506 0.8338 -0.0393
vn 0.4809 0.8750 -0.0552
vn 0.6841 0.2516 -0.6846
vn 0.4120 0.9111 0.0159
vn -0.0078 0.9719 -0.2352
vn 0.5779 0.7046 0.4117
vn 0.7324 0.6772 -0.0709
vn 0.5821 0.7945 0.1731
vn -0.0079 0.9910 0.1337
vn -0.0078 0.7847 -0.6199
vn 0.6603 0.6446 -0.3852
vn 0.6273 0.3293 -0.7057
vn 0.4895 0.7421 -0.4579
vn 0.5697 0.5144 0.6410
vn 0.5707 0.4201 0.7055
vn -0.0079 0.9969 0.0785
vn 0.6379 0.7402 -0.2126
vn 0.5599 0.8280 0.0316
vn 0.6397 0.7660 0.0632
vn 0.8191 0.4017 0.4095
vn 0.7440 0.6331 0.2137
vn 0.7151 0.6522 -0.2515
vn 0.6868 0.7262 0.0316
vn 0.7743 0.6321 0.0316
vn 0.7014 0.4098 0.5832
vn -0.0078 0.4090 0.9125
vn 0.7180 0.6944 -0.0473
vn 0.9101 0.3640 0.1979
vn 0.6638 0.5848 0.4662
vn 0.8763 0.3947 0.2763
vn 0.5454 -0.3004 0.7825
vn 0.4976 0.6872 0.5292
vn 0.6060 0.7083 -0.3620
vn -0.2438 0.9672 -0.0708
vn -0.0785 0.7542 -0.6520
vn -0.5632 0.5397 -0.6257
vn -0.8964 0.4054 -0.1793
vn -0.8247 0.4477 0.3456
vn -0.3786 0.4575 0.8046
vn -0.9411 0.0235 0.3372
vn -0.2054 0.4345 0.8769
vn 0.8942 0.3244 0.3086
vn 0.8563 0.2828 -0.4321
vn 0.1724 0.4623 -0.8698
vn -0.3120 0.5070 -0.8035
vn -0.7454 0.4943 -0.4472
vn 0.0945 0.9210 -0.3779
vn -0.0786 0.7541 -0.6520
vn 0.9560 0.2923 0.0237
vn 0.2294 0.9730 0.0238
vn -0.4084 0.8797 -0.2435
vn -0.8964 0.4053 -0.1793
vn 0.0945 0.9211 -0.3778
vn 0.0156 -0.9850 -0.1720
vn 0.1953 -0.9611 0.1954
vn 0.1178 -0.9421 0.3140
vn 0.8903 0.2285 -0.3939
vn 0.5715 -0.2192 -0.7907
vn 0.6826 -0.3609 -0.6355
vn -0.1329 -0.5552 -0.8210
vn -0.0078 -0.6629 -0.7487
vn -0.6001 -0.5923 -0.5377
vn -0.4746 -0.8714 -0.1245
vn -0.0314 -0.9409 0.3372
vn -0.5777 -0.7573 0.3045
vn 0.4153 -0.9010 0.1254
vn -0.0545 -0.5610 -0.8260
vn -0.7056 -0.2791 -0.6513
vn 0.1479 -0.3660 -0.9188
vn 0.7762 -0.2274 -0.5880
vn -0.0939 -0.6882 -0.7195
vn -0.7622 -0.4044 -0.5055
vn -0.8855 -0.1631 -0.4350
vn -0.9851 -0.1094 -0.1329
vn 0.8809 -0.1730 -0.4404
vn 0.8555 -0.1256 -0.5023
vn 0.9914 -0.0708 -0.1102
vn 0.9868 -0.1105 0.1184
vn 0.9884 0.1186 0.0949
vn 0.9699 0.2208 -0.1025
vn 0.9291 0.3307 -0.1654
vn 0.6571 0.7204 0.2217
vn 0.7851 0.5339 -0.3140
vn 0.4889 0.8516 0.1892
vn 0.7088 -0.0787 0.7010
vn 0.1103 0.8982 0.4255
vn 0.2518 0.9678 0.0079
vn 0.5198 0.6458 -0.5592
vn 0.8055 -0.2268 -0.5474
vn 0.7528 -0.2431 -0.6117
vn 0.0868 0.9861 0.1420
vn -0.3372 0.9095 0.2431
vn -0.4799 0.7395 0.4720
vn -0.8906 0.4531 0.0391
vn -0.9719 0.2351 0.0078
vn -0.9856 0.1643 0.0391
vn -0.6896 0.5877 0.4232
vn -0.9851 -0.1095 -0.1329
vn -0.9990 0.0312 -0.0312
vn -0.6261 0.7669 -0.1409
vn -0.1660 0.9721 0.1659
vn -0.0079 0.7952 0.6063
vn -0.6845 0.5036 0.5271
vn -0.9781 0.1174 0.1721
vn -0.6845 0.2282 0.6924
vn -0.1026 0.6711 0.7342
vn 0.0943 0.4167 0.9041
vn 0.6377 0.5826 0.5039
vn 0.6568 0.3561 0.6647
vn -0.8318 -0.3343 -0.4431
vn -0.9975 -0.0701 -0.0078
vn -0.9864 -0.0705 0.1487
vn -0.5479 -0.3835 0.7435
vn 0.0157 -0.2351 0.9718
vn -0.7056 -0.2792 -0.6513
vn -0.8914 -0.1173 -0.4379
vn 0.6785 0.6706 0.2998
vn 0.1659 0.8057 0.5687
vn -0.8835 -0.4535 -0.1173
vn 0.0000 -0.9327 0.3606
vn -0.6798 -0.1797 0.7110
vn 0.1495 -0.2674 0.9519
vn -0.8256 -0.5063 -0.2492
vn 0.5623 -0.6404 -0.5232
vn 0.3044 -0.6167 -0.7260
vn 0.9278 -0.2123 0.3067
vn 0.1658 0.3000 0.9394
vn -0.7528 0.1411 0.6430
vn 0.6165 -0.7413 -0.2653
vn 0.9731 0.2215 0.0633
vn 0.9615 0.1261 0.2443
vn 0.1972 0.8046 0.5601
vn 0.7879 0.6146 0.0394
vn 0.8337 -0.5270 -0.1652
vn -0.4762 -0.8743 0.0937
vn -0.7734 -0.6328 -0.0391
vn -0.1815 0.9313 0.3157
vn -0.8049 0.3829 0.4533
vn -0.8696 0.3290 0.3682
vn -0.7734 -0.6327 -0.0391
vn -0.4762 -0.8743 0.0936
vn -0.8881 -0.4596 -0.0078
vn 0.0939 -0.9549 0.2818
vn -0.4301 -0.2737 0.8603
vn 0.3688 -0.3452 0.8630
vn -0.7808 -0.6246 0.0156
vn 0.4538 -0.6103 -0.6494
vn -0.8689 -0.4697 -0.1565
vn 0.1634 -0.5526 -0.8172
vn 0.9384 -0.2839 0.1971
vn 0.3777 0.1967 0.9048
vn -0.5581 0.0865 0.8253
vn 0.5491 -0.7295 -0.4079
vn 0.9538 0.2995 0.0236
vn 0.9850 0.0709 0.1576
vn 0.2207 0.7014 0.6777
vn 0.3717 0.8699 0.3242
vn 0.9098 0.4114 -0.0554
vn 0.7818 -0.5394 -0.3127
vn -0.4678 -0.8810 0.0702
vn -0.6675 0.4555 0.5890
vn -0.7155 0.2280 0.6604
vn -0.8689 -0.4696 -0.1565
vn -0.6246 0.1562 -0.7652
vn -0.9093 0.2822 -0.3057
vn -0.7425 0.5002 -0.4455
vn -0.7013 0.6934 0.1654
vn -0.7857 0.4714 0.4007
vn -0.0079 0.6371 0.7708
vn -0.0000 0.9771 0.2127
vn -0.0000 0.7303 -0.6832
vn -0.0079 0.7885 0.6150
vn -0.0078 0.2737 -0.9618
vn -0.6614 0.3813 -0.6459
vn -0.8288 0.5395 -0.1486
vn -0.7075 0.6604 0.2516
vn -0.5312 0.8436 -0.0781
vn -0.0079 0.9125 -0.4091
vn -0.6820 0.6724 0.2877
vn -0.6647 0.5084 0.5474
vn -0.0079 0.8084 -0.5886
vn -0.9137 0.4061 -0.0156
vn -0.6260 0.4069 -0.6652
vn -0.7254 0.6318 -0.2730
vn -0.9225 -0.3831 0.0469
vn 0.0157 -0.9262 0.3768
vn -0.4531 -0.1250 0.8827
vn 0.3607 -0.2665 0.8938
vn -0.8211 -0.5630 0.0938
vn 0.3983 -0.7185 -0.5701
vn -0.9019 -0.4198 -0.1011
vn 0.1098 -0.6667 -0.7372
vn 0.9188 -0.3377 0.2042
vn 0.4098 0.2837 0.8669
vn -0.5206 0.2366 0.8203
vn 0.4759 -0.8192 -0.3199
vn 0.9658 0.2591 -0.0000
vn 0.3009 0.7523 0.5860
vn 0.3946 0.8919 0.2210
vn 0.9217 0.3781 -0.0867
vn 0.7290 -0.6428 -0.2352
vn -0.5367 -0.8246 0.1789
vn -0.5745 0.5981 0.5588
vn -0.6667 0.3765 0.6432
vn 0.6675 0.1806 -0.7224
vn 0.8632 0.3610 -0.3531
vn 0.9201 0.2438 -0.3067
vn 0.7171 0.6855 -0.1261
vn 0.6964 0.2269 -0.6808
vn -0.0078 0.0390 -0.9992
vn -0.0079 0.5475 -0.8368
vn -0.0000 0.9995 -0.0315
vn 0.4249 0.9049 -0.0236
vn 0.6951 0.7188 0.0079
vn 0.6952 0.7189 -0.0000
vn 0.8443 0.5208 -0.1263
vn 0.6213 0.6134 -0.4876
vn -0.0078 0.6025 -0.7981
vn 0.6972 0.6973 0.1664
vn 0.0000 0.7303 -0.6831
vn 0.7826 0.4743 0.4032
vn 0.7021 0.6627 0.2604
vn 0.0000 0.9541 -0.2996
vn -0.0079 0.9125 -0.4090
vn 0.6525 0.3852 -0.6525
vn 0.6198 0.1569 -0.7689
vn 0.7416 0.5049 -0.4418
vn 0.9057 0.2836 -0.3150
vn 0.8263 0.5430 -0.1495
vn 0.7255 0.6861 0.0552
vn -0.9207 -0.3823 0.0780
vn -0.0779 -0.9653 0.2491
vn -0.4648 -0.1812 0.8667
vn 0.3945 -0.3629 0.8442
vn -0.8347 -0.5304 0.1482
vn 0.2649 -0.6857 -0.6779
vn -0.9271 -0.3740 -0.0234
vn -0.0468 -0.6240 -0.7800
vn 0.9045 -0.4247 0.0393
vn 0.4810 0.1734 0.8594
vn -0.4696 0.1957 0.8609
vn 0.3900 -0.8267 -0.4056
vn 0.9682 0.2283 -0.1023
vn 0.9986 -0.0472 0.0236
vn 0.4498 0.6471 0.6156
vn 0.3878 0.8468 0.3641
vn 0.9136 0.3466 -0.2126
vn 0.6764 -0.6371 -0.3697
vn -0.5566 -0.8074 0.1960
vn -0.4790 0.4869 0.7304
vn -0.6205 0.3849 0.6833
vn -0.5566 -0.8074 0.1959
vn 0.7537 0.3219 -0.5731
vn 0.9093 0.4033 0.1028
vn 0.7637 0.5590 -0.3228
vn 0.7637 0.6220 -0.1732
vn 0.6305 0.6542 0.4177
vn 0.6226 0.4413 0.6462
vn 0.6222 0.7167 0.3150
vn 0.5311 0.8323 0.1585
vn -0.0079 0.9899 0.1414
vn 0.6717 0.6164 0.4109
vn -0.0079 0.7604 0.6494
vn 0.6142 0.7717 0.1653
vn 0.9202 0.3618 -0.1494
vn 0.7334 0.5362 -0.4179
vn 0.6285 0.7778 -0.0079
vn -0.0079 0.7302 -0.6831
vn 0.6816 0.1645 -0.7130
vn 0.7070 0.4635 -0.5342
vn -0.0078 0.9998 -0.0157
vn -0.4773 -0.2113 -0.8529
vn -0.2959 -0.1012 -0.9499
vn -0.0313 -0.3994 -0.9162
vn -0.7414 0.1014 -0.6633
vn -0.5010 0.0861 -0.8611
vn -0.2583 0.0783 -0.9629
vn 0.0933 -0.2488 -0.9641
vn 0.2505 -0.4854 -0.8376
vn 0.2572 -0.5922 -0.7636
vn 0.0701 -0.5923 -0.8027
vn -0.0000 -0.7339 -0.6792
vn -0.0235 -0.1018 -0.9945
vn -0.2876 -0.5907 -0.7539
vn -0.0936 -0.4914 -0.8659
vn 0.0622 -0.4118 -0.9091
vn -0.0000 -0.2881 -0.9576
vn 0.0000 -0.4061 -0.9138
vn -0.5368 -0.3267 -0.7779
vn 0.0157 -0.1018 -0.9947
vn 0.5312 -0.3281 -0.7812
vn -0.1327 -0.2733 -0.9527
vn 0.2510 0.0784 -0.9648
vn 0.6280 0.1178 -0.7693
vn 0.8538 0.3681 -0.3682
vn 0.8429 0.1654 -0.5120
vn 0.7755 0.1253 -0.6188
vn 0.5109 0.0707 -0.8567
vn 0.2104 -0.1481 -0.9663
vn -0.2100 -0.4589 -0.8633
vn -0.1165 -0.5437 -0.8311
vn 0.2108 -0.3044 -0.9289
vn 0.4858 -0.0862 -0.8698
vn 0.6826 -0.0392 -0.7297
vn 0.8373 0.0861 -0.5399
vn 0.9125 0.1573 -0.3776
vn 0.8010 0.0471 -0.5968
vn 0.9650 0.1648 -0.2040
vn 0.5228 -0.1717 -0.8350
vn 0.7288 -0.0627 -0.6818
vn 0.6423 -0.1488 -0.7519
vn 0.3765 -0.3373 -0.8628
vn -0.3591 -0.6401 -0.6792
vn -0.2033 -0.6644 -0.7192
vn 0.4694 -0.4381 -0.7667
vn 0.7762 -0.1176 -0.6194
vn 0.9390 0.0552 -0.3393
vn -0.2109 -0.6873 -0.6951
vn 0.4794 0.2986 0.8252
vn 0.6941 0.4102 0.5916
vn 0.7825 0.3004 0.5454
vn 0.9602 0.2597 0.1023
vn 0.9777 0.1735 0.1183
vn 0.9490 0.0314 -0.3137
vn 0.7697 -0.2042 -0.6048
vn 0.4831 -0.4285 -0.7635
vn 0.9539 0.2602 0.1498
vn 0.9541 0.0000 -0.2996
vn 0.7365 -0.2115 -0.6425
vn 0.2577 -0.5233 -0.8123
vn 0.7841 -0.2744 -0.5567
vn 0.2732 -0.5621 -0.7807
vn -0.5518 -0.6451 -0.5285
vn -0.5158 -0.6097 -0.6018
vn -0.5216 -0.6072 -0.5994
vn -0.0156 0.0234 -0.9996
vn -0.1490 0.4391 -0.8860
vn -0.8504 0.1404 -0.5071
vn -0.7771 -0.2176 -0.5906
vn 0.1714 -0.5375 -0.8257
vn -0.6928 -0.5060 -0.5138
vn 0.2272 -0.5564 -0.7993
vn 0.7937 -0.2907 -0.5344
vn 0.9614 -0.1103 -0.2522
vn 0.8769 -0.2427 -0.4149
vn 0.9758 -0.1102 -0.1889
vn 0.9751 -0.1021 -0.1966
vn 0.9864 0.1342 0.0947
vn 0.9922 0.0709 0.1024
vn 0.9952 -0.0237 0.0948
vn 0.9927 -0.1182 0.0237
vn 0.9930 -0.0709 -0.0946
vn 0.8136 -0.1095 -0.5711
vn 0.6920 0.3932 0.6055
vn 0.6866 0.3315 0.6471
vn 0.6948 0.2369 0.6790
vn 0.7950 0.0236 0.6061
vn 0.8843 -0.1500 0.4422
vn 0.8906 -0.2128 0.4020
vn 0.9268 -0.2985 0.2278
vn 0.0395 0.2293 0.9726
vn 0.1657 0.3866 0.9073
vn 0.4017 0.4096 0.8191
vn 0.0790 0.3318 0.9400
vn 0.2768 0.2293 0.9332
vn 0.4185 -0.0079 0.9082
vn 0.5289 -0.2684 0.8052
vn -0.4422 0.2527 0.8606
vn -0.6416 -0.0156 0.7669
vn -0.0078 -0.4314 0.9021
vn -0.1333 -0.0784 0.9880
vn -0.1651 0.2281 0.9595
vn -0.4958 0.2675 0.8262
vn -0.8593 0.0625 0.5077
vn -0.8767 -0.1800 0.4462
vn -0.9534 -0.2422 0.1797
vn -0.8601 -0.4926 -0.1329
vn -0.7487 -0.6005 -0.2808
vn -0.8046 -0.4843 -0.3437
vn -0.9217 -0.3671 -0.1250
vn -0.9761 -0.1718 0.1327
vn -0.9065 0.0156 0.4220
vn -0.8139 0.0470 0.5791
vn -0.7762 -0.1176 0.6194
vn -0.7093 -0.6158 -0.3430
vn -0.8979 -0.3982 -0.1874
vn -0.9747 -0.2028 0.0936
vn -0.9753 -0.1873 0.1171
vn -0.9111 -0.3816 -0.1557
vn -0.9674 -0.2106 0.1404
vn -0.9446 -0.2966 -0.1405
vn -0.5215 -0.6072 -0.5994
vn -0.5159 -0.6097 -0.6018
vn -0.8447 -0.4771 0.2425
vn -0.5564 -0.7523 0.3527
vn -0.6389 -0.7636 0.0935
vn -0.7848 -0.6138 -0.0855
vn -0.4992 -0.7956 -0.3432
vn -0.6156 -0.6936 -0.3741
vn -0.2032 -0.6644 -0.7192
vn -0.0078 -0.9719 0.2351
vn -0.0078 -0.9066 0.4220
vn -0.0078 -0.9597 0.2809
vn -0.0078 -0.9741 -0.2260
vn -0.0000 -0.7339 -0.6793
vn -0.4391 -0.4783 0.7606
vn 0.2278 -0.6440 0.7304
vn -0.1800 -0.8845 0.4305
vn -0.4752 -0.8258 0.3038
vn -0.0626 -0.9701 0.2347
vn -0.1249 -0.9917 -0.0312
vn -0.0078 -0.9985 0.0546
vn 0.0000 -0.9963 -0.0856
vn 0.0079 -0.8643 0.5029
vn -0.0078 -0.8697 0.4936
vn -0.7271 -0.4144 0.5473
vn 0.1894 -0.0789 0.9787
vn 0.4889 0.1892 0.8516
vn 0.7746 0.1976 0.6007
vn 0.9487 0.2530 0.1898
vn 0.8051 0.2526 0.5367
vn 0.6572 0.1188 0.7443
vn 0.8320 0.0079 0.5547
vn 0.8049 0.4813 0.3472
vn 0.9682 0.2204 0.1181
vn 0.7945 0.5821 -0.1730
vn 0.7192 0.6559 0.2292
vn 0.7266 0.6871 -0.0079
vn -0.8512 0.4217 0.3124
vn -0.7919 0.1646 0.5881
vn -0.3861 0.1733 0.9060
vn -0.4544 0.5013 -0.7364
vn -0.2260 0.4908 -0.8414
vn -0.3379 0.8722 -0.3536
vn -0.4841 0.4763 -0.7340
vn -0.0869 0.9954 -0.0395
vn -0.7142 0.6671 -0.2119
vn -0.9520 0.2887 0.1015
vn -0.8485 -0.0550 0.5264
vn -0.4628 -0.2039 0.8627
vn -0.5655 -0.2514 0.7855
vn -0.2361 -0.2597 0.9364
vn -0.9747 -0.1092 0.1950
vn -0.9468 0.1017 -0.3052
vn -0.5848 0.2495 -0.7719
vn -0.9894 0.0390 -0.1402
vn -0.6864 -0.4212 0.5928
vn -0.6008 -0.3355 0.7256
vn -0.5419 -0.3377 0.7696
vn -0.4689 -0.5237 0.7113
vn -0.8441 -0.4299 0.3205
vn -0.4923 -0.5626 0.6642
vn -0.9199 -0.3742 0.1169
vn -0.9480 0.0549 -0.3134
vn -0.4377 0.3673 -0.8207
vn -0.9348 -0.2042 0.2907
vn -0.9625 -0.1956 -0.1878
vn -0.8957 0.0234 -0.4440
vn -0.3765 0.4392 -0.8157
vn 0.0078 0.1796 -0.9837
vn -0.2187 0.2422 -0.9453
vn -0.2436 0.6286 -0.7386
vn -0.4455 0.8129 -0.3752
vn -0.9753 -0.0312 -0.2185
vn -0.6173 0.2110 -0.7579
vn -0.1565 0.5479 -0.8218
vn 0.2032 0.2814 -0.9378
vn -0.2112 0.0000 -0.9775
vn 0.3280 0.5077 -0.7966
vn 0.2271 0.5091 -0.8302
vn 0.7935 0.2435 -0.5578
vn 0.7700 0.3928 -0.5028
vn 0.8221 0.5138 -0.2451
vn -0.1495 0.9519 -0.2675
vn -0.2790 -0.6432 -0.7130
vn -0.3272 -0.9194 -0.2181
vn 0.5152 -0.5230 -0.6791
vn -0.8780 0.2508 -0.4077
vn -0.9502 0.0079 -0.3115
vn -0.9962 -0.0778 0.0389
vn -0.7807 -0.2186 -0.5855
vn -0.9397 0.0940 -0.3289
vn 0.8576 -0.0551 -0.5114
vn 0.0548 -0.4465 -0.8931
vn 0.0622 -0.4587 -0.8864
vn -0.6321 -0.3590 -0.6867
vn -0.9948 -0.1018 0.0078
vn -0.4461 0.0704 0.8922
vn -0.4862 0.3137 0.8156
vn 0.3485 0.3248 0.8792
vn 0.2689 0.3164 0.9097
vn 0.7805 0.1498 0.6070
vn 0.3861 0.0315 0.9219
vn -0.7000 0.1416 0.7000
vn 0.2368 0.2763 0.9314
vn -0.9856 -0.1408 -0.0939
vn -0.6417 -0.3678 -0.6730
vn 0.0391 -0.4374 -0.8984
vn -0.8102 0.1180 0.5742
vn -0.9784 -0.1252 -0.1644
vn -0.9984 -0.0312 -0.0468
vn -0.6543 -0.3194 -0.6855
vn 0.0546 -0.4214 -0.9052
vn 0.7631 -0.3383 -0.5507
vn 0.7443 -0.2507 -0.6190
vn -0.9903 0.0858 -0.1092
vn -0.8328 0.3143 0.4557
vn 0.7791 -0.2991 -0.5509
vn 0.0937 -0.4296 -0.8982
vn -0.6383 -0.3191 -0.7005
vn -0.6714 -0.2576 -0.6948
vn -0.9521 0.1873 -0.2419
vn -0.7390 0.5582 0.3773
vn -0.0475 0.5541 0.8311
vn -0.5205 -0.2253 -0.8236
vn 0.1642 -0.4223 -0.8915
vn 0.7955 -0.2835 -0.5356
vn 0.1485 -0.4454 -0.8829
vn 0.8215 -0.2581 -0.5085
vn 0.7342 -0.2656 -0.6248
vn 0.7744 0.5927 -0.2213
vn 0.9807 0.1661 0.1028
vn 0.9279 0.1730 -0.3303
vn 0.7661 0.6318 -0.1185
vn 0.1261 0.6855 0.7171
vn 0.8627 0.3245 0.3878
vn 0.5361 0.6938 -0.4809
vn 0.2213 0.9720 0.0790
vn 0.6141 0.0551 0.7873
vn -0.5502 0.7703 0.3223
vn -0.6327 0.7655 -0.1172
vn -0.0236 0.9123 -0.4089
vn -0.1653 0.9446 -0.2834
vn -0.4335 0.5753 0.6936
vn -0.2828 0.4477 0.8483
vn -0.8225 0.2193 -0.5248
vn -0.8693 0.4934 0.0313
vn -0.6596 0.7382 0.1413
vn -0.0712 0.7438 0.6646
vn -0.0236 0.9694 0.2443
vn 0.8221 0.5138 -0.2450
vn 0.7489 0.5597 0.3547
vn 0.9213 0.0472 -0.3859
vn 0.8863 0.2039 -0.4157
vn 0.0545 -0.3111 -0.9488
vn 0.0709 0.7323 -0.6772
vn -0.8086 -0.0778 -0.5832
vn 0.1020 -0.5336 0.8396
vn 0.3307 -0.3149 0.8897
vn -0.1653 -0.6611 0.7319
vn -0.3928 -0.5028 0.7700
vn -0.3985 -0.3203 0.8594
vn 0.1415 -0.1729 0.9747
vn -0.4471 0.0157 0.8943
vn -0.5619 -0.3668 0.7414
vn -0.2262 -0.8269 0.5148
vn 0.4791 -0.7304 0.4869
vn 0.8817 -0.2204 0.4172
vn 0.8313 -0.0863 0.5490
vn 0.2422 -0.9687 0.0547
vn 0.9128 -0.3699 -0.1731
vn 0.9947 0.0000 -0.1026
vn 0.9736 0.2042 -0.1021
vn 0.9885 0.1502 0.0158
vn 0.9936 -0.0236 0.1104
vn 0.7592 0.0554 0.6485
vn 0.7254 0.1183 0.6781
vn 0.9854 -0.0946 0.1419
vn 0.9947 -0.0000 0.1026
vn 0.8020 0.2123 0.5583
vn 0.9946 0.0158 0.1026
vn 0.7179 0.2366 0.6547
vn 0.8214 -0.2582 -0.5085
vn 0.9938 0.1104 -0.0158
vn 0.9799 0.1106 0.1659
vn 0.7955 -0.2835 -0.5355
vn 0.7792 -0.2991 -0.5509
vn 0.6326 0.3558 0.6879
vn 0.6955 0.4584 0.5533
vn -0.1493 0.4009 0.9039
vn -0.7353 0.2190 0.6414
vn 0.0079 0.3303 0.9438
vn 0.6943 0.6943 0.1893
vn -0.0237 0.9694 0.2443
vn -0.6597 0.7382 0.1414
vn 0.4087 0.0393 0.9118
vn 0.9807 0.1663 0.1029
vn -0.5513 -0.2756 0.7875
vn 0.6924 0.6845 -0.2282
vn 0.8669 0.4098 0.2837
vn 0.9463 0.3154 0.0710
vn 0.5618 0.2137 0.7992
vn 0.8267 0.1732 0.5354
vn 0.8623 0.0079 0.5063
vn 0.9421 0.1178 -0.3140
vn 0.4400 0.4872 -0.7544
vn 0.0157 0.9988 -0.0472
vn 0.0394 0.9217 -0.3860
vn -0.7944 0.6056 -0.0472
vn -0.5117 0.7637 -0.3936
vn 0.3462 0.8969 -0.2753
vn -0.4414 0.3468 0.8276
vn -0.9903 0.1092 0.0858
vn -0.4806 0.1339 0.8667
vn 0.0314 -0.0550 0.9980
vn 0.4959 -0.1338 0.8580
vn 0.9622 -0.1025 0.2524
vn 0.6370 0.2438 -0.7313
vn 0.2979 0.5331 -0.7919
vn 0.4651 0.0631 0.8830
vn 0.4783 0.5332 -0.6978
vn 0.4534 0.3283 -0.8286
vn 0.9905 0.0315 -0.1336
vn 0.3945 0.8601 -0.3235
vn 0.1499 0.6627 -0.7337
vn 0.1328 0.2109 -0.9685
vn -0.0078 0.2036 -0.9790
vn 0.3446 0.4073 -0.8458
vn -0.1797 0.2109 -0.9608
vn 0.0313 0.4312 -0.9017
vn 0.5661 0.4482 -0.6919
vn 0.2182 0.0546 -0.9744
vn -0.5016 -0.0705 -0.8622
vn -0.3457 0.4322 -0.8329
vn 0.2892 -0.7505 -0.5942
vn -0.5215 -0.5916 -0.6149
vn -0.8083 0.2119 -0.5493
vn -0.2889 0.5310 -0.7966
vn 0.3688 0.3452 -0.8630
vn 0.1098 0.9728 -0.2040
vn 0.8704 0.2980 -0.3920
vn 0.9480 0.0395 -0.3160
vn 0.9494 0.0079 -0.3139
vn 0.9961 -0.0784 0.0392
vn 0.7776 -0.2199 -0.5891
vn 0.9388 0.0947 -0.3313
vn -0.7839 0.3763 -0.4939
vn -0.8259 0.5191 -0.2202
vn 0.5363 -0.3391 0.7729
vn 0.4398 0.0707 0.8953
vn 0.9338 -0.2057 0.2928
vn 0.9127 -0.1102 -0.3934
vn 0.8418 -0.4327 0.3226
vn 0.4628 -0.5256 0.7138
vn 0.7284 0.1253 -0.6736
vn 0.4863 -0.5648 0.6667
vn 0.0867 -0.5435 0.8349
vn -0.2276 -0.3845 0.8946
vn -0.3928 0.0314 0.9191
vn -0.7625 0.0550 0.6446
vn -0.7291 0.1176 0.6742
vn -0.8371 -0.1565 0.5242
vn -0.7494 -0.4059 0.5230
vn -0.2964 -0.7488 0.5928
vn 0.2192 -0.6497 0.7279
vn -0.2259 -0.9661 0.1247
vn -0.9091 -0.4040 -0.1010
vn -0.9973 -0.0390 -0.0623
vn -0.9859 0.1330 -0.1017
vn -0.9887 0.1491 0.0157
vn -0.9937 -0.0235 0.1096
vn -0.9856 -0.0939 0.1408
vn 0.2357 -0.8170 0.5263
vn 0.3759 -0.7987 0.4699
vn -0.5215 -0.5915 -0.6149
vn -0.8258 0.5191 -0.2202
vn -0.8596 -0.0547 -0.5080
vn -0.7478 -0.2493 -0.6154
vn -0.7664 -0.3362 -0.5474
vn -0.7822 -0.2972 -0.5475
vn -0.9948 -0.0000 0.1018
vn -0.7983 -0.2818 -0.5322
vn -0.9947 0.0157 0.1018
vn -0.3555 0.3238 0.8768
vn -0.7835 0.1489 0.6033
vn -0.8048 0.2110 0.5548
vn -0.2763 0.3157 0.9077
vn -0.2442 0.2758 0.9297
vn -0.7216 0.2353 0.6511
vn -0.9802 0.1098 0.1647
vn -0.6373 0.3540 0.6845
vn -0.0157 0.3303 0.9437
vn 0.1417 0.4013 0.9049
vn 0.7317 0.2203 0.6451
vn -0.8240 -0.2565 -0.5052
vn -0.9939 0.1095 -0.0156
vn -0.6996 0.4559 0.5502
vn 0.0396 0.5543 0.8314
vn 0.8304 0.3163 0.4587
vn 0.9984 -0.0315 -0.0472
vn 0.9902 0.0864 -0.1100
vn -0.7378 -0.2641 -0.6213
vn 0.7354 0.5614 0.3795
vn 0.9513 0.1887 -0.2437
vn 0.6671 -0.2590 -0.6985
vn 0.6336 -0.3207 -0.7040
vn 0.9781 -0.1262 -0.1656
vn 0.6498 -0.3210 -0.6890
vn -0.1015 -0.4292 -0.8975
vn -0.0624 -0.4212 -0.9048
vn -0.7663 -0.3363 -0.5474
vn 0.5148 -0.2262 -0.8269
vn -0.1718 -0.4217 -0.8903
vn -0.7378 -0.2640 -0.6213
vn -0.8240 -0.2565 -0.5053
vn -0.1561 -0.4449 -0.8819
vn -0.0622 -0.3109 -0.9484
vn -0.0787 0.7319 -0.6768
vn 0.8199 0.2208 -0.5282
vn 0.0633 0.7441 0.6650
vn 0.0158 0.9696 0.2444
vn -0.6984 0.6905 0.1883
vn 0.6551 0.7420 0.1421
vn 0.8199 0.2207 -0.5282
vn -0.8880 0.2025 -0.4129
vn -0.9225 0.0469 -0.3831
vn -0.0700 -0.4585 -0.8859
vn -0.7523 0.5564 0.3527
vn 0.0633 0.7442 0.6650
vn 0.6552 0.7420 0.1421
vn 0.0158 0.9695 0.2444
vn 0.8673 0.4968 0.0316
vn 0.8059 -0.0783 -0.5868
vn 0.3157 0.9313 -0.1815
vn 0.0630 0.9768 0.2048
vn 0.6611 0.6847 0.3069
vn 0.7402 0.6694 -0.0630
vn -0.6575 0.7515 -0.0548
vn -0.9233 0.2113 -0.3208
vn -0.8458 0.3446 0.4073
vn -0.1424 0.7038 0.6959
vn 0.4024 0.6232 0.6706
vn 0.3240 0.4821 0.8140
vn 0.3955 -0.1740 0.9018
vn 0.4664 -0.3637 0.8064
vn 0.5270 -0.4326 0.7315
vn 0.3699 -0.5823 0.7240
vn -0.8458 0.3446 0.4072
vn 0.9507 0.0471 -0.3064
vn 0.7021 -0.4496 0.5522
vn 0.6848 -0.3227 0.6533
vn 0.6068 -0.2443 0.7564
vn 0.9854 -0.1419 -0.0946
vn 0.6959 0.1424 0.7038
vn 0.8074 0.1187 0.5779
vn 0.4802 0.3149 0.8187
vn 0.9947 -0.1026 0.0079
vn 0.6371 -0.3697 -0.6764
vn 0.6274 -0.3607 -0.6901
vn -0.0469 -0.4373 -0.8981
vn -0.0626 -0.4463 -0.8927
vn -0.0699 -0.4585 -0.8859
vn -0.6952 0.6796 0.2343
vn -0.8003 0.4080 -0.4394
vn -0.6112 0.7758 0.1567
vn -0.1653 0.8658 0.4723
vn -0.3075 0.9460 -0.1025
vn -0.5641 0.5720 -0.5955
vn -0.2131 0.9708 0.1105
vn 0.2682 0.8754 0.4022
vn 0.0949 0.9723 0.2134
vn 0.6331 0.7440 0.2137
vn 0.9242 -0.3446 -0.1645
vn 0.5715 -0.6498 -0.5011
vn 0.7938 -0.2751 -0.5424
vn 0.9294 0.3623 0.0709
vn 0.9641 -0.1027 0.2450
vn 0.4406 0.6766 0.5900
vn -0.1968 0.7240 0.6611
vn 0.9861 0.1420 -0.0868
vn 0.7543 -0.2357 -0.6128
vn -0.8848 0.1958 -0.4228
vn -0.9520 0.1873 -0.2419
vn -0.5206 -0.2253 -0.8235
vn -0.4292 -0.2809 -0.8584
vn 0.2269 -0.3912 -0.8919
vn 0.1719 -0.5080 -0.8440
vn 0.7939 -0.2751 -0.5423
vn 0.1016 -0.7034 -0.7034
vn 0.0935 -0.9659 -0.2415
vn 0.7342 -0.2655 -0.6249
vn -0.4824 -0.2723 -0.8325
vn -0.2346 -0.6177 -0.7506
vn -0.6076 -0.2882 -0.7401
vn -0.7303 -0.2253 -0.6449
vn -0.2419 -0.8272 -0.5072
vn -0.4301 -0.8603 -0.2737
vn -0.3269 -0.8950 -0.3035
vn -0.7514 -0.2505 -0.6105
vn -0.3827 -0.8749 -0.2968
vn -0.9416 -0.2568 -0.2179
vn -0.4621 -0.8459 0.2663
vn -0.1721 -0.9622 0.2112
vn 0.4225 -0.8138 0.3991
vn 0.3522 -0.9312 0.0939
vn 0.2353 -0.6510 0.7216
vn 0.8453 -0.2133 0.4898
vn 0.8619 -0.0316 0.5061
vn -0.2661 -0.7122 0.6496
vn -0.4918 -0.8665 -0.0859
vn 0.3923 -0.8081 0.4394
vn 0.2591 -0.9577 0.1256
vn -0.5366 -0.7933 -0.2877
vn 0.7972 -0.2763 0.5368
vn 0.1414 -0.5813 0.8013
vn -0.5711 -0.7589 0.3129
vn -0.9618 -0.1407 -0.2346
vn -0.9074 -0.2034 -0.3677
vn -0.5477 -0.3990 0.7354
vn 0.8050 0.0394 0.5920
vn -0.5909 -0.7931 -0.1477
vn 0.4084 -0.9111 0.0550
vn -0.6146 -0.7313 -0.2957
vn -0.5701 -0.7498 0.3358
vn -0.9849 -0.0547 -0.1642
vn -0.9421 -0.1246 -0.3114
vn -0.0940 -0.9397 0.3289
vn 0.7148 -0.6755 0.1807
vn 0.5255 -0.8314 0.1804
vn 0.4697 -0.8689 -0.1566
vn 0.1095 -0.9461 0.3049
vn 0.6650 -0.6884 0.2895
vn -0.3430 -0.9276 0.1481
vn 0.0393 -0.3065 0.9511
vn 0.9482 0.0316 0.3161
vn 0.9176 -0.1020 0.3843
vn 0.3147 -0.5192 0.7946
vn 0.4217 -0.9059 0.0391
vn -0.5910 -0.7698 -0.2411
vn -0.9986 -0.0234 0.0468
vn -0.9931 -0.0078 -0.1173
vn -0.5251 -0.6505 0.5487
vn 0.4970 -0.5601 0.6627
vn 0.9560 -0.1343 0.2607
vn 0.9749 0.1179 0.1887
vn 0.6332 0.7439 0.2137
vn 0.5140 0.8541 -0.0791
vn -0.4783 0.8782 -0.0078
vn -0.5237 0.8519 0.0078
vn -0.6604 0.3852 0.6446
vn -0.5252 -0.6505 0.5487
vn 0.2595 0.1651 0.9515
vn 0.0393 -0.3066 0.9510
vn 0.5580 0.7544 0.3458
vn 0.4498 0.8761 0.1736
vn -0.6418 0.6966 -0.3209
vn -0.6284 0.7306 0.2671
vn -0.6280 0.1177 0.7693
vn -0.5701 -0.7498 0.3359
vn 0.3001 0.1105 0.9475
vn 0.4555 0.5890 0.6675
vn 0.8050 0.0394 0.5919
vn 0.3149 0.9212 0.2283
vn -0.6208 0.6915 -0.3693
vn -0.6656 0.6578 0.3524
vn -0.9618 -0.1408 -0.2346
vn -0.7060 -0.0549 0.7060
vn -0.5711 -0.7589 0.3130
vn 0.0472 0.1181 0.9919
vn 0.4970 0.5206 0.6942
vn -0.5642 0.5720 -0.5955
vn -0.7303 -0.2253 -0.6448
vn -0.7514 -0.2504 -0.6105
vn -0.5808 0.6749 -0.4552
vn 0.2756 0.9055 0.3228
vn -0.7453 0.5334 0.4001
vn -0.6820 -0.2195 0.6977
vn 0.0785 0.0235 0.9966
vn 0.4570 0.5043 0.7327
vn 0.3199 -0.8973 -0.3043
vn 0.3761 -0.8775 -0.2977
vn -0.3590 -0.9286 0.0936
vn -0.4289 -0.8111 0.3977
vn 0.4559 -0.8489 0.2673
vn -0.2427 -0.6498 0.7203
vn -0.8476 -0.2119 0.4866
vn -0.8639 -0.0314 0.5026
vn 0.2588 -0.7137 0.6509
vn 0.4858 -0.8698 -0.0862
vn 0.1645 -0.9634 0.2115
vn 0.4237 -0.8631 -0.2746
vn 0.7267 -0.2266 -0.6485
vn 0.7479 -0.2519 -0.6141
vn 0.9407 -0.2587 -0.2195
vn 0.5310 -0.7966 -0.2889
vn -0.2664 -0.9557 0.1253
vn -0.3989 -0.8056 0.4380
vn 0.0862 -0.9403 0.3291
vn 0.5422 -0.4007 0.7386
vn -0.8078 0.0392 0.5882
vn -0.8001 -0.2745 0.5334
vn -0.1491 -0.5807 0.8004
vn 0.5658 -0.7623 0.3144
vn 0.9613 -0.1418 -0.2364
vn 0.9060 -0.2048 -0.3703
vn 0.5858 -0.7967 -0.1484
vn 0.6097 -0.7348 -0.2971
vn -0.4149 -0.9082 0.0548
vn 0.9412 -0.1255 -0.3137
vn 0.9847 -0.0551 -0.1654
vn 0.5648 -0.7531 0.3373
vn -0.3217 -0.5179 0.7926
vn -0.9188 -0.1012 0.3815
vn -0.6693 -0.6849 0.2880
vn -0.0471 -0.3064 0.9507
vn -0.9490 0.0314 0.3137
vn -0.4281 -0.9029 0.0389
vn 0.5859 -0.7734 -0.2422
vn 0.5194 -0.6532 0.5509
vn 0.9930 -0.0079 -0.1182
vn 0.9986 -0.0236 0.0472
vn 0.3361 -0.9301 0.1485
vn -0.1172 -0.9452 0.3047
vn -0.1012 -0.9652 -0.2413
vn 0.2345 -0.8287 -0.5082
vn -0.7186 -0.6718 0.1797
vn -0.5312 -0.8280 0.1797
vn -0.4757 -0.8657 -0.1560
vn -0.5768 -0.6469 -0.4988
vn -0.9253 -0.3421 -0.1633
vn -0.9646 -0.1019 0.2431
vn -0.9753 0.1170 0.1872
vn -0.9567 -0.1333 0.2588
vn -0.5029 -0.5580 0.6601
vn 0.8831 0.1971 -0.4258
vn 0.4228 -0.2819 -0.8613
vn -0.2343 -0.3905 -0.8903
vn -0.1795 -0.5073 -0.8429
vn -0.7967 -0.2734 -0.5390
vn -0.1093 -0.7029 -0.7029
vn 0.2272 -0.6188 -0.7520
vn -0.7576 -0.2343 -0.6092
vn 0.0396 0.5542 0.8314
vn -0.4469 0.6742 0.5880
vn 0.1892 0.7251 0.6621
vn 0.6911 0.6833 0.2356
vn 0.7975 0.4106 -0.4422
vn 0.4764 -0.2733 -0.8357
vn 0.6027 -0.2896 -0.7436
vn 0.5588 0.5745 -0.5981
vn 0.3003 0.9483 -0.1027
vn 0.6063 0.7795 0.1575
vn 0.2055 0.9724 0.1107
vn 0.1576 0.8669 0.4729
vn -0.2754 0.8735 0.4013
vn -0.9304 0.3597 0.0704
vn -0.9863 0.1409 -0.0861
vn -0.9939 0.1096 -0.0157
vn -0.9253 -0.3422 -0.1633
vn -0.6379 0.7402 0.2126
vn -0.1027 0.9716 0.2133
vn -0.3217 -0.5180 0.7926
vn -0.3072 0.1103 0.9452
vn -0.4617 0.5869 0.6651
vn 0.6232 0.1183 0.7731
vn 0.9847 -0.0552 -0.1654
vn 0.6236 0.7342 0.2684
vn 0.6371 0.7001 -0.3225
vn -0.4561 0.8729 0.1730
vn -0.1027 0.9716 0.2132
vn 0.2056 0.9724 0.1107
vn 0.5421 -0.4008 0.7386
vn -0.7640 -0.6315 0.1325
vn 0.0000 -0.9981 0.0624
vn -0.8183 -0.5533 0.1559
vn -0.8745 -0.4841 -0.0312
vn -0.7823 -0.6180 0.0782
vn 0.0000 -0.9683 0.2499
vn -0.8630 -0.4550 0.2197
vn -0.8332 -0.5529 -0.0000
vn -0.8819 0.4293 -0.1951
vn -0.9019 0.4314 -0.0235
vn -0.8778 0.4624 0.1254
vn -0.8832 0.4298 -0.1876
vn -0.7952 -0.6003 0.0857
vn -0.8973 0.4369 -0.0624
vn -0.8796 -0.4437 0.1713
vn -0.8808 0.4719 0.0393
vn -0.8568 0.4673 -0.2181
vn -0.0079 0.9438 -0.3304
vn -0.0079 0.9975 -0.0707
vn -0.0079 0.9985 -0.0550
vn 0.0000 0.9495 -0.3139
vn -0.0078 0.9989 0.0472
vn -0.8402 0.5340 0.0942
vn 0.0000 0.9980 -0.0629
vn -0.0000 0.9989 -0.0472
vn -0.8441 0.5315 -0.0703
vn -0.0079 0.9195 -0.3930
vn -0.8227 0.4936 -0.2821
vn -0.0078 0.9985 -0.0550
vn -0.8596 0.5080 0.0547
vn -0.0079 0.9997 -0.0236
vn -0.8769 0.4776 -0.0548
vn -0.8426 -0.5383 -0.0156
vn -0.8059 -0.5868 0.0782
vn -0.8952 -0.3970 0.2024
vn -0.8507 -0.5229 -0.0546
vn -0.8242 -0.5598 0.0855
vn -0.0078 -0.9995 -0.0312
vn -0.0078 -0.8990 0.4378
vn -0.8505 -0.4447 0.2809
vn -0.0078 -0.9911 0.1327
vn -0.8517 -0.5235 -0.0234
vn -0.0078 -0.9948 0.1018
vn -0.7591 0.5869 -0.2817
vn -0.8562 -0.5137 0.0545
vn -0.0078 -0.9837 0.1796
vn -0.0078 -0.9992 -0.0390
vn -0.7177 -0.6787 -0.1560
vn -0.7943 -0.6074 -0.0079
vn -0.9358 -0.3197 0.1482
vn -0.8864 0.4628 -0.0078
vn -0.0079 0.9861 -0.1657
vn -0.9021 0.3844 -0.1961
vn -0.9225 0.3831 -0.0469
vn -0.6663 0.7447 0.0392
vn -0.0079 0.9999 -0.0079
vn -0.0078 0.9962 -0.0863
vn -0.0079 0.9910 -0.1337
vn 0.0000 -0.9274 -0.3741
vn -0.0472 -0.3064 0.9507
vn 0.4722 0.8815 -0.0079
vn -0.6378 0.7402 0.2126
vn -0.9753 0.1171 0.1873
vn -0.5633 0.7511 0.3442
vn -0.2668 0.1648 0.9495
vn 0.6559 0.3872 0.6480
vn 0.5179 0.8554 0.0079
vn -0.5198 0.8506 -0.0788
vn -0.9646 -0.1020 0.2431
vn 0.6612 0.6613 0.3542
vn 0.7021 -0.0552 0.7100
vn 0.5658 -0.7623 0.3143
vn -0.1491 -0.5806 0.8004
vn -0.0551 0.1180 0.9915
vn -0.8001 -0.2746 0.5334
vn -0.5029 0.5186 0.6915
vn -0.3220 0.9189 0.2278
vn 0.6159 0.6949 -0.3712
vn 0.2588 -0.7136 0.6509
vn 0.3003 0.9483 -0.1028
vn 0.7417 0.5366 0.4024
vn 0.6778 -0.2206 0.7014
vn -0.0863 0.0235 0.9960
vn -0.8476 -0.2119 0.4865
vn -0.4632 0.5024 0.7301
vn -0.2828 0.9035 0.3221
vn 0.5755 0.6780 -0.4573
vn 0.7479 -0.2520 -0.6141
vn -0.8297 0.2113 0.5166
vn -0.8817 0.3901 0.2653
vn -0.7539 -0.5812 0.3063
vn -0.8191 -0.5305 -0.2184
vn -0.8909 0.4063 -0.2032
vn -0.8405 -0.5292 -0.1167
vn -0.8679 0.4144 -0.2737
vn -0.9191 -0.3739 -0.1246
vn -0.7750 0.4227 -0.4697
vn -0.5768 -0.6080 0.5456
vn -0.0000 -0.9096 0.4156
vn -0.0078 -0.9758 -0.2186
vn 0.0000 -0.9970 -0.0779
vn -0.0000 -0.9790 0.2036
vn 0.0000 -0.2664 -0.9639
vn -0.0079 0.8815 -0.4722
vn -0.0079 0.9848 -0.1734
vn -0.0079 0.9955 0.0948
vn -0.0079 0.8763 0.4816
vn -0.8625 0.4940 0.1098
vn -0.8685 0.4851 0.1017
vn -0.8390 -0.5361 -0.0932
vn -0.9407 0.2822 -0.1881
vn -0.8441 -0.5080 0.1719
vn -0.9520 0.2887 0.1014
vn -0.8529 -0.5086 0.1174
vn -0.9081 0.3914 -0.1488
vn -0.8657 -0.4991 -0.0390
vn -0.8429 -0.4917 0.2185
vn 0.0000 -0.8609 0.5087
vn -0.0078 -0.9525 0.3045
vn -0.0078 -0.9997 0.0234
vn -0.0078 -0.9969 0.0779
vn -0.0078 -0.9999 -0.0078
vn -0.8320 -0.5521 0.0544
vn -0.0078 -0.9638 0.2664
vn -0.8197 -0.5465 0.1718
vn 0.0000 -0.9999 -0.0156
vn -0.9213 -0.3825 -0.0703
vn -0.7487 -0.6551 0.1014
vn -0.0000 -0.9890 0.1480
vn -0.0078 0.9975 -0.0707
vn -0.8064 0.5872 0.0705
vn 0.0000 0.9985 -0.0550
vn -0.9597 0.2809 0.0000
vn -0.8171 0.5500 -0.1729
vn -0.8391 0.5412 0.0549
vn -0.8991 0.4378 -0.0078
vn -0.0078 0.9975 0.0707
vn -0.0078 0.9805 -0.1961
vn -0.0078 0.9992 0.0394
vn -0.0079 0.9862 -0.1657
vn 0.0000 0.9920 0.1260
vn -0.0079 0.9997 0.0236
vn 0.0000 0.9939 0.1104
vn -0.8769 -0.4619 0.1331
vn -0.8808 0.4521 -0.1403
vn -0.8252 -0.5605 -0.0701
vn -0.9339 0.3532 -0.0549
vn -0.0078 -0.9995 0.0312
vn -0.8855 0.4623 0.0470
vn -0.0079 0.9494 -0.3139
vn 0.0000 1.0000 -0.0079
vn -0.0000 0.9697 -0.2444
vn -0.0000 -0.9806 0.1961
vn -0.0078 -0.9682 0.2499
vn -0.0000 -1.0000 0.0078
vn 0.0000 -0.9837 0.1796
vn 0.9051 0.0158 0.4250
vn 0.8112 0.0473 0.5828
vn 0.9749 -0.1887 0.1179
vn 0.9744 -0.2043 0.0943
vn 0.9098 -0.3843 -0.1568
vn 0.9758 -0.1731 0.1338
vn 0.8964 -0.4010 -0.1887
vn 0.5159 -0.6097 -0.6018
vn 0.6888 -0.5087 -0.5165
vn 0.9437 -0.2989 -0.1416
vn 0.9669 -0.2122 0.1415
vn 0.7800 -0.1182 0.6145
vn 0.5101 -0.6121 -0.6042
vn 0.9205 -0.3698 -0.1259
vn 0.8018 -0.4873 -0.3459
vn 0.5464 -0.6479 -0.5308
vn 0.4898 0.2686 0.8295
vn 0.1575 0.2284 0.9607
vn 0.8572 0.0629 0.5112
vn 0.9527 -0.2441 0.1811
vn 0.8580 -0.4959 -0.1338
vn 0.7452 -0.6040 -0.2824
vn 0.7054 -0.6192 -0.3449
vn 0.2034 -0.6884 -0.6962
vn 0.1957 -0.6655 -0.7203
vn 0.6108 -0.6969 -0.3759
vn 0.7818 -0.6176 -0.0860
vn 0.8425 -0.4803 0.2441
vn 0.8748 -0.1813 0.4492
vn 0.6370 -0.0157 0.7707
vn 0.4357 0.2535 0.8636
vn 0.6343 -0.7674 0.0940
vn 0.4933 -0.7987 -0.3445
vn 0.3523 -0.6419 -0.6811
vn 0.5510 -0.7556 0.3542
vn 0.7234 -0.4167 0.5504
vn 0.4327 -0.4799 0.7632
vn 0.4692 -0.8288 0.3049
vn -0.0078 -0.9719 0.2352
vn 0.0548 -0.9705 0.2348
vn 0.1725 -0.8857 0.4311
vn 0.1172 -0.9926 -0.0313
vn -0.0157 -0.8643 0.5028
vn -0.2352 -0.6428 0.7290
vn -0.7377 0.6435 -0.2041
vn -0.7302 0.6831 -0.0079
vn -0.7230 0.6522 0.2279
vn -0.8553 0.4394 0.2746
vn -0.8344 0.0079 0.5511
vn -0.7597 0.1018 0.6422
vn -0.2517 -0.0236 0.9675
vn -0.0474 0.2292 0.9722
vn -0.6570 0.2894 0.6961
vn -0.4710 0.2434 0.8479
vn -0.9186 0.2983 0.2591
vn -0.8470 0.1399 -0.5129
vn -0.7985 0.2114 0.5637
vn -0.4854 0.2975 0.8221
vn -0.9646 0.2274 0.1333
vn -0.9349 0.1169 -0.3350
vn -0.9781 0.1721 0.1174
vn -0.7855 0.2985 0.5420
vn -0.6981 0.4079 0.5884
vn -0.9609 0.2578 0.1015
vn -0.9546 0.2582 0.1487
vn -0.9548 0.0000 -0.2974
vn -0.9498 0.0311 -0.3114
vn -0.7729 -0.2030 -0.6012
vn -0.9551 0.0626 -0.2897
vn -0.7885 -0.0859 -0.6090
vn -0.8008 0.0155 -0.5987
vn -0.6468 -0.1480 -0.7481
vn -0.6715 -0.1015 -0.7340
vn -0.7737 0.0235 -0.6331
vn -0.5466 -0.0547 -0.8356
vn -0.8306 0.1332 -0.5407
vn -0.1789 -0.5367 -0.8246
vn -0.7966 -0.2889 -0.5310
vn -0.2347 -0.5553 -0.7978
vn 0.0078 0.0234 -0.9997
vn 0.8491 0.1337 -0.5110
vn 0.1099 0.4319 -0.8952
vn 0.7695 -0.2277 -0.5967
vn -0.7871 -0.2728 -0.5533
vn -0.9620 -0.1095 -0.2503
vn 0.5101 -0.6121 -0.6043
vn -0.6182 0.4539 -0.6417
vn 0.1567 0.6112 -0.7758
vn -0.7270 0.2658 -0.6332
vn -0.8162 -0.1088 -0.5674
vn -0.8787 -0.2411 -0.4121
vn -0.9762 -0.1094 -0.1874
vn -0.9866 0.1331 0.0940
vn -0.9931 -0.0704 -0.0938
vn -0.9755 -0.1015 -0.1952
vn -0.9910 0.0156 -0.1326
vn -0.9590 0.1481 -0.2417
vn -0.5768 0.5456 -0.6080
vn 0.2598 0.6297 -0.7321
vn 0.0627 0.7135 -0.6978
vn -0.8359 0.5000 -0.2266
vn -0.7211 0.4938 -0.4860
vn 0.1021 0.9895 0.1021
vn 0.8977 0.4016 -0.1811
vn 0.8368 0.3710 -0.4026
vn 0.8556 0.3375 -0.3925
vn 0.8933 0.2530 -0.3715
vn 0.1171 -0.7964 0.5934
vn -0.1563 -0.7892 0.5939
vn 0.5662 -0.6527 0.5033
vn -0.0940 -0.7674 0.6343
vn -0.6325 -0.6168 0.4685
vn -0.5877 -0.5642 0.5799
vn -0.9149 -0.3284 0.2346
vn -0.9392 -0.2505 0.2348
vn -0.9912 0.0624 -0.1170
vn -0.9858 0.0782 -0.1487
vn -0.7233 -0.0943 0.6840
vn -0.0235 -0.2351 0.9717
vn -0.9885 -0.0856 -0.1245
vn -0.8708 -0.1555 -0.4665
vn -0.9776 0.1095 -0.1799
vn -0.9565 -0.2509 0.1489
vn -0.7254 -0.5616 0.3978
vn -0.5610 -0.6778 0.4753
vn -0.9324 -0.3134 0.1802
vn -0.9287 -0.2809 0.2419
vn -0.6157 -0.5611 0.5533
vn -0.0468 -0.7102 0.7024
vn -0.5473 -0.4144 0.7271
vn 0.0392 -0.5561 0.8302
vn -0.5255 -0.2667 0.8079
vn -0.8908 -0.2032 0.4064
vn -0.8819 -0.1561 0.4449
vn -0.9928 -0.1173 0.0235
vn -0.9953 -0.0235 0.0940
vn -0.9923 0.0703 0.1016
vn -0.6989 0.2356 0.6753
vn -0.6907 0.3297 0.6436
vn -0.0868 0.3316 0.9394
vn -0.1733 0.3860 0.9060
vn -0.4083 0.4082 0.8165
vn -0.6960 0.3910 0.6022
vn 0.5318 -0.6256 0.5709
vn 0.0078 -0.7032 0.7110
vn 0.6942 -0.4970 0.5206
vn 0.5423 -0.3851 0.7467
vn 0.9837 -0.0708 0.1653
vn 1.0000 -0.0079 0.0000
vn 0.9773 -0.1576 0.1419
vn 0.9744 -0.1807 0.1336
vn 0.8897 -0.1181 -0.4409
vn 0.8933 0.2530 -0.3716
vn 0.9669 -0.2123 0.1415
vn 0.6660 -0.6033 0.4388
vn 0.9437 -0.2988 -0.1416
vn 0.6887 -0.5088 -0.5165
vn 0.9737 -0.2277 0.0078
vn 0.8491 0.1336 -0.5111
vn 0.9938 -0.1104 -0.0158
vn 0.7070 -0.5342 0.4635
vn 0.6601 -0.5029 0.5579
vn 0.7564 -0.3861 0.5279
vn 0.9602 -0.2597 0.1023
vn -0.0078 -0.4315 0.9021
vn 0.1263 -0.1026 0.9867
vn -0.7979 0.0235 0.6023
vn -0.4250 -0.0157 0.9051
vn -0.2841 0.2288 0.9311
vn -0.7303 0.6831 -0.0079
vn -0.7229 0.6522 0.2279
vn -0.9438 0.3120 0.1092
vn -0.8999 -0.1565 0.4069
vn -0.4539 -0.6261 0.6340
vn -0.8152 -0.3684 0.4468
vn -0.5165 -0.6887 0.5087
vn -0.7170 -0.6858 0.1247
vn -0.8144 -0.4934 0.3054
vn -0.9853 -0.0469 0.1642
vn -0.9806 0.1569 0.1176
vn -0.5773 -0.7723 0.2652
vn -0.3738 -0.9034 0.2103
vn -0.2353 -0.8785 0.4157
vn -0.0078 -0.9301 0.3673
vn -0.0078 -0.8749 0.4843
vn 0.2279 -0.8801 0.4165
vn 0.4477 -0.6283 0.6362
vn 0.5108 -0.6915 0.5108
vn 0.0940 -0.8308 0.5486
vn 0.2277 -0.6440 0.7304
vn 0.7192 0.6560 0.2292
vn 0.8143 0.5297 0.2372
vn 0.0394 0.7559 0.6535
vn -0.8524 0.4849 0.1955
vn -0.8359 0.5000 -0.2265
vn 0.8898 -0.1181 -0.4409
vn 0.8396 -0.1020 -0.5336
vn 0.8010 0.1964 -0.5655
vn 0.6900 0.7217 0.0555
vn 0.3629 0.9232 -0.1263
vn -0.5823 0.7868 0.2046
vn -0.5243 0.2504 -0.8139
vn -0.8210 -0.2268 -0.5239
vn -0.7726 -0.2263 -0.5931
vn -0.9720 0.2117 -0.1019
vn -0.9859 0.1330 0.1017
vn -0.8917 -0.1408 -0.4302
vn -0.1407 -0.3596 -0.9224
vn 0.0626 -0.4619 -0.8847
vn 0.0859 -0.3981 -0.9133
vn 0.3366 0.4305 -0.8375
vn -0.7233 -0.0944 0.6840
vn 0.3630 0.9232 -0.1262
vn 0.8011 0.1963 -0.5655
vn 0.6792 -0.2966 -0.6714
vn 0.0470 -0.5559 -0.8299
vn -0.6867 -0.3589 -0.6321
vn -0.9302 0.3283 -0.1641
vn 0.8294 -0.3365 -0.4460
vn 0.0861 -0.6887 -0.7200
vn 0.1253 -0.5557 -0.8219
vn 0.7589 -0.4068 -0.5085
vn 0.8838 -0.1642 -0.4380
vn 0.5951 -0.5950 -0.5402
vn 0.9848 -0.1103 -0.1339
vn 0.4685 -0.8746 -0.1249
vn 0.5892 -0.7857 0.1886
vn 0.0000 -0.6629 -0.7487
vn -0.5768 -0.2182 -0.7872
vn -0.0234 -0.9848 -0.1720
vn 0.0235 -0.9411 0.3372
vn -0.2881 -0.9343 0.2102
vn 0.8078 -0.5882 -0.0392
vn 0.3900 -0.9205 -0.0234
vn 0.9675 -0.0236 0.2517
vn -0.6398 -0.7413 -0.2029
vn 0.4326 -0.5584 0.7078
vn -0.4935 -0.6814 0.5405
vn -0.9965 -0.0700 -0.0467
vn -0.9661 -0.2259 0.1247
vn 0.0710 -0.5051 0.8602
vn -0.4975 -0.8472 -0.1865
vn -0.7562 -0.2416 -0.6081
vn -0.3738 -0.8489 -0.3738
vn -0.2029 -0.9596 0.1950
vn -0.1255 -0.9412 0.3137
vn 0.5725 -0.7607 0.3058
vn 0.9654 0.0706 0.2512
vn 0.9610 -0.0945 0.2599
vn 0.3208 -0.9388 0.1252
vn -0.4217 -0.8981 0.1249
vn -0.6247 -0.7731 -0.1093
vn 0.2994 -0.4886 0.8195
vn -0.5775 -0.6945 0.4292
vn -0.9936 -0.0626 -0.0939
vn -0.9790 -0.2037 0.0000
vn -0.1334 -0.6437 0.7536
vn 0.3837 -0.8536 0.3524
vn -0.4521 -0.8886 -0.0779
vn 0.2509 -0.9565 0.1490
vn -0.5285 -0.8316 -0.1710
vn -0.3831 -0.6333 0.6724
vn -0.8990 -0.2502 -0.3596
vn -0.9909 -0.1092 -0.0780
vn -0.5306 -0.7881 0.3121
vn 0.2040 -0.6435 0.7377
vn 0.8891 -0.1888 0.4170
vn 0.9317 -0.0079 0.3632
vn 0.3613 -0.7854 0.5026
vn 0.7314 0.0865 0.6764
vn 0.7810 -0.0395 0.6233
vn 0.2197 -0.9338 0.2825
vn 0.0000 -0.5087 0.8609
vn -0.5934 -0.7652 0.2499
vn -0.4373 -0.8433 -0.3124
vn -0.8972 -0.1326 -0.4213
vn -0.7023 -0.1873 -0.6868
vn -0.3893 -0.8799 -0.2725
vn -0.8082 -0.2254 -0.5440
vn 0.0000 0.7953 0.6063
vn -0.1735 0.8046 0.5679
vn 0.4738 0.7423 0.4738
vn -0.1181 0.8974 0.4251
vn -0.6616 0.7167 0.2205
vn -0.4948 0.8483 0.1885
vn -0.7881 0.5306 -0.3121
vn -0.2591 0.9658 0.0078
vn -0.5255 0.6432 -0.5569
vn 0.3302 0.9119 0.2437
vn -0.0946 0.9854 0.1419
vn 0.1583 0.9733 0.1662
vn 0.6213 0.7707 -0.1415
vn 0.8890 0.4563 0.0393
vn 0.9715 0.2369 0.0079
vn 0.6855 0.5909 0.4254
vn 0.9854 0.1655 0.0394
vn 0.8838 -0.1643 -0.4380
vn 0.9990 0.0315 -0.0315
vn 0.6803 0.2294 0.6961
vn 0.9969 -0.0785 -0.0000
vn 0.9777 0.1183 0.1735
vn 0.6803 0.5063 0.5300
vn -0.6444 0.5894 0.4872
vn -0.1266 0.4117 0.9025
vn -0.6796 0.3281 0.6561
vn 0.0948 0.6716 0.7348
vn -0.6827 0.6670 0.2982
vn -0.8919 0.2269 -0.3912
vn -0.3583 -0.6076 -0.7088
vn 0.9481 0.2844 -0.1422
vn 0.9990 0.0315 -0.0314
vn 0.3870 0.9163 -0.1027
vn -0.6024 0.7980 -0.0157
vn -0.5024 0.8086 0.3062
vn -0.9964 -0.0701 -0.0467
vn -0.6138 0.3147 0.7240
vn -0.4935 -0.6815 0.5405
vn 0.2451 0.1581 0.9565
vn 0.4326 -0.5584 0.7079
vn 0.0710 -0.5051 0.8601
vn 0.4651 0.7804 0.4178
vn 0.9654 0.0706 0.2511
vn 0.0710 -0.5050 0.8602
vn 0.4871 0.8721 -0.0471
vn -0.6027 0.7436 -0.2896
vn -0.5283 0.8357 0.1498
vn -0.5282 0.2208 0.8199
vn 0.4584 0.1423 0.8773
vn -0.1334 -0.6436 0.7536
vn 0.5921 0.6631 0.4579
vn -0.1335 -0.6437 0.7535
vn 0.4186 0.8767 0.2369
vn -0.5717 0.7676 -0.2898
vn -0.5584 0.7079 0.4326
vn -0.9910 -0.1092 -0.0780
vn -0.6604 -0.1336 0.7390
vn 0.1418 0.1024 0.9846
vn 0.6008 0.5533 0.5770
vn -0.8990 -0.2501 -0.3596
vn -0.3831 -0.6334 0.6724
vn -0.5256 0.6432 -0.5569
vn -0.8083 -0.2254 -0.5440
vn -0.7024 -0.1873 -0.6867
vn -0.2591 0.9658 0.0079
vn -0.3672 0.7579 -0.5392
vn 0.4408 0.8660 0.2362
vn -0.5252 0.8466 0.0862
vn -0.8402 -0.0236 0.5418
vn -0.5934 -0.7651 0.2498
vn -0.0394 0.3630 0.9310
vn 0.7810 -0.0394 0.6232
vn 0.4803 0.7007 0.5275
vn 0.8485 -0.5264 -0.0550
vn 0.8937 -0.3998 0.2038
vn 0.8217 -0.5634 0.0861
vn 0.8483 -0.4477 0.2828
vn 0.8495 -0.5270 -0.0236
vn 0.8541 -0.5172 0.0549
vn 0.7557 0.5904 -0.2834
vn 0.8379 0.5375 0.0948
vn 0.8419 0.5350 -0.0708
vn 0.8201 0.4968 -0.2839
vn 0.8576 0.5114 0.0551
vn 0.9349 -0.3221 0.1493
vn 0.7915 -0.6112 -0.0078
vn 0.8847 0.4660 -0.0079
vn 0.9006 0.3871 -0.1975
vn 0.9213 0.3859 -0.0472
vn 0.6619 0.7486 0.0394
vn 0.7139 -0.6825 -0.1569
vn -0.0078 0.8975 -0.4409
vn -0.1018 -0.8301 0.5482
vn -0.0157 -0.8642 0.5028
vn 0.8273 0.2127 0.5200
vn 0.7505 -0.5846 0.3081
vn 0.8800 0.3928 0.2671
vn 0.8165 -0.5339 -0.2198
vn 0.8892 0.4092 -0.2046
vn 0.8381 -0.5326 -0.1175
vn 0.8660 0.4173 -0.2755
vn 0.9179 -0.3765 -0.1255
vn 0.7719 0.4253 -0.4726
vn -0.0079 0.8814 -0.4722
vn -0.0079 0.9848 -0.1733
vn -0.0079 0.8764 0.4816
vn 0.8605 0.4974 0.1105
vn 0.9513 0.2909 0.1022
vn 0.8666 0.4884 0.1024
vn 0.8418 -0.5114 0.1731
vn 0.8508 -0.5121 0.1182
vn 0.9067 0.3942 -0.1498
vn 0.8637 -0.5025 -0.0393
vn 0.8406 -0.4949 0.2200
vn 0.5715 -0.6107 0.5481
vn 0.8171 -0.5500 0.1729
vn 0.9201 -0.3853 -0.0708
vn 0.8296 -0.5557 0.0548
vn 0.8367 -0.5395 -0.0938
vn 0.9591 0.2830 0.0000
vn 0.8145 0.5535 -0.1740
vn 0.8368 0.5447 0.0553
vn 0.8975 0.4409 -0.0079
vn 0.9398 0.2843 -0.1896
vn -0.0079 0.9975 0.0707
vn -0.0079 0.9992 0.0393
vn -0.0078 0.9806 -0.1961
vn 0.8308 -0.5565 0.0000
vn 0.7923 -0.6040 0.0863
vn -0.0078 -0.9683 0.2498
vn 0.8779 -0.4468 0.1724
vn 0.8403 -0.5419 -0.0157
vn 0.8032 -0.5905 0.0787
vn 0.8750 0.4809 -0.0552
vn 0.8547 0.4705 -0.2195
vn 0.8790 0.4751 0.0396
vn 0.8958 0.4400 -0.0629
vn 0.8814 0.4329 -0.1889
vn -0.0078 0.9195 -0.3929
vn -0.0079 0.9438 -0.3303
vn 0.8759 0.4656 0.1263
vn -0.0079 0.9989 0.0472
vn 0.9004 0.4344 -0.0237
vn 0.8801 0.4322 -0.1965
vn 0.8609 -0.4581 0.2212
vn 0.7792 -0.6218 0.0787
vn 0.8726 -0.4874 -0.0315
vn 0.8838 0.4655 0.0473
vn 0.8157 -0.5568 0.1569
vn 0.9329 0.3558 -0.0553
vn 0.7607 -0.6352 0.1333
vn 0.8227 -0.5641 -0.0705
vn 0.8750 -0.4651 0.1340
vn 0.7453 -0.6589 0.1020
vn 0.8791 0.4552 -0.1413
vn 0.8036 0.5909 0.0709
vn 0.9046 -0.3697 0.2124
vn 0.9205 -0.3226 0.2203
vn 0.9818 0.0943 -0.1649
vn 0.9936 0.0473 -0.1025
vn 0.8503 -0.4094 0.3307
vn 0.6421 -0.6342 0.4306
vn 0.5576 -0.6990 0.4477
vn 0.9633 0.1263 -0.2369
vn 0.4408 0.5983 -0.6691
vn 0.6461 0.5358 -0.5436
vn 0.9859 0.1183 -0.1183
vn 0.9280 -0.2595 0.2674
vn 0.1484 -0.7968 0.5858
vn 0.5403 -0.6578 0.5247
vn 0.5421 -0.5578 0.6285
vn 0.7088 -0.0788 0.7010
vn -0.6266 -0.6032 0.4935
vn -0.9817 -0.1558 0.1091
vn -0.9954 -0.0784 0.0549
vn -0.6569 -0.5708 0.4926
vn 0.0858 -0.7570 0.6477
vn -0.0156 -0.7031 0.7109
vn -0.5478 -0.3835 0.7435
vn -0.6960 -0.5630 0.4457
vn -0.7458 -0.4789 0.4632
vn -0.9952 -0.0862 0.0470
vn -0.8825 0.3124 -0.3515
vn -0.8990 0.2501 -0.3596
vn -0.8739 0.3277 -0.3590
vn -0.9998 0.0078 -0.0156
vn -0.8907 0.4141 -0.1875
vn -0.8914 -0.1173 -0.4378
vn -0.9534 -0.2813 0.1094
vn -0.7524 -0.3762 0.5408
vn -0.9755 -0.2185 0.0234
vn -0.9939 -0.1096 -0.0078
vn -0.1256 -0.7927 0.5965
vn -0.7141 -0.5180 0.4709
vn -0.6645 -0.5003 0.5550
vn -0.0471 -0.5649 0.8238
vn 0.0392 -0.7144 0.6987
vn 0.5431 -0.4250 0.7242
vn 0.6133 -0.5740 0.5425
vn 0.4458 -0.8917 -0.0782
vn 0.5228 -0.8350 -0.1717
vn -0.2582 -0.9546 0.1487
vn -0.3904 -0.8510 0.3513
vn 0.3764 -0.6352 0.6744
vn 0.8974 -0.2519 -0.3621
vn 0.9908 -0.1101 -0.0786
vn 0.5250 -0.7913 0.3134
vn -0.2116 -0.6425 0.7365
vn -0.8907 -0.1875 0.4141
vn -0.9327 -0.0079 0.3605
vn 0.1257 -0.6443 0.7543
vn -0.3277 -0.9365 0.1249
vn 0.6200 -0.7769 -0.1099
vn 0.5722 -0.6977 0.4311
vn 0.9935 -0.0631 -0.0946
vn 0.9787 -0.2052 -0.0000
vn -0.3066 -0.4874 0.8176
vn -0.9616 -0.0938 0.2580
vn -0.9659 0.0701 0.2493
vn -0.0789 -0.5048 0.8597
vn -0.5943 -0.7820 0.1877
vn 0.2809 -0.9363 0.2107
vn 0.9656 -0.2277 0.1256
vn 0.6352 -0.7450 -0.2039
vn 0.9964 -0.0706 -0.0471
vn 0.4875 -0.6841 0.5426
vn -0.4389 -0.5565 0.7054
vn -0.8105 -0.5845 -0.0390
vn -0.9680 -0.0234 0.2498
vn -0.9489 0.2823 -0.1412
vn -0.1893 0.9704 0.1499
vn -0.8172 0.5107 0.2672
vn -0.0934 -0.4515 -0.8874
vn 0.8078 -0.2510 -0.5333
vn 0.8034 0.5277 -0.2757
vn 0.8668 0.4255 0.2600
vn -0.0316 0.6948 0.7185
vn -0.5177 0.8550 0.0314
vn -0.7719 0.2495 -0.5847
vn -0.8793 -0.0389 -0.4747
vn -0.0544 -0.3962 -0.9166
vn 0.6267 0.1724 -0.7599
vn 0.6854 0.7011 0.1969
vn -0.0157 0.9834 -0.1810
vn -0.0234 0.4219 -0.9063
vn -0.0158 0.9834 -0.1809
vn 0.6853 0.7011 0.1969
vn -0.2525 0.1578 0.9546
vn -0.4713 0.7776 0.4163
vn -0.3937 0.9135 -0.1024
vn 0.4965 0.8118 0.3074
vn 0.6089 0.3163 0.7275
vn 0.5974 0.8018 -0.0157
vn 0.4875 -0.6841 0.5425
vn -0.0789 -0.5047 0.8597
vn -0.4646 0.1418 0.8741
vn -0.5972 0.6600 0.4558
vn -0.4931 0.8687 -0.0470
vn 0.5226 0.8392 0.1504
vn 0.5225 0.2217 0.8233
vn -0.1660 0.9721 0.1660
vn 0.5977 0.7471 -0.2910
vn 0.5722 -0.6976 0.4311
vn 0.5664 0.7710 -0.2911
vn 0.5529 0.7110 0.4345
vn -0.4251 0.8738 0.2361
vn 0.2518 0.9678 0.0078
vn 0.1257 -0.6444 0.7543
vn -0.9327 -0.0078 0.3605
vn -0.6057 0.5507 0.5743
vn -0.1495 0.1023 0.9835
vn 0.6559 -0.1343 0.7428
vn -0.2269 0.6808 -0.6964
vn -0.8739 0.3277 -0.3589
vn -0.4299 0.5940 -0.6800
vn -0.8826 0.3124 -0.3514
vn -0.2896 0.6027 -0.7436
vn -0.8990 0.2502 -0.3596
vn 0.7201 0.2818 -0.6340
vn 0.5510 0.4880 -0.6769
vn -0.7351 0.0860 0.6725
vn -0.7841 -0.0392 0.6194
vn -0.4863 0.6981 0.5255
vn 0.0316 0.3630 0.9312
vn -0.0078 -0.5087 0.8609
vn -0.4471 0.8629 0.2353
vn 0.5195 0.8501 0.0866
vn 0.8378 -0.0237 0.5454
vn 0.5883 -0.7687 0.2510
vn 0.8956 -0.1336 -0.4243
vn 0.3605 0.7601 -0.5407
vn 0.6984 -0.1883 -0.6905
vn 0.8055 -0.2268 -0.5475
vn -0.2272 -0.9321 0.2820
vn -0.3681 -0.7831 0.5012
vn 0.3515 -0.6093 -0.7108
vn 0.3671 -0.8513 -0.3749
vn 0.4916 -0.8505 -0.1873
vn 0.3827 -0.8825 -0.2733
vn 0.4309 -0.8462 -0.3134
vn 0.8957 -0.1335 -0.4242
vn 0.3950 0.8217 0.4108
vn 0.7100 0.7021 -0.0552
vn 0.6334 0.7680 0.0950
vn 0.1422 0.9796 0.1422
vn 0.0944 0.9210 -0.3779
vn 0.4476 0.7696 -0.4555
vn 0.5189 0.4796 -0.7076
vn -0.0079 0.9612 -0.2757
vn -0.0079 0.4472 -0.8944
vn 0.4959 0.8580 0.1338
vn 0.7409 0.6700 0.0473
vn 0.4356 0.7920 0.4277
vn 0.6482 0.7431 0.1660
vn 0.4957 0.8183 -0.2911
vn 0.4721 0.6688 -0.5744
vn 0.6632 0.4579 0.5921
vn 0.7777 -0.6284 0.0157
vn 0.4617 -0.8842 0.0704
vn -0.7848 -0.5362 -0.3108
vn -0.5545 -0.7264 -0.4061
vn -0.9547 0.2965 0.0239
vn -0.9111 0.4084 -0.0550
vn -0.3785 0.8673 0.3233
vn -0.2281 0.7002 0.6766
vn 0.7116 0.2293 0.6641
vn 0.8669 -0.4729 -0.1576
vn 0.5526 0.0868 0.8289
vn 0.8864 -0.4628 -0.0079
vn 0.4237 -0.2746 0.8632
vn -0.1017 -0.9541 0.2816
vn -0.3755 -0.3442 0.8605
vn -0.3844 0.1961 0.9021
vn -0.9393 -0.2818 0.1957
vn -0.9852 0.0704 0.1564
vn -0.4600 -0.6081 -0.6471
vn -0.1710 -0.5519 -0.8162
vn 0.8864 -0.4629 -0.0078
vn 0.5692 0.6008 0.5613
vn 0.8185 -0.5667 0.0944
vn 0.5312 -0.8280 0.1796
vn -0.7327 -0.6391 -0.2338
vn -0.4819 -0.8162 -0.3187
vn -0.9664 0.2572 -0.0000
vn -0.9229 0.3754 -0.0860
vn -0.4013 0.8891 0.2203
vn -0.3081 0.7505 0.5846
vn 0.6623 0.3785 0.6466
vn 0.9005 -0.4228 -0.1018
vn 0.5148 0.2376 0.8237
vn 0.9213 -0.3859 0.0472
vn 0.4468 -0.1254 0.8858
vn -0.0235 -0.9260 0.3767
vn -0.3674 -0.2658 0.8912
vn -0.4163 0.2828 0.8641
vn -0.9201 -0.3353 0.2027
vn -0.9875 0.0157 0.1567
vn -0.4048 -0.7163 -0.5684
vn -0.1176 -0.6660 -0.7366
vn 0.9214 -0.3858 0.0472
vn 0.8185 -0.5667 0.0945
vn 0.5312 -0.8280 0.1797
vn -0.7401 -0.2103 -0.6388
vn -0.4890 -0.4269 -0.7607
vn -0.2650 -0.5222 -0.8106
vn -0.4754 -0.4365 -0.7638
vn -0.3816 -0.3271 -0.8645
vn 0.0078 -0.4995 -0.8663
vn 0.5593 0.8193 -0.1260
vn 0.5899 0.6607 -0.4641
vn 0.8371 0.5449 -0.0474
vn 0.6406 0.5774 0.5062
vn 0.6464 0.6385 0.4178
vn 0.4420 0.4262 0.7893
vn -0.0078 0.5474 -0.8368
usemtl CheshireCat_Mat_INST.001
s 1
f 2105/2105/1875 2106/2106/1876 2107/2107/1877
f 2108/2108/1878 2105/2105/1875 2109/2109/1879
f 2105/2105/1875 2108/2108/1878 2106/2106/1876
f 2108/2108/1878 2110/2110/1880 2106/2106/1876
f 2111/2111/1876 2112/2112/1881 2113/2113/1882
f 2114/2114/1877 2111/2111/1876 2113/2113/1882
f 2114/2114/1877 2113/2113/1882 2115/2115/1883
f 2115/2115/1883 2113/2113/1882 2116/2116/1884
f 2115/2115/1883 2116/2116/1884 2117/2117/1885
f 2116/2116/1884 2109/2109/1879 2117/2117/1885
f 2116/2116/1884 2118/2118/1886 2109/2109/1879
f 2108/2108/1878 2109/2109/1879 2118/2118/1886
f 2119/2119/1887 2108/2108/1878 2118/2118/1886
f 2108/2108/1878 2119/2119/1887 2110/2110/1880
f 2119/2119/1887 2118/2118/1886 2120/2120/1888
f 2121/2121/1889 2119/2119/1887 2120/2120/1888
f 2121/2121/1889 2120/2120/1888 2122/2122/1890
f 2119/2119/1887 2123/2123/1891 2110/2110/1880
f 2119/2119/1887 2121/2121/1889 2123/2123/1891
f 2123/2123/1891 2121/2121/1889 2124/2124/1892
f 2121/2121/1889 2122/2122/1890 2124/2124/1892
f 2124/2124/1892 2122/2122/1890 2125/2125/1893
f 2125/2125/1893 2122/2122/1890 2120/2120/1888
f 2125/2125/1893 2120/2120/1888 2126/2126/1894
f 2126/2126/1894 2120/2120/1888 2118/2118/1886
f 2126/2126/1894 2118/2118/1886 2116/2116/1884
f 2113/2113/1882 2126/2126/1894 2116/2116/1884
f 2113/2113/1882 2112/2112/1881 2126/2126/1894
f 2112/2112/1881 2125/2125/1893 2126/2126/1894
f 2112/2112/1881 2127/2127/1895 2125/2125/1893
f 2125/2125/1893 2127/2127/1895 2124/2124/1892
f 2127/2127/1895 2128/2128/1891 2124/2124/1892
f 2129/2129/1896 2128/2128/1891 2127/2127/1895
f 2129/2129/1896 2127/2127/1895 2112/2112/1881
f 2111/2111/1876 2129/2129/1896 2112/2112/1881
f 2130/2130/1897 2131/2131/1898 2132/2132/1899
f 2132/2132/1899 2131/2131/1898 2133/2133/1900
f 2131/2131/1898 2134/2134/1901 2133/2133/1900
f 2132/2132/1899 2133/2133/1900 2135/2135/1902
f 2136/2136/1903 2137/2137/1904 2138/2138/1905
f 2137/2137/1904 2130/2130/1897 2138/2138/1905
f 2137/2137/1904 2139/2139/1906 2130/2130/1897
f 2130/2130/1897 2139/2139/1906 2131/2131/1898
f 2139/2139/1906 2140/2140/1907 2131/2131/1898
f 2131/2131/1898 2140/2140/1907 2134/2134/1901
f 2140/2140/1907 2141/2141/1908 2134/2134/1901
f 2140/2140/1907 2142/2142/1909 2141/2141/1908
f 2141/2141/1908 2142/2142/1909 2143/2143/1910
f 2142/2142/1909 2144/2144/1911 2143/2143/1910
f 2145/2145/1912 2142/2142/1909 2140/2140/1907
f 2139/2139/1906 2145/2145/1912 2140/2140/1907
f 2145/2145/1912 2139/2139/1906 2137/2137/1904
f 2145/2145/1912 2144/2144/1911 2142/2142/1909
f 2144/2144/1911 2145/2145/1912 2146/2146/1913
f 2145/2145/1912 2137/2137/1904 2146/2146/1913
f 2147/2147/1914 2146/2146/1913 2137/2137/1904
f 2147/2147/1914 2137/2137/1904 2136/2136/1903
f 2144/2144/1911 2148/2148/1915 2143/2143/1910
f 2144/2144/1911 2146/2146/1913 2148/2148/1915
f 2149/2149/1916 2148/2148/1915 2146/2146/1913
f 2149/2149/1916 2146/2146/1913 2147/2147/1914
f 2150/2150/1901 2149/2149/1916 2147/2147/1914
f 2151/2151/1900 2150/2150/1901 2147/2147/1914
f 2151/2151/1900 2147/2147/1914 2136/2136/1903
f 2152/2152/1917 2151/2151/1900 2136/2136/1903
f 2152/2152/1917 2136/2136/1903 2153/2153/1918
f 2136/2136/1903 2138/2138/1905 2153/2153/1918
f 2150/2150/1901 2154/2154/1919 2149/2149/1916
f 2149/2149/1916 2154/2154/1919 2143/2143/1910
f 2143/2143/1910 2148/2148/1915 2149/2149/1916
f 2155/2155/1920 2156/2156/1921 2157/2157/1922
f 2158/2158/1923 2159/2159/1924 2160/2160/1925
f 2158/2158/1923 2161/2161/1926 2159/2159/1924
f 2161/2161/1926 2162/2162/1927 2159/2159/1924
f 2161/2161/1926 2155/2155/1920 2162/2162/1927
f 2155/2155/1920 2157/2157/1922 2162/2162/1927
f 2162/2162/1927 2157/2157/1922 2163/2163/1928
f 2164/2164/1929 2165/2165/1930 2166/2166/1931
f 2164/2164/1929 2167/2167/1932 2165/2165/1930
f 2156/2156/1921 2167/2167/1932 2164/2164/1929
f 2156/2156/1921 2155/2155/1920 2167/2167/1932
f 2155/2155/1920 2168/2168/1933 2167/2167/1932
f 2155/2155/1920 2161/2161/1926 2168/2168/1933
f 2161/2161/1926 2169/2169/1934 2168/2168/1933
f 2161/2161/1926 2158/2158/1923 2169/2169/1934
f 2169/2169/1934 2158/2158/1923 2170/2170/1935
f 2158/2158/1923 2160/2160/1925 2170/2170/1935
f 2167/2167/1932 2171/2171/1936 2165/2165/1930
f 2167/2167/1932 2168/2168/1933 2171/2171/1936
f 2168/2168/1933 2172/2172/1937 2171/2171/1936
f 2168/2168/1933 2169/2169/1934 2172/2172/1937
f 2172/2172/1937 2169/2169/1934 2170/2170/1935
f 2170/2170/1935 2160/2160/1925 2173/2173/1938
f 2173/2173/1938 2160/2160/1925 2159/2159/1924
f 2173/2173/1938 2159/2159/1924 2174/2174/1939
f 2174/2174/1939 2159/2159/1924 2162/2162/1927
f 2174/2174/1939 2162/2162/1927 2175/2175/1940
f 2162/2162/1927 2163/2163/1928 2175/2175/1940
f 2176/2176/1931 2175/2175/1940 2163/2163/1928
f 2176/2176/1931 2177/2177/1930 2175/2175/1940
f 2177/2177/1930 2174/2174/1939 2175/2175/1940
f 2177/2177/1930 2178/2178/1936 2174/2174/1939
f 2178/2178/1936 2173/2173/1938 2174/2174/1939
f 2178/2178/1936 2179/2179/1941 2173/2173/1938
f 2173/2173/1938 2179/2179/1941 2170/2170/1935
f 2180/2180/1942 2181/2181/1943 2182/2182/1944
f 2183/2183/1945 2184/2184/1946 2180/2180/1942
f 2180/2180/1942 2184/2184/1946 2181/2181/1943
f 2184/2184/1946 2185/2185/1947 2181/2181/1943
f 2186/2186/1948 2187/2187/1949 2188/2188/1950
f 2187/2187/1949 2183/2183/1945 2188/2188/1950
f 2187/2187/1949 2189/2189/1951 2183/2183/1945
f 2183/2183/1945 2189/2189/1951 2184/2184/1946
f 2189/2189/1951 2190/2190/1952 2184/2184/1946
f 2184/2184/1946 2190/2190/1952 2185/2185/1947
f 2190/2190/1952 2191/2191/1953 2185/2185/1947
f 2190/2190/1952 2192/2192/1954 2191/2191/1953
f 2191/2191/1953 2192/2192/1954 2193/2193/1955
f 2192/2192/1954 2194/2194/1956 2193/2193/1955
f 2195/2195/1957 2192/2192/1954 2190/2190/1952
f 2189/2189/1951 2195/2195/1957 2190/2190/1952
f 2195/2195/1957 2189/2189/1951 2187/2187/1949
f 2195/2195/1957 2194/2194/1956 2192/2192/1954
f 2194/2194/1956 2195/2195/1957 2196/2196/1958
f 2195/2195/1957 2187/2187/1949 2196/2196/1958
f 2197/2197/1959 2196/2196/1958 2187/2187/1949
f 2197/2197/1959 2187/2187/1949 2186/2186/1948
f 2194/2194/1956 2198/2198/1960 2193/2193/1955
f 2194/2194/1956 2196/2196/1958 2198/2198/1960
f 2199/2199/1961 2198/2198/1960 2196/2196/1958
f 2199/2199/1961 2196/2196/1958 2197/2197/1959
f 2200/2200/1947 2199/2199/1961 2197/2197/1959
f 2201/2201/1962 2200/2200/1947 2197/2197/1959
f 2201/2201/1962 2197/2197/1959 2186/2186/1948
f 2202/2202/1944 2201/2201/1962 2186/2186/1948
f 2202/2202/1944 2186/2186/1948 2203/2203/1963
f 2186/2186/1948 2188/2188/1950 2203/2203/1963
f 2200/2200/1947 2204/2204/1964 2199/2199/1961
f 2199/2199/1961 2204/2204/1964 2193/2193/1955
f 2193/2193/1955 2198/2198/1960 2199/2199/1961
f 2205/2205/1965 2206/2206/1966 2207/2207/1967
f 2207/2207/1967 2206/2206/1966 2208/2208/1968
f 2206/2206/1966 2209/2209/1969 2208/2208/1968
f 2207/2207/1967 2208/2208/1968 2210/2210/1970
f 2211/2211/1971 2212/2212/1972 2213/2213/1973
f 2212/2212/1972 2205/2205/1965 2213/2213/1973
f 2212/2212/1972 2214/2214/1974 2205/2205/1965
f 2205/2205/1965 2214/2214/1974 2206/2206/1966
f 2214/2214/1974 2215/2215/1975 2206/2206/1966
f 2206/2206/1966 2215/2215/1975 2209/2209/1969
f 2215/2215/1975 2216/2216/1976 2209/2209/1969
f 2215/2215/1975 2217/2217/1977 2216/2216/1976
f 2216/2216/1976 2217/2217/1977 2218/2218/1978
f 2217/2217/1977 2219/2219/1979 2218/2218/1978
f 2220/2220/1980 2217/2217/1977 2215/2215/1975
f 2214/2214/1974 2220/2220/1980 2215/2215/1975
f 2220/2220/1980 2214/2214/1974 2212/2212/1972
f 2220/2220/1980 2219/2219/1979 2217/2217/1977
f 2219/2219/1979 2220/2220/1980 2221/2221/1981
f 2220/2220/1980 2212/2212/1972 2221/2221/1981
f 2222/2222/1982 2221/2221/1981 2212/2212/1972
f 2222/2222/1982 2212/2212/1972 2211/2211/1971
f 2219/2219/1979 2223/2223/1983 2218/2218/1978
f 2219/2219/1979 2221/2221/1981 2223/2223/1983
f 2224/2224/1984 2223/2223/1983 2221/2221/1981
f 2224/2224/1984 2221/2221/1981 2222/2222/1982
f 2225/2225/1985 2224/2224/1984 2222/2222/1982
f 2226/2226/1986 2225/2225/1985 2222/2222/1982
f 2226/2226/1986 2222/2222/1982 2211/2211/1971
f 2227/2227/1970 2226/2226/1986 2211/2211/1971
f 2227/2227/1970 2211/2211/1971 2228/2228/1987
f 2211/2211/1971 2213/2213/1973 2228/2228/1987
f 2225/2225/1985 2229/2229/1976 2224/2224/1984
f 2224/2224/1984 2229/2229/1976 2218/2218/1978
f 2218/2218/1978 2223/2223/1983 2224/2224/1984
f 2230/2230/1988 2231/2231/1989 2232/2232/1990
f 2233/2233/1991 2234/2234/1992 2231/2231/1989
f 2230/2230/1988 2233/2233/1991 2231/2231/1989
f 2235/2235/1993 2233/2233/1991 2230/2230/1988
f 2235/2235/1993 2236/2236/1994 2233/2233/1991
f 2237/2237/1995 2236/2236/1994 2235/2235/1993
f 2237/2237/1995 2238/2238/1996 2236/2236/1994
f 2239/2239/1997 2240/2240/1998 2241/2241/1999
f 2239/2239/1997 2241/2241/1999 2242/2242/2000
f 2232/2232/1990 2239/2239/1997 2242/2242/2000
f 2232/2232/1990 2242/2242/2000 2230/2230/1988
f 2230/2230/1988 2242/2242/2000 2243/2243/2001
f 2230/2230/1988 2243/2243/2001 2235/2235/1993
f 2235/2235/1993 2243/2243/2001 2244/2244/2002
f 2235/2235/1993 2244/2244/2002 2237/2237/1995
f 2244/2244/2002 2245/2245/2003 2237/2237/1995
f 2237/2237/1995 2245/2245/2003 2238/2238/1996
f 2246/2246/2004 2245/2245/2003 2244/2244/2002
f 2243/2243/2001 2246/2246/2004 2244/2244/2002
f 2243/2243/2001 2247/2247/2005 2246/2246/2004
f 2242/2242/2000 2247/2247/2005 2243/2243/2001
f 2242/2242/2000 2241/2241/1999 2247/2247/2005
f 2245/2245/2003 2248/2248/2006 2238/2238/1996
f 2248/2248/2006 2236/2236/1994 2238/2238/1996
f 2248/2248/2006 2249/2249/2007 2236/2236/1994
f 2249/2249/2007 2233/2233/1991 2236/2236/1994
f 2249/2249/2007 2250/2250/2008 2233/2233/1991
f 2233/2233/1991 2250/2250/2008 2234/2234/1992
f 2251/2251/1998 2234/2234/1992 2250/2250/2008
f 2251/2251/1998 2250/2250/2008 2252/2252/1999
f 2252/2252/1999 2250/2250/2008 2249/2249/2007
f 2252/2252/1999 2249/2249/2007 2253/2253/2005
f 2253/2253/2005 2249/2249/2007 2248/2248/2006
f 2253/2253/2005 2248/2248/2006 2254/2254/2004
f 2248/2248/2006 2245/2245/2003 2254/2254/2004
f 2255/2255/2009 2256/2256/2010 2257/2257/2011
f 2256/2256/2010 2258/2258/2012 2259/2259/2013
f 2256/2256/2010 2259/2259/2013 2257/2257/2011
f 2257/2257/2011 2259/2259/2013 2260/2260/2014
f 2261/2261/2015 2262/2262/2016 2263/2263/2017
f 2263/2263/2017 2262/2262/2016 2255/2255/2009
f 2263/2263/2017 2255/2255/2009 2264/2264/2018
f 2255/2255/2009 2257/2257/2011 2264/2264/2018
f 2264/2264/2018 2257/2257/2011 2265/2265/2019
f 2257/2257/2011 2260/2260/2014 2265/2265/2019
f 2265/2265/2019 2260/2260/2014 2266/2266/2020
f 2265/2265/2019 2266/2266/2020 2267/2267/2021
f 2266/2266/2020 2268/2268/2022 2267/2267/2021
f 2267/2267/2021 2268/2268/2022 2269/2269/2023
f 2270/2270/2024 2263/2263/2017 2264/2264/2018
f 2264/2264/2018 2265/2265/2019 2270/2270/2024
f 2270/2270/2024 2265/2265/2019 2267/2267/2021
f 2270/2270/2024 2267/2267/2021 2269/2269/2023
f 2269/2269/2023 2271/2271/2025 2270/2270/2024
f 2270/2270/2024 2271/2271/2025 2263/2263/2017
f 2272/2272/2026 2263/2263/2017 2271/2271/2025
f 2272/2272/2026 2261/2261/2015 2263/2263/2017
f 2269/2269/2023 2268/2268/2022 2273/2273/2027
f 2269/2269/2023 2273/2273/2027 2271/2271/2025
f 2274/2274/2028 2271/2271/2025 2273/2273/2027
f 2274/2274/2028 2272/2272/2026 2271/2271/2025
f 2275/2275/2014 2272/2272/2026 2274/2274/2028
f 2276/2276/2029 2272/2272/2026 2275/2275/2014
f 2276/2276/2029 2261/2261/2015 2272/2272/2026
f 2277/2277/2030 2261/2261/2015 2276/2276/2029
f 2277/2277/2030 2278/2278/2031 2261/2261/2015
f 2261/2261/2015 2278/2278/2031 2262/2262/2016
f 2268/2268/2022 2274/2274/2028 2273/2273/2027
f 2274/2274/2028 2268/2268/2022 2279/2279/2020
f 2275/2275/2014 2274/2274/2028 2279/2279/2020
f 2280/2280/2032 2281/2281/2033 2282/2282/2034
f 2281/2281/2033 2283/2283/2035 2284/2284/2036
f 2281/2281/2033 2284/2284/2036 2282/2282/2034
f 2282/2282/2034 2284/2284/2036 2285/2285/2037
f 2286/2286/2038 2287/2287/2039 2288/2288/2040
f 2288/2288/2040 2287/2287/2039 2280/2280/2032
f 2288/2288/2040 2280/2280/2032 2289/2289/2041
f 2280/2280/2032 2282/2282/2034 2289/2289/2041
f 2289/2289/2041 2282/2282/2034 2290/2290/2042
f 2282/2282/2034 2285/2285/2037 2290/2290/2042
f 2290/2290/2042 2285/2285/2037 2291/2291/2043
f 2290/2290/2042 2291/2291/2043 2292/2292/2044
f 2291/2291/2043 2293/2293/2045 2292/2292/2044
f 2292/2292/2044 2293/2293/2045 2294/2294/2046
f 2295/2295/2047 2288/2288/2040 2289/2289/2041
f 2289/2289/2041 2290/2290/2042 2295/2295/2047
f 2295/2295/2047 2290/2290/2042 2292/2292/2044
f 2295/2295/2047 2292/2292/2044 2294/2294/2046
f 2294/2294/2046 2296/2296/2048 2295/2295/2047
f 2295/2295/2047 2296/2296/2048 2288/2288/2040
f 2297/2297/2049 2288/2288/2040 2296/2296/2048
f 2297/2297/2049 2286/2286/2038 2288/2288/2040
f 2294/2294/2046 2293/2293/2045 2298/2298/2050
f 2294/2294/2046 2298/2298/2050 2296/2296/2048
f 2299/2299/2051 2296/2296/2048 2298/2298/2050
f 2299/2299/2051 2297/2297/2049 2296/2296/2048
f 2300/2300/2037 2297/2297/2049 2299/2299/2051
f 2301/2301/2036 2297/2297/2049 2300/2300/2037
f 2301/2301/2036 2286/2286/2038 2297/2297/2049
f 2302/2302/2035 2286/2286/2038 2301/2301/2036
f 2302/2302/2035 2303/2303/2052 2286/2286/2038
f 2286/2286/2038 2303/2303/2052 2287/2287/2039
f 2293/2293/2045 2299/2299/2051 2298/2298/2050
f 2299/2299/2051 2293/2293/2045 2304/2304/2053
f 2300/2300/2037 2299/2299/2051 2304/2304/2053
f 2305/2305/2054 2306/2306/2055 2307/2307/2056
f 2306/2306/2055 2308/2308/2057 2309/2309/2058
f 2306/2306/2055 2309/2309/2058 2307/2307/2056
f 2307/2307/2056 2309/2309/2058 2310/2310/2059
f 2311/2311/2060 2312/2312/2061 2313/2313/2062
f 2313/2313/2062 2312/2312/2061 2305/2305/2054
f 2313/2313/2062 2305/2305/2054 2314/2314/2063
f 2305/2305/2054 2307/2307/2056 2314/2314/2063
f 2314/2314/2063 2307/2307/2056 2315/2315/2064
f 2307/2307/2056 2310/2310/2059 2315/2315/2064
f 2315/2315/2064 2310/2310/2059 2316/2316/2065
f 2315/2315/2064 2316/2316/2065 2317/2317/2066
f 2316/2316/2065 2318/2318/2067 2317/2317/2066
f 2317/2317/2066 2318/2318/2067 2319/2319/2068
f 2320/2320/2069 2313/2313/2062 2314/2314/2063
f 2314/2314/2063 2315/2315/2064 2320/2320/2069
f 2320/2320/2069 2315/2315/2064 2317/2317/2066
f 2320/2320/2069 2317/2317/2066 2319/2319/2068
f 2319/2319/2068 2321/2321/2070 2320/2320/2069
f 2320/2320/2069 2321/2321/2070 2313/2313/2062
f 2322/2322/2071 2313/2313/2062 2321/2321/2070
f 2322/2322/2071 2311/2311/2060 2313/2313/2062
f 2319/2319/2068 2318/2318/2067 2323/2323/2072
f 2319/2319/2068 2323/2323/2072 2321/2321/2070
f 2324/2324/2073 2321/2321/2070 2323/2323/2072
f 2324/2324/2073 2322/2322/2071 2321/2321/2070
f 2325/2325/2074 2322/2322/2071 2324/2324/2073
f 2326/2326/2058 2322/2322/2071 2325/2325/2074
f 2326/2326/2058 2311/2311/2060 2322/2322/2071
f 2327/2327/2075 2311/2311/2060 2326/2326/2058
f 2327/2327/2075 2328/2328/2076 2311/2311/2060
f 2311/2311/2060 2328/2328/2076 2312/2312/2061
f 2318/2318/2067 2324/2324/2073 2323/2323/2072
f 2324/2324/2073 2318/2318/2067 2329/2329/2065
f 2325/2325/2074 2324/2324/2073 2329/2329/2065
f 2330/2330/2077 2331/2331/2078 2332/2332/2079
f 2333/2333/2080 2334/2334/2081 2335/2335/2082
f 2333/2333/2080 2335/2335/2082 2336/2336/2083
f 2335/2335/2082 2331/2331/2078 2336/2336/2083
f 2337/2337/2084 2336/2336/2083 2331/2331/2078
f 2337/2337/2084 2331/2331/2078 2330/2330/2077
f 2337/2337/2084 2330/2330/2077 2338/2338/2085
f 2338/2338/2085 2330/2330/2077 2332/2332/2079
f 2338/2338/2085 2332/2332/2079 2339/2339/2086
f 2339/2339/2086 2332/2332/2079 2340/2340/2087
f 2332/2332/2079 2331/2331/2078 2340/2340/2087
f 2335/2335/2082 2340/2340/2087 2331/2331/2078
f 2337/2337/2084 2341/2341/2088 2336/2336/2083
f 2342/2342/2089 2338/2338/2085 2339/2339/2086
f 2342/2342/2089 2339/2339/2086 2343/2343/2090
f 2339/2339/2086 2340/2340/2087 2343/2343/2090
f 2343/2343/2090 2340/2340/2087 2344/2344/2091
f 2335/2335/2082 2344/2344/2091 2340/2340/2087
f 2335/2335/2082 2345/2345/2092 2344/2344/2091
f 2334/2334/2081 2345/2345/2092 2335/2335/2082
f 2334/2334/2081 2346/2346/2093 2345/2345/2092
f 2347/2347/2094 2346/2346/2093 2334/2334/2081
f 2347/2347/2094 2348/2348/2095 2346/2346/2093
f 2349/2349/2096 2346/2346/2093 2348/2348/2095
f 2349/2349/2096 2345/2345/2092 2346/2346/2093
f 2344/2344/2091 2345/2345/2092 2349/2349/2096
f 2344/2344/2091 2349/2349/2096 2350/2350/2097
f 2351/2351/2098 2350/2350/2097 2349/2349/2096
f 2352/2352/2099 2353/2353/2100 2351/2351/2098
f 2354/2354/2101 2351/2351/2098 2353/2353/2100
f 2354/2354/2101 2350/2350/2097 2351/2351/2098
f 2355/2355/2102 2350/2350/2097 2354/2354/2101
f 2355/2355/2102 2344/2344/2091 2350/2350/2097
f 2343/2343/2090 2344/2344/2091 2355/2355/2102
f 2342/2342/2089 2343/2343/2090 2355/2355/2102
f 2342/2342/2089 2355/2355/2102 2356/2356/2103
f 2342/2342/2089 2356/2356/2103 2357/2357/2104
f 2358/2358/2105 2357/2357/2104 2356/2356/2103
f 2353/2353/2100 2359/2359/2106 2360/2360/2107
f 2353/2353/2100 2360/2360/2107 2361/2361/2108
f 2361/2361/2108 2354/2354/2101 2353/2353/2100
f 2362/2362/2109 2363/2363/2110 2360/2360/2107
f 2362/2362/2109 2360/2360/2107 2359/2359/2106
f 2362/2362/2109 2364/2364/2111 2365/2365/2112
f 2365/2365/2112 2363/2363/2110 2362/2362/2109
f 2365/2365/2112 2366/2366/2113 2363/2363/2110
f 2366/2366/2113 2367/2367/2114 2363/2363/2110
f 2367/2367/2114 2360/2360/2107 2363/2363/2110
f 2368/2368/2115 2360/2360/2107 2367/2367/2114
f 2360/2360/2107 2368/2368/2115 2361/2361/2108
f 2368/2368/2115 2358/2358/2105 2361/2361/2108
f 2361/2361/2108 2358/2358/2105 2354/2354/2101
f 2355/2355/2102 2354/2354/2101 2358/2358/2105
f 2355/2355/2102 2358/2358/2105 2356/2356/2103
f 2358/2358/2105 2369/2369/2116 2357/2357/2104
f 2368/2368/2115 2369/2369/2116 2358/2358/2105
f 2370/2370/2117 2369/2369/2116 2368/2368/2115
f 2368/2368/2115 2367/2367/2114 2370/2370/2117
f 2371/2371/2118 2370/2370/2117 2367/2367/2114
f 2366/2366/2113 2371/2371/2118 2367/2367/2114
f 2372/2372/2119 2371/2371/2118 2366/2366/2113
f 2372/2372/2119 2366/2366/2113 2365/2365/2112
f 2372/2372/2119 2365/2365/2112 2373/2373/2120
f 2364/2364/2111 2373/2373/2120 2365/2365/2112
f 2371/2371/2118 2374/2374/2121 2370/2370/2117
f 2372/2372/2119 2375/2375/2122 2371/2371/2118
f 2376/2376/2123 2371/2371/2118 2375/2375/2122
f 2376/2376/2123 2374/2374/2121 2371/2371/2118
f 2374/2374/2121 2376/2376/2123 2377/2377/2124
f 2374/2374/2121 2377/2377/2124 2378/2378/2125
f 2379/2379/2126 2374/2374/2121 2378/2378/2125
f 2379/2379/2126 2370/2370/2117 2374/2374/2121
f 2370/2370/2117 2379/2379/2126 2369/2369/2116
f 2357/2357/2104 2369/2369/2116 2379/2379/2126
f 2375/2375/2122 2380/2380/2127 2376/2376/2123
f 2377/2377/2124 2376/2376/2123 2380/2380/2127
f 2377/2377/2124 2380/2380/2127 2381/2381/2128
f 2382/2382/2129 2383/2383/2130 2381/2381/2128
f 2384/2384/2131 2385/2385/2132 2386/2386/2133
f 2382/2382/2129 2384/2384/2131 2386/2386/2133
f 2382/2382/2129 2387/2387/2134 2384/2384/2131
f 2382/2382/2129 2381/2381/2128 2387/2387/2134
f 2381/2381/2128 2388/2388/2135 2387/2387/2134
f 2381/2381/2128 2380/2380/2127 2388/2388/2135
f 2380/2380/2127 2389/2389/2136 2388/2388/2135
f 2380/2380/2127 2390/2390/2137 2389/2389/2136
f 2375/2375/2122 2390/2390/2137 2380/2380/2127
f 2390/2390/2137 2375/2375/2122 2372/2372/2119
f 2385/2385/2132 2391/2391/2138 2386/2386/2133
f 2392/2392/2139 2393/2393/2140 2394/2394/2141
f 2389/2389/2136 2393/2393/2140 2392/2392/2139
f 2389/2389/2136 2392/2392/2139 2388/2388/2135
f 2388/2388/2135 2392/2392/2139 2384/2384/2131
f 2388/2388/2135 2384/2384/2131 2387/2387/2134
f 2395/2395/2142 2384/2384/2131 2392/2392/2139
f 2395/2395/2142 2392/2392/2139 2396/2396/2143
f 2392/2392/2139 2394/2394/2141 2396/2396/2143
f 2397/2397/2144 2398/2398/2145 2399/2399/2146
f 2397/2397/2144 2399/2399/2146 2400/2400/2147
f 2401/2401/2148 2400/2400/2147 2399/2399/2146
f 2401/2401/2148 2394/2394/2141 2400/2400/2147
f 2394/2394/2141 2401/2401/2148 2402/2402/2149
f 2394/2394/2141 2402/2402/2149 2396/2396/2143
f 2396/2396/2143 2402/2402/2149 2403/2403/2150
f 2396/2396/2143 2403/2403/2150 2395/2395/2142
f 2403/2403/2150 2385/2385/2132 2395/2395/2142
f 2384/2384/2131 2395/2395/2142 2385/2385/2132
f 2401/2401/2148 2404/2404/2151 2402/2402/2149
f 2401/2401/2148 2405/2405/2152 2404/2404/2151
f 2405/2405/2152 2401/2401/2148 2399/2399/2146
f 2405/2405/2152 2399/2399/2146 2406/2406/2153
f 2406/2406/2153 2399/2399/2146 2398/2398/2145
f 2406/2406/2153 2398/2398/2145 2407/2407/2154
f 2407/2407/2154 2398/2398/2145 2408/2408/2155
f 2407/2407/2154 2408/2408/2155 2409/2409/2156
f 2410/2410/2157 2409/2409/2156 2408/2408/2155
f 2410/2410/2157 2411/2411/2158 2409/2409/2156
f 2412/2412/2159 2413/2413/2160 2414/2414/2161
f 2412/2412/2159 2404/2404/2151 2413/2413/2160
f 2415/2415/2162 2413/2413/2160 2404/2404/2151
f 2415/2415/2162 2404/2404/2151 2405/2405/2152
f 2405/2405/2152 2416/2416/2163 2415/2415/2162
f 2405/2405/2152 2406/2406/2153 2416/2416/2163
f 2406/2406/2153 2417/2417/2164 2416/2416/2163
f 2406/2406/2153 2407/2407/2154 2417/2417/2164
f 2407/2407/2154 2411/2411/2158 2417/2417/2164
f 2407/2407/2154 2409/2409/2156 2411/2411/2158
f 2410/2410/2157 2418/2418/2165 2411/2411/2158
f 2418/2418/2165 2417/2417/2164 2411/2411/2158
f 2418/2418/2165 2419/2419/2166 2417/2417/2164
f 2419/2419/2166 2416/2416/2163 2417/2417/2164
f 2419/2419/2166 2420/2420/2167 2416/2416/2163
f 2415/2415/2162 2416/2416/2163 2420/2420/2167
f 2415/2415/2162 2420/2420/2167 2421/2421/2168
f 2421/2421/2168 2413/2413/2160 2415/2415/2162
f 2421/2421/2168 2422/2422/2169 2413/2413/2160
f 2422/2422/2169 2414/2414/2161 2413/2413/2160
f 2418/2418/2165 2423/2423/2170 2419/2419/2166
f 2419/2419/2166 2423/2423/2170 2424/2424/2171
f 2419/2419/2166 2424/2424/2171 2420/2420/2167
f 2421/2421/2168 2420/2420/2167 2424/2424/2171
f 2421/2421/2168 2424/2424/2171 2425/2425/2172
f 2426/2426/2173 2425/2425/2172 2424/2424/2171
f 2426/2426/2173 2427/2427/2174 2425/2425/2172
f 2427/2427/2174 2421/2421/2168 2425/2425/2172
f 2427/2427/2174 2422/2422/2169 2421/2421/2168
f 2428/2428/2175 2422/2422/2169 2427/2427/2174
f 2428/2428/2175 2427/2427/2174 2429/2429/2176
f 2430/2430/2177 2429/2429/2176 2427/2427/2174
f 2430/2430/2177 2431/2431/2178 2429/2429/2176
f 2426/2426/2173 2430/2430/2177 2427/2427/2174
f 2422/2422/2169 2428/2428/2175 2414/2414/2161
f 2414/2414/2161 2428/2428/2175 2432/2432/2179
f 2429/2429/2176 2432/2432/2179 2428/2428/2175
f 2429/2429/2176 2433/2433/2180 2432/2432/2179
f 2434/2434/2181 2433/2433/2180 2429/2429/2176
f 2434/2434/2181 2429/2429/2176 2431/2431/2178
f 2434/2434/2181 2431/2431/2178 2435/2435/2182
f 2435/2435/2182 2431/2431/2178 2430/2430/2177
f 2435/2435/2182 2430/2430/2177 2436/2436/2183
f 2436/2436/2183 2430/2430/2177 2426/2426/2173
f 2432/2432/2179 2433/2433/2180 2437/2437/2184
f 2434/2434/2181 2435/2435/2182 2438/2438/2185
f 2439/2439/2186 2440/2440/2187 2441/2441/2188
f 2439/2439/2186 2441/2441/2188 2442/2442/2189
f 2443/2443/2190 2439/2439/2186 2442/2442/2189
f 2443/2443/2190 2442/2442/2189 2444/2444/2191
f 2445/2445/2192 2443/2443/2190 2444/2444/2191
f 2445/2445/2192 2444/2444/2191 2446/2446/2193
f 2445/2445/2192 2446/2446/2193 2447/2447/2194
f 2445/2445/2192 2447/2447/2194 2432/2432/2179
f 2414/2414/2161 2432/2432/2179 2447/2447/2194
f 2447/2447/2194 2412/2412/2159 2414/2414/2161
f 2446/2446/2193 2448/2448/2195 2449/2449/2196
f 2446/2446/2193 2444/2444/2191 2448/2448/2195
f 2444/2444/2191 2450/2450/2197 2448/2448/2195
f 2444/2444/2191 2442/2442/2189 2450/2450/2197
f 2451/2451/2198 2450/2450/2197 2442/2442/2189
f 2451/2451/2198 2442/2442/2189 2441/2441/2188
f 2451/2451/2198 2441/2441/2188 2452/2452/2199
f 2452/2452/2199 2441/2441/2188 2440/2440/2187
f 2452/2452/2199 2440/2440/2187 2453/2453/2200
f 2454/2454/2201 2453/2453/2200 2455/2455/2202
f 2454/2454/2201 2452/2452/2199 2453/2453/2200
f 2456/2456/2203 2452/2452/2199 2454/2454/2201
f 2451/2451/2198 2452/2452/2199 2456/2456/2203
f 2457/2457/2204 2451/2451/2198 2456/2456/2203
f 2457/2457/2204 2450/2450/2197 2451/2451/2198
f 2457/2457/2204 2458/2458/2205 2450/2450/2197
f 2458/2458/2205 2448/2448/2195 2450/2450/2197
f 2458/2458/2205 2459/2459/2206 2448/2448/2195
f 2449/2449/2196 2448/2448/2195 2459/2459/2206
f 2460/2460/2207 2461/2461/2208 2462/2462/2209
f 2462/2462/2209 2461/2461/2208 2459/2459/2206
f 2462/2462/2209 2459/2459/2206 2463/2463/2210
f 2458/2458/2205 2463/2463/2210 2459/2459/2206
f 2458/2458/2205 2464/2464/2211 2463/2463/2210
f 2457/2457/2204 2464/2464/2211 2458/2458/2205
f 2457/2457/2204 2465/2465/2212 2464/2464/2211
f 2457/2457/2204 2466/2466/2213 2465/2465/2212
f 2457/2457/2204 2467/2467/2214 2466/2466/2213
f 2466/2466/2213 2467/2467/2214 2468/2468/2215
f 2456/2456/2203 2468/2468/2215 2467/2467/2214
f 2457/2457/2204 2456/2456/2203 2467/2467/2214
f 2469/2469/2216 2463/2463/2210 2464/2464/2211
f 2460/2460/2207 2462/2462/2209 2463/2463/2210
f 2460/2460/2207 2463/2463/2210 2469/2469/2216
f 2470/2470/2217 2460/2460/2207 2469/2469/2216
f 2470/2470/2217 2469/2469/2216 2471/2471/2218
f 2471/2471/2218 2469/2469/2216 2472/2472/2219
f 2469/2469/2216 2464/2464/2211 2472/2472/2219
f 2465/2465/2212 2472/2472/2219 2464/2464/2211
f 2470/2470/2217 2473/2473/2220 2460/2460/2207
f 2471/2471/2218 2472/2472/2219 2474/2474/2221
f 2474/2474/2221 2475/2475/2222 2471/2471/2218
f 2471/2471/2218 2475/2475/2222 2391/2391/2138
f 2471/2471/2218 2391/2391/2138 2470/2470/2217
f 2385/2385/2132 2470/2470/2217 2391/2391/2138
f 2470/2470/2217 2385/2385/2132 2473/2473/2220
f 2403/2403/2150 2473/2473/2220 2385/2385/2132
f 2473/2473/2220 2403/2403/2150 2412/2412/2159
f 2412/2412/2159 2403/2403/2150 2402/2402/2149
f 2412/2412/2159 2402/2402/2149 2404/2404/2151
f 2474/2474/2221 2476/2476/2223 2475/2475/2222
f 2449/2449/2196 2459/2459/2206 2461/2461/2208
f 2446/2446/2193 2449/2449/2196 2461/2461/2208
f 2446/2446/2193 2461/2461/2208 2477/2477/2224
f 2447/2447/2194 2446/2446/2193 2477/2477/2224
f 2447/2447/2194 2477/2477/2224 2478/2478/2225
f 2447/2447/2194 2478/2478/2225 2412/2412/2159
f 2473/2473/2220 2412/2412/2159 2478/2478/2225
f 2473/2473/2220 2478/2478/2225 2477/2477/2224
f 2473/2473/2220 2477/2477/2224 2460/2460/2207
f 2460/2460/2207 2477/2477/2224 2461/2461/2208
f 2479/2479/2226 2480/2480/2227 2481/2481/2228
f 2480/2480/2227 2479/2479/2226 2482/2482/2229
f 2480/2480/2227 2482/2482/2229 2483/2483/2230
f 2480/2480/2227 2483/2483/2230 2484/2484/2231
f 2480/2480/2227 2484/2484/2231 2485/2485/2232
f 2486/2486/2233 2485/2485/2232 2484/2484/2231
f 2487/2487/2234 2483/2483/2230 2482/2482/2229
f 2485/2485/2232 2481/2481/2228 2480/2480/2227
f 2485/2485/2232 2486/2486/2233 2481/2481/2228
f 2486/2486/2233 2488/2488/2235 2481/2481/2228
f 2486/2486/2233 2489/2489/2236 2488/2488/2235
f 2486/2486/2233 2484/2484/2231 2489/2489/2236
f 2489/2489/2236 2484/2484/2231 2490/2490/2237
f 2490/2490/2237 2484/2484/2231 2483/2483/2230
f 2490/2490/2237 2483/2483/2230 2491/2491/2238
f 2487/2487/2234 2491/2491/2238 2483/2483/2230
f 2492/2492/2239 2491/2491/2238 2487/2487/2234
f 2493/2493/2240 2494/2494/2241 2495/2495/2242
f 2494/2494/2241 2490/2490/2237 2495/2495/2242
f 2494/2494/2241 2496/2496/2243 2490/2490/2237
f 2489/2489/2236 2490/2490/2237 2496/2496/2243
f 2497/2497/2244 2489/2489/2236 2496/2496/2243
f 2497/2497/2244 2488/2488/2235 2489/2489/2236
f 2490/2490/2237 2491/2491/2238 2498/2498/2245
f 2490/2490/2237 2498/2498/2245 2495/2495/2242
f 2499/2499/2246 2495/2495/2242 2498/2498/2245
f 2499/2499/2246 2500/2500/2247 2495/2495/2242
f 2501/2501/2248 2500/2500/2247 2499/2499/2246
f 2501/2501/2248 2499/2499/2246 2502/2502/2249
f 2500/2500/2247 2503/2503/2250 2504/2504/2251
f 2500/2500/2247 2501/2501/2248 2503/2503/2250
f 2501/2501/2248 2505/2505/2252 2503/2503/2250
f 2501/2501/2248 2502/2502/2249 2505/2505/2252
f 2506/2506/2253 2505/2505/2252 2502/2502/2249
f 2506/2506/2253 2502/2502/2249 2499/2499/2246
f 2506/2506/2253 2499/2499/2246 2507/2507/2254
f 2507/2507/2254 2499/2499/2246 2498/2498/2245
f 2507/2507/2254 2498/2498/2245 2508/2508/2255
f 2508/2508/2255 2498/2498/2245 2491/2491/2238
f 2509/2509/2256 2510/2510/2257 2511/2511/2258
f 2509/2509/2256 2512/2512/2259 2510/2510/2257
f 2512/2512/2259 2509/2509/2256 2513/2513/2260
f 2512/2512/2259 2513/2513/2260 2514/2514/2261
f 2515/2515/2262 2514/2514/2261 2513/2513/2260
f 2515/2515/2262 2505/2505/2252 2514/2514/2261
f 2515/2515/2262 2503/2503/2250 2505/2505/2252
f 2516/2516/2263 2503/2503/2250 2515/2515/2262
f 2516/2516/2263 2504/2504/2251 2503/2503/2250
f 2516/2516/2263 2517/2517/2264 2504/2504/2251
f 2514/2514/2261 2505/2505/2252 2510/2510/2257
f 2514/2514/2261 2510/2510/2257 2512/2512/2259
f 2509/2509/2256 2518/2518/2265 2513/2513/2260
f 2516/2516/2263 2519/2519/2266 2517/2517/2264
f 2520/2520/2267 2517/2517/2264 2519/2519/2266
f 2521/2521/2268 2520/2520/2267 2519/2519/2266
f 2519/2519/2266 2522/2522/2269 2521/2521/2268
f 2519/2519/2266 2518/2518/2265 2522/2522/2269
f 2516/2516/2263 2518/2518/2265 2519/2519/2266
f 2516/2516/2263 2513/2513/2260 2518/2518/2265
f 2515/2515/2262 2513/2513/2260 2516/2516/2263
f 2506/2506/2253 2510/2510/2257 2505/2505/2252
f 2510/2510/2257 2506/2506/2253 2507/2507/2254
f 2510/2510/2257 2507/2507/2254 2511/2511/2258
f 2507/2507/2254 2523/2523/2270 2511/2511/2258
f 2509/2509/2256 2511/2511/2258 2523/2523/2270
f 2509/2509/2256 2523/2523/2270 2524/2524/2271
f 2509/2509/2256 2524/2524/2271 2518/2518/2265
f 2525/2525/2272 2518/2518/2265 2524/2524/2271
f 2525/2525/2272 2522/2522/2269 2518/2518/2265
f 2526/2526/2273 2522/2522/2269 2525/2525/2272
f 2523/2523/2270 2527/2527/2274 2528/2528/2275
f 2529/2529/2276 2530/2530/2277 2528/2528/2275
f 2528/2528/2275 2531/2531/2278 2529/2529/2276
f 2528/2528/2275 2527/2527/2274 2531/2531/2278
f 2532/2532/2279 2531/2531/2278 2527/2527/2274
f 2523/2523/2270 2532/2532/2279 2527/2527/2274
f 2523/2523/2270 2508/2508/2255 2532/2532/2279
f 2507/2507/2254 2508/2508/2255 2523/2523/2270
f 2529/2529/2276 2531/2531/2278 2533/2533/2280
f 2534/2534/2281 2533/2533/2280 2531/2531/2278
f 2532/2532/2279 2534/2534/2281 2531/2531/2278
f 2523/2523/2270 2528/2528/2275 2524/2524/2271
f 2535/2535/2282 2524/2524/2271 2528/2528/2275
f 2535/2535/2282 2528/2528/2275 2530/2530/2277
f 2535/2535/2282 2530/2530/2277 2536/2536/2283
f 2530/2530/2277 2537/2537/2284 2536/2536/2283
f 2536/2536/2283 2537/2537/2284 2538/2538/2285
f 2537/2537/2284 2533/2533/2280 2538/2538/2285
f 2537/2537/2284 2539/2539/2286 2533/2533/2280
f 2529/2529/2276 2533/2533/2280 2539/2539/2286
f 2529/2529/2276 2539/2539/2286 2530/2530/2277
f 2530/2530/2277 2539/2539/2286 2537/2537/2284
f 2536/2536/2283 2538/2538/2285 2540/2540/2287
f 2541/2541/2288 2533/2533/2280 2542/2542/2289
f 2541/2541/2288 2538/2538/2285 2533/2533/2280
f 2538/2538/2285 2541/2541/2288 2543/2543/2290
f 2538/2538/2285 2543/2543/2290 2540/2540/2287
f 2544/2544/2291 2540/2540/2287 2543/2543/2290
f 2536/2536/2283 2540/2540/2287 2544/2544/2291
f 2536/2536/2283 2544/2544/2291 2545/2545/2292
f 2535/2535/2282 2536/2536/2283 2545/2545/2292
f 2535/2535/2282 2545/2545/2292 2546/2546/2293
f 2535/2535/2282 2546/2546/2293 2547/2547/2294
f 2544/2544/2291 2543/2543/2290 2548/2548/2295
f 2544/2544/2291 2548/2548/2295 2549/2549/2296
f 2548/2548/2295 2550/2550/2297 2551/2551/2298
f 2551/2551/2298 2549/2549/2296 2548/2548/2295
f 2551/2551/2298 2552/2552/2299 2549/2549/2296
f 2553/2553/2300 2549/2549/2296 2552/2552/2299
f 2553/2553/2300 2552/2552/2299 2554/2554/2301
f 2555/2555/2302 2552/2552/2299 2556/2556/2303
f 2556/2556/2303 2552/2552/2299 2551/2551/2298
f 2556/2556/2303 2551/2551/2298 2557/2557/2304
f 2551/2551/2298 2558/2558/2305 2557/2557/2304
f 2551/2551/2298 2550/2550/2297 2558/2558/2305
f 2558/2558/2305 2550/2550/2297 2559/2559/2306
f 2560/2560/2307 2559/2559/2306 2550/2550/2297
f 2560/2560/2307 2550/2550/2297 2561/2561/2308
f 2560/2560/2307 2561/2561/2308 2562/2562/2309
f 2563/2563/2310 2562/2562/2309 2561/2561/2308
f 2558/2558/2305 2559/2559/2306 2564/2564/2311
f 2565/2565/2312 2566/2566/2313 2567/2567/2314
f 2565/2565/2312 2567/2567/2314 2568/2568/2315
f 2567/2567/2314 2556/2556/2303 2568/2568/2315
f 2569/2569/2316 2568/2568/2315 2556/2556/2303
f 2569/2569/2316 2556/2556/2303 2557/2557/2304
f 2568/2568/2315 2569/2569/2316 2570/2570/2317
f 2568/2568/2315 2570/2570/2317 2565/2565/2312
f 2566/2566/2313 2571/2571/2318 2567/2567/2314
f 2555/2555/2302 2567/2567/2314 2571/2571/2318
f 2567/2567/2314 2555/2555/2302 2556/2556/2303
f 2565/2565/2312 2570/2570/2317 2572/2572/2319
f 2565/2565/2312 2572/2572/2319 2573/2573/2320
f 2572/2572/2319 2574/2574/2321 2573/2573/2320
f 2575/2575/2322 2573/2573/2320 2574/2574/2321
f 2574/2574/2321 2576/2576/2323 2575/2575/2322
f 2575/2575/2322 2576/2576/2323 2571/2571/2318
f 2575/2575/2322 2571/2571/2318 2577/2577/2324
f 2566/2566/2313 2577/2577/2324 2571/2571/2318
f 2573/2573/2320 2577/2577/2324 2566/2566/2313
f 2573/2573/2320 2566/2566/2313 2565/2565/2312
f 2575/2575/2322 2577/2577/2324 2573/2573/2320
f 2574/2574/2321 2578/2578/2325 2576/2576/2323
f 2572/2572/2319 2545/2545/2292 2574/2574/2321
f 2544/2544/2291 2574/2574/2321 2545/2545/2292
f 2544/2544/2291 2578/2578/2325 2574/2574/2321
f 2544/2544/2291 2549/2549/2296 2578/2578/2325
f 2549/2549/2296 2576/2576/2323 2578/2578/2325
f 2549/2549/2296 2553/2553/2300 2576/2576/2323
f 2553/2553/2300 2571/2571/2318 2576/2576/2323
f 2553/2553/2300 2554/2554/2301 2571/2571/2318
f 2555/2555/2302 2571/2571/2318 2554/2554/2301
f 2555/2555/2302 2554/2554/2301 2552/2552/2299
f 2579/2579/2326 2580/2580/2327 2581/2581/2328
f 2579/2579/2326 2581/2581/2328 2582/2582/2329
f 2583/2583/2330 2582/2582/2329 2581/2581/2328
f 2583/2583/2330 2581/2581/2328 2584/2584/2331
f 2584/2584/2331 2585/2585/2332 2583/2583/2330
f 2584/2584/2331 2586/2586/2333 2585/2585/2332
f 2587/2587/2334 2585/2585/2332 2586/2586/2333
f 2587/2587/2334 2586/2586/2333 2588/2588/2335
f 2572/2572/2319 2587/2587/2334 2588/2588/2335
f 2545/2545/2292 2572/2572/2319 2588/2588/2335
f 2572/2572/2319 2570/2570/2317 2587/2587/2334
f 2545/2545/2292 2588/2588/2335 2546/2546/2293
f 2586/2586/2333 2546/2546/2293 2588/2588/2335
f 2586/2586/2333 2589/2589/2336 2546/2546/2293
f 2589/2589/2336 2586/2586/2333 2584/2584/2331
f 2589/2589/2336 2584/2584/2331 2590/2590/2337
f 2581/2581/2328 2590/2590/2337 2584/2584/2331
f 2581/2581/2328 2591/2591/2338 2590/2590/2337
f 2581/2581/2328 2592/2592/2339 2591/2591/2338
f 2581/2581/2328 2580/2580/2327 2592/2592/2339
f 2593/2593/2340 2592/2592/2339 2580/2580/2327
f 2589/2589/2336 2547/2547/2294 2546/2546/2293
f 2589/2589/2336 2594/2594/2341 2547/2547/2294
f 2590/2590/2337 2594/2594/2341 2589/2589/2336
f 2590/2590/2337 2595/2595/1955 2594/2594/2341
f 2595/2595/1955 2590/2590/2337 2591/2591/2338
f 2595/2595/1955 2591/2591/2338 2596/2596/2342
f 2597/2597/2343 2596/2596/2342 2591/2591/2338
f 2598/2598/2344 2596/2596/2342 2597/2597/2343
f 2597/2597/2343 2599/2599/2345 2598/2598/2344
f 2598/2598/2344 2599/2599/2345 2600/2600/2346
f 2601/2601/2347 2602/2602/2348 2603/2603/2349
f 2602/2602/2348 2601/2601/2347 2604/2604/2350
f 2605/2605/2351 2604/2604/2350 2601/2601/2347
f 2606/2606/2352 2604/2604/2350 2605/2605/2351
f 2595/2595/1955 2606/2606/2352 2605/2605/2351
f 2606/2606/2352 2595/2595/1955 2596/2596/2342
f 2606/2606/2352 2596/2596/2342 2607/2607/2353
f 2598/2598/2344 2607/2607/2353 2596/2596/2342
f 2608/2608/2354 2607/2607/2353 2598/2598/2344
f 2598/2598/2344 2600/2600/2346 2608/2608/2354
f 2609/2609/2355 2526/2526/2273 2603/2603/2349
f 2526/2526/2273 2525/2525/2272 2603/2603/2349
f 2601/2601/2347 2603/2603/2349 2525/2525/2272
f 2610/2610/2356 2601/2601/2347 2525/2525/2272
f 2605/2605/2351 2601/2601/2347 2610/2610/2356
f 2594/2594/2341 2605/2605/2351 2610/2610/2356
f 2595/2595/1955 2605/2605/2351 2594/2594/2341
f 2610/2610/2356 2525/2525/2272 2524/2524/2271
f 2535/2535/2282 2610/2610/2356 2524/2524/2271
f 2535/2535/2282 2547/2547/2294 2610/2610/2356
f 2594/2594/2341 2610/2610/2356 2547/2547/2294
f 2611/2611/2357 2612/2612/2358 2613/2613/2359
f 2613/2613/2359 2614/2614/2360 2611/2611/2357
f 2613/2613/2359 2615/2615/2361 2614/2614/2360
f 2614/2614/2360 2615/2615/2361 2616/2616/1956
f 2616/2616/1956 2615/2615/2361 2617/2617/2362
f 2616/2616/1956 2617/2617/2362 2618/2618/2363
f 2609/2609/2355 2618/2618/2363 2617/2617/2362
f 2455/2455/2202 2618/2618/2363 2609/2609/2355
f 2609/2609/2355 2603/2603/2349 2455/2455/2202
f 2455/2455/2202 2603/2603/2349 2602/2602/2348
f 2613/2613/2359 2617/2617/2362 2615/2615/2361
f 2614/2614/2360 2616/2616/1956 2619/2619/2364
f 2432/2432/2179 2437/2437/2184 2445/2445/2192
f 2443/2443/2190 2445/2445/2192 2437/2437/2184
f 2443/2443/2190 2437/2437/2184 2620/2620/2365
f 2439/2439/2186 2443/2443/2190 2620/2620/2365
f 2439/2439/2186 2620/2620/2365 2619/2619/2364
f 2616/2616/1956 2439/2439/2186 2619/2619/2364
f 2616/2616/1956 2440/2440/2187 2439/2439/2186
f 2440/2440/2187 2616/2616/1956 2618/2618/2363
f 2440/2440/2187 2618/2618/2363 2453/2453/2200
f 2455/2455/2202 2453/2453/2200 2618/2618/2363
f 2455/2455/2202 2602/2602/2348 2454/2454/2201
f 2602/2602/2348 2621/2621/2366 2454/2454/2201
f 2456/2456/2203 2454/2454/2201 2621/2621/2366
f 2622/2622/2367 2456/2456/2203 2621/2621/2366
f 2456/2456/2203 2622/2622/2367 2468/2468/2215
f 2468/2468/2215 2622/2622/2367 2623/2623/2368
f 2468/2468/2215 2623/2623/2368 2624/2624/2369
f 2623/2623/2368 2625/2625/2370 2624/2624/2369
f 2626/2626/2371 2624/2624/2369 2625/2625/2370
f 2626/2626/2371 2625/2625/2370 2627/2627/2372
f 2622/2622/2367 2621/2621/2366 2623/2623/2368
f 2602/2602/2348 2628/2628/2373 2621/2621/2366
f 2621/2621/2366 2628/2628/2373 2629/2629/2374
f 2621/2621/2366 2629/2629/2374 2623/2623/2368
f 2623/2623/2368 2629/2629/2374 2625/2625/2370
f 2629/2629/2374 2630/2630/2375 2625/2625/2370
f 2627/2627/2372 2625/2625/2370 2630/2630/2375
f 2628/2628/2373 2631/2631/2376 2629/2629/2374
f 2629/2629/2374 2631/2631/2376 2630/2630/2375
f 2632/2632/2377 2626/2626/2371 2627/2627/2372
f 2632/2632/2377 2627/2627/2372 2633/2633/2378
f 2633/2633/2378 2627/2627/2372 2608/2608/2354
f 2627/2627/2372 2630/2630/2375 2608/2608/2354
f 2608/2608/2354 2630/2630/2375 2607/2607/2353
f 2631/2631/2376 2607/2607/2353 2630/2630/2375
f 2631/2631/2376 2606/2606/2352 2607/2607/2353
f 2606/2606/2352 2631/2631/2376 2604/2604/2350
f 2628/2628/2373 2604/2604/2350 2631/2631/2376
f 2602/2602/2348 2604/2604/2350 2628/2628/2373
f 2633/2633/2378 2608/2608/2354 2600/2600/2346
f 2634/2634/2379 2633/2633/2378 2600/2600/2346
f 2634/2634/2379 2632/2632/2377 2633/2633/2378
f 2634/2634/2379 2635/2635/2380 2632/2632/2377
f 2466/2466/2213 2632/2632/2377 2635/2635/2380
f 2466/2466/2213 2635/2635/2380 2636/2636/2381
f 2465/2465/2212 2466/2466/2213 2636/2636/2381
f 2465/2465/2212 2636/2636/2381 2637/2637/2382
f 2465/2465/2212 2637/2637/2382 2472/2472/2219
f 2474/2474/2221 2472/2472/2219 2637/2637/2382
f 2638/2638/2383 2635/2635/2380 2634/2634/2379
f 2635/2635/2380 2638/2638/2383 2639/2639/2384
f 2635/2635/2380 2639/2639/2384 2636/2636/2381
f 2636/2636/2381 2639/2639/2384 2640/2640/2385
f 2636/2636/2381 2640/2640/2385 2637/2637/2382
f 2474/2474/2221 2637/2637/2382 2640/2640/2385
f 2641/2641/2386 2474/2474/2221 2640/2640/2385
f 2641/2641/2386 2476/2476/2223 2474/2474/2221
f 2642/2642/2387 2476/2476/2223 2641/2641/2386
f 2638/2638/2383 2643/2643/2388 2639/2639/2384
f 2640/2640/2385 2639/2639/2384 2643/2643/2388
f 2640/2640/2385 2643/2643/2388 2641/2641/2386
f 2599/2599/2345 2644/2644/2389 2600/2600/2346
f 2634/2634/2379 2600/2600/2346 2644/2644/2389
f 2644/2644/2389 2645/2645/2390 2634/2634/2379
f 2638/2638/2383 2634/2634/2379 2645/2645/2390
f 2646/2646/2391 2638/2638/2383 2645/2645/2390
f 2638/2638/2383 2646/2646/2391 2643/2643/2388
f 2646/2646/2391 2647/2647/2392 2643/2643/2388
f 2641/2641/2386 2643/2643/2388 2647/2647/2392
f 2641/2641/2386 2647/2647/2392 2648/2648/2393
f 2642/2642/2387 2641/2641/2386 2648/2648/2393
f 2649/2649/2394 2648/2648/2393 2647/2647/2392
f 2649/2649/2394 2642/2642/2387 2648/2648/2393
f 2649/2649/2394 2650/2650/2395 2642/2642/2387
f 2650/2650/2395 2649/2649/2394 2651/2651/2396
f 2650/2650/2395 2651/2651/2396 2652/2652/2397
f 2652/2652/2397 2651/2651/2396 2341/2341/2088
f 2652/2652/2397 2341/2341/2088 2653/2653/2398
f 2653/2653/2398 2341/2341/2088 2337/2337/2084
f 2653/2653/2398 2337/2337/2084 2654/2654/2399
f 2337/2337/2084 2338/2338/2085 2654/2654/2399
f 2342/2342/2089 2654/2654/2399 2338/2338/2085
f 2342/2342/2089 2357/2357/2104 2655/2655/2400
f 2342/2342/2089 2655/2655/2400 2653/2653/2398
f 2342/2342/2089 2653/2653/2398 2654/2654/2399
f 2646/2646/2391 2656/2656/2401 2647/2647/2392
f 2656/2656/2401 2657/2657/2402 2647/2647/2392
f 2649/2649/2394 2647/2647/2392 2657/2657/2402
f 2658/2658/2403 2649/2649/2394 2657/2657/2402
f 2658/2658/2403 2651/2651/2396 2649/2649/2394
f 2341/2341/2088 2651/2651/2396 2658/2658/2403
f 2341/2341/2088 2658/2658/2403 2659/2659/2404
f 2336/2336/2083 2341/2341/2088 2659/2659/2404
f 2336/2336/2083 2659/2659/2404 2333/2333/2080
f 2660/2660/2405 2333/2333/2080 2659/2659/2404
f 2661/2661/2406 2656/2656/2401 2662/2662/2407
f 2656/2656/2401 2661/2661/2406 2657/2657/2402
f 2657/2657/2402 2661/2661/2406 2663/2663/2408
f 2657/2657/2402 2663/2663/2408 2658/2658/2403
f 2658/2658/2403 2664/2664/2409 2659/2659/2404
f 2658/2658/2403 2663/2663/2408 2664/2664/2409
f 2665/2665/2410 2664/2664/2409 2663/2663/2408
f 2666/2666/2411 2665/2665/2410 2663/2663/2408
f 2666/2666/2411 2663/2663/2408 2661/2661/2406
f 2666/2666/2411 2661/2661/2406 2667/2667/2412
f 2661/2661/2406 2662/2662/2407 2667/2667/2412
f 2668/2668/2413 2667/2667/2412 2662/2662/2407
f 2669/2669/2414 2668/2668/2413 2662/2662/2407
f 2656/2656/2401 2669/2669/2414 2662/2662/2407
f 2666/2666/2411 2667/2667/2412 2670/2670/2415
f 2671/2671/2416 2670/2670/2415 2672/2672/2417
f 2672/2672/2417 2670/2670/2415 2667/2667/2412
f 2672/2672/2417 2667/2667/2412 2673/2673/2418
f 2668/2668/2413 2673/2673/2418 2667/2667/2412
f 2674/2674/2419 2673/2673/2418 2668/2668/2413
f 2672/2672/2417 2673/2673/2418 2675/2675/2420
f 2675/2675/2420 2676/2676/2421 2677/2677/2422
f 2675/2675/2420 2673/2673/2418 2676/2676/2421
f 2678/2678/2423 2676/2676/2421 2673/2673/2418
f 2678/2678/2423 2673/2673/2418 2674/2674/2419
f 2678/2678/2423 2674/2674/2419 2679/2679/2424
f 2680/2680/2425 2679/2679/2424 2674/2674/2419
f 2593/2593/2340 2679/2679/2424 2680/2680/2425
f 2592/2592/2339 2593/2593/2340 2680/2680/2425
f 2678/2678/2423 2679/2679/2424 2681/2681/2426
f 2593/2593/2340 2681/2681/2426 2679/2679/2424
f 2593/2593/2340 2580/2580/2327 2682/2682/2427
f 2682/2682/2427 2681/2681/2426 2593/2593/2340
f 2682/2682/2427 2683/2683/2428 2681/2681/2426
f 2684/2684/2429 2681/2681/2426 2683/2683/2428
f 2678/2678/2423 2681/2681/2426 2684/2684/2429
f 2678/2678/2423 2684/2684/2429 2685/2685/2430
f 2678/2678/2423 2685/2685/2430 2686/2686/2431
f 2678/2678/2423 2686/2686/2431 2676/2676/2421
f 2687/2687/2432 2676/2676/2421 2686/2686/2431
f 2676/2676/2421 2687/2687/2432 2688/2688/2433
f 2685/2685/2430 2684/2684/2429 2689/2689/2434
f 2685/2685/2430 2689/2689/2434 2690/2690/2435
f 2685/2685/2430 2691/2691/2436 2692/2692/2437
f 2686/2686/2431 2685/2685/2430 2692/2692/2437
f 2686/2686/2431 2692/2692/2437 2693/2693/2438
f 2687/2687/2432 2686/2686/2431 2693/2693/2438
f 2687/2687/2432 2693/2693/2438 2694/2694/2439
f 2687/2687/2432 2694/2694/2439 2688/2688/2433
f 2695/2695/2440 2688/2688/2433 2694/2694/2439
f 2696/2696/2441 2688/2688/2433 2695/2695/2440
f 2695/2695/2440 2697/2697/2442 2696/2696/2441
f 2698/2698/2443 2696/2696/2441 2697/2697/2442
f 2692/2692/2437 2694/2694/2439 2693/2693/2438
f 2692/2692/2437 2691/2691/2436 2694/2694/2439
f 2699/2699/2444 2694/2694/2439 2691/2691/2436
f 2691/2691/2436 2700/2700/2445 2699/2699/2444
f 2699/2699/2444 2700/2700/2445 2697/2697/2442
f 2699/2699/2444 2697/2697/2442 2701/2701/2446
f 2695/2695/2440 2701/2701/2446 2697/2697/2442
f 2695/2695/2440 2694/2694/2439 2701/2701/2446
f 2699/2699/2444 2701/2701/2446 2694/2694/2439
f 2698/2698/2443 2702/2702/2447 2696/2696/2441
f 2702/2702/2447 2698/2698/2443 2703/2703/2448
f 2698/2698/2443 2697/2697/2442 2700/2700/2445
f 2698/2698/2443 2700/2700/2445 2704/2704/2449
f 2703/2703/2448 2698/2698/2443 2704/2704/2449
f 2703/2703/2448 2704/2704/2449 2705/2705/2450
f 2706/2706/2451 2703/2703/2448 2705/2705/2450
f 2706/2706/2451 2705/2705/2450 2707/2707/2452
f 2707/2707/2452 2708/2708/2453 2706/2706/2451
f 2707/2707/2452 2709/2709/2454 2708/2708/2453
f 2710/2710/2455 2708/2708/2453 2709/2709/2454
f 2710/2710/2455 2709/2709/2454 2711/2711/2456
f 2712/2712/2457 2710/2710/2455 2711/2711/2456
f 2712/2712/2457 2711/2711/2456 2709/2709/2454
f 2712/2712/2457 2709/2709/2454 2713/2713/2458
f 2707/2707/2452 2713/2713/2458 2709/2709/2454
f 2707/2707/2452 2714/2714/2459 2713/2713/2458
f 2714/2714/2459 2707/2707/2452 2705/2705/2450
f 2714/2714/2459 2705/2705/2450 2715/2715/2460
f 2704/2704/2449 2715/2715/2460 2705/2705/2450
f 2712/2712/2457 2713/2713/2458 2716/2716/2461
f 2717/2717/2307 2716/2716/2461 2713/2713/2458
f 2717/2717/2307 2713/2713/2458 2714/2714/2459
f 2717/2717/2307 2714/2714/2459 2715/2715/2460
f 2717/2717/2307 2715/2715/2460 2718/2718/2306
f 2719/2719/2462 2720/2720/2311 2718/2718/2306
f 2719/2719/2462 2718/2718/2306 2715/2715/2460
f 2721/2721/2463 2719/2719/2462 2715/2715/2460
f 2704/2704/2449 2721/2721/2463 2715/2715/2460
f 2721/2721/2463 2704/2704/2449 2722/2722/2464
f 2689/2689/2434 2722/2722/2464 2704/2704/2449
f 2689/2689/2434 2704/2704/2449 2700/2700/2445
f 2689/2689/2434 2700/2700/2445 2690/2690/2435
f 2691/2691/2436 2690/2690/2435 2700/2700/2445
f 2685/2685/2430 2690/2690/2435 2691/2691/2436
f 2723/2723/2465 2724/2724/2466 2725/2725/2467
f 2723/2723/2465 2725/2725/2467 2722/2722/2464
f 2721/2721/2463 2722/2722/2464 2725/2725/2467
f 2721/2721/2463 2726/2726/2468 2719/2719/2462
f 2727/2727/2469 2726/2726/2468 2721/2721/2463
f 2727/2727/2469 2721/2721/2463 2725/2725/2467
f 2728/2728/2470 2727/2727/2469 2725/2725/2467
f 2728/2728/2470 2725/2725/2467 2724/2724/2466
f 2728/2728/2470 2724/2724/2466 2729/2729/2471
f 2723/2723/2465 2729/2729/2471 2724/2724/2466
f 2723/2723/2465 2730/2730/2472 2729/2729/2471
f 2722/2722/2464 2730/2730/2472 2723/2723/2465
f 2722/2722/2464 2731/2731/2473 2730/2730/2472
f 2732/2732/2474 2730/2730/2472 2731/2731/2473
f 2733/2733/2475 2734/2734/2476 2729/2729/2471
f 2728/2728/2470 2729/2729/2471 2734/2734/2476
f 2734/2734/2476 2727/2727/2469 2728/2728/2470
f 2735/2735/2477 2736/2736/2478 2734/2734/2476
f 2734/2734/2476 2736/2736/2478 2727/2727/2469
f 2737/2737/2479 2727/2727/2469 2736/2736/2478
f 2737/2737/2479 2726/2726/2468 2727/2727/2469
f 2738/2738/2480 2739/2739/2481 2740/2740/2482
f 2735/2735/2477 2738/2738/2480 2740/2740/2482
f 2736/2736/2478 2735/2735/2477 2740/2740/2482
f 2736/2736/2478 2740/2740/2482 2737/2737/2479
f 2735/2735/2477 2741/2741/2483 2738/2738/2480
f 2738/2738/2480 2741/2741/2483 2732/2732/2474
f 2742/2742/2484 2732/2732/2474 2741/2741/2483
f 2732/2732/2474 2742/2742/2484 2730/2730/2472
f 2742/2742/2484 2729/2729/2471 2730/2730/2472
f 2742/2742/2484 2743/2743/2485 2729/2729/2471
f 2733/2733/2475 2729/2729/2471 2743/2743/2485
f 2741/2741/2483 2733/2733/2475 2743/2743/2485
f 2741/2741/2483 2735/2735/2477 2733/2733/2475
f 2735/2735/2477 2734/2734/2476 2733/2733/2475
f 2742/2742/2484 2741/2741/2483 2743/2743/2485
f 2689/2689/2434 2731/2731/2473 2722/2722/2464
f 2689/2689/2434 2732/2732/2474 2731/2731/2473
f 2689/2689/2434 2684/2684/2429 2732/2732/2474
f 2738/2738/2480 2732/2732/2474 2684/2684/2429
f 2684/2684/2429 2683/2683/2428 2738/2738/2480
f 2738/2738/2480 2683/2683/2428 2739/2739/2481
f 2739/2739/2481 2683/2683/2428 2682/2682/2427
f 2739/2739/2481 2682/2682/2427 2744/2744/2486
f 2580/2580/2327 2744/2744/2486 2682/2682/2427
f 2580/2580/2327 2579/2579/2326 2744/2744/2486
f 2745/2745/2487 2746/2746/2488 2747/2747/2489
f 2748/2748/2490 2749/2749/2491 2750/2750/2492
f 2751/2751/2493 2750/2750/2492 2749/2749/2491
f 2751/2751/2493 2752/2752/2494 2750/2750/2492
f 2753/2753/2495 2752/2752/2494 2751/2751/2493
f 2753/2753/2495 2747/2747/2489 2752/2752/2494
f 2754/2754/2496 2752/2752/2494 2747/2747/2489
f 2754/2754/2496 2747/2747/2489 2746/2746/2488
f 2755/2755/2497 2754/2754/2496 2746/2746/2488
f 2755/2755/2497 2746/2746/2488 2756/2756/2498
f 2757/2757/2499 2755/2755/2497 2756/2756/2498
f 2758/2758/2500 2750/2750/2492 2752/2752/2494
f 2758/2758/2500 2759/2759/2501 2750/2750/2492
f 2748/2748/2490 2750/2750/2492 2759/2759/2501
f 2748/2748/2490 2759/2759/2501 2760/2760/2502
f 2748/2748/2490 2760/2760/2502 2761/2761/2503
f 2761/2761/2503 2760/2760/2502 2759/2759/2501
f 2761/2761/2503 2759/2759/2501 2762/2762/2504
f 2758/2758/2500 2762/2762/2504 2759/2759/2501
f 2758/2758/2500 2763/2763/2505 2762/2762/2504
f 2764/2764/2506 2765/2765/2507 2766/2766/2508
f 2764/2764/2506 2766/2766/2508 2763/2763/2505
f 2767/2767/2509 2763/2763/2505 2766/2766/2508
f 2767/2767/2509 2762/2762/2504 2763/2763/2505
f 2767/2767/2509 2768/2768/2510 2762/2762/2504
f 2761/2761/2503 2762/2762/2504 2768/2768/2510
f 2761/2761/2503 2768/2768/2510 2769/2769/2511
f 2770/2770/2512 2761/2761/2503 2769/2769/2511
f 2748/2748/2490 2761/2761/2503 2770/2770/2512
f 2748/2748/2490 2770/2770/2512 2749/2749/2491
f 2771/2771/2513 2772/2772/2514 2773/2773/2515
f 2772/2772/2514 2774/2774/2516 2773/2773/2515
f 2764/2764/2506 2773/2773/2515 2774/2774/2516
f 2764/2764/2506 2774/2774/2516 2775/2775/2517
f 2764/2764/2506 2775/2775/2517 2765/2765/2507
f 2776/2776/2518 2765/2765/2507 2775/2775/2517
f 2776/2776/2518 2777/2777/2519 2765/2765/2507
f 2778/2778/2520 2777/2777/2519 2776/2776/2518
f 2778/2778/2520 2765/2765/2507 2777/2777/2519
f 2778/2778/2520 2766/2766/2508 2765/2765/2507
f 2772/2772/2514 2779/2779/2521 2774/2774/2516
f 2780/2780/2522 2779/2779/2521 2772/2772/2514
f 2767/2767/2509 2766/2766/2508 2781/2781/2523
f 2778/2778/2520 2781/2781/2523 2766/2766/2508
f 2778/2778/2520 2782/2782/2524 2781/2781/2523
f 2778/2778/2520 2776/2776/2518 2782/2782/2524
f 2782/2782/2524 2776/2776/2518 2783/2783/2525
f 2776/2776/2518 2784/2784/2526 2783/2783/2525
f 2776/2776/2518 2775/2775/2517 2784/2784/2526
f 2785/2785/2527 2784/2784/2526 2775/2775/2517
f 2785/2785/2527 2775/2775/2517 2774/2774/2516
f 2785/2785/2527 2774/2774/2516 2786/2786/2528
f 2779/2779/2521 2786/2786/2528 2774/2774/2516
f 2779/2779/2521 2787/2787/2529 2786/2786/2528
f 2779/2779/2521 2788/2788/2530 2787/2787/2529
f 2789/2789/2531 2787/2787/2529 2788/2788/2530
f 2789/2789/2531 2788/2788/2530 2790/2790/2532
f 2789/2789/2531 2790/2790/2532 2791/2791/2533
f 2792/2792/2534 2789/2789/2531 2791/2791/2533
f 2793/2793/2535 2789/2789/2531 2792/2792/2534
f 2793/2793/2535 2792/2792/2534 2794/2794/2536
f 2793/2793/2535 2794/2794/2536 2786/2786/2528
f 2785/2785/2527 2786/2786/2528 2794/2794/2536
f 2793/2793/2535 2795/2795/2537 2789/2789/2531
f 2789/2789/2531 2795/2795/2537 2787/2787/2529
f 2793/2793/2535 2787/2787/2529 2795/2795/2537
f 2793/2793/2535 2786/2786/2528 2787/2787/2529
f 2796/2796/2538 2790/2790/2532 2788/2788/2530
f 2796/2796/2538 2788/2788/2530 2797/2797/2539
f 2796/2796/2538 2797/2797/2539 2798/2798/2540
f 2799/2799/2541 2798/2798/2540 2797/2797/2539
f 2796/2796/2538 2798/2798/2540 2800/2800/2542
f 2801/2801/2543 2802/2802/2544 2799/2799/2541
f 2801/2801/2543 2799/2799/2541 2797/2797/2539
f 2801/2801/2543 2797/2797/2539 2780/2780/2522
f 2780/2780/2522 2797/2797/2539 2779/2779/2521
f 2779/2779/2521 2797/2797/2539 2788/2788/2530
f 2799/2799/2541 2802/2802/2544 2803/2803/2545
f 2799/2799/2541 2803/2803/2545 2804/2804/2546
f 2799/2799/2541 2804/2804/2546 2798/2798/2540
f 2805/2805/2547 2798/2798/2540 2804/2804/2546
f 2805/2805/2547 2800/2800/2542 2798/2798/2540
f 2805/2805/2547 2806/2806/2548 2800/2800/2542
f 2805/2805/2547 2807/2807/2549 2806/2806/2548
f 2806/2806/2548 2807/2807/2549 2808/2808/2550
f 2807/2807/2549 2809/2809/2551 2808/2808/2550
f 2807/2807/2549 2803/2803/2545 2809/2809/2551
f 2810/2810/2552 2809/2809/2551 2803/2803/2545
f 2805/2805/2547 2811/2811/2553 2807/2807/2549
f 2805/2805/2547 2804/2804/2546 2811/2811/2553
f 2807/2807/2549 2811/2811/2553 2804/2804/2546
f 2807/2807/2549 2804/2804/2546 2803/2803/2545
f 2812/2812/2554 2813/2813/2555 2814/2814/2556
f 2815/2815/2557 2814/2814/2556 2813/2813/2555
f 2815/2815/2557 2813/2813/2555 2816/2816/2558
f 2817/2817/2559 2815/2815/2557 2816/2816/2558
f 2818/2818/2560 2815/2815/2557 2817/2817/2559
f 2818/2818/2560 2817/2817/2559 2819/2819/2311
f 2818/2818/2560 2819/2819/2311 2820/2820/2561
f 2810/2810/2552 2820/2820/2561 2819/2819/2311
f 2810/2810/2552 2802/2802/2544 2820/2820/2561
f 2810/2810/2552 2803/2803/2545 2802/2802/2544
f 2821/2821/2562 2820/2820/2561 2802/2802/2544
f 2821/2821/2562 2822/2822/2563 2820/2820/2561
f 2818/2818/2560 2820/2820/2561 2822/2822/2563
f 2818/2818/2560 2822/2822/2563 2823/2823/2564
f 2818/2818/2560 2823/2823/2564 2815/2815/2557
f 2815/2815/2557 2823/2823/2564 2822/2822/2563
f 2815/2815/2557 2822/2822/2563 2814/2814/2556
f 2821/2821/2562 2814/2814/2556 2822/2822/2563
f 2821/2821/2562 2824/2824/2565 2814/2814/2556
f 2825/2825/2566 2826/2826/2567 2827/2827/2568
f 2825/2825/2566 2827/2827/2568 2828/2828/2569
f 2825/2825/2566 2828/2828/2569 2829/2829/2570
f 2828/2828/2569 2824/2824/2565 2829/2829/2570
f 2829/2829/2570 2824/2824/2565 2830/2830/2571
f 2821/2821/2562 2830/2830/2571 2824/2824/2565
f 2821/2821/2562 2831/2831/2572 2830/2830/2571
f 2802/2802/2544 2831/2831/2572 2821/2821/2562
f 2802/2802/2544 2832/2832/2573 2831/2831/2572
f 2801/2801/2543 2832/2832/2573 2802/2802/2544
f 2829/2829/2570 2830/2830/2571 2833/2833/2574
f 2834/2834/2575 2831/2831/2572 2832/2832/2573
f 2834/2834/2575 2830/2830/2571 2831/2831/2572
f 2834/2834/2575 2835/2835/2576 2830/2830/2571
f 2833/2833/2574 2830/2830/2571 2835/2835/2576
f 2833/2833/2574 2835/2835/2576 2836/2836/2577
f 2836/2836/2577 2837/2837/2578 2833/2833/2574
f 2837/2837/2578 2829/2829/2570 2833/2833/2574
f 2837/2837/2578 2838/2838/2579 2829/2829/2570
f 2825/2825/2566 2829/2829/2570 2838/2838/2579
f 2825/2825/2566 2838/2838/2579 2839/2839/2548
f 2840/2840/2580 2841/2841/2581 2842/2842/2582
f 2842/2842/2582 2843/2843/2583 2840/2840/2580
f 2842/2842/2582 2844/2844/2584 2843/2843/2583
f 2845/2845/2585 2843/2843/2583 2844/2844/2584
f 2837/2837/2578 2845/2845/2585 2844/2844/2584
f 2846/2846/2586 2845/2845/2585 2837/2837/2578
f 2836/2836/2577 2846/2846/2586 2837/2837/2578
f 2847/2847/2587 2846/2846/2586 2836/2836/2577
f 2836/2836/2577 2848/2848/2588 2847/2847/2587
f 2836/2836/2577 2835/2835/2576 2848/2848/2588
f 2847/2847/2587 2848/2848/2588 2849/2849/2589
f 2847/2847/2587 2850/2850/2590 2846/2846/2586
f 2850/2850/2590 2851/2851/2591 2846/2846/2586
f 2846/2846/2586 2851/2851/2591 2845/2845/2585
f 2851/2851/2591 2364/2364/2111 2845/2845/2585
f 2845/2845/2585 2364/2364/2111 2843/2843/2583
f 2362/2362/2109 2843/2843/2583 2364/2364/2111
f 2852/2852/2592 2843/2843/2583 2362/2362/2109
f 2359/2359/2106 2852/2852/2592 2362/2362/2109
f 2359/2359/2106 2352/2352/2099 2852/2852/2592
f 2352/2352/2099 2359/2359/2106 2353/2353/2100
f 2852/2852/2592 2840/2840/2580 2843/2843/2583
f 2840/2840/2580 2852/2852/2592 2853/2853/2593
f 2854/2854/2594 2853/2853/2593 2852/2852/2592
f 2854/2854/2594 2852/2852/2592 2352/2352/2099
f 2854/2854/2594 2352/2352/2099 2855/2855/2092
f 2351/2351/2098 2855/2855/2092 2352/2352/2099
f 2351/2351/2098 2856/2856/2595 2855/2855/2092
f 2351/2351/2098 2349/2349/2096 2856/2856/2595
f 2349/2349/2096 2857/2857/2596 2856/2856/2595
f 2349/2349/2096 2348/2348/2095 2857/2857/2596
f 2855/2855/2092 2856/2856/2595 2857/2857/2596
f 2855/2855/2092 2857/2857/2596 2854/2854/2594
f 2347/2347/2094 2858/2858/2597 2348/2348/2095
f 2857/2857/2596 2348/2348/2095 2858/2858/2597
f 2857/2857/2596 2858/2858/2597 2859/2859/2598
f 2854/2854/2594 2857/2857/2596 2859/2859/2598
f 2854/2854/2594 2859/2859/2598 2860/2860/2599
f 2854/2854/2594 2860/2860/2599 2853/2853/2593
f 2860/2860/2599 2861/2861/2600 2853/2853/2593
f 2853/2853/2593 2861/2861/2600 2862/2862/2601
f 2863/2863/2602 2862/2862/2601 2861/2861/2600
f 2863/2863/2602 2864/2864/2603 2862/2862/2601
f 2865/2865/2604 2862/2862/2601 2864/2864/2603
f 2863/2863/2602 2861/2861/2600 2866/2866/2605
f 2863/2863/2602 2867/2867/2606 2864/2864/2603
f 2866/2866/2605 2867/2867/2606 2863/2863/2602
f 2866/2866/2605 2868/2868/2607 2867/2867/2606
f 2868/2868/2607 2866/2866/2605 2861/2861/2600
f 2868/2868/2607 2861/2861/2600 2869/2869/2608
f 2860/2860/2599 2869/2869/2608 2861/2861/2600
f 2870/2870/2609 2869/2869/2608 2860/2860/2599
f 2870/2870/2609 2860/2860/2599 2871/2871/2610
f 2870/2870/2609 2871/2871/2610 2872/2872/2611
f 2873/2873/2612 2872/2872/2611 2871/2871/2610
f 2870/2870/2609 2874/2874/2613 2869/2869/2608
f 2868/2868/2607 2869/2869/2608 2874/2874/2613
f 2868/2868/2607 2874/2874/2613 2875/2875/2614
f 2875/2875/2614 2867/2867/2606 2868/2868/2607
f 2859/2859/2598 2871/2871/2610 2860/2860/2599
f 2859/2859/2598 2876/2876/2615 2871/2871/2610
f 2873/2873/2612 2871/2871/2610 2876/2876/2615
f 2873/2873/2612 2876/2876/2615 2877/2877/2616
f 2873/2873/2612 2878/2878/2617 2872/2872/2611
f 2877/2877/2616 2878/2878/2617 2873/2873/2612
f 2877/2877/2616 2879/2879/2618 2878/2878/2617
f 2879/2879/2618 2877/2877/2616 2876/2876/2615
f 2879/2879/2618 2876/2876/2615 2880/2880/2619
f 2859/2859/2598 2880/2880/2619 2876/2876/2615
f 2859/2859/2598 2858/2858/2597 2880/2880/2619
f 2881/2881/2620 2880/2880/2619 2858/2858/2597
f 2881/2881/2620 2858/2858/2597 2882/2882/2621
f 2881/2881/2620 2882/2882/2621 2883/2883/2622
f 2881/2881/2620 2884/2884/2623 2880/2880/2619
f 2879/2879/2618 2880/2880/2619 2884/2884/2623
f 2879/2879/2618 2884/2884/2623 2885/2885/2624
f 2885/2885/2624 2878/2878/2617 2879/2879/2618
f 2347/2347/2094 2882/2882/2621 2858/2858/2597
f 2347/2347/2094 2886/2886/2625 2882/2882/2621
f 2887/2887/2626 2882/2882/2621 2886/2886/2625
f 2887/2887/2626 2886/2886/2625 2888/2888/2627
f 2887/2887/2626 2883/2883/2622 2882/2882/2621
f 2887/2887/2626 2889/2889/2628 2883/2883/2622
f 2888/2888/2627 2889/2889/2628 2887/2887/2626
f 2888/2888/2627 2890/2890/2629 2889/2889/2628
f 2890/2890/2629 2888/2888/2627 2886/2886/2625
f 2890/2890/2629 2886/2886/2625 2891/2891/2630
f 2347/2347/2094 2891/2891/2630 2886/2886/2625
f 2347/2347/2094 2892/2892/2631 2891/2891/2630
f 2347/2347/2094 2334/2334/2081 2892/2892/2631
f 2892/2892/2631 2334/2334/2081 2333/2333/2080
f 2893/2893/2632 2891/2891/2630 2892/2892/2631
f 2893/2893/2632 2894/2894/2633 2891/2891/2630
f 2890/2890/2629 2891/2891/2630 2894/2894/2633
f 2890/2890/2629 2894/2894/2633 2895/2895/2604
f 2895/2895/2604 2889/2889/2628 2890/2890/2629
f 2892/2892/2631 2333/2333/2080 2660/2660/2405
f 2660/2660/2405 2896/2896/2634 2892/2892/2631
f 2893/2893/2632 2892/2892/2631 2896/2896/2634
f 2893/2893/2632 2896/2896/2634 2897/2897/2635
f 2898/2898/2636 2897/2897/2635 2896/2896/2634
f 2898/2898/2636 2899/2899/2637 2897/2897/2635
f 2900/2900/2638 2899/2899/2637 2898/2898/2636
f 2900/2900/2638 2901/2901/2639 2899/2899/2637
f 2901/2901/2639 2900/2900/2638 2902/2902/2640
f 2901/2901/2639 2902/2902/2640 2903/2903/2641
f 2660/2660/2405 2902/2902/2640 2896/2896/2634
f 2898/2898/2636 2896/2896/2634 2902/2902/2640
f 2898/2898/2636 2902/2902/2640 2900/2900/2638
f 2904/2904/2642 2899/2899/2637 2901/2901/2639
f 2901/2901/2639 2905/2905/2643 2904/2904/2642
f 2901/2901/2639 2903/2903/2641 2905/2905/2643
f 2906/2906/2244 2905/2905/2643 2903/2903/2641
f 2906/2906/2244 2903/2903/2641 2907/2907/2644
f 2906/2906/2244 2907/2907/2644 2908/2908/2645
f 2908/2908/2645 2907/2907/2644 2909/2909/2646
f 2906/2906/2244 2908/2908/2645 2910/2910/2235
f 2660/2660/2405 2903/2903/2641 2902/2902/2640
f 2660/2660/2405 2907/2907/2644 2903/2903/2641
f 2660/2660/2405 2659/2659/2404 2907/2907/2644
f 2659/2659/2404 2909/2909/2646 2907/2907/2644
f 2659/2659/2404 2664/2664/2409 2909/2909/2646
f 2909/2909/2646 2664/2664/2409 2911/2911/2647
f 2909/2909/2646 2911/2911/2647 2912/2912/2648
f 2702/2702/2447 2912/2912/2648 2911/2911/2647
f 2702/2702/2447 2913/2913/2649 2912/2912/2648
f 2702/2702/2447 2703/2703/2448 2913/2913/2649
f 2676/2676/2421 2688/2688/2433 2677/2677/2422
f 2696/2696/2441 2677/2677/2422 2688/2688/2433
f 2675/2675/2420 2677/2677/2422 2696/2696/2441
f 2675/2675/2420 2696/2696/2441 2702/2702/2447
f 2914/2914/2650 2675/2675/2420 2702/2702/2447
f 2914/2914/2650 2702/2702/2447 2911/2911/2647
f 2914/2914/2650 2911/2911/2647 2915/2915/2651
f 2915/2915/2651 2911/2911/2647 2664/2664/2409
f 2915/2915/2651 2664/2664/2409 2916/2916/2652
f 2665/2665/2410 2916/2916/2652 2664/2664/2409
f 2917/2917/2653 2914/2914/2650 2915/2915/2651
f 2917/2917/2653 2915/2915/2651 2918/2918/2654
f 2914/2914/2650 2919/2919/2655 2675/2675/2420
f 2920/2920/2656 2919/2919/2655 2914/2914/2650
f 2920/2920/2656 2914/2914/2650 2917/2917/2653
f 2917/2917/2653 2921/2921/2657 2920/2920/2656
f 2917/2917/2653 2918/2918/2654 2921/2921/2657
f 2922/2922/2658 2921/2921/2657 2918/2918/2654
f 2922/2922/2658 2918/2918/2654 2915/2915/2651
f 2922/2922/2658 2915/2915/2651 2916/2916/2652
f 2916/2916/2652 2923/2923/2659 2922/2922/2658
f 2922/2922/2658 2923/2923/2659 2921/2921/2657
f 2924/2924/2660 2921/2921/2657 2923/2923/2659
f 2924/2924/2660 2925/2925/2661 2921/2921/2657
f 2925/2925/2661 2920/2920/2656 2921/2921/2657
f 2916/2916/2652 2665/2665/2410 2923/2923/2659
f 2666/2666/2411 2923/2923/2659 2665/2665/2410
f 2666/2666/2411 2924/2924/2660 2923/2923/2659
f 2924/2924/2660 2666/2666/2411 2670/2670/2415
f 2924/2924/2660 2670/2670/2415 2925/2925/2661
f 2671/2671/2416 2925/2925/2661 2670/2670/2415
f 2925/2925/2661 2671/2671/2416 2920/2920/2656
f 2672/2672/2417 2920/2920/2656 2671/2671/2416
f 2672/2672/2417 2919/2919/2655 2920/2920/2656
f 2672/2672/2417 2675/2675/2420 2919/2919/2655
f 2926/2926/2662 2927/2927/2663 2928/2928/2664
f 2928/2928/2664 2927/2927/2663 2929/2929/2665
f 2929/2929/2665 2927/2927/2663 2930/2930/2666
f 2930/2930/2666 2927/2927/2663 2931/2931/2667
f 2931/2931/2667 2927/2927/2663 2932/2932/2668
f 2932/2932/2668 2927/2927/2663 2933/2933/2669
f 2933/2933/2669 2927/2927/2663 2926/2926/2662
f 2933/2933/2669 2934/2934/2670 2935/2935/2668
f 2933/2933/2669 2936/2936/2671 2934/2934/2670
f 2936/2936/2671 2933/2933/2669 2926/2926/2662
f 2936/2936/2671 2926/2926/2662 2937/2937/2672
f 2938/2938/2664 2937/2937/2672 2926/2926/2662
f 2938/2938/2664 2939/2939/2673 2937/2937/2672
f 2938/2938/2664 2940/2940/2674 2939/2939/2673
f 2939/2939/2673 2940/2940/2674 2941/2941/2496
f 2942/2942/2675 2941/2941/2496 2940/2940/2674
f 2942/2942/2675 2943/2943/2676 2941/2941/2496
f 2943/2943/2676 2942/2942/2675 2944/2944/2677
f 2943/2943/2676 2944/2944/2677 2945/2945/2678
f 2939/2939/2673 2941/2941/2496 2946/2946/2497
f 2944/2944/2677 2947/2947/2666 2948/2948/2667
f 2944/2944/2677 2942/2942/2675 2947/2947/2666
f 2947/2947/2666 2942/2942/2675 2940/2940/2674
f 2947/2947/2666 2940/2940/2674 2949/2949/2679
f 2938/2938/2664 2949/2949/2679 2940/2940/2674
f 2950/2950/2680 2939/2939/2673 2946/2946/2497
f 2950/2950/2680 2937/2937/2672 2939/2939/2673
f 2951/2951/2515 2937/2937/2672 2950/2950/2680
f 2951/2951/2515 2936/2936/2671 2937/2937/2672
f 2952/2952/2681 2936/2936/2671 2951/2951/2515
f 2953/2953/2505 2936/2936/2671 2952/2952/2681
f 2953/2953/2505 2934/2934/2670 2936/2936/2671
f 2953/2953/2505 2954/2954/2682 2934/2934/2670
f 2934/2934/2670 2954/2954/2682 2955/2955/2683
f 2934/2934/2670 2955/2955/2683 2935/2935/2668
f 2953/2953/2505 2956/2956/2684 2954/2954/2682
f 2957/2957/2685 2958/2958/2686 2959/2959/2687
f 2960/2960/2688 2957/2957/2685 2959/2959/2687
f 2961/2961/2689 2962/2962/2688 2959/2959/2687
f 2963/2963/2690 2961/2961/2689 2959/2959/2687
f 2959/2959/2687 2958/2958/2686 2963/2963/2690
f 2963/2963/2690 2958/2958/2686 2964/2964/2691
f 2957/2957/2685 2964/2964/2691 2958/2958/2686
f 2957/2957/2685 2965/2965/2692 2964/2964/2691
f 2965/2965/2692 2957/2957/2685 2960/2960/2688
f 2965/2965/2692 2960/2960/2688 2966/2966/2693
f 2967/2967/2694 2965/2965/2692 2966/2966/2693
f 2967/2967/2694 2966/2966/2693 2968/2968/2695
f 2969/2969/2696 2967/2967/2694 2968/2968/2695
f 2969/2969/2696 2968/2968/2695 2970/2970/2697
f 2971/2971/2698 2961/2961/2689 2963/2963/2690
f 2963/2963/2690 2964/2964/2691 2972/2972/2699
f 2971/2971/2698 2963/2963/2690 2972/2972/2699
f 2973/2973/2700 2971/2971/2698 2972/2972/2699
f 2973/2973/2700 2972/2972/2699 2974/2974/2701
f 2972/2972/2699 2975/2975/2702 2974/2974/2701
f 2972/2972/2699 2964/2964/2691 2975/2975/2702
f 2965/2965/2692 2975/2975/2702 2964/2964/2691
f 2965/2965/2692 2967/2967/2694 2975/2975/2702
f 2967/2967/2694 2976/2976/2703 2975/2975/2702
f 2967/2967/2694 2969/2969/2696 2976/2976/2703
f 2975/2975/2702 2976/2976/2703 2977/2977/2704
f 2975/2975/2702 2977/2977/2704 2974/2974/2701
f 2978/2978/2705 2974/2974/2701 2977/2977/2704
f 2978/2978/2705 2973/2973/2700 2974/2974/2701
f 2979/2979/2697 2973/2973/2700 2978/2978/2705
f 2979/2979/2697 2980/2980/2695 2973/2973/2700
f 2980/2980/2695 2971/2971/2698 2973/2973/2700
f 2980/2980/2695 2981/2981/2706 2971/2971/2698
f 2981/2981/2706 2961/2961/2689 2971/2971/2698
f 2981/2981/2706 2962/2962/2688 2961/2961/2689
f 2982/2982/2707 2983/2983/2708 2984/2984/2709
f 2985/2985/2710 2983/2983/2708 2982/2982/2707
f 2985/2985/2710 2982/2982/2707 2986/2986/2711
f 2985/2985/2710 2986/2986/2711 2987/2987/2712
f 2984/2984/2709 2435/2435/2182 2436/2436/2183
f 2984/2984/2709 2436/2436/2183 2988/2988/2713
f 2982/2982/2707 2984/2984/2709 2988/2988/2713
f 2988/2988/2713 2989/2989/2714 2982/2982/2707
f 2989/2989/2714 2986/2986/2711 2982/2982/2707
f 2989/2989/2714 2990/2990/2715 2986/2986/2711
f 2987/2987/2712 2986/2986/2711 2990/2990/2715
f 2987/2987/2712 2990/2990/2715 2991/2991/2716
f 2987/2987/2712 2991/2991/2716 2992/2992/2717
f 2993/2993/2718 2992/2992/2717 2991/2991/2716
f 2994/2994/2719 2989/2989/2714 2995/2995/2720
f 2988/2988/2713 2995/2995/2720 2989/2989/2714
f 2995/2995/2720 2988/2988/2713 2436/2436/2183
f 2995/2995/2720 2436/2436/2183 2996/2996/2721
f 2996/2996/2721 2994/2994/2719 2995/2995/2720
f 2996/2996/2721 2997/2997/2722 2994/2994/2719
f 2998/2998/2723 2994/2994/2719 2997/2997/2722
f 2998/2998/2723 2999/2999/2724 2994/2994/2719
f 2999/2999/2724 2998/2998/2723 3000/3000/2725
f 2999/2999/2724 3000/3000/2725 3001/3001/2726
f 3002/3002/2727 3001/3001/2726 3000/3000/2725
f 3002/3002/2727 3003/3003/2728 3001/3001/2726
f 2436/2436/2183 2426/2426/2173 2996/2996/2721
f 3004/3004/2729 2996/2996/2721 2426/2426/2173
f 3004/3004/2729 2997/2997/2722 2996/2996/2721
f 2997/2997/2722 3004/3004/2729 3005/3005/2730
f 2997/2997/2722 3005/3005/2730 2998/2998/2723
f 2998/2998/2723 3005/3005/2730 3006/3006/2731
f 2998/2998/2723 3006/3006/2731 3000/3000/2725
f 3000/3000/2725 3006/3006/2731 3007/3007/2732
f 3000/3000/2725 3007/3007/2732 3002/3002/2727
f 3008/3008/2733 3002/3002/2727 3007/3007/2732
f 3006/3006/2731 3009/3009/2734 3007/3007/2732
f 3007/3007/2732 3009/3009/2734 3010/3010/2735
f 3009/3009/2734 3011/3011/2736 3010/3010/2735
f 3007/3007/2732 3010/3010/2735 3008/3008/2733
f 3010/3010/2735 3012/3012/2737 3008/3008/2733
f 3010/3010/2735 3013/3013/2738 3012/3012/2737
f 3014/3014/2739 3013/3013/2738 3010/3010/2735
f 3014/3014/2739 3010/3010/2735 3011/3011/2736
f 3011/3011/2736 3015/3015/2740 3014/3014/2739
f 3011/3011/2736 3016/3016/2741 3015/3015/2740
f 3016/3016/2741 3011/3011/2736 3017/3017/2742
f 3009/3009/2734 3017/3017/2742 3011/3011/2736
f 3018/3018/2743 3017/3017/2742 3009/3009/2734
f 3006/3006/2731 3018/3018/2743 3009/3009/2734
f 3018/3018/2743 3006/3006/2731 3005/3005/2730
f 3019/3019/2744 3020/3020/2745 3012/3012/2737
f 3019/3019/2744 3012/3012/2737 3013/3013/2738
f 3021/3021/2746 3019/3019/2744 3013/3013/2738
f 3021/3021/2746 3013/3013/2738 3014/3014/2739
f 3022/3022/2747 3021/3021/2746 3014/3014/2739
f 3022/3022/2747 3014/3014/2739 3015/3015/2740
f 3022/3022/2747 3015/3015/2740 3023/3023/2748
f 3024/3024/2749 3015/3015/2740 3025/3025/2750
f 3024/3024/2749 3023/3023/2748 3015/3015/2740
f 3023/3023/2748 3024/3024/2749 3026/3026/2751
f 3023/3023/2748 3026/3026/2751 3027/3027/2752
f 3028/3028/2753 3023/3023/2748 3027/3027/2752
f 3022/3022/2747 3023/3023/2748 3028/3028/2753
f 3028/3028/2753 3029/3029/2754 3022/3022/2747
f 3021/3021/2746 3022/3022/2747 3029/3029/2754
f 3021/3021/2746 3029/3029/2754 3030/3030/2755
f 3019/3019/2744 3021/3021/2746 3030/3030/2755
f 3019/3019/2744 3030/3030/2755 3031/3031/2756
f 3020/3020/2745 3019/3019/2744 3031/3031/2756
f 3020/3020/2745 3031/3031/2756 3032/3032/2757
f 3033/3033/2758 3034/3034/2759 3030/3030/2755
f 3033/3033/2758 3030/3030/2755 3029/3029/2754
f 3033/3033/2758 3029/3029/2754 3035/3035/2760
f 3028/3028/2753 3035/3035/2760 3029/3029/2754
f 3036/3036/2761 3035/3035/2760 3028/3028/2753
f 3028/3028/2753 3027/3027/2752 3036/3036/2761
f 3036/3036/2761 3027/3027/2752 2850/2850/2590
f 3026/3026/2751 2850/2850/2590 3027/3027/2752
f 3026/3026/2751 3037/3037/2762 2850/2850/2590
f 2850/2850/2590 3037/3037/2762 2851/2851/2591
f 3038/3038/2763 3039/3039/2764 3040/3040/2765
f 3038/3038/2763 3040/3040/2765 3034/3034/2759
f 3041/3041/2766 3038/3038/2763 3034/3034/2759
f 3041/3041/2766 3034/3034/2759 3033/3033/2758
f 3041/3041/2766 3033/3033/2758 3042/3042/2767
f 3033/3033/2758 3035/3035/2760 3042/3042/2767
f 3042/3042/2767 3035/3035/2760 2849/2849/2589
f 3036/3036/2761 2849/2849/2589 3035/3035/2760
f 2847/2847/2587 2849/2849/2589 3036/3036/2761
f 3036/3036/2761 2850/2850/2590 2847/2847/2587
f 3043/3043/2768 3044/3044/2769 3045/3045/2770
f 3043/3043/2768 3045/3045/2770 3046/3046/2771
f 3047/3047/2772 3046/3046/2771 3045/3045/2770
f 3047/3047/2772 3048/3048/2773 3046/3046/2771
f 3049/3049/2774 3048/3048/2773 3047/3047/2772
f 3040/3040/2765 3048/3048/2773 3049/3049/2774
f 3040/3040/2765 3049/3049/2774 3032/3032/2757
f 3040/3040/2765 3032/3032/2757 3031/3031/2756
f 3034/3034/2759 3040/3040/2765 3031/3031/2756
f 3034/3034/2759 3031/3031/2756 3030/3030/2755
f 3008/3008/2733 3003/3003/2728 3002/3002/2727
f 3012/3012/2737 3003/3003/2728 3008/3008/2733
f 3012/3012/2737 3050/3050/2775 3003/3003/2728
f 3020/3020/2745 3050/3050/2775 3012/3012/2737
f 3020/3020/2745 3051/3051/2776 3050/3050/2775
f 3051/3051/2776 3020/3020/2745 3032/3032/2757
f 3051/3051/2776 3032/3032/2757 3052/3052/2777
f 3049/3049/2774 3052/3052/2777 3032/3032/2757
f 3049/3049/2774 3053/3053/2778 3052/3052/2777
f 3049/3049/2774 3047/3047/2772 3053/3053/2778
f 3051/3051/2776 3054/3054/2779 3050/3050/2775
f 3051/3051/2776 3055/3055/2780 3054/3054/2779
f 3055/3055/2780 3051/3051/2776 3052/3052/2777
f 3055/3055/2780 3052/3052/2777 3056/3056/2781
f 3053/3053/2778 3056/3056/2781 3052/3052/2777
f 3053/3053/2778 3057/3057/2782 3056/3056/2781
f 3053/3053/2778 3058/3058/2783 3057/3057/2782
f 3059/3059/2784 3057/3057/2782 3058/3058/2783
f 3060/3060/2785 3059/3059/2784 3058/3058/2783
f 3060/3060/2785 3061/3061/2786 3059/3059/2784
f 3059/3059/2784 3062/3062/2787 3057/3057/2782
f 3062/3062/2787 3056/3056/2781 3057/3057/2782
f 3054/3054/2779 3055/3055/2780 3063/3063/2788
f 3063/3063/2788 3055/3055/2780 3056/3056/2781
f 3063/3063/2788 3056/3056/2781 3064/3064/2789
f 3062/3062/2787 3064/3064/2789 3056/3056/2781
f 3062/3062/2787 3065/3065/2790 3064/3064/2789
f 3066/3066/2791 3064/3064/2789 3065/3065/2790
f 3066/3066/2791 3065/3065/2790 3067/3067/2555
f 3068/3068/2552 3069/3069/2792 3070/3070/2551
f 3068/3068/2552 3059/3059/2784 3069/3069/2792
f 3068/3068/2552 3071/3071/2793 3059/3059/2784
f 3062/3062/2787 3059/3059/2784 3071/3071/2793
f 3062/3062/2787 3071/3071/2793 3072/3072/2794
f 3062/3062/2787 3072/3072/2794 3065/3065/2790
f 3073/3073/2795 3065/3065/2790 3072/3072/2794
f 3073/3073/2795 3067/3067/2555 3065/3065/2790
f 3073/3073/2795 3074/3074/2558 3067/3067/2555
f 3075/3075/2559 3074/3074/2558 3073/3073/2795
f 3076/3076/2796 3073/3073/2795 3077/3077/2797
f 3073/3073/2795 3072/3072/2794 3077/3077/2797
f 3076/3076/2796 3077/3077/2797 3072/3072/2794
f 3076/3076/2796 3072/3072/2794 3071/3071/2793
f 3076/3076/2796 3075/3075/2559 3073/3073/2795
f 3076/3076/2796 3078/3078/2798 3075/3075/2559
f 3076/3076/2796 3071/3071/2793 3078/3078/2798
f 3068/3068/2552 3078/3078/2798 3071/3071/2793
f 3079/3079/2799 3080/3080/2800 3081/3081/2801
f 3082/3082/2495 3083/3083/2493 3084/3084/2802
f 3082/3082/2495 3084/3084/2802 3080/3080/2800
f 3085/3085/2803 3080/3080/2800 3084/3084/2802
f 3085/3085/2803 3081/3081/2801 3080/3080/2800
f 3086/3086/2804 3081/3081/2801 3085/3085/2803
f 3086/3086/2804 3087/3087/2805 3081/3081/2801
f 3088/3088/2806 3087/3087/2805 3086/3086/2804
f 3088/3088/2806 3086/3086/2804 3089/3089/2807
f 3090/3090/2808 3088/3088/2806 3089/3089/2807
f 3090/3090/2808 3089/3089/2807 3091/3091/2809
f 3091/3091/2809 3089/3089/2807 3092/3092/2810
f 3053/3053/2778 3047/3047/2772 3058/3058/2783
f 3058/3058/2783 3047/3047/2772 3045/3045/2770
f 3058/3058/2783 3045/3045/2770 3060/3060/2785
f 3044/3044/2769 3060/3060/2785 3045/3045/2770
f 3044/3044/2769 3093/3093/2811 3060/3060/2785
f 3093/3093/2811 3044/3044/2769 3091/3091/2809
f 3093/3093/2811 3091/3091/2809 3094/3094/2812
f 3091/3091/2809 3092/3092/2810 3094/3094/2812
f 3094/3094/2812 3092/3092/2810 3095/3095/2813
f 3096/3096/2814 3095/3095/2813 3092/3092/2810
f 3093/3093/2811 3094/3094/2812 3097/3097/2815
f 3094/3094/2812 3095/3095/2813 3097/3097/2815
f 3060/3060/2785 3093/3093/2811 3098/3098/2816
f 3093/3093/2811 3097/3097/2815 3098/3098/2816
f 3097/3097/2815 3099/3099/2817 3098/3098/2816
f 3100/3100/2538 3098/3098/2816 3099/3099/2817
f 3100/3100/2538 3099/3099/2817 3101/3101/2532
f 3097/3097/2815 3095/3095/2813 3102/3102/2818
f 3097/3097/2815 3102/3102/2818 3103/3103/2819
f 3097/3097/2815 3103/3103/2819 3099/3099/2817
f 3104/3104/2820 3099/3099/2817 3103/3103/2819
f 3104/3104/2820 3101/3101/2532 3099/3099/2817
f 3104/3104/2820 3105/3105/2821 3101/3101/2532
f 3106/3106/2534 3105/3105/2821 3104/3104/2820
f 3107/3107/2822 3106/3106/2534 3104/3104/2820
f 3107/3107/2822 3108/3108/2536 3106/3106/2534
f 3107/3107/2822 3102/3102/2818 3108/3108/2536
f 3104/3104/2820 3103/3103/2819 3109/3109/2823
f 3107/3107/2822 3104/3104/2820 3109/3109/2823
f 3107/3107/2822 3109/3109/2823 3103/3103/2819
f 3107/3107/2822 3103/3103/2819 3102/3102/2818
f 3060/3060/2785 3098/3098/2816 3061/3061/2786
f 3061/3061/2786 3098/3098/2816 3110/3110/2824
f 3100/3100/2538 3110/3110/2824 3098/3098/2816
f 3100/3100/2538 3111/3111/2825 3110/3110/2824
f 3112/3112/2826 3110/3110/2824 3111/3111/2825
f 3112/3112/2826 3111/3111/2825 3113/3113/2827
f 3112/3112/2826 3113/3113/2827 3114/3114/2828
f 3113/3113/2827 3115/3115/2550 3114/3114/2828
f 3114/3114/2828 3115/3115/2550 3070/3070/2551
f 3114/3114/2828 3070/3070/2551 3069/3069/2792
f 3112/3112/2826 3114/3114/2828 3116/3116/2829
f 3112/3112/2826 3116/3116/2829 3117/3117/2830
f 3112/3112/2826 3117/3117/2830 3110/3110/2824
f 3061/3061/2786 3110/3110/2824 3117/3117/2830
f 3061/3061/2786 3117/3117/2830 3069/3069/2792
f 3061/3061/2786 3069/3069/2792 3059/3059/2784
f 3114/3114/2828 3069/3069/2792 3117/3117/2830
f 3114/3114/2828 3117/3117/2830 3116/3116/2829
f 3118/3118/2831 3119/3119/2832 3120/3120/2833
f 3119/3119/2832 3121/3121/2834 3120/3120/2833
f 3119/3119/2832 2840/2840/2580 3121/3121/2834
f 2840/2840/2580 2853/2853/2593 3121/3121/2834
f 2853/2853/2593 2862/2862/2601 3121/3121/2834
f 2865/2865/2604 3121/3121/2834 2862/2862/2601
f 3120/3120/2833 3121/3121/2834 2865/2865/2604
f 3120/3120/2833 2865/2865/2604 3122/3122/2835
f 3123/3123/2836 3120/3120/2833 3122/3122/2835
f 3118/3118/2831 3120/3120/2833 3123/3123/2836
f 3124/3124/2837 3118/3118/2831 3123/3123/2836
f 3124/3124/2837 3119/3119/2832 3118/3118/2831
f 3124/3124/2837 2841/2841/2581 3119/3119/2832
f 2840/2840/2580 3119/3119/2832 2841/2841/2581
f 3125/3125/2838 3126/3126/2839 3127/3127/2840
f 3127/3127/2840 3126/3126/2839 3128/3128/2841
f 3127/3127/2840 3128/3128/2841 3129/3129/2842
f 2844/2844/2584 3129/3129/2842 3128/3128/2841
f 2844/2844/2584 2842/2842/2582 3129/3129/2842
f 3130/3130/2843 3129/3129/2842 2842/2842/2582
f 3130/3130/2843 2842/2842/2582 2841/2841/2581
f 3130/3130/2843 2841/2841/2581 3131/3131/2844
f 3124/3124/2837 3131/3131/2844 2841/2841/2581
f 3124/3124/2837 3132/3132/2845 3131/3131/2844
f 3124/3124/2837 3123/3123/2836 3132/3132/2845
f 3132/3132/2845 3123/3123/2836 3133/3133/2846
f 3123/3123/2836 3122/3122/2835 3133/3133/2846
f 2844/2844/2584 3128/3128/2841 3134/3134/2847
f 3125/3125/2838 3134/3134/2847 3128/3128/2841
f 3125/3125/2838 3128/3128/2841 3126/3126/2839
f 3130/3130/2843 3135/3135/2848 3129/3129/2842
f 3127/3127/2840 3129/3129/2842 3135/3135/2848
f 3127/3127/2840 3135/3135/2848 3136/3136/2849
f 3137/3137/2850 3127/3127/2840 3136/3136/2849
f 3125/3125/2838 3127/3127/2840 3137/3137/2850
f 3125/3125/2838 3137/3137/2850 3138/3138/2851
f 3125/3125/2838 3138/3138/2851 3134/3134/2847
f 2839/2839/2548 3134/3134/2847 3138/3138/2851
f 2839/2839/2548 2838/2838/2579 3134/3134/2847
f 2844/2844/2584 3134/3134/2847 2838/2838/2579
f 2837/2837/2578 2844/2844/2584 2838/2838/2579
f 2825/2825/2566 2839/2839/2548 3139/3139/2852
f 3139/3139/2852 2826/2826/2567 2825/2825/2566
f 3139/3139/2852 3140/3140/2558 2826/2826/2567
f 3140/3140/2558 2827/2827/2568 2826/2826/2567
f 3140/3140/2558 3141/3141/2853 2827/2827/2568
f 2828/2828/2569 2827/2827/2568 3141/3141/2853
f 2828/2828/2569 3141/3141/2853 3142/3142/2854
f 2828/2828/2569 3142/3142/2854 2824/2824/2565
f 3142/3142/2854 2812/2812/2554 2824/2824/2565
f 2812/2812/2554 2814/2814/2556 2824/2824/2565
f 3140/3140/2558 3143/3143/2559 3141/3141/2853
f 3141/3141/2853 3143/3143/2559 3144/3144/2606
f 3141/3141/2853 3144/3144/2606 3142/3142/2854
f 3142/3142/2854 3144/3144/2606 2812/2812/2554
f 3145/3145/2855 3146/3146/2856 3147/3147/2857
f 3145/3145/2855 3147/3147/2857 3148/3148/2858
f 3149/3149/2859 3148/3148/2858 3147/3147/2857
f 3149/3149/2859 3150/3150/2860 3148/3148/2858
f 3150/3150/2860 3151/3151/2861 3152/3152/2862
f 3150/3150/2860 3152/3152/2862 3148/3148/2858
f 3153/3153/2863 3148/3148/2858 3152/3152/2862
f 3153/3153/2863 3145/3145/2855 3148/3148/2858
f 3154/3154/2864 3145/3145/2855 3153/3153/2863
f 3154/3154/2864 2397/2397/2144 3145/3145/2855
f 2397/2397/2144 3146/3146/2856 3145/3145/2855
f 2397/2397/2144 2400/2400/2147 3146/3146/2856
f 2394/2394/2141 3146/3146/2856 2400/2400/2147
f 2394/2394/2141 2393/2393/2140 3146/3146/2856
f 3151/3151/2861 3155/3155/2865 3156/3156/2866
f 3151/3151/2861 3156/3156/2866 3152/3152/2862
f 3152/3152/2862 3156/3156/2866 3157/3157/2867
f 3152/3152/2862 3157/3157/2867 3153/3153/2863
f 3153/3153/2863 3157/3157/2867 3158/3158/2868
f 3153/3153/2863 3158/3158/2868 3154/3154/2864
f 2410/2410/2157 3154/3154/2864 3158/3158/2868
f 2410/2410/2157 2408/2408/2155 3154/3154/2864
f 3154/3154/2864 2408/2408/2155 2398/2398/2145
f 3154/3154/2864 2398/2398/2145 2397/2397/2144
f 2410/2410/2157 3158/3158/2868 3159/3159/2869
f 3016/3016/2741 3159/3159/2869 3158/3158/2868
f 3016/3016/2741 3017/3017/2742 3159/3159/2869
f 2410/2410/2157 3159/3159/2869 3017/3017/2742
f 2410/2410/2157 3017/3017/2742 2418/2418/2165
f 3018/3018/2743 2418/2418/2165 3017/3017/2742
f 2418/2418/2165 3018/3018/2743 2423/2423/2170
f 3018/3018/2743 3005/3005/2730 2423/2423/2170
f 2423/2423/2170 3005/3005/2730 3004/3004/2729
f 2423/2423/2170 3004/3004/2729 2424/2424/2171
f 2426/2426/2173 2424/2424/2171 3004/3004/2729
f 2364/2364/2111 3160/3160/2870 2373/2373/2120
f 2851/2851/2591 3160/3160/2870 2364/2364/2111
f 3155/3155/2865 3160/3160/2870 2851/2851/2591
f 3037/3037/2762 3155/3155/2865 2851/2851/2591
f 3037/3037/2762 3156/3156/2866 3155/3155/2865
f 3156/3156/2866 3037/3037/2762 3026/3026/2751
f 3156/3156/2866 3026/3026/2751 3157/3157/2867
f 3157/3157/2867 3026/3026/2751 3024/3024/2749
f 3157/3157/2867 3024/3024/2749 3158/3158/2868
f 3016/3016/2741 3158/3158/2868 3024/3024/2749
f 2389/2389/2136 3146/3146/2856 2393/2393/2140
f 2389/2389/2136 3147/3147/2857 3146/3146/2856
f 3147/3147/2857 2389/2389/2136 2390/2390/2137
f 3147/3147/2857 2390/2390/2137 3149/3149/2859
f 2390/2390/2137 2372/2372/2119 3149/3149/2859
f 3150/3150/2860 3149/3149/2859 2372/2372/2119
f 3150/3150/2860 2372/2372/2119 2373/2373/2120
f 2373/2373/2120 3151/3151/2861 3150/3150/2860
f 2373/2373/2120 3160/3160/2870 3151/3151/2861
f 3155/3155/2865 3151/3151/2861 3160/3160/2870
f 3161/3161/2871 3162/3162/2872 3163/3163/2873
f 3161/3161/2871 3164/3164/2874 3162/3162/2872
f 3164/3164/2874 3161/3161/2871 3165/3165/2875
f 3003/3003/2728 3165/3165/2875 3001/3001/2726
f 3165/3165/2875 2999/2999/2724 3001/3001/2726
f 3165/3165/2875 3161/3161/2871 2999/2999/2724
f 2994/2994/2719 2999/2999/2724 3161/3161/2871
f 2994/2994/2719 3161/3161/2871 3163/3163/2873
f 2994/2994/2719 3163/3163/2873 2989/2989/2714
f 3163/3163/2873 2990/2990/2715 2989/2989/2714
f 3163/3163/2873 3162/3162/2872 2990/2990/2715
f 2990/2990/2715 3162/3162/2872 2991/2991/2716
f 3164/3164/2874 2991/2991/2716 3162/3162/2872
f 3164/3164/2874 3166/3166/2876 2991/2991/2716
f 2993/2993/2718 2991/2991/2716 3166/3166/2876
f 3167/3167/2877 2993/2993/2718 3166/3166/2876
f 3166/3166/2876 3168/3168/2878 3167/3167/2877
f 3166/3166/2876 3164/3164/2874 3168/3168/2878
f 3168/3168/2878 3164/3164/2874 3169/3169/2879
f 3164/3164/2874 3165/3165/2875 3169/3169/2879
f 3170/3170/2880 3169/3169/2879 3165/3165/2875
f 3003/3003/2728 3170/3170/2880 3165/3165/2875
f 3050/3050/2775 3170/3170/2880 3003/3003/2728
f 3050/3050/2775 3054/3054/2779 3170/3170/2880
f 3168/3168/2878 3169/3169/2879 3171/3171/2881
f 3171/3171/2881 3172/3172/2882 3173/3173/2883
f 3171/3171/2881 3173/3173/2883 3168/3168/2878
f 3174/3174/2884 3168/3168/2878 3173/3173/2883
f 3174/3174/2884 3167/3167/2877 3168/3168/2878
f 3174/3174/2884 3175/3175/2885 3167/3167/2877
f 3176/3176/2886 3167/3167/2877 3175/3175/2885
f 3167/3167/2877 3176/3176/2886 2993/2993/2718
f 3177/3177/2887 2993/2993/2718 3176/3176/2886
f 2992/2992/2717 2993/2993/2718 3177/3177/2887
f 2992/2992/2717 3177/3177/2887 3178/3178/2888
f 3179/3179/2889 3180/3180/2890 3181/3181/2891
f 3176/3176/2886 3180/3180/2890 3179/3179/2889
f 3176/3176/2886 3179/3179/2889 3182/3182/2892
f 3177/3177/2887 3176/3176/2886 3182/3182/2892
f 3183/3183/2893 3177/3177/2887 3182/3182/2892
f 3183/3183/2893 3178/3178/2888 3177/3177/2887
f 2987/2987/2712 2992/2992/2717 3178/3178/2888
f 2987/2987/2712 3178/3178/2888 3184/3184/2894
f 2985/2985/2710 2987/2987/2712 3184/3184/2894
f 3184/3184/2894 3185/3185/2895 2985/2985/2710
f 3185/3185/2895 3184/3184/2894 3178/3178/2888
f 3185/3185/2895 3178/3178/2888 3186/3186/2896
f 3183/3183/2893 3186/3186/2896 3178/3178/2888
f 3187/3187/2897 3186/3186/2896 3183/3183/2893
f 3187/3187/2897 3183/3183/2893 3188/3188/2898
f 3187/3187/2897 3188/3188/2898 3189/3189/2899
f 3189/3189/2899 3188/3188/2898 3190/3190/2900
f 3189/3189/2899 3190/3190/2900 3191/3191/2901
f 3191/3191/2901 3190/3190/2900 3192/3192/2902
f 3193/3193/2903 3191/3191/2901 3192/3192/2902
f 3194/3194/2904 3193/3193/2903 3192/3192/2902
f 3194/3194/2904 3195/3195/2905 3193/3193/2903
f 3194/3194/2904 3196/3196/2906 3195/3195/2905
f 3187/3187/2897 3195/3195/2905 3196/3196/2906
f 3187/3187/2897 3196/3196/2906 3197/3197/2907
f 3187/3187/2897 3197/3197/2907 3198/3198/2908
f 3185/3185/2895 3187/3187/2897 3198/3198/2908
f 3185/3185/2895 3186/3186/2896 3187/3187/2897
f 3197/3197/2907 3196/3196/2906 3194/3194/2904
f 3187/3187/2897 3189/3189/2899 3195/3195/2905
f 3195/3195/2905 3189/3189/2899 3191/3191/2901
f 3195/3195/2905 3191/3191/2901 3193/3193/2903
f 3197/3197/2907 3194/3194/2904 3199/3199/2909
f 3200/3200/2910 3197/3197/2907 3199/3199/2909
f 3200/3200/2910 3199/3199/2909 2612/2612/2358
f 2611/2611/2357 3200/3200/2910 2612/2612/2358
f 3179/3179/2889 3201/3201/2911 3202/3202/2912
f 3203/3203/2913 3202/3202/2912 3201/3201/2911
f 3203/3203/2913 3204/3204/2914 3202/3202/2912
f 3205/3205/2915 3204/3204/2914 3203/3203/2913
f 3205/3205/2915 3206/3206/2916 3204/3204/2914
f 3206/3206/2916 3205/3205/2915 2494/2494/2241
f 3206/3206/2916 2494/2494/2241 3199/3199/2909
f 3199/3199/2909 2494/2494/2241 2493/2493/2240
f 3199/3199/2909 2493/2493/2240 2612/2612/2358
f 2493/2493/2240 2613/2613/2359 2612/2612/2358
f 3188/3188/2898 3183/3183/2893 3207/3207/2917
f 3183/3183/2893 3182/3182/2892 3207/3207/2917
f 3207/3207/2917 3182/3182/2892 3179/3179/2889
f 3207/3207/2917 3179/3179/2889 3202/3202/2912
f 3204/3204/2914 3207/3207/2917 3202/3202/2912
f 3204/3204/2914 3190/3190/2900 3207/3207/2917
f 3204/3204/2914 3192/3192/2902 3190/3190/2900
f 3204/3204/2914 3206/3206/2916 3192/3192/2902
f 3194/3194/2904 3192/3192/2902 3206/3206/2916
f 3194/3194/2904 3206/3206/2916 3199/3199/2909
f 3188/3188/2898 3207/3207/2917 3190/3190/2900
f 3208/3208/2918 3209/3209/2919 3210/3210/2617
f 3208/3208/2918 3210/3210/2617 3211/3211/2920
f 3211/3211/2920 3212/3212/2921 3208/3208/2918
f 3211/3211/2920 3213/3213/2922 3212/3212/2921
f 3214/3214/2923 3212/3212/2921 3213/3213/2922
f 3214/3214/2923 3213/3213/2922 3215/3215/2924
f 3181/3181/2891 3214/3214/2923 3215/3215/2924
f 3181/3181/2891 3215/3215/2924 3216/3216/2925
f 3179/3179/2889 3181/3181/2891 3216/3216/2925
f 3179/3179/2889 3216/3216/2925 3201/3201/2911
f 3209/3209/2919 3208/3208/2918 3212/3212/2921
f 3209/3209/2919 3212/3212/2921 3217/3217/2926
f 3214/3214/2923 3217/3217/2926 3212/3212/2921
f 3176/3176/2886 3175/3175/2885 3180/3180/2890
f 3175/3175/2885 3181/3181/2891 3180/3180/2890
f 3175/3175/2885 3174/3174/2884 3181/3181/2891
f 3174/3174/2884 3214/3214/2923 3181/3181/2891
f 3174/3174/2884 3218/3218/2927 3214/3214/2923
f 3214/3214/2923 3218/3218/2927 3217/3217/2926
f 3219/3219/2928 3217/3217/2926 3218/3218/2927
f 3219/3219/2928 3220/3220/2611 3217/3217/2926
f 3209/3209/2919 3217/3217/2926 3220/3220/2611
f 3209/3209/2919 3220/3220/2611 3210/3210/2617
f 3219/3219/2928 3218/3218/2927 3221/3221/2929
f 3219/3219/2928 3221/3221/2929 3222/3222/2613
f 3174/3174/2884 3173/3173/2883 3218/3218/2927
f 3218/3218/2927 3173/3173/2883 3223/3223/2930
f 3218/3218/2927 3223/3223/2930 3221/3221/2929
f 3224/3224/2931 3221/3221/2929 3223/3223/2930
f 3224/3224/2931 3222/3222/2613 3221/3221/2929
f 3224/3224/2931 3225/3225/2932 3222/3222/2613
f 3225/3225/2932 3224/3224/2931 3226/3226/2933
f 3227/3227/2934 3226/3226/2933 3224/3224/2931
f 3227/3227/2934 3228/3228/2935 3226/3226/2933
f 3228/3228/2935 3227/3227/2934 3223/3223/2930
f 3224/3224/2931 3223/3223/2930 3227/3227/2934
f 3229/3229/2604 3230/3230/2603 3231/3231/2936
f 3228/3228/2935 3231/3231/2936 3230/3230/2603
f 3228/3228/2935 3230/3230/2603 3226/3226/2933
f 3228/3228/2935 3223/3223/2930 3231/3231/2936
f 3173/3173/2883 3231/3231/2936 3223/3223/2930
f 3173/3173/2883 3172/3172/2882 3231/3231/2936
f 3229/3229/2604 3231/3231/2936 3172/3172/2882
f 3232/3232/2937 3229/3229/2604 3172/3172/2882
f 3232/3232/2937 3233/3233/2835 3229/3229/2604
f 3234/3234/2938 3233/3233/2835 3232/3232/2937
f 3234/3234/2938 3235/3235/2846 3233/3233/2835
f 3236/3236/2845 3235/3235/2846 3234/3234/2938
f 3237/3237/2939 3238/3238/2940 3239/3239/2941
f 3237/3237/2939 3240/3240/2844 3238/3238/2940
f 3241/3241/2942 3238/3238/2940 3240/3240/2844
f 3241/3241/2942 3240/3240/2844 3236/3236/2845
f 3241/3241/2942 3236/3236/2845 3234/3234/2938
f 3241/3241/2942 3234/3234/2938 3242/3242/2943
f 3242/3242/2943 3234/3234/2938 3232/3232/2937
f 3242/3242/2943 3232/3232/2937 3243/3243/2944
f 3243/3243/2944 3232/3232/2937 3172/3172/2882
f 3243/3243/2944 3172/3172/2882 3171/3171/2881
f 3244/3244/2548 3245/3245/2851 3246/3246/2945
f 3244/3244/2548 3246/3246/2945 3247/3247/2946
f 3248/3248/2947 3247/3247/2946 3246/3246/2945
f 3054/3054/2779 3247/3247/2946 3248/3248/2947
f 3054/3054/2779 3248/3248/2947 3170/3170/2880
f 3170/3170/2880 3248/3248/2947 3169/3169/2879
f 3239/3239/2941 3169/3169/2879 3248/3248/2947
f 3239/3239/2941 3171/3171/2881 3169/3169/2879
f 3171/3171/2881 3239/3239/2941 3238/3238/2940
f 3171/3171/2881 3238/3238/2940 3243/3243/2944
f 3241/3241/2942 3243/3243/2944 3238/3238/2940
f 3241/3241/2942 3242/3242/2943 3243/3243/2944
f 3249/3249/2948 3250/3250/2849 3251/3251/2949
f 3252/3252/2850 3250/3250/2849 3249/3249/2948
f 3253/3253/2950 3252/3252/2850 3249/3249/2948
f 3253/3253/2950 3245/3245/2851 3252/3252/2850
f 3253/3253/2950 3246/3246/2945 3245/3245/2851
f 3253/3253/2950 3254/3254/2951 3246/3246/2945
f 3248/3248/2947 3246/3246/2945 3254/3254/2951
f 3248/3248/2947 3254/3254/2951 3255/3255/2952
f 3248/3248/2947 3255/3255/2952 3239/3239/2941
f 3237/3237/2939 3239/3239/2941 3255/3255/2952
f 3253/3253/2950 3249/3249/2948 3256/3256/2953
f 3253/3253/2950 3256/3256/2953 3254/3254/2951
f 3249/3249/2948 3254/3254/2951 3256/3256/2953
f 3249/3249/2948 3255/3255/2952 3254/3254/2951
f 3249/3249/2948 3251/3251/2949 3255/3255/2952
f 3237/3237/2939 3255/3255/2952 3251/3251/2949
f 3257/3257/2954 2626/2626/2371 2632/2632/2377
f 3257/3257/2954 2632/2632/2377 2466/2466/2213
f 2466/2466/2213 2468/2468/2215 3257/3257/2954
f 2468/2468/2215 2626/2626/2371 3257/3257/2954
f 2468/2468/2215 2624/2624/2369 2626/2626/2371
f 3258/3258/2955 3259/3259/2956 3260/3260/2957
f 3259/3259/2956 3261/3261/2958 3260/3260/2957
f 3261/3261/2958 3262/3262/2959 3260/3260/2957
f 3262/3262/2959 3263/3263/2960 3260/3260/2957
f 3263/3263/2960 3264/3264/2961 3260/3260/2957
f 3264/3264/2961 3265/3265/2962 3260/3260/2957
f 3265/3265/2962 3258/3258/2955 3260/3260/2957
f 3265/3265/2962 3266/3266/2961 3267/3267/2963
f 3265/3265/2962 3267/3267/2963 3268/3268/2964
f 3268/3268/2964 3258/3258/2955 3265/3265/2962
f 3268/3268/2964 3269/3269/2965 3258/3258/2955
f 3270/3270/2956 3258/3258/2955 3269/3269/2965
f 3270/3270/2956 3269/3269/2965 3271/3271/2966
f 3270/3270/2956 3271/3271/2966 3272/3272/2967
f 3271/3271/2966 3273/3273/2803 3272/3272/2967
f 3274/3274/2968 3272/3272/2967 3273/3273/2803
f 3274/3274/2968 3273/3273/2803 3275/3275/2802
f 3275/3275/2802 3276/3276/2969 3274/3274/2968
f 3275/3275/2802 3277/3277/2970 3276/3276/2969
f 3271/3271/2966 3278/3278/2804 3273/3273/2803
f 3270/3270/2956 3272/3272/2967 3279/3279/2971
f 3280/3280/2959 3279/3279/2971 3272/3272/2967
f 3280/3280/2959 3272/3272/2967 3274/3274/2968
f 3276/3276/2969 3280/3280/2959 3274/3274/2968
f 3276/3276/2969 3281/3281/2960 3280/3280/2959
f 3282/3282/2972 3278/3278/2804 3271/3271/2966
f 3282/3282/2972 3271/3271/2966 3269/3269/2965
f 3283/3283/2810 3282/3282/2972 3269/3269/2965
f 3283/3283/2810 3269/3269/2965 3268/3268/2964
f 3284/3284/2973 3283/3283/2810 3268/3268/2964
f 3285/3285/2974 3284/3284/2973 3268/3268/2964
f 3285/3285/2974 3268/3268/2964 3267/3267/2963
f 3285/3285/2974 3267/3267/2963 3286/3286/2969
f 3267/3267/2963 3287/3287/2975 3286/3286/2969
f 3267/3267/2963 3266/3266/2961 3287/3287/2975
f 3285/3285/2974 3286/3286/2969 3288/3288/2976
f 3289/3289/2977 3290/3290/2978 3291/3291/2979
f 3292/3292/2980 3293/3293/2981 3294/3294/2982
f 3294/3294/2982 3293/3293/2981 3295/3295/2983
f 3296/3296/2984 3295/3295/2983 3293/3293/2981
f 3297/3297/2985 3295/3295/2983 3296/3296/2984
f 3297/3297/2985 3296/3296/2984 3289/3289/2977
f 3297/3297/2985 3289/3289/2977 3298/3298/2986
f 3299/3299/2987 3298/3298/2986 3289/3289/2977
f 3289/3289/2977 3291/3291/2979 3299/3299/2987
f 3291/3291/2979 3300/3300/2988 3299/3299/2987
f 3291/3291/2979 3301/3301/2989 3300/3300/2988
f 3302/3302/2990 3303/3303/2991 3304/3304/2992
f 3305/3305/2993 3302/3302/2990 3304/3304/2992
f 3294/3294/2982 3302/3302/2990 3305/3305/2993
f 3294/3294/2982 3306/3306/2994 3302/3302/2990
f 3294/3294/2982 3295/3295/2983 3306/3306/2994
f 3295/3295/2983 3307/3307/2995 3306/3306/2994
f 3295/3295/2983 3308/3308/2996 3307/3307/2995
f 3297/3297/2985 3308/3308/2996 3295/3295/2983
f 3309/3309/2997 3308/3308/2996 3297/3297/2985
f 3309/3309/2997 3297/3297/2985 3298/3298/2986
f 3305/3305/2993 3304/3304/2992 3310/3310/2998
f 3311/3311/2999 3310/3310/2998 3304/3304/2992
f 3310/3310/2998 3311/3311/2999 3312/3312/3000
f 3310/3310/2998 3312/3312/3000 3313/3313/3001
f 3310/3310/2998 3313/3313/3001 3314/3314/3002
f 3305/3305/2993 3310/3310/2998 3314/3314/3002
f 3305/3305/2993 3314/3314/3002 3315/3315/3003
f 3315/3315/3003 3294/3294/2982 3305/3305/2993
f 3315/3315/3003 3316/3316/3004 3294/3294/2982
f 3292/3292/2980 3294/3294/2982 3316/3316/3004
f 3316/3316/3004 3317/3317/3005 3292/3292/2980
f 3317/3317/3005 3318/3318/3006 3292/3292/2980
f 3317/3317/3005 3319/3319/3007 3318/3318/3006
f 3320/3320/3008 3314/3314/3002 3313/3313/3001
f 3317/3317/3005 3321/3321/3009 3319/3319/3007
f 3318/3318/3006 3293/3293/2981 3292/3292/2980
f 3322/3322/3010 3323/3323/3011 3318/3318/3006
f 3318/3318/3006 3323/3323/3011 3324/3324/3012
f 3318/3318/3006 3324/3324/3012 3325/3325/3013
f 3322/3322/3010 3318/3318/3006 3319/3319/3007
f 3319/3319/3007 3326/3326/3014 3322/3322/3010
f 3319/3319/3007 3321/3321/3009 3326/3326/3014
f 3327/3327/3015 3326/3326/3014 3321/3321/3009
f 3321/3321/3009 3328/3328/3016 3327/3327/3015
f 3328/3328/3016 3329/3329/3017 3327/3327/3015
f 3328/3328/3016 3330/3330/3018 3329/3329/3017
f 3331/3331/2996 3329/3329/3017 3330/3330/3018
f 3332/3332/2995 3331/3331/2996 3330/3330/3018
f 3332/3332/2995 3330/3330/3018 3333/3333/3019
f 3330/3330/3018 3328/3328/3016 3334/3334/3020
f 3330/3330/3018 3334/3334/3020 3333/3333/3019
f 3331/3331/2996 3335/3335/3021 3329/3329/3017
f 3329/3329/3017 3335/3335/3021 3336/3336/3022
f 3329/3329/3017 3336/3336/3022 3337/3337/3023
f 3337/3337/3023 3327/3327/3015 3329/3329/3017
f 3337/3337/3023 3338/3338/3024 3327/3327/3015
f 3327/3327/3015 3338/3338/3024 3326/3326/3014
f 3339/3339/3025 3334/3334/3020 3328/3328/3016
f 3340/3340/3026 3334/3334/3020 3339/3339/3025
f 3333/3333/3019 3334/3334/3020 3340/3340/3026
f 3333/3333/3019 3340/3340/3026 3341/3341/3027
f 3342/3342/3028 3341/3341/3027 3340/3340/3026
f 3342/3342/3028 3340/3340/3026 3343/3343/3029
f 3342/3342/3028 3343/3343/3029 3344/3344/3030
f 3345/3345/3031 3344/3344/3030 3343/3343/3029
f 3345/3345/3031 3346/3346/3032 3344/3344/3030
f 3347/3347/3033 3332/3332/2995 3333/3333/3019
f 3347/3347/3033 3333/3333/3019 3341/3341/3027
f 3347/3347/3033 3341/3341/3027 3348/3348/3034
f 3342/3342/3028 3348/3348/3034 3341/3341/3027
f 3349/3349/3035 3348/3348/3034 3342/3342/3028
f 3349/3349/3035 3342/3342/3028 3350/3350/3036
f 3351/3351/3037 3350/3350/3036 3342/3342/3028
f 3351/3351/3037 3342/3342/3028 3344/3344/3030
f 3344/3344/3030 3320/3320/3008 3351/3351/3037
f 3344/3344/3030 3346/3346/3032 3320/3320/3008
f 3347/3347/3033 3348/3348/3034 3352/3352/3038
f 3353/3353/3039 3352/3352/3038 3348/3348/3034
f 3353/3353/3039 3348/3348/3034 3349/3349/3035
f 3320/3320/3008 3346/3346/3032 3314/3314/3002
f 3345/3345/3031 3314/3314/3002 3346/3346/3032
f 3345/3345/3031 3315/3315/3003 3314/3314/3002
f 3315/3315/3003 3345/3345/3031 3354/3354/3040
f 3315/3315/3003 3354/3354/3040 3316/3316/3004
f 3316/3316/3004 3354/3354/3040 3317/3317/3005
f 3354/3354/3040 3355/3355/3041 3317/3317/3005
f 3317/3317/3005 3355/3355/3041 3321/3321/3009
f 3321/3321/3009 3355/3355/3041 3328/3328/3016
f 3339/3339/3025 3328/3328/3016 3355/3355/3041
f 3340/3340/3026 3339/3339/3025 3343/3343/3029
f 3345/3345/3031 3343/3343/3029 3339/3339/3025
f 3345/3345/3031 3339/3339/3025 3354/3354/3040
f 3354/3354/3040 3339/3339/3025 3355/3355/3041
f 3356/3356/3042 3357/3357/3043 3358/3358/3044
f 3358/3358/3044 3357/3357/3043 3359/3359/3045
f 3360/3360/3046 3361/3361/3047 3362/3362/3048
f 3360/3360/3046 3362/3362/3048 3363/3363/3042
f 3362/3362/3048 3357/3357/3043 3363/3363/3042
f 3364/3364/3049 3357/3357/3043 3362/3362/3048
f 3357/3357/3043 3364/3364/3049 3359/3359/3045
f 3364/3364/3049 3365/3365/3050 3359/3359/3045
f 3358/3358/3044 3359/3359/3045 3365/3365/3050
f 3358/3358/3044 3365/3365/3050 3366/3366/3051
f 3366/3366/3051 3356/3356/3042 3358/3358/3044
f 3366/3366/3051 3367/3367/3046 3356/3356/3042
f 3368/3368/3052 3369/3369/3053 3370/3370/3054
f 3368/3368/3052 3370/3370/3054 3361/3361/3047
f 3361/3361/3047 3370/3370/3054 3364/3364/3049
f 3361/3361/3047 3364/3364/3049 3362/3362/3048
f 3364/3364/3049 3370/3370/3054 3365/3365/3050
f 3370/3370/3054 3371/3371/3055 3365/3365/3050
f 3370/3370/3054 3369/3369/3053 3371/3371/3055
f 3371/3371/3055 3369/3369/3053 3372/3372/3056
f 3373/3373/3057 3372/3372/3056 3369/3369/3053
f 3373/3373/3057 3369/3369/3053 3368/3368/3052
f 3374/3374/3058 3373/3373/3057 3368/3368/3052
f 3374/3374/3058 3368/3368/3052 3375/3375/3059
f 3375/3375/3059 3368/3368/3052 3361/3361/3047
f 3375/3375/3059 3361/3361/3047 3360/3360/3046
f 3371/3371/3055 3372/3372/3056 3376/3376/3060
f 3377/3377/3061 3371/3371/3055 3376/3376/3060
f 3366/3366/3051 3371/3371/3055 3377/3377/3061
f 3366/3366/3051 3365/3365/3050 3371/3371/3055
f 3377/3377/3061 3376/3376/3060 3378/3378/3062
f 3377/3377/3061 3367/3367/3046 3366/3366/3051
f 3377/3377/3061 3379/3379/3063 3367/3367/3046
f 3378/3378/3062 3379/3379/3063 3377/3377/3061
f 3378/3378/3062 3380/3380/3064 3379/3379/3063
f 3381/3381/3065 3382/3382/3066 3383/3383/3067
f 3383/3383/3067 3382/3382/3066 3384/3384/3068
f 3385/3385/3069 3386/3386/3070 3387/3387/3071
f 3387/3387/3071 3386/3386/3070 3388/3388/3072
f 3387/3387/3071 3388/3388/3072 3389/3389/3065
f 3388/3388/3072 3382/3382/3066 3389/3389/3065
f 3390/3390/3073 3382/3382/3066 3388/3388/3072
f 3382/3382/3066 3390/3390/3073 3384/3384/3068
f 3390/3390/3073 3391/3391/3074 3384/3384/3068
f 3383/3383/3067 3384/3384/3068 3391/3391/3074
f 3383/3383/3067 3391/3391/3074 3392/3392/3075
f 3392/3392/3075 3381/3381/3065 3383/3383/3067
f 3393/3393/3076 3394/3394/3077 3395/3395/3078
f 3393/3393/3076 3395/3395/3078 3386/3386/3070
f 3386/3386/3070 3395/3395/3078 3390/3390/3073
f 3386/3386/3070 3390/3390/3073 3388/3388/3072
f 3390/3390/3073 3395/3395/3078 3391/3391/3074
f 3395/3395/3078 3396/3396/3079 3391/3391/3074
f 3395/3395/3078 3394/3394/3077 3396/3396/3079
f 3394/3394/3077 3397/3397/3080 3396/3396/3079
f 3394/3394/3077 3398/3398/3081 3397/3397/3080
f 3399/3399/3082 3398/3398/3081 3394/3394/3077
f 3399/3399/3082 3394/3394/3077 3393/3393/3076
f 3400/3400/3083 3399/3399/3082 3393/3393/3076
f 3400/3400/3083 3393/3393/3076 3385/3385/3069
f 3385/3385/3069 3393/3393/3076 3386/3386/3070
f 3396/3396/3079 3397/3397/3080 3401/3401/3084
f 3396/3396/3079 3401/3401/3084 3402/3402/3085
f 3392/3392/3075 3396/3396/3079 3402/3402/3085
f 3392/3392/3075 3391/3391/3074 3396/3396/3079
f 3392/3392/3075 3403/3403/3086 3381/3381/3065
f 3402/3402/3085 3403/3403/3086 3392/3392/3075
f 3402/3402/3085 3404/3404/3069 3403/3403/3086
f 3401/3401/3084 3404/3404/3069 3402/3402/3085
f 3401/3401/3084 3405/3405/3083 3404/3404/3069
f 3406/3406/3087 3407/3407/3088 3408/3408/3089
f 3409/3409/3090 3408/3408/3089 3407/3407/3088
f 3409/3409/3090 3407/3407/3088 3410/3410/3091
f 3409/3409/3090 3410/3410/3091 3411/3411/3092
f 3409/3409/3090 3411/3411/3092 3412/3412/3093
f 3412/3412/3093 3413/3413/3094 3409/3409/3090
f 3414/3414/3095 3411/3411/3092 3410/3410/3091
f 3408/3408/3089 3409/3409/3090 3413/3413/3094
f 3408/3408/3089 3413/3413/3094 3406/3406/3087
f 3406/3406/3087 3413/3413/3094 3415/3415/3096
f 3406/3406/3087 3415/3415/3096 3416/3416/3097
f 3406/3406/3087 3416/3416/3097 3407/3407/3088
f 3417/3417/3098 3407/3407/3088 3416/3416/3097
f 3417/3417/3098 3410/3410/3091 3407/3407/3088
f 3417/3417/3098 3418/3418/3099 3410/3410/3091
f 3414/3414/3095 3410/3410/3091 3418/3418/3099
f 3414/3414/3095 3418/3418/3099 2703/2703/2448
f 3418/3418/3099 2913/2913/2649 2703/2703/2448
f 3418/3418/3099 3417/3417/3098 2913/2913/2649
f 3419/3419/3100 2913/2913/2649 3417/3417/3098
f 3417/3417/3098 3416/3416/3097 3419/3419/3100
f 3420/3420/3101 3419/3419/3100 3416/3416/3097
f 3420/3420/3101 3416/3416/3097 3415/3415/3096
f 3419/3419/3100 3420/3420/3101 3421/3421/2234
f 3422/3422/3102 3423/3423/3103 3424/3424/2229
f 3421/3421/2234 3424/3424/2229 3423/3423/3103
f 3421/3421/2234 3423/3423/3103 2912/2912/2648
f 3419/3419/3100 3421/3421/2234 2912/2912/2648
f 3419/3419/3100 2912/2912/2648 2913/2913/2649
f 3422/3422/3102 3424/3424/2229 3425/3425/2226
f 3425/3425/2226 3426/3426/3104 3422/3422/3102
f 2909/2909/2646 2912/2912/2648 3423/3423/3103
f 2909/2909/2646 3423/3423/3103 3427/3427/3105
f 2908/2908/2645 2909/2909/2646 3427/3427/3105
f 3428/3428/3106 2908/2908/2645 3427/3427/3105
f 3428/3428/3106 2910/2910/2235 2908/2908/2645
f 3428/3428/3106 3426/3426/3104 2910/2910/2235
f 3429/3429/3107 3426/3426/3104 3428/3428/3106
f 3429/3429/3107 3422/3422/3102 3426/3426/3104
f 3422/3422/3102 3429/3429/3107 3427/3427/3105
f 3422/3422/3102 3427/3427/3105 3423/3423/3103
f 3428/3428/3106 3427/3427/3105 3429/3429/3107
f 3430/3430/3108 3431/3431/3109 3432/3432/3110
f 3432/3432/3110 3431/3431/3109 3433/3433/3111
f 3434/3434/3112 3435/3435/3113 3436/3436/3114
f 3436/3436/3114 3435/3435/3113 3437/3437/3115
f 3436/3436/3114 3437/3437/3115 3438/3438/3108
f 3437/3437/3115 3431/3431/3109 3438/3438/3108
f 3439/3439/3116 3431/3431/3109 3437/3437/3115
f 3431/3431/3109 3439/3439/3116 3433/3433/3111
f 3439/3439/3116 3440/3440/3117 3433/3433/3111
f 3432/3432/3110 3433/3433/3111 3440/3440/3117
f 3432/3432/3110 3440/3440/3117 3441/3441/3118
f 3441/3441/3118 3430/3430/3108 3432/3432/3110
f 3442/3442/3119 3443/3443/3120 3444/3444/2049
f 3442/3442/3119 3444/3444/2049 3435/3435/3113
f 3435/3435/3113 3444/3444/2049 3439/3439/3116
f 3435/3435/3113 3439/3439/3116 3437/3437/3115
f 3439/3439/3116 3444/3444/2049 3440/3440/3117
f 3444/3444/2049 3445/3445/3121 3440/3440/3117
f 3444/3444/2049 3443/3443/3120 3445/3445/3121
f 3443/3443/3120 3446/3446/3122 3445/3445/3121
f 3443/3443/3120 3447/3447/3123 3446/3446/3122
f 3448/3448/3124 3447/3447/3123 3443/3443/3120
f 3448/3448/3124 3443/3443/3120 3442/3442/3119
f 3449/3449/3125 3448/3448/3124 3442/3442/3119
f 3449/3449/3125 3442/3442/3119 3434/3434/3112
f 3434/3434/3112 3442/3442/3119 3435/3435/3113
f 3445/3445/3121 3446/3446/3122 3450/3450/3126
f 3445/3445/3121 3450/3450/3126 3451/3451/3127
f 3441/3441/3118 3445/3445/3121 3451/3451/3127
f 3441/3441/3118 3440/3440/3117 3445/3445/3121
f 3441/3441/3118 3452/3452/3114 3430/3430/3108
f 3451/3451/3127 3452/3452/3114 3441/3441/3118
f 3451/3451/3127 3453/3453/3112 3452/3452/3114
f 3450/3450/3126 3453/3453/3112 3451/3451/3127
f 3450/3450/3126 3454/3454/3125 3453/3453/3112
f 3455/3455/3128 3456/3456/3129 3457/3457/3130
f 3458/3458/3131 3456/3456/3129 3455/3455/3128
f 3458/3458/3131 3457/3457/3130 3456/3456/3129
f 3458/3458/3131 2562/2562/2309 3457/3457/3130
f 2563/2563/2310 3457/3457/3130 2562/2562/2309
f 2563/2563/2310 3459/3459/3132 3457/3457/3130
f 3455/3455/3128 3457/3457/3130 3459/3459/3132
f 3455/3455/3128 3459/3459/3132 3460/3460/3133
f 3455/3455/3128 3460/3460/3133 3461/3461/3134
f 3458/3458/3131 3455/3455/3128 3461/3461/3134
f 3462/3462/3135 3458/3458/3131 3461/3461/3134
f 3458/3458/3131 3462/3462/3135 3463/3463/2461
f 3458/3458/3131 3463/3463/2461 2562/2562/2309
f 2560/2560/2307 2562/2562/2309 3463/3463/2461
f 2541/2541/2288 2542/2542/2289 3464/3464/3136
f 2541/2541/2288 3464/3464/3136 2543/2543/2290
f 3465/3465/3137 2543/2543/2290 3464/3464/3136
f 3465/3465/3137 2548/2548/2295 2543/2543/2290
f 3466/3466/3138 2548/2548/2295 3465/3465/3137
f 3466/3466/3138 3467/3467/3139 2548/2548/2295
f 2548/2548/2295 3467/3467/3139 2550/2550/2297
f 2561/2561/2308 2550/2550/2297 3467/3467/3139
f 2561/2561/2308 3467/3467/3139 2563/2563/2310
f 3468/3468/3140 2563/2563/2310 3467/3467/3139
f 2563/2563/2310 3468/3468/3140 3459/3459/3132
f 3469/3469/3141 3459/3459/3132 3468/3468/3140
f 3469/3469/3141 3460/3460/3133 3459/3459/3132
f 3468/3468/3140 3467/3467/3139 3466/3466/3138
f 3470/3470/3093 3471/3471/3142 3472/3472/3143
f 3471/3471/3142 3470/3470/3093 3473/3473/3092
f 3471/3471/3142 3473/3473/3092 3474/3474/3144
f 3475/3475/3095 3474/3474/3144 3473/3473/3092
f 3475/3475/3095 3476/3476/3145 3474/3474/3144
f 3475/3475/3095 3466/3466/3138 3476/3476/3145
f 3475/3475/3095 3477/3477/3146 3466/3466/3138
f 3477/3477/3146 3468/3468/3140 3466/3466/3138
f 3477/3477/3146 3469/3469/3141 3468/3468/3140
f 2492/2492/2239 2487/2487/2234 3478/3478/3147
f 3478/3478/3147 3479/3479/3148 2492/2492/2239
f 3478/3478/3147 3480/3480/3096 3479/3479/3148
f 3481/3481/3149 3479/3479/3148 3480/3480/3096
f 3481/3481/3149 3480/3480/3096 3472/3472/3143
f 3482/3482/3150 3481/3481/3149 3472/3472/3143
f 3482/3482/3150 3472/3472/3143 3471/3471/3142
f 3471/3471/3142 3483/3483/3151 3482/3482/3150
f 3471/3471/3142 3474/3474/3144 3483/3483/3151
f 3484/3484/3152 3483/3483/3151 3474/3474/3144
f 2508/2508/2255 2491/2491/2238 3485/3485/3153
f 2492/2492/2239 3485/3485/3153 2491/2491/2238
f 2492/2492/2239 3484/3484/3152 3485/3485/3153
f 3484/3484/3152 2492/2492/2239 3479/3479/3148
f 3484/3484/3152 3479/3479/3148 3483/3483/3151
f 3481/3481/3149 3483/3483/3151 3479/3479/3148
f 3481/3481/3149 3482/3482/3150 3483/3483/3151
f 3484/3484/3152 3474/3474/3144 3476/3476/3145
f 3476/3476/3145 3485/3485/3153 3484/3484/3152
f 3476/3476/3145 3466/3466/3138 3485/3485/3153
f 2508/2508/2255 3485/3485/3153 3466/3466/3138
f 2508/2508/2255 3466/3466/3138 3465/3465/3137
f 3465/3465/3137 2532/2532/2279 2508/2508/2255
f 3465/3465/3137 3464/3464/3136 2532/2532/2279
f 2534/2534/2281 2532/2532/2279 3464/3464/3136
f 2534/2534/2281 3464/3464/3136 2542/2542/2289
f 2534/2534/2281 2542/2542/2289 2533/2533/2280
f 3486/3486/3154 3487/3487/3155 3488/3488/3156
f 3488/3488/3156 3487/3487/3155 3489/3489/3157
f 3490/3490/3158 3491/3491/3159 3492/3492/3160
f 3492/3492/3160 3491/3491/3159 3493/3493/3161
f 3492/3492/3160 3493/3493/3161 3494/3494/3154
f 3493/3493/3161 3487/3487/3155 3494/3494/3154
f 3495/3495/3162 3487/3487/3155 3493/3493/3161
f 3487/3487/3155 3495/3495/3162 3489/3489/3157
f 3495/3495/3162 3496/3496/3163 3489/3489/3157
f 3488/3488/3156 3489/3489/3157 3496/3496/3163
f 3488/3488/3156 3496/3496/3163 3497/3497/3164
f 3497/3497/3164 3486/3486/3154 3488/3488/3156
f 3498/3498/3165 3499/3499/3166 3500/3500/3167
f 3498/3498/3165 3500/3500/3167 3491/3491/3159
f 3491/3491/3159 3500/3500/3167 3495/3495/3162
f 3491/3491/3159 3495/3495/3162 3493/3493/3161
f 3495/3495/3162 3500/3500/3167 3496/3496/3163
f 3500/3500/3167 3501/3501/3168 3496/3496/3163
f 3500/3500/3167 3499/3499/3166 3501/3501/3168
f 3499/3499/3166 3502/3502/3169 3501/3501/3168
f 3499/3499/3166 3503/3503/3170 3502/3502/3169
f 3504/3504/3171 3503/3503/3170 3499/3499/3166
f 3504/3504/3171 3499/3499/3166 3498/3498/3165
f 3505/3505/3172 3504/3504/3171 3498/3498/3165
f 3505/3505/3172 3498/3498/3165 3490/3490/3158
f 3490/3490/3158 3498/3498/3165 3491/3491/3159
f 3497/3497/3164 3496/3496/3163 3501/3501/3168
f 3497/3497/3164 3501/3501/3168 3506/3506/3173
f 3506/3506/3173 3501/3501/3168 3502/3502/3169
f 3506/3506/3173 3502/3502/3169 3507/3507/3174
f 3497/3497/3164 3508/3508/3160 3486/3486/3154
f 3506/3506/3173 3508/3508/3160 3497/3497/3164
f 3506/3506/3173 3509/3509/3158 3508/3508/3160
f 3507/3507/3174 3509/3509/3158 3506/3506/3173
f 3507/3507/3174 3510/3510/3175 3509/3509/3158
f 3511/3511/3176 3512/3512/3177 3513/3513/3178
f 3511/3511/3176 3514/3514/3179 3512/3512/3177
f 3514/3514/3179 3511/3511/3176 3515/3515/2637
f 3514/3514/3179 3515/3515/2637 3516/3516/3180
f 3517/3517/2642 3516/3516/3180 3515/3515/2637
f 3516/3516/3180 3517/3517/2642 3518/3518/2643
f 3516/3516/3180 3518/3518/2643 3519/3519/3181
f 2497/2497/2244 3519/3519/3181 3518/3518/2643
f 2497/2497/2244 2496/2496/2243 3519/3519/3181
f 3520/3520/3182 3519/3519/3181 2496/2496/2243
f 3520/3520/3182 2496/2496/2243 2494/2494/2241
f 3520/3520/3182 2494/2494/2241 3205/3205/2915
f 3516/3516/3180 3512/3512/3177 3514/3514/3179
f 3516/3516/3180 3519/3519/3181 3512/3512/3177
f 3520/3520/3182 3512/3512/3177 3519/3519/3181
f 3520/3520/3182 3513/3513/3178 3512/3512/3177
f 3520/3520/3182 3521/3521/3183 3513/3513/3178
f 3522/3522/3184 3513/3513/3178 3521/3521/3183
f 3522/3522/3184 3521/3521/3183 3523/3523/3185
f 3522/3522/3184 3523/3523/3185 3524/3524/3186
f 3525/3525/3187 3524/3524/3186 3523/3523/3185
f 3525/3525/3187 3526/3526/2604 3524/3524/3186
f 3525/3525/3187 3527/3527/3188 3528/3528/3189
f 3525/3525/3187 3523/3523/3185 3527/3527/3188
f 3529/3529/3190 3527/3527/3188 3523/3523/3185
f 3529/3529/3190 3523/3523/3185 3521/3521/3183
f 3526/3526/2604 3525/3525/3187 3530/3530/3191
f 3528/3528/3189 3530/3530/3191 3525/3525/3187
f 3528/3528/3189 3531/3531/3192 3530/3530/3191
f 3531/3531/3192 3528/3528/3189 3527/3527/3188
f 3531/3531/3192 3527/3527/3188 3532/3532/3193
f 3529/3529/3190 3532/3532/3193 3527/3527/3188
f 3529/3529/3190 3215/3215/2924 3532/3532/3193
f 3529/3529/3190 3216/3216/2925 3215/3215/2924
f 3529/3529/3190 3201/3201/2911 3216/3216/2925
f 3529/3529/3190 3203/3203/2913 3201/3201/2911
f 3529/3529/3190 3521/3521/3183 3203/3203/2913
f 3521/3521/3183 3205/3205/2915 3203/3203/2913
f 3521/3521/3183 3520/3520/3182 3205/3205/2915
f 3531/3531/3192 3533/3533/2622 3530/3530/3191
f 3531/3531/3192 3532/3532/3193 3533/3533/2622
f 3534/3534/2620 3533/3533/2622 3532/3532/3193
f 3534/3534/2620 3532/3532/3193 3215/3215/2924
f 3534/3534/2620 3215/3215/2924 3213/3213/2922
f 3534/3534/2620 3213/3213/2922 3535/3535/2623
f 3211/3211/2920 3535/3535/2623 3213/3213/2922
f 3211/3211/2920 3536/3536/3194 3535/3535/2623
f 3536/3536/3194 3211/3211/2920 3210/3210/2617
f 3537/3537/3195 3538/3538/3196 3539/3539/3197
f 3540/3540/2488 3541/3541/3198 3542/3542/2498
f 3540/3540/2488 3543/3543/3199 3541/3541/3198
f 3544/3544/3200 3543/3543/3199 3540/3540/2488
f 3538/3538/3196 3543/3543/3199 3544/3544/3200
f 3545/3545/3201 3538/3538/3196 3544/3544/3200
f 3539/3539/3197 3538/3538/3196 3545/3545/3201
f 3539/3539/3197 3545/3545/3201 3546/3546/3202
f 3547/3547/3203 3539/3539/3197 3546/3546/3202
f 3548/3548/3204 3547/3547/3203 3546/3546/3202
f 3549/3549/3205 3547/3547/3203 3548/3548/3204
f 3545/3545/3201 3544/3544/3200 3550/3550/3206
f 3551/3551/3207 3548/3548/3204 3552/3552/3208
f 3548/3548/3204 3546/3546/3202 3552/3552/3208
f 3546/3546/3202 3553/3553/3209 3552/3552/3208
f 3546/3546/3202 3545/3545/3201 3553/3553/3209
f 3545/3545/3201 3554/3554/3210 3553/3553/3209
f 3545/3545/3201 3550/3550/3206 3554/3554/3210
f 3550/3550/3206 3555/3555/3211 3554/3554/3210
f 3550/3550/3206 3556/3556/3212 3555/3555/3211
f 3544/3544/3200 3556/3556/3212 3550/3550/3206
f 3544/3544/3200 3557/3557/2487 3556/3556/3212
f 3544/3544/3200 3540/3540/2488 3557/3557/2487
f 3558/3558/3213 3554/3554/3210 3555/3555/3211
f 3558/3558/3213 3555/3555/3211 3559/3559/3214
f 3552/3552/3208 3553/3553/3209 3560/3560/3215
f 3560/3560/3215 3553/3553/3209 3554/3554/3210
f 3560/3560/3215 3554/3554/3210 3558/3558/3213
f 3560/3560/3215 3558/3558/3213 3561/3561/3216
f 3561/3561/3216 3558/3558/3213 3559/3559/3214
f 3561/3561/3216 3559/3559/3214 3562/3562/3217
f 3561/3561/3216 3562/3562/3217 3563/3563/2801
f 3564/3564/3218 3565/3565/3219 3566/3566/3220
f 3564/3564/3218 3566/3566/3220 3567/3567/2805
f 3563/3563/2801 3567/3567/2805 3566/3566/3220
f 3563/3563/2801 3566/3566/3220 3568/3568/3221
f 3561/3561/3216 3563/3563/2801 3568/3568/3221
f 3569/3569/3222 3561/3561/3216 3568/3568/3221
f 3560/3560/3215 3561/3561/3216 3569/3569/3222
f 3570/3570/3223 3560/3560/3215 3569/3569/3222
f 3552/3552/3208 3560/3560/3215 3570/3570/3223
f 3551/3551/3207 3552/3552/3208 3570/3570/3223
f 3571/3571/3224 3551/3551/3207 3570/3570/3223
f 3571/3571/3224 3570/3570/3223 3572/3572/3225
f 3570/3570/3223 3569/3569/3222 3572/3572/3225
f 3573/3573/3226 3572/3572/3225 3569/3569/3222
f 3569/3569/3222 3568/3568/3221 3573/3573/3226
f 3568/3568/3221 3574/3574/3227 3573/3573/3226
f 3568/3568/3221 3566/3566/3220 3574/3574/3227
f 3566/3566/3220 3575/3575/3228 3574/3574/3227
f 3566/3566/3220 3565/3565/3219 3575/3575/3228
f 3576/3576/3229 3575/3575/3228 3565/3565/3219
f 3577/3577/3230 3575/3575/3228 3576/3576/3229
f 3577/3577/3230 3576/3576/3229 3578/3578/3231
f 3573/3573/3226 3579/3579/3232 3572/3572/3225
f 3574/3574/3227 3579/3579/3232 3573/3573/3226
f 3574/3574/3227 3580/3580/3233 3579/3579/3232
f 3580/3580/3233 3574/3574/3227 3575/3575/3228
f 3580/3580/3233 3575/3575/3228 3577/3577/3230
f 3577/3577/3230 3581/3581/3234 3580/3580/3233
f 3579/3579/3232 3580/3580/3233 3581/3581/3234
f 3579/3579/3232 3581/3581/3234 3582/3582/3235
f 3582/3582/3235 3572/3572/3225 3579/3579/3232
f 3582/3582/3235 3571/3571/3224 3572/3572/3225
f 3549/3549/3205 3548/3548/3204 3551/3551/3207
f 3549/3549/3205 3551/3551/3207 3583/3583/3236
f 3583/3583/3236 3551/3551/3207 3571/3571/3224
f 3583/3583/3236 3571/3571/3224 3584/3584/3237
f 3584/3584/3237 3571/3571/3224 3582/3582/3235
f 3584/3584/3237 3582/3582/3235 3585/3585/3238
f 3585/3585/3238 3582/3582/3235 3581/3581/3234
f 3585/3585/3238 3581/3581/3234 3586/3586/3239
f 3577/3577/3230 3586/3586/3239 3581/3581/3234
f 3587/3587/3240 3586/3586/3239 3577/3577/3230
f 3585/3585/3238 3588/3588/3241 3584/3584/3237
f 3589/3589/3242 3590/3590/3243 3591/3591/3244
f 3592/3592/3245 3591/3591/3244 3590/3590/3243
f 3592/3592/3245 3593/3593/3246 3591/3591/3244
f 3594/3594/3247 3593/3593/3246 3592/3592/3245
f 3594/3594/3247 3587/3587/3240 3593/3593/3246
f 3594/3594/3247 3586/3586/3239 3587/3587/3240
f 3594/3594/3247 3595/3595/3248 3586/3586/3239
f 3595/3595/3248 3585/3585/3238 3586/3586/3239
f 3595/3595/3248 3596/3596/3249 3585/3585/3238
f 3585/3585/3238 3596/3596/3249 3588/3588/3241
f 3590/3590/3243 3597/3597/3250 3592/3592/3245
f 3592/3592/3245 3597/3597/3250 3598/3598/3251
f 3592/3592/3245 3598/3598/3251 3594/3594/3247
f 3598/3598/3251 3595/3595/3248 3594/3594/3247
f 3598/3598/3251 3599/3599/3252 3595/3595/3248
f 3599/3599/3252 3596/3596/3249 3595/3595/3248
f 3599/3599/3252 3600/3600/3253 3596/3596/3249
f 3601/3601/3254 3600/3600/3253 3599/3599/3252
f 3601/3601/3254 3602/3602/3255 3600/3600/3253
f 3598/3598/3251 3601/3601/3254 3599/3599/3252
f 3600/3600/3253 3588/3588/3241 3596/3596/3249
f 3600/3600/3253 3603/3603/3256 3588/3588/3241
f 3600/3600/3253 3604/3604/3257 3603/3603/3256
f 3600/3600/3253 3602/3602/3255 3604/3604/3257
f 3605/3605/3258 3604/3604/3257 3602/3602/3255
f 3606/3606/3259 3607/3607/3260 3608/3608/3261
f 3606/3606/3259 3608/3608/3261 3609/3609/3262
f 3610/3610/3263 3606/3606/3259 3609/3609/3262
f 3610/3610/3263 3609/3609/3262 3611/3611/3264
f 3605/3605/3258 3610/3610/3263 3611/3611/3264
f 3605/3605/3258 3612/3612/3265 3610/3610/3263
f 3605/3605/3258 3602/3602/3255 3612/3612/3265
f 3602/3602/3255 3613/3613/3266 3612/3612/3265
f 3602/3602/3255 3601/3601/3254 3613/3613/3266
f 3613/3613/3266 3601/3601/3254 3614/3614/3267
f 3610/3610/3263 3612/3612/3265 3613/3613/3266
f 3610/3610/3263 3613/3613/3266 3615/3615/3268
f 3615/3615/3268 3613/3613/3266 3616/3616/3269
f 3615/3615/3268 3616/3616/3269 3617/3617/3270
f 3613/3613/3266 3614/3614/3267 3616/3616/3269
f 3616/3616/3269 3614/3614/3267 3618/3618/3271
f 3616/3616/3269 3618/3618/3271 3619/3619/3272
f 3617/3617/3270 3616/3616/3269 3619/3619/3272
f 3617/3617/3270 3619/3619/3272 3620/3620/3273
f 3617/3617/3270 3620/3620/3273 3621/3621/3274
f 3617/3617/3270 3621/3621/3274 3622/3622/3275
f 3615/3615/3268 3617/3617/3270 3622/3622/3275
f 3615/3615/3268 3622/3622/3275 3623/3623/3276
f 3623/3623/3276 3610/3610/3263 3615/3615/3268
f 3624/3624/3277 3625/3625/3278 3618/3618/3271
f 3619/3619/3272 3618/3618/3271 3625/3625/3278
f 3619/3619/3272 3625/3625/3278 3626/3626/3279
f 3620/3620/3273 3619/3619/3272 3626/3626/3279
f 3620/3620/3273 3626/3626/3279 3627/3627/3280
f 3627/3627/3280 3621/3621/3274 3620/3620/3273
f 3627/3627/3280 3628/3628/3281 3621/3621/3274
f 3628/3628/3281 3622/3622/3275 3621/3621/3274
f 3628/3628/3281 3629/3629/3282 3622/3622/3275
f 3622/3622/3275 3629/3629/3282 3630/3630/3283
f 3631/3631/3284 3632/3632/3285 3633/3633/3286
f 3633/3633/3286 3632/3632/3285 3624/3624/3277
f 3632/3632/3285 3625/3625/3278 3624/3624/3277
f 3632/3632/3285 3634/3634/3287 3625/3625/3278
f 3626/3626/3279 3625/3625/3278 3634/3634/3287
f 3626/3626/3279 3634/3634/3287 3635/3635/3288
f 3627/3627/3280 3626/3626/3279 3635/3635/3288
f 3627/3627/3280 3635/3635/3288 3636/3636/3289
f 3636/3636/3289 3628/3628/3281 3627/3627/3280
f 3636/3636/3289 3637/3637/3290 3628/3628/3281
f 3638/3638/3291 3634/3634/3287 3632/3632/3285
f 3638/3638/3291 3632/3632/3285 3631/3631/3284
f 3638/3638/3291 3631/3631/3284 3639/3639/3292
f 3640/3640/3293 3637/3637/3290 3636/3636/3289
f 3640/3640/3293 3636/3636/3289 3641/3641/3294
f 3642/3642/3295 3641/3641/3294 3636/3636/3289
f 3642/3642/3295 3636/3636/3289 3635/3635/3288
f 3642/3642/3295 3635/3635/3288 3634/3634/3287
f 3642/3642/3295 3634/3634/3287 3643/3643/3296
f 3638/3638/3291 3643/3643/3296 3634/3634/3287
f 3644/3644/3297 3643/3643/3296 3638/3638/3291
f 3639/3639/3292 3644/3644/3297 3638/3638/3291
f 3639/3639/3292 3645/3645/3298 3644/3644/3297
f 3646/3646/3299 3644/3644/3297 3645/3645/3298
f 3647/3647/3300 3648/3648/3301 3649/3649/3302
f 3647/3647/3300 3649/3649/3302 3650/3650/3303
f 3650/3650/3303 3646/3646/3299 3647/3647/3300
f 3650/3650/3303 3651/3651/3304 3646/3646/3299
f 3646/3646/3299 3651/3651/3304 3644/3644/3297
f 3651/3651/3304 3652/3652/3305 3644/3644/3297
f 3644/3644/3297 3652/3652/3305 3643/3643/3296
f 3643/3643/3296 3652/3652/3305 3653/3653/3306
f 3643/3643/3296 3653/3653/3306 3642/3642/3295
f 3642/3642/3295 3653/3653/3306 3654/3654/3307
f 3655/3655/3308 3648/3648/3301 3647/3647/3300
f 3649/3649/3302 3656/3656/3309 3650/3650/3303
f 3656/3656/3309 3651/3651/3304 3650/3650/3303
f 3656/3656/3309 3657/3657/3310 3651/3651/3304
f 3651/3651/3304 3657/3657/3310 3652/3652/3305
f 3652/3652/3305 3657/3657/3310 3658/3658/3311
f 3652/3652/3305 3658/3658/3311 3653/3653/3306
f 3657/3657/3310 3656/3656/3309 3659/3659/3312
f 3657/3657/3310 3659/3659/3312 3658/3658/3311
f 3653/3653/3306 3660/3660/3313 3654/3654/3307
f 3653/3653/3306 3658/3658/3311 3660/3660/3313
f 3661/3661/3314 3660/3660/3313 3658/3658/3311
f 3661/3661/3314 3658/3658/3311 3659/3659/3312
f 3662/3662/3264 3661/3661/3314 3659/3659/3312
f 3662/3662/3264 3659/3659/3312 3663/3663/3315
f 3663/3663/3315 3659/3659/3312 3656/3656/3309
f 3663/3663/3315 3656/3656/3309 3664/3664/3316
f 3649/3649/3302 3664/3664/3316 3656/3656/3309
f 3649/3649/3302 3665/3665/3256 3664/3664/3316
f 3666/3666/3317 3667/3667/3318 3668/3668/3319
f 3666/3666/3317 3668/3668/3319 3669/3669/3320
f 3669/3669/3320 3668/3668/3319 3670/3670/3321
f 3669/3669/3320 3670/3670/3321 3671/3671/3322
f 3670/3670/3321 3672/3672/3323 3671/3671/3322
f 3673/3673/3241 3671/3671/3322 3672/3672/3323
f 3673/3673/3241 3655/3655/3308 3671/3671/3322
f 3655/3655/3308 3673/3673/3241 3665/3665/3256
f 3655/3655/3308 3665/3665/3256 3648/3648/3301
f 3649/3649/3302 3648/3648/3301 3665/3665/3256
f 3674/3674/3324 3675/3675/3325 3667/3667/3318
f 3667/3667/3318 3675/3675/3325 3676/3676/3326
f 3667/3667/3318 3676/3676/3326 3668/3668/3319
f 3668/3668/3319 3676/3676/3326 3677/3677/3327
f 3668/3668/3319 3677/3677/3327 3670/3670/3321
f 3678/3678/3328 3670/3670/3321 3677/3677/3327
f 3678/3678/3328 3679/3679/3236 3670/3670/3321
f 3670/3670/3321 3679/3679/3236 3672/3672/3323
f 3680/3680/3329 3681/3681/3330 3682/3682/3331
f 3680/3680/3329 3682/3682/3331 3683/3683/3332
f 3684/3684/3333 3683/3683/3332 3682/3682/3331
f 3684/3684/3333 3685/3685/3334 3683/3683/3332
f 3685/3685/3334 3684/3684/3333 3686/3686/3335
f 3685/3685/3334 3686/3686/3335 3687/3687/3336
f 3685/3685/3334 3687/3687/3336 3674/3674/3324
f 3685/3685/3334 3674/3674/3324 3683/3683/3332
f 3674/3674/3324 3667/3667/3318 3683/3683/3332
f 3683/3683/3332 3667/3667/3318 3666/3666/3317
f 3682/3682/3331 3681/3681/3330 3688/3688/3337
f 3682/3682/3331 3688/3688/3337 3684/3684/3333
f 3689/3689/3338 3684/3684/3333 3688/3688/3337
f 3689/3689/3338 3686/3686/3335 3684/3684/3333
f 3680/3680/3329 3683/3683/3332 3690/3690/3339
f 3683/3683/3332 3666/3666/3317 3690/3690/3339
f 3631/3631/3284 3691/3691/3340 3680/3680/3329
f 3631/3631/3284 3680/3680/3329 3639/3639/3292
f 3639/3639/3292 3680/3680/3329 3690/3690/3339
f 3639/3639/3292 3690/3690/3339 3645/3645/3298
f 3645/3645/3298 3690/3690/3339 3666/3666/3317
f 3645/3645/3298 3666/3666/3317 3646/3646/3299
f 3647/3647/3300 3646/3646/3299 3666/3666/3317
f 3647/3647/3300 3666/3666/3317 3669/3669/3320
f 3655/3655/3308 3647/3647/3300 3669/3669/3320
f 3669/3669/3320 3671/3671/3322 3655/3655/3308
f 3598/3598/3251 3614/3614/3267 3601/3601/3254
f 3618/3618/3271 3614/3614/3267 3598/3598/3251
f 3618/3618/3271 3598/3598/3251 3597/3597/3250
f 3624/3624/3277 3618/3618/3271 3597/3597/3250
f 3590/3590/3243 3624/3624/3277 3597/3597/3250
f 3633/3633/3286 3624/3624/3277 3590/3590/3243
f 3589/3589/3242 3633/3633/3286 3590/3590/3243
f 3631/3631/3284 3633/3633/3286 3589/3589/3242
f 3631/3631/3284 3589/3589/3242 3692/3692/3341
f 3631/3631/3284 3692/3692/3341 3691/3691/3340
f 3693/3693/3342 3692/3692/3341 3589/3589/3242
f 3693/3693/3342 3589/3589/3242 3591/3591/3244
f 3693/3693/3342 3591/3591/3244 3593/3593/3246
f 3587/3587/3240 3577/3577/3230 3578/3578/3231
f 3578/3578/3231 3593/3593/3246 3587/3587/3240
f 3578/3578/3231 3694/3694/3343 3593/3593/3246
f 3693/3693/3342 3593/3593/3246 3694/3694/3343
f 3695/3695/3344 3693/3693/3342 3694/3694/3343
f 3693/3693/3342 3695/3695/3344 3692/3692/3341
f 3696/3696/3345 3692/3692/3341 3695/3695/3344
f 3696/3696/3345 3691/3691/3340 3692/3692/3341
f 3696/3696/3345 3681/3681/3330 3691/3691/3340
f 3680/3680/3329 3691/3691/3340 3681/3681/3330
f 3696/3696/3345 3697/3697/3346 3681/3681/3330
f 3697/3697/3346 3696/3696/3345 3698/3698/3347
f 3698/3698/3347 3696/3696/3345 3695/3695/3344
f 3698/3698/3347 3695/3695/3344 3699/3699/3348
f 3695/3695/3344 3694/3694/3343 3699/3699/3348
f 3699/3699/3348 3694/3694/3343 3578/3578/3231
f 3699/3699/3348 3578/3578/3231 3576/3576/3229
f 3700/3700/3349 3699/3699/3348 3576/3576/3229
f 3576/3576/3229 3565/3565/3219 3700/3700/3349
f 3564/3564/3218 3700/3700/3349 3565/3565/3219
f 3700/3700/3349 3698/3698/3347 3699/3699/3348
f 3700/3700/3349 3701/3701/3350 3698/3698/3347
f 3697/3697/3346 3698/3698/3347 3701/3701/3350
f 3564/3564/3218 3702/3702/3351 3700/3700/3349
f 3700/3700/3349 3702/3702/3351 3701/3701/3350
f 3703/3703/3352 3704/3704/3353 3705/3705/3354
f 3706/3706/3355 3707/3707/3356 3708/3708/3357
f 3708/3708/3357 3707/3707/3356 3709/3709/3358
f 3708/3708/3357 3709/3709/3358 3710/3710/3359
f 3710/3710/3359 3709/3709/3358 3711/3711/3360
f 3709/3709/3358 3712/3712/3361 3711/3711/3360
f 3711/3711/3360 3712/3712/3361 3703/3703/3352
f 3704/3704/3353 3703/3703/3352 3712/3712/3361
f 3704/3704/3353 3712/3712/3361 3713/3713/3362
f 3713/3713/3362 3714/3714/3354 3704/3704/3353
f 3713/3713/3362 3715/3715/3363 3714/3714/3354
f 3715/3715/3363 3716/3716/3364 3717/3717/3365
f 3718/3718/3366 3716/3716/3364 3715/3715/3363
f 3718/3718/3366 3715/3715/3363 3713/3713/3362
f 3713/3713/3362 3719/3719/3367 3718/3718/3366
f 3713/3713/3362 3712/3712/3361 3719/3719/3367
f 3709/3709/3358 3719/3719/3367 3712/3712/3361
f 3720/3720/3368 3719/3719/3367 3709/3709/3358
f 3720/3720/3368 3709/3709/3358 3707/3707/3356
f 3720/3720/3368 3721/3721/3369 3718/3718/3366
f 3720/3720/3368 3718/3718/3366 3719/3719/3367
f 3721/3721/3369 3722/3722/3370 3723/3723/3371
f 3723/3723/3371 3718/3718/3366 3721/3721/3369
f 3723/3723/3371 3716/3716/3364 3718/3718/3366
f 3724/3724/3372 3725/3725/3373 3726/3726/3374
f 3727/3727/3375 3726/3726/3374 3725/3725/3373
f 3727/3727/3375 3728/3728/3376 3726/3726/3374
f 3728/3728/3376 3727/3727/3375 3722/3722/3370
f 3728/3728/3376 3722/3722/3370 3729/3729/3377
f 3721/3721/3369 3729/3729/3377 3722/3722/3370
f 3721/3721/3369 3730/3730/3378 3729/3729/3377
f 3721/3721/3369 3720/3720/3368 3730/3730/3378
f 3720/3720/3368 3706/3706/3355 3730/3730/3378
f 3720/3720/3368 3707/3707/3356 3706/3706/3355
f 3724/3724/3372 3726/3726/3374 3731/3731/3379
f 3731/3731/3379 3726/3726/3374 3732/3732/3380
f 3732/3732/3380 3726/3726/3374 3728/3728/3376
f 3732/3732/3380 3728/3728/3376 3733/3733/3381
f 3733/3733/3381 3728/3728/3376 3729/3729/3377
f 3733/3733/3381 3729/3729/3377 3734/3734/3382
f 3734/3734/3382 3729/3729/3377 3730/3730/3378
f 3734/3734/3382 3730/3730/3378 3735/3735/3383
f 3730/3730/3378 3736/3736/3384 3735/3735/3383
f 3730/3730/3378 3706/3706/3355 3736/3736/3384
f 3706/3706/3355 3737/3737/3385 3736/3736/3384
f 3706/3706/3355 3738/3738/3386 3737/3737/3385
f 3706/3706/3355 3708/3708/3357 3738/3738/3386
f 3731/3731/3379 3732/3732/3380 3739/3739/3387
f 3739/3739/3387 3732/3732/3380 3740/3740/3388
f 3733/3733/3381 3740/3740/3388 3732/3732/3380
f 3733/3733/3381 3741/3741/3389 3740/3740/3388
f 3741/3741/3389 3733/3733/3381 3734/3734/3382
f 3741/3741/3389 3734/3734/3382 3742/3742/3390
f 3735/3735/3383 3742/3742/3390 3734/3734/3382
f 3735/3735/3383 3743/3743/3391 3742/3742/3390
f 3744/3744/2125 3743/3743/3391 3735/3735/3383
f 3744/3744/2125 3735/3735/3383 3736/3736/3384
f 3740/3740/3388 3741/3741/3389 3745/3745/3392
f 3740/3740/3388 3745/3745/3392 3746/3746/3393
f 3742/3742/3390 3743/3743/3391 3747/3747/2128
f 3742/3742/3390 3747/3747/2128 3748/3748/2130
f 3748/3748/2130 3741/3741/3389 3742/3742/3390
f 3748/3748/2130 3745/3745/3392 3741/3741/3389
f 3748/3748/2130 3749/3749/3394 3745/3745/3392
f 3746/3746/3393 3745/3745/3392 3749/3749/3394
f 3746/3746/3393 3749/3749/3394 3750/3750/3395
f 3751/3751/3396 3746/3746/3393 3750/3750/3395
f 3751/3751/3396 3752/3752/3397 3746/3746/3393
f 3752/3752/3397 3740/3740/3388 3746/3746/3393
f 3753/3753/3398 3754/3754/3399 3755/3755/3400
f 3753/3753/3398 3755/3755/3400 3748/3748/2130
f 3748/3748/2130 3755/3755/3400 3749/3749/3394
f 3752/3752/3397 3756/3756/3401 3740/3740/3388
f 3739/3739/3387 3740/3740/3388 3756/3756/3401
f 3757/3757/3402 3739/3739/3387 3756/3756/3401
f 3739/3739/3387 3757/3757/3402 3758/3758/3403
f 3759/3759/3404 3758/3758/3403 3757/3757/3402
f 3757/3757/3402 3756/3756/3401 3760/3760/3405
f 3759/3759/3404 3757/3757/3402 3760/3760/3405
f 3761/3761/3406 3762/3762/3407 3763/3763/3408
f 3759/3759/3404 3763/3763/3408 3762/3762/3407
f 3759/3759/3404 3762/3762/3407 3764/3764/3409
f 3758/3758/3403 3759/3759/3404 3764/3764/3409
f 3758/3758/3403 3764/3764/3409 3765/3765/3410
f 3766/3766/3411 3758/3758/3403 3765/3765/3410
f 3766/3766/3411 3765/3765/3410 3767/3767/3412
f 3766/3766/3411 3767/3767/3412 3768/3768/3413
f 3769/3769/3414 3768/3768/3413 3767/3767/3412
f 3768/3768/3413 3769/3769/3414 3770/3770/3415
f 3766/3766/3411 3768/3768/3413 3771/3771/3416
f 3772/3772/3417 3773/3773/3418 3769/3769/3414
f 3769/3769/3414 3767/3767/3412 3772/3772/3417
f 3772/3772/3417 3767/3767/3412 3765/3765/3410
f 3772/3772/3417 3765/3765/3410 3774/3774/3419
f 3765/3765/3410 3775/3775/3420 3774/3774/3419
f 3765/3765/3410 3764/3764/3409 3775/3775/3420
f 3764/3764/3409 3776/3776/3421 3775/3775/3420
f 3764/3764/3409 3762/3762/3407 3776/3776/3421
f 3774/3774/3419 3777/3777/3422 3772/3772/3417
f 3777/3777/3422 3778/3778/3423 3779/3779/3424
f 3774/3774/3419 3778/3778/3423 3777/3777/3422
f 3774/3774/3419 3780/3780/3425 3778/3778/3423
f 3774/3774/3419 3775/3775/3420 3780/3780/3425
f 3781/3781/3426 3780/3780/3425 3775/3775/3420
f 3781/3781/3426 3775/3775/3420 3776/3776/3421
f 3782/3782/3427 3781/3781/3426 3776/3776/3421
f 3783/3783/3428 3782/3782/3427 3776/3776/3421
f 3783/3783/3428 3776/3776/3421 3762/3762/3407
f 3761/3761/3406 3783/3783/3428 3762/3762/3407
f 3779/3779/3424 3784/3784/3429 3785/3785/3430
f 3782/3782/3427 3786/3786/3431 3781/3781/3426
f 3787/3787/3432 3781/3781/3426 3786/3786/3431
f 3787/3787/3432 3780/3780/3425 3781/3781/3426
f 3787/3787/3432 3788/3788/3433 3780/3780/3425
f 3778/3778/3423 3780/3780/3425 3788/3788/3433
f 3778/3778/3423 3788/3788/3433 3779/3779/3424
f 3779/3779/3424 3788/3788/3433 3789/3789/3434
f 3779/3779/3424 3789/3789/3434 3784/3784/3429
f 3790/3790/3435 3784/3784/3429 3789/3789/3434
f 3785/3785/3430 3784/3784/3429 3790/3790/3435
f 3785/3785/3430 3790/3790/3435 3791/3791/3436
f 3785/3785/3430 3791/3791/3436 3792/3792/3437
f 3790/3790/3435 3789/3789/3434 3793/3793/3438
f 3789/3789/3434 3794/3794/3439 3793/3793/3438
f 3787/3787/3432 3786/3786/3431 3795/3795/3440
f 3795/3795/3440 3796/3796/3441 3787/3787/3432
f 3796/3796/3441 3788/3788/3433 3787/3787/3432
f 3796/3796/3441 3789/3789/3434 3788/3788/3433
f 3789/3789/3434 3796/3796/3441 3794/3794/3439
f 3794/3794/3439 3796/3796/3441 3797/3797/3442
f 3794/3794/3439 3797/3797/3442 3798/3798/3443
f 3795/3795/3440 3797/3797/3442 3796/3796/3441
f 3522/3522/3184 3799/3799/2635 3513/3513/3178
f 3511/3511/3176 3513/3513/3178 3799/3799/2635
f 3511/3511/3176 3799/3799/2635 3515/3515/2637
f 3800/3800/3444 3801/3801/3445 3802/3802/3446
f 3803/3803/3447 3804/3804/3448 3710/3710/3359
f 3805/3805/3449 3804/3804/3448 3803/3803/3447
f 3802/3802/3446 3805/3805/3449 3803/3803/3447
f 3802/3802/3446 3803/3803/3447 3806/3806/3450
f 3800/3800/3444 3802/3802/3446 3806/3806/3450
f 3807/3807/3451 3800/3800/3444 3806/3806/3450
f 3801/3801/3445 3800/3800/3444 3807/3807/3451
f 3801/3801/3445 3807/3807/3451 3808/3808/3452
f 3807/3807/3451 3705/3705/3354 3808/3808/3452
f 3807/3807/3451 3809/3809/3453 3705/3705/3354
f 3703/3703/3352 3705/3705/3354 3809/3809/3453
f 3703/3703/3352 3809/3809/3453 3810/3810/3454
f 3711/3711/3360 3703/3703/3352 3810/3810/3454
f 3811/3811/3455 3711/3711/3360 3810/3810/3454
f 3710/3710/3359 3711/3711/3360 3811/3811/3455
f 3803/3803/3447 3710/3710/3359 3811/3811/3455
f 3806/3806/3450 3803/3803/3447 3811/3811/3455
f 3806/3806/3450 3811/3811/3455 3812/3812/3456
f 3807/3807/3451 3806/3806/3450 3812/3812/3456
f 3809/3809/3453 3807/3807/3451 3812/3812/3456
f 3809/3809/3453 3812/3812/3456 3810/3810/3454
f 3811/3811/3455 3810/3810/3454 3812/3812/3456
f 3813/3813/2126 3744/3744/2125 3736/3736/3384
f 3813/3813/2126 3736/3736/3384 3737/3737/3385
f 3814/3814/2104 3813/3813/2126 3737/3737/3385
f 3815/3815/2400 3814/3814/2104 3737/3737/3385
f 3815/3815/2400 3737/3737/3385 3738/3738/3386
f 3815/3815/2400 3738/3738/3386 3816/3816/2398
f 3816/3816/2398 3738/3738/3386 3708/3708/3357
f 3817/3817/3457 3816/3816/2398 3708/3708/3357
f 3817/3817/3457 3708/3708/3357 3710/3710/3359
f 3817/3817/3457 3710/3710/3359 3804/3804/3448
f 3805/3805/3449 3818/3818/3458 3804/3804/3448
f 3817/3817/3457 3804/3804/3448 3818/3818/3458
f 3817/3817/3457 3818/3818/3458 3819/3819/2395
f 3820/3820/3459 3821/3821/3460 3822/3822/3461
f 3823/3823/3397 3821/3821/3460 3824/3824/3401
f 3823/3823/3397 3825/3825/3462 3821/3821/3460
f 3825/3825/3462 3822/3822/3461 3821/3821/3460
f 3825/3825/3462 3826/3826/3463 3822/3822/3461
f 3827/3827/3397 3828/3828/3464 3829/3829/3465
f 3828/3828/3464 3830/3830/3466 3829/3829/3465
f 3829/3829/3465 3830/3830/3466 3831/3831/3467
f 3831/3831/3467 3830/3830/3466 3832/3832/3468
f 3831/3831/3467 3832/3832/3468 3833/3833/3469
f 3832/3832/3468 3820/3820/3459 3833/3833/3469
f 3832/3832/3468 3834/3834/3470 3820/3820/3459
f 3820/3820/3459 3834/3834/3470 3821/3821/3460
f 3834/3834/3470 3835/3835/3405 3821/3821/3460
f 3824/3824/3401 3821/3821/3460 3835/3835/3405
f 3834/3834/3470 3836/3836/3404 3835/3835/3405
f 3837/3837/3408 3836/3836/3404 3834/3834/3470
f 3837/3837/3408 3834/3834/3470 3832/3832/3468
f 3837/3837/3408 3832/3832/3468 3830/3830/3466
f 3837/3837/3408 3830/3830/3466 3838/3838/3406
f 3828/3828/3464 3838/3838/3406 3830/3830/3466
f 3839/3839/3471 3724/3724/3372 3840/3840/3472
f 3839/3839/3471 3725/3725/3373 3724/3724/3372
f 3727/3727/3375 3725/3725/3373 3839/3839/3471
f 3727/3727/3375 3839/3839/3471 3841/3841/3473
f 3727/3727/3375 3841/3841/3473 3842/3842/3474
f 3727/3727/3375 3842/3842/3474 3722/3722/3370
f 3843/3843/3475 3722/3722/3370 3842/3842/3474
f 3843/3843/3475 3723/3723/3371 3722/3722/3370
f 3723/3723/3371 3843/3843/3475 3717/3717/3365
f 3723/3723/3371 3717/3717/3365 3716/3716/3364
f 3714/3714/3354 3715/3715/3363 3844/3844/3476
f 3715/3715/3363 3717/3717/3365 3844/3844/3476
f 3845/3845/3477 3844/3844/3476 3717/3717/3365
f 3843/3843/3475 3845/3845/3477 3717/3717/3365
f 3843/3843/3475 3846/3846/3478 3845/3845/3477
f 3842/3842/3474 3846/3846/3478 3843/3843/3475
f 3842/3842/3474 3847/3847/3479 3846/3846/3478
f 3847/3847/3479 3842/3842/3474 3841/3841/3473
f 3847/3847/3479 3841/3841/3473 3848/3848/3480
f 3848/3848/3480 3841/3841/3473 3839/3839/3471
f 3848/3848/3480 3839/3839/3471 3849/3849/3481
f 3849/3849/3481 3839/3839/3471 3840/3840/3472
f 3849/3849/3481 3840/3840/3472 3850/3850/3482
f 3851/3851/3483 3847/3847/3479 3848/3848/3480
f 3852/3852/2138 3853/3853/2222 3847/3847/3479
f 3852/3852/2138 3847/3847/3479 3851/3851/3483
f 3854/3854/2133 3852/3852/2138 3851/3851/3483
f 3854/3854/2133 3851/3851/3483 3855/3855/3400
f 3856/3856/3484 3855/3855/3400 3851/3851/3483
f 3851/3851/3483 3848/3848/3480 3856/3856/3484
f 3857/3857/3485 3856/3856/3484 3848/3848/3480
f 3857/3857/3485 3848/3848/3480 3849/3849/3481
f 3858/3858/3486 3857/3857/3485 3849/3849/3481
f 3858/3858/3486 3849/3849/3481 3850/3850/3482
f 3859/3859/3487 3860/3860/3488 3861/3861/3428
f 3859/3859/3487 3861/3861/3428 3862/3862/3406
f 3863/3863/3396 3859/3859/3487 3862/3862/3406
f 3863/3863/3396 3858/3858/3486 3859/3859/3487
f 3864/3864/3395 3858/3858/3486 3863/3863/3396
f 3864/3864/3395 3857/3857/3485 3858/3858/3486
f 3865/3865/3394 3857/3857/3485 3864/3864/3395
f 3865/3865/3394 3856/3856/3484 3857/3857/3485
f 3856/3856/3484 3865/3865/3394 3855/3855/3400
f 3859/3859/3487 3858/3858/3486 3850/3850/3482
f 3859/3859/3487 3850/3850/3482 3866/3866/3489
f 3866/3866/3489 3860/3860/3488 3859/3859/3487
f 3866/3866/3489 3867/3867/3490 3860/3860/3488
f 3868/3868/3491 3860/3860/3488 3867/3867/3490
f 3868/3868/3491 3867/3867/3490 3770/3770/3415
f 3770/3770/3415 3869/3869/3492 3868/3868/3491
f 3770/3770/3415 3870/3870/3493 3869/3869/3492
f 3871/3871/3494 3869/3869/3492 3870/3870/3493
f 3871/3871/3494 3870/3870/3493 3872/3872/3495
f 3873/3873/3496 3874/3874/3497 3875/3875/3443
f 3873/3873/3496 3876/3876/3498 3874/3874/3497
f 3871/3871/3494 3876/3876/3498 3873/3873/3496
f 3871/3871/3494 3873/3873/3496 3877/3877/3499
f 3869/3869/3492 3871/3871/3494 3877/3877/3499
f 3869/3869/3492 3877/3877/3499 3878/3878/3500
f 3868/3868/3491 3869/3869/3492 3878/3878/3500
f 3868/3868/3491 3878/3878/3500 3879/3879/3427
f 3860/3860/3488 3868/3868/3491 3879/3879/3427
f 3860/3860/3488 3879/3879/3427 3861/3861/3428
f 3872/3872/3495 3876/3876/3498 3871/3871/3494
f 3872/3872/3495 3880/3880/3501 3876/3876/3498
f 3874/3874/3497 3876/3876/3498 3880/3880/3501
f 3874/3874/3497 3880/3880/3501 3881/3881/3502
f 3880/3880/3501 3792/3792/3437 3881/3881/3502
f 3880/3880/3501 3882/3882/3503 3792/3792/3437
f 3785/3785/3430 3792/3792/3437 3882/3882/3503
f 3883/3883/3504 3785/3785/3430 3882/3882/3503
f 3779/3779/3424 3785/3785/3430 3883/3883/3504
f 3777/3777/3422 3779/3779/3424 3883/3883/3504
f 3773/3773/3418 3770/3770/3415 3769/3769/3414
f 3773/3773/3418 3870/3870/3493 3770/3770/3415
f 3773/3773/3418 3872/3872/3495 3870/3870/3493
f 3773/3773/3418 3884/3884/3505 3872/3872/3495
f 3884/3884/3505 3880/3880/3501 3872/3872/3495
f 3884/3884/3505 3882/3882/3503 3880/3880/3501
f 3883/3883/3504 3882/3882/3503 3884/3884/3505
f 3777/3777/3422 3883/3883/3504 3884/3884/3505
f 3777/3777/3422 3884/3884/3505 3773/3773/3418
f 3772/3772/3417 3777/3777/3422 3773/3773/3418
f 3885/3885/3462 3886/3886/3506 3887/3887/3507
f 3888/3888/3508 3833/3833/3469 3889/3889/3459
f 3888/3888/3508 3887/3887/3507 3833/3833/3469
f 3833/3833/3469 3887/3887/3507 3886/3886/3506
f 3833/3833/3469 3886/3886/3506 3831/3831/3467
f 3829/3829/3465 3831/3831/3467 3886/3886/3506
f 3885/3885/3462 3829/3829/3465 3886/3886/3506
f 3827/3827/3397 3829/3829/3465 3885/3885/3462
f 3890/3890/3452 3891/3891/3509 3892/3892/3510
f 3714/3714/3354 3844/3844/3476 3890/3890/3452
f 3890/3890/3452 3844/3844/3476 3891/3891/3509
f 3845/3845/3477 3891/3891/3509 3844/3844/3476
f 3892/3892/3510 3893/3893/3449 3894/3894/3446
f 3892/3892/3510 3891/3891/3509 3893/3893/3449
f 3891/3891/3509 3895/3895/3458 3893/3893/3449
f 3891/3891/3509 3845/3845/3477 3895/3895/3458
f 3896/3896/2395 3895/3895/3458 3845/3845/3477
f 3896/3896/2395 3845/3845/3477 3897/3897/2387
f 3845/3845/3477 3898/3898/3511 3897/3897/2387
f 3845/3845/3477 3846/3846/3478 3898/3898/3511
f 3853/3853/2222 3898/3898/3511 3846/3846/3478
f 3853/3853/2222 3846/3846/3478 3847/3847/3479
f 3899/3899/3512 3900/3900/3513 3901/3901/3514
f 3900/3900/3513 3902/3902/3515 3903/3903/3516
f 3903/3903/3516 3901/3901/3514 3900/3900/3513
f 3903/3903/3516 3904/3904/3517 3901/3901/3514
f 3904/3904/3517 3905/3905/3518 3901/3901/3514
f 3906/3906/3519 3901/3901/3514 3905/3905/3518
f 3906/3906/3519 3899/3899/3512 3901/3901/3514
f 3907/3907/3520 3899/3899/3512 3906/3906/3519
f 3907/3907/3520 3908/3908/3521 3899/3899/3512
f 3909/3909/3522 3908/3908/3521 3907/3907/3520
f 3910/3910/3523 3908/3908/3521 3909/3909/3522
f 3904/3904/3517 3903/3903/3516 3911/3911/3515
f 3912/3912/3524 3907/3907/3520 3906/3906/3519
f 3913/3913/3525 3914/3914/3526 3915/3915/3527
f 3913/3913/3525 3915/3915/3527 3916/3916/3528
f 3911/3911/3515 3913/3913/3525 3916/3916/3528
f 3911/3911/3515 3916/3916/3528 3917/3917/3529
f 3904/3904/3517 3911/3911/3515 3917/3917/3529
f 3918/3918/3530 3904/3904/3517 3917/3917/3529
f 3904/3904/3517 3918/3918/3530 3905/3905/3518
f 3919/3919/3531 3905/3905/3518 3918/3918/3530
f 3919/3919/3531 3906/3906/3519 3905/3905/3518
f 3919/3919/3531 3920/3920/3532 3906/3906/3519
f 3921/3921/3533 3916/3916/3528 3915/3915/3527
f 3919/3919/3531 3922/3922/3534 3920/3920/3532
f 3919/3919/3531 3923/3923/3535 3922/3922/3534
f 3924/3924/3536 3923/3923/3535 3919/3919/3531
f 3919/3919/3531 3918/3918/3530 3924/3924/3536
f 3912/3912/3524 3906/3906/3519 3920/3920/3532
f 3922/3922/3534 3912/3912/3524 3920/3920/3532
f 3922/3922/3534 3925/3925/3537 3912/3912/3524
f 3922/3922/3534 3926/3926/3538 3925/3925/3537
f 3922/3922/3534 3927/3927/3539 3926/3926/3538
f 3923/3923/3535 3927/3927/3539 3922/3922/3534
f 3923/3923/3535 3928/3928/3540 3927/3927/3539
f 3929/3929/3541 3928/3928/3540 3923/3923/3535
f 3928/3928/3540 3929/3929/3541 3930/3930/3542
f 3931/3931/3543 3930/3930/3542 3929/3929/3541
f 3932/3932/2895 3926/3926/3538 3933/3933/3544
f 3933/3933/3544 3926/3926/3538 3927/3927/3539
f 3933/3933/3544 3927/3927/3539 3934/3934/3545
f 3934/3934/3545 3927/3927/3539 3928/3928/3540
f 3934/3934/3545 3928/3928/3540 3935/3935/2709
f 3928/3928/3540 3930/3930/3542 3935/3935/2709
f 3930/3930/3542 3936/3936/2182 3935/3935/2709
f 3930/3930/3542 3937/3937/3546 3936/3936/2182
f 3937/3937/3546 3930/3930/3542 3931/3931/3543
f 3937/3937/3546 3931/3931/3543 3938/3938/3547
f 3939/3939/3548 3937/3937/3546 3940/3940/3549
f 3937/3937/3546 3941/3941/3550 3940/3940/3549
f 3937/3937/3546 3938/3938/3547 3941/3941/3550
f 3942/3942/3551 3941/3941/3550 3938/3938/3547
f 3943/3943/3552 3942/3942/3551 3938/3938/3547
f 3944/3944/3553 3942/3942/3551 3943/3943/3552
f 3944/3944/3553 3943/3943/3552 3945/3945/3554
f 3946/3946/3555 3945/3945/3554 3943/3943/3552
f 3947/3947/3556 3945/3945/3554 3946/3946/3555
f 3946/3946/3555 3948/3948/3557 3947/3947/3556
f 3949/3949/3558 3947/3947/3556 3948/3948/3557
f 3949/3949/3558 3950/3950/3559 3947/3947/3556
f 3947/3947/3556 3950/3950/3559 3945/3945/3554
f 3942/3942/3551 3951/3951/3560 3941/3941/3550
f 3952/3952/3561 3951/3951/3560 3942/3942/3551
f 3952/3952/3561 3942/3942/3551 3944/3944/3553
f 3953/3953/3562 3954/3954/3563 3948/3948/3557
f 3953/3953/3562 3948/3948/3557 3955/3955/3564
f 3946/3946/3555 3955/3955/3564 3948/3948/3557
f 3955/3955/3564 3946/3946/3555 3956/3956/3565
f 3946/3946/3555 3943/3943/3552 3956/3956/3565
f 3953/3953/3562 3957/3957/3566 3958/3958/3567
f 3953/3953/3562 3955/3955/3564 3957/3957/3566
f 3955/3955/3564 3956/3956/3565 3957/3957/3566
f 3943/3943/3552 3938/3938/3547 3931/3931/3543
f 3959/3959/3568 3943/3943/3552 3931/3931/3543
f 3959/3959/3568 3956/3956/3565 3943/3943/3552
f 3956/3956/3565 3959/3959/3568 3960/3960/2774
f 3956/3956/3565 3960/3960/2774 3957/3957/3566
f 3961/3961/3569 3957/3957/3566 3960/3960/2774
f 3961/3961/3569 3958/3958/3567 3957/3957/3566
f 3961/3961/3569 3962/3962/3570 3958/3958/3567
f 3962/3962/3570 3953/3953/3562 3958/3958/3567
f 3962/3962/3570 3963/3963/3571 3953/3953/3562
f 3964/3964/3572 3965/3965/3573 3966/3966/3574
f 3967/3967/3575 3965/3965/3573 3964/3964/3572
f 3967/3967/3575 3964/3964/3572 3963/3963/3571
f 3968/3968/3576 3967/3967/3575 3963/3963/3571
f 3968/3968/3576 3963/3963/3571 3962/3962/3570
f 3969/3969/3577 3968/3968/3576 3962/3962/3570
f 3969/3969/3577 3962/3962/3570 3970/3970/3578
f 3961/3961/3569 3970/3970/3578 3962/3962/3570
f 3971/3971/3579 3972/3972/3580 3969/3969/3577
f 3973/3973/3581 3969/3969/3577 3972/3972/3580
f 3973/3973/3581 3968/3968/3576 3969/3969/3577
f 3974/3974/3582 3968/3968/3576 3973/3973/3581
f 3974/3974/3582 3967/3967/3575 3968/3968/3576
f 3975/3975/3583 3967/3967/3575 3974/3974/3582
f 3975/3975/3583 3965/3965/3573 3967/3967/3575
f 3965/3965/3573 3975/3975/3583 3976/3976/3584
f 3965/3965/3573 3976/3976/3584 3966/3966/3574
f 3977/3977/3585 3966/3966/3574 3976/3976/3584
f 3978/3978/2184 3979/3979/3586 3980/3980/3587
f 3978/3978/2184 3971/3971/3579 3979/3979/3586
f 3981/3981/2180 3971/3971/3579 3978/3978/2184
f 3981/3981/2180 3982/3982/3588 3971/3971/3579
f 3972/3972/3580 3971/3971/3579 3982/3982/3588
f 3972/3972/3580 3982/3982/3588 3983/3983/3550
f 3983/3983/3550 3973/3973/3581 3972/3972/3580
f 3983/3983/3550 3984/3984/3560 3973/3973/3581
f 3984/3984/3560 3974/3974/3582 3973/3973/3581
f 3984/3984/3560 3985/3985/3589 3974/3974/3582
f 3985/3985/3589 3975/3975/3583 3974/3974/3582
f 3985/3985/3589 3986/3986/3590 3975/3975/3583
f 3975/3975/3583 3986/3986/3590 3987/3987/3591
f 3975/3975/3583 3987/3987/3591 3976/3976/3584
f 3976/3976/3584 3987/3987/3591 3988/3988/3592
f 3976/3976/3584 3988/3988/3592 3977/3977/3585
f 3977/3977/3585 3988/3988/3592 3989/3989/3593
f 3977/3977/3585 3989/3989/3593 3990/3990/3594
f 3990/3990/3594 3989/3989/3593 3991/3991/3595
f 3990/3990/3594 3991/3991/3595 3992/3992/3596
f 3963/3963/3571 3954/3954/3563 3953/3953/3562
f 3963/3963/3571 3964/3964/3572 3954/3954/3563
f 3954/3954/3563 3964/3964/3572 3993/3993/3597
f 3964/3964/3572 3966/3966/3574 3993/3993/3597
f 3993/3993/3597 3966/3966/3574 3994/3994/3598
f 3977/3977/3585 3994/3994/3598 3966/3966/3574
f 3994/3994/3598 3977/3977/3585 3990/3990/3594
f 3994/3994/3598 3990/3990/3594 3995/3995/3599
f 3992/3992/3596 3995/3995/3599 3990/3990/3594
f 3993/3993/3597 3994/3994/3598 3996/3996/3600
f 3997/3997/3601 3996/3996/3600 3994/3994/3598
f 3997/3997/3601 3994/3994/3598 3995/3995/3599
f 3997/3997/3601 3995/3995/3599 3998/3998/3602
f 3992/3992/3596 3998/3998/3602 3995/3995/3599
f 3998/3998/3602 3992/3992/3596 3999/3999/3603
f 3998/3998/3602 3999/3999/3603 4000/4000/3604
f 4001/4001/3605 3998/3998/3602 4000/4000/3604
f 4001/4001/3605 4000/4000/3604 4002/4002/3606
f 4003/4003/3607 4001/4001/3605 4002/4002/3606
f 3997/3997/3601 3998/3998/3602 4001/4001/3605
f 3992/3992/3596 3991/3991/3595 4004/4004/3608
f 3992/3992/3596 4004/4004/3608 3999/3999/3603
f 4004/4004/3608 4005/4005/3609 3999/3999/3603
f 4005/4005/3609 4000/4000/3604 3999/3999/3603
f 4005/4005/3609 4006/4006/3610 4000/4000/3604
f 4000/4000/3604 4006/4006/3610 4007/4007/3611
f 4000/4000/3604 4007/4007/3611 4002/4002/3606
f 4008/4008/3612 4002/4002/3606 4007/4007/3611
f 4003/4003/3607 4002/4002/3606 4008/4008/3612
f 4009/4009/3613 4003/4003/3607 4008/4008/3612
f 4009/4009/3613 4008/4008/3612 4010/4010/3614
f 4004/4004/3608 4011/4011/3615 4005/4005/3609
f 4008/4008/3612 4007/4007/3611 4012/4012/3616
f 4008/4008/3612 4012/4012/3616 4013/4013/3617
f 4008/4008/3612 4013/4013/3617 4010/4010/3614
f 4013/4013/3617 4014/4014/3618 4010/4010/3614
f 4009/4009/3613 4010/4010/3614 4014/4014/3618
f 4009/4009/3613 4014/4014/3618 4015/4015/3619
f 4016/4016/3620 4009/4009/3613 4015/4015/3619
f 4016/4016/3620 4015/4015/3619 4017/4017/3621
f 4018/4018/3622 4017/4017/3621 4015/4015/3619
f 4018/4018/3622 4019/4019/3623 4017/4017/3621
f 4018/4018/3622 4020/4020/3593 4019/4019/3623
f 4021/4021/3624 4019/4019/3623 4020/4020/3593
f 4013/4013/3617 4022/4022/3625 4014/4014/3618
f 4014/4014/3618 4022/4022/3625 4023/4023/3626
f 4023/4023/3626 4024/4024/3627 4025/4025/3628
f 4023/4023/3626 4025/4025/3628 4026/4026/3629
f 4014/4014/3618 4023/4023/3626 4026/4026/3629
f 4026/4026/3629 4015/4015/3619 4014/4014/3618
f 4026/4026/3629 4018/4018/3622 4015/4015/3619
f 4027/4027/3595 4018/4018/3622 4026/4026/3629
f 4018/4018/3622 4027/4027/3595 4020/4020/3593
f 4027/4027/3595 4026/4026/3629 4025/4025/3628
f 4028/4028/3630 4029/4029/3631 4030/4030/3632
f 4031/4031/3633 4032/4032/3634 4033/4033/3635
f 4029/4029/3631 4033/4033/3635 4032/4032/3634
f 4034/4034/3636 4029/4029/3631 4032/4032/3634
f 4034/4034/3636 4035/4035/3637 4029/4029/3631
f 4029/4029/3631 4036/4036/3638 4033/4033/3635
f 4036/4036/3638 4029/4029/3631 4028/4028/3630
f 4036/4036/3638 4028/4028/3630 4037/4037/3639
f 4038/4038/3640 4037/4037/3639 4028/4028/3630
f 4038/4038/3640 4039/4039/3590 4037/4037/3639
f 4040/4040/3589 4037/4037/3639 4039/4039/3590
f 4040/4040/3589 4041/4041/3641 4037/4037/3639
f 4042/4042/3553 4041/4041/3641 4040/4040/3589
f 4042/4042/3553 4031/4031/3633 4041/4041/3641
f 4031/4031/3633 4033/4033/3635 4041/4041/3641
f 4041/4041/3641 4033/4033/3635 4036/4036/3638
f 4041/4041/3641 4036/4036/3638 4037/4037/3639
f 4043/4043/3642 4044/4044/3643 4045/4045/3644
f 4043/4043/3642 4046/4046/3645 4044/4044/3643
f 4030/4030/3632 4044/4044/3643 4046/4046/3645
f 4030/4030/3632 4046/4046/3645 4047/4047/3646
f 4028/4028/3630 4030/4030/3632 4047/4047/3646
f 4038/4038/3640 4028/4028/3630 4047/4047/3646
f 4038/4038/3640 4047/4047/3646 4048/4048/3558
f 4047/4047/3646 4049/4049/3559 4048/4048/3558
f 4047/4047/3646 4046/4046/3645 4049/4049/3559
f 4050/4050/3554 4049/4049/3559 4046/4046/3645
f 4051/4051/3553 4050/4050/3554 4046/4046/3645
f 4051/4051/3553 4046/4046/3645 4043/4043/3642
f 3910/3910/3523 4052/4052/3647 3908/3908/3521
f 3910/3910/3523 4053/4053/3648 4052/4052/3647
f 4052/4052/3647 4053/4053/3648 4054/4054/3649
f 4052/4052/3647 4054/4054/3649 4055/4055/3650
f 3908/3908/3521 4052/4052/3647 4055/4055/3650
f 3908/3908/3521 4055/4055/3650 3899/3899/3512
f 3899/3899/3512 4055/4055/3650 3900/3900/3513
f 3900/3900/3513 4055/4055/3650 4054/4054/3649
f 3900/3900/3513 4054/4054/3649 3902/3902/3515
f 4053/4053/3648 3902/3902/3515 4054/4054/3649
f 4053/4053/3648 4056/4056/3525 3902/3902/3515
f 4057/4057/3651 4056/4056/3525 4053/4053/3648
f 3910/3910/3523 4057/4057/3651 4053/4053/3648
f 4057/4057/3651 3910/3910/3523 4058/4058/3652
f 4058/4058/3652 3910/3910/3523 3909/3909/3522
f 4057/4057/3651 4058/4058/3652 4059/4059/3526
f 4057/4057/3651 4059/4059/3526 4056/4056/3525
f 4058/4058/3652 3909/3909/3522 4060/4060/3653
f 4060/4060/3653 3909/3909/3522 4061/4061/3654
f 3909/3909/3522 3907/3907/3520 4061/4061/3654
f 4062/4062/3655 4061/4061/3654 3907/3907/3520
f 4062/4062/3655 3907/3907/3520 3912/3912/3524
f 4062/4062/3655 3912/3912/3524 4063/4063/2907
f 4063/4063/2907 3912/3912/3524 3925/3925/3537
f 3925/3925/3537 4064/4064/2908 4063/4063/2907
f 4064/4064/2908 3925/3925/3537 3926/3926/3538
f 4064/4064/2908 3926/3926/3538 3932/3932/2895
f 4062/4062/3655 4065/4065/2357 4066/4066/3656
f 4062/4062/3655 4066/4066/3656 4061/4061/3654
f 4060/4060/3653 4061/4061/3654 4066/4066/3656
f 3917/3917/3529 3916/3916/3528 4067/4067/3657
f 3921/3921/3533 4067/4067/3657 3916/3916/3528
f 4068/4068/3658 4067/4067/3657 3921/3921/3533
f 4068/4068/3658 3921/3921/3533 4069/4069/3659
f 4070/4070/3660 4068/4068/3658 4069/4069/3659
f 4070/4070/3660 4069/4069/3659 3979/3979/3586
f 3914/3914/3526 4071/4071/3652 4072/4072/3661
f 3914/3914/3526 4072/4072/3661 3915/3915/3527
f 3915/3915/3527 4072/4072/3661 4073/4073/3656
f 3915/3915/3527 4073/4073/3656 3921/3921/3533
f 4074/4074/2357 3921/3921/3533 4073/4073/3656
f 4074/4074/2357 4075/4075/2360 3921/3921/3533
f 3921/3921/3533 4075/4075/2360 4076/4076/2364
f 3921/3921/3533 4076/4076/2364 4069/4069/3659
f 3980/3980/3587 4069/4069/3659 4076/4076/2364
f 3980/3980/3587 3979/3979/3586 4069/4069/3659
f 3931/3931/3543 3929/3929/3541 3959/3959/3568
f 3959/3959/3568 3929/3929/3541 4077/4077/3662
f 3959/3959/3568 4077/4077/3662 3960/3960/2774
f 3960/3960/2774 4077/4077/3662 4078/4078/3663
f 3960/3960/2774 4078/4078/3663 3961/3961/3569
f 3961/3961/3569 4078/4078/3663 4070/4070/3660
f 3961/3961/3569 4070/4070/3660 3970/3970/3578
f 3979/3979/3586 3970/3970/3578 4070/4070/3660
f 3979/3979/3586 3969/3969/3577 3970/3970/3578
f 3971/3971/3579 3969/3969/3577 3979/3979/3586
f 4068/4068/3658 4070/4070/3660 4078/4078/3663
f 4068/4068/3658 4078/4078/3663 4079/4079/3664
f 4079/4079/3664 4067/4067/3657 4068/4068/3658
f 4079/4079/3664 4080/4080/3665 4067/4067/3657
f 3917/3917/3529 4067/4067/3657 4080/4080/3665
f 3918/3918/3530 3917/3917/3529 4080/4080/3665
f 4079/4079/3664 3918/3918/3530 4080/4080/3665
f 4079/4079/3664 3924/3924/3536 3918/3918/3530
f 3924/3924/3536 4079/4079/3664 4078/4078/3663
f 3924/3924/3536 4078/4078/3663 4077/4077/3662
f 3924/3924/3536 4077/4077/3662 3923/3923/3535
f 3929/3929/3541 3923/3923/3535 4077/4077/3662
f 4081/4081/3666 4082/4082/3667 4083/4083/3668
f 4083/4083/3668 4001/4001/3605 4003/4003/3607
f 4083/4083/3668 3997/3997/3601 4001/4001/3605
f 4082/4082/3667 3997/3997/3601 4083/4083/3668
f 4082/4082/3667 3996/3996/3600 3997/3997/3601
f 3996/3996/3600 4082/4082/3667 4084/4084/3669
f 4082/4082/3667 4085/4085/3670 4084/4084/3669
f 4082/4082/3667 4081/4081/3666 4085/4085/3670
f 4085/4085/3670 4081/4081/3666 4086/4086/3671
f 4085/4085/3670 4086/4086/3671 4087/4087/3672
f 4087/4087/3672 4086/4086/3671 4088/4088/3673
f 4087/4087/3672 4088/4088/3673 4089/4089/3674
f 4090/4090/3590 4089/4089/3674 4091/4091/3591
f 4090/4090/3590 4092/4092/3675 4089/4089/3674
f 3949/3949/3558 4089/4089/3674 4092/4092/3675
f 3949/3949/3558 4087/4087/3672 4089/4089/3674
f 3948/3948/3557 4087/4087/3672 3949/3949/3558
f 3948/3948/3557 4085/4085/3670 4087/4087/3672
f 3954/3954/3563 4085/4085/3670 3948/3948/3557
f 3954/3954/3563 4084/4084/3669 4085/4085/3670
f 3954/3954/3563 3993/3993/3597 4084/4084/3669
f 3996/3996/3600 4084/4084/3669 3993/3993/3597
f 4083/4083/3668 4003/4003/3607 4009/4009/3613
f 4083/4083/3668 4009/4009/3613 4016/4016/3620
f 4081/4081/3666 4083/4083/3668 4016/4016/3620
f 4081/4081/3666 4016/4016/3620 4017/4017/3621
f 4081/4081/3666 4017/4017/3621 4086/4086/3671
f 4019/4019/3623 4086/4086/3671 4017/4017/3621
f 4019/4019/3623 4088/4088/3673 4086/4086/3671
f 4021/4021/3624 4088/4088/3673 4019/4019/3623
f 4091/4091/3591 4088/4088/3673 4021/4021/3624
f 4091/4091/3591 4089/4089/3674 4088/4088/3673
f 3939/3939/3548 3940/3940/3549 4093/4093/2180
f 4094/4094/3676 4095/4095/3677 4096/4096/3678
f 4094/4094/3676 4096/4096/3678 4097/4097/3679
f 4098/4098/3680 4095/4095/3677 4099/4099/3681
f 4098/4098/3680 4096/4096/3678 4095/4095/3677
f 4096/4096/3678 4098/4098/3680 4100/4100/3682
f 4096/4096/3678 4100/4100/3682 4097/4097/3679
f 4101/4101/3683 4097/4097/3679 4100/4100/3682
f 4101/4101/3683 4100/4100/3682 4102/4102/3684
f 4103/4103/3685 4101/4101/3683 4102/4102/3684
f 4104/4104/3686 4105/4105/3687 4106/4106/3688
f 4104/4104/3686 4106/4106/3688 4107/4107/3689
f 4107/4107/3689 4108/4108/3690 4104/4104/3686
f 4107/4107/3689 4103/4103/3685 4108/4108/3690
f 4103/4103/3685 4107/4107/3689 4101/4101/3683
f 4109/4109/3691 4101/4101/3683 4107/4107/3689
f 4097/4097/3679 4101/4101/3683 4109/4109/3691
f 4097/4097/3679 4109/4109/3691 4110/4110/3692
f 4094/4094/3676 4097/4097/3679 4110/4110/3692
f 4111/4111/3436 4094/4094/3676 4110/4110/3692
f 4112/4112/3693 4113/4113/3497 4114/4114/3502
f 4115/4115/3443 4113/4113/3497 4112/4112/3693
f 4115/4115/3443 4112/4112/3693 4116/4116/3694
f 4112/4112/3693 4106/4106/3688 4116/4116/3694
f 4112/4112/3693 4107/4107/3689 4106/4106/3688
f 4109/4109/3691 4107/4107/3689 4112/4112/3693
f 4112/4112/3693 4114/4114/3502 4109/4109/3691
f 4117/4117/3437 4109/4109/3691 4114/4114/3502
f 4117/4117/3437 4110/4110/3692 4109/4109/3691
f 4111/4111/3436 4110/4110/3692 4117/4117/3437
f 4118/4118/3695 4094/4094/3676 4111/4111/3436
f 4118/4118/3695 4111/4111/3436 4119/4119/3696
f 4118/4118/3695 4119/4119/3696 4120/4120/3697
f 4118/4118/3695 4120/4120/3697 4121/4121/3698
f 4120/4120/3697 4122/4122/3699 4121/4121/3698
f 4123/4123/3700 4121/4121/3698 4122/4122/3699
f 4124/4124/3701 4123/4123/3700 4122/4122/3699
f 4125/4125/3687 4123/4123/3700 4124/4124/3701
f 4125/4125/3687 4126/4126/3702 4123/4123/3700
f 4125/4125/3687 4127/4127/3703 4126/4126/3702
f 4120/4120/3697 4128/4128/3439 4122/4122/3699
f 4122/4122/3699 4128/4128/3439 4129/4129/3704
f 4122/4122/3699 4129/4129/3704 4130/4130/3694
f 4124/4124/3701 4122/4122/3699 4130/4130/3694
f 4094/4094/3676 4118/4118/3695 4095/4095/3677
f 4131/4131/3705 4095/4095/3677 4118/4118/3695
f 4131/4131/3705 4118/4118/3695 4121/4121/3698
f 4123/4123/3700 4131/4131/3705 4121/4121/3698
f 4126/4126/3702 4131/4131/3705 4123/4123/3700
f 4126/4126/3702 4132/4132/3706 4131/4131/3705
f 4131/4131/3705 4132/4132/3706 4133/4133/3707
f 4131/4131/3705 4133/4133/3707 4095/4095/3677
f 4095/4095/3677 4133/4133/3707 4134/4134/3708
f 4095/4095/3677 4134/4134/3708 4099/4099/3681
f 4132/4132/3706 4126/4126/3702 4127/4127/3703
f 4132/4132/3706 4127/4127/3703 4135/4135/3709
f 4132/4132/3706 4135/4135/3709 4133/4133/3707
f 4136/4136/3710 4133/4133/3707 4135/4135/3709
f 4136/4136/3710 4134/4134/3708 4133/4133/3707
f 4137/4137/3711 4134/4134/3708 4136/4136/3710
f 4137/4137/3711 4138/4138/3712 4134/4134/3708
f 4138/4138/3712 4137/4137/3711 4139/4139/3713
f 4138/4138/3712 4139/4139/3713 4140/4140/3714
f 4139/4139/3713 4141/4141/3715 4140/4140/3714
f 4135/4135/3709 4127/4127/3703 4142/4142/3716
f 4135/4135/3709 4142/4142/3716 4136/4136/3710
f 4136/4136/3710 4142/4142/3716 4143/4143/3717
f 4136/4136/3710 4143/4143/3717 4137/4137/3711
f 4137/4137/3711 4143/4143/3717 4144/4144/3718
f 4137/4137/3711 4144/4144/3718 4139/4139/3713
f 4144/4144/3718 4141/4141/3715 4139/4139/3713
f 4144/4144/3718 4145/4145/3719 4141/4141/3715
f 4145/4145/3719 4144/4144/3718 4146/4146/3720
f 4143/4143/3717 4146/4146/3720 4144/4144/3718
f 4143/4143/3717 4147/4147/3721 4146/4146/3720
f 4148/4148/3722 4147/4147/3721 4143/4143/3717
f 4148/4148/3722 4143/4143/3717 4142/4142/3716
f 4149/4149/3723 4148/4148/3722 4142/4142/3716
f 4142/4142/3716 4150/4150/3724 4149/4149/3723
f 4149/4149/3723 4150/4150/3724 4151/4151/3725
f 4149/4149/3723 4151/4151/3725 4152/4152/3726
f 4150/4150/3724 4153/4153/3727 4151/4151/3725
f 4154/4154/3728 4151/4151/3725 4153/4153/3727
f 4151/4151/3725 4154/4154/3728 4155/4155/3729
f 4151/4151/3725 4155/4155/3729 4152/4152/3726
f 4152/4152/3726 4155/4155/3729 4156/4156/3730
f 4157/4157/3731 4152/4152/3726 4156/4156/3730
f 4157/4157/3731 4149/4149/3723 4152/4152/3726
f 4149/4149/3723 4157/4157/3731 4148/4148/3722
f 4158/4158/3732 4159/4159/3733 4150/4150/3724
f 4150/4150/3724 4159/4159/3733 4153/4153/3727
f 4160/4160/3734 4161/4161/3735 4162/4162/3736
f 4161/4161/3735 4163/4163/3737 4162/4162/3736
f 4162/4162/3736 4163/4163/3737 4164/4164/3738
f 4165/4165/3739 4162/4162/3736 4164/4164/3738
f 4165/4165/3739 4160/4160/3734 4162/4162/3736
f 4160/4160/3734 4165/4165/3739 4158/4158/3732
f 4160/4160/3734 4158/4158/3732 4166/4166/3740
f 4158/4158/3732 4150/4150/3724 4166/4166/3740
f 4142/4142/3716 4166/4166/3740 4150/4150/3724
f 4127/4127/3703 4166/4166/3740 4142/4142/3716
f 4167/4167/3690 4168/4168/3741 4169/4169/3742
f 4170/4170/3686 4167/4167/3690 4169/4169/3742
f 4170/4170/3686 4169/4169/3742 4171/4171/3743
f 4171/4171/3743 4125/4125/3687 4170/4170/3686
f 4125/4125/3687 4171/4171/3743 4127/4127/3703
f 4172/4172/3744 4127/4127/3703 4171/4171/3743
f 4127/4127/3703 4172/4172/3744 4166/4166/3740
f 4166/4166/3740 4172/4172/3744 4173/4173/3745
f 4166/4166/3740 4173/4173/3745 4160/4160/3734
f 4160/4160/3734 4173/4173/3745 4161/4161/3735
f 4172/4172/3744 4171/4171/3743 4169/4169/3742
f 4174/4174/3746 4172/4172/3744 4169/4169/3742
f 4175/4175/3747 4172/4172/3744 4174/4174/3746
f 4175/4175/3747 4173/4173/3745 4172/4172/3744
f 4175/4175/3747 4176/4176/3748 4173/4173/3745
f 4173/4173/3745 4176/4176/3748 4177/4177/3749
f 4173/4173/3745 4177/4177/3749 4161/4161/3735
f 4178/4178/3750 4161/4161/3735 4177/4177/3749
f 4161/4161/3735 4178/4178/3750 4163/4163/3737
f 4174/4174/3746 4169/4169/3742 4168/4168/3741
f 4179/4179/3751 4174/4174/3746 4168/4168/3741
f 4179/4179/3751 4180/4180/3752 4174/4174/3746
f 4175/4175/3747 4174/4174/3746 4181/4181/3753
f 4180/4180/3752 4181/4181/3753 4174/4174/3746
f 4180/4180/3752 4182/4182/3754 4181/4181/3753
f 4180/4180/3752 4183/4183/3755 4182/4182/3754
f 4179/4179/3751 4183/4183/3755 4180/4180/3752
f 4179/4179/3751 4184/4184/3756 4183/4183/3755
f 4184/4184/3756 4179/4179/3751 4185/4185/3757
f 4168/4168/3741 4185/4185/3757 4179/4179/3751
f 4168/4168/3741 4186/4186/3758 4185/4185/3757
f 4167/4167/3690 4186/4186/3758 4168/4168/3741
f 4187/4187/3759 4188/4188/3758 4189/4189/3690
f 4187/4187/3759 4190/4190/3760 4188/4188/3758
f 4187/4187/3759 4191/4191/3761 4190/4190/3760
f 4190/4190/3760 4191/4191/3761 4192/4192/3762
f 4193/4193/3754 4192/4192/3762 4191/4191/3761
f 4193/4193/3754 4194/4194/3763 4192/4192/3762
f 4193/4193/3754 4195/4195/3764 4194/4194/3763
f 4195/4195/3764 4196/4196/3765 4194/4194/3763
f 4195/4195/3764 4197/4197/3756 4196/4196/3765
f 4198/4198/3757 4196/4196/3765 4197/4197/3756
f 4187/4187/3759 4199/4199/3684 4191/4191/3761
f 4199/4199/3684 4200/4200/3753 4191/4191/3761
f 4193/4193/3754 4191/4191/3761 4200/4200/3753
f 4199/4199/3684 4201/4201/3766 4200/4200/3753
f 4198/4198/3757 4202/4202/3767 4196/4196/3765
f 4188/4188/3758 4202/4202/3767 4198/4198/3757
f 4188/4188/3758 4190/4190/3760 4202/4202/3767
f 4190/4190/3760 4192/4192/3762 4202/4202/3767
f 4194/4194/3763 4202/4202/3767 4192/4192/3762
f 4194/4194/3763 4196/4196/3765 4202/4202/3767
f 4203/4203/3684 4204/4204/3748 4205/4205/3747
f 4203/4203/3684 4206/4206/3768 4204/4204/3748
f 4203/4203/3684 4207/4207/3769 4206/4206/3768
f 4206/4206/3768 4207/4207/3769 4208/4208/3770
f 4207/4207/3769 4209/4209/3738 4208/4208/3770
f 4209/4209/3738 4210/4210/3771 4208/4208/3770
f 4209/4209/3738 4211/4211/3772 4210/4210/3771
f 4210/4210/3771 4211/4211/3772 4212/4212/3750
f 4210/4210/3771 4212/4212/3750 4213/4213/3773
f 4214/4214/3749 4213/4213/3773 4212/4212/3750
f 4203/4203/3684 4215/4215/3682 4207/4207/3769
f 4215/4215/3682 4216/4216/3739 4207/4207/3769
f 4207/4207/3769 4216/4216/3739 4209/4209/3738
f 4215/4215/3682 4217/4217/3732 4216/4216/3739
f 4214/4214/3749 4218/4218/3774 4213/4213/3773
f 4204/4204/3748 4218/4218/3774 4214/4214/3749
f 4204/4204/3748 4206/4206/3768 4218/4218/3774
f 4206/4206/3768 4208/4208/3770 4218/4218/3774
f 4210/4210/3771 4218/4218/3774 4208/4208/3770
f 4210/4210/3771 4213/4213/3773 4218/4218/3774
f 4219/4219/3682 4220/4220/3775 4221/4221/3732
f 4219/4219/3682 4222/4222/3776 4220/4220/3775
f 4219/4219/3682 4223/4223/3777 4222/4222/3776
f 4222/4222/3776 4223/4223/3777 4224/4224/3778
f 4223/4223/3777 4225/4225/3779 4224/4224/3778
f 4225/4225/3779 4226/4226/3780 4224/4224/3778
f 4225/4225/3779 4227/4227/3781 4226/4226/3780
f 4226/4226/3780 4227/4227/3781 4228/4228/3728
f 4226/4226/3780 4228/4228/3728 4229/4229/3782
f 4230/4230/3727 4229/4229/3782 4228/4228/3728
f 4230/4230/3727 4231/4231/3783 4229/4229/3782
f 4220/4220/3775 4231/4231/3783 4230/4230/3727
f 4220/4220/3775 4222/4222/3776 4231/4231/3783
f 4222/4222/3776 4224/4224/3778 4231/4231/3783
f 4224/4224/3778 4229/4229/3782 4231/4231/3783
f 4224/4224/3778 4226/4226/3780 4229/4229/3782
f 4219/4219/3682 4232/4232/3680 4223/4223/3777
f 4232/4232/3680 4233/4233/3731 4223/4223/3777
f 4223/4223/3777 4233/4233/3731 4225/4225/3779
f 4232/4232/3680 4234/4234/3722 4233/4233/3731
f 4235/4235/3784 4236/4236/3785 4237/4237/3786
f 4238/4238/3680 4235/4235/3784 4239/4239/3787
f 4235/4235/3784 4237/4237/3786 4239/4239/3787
f 4239/4239/3787 4237/4237/3786 4240/4240/3714
f 4238/4238/3680 4241/4241/3721 4242/4242/3722
f 4238/4238/3680 4243/4243/3788 4241/4241/3721
f 4238/4238/3680 4239/4239/3787 4243/4243/3788
f 4243/4243/3788 4239/4239/3787 4244/4244/3789
f 4239/4239/3787 4240/4240/3714 4244/4244/3789
f 4240/4240/3714 4245/4245/3790 4244/4244/3789
f 4240/4240/3714 4246/4246/3715 4245/4245/3790
f 4245/4245/3790 4246/4246/3715 4247/4247/3719
f 4245/4245/3790 4247/4247/3719 4248/4248/3791
f 4249/4249/3720 4248/4248/3791 4247/4247/3719
f 4249/4249/3720 4250/4250/3792 4248/4248/3791
f 4241/4241/3721 4250/4250/3792 4249/4249/3720
f 4241/4241/3721 4243/4243/3788 4250/4250/3792
f 4243/4243/3788 4244/4244/3789 4250/4250/3792
f 4244/4244/3789 4248/4248/3791 4250/4250/3792
f 4244/4244/3789 4245/4245/3790 4248/4248/3791
f 4251/4251/3793 4252/4252/3794 4253/4253/3795
f 4251/4251/3793 4253/4253/3795 4254/4254/3796
f 4253/4253/3795 4255/4255/3797 4256/4256/3798
f 4256/4256/3798 4257/4257/3799 4253/4253/3795
f 4254/4254/3796 4253/4253/3795 4257/4257/3799
f 4254/4254/3796 4257/4257/3799 4258/4258/3800
f 4259/4259/3801 4254/4254/3796 4258/4258/3800
f 4260/4260/3802 4261/4261/3803 4259/4259/3801
f 4259/4259/3801 4261/4261/3803 4254/4254/3796
f 4262/4262/3804 4254/4254/3796 4261/4261/3803
f 4262/4262/3804 4251/4251/3793 4254/4254/3796
f 4251/4251/3793 4262/4262/3804 4263/4263/3805
f 4251/4251/3793 4263/4263/3805 4264/4264/3806
f 4264/4264/3806 4252/4252/3794 4251/4251/3793
f 4264/4264/3806 4265/4265/3807 4252/4252/3794
f 4252/4252/3794 4265/4265/3807 4255/4255/3797
f 4253/4253/3795 4252/4252/3794 4255/4255/3797
f 4260/4260/3802 4266/4266/3808 4267/4267/3809
f 4260/4260/3802 4267/4267/3809 4268/4268/3810
f 4261/4261/3803 4260/4260/3802 4268/4268/3810
f 4261/4261/3803 4268/4268/3810 4269/4269/3811
f 4270/4270/3812 4268/4268/3810 4271/4271/3813
f 4268/4268/3810 4272/4272/3814 4271/4271/3813
f 4268/4268/3810 4267/4267/3809 4272/4272/3814
f 4273/4273/3815 4272/4272/3814 4267/4267/3809
f 4267/4267/3809 4274/4274/3816 4273/4273/3815
f 4267/4267/3809 4266/4266/3808 4274/4274/3816
f 4266/4266/3808 4275/4275/3817 4274/4274/3816
f 4276/4276/3818 4275/4275/3817 4266/4266/3808
f 4276/4276/3818 4266/4266/3808 4260/4260/3802
f 4260/4260/3802 4259/4259/3801 4276/4276/3818
f 4277/4277/3819 4278/4278/3820 4279/4279/3821
f 4280/4280/3822 4278/4278/3820 4277/4277/3819
f 4277/4277/3819 4270/4270/3812 4280/4280/3822
f 4280/4280/3822 4281/4281/3823 4278/4278/3820
f 4278/4278/3820 4281/4281/3823 4282/4282/3824
f 4279/4279/3821 4278/4278/3820 4282/4282/3824
f 4279/4279/3821 4282/4282/3824 4283/4283/3825
f 4283/4283/3825 4284/4284/3826 4279/4279/3821
f 4285/4285/3827 4279/4279/3821 4284/4284/3826
f 4277/4277/3819 4279/4279/3821 4285/4285/3827
f 4269/4269/3811 4277/4277/3819 4285/4285/3827
f 4277/4277/3819 4269/4269/3811 4270/4270/3812
f 4270/4270/3812 4269/4269/3811 4268/4268/3810
f 4286/4286/3828 4285/4285/3827 4287/4287/3829
f 4285/4285/3827 4284/4284/3826 4287/4287/3829
f 4288/4288/3830 4289/4289/3831 4290/4290/3832
f 4289/4289/3831 4291/4291/3833 4290/4290/3832
f 4289/4289/3831 4292/4292/3834 4291/4291/3833
f 4289/4289/3831 4293/4293/3835 4292/4292/3834
f 4286/4286/3828 4292/4292/3834 4293/4293/3835
f 4286/4286/3828 4293/4293/3835 4294/4294/3836
f 4286/4286/3828 4294/4294/3836 4285/4285/3827
f 4269/4269/3811 4285/4285/3827 4294/4294/3836
f 4295/4295/3837 4269/4269/3811 4294/4294/3836
f 4295/4295/3837 4261/4261/3803 4269/4269/3811
f 4296/4296/3838 4261/4261/3803 4295/4295/3837
f 4296/4296/3838 4262/4262/3804 4261/4261/3803
f 4288/4288/3830 4293/4293/3835 4289/4289/3831
f 4288/4288/3830 4297/4297/3839 4293/4293/3835
f 4293/4293/3835 4297/4297/3839 4298/4298/3840
f 4293/4293/3835 4298/4298/3840 4294/4294/3836
f 4294/4294/3836 4298/4298/3840 4299/4299/3841
f 4294/4294/3836 4299/4299/3841 4295/4295/3837
f 4300/4300/3842 4295/4295/3837 4299/4299/3841
f 4299/4299/3841 4301/4301/3843 4300/4300/3842
f 4301/4301/3843 4299/4299/3841 4298/4298/3840
f 4301/4301/3843 4298/4298/3840 4302/4302/3844
f 4302/4302/3844 4298/4298/3840 4297/4297/3839
f 4302/4302/3844 4297/4297/3839 4303/4303/3845
f 4297/4297/3839 4304/4304/3846 4303/4303/3845
f 4297/4297/3839 4288/4288/3830 4304/4304/3846
f 4305/4305/3847 4304/4304/3846 4288/4288/3830
f 4288/4288/3830 4290/4290/3832 4305/4305/3847
f 4306/4306/3848 4307/4307/3617 4308/4308/3616
f 4306/4306/3848 4309/4309/3625 4307/4307/3617
f 4306/4306/3848 4310/4310/3849 4309/4309/3625
f 4309/4309/3625 4310/4310/3849 4311/4311/3850
f 4312/4312/3851 4311/4311/3850 4310/4310/3849
f 4313/4313/3852 4311/4311/3850 4312/4312/3851
f 4300/4300/3842 4313/4313/3852 4312/4312/3851
f 4300/4300/3842 4312/4312/3851 4314/4314/3853
f 4300/4300/3842 4314/4314/3853 4295/4295/3837
f 4315/4315/3854 4295/4295/3837 4314/4314/3853
f 4313/4313/3852 4316/4316/3855 4311/4311/3850
f 4311/4311/3850 4316/4316/3855 4317/4317/3627
f 4311/4311/3850 4317/4317/3627 4318/4318/3626
f 4309/4309/3625 4311/4311/3850 4318/4318/3626
f 4319/4319/3856 4320/4320/3610 4321/4321/3857
f 4319/4319/3856 4321/4321/3857 4322/4322/3858
f 4308/4308/3616 4319/4319/3856 4322/4322/3858
f 4308/4308/3616 4322/4322/3858 4323/4323/3859
f 4306/4306/3848 4308/4308/3616 4323/4323/3859
f 4323/4323/3859 4324/4324/3860 4306/4306/3848
f 4325/4325/3861 4306/4306/3848 4324/4324/3860
f 4325/4325/3861 4324/4324/3860 4326/4326/3862
f 4325/4325/3861 4326/4326/3862 4315/4315/3854
f 4314/4314/3853 4325/4325/3861 4315/4315/3854
f 4314/4314/3853 4312/4312/3851 4325/4325/3861
f 4312/4312/3851 4310/4310/3849 4325/4325/3861
f 4325/4325/3861 4310/4310/3849 4306/4306/3848
f 4315/4315/3854 4296/4296/3838 4295/4295/3837
f 4315/4315/3854 4326/4326/3862 4296/4296/3838
f 4262/4262/3804 4296/4296/3838 4326/4326/3862
f 4262/4262/3804 4326/4326/3862 4263/4263/3805
f 4324/4324/3860 4263/4263/3805 4326/4326/3862
f 4324/4324/3860 4327/4327/3863 4263/4263/3805
f 4328/4328/3864 4327/4327/3863 4324/4324/3860
f 4328/4328/3864 4324/4324/3860 4329/4329/3865
f 4329/4329/3865 4330/4330/3866 4328/4328/3864
f 4329/4329/3865 4331/4331/3867 4330/4330/3866
f 4323/4323/3859 4329/4329/3865 4324/4324/3860
f 4323/4323/3859 4331/4331/3867 4329/4329/3865
f 4323/4323/3859 4322/4322/3858 4331/4331/3867
f 4331/4331/3867 4322/4322/3858 4321/4321/3857
f 4332/4332/3868 4330/4330/3866 4331/4331/3867
f 4331/4331/3867 4321/4321/3857 4332/4332/3868
f 4321/4321/3857 4333/4333/3869 4332/4332/3868
f 4321/4321/3857 4334/4334/3870 4333/4333/3869
f 4334/4334/3870 4335/4335/3852 4333/4333/3869
f 4334/4334/3870 4336/4336/3855 4335/4335/3852
f 4337/4337/3627 4336/4336/3855 4334/4334/3870
f 4337/4337/3627 4334/4334/3870 4338/4338/3871
f 4334/4334/3870 4320/4320/3610 4338/4338/3871
f 4334/4334/3870 4321/4321/3857 4320/4320/3610
f 4339/4339/3872 4335/4335/3852 4340/4340/3842
f 4339/4339/3872 4333/4333/3869 4335/4335/3852
f 4333/4333/3869 4339/4339/3872 4341/4341/3844
f 4333/4333/3869 4341/4341/3844 4342/4342/3873
f 4342/4342/3873 4332/4332/3868 4333/4333/3869
f 4342/4342/3873 4343/4343/3874 4332/4332/3868
f 4332/4332/3868 4343/4343/3874 4330/4330/3866
f 4344/4344/3826 4345/4345/3875 4346/4346/3876
f 4347/4347/3829 4344/4344/3826 4348/4348/3877
f 4344/4344/3826 4346/4346/3876 4348/4348/3877
f 4349/4349/3878 4348/4348/3877 4346/4346/3876
f 4349/4349/3878 4346/4346/3876 4345/4345/3875
f 4349/4349/3878 4345/4345/3875 4350/4350/3824
f 4351/4351/3879 4349/4349/3878 4350/4350/3824
f 4351/4351/3879 4352/4352/3880 4349/4349/3878
f 4353/4353/3881 4352/4352/3880 4351/4351/3879
f 4354/4354/3882 4352/4352/3880 4353/4353/3881
f 4355/4355/3883 4354/4354/3882 4353/4353/3881
f 4355/4355/3883 4347/4347/3829 4354/4354/3882
f 4355/4355/3883 4356/4356/3828 4347/4347/3829
f 4347/4347/3829 4348/4348/3877 4354/4354/3882
f 4354/4354/3882 4348/4348/3877 4352/4352/3880
f 4349/4349/3878 4352/4352/3880 4348/4348/3877
f 4353/4353/3881 4351/4351/3879 4357/4357/3822
f 4358/4358/3884 4353/4353/3881 4357/4357/3822
f 4355/4355/3883 4353/4353/3881 4358/4358/3884
f 4358/4358/3884 4357/4357/3822 4359/4359/3885
f 4360/4360/2328 4361/4361/3886 4362/4362/3887
f 4360/4360/2328 4363/4363/3888 4361/4361/3886
f 4364/4364/2754 4363/4363/3888 4360/4360/2328
f 4364/4364/2754 4365/4365/3889 4363/4363/3888
f 4364/4364/2754 4366/4366/3890 4365/4365/3889
f 4364/4364/2754 4367/4367/2151 4366/4366/3890
f 4368/4368/3891 4366/4366/3890 4367/4367/2151
f 4368/4368/3891 4369/4369/3892 4366/4366/3890
f 4370/4370/3893 4369/4369/3892 4368/4368/3891
f 4370/4370/3893 4368/4368/3891 4371/4371/2754
f 4372/4372/3894 4365/4365/3889 4366/4366/3890
f 4372/4372/3894 4366/4366/3890 4373/4373/3895
f 4369/4369/3892 4373/4373/3895 4366/4366/3890
f 4369/4369/3892 4374/4374/3896 4373/4373/3895
f 4374/4374/3896 4369/4369/3892 4370/4370/3893
f 4374/4374/3896 4370/4370/3893 4375/4375/3897
f 4375/4375/3897 4370/4370/3893 4376/4376/3898
f 4375/4375/3897 4376/4376/3898 4377/4377/3899
f 4378/4378/3900 4377/4377/3899 4376/4376/3898
f 4378/4378/3900 4379/4379/3901 4377/4377/3899
f 4380/4380/3902 4381/4381/3903 4382/4382/3904
f 4380/4380/3902 4382/4382/3904 4379/4379/3901
f 4379/4379/3901 4382/4382/3904 4383/4383/3905
f 4379/4379/3901 4383/4383/3905 4377/4377/3899
f 4377/4377/3899 4383/4383/3905 4384/4384/3906
f 4377/4377/3899 4384/4384/3906 4375/4375/3897
f 4375/4375/3897 4384/4384/3906 4385/4385/2624
f 4375/4375/3897 4385/4385/2624 4374/4374/3896
f 4374/4374/3896 4385/4385/2624 4386/4386/3907
f 4374/4374/3896 4386/4386/3907 4373/4373/3895
f 4387/4387/3908 4388/4388/3909 4389/4389/3910
f 4387/4387/3908 4389/4389/3910 4390/4390/3911
f 4390/4390/3911 4389/4389/3910 4391/4391/3912
f 4390/4390/3911 4391/4391/3912 4392/4392/3913
f 4392/4392/3913 4391/4391/3912 4393/4393/3914
f 4392/4392/3913 4393/4393/3914 4394/4394/3915
f 4394/4394/3915 4393/4393/3914 4395/4395/3916
f 4394/4394/3915 4395/4395/3916 4396/4396/3917
f 4396/4396/3917 4395/4395/3916 4381/4381/3903
f 4396/4396/3917 4381/4381/3903 4380/4380/3902
f 4379/4379/3901 4378/4378/3900 4397/4397/3918
f 4379/4379/3901 4397/4397/3918 4380/4380/3902
f 4380/4380/3902 4397/4397/3918 4398/4398/3919
f 4380/4380/3902 4398/4398/3919 4396/4396/3917
f 4399/4399/3920 4396/4396/3917 4398/4398/3919
f 4399/4399/3920 4394/4394/3915 4396/4396/3917
f 4394/4394/3915 4399/4399/3920 4400/4400/3921
f 4394/4394/3915 4400/4400/3921 4392/4392/3913
f 4392/4392/3913 4400/4400/3921 4401/4401/3922
f 4392/4392/3913 4401/4401/3922 4390/4390/3911
f 4400/4400/3921 4399/4399/3920 4402/4402/2159
f 4400/4400/3921 4402/4402/2159 4403/4403/3923
f 4403/4403/3923 4401/4401/3922 4400/4400/3921
f 4403/4403/3923 4404/4404/2338 4401/4401/3922
f 4405/4405/3924 4401/4401/3922 4404/4404/2338
f 4405/4405/3924 4406/4406/3925 4401/4401/3922
f 4406/4406/3925 4405/4405/3924 4407/4407/3926
f 4406/4406/3925 4407/4407/3926 4408/4408/3927
f 4408/4408/3927 4407/4407/3926 4409/4409/3928
f 4406/4406/3925 4390/4390/3911 4401/4401/3922
f 4406/4406/3925 4387/4387/3908 4390/4390/3911
f 4387/4387/3908 4406/4406/3925 4408/4408/3927
f 4387/4387/3908 4408/4408/3927 4410/4410/3929
f 4410/4410/3929 4408/4408/3927 4411/4411/3930
f 4408/4408/3927 4409/4409/3928 4411/4411/3930
f 4411/4411/3930 4409/4409/3928 4412/4412/3931
f 4413/4413/3932 4414/4414/3933 4415/4415/3934
f 4412/4412/3931 4413/4413/3932 4415/4415/3934
f 4412/4412/3931 4415/4415/3934 4416/4416/3935
f 4411/4411/3930 4412/4412/3931 4416/4416/3935
f 4417/4417/3936 4411/4411/3930 4416/4416/3935
f 4410/4410/3929 4411/4411/3930 4417/4417/3936
f 4410/4410/3929 4417/4417/3936 4418/4418/3937
f 4410/4410/3929 4418/4418/3937 4419/4419/3906
f 4388/4388/3909 4410/4410/3929 4419/4419/3906
f 4388/4388/3909 4387/4387/3908 4410/4410/3929
f 4415/4415/3934 4414/4414/3933 4420/4420/3938
f 4415/4415/3934 4420/4420/3938 4421/4421/3939
f 4416/4416/3935 4415/4415/3934 4421/4421/3939
f 4416/4416/3935 4421/4421/3939 4422/4422/3940
f 4417/4417/3936 4416/4416/3935 4422/4422/3940
f 4418/4418/3937 4417/4417/3936 4422/4422/3940
f 4418/4418/3937 4422/4422/3940 4423/4423/3941
f 4422/4422/3940 4424/4424/3942 4423/4423/3941
f 4422/4422/3940 4421/4421/3939 4424/4424/3942
f 4424/4424/3942 4421/4421/3939 4420/4420/3938
f 4424/4424/3942 4420/4420/3938 4425/4425/3943
f 4426/4426/2495 4425/4425/3943 4420/4420/3938
f 4426/4426/2495 4420/4420/3938 4427/4427/2489
f 4427/4427/2489 4420/4420/3938 4428/4428/2487
f 4429/4429/3212 4428/4428/2487 4420/4420/3938
f 4429/4429/3212 4420/4420/3938 4414/4414/3933
f 4429/4429/3212 4414/4414/3933 4430/4430/3944
f 4413/4413/3932 4430/4430/3944 4414/4414/3933
f 4429/4429/3212 4430/4430/3944 4431/4431/3211
f 4432/4432/3883 4433/4433/3834 4434/4434/3945
f 4435/4435/3833 4433/4433/3834 4436/4436/3946
f 4432/4432/3883 4436/4436/3946 4433/4433/3834
f 4437/4437/3947 4436/4436/3946 4432/4432/3883
f 4438/4438/3948 4439/4439/3846 4440/4440/3949
f 4439/4439/3846 4441/4441/3950 4440/4440/3949
f 4442/4442/3951 4440/4440/3949 4441/4441/3950
f 4443/4443/3832 4442/4442/3951 4441/4441/3950
f 4435/4435/3833 4442/4442/3951 4443/4443/3832
f 4435/4435/3833 4444/4444/3952 4442/4442/3951
f 4435/4435/3833 4436/4436/3946 4444/4444/3952
f 4445/4445/3953 4444/4444/3952 4436/4436/3946
f 4437/4437/3947 4445/4445/3953 4436/4436/3946
f 4437/4437/3947 4438/4438/3948 4445/4445/3953
f 4437/4437/3947 4446/4446/3954 4438/4438/3948
f 4438/4438/3948 4440/4440/3949 4445/4445/3953
f 4445/4445/3953 4440/4440/3949 4444/4444/3952
f 4442/4442/3951 4444/4444/3952 4440/4440/3949
f 4443/4443/3832 4441/4441/3950 4447/4447/3847
f 4439/4439/3846 4447/4447/3847 4441/4441/3950
f 4448/4448/3866 4449/4449/3812 4450/4450/3813
f 4451/4451/3817 4452/4452/3955 4453/4453/3956
f 4451/4451/3817 4453/4453/3956 4454/4454/3957
f 4453/4453/3956 4455/4455/3958 4454/4454/3957
f 4453/4453/3956 4456/4456/3959 4455/4455/3958
f 4457/4457/3960 4455/4455/3958 4456/4456/3959
f 4457/4457/3960 4456/4456/3959 4458/4458/3961
f 4450/4450/3813 4457/4457/3960 4458/4458/3961
f 4450/4450/3813 4458/4458/3961 4459/4459/3962
f 4448/4448/3866 4450/4450/3813 4459/4459/3962
f 4448/4448/3866 4459/4459/3962 4460/4460/3963
f 4448/4448/3866 4460/4460/3963 4461/4461/3864
f 4461/4461/3864 4460/4460/3963 4462/4462/3818
f 4461/4461/3864 4462/4462/3818 4463/4463/3964
f 4460/4460/3963 4451/4451/3817 4462/4462/3818
f 4460/4460/3963 4452/4452/3955 4451/4451/3817
f 4459/4459/3962 4452/4452/3955 4460/4460/3963
f 4459/4459/3962 4458/4458/3961 4452/4452/3955
f 4452/4452/3955 4458/4458/3961 4456/4456/3959
f 4452/4452/3955 4456/4456/3959 4453/4453/3956
f 4464/4464/3965 4465/4465/3801 4466/4466/3800
f 4467/4467/3807 4468/4468/3966 4469/4469/3967
f 4467/4467/3807 4469/4469/3967 4470/4470/3797
f 4469/4469/3967 4471/4471/3798 4470/4470/3797
f 4469/4469/3967 4472/4472/3968 4471/4471/3798
f 4473/4473/3969 4471/4471/3798 4472/4472/3968
f 4473/4473/3969 4472/4472/3968 4474/4474/3970
f 4466/4466/3800 4473/4473/3969 4474/4474/3970
f 4466/4466/3800 4474/4474/3970 4475/4475/3971
f 4464/4464/3965 4466/4466/3800 4475/4475/3971
f 4464/4464/3965 4475/4475/3971 4476/4476/3972
f 4464/4464/3965 4476/4476/3972 4477/4477/3863
f 4477/4477/3863 4476/4476/3972 4478/4478/3973
f 4477/4477/3863 4478/4478/3973 4479/4479/3805
f 4476/4476/3972 4467/4467/3807 4478/4478/3973
f 4476/4476/3972 4468/4468/3966 4467/4467/3807
f 4475/4475/3971 4468/4468/3966 4476/4476/3972
f 4475/4475/3971 4474/4474/3970 4468/4468/3966
f 4468/4468/3966 4474/4474/3970 4472/4472/3968
f 4468/4468/3966 4472/4472/3968 4469/4469/3967
f 4480/4480/3974 4481/4481/3975 4482/4482/3976
f 4481/4481/3975 4483/4483/3977 4482/4482/3976
f 4481/4481/3975 4484/4484/3978 4483/4483/3977
f 4484/4484/3978 4485/4485/3979 4483/4483/3977
f 4484/4484/3978 4486/4486/3980 4485/4485/3979
f 4486/4486/3980 4487/4487/3981 4485/4485/3979
f 4486/4486/3980 4488/4488/3982 4487/4487/3981
f 4480/4480/3974 4482/4482/3976 4489/4489/3983
f 4489/4489/3983 4482/4482/3976 4490/4490/3984
f 4482/4482/3976 4491/4491/3985 4490/4490/3984
f 4482/4482/3976 4483/4483/3977 4491/4491/3985
f 4483/4483/3977 4492/4492/3986 4491/4491/3985
f 4483/4483/3977 4485/4485/3979 4492/4492/3986
f 4485/4485/3979 4493/4493/3987 4492/4492/3986
f 4485/4485/3979 4487/4487/3981 4493/4493/3987
f 4487/4487/3981 4494/4494/3988 4493/4493/3987
f 4488/4488/3982 4494/4494/3988 4487/4487/3981
f 4495/4495/2542 4494/4494/3988 4488/4488/3982
f 4496/4496/3989 4495/4495/2542 4488/4488/3982
f 4496/4496/3989 4488/4488/3982 4486/4486/3980
f 4497/4497/3990 4496/4496/3989 4486/4486/3980
f 4497/4497/3990 4486/4486/3980 4484/4484/3978
f 4498/4498/3991 4497/4497/3990 4484/4484/3978
f 4498/4498/3991 4484/4484/3978 4481/4481/3975
f 4499/4499/3992 4498/4498/3991 4481/4481/3975
f 4499/4499/3992 4481/4481/3975 4480/4480/3974
f 4500/4500/3993 4499/4499/3992 4480/4480/3974
f 4501/4501/3994 4502/4502/3995 4503/4503/3996
f 4501/4501/3994 4504/4504/3997 4502/4502/3995
f 4505/4505/3998 4504/4504/3997 4501/4501/3994
f 4505/4505/3998 4506/4506/3999 4504/4504/3997
f 4507/4507/4000 4506/4506/3999 4505/4505/3998
f 4507/4507/4000 4508/4508/4001 4506/4506/3999
f 4500/4500/3993 4508/4508/4001 4507/4507/4000
f 4500/4500/3993 4509/4509/4002 4508/4508/4001
f 4509/4509/4002 4500/4500/3993 4480/4480/3974
f 4509/4509/4002 4480/4480/3974 4489/4489/3983
f 4489/4489/3983 4490/4490/3984 4510/4510/4003
f 4511/4511/4004 4489/4489/3983 4510/4510/4003
f 4511/4511/4004 4509/4509/4002 4489/4489/3983
f 4509/4509/4002 4511/4511/4004 4512/4512/4005
f 4509/4509/4002 4512/4512/4005 4508/4508/4001
f 4508/4508/4001 4512/4512/4005 4513/4513/4006
f 4508/4508/4001 4513/4513/4006 4506/4506/3999
f 4506/4506/3999 4513/4513/4006 4514/4514/3326
f 4506/4506/3999 4514/4514/3326 4504/4504/3997
f 4504/4504/3997 4514/4514/3326 4515/4515/4007
f 4504/4504/3997 4515/4515/4007 4502/4502/3995
f 4502/4502/3995 4515/4515/4007 4516/4516/2754
f 4502/4502/3995 4516/4516/2754 4517/4517/4008
f 4517/4517/4008 4516/4516/2754 4518/4518/4009
f 4517/4517/4008 4518/4518/4009 4519/4519/4010
f 4519/4519/4010 4518/4518/4009 4520/4520/4011
f 4519/4519/4010 4520/4520/4011 4521/4521/4012
f 4520/4520/4011 4522/4522/4013 4521/4521/4012
f 4520/4520/4011 4523/4523/4014 4522/4522/4013
f 4522/4522/4013 4523/4523/4014 4524/4524/3326
f 4525/4525/4015 4526/4526/4016 4527/4527/4017
f 4525/4525/4015 4528/4528/4018 4526/4526/4016
f 4525/4525/4015 4529/4529/4019 4528/4528/4018
f 4521/4521/4012 4528/4528/4018 4529/4529/4019
f 4530/4530/4020 4521/4521/4012 4529/4529/4019
f 4530/4530/4020 4519/4519/4010 4521/4521/4012
f 4531/4531/4021 4519/4519/4010 4530/4530/4020
f 4531/4531/4021 4517/4517/4008 4519/4519/4010
f 4503/4503/3996 4517/4517/4008 4531/4531/4021
f 4503/4503/3996 4502/4502/3995 4517/4517/4008
f 4531/4531/4021 4532/4532/4022 4533/4533/4023
f 4530/4530/4020 4532/4532/4022 4531/4531/4021
f 4530/4530/4020 4534/4534/4024 4532/4532/4022
f 4535/4535/4025 4534/4534/4024 4530/4530/4020
f 4535/4535/4025 4530/4530/4020 4529/4529/4019
f 4525/4525/4015 4535/4535/4025 4529/4529/4019
f 4500/4500/3993 4536/4536/4026 4499/4499/3992
f 4537/4537/3937 4536/4536/4026 4500/4500/3993
f 4537/4537/3937 4500/4500/3993 4507/4507/4000
f 4507/4507/4000 4538/4538/4027 4537/4537/3937
f 4507/4507/4000 4505/4505/3998 4538/4538/4027
f 4538/4538/4027 4505/4505/3998 4501/4501/3994
f 4538/4538/4027 4501/4501/3994 4539/4539/4028
f 4501/4501/3994 4533/4533/4023 4539/4539/4028
f 4501/4501/3994 4503/4503/3996 4533/4533/4023
f 4531/4531/4021 4533/4533/4023 4503/4503/3996
f 4521/4521/4012 4522/4522/4013 4528/4528/4018
f 4528/4528/4018 4522/4522/4013 4540/4540/4029
f 4528/4528/4018 4540/4540/4029 4526/4526/4016
f 4541/4541/4030 4526/4526/4016 4540/4540/4029
f 4541/4541/4030 4540/4540/4029 4542/4542/4031
f 4542/4542/4031 4543/4543/4032 4541/4541/4030
f 4522/4522/4013 4524/4524/3326 4540/4540/4029
f 4544/4544/4033 4540/4540/4029 4524/4524/3326
f 4544/4544/4033 4542/4542/4031 4540/4540/4029
f 4362/4362/3887 4542/4542/4031 4544/4544/4033
f 4362/4362/3887 4361/4361/3886 4542/4542/4031
f 4542/4542/4031 4361/4361/3886 4543/4543/4032
f 4363/4363/3888 4543/4543/4032 4361/4361/3886
f 4363/4363/3888 4545/4545/4034 4543/4543/4032
f 4545/4545/4034 4363/4363/3888 4365/4365/3889
f 4545/4545/4034 4365/4365/3889 4372/4372/3894
f 4373/4373/3895 4386/4386/3907 4546/4546/4035
f 4373/4373/3895 4546/4546/4035 4372/4372/3894
f 4372/4372/3894 4546/4546/4035 4547/4547/4017
f 4372/4372/3894 4547/4547/4017 4545/4545/4034
f 4545/4545/4034 4547/4547/4017 4548/4548/4036
f 4545/4545/4034 4548/4548/4036 4543/4543/4032
f 4549/4549/4037 4543/4543/4032 4548/4548/4036
f 4549/4549/4037 4541/4541/4030 4543/4543/4032
f 4527/4527/4017 4541/4541/4030 4549/4549/4037
f 4527/4527/4017 4526/4526/4016 4541/4541/4030
f 4371/4371/2754 4376/4376/3898 4370/4370/3893
f 4371/4371/2754 4550/4550/4038 4376/4376/3898
f 4551/4551/4039 4376/4376/3898 4550/4550/4038
f 4551/4551/4039 4378/4378/3900 4376/4376/3898
f 4397/4397/3918 4378/4378/3900 4551/4551/4039
f 4397/4397/3918 4551/4551/4039 4552/4552/4040
f 4552/4552/4040 4398/4398/3919 4397/4397/3918
f 4552/4552/4040 4553/4553/4041 4398/4398/3919
f 4402/4402/2159 4398/4398/3919 4553/4553/4041
f 4402/4402/2159 4399/4399/3920 4398/4398/3919
f 4554/4554/4042 4555/4555/4043 4556/4556/4044
f 4554/4554/4042 4556/4556/4044 4557/4557/4045
f 4557/4557/4045 4556/4556/4044 4558/4558/4046
f 4559/4559/4047 4554/4554/4042 4557/4557/4045
f 4560/4560/4048 4559/4559/4047 4557/4557/4045
f 4557/4557/4045 4558/4558/4046 4560/4560/4048
f 4561/4561/4049 4560/4560/4048 4558/4558/4046
f 4562/4562/4050 4561/4561/4049 4558/4558/4046
f 4562/4562/4050 4558/4558/4046 4563/4563/4051
f 4563/4563/4051 4558/4558/4046 4556/4556/4044
f 4563/4563/4051 4556/4556/4044 4564/4564/4052
f 4555/4555/4043 4564/4564/4052 4556/4556/4044
f 4555/4555/4043 4565/4565/4053 4564/4564/4052
f 4561/4561/4049 4566/4566/4054 4560/4560/4048
f 4560/4560/4048 4567/4567/4055 4559/4559/4047
f 4568/4568/4056 4567/4567/4055 4560/4560/4048
f 4568/4568/4056 4560/4560/4048 4566/4566/4054
f 4568/4568/4056 4566/4566/4054 4569/4569/4057
f 4555/4555/4043 4570/4570/4058 4571/4571/4059
f 4555/4555/4043 4554/4554/4042 4570/4570/4058
f 4572/4572/4060 4570/4570/4058 4554/4554/4042
f 4559/4559/4047 4572/4572/4060 4554/4554/4042
f 4573/4573/4061 4572/4572/4060 4559/4559/4047
f 4567/4567/4055 4573/4573/4061 4559/4559/4047
f 4567/4567/4055 4574/4574/4062 4573/4573/4061
f 4574/4574/4062 4567/4567/4055 4568/4568/4056
f 4574/4574/4062 4568/4568/4056 4575/4575/4063
f 4568/4568/4056 4569/4569/4057 4575/4575/4063
f 4576/4576/4064 4575/4575/4063 4569/4569/4057
f 4576/4576/4064 4569/4569/4057 4577/4577/4065
f 4576/4576/4064 4574/4574/4062 4575/4575/4063
f 4577/4577/4065 4578/4578/4066 4579/4579/4067
f 4577/4577/4065 4579/4579/4067 4576/4576/4064
f 4580/4580/4068 4576/4576/4064 4579/4579/4067
f 4576/4576/4064 4580/4580/4068 4574/4574/4062
f 4574/4574/4062 4580/4580/4068 4581/4581/4069
f 4574/4574/4062 4581/4581/4069 4573/4573/4061
f 4582/4582/4070 4573/4573/4061 4581/4581/4069
f 4573/4573/4061 4582/4582/4070 4572/4572/4060
f 4583/4583/4071 4572/4572/4060 4582/4582/4070
f 4583/4583/4071 4584/4584/4072 4572/4572/4060
f 4585/4585/4073 4586/4586/4074 4587/4587/3327
f 4588/4588/3328 4587/4587/3327 4586/4586/4074
f 4588/4588/3328 4586/4586/4074 4589/4589/4075
f 4586/4586/4074 4578/4578/4066 4589/4589/4075
f 4586/4586/4074 4579/4579/4067 4578/4578/4066
f 4580/4580/4068 4579/4579/4067 4586/4586/4074
f 4580/4580/4068 4586/4586/4074 4585/4585/4073
f 4581/4581/4069 4580/4580/4068 4585/4585/4073
f 4581/4581/4069 4585/4585/4073 4590/4590/4076
f 4583/4583/4071 4591/4591/4077 4592/4592/4078
f 4583/4583/4071 4582/4582/4070 4591/4591/4077
f 4582/4582/4070 4581/4581/4069 4591/4591/4077
f 4593/4593/4079 4591/4591/4077 4581/4581/4069
f 4593/4593/4079 4581/4581/4069 4590/4590/4076
f 4594/4594/4080 4593/4593/4079 4590/4590/4076
f 4594/4594/4080 4590/4590/4076 4595/4595/3325
f 4590/4590/4076 4596/4596/3326 4595/4595/3325
f 4590/4590/4076 4585/4585/4073 4596/4596/3326
f 4585/4585/4073 4587/4587/3327 4596/4596/3326
f 4597/4597/4081 4598/4598/4082 4593/4593/4079
f 4597/4597/4081 4593/4593/4079 4599/4599/4083
f 4599/4599/4083 4593/4593/4079 4594/4594/4080
f 4599/4599/4083 4594/4594/4080 4600/4600/3336
f 4599/4599/4083 4600/4600/3336 4601/4601/3335
f 4599/4599/4083 4601/4601/3335 4597/4597/4081
f 4602/4602/3338 4597/4597/4081 4601/4601/3335
f 4602/4602/3338 4603/4603/4084 4597/4597/4081
f 4598/4598/4082 4597/4597/4081 4603/4603/4084
f 4598/4598/4082 4603/4603/4084 4604/4604/4085
f 4592/4592/4078 4598/4598/4082 4604/4604/4085
f 4592/4592/4078 4593/4593/4079 4598/4598/4082
f 4592/4592/4078 4591/4591/4077 4593/4593/4079
f 4605/4605/2499 4606/4606/4086 4607/4607/4087
f 4606/4606/4086 4608/4608/4088 4607/4607/4087
f 4606/4606/4086 4609/4609/4089 4608/4608/4088
f 4610/4610/4090 4608/4608/4088 4609/4609/4089
f 4610/4610/4090 4609/4609/4089 4611/4611/4091
f 4611/4611/4091 4604/4604/4085 4610/4610/4090
f 4611/4611/4091 4612/4612/4092 4604/4604/4085
f 4592/4592/4078 4604/4604/4085 4612/4612/4092
f 4613/4613/4093 4592/4592/4078 4612/4612/4092
f 4613/4613/4093 4583/4583/4071 4592/4592/4078
f 4612/4612/4092 4614/4614/4094 4615/4615/4095
f 4612/4612/4092 4611/4611/4091 4614/4614/4094
f 4611/4611/4091 4616/4616/4096 4614/4614/4094
f 4611/4611/4091 4609/4609/4089 4616/4616/4096
f 4609/4609/4089 4617/4617/3696 4616/4616/4096
f 4609/4609/4089 4606/4606/4086 4617/4617/3696
f 4617/4617/3696 4606/4606/4086 4618/4618/4097
f 4605/4605/2499 4618/4618/4097 4606/4606/4086
f 4605/4605/2499 3541/3541/3198 4618/4618/4097
f 4605/4605/2499 3542/3542/2498 3541/3541/3198
f 4619/4619/4098 4620/4620/4099 4615/4615/4095
f 4614/4614/4094 4619/4619/4098 4615/4615/4095
f 4619/4619/4098 4614/4614/4094 4616/4616/4096
f 4619/4619/4098 4616/4616/4096 4621/4621/4100
f 4617/4617/3696 4621/4621/4100 4616/4616/4096
f 4622/4622/4101 4623/4623/4102 4621/4621/4100
f 4619/4619/4098 4621/4621/4100 4623/4623/4102
f 4619/4619/4098 4623/4623/4102 4624/4624/4103
f 4619/4619/4098 4624/4624/4103 4620/4620/4099
f 4620/4620/4099 4624/4624/4103 4625/4625/4104
f 4626/4626/4105 4625/4625/4104 4624/4624/4103
f 4625/4625/4104 4626/4626/4105 4627/4627/4106
f 4626/4626/4105 4628/4628/4107 4627/4627/4106
f 4626/4626/4105 4629/4629/4108 4628/4628/4107
f 4628/4628/4107 4629/4629/4108 4630/4630/4109
f 4626/4626/4105 4624/4624/4103 4623/4623/4102
f 4629/4629/4108 4626/4626/4105 4623/4623/4102
f 4629/4629/4108 4623/4623/4102 4631/4631/4110
f 4622/4622/4101 4631/4631/4110 4623/4623/4102
f 4632/4632/4111 4631/4631/4110 4622/4622/4101
f 4632/4632/4111 4622/4622/4101 4633/4633/4112
f 4633/4633/4112 4634/4634/4113 4632/4632/4111
f 4633/4633/4112 4635/4635/4114 4634/4634/4113
f 3537/3537/3195 4634/4634/4113 4635/4635/4114
f 4629/4629/4108 4631/4631/4110 4632/4632/4111
f 4635/4635/4114 4636/4636/4115 4637/4637/4116
f 4636/4636/4115 4635/4635/4114 4633/4633/4112
f 4636/4636/4115 4633/4633/4112 4638/4638/4117
f 4638/4638/4117 4633/4633/4112 4622/4622/4101
f 4635/4635/4114 4637/4637/4116 3537/3537/3195
f 3537/3537/3195 4637/4637/4116 3538/3538/3196
f 3538/3538/3196 4637/4637/4116 3543/3543/3199
f 3541/3541/3198 3543/3543/3199 4637/4637/4116
f 3541/3541/3198 4637/4637/4116 4636/4636/4115
f 4618/4618/4097 3541/3541/3198 4636/4636/4115
f 4618/4618/4097 4636/4636/4115 4638/4638/4117
f 4617/4617/3696 4618/4618/4097 4638/4638/4117
f 4638/4638/4117 4622/4622/4101 4617/4617/3696
f 4617/4617/3696 4622/4622/4101 4621/4621/4100
f 4639/4639/4118 4640/4640/4119 4641/4641/4120
f 4642/4642/4121 4643/4643/4122 4644/4644/4123
f 4642/4642/4121 4645/4645/4124 4643/4643/4122
f 4639/4639/4118 4645/4645/4124 4642/4642/4121
f 4639/4639/4118 4646/4646/4050 4645/4645/4124
f 4647/4647/4049 4646/4646/4050 4639/4639/4118
f 4647/4647/4049 4639/4639/4118 4641/4641/4120
f 4647/4647/4049 4641/4641/4120 4648/4648/1976
f 4648/4648/1976 4641/4641/4120 4640/4640/4119
f 4648/4648/1976 4640/4640/4119 4649/4649/4125
f 4640/4640/4119 4650/4650/4126 4649/4649/4125
f 4647/4647/4049 4648/4648/1976 4651/4651/4127
f 4652/4652/4128 4644/4644/4123 4653/4653/4129
f 4652/4652/4128 4654/4654/4130 4644/4644/4123
f 4642/4642/4121 4644/4644/4123 4654/4654/4130
f 4642/4642/4121 4654/4654/4130 4655/4655/4131
f 4655/4655/4131 4639/4639/4118 4642/4642/4121
f 4655/4655/4131 4656/4656/4132 4639/4639/4118
f 4639/4639/4118 4656/4656/4132 4640/4640/4119
f 4656/4656/4132 4657/4657/4133 4640/4640/4119
f 4640/4640/4119 4657/4657/4133 4650/4650/4126
f 4657/4657/4133 4658/4658/4134 4650/4650/4126
f 4656/4656/4132 4659/4659/4135 4660/4660/4136
f 4656/4656/4132 4655/4655/4131 4659/4659/4135
f 4655/4655/4131 4661/4661/4137 4659/4659/4135
f 4655/4655/4131 4654/4654/4130 4661/4661/4137
f 4662/4662/4138 4661/4661/4137 4654/4654/4130
f 4662/4662/4138 4654/4654/4130 4652/4652/4128
f 4662/4662/4138 4652/4652/4128 4663/4663/4139
f 4653/4653/4129 4663/4663/4139 4652/4652/4128
f 4653/4653/4129 4664/4664/4140 4663/4663/4139
f 4663/4663/4139 4664/4664/4140 4665/4665/4141
f 4666/4666/4142 4667/4667/4143 4665/4665/4141
f 4666/4666/4142 4665/4665/4141 4668/4668/4144
f 4665/4665/4141 4669/4669/4145 4668/4668/4144
f 4665/4665/4141 4670/4670/4146 4669/4669/4145
f 4664/4664/4140 4670/4670/4146 4665/4665/4141
f 4664/4664/4140 4671/4671/4147 4670/4670/4146
f 4653/4653/4129 4671/4671/4147 4664/4664/4140
f 4653/4653/4129 4672/4672/4148 4671/4671/4147
f 4644/4644/4123 4672/4672/4148 4653/4653/4129
f 4644/4644/4123 4643/4643/4122 4672/4672/4148
f 4673/4673/4149 4674/4674/4150 4675/4675/4151
f 4675/4675/4151 4674/4674/4150 4676/4676/4152
f 4677/4677/4153 4676/4676/4152 4674/4674/4150
f 4678/4678/4154 4676/4676/4152 4677/4677/4153
f 4679/4679/4155 4678/4678/4154 4677/4677/4153
f 4679/4679/4155 4680/4680/4156 4678/4678/4154
f 4680/4680/4156 4679/4679/4155 4681/4681/4157
f 4680/4680/4156 4681/4681/4157 4682/4682/4158
f 4667/4667/4143 4682/4682/4158 4681/4681/4157
f 4667/4667/4143 4666/4666/4142 4682/4682/4158
f 4678/4678/4154 4683/4683/4159 4684/4684/4160
f 4683/4683/4159 4678/4678/4154 4680/4680/4156
f 4683/4683/4159 4680/4680/4156 4685/4685/3403
f 4685/4685/3403 4680/4680/4156 4682/4682/4158
f 4685/4685/3403 4682/4682/4158 4686/4686/4161
f 4687/4687/4162 4686/4686/4161 4682/4682/4158
f 4687/4687/4162 4682/4682/4158 4666/4666/4142
f 4663/4663/4139 4665/4665/4141 4667/4667/4143
f 4688/4688/4163 4663/4663/4139 4667/4667/4143
f 4688/4688/4163 4667/4667/4143 4681/4681/4157
f 4689/4689/4164 4688/4688/4163 4681/4681/4157
f 4689/4689/4164 4681/4681/4157 4679/4679/4155
f 4679/4679/4155 4690/4690/4165 4689/4689/4164
f 4679/4679/4155 4677/4677/4153 4690/4690/4165
f 4677/4677/4153 4674/4674/4150 4690/4690/4165
f 4691/4691/4166 4690/4690/4165 4674/4674/4150
f 4691/4691/4166 4674/4674/4150 4673/4673/4149
f 4692/4692/4167 4688/4688/4163 4689/4689/4164
f 4692/4692/4167 4689/4689/4164 4690/4690/4165
f 4692/4692/4167 4690/4690/4165 4691/4691/4166
f 4662/4662/4138 4663/4663/4139 4688/4688/4163
f 4692/4692/4167 4662/4662/4138 4688/4688/4163
f 4661/4661/4137 4662/4662/4138 4692/4692/4167
f 4661/4661/4137 4692/4692/4167 4693/4693/4168
f 4691/4691/4166 4693/4693/4168 4692/4692/4167
f 4691/4691/4166 4694/4694/4169 4693/4693/4168
f 4691/4691/4166 4695/4695/4170 4694/4694/4169
f 4695/4695/4170 4696/4696/4171 4694/4694/4169
f 4695/4695/4170 4697/4697/4172 4696/4696/4171
f 4698/4698/4173 4696/4696/4171 4697/4697/4172
f 4659/4659/4135 4661/4661/4137 4693/4693/4168
f 4659/4659/4135 4693/4693/4168 4699/4699/4174
f 4696/4696/4171 4699/4699/4174 4693/4693/4168
f 4696/4696/4171 4693/4693/4168 4694/4694/4169
f 4698/4698/4173 4699/4699/4174 4696/4696/4171
f 4698/4698/4173 4700/4700/4175 4699/4699/4174
f 4700/4700/4175 4659/4659/4135 4699/4699/4174
f 4700/4700/4175 4701/4701/4176 4659/4659/4135
f 4660/4660/4136 4659/4659/4135 4701/4701/4176
f 4660/4660/4136 4701/4701/4176 4702/4702/4177
f 4660/4660/4136 4702/4702/4177 4703/4703/4178
f 4702/4702/4177 4704/4704/4179 4703/4703/4178
f 4703/4703/4178 4704/4704/4179 4705/4705/4180
f 4704/4704/4179 4706/4706/4181 4705/4705/4180
f 4707/4707/4182 4705/4705/4180 4706/4706/4181
f 4584/4584/4072 4707/4707/4182 4706/4706/4181
f 4584/4584/4072 4706/4706/4181 4570/4570/4058
f 4572/4572/4060 4584/4584/4072 4570/4570/4058
f 4584/4584/4072 4583/4583/4071 4613/4613/4093
f 4584/4584/4072 4613/4613/4093 4707/4707/4182
f 4613/4613/4093 4708/4708/4183 4707/4707/4182
f 4708/4708/4183 4709/4709/4184 4707/4707/4182
f 4707/4707/4182 4709/4709/4184 4705/4705/4180
f 4709/4709/4184 4658/4658/4134 4705/4705/4180
f 4703/4703/4178 4705/4705/4180 4658/4658/4134
f 4657/4657/4133 4703/4703/4178 4658/4658/4134
f 4660/4660/4136 4703/4703/4178 4657/4657/4133
f 4656/4656/4132 4660/4660/4136 4657/4657/4133
f 4628/4628/4107 4649/4649/4125 4650/4650/4126
f 4658/4658/4134 4628/4628/4107 4650/4650/4126
f 4658/4658/4134 4627/4627/4106 4628/4628/4107
f 4709/4709/4184 4627/4627/4106 4658/4658/4134
f 4625/4625/4104 4627/4627/4106 4709/4709/4184
f 4708/4708/4183 4625/4625/4104 4709/4709/4184
f 4620/4620/4099 4625/4625/4104 4708/4708/4183
f 4613/4613/4093 4620/4620/4099 4708/4708/4183
f 4613/4613/4093 4615/4615/4095 4620/4620/4099
f 4613/4613/4093 4612/4612/4092 4615/4615/4095
f 4710/4710/4185 4711/4711/4186 4712/4712/4187
f 4711/4711/4186 4713/4713/4188 4712/4712/4187
f 4714/4714/4189 4712/4712/4187 4713/4713/4188
f 4714/4714/4189 4715/4715/4190 4712/4712/4187
f 4712/4712/4187 4715/4715/4190 4716/4716/4191
f 4712/4712/4187 4716/4716/4191 4710/4710/4185
f 4710/4710/4185 4716/4716/4191 4717/4717/4192
f 4675/4675/4151 4676/4676/4152 4710/4710/4185
f 4710/4710/4185 4676/4676/4152 4711/4711/4186
f 4678/4678/4154 4711/4711/4186 4676/4676/4152
f 4678/4678/4154 4684/4684/4160 4711/4711/4186
f 4711/4711/4186 4684/4684/4160 4713/4713/4188
f 4718/4718/4145 4714/4714/4189 4719/4719/4193
f 4718/4718/4145 4715/4715/4190 4714/4714/4189
f 4720/4720/4146 4715/4715/4190 4718/4718/4145
f 4720/4720/4146 4716/4716/4191 4715/4715/4190
f 4721/4721/4147 4716/4716/4191 4720/4720/4146
f 4721/4721/4147 4717/4717/4192 4716/4716/4191
f 4722/4722/4194 4717/4717/4192 4721/4721/4147
f 4722/4722/4194 4723/4723/4195 4717/4717/4192
f 4675/4675/4151 4717/4717/4192 4723/4723/4195
f 4710/4710/4185 4717/4717/4192 4675/4675/4151
f 4675/4675/4151 4723/4723/4195 4724/4724/4196
f 4725/4725/4197 4726/4726/4124 4727/4727/4198
f 4725/4725/4197 4728/4728/4199 4726/4726/4124
f 4729/4729/4200 4726/4726/4124 4728/4728/4199
f 4729/4729/4200 4728/4728/4199 4730/4730/4201
f 4730/4730/4201 4722/4722/4194 4729/4729/4200
f 4730/4730/4201 4723/4723/4195 4722/4722/4194
f 4723/4723/4195 4730/4730/4201 4731/4731/4202
f 4723/4723/4195 4731/4731/4202 4724/4724/4196
f 4731/4731/4202 4673/4673/4149 4724/4724/4196
f 4673/4673/4149 4675/4675/4151 4724/4724/4196
f 4728/4728/4199 4731/4731/4202 4730/4730/4201
f 4728/4728/4199 4732/4732/4203 4731/4731/4202
f 4733/4733/4204 4732/4732/4203 4728/4728/4199
f 4733/4733/4204 4728/4728/4199 4734/4734/4205
f 4734/4734/4205 4565/4565/4053 4733/4733/4204
f 4734/4734/4205 4735/4735/4052 4565/4565/4053
f 4725/4725/4197 4735/4735/4052 4734/4734/4205
f 4725/4725/4197 4734/4734/4205 4728/4728/4199
f 4691/4691/4166 4673/4673/4149 4695/4695/4170
f 4731/4731/4202 4695/4695/4170 4673/4673/4149
f 4731/4731/4202 4697/4697/4172 4695/4695/4170
f 4731/4731/4202 4732/4732/4203 4697/4697/4172
f 4736/4736/4206 4697/4697/4172 4732/4732/4203
f 4736/4736/4206 4732/4732/4203 4733/4733/4204
f 4733/4733/4204 4737/4737/4207 4736/4736/4206
f 4733/4733/4204 4565/4565/4053 4737/4737/4207
f 4571/4571/4059 4737/4737/4207 4565/4565/4053
f 4571/4571/4059 4565/4565/4053 4555/4555/4043
f 4738/4738/4208 4739/4739/4209 4740/4740/4210
f 4571/4571/4059 4740/4740/4210 4739/4739/4209
f 4571/4571/4059 4739/4739/4209 4737/4737/4207
f 4736/4736/4206 4737/4737/4207 4739/4739/4209
f 4698/4698/4173 4697/4697/4172 4736/4736/4206
f 4736/4736/4206 4739/4739/4209 4698/4698/4173
f 4739/4739/4209 4700/4700/4175 4698/4698/4173
f 4739/4739/4209 4738/4738/4208 4700/4700/4175
f 4738/4738/4208 4701/4701/4176 4700/4700/4175
f 4738/4738/4208 4702/4702/4177 4701/4701/4176
f 4702/4702/4177 4738/4738/4208 4704/4704/4179
f 4738/4738/4208 4740/4740/4210 4704/4704/4179
f 4704/4704/4179 4740/4740/4210 4706/4706/4181
f 4571/4571/4059 4706/4706/4181 4740/4740/4210
f 4571/4571/4059 4570/4570/4058 4706/4706/4181
f 2771/2771/2513 2773/2773/2515 4741/4741/2680
f 2757/2757/2499 4741/4741/2680 2755/2755/2497
f 4742/4742/4211 4741/4741/2680 2757/2757/2499
f 4742/4742/4211 2771/2771/2513 4741/4741/2680
f 2771/2771/2513 4742/4742/4211 4743/4743/4212
f 2771/2771/2513 4743/4743/4212 4744/4744/4213
f 4744/4744/4213 4743/4743/4212 4745/4745/4090
f 4744/4744/4213 4745/4745/4090 4746/4746/4214
f 4747/4747/4215 4746/4746/4214 4745/4745/4090
f 4747/4747/4215 4748/4748/4216 4746/4746/4214
f 4747/4747/4215 4749/4749/4217 4748/4748/4216
f 3042/3042/2767 2849/2849/2589 4750/4750/4218
f 4750/4750/4218 2849/2849/2589 2848/2848/2588
f 4750/4750/4218 2848/2848/2588 4751/4751/3376
f 4750/4750/4218 4751/4751/3376 4752/4752/4219
f 4751/4751/3376 4753/4753/4220 4752/4752/4219
f 4753/4753/4220 4748/4748/4216 4752/4752/4219
f 4753/4753/4220 4754/4754/4221 4748/4748/4216
f 4746/4746/4214 4748/4748/4216 4754/4754/4221
f 4746/4746/4214 4754/4754/4221 4744/4744/4213
f 4751/4751/3376 2848/2848/2588 2835/2835/2576
f 4751/4751/3376 2835/2835/2576 2834/2834/2575
f 4751/4751/3376 2834/2834/2575 4753/4753/4220
f 2834/2834/2575 2832/2832/2573 4753/4753/4220
f 2832/2832/2573 4754/4754/4221 4753/4753/4220
f 2832/2832/2573 2801/2801/2543 4754/4754/4221
f 4744/4744/4213 4754/4754/4221 2801/2801/2543
f 4744/4744/4213 2801/2801/2543 2780/2780/2522
f 2780/2780/2522 2771/2771/2513 4744/4744/4213
f 2780/2780/2522 2772/2772/2514 2771/2771/2513
f 4752/4752/4219 4748/4748/4216 4749/4749/4217
f 4752/4752/4219 4749/4749/4217 4755/4755/4222
f 4750/4750/4218 4752/4752/4219 4755/4755/4222
f 4756/4756/4223 4750/4750/4218 4755/4755/4222
f 4756/4756/4223 3042/3042/2767 4750/4750/4218
f 3041/3041/2766 3042/3042/2767 4756/4756/4223
f 4757/4757/4224 3041/3041/2766 4756/4756/4223
f 4757/4757/4224 4758/4758/4225 3041/3041/2766
f 4759/4759/4226 4758/4758/4225 4757/4757/4224
f 4759/4759/4226 4760/4760/4227 4758/4758/4225
f 4760/4760/4227 4761/4761/4228 4762/4762/4229
f 3039/3039/2764 4760/4760/4227 4762/4762/4229
f 3039/3039/2764 3038/3038/2763 4760/4760/4227
f 4760/4760/4227 3038/3038/2763 3041/3041/2766
f 4760/4760/4227 3041/3041/2766 4758/4758/4225
f 4759/4759/4226 4763/4763/4230 4760/4760/4227
f 4760/4760/4227 4763/4763/4230 4761/4761/4228
f 4764/4764/4231 4761/4761/4228 4763/4763/4230
f 4761/4761/4228 4764/4764/4231 4765/4765/3346
f 3091/3091/2809 4766/4766/4232 3090/3090/2808
f 3091/3091/2809 3044/3044/2769 4766/4766/4232
f 3044/3044/2769 4765/4765/3346 4766/4766/4232
f 3044/3044/2769 3043/3043/2768 4765/4765/3346
f 4761/4761/4228 4765/4765/3346 3043/3043/2768
f 4761/4761/4228 3043/3043/2768 3046/3046/2771
f 4761/4761/4228 3046/3046/2771 4762/4762/4229
f 3048/3048/2773 4762/4762/4229 3046/3046/2771
f 3048/3048/2773 3039/3039/2764 4762/4762/4229
f 3040/3040/2765 3039/3039/2764 3048/3048/2773
f 4767/4767/4144 4768/4768/4145 4769/4769/4233
f 4767/4767/4144 4769/4769/4233 4770/4770/4234
f 4767/4767/4144 4770/4770/4234 4771/4771/4235
f 4767/4767/4144 4771/4771/4235 4772/4772/4236
f 4768/4768/4145 4773/4773/4237 4774/4774/4238
f 4768/4768/4145 4774/4774/4238 4769/4769/4233
f 4769/4769/4233 4774/4774/4238 4775/4775/4239
f 4769/4769/4233 4775/4775/4239 4776/4776/4240
f 4770/4770/4234 4769/4769/4233 4776/4776/4240
f 4770/4770/4234 4776/4776/4240 4777/4777/4241
f 4778/4778/4242 4770/4770/4234 4777/4777/4241
f 4778/4778/4242 4771/4771/4235 4770/4770/4234
f 4779/4779/4243 4771/4771/4235 4778/4778/4242
f 4779/4779/4243 4780/4780/4244 4771/4771/4235
f 4772/4772/4236 4771/4771/4235 4780/4780/4244
f 4772/4772/4236 4780/4780/4244 4781/4781/4162
f 4782/4782/4245 4783/4783/4246 4784/4784/4247
f 4782/4782/4245 4784/4784/4247 4785/4785/4248
f 4782/4782/4245 4785/4785/4248 4786/4786/4249
f 4781/4781/4162 4786/4786/4249 4785/4785/4248
f 4781/4781/4162 4787/4787/4250 4786/4786/4249
f 4787/4787/4250 4781/4781/4162 4780/4780/4244
f 4787/4787/4250 4780/4780/4244 4788/4788/4251
f 4788/4788/4251 4780/4780/4244 4779/4779/4243
f 4788/4788/4251 4779/4779/4243 4789/4789/4252
f 4790/4790/4253 4791/4791/3403 4784/4784/4247
f 4785/4785/4248 4784/4784/4247 4791/4791/3403
f 4785/4785/4248 4791/4791/3403 4792/4792/4161
f 4785/4785/4248 4792/4792/4161 4781/4781/4162
f 4779/4779/4243 4793/4793/4242 4794/4794/4254
f 4779/4779/4243 4794/4794/4254 4789/4789/4252
f 4789/4789/4252 4794/4794/4254 4795/4795/4240
f 4789/4789/4252 4795/4795/4240 4796/4796/4255
f 4796/4796/4255 4788/4788/4251 4789/4789/4252
f 4796/4796/4255 4797/4797/4238 4788/4788/4251
f 4787/4787/4250 4788/4788/4251 4797/4797/4238
f 4787/4787/4250 4797/4797/4238 4798/4798/4193
f 4787/4787/4250 4798/4798/4193 4799/4799/4256
f 4787/4787/4250 4799/4799/4256 4786/4786/4249
f 4800/4800/4257 4786/4786/4249 4799/4799/4256
f 4782/4782/4245 4786/4786/4249 4800/4800/4257
f 4801/4801/4258 4782/4782/4245 4800/4800/4257
f 4783/4783/4246 4782/4782/4245 4801/4801/4258
f 4783/4783/4246 4801/4801/4258 4802/4802/4259
f 4800/4800/4257 4799/4799/4256 4803/4803/4260
f 4804/4804/4261 4800/4800/4257 4803/4803/4260
f 4801/4801/4258 4800/4800/4257 4804/4804/4261
f 4801/4801/4258 4804/4804/4261 4805/4805/4262
f 4805/4805/4262 4804/4804/4261 4806/4806/4263
f 4805/4805/4262 4806/4806/4263 4807/4807/4264
f 4808/4808/4265 4805/4805/4262 4807/4807/4264
f 4809/4809/4266 4808/4808/4265 4807/4807/4264
f 4809/4809/4266 4810/4810/4267 4808/4808/4265
f 4809/4809/4266 4811/4811/4268 4810/4810/4267
f 4804/4804/4261 4803/4803/4260 4806/4806/4263
f 4812/4812/4269 4813/4813/4270 4805/4805/4262
f 4808/4808/4265 4812/4812/4269 4805/4805/4262
f 4808/4808/4265 4814/4814/4271 4812/4812/4269
f 4808/4808/4265 4810/4810/4267 4814/4814/4271
f 4815/4815/4272 4814/4814/4271 4810/4810/4267
f 4815/4815/4272 4810/4810/4267 4811/4811/4268
f 4816/4816/4273 4815/4815/4272 4811/4811/4268
f 4816/4816/4273 4811/4811/4268 4817/4817/4274
f 4818/4818/4275 4816/4816/4273 4817/4817/4274
f 4817/4817/4274 4819/4819/4276 4818/4818/4275
f 4818/4818/4275 4820/4820/4277 4816/4816/4273
f 4821/4821/4278 4818/4818/4275 4819/4819/4276
f 4818/4818/4275 4821/4821/4278 4822/4822/4279
f 4818/4818/4275 4822/4822/4279 4820/4820/4277
f 4820/4820/4277 4822/4822/4279 4823/4823/4280
f 4820/4820/4277 4823/4823/4280 4824/4824/4281
f 4820/4820/4277 4824/4824/4281 4816/4816/4273
f 4825/4825/4282 4816/4816/4273 4824/4824/4281
f 4825/4825/4282 4815/4815/4272 4816/4816/4273
f 4826/4826/4283 4827/4827/4284 4828/4828/4285
f 4828/4828/4285 4829/4829/4286 4826/4826/4283
f 4828/4828/4285 4814/4814/4271 4829/4829/4286
f 4814/4814/4271 4830/4830/4287 4829/4829/4286
f 4814/4814/4271 4815/4815/4272 4830/4830/4287
f 4830/4830/4287 4815/4815/4272 4831/4831/4288
f 4825/4825/4282 4831/4831/4288 4815/4815/4272
f 4825/4825/4282 4832/4832/4289 4831/4831/4288
f 4831/4831/4288 4832/4832/4289 4833/4833/4290
f 4831/4831/4288 4833/4833/4290 4834/4834/4291
f 4830/4830/4287 4831/4831/4288 4835/4835/4292
f 4835/4835/4292 4831/4831/4288 4834/4834/4291
f 4835/4835/4292 4834/4834/4291 4836/4836/4293
f 4837/4837/4294 4834/4834/4291 4833/4833/4290
f 4834/4834/4291 4837/4837/4294 4838/4838/4295
f 4834/4834/4291 4838/4838/4295 4836/4836/4293
f 4836/4836/4293 4838/4838/4295 4839/4839/4296
f 4840/4840/4297 4836/4836/4293 4839/4839/4296
f 4840/4840/4297 4835/4835/4292 4836/4836/4293
f 4835/4835/4292 4840/4840/4297 4841/4841/4298
f 4835/4835/4292 4841/4841/4298 4830/4830/4287
f 4841/4841/4298 4842/4842/4299 4830/4830/4287
f 4829/4829/4286 4830/4830/4287 4842/4842/4299
f 4843/4843/4300 4842/4842/4299 4844/4844/4301
f 4843/4843/4300 4844/4844/4301 4845/4845/4302
f 4829/4829/4286 4842/4842/4299 4843/4843/4300
f 4843/4843/4300 4846/4846/4303 4829/4829/4286
f 4843/4843/4300 4847/4847/4304 4846/4846/4303
f 4847/4847/4304 4843/4843/4300 4845/4845/4302
f 4847/4847/4304 4845/4845/4302 4848/4848/4305
f 4845/4845/4302 4849/4849/4306 4848/4848/4305
f 4844/4844/4301 4849/4849/4306 4845/4845/4302
f 4844/4844/4301 4850/4850/4307 4849/4849/4306
f 4850/4850/4307 4844/4844/4301 4851/4851/4308
f 4842/4842/4299 4851/4851/4308 4844/4844/4301
f 4842/4842/4299 4852/4852/4309 4851/4851/4308
f 4841/4841/4298 4852/4852/4309 4842/4842/4299
f 4826/4826/4283 4829/4829/4286 4853/4853/4310
f 4846/4846/4303 4853/4853/4310 4829/4829/4286
f 4846/4846/4303 4854/4854/4311 4853/4853/4310
f 4853/4853/4310 4854/4854/4311 4855/4855/4312
f 4853/4853/4310 4855/4855/4312 4856/4856/4313
f 4857/4857/4314 4856/4856/4313 4855/4855/4312
f 4856/4856/4313 4857/4857/4314 4858/4858/4315
f 4856/4856/4313 4858/4858/4315 4859/4859/4316
f 4859/4859/4316 4858/4858/4315 4860/4860/4317
f 4861/4861/4318 4859/4859/4316 4860/4860/4317
f 4861/4861/4318 4862/4862/4319 4859/4859/4316
f 4862/4862/4319 4861/4861/4318 4863/4863/4320
f 4862/4862/4319 4863/4863/4320 4826/4826/4283
f 4826/4826/4283 4853/4853/4310 4862/4862/4319
f 4862/4862/4319 4853/4853/4310 4856/4856/4313
f 4862/4862/4319 4856/4856/4313 4859/4859/4316
f 4864/4864/4321 4865/4865/4322 4866/4866/4323
f 4867/4867/4324 4866/4866/4323 4865/4865/4322
f 4868/4868/4325 4867/4867/4324 4865/4865/4322
f 4868/4868/4325 4869/4869/4326 4867/4867/4324
f 4868/4868/4325 4870/4870/4327 4869/4869/4326
f 4871/4871/4328 4869/4869/4326 4870/4870/4327
f 4871/4871/4328 4870/4870/4327 4872/4872/4329
f 4870/4870/4327 4863/4863/4320 4872/4872/4329
f 4870/4870/4327 4827/4827/4284 4863/4863/4320
f 4826/4826/4283 4863/4863/4320 4827/4827/4284
f 4867/4867/4324 4873/4873/4330 4866/4866/4323
f 4869/4869/4326 4871/4871/4328 4874/4874/4331
f 4869/4869/4326 4874/4874/4331 4867/4867/4324
f 4873/4873/4330 4867/4867/4324 4874/4874/4331
f 4873/4873/4330 4874/4874/4331 4875/4875/4332
f 4876/4876/4333 4873/4873/4330 4875/4875/4332
f 4876/4876/4333 4877/4877/4334 4873/4873/4330
f 4866/4866/4323 4873/4873/4330 4877/4877/4334
f 4866/4866/4323 4877/4877/4334 4878/4878/4335
f 4878/4878/4335 4879/4879/4336 4866/4866/4323
f 4878/4878/4335 4880/4880/4337 4879/4879/4336
f 4881/4881/4263 4880/4880/4337 4878/4878/4335
f 4882/4882/4260 4880/4880/4337 4881/4881/4263
f 4881/4881/4263 4878/4878/4335 4883/4883/4338
f 4883/4883/4338 4878/4878/4335 4877/4877/4334
f 4883/4883/4338 4877/4877/4334 4884/4884/4266
f 4877/4877/4334 4885/4885/4339 4884/4884/4266
f 4877/4877/4334 4876/4876/4333 4885/4885/4339
f 4886/4886/4189 4887/4887/4340 4888/4888/4341
f 4773/4773/4193 4886/4886/4189 4888/4888/4341
f 4773/4773/4193 4888/4888/4341 4889/4889/4256
f 4882/4882/4260 4889/4889/4256 4888/4888/4341
f 4882/4882/4260 4888/4888/4341 4890/4890/4342
f 4882/4882/4260 4890/4890/4342 4880/4880/4337
f 4880/4880/4337 4890/4890/4342 4891/4891/4343
f 4880/4880/4337 4891/4891/4343 4879/4879/4336
f 4891/4891/4343 4864/4864/4321 4879/4879/4336
f 4864/4864/4321 4866/4866/4323 4879/4879/4336
f 4892/4892/4344 4893/4893/4345 4894/4894/4346
f 4892/4892/4344 4895/4895/4347 4893/4893/4345
f 4887/4887/4340 4893/4893/4345 4895/4895/4347
f 4887/4887/4340 4895/4895/4347 4891/4891/4343
f 4887/4887/4340 4891/4891/4343 4890/4890/4342
f 4887/4887/4340 4890/4890/4342 4888/4888/4341
f 4783/4783/4246 4802/4802/4259 4896/4896/4348
f 4783/4783/4246 4896/4896/4348 4892/4892/4344
f 4892/4892/4344 4784/4784/4247 4783/4783/4246
f 4892/4892/4344 4894/4894/4346 4784/4784/4247
f 4790/4790/4253 4784/4784/4247 4894/4894/4346
f 4893/4893/4345 4790/4790/4253 4894/4894/4346
f 4893/4893/4345 4897/4897/4160 4790/4790/4253
f 4897/4897/4160 4893/4893/4345 4887/4887/4340
f 4897/4897/4160 4887/4887/4340 4898/4898/4188
f 4886/4886/4189 4898/4898/4188 4887/4887/4340
f 4891/4891/4343 4895/4895/4347 4864/4864/4321
f 4892/4892/4344 4864/4864/4321 4895/4895/4347
f 4892/4892/4344 4896/4896/4348 4864/4864/4321
f 4896/4896/4348 4865/4865/4322 4864/4864/4321
f 4896/4896/4348 4868/4868/4325 4865/4865/4322
f 4802/4802/4259 4868/4868/4325 4896/4896/4348
f 4802/4802/4259 4899/4899/4349 4868/4868/4325
f 4899/4899/4349 4802/4802/4259 4801/4801/4258
f 4899/4899/4349 4801/4801/4258 4813/4813/4270
f 4801/4801/4258 4805/4805/4262 4813/4813/4270
f 4868/4868/4325 4899/4899/4349 4870/4870/4327
f 4870/4870/4327 4899/4899/4349 4813/4813/4270
f 4870/4870/4327 4813/4813/4270 4827/4827/4284
f 4900/4900/4350 4827/4827/4284 4813/4813/4270
f 4900/4900/4350 4828/4828/4285 4827/4827/4284
f 4900/4900/4350 4814/4814/4271 4828/4828/4285
f 4900/4900/4350 4812/4812/4269 4814/4814/4271
f 4812/4812/4269 4900/4900/4350 4813/4813/4270
f 4901/4901/4333 4902/4902/4351 4903/4903/4352
f 4901/4901/4333 4904/4904/4353 4902/4902/4351
f 4901/4901/4333 4905/4905/4354 4904/4904/4353
f 4904/4904/4353 4905/4905/4354 4906/4906/4355
f 4907/4907/4356 4906/4906/4355 4905/4905/4354
f 4907/4907/4356 4908/4908/4357 4906/4906/4355
f 4907/4907/4356 4909/4909/4358 4908/4908/4357
f 4909/4909/4358 4910/4910/4359 4908/4908/4357
f 4909/4909/4358 4911/4911/4360 4910/4910/4359
f 4912/4912/4276 4910/4910/4359 4911/4911/4360
f 4901/4901/4333 4913/4913/4332 4905/4905/4354
f 4913/4913/4332 4914/4914/4281 4905/4905/4354
f 4907/4907/4356 4905/4905/4354 4914/4914/4281
f 4913/4913/4332 4915/4915/4361 4914/4914/4281
f 4912/4912/4276 4916/4916/4362 4910/4910/4359
f 4902/4902/4351 4916/4916/4362 4912/4912/4276
f 4902/4902/4351 4904/4904/4353 4916/4916/4362
f 4904/4904/4353 4906/4906/4355 4916/4916/4362
f 4908/4908/4357 4916/4916/4362 4906/4906/4355
f 4908/4908/4357 4910/4910/4359 4916/4916/4362
f 4917/4917/4332 4918/4918/4363 4919/4919/4364
f 4917/4917/4332 4920/4920/4365 4918/4918/4363
f 4917/4917/4332 4921/4921/4366 4920/4920/4365
f 4920/4920/4365 4921/4921/4366 4922/4922/4367
f 4921/4921/4366 4923/4923/4296 4922/4922/4367
f 4923/4923/4296 4924/4924/4368 4922/4922/4367
f 4923/4923/4296 4925/4925/4295 4924/4924/4368
f 4924/4924/4368 4925/4925/4295 4926/4926/4294
f 4924/4924/4368 4926/4926/4294 4927/4927/4369
f 4928/4928/4290 4927/4927/4369 4926/4926/4294
f 4917/4917/4332 4929/4929/4331 4921/4921/4366
f 4929/4929/4331 4930/4930/4297 4921/4921/4366
f 4921/4921/4366 4930/4930/4297 4923/4923/4296
f 4929/4929/4331 4931/4931/4370 4930/4930/4297
f 4928/4928/4290 4932/4932/4371 4927/4927/4369
f 4918/4918/4363 4932/4932/4371 4928/4928/4290
f 4918/4918/4363 4920/4920/4365 4932/4932/4371
f 4920/4920/4365 4922/4922/4367 4932/4932/4371
f 4924/4924/4368 4932/4932/4371 4922/4922/4367
f 4924/4924/4368 4927/4927/4369 4932/4932/4371
f 4933/4933/4331 4934/4934/4309 4935/4935/4372
f 4933/4933/4331 4936/4936/4373 4934/4934/4309
f 4933/4933/4331 4937/4937/4374 4936/4936/4373
f 4936/4936/4373 4937/4937/4374 4938/4938/4375
f 4937/4937/4374 4939/4939/4376 4938/4938/4375
f 4939/4939/4376 4940/4940/4377 4938/4938/4375
f 4939/4939/4376 4941/4941/4306 4940/4940/4377
f 4940/4940/4377 4941/4941/4306 4942/4942/4307
f 4940/4940/4377 4942/4942/4307 4943/4943/4378
f 4944/4944/4308 4943/4943/4378 4942/4942/4307
f 4944/4944/4308 4945/4945/4379 4943/4943/4378
f 4934/4934/4309 4945/4945/4379 4944/4944/4308
f 4934/4934/4309 4936/4936/4373 4945/4945/4379
f 4936/4936/4373 4938/4938/4375 4945/4945/4379
f 4938/4938/4375 4943/4943/4378 4945/4945/4379
f 4938/4938/4375 4940/4940/4377 4943/4943/4378
f 4933/4933/4331 4946/4946/4328 4937/4937/4374
f 4946/4946/4328 4947/4947/4380 4937/4937/4374
f 4937/4937/4374 4947/4947/4380 4939/4939/4376
f 4946/4946/4328 4948/4948/4381 4947/4947/4380
f 4949/4949/4382 4950/4950/4383 4951/4951/4384
f 4952/4952/4385 4949/4949/4382 4953/4953/4386
f 4949/4949/4382 4951/4951/4384 4953/4953/4386
f 4953/4953/4386 4951/4951/4384 4954/4954/4317
f 4952/4952/4385 4955/4955/4311 4956/4956/4303
f 4952/4952/4385 4957/4957/4387 4955/4955/4311
f 4952/4952/4385 4953/4953/4386 4957/4957/4387
f 4957/4957/4387 4953/4953/4386 4958/4958/4388
f 4953/4953/4386 4954/4954/4317 4958/4958/4388
f 4954/4954/4317 4959/4959/4389 4958/4958/4388
f 4954/4954/4317 4960/4960/4390 4959/4959/4389
f 4959/4959/4389 4960/4960/4390 4961/4961/4314
f 4959/4959/4389 4961/4961/4314 4962/4962/4391
f 4963/4963/4392 4962/4962/4391 4961/4961/4314
f 4963/4963/4392 4964/4964/4393 4962/4962/4391
f 4955/4955/4311 4964/4964/4393 4963/4963/4392
f 4955/4955/4311 4957/4957/4387 4964/4964/4393
f 4957/4957/4387 4958/4958/4388 4964/4964/4393
f 4958/4958/4388 4962/4962/4391 4964/4964/4393
f 4958/4958/4388 4959/4959/4389 4962/4962/4391
f 4809/4809/4266 4965/4965/4339 4811/4811/4268
f 4965/4965/4339 4817/4817/4274 4811/4811/4268
f 4965/4965/4339 4966/4966/4351 4817/4817/4274
f 4817/4817/4274 4966/4966/4351 4819/4819/4276
f 4967/4967/4394 4968/4968/2159 4969/4969/4395
f 4967/4967/4394 4970/4970/3923 4968/4968/2159
f 4970/4970/3923 4967/4967/4394 4971/4971/4396
f 4970/4970/3923 4971/4971/4396 4972/4972/2338
f 4973/4973/3924 4972/4972/2338 4971/4971/4396
f 4973/4973/3924 4971/4971/4396 4974/4974/4397
f 4974/4974/4397 4975/4975/3926 4973/4973/3924
f 4974/4974/4397 4976/4976/4398 4975/4975/3926
f 4976/4976/4398 4977/4977/3928 4975/4975/3926
f 4978/4978/4399 4979/4979/3931 4977/4977/3928
f 4976/4976/4398 4978/4978/4399 4977/4977/3928
f 4980/4980/4400 4978/4978/4399 4976/4976/4398
f 4981/4981/4401 4980/4980/4400 4976/4976/4398
f 4981/4981/4401 4976/4976/4398 4974/4974/4397
f 4974/4974/4397 4982/4982/4402 4981/4981/4401
f 4974/4974/4397 4971/4971/4396 4982/4982/4402
f 4983/4983/4403 4982/4982/4402 4971/4971/4396
f 4983/4983/4403 4971/4971/4396 4967/4967/4394
f 4984/4984/4404 4983/4983/4403 4967/4967/4394
f 4979/4979/3931 4985/4985/4405 4986/4986/4406
f 4978/4978/4399 4985/4985/4405 4979/4979/3931
f 4987/4987/4407 4985/4985/4405 4978/4978/4399
f 4980/4980/4400 4987/4987/4407 4978/4978/4399
f 4980/4980/4400 4988/4988/3937 4987/4987/4407
f 4980/4980/4400 4989/4989/3906 4988/4988/3937
f 4990/4990/3909 4989/4989/3906 4980/4980/4400
f 4990/4990/3909 4980/4980/4400 4981/4981/4401
f 4981/4981/4401 4991/4991/3910 4990/4990/3909
f 4981/4981/4401 4982/4982/4402 4991/4991/3910
f 4992/4992/3942 4993/4993/4408 4994/4994/4409
f 4995/4995/4410 4992/4992/3942 4994/4994/4409
f 4995/4995/4410 4996/4996/3941 4992/4992/3942
f 4988/4988/3937 4996/4996/3941 4995/4995/4410
f 4988/4988/3937 4995/4995/4410 4987/4987/4407
f 4987/4987/4407 4995/4995/4410 4985/4985/4405
f 4985/4985/4405 4995/4995/4410 4994/4994/4409
f 4985/4985/4405 4994/4994/4409 4986/4986/4406
f 4986/4986/4406 4994/4994/4409 4993/4993/4408
f 4986/4986/4406 4993/4993/4408 4997/4997/4411
f 4992/4992/3942 4998/4998/3943 4993/4993/4408
f 4999/4999/4412 4993/4993/4408 4998/4998/3943
f 4999/4999/4412 5000/5000/2800 4993/4993/4408
f 5000/5000/2800 5001/5001/2799 4993/4993/4408
f 5002/5002/3214 4993/4993/4408 5001/5001/2799
f 5002/5002/3214 4997/4997/4411 4993/4993/4408
f 5002/5002/3214 5003/5003/3944 4997/4997/4411
f 5004/5004/3932 4997/4997/4411 5003/5003/3944
f 5004/5004/3932 4986/4986/4406 4997/4997/4411
f 4979/4979/3931 4986/4986/4406 5004/5004/3932
f 5002/5002/3214 5005/5005/3211 5003/5003/3944
f 5006/5006/3338 5007/5007/4413 5008/5008/4414
f 5009/5009/4085 5008/5008/4414 5007/5007/4413
f 5009/5009/4085 5007/5007/4413 4747/4747/4215
f 4747/4747/4215 4745/4745/4090 5009/5009/4085
f 4764/4764/4231 4763/4763/4230 5010/5010/3337
f 5006/5006/3338 5010/5010/3337 4763/4763/4230
f 5006/5006/3338 4763/4763/4230 4759/4759/4226
f 5006/5006/3338 4759/4759/4226 5007/5007/4413
f 4759/4759/4226 4757/4757/4224 5007/5007/4413
f 4757/4757/4224 4747/4747/4215 5007/5007/4413
f 4757/4757/4224 4749/4749/4217 4747/4747/4215
f 4755/4755/4222 4749/4749/4217 4757/4757/4224
f 4755/4755/4222 4757/4757/4224 4756/4756/4223
f 5011/5011/4415 5012/5012/4416 5013/5013/4417
f 5013/5013/4417 5012/5012/4416 5014/5014/4418
f 5013/5013/4417 5014/5014/4418 5015/5015/4419
f 5015/5015/4419 5014/5014/4418 5016/5016/4420
f 5015/5015/4419 5016/5016/4420 5017/5017/4421
f 5017/5017/4421 5016/5016/4420 5018/5018/4422
f 5017/5017/4421 5018/5018/4422 5019/5019/4423
f 5012/5012/4416 5020/5020/3984 5021/5021/3985
f 5012/5012/4416 5021/5021/3985 5014/5014/4418
f 5014/5014/4418 5021/5021/3985 5022/5022/3986
f 5014/5014/4418 5022/5022/3986 5016/5016/4420
f 5016/5016/4420 5022/5022/3986 5023/5023/3987
f 5016/5016/4420 5023/5023/3987 5018/5018/4422
f 5018/5018/4422 5023/5023/3987 5024/5024/3988
f 5019/5019/4423 5018/5018/4422 5024/5024/3988
f 5025/5025/2825 5019/5019/4423 5024/5024/3988
f 5026/5026/4424 5019/5019/4423 5025/5025/2825
f 5026/5026/4424 5017/5017/4421 5019/5019/4423
f 5027/5027/4425 5017/5017/4421 5026/5026/4424
f 5027/5027/4425 5015/5015/4419 5017/5017/4421
f 5028/5028/3991 5015/5015/4419 5027/5027/4425
f 5028/5028/3991 5013/5013/4417 5015/5015/4419
f 5029/5029/4426 5013/5013/4417 5028/5028/3991
f 5029/5029/4426 5011/5011/4415 5013/5013/4417
f 5030/5030/4427 5011/5011/4415 5029/5029/4426
f 5030/5030/4427 5029/5029/4426 5031/5031/4026
f 5032/5032/3937 5030/5030/4427 5031/5031/4026
f 5033/5033/4428 5034/5034/4429 5035/5035/4430
f 5033/5033/4428 5035/5035/4430 5036/5036/4431
f 5037/5037/4432 5033/5033/4428 5036/5036/4431
f 5037/5037/4432 5036/5036/4431 5038/5038/4433
f 5030/5030/4427 5037/5037/4432 5038/5038/4433
f 5030/5030/4427 5038/5038/4433 5039/5039/4434
f 5039/5039/4434 5011/5011/4415 5030/5030/4427
f 5039/5039/4434 5040/5040/4435 5011/5011/4415
f 5011/5011/4415 5040/5040/4435 5012/5012/4416
f 5040/5040/4435 5020/5020/3984 5012/5012/4416
f 5038/5038/4433 5036/5036/4431 5041/5041/4006
f 5038/5038/4433 5041/5041/4006 5042/5042/4005
f 5039/5039/4434 5038/5038/4433 5042/5042/4005
f 5039/5039/4434 5042/5042/4005 5043/5043/4004
f 5043/5043/4004 5040/5040/4435 5039/5039/4434
f 5043/5043/4004 5044/5044/4003 5040/5040/4435
f 5040/5040/4435 5044/5044/4003 5020/5020/3984
f 5045/5045/4436 5046/5046/4437 5047/5047/4011
f 5045/5045/4436 5047/5047/4011 5048/5048/4009
f 5049/5049/4438 5045/5045/4436 5048/5048/4009
f 5049/5049/4438 5048/5048/4009 5050/5050/2754
f 5051/5051/4439 5049/5049/4438 5050/5050/2754
f 5051/5051/4439 5050/5050/2754 5052/5052/4007
f 5035/5035/4430 5051/5051/4439 5052/5052/4007
f 5035/5035/4430 5052/5052/4007 5053/5053/3326
f 5036/5036/4431 5035/5035/4430 5053/5053/3326
f 5036/5036/4431 5053/5053/3326 5041/5041/4006
f 5054/5054/3904 5055/5055/4440 5056/5056/4441
f 5046/5046/4437 5056/5056/4441 5055/5055/4440
f 5057/5057/4442 5056/5056/4441 5046/5046/4437
f 5057/5057/4442 5046/5046/4437 5045/5045/4436
f 5058/5058/4443 5057/5057/4442 5045/5045/4436
f 5058/5058/4443 5045/5045/4436 5049/5049/4438
f 5059/5059/4444 5058/5058/4443 5049/5049/4438
f 5059/5059/4444 5049/5049/4438 5051/5051/4439
f 5034/5034/4429 5059/5059/4444 5051/5051/4439
f 5034/5034/4429 5051/5051/4439 5035/5035/4430
f 5057/5057/4442 5060/5060/4445 5061/5061/4446
f 5062/5062/4025 5057/5057/4442 5061/5061/4446
f 5062/5062/4025 5056/5056/4441 5057/5057/4442
f 5054/5054/3904 5056/5056/4441 5062/5062/4025
f 5032/5032/3937 5037/5037/4432 5030/5030/4427
f 5037/5037/4432 5032/5032/3937 5063/5063/4027
f 5037/5037/4432 5063/5063/4027 5033/5033/4428
f 5063/5063/4027 5034/5034/4429 5033/5033/4428
f 5063/5063/4027 5064/5064/4028 5034/5034/4429
f 5034/5034/4429 5064/5064/4028 5065/5065/4447
f 5034/5034/4429 5065/5065/4447 5059/5059/4444
f 5058/5058/4443 5059/5059/4444 5065/5065/4447
f 5058/5058/4443 5065/5065/4447 5060/5060/4445
f 5057/5057/4442 5058/5058/4443 5060/5060/4445
f 5066/5066/2754 5067/5067/4448 5068/5068/4449
f 5066/5066/2754 5068/5068/4449 5069/5069/4038
f 5070/5070/4450 5069/5069/4038 5068/5068/4449
f 5070/5070/4450 5068/5068/4449 5071/5071/4451
f 5072/5072/4452 5070/5070/4450 5071/5071/4451
f 5072/5072/4452 5073/5073/4040 5070/5070/4450
f 5073/5073/4040 5072/5072/4452 5074/5074/4453
f 5073/5073/4040 5074/5074/4453 5075/5075/4041
f 4968/4968/2159 5075/5075/4041 5074/5074/4453
f 4968/4968/2159 5074/5074/4453 4969/4969/4395
f 4984/4984/4404 4967/4967/4394 4969/4969/4395
f 4969/4969/4395 5076/5076/4454 4984/4984/4404
f 4969/4969/4395 5074/5074/4453 5076/5076/4454
f 5077/5077/4455 5076/5076/4454 5074/5074/4453
f 5077/5077/4455 5074/5074/4453 5072/5072/4452
f 5078/5078/4456 5077/5077/4455 5072/5072/4452
f 5078/5078/4456 5072/5072/4452 5071/5071/4451
f 5071/5071/4451 5079/5079/4457 5078/5078/4456
f 5071/5071/4451 5068/5068/4449 5079/5079/4457
f 5080/5080/4458 5079/5079/4457 5068/5068/4449
f 4982/4982/4402 5081/5081/4459 4991/4991/3910
f 4982/4982/4402 4983/4983/4403 5081/5081/4459
f 4983/4983/4403 5082/5082/3905 5081/5081/4459
f 4983/4983/4403 4984/4984/4404 5082/5082/3905
f 4984/4984/4404 5083/5083/3916 5082/5082/3905
f 4984/4984/4404 5076/5076/4454 5083/5083/3916
f 5076/5076/4454 5084/5084/4460 5083/5083/3916
f 5076/5076/4454 5077/5077/4455 5084/5084/4460
f 5077/5077/4455 5085/5085/3904 5084/5084/4460
f 5077/5077/4455 5078/5078/4456 5085/5085/3904
f 5078/5078/4456 5086/5086/3905 5085/5085/3904
f 5078/5078/4456 5079/5079/4457 5086/5086/3905
f 5079/5079/4457 5087/5087/3906 5086/5086/3905
f 5079/5079/4457 5080/5080/4458 5087/5087/3906
f 5080/5080/4458 5088/5088/2624 5087/5087/3906
f 5080/5080/4458 5089/5089/4461 5088/5088/2624
f 5089/5089/4461 5090/5090/4462 5088/5088/2624
f 5089/5089/4461 5091/5091/4463 5090/5090/4462
f 5091/5091/4463 5092/5092/4035 5090/5090/4462
f 5091/5091/4463 5093/5093/4464 5092/5092/4035
f 5080/5080/4458 5068/5068/4449 5067/5067/4448
f 5089/5089/4461 5080/5080/4458 5067/5067/4448
f 5089/5089/4461 5067/5067/4448 5094/5094/4465
f 5094/5094/4465 5091/5091/4463 5089/5089/4461
f 5094/5094/4465 5095/5095/4466 5091/5091/4463
f 5093/5093/4464 5091/5091/4463 5095/5095/4466
f 5093/5093/4464 5095/5095/4466 5096/5096/4467
f 5097/5097/4468 5093/5093/4464 5096/5096/4467
f 5097/5097/4468 5096/5096/4467 5098/5098/4469
f 5098/5098/4469 5099/5099/4470 5097/5097/4468
f 5100/5100/2328 5101/5101/3887 5102/5102/4471
f 5100/5100/2328 5102/5102/4471 5098/5098/4469
f 5103/5103/2754 5100/5100/2328 5098/5098/4469
f 5103/5103/2754 5098/5098/4469 5096/5096/4467
f 5103/5103/2754 5096/5096/4467 5095/5095/4466
f 5103/5103/2754 5095/5095/4466 5104/5104/2151
f 5105/5105/3891 5104/5104/2151 5095/5095/4466
f 5105/5105/3891 5095/5095/4466 5094/5094/4465
f 5067/5067/4448 5105/5105/3891 5094/5094/4465
f 5067/5067/4448 5066/5066/2754 5105/5105/3891
f 5098/5098/4469 5102/5102/4471 5099/5099/4470
f 5106/5106/4472 5099/5099/4470 5102/5102/4471
f 5101/5101/3887 5106/5106/4472 5102/5102/4471
f 5101/5101/3887 5107/5107/4033 5106/5106/4472
f 5107/5107/4033 5108/5108/4473 5106/5106/4472
f 5107/5107/4033 5109/5109/3326 5108/5108/4473
f 5110/5110/4474 5108/5108/4473 5109/5109/3326
f 5110/5110/4474 5109/5109/3326 5111/5111/4014
f 5047/5047/4011 5110/5110/4474 5111/5111/4014
f 5047/5047/4011 5046/5046/4437 5110/5110/4474
f 5106/5106/4472 5112/5112/4475 5099/5099/4470
f 5112/5112/4475 5106/5106/4472 5108/5108/4473
f 5112/5112/4475 5108/5108/4473 5113/5113/4476
f 5055/5055/4440 5113/5113/4476 5108/5108/4473
f 5055/5055/4440 5108/5108/4473 5110/5110/4474
f 5046/5046/4437 5055/5055/4440 5110/5110/4474
f 5093/5093/4464 5114/5114/4017 5092/5092/4035
f 5093/5093/4464 5097/5097/4468 5114/5114/4017
f 5097/5097/4468 5115/5115/4036 5114/5114/4017
f 5097/5097/4468 5099/5099/4470 5115/5115/4036
f 5116/5116/4037 5115/5115/4036 5099/5099/4470
f 5116/5116/4037 5099/5099/4470 5112/5112/4475
f 5117/5117/4017 5116/5116/4037 5112/5112/4475
f 5117/5117/4017 5112/5112/4475 5113/5113/4476
f 5054/5054/3904 5117/5117/4017 5113/5113/4476
f 5054/5054/3904 5113/5113/4476 5055/5055/4440
f 5118/5118/4477 5119/5119/4478 5120/5120/4479
f 5119/5119/4478 5121/5121/4480 5120/5120/4479
f 5119/5119/4478 5122/5122/4481 5121/5121/4480
f 5122/5122/4481 5119/5119/4478 5123/5123/4482
f 5118/5118/4477 5123/5123/4482 5119/5119/4478
f 5118/5118/4477 5124/5124/4483 5123/5123/4482
f 5124/5124/4483 5118/5118/4477 3630/3630/3283
f 3622/3622/3275 3630/3630/3283 5125/5125/3833
f 5125/5125/3833 3630/3630/3283 5118/5118/4477
f 5125/5125/3833 5118/5118/4477 5126/5126/4484
f 5118/5118/4477 5120/5120/4479 5126/5126/4484
f 5126/5126/4484 5120/5120/4479 5127/5127/4485
f 5120/5120/4479 5128/5128/4486 5127/5127/4485
f 5120/5120/4479 5121/5121/4480 5128/5128/4486
f 5128/5128/4486 5121/5121/4480 5129/5129/4487
f 5130/5130/4488 5129/5129/4487 5121/5121/4480
f 5130/5130/4488 5121/5121/4480 5122/5122/4481
f 5124/5124/4483 5131/5131/4489 5123/5123/4482
f 5132/5132/4490 5123/5123/4482 5131/5131/4489
f 5122/5122/4481 5123/5123/4482 5132/5132/4490
f 5122/5122/4481 5132/5132/4490 5133/5133/4491
f 5122/5122/4481 5133/5133/4491 5130/5130/4488
f 5134/5134/4492 5130/5130/4488 5133/5133/4491
f 5134/5134/4492 5135/5135/3001 5130/5130/4488
f 5135/5135/3001 5129/5129/4487 5130/5130/4488
f 5135/5135/3001 5136/5136/3000 5129/5129/4487
f 5137/5137/2999 5129/5129/4487 5136/5136/3000
f 5138/5138/4493 5139/5139/4494 5140/5140/4495
f 5141/5141/4496 5138/5138/4493 5140/5140/4495
f 5138/5138/4493 5141/5141/4496 5142/5142/4497
f 5141/5141/4496 5143/5143/4498 5142/5142/4497
f 5133/5133/4491 5142/5142/4497 5143/5143/4498
f 5133/5133/4491 5143/5143/4498 5144/5144/3037
f 5133/5133/4491 5144/5144/3037 5134/5134/4492
f 5143/5143/4498 5145/5145/4499 5144/5144/3037
f 5138/5138/4493 5146/5146/4500 5139/5139/4494
f 5147/5147/3035 5145/5145/4499 5148/5148/4501
f 5143/5143/4498 5148/5148/4501 5145/5145/4499
f 5141/5141/4496 5148/5148/4501 5143/5143/4498
f 5148/5148/4501 5141/5141/4496 5149/5149/4502
f 5141/5141/4496 5140/5140/4495 5149/5149/4502
f 5150/5150/4503 5149/5149/4502 5140/5140/4495
f 5151/5151/4504 5150/5150/4503 5140/5140/4495
f 5150/5150/4503 5152/5152/4505 5149/5149/4502
f 5152/5152/4505 5153/5153/4506 5149/5149/4502
f 5148/5148/4501 5149/5149/4502 5153/5153/4506
f 5147/5147/3035 5148/5148/4501 5153/5153/4506
f 5154/5154/4507 5147/5147/3035 5153/5153/4506
f 5154/5154/4507 5155/5155/4508 5147/5147/3035
f 5152/5152/4505 5154/5154/4507 5153/5153/4506
f 5156/5156/4509 5157/5157/4510 3654/3654/3307
f 5156/5156/4509 3654/3654/3307 5158/5158/3313
f 5159/5159/3314 5156/5156/4509 5158/5158/3313
f 5159/5159/3314 5160/5160/4511 5156/5156/4509
f 5159/5159/3314 5161/5161/3262 5160/5160/4511
f 5162/5162/3261 5160/5160/4511 5161/5161/3262
f 5162/5162/3261 5163/5163/4512 5160/5160/4511
f 5163/5163/4512 5162/5162/3261 5151/5151/4504
f 5163/5163/4512 5151/5151/4504 5139/5139/4494
f 5151/5151/4504 5140/5140/4495 5139/5139/4494
f 5159/5159/3314 5164/5164/3264 5161/5161/3262
f 5133/5133/4491 5132/5132/4490 5142/5142/4497
f 5132/5132/4490 5131/5131/4489 5142/5142/4497
f 5138/5138/4493 5142/5142/4497 5131/5131/4489
f 5165/5165/4513 5138/5138/4493 5131/5131/4489
f 5165/5165/4513 5146/5146/4500 5138/5138/4493
f 5166/5166/4514 5146/5146/4500 5165/5165/4513
f 5139/5139/4494 5146/5146/4500 5166/5166/4514
f 5139/5139/4494 5166/5166/4514 5163/5163/4512
f 5160/5160/4511 5163/5163/4512 5166/5166/4514
f 5160/5160/4511 5166/5166/4514 5167/5167/4515
f 5157/5157/4510 5160/5160/4511 5167/5167/4515
f 5157/5157/4510 5156/5156/4509 5160/5160/4511
f 3642/3642/3295 3654/3654/3307 3641/3641/3294
f 5157/5157/4510 3641/3641/3294 3654/3654/3307
f 5157/5157/4510 3640/3640/3293 3641/3641/3294
f 3640/3640/3293 5157/5157/4510 5167/5167/4515
f 3640/3640/3293 5167/5167/4515 5168/5168/4516
f 5166/5166/4514 5168/5168/4516 5167/5167/4515
f 5166/5166/4514 5169/5169/4517 5168/5168/4516
f 5166/5166/4514 5165/5165/4513 5169/5169/4517
f 5124/5124/4483 5169/5169/4517 5165/5165/4513
f 5124/5124/4483 5165/5165/4513 5131/5131/4489
f 3637/3637/3290 3629/3629/3282 3628/3628/3281
f 3637/3637/3290 5170/5170/4518 3629/3629/3282
f 5170/5170/4518 3630/3630/3283 3629/3629/3282
f 5170/5170/4518 5171/5171/4519 3630/3630/3283
f 5124/5124/4483 3630/3630/3283 5171/5171/4519
f 5124/5124/4483 5171/5171/4519 5169/5169/4517
f 5169/5169/4517 5171/5171/4519 5170/5170/4518
f 5169/5169/4517 5170/5170/4518 5168/5168/4516
f 3637/3637/3290 5168/5168/4516 5170/5170/4518
f 3637/3637/3290 3640/3640/3293 5168/5168/4516
f 5172/5172/4520 5173/5173/4521 5174/5174/4522
f 5172/5172/4520 5174/5174/4522 5175/5175/4523
f 3290/3290/2978 5172/5172/4520 5175/5175/4523
f 5172/5172/4520 3290/3290/2978 5176/5176/4524
f 5172/5172/4520 5176/5176/4524 5177/5177/4525
f 5177/5177/4525 5173/5173/4521 5172/5172/4520
f 5177/5177/4525 5178/5178/4526 5173/5173/4521
f 5173/5173/4521 5178/5178/4526 5179/5179/4527
f 5174/5174/4522 5173/5173/4521 5179/5179/4527
f 5174/5174/4522 5179/5179/4527 5180/5180/4528
f 5180/5180/4528 5181/5181/4529 5174/5174/4522
f 5175/5175/4523 5174/5174/4522 5181/5181/4529
f 5175/5175/4523 5181/5181/4529 5182/5182/4530
f 5183/5183/4531 5175/5175/4523 5182/5182/4530
f 3301/3301/2989 5184/5184/4532 3300/3300/2988
f 3301/3301/2989 5185/5185/4533 5184/5184/4532
f 5184/5184/4532 5185/5185/4533 5186/5186/4534
f 5185/5185/4533 5187/5187/4535 5186/5186/4534
f 5188/5188/4536 5187/5187/4535 5185/5185/4533
f 5188/5188/4536 5185/5185/4533 3301/3301/2989
f 3301/3301/2989 5183/5183/4531 5188/5188/4536
f 3301/3301/2989 3291/3291/2979 5183/5183/4531
f 5183/5183/4531 3291/3291/2979 5175/5175/4523
f 3290/3290/2978 5175/5175/4523 3291/3291/2979
f 5184/5184/4532 5186/5186/4534 5189/5189/4537
f 5189/5189/4537 5190/5190/4538 5184/5184/4532
f 3300/3300/2988 5184/5184/4532 5190/5190/4538
f 3300/3300/2988 5190/5190/4538 5191/5191/4539
f 5192/5192/4540 3300/3300/2988 5191/5191/4539
f 5192/5192/4540 3299/3299/2987 3300/3300/2988
f 3309/3309/2997 3298/3298/2986 5193/5193/4541
f 3299/3299/2987 5193/5193/4541 3298/3298/2986
f 5194/5194/4542 5193/5193/4541 3299/3299/2987
f 5192/5192/4540 5194/5194/4542 3299/3299/2987
f 5192/5192/4540 5195/5195/4543 5194/5194/4542
f 5196/5196/4544 5194/5194/4542 5195/5195/4543
f 5196/5196/4544 5195/5195/4543 5197/5197/4545
f 5196/5196/4544 5197/5197/4545 5198/5198/4546
f 5199/5199/2148 5196/5196/4544 5198/5198/4546
f 5199/5199/2148 5198/5198/4546 5200/5200/4547
f 5199/5199/2148 5194/5194/4542 5196/5196/4544
f 5199/5199/2148 5201/5201/4548 5194/5194/4542
f 5194/5194/4542 5201/5201/4548 5193/5193/4541
f 5200/5200/4547 5202/5202/4549 5199/5199/2148
f 5201/5201/4548 5199/5199/2148 5202/5202/4549
f 5201/5201/4548 5202/5202/4549 5203/5203/4550
f 5204/5204/3022 5201/5201/4548 5203/5203/4550
f 5204/5204/3022 5193/5193/4541 5201/5201/4548
f 3309/3309/2997 5193/5193/4541 5204/5204/3022
f 5205/5205/4551 5206/5206/4552 5207/5207/4507
f 3311/3311/2999 3304/3304/2992 5208/5208/4553
f 5208/5208/4553 5209/5209/4554 3311/3311/2999
f 5210/5210/4555 3311/3311/2999 5209/5209/4554
f 5210/5210/4555 5209/5209/4554 5211/5211/4556
f 5205/5205/4551 5210/5210/4555 5211/5211/4556
f 5205/5205/4551 5211/5211/4556 5212/5212/4557
f 5205/5205/4551 5212/5212/4557 5206/5206/4552
f 5212/5212/4557 5213/5213/4558 5206/5206/4552
f 5206/5206/4552 5213/5213/4558 5214/5214/4559
f 5206/5206/4552 5214/5214/4559 5215/5215/4560
f 5207/5207/4507 5206/5206/4552 5215/5215/4560
f 5207/5207/4507 5215/5215/4560 3353/3353/3039
f 5208/5208/4553 5216/5216/4561 5209/5209/4554
f 5216/5216/4561 5217/5217/4562 5209/5209/4554
f 5217/5217/4562 5211/5211/4556 5209/5209/4554
f 5217/5217/4562 5218/5218/4563 5211/5211/4556
f 5218/5218/4563 5212/5212/4557 5211/5211/4556
f 5218/5218/4563 5219/5219/4564 5212/5212/4557
f 5212/5212/4557 5219/5219/4564 5213/5213/4558
f 5216/5216/4561 5220/5220/4565 5217/5217/4562
f 5217/5217/4562 5221/5221/4566 5222/5222/4567
f 5217/5217/4562 5220/5220/4565 5221/5221/4566
f 5220/5220/4565 5223/5223/4558 5221/5221/4566
f 5220/5220/4565 5224/5224/4559 5223/5223/4558
f 5224/5224/4559 5220/5220/4565 5216/5216/4561
f 5224/5224/4559 5216/5216/4561 5225/5225/4560
f 5208/5208/4553 5225/5225/4560 5216/5216/4561
f 5208/5208/4553 5226/5226/3039 5225/5225/4560
f 5208/5208/4553 3303/3303/2991 5226/5226/3039
f 5208/5208/4553 3304/3304/2992 3303/3303/2991
f 3306/3306/2994 3307/3307/2995 5227/5227/3033
f 3306/3306/2994 5227/5227/3033 3302/3302/2990
f 3302/3302/2990 5227/5227/3033 3303/3303/2991
f 5228/5228/4549 5229/5229/4568 5230/5230/4569
f 5231/5231/4550 5228/5228/4549 5230/5230/4569
f 5231/5231/4550 5230/5230/4569 5232/5232/4570
f 5232/5232/4570 5230/5230/4569 5233/5233/4571
f 5234/5234/4572 5233/5233/4571 5230/5230/4569
f 5234/5234/4572 5230/5230/4569 5229/5229/4568
f 5235/5235/3023 5236/5236/3022 5231/5231/4550
f 5235/5235/3023 5231/5231/4550 5232/5232/4570
f 5235/5235/3023 5232/5232/4570 5237/5237/4573
f 5232/5232/4570 5233/5233/4571 5237/5237/4573
f 5238/5238/4545 5237/5237/4573 5233/5233/4571
f 5238/5238/4545 5233/5233/4571 5234/5234/4572
f 5238/5238/4545 5234/5234/4572 5239/5239/4574
f 5239/5239/4574 5234/5234/4572 5229/5229/4568
f 5239/5239/4574 5229/5229/4568 5240/5240/4547
f 5228/5228/4549 5240/5240/4547 5229/5229/4568
f 5238/5238/4545 5241/5241/4543 5237/5237/4573
f 5242/5242/3024 5237/5237/4573 5241/5241/4543
f 5235/5235/3023 5237/5237/4573 5242/5242/3024
f 5242/5242/3024 5241/5241/4543 5243/5243/4575
f 5244/5244/4538 5245/5245/4576 5246/5246/4577
f 5247/5247/4539 5244/5244/4538 5246/5246/4577
f 5247/5247/4539 5246/5246/4577 5248/5248/4578
f 5248/5248/4578 5246/5246/4577 5249/5249/4579
f 5250/5250/4580 5249/5249/4579 5246/5246/4577
f 5250/5250/4580 5246/5246/4577 5245/5245/4576
f 5251/5251/4581 5252/5252/4575 5247/5247/4539
f 5251/5251/4581 5247/5247/4539 5248/5248/4578
f 5251/5251/4581 5248/5248/4578 5253/5253/4582
f 5248/5248/4578 5249/5249/4579 5253/5253/4582
f 5253/5253/4582 5249/5249/4579 5254/5254/4535
f 5254/5254/4535 5249/5249/4579 5250/5250/4580
f 5254/5254/4535 5250/5250/4580 5255/5255/4583
f 5250/5250/4580 5256/5256/4537 5255/5255/4583
f 5250/5250/4580 5245/5245/4576 5256/5256/4537
f 5244/5244/4538 5256/5256/4537 5245/5245/4576
f 5253/5253/4582 5254/5254/4535 5257/5257/4536
f 5258/5258/3014 5253/5253/4582 5257/5257/4536
f 5251/5251/4581 5253/5253/4582 5258/5258/3014
f 5258/5258/3014 5257/5257/4536 5259/5259/4531
f 5260/5260/4584 5261/5261/4585 5262/5262/4526
f 5263/5263/4586 5261/5261/4585 5260/5260/4584
f 5264/5264/3014 5263/5263/4586 5260/5260/4584
f 5264/5264/3014 5260/5260/4584 5265/5265/4587
f 5265/5265/4587 5260/5260/4584 5266/5266/4525
f 5265/5265/4587 5266/5266/4525 5267/5267/4524
f 5260/5260/4584 5262/5262/4526 5266/5266/4525
f 5264/5264/3014 5268/5268/4588 5269/5269/4589
f 5264/5264/3014 5269/5269/4589 5263/5263/4586
f 5269/5269/4589 5270/5270/4590 5263/5263/4586
f 5263/5263/4586 5270/5270/4590 5261/5261/4585
f 5261/5261/4585 5270/5270/4590 5271/5271/4591
f 5261/5261/4585 5271/5271/4591 5272/5272/4592
f 5272/5272/4592 5271/5271/4591 5273/5273/4528
f 5272/5272/4592 5273/5273/4528 5274/5274/4527
f 5262/5262/4526 5272/5272/4592 5274/5274/4527
f 5262/5262/4526 5261/5261/4585 5272/5272/4592
f 5269/5269/4589 5275/5275/4529 5270/5270/4590
f 5275/5275/4529 5271/5271/4591 5270/5270/4590
f 5275/5275/4529 5273/5273/4528 5271/5271/4591
f 5276/5276/4555 5277/5277/4551 5278/5278/4593
f 5278/5278/4593 5277/5277/4551 5279/5279/4507
f 5278/5278/4593 5279/5279/4507 5280/5280/4594
f 5281/5281/4595 5278/5278/4593 5280/5280/4594
f 5281/5281/4595 5280/5280/4594 5282/5282/4596
f 5137/5137/2999 5276/5276/4555 5129/5129/4487
f 5128/5128/4486 5129/5129/4487 5276/5276/4555
f 5276/5276/4555 5278/5278/4593 5128/5128/4486
f 5127/5127/4485 5128/5128/4486 5278/5278/4593
f 5127/5127/4485 5278/5278/4593 5281/5281/4595
f 5283/5283/4597 5127/5127/4485 5281/5281/4595
f 5283/5283/4597 5281/5281/4595 5282/5282/4596
f 5283/5283/4597 5282/5282/4596 5284/5284/4598
f 3607/3607/3260 5283/5283/4597 5284/5284/4598
f 3607/3607/3260 5284/5284/4598 3608/3608/3261
f 3623/3623/3276 3606/3606/3259 3610/3610/3263
f 3606/3606/3259 3623/3623/3276 5285/5285/4599
f 3606/3606/3259 5285/5285/4599 3607/3607/3260
f 5286/5286/4600 3607/3607/3260 5285/5285/4599
f 5286/5286/4600 5283/5283/4597 3607/3607/3260
f 5283/5283/4597 5286/5286/4600 5127/5127/4485
f 5126/5126/4484 5127/5127/4485 5286/5286/4600
f 5126/5126/4484 5286/5286/4600 5285/5285/4599
f 5126/5126/4484 5285/5285/4599 5125/5125/3833
f 3623/3623/3276 5125/5125/3833 5285/5285/4599
f 3623/3623/3276 3622/3622/3275 5125/5125/3833
f 5287/5287/4601 5288/5288/4602 5289/5289/4603
f 5288/5288/4602 5290/5290/4604 5289/5289/4603
f 5288/5288/4602 5291/5291/4605 5290/5290/4604
f 5292/5292/3010 5293/5293/4524 5287/5287/4601
f 5292/5292/3010 5287/5287/4601 5294/5294/4606
f 5287/5287/4601 5289/5289/4603 5294/5294/4606
f 5294/5294/4606 5289/5289/4603 5295/5295/4607
f 5295/5295/4607 5289/5289/4603 5290/5290/4604
f 5295/5295/4607 5290/5290/4604 5296/5296/4608
f 5296/5296/4608 5290/5290/4604 5291/5291/4605
f 5296/5296/4608 5291/5291/4605 5297/5297/4609
f 5298/5298/4610 5296/5296/4608 5297/5297/4609
f 5298/5298/4610 5295/5295/4607 5296/5296/4608
f 5299/5299/4611 5295/5295/4607 5298/5298/4610
f 5294/5294/4606 5295/5295/4607 5299/5299/4611
f 5292/5292/3010 5294/5294/4606 5299/5299/4611
f 5292/5292/3010 5299/5299/4611 5300/5300/3011
f 5300/5300/3011 5299/5299/4611 5301/5301/4612
f 5300/5300/3011 5301/5301/4612 5302/5302/4613
f 5299/5299/4611 5298/5298/4610 5301/5301/4612
f 5303/5303/4614 5304/5304/4609 5305/5305/4605
f 5305/5305/4605 5306/5306/4602 5303/5303/4614
f 5307/5307/4615 5303/5303/4614 5306/5306/4602
f 5307/5307/4615 5306/5306/4602 5308/5308/4601
f 5176/5176/4524 5307/5307/4615 5308/5308/4601
f 5176/5176/4524 3290/3290/2978 5307/5307/4615
f 3318/3318/3006 3325/3325/3013 3293/3293/2981
f 5309/5309/4616 3293/3293/2981 3325/3325/3013
f 3296/3296/2984 3293/3293/2981 5309/5309/4616
f 5309/5309/4616 3289/3289/2977 3296/3296/2984
f 5309/5309/4616 5310/5310/4617 3289/3289/2977
f 5310/5310/4617 3290/3290/2978 3289/3289/2977
f 5310/5310/4617 5311/5311/4618 3290/3290/2978
f 5311/5311/4618 5307/5307/4615 3290/3290/2978
f 5311/5311/4618 5312/5312/4619 5307/5307/4615
f 5312/5312/4619 5303/5303/4614 5307/5307/4615
f 5312/5312/4619 5313/5313/4620 5303/5303/4614
f 5303/5303/4614 5313/5313/4620 5304/5304/4609
f 5313/5313/4620 5314/5314/4621 5304/5304/4609
f 5315/5315/4612 5314/5314/4621 5313/5313/4620
f 5315/5315/4612 5313/5313/4620 5312/5312/4619
f 5312/5312/4619 3324/3324/3012 5315/5315/4612
f 5312/5312/4619 5311/5311/4618 3324/3324/3012
f 5311/5311/4618 3325/3325/3013 3324/3324/3012
f 5311/5311/4618 5310/5310/4617 3325/3325/3013
f 5309/5309/4616 3325/3325/3013 5310/5310/4617
f 5316/5316/4622 5317/5317/4623 5318/5318/4624
f 5316/5316/4622 5319/5319/4625 5317/5317/4623
f 5320/5320/4626 5317/5317/4623 5319/5319/4625
f 5320/5320/4626 5319/5319/4625 5321/5321/2974
f 5322/5322/4627 5316/5316/4622 5318/5318/4624
f 5322/5322/4627 5318/5318/4624 5317/5317/4623
f 5322/5322/4627 5317/5317/4623 5323/5323/4628
f 5320/5320/4626 5323/5323/4628 5317/5317/4623
f 5320/5320/4626 3084/3084/2802 5323/5323/4628
f 5324/5324/2509 5321/5321/2974 5319/5319/4625
f 5324/5324/2509 5319/5319/4625 5325/5325/2510
f 5316/5316/4622 5325/5325/2510 5319/5319/4625
f 5316/5316/4622 5326/5326/2511 5325/5325/2510
f 5327/5327/4629 5326/5326/2511 5316/5316/4622
f 5322/5322/4627 5327/5327/4629 5316/5316/4622
f 5322/5322/4627 5328/5328/4630 5327/5327/4629
f 5322/5322/4627 5323/5323/4628 5328/5328/4630
f 3083/3083/2493 5328/5328/4630 5323/5323/4628
f 3083/3083/2493 5323/5323/4628 3084/3084/2802
f 3096/3096/2814 5329/5329/4631 3095/3095/2813
f 3096/3096/2814 5330/5330/4632 5329/5329/4631
f 5331/5331/4633 5329/5329/4631 5330/5330/4632
f 5331/5331/4633 5330/5330/4632 5332/5332/4634
f 5333/5333/4635 5331/5331/4633 5332/5332/4634
f 5333/5333/4635 5332/5332/4634 5330/5330/4632
f 5333/5333/4635 5330/5330/4632 5334/5334/4636
f 3096/3096/2814 5334/5334/4636 5330/5330/4632
f 3096/3096/2814 5321/5321/2974 5334/5334/4636
f 5324/5324/2509 5334/5334/4636 5321/5321/2974
f 5335/5335/2527 3108/3108/2536 3102/3102/2818
f 5335/5335/2527 3102/3102/2818 3095/3095/2813
f 5335/5335/2527 3095/3095/2813 5329/5329/4631
f 5335/5335/2527 5329/5329/4631 5336/5336/2526
f 5331/5331/4633 5336/5336/2526 5329/5329/4631
f 5331/5331/4633 5337/5337/2234 5336/5336/2526
f 5338/5338/2524 5337/5337/2234 5331/5331/4633
f 5333/5333/4635 5338/5338/2524 5331/5331/4633
f 5333/5333/4635 5339/5339/2523 5338/5338/2524
f 5333/5333/4635 5334/5334/4636 5339/5339/2523
f 5324/5324/2509 5339/5339/2523 5334/5334/4636
f 5340/5340/4637 5341/5341/4638 5342/5342/4639
f 5343/5343/4640 5344/5344/4641 5345/5345/4642
f 5343/5343/4640 5345/5345/4642 5346/5346/4643
f 5345/5345/4642 5347/5347/4644 5346/5346/4643
f 5345/5345/4642 5348/5348/4645 5347/5347/4644
f 5348/5348/4645 5340/5340/4637 5347/5347/4644
f 5348/5348/4645 5349/5349/4646 5340/5340/4637
f 5340/5340/4637 5349/5349/4646 5341/5341/4638
f 5349/5349/4646 5350/5350/4647 5341/5341/4638
f 5349/5349/4646 5351/5351/4648 5350/5350/4647
f 5351/5351/4648 5352/5352/4649 5350/5350/4647
f 5351/5351/4648 5353/5353/4650 5352/5352/4649
f 5352/5352/4649 5353/5353/4650 5354/5354/4651
f 5353/5353/4650 5355/5355/4652 5354/5354/4651
f 5353/5353/4650 5356/5356/4653 5355/5355/4652
f 5353/5353/4650 5351/5351/4648 5356/5356/4653
f 5351/5351/4648 5348/5348/4645 5356/5356/4653
f 5351/5351/4648 5349/5349/4646 5348/5348/4645
f 5357/5357/4654 5356/5356/4653 5358/5358/4655
f 5358/5358/4655 5356/5356/4653 5348/5348/4645
f 5358/5358/4655 5348/5348/4645 5345/5345/4642
f 5344/5344/4641 5358/5358/4655 5345/5345/4642
f 5344/5344/4641 5359/5359/4656 5358/5358/4655
f 5359/5359/4656 5357/5357/4654 5358/5358/4655
f 5359/5359/4656 5360/5360/4657 5357/5357/4654
f 5357/5357/4654 5355/5355/4652 5356/5356/4653
f 5354/5354/4651 5355/5355/4652 5357/5357/4654
f 5357/5357/4654 5360/5360/4657 5354/5354/4651
f 5360/5360/4657 5361/5361/4658 5354/5354/4651
f 5362/5362/4647 5361/5361/4658 5360/5360/4657
f 5362/5362/4647 5360/5360/4657 5359/5359/4656
f 5363/5363/4638 5362/5362/4647 5359/5359/4656
f 5363/5363/4638 5359/5359/4656 5344/5344/4641
f 5364/5364/4639 5363/5363/4638 5344/5344/4641
f 5364/5364/4639 5344/5344/4641 5343/5343/4640
f 5365/5365/4659 5366/5366/4660 5367/5367/4661
f 5368/5368/4662 5369/5369/4663 5370/5370/4664
f 5368/5368/4662 5370/5370/4664 5371/5371/4665
f 5370/5370/4664 5372/5372/4666 5371/5371/4665
f 5370/5370/4664 5373/5373/4667 5372/5372/4666
f 5373/5373/4667 5365/5365/4659 5372/5372/4666
f 5373/5373/4667 5374/5374/4668 5365/5365/4659
f 5365/5365/4659 5374/5374/4668 5366/5366/4660
f 5374/5374/4668 5375/5375/4669 5366/5366/4660
f 5374/5374/4668 5376/5376/4670 5375/5375/4669
f 5376/5376/4670 5377/5377/4671 5375/5375/4669
f 5376/5376/4670 5378/5378/4672 5377/5377/4671
f 5377/5377/4671 5378/5378/4672 5379/5379/4673
f 5378/5378/4672 5380/5380/4674 5379/5379/4673
f 5378/5378/4672 5381/5381/4675 5380/5380/4674
f 5378/5378/4672 5376/5376/4670 5381/5381/4675
f 5376/5376/4670 5373/5373/4667 5381/5381/4675
f 5376/5376/4670 5374/5374/4668 5373/5373/4667
f 5382/5382/4676 5381/5381/4675 5383/5383/4677
f 5383/5383/4677 5381/5381/4675 5373/5373/4667
f 5383/5383/4677 5373/5373/4667 5370/5370/4664
f 5369/5369/4663 5383/5383/4677 5370/5370/4664
f 5369/5369/4663 5384/5384/4678 5383/5383/4677
f 5384/5384/4678 5382/5382/4676 5383/5383/4677
f 5384/5384/4678 5385/5385/4679 5382/5382/4676
f 5382/5382/4676 5380/5380/4674 5381/5381/4675
f 5379/5379/4673 5380/5380/4674 5382/5382/4676
f 5382/5382/4676 5385/5385/4679 5379/5379/4673
f 5385/5385/4679 5386/5386/4680 5379/5379/4673
f 5387/5387/4669 5386/5386/4680 5385/5385/4679
f 5387/5387/4669 5385/5385/4679 5384/5384/4678
f 5388/5388/4681 5387/5387/4669 5384/5384/4678
f 5388/5388/4681 5384/5384/4678 5369/5369/4663
f 5389/5389/4682 5388/5388/4681 5369/5369/4663
f 5389/5389/4682 5369/5369/4663 5368/5368/4662
f 5390/5390/4683 5391/5391/4684 5392/5392/4685
f 5392/5392/4685 5391/5391/4684 5393/5393/4065
f 5392/5392/4685 5393/5393/4065 5394/5394/4057
f 5392/5392/4685 5394/5394/4057 4651/4651/4127
f 5392/5392/4685 4651/4651/4127 4648/4648/1976
f 4649/4649/4125 5392/5392/4685 4648/4648/1976
f 4649/4649/4125 5390/5390/4683 5392/5392/4685
f 4628/4628/4107 5390/5390/4683 4649/4649/4125
f 4628/4628/4107 4630/4630/4109 5390/5390/4683
f 5390/5390/4683 4630/4630/4109 5391/5391/4684
f 4630/4630/4109 5395/5395/4686 5391/5391/4684
f 5395/5395/4686 5393/5393/4065 5391/5391/4684
f 5395/5395/4686 5396/5396/4066 5393/5393/4065
f 5396/5396/4066 5395/5395/4686 5397/5397/4687
f 5396/5396/4066 5397/5397/4687 5398/5398/4688
f 5399/5399/4075 5396/5396/4066 5398/5398/4688
f 4629/4629/4108 4632/4632/4111 4630/4630/4109
f 4630/4630/4109 4632/4632/4111 5395/5395/4686
f 5395/5395/4686 4632/4632/4111 4634/4634/4113
f 5395/5395/4686 4634/4634/4113 5397/5397/4687
f 3537/3537/3195 5397/5397/4687 4634/4634/4113
f 5398/5398/4688 5397/5397/4687 3537/3537/3195
f 5398/5398/4688 3537/3537/3195 3539/3539/3197
f 3547/3547/3203 5398/5398/4688 3539/3539/3197
f 5399/5399/4075 5398/5398/4688 3547/3547/3203
f 3549/3549/3205 5399/5399/4075 3547/3547/3203
f 3768/3768/3413 3770/3770/3415 3867/3867/3490
f 3771/3771/3416 3768/3768/3413 3867/3867/3490
f 3771/3771/3416 3867/3867/3490 3866/3866/3489
f 3850/3850/3482 3771/3771/3416 3866/3866/3489
f 3850/3850/3482 3840/3840/3472 3771/3771/3416
f 3840/3840/3472 3766/3766/3411 3771/3771/3416
f 3840/3840/3472 3724/3724/3372 3766/3766/3411
f 3724/3724/3372 3758/3758/3403 3766/3766/3411
f 3724/3724/3372 3731/3731/3379 3758/3758/3403
f 3739/3739/3387 3758/3758/3403 3731/3731/3379
f 5400/5400/2558 5401/5401/4689 5402/5402/2559
f 5401/5401/4689 5403/5403/2933 5402/5402/2559
f 5401/5401/4689 5404/5404/4690 5403/5403/2933
f 5404/5404/4690 3066/3066/2791 5403/5403/2933
f 5404/5404/4690 3064/3064/2789 3066/3066/2791
f 5405/5405/4691 3064/3064/2789 5404/5404/4690
f 5405/5405/4691 3063/3063/2788 3064/3064/2789
f 5406/5406/4692 3063/3063/2788 5405/5405/4691
f 5406/5406/4692 5405/5405/4691 5407/5407/4693
f 5406/5406/4692 5407/5407/4693 5408/5408/4694
f 5405/5405/4691 5404/5404/4690 5401/5401/4689
f 5405/5405/4691 5401/5401/4689 5407/5407/4693
f 5400/5400/2558 5407/5407/4693 5401/5401/4689
f 5400/5400/2558 5408/5408/4694 5407/5407/4693
f 5409/5409/2852 5408/5408/4694 5400/5400/2558
f 5409/5409/2852 5406/5406/4692 5408/5408/4694
f 5406/5406/4692 5409/5409/2852 3244/3244/2548
f 5406/5406/4692 3244/3244/2548 3247/3247/2946
f 5406/5406/4692 3247/3247/2946 3063/3063/2788
f 3054/3054/2779 3063/3063/2788 3247/3247/2946
f 2597/2597/2343 2591/2591/2338 2592/2592/2339
f 2592/2592/2339 2680/2680/2425 2597/2597/2343
f 2597/2597/2343 2680/2680/2425 2599/2599/2345
f 2680/2680/2425 2674/2674/2419 2599/2599/2345
f 2599/2599/2345 2674/2674/2419 2644/2644/2389
f 2674/2674/2419 2668/2668/2413 2644/2644/2389
f 2644/2644/2389 2668/2668/2413 2645/2645/2390
f 2669/2669/2414 2645/2645/2390 2668/2668/2413
f 2646/2646/2391 2645/2645/2390 2669/2669/2414
f 2656/2656/2401 2646/2646/2391 2669/2669/2414
f 3414/3414/3095 2703/2703/2448 5410/5410/3146
f 5410/5410/3146 2703/2703/2448 2706/2706/2451
f 5410/5410/3146 2706/2706/2451 5411/5411/3141
f 5411/5411/3141 2706/2706/2451 2708/2708/2453
f 5411/5411/3141 2708/2708/2453 5412/5412/3133
f 2710/2710/2455 5412/5412/3133 2708/2708/2453
f 2710/2710/2455 5413/5413/4695 5412/5412/3133
f 2712/2712/2457 5413/5413/4695 2710/2710/2455
f 5414/5414/3135 5413/5413/4695 2712/2712/2457
f 2712/2712/2457 2716/2716/2461 5414/5414/3135
f 2521/2521/2268 2522/2522/2269 2526/2526/2273
f 2521/2521/2268 2526/2526/2273 2609/2609/2355
f 2609/2609/2355 2617/2617/2362 2521/2521/2268
f 2521/2521/2268 2617/2617/2362 2520/2520/2267
f 2613/2613/2359 2520/2520/2267 2617/2617/2362
f 2493/2493/2240 2520/2520/2267 2613/2613/2359
f 2520/2520/2267 2493/2493/2240 2517/2517/2264
f 2493/2493/2240 2495/2495/2242 2517/2517/2264
f 2504/2504/2251 2517/2517/2264 2495/2495/2242
f 2504/2504/2251 2495/2495/2242 2500/2500/2247
