# Blender v2.79 (sub 0) OBJ File: ''
# www.blender.org
mtllib SpiritVent.mtl
o mesh_104
v 0.479663 0.101072 -0.029660
v 0.247663 0.101072 0.279218
v 0.431299 0.101072 0.266280
v 0.247663 0.101072 0.279218
v 0.214763 0.101072 0.415688
v 0.247663 0.101072 0.279218
v -0.096882 0.101072 0.477290
v -0.113730 0.101072 0.304679
v -0.306534 0.101072 0.318263
v -0.069212 0.101072 -0.445998
v -0.101754 0.101072 -0.292317
v 0.174887 0.101072 -0.440052
v 0.210665 0.101072 -0.285063
v 0.384539 0.101072 -0.281026
v 0.210665 0.101072 -0.285063
v 0.479663 0.101072 -0.029660
v 0.249505 0.101072 -0.034854
v 0.247663 0.101072 0.279218
v 0.249505 0.101072 -0.034854
v -0.113730 0.101072 0.304679
v -0.143442 0.101072 -0.043722
v -0.306534 0.101072 0.318263
v -0.143442 0.101072 -0.043722
v -0.372711 0.101072 -0.048896
v -0.101754 0.101072 -0.292317
v -0.285748 0.101072 -0.296589
v -0.069212 0.101072 -0.445998
v -0.101754 0.101072 -0.292317
v -0.143442 0.101072 -0.043722
v 0.210665 0.101072 -0.285063
v 0.249505 0.101072 -0.034854
vt 1.000000 0.549071
vt 0.727818 0.214530
vt 0.943259 0.228542
vt 0.727818 0.214530
vt 0.689221 0.066720
vt 0.727818 0.214530
vt 0.323601 0.000000
vt 0.303834 0.186952
vt 0.077639 0.172240
vt 0.356063 1.000000
vt 0.317884 0.833551
vt 0.642439 0.993560
vt 0.684412 0.825694
vt 0.888400 0.821322
vt 0.684412 0.825694
vt 1.000000 0.549071
vt 0.729979 0.554696
vt 0.727818 0.214530
vt 0.729979 0.554696
vt 0.303834 0.186952
vt 0.268977 0.564301
vt 0.077639 0.172240
vt 0.268977 0.564301
vt 0.000000 0.569905
vt 0.317884 0.833551
vt 0.102025 0.838178
vt 0.356063 1.000000
vt 0.317884 0.833551
vt 0.268977 0.564301
vt 0.684412 0.825694
vt 0.729979 0.554696
vn 0.0000 1.0000 0.0000
vn 0.0000 0.4786 0.8780
vn 0.0000 0.5130 0.8584
vn 0.0000 0.6269 0.7791
vn 0.0000 0.8944 0.4472
vn 0.0000 1.0000 0.0002
vn 0.0000 0.6636 0.7480
vn 0.0000 0.9030 0.4296
vn 0.0000 0.7108 0.7033
vn 0.0000 0.7821 0.6231
vn 0.0000 0.8782 0.4783
usemtl 00000000303227B8.png
s 1
f 1/1/1 2/2/2 3/3/1
f 2/2/2 4/4/3 3/3/1
f 3/3/1 4/4/3 5/5/1
f 4/4/3 6/6/4 5/5/1
f 5/5/1 6/6/4 7/7/1
f 6/6/4 8/8/1 7/7/1
f 7/7/1 8/8/1 9/9/1
f 10/10/1 11/11/1 12/12/1
f 11/11/1 13/13/5 12/12/1
f 12/12/1 13/13/5 14/14/6
f 13/13/5 15/15/7 14/14/6
f 14/14/6 15/15/7 16/16/1
f 15/15/7 17/17/8 16/16/1
f 16/16/1 17/17/8 18/18/1
f 17/17/8 19/19/9 18/18/1
f 18/18/1 19/19/9 20/20/1
f 19/19/9 21/21/10 20/20/1
f 20/20/1 21/21/10 22/22/1
f 21/21/10 23/23/11 22/22/1
f 22/22/1 23/23/11 24/24/1
f 23/23/11 25/25/1 24/24/1
f 24/24/1 25/25/1 26/26/1
f 25/25/1 27/27/1 26/26/1
f 28/28/1 29/29/1 30/30/1
f 29/29/1 31/31/1 30/30/1
o mesh_103
v -0.903613 0.080412 -2.005979
v -0.728100 0.080412 -1.549104
v -0.485759 0.081460 -1.698728
v -0.894348 0.104607 -1.190610
v -0.832535 0.081460 -1.140138
v -1.371727 0.079364 -0.920275
v -1.176661 0.081460 -0.899359
v -1.439465 0.076924 -0.458450
v -1.103189 0.081460 -0.502557
v -1.170006 0.081460 -0.102238
v -1.959757 0.001176 1.101168
v -1.835232 0.042747 1.028841
v -2.135871 0.001176 0.743815
v -1.997065 0.042747 0.692590
v -2.135871 0.001176 0.743815
v -1.937129 0.042747 0.315042
v -2.071951 0.001176 0.341094
v -2.097416 0.042780 -0.417453
v -2.280494 0.001211 -0.414017
v -2.128306 0.042800 -1.058042
v -2.302090 0.001233 -1.057987
v -2.172088 0.042816 -1.549121
v -2.355340 0.001250 -1.562143
v -1.943686 0.042802 -2.136363
v -2.078945 0.001235 -2.273738
v -1.943686 0.042802 -2.136363
v -1.493586 0.001250 -2.583432
v -1.943686 0.042802 -2.136363
v -1.425639 0.042816 -2.426702
v -1.943686 0.042802 -2.136363
v -1.349472 0.080412 -2.200237
v -1.943686 0.042802 -2.136363
v -1.793508 0.080412 -2.024320
v -1.943686 0.042802 -2.136363
v -1.990556 0.079364 -1.571830
v -2.172088 0.042816 -1.549121
v -1.814519 0.079364 -1.116259
v -2.128306 0.042800 -1.058042
v -1.814519 0.079364 -1.116259
v -2.097416 0.042780 -0.417453
v -1.767722 0.075596 -0.444393
v -1.937129 0.042747 0.315042
v -1.439465 0.076924 -0.458450
v -1.638117 0.066826 0.097691
v -1.170006 0.081460 -0.102238
v -1.233415 0.069206 0.113966
v -1.170006 0.081460 -0.102238
v -1.025731 0.081460 0.606355
v -0.797192 0.081460 0.584633
v -0.348399 0.081460 1.091586
v -0.316422 0.081460 0.948904
v 0.375648 0.081460 1.106728
v 0.335195 0.081460 0.893979
v 0.830702 0.081460 0.550129
v 1.076705 0.074143 -2.050770
v 1.484215 0.074143 -2.228792
v 0.891264 0.081460 -2.170304
v 1.515706 0.042817 -2.408373
v 1.025536 0.042817 -2.433191
v 1.463626 0.074143 -0.934089
v 1.832021 0.081460 -0.288447
v 1.865590 0.074143 -1.117612
v 2.126701 0.077802 -1.015686
v 2.039767 0.074143 -1.573588
v 2.282780 0.042817 -1.785770
v 2.039767 0.074143 -1.573588
v 2.057197 0.042575 -2.179003
v 1.875407 0.066826 -2.026100
v 2.057197 0.042575 -2.179003
v 1.484215 0.074143 -2.228792
v 1.515706 0.042817 -2.408373
v 1.057031 0.074143 -1.136948
v 1.207664 0.081460 -0.849436
v 1.463626 0.074143 -0.934089
v 1.207664 0.081460 -0.849436
v 1.832021 0.081460 -0.288447
v 1.542264 0.081460 0.037557
v 1.832021 0.081460 -0.288447
v 2.156034 0.042774 0.012288
v 1.832021 0.081460 -0.288447
v 2.387800 0.042817 -0.913757
v 2.126701 0.077802 -1.015686
v 2.282780 0.042817 -1.785770
v 2.118439 0.042747 0.595028
v 2.156034 0.042774 0.012288
v 1.867189 0.070888 0.292624
v 1.542264 0.081460 0.037557
v 1.277708 0.081460 0.257564
v -1.814519 0.079364 -1.116259
v -1.767722 0.075596 -0.444393
v -1.371727 0.079364 -0.920275
v -1.439465 0.076924 -0.458450
v -0.668403 0.001176 2.161886
v -0.371621 0.001176 2.475871
v -0.343074 0.042747 2.316393
v 0.273389 0.001176 2.503056
v 0.265032 0.042747 2.341881
v 0.704819 0.001176 2.311317
v 0.632633 0.042747 2.174420
v 1.547280 0.001177 1.720344
v 1.455895 0.042747 1.608088
v 1.931678 0.001177 1.422585
v 1.816272 0.042747 1.328939
v 2.234282 0.001177 1.129361
v 2.093816 0.042747 1.084763
v 2.234282 0.001177 1.129361
v 2.118439 0.042747 0.595028
v 2.299866 0.001177 0.600422
v 2.156034 0.042774 0.012288
v 2.294090 0.001205 0.018157
v 2.387800 0.042817 -0.913757
v 2.554427 0.001251 -0.890975
v 2.282780 0.042817 -1.785770
v 2.429295 0.001251 -1.899777
v 2.057197 0.042575 -2.179003
v 2.188675 0.000993 -2.319223
v 2.057197 0.042575 -2.179003
v 1.611076 0.001251 -2.563870
v 1.515706 0.042817 -2.408373
v 1.088230 0.001251 -2.590359
v 1.025536 0.042817 -2.433191
v -0.853475 0.001250 -2.704841
v -0.874691 0.042816 -2.509802
v -1.493586 0.001250 -2.583432
v -0.874691 0.042816 -2.509802
v -1.425639 0.042816 -2.426702
v -0.661243 0.081460 -2.135748
v -1.349472 0.080412 -2.200237
v -0.661243 0.081460 -2.135748
v -0.903613 0.080412 -2.005979
v -0.661243 0.081460 -2.135748
v -0.485759 0.081460 -1.698728
v 0.726605 0.081460 -1.674681
v -0.386714 0.081460 -1.452072
v 0.632951 0.081460 -1.392789
v -0.386714 0.081460 -1.452072
v 0.549614 0.081460 -1.188951
v -0.386714 0.081460 -1.452072
v -0.300106 0.081460 -1.238352
v -0.386714 0.081460 -1.452072
v -0.769118 0.081460 -1.067664
v -0.386714 0.081460 -1.452072
v -0.832535 0.081460 -1.140138
v -0.485759 0.081460 -1.698728
v -1.658250 0.001176 1.464363
v -1.549286 0.042747 1.368102
v -1.959757 0.001176 1.101168
v -1.549286 0.042747 1.368102
v -1.835232 0.042747 1.028841
v -1.419854 0.066826 1.079346
v -0.797192 0.081460 0.584633
v -0.923480 0.081460 -0.059694
v -1.170006 0.081460 -0.102238
v -0.923480 0.081460 -0.059694
v -1.103189 0.081460 -0.502557
v -0.729118 0.081460 -0.632690
v -1.103189 0.081460 -0.502557
v -0.990802 0.081460 -0.880635
v -1.176661 0.081460 -0.899359
v -0.990802 0.081460 -0.880635
v -0.832535 0.081460 -1.140138
v -0.769118 0.081460 -1.067664
v 1.123982 0.081460 0.475837
v 0.970253 0.081460 0.694109
v 1.097393 0.066826 0.889186
v 0.439714 0.066826 1.558346
v 1.097393 0.066826 0.889186
v 0.484496 0.066826 1.940499
v 1.340124 0.066826 1.292765
v 1.455895 0.042747 1.608088
v 1.816272 0.042747 1.328939
v -0.874691 0.042816 -2.509802
v -0.661243 0.081460 -2.135748
v 1.025536 0.042817 -2.433191
v -0.661243 0.081460 -2.135748
v 0.891264 0.081460 -2.170304
v 0.726605 0.081460 -1.674681
v 1.076705 0.074143 -2.050770
v 0.726605 0.081460 -1.674681
v 0.901171 0.074143 -1.596591
v 0.726605 0.081460 -1.674681
v 1.057031 0.074143 -1.136948
v 0.632951 0.081460 -1.392789
v 1.207664 0.081460 -0.849436
v 0.549614 0.081460 -1.188951
v 1.207664 0.081460 -0.849436
v 1.119956 0.081460 -0.770656
v 1.207664 0.081460 -0.849436
v 1.281292 0.081460 -0.185870
v 1.542264 0.081460 0.037557
v 1.039883 0.081460 -0.053217
v 1.277708 0.081460 0.257564
v 0.916279 0.081460 0.303297
v 1.123982 0.081460 0.475837
v 0.916279 0.081460 0.303297
v 0.970253 0.081460 0.694109
v 0.830702 0.081460 0.550129
v 0.970253 0.081460 0.694109
v 0.375648 0.081460 1.106728
v 0.439714 0.066826 1.558346
v 0.375648 0.081460 1.106728
v 0.162605 0.066826 1.272673
v -0.348399 0.081460 1.091586
v -0.183323 0.066826 1.250819
v -0.348399 0.081460 1.091586
v -0.451178 0.066826 1.505585
v -1.025731 0.081460 0.606355
v -0.451178 0.066826 1.505585
v -1.120834 0.066826 0.861998
v -0.451178 0.066826 1.505585
v -1.419854 0.066826 1.079346
v -0.460962 0.066826 1.887743
v -1.549286 0.042747 1.368102
v -0.621307 0.042747 2.022039
v -1.658250 0.001176 1.464363
v -0.621307 0.042747 2.022039
v -0.668403 0.001176 2.161886
v -0.621307 0.042747 2.022039
v -0.343074 0.042747 2.316393
v -0.460962 0.066826 1.887743
v -0.343074 0.042747 2.316393
v -0.206943 0.066826 2.173419
v 0.265032 0.042747 2.341881
v 0.216641 0.066826 2.195268
v 0.632633 0.042747 2.174420
v 0.484496 0.066826 1.940499
v 1.455895 0.042747 1.608088
vt 0.144405 1.455733
vt 0.206620 1.226530
vt 0.292525 1.301593
vt 0.147690 1.046683
vt 0.169601 1.021363
vt -0.021530 0.911063
vt 0.047617 0.900570
vt -0.045541 0.679377
vt 0.073661 0.701504
vt 0.049976 0.500675
vt -0.229972 -0.103043
vt -0.185831 -0.066759
vt -0.292400 0.076231
vt -0.243197 0.101930
vt -0.292400 0.076231
vt -0.221951 0.291336
vt -0.269742 0.278267
vt -0.278769 0.658810
vt -0.343665 0.657086
vt -0.289719 0.980177
vt -0.351320 0.980150
vt -0.305238 1.226539
vt -0.370197 1.233072
vt -0.224275 1.521143
vt -0.272221 1.590061
vt -0.224275 1.521143
vt -0.064726 1.745426
vt -0.224275 1.521143
vt -0.040640 1.666799
vt -0.224275 1.521143
vt -0.013641 1.553187
vt -0.224275 1.521143
vt -0.171041 1.464934
vt -0.224275 1.521143
vt -0.240889 1.237932
vt -0.305238 1.226539
vt -0.178488 1.009383
vt -0.289719 0.980177
vt -0.178488 1.009383
vt -0.278769 0.658810
vt -0.161900 0.672325
vt -0.221951 0.291336
vt -0.045541 0.679377
vt -0.115958 0.400375
vt 0.049976 0.500675
vt 0.027499 0.392211
vt 0.049976 0.500675
vt 0.101118 0.145192
vt 0.182129 0.156089
vt 0.341215 -0.098236
vt 0.352550 -0.026656
vt 0.597872 -0.105833
vt 0.583533 0.000898
vt 0.759178 0.173399
vt 0.846380 1.478203
vt 0.990833 1.567512
vt 0.780646 1.538170
vt 1.001995 1.657604
vt 0.828242 1.670054
vt 0.983534 0.917993
vt 1.114121 0.594091
vt 1.126021 1.010062
vt 1.218578 0.958928
vt 1.187762 1.238813
vt 1.273904 1.345260
vt 1.187762 1.238813
vt 1.193941 1.542535
vt 1.129501 1.465827
vt 1.193941 1.542535
vt 0.990833 1.567512
vt 1.001995 1.657604
vt 0.839406 1.019762
vt 0.892802 0.875525
vt 0.983534 0.917993
vt 0.892802 0.875525
vt 1.114121 0.594091
vt 1.011409 0.430543
vt 1.114121 0.594091
vt 1.228976 0.443220
vt 1.114121 0.594091
vt 1.311132 0.907793
vt 1.218578 0.958928
vt 1.273904 1.345260
vt 1.215649 0.150874
vt 1.228976 0.443220
vt 1.126587 0.302583
vt 1.011409 0.430543
vt 0.917631 0.320171
vt -0.178488 1.009383
vt -0.161900 0.672325
vt -0.021530 0.911063
vt -0.045541 0.679377
vt 0.227782 -0.635178
vt 0.332984 -0.792696
vt 0.343103 -0.712691
vt 0.561624 -0.806334
vt 0.558662 -0.725477
vt 0.714556 -0.710145
vt 0.688967 -0.641466
vt 1.013188 -0.413668
vt 0.980794 -0.357352
vt 1.149447 -0.264290
vt 1.108539 -0.217310
vt 1.256713 -0.117187
vt 1.206921 -0.094813
vt 1.256713 -0.117187
vt 1.215649 0.150874
vt 1.279961 0.148168
vt 1.228976 0.443220
vt 1.277914 0.440276
vt 1.311132 0.907793
vt 1.370197 0.896364
vt 1.273904 1.345260
vt 1.325840 1.402454
vt 1.193941 1.542535
vt 1.240546 1.612879
vt 1.193941 1.542535
vt 1.035802 1.735613
vt 1.001995 1.657604
vt 0.850465 1.748901
vt 0.828242 1.670054
vt 0.162178 1.806334
vt 0.154658 1.708488
vt -0.064726 1.745426
vt 0.154658 1.708488
vt -0.040640 1.666799
vt 0.230320 1.520835
vt -0.013641 1.553187
vt 0.230320 1.520835
vt 0.144405 1.455733
vt 0.230320 1.520835
vt 0.292525 1.301593
vt 0.722278 1.289529
vt 0.327634 1.177852
vt 0.689080 1.148111
vt 0.327634 1.177852
vt 0.659539 1.045851
vt 0.327634 1.177852
vt 0.358334 1.070634
vt 0.327634 1.177852
vt 0.192081 0.985004
vt 0.327634 1.177852
vt 0.169601 1.021363
vt 0.292525 1.301593
vt -0.123095 -0.285249
vt -0.084470 -0.236957
vt -0.229972 -0.103043
vt -0.084470 -0.236957
vt -0.185831 -0.066759
vt -0.038589 -0.092096
vt 0.182129 0.156089
vt 0.137363 0.479332
vt 0.049976 0.500675
vt 0.137363 0.479332
vt 0.073661 0.701504
vt 0.206259 0.766789
vt 0.073661 0.701504
vt 0.113499 0.891177
vt 0.047617 0.900570
vt 0.113499 0.891177
vt 0.169601 1.021363
vt 0.192081 0.985004
vt 0.863138 0.210669
vt 0.808645 0.101168
vt 0.853714 0.003302
vt 0.620582 -0.332398
vt 0.853714 0.003302
vt 0.636456 -0.524114
vt 0.939756 -0.199162
vt 0.980794 -0.357352
vt 1.108539 -0.217310
vt 0.154658 1.708488
vt 0.230320 1.520835
vt 0.828242 1.670054
vt 0.230320 1.520835
vt 0.780646 1.538170
vt 0.722278 1.289529
vt 0.846380 1.478203
vt 0.722278 1.289529
vt 0.784158 1.250353
vt 0.722278 1.289529
vt 0.839406 1.019762
vt 0.689080 1.148111
vt 0.892802 0.875525
vt 0.659539 1.045851
vt 0.892802 0.875525
vt 0.861711 0.836003
vt 0.892802 0.875525
vt 0.918901 0.542631
vt 1.011409 0.430543
vt 0.833328 0.476082
vt 0.917631 0.320171
vt 0.789513 0.297228
vt 0.863138 0.210669
vt 0.789513 0.297228
vt 0.808645 0.101168
vt 0.759178 0.173399
vt 0.808645 0.101168
vt 0.597872 -0.105833
vt 0.620582 -0.332398
vt 0.597872 -0.105833
vt 0.522354 -0.189083
vt 0.341215 -0.098236
vt 0.399731 -0.178119
vt 0.341215 -0.098236
vt 0.304783 -0.305929
vt 0.101118 0.145192
vt 0.304783 -0.305929
vt 0.067406 0.016942
vt 0.304783 -0.305929
vt -0.038589 -0.092096
vt 0.301314 -0.497648
vt -0.084470 -0.236957
vt 0.244476 -0.565021
vt -0.123095 -0.285249
vt 0.244476 -0.565021
vt 0.227782 -0.635178
vt 0.244476 -0.565021
vt 0.343103 -0.712691
vt 0.301314 -0.497648
vt 0.343103 -0.712691
vt 0.391358 -0.640964
vt 0.558662 -0.725477
vt 0.541508 -0.651925
vt 0.688967 -0.641466
vt 0.636456 -0.524114
vt 0.980794 -0.357352
vn -0.0035 1.0000 0.0013
vn -0.0428 0.9971 -0.0623
vn 0.0025 0.9999 -0.0077
vn 0.1572 0.9653 0.2085
vn 0.1712 0.9659 0.1939
vn -0.0031 0.9998 0.0174
vn -0.0104 0.9999 -0.0061
vn -0.0131 0.9999 0.0005
vn -0.0134 0.9999 0.0002
vn -0.0138 0.9999 -0.0023
vn -0.2493 0.9606 0.1229
vn -0.2483 0.9610 0.1217
vn -0.1588 0.6215 0.7671
vn -0.2779 0.9602 0.0261
vn -0.1756 0.5520 0.8151
vn -0.2923 0.9562 0.0131
vn -0.2898 0.9571 0.0029
vn -0.2243 0.9738 0.0375
vn -0.2217 0.9745 0.0332
vn -0.2315 0.9727 0.0143
vn -0.2315 0.9727 0.0149
vn -0.2199 0.9750 -0.0323
vn -0.2192 0.9753 -0.0276
vn -0.1754 0.7958 0.5796
vn -0.1561 0.9774 -0.1420
vn -0.0495 0.4700 0.8813
vn -0.1134 0.9722 -0.2046
vn -0.0104 0.0875 0.9961
vn -0.0986 0.9794 -0.1759
vn -0.0101 0.1296 0.9915
vn -0.0786 0.9854 -0.1505
vn -0.0207 0.2387 0.9709
vn -0.1318 0.9795 -0.1521
vn -0.1271 0.6514 0.7479
vn -0.1968 0.9804 -0.0093
vn -0.1793 0.9838 -0.0030
vn -0.0860 0.6479 0.7568
vn -0.1143 0.9934 0.0077
vn -0.0742 0.6733 0.7356
vn -0.1001 0.9948 0.0157
vn -0.0604 0.9978 0.0267
vn -0.0663 0.9977 0.0164
vn -0.0231 0.9995 0.0210
vn -0.0674 0.9977 -0.0014
vn -0.0160 0.8043 0.5940
vn -0.0686 0.9969 0.0363
vn -0.0314 0.4429 0.8960
vn -0.0087 0.9999 0.0018
vn 0.0000 1.0000 0.0000
vn 0.0159 0.9992 0.0364
vn -0.0018 0.9898 -0.1426
vn 0.0088 0.9971 -0.0757
vn -0.0014 0.9865 -0.1638
vn 0.0072 0.9898 -0.1418
vn -0.0041 0.9999 -0.0090
vn -0.0065 0.9999 -0.0091
vn -0.0093 0.9999 -0.0073
vn 0.0032 0.9999 -0.0093
vn 0.0732 0.8643 0.4975
vn 0.0912 0.9949 -0.0424
vn 0.0542 0.6195 0.7831
vn 0.0604 0.6769 0.7336
vn 0.0765 0.9948 -0.0667
vn 0.0387 0.6008 0.7984
vn 0.0669 0.9873 -0.1439
vn 0.0681 0.9848 -0.1598
vn 0.0172 0.9992 -0.0344
vn 0.0129 0.7534 0.6574
vn 0.0197 0.9994 -0.0267
vn 0.0101 0.7031 0.7110
vn 0.0027 0.7716 0.6361
vn 0.0277 0.9993 0.0247
vn 0.0282 0.4308 0.9020
vn 0.0832 0.9958 0.0387
vn 0.0765 0.7616 0.6435
vn 0.1219 0.9924 0.0161
vn 0.1284 0.9916 0.0114
vn 0.1392 0.9901 -0.0168
vn 0.1033 0.9946 0.0067
vn 0.0825 0.9965 -0.0149
vn 0.0720 0.9973 -0.0100
vn 0.0294 0.9995 0.0039
vn 0.0167 0.9996 0.0201
vn -0.0025 1.0000 0.0058
vn -0.0032 1.0000 0.0052
vn -0.0029 1.0000 0.0055
vn -0.0038 1.0000 0.0047
vn -0.2209 0.9527 0.2088
vn -0.0951 0.9673 0.2351
vn -0.1193 0.9658 0.2304
vn 0.0430 0.9679 0.2474
vn 0.0533 0.9677 0.2461
vn 0.1285 0.9655 0.2263
vn 0.1296 0.9655 0.2257
vn 0.1628 0.9613 0.2223
vn 0.1628 0.9610 0.2233
vn 0.1800 0.9620 0.2052
vn 0.1794 0.9608 0.2116
vn 0.1047 0.4968 0.8615
vn 0.2422 0.9610 0.1331
vn 0.1747 0.6343 0.7530
vn 0.2277 0.9735 0.0199
vn 0.2279 0.9734 0.0195
vn 0.2801 0.9594 0.0334
vn 0.2839 0.9582 0.0359
vn 0.2421 0.9701 0.0168
vn 0.2396 0.9706 0.0204
vn 0.2263 0.9720 -0.0631
vn 0.2138 0.9736 -0.0802
vn 0.1546 0.7894 0.5940
vn 0.1409 0.9774 -0.1577
vn 0.0761 0.8437 0.5313
vn 0.0588 0.9728 -0.2239
vn 0.0435 0.9715 -0.2330
vn 0.0135 0.9680 -0.2506
vn 0.0137 0.9684 -0.2490
vn -0.0129 0.9774 -0.2111
vn -0.0159 0.9545 0.2976
vn -0.0373 0.9713 -0.2347
vn -0.0147 0.8570 0.5152
vn -0.0190 0.9799 -0.1982
vn -0.0034 0.5475 0.8368
vn 0.0121 0.9894 -0.1446
vn -0.0003 0.1829 0.9831
vn -0.0025 1.0000 0.0034
vn -0.0018 0.8287 0.5596
vn -0.0005 1.0000 0.0002
vn 0.0000 0.7880 0.6156
vn 0.0000 1.0000 0.0002
vn 0.0000 0.0685 0.9976
vn 0.0000 0.2787 0.9604
vn 0.0000 0.3484 0.9373
vn 0.0000 0.7829 0.6221
vn -0.2116 0.9614 0.1757
vn -0.1239 0.5629 0.8171
vn -0.2143 0.9600 0.1800
vn -0.0626 0.6406 0.7653
vn -0.1703 0.9749 0.1435
vn -0.0643 0.9964 0.0542
vn 0.0000 0.7764 0.6302
vn 0.0000 1.0000 0.0001
vn 0.0000 0.7397 0.6729
vn 0.0000 0.7967 0.6043
vn 0.0000 0.6703 0.7420
vn 0.0000 0.8451 0.5345
vn 0.0000 0.8303 0.5573
vn 0.0552 0.9977 0.0389
vn 0.0517 0.9978 0.0411
vn 0.0397 0.8218 0.5684
vn 0.0042 1.0000 0.0041
vn 0.0000 0.6428 0.7660
vn 0.0106 0.9998 0.0140
vn 0.0269 0.9990 0.0351
vn 0.0455 0.9972 0.0595
vn 0.0459 0.9972 0.0593
vn 0.0042 0.9944 -0.1051
vn 0.0034 0.8112 0.5847
vn -0.0018 0.9903 -0.1392
vn -0.0003 0.3047 0.9524
vn 0.0078 0.9980 -0.0629
vn 0.0055 0.7855 0.6188
vn 0.0331 0.9994 0.0114
vn 0.0131 0.3655 0.9307
vn 0.0439 0.9990 -0.0046
vn 0.0196 0.6846 0.7286
vn 0.0429 0.9983 -0.0400
vn 0.0112 0.9999 -0.0007
vn 0.0094 0.3663 0.9304
vn 0.0000 0.3589 0.9333
vn 0.0000 0.6070 0.7947
vn 0.0000 0.7756 0.6312
vn 0.0000 0.6106 0.7919
vn 0.0000 0.6609 0.7505
vn 0.0035 0.7547 0.6560
vn 0.0147 0.8173 0.5760
vn -0.0079 0.9994 0.0339
vn -0.0175 0.7194 0.6943
vn -0.0161 0.9975 0.0685
vn -0.0018 0.4138 0.9104
vn 0.0131 0.9969 0.0781
vn 0.0012 0.8722 0.4892
vn 0.0035 0.6476 0.7619
vn -0.0349 0.9986 0.0385
vn -0.0030 0.0749 0.9972
vn -0.0215 0.9995 0.0225
vn 0.0000 0.8270 0.5622
vn -0.0251 0.9992 0.0298
vn -0.0396 0.9977 0.0550
vn -0.1085 0.9829 0.1487
vn -0.0551 0.7357 0.6750
vn -0.1624 0.9594 0.2305
vn -0.0715 0.4222 0.9037
vn -0.1953 0.9561 0.2184
vn -0.1149 0.7937 0.5973
vn -0.0665 0.4512 0.8900
vn -0.0854 0.9932 0.0793
vn -0.0382 0.7210 0.6918
vn -0.0423 0.9910 0.1271
vn 0.0315 0.9880 0.1513
vn 0.0280 0.9899 0.1390
vn 0.0552 0.9954 0.0778
vn 0.0551 0.9962 0.0676
vn 0.0491 0.9962 0.0714
usemtl 0000000030320AF8.png
s 1
f 32/32/12 33/33/13 34/34/14
f 33/33/13 35/35/15 34/34/14
f 34/34/14 35/35/15 36/36/16
f 35/35/15 37/37/17 36/36/16
f 36/36/16 37/37/17 38/38/18
f 37/37/17 39/39/19 38/38/18
f 38/38/18 39/39/19 40/40/20
f 39/39/19 41/41/21 40/40/20
f 42/42/22 43/43/23 44/44/24
f 43/43/23 45/45/25 44/44/24
f 44/44/24 45/45/25 46/46/26
f 45/45/25 47/47/27 46/46/26
f 46/46/26 47/47/27 48/48/28
f 47/47/27 49/49/29 48/48/28
f 48/48/28 49/49/29 50/50/30
f 49/49/29 51/51/31 50/50/30
f 50/50/30 51/51/31 52/52/32
f 51/51/31 53/53/33 52/52/32
f 52/52/32 53/53/33 54/54/34
f 53/53/33 55/55/35 54/54/34
f 54/54/34 55/55/35 56/56/36
f 55/55/35 57/57/37 56/56/36
f 56/56/36 57/57/37 58/58/38
f 57/57/37 59/59/39 58/58/38
f 58/58/38 59/59/39 60/60/40
f 59/59/39 61/61/41 60/60/40
f 60/60/40 61/61/41 62/62/42
f 61/61/41 63/63/43 62/62/42
f 62/62/42 63/63/43 64/64/44
f 63/63/43 65/65/45 64/64/44
f 64/64/44 65/65/45 66/66/46
f 65/65/45 67/67/47 66/66/46
f 66/66/46 67/67/47 68/68/48
f 67/67/47 69/69/49 68/68/48
f 68/68/48 69/69/49 70/70/50
f 69/69/49 71/71/51 70/70/50
f 70/70/50 71/71/51 72/72/52
f 71/71/51 73/73/53 72/72/52
f 72/72/52 73/73/53 74/74/54
f 73/73/53 75/75/55 74/74/54
f 74/74/54 75/75/55 76/76/56
f 75/75/55 77/77/57 76/76/56
f 76/76/56 77/77/57 78/78/58
f 77/77/57 79/79/59 78/78/58
f 78/78/58 79/79/59 80/80/60
f 79/79/59 81/81/60 80/80/60
f 80/80/60 81/81/60 82/82/60
f 81/81/60 83/83/60 82/82/60
f 82/82/60 83/83/60 84/84/60
f 83/83/60 85/85/60 84/84/60
f 86/86/61 87/87/62 88/88/63
f 87/87/62 89/89/64 88/88/63
f 88/88/63 89/89/64 90/90/65
f 91/91/66 92/92/67 93/93/68
f 92/92/67 94/94/69 93/93/68
f 93/93/68 94/94/69 95/95/70
f 94/94/69 96/96/71 95/95/70
f 95/95/70 96/96/71 97/97/72
f 96/96/71 98/98/73 97/97/72
f 97/97/72 98/98/73 99/99/74
f 98/98/73 100/100/75 99/99/74
f 99/99/74 100/100/75 101/101/76
f 100/100/75 102/102/77 101/101/76
f 103/103/78 104/104/79 105/105/80
f 104/104/79 106/106/81 105/105/80
f 105/105/80 106/106/81 107/107/82
f 106/106/81 108/108/83 107/107/82
f 107/107/82 108/108/83 109/109/84
f 108/108/83 110/110/85 109/109/84
f 109/109/84 110/110/85 111/111/86
f 110/110/85 112/112/87 111/111/86
f 111/111/86 112/112/87 113/113/88
f 112/112/87 114/114/89 113/113/88
f 115/115/90 116/116/91 117/117/92
f 116/116/91 118/118/93 117/117/92
f 117/117/92 118/118/93 119/119/94
f 120/120/95 121/121/96 122/122/97
f 121/121/96 123/123/98 122/122/97
f 124/124/99 125/125/100 126/126/101
f 125/125/100 127/127/102 126/126/101
f 126/126/101 127/127/102 128/128/103
f 127/127/102 129/129/104 128/128/103
f 128/128/103 129/129/104 130/130/105
f 129/129/104 131/131/106 130/130/105
f 130/130/105 131/131/106 132/132/107
f 131/131/106 133/133/108 132/132/107
f 132/132/107 133/133/108 134/134/109
f 133/133/108 135/135/110 134/134/109
f 134/134/109 135/135/110 136/136/111
f 135/135/110 137/137/112 136/136/111
f 136/136/111 137/137/112 138/138/113
f 137/137/112 139/139/114 138/138/113
f 138/138/113 139/139/114 140/140/115
f 139/139/114 141/141/116 140/140/115
f 140/140/115 141/141/116 142/142/117
f 141/141/116 143/143/118 142/142/117
f 142/142/117 143/143/118 144/144/119
f 143/143/118 145/145/120 144/144/119
f 144/144/119 145/145/120 146/146/121
f 145/145/120 147/147/122 146/146/121
f 146/146/121 147/147/122 148/148/123
f 147/147/122 149/149/124 148/148/123
f 148/148/123 149/149/124 150/150/125
f 149/149/124 151/151/126 150/150/125
f 150/150/125 151/151/126 152/152/127
f 151/151/126 153/153/128 152/152/127
f 152/152/127 153/153/128 154/154/129
f 153/153/128 155/155/130 154/154/129
f 154/154/129 155/155/130 156/156/131
f 155/155/130 157/157/132 156/156/131
f 156/156/131 157/157/132 158/158/133
f 157/157/132 159/159/134 158/158/133
f 158/158/133 159/159/134 160/160/135
f 159/159/134 161/161/136 160/160/135
f 160/160/135 161/161/136 162/162/137
f 161/161/136 163/163/138 162/162/137
f 162/162/137 163/163/138 164/164/60
f 163/163/138 165/165/139 164/164/60
f 164/164/60 165/165/139 166/166/140
f 165/165/139 167/167/141 166/166/140
f 166/166/140 167/167/141 168/168/60
f 167/167/141 169/169/142 168/168/60
f 168/168/60 169/169/142 170/170/60
f 169/169/142 171/171/143 170/170/60
f 170/170/60 171/171/143 172/172/60
f 171/171/143 173/173/144 172/172/60
f 172/172/60 173/173/144 174/174/60
f 173/173/144 175/175/60 174/174/60
f 176/176/145 177/177/146 178/178/147
f 177/177/146 179/179/148 178/178/147
f 178/178/147 179/179/148 180/180/149
f 179/179/148 181/181/150 180/180/149
f 182/182/60 183/183/151 184/184/152
f 183/183/151 185/185/153 184/184/152
f 184/184/152 185/185/153 186/186/154
f 185/185/153 187/187/140 186/186/154
f 186/186/154 187/187/140 188/188/155
f 187/187/140 189/189/156 188/188/155
f 188/188/155 189/189/156 190/190/60
f 189/189/156 191/191/157 190/190/60
f 190/190/60 191/191/157 192/192/60
f 191/191/157 193/193/60 192/192/60
f 194/194/158 195/195/159 196/196/160
f 195/195/159 197/197/161 196/196/160
f 196/196/160 197/197/161 198/198/162
f 197/197/161 199/199/163 198/198/162
f 198/198/162 199/199/163 200/200/164
f 199/199/163 201/201/165 200/200/164
f 200/200/164 201/201/165 202/202/166
f 203/203/167 204/204/168 205/205/169
f 204/204/168 206/206/170 205/205/169
f 205/205/169 206/206/170 207/207/171
f 206/206/170 208/208/172 207/207/171
f 207/207/171 208/208/172 209/209/173
f 208/208/172 210/210/174 209/209/173
f 209/209/173 210/210/174 211/211/175
f 210/210/174 212/212/176 211/211/175
f 211/211/175 212/212/176 213/213/177
f 212/212/176 214/214/178 213/213/177
f 213/213/177 214/214/178 215/215/179
f 214/214/178 216/216/60 215/215/179
f 215/215/179 216/216/60 217/217/180
f 216/216/60 218/218/60 217/217/180
f 217/217/180 218/218/60 219/219/181
f 218/218/60 220/220/60 219/219/181
f 219/219/181 220/220/60 221/221/60
f 220/220/60 222/222/60 221/221/60
f 221/221/60 222/222/60 223/223/60
f 222/222/60 224/224/182 223/223/60
f 223/223/60 224/224/182 225/225/60
f 224/224/182 226/226/183 225/225/60
f 225/225/60 226/226/183 227/227/184
f 226/226/183 228/228/60 227/227/184
f 227/227/184 228/228/60 229/229/185
f 228/228/60 230/230/186 229/229/185
f 229/229/185 230/230/186 231/231/187
f 230/230/186 232/232/188 231/231/187
f 231/231/187 232/232/188 233/233/189
f 232/232/188 234/234/190 233/233/189
f 233/233/189 234/234/190 235/235/191
f 234/234/190 236/236/192 235/235/191
f 235/235/191 236/236/192 237/237/193
f 236/236/192 238/238/194 237/237/193
f 237/237/193 238/238/194 239/239/195
f 238/238/194 240/240/196 239/239/195
f 239/239/195 240/240/196 241/241/197
f 240/240/196 242/242/198 241/241/197
f 241/241/197 242/242/198 243/243/199
f 242/242/198 244/244/200 243/243/199
f 243/243/199 244/244/200 245/245/201
f 244/244/200 246/246/202 245/245/201
f 245/245/201 246/246/202 247/247/203
f 246/246/202 248/248/204 247/247/203
f 247/247/203 248/248/204 249/249/205
f 248/248/204 250/250/206 249/249/205
f 249/249/205 250/250/206 251/251/207
f 250/250/206 252/252/208 251/251/207
f 251/251/207 252/252/208 253/253/209
f 252/252/208 254/254/210 253/253/209
f 253/253/209 254/254/210 255/255/211
f 254/254/210 256/256/212 255/255/211
f 255/255/211 256/256/212 257/257/213
f 256/256/212 258/258/214 257/257/213
o mesh_102
v 1.479329 3.591729 -1.311255
v 1.926934 3.536973 -1.173701
v 1.482130 3.742948 -1.368432
v 1.926934 3.536973 -1.173701
v 1.936404 3.685371 -1.280525
v 2.329224 3.482220 -1.403309
v 2.273583 3.639743 -1.472910
v 2.456018 3.459540 -1.862452
v 2.379321 3.620842 -1.858320
v 2.456018 3.459540 -1.862452
v 2.193157 3.639743 -2.214711
v 2.234823 3.482220 -2.287694
v 1.820452 3.685372 -2.335359
v 1.790382 3.536974 -2.432751
v 1.393085 3.742948 -2.158264
v 1.380376 3.591729 -2.207380
v -1.369467 4.316861 -1.257919
v -1.363451 4.326608 -1.863849
v -1.237173 4.142157 -1.287063
v -1.212648 4.154944 -1.846011
v 1.205342 3.022887 -2.037208
v 1.380376 3.591729 -2.207380
v 1.531953 2.976928 -2.194066
v 1.790382 3.536974 -2.432751
v 1.531953 2.976928 -2.194066
v 2.234823 3.482220 -2.287694
v 1.877650 2.930969 -2.084375
v 2.456018 3.459540 -1.862452
v 2.041784 2.911932 -1.778722
v 2.456018 3.459540 -1.862452
v 1.932251 2.930969 -1.451722
v 2.329224 3.482220 -1.403309
v 1.932251 2.930969 -1.451722
v 1.926934 3.536973 -1.173701
v 1.611388 2.976928 -1.288625
v 1.479329 3.591729 -1.311255
v 1.263105 3.022887 -1.389391
v -1.237173 4.142157 -1.287063
v -1.258831 4.257426 -1.165589
v -1.369467 4.316861 -1.257919
v -0.964418 2.954016 -1.113786
v -1.088269 3.640235 -0.944987
v -1.340017 2.921850 -0.951147
v -1.560168 3.601914 -0.709010
v -1.736235 2.889685 -1.051296
v -2.071797 3.563593 -0.843049
v -1.736235 2.889685 -1.051296
v -2.323525 3.547719 -1.264372
v -1.922467 2.876362 -1.351245
v -2.323525 3.547719 -1.264372
v -1.792669 2.889685 -1.678105
v -2.170833 3.563593 -1.728395
v -1.792669 2.889685 -1.678105
v -1.703195 3.601912 -1.966686
v -1.421365 2.939922 -1.844713
v -1.191746 3.640235 -1.836608
v -1.023035 2.954016 -1.750680
v 0.197085 4.857249 -1.679417
v 0.233179 4.756883 -1.880360
v 0.161338 4.927212 -1.871943
v 0.233179 4.756883 -1.880360
v 0.121482 4.853810 -2.086600
v 0.185666 4.763445 -2.160861
v -0.606543 5.012165 -2.025709
v -0.615592 4.899699 -2.128247
v -1.437074 5.035828 -1.815816
v -0.615592 4.899699 -2.128247
v -1.571480 4.916760 -1.870382
v -0.594351 4.233513 -2.133400
v -1.363451 4.326608 -1.863849
v -0.594351 4.233513 -2.133400
v -1.212648 4.154944 -1.846011
v -0.594351 4.233513 -2.133400
v -0.578599 4.139267 -2.093525
v -0.594351 4.233513 -2.133400
v -0.067686 4.154428 -2.154078
v -0.615592 4.899699 -2.128247
v -0.067686 4.154428 -2.154078
v 0.185666 4.763445 -2.160861
v 0.021666 4.158222 -1.545320
v 0.233179 4.756883 -1.880360
v 0.280692 4.750320 -1.599858
v 0.197085 4.857249 -1.679417
v -0.560715 4.884064 -1.248815
v -0.566596 5.012426 -1.355562
v -1.357219 4.896297 -1.207640
v -1.412483 5.030107 -1.362902
v -1.084667 4.286848 -1.150702
v -1.556758 4.898614 -1.313971
v -1.369467 4.316861 -1.257919
v -1.564537 4.908201 -1.607931
v -1.363451 4.326608 -1.863849
v -1.564537 4.908201 -1.607931
v -1.571480 4.916760 -1.870382
v -1.564537 4.908201 -1.607931
v -1.437074 5.035828 -1.815816
v -1.564537 4.908201 -1.607931
v -1.424778 5.104556 -1.589359
v -1.564537 4.908201 -1.607931
v -1.412483 5.030107 -1.362902
v -1.556758 4.898614 -1.313971
v -1.357219 4.896297 -1.207640
v -1.084667 4.286848 -1.150702
v -0.560715 4.884064 -1.248815
v -0.548637 4.230360 -1.206533
v 0.280692 4.750320 -1.599858
v 0.021666 4.158222 -1.545320
v -1.191746 3.640235 -1.836608
v -1.703195 3.601912 -1.966686
v -1.185549 3.794340 -1.781866
v -1.703195 3.601912 -1.966686
v -1.707147 3.753037 -1.861621
v -2.170833 3.563593 -1.728395
v -2.097711 3.721104 -1.662076
v -2.323525 3.547719 -1.264372
v -2.224475 3.707876 -1.271671
v -2.323525 3.547719 -1.264372
v -2.013077 3.721104 -0.917311
v -2.071797 3.563593 -0.843049
v -1.585226 3.753039 -0.805576
v -1.560168 3.601914 -0.709010
v -1.092523 3.794340 -0.995154
v -1.088269 3.640235 -0.944987
vt 0.004108 0.760101
vt 0.265924 0.760575
vt 0.004766 1.001756
vt 0.265924 0.760575
vt 0.281155 0.998506
vt 0.502431 0.761050
vt 0.513654 0.995930
vt 0.747687 0.761246
vt 0.749487 0.994863
vt 0.747687 0.761246
vt 0.987756 0.995930
vt 0.996323 0.761050
vt 1.223745 0.998506
vt 1.237976 0.760575
vt 1.537993 1.001756
vt 1.535722 0.760101
vt 0.613888 0.152592
vt 0.404351 0.152592
vt 0.613888 0.063159
vt 0.404351 0.063159
vt 1.552741 0.001954
vt 1.535722 0.760101
vt 1.236301 0.001949
vt 1.237976 0.760575
vt 1.236301 0.001949
vt 0.996323 0.761050
vt 0.983755 0.001945
vt 0.747687 0.761246
vt 0.728107 0.001943
vt 0.747687 0.761246
vt 0.425328 0.001945
vt 0.502431 0.761050
vt 0.425328 0.001945
vt 0.265924 0.760575
vt 0.207563 0.001949
vt 0.004108 0.760101
vt 0.004097 0.001954
vt 0.404351 0.063159
vt 0.613888 0.063159
vt 0.613887 0.152594
vt -0.529435 0.001948
vt -0.480918 0.817722
vt -0.343574 0.001951
vt -0.136364 0.813430
vt 0.036020 0.001953
vt 0.191887 0.809138
vt 0.036020 0.001953
vt 0.483152 0.807360
vt 0.543636 0.001955
vt 0.483152 0.807360
vt 0.974899 0.001953
vt 0.772647 0.809138
vt 0.974899 0.001953
vt 1.098408 0.813429
vt 1.295542 0.001945
vt 1.485868 0.817722
vt 1.493632 0.001948
vt 1.008959 0.800819
vt 1.077347 0.688872
vt 1.081773 0.799004
vt 1.077347 0.688872
vt 1.162956 0.796982
vt 1.173861 0.696191
vt 1.466723 0.973607
vt 1.479980 0.848165
vt 1.936542 1.000000
vt 1.479980 0.848165
vt 1.927550 0.867195
vt 1.466142 0.105119
vt 1.910255 0.208954
vt 1.466142 0.105119
vt 1.897038 0.017485
vt 1.466142 0.105119
vt 1.451833 0.000000
vt 1.466142 0.105119
vt 1.226581 0.016909
vt 1.479980 0.848165
vt 1.226581 0.016909
vt 1.173861 0.696191
vt 0.947795 0.021141
vt 1.077347 0.688872
vt 0.980833 0.681553
vt 1.008959 0.800819
vt 0.565332 0.830727
vt 0.581736 0.973899
vt 0.178884 0.844372
vt 0.116127 0.993619
vt 0.272178 0.020413
vt 0.114248 0.846956
vt 0.159964 0.047432
vt 0.015613 0.857649
vt -0.089745 0.131477
vt 0.015613 0.857649
vt -0.072450 0.867195
vt 0.015613 0.857649
vt -0.063458 1.000000
vt 0.015613 0.857649
vt 0.026335 0.996810
vt 0.015613 0.857649
vt 0.116127 0.993619
vt 0.114248 0.846956
vt 0.178884 0.844372
vt 0.272178 0.020413
vt 0.565332 0.830727
vt 0.567557 0.028428
vt 0.980833 0.681553
vt 0.947795 0.021141
vt 1.485868 0.817722
vt 1.098408 0.813429
vt 1.487902 0.992814
vt 1.098408 0.813429
vt 1.088260 0.989926
vt 0.772647 0.809138
vt 0.765870 0.998206
vt 0.483152 0.807360
vt 0.480900 0.993835
vt 0.483152 0.807360
vt 0.194769 0.998206
vt 0.191887 0.809138
vt -0.127605 0.997830
vt -0.136364 0.813430
vt -0.478926 1.000548
vt -0.480918 0.817722
vn -0.2363 0.3475 0.9074
vn -0.0389 0.0573 0.9976
vn -0.1999 0.4097 0.8900
vn 0.1511 0.3480 0.9252
vn 0.2150 0.5614 0.7991
vn 0.7158 0.4780 0.5091
vn 0.7256 0.4762 0.4967
vn 0.5297 0.2479 0.8111
vn 0.8974 0.4293 -0.1018
vn 0.6912 0.3385 0.6384
vn 0.6060 0.4603 -0.6487
vn 0.6034 0.4617 -0.6501
vn 0.0460 0.5409 -0.8398
vn 0.0158 0.5186 -0.8548
vn -0.3862 0.3769 -0.8419
vn -0.4254 0.3117 -0.8496
vn -0.7985 -0.6017 -0.0176
vn -0.7607 -0.6478 -0.0406
vn -0.7878 -0.6154 -0.0243
vn -0.7479 -0.6620 -0.0479
vn -0.4440 -0.1286 -0.8867
vn -0.4762 -0.1362 -0.8687
vn -0.9467 -0.2723 -0.1716
vn -0.0670 -0.3648 -0.9286
vn 0.3822 -0.8129 0.4395
vn 0.5101 -0.5705 -0.6437
vn 0.4655 -0.5526 -0.6912
vn 0.6070 -0.5182 0.6025
vn 0.7930 -0.6073 -0.0482
vn 0.4494 -0.3294 0.8303
vn 0.4776 -0.3430 0.8088
vn 0.6688 -0.5276 0.5236
vn 0.2263 -0.2206 0.9487
vn 0.1439 -0.2626 0.9541
vn -0.0234 -0.1830 0.9828
vn -0.2916 -0.0274 0.9561
vn -0.2809 -0.0250 0.9594
vn -0.6805 -0.5882 0.4368
vn 0.4036 -0.1492 0.9026
vn 0.4367 -0.1606 0.8852
vn 0.1645 -0.2690 0.9490
vn 0.0746 -0.3106 0.9476
vn -0.1114 -0.2131 0.9706
vn -0.5260 -0.4790 0.7027
vn -0.4300 -0.2945 0.8534
vn -0.4075 -0.2804 0.8690
vn -0.8540 -0.5173 0.0554
vn -0.6385 -0.3671 0.6764
vn -0.6896 -0.3857 0.6129
vn -0.6965 -0.4335 -0.5717
vn -0.7717 -0.6304 -0.0847
vn -0.1412 -0.2212 -0.9649
vn -0.0080 -0.1787 -0.9839
vn 0.2445 -0.0690 -0.9672
vn 0.2314 -0.0646 -0.9707
vn 0.9205 0.3897 -0.0293
vn 0.5145 0.2178 0.8293
vn 0.9055 0.3902 -0.1664
vn 0.6813 0.3755 0.6283
vn 0.5056 0.6914 -0.5160
vn 0.5120 0.7324 -0.4487
vn -0.0515 0.6751 -0.7359
vn -0.0337 0.9587 -0.2822
vn -0.1983 0.5934 -0.7801
vn -0.9437 0.2021 -0.2618
vn -0.2768 0.2243 -0.9344
vn -0.8841 -0.1379 0.4464
vn -0.3459 -0.2091 -0.9147
vn -0.0293 -0.0333 0.9990
vn -0.3457 -0.3941 -0.8516
vn -0.2364 -0.2880 0.9280
vn -0.2158 -0.4108 -0.8858
vn -0.1307 -0.3474 -0.9286
vn -0.0797 -0.1193 0.9896
vn -0.0391 0.0059 -0.9992
vn 0.8958 -0.3818 0.2274
vn 0.6358 -0.2847 -0.7174
vn 0.9076 -0.3939 -0.1455
vn 0.9468 -0.2750 -0.1668
vn 0.9603 0.2543 0.1143
vn 0.6363 0.7091 0.3036
vn 0.2276 0.6358 0.7375
vn 0.2336 0.6380 0.7337
vn 0.0147 0.7467 0.6650
vn 0.0102 0.7592 0.6507
vn -0.3544 -0.0240 0.9348
vn -0.9389 -0.2835 0.1952
vn -0.7371 -0.1800 0.6513
vn -0.7356 -0.2421 0.6327
vn -0.9460 -0.3239 -0.0073
vn -0.3388 -0.1194 0.9332
vn -0.9816 0.1881 0.0323
vn -0.1471 0.1618 0.9758
vn -0.7378 0.6738 -0.0387
vn -0.2396 0.1743 0.9550
vn -0.8159 0.5751 0.0600
vn -0.4862 0.4168 0.7680
vn -0.6283 0.6970 0.3456
vn -0.6077 0.5624 0.5608
vn -0.3217 0.1306 0.9378
vn 0.0179 0.0699 0.9974
vn 0.2306 0.0818 0.9696
vn 0.2870 0.0260 0.9575
vn 0.4458 -0.0343 0.8945
vn 0.4931 -0.1366 0.8592
vn 0.2110 0.3197 -0.9237
vn 0.0448 0.0679 0.9967
vn 0.1831 0.3790 -0.9071
vn -0.3308 0.9110 -0.2461
vn -0.1845 0.5579 -0.8091
vn -0.6669 0.5299 -0.5239
vn -0.6580 0.5313 -0.5336
vn -0.6213 0.3738 0.6887
vn -0.8441 0.5266 0.1006
vn -0.4051 0.2609 0.8762
vn -0.5258 0.5152 0.6768
vn -0.5457 0.5153 0.6608
vn -0.0040 0.5377 0.8431
vn 0.0222 0.5164 0.8560
vn 0.3786 0.3524 0.8558
vn 0.4085 0.2927 0.8645
usemtl 0000000030323238.png
s 1
f 259/259/215 260/260/216 261/261/217
f 260/260/216 262/262/218 261/261/217
f 261/261/217 262/262/218 263/263/219
f 262/262/218 264/264/220 263/263/219
f 263/263/219 264/264/220 265/265/221
f 264/264/220 266/266/222 265/265/221
f 265/265/221 266/266/222 267/267/223
f 266/266/222 268/268/224 267/267/223
f 267/267/223 268/268/224 269/269/225
f 268/268/224 270/270/226 269/269/225
f 269/269/225 270/270/226 271/271/227
f 270/270/226 272/272/228 271/271/227
f 271/271/227 272/272/228 273/273/229
f 272/272/228 274/274/230 273/273/229
f 275/275/231 276/276/232 277/277/233
f 276/276/232 278/278/234 277/277/233
f 279/279/235 280/280/236 281/281/237
f 280/280/236 282/282/238 281/281/237
f 281/281/237 282/282/238 283/283/239
f 282/282/238 284/284/240 283/283/239
f 283/283/239 284/284/240 285/285/241
f 284/284/240 286/286/242 285/285/241
f 285/285/241 286/286/242 287/287/243
f 286/286/242 288/288/244 287/287/243
f 287/287/243 288/288/244 289/289/245
f 288/288/244 290/290/246 289/289/245
f 289/289/245 290/290/246 291/291/247
f 290/290/246 292/292/248 291/291/247
f 291/291/247 292/292/248 293/293/249
f 292/292/248 294/294/250 293/293/249
f 293/293/249 294/294/250 295/295/251
f 296/296/252 297/297/252 298/298/252
f 299/299/253 300/300/254 301/301/255
f 300/300/254 302/302/256 301/301/255
f 301/301/255 302/302/256 303/303/257
f 302/302/256 304/304/258 303/303/257
f 303/303/257 304/304/258 305/305/259
f 304/304/258 306/306/260 305/305/259
f 305/305/259 306/306/260 307/307/261
f 306/306/260 308/308/262 307/307/261
f 307/307/261 308/308/262 309/309/263
f 308/308/262 310/310/264 309/309/263
f 309/309/263 310/310/264 311/311/265
f 310/310/264 312/312/266 311/311/265
f 311/311/265 312/312/266 313/313/267
f 312/312/266 314/314/268 313/313/267
f 313/313/267 314/314/268 315/315/269
f 316/316/270 317/317/271 318/318/272
f 317/317/271 319/319/273 318/318/272
f 318/318/272 319/319/273 320/320/274
f 319/319/273 321/321/275 320/320/274
f 320/320/274 321/321/275 322/322/276
f 321/321/275 323/323/277 322/322/276
f 322/322/276 323/323/277 324/324/278
f 323/323/277 325/325/279 324/324/278
f 324/324/278 325/325/279 326/326/280
f 325/325/279 327/327/281 326/326/280
f 326/326/280 327/327/281 328/328/282
f 327/327/281 329/329/283 328/328/282
f 328/328/282 329/329/283 330/330/284
f 329/329/283 331/331/285 330/330/284
f 330/330/284 331/331/285 332/332/286
f 331/331/285 333/333/287 332/332/286
f 332/332/286 333/333/287 334/334/288
f 333/333/287 335/335/289 334/334/288
f 334/334/288 335/335/289 336/336/290
f 335/335/289 337/337/291 336/336/290
f 336/336/290 337/337/291 338/338/292
f 337/337/291 339/339/293 338/338/292
f 338/338/292 339/339/293 340/340/294
f 339/339/293 341/341/295 340/340/294
f 340/340/294 341/341/295 342/342/296
f 341/341/295 343/343/297 342/342/296
f 342/342/296 343/343/297 344/344/298
f 343/343/297 345/345/299 344/344/298
f 346/346/300 347/347/301 348/348/302
f 347/347/301 349/349/303 348/348/302
f 348/348/302 349/349/303 350/350/304
f 349/349/303 351/351/305 350/350/304
f 350/350/304 351/351/305 352/352/306
f 351/351/305 353/353/307 352/352/306
f 352/352/306 353/353/307 354/354/308
f 353/353/307 355/355/309 354/354/308
f 354/354/308 355/355/309 356/356/310
f 355/355/309 357/357/311 356/356/310
f 356/356/310 357/357/311 358/358/312
f 357/357/311 359/359/313 358/358/312
f 358/358/312 359/359/313 360/360/314
f 359/359/313 361/361/315 360/360/314
f 360/360/314 361/361/315 362/362/316
f 361/361/315 363/363/317 362/362/316
f 362/362/316 363/363/317 364/364/318
f 363/363/317 365/365/319 364/364/318
f 366/366/320 367/367/321 368/368/322
f 367/367/321 369/369/323 368/368/322
f 368/368/322 369/369/323 370/370/324
f 369/369/323 371/371/325 370/370/324
f 370/370/324 371/371/325 372/372/326
f 371/371/325 373/373/327 372/372/326
f 372/372/326 373/373/327 374/374/328
f 373/373/327 375/375/329 374/374/328
f 374/374/328 375/375/329 376/376/330
f 375/375/329 377/377/331 376/376/330
f 376/376/330 377/377/331 378/378/332
f 377/377/331 379/379/333 378/378/332
f 378/378/332 379/379/333 380/380/334
f 379/379/333 381/381/335 380/380/334
o mesh_101
v 0.846408 4.173079 -2.344308
v 0.774661 4.119437 -2.179195
v 0.900171 4.283087 -1.685409
v 0.774048 4.123982 -1.661099
v -1.412483 5.030107 -1.362902
v -0.566596 5.012426 -1.355562
v -1.424778 5.104556 -1.589359
v -0.566596 5.012426 -1.355562
v -0.586569 5.083884 -1.690635
v 0.197085 4.857249 -1.679417
v -0.586569 5.083884 -1.690635
v 0.161338 4.927212 -1.871943
v -0.586569 5.083884 -1.690635
v 0.121482 4.853810 -2.086600
v -0.586569 5.083884 -1.690635
v -0.606543 5.012165 -2.025709
v -1.424778 5.104556 -1.589359
v -1.437074 5.035828 -1.815816
v 0.518126 0.243642 0.330545
v 0.244967 0.243642 0.509166
v 0.551696 0.274768 0.353519
v 1.642955 4.115845 -1.819928
v 0.900171 4.283087 -1.685409
v 1.613991 3.952764 -1.302340
v 1.000477 4.061711 -1.203589
v 0.846408 4.173079 -2.344308
v 0.900171 4.283087 -1.685409
v 1.506941 4.016609 -2.316542
v 1.642955 4.115845 -1.819928
v 0.099657 4.147476 -2.159067
v 0.196324 4.150273 -1.572196
v 0.774661 4.119437 -2.179195
v 0.774048 4.123982 -1.661099
v -0.132382 0.243642 0.564259
v -0.391723 0.243642 0.365490
v -0.176761 0.263145 0.643240
v -0.391723 0.243642 0.365490
v -0.476327 0.265242 0.403925
v -0.472593 0.243642 -0.059466
v -0.580065 0.261230 -0.061691
v -0.359716 0.243642 -0.360933
v -0.450131 0.259870 -0.428731
v 0.993689 0.786142 -0.016239
v 1.319779 0.804211 -0.087723
v 0.866096 0.786142 -0.486327
v 1.169889 0.804211 -0.674030
v 0.425397 0.786142 -0.900688
v 0.676716 0.804211 -1.156086
v -0.176761 0.263145 0.643240
v -0.476327 0.265242 0.403925
v -0.285800 0.205515 0.837293
v -0.476327 0.265242 0.403925
v -0.712910 0.205515 0.511406
v -0.580065 0.261230 -0.061691
v -0.816091 0.205515 -0.066578
v -0.450131 0.259870 -0.428731
v -0.633987 0.205515 -0.566597
v 0.553855 0.267095 -0.375032
v 0.664353 0.269334 -0.017648
v 0.778857 0.205515 -0.522460
v 0.664353 0.269334 -0.017648
v 0.930279 0.205515 -0.012023
v 0.664353 0.269334 -0.017648
v 0.845590 0.205515 0.220521
v 0.603529 0.272268 0.182747
v 0.748179 0.205515 0.487996
v 0.603529 0.272268 0.182747
v 0.551696 0.274768 0.353519
v 0.603529 0.272268 0.182747
v 0.592405 0.243643 -0.019170
v 0.664353 0.269334 -0.017648
v 0.592405 0.243643 -0.019170
v 0.553855 0.267095 -0.375032
v 0.482585 0.243643 -0.328333
v 0.553855 0.267095 -0.375032
v 0.223245 0.243642 -0.527102
v 0.553855 0.267095 -0.375032
v 0.255104 0.266497 -0.623496
v 0.778857 0.205515 -0.522460
v 0.351745 0.205515 -0.915892
v -1.237173 4.142157 -1.287063
v -1.055390 4.148138 -0.995809
v -1.258831 4.257426 -1.165589
v -1.076007 4.245815 -1.104883
v -0.617697 4.205367 -1.132374
v -1.076007 4.245815 -1.104883
v -0.777926 4.147380 -0.960314
v -1.076007 4.245815 -1.104883
v -1.055390 4.148138 -0.995809
v -0.777926 4.147380 -0.960314
v -0.777926 4.147380 -0.960314
v 0.205110 4.028886 -1.133929
v -0.617697 4.205367 -1.132374
v 0.089237 4.110581 -1.393785
v -0.617697 4.205367 -1.132374
v 0.205110 4.028886 -1.133929
v 0.205110 4.028886 -1.133929
v 0.918039 4.012978 -1.293185
v 0.089237 4.110581 -1.393785
v 0.918039 4.012978 -1.293185
v 0.196324 4.150273 -1.572196
v 0.774048 4.123982 -1.661099
v 1.000477 4.061711 -1.203589
v 0.900171 4.283087 -1.685409
v 0.918039 4.012978 -1.293185
v 0.774048 4.123982 -1.661099
v 0.676716 0.804211 -1.156086
v 0.637052 1.087167 -1.139762
v 0.425397 0.786142 -0.900688
v 0.386058 1.069099 -0.885053
v 0.518126 0.243642 0.330545
v 0.551696 0.274768 0.353519
v 0.592405 0.243643 -0.019170
v -0.176761 0.263145 0.643240
v 0.256061 0.270857 0.563030
v -0.132382 0.243642 0.564259
v 0.256061 0.270857 0.563030
v 0.244967 0.243642 0.509166
v 0.256061 0.270857 0.563030
v 0.551696 0.274768 0.353519
v 0.256061 0.270857 0.563030
v 0.748179 0.205515 0.487996
v 0.256061 0.270857 0.563030
v 0.302105 0.205515 0.786606
v -0.176761 0.263145 0.643240
v -0.285800 0.205515 0.837293
v -0.181576 1.087167 -1.245249
v -0.102155 1.069099 -0.911505
v 0.637052 1.087167 -1.139762
v 0.386058 1.069099 -0.885053
v -0.238914 0.804211 -1.258649
v -0.538832 0.795770 -1.131709
v -0.148294 0.786142 -0.925033
v -0.538832 0.795770 -1.131709
v -0.320463 0.775262 -0.809533
v -0.770903 0.765187 -0.955574
v -0.539114 0.761445 -0.662848
v -0.238914 0.804211 -1.258649
v -0.148294 0.786142 -0.925033
v -0.181576 1.087167 -1.245249
v -0.102155 1.069099 -0.911505
v -0.086559 0.243642 -0.539555
v -0.113061 0.265398 -0.637321
v -0.359716 0.243642 -0.360933
v -0.113061 0.265398 -0.637321
v -0.450131 0.259870 -0.428731
v -0.113061 0.265398 -0.637321
v -0.633987 0.205515 -0.566597
v -0.113061 0.265398 -0.637321
v -0.187914 0.205515 -0.913451
v -0.113061 0.265398 -0.637321
v 0.351745 0.205515 -0.915892
v -0.113061 0.265398 -0.637321
v 0.255104 0.266497 -0.623496
v -0.086559 0.243642 -0.539555
v 0.223245 0.243642 -0.527102
vt 1.000000 1.000000
vt 0.760877 1.000000
vt 1.000000 0.000000
vt 0.745969 0.000000
vt 0.000000 0.000000
vt 0.410946 0.000000
vt 0.000000 0.500000
vt 0.410946 0.000000
vt 0.469696 0.500000
vt 1.000000 0.000000
vt 0.469696 0.500000
vt 1.000000 0.472824
vt 0.469696 0.500000
vt 1.000000 1.000000
vt 0.469696 0.500000
vt 0.528446 1.000000
vt 0.000000 0.500000
vt 0.000000 1.000000
vt 0.000000 0.000000
vt 0.508323 0.000000
vt 0.000000 0.179799
vt 0.000000 0.000000
vt 1.000000 0.000000
vt 0.000000 1.000000
vt 1.000000 1.000000
vt 1.000000 0.000000
vt 1.000000 1.000000
vt 0.000000 0.000000
vt 0.000000 1.000000
vt 0.151159 1.000000
vt 0.173169 0.000000
vt 0.760877 1.000000
vt 0.745969 0.000000
vt 2.000000 1.000000
vt 1.337870 1.000000
vt 2.000000 0.716336
vt 1.337870 1.000000
vt 1.331092 0.736271
vt 0.595054 1.000000
vt 0.611752 0.699939
vt 0.000000 1.000000
vt 0.000000 0.683169
vt 1.000000 0.000000
vt 1.000000 1.000000
vt 0.585718 0.000000
vt 0.566934 1.000000
vt 0.000000 0.000000
vt 0.000000 1.000000
vt 2.000000 0.716336
vt 1.331092 0.736271
vt 2.000000 0.000000
vt 1.331092 0.736271
vt 1.290626 0.000000
vt 0.611752 0.699939
vt 0.638398 0.000000
vt 0.000000 0.683169
vt 0.000000 0.000000
vt 1.273794 0.754252
vt 0.643000 0.771563
vt 1.242488 0.000000
vt 0.643000 0.771563
vt 0.624450 0.000000
vt 0.643000 0.771563
vt 0.334037 0.000000
vt 0.295842 0.797823
vt 0.000000 0.000000
vt 0.295842 0.797823
vt 0.000000 0.820201
vt 0.295842 0.797823
vt 0.644754 1.000000
vt 0.643000 0.771563
vt 0.644754 1.000000
vt 1.273794 0.754252
vt 1.296182 1.000000
vt 1.273794 0.754252
vt 2.000000 1.000000
vt 1.273794 0.754252
vt 2.000000 0.748598
vt 1.242488 0.000000
vt 2.000000 0.000000
vt -0.278705 0.672357
vt 1.355778 0.378940
vt 0.056119 0.319111
vt 0.912563 0.601231
vt 0.655117 0.301190
vt 1.000000 0.295813
vt 0.783514 1.000000
vt 1.000000 0.295813
vt 1.000000 1.000000
vt 0.783514 1.000000
vt 0.783514 1.000000
vt 0.000000 1.000000
vt 0.655117 0.301190
vt 0.000000 0.368347
vt 0.655117 0.301190
vt 0.000000 1.000000
vt 0.000000 0.000000
vt 0.802737 0.000000
vt 0.000000 0.631653
vt 0.802737 0.000000
vt 0.173169 1.000000
vt 0.745969 1.000000
vt 1.000000 0.000000
vt 1.000000 1.000000
vt 0.802737 0.000000
vt 0.745969 1.000000
vt 0.000000 0.000000
vt 0.285174 0.000000
vt 0.000000 1.000000
vt 0.437181 1.000000
vt 0.000000 1.000000
vt 0.000000 0.820201
vt 0.644754 1.000000
vt 1.000000 0.283664
vt 0.491846 0.215579
vt 1.000000 0.000000
vt 0.491846 0.215579
vt 0.508323 0.000000
vt 0.491846 0.215579
vt 0.000000 0.179799
vt 0.491846 0.215579
vt 0.000000 1.000000
vt 0.491846 0.215579
vt 0.535232 1.000000
vt 1.000000 0.283664
vt 1.000000 1.000000
vt 1.000000 0.000000
vt 1.000000 1.000000
vt 0.285174 0.000000
vt 0.437181 1.000000
vt 0.680733 1.000000
vt 0.340828 1.000000
vt 0.622851 0.000000
vt 0.340828 1.000000
vt 0.348465 0.000000
vt 0.000000 1.000000
vt 0.000000 0.000000
vt 0.680733 1.000000
vt 0.622851 0.000000
vt 1.000000 1.000000
vt 1.000000 0.000000
vt 0.589109 0.000000
vt 0.595503 0.262205
vt 0.000000 0.000000
vt 0.595503 0.262205
vt 0.000000 0.316831
vt 0.595503 0.262205
vt 0.000000 1.000000
vt 0.595503 0.262205
vt 0.589870 1.000000
vt 0.595503 0.262205
vt 1.000000 1.000000
vt 0.595503 0.262205
vt 1.000000 0.251402
vt 0.589109 0.000000
vt 1.000000 0.000000
vn -0.6884 0.7224 -0.0644
vn -0.7035 0.7085 -0.0560
vn -0.7714 0.6362 -0.0148
vn -0.7841 0.6206 -0.0063
vn 0.0172 0.9501 0.3114
vn 0.0027 0.1530 0.9882
vn 0.0248 0.9578 0.2862
vn 0.1272 0.7545 0.6438
vn 0.1292 0.7912 0.5977
vn 0.2646 0.9281 0.2619
vn 0.0210 0.0736 0.9970
vn 0.1960 0.9799 -0.0383
vn 0.0101 0.0839 0.9964
vn 0.1335 0.9419 -0.3083
vn 0.0723 0.9333 0.3516
vn 0.0994 0.9702 -0.2208
vn -0.0344 0.9627 -0.2683
vn -0.0455 0.9566 -0.2878
vn -0.3490 0.7703 -0.5337
vn 0.2612 0.9163 0.3033
vn 0.2387 0.9098 0.3396
vn 0.2455 0.9119 0.3288
vn 0.2198 0.9030 0.3691
vn 0.2339 0.9557 -0.1786
vn 0.2080 0.9566 -0.2040
vn 0.2000 0.9567 -0.2116
vn 0.1721 0.9558 -0.2381
vn 0.0411 0.9991 -0.0115
vn 0.0424 0.9990 -0.0103
vn 0.0426 0.9990 -0.0101
vn 0.0441 0.9990 -0.0087
vn 0.1292 0.9771 -0.1686
vn 0.0220 0.1666 0.9858
vn 0.1346 0.9757 -0.1727
vn 0.1869 0.9327 0.3082
vn 0.1923 0.9751 -0.1105
vn 0.1650 0.9862 0.0095
vn 0.1593 0.9872 0.0045
vn 0.1451 0.9882 0.0487
vn 0.1424 0.9887 0.0467
vn -0.0522 0.9985 0.0142
vn -0.0519 0.9985 0.0137
vn -0.0438 0.9987 0.0257
vn -0.0433 0.9987 0.0255
vn -0.0354 0.9987 0.0366
vn -0.0352 0.9987 0.0360
vn -0.1537 0.9674 0.2009
vn -0.0438 0.2758 0.9602
vn -0.1535 0.9675 0.2008
vn -0.1670 0.8419 0.5130
vn -0.1948 0.9742 0.1139
vn -0.2287 0.9732 -0.0226
vn -0.2290 0.9732 -0.0181
vn -0.2259 0.9706 -0.0826
vn -0.2254 0.9708 -0.0821
vn 0.2181 0.9731 -0.0735
vn 0.0719 0.3207 0.9444
vn 0.2247 0.9718 -0.0716
vn 0.0947 0.3921 0.9150
vn 0.2332 0.9724 0.0070
vn 0.1793 0.7102 0.6808
vn 0.2459 0.9658 0.0825
vn 0.2052 0.7784 0.5932
vn 0.2652 0.9605 0.0843
vn 0.0665 0.2214 0.9729
vn 0.2314 0.9712 0.0560
vn -0.3115 0.8787 0.3618
vn -0.2536 0.7154 0.6510
vn -0.3361 0.9418 -0.0101
vn -0.2410 0.6940 0.6784
vn -0.1647 0.5859 0.7935
vn -0.2131 0.9640 0.1588
vn -0.0492 0.2776 0.9594
vn -0.1541 0.9705 0.1856
vn 0.0957 0.8459 0.5246
vn 0.0319 0.9990 -0.0319
vn 0.1463 0.9745 -0.1701
vn 0.1439 0.9772 -0.1562
vn -0.6805 -0.5882 0.4368
vn -0.5586 0.2075 0.8030
vn -0.7041 -0.3592 0.6125
vn -0.1786 0.7159 0.6749
vn 0.1044 0.9090 0.4036
vn -0.0841 0.7343 0.6735
vn 0.1865 0.8653 0.4653
vn 0.2055 0.9561 0.2090
vn 0.0808 0.9606 0.2659
vn 0.0168 0.1993 0.9798
vn 0.0811 0.9610 0.2642
vn 0.0418 0.4848 0.8736
vn 0.0818 0.9617 0.2615
vn 0.0835 0.9626 0.2577
vn -0.7477 0.5305 0.3994
vn -0.6837 0.5861 0.4348
vn -0.7338 0.5434 0.4076
vn -0.6688 0.5977 0.4421
vn 0.7094 0.0589 0.7023
vn 0.7092 0.0593 0.7025
vn 0.7091 0.0594 0.7026
vn 0.7089 0.0597 0.7028
vn -0.6236 0.7704 -0.1325
vn -0.0681 0.9590 -0.2750
vn -0.0083 0.1174 0.9930
vn -0.0678 0.9555 -0.2871
vn -0.0309 0.4320 0.9013
vn -0.1802 0.8924 -0.4137
vn -0.1185 0.3657 0.9232
vn 0.1317 0.9700 0.2042
vn 0.0242 0.1404 0.9898
vn 0.1646 0.9545 0.2485
vn 0.0784 0.7765 0.6252
vn 0.0916 0.9598 0.2652
vn 0.0274 0.9558 0.2926
vn 0.0257 0.9543 0.2978
vn -0.0072 0.9984 0.0558
vn -0.0065 0.9983 0.0579
vn -0.0053 0.9980 0.0619
vn -0.0036 0.9977 0.0672
vn -0.0047 0.9984 0.0553
vn -0.0022 0.4802 0.8771
vn -0.0100 0.9978 0.0656
vn -0.0337 0.7489 0.6618
vn -0.0289 0.9971 0.0696
vn -0.0475 0.9958 0.0779
vn -0.0356 0.9985 0.0410
vn -0.9469 0.1792 0.2669
vn -0.9548 0.1604 0.2501
vn -0.9532 0.1644 0.2536
vn -0.9607 0.1453 0.2365
vn 0.1205 0.9754 0.1844
vn 0.0597 0.4830 0.8736
vn 0.0782 0.9860 0.1474
vn 0.0065 0.0900 0.9959
vn -0.0592 0.9958 -0.0692
vn -0.0193 0.1352 0.9906
vn -0.1374 0.9724 -0.1884
vn -0.0600 0.4312 0.9002
vn -0.0649 0.9787 -0.1946
vn -0.0004 0.3994 0.9167
vn 0.0022 0.9784 -0.2066
vn -0.0046 0.7242 0.6895
vn -0.0012 0.9996 -0.0265
vn -0.0109 0.9751 0.2213
vn -0.0092 0.9736 0.2278
usemtl 0000000030320838.png
s 1
f 382/382/336 383/383/337 384/384/338
f 383/383/337 385/385/339 384/384/338
f 386/386/340 387/387/341 388/388/342
f 387/387/341 389/389/343 388/388/342
f 388/388/342 389/389/343 390/390/344
f 389/389/343 391/391/345 390/390/344
f 390/390/344 391/391/345 392/392/346
f 391/391/345 393/393/347 392/392/346
f 392/392/346 393/393/347 394/394/348
f 393/393/347 395/395/349 394/394/348
f 394/394/348 395/395/349 396/396/350
f 395/395/349 397/397/351 396/396/350
f 396/396/350 397/397/351 398/398/352
f 397/397/351 399/399/353 398/398/352
f 400/400/354 401/401/354 402/402/354
f 403/403/355 404/404/356 405/405/357
f 404/404/356 406/406/358 405/405/357
f 407/407/359 408/408/360 409/409/361
f 408/408/360 410/410/362 409/409/361
f 411/411/363 412/412/364 413/413/365
f 412/412/364 414/414/366 413/413/365
f 415/415/367 416/416/368 417/417/369
f 416/416/368 418/418/370 417/417/369
f 417/417/369 418/418/370 419/419/371
f 418/418/370 420/420/372 419/419/371
f 419/419/371 420/420/372 421/421/373
f 420/420/372 422/422/374 421/421/373
f 421/421/373 422/422/374 423/423/375
f 424/424/376 425/425/377 426/426/378
f 425/425/377 427/427/379 426/426/378
f 426/426/378 427/427/379 428/428/380
f 427/427/379 429/429/381 428/428/380
f 430/430/382 431/431/383 432/432/384
f 431/431/383 433/433/385 432/432/384
f 432/432/384 433/433/385 434/434/386
f 433/433/385 435/435/387 434/434/386
f 434/434/386 435/435/387 436/436/388
f 435/435/387 437/437/389 436/436/388
f 436/436/388 437/437/389 438/438/390
f 439/439/391 440/440/392 441/441/393
f 440/440/392 442/442/394 441/441/393
f 441/441/393 442/442/394 443/443/395
f 442/442/394 444/444/396 443/443/395
f 443/443/395 444/444/396 445/445/397
f 444/444/396 446/446/398 445/445/397
f 445/445/397 446/446/398 447/447/399
f 446/446/398 448/448/400 447/447/399
f 447/447/399 448/448/400 449/449/401
f 448/448/400 450/450/402 449/449/401
f 449/449/401 450/450/402 451/451/403
f 450/450/402 452/452/404 451/451/403
f 451/451/403 452/452/404 453/453/405
f 452/452/404 454/454/406 453/453/405
f 453/453/405 454/454/406 455/455/407
f 454/454/406 456/456/408 455/455/407
f 455/455/407 456/456/408 457/457/409
f 456/456/408 458/458/410 457/457/409
f 457/457/409 458/458/410 459/459/411
f 458/458/410 460/460/412 459/459/411
f 459/459/411 460/460/412 461/461/413
f 462/462/414 463/463/415 464/464/416
f 463/463/415 465/465/417 464/464/416
f 466/466/418 467/467/418 468/468/418
f 469/469/419 470/470/419 471/471/419
f 472/472/420 473/473/420 474/474/420
f 475/475/421 476/476/421 477/477/421
f 478/478/422 479/479/423 480/480/424
f 479/479/423 481/481/425 480/480/424
f 480/480/424 481/481/425 482/482/426
f 481/481/425 483/483/427 482/482/426
f 484/484/428 485/485/429 486/486/430
f 485/485/429 487/487/431 486/486/430
f 488/488/432 489/489/433 490/490/434
f 489/489/433 491/491/435 490/490/434
f 492/492/436 493/493/436 494/494/436
f 495/495/437 496/496/438 497/497/439
f 496/496/438 498/498/440 497/497/439
f 497/497/439 498/498/440 499/499/441
f 498/498/440 500/500/442 499/499/441
f 499/499/441 500/500/442 501/501/443
f 500/500/442 502/502/444 501/501/443
f 501/501/443 502/502/444 503/503/445
f 502/502/444 504/504/446 503/503/445
f 503/503/445 504/504/446 505/505/447
f 504/504/446 506/506/448 505/505/447
f 505/505/447 506/506/448 507/507/449
f 508/508/450 509/509/451 510/510/452
f 509/509/451 511/511/453 510/510/452
f 512/512/454 513/513/455 514/514/456
f 513/513/455 515/515/457 514/514/456
f 514/514/456 515/515/457 516/516/458
f 515/515/457 517/517/459 516/516/458
f 516/516/458 517/517/459 518/518/460
f 519/519/461 520/520/462 521/521/463
f 520/520/462 522/522/464 521/521/463
f 523/523/465 524/524/466 525/525/467
f 524/524/466 526/526/468 525/525/467
f 525/525/467 526/526/468 527/527/469
f 526/526/468 528/528/470 527/527/469
f 527/527/469 528/528/470 529/529/471
f 528/528/470 530/530/472 529/529/471
f 529/529/471 530/530/472 531/531/473
f 530/530/472 532/532/474 531/531/473
f 531/531/473 532/532/474 533/533/475
f 532/532/474 534/534/476 533/533/475
f 533/533/475 534/534/476 535/535/477
f 534/534/476 536/536/478 535/535/477
f 535/535/477 536/536/478 537/537/479
o mesh_100
v -0.069212 0.101072 -0.445998
v 0.174887 0.101072 -0.440052
v -0.086559 0.243642 -0.539555
v 0.174887 0.101072 -0.440052
v 0.223245 0.243642 -0.527102
v 0.384539 0.101072 -0.281026
v 0.482585 0.243643 -0.328333
v 0.479663 0.101072 -0.029660
v 0.592405 0.243643 -0.019170
v 0.431299 0.101072 0.266280
v 0.518126 0.243642 0.330545
v 0.431299 0.101072 0.266280
v 0.244967 0.243642 0.509166
v 0.214763 0.101072 0.415688
v -0.132382 0.243642 0.564259
v -0.096882 0.101072 0.477290
v -0.132382 0.243642 0.564259
v -0.306534 0.101072 0.318263
v -0.391723 0.243642 0.365490
v -0.306534 0.101072 0.318263
v -0.472593 0.243642 -0.059466
v -0.372711 0.101072 -0.048896
v -0.472593 0.243642 -0.059466
v -0.285748 0.101072 -0.296589
v -0.359716 0.243642 -0.360933
v -0.069212 0.101072 -0.445998
v -0.086559 0.243642 -0.539555
v 1.263105 3.022887 -1.389391
v 0.164851 3.074332 -1.299577
v 1.088741 3.009160 -1.699834
v 0.164851 3.074332 -1.299577
v 0.139143 3.041569 -1.614948
v 0.164851 3.074332 -1.299577
v -0.827531 2.932895 -1.448185
v -0.964418 2.954016 -1.113786
v 0.021666 4.158222 -1.545320
v 0.196324 4.150273 -1.572196
v -0.067686 4.154428 -2.154078
v 0.099657 4.147476 -2.159067
v 1.039883 0.081460 -0.053217
v 1.281292 0.081460 -0.185870
v 0.930279 0.205515 -0.012023
v 1.382511 0.598619 -0.005920
v 0.923948 0.638150 0.103488
v 1.319779 0.804211 -0.087723
v 0.923948 0.638150 0.103488
v 0.993689 0.786142 -0.016239
v 0.923948 0.638150 0.103488
v 0.866096 0.786142 -0.486327
v 0.772761 0.572130 -0.476141
v 0.425397 0.786142 -0.900688
v 0.396344 0.557103 -0.906687
v -0.148294 0.786142 -0.925033
v -0.165209 0.538263 -0.920088
v -0.148294 0.786142 -0.925033
v -0.305223 0.552473 -0.821416
v -0.320463 0.775262 -0.809533
v -0.305223 0.552473 -0.821416
v -0.635206 0.585964 -0.588867
v -0.187914 0.205515 -0.913451
v -0.633987 0.205515 -0.566597
v -0.633987 0.205515 -0.566597
v -0.729118 0.081460 -0.632690
v -0.816091 0.205515 -0.066578
v -0.923480 0.081460 -0.059694
v -0.712910 0.205515 0.511406
v -0.797192 0.081460 0.584633
v -0.285800 0.205515 0.837293
v -0.316422 0.081460 0.948904
v -0.729118 0.081460 -0.632690
v -0.633987 0.205515 -0.566597
v -0.990802 0.081460 -0.880635
v -0.633987 0.205515 -0.566597
v -0.919568 0.603290 -0.913240
v -0.635206 0.585964 -0.588867
v -0.770903 0.765187 -0.955574
v -0.635206 0.585964 -0.588867
v -0.539114 0.761445 -0.662848
v -0.320463 0.775262 -0.809533
v -0.148294 0.786142 -0.925033
v 0.425397 0.786142 -0.900688
v -0.102155 1.069099 -0.911505
v 0.386058 1.069099 -0.885053
v -0.316422 0.081460 0.948904
v 0.335195 0.081460 0.893979
v -0.285800 0.205515 0.837293
v 0.335195 0.081460 0.893979
v 0.302105 0.205515 0.786606
v 0.830702 0.081460 0.550129
v 0.748179 0.205515 0.487996
v 0.916279 0.081460 0.303297
v 0.845590 0.205515 0.220521
v 1.039883 0.081460 -0.053217
v 0.930279 0.205515 -0.012023
v 0.676716 0.804211 -1.156086
v -0.238914 0.804211 -1.258649
v 0.637052 1.087167 -1.139762
v -0.181576 1.087167 -1.245249
v 1.393085 3.742948 -2.158264
v 1.380376 3.591729 -2.207380
v 0.786764 3.735815 -2.157321
v 1.380376 3.591729 -2.207380
v 0.782698 3.587123 -2.140957
v 1.205342 3.022887 -2.037208
v 0.089892 3.499006 -2.064235
v 1.205342 3.022887 -2.037208
v 0.110664 3.074332 -1.930229
v 1.088741 3.009160 -1.699834
v 0.110664 3.074332 -1.930229
v 0.139143 3.041569 -1.614948
v 0.110664 3.074332 -1.930229
v -0.827531 2.932895 -1.448185
v 0.110664 3.074332 -1.930229
v -1.023035 2.954016 -1.750680
v 0.089892 3.499006 -2.064235
v -1.191746 3.640235 -1.836608
v -1.055390 4.148138 -0.995809
v -1.092523 3.794340 -0.995154
v -0.777926 4.147380 -0.960314
v -1.092523 3.794340 -0.995154
v 0.205110 4.028886 -1.133929
v 0.181377 3.644366 -1.202852
v 0.205110 4.028886 -1.133929
v 0.957369 3.736771 -1.302071
v 0.918039 4.012978 -1.293185
v 0.957369 3.736771 -1.302071
v 1.000477 4.061711 -1.203589
v 1.482130 3.742948 -1.368432
v 1.613991 3.952764 -1.302340
v 1.482130 3.742948 -1.368432
v 0.957369 3.736771 -1.302071
v 1.479329 3.591729 -1.311255
v 0.181377 3.644366 -1.202852
v 1.479329 3.591729 -1.311255
v 0.188247 3.499006 -1.169245
v 1.263105 3.022887 -1.389391
v 0.188247 3.499006 -1.169245
v 0.164851 3.074332 -1.299577
v 0.188247 3.499006 -1.169245
v -0.964418 2.954016 -1.113786
v 0.188247 3.499006 -1.169245
v -1.088269 3.640235 -0.944987
v 0.181377 3.644366 -1.202852
v -1.092523 3.794340 -0.995154
v 0.930279 0.205515 -0.012023
v 0.923948 0.638150 0.103488
v 0.778857 0.205515 -0.522460
v 0.772761 0.572130 -0.476141
v 0.351745 0.205515 -0.915892
v 0.396344 0.557103 -0.906687
v -0.187914 0.205515 -0.913451
v -0.165209 0.538263 -0.920088
v -0.305223 0.552473 -0.821416
v -0.617697 4.205367 -1.132374
v 0.089237 4.110581 -1.393785
v -0.548637 4.230360 -1.206533
v -0.548637 4.230360 -1.206533
v 0.089237 4.110581 -1.393785
v 0.021666 4.158222 -1.545320
v -1.369467 4.316861 -1.257919
v -1.258831 4.257426 -1.165589
v -1.084667 4.286848 -1.150702
v -1.076007 4.245815 -1.104883
v -1.084667 4.286848 -1.150702
v -1.076007 4.245815 -1.104883
v -0.617697 4.205367 -1.132374
v -1.185549 3.794340 -1.781866
v -0.507613 3.714556 -1.913855
v -1.191746 3.640235 -1.836608
v -0.507613 3.714556 -1.913855
v 0.089892 3.499006 -2.064235
v 0.088803 3.644366 -2.029963
v 0.782698 3.587123 -2.140957
v 0.733422 3.735152 -2.053867
v 0.786764 3.735815 -2.157321
v 1.393085 3.742948 -2.158264
v 1.506941 4.016609 -2.316542
v 1.505760 3.776505 -1.770297
v 1.642955 4.115845 -1.819928
v 1.505760 3.776505 -1.770297
v 1.613991 3.952764 -1.302340
v 1.482130 3.742948 -1.368432
v -0.548637 4.230360 -1.206533
v -1.084667 4.286848 -1.150702
v -0.617697 4.205367 -1.132374
v -1.092523 3.794340 -0.995154
v -1.055390 4.148138 -0.995809
v -1.239994 3.828587 -1.377602
v -1.237173 4.142157 -1.287063
v -1.239994 3.828587 -1.377602
v -1.212648 4.154944 -1.846011
v -1.185549 3.794340 -1.781866
v -0.578599 4.139267 -2.093525
v -0.507613 3.714556 -1.913855
v -0.578599 4.139267 -2.093525
v 0.088803 3.644366 -2.029963
v -0.067686 4.154428 -2.154078
v 0.088803 3.644366 -2.029963
v 0.099657 4.147476 -2.159067
v 0.733422 3.735152 -2.053867
v 0.774661 4.119437 -2.179195
v 0.733422 3.735152 -2.053867
v 0.846408 4.173079 -2.344308
v 0.786764 3.735815 -2.157321
v 0.846408 4.173079 -2.344308
v 1.393085 3.742948 -2.158264
v 1.506941 4.016609 -2.316542
v 1.119956 0.081460 -0.770656
v 1.191512 0.565904 -0.704801
v 1.281292 0.081460 -0.185870
v 1.191512 0.565904 -0.704801
v 1.382511 0.598619 -0.005920
v 1.191512 0.565904 -0.704801
v 1.319779 0.804211 -0.087723
v 1.191512 0.565904 -0.704801
v 1.169889 0.804211 -0.674030
v 1.191512 0.565904 -0.704801
v 0.676716 0.804211 -1.156086
v 1.119956 0.081460 -0.770656
v 0.676716 0.804211 -1.156086
v 0.549614 0.081460 -1.188951
v -0.238914 0.804211 -1.258649
v -0.300106 0.081460 -1.238352
v -0.238914 0.804211 -1.258649
v -0.769118 0.081460 -1.067664
v -0.238914 0.804211 -1.258649
v -0.635961 0.614625 -1.132192
v -0.538832 0.795770 -1.131709
v -0.919568 0.603290 -0.913240
v -0.770903 0.765187 -0.955574
v 0.089237 4.110581 -1.393785
v 0.196324 4.150273 -1.572196
v 0.021666 4.158222 -1.545320
v -0.990802 0.081460 -0.880635
v -0.919568 0.603290 -0.913240
v -0.769118 0.081460 -1.067664
v -0.635961 0.614625 -1.132192
vt 1.587435 0.620241
vt 1.420809 0.620241
vt 1.582602 0.996732
vt 1.420809 0.620241
vt 1.406446 0.996732
vt 1.233948 0.620241
vt 1.215973 0.996734
vt 1.031785 0.620241
vt 1.018853 0.996734
vt 0.809137 0.620241
vt 0.806829 0.996732
vt 0.809137 0.620241
vt 0.613533 0.996732
vt 0.616720 0.620241
vt 0.393317 0.996732
vt 0.396502 0.620241
vt 0.393317 0.996732
vt 0.221453 0.620241
vt 0.211268 0.996732
vt 0.221453 0.620241
vt -0.042641 0.996732
vt -0.044736 0.620241
vt -0.042641 0.996732
vt -0.232135 0.620241
vt -0.231387 0.996732
vt -0.412565 0.620241
vt -0.417398 0.996732
vt 0.991998 0.017200
vt 0.466259 0.016854
vt 0.987339 0.192435
vt 0.466259 0.016854
vt 0.461883 0.191947
vt 0.466259 0.016854
vt -0.172317 0.197811
vt -0.172391 0.017321
vt 0.000000 0.633885
vt 0.000000 0.971357
vt 1.000000 0.633885
vt 1.000000 0.971357
vt 0.943592 0.089000
vt 1.025463 0.027071
vt 0.896846 0.019745
vt 1.111567 0.755619
vt 0.908179 0.806480
vt 1.071737 1.001008
vt 0.908179 0.806480
vt 0.926324 0.996888
vt 0.908179 0.806480
vt 0.807641 0.996888
vt 0.764745 0.721538
vt 0.547733 0.996888
vt 0.533243 0.702204
vt 0.273284 0.996888
vt 0.265895 0.677964
vt 0.273284 0.996888
vt 0.211891 0.696247
vt 0.206154 0.982890
vt 0.211891 0.696247
vt 0.084615 0.739336
vt 0.255976 0.019745
vt 0.087955 0.019745
vt 0.000000 1.000499
vt 0.000000 0.500499
vt 0.319199 1.000499
vt 0.318824 0.500499
vt 0.645313 1.000499
vt 0.646419 0.500499
vt 1.000000 1.000499
vt 1.000000 0.500499
vt 0.034746 0.089000
vt 0.087955 0.019745
vt -0.119822 0.027071
vt 0.087955 0.019745
vt -0.090162 0.761628
vt 0.084615 0.739336
vt -0.025077 0.969927
vt 0.084615 0.739336
vt 0.120901 0.965113
vt 0.206154 0.982890
vt 0.246786 0.779477
vt -0.083482 0.788951
vt 0.232344 0.997470
vt -0.076978 1.003503
vt 0.000000 0.497924
vt 0.607328 0.497924
vt 0.000000 0.997924
vt 0.607328 0.497924
vt 0.626422 0.997924
vt 1.319548 0.497924
vt 1.347816 0.997924
vt 1.597924 0.497924
vt 1.696688 0.997924
vt 2.000000 0.497924
vt 2.000000 0.997924
vt 0.000000 0.792958
vt 1.000000 0.792958
vt 0.000000 0.991968
vt 1.000000 0.991968
vt 1.000000 1.083964
vt 0.995084 0.904163
vt 0.765431 1.074528
vt 0.995084 0.904163
vt 0.763858 0.878785
vt 1.013706 0.123806
vt 0.495831 0.743147
vt 1.013706 0.123806
vt 0.503867 0.158524
vt 0.968596 0.007323
vt 0.503867 0.158524
vt 0.514884 0.024068
vt 0.503867 0.158524
vt 0.163625 0.026500
vt 0.503867 0.158524
vt 0.087990 0.142258
vt 0.495831 0.743147
vt 0.000000 0.857812
vt -0.200469 1.001665
vt -0.220232 0.703717
vt -0.052797 1.001286
vt -0.220232 0.703717
vt 0.470395 0.942056
vt 0.457764 0.578124
vt 0.470395 0.942056
vt 0.870763 0.655506
vt 0.849832 0.934104
vt 0.870763 0.655506
vt 0.893707 0.958464
vt 1.150052 0.660680
vt 1.220232 0.904006
vt 1.150052 0.660680
vt 0.870763 0.655506
vt 1.148563 0.534044
vt 0.457764 0.578124
vt 1.148563 0.534044
vt 0.461421 0.456394
vt 1.033483 0.003243
vt 0.461421 0.456394
vt 0.448969 0.006272
vt 0.461421 0.456394
vt -0.152051 0.000000
vt 0.461421 0.456394
vt -0.217968 0.574664
vt 0.457764 0.578124
vt -0.220232 0.703717
vt 0.896846 0.019745
vt 0.908179 0.806480
vt 0.761884 0.019745
vt 0.764745 0.721538
vt 0.511000 0.019745
vt 0.533243 0.702204
vt 0.255976 0.019745
vt 0.265895 0.677964
vt 0.211891 0.696247
vt 0.667174 0.991123
vt 0.000000 0.991128
vt 0.599777 0.538462
vt 0.599777 0.538462
vt 0.000000 0.991128
vt 0.000000 0.538464
vt 0.000000 0.586643
vt 0.000000 0.945396
vt 1.000000 0.586642
vt 1.000000 0.945396
vt 1.000000 0.538459
vt 1.000000 0.991121
vt 0.667174 0.991123
vt 0.002397 1.039672
vt 0.264672 0.975889
vt 0.000000 0.857812
vt 0.264672 0.975889
vt 0.495831 0.743147
vt 0.495409 0.919774
vt 0.763858 0.878785
vt 0.744795 1.043363
vt 0.765431 1.074528
vt 0.843881 0.356727
vt 1.000027 0.755221
vt 0.461357 0.406035
vt 0.510399 0.900328
vt 0.461357 0.406035
vt 0.000007 0.663317
vt 0.065109 0.357588
vt 0.599777 0.538462
vt 1.000000 0.538459
vt 0.667174 0.991123
vt -0.426540 0.053148
vt -0.409002 0.952827
vt -0.499880 0.059285
vt -0.504400 0.941514
vt -0.499880 0.059285
vt -0.447889 0.965700
vt -0.433976 0.053148
vt 0.002102 0.936050
vt 0.037721 0.038849
vt 0.002102 0.936050
vt 0.452696 0.026270
vt 0.354817 0.964724
vt 0.452696 0.026270
vt 0.469288 0.951576
vt 0.893979 0.042540
vt 0.931022 0.898542
vt 0.893979 0.042540
vt 0.991701 1.000000
vt 0.937719 0.042659
vt 0.991701 1.000000
vt 1.351250 0.043937
vt 1.440157 0.704055
vt 1.129755 0.000000
vt 1.262159 0.670278
vt 1.395671 0.000000
vt 1.262159 0.670278
vt 1.534559 0.715542
vt 1.262159 0.670278
vt 1.471246 1.000000
vt 1.262159 0.670278
vt 1.250776 1.000000
vt 1.262159 0.670278
vt 0.781558 1.000000
vt 1.129755 0.000000
vt 0.781558 1.000000
vt 0.676806 0.000000
vt 0.050694 1.000000
vt 0.006657 0.000000
vt 0.050694 1.000000
vt -0.328192 0.000000
vt 0.050694 1.000000
vt -0.235970 0.737688
vt -0.160282 0.988321
vt -0.417959 0.722005
vt -0.309737 0.946006
vt 0.000000 0.971357
vt 1.000000 0.971357
vt 1.000000 0.633885
vt -0.467636 0.000000
vt -0.417959 0.722005
vt -0.328192 0.000000
vt -0.235970 0.737688
vn -0.0204 0.5468 0.8370
vn -0.0056 0.1511 0.9885
vn -0.0257 0.5398 0.8414
vn -0.2082 0.3878 0.8979
vn -0.2907 0.5674 0.7704
vn -0.6307 0.5990 0.4933
vn -0.6537 0.5973 0.4647
vn -0.7814 0.6176 0.0895
vn -0.7924 0.6077 0.0519
vn -0.6612 0.4842 0.5730
vn -0.6558 0.6037 -0.4532
vn -0.5997 0.7531 0.2703
vn -0.2932 0.5717 -0.7663
vn -0.3135 0.5563 -0.7696
vn -0.2351 0.7844 0.5739
vn 0.1650 0.5433 -0.8231
vn 0.5981 0.6247 0.5020
vn 0.6702 0.6948 0.2607
vn 0.7052 0.5638 -0.4299
vn 0.6655 0.4437 0.6001
vn 0.5905 0.4013 0.7001
vn 0.8152 0.5758 0.0629
vn 0.4645 0.3307 0.8215
vn 0.6529 0.5700 0.4988
vn 0.6477 0.5611 0.5154
vn 0.4681 0.5334 0.7045
vn 0.4660 0.5243 0.7126
vn -0.0412 -0.9969 0.0672
vn -0.0083 -0.2006 0.9796
vn -0.0385 -0.9966 0.0733
vn -0.0087 -0.3522 0.9359
vn 0.0492 -0.9938 0.0992
vn 0.0871 -0.6812 0.7269
vn 0.1241 -0.9862 0.1097
vn 0.1236 -0.9859 0.1129
vn 0.0435 0.9990 -0.0126
vn 0.0431 0.9990 -0.0124
vn 0.0416 0.9991 -0.0117
vn 0.0411 0.9991 -0.0115
vn 0.4773 0.1332 0.8686
vn 0.3464 -0.2761 0.8965
vn 0.3121 -0.2281 0.9222
vn 0.2671 0.0305 0.9632
vn 0.1216 -0.0432 0.9916
vn 0.2229 0.4589 0.8600
vn 0.0258 0.1042 0.9942
vn -0.3934 0.6831 0.6153
vn -0.4537 0.2736 0.8481
vn -0.8109 0.3945 0.4321
vn -0.8039 0.3379 0.4894
vn -0.4494 0.0681 0.8907
vn -0.3949 0.0327 0.9181
vn -0.0147 0.0058 0.9998
vn 0.2983 -0.0013 0.9544
vn 0.2837 -0.0066 0.9589
vn 0.3120 -0.0085 0.9500
vn 0.5654 -0.0053 0.8247
vn 0.4118 -0.0110 0.9112
vn 0.5940 0.0165 0.8043
vn 0.5950 0.0139 0.8036
vn 0.6131 0.0481 0.7885
vn -0.6974 0.6701 -0.2540
vn -0.7058 0.6615 -0.2534
vn -0.7527 0.6545 -0.0710
vn -0.7594 0.6489 -0.0464
vn -0.6465 0.6650 0.3738
vn -0.6264 0.6647 0.4071
vn -0.4563 0.6557 0.6015
vn -0.4565 0.6547 0.6025
vn -0.6811 0.1393 0.7188
vn -0.1928 0.0394 0.9804
vn -0.6808 0.1381 0.7193
vn -0.4124 0.0536 0.9094
vn -0.6725 0.3606 0.6462
vn -0.4598 0.1198 0.8799
vn -0.5809 0.6256 0.5207
vn -0.1484 0.2354 0.9605
vn 0.0795 0.3500 0.9334
vn 0.5545 0.0467 0.8309
vn -0.0424 -0.0408 0.9983
vn -0.0500 -0.0551 0.9972
vn -0.0457 -0.0470 0.9978
vn -0.0540 -0.0626 0.9966
vn 0.0632 0.6588 0.7496
vn 0.0093 0.0973 0.9952
vn 0.0633 0.6594 0.7491
vn 0.1774 0.4444 0.8781
vn 0.2560 0.6680 0.6987
vn 0.6074 0.6433 0.4660
vn 0.6079 0.6372 0.4737
vn 0.7481 0.6084 0.2648
vn 0.7523 0.6020 0.2678
vn 0.7596 0.5910 0.2713
vn 0.7638 0.5824 0.2781
vn 0.1110 0.0727 -0.9911
vn 0.1240 0.0328 -0.9917
vn 0.1141 0.0633 -0.9914
vn 0.1278 0.0211 -0.9916
vn -0.0051 0.3093 -0.9509
vn -0.0144 0.8741 0.4855
vn -0.0935 -0.0396 -0.9948
vn -0.3939 -0.8607 0.3224
vn -0.0940 -0.1969 -0.9759
vn -0.3299 -0.8643 0.3796
vn -0.0973 -0.2821 -0.9544
vn -0.0588 -0.7363 0.6741
vn -0.2265 -0.9740 0.0071
vn -0.0510 -0.9966 -0.0653
vn -0.0163 -0.3793 0.9251
vn 0.0265 -0.9940 -0.1057
vn 0.0335 -0.3606 0.9321
vn 0.0863 -0.9888 -0.1218
vn -0.2016 -0.9778 -0.0577
vn -0.0847 -0.6397 -0.7639
vn -0.1421 -0.2594 -0.9552
vn -0.1903 -0.1679 -0.9673
vn -0.1268 0.0151 0.9918
vn -0.0363 0.0043 0.9993
vn 0.0682 -0.1580 0.9850
vn 0.0550 -0.0819 0.9951
vn 0.0715 -0.0984 0.9926
vn 0.1415 -0.1831 0.9728
vn 0.0816 -0.0725 0.9940
vn 0.0978 -0.0290 0.9948
vn -0.2927 -0.0724 0.9534
vn -0.0244 -0.1504 0.9883
vn -0.2098 -0.2677 0.9404
vn 0.0983 -0.3359 0.9367
vn 0.0881 -0.3492 0.9329
vn 0.1135 0.3495 0.9300
vn 0.0932 0.2749 0.9569
vn 0.0561 0.1718 0.9835
vn 0.0903 0.2321 0.9685
vn 0.0530 -0.0645 0.9965
vn 0.0554 0.0734 0.9958
vn 0.1090 -0.2037 0.9729
vn 0.0176 -0.0813 0.9965
vn 0.1268 -0.2974 0.9463
vn 0.0492 -0.0788 0.9957
vn 0.1548 -0.2296 0.9609
vn 0.1030 0.0612 0.9928
vn 0.1763 0.0837 0.9807
vn 0.1927 0.2355 0.9525
vn 0.1883 0.3087 0.9323
vn -0.9548 -0.0896 0.2832
vn -0.9592 -0.0732 0.2730
vn -0.8407 -0.0890 0.5341
vn -0.8784 -0.0462 0.4757
vn -0.3638 -0.0102 0.9314
vn -0.4537 0.0422 0.8901
vn 0.1313 -0.0023 0.9913
vn 0.2812 -0.0000 0.9596
vn 0.5743 -0.0229 0.8183
vn 0.3070 0.7780 0.5481
vn 0.2358 0.9522 0.1942
vn -0.1786 0.7159 0.6749
vn 0.1053 0.7506 0.6523
vn -0.1417 0.3364 -0.9310
vn -0.0247 0.0587 0.9980
vn -0.1411 0.3291 -0.9337
vn -0.2715 0.5379 -0.7981
vn -0.1459 0.2305 -0.9620
vn -0.1459 0.2451 -0.9584
vn -0.4264 0.3207 -0.8457
vn -0.4406 0.3417 -0.8301
vn -0.8884 -0.0261 -0.4582
vn 0.8549 -0.4755 -0.2072
vn 0.8802 -0.4352 -0.1894
vn 0.7061 -0.3345 0.6241
vn 0.9133 -0.3876 -0.1253
vn 0.6982 -0.3302 0.6352
vn 0.8831 -0.4684 -0.0278
vn 0.8459 -0.5332 0.0052
vn 0.1388 0.8921 0.4299
vn -0.9256 0.0978 0.3656
vn -0.8991 -0.0035 0.4377
vn -0.4933 -0.0102 0.8698
vn -0.9499 -0.0788 0.3024
vn -0.8031 -0.0168 0.5956
vn -0.7743 -0.1433 -0.6163
vn -0.7544 -0.2198 -0.6184
vn -0.6004 -0.7770 0.1890
vn -0.2206 -0.4111 -0.8845
vn -0.4153 -0.8526 0.3171
vn -0.3118 -0.6512 0.6919
vn -0.0785 -0.2584 -0.9628
vn -0.0308 -0.9773 -0.2094
vn -0.0273 -0.2583 -0.9656
vn -0.0830 -0.9452 -0.3158
vn -0.6543 -0.1701 -0.7368
vn -0.7345 -0.0539 0.6764
vn -0.5426 -0.0265 0.8395
vn -0.6010 -0.2435 -0.7612
vn -0.0502 -0.9301 0.3639
vn -0.0464 -0.4457 -0.8940
vn -0.0757 -0.4754 -0.8765
vn 0.9586 -0.1056 -0.2644
vn 0.5856 -0.0645 0.8080
vn 0.9601 -0.1011 -0.2605
vn 0.2513 -0.0257 0.9676
vn 0.9631 0.0442 -0.2653
vn 0.0992 0.0191 0.9949
vn 0.9494 0.1709 -0.2633
vn 0.3470 0.0429 0.9369
vn 0.8632 0.1409 -0.4848
vn 0.9533 0.0961 -0.2864
vn 0.5472 0.0499 0.8355
vn 0.6261 -0.0316 -0.7791
vn 0.7979 -0.0258 -0.6023
vn 0.3240 -0.0306 -0.9455
vn 0.8708 -0.0715 -0.4863
vn -0.1561 -0.0145 -0.9876
vn -0.0751 0.0005 0.9972
vn -0.3245 -0.0118 -0.9458
vn -0.3697 0.0804 0.9257
vn -0.4329 0.1400 -0.8905
vn -0.4610 0.2534 -0.8504
vn -0.5911 0.3380 -0.7323
vn -0.5941 0.3571 -0.7208
vn 0.0844 0.9607 0.2644
vn -0.6443 0.0402 -0.7637
vn -0.6217 0.0520 -0.7815
vn -0.6328 0.0463 -0.7729
vn -0.6115 0.0572 -0.7891
usemtl 00000000303205B8.png
s 1
f 538/538/480 539/539/481 540/540/482
f 539/539/481 541/541/483 540/540/482
f 540/540/482 541/541/483 542/542/484
f 541/541/483 543/543/485 542/542/484
f 542/542/484 543/543/485 544/544/486
f 543/543/485 545/545/487 544/544/486
f 544/544/486 545/545/487 546/546/488
f 545/545/487 547/547/489 546/546/488
f 546/546/488 547/547/489 548/548/490
f 547/547/489 549/549/491 548/548/490
f 548/548/490 549/549/491 550/550/492
f 549/549/491 551/551/493 550/550/492
f 550/550/492 551/551/493 552/552/494
f 551/551/493 553/553/495 552/552/494
f 552/552/494 553/553/495 554/554/496
f 553/553/495 555/555/497 554/554/496
f 554/554/496 555/555/497 556/556/498
f 555/555/497 557/557/499 556/556/498
f 556/556/498 557/557/499 558/558/500
f 557/557/499 559/559/501 558/558/500
f 558/558/500 559/559/501 560/560/502
f 559/559/501 561/561/503 560/560/502
f 560/560/502 561/561/503 562/562/504
f 561/561/503 563/563/505 562/562/504
f 562/562/504 563/563/505 564/564/506
f 565/565/507 566/566/508 567/567/509
f 566/566/508 568/568/510 567/567/509
f 567/567/509 568/568/510 569/569/511
f 568/568/510 570/570/512 569/569/511
f 569/569/511 570/570/512 571/571/513
f 570/570/512 572/572/514 571/571/513
f 573/573/515 574/574/516 575/575/517
f 574/574/516 576/576/518 575/575/517
f 577/577/519 578/578/520 579/579/521
f 578/578/520 580/580/522 579/579/521
f 579/579/521 580/580/522 581/581/523
f 580/580/522 582/582/524 581/581/523
f 581/581/523 582/582/524 583/583/525
f 582/582/524 584/584/526 583/583/525
f 583/583/525 584/584/526 585/585/527
f 584/584/526 586/586/528 585/585/527
f 585/585/527 586/586/528 587/587/529
f 586/586/528 588/588/530 587/587/529
f 587/587/529 588/588/530 589/589/531
f 588/588/530 590/590/532 589/589/531
f 589/589/531 590/590/532 591/591/533
f 590/590/532 592/592/534 591/591/533
f 591/591/533 592/592/534 593/593/535
f 592/592/534 594/594/536 593/593/535
f 593/593/535 594/594/536 595/595/537
f 594/594/536 596/596/538 595/595/537
f 595/595/537 596/596/538 597/597/539
f 596/596/538 598/598/540 597/597/539
f 599/599/541 600/600/542 601/601/543
f 600/600/542 602/602/544 601/601/543
f 601/601/543 602/602/544 603/603/545
f 602/602/544 604/604/546 603/603/545
f 603/603/545 604/604/546 605/605/547
f 604/604/546 606/606/548 605/605/547
f 607/607/549 608/608/550 609/609/551
f 608/608/550 610/610/552 609/609/551
f 609/609/551 610/610/552 611/611/553
f 610/610/552 612/612/554 611/611/553
f 611/611/553 612/612/554 613/613/555
f 612/612/554 614/614/556 613/613/555
f 613/613/555 614/614/556 615/615/557
f 614/614/556 616/616/558 615/615/557
f 617/617/559 618/618/560 619/619/561
f 618/618/560 620/620/562 619/619/561
f 621/621/563 622/622/564 623/623/565
f 622/622/564 624/624/566 623/623/565
f 623/623/565 624/624/566 625/625/567
f 624/624/566 626/626/568 625/625/567
f 625/625/567 626/626/568 627/627/569
f 626/626/568 628/628/570 627/627/569
f 627/627/569 628/628/570 629/629/571
f 628/628/570 630/630/572 629/629/571
f 629/629/571 630/630/572 631/631/573
f 632/632/574 633/633/575 634/634/576
f 633/633/575 635/635/577 634/634/576
f 636/636/578 637/637/579 638/638/580
f 637/637/579 639/639/581 638/638/580
f 638/638/580 639/639/581 640/640/582
f 639/639/581 641/641/583 640/640/582
f 640/640/582 641/641/583 642/642/584
f 641/641/583 643/643/585 642/642/584
f 642/642/584 643/643/585 644/644/586
f 643/643/585 645/645/587 644/644/586
f 644/644/586 645/645/587 646/646/588
f 645/645/587 647/647/589 646/646/588
f 646/646/588 647/647/589 648/648/590
f 647/647/589 649/649/591 648/648/590
f 648/648/590 649/649/591 650/650/592
f 649/649/591 651/651/593 650/650/592
f 650/650/592 651/651/593 652/652/594
f 651/651/593 653/653/595 652/652/594
f 654/654/596 655/655/597 656/656/598
f 655/655/597 657/657/599 656/656/598
f 656/656/598 657/657/599 658/658/600
f 657/657/599 659/659/601 658/658/600
f 658/658/600 659/659/601 660/660/602
f 659/659/601 661/661/603 660/660/602
f 660/660/602 661/661/603 662/662/604
f 661/661/603 663/663/605 662/662/604
f 662/662/604 663/663/605 664/664/606
f 663/663/605 665/665/607 664/664/606
f 664/664/606 665/665/607 666/666/608
f 667/667/609 668/668/610 669/669/611
f 668/668/610 670/670/612 669/669/611
f 669/669/611 670/670/612 671/671/613
f 670/670/612 672/672/614 671/671/613
f 671/671/613 672/672/614 673/673/615
f 672/672/614 674/674/616 673/673/615
f 673/673/615 674/674/616 675/675/617
f 674/674/616 676/676/618 675/675/617
f 675/675/617 676/676/618 677/677/619
f 676/676/618 678/678/620 677/677/619
f 677/677/619 678/678/620 679/679/621
f 678/678/620 680/680/622 679/679/621
f 679/679/621 680/680/622 681/681/623
f 682/682/624 683/683/625 684/684/626
f 683/683/625 685/685/627 684/684/626
f 684/684/626 685/685/627 686/686/628
f 685/685/627 687/687/629 686/686/628
f 686/686/628 687/687/629 688/688/630
f 687/687/629 689/689/631 688/688/630
f 688/688/630 689/689/631 690/690/632
f 691/691/633 692/692/633 693/693/633
f 694/694/634 695/695/634 696/696/634
f 697/697/635 698/698/635 699/699/635
f 698/698/635 700/700/635 699/699/635
f 701/701/636 702/702/636 703/703/636
f 704/704/637 705/705/638 706/706/639
f 705/705/638 707/707/640 706/706/639
f 706/706/639 707/707/640 708/708/641
f 707/707/640 709/709/642 708/708/641
f 708/708/641 709/709/642 710/710/643
f 709/709/642 711/711/644 710/710/643
f 710/710/643 711/711/644 712/712/645
f 713/713/646 714/714/647 715/715/648
f 714/714/647 716/716/649 715/715/648
f 715/715/648 716/716/649 717/717/650
f 716/716/649 718/718/651 717/717/650
f 717/717/650 718/718/651 719/719/652
f 720/720/653 721/721/653 722/722/653
f 723/723/654 724/724/655 725/725/656
f 724/724/655 726/726/657 725/725/656
f 725/725/656 726/726/657 727/727/658
f 726/726/657 728/728/659 727/727/658
f 727/727/658 728/728/659 729/729/660
f 728/728/659 730/730/661 729/729/660
f 729/729/660 730/730/661 731/731/662
f 730/730/661 732/732/663 731/731/662
f 731/731/662 732/732/663 733/733/664
f 732/732/663 734/734/665 733/733/664
f 733/733/664 734/734/665 735/735/666
f 734/734/665 736/736/667 735/735/666
f 735/735/666 736/736/667 737/737/668
f 736/736/667 738/738/669 737/737/668
f 737/737/668 738/738/669 739/739/670
f 738/738/669 740/740/671 739/739/670
f 739/739/670 740/740/671 741/741/672
f 740/740/671 742/742/673 741/741/672
f 741/741/672 742/742/673 743/743/674
f 742/742/673 744/744/675 743/743/674
f 745/745/676 746/746/677 747/747/678
f 746/746/677 748/748/679 747/747/678
f 747/747/678 748/748/679 749/749/680
f 748/748/679 750/750/681 749/749/680
f 749/749/680 750/750/681 751/751/682
f 750/750/681 752/752/683 751/751/682
f 751/751/682 752/752/683 753/753/684
f 752/752/683 754/754/685 753/753/684
f 753/753/684 754/754/685 755/755/686
f 754/754/685 756/756/687 755/755/686
f 755/755/686 756/756/687 757/757/688
f 756/756/687 758/758/689 757/757/688
f 757/757/688 758/758/689 759/759/690
f 758/758/689 760/760/691 759/759/690
f 759/759/690 760/760/691 761/761/692
f 760/760/691 762/762/693 761/761/692
f 761/761/692 762/762/693 763/763/694
f 762/762/693 764/764/695 763/763/694
f 763/763/694 764/764/695 765/765/696
f 764/764/695 766/766/697 765/765/696
f 765/765/696 766/766/697 767/767/698
f 768/768/699 769/769/699 770/770/699
f 771/771/700 772/772/701 773/773/702
f 772/772/701 774/774/703 773/773/702
o mesh_99
v -0.962701 0.226431 -1.932877
v -1.341509 0.226431 -2.098262
v -1.302372 0.905195 -2.136016
v 1.484215 0.074143 -2.228792
v 1.476087 0.206195 -2.113533
v 1.875407 0.066826 -2.026100
v 1.476087 0.206195 -2.113533
v 1.806450 0.206195 -1.951303
v 1.476087 0.206195 -2.113533
v 1.815699 0.801040 -1.969346
v 1.446029 0.852365 -2.135145
v 1.699820 1.482609 -1.885099
v 1.393902 1.516335 -2.001395
v 1.610215 2.079001 -1.865234
v 1.361646 2.079001 -1.932826
v 1.610215 2.079001 -1.865234
v 1.440974 2.736261 -2.003498
v 1.663047 2.705707 -1.934873
v 1.853290 2.844925 -2.086506
v 1.663047 2.705707 -1.934873
v 2.022856 2.824886 -1.771712
v 1.767313 2.693051 -1.743291
v 1.907731 2.844925 -1.435502
v 1.694434 2.705707 -1.538996
v 1.573309 2.893303 -1.267858
v 1.486273 2.736261 -1.438893
v 1.211062 2.941681 -1.371890
v 1.123982 0.081460 0.475837
v 1.210611 0.188396 0.555738
v 1.445840 0.188396 0.357743
v 1.210611 0.188396 0.555738
v 1.498892 0.462046 0.384698
v 1.210611 0.188396 0.555738
v 1.247414 0.392627 0.576889
v 1.210611 0.188396 0.555738
v 1.216737 0.387868 0.897279
v 1.185835 0.188396 0.867253
v 1.420368 0.450556 1.265809
v 1.386013 0.188396 1.231253
v 1.852044 0.543970 1.317619
v 1.815351 0.188396 1.262758
v 2.110287 0.613388 1.131245
v 2.050571 0.188396 1.064762
v 2.075350 0.188396 0.631797
v 2.050571 0.188396 1.064762
v 2.093816 0.042747 1.084763
v 1.815351 0.188396 1.262758
v 1.816272 0.042747 1.328939
v 1.386013 0.188396 1.231253
v 1.340124 0.066826 1.292765
v 1.386013 0.188396 1.231253
v 1.097393 0.066826 0.889186
v 1.185835 0.188396 0.867253
v 1.097393 0.066826 0.889186
v 1.210611 0.188396 0.555738
v 1.123982 0.081460 0.475837
v 1.057031 0.074143 -1.136948
v 1.463626 0.074143 -0.934089
v 1.455164 0.206195 -1.050579
v 1.865590 0.074143 -1.117612
v 1.455164 0.206195 -1.050579
v 1.791658 0.206195 -1.199684
v 1.455164 0.206195 -1.050579
v 1.800190 0.801040 -1.181290
v 1.424284 0.852365 -1.030163
v 1.699282 1.482609 -1.324446
v 1.395230 1.516335 -1.216343
v 1.627586 2.079001 -1.487507
v 1.386207 2.079001 -1.398636
v 1.486273 2.736261 -1.438893
v 1.263028 2.766816 -1.503585
v 1.211062 2.941681 -1.371890
v 1.031678 2.934736 -1.692496
v 1.088741 3.009160 -1.699834
v 1.153206 2.941681 -2.039706
v 1.205342 3.022887 -2.037208
v 1.493924 2.893303 -2.200407
v 1.531953 2.976928 -2.194066
v -1.421365 2.939922 -1.844713
v -1.023035 2.954016 -1.750680
v -1.386301 2.833101 -1.865007
v -1.023035 2.954016 -1.750680
v -0.972156 2.784242 -1.767712
v -0.827531 2.932895 -1.448185
v -0.771043 2.769900 -1.455485
v -0.913558 2.824672 -1.111674
v -1.016018 2.645531 -1.240054
v -1.258102 2.666434 -1.139707
v -0.913714 2.188147 -1.289243
v -1.183823 2.164284 -1.196797
v -0.891700 1.628080 -1.227886
v -1.212852 1.603221 -1.101246
v -1.325105 0.905195 -0.981001
v -1.212852 1.603221 -1.101246
v -1.762040 0.847640 -1.155069
v -1.623920 1.578362 -1.224245
v -1.778093 1.568065 -1.524793
v -1.623920 1.578362 -1.224245
v -1.640401 1.655327 -1.553983
v -1.623920 1.578362 -1.224245
v -1.491713 1.668354 -1.277158
v -1.212852 1.603221 -1.101246
v -1.463504 2.140422 -1.263469
v -1.183823 2.164284 -1.196797
v -1.463504 2.140422 -1.263469
v -1.512324 2.645050 -1.202776
v -1.630438 2.636192 -1.390416
v -1.909379 2.785218 -1.358090
v -1.630438 2.636192 -1.390416
v -1.773133 2.799242 -1.694039
v -1.544563 2.645050 -1.593966
v -1.773133 2.799242 -1.694039
v -1.386301 2.833101 -1.865007
v -1.773133 2.799242 -1.694039
v -1.421365 2.939922 -1.844713
v -1.773133 2.799242 -1.694039
v -1.792669 2.889685 -1.678105
v -1.773133 2.799242 -1.694039
v -1.922467 2.876362 -1.351245
v -1.909379 2.785218 -1.358090
v -1.716898 2.799242 -1.049181
v -1.512324 2.645050 -1.202776
v 0.901171 0.074143 -1.596591
v 1.057031 0.074143 -1.136948
v 1.124801 0.206195 -1.212810
v 1.455164 0.206195 -1.050579
v 1.424284 0.852365 -1.030163
v -1.785221 0.188395 0.949273
v -1.447758 0.188395 1.015906
v -1.515813 0.548640 0.966592
v 1.486273 2.736261 -1.438893
v 1.627586 2.079001 -1.487507
v 1.694434 2.705707 -1.538996
v 1.627586 2.079001 -1.487507
v 1.720376 2.079001 -1.680779
v 1.627586 2.079001 -1.487507
v 1.826383 1.468639 -1.602646
v 1.699282 1.482609 -1.324446
v 1.962724 0.779781 -1.572274
v 1.800190 0.801040 -1.181290
v 1.962724 0.779781 -1.572274
v 1.791658 0.206195 -1.199684
v 1.937163 0.206195 -1.572775
v 1.865590 0.074143 -1.117612
v 1.937163 0.206195 -1.572775
v 2.039767 0.074143 -1.573588
v 1.937163 0.206195 -1.572775
v 1.875407 0.066826 -2.026100
v 1.937163 0.206195 -1.572775
v 1.806450 0.206195 -1.951303
v 1.962724 0.779781 -1.572274
v 1.815699 0.801040 -1.969346
v 1.826383 1.468639 -1.602646
v 1.699820 1.482609 -1.885099
v 1.720376 2.079001 -1.680779
v 1.610215 2.079001 -1.865234
v -1.610801 1.588332 -1.841179
v -1.554110 2.130537 -1.451039
v -1.483058 2.140422 -1.648264
v -1.554110 2.130537 -1.451039
v -1.544563 2.645050 -1.593966
v -1.554110 2.130537 -1.451039
v -1.630438 2.636192 -1.390416
v -1.554110 2.130537 -1.451039
v -1.463504 2.140422 -1.263469
v -1.554110 2.130537 -1.451039
v -1.491713 1.668354 -1.277158
v -1.554110 2.130537 -1.451039
v -1.640401 1.655327 -1.553983
v -1.610801 1.588332 -1.841179
v -1.778093 1.568065 -1.524793
v -1.936726 0.823800 -1.570769
v -1.762040 0.847640 -1.155069
v -1.741538 0.226431 -1.185655
v -1.762040 0.847640 -1.155069
v -1.362727 0.226431 -1.020269
v -1.325105 0.905195 -0.981001
v -0.977702 0.226431 -1.170621
v -0.883101 0.962749 -1.145267
v -0.812007 0.226431 -1.548635
v -0.693926 0.986589 -1.546313
v -0.867173 0.962749 -1.954489
v -0.744175 1.638378 -1.524055
v -0.897895 1.628080 -1.819099
v -0.810905 2.198031 -1.483698
v -0.934372 2.188147 -1.667751
v -0.929185 2.613959 -1.446287
v -1.049149 2.645531 -1.635704
v 1.277708 0.081460 0.257564
v 1.123982 0.081460 0.475837
v 1.445840 0.188396 0.357743
v 2.093816 0.042747 1.084763
v 2.118439 0.042747 0.595028
v 2.075350 0.188396 0.631797
v 2.118439 0.042747 0.595028
v 1.875167 0.188396 0.389247
v 1.867189 0.070888 0.292624
v 1.445840 0.188396 0.357743
v 1.277708 0.081460 0.257564
v 1.498892 0.462046 0.384698
v 1.936902 0.555459 0.437402
v 1.445840 0.188396 0.357743
v 1.936902 0.555459 0.437402
v 1.875167 0.188396 0.389247
v 2.147285 0.618148 0.703495
v 2.075350 0.188396 0.631797
v 2.110287 0.613388 1.131245
v -0.142381 0.188395 1.375343
v -0.183323 0.066826 1.250819
v -0.344922 0.188395 1.559725
v -0.451178 0.066826 1.505585
v -0.356057 0.188395 1.838037
v -0.460962 0.066826 1.887743
v -0.169263 0.188395 2.047248
v -0.206943 0.066826 2.173419
v 0.160604 0.188395 2.064796
v 0.216641 0.066826 2.195268
v 0.160604 0.188395 2.064796
v 0.484496 0.066826 1.940499
v 0.363145 0.188395 1.880403
v 0.439714 0.066826 1.558346
v 0.319715 0.188395 1.602091
v 0.162605 0.066826 1.272673
v 0.109829 0.188395 1.392886
v -0.183323 0.066826 1.250819
v -0.142381 0.188395 1.375343
v -1.997065 0.042747 0.692590
v -1.835232 0.042747 1.028841
v -1.785221 0.188395 0.949273
v -1.419854 0.066826 1.079346
v -1.447758 0.188395 1.015906
v -1.120834 0.066826 0.861998
v -1.167014 0.188395 0.821067
v -1.120834 0.066826 0.861998
v -1.107448 0.188395 0.478890
v -1.025731 0.081460 0.606355
v -1.107448 0.188395 0.478890
v -1.233415 0.069206 0.113966
v -1.303952 0.188395 0.189817
v -1.638117 0.066826 0.097691
v -1.303952 0.188395 0.189817
v -1.641418 0.188395 0.123183
v -1.347472 0.548640 0.145232
v -1.696700 0.548640 0.066907
v -1.347472 0.548640 0.145232
v -1.741103 0.982792 0.088019
v -1.407998 0.982794 0.171589
v -1.693791 1.864328 0.145957
v -1.407998 0.982794 0.171589
v -1.446206 1.772496 0.201870
v -1.224893 0.982794 0.450858
v -1.310215 1.710869 0.432180
v -1.224893 0.982794 0.450858
v -1.367269 1.715548 0.700845
v -1.299051 0.982794 0.762233
v -1.582938 1.783791 0.850740
v -1.587028 0.982792 0.923320
v -1.829101 1.875623 0.795186
v -1.920134 0.982792 0.839749
v -1.962556 1.937250 0.566474
v -2.103233 0.982792 0.560479
v -1.906931 1.932571 0.297447
v -2.029081 0.982792 0.249103
v -1.920134 0.982792 0.839749
v -2.103233 0.982792 0.560479
v -1.865043 0.548640 0.888269
v -2.062680 0.548640 0.592312
v -1.981723 0.188395 0.660199
v -2.062680 0.548640 0.592312
v -1.922153 0.188395 0.318022
v -1.992952 0.548640 0.252094
v -1.641418 0.188395 0.123183
v -1.696700 0.548640 0.066907
v -2.062680 0.548640 0.592312
v -2.103233 0.982792 0.560479
v -1.992952 0.548640 0.252094
v -2.029081 0.982792 0.249103
v -1.696700 0.548640 0.066907
v -2.029081 0.982792 0.249103
v -1.741103 0.982792 0.088019
v -1.906931 1.932571 0.297447
v -1.693791 1.864328 0.145957
v -1.638117 0.066826 0.097691
v -1.937129 0.042747 0.315042
v -1.641418 0.188395 0.123183
v -1.937129 0.042747 0.315042
v -1.922153 0.188395 0.318022
v -1.997065 0.042747 0.692590
v -1.981723 0.188395 0.660199
v -1.785221 0.188395 0.949273
v -1.865043 0.548640 0.888269
v -1.515813 0.548640 0.966592
v -1.920134 0.982792 0.839749
v -1.515813 0.548640 0.966592
v -1.587028 0.982792 0.923320
v -1.515813 0.548640 0.966592
v -1.219565 0.548640 0.781406
v -1.447758 0.188395 1.015906
v -1.219565 0.548640 0.781406
v -1.167014 0.188395 0.821067
v -1.219565 0.548640 0.781406
v -1.107448 0.188395 0.478890
v -1.149838 0.548640 0.441187
v -1.303952 0.188395 0.189817
v -1.149838 0.548640 0.441187
v -1.347472 0.548640 0.145232
v -1.149838 0.548640 0.441187
v -1.407998 0.982794 0.171589
v -1.149838 0.548640 0.441187
v -1.224893 0.982794 0.450858
v -1.219565 0.548640 0.781406
v -1.299051 0.982794 0.762233
v -1.587028 0.982792 0.923320
v 1.440974 2.736261 -2.003498
v 1.493924 2.893303 -2.200407
v 1.853290 2.844925 -2.086506
v 1.531953 2.976928 -2.194066
v 1.853290 2.844925 -2.086506
v 1.877650 2.930969 -2.084375
v 1.853290 2.844925 -2.086506
v 2.041784 2.911932 -1.778722
v 2.022856 2.824886 -1.771712
v 1.932251 2.930969 -1.451722
v 1.907731 2.844925 -1.435502
v 1.611388 2.976928 -1.288625
v 1.573309 2.893303 -1.267858
v 1.263105 3.022887 -1.389391
v 1.211062 2.941681 -1.371890
v 1.088741 3.009160 -1.699834
v 1.484215 0.074143 -2.228792
v 1.076705 0.074143 -2.050770
v 1.476087 0.206195 -2.113533
v 1.076705 0.074143 -2.050770
v 1.139590 0.206195 -1.964431
v 0.901171 0.074143 -1.596591
v 0.994085 0.206195 -1.591338
v 1.124801 0.206195 -1.212810
v 1.056011 0.903689 -1.202656
v 1.424284 0.852365 -1.030163
v 1.092510 1.550060 -1.336693
v 1.395230 1.516335 -1.216343
v 1.137632 2.125121 -1.466220
v 1.386207 2.079001 -1.398636
v 1.220146 2.188579 -1.472356
v 1.263028 2.766816 -1.503585
v 1.156291 2.779472 -1.697958
v 1.031678 2.934736 -1.692496
v 1.230341 2.766816 -1.906175
v 1.153206 2.941681 -2.039706
v -1.741538 0.226431 -1.185655
v -1.936726 0.823800 -1.570769
v -1.892234 0.226431 -1.569898
v -1.936726 0.823800 -1.570769
v -1.726536 0.226431 -1.947908
v -1.745818 0.847640 -1.979277
v -1.341509 0.226431 -2.098262
v -1.745818 0.847640 -1.979277
v -1.302372 0.905195 -2.136016
v -1.263140 1.603221 -1.944089
v 1.137632 2.125121 -1.466220
v 1.027476 2.177699 -1.650677
v 1.092510 1.550060 -1.336693
v 0.966212 1.564029 -1.612137
v 1.056011 0.903689 -1.202656
v 0.910112 0.924948 -1.592989
v 0.994085 0.206195 -1.591338
v 1.120267 2.110920 -1.843955
v 1.361646 2.079001 -1.932826
v 1.090122 1.550060 -1.886280
v 1.393902 1.516335 -2.001395
v 1.071256 0.903689 -1.977274
v 1.446029 0.852365 -2.135145
v 1.139590 0.206195 -1.964431
v 1.476087 0.206195 -2.113533
v 1.230341 2.766816 -1.906175
v 1.186485 2.146545 -1.849823
v 1.156291 2.779472 -1.697958
v 1.114086 2.207510 -1.660002
v 1.220146 2.188579 -1.472356
v 1.137632 2.125121 -1.466220
v -1.936726 0.823800 -1.570769
v -1.610801 1.588332 -1.841179
v -1.745818 0.847640 -1.979277
v -1.610801 1.588332 -1.841179
v -1.263140 1.603221 -1.944089
v -1.483058 2.140422 -1.648264
v -1.212268 2.164284 -1.736538
v -1.483058 2.140422 -1.648264
v -1.304327 2.666434 -1.696093
v -1.544563 2.645050 -1.593966
v -1.386301 2.833101 -1.865007
v -1.325105 0.905195 -0.981001
v -0.883101 0.962749 -1.145267
v -0.891700 1.628080 -1.227886
v -0.693926 0.986589 -1.546313
v -0.891700 1.628080 -1.227886
v -0.744175 1.638378 -1.524055
v -0.913714 2.188147 -1.289243
v -0.810905 2.198031 -1.483698
v -1.016018 2.645531 -1.240054
v -0.929185 2.613959 -1.446287
v -0.771043 2.769900 -1.455485
v -1.049149 2.645531 -1.635704
v -0.972156 2.784242 -1.767712
v 1.694434 2.705707 -1.538996
v 1.720376 2.079001 -1.680779
v 1.767313 2.693051 -1.743291
v 1.610215 2.079001 -1.865234
v 1.663047 2.705707 -1.934873
v 1.493924 2.893303 -2.200407
v 1.440974 2.736261 -2.003498
v 1.153206 2.941681 -2.039706
v 1.440974 2.736261 -2.003498
v 1.230341 2.766816 -1.906175
v 1.361646 2.079001 -1.932826
v 1.186485 2.146545 -1.849823
v 1.120267 2.110920 -1.843955
v 1.114086 2.207510 -1.660002
v 1.120267 2.110920 -1.843955
v 1.027476 2.177699 -1.650677
v 1.120267 2.110920 -1.843955
v 0.966212 1.564029 -1.612137
v 1.090122 1.550060 -1.886280
v 0.966212 1.564029 -1.612137
v 1.071256 0.903689 -1.977274
v 0.910112 0.924948 -1.592989
v 1.071256 0.903689 -1.977274
v 0.994085 0.206195 -1.591338
v 1.139590 0.206195 -1.964431
v -1.922467 2.876362 -1.351245
v -1.716898 2.799242 -1.049181
v -1.736235 2.889685 -1.051296
v -1.716898 2.799242 -1.049181
v -1.340017 2.921850 -0.951147
v -1.305106 2.833101 -0.945127
v -0.964418 2.954016 -1.113786
v 1.027476 2.177699 -1.650677
v 1.137632 2.125121 -1.466220
v 1.114086 2.207510 -1.660002
v -1.349472 0.080412 -2.200237
v -1.341509 0.226431 -2.098262
v -0.903613 0.080412 -2.005979
v -0.962701 0.226431 -1.932877
v -0.728100 0.080412 -1.549104
v -1.386301 2.833101 -1.865007
v -0.972156 2.784242 -1.767712
v -1.304327 2.666434 -1.696093
v -1.049149 2.645531 -1.635704
v -1.212268 2.164284 -1.736538
v -0.934372 2.188147 -1.667751
v -1.263140 1.603221 -1.944089
v -0.897895 1.628080 -1.819099
v -1.302372 0.905195 -2.136016
v -0.867173 0.962749 -1.954489
v -0.962701 0.226431 -1.932877
v -0.812007 0.226431 -1.548635
v -0.728100 0.080412 -1.549104
v -0.977702 0.226431 -1.170621
v -0.894348 0.104607 -1.190610
v -1.362727 0.226431 -1.020269
v -1.371727 0.079364 -0.920275
v -1.741538 0.226431 -1.185655
v -1.814519 0.079364 -1.116259
v -1.892234 0.226431 -1.569898
v -1.990556 0.079364 -1.571830
v -1.726536 0.226431 -1.947908
v -1.793508 0.080412 -2.024320
v -1.341509 0.226431 -2.098262
v -1.349472 0.080412 -2.200237
v -0.827531 2.932895 -1.448185
v -0.964418 2.954016 -1.113786
v -0.913558 2.824672 -1.111674
v -1.305106 2.833101 -0.945127
v -1.258102 2.666434 -1.139707
v -1.716898 2.799242 -1.049181
v -1.258102 2.666434 -1.139707
v -1.512324 2.645050 -1.202776
v -1.183823 2.164284 -1.196797
vt 0.956248 0.303796
vt 0.956248 0.082025
vt 0.717292 0.101765
vt 0.997525 2.161337
vt 0.958875 2.157328
vt 1.000000 2.389807
vt 0.958875 2.157328
vt 0.958875 2.388896
vt 0.958875 2.157328
vt 0.751624 2.386101
vt 0.734262 2.140454
vt 0.521058 2.360306
vt 0.509649 2.096932
vt 0.319305 2.299811
vt 0.319305 2.058641
vt 0.319305 2.299811
vt 0.096962 2.132107
vt 0.107298 2.313179
vt 0.060203 2.361118
vt 0.107298 2.313179
vt 0.066981 2.549303
vt 0.111580 2.495726
vt 0.060203 2.757832
vt 0.107298 2.714954
vt 0.043837 3.055123
vt 0.096962 3.122144
vt 0.027471 3.439389
vt 0.936895 1.180490
vt 0.920281 1.165651
vt 0.920281 1.377510
vt 0.920281 1.165651
vt 0.767323 1.406567
vt 0.920281 1.165651
vt 0.806125 1.166570
vt 0.920281 1.165651
vt 0.808785 0.920051
vt 0.920281 0.944921
vt 0.773745 0.628535
vt 0.920281 0.656270
vt 0.721530 0.368545
vt 0.920281 0.375728
vt 0.682728 0.192801
vt 0.920281 0.180591
vt 0.920281 -0.107495
vt 0.920281 0.180591
vt 1.001693 0.176236
vt 0.920281 0.375728
vt 1.001693 0.389405
vt 0.920281 0.656270
vt 0.988234 0.663665
vt 0.920281 0.656270
vt 0.988234 0.942430
vt 0.920281 0.944921
vt 0.988234 0.942430
vt 0.920281 1.165651
vt 0.936895 1.180490
vt 0.997525 3.393942
vt 0.997525 3.158931
vt 0.958875 3.165353
vt 0.997525 2.930881
vt 0.958875 3.165353
vt 0.958875 2.933298
vt 0.958875 3.165353
vt 0.751624 2.936173
vt 0.734262 3.182256
vt 0.521058 2.924213
vt 0.509649 3.220604
vt 0.319305 2.827499
vt 0.319305 3.294001
vt 0.096962 3.122144
vt 0.086626 3.541295
vt 0.027471 3.439389
vt 0.029820 3.733805
vt 0.004644 3.750567
vt 0.027471 3.961846
vt 0.000000 3.986842
vt 0.043837 4.166613
vt 0.015547 4.186393
vt 0.001189 0.006717
vt 0.000362 0.370858
vt 0.057308 0.042372
vt 0.000362 0.370858
vt 0.074034 0.378383
vt -0.000014 0.580894
vt 0.078944 0.571684
vt 0.060194 0.746652
vt 0.121519 0.737719
vt 0.114363 0.904474
vt 0.278096 0.678484
vt 0.286265 0.844843
vt 0.469825 0.698493
vt 0.478335 0.882892
vt 0.717292 0.951347
vt 0.478335 0.882892
vt 0.736995 1.183835
vt 0.486845 1.154395
vt 0.490370 1.375509
vt 0.486845 1.154395
vt 0.460498 1.392302
vt 0.486845 1.154395
vt 0.456038 1.095237
vt 0.478335 0.882892
vt 0.294434 1.067903
vt 0.286265 0.844843
vt 0.294434 1.067903
vt 0.121684 1.083596
vt 0.124716 1.249494
vt 0.073700 1.302572
vt 0.124716 1.249494
vt 0.068899 1.482230
vt 0.121684 1.444274
vt 0.068899 1.482230
vt 0.057308 1.796661
vt 0.068899 1.482230
vt 0.001189 1.761005
vt 0.068899 1.482230
vt -0.000783 1.469625
vt 0.068899 1.482230
vt -0.001020 1.301643
vt 0.073700 1.302572
vt 0.068899 1.136223
vt 0.121684 1.083596
vt 0.997525 3.663528
vt 0.997525 3.393942
vt 0.958875 3.395727
vt 0.958875 3.165353
vt 0.734262 3.182256
vt 1.955677 0.660958
vt 1.955677 0.409134
vt 1.841053 0.455692
vt 0.096962 3.122144
vt 0.319305 2.827499
vt 0.107298 2.714954
vt 0.319305 2.827499
vt 0.319305 2.534199
vt 0.319305 2.827499
vt 0.525783 2.636074
vt 0.521058 2.924213
vt 0.758816 2.661012
vt 0.751624 2.936173
vt 0.758816 2.661012
vt 0.958875 2.933298
vt 0.958875 2.660946
vt 0.997525 2.930881
vt 0.958875 2.660946
vt 0.997525 2.659471
vt 0.958875 2.660946
vt 1.000000 2.389807
vt 0.958875 2.660946
vt 0.958875 2.388896
vt 0.758816 2.661012
vt 0.751624 2.386101
vt 0.525783 2.636074
vt 0.521058 2.360306
vt 0.319305 2.534199
vt 0.319305 2.299811
vt 0.483432 1.623748
vt 0.297818 1.265285
vt 0.294434 1.554143
vt 0.297818 1.265285
vt 0.121684 1.444274
vt 0.297818 1.265285
vt 0.124716 1.249494
vt 0.297818 1.265285
vt 0.294434 1.067903
vt 0.297818 1.265285
vt 0.456038 1.095237
vt 0.297818 1.265285
vt 0.460498 1.392302
vt 0.483432 1.623748
vt 0.490370 1.375509
vt 0.745156 1.403116
vt 0.736995 1.183835
vt 0.956248 1.188288
vt 0.736995 1.183835
vt 0.956248 0.971002
vt 0.717292 0.951347
vt 0.956248 0.750266
vt 0.697589 0.726230
vt 0.956248 0.527253
vt 0.689428 0.527038
vt 0.697589 0.327636
vt 0.466300 0.537915
vt 0.469825 0.373762
vt 0.274713 0.560989
vt 0.278096 0.449087
vt 0.132327 0.596200
vt 0.121519 0.450687
vt 0.980054 1.317996
vt 0.936895 1.180490
vt 0.920281 1.377510
vt 1.001693 0.176236
vt 1.001693 -0.121031
vt 0.920281 -0.107495
vt 1.001693 -0.121031
vt 0.920281 -0.320731
vt 0.985963 -0.355241
vt 0.920281 -0.622490
vt 0.980054 -0.682004
vt 0.767323 -0.593433
vt 0.715108 -0.269610
vt 0.920281 -0.622490
vt 0.715108 -0.269610
vt 0.920281 -0.320731
vt 0.680068 -0.053935
vt 0.920281 -0.107495
vt 0.682728 0.192801
vt 0.898118 1.367138
vt 0.999983 1.375263
vt 0.898118 1.136644
vt 0.999983 1.139750
vt 0.898118 0.903518
vt 0.999983 0.893256
vt 0.898118 0.662070
vt 0.999983 0.643869
vt 0.898118 0.369225
vt 0.999983 0.369671
vt 0.898118 0.369225
vt 0.999983 0.137205
vt 0.898118 0.133994
vt 0.999983 -0.116972
vt 0.898118 -0.119161
vt 0.999983 -0.397161
vt 0.898118 -0.408131
vt 0.999983 -0.624737
vt 0.898118 -0.632862
vt 2.002019 0.912971
vt 2.002019 0.667276
vt 1.955677 0.660958
vt 1.994358 0.407668
vt 1.955677 0.409134
vt 1.994358 0.181602
vt 1.955677 0.172460
vt 1.994358 0.181602
vt 1.955677 -0.063602
vt 1.989702 0.019345
vt 1.955677 -0.063602
vt 1.993600 -0.298276
vt 1.955677 -0.303138
vt 1.994358 -0.544738
vt 1.955677 -0.303138
vt 1.955677 -0.544932
vt 1.841053 -0.346859
vt 1.841053 -0.577566
vt 1.841053 -0.346859
vt 1.719236 -0.614875
vt 1.719236 -0.386183
vt 1.461419 -0.597843
vt 1.719236 -0.386183
vt 1.483840 -0.417242
vt 1.719236 -0.111988
vt 1.498886 -0.189993
vt 1.719236 -0.111988
vt 1.497744 0.165255
vt 1.719236 0.200706
vt 1.481082 0.539590
vt 1.719236 0.526230
vt 1.458661 0.801952
vt 1.719236 0.797926
vt 1.443615 1.022616
vt 1.719236 1.007352
vt 1.444758 1.222049
vt 1.719236 1.191776
vt 1.719236 0.797926
vt 1.719236 1.007352
vt 1.841053 0.739002
vt 1.841053 0.987556
vt 1.955677 0.933117
vt 1.841053 0.987556
vt 1.955677 1.203271
vt 1.841053 1.206959
vt 1.955677 1.455067
vt 1.841053 1.422434
vt 1.841053 0.987556
vt 1.719236 1.007352
vt 1.841053 1.206959
vt 1.719236 1.191776
vt 1.841053 1.422434
vt 1.719236 1.191776
vt 1.719236 1.385125
vt 1.444758 1.222049
vt 1.461419 1.402157
vt 1.994358 1.455262
vt 2.002019 1.195371
vt 1.955677 1.455067
vt 2.002019 1.195371
vt 1.955677 1.203271
vt 2.002019 0.912971
vt 1.955677 0.933117
vt 1.955677 0.660958
vt 1.841053 0.739002
vt 1.841053 0.455692
vt 1.719236 0.797926
vt 1.841053 0.455692
vt 1.719236 0.526230
vt 1.841053 0.455692
vt 1.841053 0.170304
vt 1.955677 0.409134
vt 1.841053 0.170304
vt 1.955677 0.172460
vt 1.841053 0.170304
vt 1.955677 -0.063602
vt 1.841053 -0.096691
vt 1.955677 -0.303138
vt 1.841053 -0.096691
vt 1.841053 -0.346859
vt 1.841053 -0.096691
vt 1.719236 -0.386183
vt 1.841053 -0.096691
vt 1.719236 -0.111988
vt 1.841053 0.170304
vt 1.719236 0.200706
vt 1.719236 0.526230
vt 0.096962 2.132107
vt 0.043837 2.166613
vt 0.060203 2.361118
vt 0.015547 2.186393
vt 0.060203 2.361118
vt 0.031095 2.371320
vt 0.060203 2.361118
vt 0.037535 2.549064
vt 0.066981 2.549303
vt 0.031095 2.742425
vt 0.060203 2.757832
vt 0.015548 3.013189
vt 0.043837 3.055123
vt 0.000000 3.418041
vt 0.027471 3.439389
vt 0.004644 3.750567
vt 0.997525 4.161336
vt 0.997525 3.932470
vt 0.958875 4.157328
vt 0.997525 3.932470
vt 0.958875 3.927427
vt 0.997525 3.663528
vt 0.958875 3.661717
vt 0.958875 3.395727
vt 0.716899 3.419763
vt 0.734262 3.182256
vt 0.498240 3.472543
vt 0.509649 3.220604
vt 0.303704 3.549291
vt 0.319305 3.294001
vt 0.282237 3.524726
vt 0.086626 3.541295
vt 0.082345 3.767787
vt 0.029820 3.733805
vt 0.086626 3.951761
vt 0.027471 3.961846
vt 0.956248 1.188288
vt 0.745156 1.403116
vt 0.956248 1.402977
vt 0.745156 1.403116
vt 0.956248 1.618052
vt 0.736995 1.622707
vt 0.956248 1.836313
vt 0.736995 1.622707
vt 0.717292 1.856054
vt 0.478335 1.893496
vt 0.303704 3.549291
vt 0.285917 3.704314
vt 0.498240 3.472543
vt 0.493514 3.674387
vt 0.716899 3.419763
vt 0.709708 3.661619
vt 0.958875 3.661717
vt 0.308507 3.859385
vt 0.319305 4.058641
vt 0.498240 3.869725
vt 0.509649 4.096931
vt 0.716899 3.903319
vt 0.734262 4.140454
vt 0.958875 3.927427
vt 0.958875 4.157328
vt 0.086626 3.951761
vt 0.296456 3.895523
vt 0.082345 3.767787
vt 0.275832 3.723946
vt 0.282237 3.524726
vt 0.303704 3.549291
vt 0.745156 1.403116
vt 0.483432 1.623748
vt 0.736995 1.622707
vt 0.483432 1.623748
vt 0.478335 1.893496
vt 0.294434 1.554143
vt 0.286265 2.014140
vt 0.294434 1.554143
vt 0.114363 1.912752
vt 0.121684 1.444274
vt 0.057308 1.796661
vt 0.717292 0.951347
vt 0.697589 0.726230
vt 0.469825 0.698493
vt 0.689428 0.527038
vt 0.469825 0.698493
vt 0.466300 0.537915
vt 0.278096 0.678484
vt 0.274713 0.560989
vt 0.121519 0.737719
vt 0.132327 0.596200
vt 0.078944 0.571684
vt 0.121519 0.450687
vt 0.074034 0.378383
vt 0.107298 2.714954
vt 0.319305 2.534199
vt 0.111580 2.495726
vt 0.319305 2.299811
vt 0.107298 2.313179
vt 0.043837 4.166613
vt 0.096962 4.132107
vt 0.027471 3.961846
vt 0.096962 4.132107
vt 0.086626 3.951761
vt 0.319305 4.058641
vt 0.296456 3.895523
vt 0.308507 3.859385
vt 0.275832 3.723946
vt 0.308507 3.859385
vt 0.285917 3.704314
vt 0.308507 3.859385
vt 0.493514 3.674387
vt 0.498240 3.869725
vt 0.493514 3.674387
vt 0.716899 3.903319
vt 0.709708 3.661619
vt 0.716899 3.903319
vt 0.958875 3.661717
vt 0.958875 3.927427
vt -0.001020 1.301643
vt 0.068899 1.136223
vt -0.000783 1.143533
vt 0.068899 1.136223
vt -0.000211 0.958587
vt 0.057308 0.942772
vt 0.000362 0.763517
vt 0.285917 3.704314
vt 0.303704 3.549291
vt 0.275832 3.723946
vt 0.999641 0.079307
vt 0.956248 0.082025
vt 0.999641 0.299510
vt 0.956248 0.303796
vt 0.999641 0.526104
vt 0.057308 0.042372
vt 0.074034 0.378383
vt 0.114363 0.158464
vt 0.121519 0.450687
vt 0.286265 0.259852
vt 0.278096 0.449087
vt 0.478335 0.139207
vt 0.469825 0.373762
vt 0.717292 0.101765
vt 0.697589 0.327636
vt 0.956248 0.303796
vt 0.956248 0.527253
vt 0.999641 0.526104
vt 0.956248 0.750266
vt 0.991358 0.713678
vt 0.956248 0.971002
vt 1.000000 0.972460
vt 0.956248 1.188288
vt 1.000000 1.187506
vt 0.956248 1.402977
vt 1.000000 1.403162
vt 0.956248 1.618052
vt 0.999641 1.621369
vt 0.956248 1.836313
vt 0.999641 1.833596
vt -0.000014 0.580894
vt 0.000362 0.763517
vt 0.060194 0.746652
vt 0.057308 0.942772
vt 0.114363 0.904474
vt 0.068899 1.136223
vt 0.114363 0.904474
vt 0.121684 1.083596
vt 0.286265 0.844843
vn 0.3990 -0.0738 -0.9139
vn 0.3686 0.6240 -0.6890
vn 0.4403 0.7453 0.5006
vn 0.3635 0.5882 -0.7223
vn 0.0511 0.0812 0.9954
vn 0.4204 0.3005 -0.8561
vn 0.9879 -0.0591 0.1430
vn 0.4228 0.0702 -0.9035
vn 0.4100 0.0994 -0.9066
vn 0.3764 0.1521 -0.9138
vn 0.3517 0.1506 -0.9239
vn 0.9250 0.3691 -0.0898
vn 0.2624 0.0014 -0.9649
vn 0.8917 -0.4505 0.0430
vn 0.2313 -0.3414 -0.9110
vn 0.2756 -0.7898 -0.5480
vn 0.3317 -0.8645 -0.3775
vn 0.3626 -0.7590 0.5408
vn 0.4537 -0.8902 -0.0406
vn 0.4534 -0.8907 -0.0320
vn 0.3591 -0.8433 0.3998
vn 0.3219 -0.8338 0.4484
vn -0.0155 -0.7299 0.6834
vn -0.0322 -0.7280 0.6848
vn -0.2913 -0.6262 0.7232
vn -0.4346 0.7379 -0.5163
vn -0.4541 0.7709 0.4467
vn -0.6091 0.3244 -0.7237
vn -0.1666 0.0518 0.9846
vn -0.6306 0.1945 -0.7513
vn -0.1940 0.0591 0.9792
vn -0.8546 0.2035 -0.4778
vn -0.7041 0.1278 0.6985
vn -0.9627 0.1158 0.2444
vn -0.9767 0.1227 0.1761
vn -0.4525 -0.0564 0.8900
vn -0.5897 -0.0347 0.8068
vn 0.3469 -0.1741 0.9215
vn 0.2842 -0.1824 0.9412
vn 0.8066 -0.1915 0.5592
vn 0.6790 -0.1459 0.7194
vn 0.9983 -0.0103 0.0571
vn 0.6549 0.2398 0.7167
vn 0.8265 0.3173 0.4650
vn 0.3227 0.3872 0.8636
vn 0.2763 0.4051 0.8715
vn -0.0268 0.2536 0.9669
vn -0.4360 0.5319 0.7259
vn -0.4621 0.3269 0.8243
vn -0.4022 0.3192 0.8581
vn -0.7831 0.5995 0.1650
vn -0.5380 0.4020 0.7409
vn -0.7765 0.6291 -0.0343
vn -0.7669 0.6412 -0.0266
vn -0.3553 0.6055 0.7121
vn -0.0032 0.6614 0.7500
vn -0.0226 0.4464 0.8946
vn 0.3178 0.6269 0.7113
vn 0.0366 0.0719 0.9967
vn 0.3818 0.3343 0.8616
vn 0.2038 -0.0133 0.9789
vn 0.3894 0.1006 0.9155
vn 0.3789 0.1311 0.9161
vn 0.3564 0.2717 0.8939
vn 0.3466 0.2780 0.8958
vn 0.3440 0.1623 0.9248
vn 0.2850 0.1603 0.9450
vn -0.1996 -0.1132 0.9733
vn -0.4690 -0.4343 0.7690
vn -0.6531 -0.4839 0.5824
vn -0.8883 0.4284 0.1654
vn -0.7942 0.6066 0.0345
vn -0.6871 0.4643 -0.5588
vn -0.6086 0.4089 -0.6800
vn -0.3897 0.2488 -0.8867
vn -0.3914 0.2452 -0.8869
vn 0.2141 0.2497 -0.9443
vn 0.0462 0.0539 0.9975
vn 0.2209 0.2321 -0.9473
vn 0.8614 0.3801 -0.3367
vn 0.6169 0.2610 -0.7425
vn 0.9323 0.3282 -0.1516
vn 0.9914 0.1302 -0.0135
vn 0.6542 -0.5259 0.5435
vn 0.4493 -0.4461 0.7740
vn 0.3381 -0.2575 0.9052
vn 0.3290 0.0374 0.9436
vn 0.3285 0.0351 0.9438
vn 0.3476 0.1216 0.9297
vn 0.2440 0.0809 0.9664
vn -0.2634 0.2047 0.9427
vn -0.1575 0.0826 0.9840
vn -0.5054 0.2049 0.8382
vn -0.4245 0.1311 0.8958
vn -0.7252 0.5918 0.3520
vn -0.0734 0.1270 0.9892
vn -0.4877 0.8444 0.2215
vn -0.2597 0.5379 0.8020
vn -0.4577 0.5879 0.6669
vn -0.4107 0.2218 0.8843
vn -0.1822 0.0649 0.9811
vn -0.2352 0.0445 0.9709
vn -0.2049 -0.0812 0.9754
vn -0.6850 -0.3736 0.6254
vn -0.4814 -0.4783 0.7345
vn -0.4766 -0.8759 -0.0750
vn -0.4247 -0.7584 0.4944
vn -0.3783 -0.6749 0.6335
vn -0.3645 -0.8230 -0.4356
vn -0.0842 -0.2853 0.9547
vn -0.3696 -0.2685 -0.8895
vn -0.0383 0.0037 0.9992
vn -0.4080 0.0436 -0.9119
vn -0.3235 0.0542 0.9446
vn -0.7505 -0.0459 -0.6593
vn -0.7609 -0.1060 0.6402
vn -0.9870 -0.1490 0.0596
vn -0.9415 -0.3137 0.1231
vn -0.5024 -0.7910 0.3489
vn -0.4198 -0.8564 0.3005
vn -0.7866 0.5569 0.2667
vn -0.6257 0.6044 0.4931
vn -0.5818 0.4655 0.6669
vn -0.4392 0.0851 0.8943
vn -0.4402 -0.0493 0.8965
vn -0.1928 0.0972 0.9764
vn 0.4365 0.0273 0.8993
vn 0.0813 0.0051 0.9967
vn 0.5358 0.0122 0.8442
vn 0.3273 -0.0220 0.9446
vn 0.8984 0.0825 0.4313
vn 0.5550 0.1315 0.8214
vn 0.8930 0.2042 0.4010
vn 0.8962 0.2075 0.3920
vn 0.5301 0.1212 0.8392
vn 0.9211 0.0931 0.3778
vn 0.5639 -0.0191 0.8256
vn 0.8795 0.3247 0.3479
vn 0.6108 0.0505 0.7901
vn 0.7491 0.5953 0.2905
vn 0.2870 0.2223 0.9318
vn 0.7896 0.6135 -0.0009
vn 0.3500 0.2727 0.8962
vn 0.7848 0.5542 -0.2773
vn 0.8791 0.0617 0.4725
vn 0.9038 0.2875 -0.3169
vn 0.9387 0.0626 -0.3390
vn 0.9330 0.0788 -0.3510
vn 0.9095 0.1539 -0.3861
vn 0.8987 0.1570 -0.4094
vn 0.8678 0.1340 -0.4785
vn 0.8495 0.1445 -0.5073
vn -0.8978 0.3152 -0.3076
vn -0.5982 0.2100 0.7733
vn -0.9339 0.1387 -0.3295
vn -0.3998 -0.0331 0.9160
vn -0.9213 -0.0881 -0.3788
vn -0.1291 -0.0129 0.9915
vn -0.9668 -0.1188 -0.2263
vn -0.3253 -0.0684 0.9431
vn -0.8973 -0.0637 0.4368
vn -0.2905 0.0133 0.9568
vn -0.8859 0.0537 0.4607
vn -0.4715 0.0602 0.8798
vn -0.9070 0.4202 -0.0264
vn -0.8792 0.3508 -0.3222
vn -0.8682 0.4208 -0.2631
vn -0.9572 0.1041 0.2699
vn -0.6856 0.0361 0.7270
vn -0.5863 -0.0591 0.8079
vn -0.1990 -0.0222 0.9797
vn -0.0258 -0.0653 0.9975
vn 0.0393 -0.0616 0.9973
vn 0.6747 -0.1101 0.7298
vn 0.7089 -0.1195 0.6951
vn 0.9650 -0.1443 0.2190
vn 0.9879 -0.0654 -0.1407
vn 0.9157 -0.0103 -0.4017
vn 0.8843 0.1270 -0.4493
vn 0.8701 0.1428 -0.4716
vn 0.8135 0.2277 -0.5351
vn 0.8076 0.2322 -0.5422
vn 0.8253 0.2526 -0.5049
vn 0.8371 0.2443 -0.4894
vn -0.3929 0.8769 -0.2767
vn 0.9610 0.2721 0.0483
vn 0.6039 0.1710 0.7785
vn 0.8924 0.3392 -0.2977
vn 0.7727 0.4032 0.4902
vn 0.4802 0.5309 -0.6982
vn 0.3430 0.5828 -0.7367
vn 0.0572 0.6329 -0.7721
vn 0.0573 0.6331 -0.7719
vn 0.1027 0.0778 -0.9916
vn 0.0384 0.0291 0.9988
vn 0.0887 0.0964 -0.9914
vn 0.9736 -0.0084 -0.2281
vn 0.4178 0.0552 -0.9068
vn 0.9672 -0.1308 -0.2175
vn 0.8838 -0.0708 -0.4624
vn 0.9805 -0.1779 0.0828
vn -0.4798 0.7014 -0.5270
vn -0.4895 0.6932 -0.5289
vn -0.6500 0.7030 -0.2886
vn -0.6515 0.6976 -0.2980
vn -0.6840 0.6906 0.2346
vn -0.6767 0.6898 0.2572
vn -0.3209 0.7278 0.6060
vn -0.2816 0.7313 0.6211
vn -0.0214 0.4322 0.9015
vn 0.2304 0.7592 0.6086
vn 0.2887 0.4551 0.8423
vn 0.6207 0.7461 0.2411
vn 0.6319 0.7462 0.2094
vn 0.6299 0.7170 -0.2985
vn 0.6107 0.7236 -0.3215
vn 0.2812 0.7313 -0.6214
vn 0.2814 0.7328 -0.6194
vn 0.0472 0.7088 -0.7038
vn 0.0491 0.7066 -0.7059
vn -0.7907 0.4794 0.3806
vn -0.5035 0.5409 0.6737
vn -0.4660 0.5320 0.7069
vn 0.1998 0.5007 0.8422
vn 0.1606 0.4803 0.8623
vn 0.2665 0.2361 0.9344
vn 0.7638 0.4469 0.4657
vn 0.5014 0.3099 0.8078
vn 0.3338 0.3026 0.8927
vn 0.7155 0.6884 0.1190
vn 0.9209 0.3139 0.2312
vn 0.4213 0.6078 -0.6731
vn 0.4823 0.8488 -0.2162
vn 0.1523 0.2960 -0.9429
vn 0.8941 -0.1789 -0.4104
vn 0.2000 0.0422 -0.9789
vn 0.8600 -0.4527 -0.2355
vn 0.2188 -0.0159 -0.9756
vn 0.8551 0.2969 0.4251
vn 0.2375 0.0664 -0.9691
vn 0.4820 0.1481 -0.8635
vn 0.2390 0.0493 -0.9698
vn 0.9476 0.0756 0.3103
vn 0.5315 0.0670 -0.8444
vn 0.8480 0.0677 0.5257
vn 0.9770 0.1098 -0.1827
vn 0.6182 0.0712 0.7828
vn 0.8196 0.1273 0.5585
vn 0.7990 0.1057 0.5919
vn 0.1342 0.1054 0.9853
vn 0.1322 0.0817 0.9878
vn -0.6223 0.1092 0.7751
vn -0.5879 0.1032 0.8023
vn -0.9780 0.1397 0.1550
vn -0.9763 0.1393 0.1657
vn -0.9677 0.1423 -0.2081
vn -0.9638 0.1356 -0.2295
vn -0.8354 -0.0448 0.5477
vn -0.8335 -0.0414 0.5509
vn -0.8314 -0.0571 0.5527
vn -0.6084 -0.0414 0.7925
vn -0.9734 -0.1966 0.1176
vn -0.7762 -0.1903 0.6010
vn -0.8156 -0.2627 -0.5155
vn -0.7974 -0.2448 -0.5515
vn -0.5359 -0.2325 -0.8116
vn -0.5183 -0.2091 -0.8292
vn -0.9742 -0.1056 -0.1997
vn -0.9716 -0.0922 -0.2176
vn -0.8088 -0.0786 -0.5827
vn -0.9411 -0.0815 0.3281
vn -0.5126 -0.0323 -0.8580
vn -0.9195 0.1228 -0.3733
vn -0.4938 0.0461 -0.8683
vn -0.5416 0.0897 -0.8358
vn -0.5592 0.0842 -0.8247
vn -0.5892 0.1505 -0.7938
vn -0.1472 0.0376 0.9884
vn -0.5848 0.1332 -0.8001
vn -0.9756 0.1109 0.1895
vn -0.8372 0.0923 -0.5391
vn -0.9688 0.1510 0.1962
vn -0.9607 0.0861 0.2637
vn -0.6632 0.0306 0.7478
vn -0.3714 0.0582 0.9266
vn -0.1152 0.0528 0.9919
vn -0.2320 0.0673 0.9704
vn -0.0386 0.0090 0.9992
vn -0.0417 0.0923 0.9948
vn 0.3606 0.1310 0.9235
vn 0.2832 0.1036 0.9534
vn 0.5408 0.1906 0.8193
vn 0.1149 0.0350 0.9927
vn 0.8274 0.1793 0.5322
vn 0.6463 0.0980 0.7567
vn 0.9791 0.1055 -0.1740
vn 0.8337 0.0910 0.5445
vn 0.8289 0.0351 -0.5583
vn 0.2676 0.0102 0.9635
vn 0.8279 0.0938 -0.5529
vn 0.2604 0.0468 0.9644
vn 0.8246 0.1519 -0.5450
vn 0.7826 0.1356 0.6075
vn 0.9675 0.1790 -0.1786
vn 0.8920 0.1710 0.4184
vn 0.7741 0.1686 0.6101
vn 0.4842 0.1269 0.8657
vn 0.0860 -0.7900 -0.6070
vn 0.2011 -0.4956 -0.8449
vn 0.1154 -0.4693 0.8755
vn 0.2942 -0.0612 -0.9538
vn 0.2411 -0.0489 0.9692
vn 0.6421 -0.1632 -0.7490
vn 0.8013 -0.2149 0.5583
vn 0.9707 -0.2195 -0.0979
vn 0.9733 -0.2194 -0.0670
vn 0.7791 -0.1030 0.6183
vn 0.7132 -0.0739 0.6970
vn 0.1853 0.1585 0.9698
vn 0.0551 0.2178 0.9744
vn -0.4747 0.4644 0.7477
vn -0.5396 0.4929 0.6825
vn -0.7355 0.5551 0.3885
vn -0.3164 0.6127 -0.7242
vn -0.0976 0.1890 0.9771
vn -0.3168 0.6144 -0.7226
vn -0.6704 0.6999 0.2462
vn -0.5870 0.6194 -0.5213
vn -0.8144 0.5768 -0.0630
vn -0.8957 0.4386 0.0729
vn -0.8709 0.0027 0.4914
vn -0.5101 0.0678 0.8574
vn -0.4050 0.0872 0.9102
vn -0.3453 0.2308 0.9097
vn -0.3203 0.2451 0.9150
vn -0.2239 0.2997 0.9274
vn -0.2424 0.2466 0.9383
vn -0.3400 0.1965 0.9196
vn -0.8387 -0.0759 0.5393
vn -0.8560 -0.4841 0.1809
vn -0.7887 -0.6119 -0.0588
vn -0.7738 -0.5736 -0.2687
vn -0.7784 -0.5600 -0.2836
vn -0.9287 -0.0686 0.3642
vn -0.2949 -0.0218 0.9553
vn -0.9970 -0.0743 -0.0195
vn -0.8458 -0.0528 0.5309
vn -0.6893 -0.0643 -0.7216
vn -0.9667 -0.0669 0.2469
vn -0.3494 -0.0482 -0.9357
vn -0.8805 0.2712 -0.3888
vn -0.3455 0.1316 -0.9291
vn -0.3518 0.2665 -0.8973
vn -0.8192 0.1864 0.5423
vn -0.8488 0.1635 0.5027
vn -0.8923 0.1350 0.4308
vn -0.9055 0.1186 0.4073
vn -0.9325 0.0086 0.3610
vn -0.9367 -0.0034 0.3500
vn -0.9331 -0.1082 0.3429
vn -0.3338 0.0887 -0.9384
vn -0.3369 0.0905 -0.9372
vn -0.3392 0.1152 -0.9336
vn -0.3454 0.1237 -0.9302
vn -0.3756 0.0606 -0.9248
vn -0.3856 0.0367 -0.9219
vn -0.4009 -0.0515 -0.9146
vn -0.4046 -0.0493 -0.9131
vn -0.9409 0.0359 -0.3368
vn -0.9318 0.0420 -0.3605
vn -0.9774 0.0508 -0.2051
vn -0.9784 0.1765 0.1075
vn -0.7439 0.4765 0.4685
vn -0.5450 0.7457 0.3833
vn -0.8856 0.2360 -0.4001
vn -0.3331 0.0888 0.9387
vn -0.8030 0.2475 -0.5421
vn -0.4877 0.5055 -0.7117
vn -0.2886 0.3139 -0.9045
vn -0.6449 0.7635 0.0323
vn -0.3194 0.1931 -0.9277
vn -0.9948 0.0850 0.0566
vn -0.3193 -0.3759 -0.8699
vn -0.3622 -0.2365 -0.9016
vn -0.2039 -0.7445 -0.6356
vn 0.3320 0.1205 0.9355
vn 0.6360 0.1032 0.7648
vn 0.3037 0.0437 0.9518
vn 0.8987 0.0616 0.4342
vn 0.6407 0.0511 0.7661
vn 0.8908 0.0667 0.4493
vn 0.8783 0.1103 0.4653
vn 0.8834 0.1162 0.4540
vn 0.8996 -0.1053 0.4237
vn 0.8997 -0.4245 0.1016
vn 0.6711 -0.7218 -0.1693
vn 0.5864 -0.6852 -0.4320
vn 0.5791 -0.7073 -0.4055
vn 0.9405 -0.0375 0.3378
vn 0.9209 -0.1085 -0.3743
vn 0.9901 -0.0917 -0.1062
vn 0.8559 -0.1190 -0.5032
vn 0.8677 -0.1265 -0.4806
vn -0.3940 -0.6640 -0.6355
vn -0.4107 -0.6921 0.5936
vn -0.3928 -0.6626 -0.6377
vn -0.8387 -0.4828 -0.2518
vn -0.4337 -0.3942 -0.8102
vn -0.4211 0.0104 -0.9069
vn -0.4090 0.3585 -0.8391
vn -0.5114 0.8306 0.2204
vn -0.3578 0.8217 -0.4435
vn -0.0473 0.1177 0.9919
vn -0.7189 0.4736 -0.5088
vn -0.9185 0.0676 0.3896
vn -0.8261 0.0689 0.5592
vn -0.9066 0.0825 -0.4138
vn -0.8394 0.0728 0.5385
vn -0.7828 0.0628 0.6191
vn -0.9224 -0.0172 -0.3858
vn -0.8413 -0.0957 0.5320
vn -0.9244 -0.1011 -0.3676
vn -0.9272 -0.0975 -0.3616
vn -0.8344 -0.1661 0.5254
vn -0.4184 -0.0833 0.9044
vn -0.6041 -0.1107 0.7892
vn -0.1271 -0.0153 0.9918
vn 0.0144 0.0733 0.9972
vn 0.1041 0.1080 0.9887
vn 0.3735 0.2083 0.9039
vn -0.2584 0.8773 0.4044
vn 0.3397 0.5260 -0.7797
vn 0.3397 0.5263 -0.7795
vn 0.6006 0.5386 -0.5909
vn 0.5943 0.5392 -0.5967
vn 0.8154 0.4868 -0.3132
vn 0.0883 -0.6873 -0.7210
vn 0.0976 -0.7033 -0.7041
vn 0.1643 -0.4193 -0.8928
vn 0.1925 -0.3131 -0.9300
vn 0.2166 0.2299 -0.9488
vn 0.2336 0.2166 -0.9479
vn 0.2864 0.2574 -0.9229
vn 0.3075 0.2469 -0.9189
vn 0.3668 0.0767 -0.9271
vn 0.4734 0.0522 -0.8793
vn 0.8434 -0.0351 -0.5361
vn 0.9287 0.3626 -0.0775
vn 0.8638 0.5006 0.0572
vn 0.5673 0.2562 0.7826
vn 0.7045 0.4294 0.5651
vn 0.0467 0.5339 0.8442
vn 0.0093 0.5606 0.8280
vn -0.5946 0.5660 0.5710
vn -0.5970 0.5638 0.5707
vn -0.8303 0.5569 -0.0183
vn -0.8305 0.5567 -0.0175
vn -0.5749 0.5698 -0.5872
vn -0.5665 0.5719 -0.5932
vn -0.3057 0.5544 -0.7741
vn -0.3061 0.5562 -0.7726
vn 0.8746 0.3494 0.3359
vn 0.6664 0.2734 0.6936
vn 0.6766 0.0834 0.7316
vn 0.0994 -0.6819 0.7246
vn 0.0746 -0.4919 0.8675
vn -0.0959 -0.7652 0.6366
vn -0.1171 -0.1848 0.9757
vn -0.1480 -0.5874 0.7956
vn -0.2269 -0.1431 0.9633
usemtl 000000003031F5F8.png
s 1
f 775/775/704 776/776/704 777/777/704
f 778/778/705 779/779/706 780/780/707
f 779/779/706 781/781/708 780/780/707
f 780/780/707 781/781/708 782/782/709
f 781/781/708 783/783/710 782/782/709
f 782/782/709 783/783/710 784/784/711
f 783/783/710 785/785/712 784/784/711
f 784/784/711 785/785/712 786/786/713
f 785/785/712 787/787/714 786/786/713
f 786/786/713 787/787/714 788/788/715
f 787/787/714 789/789/716 788/788/715
f 788/788/715 789/789/716 790/790/717
f 789/789/716 791/791/718 790/790/717
f 790/790/717 791/791/718 792/792/719
f 791/791/718 793/793/720 792/792/719
f 792/792/719 793/793/720 794/794/721
f 793/793/720 795/795/722 794/794/721
f 794/794/721 795/795/722 796/796/723
f 795/795/722 797/797/724 796/796/723
f 796/796/723 797/797/724 798/798/725
f 797/797/724 799/799/726 798/798/725
f 798/798/725 799/799/726 800/800/727
f 799/799/726 801/801/728 800/800/727
f 802/802/729 803/803/730 804/804/731
f 803/803/730 805/805/732 804/804/731
f 804/804/731 805/805/732 806/806/733
f 805/805/732 807/807/734 806/806/733
f 806/806/733 807/807/734 808/808/735
f 807/807/734 809/809/736 808/808/735
f 808/808/735 809/809/736 810/810/737
f 809/809/736 811/811/738 810/810/737
f 810/810/737 811/811/738 812/812/739
f 811/811/738 813/813/740 812/812/739
f 812/812/739 813/813/740 814/814/741
f 813/813/740 815/815/742 814/814/741
f 814/814/741 815/815/742 816/816/743
f 815/815/742 817/817/744 816/816/743
f 816/816/743 817/817/744 818/818/745
f 817/817/744 819/819/746 818/818/745
f 818/818/745 819/819/746 820/820/747
f 819/819/746 821/821/748 820/820/747
f 820/820/747 821/821/748 822/822/749
f 821/821/748 823/823/750 822/822/749
f 822/822/749 823/823/750 824/824/751
f 823/823/750 825/825/752 824/824/751
f 824/824/751 825/825/752 826/826/753
f 825/825/752 827/827/754 826/826/753
f 826/826/753 827/827/754 828/828/755
f 827/827/754 829/829/756 828/828/755
f 828/828/755 829/829/756 830/830/757
f 831/831/758 832/832/759 833/833/760
f 832/832/759 834/834/761 833/833/760
f 833/833/760 834/834/761 835/835/762
f 834/834/761 836/836/763 835/835/762
f 835/835/762 836/836/763 837/837/764
f 836/836/763 838/838/765 837/837/764
f 837/837/764 838/838/765 839/839/766
f 838/838/765 840/840/767 839/839/766
f 839/839/766 840/840/767 841/841/768
f 840/840/767 842/842/769 841/841/768
f 841/841/768 842/842/769 843/843/770
f 842/842/769 844/844/771 843/843/770
f 843/843/770 844/844/771 845/845/772
f 844/844/771 846/846/773 845/845/772
f 845/845/772 846/846/773 847/847/774
f 846/846/773 848/848/775 847/847/774
f 847/847/774 848/848/775 849/849/776
f 848/848/775 850/850/777 849/849/776
f 849/849/776 850/850/777 851/851/778
f 850/850/777 852/852/779 851/851/778
f 853/853/780 854/854/781 855/855/782
f 854/854/781 856/856/783 855/855/782
f 855/855/782 856/856/783 857/857/784
f 856/856/783 858/858/785 857/857/784
f 857/857/784 858/858/785 859/859/786
f 858/858/785 860/860/787 859/859/786
f 859/859/786 860/860/787 861/861/788
f 860/860/787 862/862/789 861/861/788
f 861/861/788 862/862/789 863/863/790
f 862/862/789 864/864/791 863/863/790
f 863/863/790 864/864/791 865/865/792
f 864/864/791 866/866/793 865/865/792
f 865/865/792 866/866/793 867/867/794
f 866/866/793 868/868/795 867/867/794
f 867/867/794 868/868/795 869/869/796
f 868/868/795 870/870/797 869/869/796
f 869/869/796 870/870/797 871/871/798
f 870/870/797 872/872/799 871/871/798
f 871/871/798 872/872/799 873/873/800
f 872/872/799 874/874/801 873/873/800
f 873/873/800 874/874/801 875/875/802
f 874/874/801 876/876/803 875/875/802
f 875/875/802 876/876/803 877/877/804
f 876/876/803 878/878/805 877/877/804
f 877/877/804 878/878/805 879/879/806
f 878/878/805 880/880/807 879/879/806
f 879/879/806 880/880/807 881/881/808
f 880/880/807 882/882/809 881/881/808
f 881/881/808 882/882/809 883/883/810
f 882/882/809 884/884/811 883/883/810
f 883/883/810 884/884/811 885/885/812
f 884/884/811 886/886/813 885/885/812
f 885/885/812 886/886/813 887/887/814
f 886/886/813 888/888/815 887/887/814
f 887/887/814 888/888/815 889/889/816
f 888/888/815 890/890/817 889/889/816
f 889/889/816 890/890/817 891/891/818
f 890/890/817 892/892/819 891/891/818
f 891/891/818 892/892/819 893/893/820
f 892/892/819 894/894/821 893/893/820
f 893/893/820 894/894/821 895/895/822
f 894/894/821 896/896/823 895/895/822
f 897/897/824 898/898/825 899/899/826
f 898/898/825 900/900/827 899/899/826
f 899/899/826 900/900/827 901/901/828
f 902/902/829 903/903/829 904/904/829
f 905/905/830 906/906/831 907/907/832
f 906/906/831 908/908/833 907/907/832
f 907/907/832 908/908/833 909/909/834
f 908/908/833 910/910/835 909/909/834
f 909/909/834 910/910/835 911/911/836
f 910/910/835 912/912/837 911/911/836
f 911/911/836 912/912/837 913/913/838
f 912/912/837 914/914/839 913/913/838
f 913/913/838 914/914/839 915/915/840
f 914/914/839 916/916/841 915/915/840
f 915/915/840 916/916/841 917/917/842
f 916/916/841 918/918/843 917/917/842
f 917/917/842 918/918/843 919/919/844
f 918/918/843 920/920/845 919/919/844
f 919/919/844 920/920/845 921/921/846
f 920/920/845 922/922/847 921/921/846
f 921/921/846 922/922/847 923/923/848
f 922/922/847 924/924/849 923/923/848
f 923/923/848 924/924/849 925/925/850
f 924/924/849 926/926/851 925/925/850
f 925/925/850 926/926/851 927/927/852
f 926/926/851 928/928/853 927/927/852
f 927/927/852 928/928/853 929/929/854
f 928/928/853 930/930/855 929/929/854
f 931/931/856 932/932/857 933/933/858
f 932/932/857 934/934/859 933/933/858
f 933/933/858 934/934/859 935/935/860
f 934/934/859 936/936/861 935/935/860
f 935/935/860 936/936/861 937/937/862
f 936/936/861 938/938/863 937/937/862
f 937/937/862 938/938/863 939/939/864
f 938/938/863 940/940/865 939/939/864
f 939/939/864 940/940/865 941/941/866
f 940/940/865 942/942/867 941/941/866
f 941/941/866 942/942/867 943/943/868
f 942/942/867 944/944/869 943/943/868
f 943/943/868 944/944/869 945/945/870
f 944/944/869 946/946/871 945/945/870
f 945/945/870 946/946/871 947/947/872
f 946/946/871 948/948/873 947/947/872
f 947/947/872 948/948/873 949/949/874
f 948/948/873 950/950/875 949/949/874
f 949/949/874 950/950/875 951/951/876
f 950/950/875 952/952/877 951/951/876
f 951/951/876 952/952/877 953/953/878
f 952/952/877 954/954/879 953/953/878
f 953/953/878 954/954/879 955/955/880
f 954/954/879 956/956/881 955/955/880
f 955/955/880 956/956/881 957/957/882
f 956/956/881 958/958/883 957/957/882
f 957/957/882 958/958/883 959/959/884
f 958/958/883 960/960/885 959/959/884
f 959/959/884 960/960/885 961/961/886
f 960/960/885 962/962/887 961/961/886
f 963/963/888 964/964/888 965/965/888
f 966/966/889 967/967/890 968/968/891
f 967/967/890 969/969/892 968/968/891
f 968/968/891 969/969/892 970/970/893
f 969/969/892 971/971/894 970/970/893
f 970/970/893 971/971/894 972/972/895
f 971/971/894 973/973/896 972/972/895
f 974/974/897 975/975/898 976/976/899
f 975/975/898 977/977/900 976/976/899
f 976/976/899 977/977/900 978/978/901
f 977/977/900 979/979/902 978/978/901
f 978/978/901 979/979/902 980/980/903
f 979/979/902 981/981/904 980/980/903
f 982/982/905 983/983/906 984/984/907
f 983/983/906 985/985/908 984/984/907
f 984/984/907 985/985/908 986/986/909
f 985/985/908 987/987/910 986/986/909
f 986/986/909 987/987/910 988/988/911
f 987/987/910 989/989/912 988/988/911
f 988/988/911 989/989/912 990/990/913
f 989/989/912 991/991/914 990/990/913
f 990/990/913 991/991/914 992/992/915
f 991/991/914 993/993/916 992/992/915
f 992/992/915 993/993/916 994/994/917
f 993/993/916 995/995/918 994/994/917
f 994/994/917 995/995/918 996/996/919
f 995/995/918 997/997/920 996/996/919
f 996/996/919 997/997/920 998/998/921
f 997/997/920 999/999/922 998/998/921
f 998/998/921 999/999/922 1000/1000/923
f 1001/1001/924 1002/1002/925 1003/1003/926
f 1002/1002/925 1004/1004/927 1003/1003/926
f 1003/1003/926 1004/1004/927 1005/1005/928
f 1004/1004/927 1006/1006/929 1005/1005/928
f 1005/1005/928 1006/1006/929 1007/1007/930
f 1006/1006/929 1008/1008/931 1007/1007/930
f 1007/1007/930 1008/1008/931 1009/1009/932
f 1008/1008/931 1010/1010/933 1009/1009/932
f 1009/1009/932 1010/1010/933 1011/1011/934
f 1010/1010/933 1012/1012/935 1011/1011/934
f 1011/1011/934 1012/1012/935 1013/1013/936
f 1012/1012/935 1014/1014/937 1013/1013/936
f 1013/1013/936 1014/1014/937 1015/1015/938
f 1014/1014/937 1016/1016/939 1015/1015/938
f 1015/1015/938 1016/1016/939 1017/1017/940
f 1016/1016/939 1018/1018/941 1017/1017/940
f 1017/1017/940 1018/1018/941 1019/1019/942
f 1018/1018/941 1020/1020/943 1019/1019/942
f 1019/1019/942 1020/1020/943 1021/1021/944
f 1020/1020/943 1022/1022/945 1021/1021/944
f 1021/1021/944 1022/1022/945 1023/1023/946
f 1022/1022/945 1024/1024/947 1023/1023/946
f 1023/1023/946 1024/1024/947 1025/1025/948
f 1024/1024/947 1026/1026/949 1025/1025/948
f 1025/1025/948 1026/1026/949 1027/1027/950
f 1026/1026/949 1028/1028/951 1027/1027/950
f 1027/1027/950 1028/1028/951 1029/1029/952
f 1028/1028/951 1030/1030/953 1029/1029/952
f 1029/1029/952 1030/1030/953 1031/1031/954
f 1030/1030/953 1032/1032/955 1031/1031/954
f 1031/1031/954 1032/1032/955 1033/1033/956
f 1032/1032/955 1034/1034/957 1033/1033/956
f 1033/1033/956 1034/1034/957 1035/1035/958
f 1034/1034/957 1036/1036/959 1035/1035/958
f 1035/1035/958 1036/1036/959 1037/1037/960
f 1038/1038/961 1039/1039/962 1040/1040/963
f 1039/1039/962 1041/1041/964 1040/1040/963
f 1040/1040/963 1041/1041/964 1042/1042/965
f 1041/1041/964 1043/1043/966 1042/1042/965
f 1042/1042/965 1043/1043/966 1044/1044/967
f 1043/1043/966 1045/1045/968 1044/1044/967
f 1044/1044/967 1045/1045/968 1046/1046/969
f 1045/1045/968 1047/1047/970 1046/1046/969
f 1048/1048/971 1049/1049/972 1050/1050/973
f 1049/1049/972 1051/1051/974 1050/1050/973
f 1050/1050/973 1051/1051/974 1052/1052/975
f 1051/1051/974 1053/1053/976 1052/1052/975
f 1052/1052/975 1053/1053/976 1054/1054/977
f 1053/1053/976 1055/1055/978 1054/1054/977
f 1054/1054/977 1055/1055/978 1056/1056/979
f 1057/1057/980 1058/1058/981 1059/1059/982
f 1058/1058/981 1060/1060/983 1059/1059/982
f 1059/1059/982 1060/1060/983 1061/1061/984
f 1060/1060/983 1062/1062/985 1061/1061/984
f 1061/1061/984 1062/1062/985 1063/1063/986
f 1062/1062/985 1064/1064/987 1063/1063/986
f 1063/1063/986 1064/1064/987 1065/1065/988
f 1064/1064/987 1066/1066/989 1065/1065/988
f 1065/1065/988 1066/1066/989 1067/1067/990
f 1066/1066/989 1068/1068/991 1067/1067/990
f 1067/1067/990 1068/1068/991 1069/1069/992
f 1068/1068/991 1070/1070/993 1069/1069/992
f 1069/1069/992 1070/1070/993 1071/1071/994
f 1070/1070/993 1072/1072/995 1071/1071/994
f 1071/1071/994 1072/1072/995 1073/1073/996
f 1072/1072/995 1074/1074/997 1073/1073/996
f 1073/1073/996 1074/1074/997 1075/1075/998
f 1074/1074/997 1076/1076/999 1075/1075/998
f 1075/1075/998 1076/1076/999 1077/1077/1000
f 1076/1076/999 1078/1078/1001 1077/1077/1000
f 1077/1077/1000 1078/1078/1001 1079/1079/1002
f 1078/1078/1001 1080/1080/1003 1079/1079/1002
f 1079/1079/1002 1080/1080/1003 1081/1081/1004
f 1080/1080/1003 1082/1082/1005 1081/1081/1004
f 1081/1081/1004 1082/1082/1005 1083/1083/1006
f 1082/1082/1005 1084/1084/1007 1083/1083/1006
f 1083/1083/1006 1084/1084/1007 1085/1085/1008
f 1084/1084/1007 1086/1086/1009 1085/1085/1008
f 1085/1085/1008 1086/1086/1009 1087/1087/1010
f 1088/1088/1011 1089/1089/1012 1090/1090/1013
f 1089/1089/1012 1091/1091/1014 1090/1090/1013
f 1090/1090/1013 1091/1091/1014 1092/1092/1015
f 1091/1091/1014 1093/1093/1016 1092/1092/1015
f 1092/1092/1015 1093/1093/1016 1094/1094/1017
f 1093/1093/1016 1095/1095/1018 1094/1094/1017
f 1094/1094/1017 1095/1095/1018 1096/1096/1019
f 1095/1095/1018 1097/1097/1020 1096/1096/1019
f 1096/1096/1019 1097/1097/1020 1098/1098/1021
f 1097/1097/1020 1099/1099/1022 1098/1098/1021
f 1098/1098/1021 1099/1099/1022 1100/1100/1023
f 1099/1099/1022 1101/1101/1024 1100/1100/1023
f 1100/1100/1023 1101/1101/1024 1102/1102/1025
f 1101/1101/1024 1103/1103/1026 1102/1102/1025
f 1104/1104/1027 1105/1105/1028 1106/1106/1029
f 1105/1105/1028 1107/1107/1030 1106/1106/1029
f 1106/1106/1029 1107/1107/1030 1108/1108/1031
f 1107/1107/1030 1109/1109/1032 1108/1108/1031
f 1108/1108/1031 1109/1109/1032 1110/1110/1033
f 1109/1109/1032 1111/1111/1034 1110/1110/1033
f 1110/1110/1033 1111/1111/1034 1112/1112/1035
f 1111/1111/1034 1113/1113/1036 1112/1112/1035
f 1112/1112/1035 1113/1113/1036 1114/1114/1037
f 1113/1113/1036 1115/1115/1038 1114/1114/1037
f 1114/1114/1037 1115/1115/1038 1116/1116/1039
f 1115/1115/1038 1117/1117/1040 1116/1116/1039
f 1116/1116/1039 1117/1117/1040 1118/1118/1041
f 1117/1117/1040 1119/1119/1042 1118/1118/1041
f 1118/1118/1041 1119/1119/1042 1120/1120/1043
f 1119/1119/1042 1121/1121/1044 1120/1120/1043
f 1120/1120/1043 1121/1121/1044 1122/1122/1045
f 1121/1121/1044 1123/1123/1046 1122/1122/1045
f 1124/1124/1047 1125/1125/1048 1126/1126/1049
f 1125/1125/1048 1127/1127/1050 1126/1126/1049
f 1126/1126/1049 1127/1127/1050 1128/1128/1051
f 1127/1127/1050 1129/1129/1052 1128/1128/1051
f 1128/1128/1051 1129/1129/1052 1130/1130/1053
f 1129/1129/1052 1131/1131/1054 1130/1130/1053
f 1130/1130/1053 1131/1131/1054 1132/1132/1055
f 1131/1131/1054 1133/1133/1056 1132/1132/1055
f 1134/1134/1057 1135/1135/1058 1136/1136/1059
f 1135/1135/1058 1137/1137/1060 1136/1136/1059
f 1136/1136/1059 1137/1137/1060 1138/1138/1061
f 1137/1137/1060 1139/1139/1062 1138/1138/1061
f 1138/1138/1061 1139/1139/1062 1140/1140/1063
f 1141/1141/1064 1142/1142/1065 1143/1143/1066
f 1142/1142/1065 1144/1144/1067 1143/1143/1066
f 1143/1143/1066 1144/1144/1067 1145/1145/1068
f 1144/1144/1067 1146/1146/1069 1145/1145/1068
f 1145/1145/1068 1146/1146/1069 1147/1147/1070
f 1146/1146/1069 1148/1148/1071 1147/1147/1070
f 1149/1149/1072 1150/1150/1073 1151/1151/1074
f 1150/1150/1073 1152/1152/1075 1151/1151/1074
f 1151/1151/1074 1152/1152/1075 1153/1153/1076
f 1152/1152/1075 1154/1154/1077 1153/1153/1076
f 1155/1155/1078 1156/1156/1079 1157/1157/1080
f 1156/1156/1079 1158/1158/1081 1157/1157/1080
f 1157/1157/1080 1158/1158/1081 1159/1159/1082
f 1158/1158/1081 1160/1160/1083 1159/1159/1082
f 1159/1159/1082 1160/1160/1083 1161/1161/1084
f 1160/1160/1083 1162/1162/1085 1161/1161/1084
f 1161/1161/1084 1162/1162/1085 1163/1163/1086
f 1162/1162/1085 1164/1164/1087 1163/1163/1086
f 1163/1163/1086 1164/1164/1087 1165/1165/1088
f 1166/1166/1089 1167/1167/1090 1168/1168/1091
f 1167/1167/1090 1169/1169/1092 1168/1168/1091
f 1168/1168/1091 1169/1169/1092 1170/1170/1093
f 1169/1169/1092 1171/1171/1094 1170/1170/1093
f 1170/1170/1093 1171/1171/1094 1172/1172/1095
f 1171/1171/1094 1173/1173/1096 1172/1172/1095
f 1172/1172/1095 1173/1173/1096 1174/1174/1097
f 1173/1173/1096 1175/1175/1098 1174/1174/1097
f 1174/1174/1097 1175/1175/1098 1176/1176/1099
f 1175/1175/1098 1177/1177/1100 1176/1176/1099
f 1176/1176/1099 1177/1177/1100 1178/1178/1101
f 1179/1179/1102 1180/1180/1103 1181/1181/1104
f 1180/1180/1103 1182/1182/1105 1181/1181/1104
f 1181/1181/1104 1182/1182/1105 1183/1183/1106
f 1184/1184/1107 1185/1185/1108 1186/1186/1109
f 1185/1185/1108 1187/1187/1110 1186/1186/1109
f 1186/1186/1109 1187/1187/1110 1188/1188/1111
f 1187/1187/1110 1189/1189/1112 1188/1188/1111
f 1188/1188/1111 1189/1189/1112 1190/1190/1113
f 1189/1189/1112 1191/1191/1114 1190/1190/1113
f 1190/1190/1113 1191/1191/1114 1192/1192/1115
f 1191/1191/1114 1193/1193/1116 1192/1192/1115
f 1192/1192/1115 1193/1193/1116 1194/1194/1117
f 1193/1193/1116 1195/1195/1118 1194/1194/1117
f 1194/1194/1117 1195/1195/1118 1196/1196/1119
f 1195/1195/1118 1197/1197/1120 1196/1196/1119
f 1196/1196/1119 1197/1197/1120 1198/1198/1121
f 1197/1197/1120 1199/1199/1122 1198/1198/1121
f 1198/1198/1121 1199/1199/1122 1200/1200/1123
f 1199/1199/1122 1201/1201/1124 1200/1200/1123
f 1200/1200/1123 1201/1201/1124 1202/1202/1125
f 1201/1201/1124 1203/1203/1126 1202/1202/1125
f 1204/1204/1127 1205/1205/1128 1206/1206/1129
f 1205/1205/1128 1207/1207/1130 1206/1206/1129
f 1206/1206/1129 1207/1207/1130 1208/1208/1131
f 1207/1207/1130 1209/1209/1132 1208/1208/1131
f 1208/1208/1131 1209/1209/1132 1210/1210/1133
f 1211/1211/1134 1212/1212/1134 1213/1213/1134
f 1214/1214/1135 1215/1215/1136 1216/1216/1137
f 1215/1215/1136 1217/1217/1138 1216/1216/1137
f 1216/1216/1137 1217/1217/1138 1218/1218/1139
f 1219/1219/1140 1220/1220/1141 1221/1221/1142
f 1220/1220/1141 1222/1222/1143 1221/1221/1142
f 1221/1221/1142 1222/1222/1143 1223/1223/1144
f 1222/1222/1143 1224/1224/1145 1223/1223/1144
f 1223/1223/1144 1224/1224/1145 1225/1225/1146
f 1224/1224/1145 1226/1226/1147 1225/1225/1146
f 1225/1225/1146 1226/1226/1147 1227/1227/1148
f 1226/1226/1147 1228/1228/1149 1227/1227/1148
f 1227/1227/1148 1228/1228/1149 1229/1229/1150
f 1228/1228/1149 1230/1230/1151 1229/1229/1150
f 1229/1229/1150 1230/1230/1151 1231/1231/1152
f 1230/1230/1151 1232/1232/1153 1231/1231/1152
f 1231/1231/1152 1232/1232/1153 1233/1233/1154
f 1232/1232/1153 1234/1234/1155 1233/1233/1154
f 1233/1233/1154 1234/1234/1155 1235/1235/1156
f 1234/1234/1155 1236/1236/1157 1235/1235/1156
f 1235/1235/1156 1236/1236/1157 1237/1237/1158
f 1236/1236/1157 1238/1238/1159 1237/1237/1158
f 1237/1237/1158 1238/1238/1159 1239/1239/1160
f 1238/1238/1159 1240/1240/1161 1239/1239/1160
f 1239/1239/1160 1240/1240/1161 1241/1241/1162
f 1240/1240/1161 1242/1242/1163 1241/1241/1162
f 1241/1241/1162 1242/1242/1163 1243/1243/1164
f 1244/1244/1165 1245/1245/1166 1246/1246/1167
f 1245/1245/1166 1247/1247/1168 1246/1246/1167
f 1246/1246/1167 1247/1247/1168 1248/1248/1169
f 1247/1247/1168 1249/1249/1170 1248/1248/1169
f 1248/1248/1169 1249/1249/1170 1250/1250/1171
f 1249/1249/1170 1251/1251/1172 1250/1250/1171
f 1250/1250/1171 1251/1251/1172 1252/1252/1173
o mesh_98
v 2.147285 0.618148 0.703495
v 1.936902 0.555459 0.437402
v 1.950067 0.643060 0.616566
v 1.482130 3.742948 -1.368432
v 1.936404 3.685371 -1.280525
v 1.505760 3.776505 -1.770297
v 1.936404 3.685371 -1.280525
v 1.835317 3.769274 -1.803656
v 2.273583 3.639743 -1.472910
v 1.835317 3.769274 -1.803656
v 2.379321 3.620842 -1.858320
v 1.835317 3.769274 -1.803656
v 2.193157 3.639743 -2.214711
v 1.835317 3.769274 -1.803656
v 1.820452 3.685372 -2.335359
v 1.505760 3.776505 -1.770297
v 1.393085 3.742948 -2.158264
v -1.906931 1.932571 0.297447
v -1.962556 1.937250 0.566474
v -1.777598 1.935539 0.326648
v -1.962556 1.937250 0.566474
v -1.821602 1.935772 0.598290
v -1.829101 1.875623 0.795186
v -1.821602 1.935772 0.598290
v -1.582938 1.783791 0.850740
v -1.821602 1.935772 0.598290
v -1.530993 1.827541 0.663887
v -1.821602 1.935772 0.598290
v -1.482543 1.825914 0.393268
v -1.777598 1.935539 0.326648
v -1.446206 1.772496 0.201870
v -1.777598 1.935539 0.326648
v -1.693791 1.864328 0.145957
v -1.906931 1.932571 0.297447
v 1.420368 0.450556 1.265809
v 1.852044 0.543970 1.317619
v 1.899852 0.637141 1.122373
v 2.110287 0.613388 1.131245
v 1.899852 0.637141 1.122373
v 2.147285 0.618148 0.703495
v 1.899852 0.637141 1.122373
v 1.950067 0.643060 0.616566
v 1.899852 0.637141 1.122373
v 1.450683 0.468694 0.589863
v 1.899852 0.637141 1.122373
v 1.407686 0.425605 1.016045
v 1.420368 0.450556 1.265809
v 1.407686 0.425605 1.016045
v 1.216737 0.387868 0.897279
v 1.407686 0.425605 1.016045
v 1.247414 0.392627 0.576889
v 1.450683 0.468694 0.589863
v 1.498892 0.462046 0.384698
v 1.950067 0.643060 0.616566
v 1.936902 0.555459 0.437402
v -1.185549 3.794340 -1.781866
v -1.707147 3.753037 -1.861621
v -1.239994 3.828587 -1.377602
v -1.707147 3.753037 -1.861621
v -1.620097 3.833614 -1.336418
v -2.097711 3.721104 -1.662076
v -1.620097 3.833614 -1.336418
v -2.224475 3.707876 -1.271671
v -1.620097 3.833614 -1.336418
v -2.013077 3.721104 -0.917311
v -1.620097 3.833614 -1.336418
v -1.585226 3.753039 -0.805576
v -1.239994 3.828587 -1.377602
v -1.092523 3.794340 -0.995154
v -0.344922 0.188395 1.559725
v -0.356057 0.188395 1.838037
v -0.180520 0.203127 1.850241
v -0.169263 0.188395 2.047248
v -0.180520 0.203127 1.850241
v 0.160604 0.188395 2.064796
v 0.182697 0.203127 1.869916
v 0.363145 0.188395 1.880403
v 0.182697 0.203127 1.869916
v 0.319715 0.188395 1.602091
v 0.182697 0.203127 1.869916
v 0.134326 0.203127 1.591288
v 0.182697 0.203127 1.869916
v -0.160099 0.203127 1.572521
v -0.180520 0.203127 1.850241
v -0.160099 0.203127 1.572521
v -0.344922 0.188395 1.559725
v -0.160099 0.203127 1.572521
v -0.142381 0.188395 1.375343
v -0.160099 0.203127 1.572521
v 0.109829 0.188395 1.392886
v 0.134326 0.203127 1.591288
v 0.319715 0.188395 1.602091
v -1.582938 1.783791 0.850740
v -1.367269 1.715548 0.700845
v -1.530993 1.827541 0.663887
v -1.310215 1.710869 0.432180
v -1.482543 1.825914 0.393268
v -1.446206 1.772496 0.201870
vt 1.011998 0.658280
vt 0.776919 0.943507
vt 0.809997 0.751460
vt 0.090287 0.083336
vt 0.550905 0.000000
vt 0.114248 0.464311
vt 0.550905 0.000000
vt 0.448407 0.495938
vt 0.892790 0.182385
vt 0.448407 0.495938
vt 1.000000 0.547762
vt 0.448407 0.495938
vt 0.811241 0.885623
vt 0.448407 0.495938
vt 0.433336 1.000000
vt 0.114248 0.464311
vt 0.000000 0.832110
vt 0.265357 0.218435
vt 0.547892 0.192501
vt 0.282227 0.339558
vt 0.547892 0.192501
vt 0.566141 0.325667
vt 0.767791 0.352802
vt 0.566141 0.325667
vt 0.797217 0.607200
vt 0.566141 0.325667
vt 0.600900 0.625958
vt 0.566141 0.325667
vt 0.317546 0.644386
vt 0.282227 0.339558
vt 0.115503 0.672112
vt 0.282227 0.339558
vt 0.085852 0.416367
vt 0.265357 0.218435
vt 0.210509 0.055536
vt 0.685131 0.000000
vt 0.755870 0.209286
vt 0.972030 0.199775
vt 0.755870 0.209286
vt 1.011998 0.658280
vt 0.755870 0.209286
vt 0.809997 0.751460
vt 0.755870 0.209286
vt 0.264064 0.780084
vt 0.755870 0.209286
vt 0.217622 0.268372
vt 0.210509 0.055536
vt 0.217622 0.268372
vt -0.017465 0.450563
vt 0.217622 0.268372
vt 0.015851 0.793990
vt 0.264064 0.780084
vt 0.295643 1.000000
vt 0.809997 0.751460
vt 0.776919 0.943507
vt 0.916879 0.924477
vt 0.455324 1.000000
vt 0.873231 0.541666
vt 0.455324 1.000000
vt 0.541011 0.502670
vt 0.109602 0.811041
vt 0.541011 0.502670
vt -0.002945 0.441359
vt 0.541011 0.502670
vt 0.183707 0.105804
vt 0.541011 0.502670
vt 0.562077 0.000000
vt 0.873231 0.541666
vt 0.998330 0.179516
vt 0.015482 0.732561
vt 0.000000 0.328889
vt 0.244072 0.311188
vt 0.259725 0.025453
vt 0.244072 0.311188
vt 0.718381 0.000000
vt 0.749099 0.282652
vt 1.000000 0.267441
vt 0.749099 0.282652
vt 0.939613 0.671112
vt 0.749099 0.282652
vt 0.681843 0.686780
vt 0.749099 0.282652
vt 0.272466 0.714001
vt 0.244072 0.311188
vt 0.272466 0.714001
vt 0.015482 0.732561
vt 0.272466 0.714001
vt 0.297101 1.000000
vt 0.272466 0.714001
vt 0.647781 0.974548
vt 0.681843 0.686780
vt 0.939613 0.671112
vt 0.797217 0.607200
vt 0.619093 0.807623
vt 0.600900 0.625958
vt 0.336783 0.834905
vt 0.317546 0.644386
vt 0.115503 0.672112
vn 0.2996 0.8482 -0.4367
vn 0.1082 0.9901 0.0890
vn 0.0403 0.3684 0.9287
vn 0.0690 0.9899 0.1235
vn 0.1075 0.6937 0.7122
vn 0.0677 0.7741 0.6294
vn 0.2334 0.9698 0.0707
vn 0.0592 0.2150 0.9748
vn 0.2605 0.9651 -0.0279
vn 0.0587 0.2223 0.9732
vn 0.2140 0.9695 -0.1192
vn 0.0511 0.8889 0.4552
vn 0.1125 0.9829 -0.1453
vn 0.0425 0.9898 -0.1359
vn 0.0873 0.9900 -0.1110
vn -0.0182 0.9996 -0.0211
vn -0.0050 0.2786 0.9604
vn -0.0095 0.9998 -0.0145
vn -0.0131 0.7300 0.6832
vn -0.0214 0.8369 0.5470
vn 0.2018 0.9345 0.2932
vn 0.0604 0.2005 0.9778
vn 0.2757 0.9162 0.2908
vn 0.0454 0.1511 0.9875
vn 0.3082 0.9347 0.1769
vn 0.2364 0.6587 0.7142
vn 0.3605 0.9305 -0.0647
vn 0.2787 0.7460 0.6048
vn 0.3781 0.9077 -0.1819
vn 0.1496 0.9299 0.3360
vn 0.3133 0.9241 -0.2188
vn 0.0560 0.9375 -0.3435
vn -0.2387 0.8978 0.3700
vn -0.1493 0.9061 0.3958
vn -0.0248 0.6626 0.7485
vn 0.1042 0.9820 0.1575
vn 0.0359 0.3205 0.9466
vn 0.1143 0.9932 0.0225
vn 0.0158 0.1365 0.9905
vn -0.1314 0.9913 -0.0014
vn -0.0844 0.2426 0.9664
vn -0.3684 0.9295 0.0169
vn -0.2278 0.5304 0.8166
vn -0.3477 0.8103 0.4717
vn -0.3226 0.9433 -0.0779
vn -0.0824 0.5889 0.8039
vn -0.1811 0.9832 -0.0213
vn -0.1516 0.5619 0.8132
vn -0.3197 0.9475 -0.0048
vn -0.3408 0.9385 -0.0545
vn -0.3035 0.9397 -0.1575
vn -0.1965 0.9209 -0.3366
vn -0.1392 0.8936 -0.4267
vn -0.0645 0.9936 -0.0928
vn -0.0255 0.3926 0.9193
vn -0.0336 0.9919 -0.1224
vn -0.0822 0.8111 0.5790
vn -0.0450 0.8889 0.4559
vn -0.1793 0.9808 -0.0759
vn -0.0448 0.2115 0.9763
vn -0.2013 0.9792 0.0226
vn -0.0414 0.2080 0.9772
vn -0.1587 0.9807 0.1144
vn -0.0147 0.7762 0.6302
vn -0.0614 0.9880 0.1414
vn -0.0064 0.9919 0.1271
vn -0.0427 0.9935 0.1054
vn -0.0834 0.9965 -0.0033
vn -0.0852 0.9961 0.0237
vn -0.0734 0.8401 0.5374
vn -0.0283 0.9967 0.0763
vn -0.0026 0.6548 0.7557
vn 0.0206 0.9968 0.0776
vn 0.0325 0.8631 0.5039
vn 0.0800 0.9965 0.0231
vn 0.0284 0.3449 0.9382
vn 0.0807 0.9966 -0.0135
vn 0.0161 0.2014 0.9794
vn 0.0341 0.9994 -0.0059
vn 0.0000 0.6503 0.7596
vn 0.0000 0.7093 0.7049
vn -0.0218 0.9998 -0.0016
vn -0.0353 0.4458 0.8944
vn -0.0766 0.9962 -0.0397
vn -0.0343 0.4631 0.8856
vn -0.0200 0.9969 -0.0763
vn 0.0036 0.7268 0.6868
vn 0.0266 0.9966 -0.0771
vn 0.0489 0.9956 -0.0800
vn 0.0838 0.9929 -0.0840
vn 0.4830 0.8132 0.3247
vn 0.5276 0.8304 0.1791
vn 0.5177 0.8299 0.2081
vn 0.5542 0.8321 0.0221
vn 0.5569 0.8305 -0.0109
vn 0.5697 0.8132 -0.1188
usemtl 000000003031E638.png
s 1
f 1253/1253/1174 1254/1254/1174 1255/1255/1174
f 1256/1256/1175 1257/1257/1176 1258/1258/1177
f 1257/1257/1176 1259/1259/1178 1258/1258/1177
f 1258/1258/1177 1259/1259/1178 1260/1260/1179
f 1259/1259/1178 1261/1261/1180 1260/1260/1179
f 1260/1260/1179 1261/1261/1180 1262/1262/1181
f 1261/1261/1180 1263/1263/1182 1262/1262/1181
f 1262/1262/1181 1263/1263/1182 1264/1264/1183
f 1263/1263/1182 1265/1265/1184 1264/1264/1183
f 1264/1264/1183 1265/1265/1184 1266/1266/1185
f 1265/1265/1184 1267/1267/1186 1266/1266/1185
f 1266/1266/1185 1267/1267/1186 1268/1268/1187
f 1267/1267/1186 1269/1269/1188 1268/1268/1187
f 1270/1270/1189 1271/1271/1190 1272/1272/1191
f 1271/1271/1190 1273/1273/1192 1272/1272/1191
f 1272/1272/1191 1273/1273/1192 1274/1274/1193
f 1273/1273/1192 1275/1275/1194 1274/1274/1193
f 1274/1274/1193 1275/1275/1194 1276/1276/1195
f 1275/1275/1194 1277/1277/1196 1276/1276/1195
f 1276/1276/1195 1277/1277/1196 1278/1278/1197
f 1277/1277/1196 1279/1279/1198 1278/1278/1197
f 1278/1278/1197 1279/1279/1198 1280/1280/1199
f 1279/1279/1198 1281/1281/1200 1280/1280/1199
f 1280/1280/1199 1281/1281/1200 1282/1282/1201
f 1281/1281/1200 1283/1283/1202 1282/1282/1201
f 1282/1282/1201 1283/1283/1202 1284/1284/1203
f 1283/1283/1202 1285/1285/1204 1284/1284/1203
f 1284/1284/1203 1285/1285/1204 1286/1286/1205
f 1287/1287/1206 1288/1288/1207 1289/1289/1208
f 1288/1288/1207 1290/1290/1209 1289/1289/1208
f 1289/1289/1208 1290/1290/1209 1291/1291/1210
f 1290/1290/1209 1292/1292/1211 1291/1291/1210
f 1291/1291/1210 1292/1292/1211 1293/1293/1212
f 1292/1292/1211 1294/1294/1213 1293/1293/1212
f 1293/1293/1212 1294/1294/1213 1295/1295/1214
f 1294/1294/1213 1296/1296/1215 1295/1295/1214
f 1295/1295/1214 1296/1296/1215 1297/1297/1216
f 1296/1296/1215 1298/1298/1217 1297/1297/1216
f 1297/1297/1216 1298/1298/1217 1299/1299/1218
f 1298/1298/1217 1300/1300/1219 1299/1299/1218
f 1299/1299/1218 1300/1300/1219 1301/1301/1220
f 1300/1300/1219 1302/1302/1221 1301/1301/1220
f 1301/1301/1220 1302/1302/1221 1303/1303/1222
f 1302/1302/1221 1304/1304/1223 1303/1303/1222
f 1303/1303/1222 1304/1304/1223 1305/1305/1224
f 1304/1304/1223 1306/1306/1225 1305/1305/1224
f 1305/1305/1224 1306/1306/1225 1307/1307/1226
f 1308/1308/1227 1309/1309/1228 1310/1310/1229
f 1309/1309/1228 1311/1311/1230 1310/1310/1229
f 1310/1310/1229 1311/1311/1230 1312/1312/1231
f 1311/1311/1230 1313/1313/1232 1312/1312/1231
f 1312/1312/1231 1313/1313/1232 1314/1314/1233
f 1313/1313/1232 1315/1315/1234 1314/1314/1233
f 1314/1314/1233 1315/1315/1234 1316/1316/1235
f 1315/1315/1234 1317/1317/1236 1316/1316/1235
f 1316/1316/1235 1317/1317/1236 1318/1318/1237
f 1317/1317/1236 1319/1319/1238 1318/1318/1237
f 1318/1318/1237 1319/1319/1238 1320/1320/1239
f 1319/1319/1238 1321/1321/1240 1320/1320/1239
f 1322/1322/1241 1323/1323/1242 1324/1324/1243
f 1323/1323/1242 1325/1325/1244 1324/1324/1243
f 1324/1324/1243 1325/1325/1244 1326/1326/1245
f 1325/1325/1244 1327/1327/1246 1326/1326/1245
f 1326/1326/1245 1327/1327/1246 1328/1328/1247
f 1327/1327/1246 1329/1329/1248 1328/1328/1247
f 1328/1328/1247 1329/1329/1248 1330/1330/1249
f 1329/1329/1248 1331/1331/1250 1330/1330/1249
f 1330/1330/1249 1331/1331/1250 1332/1332/1251
f 1331/1331/1250 1333/1333/1252 1332/1332/1251
f 1332/1332/1251 1333/1333/1252 1334/1334/1253
f 1333/1333/1252 1335/1335/1254 1334/1334/1253
f 1334/1334/1253 1335/1335/1254 1336/1336/1255
f 1335/1335/1254 1337/1337/1256 1336/1336/1255
f 1336/1336/1255 1337/1337/1256 1338/1338/1257
f 1337/1337/1256 1339/1339/1258 1338/1338/1257
f 1338/1338/1257 1339/1339/1258 1340/1340/1259
f 1339/1339/1258 1341/1341/1260 1340/1340/1259
f 1340/1340/1259 1341/1341/1260 1342/1342/1261
f 1341/1341/1260 1343/1343/1262 1342/1342/1261
f 1342/1342/1261 1343/1343/1262 1344/1344/1263
f 1345/1345/1264 1346/1346/1265 1347/1347/1266
f 1346/1346/1265 1348/1348/1267 1347/1347/1266
f 1347/1347/1266 1348/1348/1267 1349/1349/1268
f 1348/1348/1267 1350/1350/1269 1349/1349/1268
